Time,OnCollider,CollisionCount
89.04,0,0
89.04,0,0
89.15,0,0
89.26,0,0
89.36,0,0
89.47,0,0
89.58,0,0
89.68,0,0
89.79,0,0
89.90,0,0
90.00,0,0
90.11,0,0
90.21,0,0
90.32,0,0
90.43,0,0
90.54,0,0
90.64,0,0
90.75,0,0
90.85,0,0
90.95,0,0
91.06,0,0
91.16,0,0
91.27,0,0
91.38,0,0
91.49,0,0
91.60,0,0
91.72,0,0
91.83,0,0
91.93,0,0
92.04,0,0
92.15,0,0
92.26,0,0
92.37,0,0
92.48,0,0
92.59,0,0
92.70,0,0
92.80,0,0
92.90,0,0
93.02,0,0
93.12,0,0
93.23,0,0
93.33,0,0
93.44,0,0
93.54,0,0
93.64,0,0
93.75,0,0
93.86,0,0
93.96,0,0
94.07,0,0
94.17,0,0
94.28,0,0
94.38,0,0
94.48,0,0
94.58,0,0
94.69,0,0
94.79,0,0
94.90,0,0
95.00,0,0
95.10,0,0
95.21,0,0
95.32,0,0
95.43,0,0
95.53,0,0
95.63,0,0
95.74,0,0
95.85,0,0
95.96,0,0
96.06,0,0
96.17,0,0
96.27,0,0
96.38,0,0
96.48,0,0
96.58,0,0
96.69,0,0
96.79,0,0
96.90,0,0
97.00,0,0
97.11,0,0
97.22,0,0
97.32,0,0
97.43,0,0
97.54,0,0
97.64,0,0
97.75,0,0
97.87,0,0
97.97,0,0
98.08,0,0
98.19,0,0
98.29,0,0
98.40,0,0
98.50,0,0
98.60,0,0
98.71,0,0
98.82,0,0
98.93,0,0
99.03,0,0
99.15,0,0
99.26,0,0
99.37,0,0
99.48,0,0
99.60,0,0
99.71,0,0
99.82,0,0
99.93,0,0
100.05,0,0
100.16,0,0
100.26,0,0
100.37,0,0
100.48,0,0
100.59,0,0
100.70,0,0
100.81,0,0
100.91,0,0
101.02,0,0
101.13,0,0
101.24,0,0
101.35,0,0
101.46,0,0
101.58,0,0
101.70,0,0
101.82,0,0
101.92,0,0
102.02,0,0
102.14,0,0
102.24,0,0
102.34,0,0
102.45,0,0
102.56,0,0
102.67,0,0
102.79,0,0
102.90,0,0
103.02,0,0
103.13,0,0
103.24,0,0
103.35,0,0
103.46,0,0
103.57,0,0
103.68,0,0
103.80,0,0
103.90,0,0
104.02,0,0
104.12,0,0
104.23,0,0
104.34,0,0
104.46,0,0
104.58,0,0
104.70,0,0
104.81,0,0
104.92,0,0
105.03,0,0
105.13,0,0
105.23,0,0
105.34,0,0
105.47,0,0
105.58,0,0
105.69,0,0
105.79,0,0
105.89,0,0
106.00,0,0
106.10,0,0
106.21,0,0
106.33,0,0
106.43,0,0
106.55,0,0
106.66,0,0
106.77,0,0
106.88,0,0
106.98,0,0
107.08,0,0
107.19,0,0
107.31,0,0
107.41,0,0
107.52,0,0
107.63,0,0
107.74,0,0
107.84,0,0
107.96,0,0
108.06,0,0
108.18,0,0
108.29,0,0
108.40,0,0
108.51,0,0
108.61,0,0
108.72,0,0
108.83,0,0
108.94,0,0
109.04,0,0
109.14,0,0
109.27,0,0
109.38,0,0
109.49,0,0
109.60,0,0
109.72,0,0
109.82,0,0
109.94,0,0
110.05,0,0
110.16,0,0
110.26,0,0
110.37,0,0
110.48,0,0
110.58,0,0
110.69,0,0
110.80,0,0
110.91,0,0
111.02,0,0
111.12,0,0
111.23,0,0
111.34,0,0
111.45,0,0
111.56,0,0
111.67,0,0
111.79,0,0
111.89,0,0
112.00,0,0
112.11,0,0
112.22,0,0
112.34,0,0
112.45,0,0
112.56,0,0
112.66,0,0
112.77,0,0
112.87,0,0
112.97,0,0
113.08,0,0
113.18,0,0
113.29,0,0
113.41,0,0
113.52,0,0
113.63,0,0
113.74,0,0
113.84,0,0
113.95,0,0
114.05,0,0
114.16,0,0
114.27,0,0
114.37,0,0
114.47,0,0
114.59,0,0
114.69,0,0
114.80,0,0
114.91,0,0
115.01,0,0
115.12,0,0
115.23,0,0
115.34,0,0
115.45,0,0
115.55,0,0
115.67,0,0
115.77,0,0
115.88,0,0
116.00,0,0
116.11,0,0
116.21,0,0
116.32,0,0
116.44,0,0
116.55,0,0
116.65,0,0
116.76,0,0
116.87,0,0
116.98,0,0
117.09,0,0
117.19,0,0
117.30,0,0
117.41,0,0
117.52,0,0
117.63,0,0
117.75,0,0
117.85,0,0
117.97,0,0
118.09,0,0
118.20,0,0
118.31,0,0
118.42,0,0
118.52,0,0
118.62,0,0
118.72,0,0
118.84,0,0
118.95,0,0
119.06,0,0
119.16,0,0
119.28,0,0
119.39,0,0
119.50,0,0
119.61,0,0
119.72,0,0
119.83,0,0
119.94,0,0
120.05,0,0
120.15,0,0
120.27,0,0
120.37,0,0
120.48,0,0
120.59,0,0
120.69,0,0
120.80,0,0
120.91,0,0
121.01,0,0
121.12,0,0
121.22,0,0
121.32,0,0
121.44,0,0
121.54,0,0
121.66,0,0
121.76,0,0
121.86,0,0
121.96,0,0
122.08,0,0
122.19,0,0
122.30,0,0
122.41,0,0
122.51,0,0
122.61,0,0
122.72,0,0
122.84,0,0
122.94,0,0
123.05,0,0
123.15,0,0
123.27,0,0
123.37,0,0
123.49,0,0
123.60,0,0
123.71,0,0
123.82,0,0
123.92,0,0
124.03,0,0
124.13,0,0
124.24,0,0
124.35,0,0
124.45,0,0
124.55,0,0
124.66,0,0
124.78,0,0
124.88,0,0
124.99,0,0
125.10,0,0
125.22,0,0
125.35,0,0
125.45,0,0
125.56,0,0
125.68,0,0
125.78,0,0
125.90,0,0
126.01,0,0
126.13,0,0
126.24,0,0
126.36,0,0
126.47,0,0
126.57,0,0
126.68,0,0
126.78,0,0
126.89,0,0
126.99,0,0
127.10,0,0
127.21,0,0
127.31,0,0
127.42,0,0
127.53,0,0
127.64,0,0
127.74,0,0
127.85,0,0
127.96,0,0
128.07,0,0
128.17,0,0
128.28,0,0
128.41,0,0
128.53,0,0
128.64,0,0
128.76,0,0
128.86,0,0
128.97,0,0
129.09,0,0
129.21,0,0
129.31,0,0
129.42,0,0
129.53,0,0
129.64,0,0
129.75,0,0
129.86,0,0
129.97,0,0
130.08,0,0
130.18,0,0
130.29,0,0
130.40,0,0
130.51,0,0
130.61,0,0
130.72,0,0
130.83,0,0
130.94,0,0
131.05,0,0
131.16,0,0
131.27,0,0
131.38,0,0
131.48,0,0
131.58,0,0
131.69,0,0
131.80,0,0
131.90,0,0
132.02,0,0
132.13,0,0
132.23,0,0
132.34,0,0
132.46,0,0
132.56,0,0
132.67,0,0
132.77,0,0
132.89,0,0
133.00,0,0
133.11,0,0
133.22,0,0
133.32,0,0
133.43,0,0
133.54,0,0
133.64,0,0
133.75,0,0
133.85,0,0
133.95,0,0
134.07,0,0
134.17,0,0
134.28,0,0
134.38,0,0
134.49,0,0
134.60,0,0
134.71,0,0
134.82,0,0
134.92,0,0
135.03,0,0
135.13,0,0
135.25,0,0
135.36,0,0
135.47,0,0
135.57,0,0
135.68,0,0
135.79,0,0
135.90,0,0
136.01,0,0
136.12,0,0
136.22,0,0
136.33,0,0
136.44,0,0
136.55,0,0
136.66,0,0
136.77,0,0
136.88,0,0
136.98,0,0
137.09,0,0
137.21,0,0
137.31,0,0
137.42,0,0
137.52,0,0
137.63,0,0
137.74,0,0
137.85,0,0
137.96,0,0
138.07,0,0
138.18,0,0
138.29,0,0
138.40,0,0
138.50,0,0
138.61,0,0
138.72,0,0
138.83,0,0
138.94,0,0
139.05,0,0
139.15,0,0
139.26,0,0
139.37,0,0
139.48,0,0
139.58,0,0
139.69,0,0
139.79,0,0
139.90,0,0
140.01,0,0
140.11,0,0
140.22,0,0
140.33,0,0
140.44,0,0
140.55,0,0
140.66,0,0
140.77,0,0
140.88,0,0
140.99,0,0
141.09,0,0
141.20,0,0
141.31,0,0
141.42,0,0
141.53,0,0
141.63,0,0
141.74,0,0
141.85,0,0
141.95,0,0
142.06,0,0
142.17,0,0
142.27,0,0
142.38,0,0
142.49,0,0
142.59,0,0
142.71,0,0
142.82,0,0
142.92,0,0
143.03,0,0
143.14,0,0
143.24,0,0
143.35,0,0
143.47,0,0
143.57,0,0
143.69,0,0
143.79,0,0
143.90,0,0
144.01,0,0
144.12,0,0
144.23,0,0
144.34,0,0
144.44,0,0
144.55,0,0
144.66,0,0
144.77,0,0
144.88,0,0
144.99,0,0
145.09,0,0
145.20,0,0
145.31,0,0
145.42,0,0
145.53,0,0
145.63,0,0
145.75,0,0
145.85,0,0
145.96,0,0
146.08,0,0
146.20,0,0
146.30,0,0
146.42,0,0
146.52,0,0
146.62,0,0
146.73,0,0
146.83,0,0
146.94,0,0
147.05,0,0
147.15,0,0
147.26,0,0
147.37,0,0
147.49,0,0
147.59,0,0
147.71,0,0
147.82,0,0
147.93,0,0
148.04,0,0
148.14,0,0
148.25,0,0
148.35,0,0
148.47,0,0
148.58,0,0
148.69,0,0
148.79,0,0
148.90,0,0
149.01,0,0
149.11,0,0
149.22,0,0
149.33,0,0
149.44,0,0
149.55,0,0
149.65,0,0
149.76,0,0
149.87,0,0
149.98,0,0
150.09,0,0
150.20,0,0
150.31,0,0
150.42,0,0
150.53,0,0
150.63,0,0
150.74,0,0
150.85,0,0
150.97,0,0
151.07,0,0
151.20,0,0
151.31,0,0
151.42,0,0
151.53,0,0
151.63,0,0
151.74,0,0
151.84,0,0
151.96,0,0
152.07,0,0
152.17,0,0
152.28,0,0
152.39,0,0
152.49,0,0
152.61,0,0
152.71,0,0
152.82,0,0
152.94,0,0
153.05,0,0
153.16,0,0
153.27,0,0
153.38,0,0
153.48,0,0
153.58,0,0
153.69,0,0
153.80,0,0
153.90,0,0
154.01,0,0
154.12,0,0
154.23,0,0
154.34,0,0
154.45,0,0
154.56,0,0
154.67,0,0
154.78,0,0
154.89,0,0
154.99,0,0
155.10,0,0
155.21,0,0
155.32,0,0
155.43,0,0
155.53,0,0
155.64,0,0
155.75,0,0
155.86,0,0
155.96,0,0
156.07,0,0
156.18,0,0
156.29,0,0
156.40,0,0
156.51,0,0
156.61,0,0
156.72,0,0
156.83,0,0
156.93,0,0
157.04,0,0
157.15,0,0
157.26,0,0
157.37,0,0
157.48,0,0
157.59,0,0
157.70,0,0
157.81,0,0
157.92,0,0
158.03,0,0
158.14,0,0
158.25,0,0
158.36,0,0
158.47,0,0
158.58,0,0
158.69,0,0
158.79,0,0
158.91,0,0
159.01,0,0
159.12,0,0
159.23,0,0
159.34,0,0
159.45,0,0
159.56,0,0
159.67,0,0
159.77,0,0
159.88,0,0
159.99,0,0
160.10,0,0
160.21,0,0
160.31,0,0
160.42,0,0
160.53,0,0
160.63,0,0
160.74,0,0
160.85,0,0
160.95,0,0
161.06,0,0
161.16,0,0
161.27,0,0
161.38,0,0
161.50,0,0
161.60,0,0
161.71,0,0
161.82,0,0
161.92,0,0
162.02,0,0
162.13,0,0
162.24,0,0
162.34,0,0
162.45,0,0
162.56,0,0
162.67,0,0
162.77,0,0
162.88,0,0
162.99,0,0
163.10,0,0
163.20,0,0
163.31,0,0
163.42,0,0
163.53,0,0
163.63,0,0
163.74,0,0
163.84,0,0
163.94,0,0
164.05,0,0
164.16,0,0
164.26,0,0
164.37,0,0
164.47,0,0
164.59,0,0
164.69,0,0
164.80,0,0
164.91,0,0
165.01,0,0
165.11,0,0
165.22,0,0
165.33,0,0
165.44,0,0
165.54,0,0
165.65,0,0
165.75,0,0
165.86,0,0
165.97,0,0
166.07,0,0
166.17,0,0
166.28,0,0
166.39,0,0
166.50,0,0
166.61,0,0
166.71,0,0
166.82,0,0
166.92,0,0
167.03,0,0
167.14,0,0
167.24,0,0
167.35,0,0
167.46,0,0
167.56,0,0
167.67,0,0
167.77,0,0
167.88,0,0
167.99,0,0
168.09,0,0
168.19,0,0
168.30,0,0
168.41,0,0
168.52,0,0
168.62,0,0
168.73,0,0
168.83,0,0
168.94,0,0
169.05,0,0
169.15,0,0
169.25,0,0
169.36,0,0
169.46,0,0
169.57,0,0
169.67,0,0
169.78,0,0
169.89,0,0
170.00,0,0
170.10,0,0
170.21,0,0
170.31,0,0
170.42,0,0
170.53,0,0
170.64,0,0
170.74,0,0
170.85,0,0
170.96,0,0
171.07,0,0
171.18,0,0
171.29,0,0
171.39,0,0
171.49,0,0
171.60,0,0
171.71,0,0
171.81,0,0
171.92,0,0
172.02,0,0
172.13,0,0
172.24,0,0
172.34,0,0
172.45,0,0
172.56,0,0
172.67,0,0
172.77,0,0
172.88,0,0
172.98,0,0
173.10,0,0
173.20,0,0
173.31,0,0
173.42,0,0
173.53,0,0
173.64,0,0
173.74,0,0
173.85,0,0
173.95,0,0
174.06,0,0
174.16,0,0
174.27,0,0
174.37,0,0
174.48,0,0
174.58,0,0
174.69,0,0
174.80,0,0
174.91,0,0
175.02,0,0
175.12,0,0
175.23,0,0
175.33,0,0
175.44,0,0
175.54,0,0
175.65,0,0
175.76,0,0
175.87,0,0
175.97,0,0
176.08,0,0
176.18,0,0
176.29,0,0
176.39,0,0
176.50,0,0
176.61,0,0
176.72,0,0
176.82,0,0
176.93,0,0
177.04,0,0
177.15,0,0
177.25,0,0
177.36,0,0
177.48,0,0
177.58,0,0
177.69,0,0
177.79,0,0
177.90,0,0
178.01,0,0
178.12,0,0
178.22,0,0
178.33,0,0
178.44,0,0
178.55,0,0
178.66,0,0
178.76,0,0
178.87,0,0
178.97,0,0
179.08,0,0
179.18,0,0
179.29,0,0
179.39,0,0
179.50,0,0
179.60,0,0
179.71,0,0
179.82,0,0
179.92,0,0
180.02,0,0
180.13,0,0
180.23,0,0
180.34,0,0
180.44,0,0
180.55,0,0
180.67,0,0
180.77,0,0
180.89,0,0
180.99,0,0
181.11,0,0
181.21,0,0
181.31,0,0
181.42,0,0
181.53,0,0
181.63,0,0
181.73,0,0
181.84,0,0
181.94,0,0
182.05,0,0
182.16,0,0
182.27,0,0
182.37,0,0
182.47,0,0
182.57,0,0
182.68,0,0
182.79,0,0
182.89,0,0
183.00,0,0
183.10,0,0
183.21,0,0
183.32,0,0
183.43,0,0
183.53,0,0
183.64,0,0
183.75,0,0
183.86,0,0
183.97,0,0
184.07,0,0
184.18,0,0
184.29,0,0
184.40,0,0
184.50,0,0
184.62,0,0
184.73,0,0
184.84,0,0
184.95,0,0
185.06,0,0
185.16,0,0
185.27,0,0
185.38,0,0
185.49,0,0
185.60,0,0
185.70,0,0
185.81,0,0
185.92,0,0
186.03,0,0
186.13,0,0
186.24,0,0
186.35,0,0
186.45,0,0
186.56,0,0
186.66,0,0
186.77,0,0
186.87,0,0
186.98,0,0
187.09,0,0
187.19,0,0
187.29,0,0
187.40,0,0
187.51,0,0
187.61,0,0
187.72,0,0
187.83,0,0
187.94,0,0
188.05,0,0
188.16,0,0
188.26,0,0
188.37,0,0
188.48,0,0
188.58,0,0
188.69,0,0
188.79,0,0
188.90,0,0
189.01,0,0
189.11,0,0
189.22,0,0
189.33,0,0
189.44,0,0
189.54,0,0
189.65,0,0
189.75,0,0
189.86,0,0
189.96,0,0
190.08,0,0
190.18,0,0
190.29,0,0
190.39,0,0
190.49,0,0
190.60,0,0
190.71,0,0
190.81,0,0
190.92,0,0
191.03,0,0
191.14,0,0
191.25,0,0
191.35,0,0
191.46,0,0
191.56,0,0
191.67,0,0
191.78,0,0
191.88,0,0
191.99,0,0
192.10,0,0
192.21,0,0
192.31,0,0
192.42,0,0
192.52,0,0
192.63,0,0
192.74,0,0
192.85,0,0
192.95,0,0
193.06,0,0
193.17,0,0
193.28,0,0
193.38,0,0
193.49,0,0
193.61,0,0
193.71,0,0
193.82,0,0
193.93,0,0
194.03,0,0
194.14,0,0
194.24,0,0
194.35,0,0
194.46,0,0
194.56,0,0
194.67,0,0
194.78,0,0
194.89,0,0
194.99,0,0
195.10,0,0
195.21,0,0
195.31,0,0
195.42,0,0
195.53,0,0
195.63,0,0
195.74,0,0
195.85,0,0
195.95,0,0
196.06,0,0
196.17,0,0
196.28,0,0
196.38,0,0
196.49,0,0
196.59,0,0
196.70,0,0
196.81,0,0
196.92,0,0
197.03,0,0
197.13,0,0
197.24,0,0
197.34,0,0
197.45,0,0
197.56,0,0
197.66,0,0
197.77,0,0
197.88,0,0
197.98,0,0
198.09,0,0
198.20,0,0
198.30,0,0
198.41,0,0
198.51,0,0
198.62,0,0
198.73,0,0
198.83,0,0
198.94,0,0
199.05,0,0
199.15,0,0
199.26,0,0
199.36,0,0
199.47,0,0
199.57,0,0
199.68,0,0
199.79,0,0
199.90,0,0
200.00,0,0
200.11,0,0
200.22,0,0
200.32,0,0
200.43,0,0
200.53,0,0
200.64,0,0
200.75,0,0
200.85,0,0
200.96,0,0
201.06,0,0
201.17,0,0
201.28,0,0
201.40,0,0
201.51,0,0
201.62,0,0
201.72,0,0
201.83,0,0
201.95,0,0
202.09,0,0
202.19,0,0
202.30,0,0
202.40,0,0
202.51,0,0
202.62,0,0
202.72,0,0
202.83,0,0
202.93,0,0
203.05,0,0
203.16,0,0
203.27,0,0
203.38,0,0
203.49,0,0
203.60,0,0
203.70,0,0
203.80,0,0
203.92,0,0
204.02,0,0
204.13,0,0
204.23,0,0
204.35,0,0
204.45,0,0
204.56,0,0
204.66,0,0
204.77,0,0
204.88,0,0
204.98,0,0
205.09,0,0
205.20,0,0
205.30,0,0
205.41,0,0
205.52,0,0
205.62,0,0
205.73,0,0
205.84,0,0
205.94,0,0
206.05,0,0
206.16,0,0
206.27,0,0
206.38,0,0
206.49,0,0
206.59,0,0
206.70,0,0
206.81,0,0
206.92,0,0
207.02,0,0
207.13,0,0
207.24,0,0
207.34,0,0
207.45,0,0
207.56,0,0
207.66,0,0
207.76,0,0
207.87,0,0
207.97,0,0
208.09,0,0
208.19,0,0
208.29,0,0
208.40,0,0
208.51,0,0
208.62,0,0
208.73,0,0
208.84,0,0
208.94,0,0
209.05,0,0
209.16,0,0
209.26,0,0
209.37,0,0
209.48,0,0
209.59,0,0
209.70,0,0
209.81,0,0
209.92,0,0
210.02,0,0
210.13,0,0
210.24,0,0
210.34,0,0
210.45,0,0
210.55,0,0
210.66,0,0
210.77,0,0
210.87,0,0
210.98,0,0
211.08,0,0
211.19,0,0
211.30,0,0
211.40,0,0
211.50,0,0
211.61,0,0
211.71,0,0
211.82,0,0
211.93,0,0
212.03,0,0
212.14,0,0
212.24,0,0
212.35,0,0
212.46,0,0
212.57,0,0
212.67,0,0
212.78,0,0
212.89,0,0
213.00,0,0
213.10,0,0
213.21,0,0
213.32,0,0
213.43,0,0
213.53,0,0
213.64,0,0
213.74,0,0
213.85,0,0
213.95,0,0
214.07,0,0
214.17,0,0
214.27,0,0
214.38,0,0
214.48,0,0
214.59,0,0
214.70,0,0
214.80,0,0
214.91,0,0
215.01,0,0
215.12,0,0
215.23,0,0
215.33,0,0
215.44,0,0
215.54,0,0
215.65,0,0
215.75,0,0
215.86,0,0
215.97,0,0
216.08,0,0
216.18,0,0
216.29,0,0
216.39,0,0
216.50,0,0
216.61,0,0
216.72,0,0
216.82,0,0
216.94,0,0
217.04,0,0
217.16,0,0
217.26,0,0
217.37,0,0
217.49,0,0
217.59,0,0
217.69,0,0
217.80,0,0
217.91,0,0
218.02,0,0
218.12,0,0
218.23,0,0
218.34,0,0
218.44,0,0
218.55,0,0
218.65,0,0
218.76,0,0
218.86,0,0
218.97,0,0
219.08,0,0
219.19,0,0
219.29,0,0
219.39,0,0
219.50,0,0
219.61,0,0
219.72,0,0
219.82,0,0
219.93,0,0
220.04,0,0
220.14,0,0
220.25,0,0
220.36,0,0
220.46,0,0
220.57,0,0
220.67,0,0
220.78,0,0
220.89,0,0
220.99,0,0
221.10,0,0
221.21,0,0
221.33,0,0
221.43,0,0
221.54,0,0
221.65,0,0
221.76,0,0
221.86,0,0
221.97,0,0
222.07,0,0
222.18,0,0
222.29,0,0
222.40,0,0
222.51,0,0
222.61,0,0
222.72,0,0
222.83,0,0
222.93,0,0
223.03,0,0
223.14,0,0
223.24,0,0
223.36,0,0
223.47,0,0
223.58,0,0
223.69,0,0
223.79,0,0
223.90,0,0
224.01,0,0
224.12,0,0
224.23,0,0
224.34,0,0
224.45,0,0
224.56,0,0
224.66,0,0
224.77,0,0
224.88,0,0
224.98,0,0
225.09,0,0
225.19,0,0
225.30,0,0
225.41,0,0
225.51,0,0
225.62,0,0
225.72,0,0
225.83,0,0
225.94,0,0
226.04,0,0
226.15,0,0
226.26,0,0
226.37,0,0
226.48,0,0
226.58,0,0
226.69,0,0
226.79,0,0
226.91,0,0
227.01,0,0
227.12,0,0
227.22,0,0
227.33,0,0
227.44,0,0
227.55,0,0
227.66,0,0
227.77,0,0
227.88,0,0
227.98,0,0
228.09,0,0
228.19,0,0
228.29,0,0
228.40,0,0
228.51,0,0
228.61,0,0
228.72,0,0
228.82,0,0
228.93,0,0
229.03,0,0
229.14,0,0
229.25,0,0
229.35,0,0
229.46,0,0
229.58,0,0
229.68,0,0
229.79,0,0
229.90,0,0
230.00,0,0
230.10,0,0
230.21,0,0
230.32,0,0
230.43,0,0
230.53,0,0
230.63,0,0
230.74,0,0
230.84,0,0
230.95,0,0
231.05,0,0
231.16,0,0
231.27,0,0
231.38,0,0
231.49,0,0
231.60,0,0
231.71,0,0
231.82,0,0
231.93,0,0
232.04,0,0
232.15,0,0
232.25,0,0
232.35,0,0
232.46,0,0
232.57,0,0
232.68,0,0
232.78,0,0
232.89,0,0
233.00,0,0
233.11,0,0
233.21,0,0
233.32,0,0
233.43,0,0
233.53,0,0
233.64,0,0
233.75,0,0
233.86,0,0
233.96,0,0
234.07,0,0
234.17,0,0
234.28,0,0
234.39,0,0
234.49,0,0
234.60,0,0
234.71,0,0
234.81,0,0
234.91,0,0
235.02,0,0
235.13,0,0
235.23,0,0
235.34,0,0
235.45,0,0
235.55,0,0
235.66,0,0
235.76,0,0
235.86,0,0
235.97,0,0
236.07,0,0
236.18,0,0
236.29,0,0
236.39,0,0
236.50,0,0
236.61,0,0
236.71,0,0
236.82,0,0
236.92,0,0
237.03,0,0
237.14,0,0
237.24,0,0
237.35,0,0
237.46,0,0
237.56,0,0
237.67,0,0
237.78,0,0
237.88,0,0
237.99,0,0
238.10,0,0
238.21,0,0
238.31,0,0
238.42,0,0
238.53,0,0
238.64,0,0
238.75,0,0
238.85,0,0
238.96,0,0
239.07,0,0
239.17,0,0
239.28,0,0
239.39,0,0
239.50,0,0
239.61,0,0
239.71,0,0
239.82,0,0
239.93,0,0
240.04,0,0
240.15,0,0
240.25,0,0
240.36,0,0
240.46,0,0
240.57,0,0
240.68,0,0
240.79,0,0
240.89,0,0
240.99,0,0
241.11,0,0
241.22,0,0
241.33,0,0
241.43,0,0
241.55,0,0
241.66,0,0
241.76,0,0
241.87,0,0
241.98,0,0
242.08,0,0
242.19,0,0
242.29,0,0
242.41,0,0
242.52,0,0
242.62,0,0
242.73,0,0
242.83,0,0
242.94,0,0
243.05,0,0
243.15,0,0
243.26,0,0
243.37,0,0
243.48,0,0
243.59,0,0
243.69,0,0
243.80,0,0
243.90,0,0
244.01,0,0
244.11,0,0
244.22,0,0
244.33,0,0
244.43,0,0
244.55,0,0
244.66,0,0
244.77,0,0
244.88,0,0
244.98,0,0
245.09,0,0
245.20,0,0
245.31,0,0
245.41,0,0
245.52,0,0
245.62,0,0
245.73,0,0
245.83,0,0
245.94,0,0
246.04,0,0
246.15,0,0
246.26,0,0
246.37,0,0
246.47,0,0
246.58,0,0
246.69,0,0
246.80,0,0
246.91,0,0
247.01,0,0
247.12,0,0
247.23,0,0
247.34,0,0
247.45,0,0
247.55,0,0
247.65,0,0
247.76,0,0
247.87,0,0
247.97,0,0
248.08,0,0
248.18,0,0
248.28,0,0
248.39,0,0
248.49,0,0
248.59,0,0
248.70,0,0
248.81,0,0
248.91,0,0
249.01,0,0
249.11,0,0
249.22,0,0
249.32,0,0
249.43,0,0
249.53,0,0
249.63,0,0
249.73,0,0
249.84,0,0
249.94,0,0
250.04,0,0
250.14,0,0
250.25,0,0
250.36,0,0
250.46,0,0
250.56,0,0
250.67,0,0
250.77,0,0
250.87,0,0
250.98,0,0
251.08,0,0
251.18,0,0
251.28,0,0
251.39,0,0
251.50,0,0
251.61,0,0
251.72,0,0
251.82,0,0
251.93,0,0
252.03,0,0
252.14,0,0
252.26,0,0
252.37,0,0
252.48,0,0
252.58,0,0
252.69,0,0
252.79,0,0
252.89,0,0
252.99,0,0
253.11,0,0
253.21,0,0
253.31,0,0
253.42,0,0
253.52,0,0
253.63,0,0
253.74,0,0
253.85,0,0
253.96,0,0
254.07,0,0
254.18,0,0
254.28,0,0
254.38,0,0
254.48,0,0
254.59,0,0
254.70,0,0
254.80,0,0
254.91,0,0
255.01,0,0
255.11,0,0
255.21,0,0
255.32,0,0
255.43,0,0
255.53,0,0
255.63,0,0
255.74,0,0
255.85,0,0
255.96,0,0
256.06,0,0
256.17,0,0
256.27,0,0
256.37,0,0
256.48,0,0
256.59,0,0
256.69,0,0
256.79,0,0
256.89,0,0
257.00,0,0
257.10,0,0
257.20,0,0
257.31,0,0
257.42,0,0
257.53,0,0
257.64,0,0
257.74,0,0
257.86,0,0
257.96,0,0
258.07,0,0
258.18,0,0
258.29,0,0
258.40,0,0
258.51,0,0
258.61,0,0
258.72,0,0
258.83,0,0
258.94,0,0
259.05,0,0
259.16,0,0
259.27,0,0
259.38,0,0
259.48,0,0
259.59,0,0
259.69,0,0
259.80,0,0
259.91,0,0
260.02,0,0
260.13,0,0
260.24,0,0
260.34,0,0
260.45,0,0
260.56,0,0
260.66,0,0
260.77,0,0
260.88,0,0
260.98,0,0
261.10,0,0
261.21,0,0
261.32,0,0
261.42,0,0
261.53,0,0
261.64,0,0
261.74,0,0
261.86,0,0
261.96,0,0
262.07,0,0
262.18,0,0
262.28,0,0
262.38,0,0
262.49,0,0
262.60,0,0
262.70,0,0
262.80,0,0
262.91,0,0
263.03,0,0
263.13,0,0
263.24,0,0
263.34,0,0
263.45,0,0
263.56,0,0
263.67,0,0
263.78,0,0
263.90,0,0
264.01,0,0
264.12,0,0
264.23,0,0
264.34,0,0
264.44,0,0
264.55,0,0
264.66,0,0
264.77,0,0
264.88,0,0
264.99,0,0
265.10,0,0
265.21,0,0
265.31,0,0
265.42,0,0
265.53,0,0
265.63,0,0
265.74,0,0
265.85,0,0
265.95,0,0
266.06,0,0
266.17,0,0
266.28,0,0
266.39,0,0
266.50,0,0
266.60,0,0
266.70,0,0
266.81,0,0
266.92,0,0
267.04,0,0
267.14,0,0
267.24,0,0
267.35,0,0
267.46,0,0
267.56,0,0
267.68,0,0
267.79,0,0
267.90,0,0
268.00,0,0
268.11,0,0
268.22,0,0
268.32,0,0
268.43,0,0
268.53,0,0
268.64,0,0
268.74,0,0
268.85,0,0
268.96,0,0
269.07,0,0
269.18,0,0
269.29,0,0
269.40,0,0
269.51,0,0
269.62,0,0
269.72,0,0
269.82,0,0
269.93,0,0
270.03,0,0
270.14,0,0
270.24,0,0
270.35,0,0
270.46,0,0
270.57,0,0
270.68,0,0
270.79,0,0
270.89,0,0
271.00,0,0
271.10,0,0
271.21,0,0
271.31,0,0
271.42,0,0
271.53,0,0
271.64,0,0
271.75,0,0
271.85,0,0
271.96,0,0
272.07,0,0
272.17,0,0
272.28,0,0
272.39,0,0
272.50,0,0
272.60,0,0
272.71,0,0
272.81,0,0
272.92,0,0
273.02,0,0
273.13,0,0
273.23,0,0
273.34,0,0
273.44,0,0
273.55,0,0
273.66,0,0
273.76,0,0
273.87,0,0
273.98,0,0
274.08,0,0
274.19,0,0
274.30,0,0
274.40,0,0
274.51,0,0
274.62,0,0
274.73,0,0
274.83,0,0
274.94,0,0
275.04,0,0
275.15,0,0
275.25,0,0
275.35,0,0
275.46,0,0
275.56,0,0
275.67,0,0
275.78,0,0
275.88,0,0
275.99,0,0
276.10,0,0
276.20,0,0
276.31,0,0
276.41,0,0
276.51,0,0
276.62,0,0
276.72,0,0
276.83,0,0
276.93,0,0
277.04,0,0
277.14,0,0
277.24,0,0
277.35,0,0
277.46,0,0
277.56,0,0
277.66,0,0
277.77,0,0
277.87,0,0
277.98,0,0
278.08,0,0
278.18,0,0
278.29,0,0
278.39,0,0
278.50,0,0
278.60,0,0
278.71,0,0
278.81,0,0
278.92,0,0
279.02,0,0
279.12,0,0
279.22,0,0
279.33,0,0
279.43,0,0
279.54,0,0
279.64,0,0
279.74,0,0
279.85,0,0
279.96,0,0
280.06,0,0
280.16,0,0
280.26,0,0
280.37,0,0
280.48,0,0
280.59,0,0
280.69,0,0
280.80,0,0
280.91,0,0
281.01,0,0
281.12,0,0
281.22,0,0
281.32,0,0
281.43,0,0
281.53,0,0
281.63,0,0
281.74,0,0
281.84,0,0
281.94,0,0
282.04,0,0
282.14,0,0
282.25,0,0
282.36,0,0
282.47,0,0
282.57,0,0
282.68,0,0
282.79,0,0
282.89,0,0
283.01,0,0
283.11,0,0
283.22,0,0
283.33,0,0
283.44,0,0
283.55,0,0
283.66,0,0
283.76,0,0
283.86,0,0
283.97,0,0
284.08,0,0
284.18,0,0
284.28,0,0
284.39,0,0
284.49,0,0
284.60,0,0
284.71,0,0
284.81,0,0
284.92,0,0
285.02,0,0
285.13,0,0
285.24,0,0
285.35,0,0
285.46,0,0
285.57,0,0
285.67,0,0
285.78,0,0
285.89,0,0
286.00,0,0
286.11,0,0
286.22,0,0
286.33,0,0
286.44,0,0
286.54,0,0
286.65,0,0
286.76,0,0
286.86,0,0
286.97,0,0
287.08,0,0
287.18,0,0
287.29,0,0
287.39,0,0
287.50,0,0
287.61,0,0
287.72,0,0
287.82,0,0
287.93,0,0
288.04,0,0
288.14,0,0
288.25,0,0
288.35,0,0
288.46,0,0
288.57,0,0
288.67,0,0
288.78,0,0
288.88,0,0
288.99,0,0
289.10,0,0
289.20,0,0
289.31,0,0
289.41,0,0
289.52,0,0
289.63,0,0
289.73,0,0
289.83,0,0
289.94,0,0
290.04,0,0
290.15,0,0
290.26,0,0
290.37,0,0
290.47,0,0
290.58,0,0
290.68,0,0
290.79,0,0
290.89,0,0
291.00,0,0
291.11,0,0
291.22,0,0
291.33,0,0
291.44,0,0
291.54,0,0
291.65,0,0
291.75,0,0
291.86,0,0
291.97,0,0
292.08,0,0
292.19,0,0
292.29,0,0
292.40,0,0
292.51,0,0
292.62,0,0
292.73,0,0
292.84,0,0
292.94,0,0
293.05,0,0
293.16,0,0
293.27,0,0
293.38,0,0
293.48,0,0
293.58,0,0
293.69,0,0
293.79,0,0
293.90,0,0
294.01,0,0
294.11,0,0
294.22,0,0
294.33,0,0
294.44,0,0
294.54,0,0
294.64,0,0
294.75,0,0
294.85,0,0
294.96,0,0
295.06,0,0
295.17,0,0
295.28,0,0
295.38,0,0
295.48,0,0
295.59,0,0
295.69,0,0
295.80,0,0
295.90,0,0
296.01,0,0
296.11,0,0
296.22,0,0
296.33,0,0
296.44,0,0
296.54,0,0
296.65,0,0
296.76,0,0
296.87,0,0
296.97,0,0
297.08,0,0
297.18,0,0
297.29,0,0
297.40,0,0
297.50,0,0
297.61,0,0
297.71,0,0
297.82,0,0
297.93,0,0
298.03,0,0
298.14,0,0
298.25,0,0
298.36,0,0
298.46,0,0
298.57,0,0
298.68,0,0
298.78,0,0
298.89,0,0
299.00,0,0
299.10,0,0
299.21,0,0
299.31,0,0
299.42,0,0
299.52,0,0
299.63,0,0
299.73,0,0
299.83,0,0
299.94,0,0
300.05,0,0
300.15,0,0
300.26,0,0
300.36,0,0
300.47,0,0
300.57,0,0
300.67,0,0
300.78,0,0
300.88,0,0
300.98,0,0
301.09,0,0
301.19,0,0
301.29,0,0
301.39,0,0
301.51,0,0
301.61,0,0
301.72,0,0
301.83,0,0
301.93,0,0
302.04,0,0
302.14,0,0
302.24,0,0
302.35,0,0
302.45,0,0
302.56,0,0
302.66,0,0
302.77,0,0
302.87,0,0
302.97,0,0
303.08,0,0
303.18,0,0
303.29,0,0
303.39,0,0
303.49,0,0
303.59,0,0
303.70,0,0
303.80,0,0
303.91,0,0
304.01,0,0
304.12,0,0
304.22,0,0
304.32,0,0
304.43,0,0
304.53,0,0
304.63,0,0
304.74,0,0
304.84,0,0
304.94,0,0
305.04,0,0
305.14,0,0
305.25,0,0
305.35,0,0
305.46,0,0
305.56,0,0
305.67,0,0
305.78,0,0
305.88,0,0
305.98,0,0
306.08,0,0
306.19,0,0
306.29,0,0
306.40,0,0
306.50,0,0
306.60,0,0
306.70,0,0
306.80,0,0
306.91,0,0
307.01,0,0
307.11,0,0
307.22,0,0
307.32,0,0
307.42,0,0
307.52,0,0
307.62,0,0
307.73,0,0
307.83,0,0
307.93,0,0
308.04,0,0
308.14,0,0
308.24,0,0
308.34,0,0
308.45,0,0
308.56,0,0
308.67,0,0
308.78,0,0
308.89,0,0
309.00,0,0
309.11,0,0
309.22,0,0
309.33,0,0
309.43,0,0
309.53,0,0
309.63,0,0
309.74,0,0
309.85,0,0
309.95,0,0
310.05,0,0
310.15,0,0
310.26,0,0
310.37,0,0
310.47,0,0
310.57,0,0
310.68,0,0
310.79,0,0
310.89,0,0
311.00,0,0
311.11,0,0
311.21,0,0
311.31,0,0
311.42,0,0
311.52,0,0
311.62,0,0
311.73,0,0
311.84,0,0
311.95,0,0
312.06,0,0
312.16,0,0
312.27,0,0
312.38,0,0
312.48,0,0
312.59,0,0
312.69,0,0
312.80,0,0
312.91,0,0
313.01,0,0
313.12,0,0
313.22,0,0
313.33,0,0
313.43,0,0
313.54,0,0
313.65,0,0
313.76,0,0
313.87,0,0
313.97,0,0
314.07,0,0
314.18,0,0
314.29,0,0
314.39,0,0
314.50,0,0
314.61,0,0
314.72,0,0
314.83,0,0
314.93,0,0
315.04,0,0
315.14,0,0
315.25,0,0
315.36,0,0
315.46,0,0
315.56,0,0
315.67,0,0
315.77,0,0
315.87,0,0
315.97,0,0
316.07,0,0
316.18,0,0
316.28,0,0
316.38,0,0
316.49,0,0
316.60,0,0
316.71,0,0
316.82,0,0
316.93,0,0
317.04,0,0
317.14,0,0
317.25,0,0
317.36,0,0
317.46,0,0
317.57,0,0
317.68,0,0
317.78,0,0
317.89,0,0
318.00,0,0
318.11,0,0
318.22,0,0
318.32,0,0
318.42,0,0
318.52,0,0
318.63,0,0
318.74,0,0
318.85,0,0
318.95,0,0
319.06,0,0
319.16,0,0
319.27,0,0
319.38,0,0
319.48,0,0
319.59,0,0
319.70,0,0
319.80,0,0
319.91,0,0
320.01,0,0
320.12,0,0
320.23,0,0
320.33,0,0
320.44,0,0
320.54,0,0
320.65,0,0
320.76,0,0
320.86,0,0
320.97,0,0
321.08,0,0
321.19,0,0
321.30,0,0
321.41,0,0
321.52,0,0
321.62,0,0
321.72,0,0
321.82,0,0
321.93,0,0
322.04,0,0
322.14,0,0
322.25,0,0
322.36,0,0
322.46,0,0
322.57,0,0
322.67,0,0
322.78,0,0
322.89,0,0
322.99,0,0
323.10,0,0
323.21,0,0
323.32,0,0
323.43,0,0
323.53,0,0
323.63,0,0
323.73,0,0
323.84,0,0
323.94,0,0
324.05,0,0
324.16,0,0
324.27,0,0
324.37,0,0
324.48,0,0
324.58,0,0
324.69,0,0
324.79,0,0
324.90,0,0
325.00,0,0
325.10,0,0
325.21,0,0
325.31,0,0
325.42,0,0
325.53,0,0
325.64,0,0
325.74,0,0
325.85,0,0
325.96,0,0
326.07,0,0
326.17,0,0
326.28,0,0
326.39,0,0
326.50,0,0
326.61,0,0
326.71,0,0
326.81,0,0
326.92,0,0
327.02,0,0
327.13,0,0
327.24,0,0
327.35,0,0
327.45,0,0
327.55,0,0
327.66,0,0
327.77,0,0
327.88,0,0
327.99,0,0
328.09,0,0
328.20,0,0
328.31,0,0
328.42,0,0
328.53,0,0
328.63,0,0
328.74,0,0
328.85,0,0
328.95,0,0
329.06,0,0
329.16,0,0
329.27,0,0
329.38,0,0
329.48,0,0
329.59,0,0
329.70,0,0
329.81,0,0
329.91,0,0
330.02,0,0
330.13,0,0
330.24,0,0
330.34,0,0
330.45,0,0
330.56,0,0
330.67,0,0
330.78,0,0
330.89,0,0
330.99,0,0
331.10,0,0
331.20,0,0
331.31,0,0
331.41,0,0
331.52,0,0
331.63,0,0
331.74,0,0
331.84,0,0
331.95,0,0
332.05,0,0
332.15,0,0
332.26,0,0
332.36,0,0
332.47,0,0
332.58,0,0
332.68,0,0
332.79,0,0
332.89,0,0
332.99,0,0
333.10,0,0
333.20,0,0
333.31,0,0
333.41,0,0
333.52,0,0
333.63,0,0
333.73,0,0
333.83,0,0
333.93,0,0
334.03,0,0
334.14,0,0
334.24,0,0
334.34,0,0
334.45,0,0
334.56,0,0
334.67,0,0
334.78,0,0
334.89,0,0
335.00,0,0
335.11,0,0
335.22,0,0
335.32,0,0
335.42,0,0
335.53,0,0
335.64,0,0
335.75,0,0
335.86,0,0
335.97,0,0
336.07,0,0
336.18,0,0
336.29,0,0
336.39,0,0
336.50,0,0
336.61,0,0
336.72,0,0
336.83,0,0
336.93,0,0
337.04,0,0
337.14,0,0
337.25,0,0
337.35,0,0
337.46,0,0
337.57,0,0
337.67,0,0
337.77,0,0
337.88,0,0
337.98,0,0
338.09,0,0
338.20,0,0
338.30,0,0
338.41,0,0
338.52,0,0
338.62,0,0
338.72,0,0
338.82,0,0
338.92,0,0
339.03,0,0
339.14,0,0
339.24,0,0
339.34,0,0
339.44,0,0
339.55,0,0
339.65,0,0
339.76,0,0
339.86,0,0
339.97,0,0
340.08,0,0
340.18,0,0
340.28,0,0
340.38,0,0
340.48,0,0
340.59,0,0
340.70,0,0
340.81,0,0
340.92,0,0
341.02,0,0
341.12,0,0
341.22,0,0
341.33,0,0
341.44,0,0
341.54,0,0
341.64,0,0
341.75,0,0
341.86,0,0
341.97,0,0
342.07,0,0
342.17,0,0
342.27,0,0
342.38,0,0
342.48,0,0
342.59,0,0
342.69,0,0
342.80,0,0
342.91,0,0
343.02,0,0
343.13,0,0
343.23,0,0
343.33,0,0
343.44,0,0
343.54,0,0
343.64,0,0
343.74,0,0
343.84,0,0
343.96,0,0
344.06,0,0
344.17,0,0
344.28,0,0
344.39,0,0
344.49,0,0
344.59,0,0
344.70,0,0
344.80,0,0
344.91,0,0
345.01,0,0
345.12,0,0
345.22,0,0
345.32,0,0
345.42,0,0
345.53,0,0
345.64,0,0
345.75,0,0
345.85,0,0
345.96,0,0
346.07,0,0
346.17,0,0
346.27,0,0
346.38,0,0
346.49,0,0
346.59,0,0
346.70,0,0
346.80,0,0
346.92,0,0
347.02,0,0
347.12,0,0
347.22,0,0
347.32,0,0
347.43,0,0
347.54,0,0
347.64,0,0
347.75,0,0
347.85,0,0
347.96,0,0
348.06,0,0
348.17,0,0
348.27,0,0
348.37,0,0
348.47,0,0
348.58,0,0
348.68,0,0
348.79,0,0
348.90,0,0
349.00,0,0
349.11,0,0
349.21,0,0
349.31,0,0
349.42,0,0
349.53,0,0
349.63,0,0
349.74,0,0
349.84,0,0
349.95,0,0
350.06,0,0
350.17,0,0
350.27,0,0
350.37,0,0
350.47,0,0
350.57,0,0
350.68,0,0
350.78,0,0
350.89,0,0
351.00,0,0
351.10,0,0
351.20,0,0
351.31,0,0
351.42,0,0
351.53,0,0
351.64,0,0
351.75,0,0
351.85,0,0
351.95,0,0
352.06,0,0
352.17,0,0
352.27,0,0
352.38,0,0
352.49,0,0
352.60,0,0
352.71,0,0
352.82,0,0
352.93,0,0
353.04,0,0
353.14,0,0
353.25,0,0
353.36,0,0
353.47,0,0
353.57,0,0
353.68,0,0
353.78,0,0
353.88,0,0
353.99,0,0
354.10,0,0
354.21,0,0
354.31,0,0
354.41,0,0
354.51,0,0
354.61,0,0
354.72,0,0
354.82,0,0
354.92,0,0
355.02,0,0
355.13,0,0
355.24,0,0
355.34,0,0
355.45,0,0
355.56,0,0
355.66,0,0
355.77,0,0
355.88,0,0
355.98,0,0
356.09,0,0
356.19,0,0
356.29,0,0
356.40,0,0
356.50,0,0
356.61,0,0
356.72,0,0
356.83,0,0
356.93,0,0
357.03,0,0
357.13,0,0
357.24,0,0
357.34,0,0
357.45,0,0
357.55,0,0
357.67,0,0
357.77,0,0
357.88,0,0
357.98,0,0
358.09,0,0
358.20,0,0
358.30,0,0
358.41,0,0
358.52,0,0
358.62,0,0
358.72,0,0
358.82,0,0
358.93,0,0
359.04,0,0
359.14,0,0
359.25,0,0
359.35,0,0
359.45,0,0
359.55,0,0
359.66,0,0
359.76,0,0
359.86,0,0
359.97,0,0
360.08,0,0
360.18,0,0
360.28,0,0
360.39,0,0
360.50,0,0
360.60,0,0
360.71,0,0
360.81,0,0
360.92,0,0
361.03,0,0
361.13,0,0
361.24,0,0
361.34,0,0
361.45,0,0
361.55,0,0
361.67,0,0
361.77,0,0
361.88,0,0
361.99,0,0
362.10,0,0
362.20,0,0
362.30,0,0
362.40,0,0
362.51,0,0
362.62,0,0
362.72,0,0
362.82,0,0
362.93,0,0
363.04,0,0
363.14,0,0
363.25,0,0
363.35,0,0
363.45,0,0
363.55,0,0
363.66,0,0
363.76,0,0
363.86,0,0
363.96,0,0
364.07,0,0
364.18,0,0
364.28,0,0
364.38,0,0
364.49,0,0
364.60,0,0
364.70,0,0
364.81,0,0
364.92,0,0
365.02,0,0
365.13,0,0
365.23,0,0
365.33,0,0
365.43,0,0
365.54,0,0
365.64,0,0
365.74,0,0
365.85,0,0
365.95,0,0
366.05,0,0
366.15,0,0
366.27,0,0
366.38,0,0
366.48,0,0
366.59,0,0
366.70,0,0
366.80,0,0
366.90,0,0
367.01,0,0
367.12,0,0
367.22,0,0
367.32,0,0
367.42,0,0
367.52,0,0
367.62,0,0
367.73,0,0
367.83,0,0
367.94,0,0
368.04,0,0
368.15,0,0
368.25,0,0
368.36,0,0
368.47,0,0
368.57,0,0
368.67,0,0
368.78,0,0
368.89,0,0
368.99,0,0
369.09,0,0
369.19,0,0
369.30,0,0
369.42,0,0
369.53,0,0
369.63,0,0
369.73,0,0
369.84,0,0
369.94,0,0
370.05,0,0
370.15,0,0
370.25,0,0
370.36,0,0
370.47,0,0
370.58,0,0
370.69,0,0
370.80,0,0
370.90,0,0
371.01,0,0
371.11,0,0
371.22,0,0
371.32,0,0
371.42,0,0
371.52,0,0
371.63,0,0
371.73,0,0
371.84,0,0
371.94,0,0
372.05,0,0
372.16,0,0
372.26,0,0
372.37,0,0
372.47,0,0
372.58,0,0
372.68,0,0
372.79,0,0
372.89,0,0
373.00,0,0
373.11,0,0
373.22,0,0
373.32,0,0
373.43,0,0
373.54,0,0
373.64,0,0
373.75,0,0
373.86,0,0
373.96,0,0
374.07,0,0
374.18,0,0
374.28,0,0
374.39,0,0
374.49,0,0
374.59,0,0
374.69,0,0
374.80,0,0
374.90,0,0
375.01,0,0
375.12,0,0
375.23,0,0
375.33,0,0
375.43,0,0
375.53,0,0
375.64,0,0
375.74,0,0
375.85,0,0
375.96,0,0
376.07,0,0
376.18,0,0
376.28,0,0
376.39,0,0
376.49,0,0
376.59,0,0
376.70,0,0
376.81,0,0
376.91,0,0
377.02,0,0
377.13,0,0
377.24,0,0
377.35,0,0
377.46,0,0
377.56,0,0
377.67,0,0
377.78,0,0
377.88,0,0
377.99,0,0
378.09,0,0
378.19,0,0
378.29,0,0
378.40,0,0
378.51,0,0
378.62,0,0
378.73,0,0
378.83,0,0
378.94,0,0
379.05,0,0
379.15,0,0
379.26,0,0
379.37,0,0
379.48,0,0
379.58,0,0
379.69,0,0
379.80,0,0
379.90,0,0
380.01,0,0
380.12,0,0
380.22,0,0
380.32,0,0
380.44,0,0
380.54,0,0
380.64,0,0
380.74,0,0
380.85,0,0
380.95,0,0
381.06,0,0
381.17,0,0
381.28,0,0
381.38,0,0
381.49,0,0
381.60,0,0
381.70,0,0
381.81,0,0
381.91,0,0
382.01,0,0
382.12,0,0
382.24,0,0
382.35,0,0
382.46,0,0
382.56,0,0
382.66,0,0
382.77,0,0
382.87,0,0
382.98,0,0
383.09,0,0
383.20,0,0
383.30,0,0
383.41,0,0
383.52,0,0
383.62,0,0
383.73,0,0
383.84,0,0
383.94,0,0
384.05,0,0
384.16,0,0
384.27,0,0
384.37,0,0
384.48,0,0
384.59,0,0
384.70,0,0
384.81,0,0
384.92,0,0
385.03,0,0
385.13,0,0
385.24,0,0
385.35,0,0
385.46,0,0
385.56,0,0
385.67,0,0
385.78,0,0
385.88,0,0
385.99,0,0
386.10,0,0
386.21,0,0
386.31,0,0
386.42,0,0
386.52,0,0
386.63,0,0
386.73,0,0
386.84,0,0
386.95,0,0
387.05,0,0
387.15,0,0
387.25,0,0
387.36,0,0
387.47,0,0
387.57,0,0
387.67,0,0
387.78,0,0
387.89,0,0
387.99,0,0
388.10,0,0
388.20,0,0
388.31,0,0
388.41,0,0
388.52,0,0
388.62,0,0
388.73,0,0
388.83,0,0
388.93,0,0
389.03,0,0
389.14,0,0
389.25,0,0
389.35,0,0
389.46,0,0
389.56,0,0
389.67,0,0
389.78,0,0
389.88,0,0
389.99,0,0
390.10,0,0
390.20,0,0
390.30,0,0
390.40,0,0
390.51,0,0
390.62,0,0
390.72,0,0
390.83,0,0
390.94,0,0
391.04,0,0
391.15,0,0
391.25,0,0
391.35,0,0
391.46,0,0
391.56,0,0
391.66,0,0
391.77,0,0
391.88,0,0
391.99,0,0
392.09,0,0
392.19,0,0
392.30,0,0
392.40,0,0
392.50,0,0
392.60,0,0
392.70,0,0
392.81,0,0
392.92,0,0
393.03,0,0
393.13,0,0
393.24,0,0
393.35,0,0
393.47,0,0
393.57,0,0
393.69,0,0
393.79,0,0
393.89,0,0
393.99,0,0
394.10,0,0
394.21,0,0
394.31,0,0
394.41,0,0
394.52,0,0
394.63,0,0
394.74,0,0
394.85,0,0
394.96,0,0
395.07,0,0
395.17,0,0
395.28,0,0
395.38,0,0
395.49,0,0
395.59,0,0
395.70,0,0
395.81,0,0
395.92,0,0
396.02,0,0
396.12,0,0
396.23,0,0
396.34,0,0
396.45,0,0
396.55,0,0
396.66,0,0
396.77,0,0
396.87,0,0
396.98,0,0
397.09,0,0
397.20,0,0
397.31,0,0
397.41,0,0
397.52,0,0
397.62,0,0
397.72,0,0
397.82,0,0
397.93,0,0
398.03,0,0
398.14,0,0
398.24,0,0
398.34,0,0
398.44,0,0
398.55,0,0
398.65,0,0
398.75,0,0
398.86,0,0
398.96,0,0
399.06,0,0
399.17,0,0
399.27,0,0
399.38,0,0
399.48,0,0
399.59,0,0
399.69,0,0
399.79,0,0
399.89,0,0
400.00,0,0
400.11,0,0
400.21,0,0
400.31,0,0
400.42,0,0
400.52,0,0
400.63,0,0
400.73,0,0
400.83,0,0
400.93,0,0
401.03,0,0
401.14,0,0
401.24,0,0
401.34,0,0
401.45,0,0
401.55,0,0
401.65,0,0
401.75,0,0
401.86,0,0
401.96,0,0
402.07,0,0
402.18,0,0
402.28,0,0
402.39,0,0
402.50,0,0
402.60,0,0
402.70,0,0
402.81,0,0
402.92,0,0
403.02,0,0
403.12,0,0
403.22,0,0
403.33,0,0
403.44,0,0
403.54,0,0
403.65,0,0
403.76,0,0
403.86,0,0
403.96,0,0
404.06,0,0
404.17,0,0
404.28,0,0
404.38,0,0
404.49,0,0
404.59,0,0
404.69,0,0
404.80,0,0
404.90,0,0
405.01,0,0
405.11,0,0
405.21,0,0
405.31,0,0
405.42,0,0
405.53,0,0
405.64,0,0
405.75,0,0
405.85,0,0
405.95,0,0
406.06,0,0
406.16,0,0
406.26,0,0
406.37,0,0
406.48,0,0
406.59,0,0
406.70,0,0
406.81,0,0
406.91,0,0
407.01,0,0
407.11,0,0
407.21,0,0
407.32,0,0
407.42,0,0
407.53,0,0
407.64,0,0
407.74,0,0
407.85,0,0
407.96,0,0
408.06,0,0
408.17,0,0
408.28,0,0
408.39,0,0
408.50,0,0
408.60,0,0
408.71,0,0
408.81,0,0
408.91,0,0
409.01,0,0
409.11,0,0
409.21,0,0
409.32,0,0
409.42,0,0
409.52,0,0
409.63,0,0
409.74,0,0
409.84,0,0
409.94,0,0
410.05,0,0
410.16,0,0
410.27,0,0
410.37,0,0
410.47,0,0
410.58,0,0
410.68,0,0
410.78,0,0
410.88,0,0
410.99,0,0
411.09,0,0
411.19,0,0
411.30,0,0
411.40,0,0
411.51,0,0
411.62,0,0
411.72,0,0
411.83,0,0
411.93,0,0
412.04,0,0
412.15,0,0
412.25,0,0
412.35,0,0
412.45,0,0
412.56,0,0
412.67,0,0
412.78,0,0
412.89,0,0
412.99,0,0
413.10,0,0
413.21,0,0
413.32,0,0
413.43,0,0
413.53,0,0
413.64,0,0
413.75,0,0
413.86,0,0
413.96,0,0
414.08,0,0
414.19,0,0
414.30,0,0
414.40,0,0
414.50,0,0
414.61,0,0
414.71,0,0
414.82,0,0
414.93,0,0
415.03,0,0
415.14,0,0
415.25,0,0
415.36,0,0
415.46,0,0
415.57,0,0
415.67,0,0
415.78,0,0
415.88,0,0
416.00,0,0
416.10,0,0
416.20,0,0
416.31,0,0
416.42,0,0
416.53,0,0
416.64,0,0
416.75,0,0
416.85,0,0
416.96,0,0
417.07,0,0
417.17,0,0
417.27,0,0
417.38,0,0
417.48,0,0
417.59,0,0
417.70,0,0
417.80,0,0
417.91,0,0
418.02,0,0
418.13,0,0
418.23,0,0
418.34,0,0
418.45,0,0
418.56,0,0
418.66,0,0
418.76,0,0
418.86,0,0
418.97,0,0
419.07,0,0
419.18,0,0
419.29,0,0
419.40,0,0
419.51,0,0
419.62,0,0
419.73,0,0
419.83,0,0
419.93,0,0
420.03,0,0
420.14,0,0
420.25,0,0
420.35,0,0
420.45,0,0
420.56,0,0
420.67,0,0
420.77,0,0
420.88,0,0
420.99,0,0
421.10,0,0
421.20,0,0
421.30,0,0
421.41,0,0
421.52,0,0
421.63,0,0
421.74,0,0
421.84,0,0
421.94,0,0
422.05,0,0
422.16,0,0
422.26,0,0
422.36,0,0
422.47,0,0
422.58,0,0
422.68,0,0
422.79,0,0
422.90,0,0
423.00,0,0
423.11,0,0
423.21,0,0
423.32,0,0
423.42,0,0
423.53,0,0
423.63,0,0
423.73,0,0
423.83,0,0
423.94,0,0
424.05,0,0
424.16,0,0
424.27,0,0
424.37,0,0
424.48,0,0
424.58,0,0
424.68,0,0
424.79,0,0
424.89,0,0
425.00,0,0
425.10,0,0
425.20,0,0
425.30,0,0
425.41,0,0
425.51,0,0
425.62,0,0
425.73,0,0
425.83,0,0
425.94,0,0
426.05,0,0
426.15,0,0
426.25,0,0
426.35,0,0
426.45,0,0
426.56,0,0
426.67,0,0
426.78,0,0
426.89,0,0
427.00,0,0
427.10,0,0
427.20,0,0
427.31,0,0
427.41,0,0
427.51,0,0
427.62,0,0
427.73,0,0
427.83,0,0
427.94,0,0
428.05,0,0
428.16,0,0
428.27,0,0
428.37,0,0
428.48,0,0
428.59,0,0
428.70,0,0
428.80,0,0
428.90,0,0
429.01,0,0
429.12,0,0
429.22,0,0
429.32,0,0
429.42,0,0
429.53,0,0
429.64,0,0
429.75,0,0
429.85,0,0
429.96,0,0
430.07,0,0
430.17,0,0
430.27,0,0
430.37,0,0
430.47,0,0
430.58,0,0
430.69,0,0
430.80,0,0
430.91,0,0
431.02,0,0
431.12,0,0
431.22,0,0
431.33,0,0
431.44,0,0
431.55,0,0
431.65,0,0
431.76,0,0
431.87,0,0
431.97,0,0
432.07,0,0
432.18,0,0
432.28,0,0
432.39,0,0
432.49,0,0
432.60,0,0
432.71,0,0
432.82,0,0
432.92,0,0
433.03,0,0
433.14,0,0
433.25,0,0
433.35,0,0
433.45,0,0
433.55,0,0
433.66,0,0
433.77,0,0
433.87,0,0
433.97,0,0
434.08,0,0
434.19,0,0
434.30,0,0
434.40,0,0
434.51,0,0
434.61,0,0
434.71,0,0
434.83,0,0
434.94,0,0
435.04,0,0
435.15,0,0
435.25,0,0
435.35,0,0
435.46,0,0
435.57,0,0
435.67,0,0
435.78,0,0
435.89,0,0
436.00,0,0
436.11,0,0
436.22,0,0
436.32,0,0
436.43,0,0
436.54,0,0
436.65,0,0
436.75,0,0
436.85,0,0
436.95,0,0
437.06,0,0
437.17,0,0
437.27,0,0
437.37,0,0
437.48,0,0
437.58,0,0
437.69,0,0
437.79,0,0
437.90,0,0
438.00,0,0
438.11,0,0
438.21,0,0
438.31,0,0
438.42,0,0
438.53,0,0
438.63,0,0
438.74,0,0
438.85,0,0
438.95,0,0
439.05,0,0
439.16,0,0
439.27,0,0
439.38,0,0
439.49,0,0
439.60,0,0
439.70,0,0
439.81,0,0
439.91,0,0
440.01,0,0
440.12,0,0
440.23,0,0
440.34,0,0
440.44,0,0
440.55,0,0
440.65,0,0
440.76,0,0
440.86,0,0
440.96,0,0
441.07,0,0
441.17,0,0
441.28,0,0
441.38,0,0
441.49,0,0
441.60,0,0
441.71,0,0
441.82,0,0
441.92,0,0
442.02,0,0
442.13,0,0
442.24,0,0
442.34,0,0
442.45,0,0
442.56,0,0
442.67,0,0
442.77,0,0
442.88,0,0
442.99,0,0
443.09,0,0
443.20,0,0
443.31,0,0
443.41,0,0
443.52,0,0
443.63,0,0
443.74,0,0
443.84,0,0
443.95,0,0
444.06,0,0
444.17,0,0
444.28,0,0
444.39,0,0
444.49,0,0
444.59,0,0
444.70,0,0
444.80,0,0
444.91,0,0
445.01,0,0
445.11,0,0
445.22,0,0
445.32,0,0
445.43,0,0
445.54,0,0
445.64,0,0
445.75,0,0
445.85,0,0
445.96,0,0
446.06,0,0
446.17,0,0
446.27,0,0
446.38,0,0
446.49,0,0
446.59,0,0
446.69,0,0
446.80,0,0
446.90,0,0
447.00,0,0
447.11,0,0
447.21,0,0
447.32,0,0
447.43,0,0
447.54,0,0
447.65,0,0
447.76,0,0
447.87,0,0
447.97,0,0
448.08,0,0
448.18,0,0
448.29,0,0
448.39,0,0
448.50,0,0
448.61,0,0
448.71,0,0
448.81,0,0
448.92,0,0
449.03,0,0
449.13,0,0
449.24,0,0
449.35,0,0
449.45,0,0
449.56,0,0
449.67,0,0
449.77,0,0
449.88,0,0
449.98,0,0
450.09,0,0
450.20,0,0
450.30,0,0
450.41,0,0
450.51,0,0
450.62,0,0
450.73,0,0
450.84,0,0
450.94,0,0
451.04,0,0
451.15,0,0
451.25,0,0
451.36,0,0
451.46,0,0
451.57,0,0
451.68,0,0
451.78,0,0
451.89,0,0
452.00,0,0
452.11,0,0
452.21,0,0
452.32,0,0
452.43,0,0
452.53,0,0
452.64,0,0
452.75,0,0
452.85,0,0
452.96,0,0
453.06,0,0
453.17,0,0
453.27,0,0
453.37,0,0
453.48,0,0
453.58,0,0
453.69,0,0
453.80,0,0
453.91,0,0
454.03,0,0
454.13,0,0
454.23,0,0
454.34,0,0
454.45,0,0
454.56,0,0
454.67,0,0
454.77,0,0
454.88,0,0
454.99,0,0
455.09,0,0
455.20,0,0
455.31,0,0
455.42,0,0
455.52,0,0
455.63,0,0
455.74,0,0
455.84,0,0
455.94,0,0
456.05,0,0
456.16,0,0
456.26,0,0
456.37,0,0
456.48,0,0
456.59,0,0
456.69,0,0
456.79,0,0
456.90,0,0
457.00,0,0
457.11,0,0
457.22,0,0
457.33,0,0
457.43,0,0
457.54,0,0
457.65,0,0
457.75,0,0
457.86,0,0
457.97,0,0
458.07,0,0
458.18,0,0
458.28,0,0
458.39,0,0
458.49,0,0
458.60,0,0
458.70,0,0
458.82,0,0
458.93,0,0
459.03,0,0
459.14,0,0
459.25,0,0
459.36,0,0
459.46,0,0
459.56,0,0
459.67,0,0
459.77,0,0
459.88,0,0
459.99,0,0
460.09,0,0
460.20,0,0
460.30,0,0
460.40,0,0
460.51,0,0
460.61,0,0
460.72,0,0
460.82,0,0
460.92,0,0
461.02,0,0
461.13,0,0
461.24,0,0
461.34,0,0
461.44,0,0
461.55,0,0
461.65,0,0
461.76,0,0
461.87,0,0
461.97,0,0
462.08,0,0
462.18,0,0
462.29,0,0
462.40,0,0
462.50,0,0
462.60,0,0
462.71,0,0
462.81,0,0
462.92,0,0
463.02,0,0
463.12,0,0
463.23,0,0
463.33,0,0
463.44,0,0
463.54,0,0
463.65,0,0
463.75,0,0
463.85,0,0
463.95,0,0
464.06,0,0
464.16,0,0
464.27,0,0
464.37,0,0
464.48,0,0
464.59,0,0
464.69,0,0
464.80,0,0
464.90,0,0
465.01,0,0
465.11,0,0
465.22,0,0
465.33,0,0
465.43,0,0
465.54,0,0
465.65,0,0
465.76,0,0
465.86,0,0
465.97,0,0
466.08,0,0
466.19,0,0
466.29,0,0
466.40,0,0
466.51,0,0
466.61,0,0
466.72,0,0
466.83,0,0
466.94,0,0
467.04,0,0
467.14,0,0
467.25,0,0
467.35,0,0
467.46,0,0
467.56,0,0
467.67,0,0
467.77,0,0
467.88,0,0
467.99,0,0
468.09,0,0
468.20,0,0
468.30,0,0
468.41,0,0
468.52,0,0
468.62,0,0
468.73,0,0
468.84,0,0
468.95,0,0
469.06,0,0
469.17,0,0
469.28,0,0
469.38,0,0
469.49,0,0
469.59,0,0
469.70,0,0
469.80,0,0
469.90,0,0
470.01,0,0
470.12,0,0
470.22,0,0
470.33,0,0
470.43,0,0
470.54,0,0
470.65,0,0
470.75,0,0
470.86,0,0
470.96,0,0
471.07,0,0
471.18,0,0
471.29,0,0
471.40,0,0
471.51,0,0
471.62,0,0
471.72,0,0
471.83,0,0
471.93,0,0
472.04,0,0
472.14,0,0
472.25,0,0
472.36,0,0
472.46,0,0
472.56,0,0
472.67,0,0
472.78,0,0
472.88,0,0
472.99,0,0
473.10,0,0
473.21,0,0
473.31,0,0
473.42,0,0
473.53,0,0
473.64,0,0
473.74,0,0
473.85,0,0
473.95,0,0
474.06,0,0
474.16,0,0
474.27,0,0
474.37,0,0
474.48,0,0
474.58,0,0
474.69,0,0
474.79,0,0
474.90,0,0
475.00,0,0
475.11,0,0
475.21,0,0
475.32,0,0
475.43,0,0
475.54,0,0
475.64,0,0
475.76,0,0
475.87,0,0
475.97,0,0
476.08,0,0
476.18,0,0
476.29,0,0
476.39,0,0
476.50,0,0
476.61,0,0
476.71,0,0
476.81,0,0
476.92,0,0
477.03,0,0
477.13,0,0
477.24,0,0
477.34,0,0
477.45,0,0
477.55,0,0
477.65,0,0
477.76,0,0
477.86,0,0
477.97,0,0
478.08,0,0
478.18,0,0
478.29,0,0
478.39,0,0
478.50,0,0
478.61,0,0
478.72,0,0
478.82,0,0
478.94,0,0
479.05,0,0
479.16,0,0
479.26,0,0
479.37,0,0
479.47,0,0
479.58,0,0
479.68,0,0
479.79,0,0
479.90,0,0
480.00,0,0
480.11,0,0
480.21,0,0
480.32,0,0
480.43,0,0
480.53,0,0
480.64,0,0
480.74,0,0
480.84,0,0
480.95,0,0
481.05,0,0
481.15,0,0
481.27,0,0
481.37,0,0
481.48,0,0
481.58,0,0
481.68,0,0
481.78,0,0
481.89,0,0
482.00,0,0
482.10,0,0
482.20,0,0
482.31,0,0
482.41,0,0
482.52,0,0
482.62,0,0
482.73,0,0
482.84,0,0
482.94,0,0
483.05,0,0
483.16,0,0
483.27,0,0
483.37,0,0
483.48,0,0
483.58,0,0
483.69,0,0
483.79,0,0
483.90,0,0
484.00,0,0
484.11,0,0
484.22,0,0
484.33,0,0
484.43,0,0
484.54,0,0
484.64,0,0
484.75,0,0
484.86,0,0
484.97,0,0
485.07,0,0
485.18,0,0
485.28,0,0
485.38,0,0
485.49,0,0
485.59,0,0
485.69,0,0
485.79,0,0
485.90,0,0
486.01,0,0
486.12,0,0
486.22,0,0
486.32,0,0
486.43,0,0
486.53,0,0
486.63,0,0
486.74,0,0
486.85,0,0
486.96,0,0
487.06,0,0
487.16,0,0
487.27,0,0
487.37,0,0
487.48,0,0
487.59,0,0
487.70,0,0
487.80,0,0
487.91,0,0
488.02,0,0
488.12,0,0
488.23,0,0
488.34,0,0
488.44,0,0
488.55,0,0
488.65,0,0
488.76,0,0
488.87,0,0
488.97,0,0
489.08,0,0
489.19,0,0
489.29,0,0
489.40,0,0
489.50,0,0
489.61,0,0
489.71,0,0
489.82,0,0
489.93,0,0
490.03,0,0
490.14,0,0
490.25,0,0
490.35,0,0
490.47,0,0
490.57,0,0
490.68,0,0
490.78,0,0
490.89,0,0
490.99,0,0
491.10,0,0
491.21,0,0
491.31,0,0
491.42,0,0
491.53,0,0
491.63,0,0
491.74,0,0
491.84,0,0
491.95,0,0
492.06,0,0
492.16,0,0
492.27,0,0
492.37,0,0
492.48,0,0
492.59,0,0
492.70,0,0
492.80,0,0
492.91,0,0
493.01,0,0
493.12,0,0
493.23,0,0
493.33,0,0
493.43,0,0
493.53,0,0
493.64,0,0
493.75,0,0
493.85,0,0
493.95,0,0
494.06,0,0
494.16,0,0
494.27,0,0
494.37,0,0
494.47,0,0
494.58,0,0
494.69,0,0
494.79,0,0
494.90,0,0
495.01,0,0
495.11,0,0
495.22,0,0
495.33,0,0
495.43,0,0
495.54,0,0
495.65,0,0
495.76,0,0
495.86,0,0
495.97,0,0
496.08,0,0
496.18,0,0
496.29,0,0
496.40,0,0
496.50,0,0
496.61,0,0
496.71,0,0
496.82,0,0
496.92,0,0
497.03,0,0
497.13,0,0
497.24,0,0
497.35,0,0
497.46,0,0
497.57,0,0
497.68,0,0
497.79,0,0
497.89,0,0
498.00,0,0
498.11,0,0
498.21,0,0
498.32,0,0
498.42,0,0
498.53,0,0
498.63,0,0
498.74,0,0
498.84,0,0
498.95,0,0
499.06,0,0
499.16,0,0
499.27,0,0
499.38,0,0
499.48,0,0
499.59,0,0
499.70,0,0
499.80,0,0
499.90,0,0
500.01,0,0
500.12,0,0
500.22,0,0
500.33,0,0
500.43,0,0
500.54,0,0
500.65,0,0
500.75,0,0
500.86,0,0
500.96,0,0
501.07,0,0
501.17,0,0
501.28,0,0
501.39,0,0
501.50,0,0
501.60,0,0
501.70,0,0
501.80,0,0
501.91,0,0
502.01,0,0
502.12,0,0
502.23,0,0
502.34,0,0
502.44,0,0
502.55,0,0
502.65,0,0
502.76,0,0
502.86,0,0
502.97,0,0
503.07,0,0
503.18,0,0
503.29,0,0
503.40,0,0
503.51,0,0
503.61,0,0
503.71,0,0
503.82,0,0
503.93,0,0
504.04,0,0
504.14,0,0
504.25,0,0
504.36,0,0
504.46,0,0
504.56,0,0
504.67,0,0
504.77,0,0
504.88,0,0
504.99,0,0
505.09,0,0
505.20,0,0
505.31,0,0
505.41,0,0
505.51,0,0
505.62,0,0
505.72,0,0
505.83,0,0
505.94,0,0
506.04,0,0
506.15,0,0
506.25,0,0
506.36,0,0
506.47,0,0
506.58,0,0
506.68,0,0
506.79,0,0
506.90,0,0
507.01,0,0
507.11,0,0
507.22,0,0
507.33,0,0
507.43,0,0
507.53,0,0
507.64,0,0
507.74,0,0
507.85,0,0
507.95,0,0
508.06,0,0
508.17,0,0
508.28,0,0
508.39,0,0
508.50,0,0
508.60,0,0
508.71,0,0
508.82,0,0
508.93,0,0
509.03,0,0
509.14,0,0
509.25,0,0
509.36,0,0
509.46,0,0
509.57,0,0
509.67,0,0
509.77,0,0
509.87,0,0
509.98,0,0
510.09,0,0
510.19,0,0
510.30,0,0
510.41,0,0
510.51,0,0
510.62,0,0
510.72,0,0
510.83,0,0
510.93,0,0
511.04,0,0
511.14,0,0
511.24,0,0
511.35,0,0
511.46,0,0
511.57,0,0
511.67,0,0
511.78,0,0
511.88,0,0
511.99,0,0
512.09,0,0
512.19,0,0
512.30,0,0
512.40,0,0
512.50,0,0
512.61,0,0
512.72,0,0
512.82,0,0
512.93,0,0
513.03,0,0
513.14,0,0
513.24,0,0
513.35,0,0
513.45,0,0
513.56,0,0
513.66,0,0
513.77,0,0
513.87,0,0
513.98,0,0
514.08,0,0
514.18,0,0
514.29,0,0
514.40,0,0
514.51,0,0
514.61,0,0
514.72,0,0
514.83,0,0
514.93,0,0
515.04,0,0
515.15,0,0
515.25,0,0
515.36,0,0
515.47,0,0
515.57,0,0
515.67,0,0
515.78,0,0
515.89,0,0
516.00,0,0
516.10,0,0
516.21,0,0
516.31,0,0
516.42,0,0
516.53,0,0
516.64,0,0
516.74,0,0
516.85,0,0
516.96,0,0
517.06,0,0
517.17,0,0
517.28,0,0
517.38,0,0
517.49,0,0
517.59,0,0
517.70,0,0
517.80,0,0
517.90,0,0
518.00,0,0
518.11,0,0
518.22,0,0
518.32,0,0
518.43,0,0
518.54,0,0
518.64,0,0
518.75,0,0
518.85,0,0
518.95,0,0
519.06,0,0
519.16,0,0
519.27,0,0
519.37,0,0
519.47,0,0
519.58,0,0
519.69,0,0
519.79,0,0
519.90,0,0
520.00,0,0
520.11,0,0
520.22,0,0
520.33,0,0
520.43,0,0
520.54,0,0
520.64,0,0
520.75,0,0
520.85,0,0
520.96,0,0
521.06,0,0
521.17,0,0
521.28,0,0
521.38,0,0
521.48,0,0
521.59,0,0
521.70,0,0
521.80,0,0
521.91,0,0
522.02,0,0
522.13,0,0
522.24,0,0
522.34,0,0
522.45,0,0
522.55,0,0
522.67,0,0
522.77,0,0
522.87,0,0
522.97,0,0
523.08,0,0
523.19,0,0
523.30,0,0
523.40,0,0
523.51,0,0
523.61,0,0
523.72,0,0
523.83,0,0
523.94,0,0
524.05,0,0
524.15,0,0
524.26,0,0
524.36,0,0
524.47,0,0
524.58,0,0
524.69,0,0
524.80,0,0
524.90,0,0
525.00,0,0
525.11,0,0
525.22,0,0
525.32,0,0
525.43,0,0
525.53,0,0
525.64,0,0
525.75,0,0
525.85,0,0
525.95,0,0
526.05,0,0
526.16,0,0
526.26,0,0
526.37,0,0
526.47,0,0
526.58,0,0
526.68,0,0
526.79,0,0
526.90,0,0
527.00,0,0
527.11,0,0
527.21,0,0
527.32,0,0
527.42,0,0
527.53,0,0
527.63,0,0
527.74,0,0
527.84,0,0
527.95,0,0
528.06,0,0
528.16,0,0
528.26,0,0
528.37,0,0
528.48,0,0
528.59,0,0
528.70,0,0
528.80,0,0
528.91,0,0
529.01,0,0
529.12,0,0
529.23,0,0
529.34,0,0
529.45,0,0
529.55,0,0
529.66,0,0
529.77,0,0
529.87,0,0
529.98,0,0
530.08,0,0
530.19,0,0
530.30,0,0
530.41,0,0
530.51,0,0
530.62,0,0
530.73,0,0
530.83,0,0
530.93,0,0
531.04,0,0
531.15,0,0
531.26,0,0
531.36,0,0
531.46,0,0
531.56,0,0
531.67,0,0
531.77,0,0
531.88,0,0
531.98,0,0
532.09,0,0
532.20,0,0
532.30,0,0
532.41,0,0
532.52,0,0
532.62,0,0
532.73,0,0
532.83,0,0
532.94,0,0
533.05,0,0
533.15,0,0
533.26,0,0
533.37,0,0
533.47,0,0
533.58,0,0
533.68,0,0
533.79,0,0
533.89,0,0
534.00,0,0
534.10,0,0
534.21,0,0
534.32,0,0
534.42,0,0
534.53,0,0
534.63,0,0
534.74,0,0
534.85,0,0
534.96,0,0
535.06,0,0
535.17,0,0
535.27,0,0
535.38,0,0
535.49,0,0
535.59,0,0
535.70,0,0
535.80,0,0
535.90,0,0
536.01,0,0
536.11,0,0
536.22,0,0
536.33,0,0
536.43,0,0
536.54,0,0
536.64,0,0
536.74,0,0
536.85,0,0
536.95,0,0
537.06,0,0
537.16,0,0
537.27,0,0
537.37,0,0
537.47,0,0
537.58,0,0
537.68,0,0
537.78,0,0
537.89,0,0
537.99,0,0
538.10,0,0
538.21,0,0
538.31,0,0
538.42,0,0
538.52,0,0
538.64,0,0
538.74,0,0
538.84,0,0
538.95,0,0
539.06,0,0
539.16,0,0
539.26,0,0
539.36,0,0
539.47,0,0
539.57,0,0
539.68,0,0
539.78,0,0
539.89,0,0
540.00,0,0
540.11,0,0
540.22,0,0
540.32,0,0
540.43,0,0
540.54,0,0
540.64,0,0
540.74,0,0
540.85,0,0
540.95,0,0
541.06,0,0
541.16,0,0
541.27,0,0
541.38,0,0
541.48,0,0
541.58,0,0
541.69,0,0
541.80,0,0
541.91,0,0
542.01,0,0
542.11,0,0
542.22,0,0
542.33,0,0
542.43,0,0
542.54,0,0
542.64,0,0
542.75,0,0
542.86,0,0
542.96,0,0
543.06,0,0
543.17,0,0
543.27,0,0
543.38,0,0
543.48,0,0
543.58,0,0
543.69,0,0
543.80,0,0
543.90,0,0
544.01,0,0
544.11,0,0
544.22,0,0
544.33,0,0
544.44,0,0
544.54,0,0
544.65,0,0
544.75,0,0
544.86,0,0
544.96,0,0
545.07,0,0
545.17,0,0
545.28,0,0
545.39,0,0
545.49,0,0
545.60,0,0
545.70,0,0
545.81,0,0
545.91,0,0
546.02,0,0
546.13,0,0
546.23,0,0
546.34,0,0
546.45,0,0
546.55,0,0
546.66,0,0
546.77,0,0
546.87,0,0
546.98,0,0
547.09,0,0
547.19,0,0
547.29,0,0
547.40,0,0
547.51,0,0
547.61,0,0
547.71,0,0
547.82,0,0
547.92,0,0
548.02,0,0
548.13,0,0
548.24,0,0
548.35,0,0
548.46,0,0
548.57,0,0
548.67,0,0
548.78,0,0
548.89,0,0
548.99,0,0
549.10,0,0
549.21,0,0
549.31,0,0
549.41,0,0
549.52,0,0
549.62,0,0
549.73,0,0
549.83,0,0
549.94,0,0
550.05,0,0
550.16,0,0
550.26,0,0
550.36,0,0
550.47,0,0
550.58,0,0
550.69,0,0
550.80,0,0
550.90,0,0
551.01,0,0
551.11,0,0
551.22,0,0
551.32,0,0
551.42,0,0
551.53,0,0
551.64,0,0
551.74,0,0
551.85,0,0
551.95,0,0
552.06,0,0
552.17,0,0
552.27,0,0
552.38,0,0
552.48,0,0
552.59,0,0
552.69,0,0
552.80,0,0
552.91,0,0
553.01,0,0
553.12,0,0
553.23,0,0
553.33,0,0
553.44,0,0
553.55,0,0
553.66,0,0
553.76,0,0
553.87,0,0
553.97,0,0
554.08,0,0
554.18,0,0
554.29,0,0
554.40,0,0
554.51,0,0
554.61,0,0
554.72,0,0
554.83,0,0
554.93,0,0
555.04,0,0
555.15,0,0
555.25,0,0
555.36,0,0
555.47,0,0
555.58,0,0
555.68,0,0
555.78,0,0
555.89,0,0
555.99,0,0
556.09,0,0
556.20,0,0
556.31,0,0
556.41,0,0
556.52,0,0
556.63,0,0
556.74,0,0
556.84,0,0
556.95,0,0
557.06,0,0
557.17,0,0
557.27,0,0
557.38,0,0
557.48,0,0
557.59,0,0
557.69,0,0
557.80,0,0
557.91,0,0
558.01,0,0
558.12,0,0
558.23,0,0
558.33,0,0
558.44,0,0
558.55,0,0
558.66,0,0
558.77,0,0
558.87,0,0
558.98,0,0
559.08,0,0
559.19,0,0
559.30,0,0
559.40,0,0
559.51,0,0
559.61,0,0
559.72,0,0
559.83,0,0
559.93,0,0
560.04,0,0
560.15,0,0
560.25,0,0
560.36,0,0
560.47,0,0
560.57,0,0
560.68,0,0
560.78,0,0
560.88,0,0
560.99,0,0
561.09,0,0
561.20,0,0
561.31,0,0
561.42,0,0
561.52,0,0
561.63,0,0
561.73,0,0
561.84,0,0
561.95,0,0
562.05,0,0
562.16,0,0
562.26,0,0
562.37,0,0
562.48,0,0
562.58,0,0
562.69,0,0
562.80,0,0
562.90,0,0
563.01,0,0
563.11,0,0
563.21,0,0
563.32,0,0
563.42,0,0
563.53,0,0
563.64,0,0
563.74,0,0
563.84,0,0
563.95,0,0
564.06,0,0
564.16,0,0
564.27,0,0
564.37,0,0
564.48,0,0
564.59,0,0
564.69,0,0
564.80,0,0
564.91,0,0
565.01,0,0
565.12,0,0
565.23,0,0
565.33,0,0
565.43,0,0
565.54,0,0
565.65,0,0
565.75,0,0
565.86,0,0
565.96,0,0
566.07,0,0
566.17,0,0
566.28,0,0
566.38,0,0
566.49,0,0
566.59,0,0
566.70,0,0
566.81,0,0
566.92,0,0
567.02,0,0
567.13,0,0
567.24,0,0
567.34,0,0
567.45,0,0
567.56,0,0
567.66,0,0
567.76,0,0
567.87,0,0
567.97,0,0
568.08,0,0
568.19,0,0
568.29,0,0
568.40,0,0
568.51,0,0
568.61,0,0
568.72,0,0
568.82,0,0
568.93,0,0
569.03,0,0
569.14,0,0
569.24,0,0
569.35,0,0
569.46,0,0
569.57,0,0
569.68,0,0
569.79,0,0
569.90,0,0
570.00,0,0
570.11,0,0
570.22,0,0
570.32,0,0
570.43,0,0
570.54,0,0
570.64,0,0
570.75,0,0
570.85,0,0
570.95,0,0
571.06,0,0
571.16,0,0
571.27,0,0
571.38,0,0
571.48,0,0
571.59,0,0
571.70,0,0
571.81,0,0
571.91,0,0
572.02,0,0
572.13,0,0
572.23,0,0
572.34,0,0
572.44,0,0
572.55,0,0
572.66,0,0
572.76,0,0
572.87,0,0
572.98,0,0
573.09,0,0
573.19,0,0
573.30,0,0
573.40,0,0
573.51,0,0
573.62,0,0
573.73,0,0
573.83,0,0
573.94,0,0
574.04,0,0
574.15,0,0
574.26,0,0
574.37,0,0
574.48,0,0
574.58,0,0
574.69,0,0
574.79,0,0
574.90,0,0
575.01,0,0
575.11,0,0
575.22,0,0
575.32,0,0
575.43,0,0
575.54,0,0
575.65,0,0
575.75,0,0
575.86,0,0
575.96,0,0
576.07,0,0
576.18,0,0
576.29,0,0
576.39,0,0
576.50,0,0
576.60,0,0
576.71,0,0
576.81,0,0
576.92,0,0
577.03,0,0
577.13,0,0
577.23,0,0
577.33,0,0
577.44,0,0
577.54,0,0
577.65,0,0
577.76,0,0
577.86,0,0
577.97,0,0
578.08,0,0
578.18,0,0
578.29,0,0
578.39,0,0
578.49,0,0
578.59,0,0
578.69,0,0
578.80,0,0
578.90,0,0
579.01,0,0
579.12,0,0
579.22,0,0
579.34,0,0
579.44,0,0
579.55,0,0
579.65,0,0
579.75,0,0
579.86,0,0
579.97,0,0
580.08,0,0
580.18,0,0
580.28,0,0
580.39,0,0
580.49,0,0
580.60,0,0
580.70,0,0
580.81,0,0
580.91,0,0
581.02,0,0
581.12,0,0
581.23,0,0
581.33,0,0
581.44,0,0
581.54,0,0
581.64,0,0
581.74,0,0
581.85,0,0
581.95,0,0
582.05,0,0
582.16,0,0
582.26,0,0
582.36,0,0
582.47,0,0
582.57,0,0
582.67,0,0
582.78,0,0
582.88,0,0
582.99,0,0
583.09,0,0
583.19,0,0
583.30,0,0
583.40,0,0
583.51,0,0
583.61,0,0
583.72,0,0
583.83,0,0
583.93,0,0
584.04,0,0
584.14,0,0
584.24,0,0
584.35,0,0
584.45,0,0
584.55,0,0
584.65,0,0
584.76,0,0
584.86,0,0
584.97,0,0
585.07,0,0
585.18,0,0
585.29,0,0
585.40,0,0
585.50,0,0
585.62,0,0
585.72,0,0
585.82,0,0
585.93,0,0
586.03,0,0
586.14,0,0
586.24,0,0
586.35,0,0
586.45,0,0
586.56,0,0
586.67,0,0
586.78,0,0
586.88,0,0
586.98,0,0
587.09,0,0
587.20,0,0
587.30,0,0
587.41,0,0
587.51,0,0
587.62,0,0
587.72,0,0
587.83,0,0
587.93,0,0
588.04,0,0
588.14,0,0
588.24,0,0
588.34,0,0
588.46,0,0
588.56,0,0
588.67,0,0
588.77,0,0
588.88,0,0
588.99,0,0
589.10,0,0
589.20,0,0
589.31,0,0
589.42,0,0
589.53,0,0
589.63,0,0
589.74,0,0
589.85,0,0
589.96,0,0
590.06,0,0
590.17,0,0
590.28,0,0
590.38,0,0
590.49,0,0
590.60,0,0
590.70,0,0
590.81,0,0
590.91,0,0
591.02,0,0
591.12,0,0
591.23,0,0
591.34,0,0
591.45,0,0
591.56,0,0
591.67,0,0
591.77,0,0
591.87,0,0
591.97,0,0
592.08,0,0
592.19,0,0
592.30,0,0
592.40,0,0
592.51,0,0
592.61,0,0
592.72,0,0
592.83,0,0
592.94,0,0
593.04,0,0
593.15,0,0
593.26,0,0
593.36,0,0
593.47,0,0
593.57,0,0
593.68,0,0
593.78,0,0
593.89,0,0
594.00,0,0
594.10,0,0
594.21,0,0
594.31,0,0
594.42,0,0
594.53,0,0
594.64,0,0
594.74,0,0
594.85,0,0
594.95,0,0
595.05,0,0
595.16,0,0
595.27,0,0
595.37,0,0
595.47,0,0
595.58,0,0
595.69,0,0
595.80,0,0
595.90,0,0
596.01,0,0
596.11,0,0
596.22,0,0
596.33,0,0
596.44,0,0
596.54,0,0
596.65,0,0
596.75,0,0
596.86,0,0
596.96,0,0
597.07,0,0
597.17,0,0
597.29,0,0
597.39,0,0
597.50,0,0
597.60,0,0
597.70,0,0
597.82,0,0
597.93,0,0
598.05,0,0
598.16,0,0
598.27,0,0
598.39,0,0
598.49,0,0
598.60,0,0
598.70,0,0
598.81,0,0
598.92,0,0
599.02,0,0
599.13,0,0
599.23,0,0
599.34,0,0
599.48,0,0
599.59,0,0
599.69,0,0
599.80,0,0
599.91,0,0
600.02,0,0
600.13,0,0
600.24,0,0
600.34,0,0
600.44,0,0
600.54,0,0
600.65,0,0
600.75,0,0
600.86,0,0
600.96,0,0
601.06,0,0
601.16,0,0
601.27,0,0
601.39,0,0
601.51,0,0
601.62,0,0
601.73,0,0
601.84,0,0
601.95,0,0
602.06,0,0
602.19,0,0
602.31,0,0
602.42,0,0
602.54,0,0
602.64,0,0
602.75,0,0
602.85,0,0
602.96,0,0
603.06,0,0
603.17,0,0
603.28,0,0
603.39,0,0
603.49,0,0
603.60,0,0
603.70,0,0
603.80,0,0
603.90,0,0
604.01,0,0
604.12,0,0
604.23,0,0
604.34,0,0
604.45,0,0
604.55,0,0
604.66,0,0
604.77,0,0
604.88,0,0
604.99,0,0
605.09,0,0
605.19,0,0
605.30,0,0
605.40,0,0
605.50,0,0
605.61,0,0
605.72,0,0
605.83,0,0
605.93,0,0
606.04,0,0
606.14,0,0
606.25,0,0
606.36,0,0
606.47,0,0
606.57,0,0
606.67,0,0
606.79,0,0
606.90,0,0
607.01,0,0
607.11,0,0
607.22,0,0
607.32,0,0
607.44,0,0
607.57,0,0
607.67,0,0
607.77,0,0
607.89,0,0
608.00,0,0
608.13,0,0
608.24,0,0
608.35,0,0
608.46,0,0
608.56,0,0
608.67,0,0
608.78,0,0
608.88,0,0
608.99,0,0
609.09,0,0
609.19,0,0
609.29,0,0
609.40,0,0
609.51,0,0
609.63,0,0
609.74,0,0
609.84,0,0
609.95,0,0
610.06,0,0
610.17,0,0
610.28,0,0
610.39,0,0
610.49,0,0
610.59,0,0
610.69,0,0
610.81,0,0
610.91,0,0
611.02,0,0
611.13,0,0
611.24,0,0
611.34,0,0
611.44,0,0
611.55,0,0
611.65,0,0
611.76,0,0
611.89,0,0
612.01,0,0
612.12,0,0
612.22,0,0
612.33,0,0
612.44,0,0
612.54,0,0
612.65,0,0
612.76,0,0
612.86,0,0
612.96,0,0
613.07,0,0
613.17,0,0
613.28,0,0
613.38,0,0
613.48,0,0
613.58,0,0
613.68,0,0
613.79,0,0
613.90,0,0
614.00,0,0
614.10,0,0
614.21,0,0
614.31,0,0
614.42,0,0
614.53,0,0
614.64,0,0
614.75,0,0
614.85,0,0
614.96,0,0
615.07,0,0
615.17,0,0
615.28,0,0
615.39,0,0
615.49,0,0
615.60,0,0
615.70,0,0
615.81,0,0
615.91,0,0
616.02,0,0
616.12,0,0
616.22,0,0
616.33,0,0
616.45,0,0
616.56,0,0
616.67,0,0
616.78,0,0
616.88,0,0
617.00,0,0
617.12,0,0
617.23,0,0
617.34,0,0
617.44,0,0
617.54,0,0
617.65,0,0
617.75,0,0
617.86,0,0
617.96,0,0
618.06,0,0
618.17,0,0
618.28,0,0
618.38,0,0
618.48,0,0
618.59,0,0
618.69,0,0
618.79,0,0
618.90,0,0
619.00,0,0
619.12,0,0
619.23,0,0
619.34,0,0
619.47,0,0
619.57,0,0
619.69,0,0
619.80,0,0
619.90,0,0
620.00,0,0
620.12,0,0
620.23,0,0
620.34,0,0
620.45,0,0
620.56,0,0
620.66,0,0
620.77,0,0
620.90,0,0
621.01,0,0
621.12,0,0
621.23,0,0
621.34,0,0
621.44,0,0
621.55,0,0
621.66,0,0
621.78,0,0
621.88,0,0
621.99,0,0
622.10,0,0
622.20,0,0
622.31,0,0
622.41,0,0
622.52,0,0
622.62,0,0
622.73,0,0
622.83,0,0
622.93,0,0
623.03,0,0
623.14,0,0
623.25,0,0
623.36,0,0
623.46,0,0
623.56,0,0
623.67,0,0
623.79,0,0
623.90,0,0
624.01,0,0
624.12,0,0
624.23,0,0
624.34,0,0
624.45,0,0
624.56,0,0
624.66,0,0
624.77,0,0
624.88,0,0
624.99,0,0
625.10,0,0
625.20,0,0
625.30,0,0
625.41,0,0
625.52,0,0
625.62,0,0
625.73,0,0
625.83,0,0
625.93,0,0
626.04,0,0
626.15,0,0
626.25,0,0
626.36,0,0
626.47,0,0
626.57,0,0
626.68,0,0
626.78,0,0
626.89,0,0
626.99,0,0
627.10,0,0
627.21,0,0
627.32,0,0
627.42,0,0
627.53,0,0
627.63,0,0
627.74,0,0
627.85,0,0
627.96,0,0
628.07,0,0
628.17,0,0
628.27,0,0
628.38,0,0
628.48,0,0
628.58,0,0
628.69,0,0
628.79,0,0
628.89,0,0
629.00,0,0
629.11,0,0
629.21,0,0
629.32,0,0
629.42,0,0
629.52,0,0
629.63,0,0
629.74,0,0
629.84,0,0
629.95,0,0
630.06,0,0
630.16,0,0
630.27,0,0
630.37,0,0
630.47,0,0
630.58,0,0
630.68,0,0
630.79,0,0
630.89,0,0
630.99,0,0
631.10,0,0
631.21,0,0
631.31,0,0
631.41,0,0
631.51,0,0
631.61,0,0
631.72,0,0
631.83,0,0
631.93,0,0
632.04,0,0
632.15,0,0
632.27,0,0
632.37,0,0
632.47,0,0
632.58,0,0
632.69,0,0
632.80,0,0
632.90,0,0
633.01,0,0
633.12,0,0
633.23,0,0
633.34,0,0
633.45,0,0
633.55,0,0
633.66,0,0
633.76,0,0
633.86,0,0
633.97,0,0
634.08,0,0
634.19,0,0
634.30,0,0
634.40,0,0
634.51,0,0
634.61,0,0
634.72,0,0
634.83,0,0
634.94,0,0
635.05,0,0
635.15,0,0
635.26,0,0
635.37,0,0
635.47,0,0
635.58,0,0
635.68,0,0
635.79,0,0
635.90,0,0
636.00,0,0
636.12,0,0
636.22,0,0
636.33,0,0
636.43,0,0
636.54,0,0
636.65,0,0
636.76,0,0
636.86,0,0
636.96,0,0
637.06,0,0
637.17,0,0
637.29,0,0
637.39,0,0
637.50,0,0
637.61,0,0
637.71,0,0
637.81,0,0
637.92,0,0
638.02,0,0
638.13,0,0
638.24,0,0
638.35,0,0
638.46,0,0
638.56,0,0
638.67,0,0
638.78,0,0
638.89,0,0
639.00,0,0
639.11,0,0
639.21,0,0
639.32,0,0
639.42,0,0
639.52,0,0
639.63,0,0
639.74,0,0
639.84,0,0
639.95,0,0
640.06,0,0
640.16,0,0
640.27,0,0
640.37,0,0
640.48,0,0
640.59,0,0
640.70,0,0
640.80,0,0
640.90,0,0
641.01,0,0
641.12,0,0
641.23,0,0
641.33,0,0
641.44,0,0
641.54,0,0
641.64,0,0
641.74,0,0
641.85,0,0
641.96,0,0
642.06,0,0
642.17,0,0
642.27,0,0
642.38,0,0
642.48,0,0
642.59,0,0
642.69,0,0
642.81,0,0
642.91,0,0
643.03,0,0
643.13,0,0
643.23,0,0
643.34,0,0
643.44,0,0
643.55,0,0
643.65,0,0
643.75,0,0
643.86,0,0
643.97,0,0
644.07,0,0
644.18,0,0
644.29,0,0
644.41,0,0
644.54,0,0
644.65,0,0
644.76,0,0
644.86,0,0
644.97,0,0
645.07,0,0
645.18,0,0
645.28,0,0
645.38,0,0
645.49,0,0
645.60,0,0
645.71,0,0
645.82,0,0
645.92,0,0
646.02,0,0
646.13,0,0
646.23,0,0
646.34,0,0
646.44,0,0
646.54,0,0
646.65,0,0
646.77,0,0
646.88,0,0
646.98,0,0
647.09,0,0
647.19,0,0
647.30,0,0
647.41,0,0
647.51,0,0
647.62,0,0
647.72,0,0
647.82,0,0
647.93,0,0
648.04,0,0
648.15,0,0
648.25,0,0
648.36,0,0
648.47,0,0
648.57,0,0
648.68,0,0
648.78,0,0
648.88,0,0
648.99,0,0
649.10,0,0
649.21,0,0
649.31,0,0
649.42,0,0
649.52,0,0
649.63,0,0
649.74,0,0
649.84,0,0
649.94,0,0
650.05,0,0
650.15,0,0
650.25,0,0
650.36,0,0
650.46,0,0
650.57,0,0
650.67,0,0
650.77,0,0
650.87,0,0
650.98,0,0
651.09,0,0
651.19,0,0
651.29,0,0
651.40,0,0
651.51,0,0
651.62,0,0
651.72,0,0
651.83,0,0
651.93,0,0
652.04,0,0
652.14,0,0
652.25,0,0
652.36,0,0
652.47,0,0
652.58,0,0
652.68,0,0
652.82,0,0
652.93,0,0
653.03,0,0
653.13,0,0
653.24,0,0
653.34,0,0
653.44,0,0
653.55,0,0
653.66,0,0
653.77,0,0
653.87,0,0
653.98,0,0
654.09,0,0
654.20,0,0
654.30,0,0
654.40,0,0
654.51,0,0
654.62,0,0
654.72,0,0
654.83,0,0
654.93,0,0
655.04,0,0
655.14,0,0
655.25,0,0
655.36,0,0
655.47,0,0
655.58,0,0
655.69,0,0
655.79,0,0
655.90,0,0
656.01,0,0
656.12,0,0
656.22,0,0
656.32,0,0
656.43,0,0
656.54,0,0
656.64,0,0
656.75,0,0
656.86,0,0
656.96,0,0
657.06,0,0
657.17,0,0
657.28,0,0
657.39,0,0
657.49,0,0
657.59,0,0
657.70,0,0
657.80,0,0
657.91,0,0
658.01,0,0
658.11,0,0
658.22,0,0
658.33,0,0
658.43,0,0
658.54,0,0
658.64,0,0
658.75,0,0
658.85,0,0
658.96,0,0
659.07,0,0
659.18,0,0
659.28,0,0
659.39,0,0
659.49,0,0
659.59,0,0
659.70,0,0
659.80,0,0
659.90,0,0
660.01,0,0
660.12,0,0
660.22,0,0
660.33,0,0
660.44,0,0
660.55,0,0
660.66,0,0
660.76,0,0
660.87,0,0
660.98,0,0
661.09,0,0
661.19,0,0
661.29,0,0
661.40,0,0
661.50,0,0
661.60,0,0
661.71,0,0
661.81,0,0
661.92,0,0
662.02,0,0
662.13,0,0
662.23,0,0
662.34,0,0
662.44,0,0
662.55,0,0
662.66,0,0
662.77,0,0
662.87,0,0
662.97,0,0
663.08,0,0
663.18,0,0
663.28,0,0
663.38,0,0
663.49,0,0
663.60,0,0
663.71,0,0
663.82,0,0
663.92,0,0
664.02,0,0
664.13,0,0
664.24,0,0
664.35,0,0
664.46,0,0
664.56,0,0
664.67,0,0
664.78,0,0
664.89,0,0
664.99,0,0
665.10,0,0
665.21,0,0
665.31,0,0
665.41,0,0
665.52,0,0
665.62,0,0
665.73,0,0
665.84,0,0
665.95,0,0
666.05,0,0
666.16,0,0
666.26,0,0
666.37,0,0
666.47,0,0
666.58,0,0
666.69,0,0
666.79,0,0
666.90,0,0
667.00,0,0
667.11,0,0
667.21,0,0
667.32,0,0
667.43,0,0
667.53,0,0
667.63,0,0
667.74,0,0
667.85,0,0
667.96,0,0
668.06,0,0
668.17,0,0
668.28,0,0
668.39,0,0
668.50,0,0
668.60,0,0
668.71,0,0
668.82,0,0
668.93,0,0
669.04,0,0
669.14,0,0
669.25,0,0
669.36,0,0
669.46,0,0
669.56,0,0
669.67,0,0
669.78,0,0
669.89,0,0
669.99,0,0
670.09,0,0
670.20,0,0
670.31,0,0
670.42,0,0
670.52,0,0
670.63,0,0
670.73,0,0
670.83,0,0
670.93,0,0
671.03,0,0
671.14,0,0
671.24,0,0
671.35,0,0
671.45,0,0
671.56,0,0
671.67,0,0
671.78,0,0
671.88,0,0
671.98,0,0
672.09,0,0
672.20,0,0
672.31,0,0
672.41,0,0
672.52,0,0
672.62,0,0
672.73,0,0
672.84,0,0
672.94,0,0
673.05,0,0
673.15,0,0
673.26,0,0
673.36,0,0
673.47,0,0
673.58,0,0
673.68,0,0
673.79,0,0
673.90,0,0
674.00,0,0
674.11,0,0
674.22,0,0
674.33,0,0
674.43,0,0
674.53,0,0
674.64,0,0
674.75,0,0
674.86,0,0
674.96,0,0
675.07,0,0
675.17,0,0
675.27,0,0
675.38,0,0
675.49,0,0
675.60,0,0
675.70,0,0
675.81,0,0
675.91,0,0
676.02,0,0
676.12,0,0
676.22,0,0
676.33,0,0
676.44,0,0
676.54,0,0
676.64,0,0
676.75,0,0
676.86,0,0
676.97,0,0
677.07,0,0
677.17,0,0
677.28,0,0
677.38,0,0
677.49,0,0
677.59,0,0
677.70,0,0
677.80,0,0
677.91,0,0
678.01,0,0
678.12,0,0
678.23,0,0
678.33,0,0
678.44,0,0
678.54,0,0
678.64,0,0
678.75,0,0
678.86,0,0
678.97,0,0
679.07,0,0
679.18,0,0
679.28,0,0
679.39,0,0
679.49,0,0
679.60,0,0
679.70,0,0
679.81,0,0
679.91,0,0
680.02,0,0
680.12,0,0
680.22,0,0
680.33,0,0
680.44,0,0
680.55,0,0
680.65,0,0
680.76,0,0
680.87,0,0
680.97,0,0
681.08,0,0
681.19,0,0
681.29,0,0
681.40,0,0
681.51,0,0
681.62,0,0
681.72,0,0
681.82,0,0
681.92,0,0
682.03,0,0
682.13,0,0
682.24,0,0
682.34,0,0
682.45,0,0
682.56,0,0
682.66,0,0
682.77,0,0
682.87,0,0
682.98,0,0
683.09,0,0
683.19,0,0
683.30,0,0
683.40,0,0
683.50,0,0
683.60,0,0
683.71,0,0
683.82,0,0
683.93,0,0
684.04,0,0
684.14,0,0
684.24,0,0
684.35,0,0
684.46,0,0
684.57,0,0
684.67,0,0
684.78,0,0
684.89,0,0
684.99,0,0
685.10,0,0
685.21,0,0
685.32,0,0
685.43,0,0
685.53,0,0
685.64,0,0
685.75,0,0
685.86,0,0
685.96,0,0
686.07,0,0
686.17,0,0
686.27,0,0
686.38,0,0
686.48,0,0
686.59,0,0
686.69,0,0
686.80,0,0
686.91,0,0
687.02,0,0
687.12,0,0
687.22,0,0
687.33,0,0
687.43,0,0
687.54,0,0
687.64,0,0
687.75,0,0
687.85,0,0
687.96,0,0
688.07,0,0
688.17,0,0
688.28,0,0
688.38,0,0
688.49,0,0
688.60,0,0
688.70,0,0
688.81,0,0
688.92,0,0
689.02,0,0
689.13,0,0
689.23,0,0
689.34,0,0
689.44,0,0
689.55,0,0
689.66,0,0
689.77,0,0
689.87,0,0
689.98,0,0
690.09,0,0
690.20,0,0
690.30,0,0
690.40,0,0
690.52,0,0
690.62,0,0
690.73,0,0
690.84,0,0
690.95,0,0
691.06,0,0
691.16,0,0
691.26,0,0
691.36,0,0
691.47,0,0
691.58,0,0
691.69,0,0
691.80,0,0
691.90,0,0
692.00,0,0
692.11,0,0
692.22,0,0
692.33,0,0
692.43,0,0
692.54,0,0
692.64,0,0
692.75,0,0
692.85,0,0
692.95,0,0
693.06,0,0
693.16,0,0
693.27,0,0
693.38,0,0
693.49,0,0
693.59,0,0
693.70,0,0
693.81,0,0
693.91,0,0
694.02,0,0
694.13,0,0
694.24,0,0
694.34,0,0
694.45,0,0
694.56,0,0
694.66,0,0
694.77,0,0
694.87,0,0
694.98,0,0
695.08,0,0
695.19,0,0
695.29,0,0
695.39,0,0
695.50,0,0
695.61,0,0
695.71,0,0
695.81,0,0
695.91,0,0
696.02,0,0
696.12,0,0
696.23,0,0
696.34,0,0
696.44,0,0
696.55,0,0
696.65,0,0
696.76,0,0
696.87,0,0
696.97,0,0
697.08,0,0
697.19,0,0
697.29,0,0
697.40,0,0
697.51,0,0
697.62,0,0
697.72,0,0
697.83,0,0
697.93,0,0
698.03,0,0
698.14,0,0
698.24,0,0
698.35,0,0
698.46,0,0
698.56,0,0
698.66,0,0
698.76,0,0
698.87,0,0
698.97,0,0
699.08,0,0
699.19,0,0
699.29,0,0
699.40,0,0
699.50,0,0
699.60,0,0
699.71,0,0
699.82,0,0
699.93,0,0
700.03,0,0
700.14,0,0
700.25,0,0
700.35,0,0
700.46,0,0
700.57,0,0
700.68,0,0
700.78,0,0
700.89,0,0
700.99,0,0
701.10,0,0
701.20,0,0
701.32,0,0
701.42,0,0
701.52,0,0
701.63,0,0
701.73,0,0
701.84,0,0
701.94,0,0
702.05,0,0
702.16,0,0
702.27,0,0
702.37,0,0
702.48,0,0
702.58,0,0
702.69,0,0
702.79,0,0
702.90,0,0
703.01,0,0
703.11,0,0
703.21,0,0
703.32,0,0
703.43,0,0
703.53,0,0
703.64,0,0
703.74,0,0
703.85,0,0
703.95,0,0
704.06,0,0
704.17,0,0
704.28,0,0
704.39,0,0
704.50,0,0
704.61,0,0
704.72,0,0
704.82,0,0
704.93,0,0
705.03,0,0
705.13,0,0
705.25,0,0
705.35,0,0
705.46,0,0
705.56,0,0
705.68,0,0
705.79,0,0
705.90,0,0
706.00,0,0
706.12,0,0
706.22,0,0
706.32,0,0
706.42,0,0
706.53,0,0
706.64,0,0
706.75,0,0
706.86,0,0
706.97,0,0
707.07,0,0
707.18,0,0
707.28,0,0
707.38,0,0
707.49,0,0
707.59,0,0
707.70,0,0
707.80,0,0
707.90,0,0
708.00,0,0
708.11,0,0
708.22,0,0
708.32,0,0
708.42,0,0
708.53,0,0
708.63,0,0
708.74,0,0
708.85,0,0
708.95,0,0
709.05,0,0
709.16,0,0
709.27,0,0
709.38,0,0
709.49,0,0
709.59,0,0
709.69,0,0
709.79,0,0
709.89,0,0
710.00,0,0
710.11,0,0
710.21,0,0
710.32,0,0
710.43,0,0
710.54,0,0
710.65,0,0
710.75,0,0
710.85,0,0
710.96,0,0
711.06,0,0
711.17,0,0
711.28,0,0
711.39,0,0
711.49,0,0
711.60,0,0
711.70,0,0
711.80,0,0
711.90,0,0
712.01,0,0
712.11,0,0
712.22,0,0
712.32,0,0
712.43,0,0
712.53,0,0
712.64,0,0
712.74,0,0
712.84,0,0
712.94,0,0
713.05,0,0
713.16,0,0
713.26,0,0
713.36,0,0
713.47,0,0
713.58,0,0
713.68,0,0
713.79,0,0
713.89,0,0
713.99,0,0
714.10,0,0
714.21,0,0
714.32,0,0
714.42,0,0
714.53,0,0
714.64,0,0
714.74,0,0
714.85,0,0
714.96,0,0
715.07,0,0
715.17,0,0
715.27,0,0
715.38,0,0
715.49,0,0
715.59,0,0
715.69,0,0
715.80,0,0
715.90,0,0
716.01,0,0
716.11,0,0
716.22,0,0
716.33,0,0
716.44,0,0
716.55,0,0
716.65,0,0
716.76,0,0
716.87,0,0
716.98,0,0
717.08,0,0
717.18,0,0
717.28,0,0
717.39,0,0
717.49,0,0
717.60,0,0
717.71,0,0
717.81,0,0
717.92,0,0
718.02,0,0
718.13,0,0
718.23,0,0
718.33,0,0
718.44,0,0
718.55,0,0
718.65,0,0
718.76,0,0
718.86,0,0
718.97,0,0
719.07,0,0
719.19,0,0
719.29,0,0
719.39,0,0
719.50,0,0
719.60,0,0
719.71,0,0
719.81,0,0
719.92,0,0
720.02,0,0
720.13,0,0
720.23,0,0
720.34,0,0
720.45,0,0
720.55,0,0
720.66,0,0
720.76,0,0
720.87,0,0
720.97,0,0
721.08,0,0
721.19,0,0
721.30,0,0
721.40,0,0
721.51,0,0
721.62,0,0
721.73,0,0
721.83,0,0
721.94,0,0
722.04,0,0
722.15,0,0
722.25,0,0
722.36,0,0
722.46,0,0
722.56,0,0
722.67,0,0
722.77,0,0
722.88,0,0
722.99,0,0
723.09,0,0
723.19,0,0
723.30,0,0
723.40,0,0
723.51,0,0
723.61,0,0
723.72,0,0
723.83,0,0
723.93,0,0
724.04,0,0
724.15,0,0
724.25,0,0
724.36,0,0
724.47,0,0
724.57,0,0
724.68,0,0
724.78,0,0
724.89,0,0
724.99,0,0
725.09,0,0
725.21,0,0
725.31,0,0
725.41,0,0
725.52,0,0
725.62,0,0
725.73,0,0
725.83,0,0
725.94,0,0
726.05,0,0
726.15,0,0
726.26,0,0
726.36,0,0
726.46,0,0
726.56,0,0
726.67,0,0
726.77,0,0
726.88,0,0
726.99,0,0
727.09,0,0
727.20,0,0
727.30,0,0
727.41,0,0
727.51,0,0
727.62,0,0
727.72,0,0
727.83,0,0
727.93,0,0
728.04,0,0
728.14,0,0
728.24,0,0
728.34,0,0
728.45,0,0
728.55,0,0
728.66,0,0
728.76,0,0
728.86,0,0
728.97,0,0
729.08,0,0
729.19,0,0
729.29,0,0
729.39,0,0
729.49,0,0
729.60,0,0
729.71,0,0
729.82,0,0
729.93,0,0
730.03,0,0
730.13,0,0
730.24,0,0
730.35,0,0
730.45,0,0
730.55,0,0
730.66,0,0
730.77,0,0
730.88,0,0
730.98,0,0
731.08,0,0
731.18,0,0
731.29,0,0
731.40,0,0
731.51,0,0
731.61,0,0
731.72,0,0
731.83,0,0
731.93,0,0
732.03,0,0
732.14,0,0
732.24,0,0
732.35,0,0
732.45,0,0
732.56,0,0
732.67,0,0
732.78,0,0
732.88,0,0
732.99,0,0
733.09,0,0
733.20,0,0
733.30,0,0
733.41,0,0
733.52,0,0
733.62,0,0
733.73,0,0
733.83,0,0
733.93,0,0
734.04,0,0
734.14,0,0
734.25,0,0
734.35,0,0
734.46,0,0
734.56,0,0
734.67,0,0
734.77,0,0
734.88,0,0
734.98,0,0
735.09,0,0
735.19,0,0
735.30,0,0
735.41,0,0
735.51,0,0
735.62,0,0
735.72,0,0
735.83,0,0
735.94,0,0
736.04,0,0
736.15,0,0
736.25,0,0
736.36,0,0
736.47,0,0
736.58,0,0
736.68,0,0
736.79,0,0
736.89,0,0
737.00,0,0
737.10,0,0
737.21,0,0
737.31,0,0
737.41,0,0
737.53,0,0
737.63,0,0
737.74,0,0
737.85,0,0
737.96,0,0
738.07,0,0
738.18,0,0
738.29,0,0
738.40,0,0
738.50,0,0
738.61,0,0
738.72,0,0
738.82,0,0
738.92,0,0
739.02,0,0
739.13,0,0
739.24,0,0
739.35,0,0
739.45,0,0
739.55,0,0
739.66,0,0
739.77,0,0
739.88,0,0
739.98,0,0
740.08,0,0
740.19,0,0
740.29,0,0
740.40,0,0
740.50,0,0
740.61,0,0
740.72,0,0
740.83,0,0
740.93,0,0
741.03,0,0
741.14,0,0
741.25,0,0
741.36,0,0
741.46,0,0
741.56,0,0
741.67,0,0
741.78,0,0
741.89,0,0
741.99,0,0
742.10,0,0
742.21,0,0
742.32,0,0
742.42,0,0
742.53,0,0
742.63,0,0
742.73,0,0
742.84,0,0
742.95,0,0
743.05,0,0
743.15,0,0
743.26,0,0
743.37,0,0
743.47,0,0
743.58,0,0
743.68,0,0
743.79,0,0
743.89,0,0
744.00,0,0
744.10,0,0
744.20,0,0
744.31,0,0
744.42,0,0
744.53,0,0
744.63,0,0
744.73,0,0
744.84,0,0
744.95,0,0
745.05,0,0
745.16,0,0
745.26,0,0
745.37,0,0
745.47,0,0
745.57,0,0
745.68,0,0
745.78,0,0
745.90,0,0
746.00,0,0
746.11,0,0
746.23,0,0
746.34,0,0
746.45,0,0
746.55,0,0
746.66,0,0
746.76,0,0
746.86,0,0
746.97,0,0
747.08,0,0
747.19,0,0
747.30,0,0
747.41,0,0
747.51,0,0
747.61,0,0
747.72,0,0
747.82,0,0
747.92,0,0
748.02,0,0
748.13,0,0
748.24,0,0
748.35,0,0
748.45,0,0
748.55,0,0
748.66,0,0
748.76,0,0
748.87,0,0
748.97,0,0
749.08,0,0
749.19,0,0
749.29,0,0
749.40,0,0
749.50,0,0
749.60,0,0
749.70,0,0
749.81,0,0
749.92,0,0
750.02,0,0
750.13,0,0
750.24,0,0
750.34,0,0
750.44,0,0
750.55,0,0
750.66,0,0
750.77,0,0
750.88,0,0
750.98,0,0
751.09,0,0
751.19,0,0
751.31,0,0
751.42,0,0
751.52,0,0
751.62,0,0
751.73,0,0
751.83,0,0
751.93,0,0
752.03,0,0
752.13,0,0
752.24,0,0
752.35,0,0
752.45,0,0
752.55,0,0
752.66,0,0
752.78,0,0
752.89,0,0
753.00,0,0
753.11,0,0
753.22,0,0
753.32,0,0
753.43,0,0
753.54,0,0
753.64,0,0
753.75,0,0
753.85,0,0
753.95,0,0
754.06,0,0
754.17,0,0
754.28,0,0
754.38,0,0
754.49,0,0
754.60,0,0
754.70,0,0
754.81,0,0
754.92,0,0
755.03,0,0
755.13,0,0
755.24,0,0
755.35,0,0
755.46,0,0
755.56,0,0
755.67,0,0
755.78,0,0
755.88,0,0
755.99,0,0
756.09,0,0
756.20,0,0
756.30,0,0
756.41,0,0
756.51,0,0
756.61,0,0
756.72,0,0
756.82,0,0
756.93,0,0
757.04,0,0
757.15,0,0
757.25,0,0
757.36,0,0
757.47,0,0
757.58,0,0
757.68,0,0
757.78,0,0
757.89,0,0
757.99,0,0
758.10,0,0
758.21,0,0
758.32,0,0
758.42,0,0
758.53,0,0
758.64,0,0
758.74,0,0
758.85,0,0
758.96,0,0
759.06,0,0
759.17,0,0
759.27,0,0
759.38,0,0
759.49,0,0
759.59,0,0
759.70,0,0
759.81,0,0
759.91,0,0
760.01,0,0
760.12,0,0
760.23,0,0
760.34,0,0
760.44,0,0
760.55,0,0
760.66,0,0
760.77,0,0
760.87,0,0
760.98,0,0
761.09,0,0
761.19,0,0
761.30,0,0
761.41,0,0
761.51,0,0
761.62,0,0
761.73,0,0
761.83,0,0
761.94,0,0
762.05,0,0
762.15,0,0
762.26,0,0
762.37,0,0
762.47,0,0
762.58,0,0
762.68,0,0
762.79,0,0
762.89,0,0
763.00,0,0
763.10,0,0
763.21,0,0
763.32,0,0
763.42,0,0
763.53,0,0
763.64,0,0
763.74,0,0
763.85,0,0
763.96,0,0
764.06,0,0
764.17,0,0
764.28,0,0
764.38,0,0
764.49,0,0
764.60,0,0
764.70,0,0
764.80,0,0
764.90,0,0
765.01,0,0
765.12,0,0
765.22,0,0
765.33,0,0
765.44,0,0
765.55,0,0
765.66,0,0
765.76,0,0
765.87,0,0
765.98,0,0
766.08,0,0
766.19,0,0
766.29,0,0
766.40,0,0
766.50,0,0
766.61,0,0
766.72,0,0
766.82,0,0
766.93,0,0
767.03,0,0
767.14,0,0
767.25,0,0
767.36,0,0
767.46,0,0
767.57,0,0
767.68,0,0
767.78,0,0
767.88,0,0
767.99,0,0
768.10,0,0
768.20,0,0
768.31,0,0
768.41,0,0
768.52,0,0
768.63,0,0
768.73,0,0
768.84,0,0
768.95,0,0
769.05,0,0
769.16,0,0
769.27,0,0
769.37,0,0
769.47,0,0
769.58,0,0
769.69,0,0
769.79,0,0
769.90,0,0
770.01,0,0
770.12,0,0
770.22,0,0
770.33,0,0
770.44,0,0
770.54,0,0
770.65,0,0
770.76,0,0
770.87,0,0
770.98,0,0
771.08,0,0
771.19,0,0
771.30,0,0
771.41,0,0
771.51,0,0
771.62,0,0
771.73,0,0
771.83,0,0
771.94,0,0
772.04,0,0
772.15,0,0
772.26,0,0
772.37,0,0
772.47,0,0
772.58,0,0
772.69,0,0
772.79,0,0
772.90,0,0
773.01,0,0
773.11,0,0
773.22,0,0
773.33,0,0
773.43,0,0
773.54,0,0
773.65,0,0
773.75,0,0
773.86,0,0
773.97,0,0
774.08,0,0
774.18,0,0
774.29,0,0
774.40,0,0
774.50,0,0
774.61,0,0
774.72,0,0
774.84,0,0
774.95,0,0
775.05,0,0
775.16,0,0
775.27,0,0
775.37,0,0
775.48,0,0
775.58,0,0
775.69,0,0
775.79,0,0
775.90,0,0
776.00,0,0
776.11,0,0
776.21,0,0
776.32,0,0
776.42,0,0
776.53,0,0
776.64,0,0
776.74,0,0
776.85,0,0
776.95,0,0
777.06,0,0
777.16,0,0
777.27,0,0
777.38,0,0
777.49,0,0
777.60,0,0
777.70,0,0
777.81,0,0
777.91,0,0
778.01,0,0
778.12,0,0
778.22,0,0
778.32,0,0
778.43,0,0
778.53,0,0
778.64,0,0
778.74,0,0
778.85,0,0
778.95,0,0
779.05,0,0
779.16,0,0
779.26,0,0
779.37,0,0
779.48,0,0
779.58,0,0
779.69,0,0
779.80,0,0
779.90,0,0
780.00,0,0
780.11,0,0
780.22,0,0
780.32,0,0
780.43,0,0
780.53,0,0
780.63,0,0
780.74,0,0
780.85,0,0
780.95,0,0
781.06,0,0
781.17,0,0
781.27,0,0
781.37,0,0
781.48,0,0
781.58,0,0
781.69,0,0
781.79,0,0
781.90,0,0
782.00,0,0
782.11,0,0
782.22,0,0
782.32,0,0
782.42,0,0
782.53,0,0
782.64,0,0
782.74,0,0
782.85,0,0
782.96,0,0
783.07,0,0
783.17,0,0
783.28,0,0
783.38,0,0
783.49,0,0
783.60,0,0
783.70,0,0
783.81,0,0
783.91,0,0
784.02,0,0
784.13,0,0
784.23,0,0
784.34,0,0
784.45,0,0
784.56,0,0
784.66,0,0
784.77,0,0
784.88,0,0
784.98,0,0
785.09,0,0
785.20,0,0
785.31,0,0
785.42,0,0
785.52,0,0
785.62,0,0
785.73,0,0
785.83,0,0
785.94,0,0
786.05,0,0
786.16,0,0
786.26,0,0
786.37,0,0
786.47,0,0
786.58,0,0
786.69,0,0
786.79,0,0
786.90,0,0
787.01,0,0
787.12,0,0
787.22,0,0
787.33,0,0
787.44,0,0
787.54,0,0
787.65,0,0
787.76,0,0
787.86,0,0
787.97,0,0
788.08,0,0
788.18,0,0
788.29,0,0
788.40,0,0
788.51,0,0
788.61,0,0
788.72,0,0
788.83,0,0
788.93,0,0
789.04,0,0
789.14,0,0
789.25,0,0
789.35,0,0
789.45,0,0
789.56,0,0
789.68,0,0
789.79,0,0
789.90,0,0
790.00,0,0
790.11,0,0
790.22,0,0
790.32,0,0
790.43,0,0
790.53,0,0
790.63,0,0
790.73,0,0
790.84,0,0
790.95,0,0
791.05,0,0
791.16,0,0
791.27,0,0
791.38,0,0
791.48,0,0
791.58,0,0
791.69,0,0
791.81,0,0
791.92,0,0
792.03,0,0
792.14,0,0
792.25,0,0
792.35,0,0
792.46,0,0
792.56,0,0
792.67,0,0
792.77,0,0
792.89,0,0
792.99,0,0
793.10,0,0
793.20,0,0
793.31,0,0
793.41,0,0
793.52,0,0
793.63,0,0
793.73,0,0
793.85,0,0
793.96,0,0
794.07,0,0
794.17,0,0
794.28,0,0
794.38,0,0
794.49,0,0
794.59,0,0
794.70,0,0
794.80,0,0
794.91,0,0
795.02,0,0
795.12,0,0
795.23,0,0
795.34,0,0
795.45,0,0
795.55,0,0
795.66,0,0
795.76,0,0
795.86,0,0
795.97,0,0
796.08,0,0
796.19,0,0
796.29,0,0
796.40,0,0
796.51,0,0
796.61,0,0
796.72,0,0
796.83,0,0
796.94,0,0
797.05,0,0
797.16,0,0
797.27,0,0
797.39,0,0
797.49,0,0
797.60,0,0
797.71,0,0
797.82,0,0
797.92,0,0
798.03,0,0
798.13,0,0
798.26,0,0
798.37,0,0
798.48,0,0
798.59,0,0
798.69,0,0
798.80,0,0
798.90,0,0
799.01,0,0
799.11,0,0
799.23,0,0
799.34,0,0
799.44,0,0
799.54,0,0
799.64,0,0
799.76,0,0
799.87,0,0
799.97,0,0
800.09,0,0
800.20,0,0
800.31,0,0
800.41,0,0
800.54,0,0
800.65,0,0
800.76,0,0
800.86,0,0
800.97,0,0
801.32,0,0
801.47,0,0
801.58,0,0
801.70,0,0
801.82,0,0
801.93,0,0
802.05,0,0
802.18,0,0
802.29,0,0
802.40,0,0
802.51,0,0
802.62,0,0
802.74,0,0
802.84,0,0
802.94,0,0
803.05,0,0
803.16,0,0
803.27,0,0
803.38,0,0
803.49,0,0
803.60,0,0
803.70,0,0
803.81,0,0
803.92,0,0
804.03,0,0
804.13,0,0
804.24,0,0
804.34,0,0
804.44,0,0
804.78,0,0
804.89,0,0
805.04,0,0
805.14,0,0
805.24,0,0
805.34,0,0
805.46,0,0
805.56,0,0
805.68,0,0
805.79,0,0
805.91,0,0
806.02,0,0
806.13,0,0
806.24,0,0
806.34,0,0
806.46,0,0
806.58,0,0
806.68,0,0
806.79,0,0
806.90,0,0
807.00,0,0
807.11,0,0
807.23,0,0
807.34,0,0
807.45,0,0
807.57,0,0
807.67,0,0
807.80,0,0
807.91,0,0
808.02,0,0
808.13,0,0
808.23,0,0
808.33,0,0
808.45,0,0
808.56,0,0
808.67,0,0
808.77,0,0
808.89,0,0
809.00,0,0
809.10,0,0
809.21,0,0
809.31,0,0
809.42,0,0
809.52,0,0
809.63,0,0
809.74,0,0
809.84,0,0
809.94,0,0
810.06,0,0
810.17,0,0
810.28,0,0
810.38,0,0
810.49,0,0
810.59,0,0
810.70,0,0
810.82,0,0
810.93,0,0
811.04,0,0
811.14,0,0
811.25,0,0
811.36,0,0
811.47,0,0
811.58,0,0
811.68,0,0
811.79,0,0
811.90,0,0
812.02,0,0
812.13,0,0
812.24,0,0
812.35,0,0
812.45,0,0
812.56,0,0
812.68,0,0
812.79,0,0
812.90,0,0
813.01,0,0
813.12,0,0
813.23,0,0
813.33,0,0
813.43,0,0
813.54,0,0
813.65,0,0
813.76,0,0
813.87,0,0
813.97,0,0
814.08,0,0
814.19,0,0
814.30,0,0
814.41,0,0
814.51,0,0
814.62,0,0
814.73,0,0
814.84,0,0
814.95,0,0
815.06,0,0
815.18,0,0
815.29,0,0
815.39,0,0
815.49,0,0
815.60,0,0
815.70,0,0
815.81,0,0
815.92,0,0
816.03,0,0
816.13,0,0
816.24,0,0
816.35,0,0
816.45,0,0
816.56,0,0
816.67,0,0
816.77,0,0
816.87,0,0
816.98,0,0
817.08,0,0
817.19,0,0
817.29,0,0
817.39,0,0
817.50,0,0
817.60,0,0
817.70,0,0
817.81,0,0
817.92,0,0
818.02,0,0
818.13,0,0
818.23,0,0
818.34,0,0
818.45,0,0
818.56,0,0
818.67,0,0
818.77,0,0
818.87,0,0
818.98,0,0
819.09,0,0
819.20,0,0
819.31,0,0
819.41,0,0
819.51,0,0
819.62,0,0
819.74,0,0
819.85,0,0
819.96,0,0
820.06,0,0
820.17,0,0
820.28,0,0
820.39,0,0
820.50,0,0
820.61,0,0
820.71,0,0
820.81,0,0
820.92,0,0
821.03,0,0
821.13,0,0
821.24,0,0
821.34,0,0
821.45,0,0
821.55,0,0
821.65,0,0
821.76,0,0
821.87,0,0
821.97,0,0
822.08,0,0
822.19,0,0
822.29,0,0
822.39,0,0
822.49,0,0
822.59,0,0
822.70,0,0
822.81,0,0
822.91,0,0
823.02,0,0
823.13,0,0
823.24,0,0
823.34,0,0
823.45,0,0
823.55,0,0
823.65,0,0
823.75,0,0
823.86,0,0
823.96,0,0
824.08,0,0
824.18,0,0
824.28,0,0
824.39,0,0
824.49,0,0
824.59,0,0
824.70,0,0
824.81,0,0
824.91,0,0
825.02,0,0
825.12,0,0
825.23,0,0
825.34,0,0
825.44,0,0
825.55,0,0
825.65,0,0
825.75,0,0
825.86,0,0
825.96,0,0
826.07,0,0
826.17,0,0
826.28,0,0
826.38,0,0
826.48,0,0
826.59,0,0
826.69,0,0
826.79,0,0
826.89,0,0
827.00,0,0
827.10,0,0
827.21,0,0
827.31,0,0
827.42,0,0
827.53,0,0
827.64,0,0
827.74,0,0
827.84,0,0
827.94,0,0
828.05,0,0
828.15,0,0
828.25,0,0
828.35,0,0
828.46,0,0
828.57,0,0
828.67,0,0
828.78,0,0
828.88,0,0
828.99,0,0
829.10,0,0
829.20,0,0
829.30,0,0
829.41,0,0
829.52,0,0
829.62,0,0
829.72,0,0
829.83,0,0
829.94,0,0
830.05,0,0
830.16,0,0
830.27,0,0
830.37,0,0
830.48,0,0
830.58,0,0
830.69,0,0
830.79,0,0
830.89,0,0
830.99,0,0
831.10,0,0
831.20,0,0
831.30,0,0
831.40,0,0
831.51,0,0
831.61,0,0
831.71,0,0
831.81,0,0
831.92,0,0
832.02,0,0
832.13,0,0
832.23,0,0
832.34,0,0
832.45,0,0
832.56,0,0
832.66,0,0
832.77,0,0
832.87,0,0
832.97,0,0
833.08,0,0
833.18,0,0
833.29,0,0
833.39,0,0
833.50,0,0
833.61,0,0
833.72,0,0
833.84,0,0
833.94,0,0
834.04,0,0
834.15,0,0
834.25,0,0
834.36,0,0
834.47,0,0
834.57,0,0
834.68,0,0
834.79,0,0
834.89,0,0
835.00,0,0
835.10,0,0
835.20,0,0
835.31,0,0
835.42,0,0
835.53,0,0
835.63,0,0
835.74,0,0
835.85,0,0
835.96,0,0
836.06,0,0
836.16,0,0
836.26,0,0
836.37,0,0
836.48,0,0
836.59,0,0
836.69,0,0
836.79,0,0
836.90,0,0
837.01,0,0
837.11,0,0
837.22,0,0
837.32,0,0
837.42,0,0
837.52,0,0
837.63,0,0
837.73,0,0
837.83,0,0
837.94,0,0
838.05,0,0
838.16,0,0
838.26,0,0
838.37,0,0
838.47,0,0
838.58,0,0
838.68,0,0
838.79,0,0
838.89,0,0
839.00,0,0
839.10,0,0
839.21,0,0
839.31,0,0
839.42,0,0
839.52,0,0
839.63,0,0
839.73,0,0
839.84,0,0
839.95,0,0
840.05,0,0
840.16,0,0
840.27,0,0
840.38,0,0
840.48,0,0
840.58,0,0
840.68,0,0
840.79,0,0
840.90,0,0
841.00,0,0
841.11,0,0
841.22,0,0
841.32,0,0
841.42,0,0
841.53,0,0
841.63,0,0
841.74,0,0
841.84,0,0
841.95,0,0
842.06,0,0
842.16,0,0
842.27,0,0
842.38,0,0
842.48,0,0
842.61,0,0
842.71,0,0
842.83,0,0
842.93,0,0
843.04,0,0
843.14,0,0
843.25,0,0
843.36,0,0
843.46,0,0
843.57,0,0
843.67,0,0
843.78,0,0
843.88,0,0
843.98,0,0
844.09,0,0
844.20,0,0
844.30,0,0
844.40,0,0
844.50,0,0
844.61,0,0
844.72,0,0
844.83,0,0
844.93,0,0
845.03,0,0
845.14,0,0
845.25,0,0
845.35,0,0
845.45,0,0
845.56,0,0
845.67,0,0
845.78,0,0
845.89,0,0
846.00,0,0
846.10,0,0
846.20,0,0
846.31,0,0
846.42,0,0
846.52,0,0
846.63,0,0
846.73,0,0
846.83,0,0
846.94,0,0
847.05,0,0
847.16,0,0
847.27,0,0
847.37,0,0
847.48,0,0
847.58,0,0
847.69,0,0
847.79,0,0
847.90,0,0
848.01,0,0
848.11,0,0
848.22,0,0
848.32,0,0
848.42,0,0
848.53,0,0
848.63,0,0
848.74,0,0
848.85,0,0
848.96,0,0
849.06,0,0
849.17,0,0
849.27,0,0
849.38,0,0
849.48,0,0
849.59,0,0
849.69,0,0
849.81,0,0
849.92,0,0
850.02,0,0
850.12,0,0
850.24,0,0
850.34,0,0
850.44,0,0
850.55,0,0
850.66,0,0
850.76,0,0
850.87,0,0
850.98,0,0
851.09,0,0
851.19,0,0
851.29,0,0
851.40,0,0
851.50,0,0
851.61,0,0
851.71,0,0
851.81,0,0
851.92,0,0
852.02,0,0
852.13,0,0
852.24,0,0
852.34,0,0
852.45,0,0
852.56,0,0
852.66,0,0
852.77,0,0
852.87,0,0
852.97,0,0
853.07,0,0
853.18,0,0
853.28,0,0
853.39,0,0
853.50,0,0
853.60,0,0
853.71,0,0
853.82,0,0
853.92,0,0
854.02,0,0
854.13,0,0
854.24,0,0
854.34,0,0
854.45,0,0
854.56,0,0
854.67,0,0
854.77,0,0
854.87,0,0
854.97,0,0
855.08,0,0
855.19,0,0
855.29,0,0
855.40,0,0
855.51,0,0
855.62,0,0
855.73,0,0
855.83,0,0
855.94,0,0
856.05,0,0
856.15,0,0
856.27,0,0
856.37,0,0
856.48,0,0
856.58,0,0
856.68,0,0
856.79,0,0
856.89,0,0
856.99,0,0
857.10,0,0
857.21,0,0
857.33,0,0
857.45,0,0
857.55,0,0
857.66,0,0
857.77,0,0
857.87,0,0
857.98,0,0
858.08,0,0
858.19,0,0
858.29,0,0
858.40,0,0
858.51,0,0
858.62,0,0
858.73,0,0
858.83,0,0
858.94,0,0
859.04,0,0
859.15,0,0
859.25,0,0
859.36,0,0
859.47,0,0
859.57,0,0
859.67,0,0
859.78,0,0
859.89,0,0
859.99,0,0
860.10,0,0
860.20,0,0
860.31,0,0
860.42,0,0
860.52,0,0
860.63,0,0
860.73,0,0
860.84,0,0
860.94,0,0
861.04,0,0
861.14,0,0
861.25,0,0
861.35,0,0
861.45,0,0
861.56,0,0
861.67,0,0
861.78,0,0
861.89,0,0
862.00,0,0
862.10,0,0
862.21,0,0
862.31,0,0
862.42,0,0
862.53,0,0
862.63,0,0
862.73,0,0
862.84,0,0
862.95,0,0
863.06,0,0
863.17,0,0
863.27,0,0
863.37,0,0
863.48,0,0
863.58,0,0
863.68,0,0
863.79,0,0
863.90,0,0
864.01,0,0
864.11,0,0
864.22,0,0
864.33,0,0
864.43,0,0
864.54,0,0
864.65,0,0
864.76,0,0
864.86,0,0
864.96,0,0
865.06,0,0
865.17,0,0
865.28,0,0
865.39,0,0
865.49,0,0
865.59,0,0
865.70,0,0
865.81,0,0
865.92,0,0
866.02,0,0
866.13,0,0
866.23,0,0
866.34,0,0
866.45,0,0
866.55,0,0
866.66,0,0
866.76,0,0
866.86,0,0
866.97,0,0
867.07,0,0
867.18,0,0
867.28,0,0
867.39,0,0
867.50,0,0
867.60,0,0
867.71,0,0
867.81,0,0
867.92,0,0
868.03,0,0
868.13,0,0
868.24,0,0
868.34,0,0
868.45,0,0
868.56,0,0
868.66,0,0
868.77,0,0
868.87,0,0
868.98,0,0
869.09,0,0
869.19,0,0
869.30,0,0
869.40,0,0
869.50,0,0
869.61,0,0
869.71,0,0
869.82,0,0
869.92,0,0
870.03,0,0
870.13,0,0
870.24,0,0
870.35,0,0
870.46,0,0
870.57,0,0
870.67,0,0
870.77,0,0
870.88,0,0
870.99,0,0
871.09,0,0
871.20,0,0
871.30,0,0
871.41,0,0
871.52,0,0
871.63,0,0
871.73,0,0
871.84,0,0
871.95,0,0
872.06,0,0
872.17,0,0
872.27,0,0
872.38,0,0
872.49,0,0
872.60,0,0
872.70,0,0
872.80,0,0
872.90,0,0
873.01,0,0
873.12,0,0
873.23,0,0
873.33,0,0
873.44,0,0
873.54,0,0
873.65,0,0
873.76,0,0
873.87,0,0
873.97,0,0
874.08,0,0
874.19,0,0
874.29,0,0
874.40,0,0
874.50,0,0
874.61,0,0
874.72,0,0
874.83,0,0
874.94,0,0
875.04,0,0
875.15,0,0
875.25,0,0
875.36,0,0
875.46,0,0
875.57,0,0
875.68,0,0
875.78,0,0
875.89,0,0
876.00,0,0
876.10,0,0
876.21,0,0
876.32,0,0
876.43,0,0
876.53,0,0
876.64,0,0
876.75,0,0
876.86,0,0
876.96,0,0
877.07,0,0
877.17,0,0
877.28,0,0
877.38,0,0
877.49,0,0
877.60,0,0
877.70,0,0
877.81,0,0
877.92,0,0
878.03,0,0
878.13,0,0
878.24,0,0
878.34,0,0
878.45,0,0
878.55,0,0
878.66,0,0
878.77,0,0
878.88,0,0
878.99,0,0
879.09,0,0
879.20,0,0
879.31,0,0
879.42,0,0
879.54,0,0
879.64,0,0
879.75,0,0
879.86,0,0
879.97,0,0
880.07,0,0
880.18,0,0
880.29,0,0
880.39,0,0
880.50,0,0
880.61,0,0
880.72,0,0
880.82,0,0
880.93,0,0
881.04,0,0
881.14,0,0
881.25,0,0
881.36,0,0
881.47,0,0
881.58,0,0
881.69,0,0
881.79,0,0
881.89,0,0
882.00,0,0
882.10,0,0
882.21,0,0
882.31,0,0
882.41,0,0
882.52,0,0
882.62,0,0
882.72,0,0
882.83,0,0
882.94,0,0
883.05,0,0
883.15,0,0
883.26,0,0
883.36,0,0
883.47,0,0
883.58,0,0
883.69,0,0
883.79,0,0
883.90,0,0
884.01,0,0
884.12,0,0
884.22,0,0
884.33,0,0
884.44,0,0
884.55,0,0
884.66,0,0
884.76,0,0
884.87,0,0
884.97,0,0
885.07,0,0
885.18,0,0
885.28,0,0
885.39,0,0
885.50,0,0
885.60,0,0
885.71,0,0
885.82,0,0
885.92,0,0
886.03,0,0
886.14,0,0
886.24,0,0
886.35,0,0
886.45,0,0
886.56,0,0
886.66,0,0
886.77,0,0
886.87,0,0
886.98,0,0
887.09,0,0
887.19,0,0
887.30,0,0
887.41,0,0
887.52,0,0
887.63,0,0
887.74,0,0
887.84,0,0
887.95,0,0
888.06,0,0
888.17,0,0
888.27,0,0
888.38,0,0
888.48,0,0
888.59,0,0
888.69,0,0
888.80,0,0
888.91,0,0
889.01,0,0
889.12,0,0
889.22,0,0
889.34,0,0
889.44,0,0
889.55,0,0
889.66,0,0
889.77,0,0
889.88,0,0
889.99,0,0
890.09,0,0
890.19,0,0
890.30,0,0
890.40,0,0
890.51,0,0
890.62,0,0
890.72,0,0
890.82,0,0
890.92,0,0
891.03,0,0
891.14,0,0
891.24,0,0
891.35,0,0
891.45,0,0
891.56,0,0
891.67,0,0
891.77,0,0
891.87,0,0
891.98,0,0
892.08,0,0
892.19,0,0
892.30,0,0
892.41,0,0
892.51,0,0
892.61,0,0
892.71,0,0
892.82,0,0
892.93,0,0
893.04,0,0
893.14,0,0
893.25,0,0
893.36,0,0
893.46,0,0
893.56,0,0
893.67,0,0
893.77,0,0
893.88,0,0
893.99,0,0
894.09,0,0
894.20,0,0
894.30,0,0
894.41,0,0
894.51,0,0
894.61,0,0
894.72,0,0
894.82,0,0
894.93,0,0
895.03,0,0
895.13,0,0
895.24,0,0
895.34,0,0
895.45,0,0
895.56,0,0
895.66,0,0
895.77,0,0
895.88,0,0
895.98,0,0
896.08,0,0
896.19,0,0
896.29,0,0
896.40,0,0
896.51,0,0
896.62,0,0
896.73,0,0
896.83,0,0
896.94,0,0
897.05,0,0
897.16,0,0
897.26,0,0
897.37,0,0
897.47,0,0
897.58,0,0
897.69,0,0
897.79,0,0
897.89,0,0
898.00,0,0
898.10,0,0
898.21,0,0
898.31,0,0
898.42,0,0
898.52,0,0
898.63,0,0
898.74,0,0
898.84,0,0
898.95,0,0
899.06,0,0
899.17,0,0
899.27,0,0
899.37,0,0
899.47,0,0
899.58,0,0
899.68,0,0
899.79,0,0
899.89,0,0
900.00,0,0
900.11,0,0
900.21,0,0
900.32,0,0
900.42,0,0
900.53,0,0
900.64,0,0
900.74,0,0
900.86,0,0
900.96,0,0
901.07,0,0
901.18,0,0
901.29,0,0
901.39,0,0
901.50,0,0
901.60,0,0
901.71,0,0
901.81,0,0
901.92,0,0
902.02,0,0
902.13,0,0
902.24,0,0
902.34,0,0
902.45,0,0
902.55,0,0
902.66,0,0
902.76,0,0
902.87,0,0
902.97,0,0
903.07,0,0
903.18,0,0
903.29,0,0
903.40,0,0
903.51,0,0
903.61,0,0
903.71,0,0
903.82,0,0
903.92,0,0
904.03,0,0
904.14,0,0
904.24,0,0
904.35,0,0
904.46,0,0
904.57,0,0
904.67,0,0
904.78,0,0
904.88,0,0
904.99,0,0
905.10,0,0
905.21,0,0
905.31,0,0
905.41,0,0
905.52,0,0
905.62,0,0
905.72,0,0
905.82,0,0
905.93,0,0
906.03,0,0
906.14,0,0
906.24,0,0
906.35,0,0
906.46,0,0
906.56,0,0
906.67,0,0
906.77,0,0
906.90,0,0
907.01,0,0
907.11,0,0
907.22,0,0
907.32,0,0
907.43,0,0
907.54,0,0
907.64,0,0
907.74,0,0
907.85,0,0
907.96,0,0
908.07,0,0
908.17,0,0
908.27,0,0
908.37,0,0
908.48,0,0
908.59,0,0
908.69,0,0
908.80,0,0
908.91,0,0
909.01,0,0
909.12,0,0
909.23,0,0
909.33,0,0
909.44,0,0
909.55,0,0
909.66,0,0
909.76,0,0
909.86,0,0
909.97,0,0
910.08,0,0
910.18,0,0
910.29,0,0
910.39,0,0
910.50,0,0
910.61,0,0
910.72,0,0
910.82,0,0
910.92,0,0
911.03,0,0
911.14,0,0
911.24,0,0
911.35,0,0
911.46,0,0
911.57,0,0
911.67,0,0
911.78,0,0
911.88,0,0
911.98,0,0
912.09,0,0
912.19,0,0
912.30,0,0
912.41,0,0
912.51,0,0
912.61,0,0
912.72,0,0
912.82,0,0
912.93,0,0
913.04,0,0
913.15,0,0
913.26,0,0
913.37,0,0
913.48,0,0
913.58,0,0
913.69,0,0
913.79,0,0
913.90,0,0
914.00,0,0
914.11,0,0
914.21,0,0
914.32,0,0
914.43,0,0
914.53,0,0
914.64,0,0
914.74,0,0
914.86,0,0
914.96,0,0
915.07,0,0
915.18,0,0
915.29,0,0
915.40,0,0
915.50,0,0
915.60,0,0
915.70,0,0
915.81,0,0
915.92,0,0
916.03,0,0
916.13,0,0
916.24,0,0
916.34,0,0
916.45,0,0
916.56,0,0
916.67,0,0
916.77,0,0
916.87,0,0
916.98,0,0
917.08,0,0
917.19,0,0
917.29,0,0
917.40,0,0
917.51,0,0
917.61,0,0
917.72,0,0
917.82,0,0
917.92,0,0
918.03,0,0
918.14,0,0
918.24,0,0
918.35,0,0
918.46,0,0
918.56,0,0
918.67,0,0
918.77,0,0
918.88,0,0
918.99,0,0
919.10,0,0
919.21,0,0
919.31,0,0
919.42,0,0
919.52,0,0
919.63,0,0
919.74,0,0
919.84,0,0
919.94,0,0
920.05,0,0
920.15,0,0
920.25,0,0
920.35,0,0
920.45,0,0
920.56,0,0
920.66,0,0
920.77,0,0
920.88,0,0
920.99,0,0
921.10,0,0
921.20,0,0
921.31,0,0
921.42,0,0
921.52,0,0
921.63,0,0
921.74,0,0
921.84,0,0
921.95,0,0
922.05,0,0
922.15,0,0
922.26,0,0
922.36,0,0
922.47,0,0
922.58,0,0
922.69,0,0
922.79,0,0
922.90,0,0
923.01,0,0
923.11,0,0
923.21,0,0
923.31,0,0
923.42,0,0
923.53,0,0
923.63,0,0
923.73,0,0
923.84,0,0
923.94,0,0
924.05,0,0
924.16,0,0
924.26,0,0
924.37,0,0
924.49,0,0
924.59,0,0
924.70,0,0
924.80,0,0
924.91,0,0
925.02,0,0
925.12,0,0
925.23,0,0
925.33,0,0
925.44,0,0
925.54,0,0
925.65,0,0
925.75,0,0
925.86,0,0
925.97,0,0
926.07,0,0
926.18,0,0
926.29,0,0
926.39,0,0
926.49,0,0
926.60,0,0
926.71,0,0
926.82,0,0
926.93,0,0
927.04,0,0
927.14,0,0
927.25,0,0
927.36,0,0
927.47,0,0
927.57,0,0
927.68,0,0
927.79,0,0
927.90,0,0
928.01,0,0
928.11,0,0
928.22,0,0
928.32,0,0
928.42,0,0
928.53,0,0
928.64,0,0
928.74,0,0
928.85,0,0
928.96,0,0
929.06,0,0
929.17,0,0
929.28,0,0
929.38,0,0
929.48,0,0
929.59,0,0
929.69,0,0
929.80,0,0
929.91,0,0
930.01,0,0
930.12,0,0
930.22,0,0
930.32,0,0
930.42,0,0
930.52,0,0
930.63,0,0
930.74,0,0
930.85,0,0
930.95,0,0
931.06,0,0
931.17,0,0
931.28,0,0
931.38,0,0
931.49,0,0
931.59,0,0
931.70,0,0
931.81,0,0
931.91,0,0
932.02,0,0
932.13,0,0
932.24,0,0
932.34,0,0
932.45,0,0
932.56,0,0
932.66,0,0
932.77,0,0
932.88,0,0
932.99,0,0
933.09,0,0
933.20,0,0
933.31,0,0
933.41,0,0
933.52,0,0
933.63,0,0
933.74,0,0
933.85,0,0
933.95,0,0
934.06,0,0
934.17,0,0
934.28,0,0
934.38,0,0
934.49,0,0
934.60,0,0
934.71,0,0
934.81,0,0
934.92,0,0
935.02,0,0
935.13,0,0
935.23,0,0
935.33,0,0
935.44,0,0
935.54,0,0
935.65,0,0
935.76,0,0
935.86,0,0
935.97,0,0
936.08,0,0
936.19,0,0
936.29,0,0
936.39,0,0
936.50,0,0
936.61,0,0
936.72,0,0
936.82,0,0
936.93,0,0
937.04,0,0
937.14,0,0
937.25,0,0
937.35,0,0
937.46,0,0
937.57,0,0
937.67,0,0
937.77,0,0
937.88,0,0
937.98,0,0
938.09,0,0
938.19,0,0
938.30,0,0
938.40,0,0
938.50,0,0
938.61,0,0
938.72,0,0
938.82,0,0
938.92,0,0
939.02,0,0
939.13,0,0
939.24,0,0
939.35,0,0
939.45,0,0
939.56,0,0
939.67,0,0
939.78,0,0
939.89,0,0
939.99,0,0
940.10,0,0
940.20,0,0
940.31,0,0
940.41,0,0
940.51,0,0
940.61,0,0
940.72,0,0
940.83,0,0
940.93,0,0
941.04,0,0
941.14,0,0
941.24,0,0
941.35,0,0
941.45,0,0
941.56,0,0
941.66,0,0
941.77,0,0
941.88,0,0
941.98,0,0
942.09,0,0
942.20,0,0
942.31,0,0
942.42,0,0
942.52,0,0
942.62,0,0
942.72,0,0
942.83,0,0
942.94,0,0
943.04,0,0
943.14,0,0
943.25,0,0
943.35,0,0
943.46,0,0
943.56,0,0
943.66,0,0
943.77,0,0
943.88,0,0
943.98,0,0
944.09,0,0
944.19,0,0
944.30,0,0
944.41,0,0
944.52,0,0
944.62,0,0
944.73,0,0
944.84,0,0
944.94,0,0
945.05,0,0
945.16,0,0
945.26,0,0
945.37,0,0
945.47,0,0
945.57,0,0
945.68,0,0
945.78,0,0
945.88,0,0
945.99,0,0
946.10,0,0
946.21,0,0
946.31,0,0
946.42,0,0
946.52,0,0
946.62,0,0
946.73,0,0
946.84,0,0
946.94,0,0
947.05,0,0
947.15,0,0
947.26,0,0
947.36,0,0
947.46,0,0
947.57,0,0
947.68,0,0
947.79,0,0
947.90,0,0
948.01,0,0
948.11,0,0
948.22,0,0
948.33,0,0
948.43,0,0
948.54,0,0
948.64,0,0
948.74,0,0
948.84,0,0
948.95,0,0
949.05,0,0
949.16,0,0
949.26,0,0
949.37,0,0
949.48,0,0
949.58,0,0
949.69,0,0
949.79,0,0
949.89,0,0
950.00,0,0
950.10,0,0
950.21,0,0
950.32,0,0
950.42,0,0
950.53,0,0
950.64,0,0
950.74,0,0
950.85,0,0
950.95,0,0
951.06,0,0
951.17,0,0
951.28,0,0
951.39,0,0
951.49,0,0
951.60,0,0
951.70,0,0
951.81,0,0
951.91,0,0
952.02,0,0
952.12,0,0
952.22,0,0
952.32,0,0
952.42,0,0
952.53,0,0
952.63,0,0
952.74,0,0
952.85,0,0
952.95,0,0
953.06,0,0
953.16,0,0
953.27,0,0
953.38,0,0
953.48,0,0
953.59,0,0
953.70,0,0
953.81,0,0
953.91,0,0
954.01,0,0
954.12,0,0
954.22,0,0
954.33,0,0
954.44,0,0
954.54,0,0
954.65,0,0
954.75,0,0
954.85,0,0
954.96,0,0
955.07,0,0
955.18,0,0
955.28,0,0
955.38,0,0
955.49,0,0
955.59,0,0
955.70,0,0
955.81,0,0
955.92,0,0
956.02,0,0
956.13,0,0
956.24,0,0
956.34,0,0
956.45,0,0
956.56,0,0
956.66,0,0
956.77,0,0
956.87,0,0
956.97,0,0
957.08,0,0
957.19,0,0
957.30,0,0
957.40,0,0
957.51,0,0
957.62,0,0
957.72,0,0
957.83,0,0
957.94,0,0
958.04,0,0
958.14,0,0
958.24,0,0
958.35,0,0
958.45,0,0
958.56,0,0
958.67,0,0
958.77,0,0
958.88,0,0
958.99,0,0
959.09,0,0
959.20,0,0
959.30,0,0
959.41,0,0
959.51,0,0
959.62,0,0
959.72,0,0
959.83,0,0
959.94,0,0
960.04,0,0
960.14,0,0
960.25,0,0
960.35,0,0
960.45,0,0
960.55,0,0
960.65,0,0
960.75,0,0
960.86,0,0
960.96,0,0
961.07,0,0
961.17,0,0
961.28,0,0
961.39,0,0
961.49,0,0
961.60,0,0
961.71,0,0
961.81,0,0
961.92,0,0
962.03,0,0
962.14,0,0
962.25,0,0
962.36,0,0
962.46,0,0
962.57,0,0
962.67,0,0
962.78,0,0
962.89,0,0
962.99,0,0
963.10,0,0
963.20,0,0
963.31,0,0
963.41,0,0
963.52,0,0
963.63,0,0
963.74,0,0
963.84,0,0
963.95,0,0
964.06,0,0
964.17,0,0
964.27,0,0
964.37,0,0
964.48,0,0
964.59,0,0
964.69,0,0
964.80,0,0
964.91,0,0
965.01,0,0
965.12,0,0
965.23,0,0
965.33,0,0
965.44,0,0
965.54,0,0
965.65,0,0
965.75,0,0
965.86,0,0
965.97,0,0
966.08,0,0
966.18,0,0
966.29,0,0
966.40,0,0
966.50,0,0
966.61,0,0
966.72,0,0
966.82,0,0
966.93,0,0
967.04,0,0
967.15,0,0
967.25,0,0
967.36,0,0
967.46,0,0
967.57,0,0
967.67,0,0
967.77,0,0
967.88,0,0
967.99,0,0
968.10,0,0
968.20,0,0
968.30,0,0
968.41,0,0
968.51,0,0
968.62,0,0
968.73,0,0
968.84,0,0
968.94,0,0
969.05,0,0
969.16,0,0
969.26,0,0
969.37,0,0
969.47,0,0
969.58,0,0
969.69,0,0
969.80,0,0
969.90,0,0
970.01,0,0
970.12,0,0
970.22,0,0
970.33,0,0
970.44,0,0
970.55,0,0
970.66,0,0
970.76,0,0
970.87,0,0
970.98,0,0
971.09,0,0
971.20,0,0
971.31,0,0
971.41,0,0
971.52,0,0
971.63,0,0
971.74,0,0
971.84,0,0
971.95,0,0
972.05,0,0
972.16,0,0
972.26,0,0
972.37,0,0
972.48,0,0
972.58,0,0
972.68,0,0
972.78,0,0
972.89,0,0
972.99,0,0
973.09,0,0
973.20,0,0
973.30,0,0
973.41,0,0
973.52,0,0
973.62,0,0
973.73,0,0
973.83,0,0
973.94,0,0
974.05,0,0
974.16,0,0
974.27,0,0
974.37,0,0
974.48,0,0
974.59,0,0
974.69,0,0
974.80,0,0
974.90,0,0
975.01,0,0
975.12,0,0
975.23,0,0
975.33,0,0
975.44,0,0
975.55,0,0
975.66,0,0
975.76,0,0
975.87,0,0
975.98,0,0
976.08,0,0
976.19,0,0
976.29,0,0
976.40,0,0
976.52,0,0
976.62,0,0
976.73,0,0
976.83,0,0
976.94,0,0
977.04,0,0
977.15,0,0
977.25,0,0
977.36,0,0
977.47,0,0
977.57,0,0
977.69,0,0
977.79,0,0
977.89,0,0
978.00,0,0
978.12,0,0
978.22,0,0
978.33,0,0
978.44,0,0
978.54,0,0
978.64,0,0
978.75,0,0
978.86,0,0
978.97,0,0
979.07,0,0
979.18,0,0
979.29,0,0
979.39,0,0
979.51,0,0
979.61,0,0
979.71,0,0
979.82,0,0
979.93,0,0
980.03,0,0
980.14,0,0
980.24,0,0
980.34,0,0
980.45,0,0
980.56,0,0
980.66,0,0
980.77,0,0
980.88,0,0
980.99,0,0
981.10,0,0
981.20,0,0
981.30,0,0
981.41,0,0
981.52,0,0
981.63,0,0
981.74,0,0
981.84,0,0
981.95,0,0
982.05,0,0
982.15,0,0
982.25,0,0
982.36,0,0
982.47,0,0
982.57,0,0
982.68,0,0
982.78,0,0
982.89,0,0
983.00,0,0
983.10,0,0
983.21,0,0
983.31,0,0
983.42,0,0
983.52,0,0
983.63,0,0
983.73,0,0
983.83,0,0
983.94,0,0
984.04,0,0
984.15,0,0
984.25,0,0
984.35,0,0
984.46,0,0
984.57,0,0
984.67,0,0
984.78,0,0
984.89,0,0
985.00,0,0
985.10,0,0
985.21,0,0
985.32,0,0
985.42,0,0
985.53,0,0
985.63,0,0
985.74,0,0
985.85,0,0
985.95,0,0
986.05,0,0
986.16,0,0
986.27,0,0
986.37,0,0
986.48,0,0
986.58,0,0
986.69,0,0
986.80,0,0
986.91,0,0
987.02,0,0
987.12,0,0
987.23,0,0
987.34,0,0
987.45,0,0
987.55,0,0
987.66,0,0
987.77,0,0
987.88,0,0
987.99,0,0
988.10,0,0
988.20,0,0
988.30,0,0
988.41,0,0
988.51,0,0
988.62,0,0
988.73,0,0
988.84,0,0
988.94,0,0
989.05,0,0
989.15,0,0
989.26,0,0
989.37,0,0
989.48,0,0
989.59,0,0
989.70,0,0
989.80,0,0
989.91,0,0
990.01,0,0
990.12,0,0
990.22,0,0
990.32,0,0
990.42,0,0
990.53,0,0
990.63,0,0
990.74,0,0
990.84,0,0
990.95,0,0
991.06,0,0
991.17,0,0
991.28,0,0
991.38,0,0
991.49,0,0
991.60,0,0
991.70,0,0
991.80,0,0
991.91,0,0
992.02,0,0
992.12,0,0
992.22,0,0
992.33,0,0
992.43,0,0
992.54,0,0
992.64,0,0
992.74,0,0
992.85,0,0
992.96,0,0
993.06,0,0
993.17,0,0
993.27,0,0
993.38,0,0
993.48,0,0
993.59,0,0
993.70,0,0
993.80,0,0
993.90,0,0
994.01,0,0
994.11,0,0
994.22,0,0
994.33,0,0
994.44,0,0
994.55,0,0
994.65,0,0
994.75,0,0
994.86,0,0
994.97,0,0
995.07,0,0
995.18,0,0
995.29,0,0
995.40,0,0
995.51,0,0
995.61,0,0
995.72,0,0
995.82,0,0
995.93,0,0
996.03,0,0
996.14,0,0
996.25,0,0
996.35,0,0
996.46,0,0
996.57,0,0
996.68,0,0
996.78,0,0
996.89,0,0
997.00,0,0
997.10,0,0
997.21,0,0
997.32,0,0
997.43,0,0
997.53,0,0
997.64,0,0
997.75,0,0
997.85,0,0
997.96,0,0
998.06,0,0
998.17,0,0
998.27,0,0
998.38,0,0
998.49,0,0
998.59,0,0
998.70,0,0
998.81,0,0
998.92,0,0
999.02,0,0
999.13,0,0
999.24,0,0
999.34,0,0
999.45,0,0
999.56,0,0
999.66,0,0
999.77,0,0
999.87,0,0
999.97,0,0
1000.08,0,0
1000.19,0,0
1000.29,0,0
1000.40,0,0
1000.50,0,0
1000.61,0,0
1000.72,0,0
1000.83,0,0
1000.94,0,0
1001.04,0,0
1001.15,0,0
1001.26,0,0
1001.36,0,0
1001.47,0,0
1001.57,0,0
1001.68,0,0
1001.79,0,0
1001.90,0,0
1002.00,0,0
1002.11,0,0
1002.22,0,0
1002.32,0,0
1002.43,0,0
1002.54,0,0
1002.64,0,0
1002.75,0,0
1002.85,0,0
1002.96,0,0
1003.07,0,0
1003.17,0,0
1003.28,0,0
1003.38,0,0
1003.49,0,0
1003.59,0,0
1003.70,0,0
1003.80,0,0
1003.91,0,0
1004.02,0,0
1004.13,0,0
1004.23,0,0
1004.34,0,0
1004.44,0,0
1004.55,0,0
1004.65,0,0
1004.76,0,0
1004.87,0,0
1004.98,0,0
1005.09,0,0
1005.19,0,0
1005.29,0,0
1005.40,0,0
1005.50,0,0
1005.61,0,0
1005.71,0,0
1005.82,0,0
1005.93,0,0
1006.04,0,0
1006.14,0,0
1006.24,0,0
1006.35,0,0
1006.45,0,0
1006.56,0,0
1006.66,0,0
1006.77,0,0
1006.87,0,0
1006.97,0,0
1007.08,0,0
1007.19,0,0
1007.30,0,0
1007.40,0,0
1007.51,0,0
1007.61,0,0
1007.72,0,0
1007.83,0,0
1007.93,0,0
1008.04,0,0
1008.14,0,0
1008.25,0,0
1008.35,0,0
1008.46,0,0
1008.56,0,0
1008.67,0,0
1008.77,0,0
1008.88,0,0
1008.99,0,0
1009.09,0,0
1009.20,0,0
1009.31,0,0
1009.41,0,0
1009.51,0,0
1009.62,0,0
1009.72,0,0
1009.83,0,0
1009.93,0,0
1010.03,0,0
1010.14,0,0
1010.24,0,0
1010.35,0,0
1010.46,0,0
1010.56,0,0
1010.67,0,0
1010.78,0,0
1010.88,0,0
1010.99,0,0
1011.09,0,0
1011.20,0,0
1011.30,0,0
1011.40,0,0
1011.51,0,0
1011.61,0,0
1011.71,0,0
1011.82,0,0
1011.93,0,0
1012.04,0,0
1012.14,0,0
1012.25,0,0
1012.35,0,0
1012.46,0,0
1012.57,0,0
1012.67,0,0
1012.78,0,0
1012.88,0,0
1012.99,0,0
1013.10,0,0
1013.21,0,0
1013.32,0,0
1013.42,0,0
1013.53,0,0
1013.63,0,0
1013.74,0,0
1013.84,0,0
1013.94,0,0
1014.05,0,0
1014.15,0,0
1014.25,0,0
1014.36,0,0
1014.47,0,0
1014.57,0,0
1014.68,0,0
1014.78,0,0
1014.89,0,0
1014.99,0,0
1015.10,0,0
1015.20,0,0
1015.31,0,0
1015.42,0,0
1015.52,0,0
1015.63,0,0
1015.74,0,0
1015.84,0,0
1015.95,0,0
1016.06,0,0
1016.17,0,0
1016.27,0,0
1016.37,0,0
1016.48,0,0
1016.59,0,0
1016.69,0,0
1016.79,0,0
1016.89,0,0
1017.00,0,0
1017.10,0,0
1017.21,0,0
1017.32,0,0
1017.43,0,0
1017.53,0,0
1017.63,0,0
1017.74,0,0
1017.85,0,0
1017.95,0,0
1018.06,0,0
1018.17,0,0
1018.28,0,0
1018.39,0,0
1018.49,0,0
1018.59,0,0
1018.70,0,0
1018.81,0,0
1018.92,0,0
1019.02,0,0
1019.13,0,0
1019.24,0,0
1019.35,0,0
1019.46,0,0
1019.56,0,0
1019.66,0,0
1019.76,0,0
1019.87,0,0
1019.97,0,0
1020.08,0,0
1020.18,0,0
1020.29,0,0
1020.40,0,0
1020.50,0,0
1020.60,0,0
1020.71,0,0
1020.82,0,0
1020.92,0,0
1021.04,0,0
1021.14,0,0
1021.25,0,0
1021.35,0,0
1021.45,0,0
1021.56,0,0
1021.67,0,0
1021.78,0,0
1021.88,0,0
1021.98,0,0
1022.09,0,0
1022.20,0,0
1022.30,0,0
1022.40,0,0
1022.51,0,0
1022.62,0,0
1022.73,0,0
1022.84,0,0
1022.95,0,0
1023.05,0,0
1023.16,0,0
1023.26,0,0
1023.37,0,0
1023.47,0,0
1023.58,0,0
1023.68,0,0
1023.79,0,0
1023.90,0,0
1024.00,0,0
1024.11,0,0
1024.22,0,0
1024.32,0,0
1024.42,0,0
1024.52,0,0
1024.63,0,0
1024.74,0,0
1024.85,0,0
1024.95,0,0
1025.06,0,0
1025.17,0,0
1025.27,0,0
1025.37,0,0
1025.48,0,0
1025.58,0,0
1025.69,0,0
1025.80,0,0
1025.90,0,0
1026.01,0,0
1026.12,0,0
1026.23,0,0
1026.33,0,0
1026.44,0,0
1026.54,0,0
1026.65,0,0
1026.76,0,0
1026.86,0,0
1026.97,0,0
1027.07,0,0
1027.18,0,0
1027.29,0,0
1027.39,0,0
1027.50,0,0
1027.60,0,0
1027.70,0,0
1027.80,0,0
1027.91,0,0
1028.01,0,0
1028.12,0,0
1028.22,0,0
1028.32,0,0
1028.43,0,0
1028.53,0,0
1028.64,0,0
1028.74,0,0
1028.84,0,0
1028.95,0,0
1029.05,0,0
1029.16,0,0
1029.27,0,0
1029.38,0,0
1029.48,0,0
1029.58,0,0
1029.69,0,0
1029.79,0,0
1029.90,0,0
1030.01,0,0
1030.11,0,0
1030.22,0,0
1030.32,0,0
1030.43,0,0
1030.54,0,0
1030.64,0,0
1030.75,0,0
1030.86,0,0
1030.96,0,0
1031.07,0,0
1031.18,0,0
1031.28,0,0
1031.38,0,0
1031.49,0,0
1031.59,0,0
1031.70,0,0
1031.80,0,0
1031.90,0,0
1032.01,0,0
1032.11,0,0
1032.22,0,0
1032.32,0,0
1032.42,0,0
1032.53,0,0
1032.64,0,0
1032.74,0,0
1032.85,0,0
1032.96,0,0
1033.07,0,0
1033.17,0,0
1033.28,0,0
1033.39,0,0
1033.50,0,0
1033.60,0,0
1033.71,0,0
1033.82,0,0
1033.93,0,0
1034.03,0,0
1034.13,0,0
1034.23,0,0
1034.34,0,0
1034.44,0,0
1034.54,0,0
1034.65,0,0
1034.75,0,0
1034.85,0,0
1034.95,0,0
1035.06,0,0
1035.16,0,0
1035.27,0,0
1035.37,0,0
1035.48,0,0
1035.59,0,0
1035.69,0,0
1035.80,0,0
1035.91,0,0
1036.01,0,0
1036.12,0,0
1036.23,0,0
1036.33,0,0
1036.44,0,0
1036.55,0,0
1036.65,0,0
1036.75,0,0
1036.85,0,0
1036.95,0,0
1037.06,0,0
1037.16,0,0
1037.26,0,0
1037.37,0,0
1037.48,0,0
1037.58,0,0
1037.68,0,0
1037.79,0,0
1037.90,0,0
1038.01,0,0
1038.12,0,0
1038.23,0,0
1038.33,0,0
1038.43,0,0
1038.54,0,0
1038.65,0,0
1038.75,0,0
1038.86,0,0
1038.97,0,0
1039.07,0,0
1039.18,0,0
1039.28,0,0
1039.39,0,0
1039.49,0,0
1039.59,0,0
1039.69,0,0
1039.79,0,0
1039.90,0,0
1040.01,0,0
1040.11,0,0
1040.22,0,0
1040.32,0,0
1040.43,0,0
1040.53,0,0
1040.64,0,0
1040.75,0,0
1040.86,0,0
1040.96,0,0
1041.07,0,0
1041.18,0,0
1041.29,0,0
1041.39,0,0
1041.49,0,0
1041.59,0,0
1041.70,0,0
1041.81,0,0
1041.91,0,0
1042.03,0,0
1042.13,0,0
1042.24,0,0
1042.34,0,0
1042.44,0,0
1042.55,0,0
1042.65,0,0
1042.76,0,0
1042.87,0,0
1042.98,0,0
1043.09,0,0
1043.19,0,0
1043.30,0,0
1043.41,0,0
1043.51,0,0
1043.62,0,0
1043.73,0,0
1043.83,0,0
1043.93,0,0
1044.03,0,0
1044.14,0,0
1044.24,0,0
1044.35,0,0
1044.46,0,0
1044.56,0,0
1044.67,0,0
1044.78,0,0
1044.88,0,0
1044.99,0,0
1045.10,0,0
1045.21,0,0
1045.31,0,0
1045.41,0,0
1045.52,0,0
1045.62,0,0
1045.73,0,0
1045.84,0,0
1045.95,0,0
1046.05,0,0
1046.15,0,0
1046.26,0,0
1046.37,0,0
1046.48,0,0
1046.58,0,0
1046.69,0,0
1046.79,0,0
1046.90,0,0
1047.00,0,0
1047.10,0,0
1047.21,0,0
1047.31,0,0
1047.42,0,0
1047.52,0,0
1047.63,0,0
1047.73,0,0
1047.83,0,0
1047.93,0,0
1048.04,0,0
1048.14,0,0
1048.25,0,0
1048.35,0,0
1048.46,0,0
1048.57,0,0
1048.68,0,0
1048.78,0,0
1048.89,0,0
1048.99,0,0
1049.10,0,0
1049.21,0,0
1049.31,0,0
1049.41,0,0
1049.51,0,0
1049.62,0,0
1049.73,0,0
1049.84,0,0
1049.94,0,0
1050.05,0,0
1050.15,0,0
1050.25,0,0
1050.35,0,0
1050.46,0,0
1050.57,0,0
1050.68,0,0
1050.78,0,0
1050.88,0,0
1050.98,0,0
1051.09,0,0
1051.19,0,0
1051.29,0,0
1051.40,0,0
1051.50,0,0
1051.60,0,0
1051.71,0,0
1051.82,0,0
1051.92,0,0
1052.02,0,0
1052.13,0,0
1052.23,0,0
1052.34,0,0
1052.44,0,0
1052.55,0,0
1052.66,0,0
1052.77,0,0
1052.87,0,0
1052.98,0,0
1053.09,0,0
1053.20,0,0
1053.30,0,0
1053.41,0,0
1053.51,0,0
1053.62,0,0
1053.73,0,0
1053.83,0,0
1053.94,0,0
1054.04,0,0
1054.15,0,0
1054.25,0,0
1054.36,0,0
1054.46,0,0
1054.56,0,0
1054.67,0,0
1054.78,0,0
1054.88,0,0
1054.99,0,0
1055.09,0,0
1055.20,0,0
1055.30,0,0
1055.41,0,0
1055.52,0,0
1055.63,0,0
1055.74,0,0
1055.84,0,0
1055.95,0,0
1056.05,0,0
1056.15,0,0
1056.26,0,0
1056.36,0,0
1056.47,0,0
1056.58,0,0
1056.68,0,0
1056.79,0,0
1056.89,0,0
1057.00,0,0
1057.11,0,0
1057.22,0,0
1057.32,0,0
1057.43,0,0
1057.55,0,0
1057.65,0,0
1057.75,0,0
1057.86,0,0
1057.96,0,0
1058.07,0,0
1058.18,0,0
1058.28,0,0
1058.38,0,0
1058.49,0,0
1058.60,0,0
1058.71,0,0
1058.81,0,0
1058.92,0,0
1059.02,0,0
1059.13,0,0
1059.24,0,0
1059.35,0,0
1059.45,0,0
1059.55,0,0
1059.66,0,0
1059.77,0,0
1059.87,0,0
1059.98,0,0
1060.08,0,0
1060.19,0,0
1060.30,0,0
1060.40,0,0
1060.50,0,0
1060.60,0,0
1060.72,0,0
1060.82,0,0
1060.93,0,0
1061.04,0,0
1061.14,0,0
1061.24,0,0
1061.35,0,0
1061.46,0,0
1061.57,0,0
1061.68,0,0
1061.79,0,0
1061.90,0,0
1062.00,0,0
1062.11,0,0
1062.22,0,0
1062.33,0,0
1062.43,0,0
1062.54,0,0
1062.65,0,0
1062.76,0,0
1062.86,0,0
1062.97,0,0
1063.08,0,0
1063.18,0,0
1063.29,0,0
1063.40,0,0
1063.51,0,0
1063.61,0,0
1063.72,0,0
1063.82,0,0
1063.94,0,0
1064.04,0,0
1064.15,0,0
1064.25,0,0
1064.36,0,0
1064.46,0,0
1064.56,0,0
1064.66,0,0
1064.77,0,0
1064.87,0,0
1064.98,0,0
1065.09,0,0
1065.19,0,0
1065.30,0,0
1065.41,0,0
1065.51,0,0
1065.62,0,0
1065.73,0,0
1065.83,0,0
1065.94,0,0
1066.04,0,0
1066.15,0,0
1066.25,0,0
1066.36,0,0
1066.47,0,0
1066.57,0,0
1066.68,0,0
1066.78,0,0
1066.89,0,0
1067.00,0,0
1067.10,0,0
1067.20,0,0
1067.31,0,0
1067.41,0,0
1067.51,0,0
1067.62,0,0
1067.73,0,0
1067.83,0,0
1067.94,0,0
1068.04,0,0
1068.15,0,0
1068.25,0,0
1068.36,0,0
1068.47,0,0
1068.57,0,0
1068.68,0,0
1068.79,0,0
1068.90,0,0
1069.01,0,0
1069.11,0,0
1069.22,0,0
1069.33,0,0
1069.43,0,0
1069.54,0,0
1069.64,0,0
1069.75,0,0
1069.86,0,0
1069.96,0,0
1070.06,0,0
1070.17,0,0
1070.27,0,0
1070.37,0,0
1070.48,0,0
1070.59,0,0
1070.69,0,0
1070.80,0,0
1070.90,0,0
1071.01,0,0
1071.11,0,0
1071.22,0,0
1071.32,0,0
1071.43,0,0
1071.54,0,0
1071.64,0,0
1071.75,0,0
1071.85,0,0
1071.96,0,0
1072.06,0,0
1072.16,0,0
1072.27,0,0
1072.37,0,0
1072.48,0,0
1072.59,0,0
1072.70,0,0
1072.80,0,0
1072.91,0,0
1073.02,0,0
1073.12,0,0
1073.22,0,0
1073.33,0,0
1073.43,0,0
1073.54,0,0
1073.64,0,0
1073.75,0,0
1073.85,0,0
1073.97,0,0
1074.07,0,0
1074.17,0,0
1074.28,0,0
1074.38,0,0
1074.49,0,0
1074.59,0,0
1074.69,0,0
1074.80,0,0
1074.90,0,0
1075.01,0,0
1075.11,0,0
1075.21,0,0
1075.32,0,0
1075.43,0,0
1075.54,0,0
1075.65,0,0
1075.75,0,0
1075.85,0,0
1075.96,0,0
1076.07,0,0
1076.17,0,0
1076.27,0,0
1076.38,0,0
1076.49,0,0
1076.59,0,0
1076.70,0,0
1076.80,0,0
1076.91,0,0
1077.01,0,0
1077.12,0,0
1077.22,0,0
1077.32,0,0
1077.43,0,0
1077.53,0,0
1077.64,0,0
1077.75,0,0
1077.86,0,0
1077.96,0,0
1078.07,0,0
1078.17,0,0
1078.28,0,0
1078.39,0,0
1078.50,0,0
1078.60,0,0
1078.71,0,0
1078.81,0,0
1078.92,0,0
1079.03,0,0
1079.13,0,0
1079.24,0,0
1079.35,0,0
1079.45,0,0
1079.56,0,0
1079.67,0,0
1079.78,0,0
1079.88,0,0
1079.99,0,0
1080.10,0,0
1080.21,0,0
1080.31,0,0
1080.42,0,0
1080.53,0,0
1080.64,0,0
1080.74,0,0
1080.85,0,0
1080.96,0,0
1081.07,0,0
1081.17,0,0
1081.27,0,0
1081.38,0,0
1081.49,0,0
1081.60,0,0
1081.71,0,0
1081.81,0,0
1081.92,0,0
1082.02,0,0
1082.13,0,0
1082.23,0,0
1082.34,0,0
1082.45,0,0
1082.55,0,0
1082.67,0,0
1082.77,0,0
1082.88,0,0
1082.98,0,0
1083.09,0,0
1083.19,0,0
1083.29,0,0
1083.40,0,0
1083.51,0,0
1083.62,0,0
1083.72,0,0
1083.82,0,0
1083.93,0,0
1084.03,0,0
1084.14,0,0
1084.25,0,0
1084.35,0,0
1084.46,0,0
1084.56,0,0
1084.67,0,0
1084.78,0,0
1084.88,0,0
1084.99,0,0
1085.09,0,0
1085.20,0,0
1085.30,0,0
1085.40,0,0
1085.51,0,0
1085.61,0,0
1085.71,0,0
1085.81,0,0
1085.92,0,0
1086.02,0,0
1086.13,0,0
1086.23,0,0
1086.34,0,0
1086.45,0,0
1086.55,0,0
1086.65,0,0
1086.76,0,0
1086.87,0,0
1086.98,0,0
1087.08,0,0
1087.19,0,0
1087.29,0,0
1087.40,0,0
1087.51,0,0
1087.62,0,0
1087.72,0,0
1087.83,0,0
1087.94,0,0
1088.05,0,0
1088.16,0,0
1088.26,0,0
1088.37,0,0
1088.47,0,0
1088.58,0,0
1088.68,0,0
1088.79,0,0
1088.90,0,0
1089.00,0,0
1089.11,0,0
1089.21,0,0
1089.32,0,0
1089.42,0,0
1089.53,0,0
1089.64,0,0
1089.74,0,0
1089.85,0,0
1089.95,0,0
1090.07,0,0
1090.17,0,0
1090.28,0,0
1090.39,0,0
1090.49,0,0
1090.59,0,0
1090.70,0,0
1090.80,0,0
1090.91,0,0
1091.01,0,0
1091.12,0,0
1091.22,0,0
1091.32,0,0
1091.43,0,0
1091.53,0,0
1091.64,0,0
1091.74,0,0
1091.85,0,0
1091.96,0,0
1092.07,0,0
1092.18,0,0
1092.29,0,0
1092.39,0,0
1092.50,0,0
1092.60,0,0
1092.71,0,0
1092.82,0,0
1092.93,0,0
1093.04,0,0
1093.14,0,0
1093.24,0,0
1093.35,0,0
1093.46,0,0
1093.57,0,0
1093.67,0,0
1093.78,0,0
1093.88,0,0
1093.98,0,0
1094.09,0,0
1094.20,0,0
1094.30,0,0
1094.40,0,0
1094.51,0,0
1094.61,0,0
1094.71,0,0
1094.82,0,0
1094.93,0,0
1095.03,0,0
1095.14,0,0
1095.24,0,0
1095.35,0,0
1095.46,0,0
1095.56,0,0
1095.66,0,0
1095.77,0,0
1095.88,0,0
1095.99,0,0
1096.09,0,0
1096.19,0,0
1096.30,0,0
1096.40,0,0
1096.51,0,0
1096.61,0,0
1096.72,0,0
1096.83,0,0
1096.94,0,0
1097.04,0,0
1097.15,0,0
1097.25,0,0
1097.36,0,0
1097.47,0,0
1097.57,0,0
1097.68,0,0
1097.78,0,0
1097.88,0,0
1097.99,0,0
1098.09,0,0
1098.19,0,0
1098.30,0,0
1098.40,0,0
1098.51,0,0
1098.61,0,0
1098.72,0,0
1098.82,0,0
1098.93,0,0
1099.04,0,0
1099.14,0,0
1099.25,0,0
1099.35,0,0
1099.46,0,0
1099.56,0,0
1099.67,0,0
1099.78,0,0
1099.88,0,0
1099.98,0,0
1100.09,0,0
1100.19,0,0
1100.29,0,0
1100.40,0,0
1100.51,0,0
1100.61,0,0
1100.72,0,0
1100.82,0,0
1100.93,0,0
1101.04,0,0
1101.14,0,0
1101.25,0,0
1101.35,0,0
1101.46,0,0
1101.57,0,0
1101.67,0,0
1101.78,0,0
1101.88,0,0
1101.98,0,0
1102.09,0,0
1102.20,0,0
1102.30,0,0
1102.40,0,0
1102.51,0,0
1102.61,0,0
1102.72,0,0
1102.82,0,0
1102.93,0,0
1103.03,0,0
1103.14,0,0
1103.24,0,0
1103.35,0,0
1103.45,0,0
1103.56,0,0
1103.67,0,0
1103.77,0,0
1103.87,0,0
1103.98,0,0
1104.09,0,0
1104.20,0,0
1104.30,0,0
1104.41,0,0
1104.51,0,0
1104.62,0,0
1104.72,0,0
1104.82,0,0
1104.93,0,0
1105.03,0,0
1105.14,0,0
1105.25,0,0
1105.35,0,0
1105.46,0,0
1105.56,0,0
1105.67,0,0
1105.77,0,0
1105.88,0,0
1105.98,0,0
1106.08,0,0
1106.19,0,0
1106.30,0,0
1106.40,0,0
1106.51,0,0
1106.61,0,0
1106.72,0,0
1106.82,0,0
1106.93,0,0
1107.03,0,0
1107.14,0,0
1107.24,0,0
1107.34,0,0
1107.45,0,0
1107.56,0,0
1107.66,0,0
1107.77,0,0
1107.88,0,0
1107.98,0,0
1108.08,0,0
1108.19,0,0
1108.30,0,0
1108.40,0,0
1108.50,0,0
1108.61,0,0
1108.71,0,0
1108.82,0,0
1108.92,0,0
1109.03,0,0
1109.14,0,0
1109.24,0,0
1109.35,0,0
1109.46,0,0
1109.56,0,0
1109.67,0,0
1109.78,0,0
1109.88,0,0
1109.99,0,0
1110.09,0,0
1110.20,0,0
1110.31,0,0
1110.42,0,0
1110.52,0,0
1110.63,0,0
1110.74,0,0
1110.84,0,0
1110.94,0,0
1111.05,0,0
1111.15,0,0
1111.25,0,0
1111.36,0,0
1111.46,0,0
1111.58,0,0
1111.68,0,0
1111.79,0,0
1111.89,0,0
1112.00,0,0
1112.11,0,0
1112.21,0,0
1112.32,0,0
1112.43,0,0
1112.54,0,0
1112.65,0,0
1112.75,0,0
1112.86,0,0
1112.96,0,0
1113.07,0,0
1113.18,0,0
1113.29,0,0
1113.39,0,0
1113.50,0,0
1113.61,0,0
1113.72,0,0
1113.83,0,0
1113.93,0,0
1114.04,0,0
1114.14,0,0
1114.25,0,0
1114.36,0,0
1114.47,0,0
1114.58,0,0
1114.69,0,0
1114.79,0,0
1114.90,0,0
1115.00,0,0
1115.11,0,0
1115.21,0,0
1115.32,0,0
1115.42,0,0
1115.53,0,0
1115.64,0,0
1115.75,0,0
1115.85,0,0
1115.96,0,0
1116.06,0,0
1116.17,0,0
1116.27,0,0
1116.38,0,0
1116.49,0,0
1116.59,0,0
1116.70,0,0
1116.80,0,0
1116.91,0,0
1117.01,0,0
1117.12,0,0
1117.22,0,0
1117.33,0,0
1117.43,0,0
1117.53,0,0
1117.64,0,0
1117.74,0,0
1117.85,0,0
1117.96,0,0
1118.06,0,0
1118.17,0,0
1118.27,0,0
1118.38,0,0
1118.48,0,0
1118.59,0,0
1118.69,0,0
1118.80,0,0
1118.91,0,0
1119.01,0,0
1119.12,0,0
1119.22,0,0
1119.33,0,0
1119.43,0,0
1119.53,0,0
1119.64,0,0
1119.74,0,0
1119.85,0,0
1119.95,0,0
1120.06,0,0
1120.17,0,0
1120.27,0,0
1120.38,0,0
1120.48,0,0
1120.59,0,0
1120.70,0,0
1120.80,0,0
1120.91,0,0
1121.02,0,0
1121.12,0,0
1121.22,0,0
1121.33,0,0
1121.44,0,0
1121.55,0,0
1121.65,0,0
1121.76,0,0
1121.87,0,0
1121.97,0,0
1122.08,0,0
1122.18,0,0
1122.28,0,0
1122.40,0,0
1122.51,0,0
1122.61,0,0
1122.71,0,0
1122.82,0,0
1122.92,0,0
1123.03,0,0
1123.13,0,0
1123.23,0,0
1123.35,0,0
1123.46,0,0
1123.56,0,0
1123.67,0,0
1123.77,0,0
1123.88,0,0
1123.98,0,0
1124.09,0,0
1124.19,0,0
1124.29,0,0
1124.40,0,0
1124.51,0,0
1124.62,0,0
1124.73,0,0
1124.83,0,0
1124.93,0,0
1125.04,0,0
1125.15,0,0
1125.25,0,0
1125.36,0,0
1125.47,0,0
1125.57,0,0
1125.68,0,0
1125.79,0,0
1125.89,0,0
1126.00,0,0
1126.10,0,0
1126.21,0,0
1126.32,0,0
1126.43,0,0
1126.53,0,0
1126.64,0,0
1126.74,0,0
1126.85,0,0
1126.96,0,0
1127.07,0,0
1127.17,0,0
1127.28,0,0
1127.39,0,0
1127.49,0,0
1127.60,0,0
1127.70,0,0
1127.81,0,0
1127.91,0,0
1128.02,0,0
1128.13,0,0
1128.23,0,0
1128.34,0,0
1128.45,0,0
1128.55,0,0
1128.66,0,0
1128.77,0,0
1128.88,0,0
1128.99,0,0
1129.09,0,0
1129.20,0,0
1129.32,0,0
1129.42,0,0
1129.53,0,0
1129.64,0,0
1129.75,0,0
1129.85,0,0
1129.96,0,0
1130.06,0,0
1130.17,0,0
1130.28,0,0
1130.39,0,0
1130.50,0,0
1130.61,0,0
1130.71,0,0
1130.82,0,0
1130.93,0,0
1131.03,0,0
1131.13,0,0
1131.24,0,0
1131.35,0,0
1131.45,0,0
1131.56,0,0
1131.66,0,0
1131.77,0,0
1131.88,0,0
1131.99,0,0
1132.09,0,0
1132.19,0,0
1132.30,0,0
1132.41,0,0
1132.51,0,0
1132.63,0,0
1132.73,0,0
1132.84,0,0
1132.95,0,0
1133.06,0,0
1133.17,0,0
1133.27,0,0
1133.38,0,0
1133.48,0,0
1133.59,0,0
1133.69,0,0
1133.79,0,0
1133.90,0,0
1134.00,0,0
1134.11,0,0
1134.21,0,0
1134.31,0,0
1134.42,0,0
1134.52,0,0
1134.63,0,0
1134.74,0,0
1134.85,0,0
1134.96,0,0
1135.07,0,0
1135.18,0,0
1135.28,0,0
1135.39,0,0
1135.50,0,0
1135.61,0,0
1135.72,0,0
1135.82,0,0
1135.92,0,0
1136.03,0,0
1136.13,0,0
1136.24,0,0
1136.34,0,0
1136.45,0,0
1136.56,0,0
1136.66,0,0
1136.76,0,0
1136.86,0,0
1136.96,0,0
1137.07,0,0
1137.18,0,0
1137.29,0,0
1137.39,0,0
1137.49,0,0
1137.60,0,0
1137.71,0,0
1137.82,0,0
1137.92,0,0
1138.03,0,0
1138.14,0,0
1138.24,0,0
1138.35,0,0
1138.45,0,0
1138.56,0,0
1138.67,0,0
1138.77,0,0
1138.88,0,0
1138.99,0,0
1139.09,0,0
1139.20,0,0
1139.30,0,0
1139.41,0,0
1139.52,0,0
1139.63,0,0
1139.73,0,0
1139.84,0,0
1139.94,0,0
1140.05,0,0
1140.16,0,0
1140.27,0,0
1140.37,0,0
1140.48,0,0
1140.58,0,0
1140.69,0,0
1140.79,0,0
1140.90,0,0
1141.00,0,0
1141.11,0,0
1141.21,0,0
1141.32,0,0
1141.42,0,0
1141.53,0,0
1141.63,0,0
1141.74,0,0
1141.85,0,0
1141.95,0,0
1142.06,0,0
1142.17,0,0
1142.27,0,0
1142.38,0,0
1142.49,0,0
1142.60,0,0
1142.70,0,0
1142.80,0,0
1142.91,0,0
1143.01,0,0
1143.12,0,0
1143.23,0,0
1143.33,0,0
1143.44,0,0
1143.55,0,0
1143.65,0,0
1143.76,0,0
1143.86,0,0
1143.96,0,0
1144.07,0,0
1144.17,0,0
1144.28,0,0
1144.38,0,0
1144.48,0,0
1144.59,0,0
1144.70,0,0
1144.80,0,0
1144.90,0,0
1145.01,0,0
1145.12,0,0
1145.23,0,0
1145.33,0,0
1145.43,0,0
1145.53,0,0
1145.64,0,0
1145.75,0,0
1145.85,0,0
1145.96,0,0
1146.07,0,0
1146.17,0,0
1146.28,0,0
1146.38,0,0
1146.49,0,0
1146.59,0,0
1146.70,0,0
1146.81,0,0
1146.91,0,0
1147.02,0,0
1147.12,0,0
1147.22,0,0
1147.33,0,0
1147.43,0,0
1147.53,0,0
1147.64,0,0
1147.75,0,0
1147.85,0,0
1147.95,0,0
1148.06,0,0
1148.16,0,0
1148.27,0,0
1148.38,0,0
1148.48,0,0
1148.59,0,0
1148.69,0,0
1148.80,0,0
1148.91,0,0
1149.02,0,0
1149.12,0,0
1149.23,0,0
1149.34,0,0
1149.45,0,0
1149.55,0,0
1149.66,0,0
1149.76,0,0
1149.87,0,0
1149.97,0,0
1150.07,0,0
1150.18,0,0
1150.29,0,0
1150.39,0,0
1150.50,0,0
1150.60,0,0
1150.71,0,0
1150.82,0,0
1150.92,0,0
1151.03,0,0
1151.13,0,0
1151.24,0,0
1151.34,0,0
1151.45,0,0
1151.56,0,0
1151.66,0,0
1151.77,0,0
1151.88,0,0
1151.98,0,0
1152.09,0,0
1152.19,0,0
1152.30,0,0
1152.41,0,0
1152.51,0,0
1152.61,0,0
1152.72,0,0
1152.82,0,0
1152.92,0,0
1153.03,0,0
1153.13,0,0
1153.24,0,0
1153.34,0,0
1153.44,0,0
1153.55,0,0
1153.66,0,0
1153.77,0,0
1153.87,0,0
1153.98,0,0
1154.08,0,0
1154.18,0,0
1154.29,0,0
1154.40,0,0
1154.50,0,0
1154.61,0,0
1154.72,0,0
1154.82,0,0
1154.92,0,0
1155.03,0,0
1155.13,0,0
1155.23,0,0
1155.34,0,0
1155.44,0,0
1155.55,0,0
1155.65,0,0
1155.76,0,0
1155.86,0,0
1155.96,0,0
1156.07,0,0
1156.18,0,0
1156.28,0,0
1156.39,0,0
1156.50,0,0
1156.60,0,0
1156.71,0,0
1156.81,0,0
1156.92,0,0
1157.03,0,0
1157.14,0,0
1157.25,0,0
1157.36,0,0
1157.47,0,0
1157.57,0,0
1157.68,0,0
1157.79,0,0
1157.90,0,0
1158.00,0,0
1158.11,0,0
1158.22,0,0
1158.32,0,0
1158.43,0,0
1158.54,0,0
1158.64,0,0
1158.75,0,0
1158.86,0,0
1158.96,0,0
1159.07,0,0
1159.17,0,0
1159.28,0,0
1159.38,0,0
1159.49,0,0
1159.59,0,0
1159.70,0,0
1159.81,0,0
1159.91,0,0
1160.02,0,0
1160.13,0,0
1160.24,0,0
1160.35,0,0
1160.45,0,0
1160.56,0,0
1160.66,0,0
1160.77,0,0
1160.87,0,0
1160.98,0,0
1161.08,0,0
1161.18,0,0
1161.29,0,0
1161.40,0,0
1161.50,0,0
1161.61,0,0
1161.72,0,0
1161.83,0,0
1161.93,0,0
1162.04,0,0
1162.15,0,0
1162.25,0,0
1162.35,0,0
1162.46,0,0
1162.57,0,0
1162.67,0,0
1162.78,0,0
1162.89,0,0
1162.99,0,0
1163.09,0,0
1163.21,0,0
1163.32,0,0
1163.42,0,0
1163.53,0,0
1163.63,0,0
1163.74,0,0
1163.85,0,0
1163.95,0,0
1164.06,0,0
1164.16,0,0
1164.27,0,0
1164.37,0,0
1164.48,0,0
1164.59,0,0
1164.69,0,0
1164.80,0,0
1164.91,0,0
1165.01,0,0
1165.12,0,0
1165.23,0,0
1165.34,0,0
1165.44,0,0
1165.54,0,0
1165.65,0,0
1165.76,0,0
1165.86,0,0
1165.97,0,0
1166.08,0,0
1166.18,0,0
1166.29,0,0
1166.40,0,0
1166.50,0,0
1166.60,0,0
1166.71,0,0
1166.81,0,0
1166.92,0,0
1167.03,0,0
1167.14,0,0
1167.25,0,0
1167.36,0,0
1167.46,0,0
1167.57,0,0
1167.68,0,0
1167.78,0,0
1167.89,0,0
1168.00,0,0
1168.10,0,0
1168.20,0,0
1168.31,0,0
1168.41,0,0
1168.51,0,0
1168.62,0,0
1168.73,0,0
1168.84,0,0
1168.94,0,0
1169.05,0,0
1169.16,0,0
1169.27,0,0
1169.38,0,0
1169.48,0,0
1169.58,0,0
1169.69,0,0
1169.79,0,0
1169.90,0,0
1170.00,0,0
1170.11,0,0
1170.22,0,0
1170.32,0,0
1170.43,0,0
1170.53,0,0
1170.64,0,0
1170.75,0,0
1170.85,0,0
1170.96,0,0
1171.06,0,0
1171.17,0,0
1171.28,0,0
1171.38,0,0
1171.49,0,0
1171.60,0,0
1171.71,0,0
1171.81,0,0
1171.92,0,0
1172.03,0,0
1172.13,0,0
1172.24,0,0
1172.34,0,0
1172.45,0,0
1172.55,0,0
1172.66,0,0
1172.77,0,0
1172.87,0,0
1172.98,0,0
1173.09,0,0
1173.19,0,0
1173.29,0,0
1173.41,0,0
1173.52,0,0
1173.62,0,0
1173.73,0,0
1173.83,0,0
1173.94,0,0
1174.05,0,0
1174.16,0,0
1174.26,0,0
1174.37,0,0
1174.48,0,0
1174.59,0,0
1174.69,0,0
1174.79,0,0
1174.90,0,0
1175.01,0,0
1175.11,0,0
1175.21,0,0
1175.32,0,0
1175.42,0,0
1175.53,0,0
1175.63,0,0
1175.74,0,0
1175.85,0,0
1175.95,0,0
1176.06,0,0
1176.16,0,0
1176.27,0,0
1176.37,0,0
1176.48,0,0
1176.59,0,0
1176.69,0,0
1176.80,0,0
1176.90,0,0
1177.01,0,0
1177.12,0,0
1177.23,0,0
1177.34,0,0
1177.45,0,0
1177.55,0,0
1177.66,0,0
1177.77,0,0
1177.88,0,0
1177.98,0,0
1178.09,0,0
1178.19,0,0
1178.30,0,0
1178.40,0,0
1178.51,0,0
1178.61,0,0
1178.72,0,0
1178.83,0,0
1178.93,0,0
1179.04,0,0
1179.15,0,0
1179.25,0,0
1179.35,0,0
1179.46,0,0
1179.56,0,0
1179.67,0,0
1179.78,0,0
1179.89,0,0
1179.99,0,0
1180.10,0,0
1180.21,0,0
1180.32,0,0
1180.42,0,0
1180.53,0,0
1180.64,0,0
1180.74,0,0
1180.85,0,0
1180.95,0,0
1181.06,0,0
1181.17,0,0
1181.28,0,0
1181.38,0,0
1181.49,0,0
1181.59,0,0
1181.69,0,0
1181.80,0,0
1181.90,0,0
1182.00,0,0
1182.10,0,0
1182.21,0,0
1182.32,0,0
1182.42,0,0
1182.53,0,0
1182.63,0,0
1182.74,0,0
1182.84,0,0
1182.95,0,0
1183.06,0,0
1183.17,0,0
1183.27,0,0
1183.38,0,0
1183.49,0,0
1183.60,0,0
1183.71,0,0
1183.81,0,0
1183.92,0,0
1184.03,0,0
1184.14,0,0
1184.25,0,0
1184.35,0,0
1184.45,0,0
1184.55,0,0
1184.66,0,0
1184.76,0,0
1184.86,0,0
1184.97,0,0
1185.08,0,0
1185.18,0,0
1185.29,0,0
1185.39,0,0
1185.49,0,0
1185.60,0,0
1185.71,0,0
1185.81,0,0
1185.92,0,0
1186.02,0,0
1186.12,0,0
1186.22,0,0
1186.32,0,0
1186.42,0,0
1186.53,0,0
1186.64,0,0
1186.74,0,0
1186.85,0,0
1186.96,0,0
1187.08,0,0
1187.19,0,0
1187.29,0,0
1187.39,0,0
1187.49,0,0
1187.60,0,0
1187.71,0,0
1187.82,0,0
1187.93,0,0
1188.04,0,0
1188.14,0,0
1188.25,0,0
1188.36,0,0
1188.46,0,0
1188.56,0,0
1188.67,0,0
1188.78,0,0
1188.88,0,0
1189.00,0,0
1189.10,0,0
1189.20,0,0
1189.31,0,0
1189.41,0,0
1189.52,0,0
1189.62,0,0
1189.73,0,0
1189.83,0,0
1189.94,0,0
1190.05,0,0
1190.16,0,0
1190.26,0,0
1190.37,0,0
1190.47,0,0
1190.58,0,0
1190.69,0,0
1190.79,0,0
1190.90,0,0
