ParticipantID,Block,BlockStartAbs,BlockTimeRel,TrialIndex,Scene,Event,Expectancy,SignalColor,MergeSide,TimeAbs,TrialTimeRel,X,Y,Z,LaneDeviation,SpeedMPH,TrialEnded,TrialEndReason,TrialEndAbs,TrialEndRel,SurveyResponse,SurveyRT
UNKNOWN,0,3.585,0.036,-1,SubBlock,Practice,Expected,Red,Left,3.621,-1,,,,,0,0,,-1,-1,,-1
UNKNOWN,0,3.585,0.151,-1,SubBlock,Practice,Expected,Red,Left,3.736,-1,,,,,0,0,,-1,-1,,-1
UNKNOWN,0,3.585,1.152,-1,SubBlock,Practice,Expected,Red,Left,4.737,-1,,,,,0,0,,-1,-1,,-1
UNKNOWN,0,3.585,1.196,-1,SubBlock,Practice,Expected,Red,Left,4.782,-1,,,,,0,0,,-1,-1,,-1
UNKNOWN,0,3.585,1.208,-1,SubBlock,Practice,Expected,Red,Left,4.793,-1,,,,,0,0,,-1,-1,,-1
UNKNOWN,0,3.585,1.245,-1,SubBlock,Practice,Expected,Red,Left,4.83,-1,,,,,0,0,,-1,-1,,-1
UNKNOWN,0,3.585,1.253,-1,SubBlock,Practice,Expected,Red,Left,4.839,-1,,,,,0,0,,-1,-1,,-1
UNKNOWN,0,3.585,1.256,-1,SubBlock,Practice,Expected,Red,Left,4.841,-1,,,,,0,0,,-1,-1,,-1
UNKNOWN,0,3.585,1.258,-1,SubBlock,Practice,Expected,Red,Left,4.843,-1,,,,,0,0,,-1,-1,,-1
UNKNOWN,0,3.585,1.261,-1,SubBlock,Practice,Expected,Red,Left,4.846,-1,,,,,0,0,,-1,-1,,-1
UNKNOWN,0,3.585,1.264,-1,SubBlock,Practice,Expected,Red,Left,4.849,-1,,,,,0,0,,-1,-1,,-1
UNKNOWN,0,3.585,1.266,-1,SubBlock,Practice,Expected,Red,Left,4.852,-1,,,,,0,0,,-1,-1,,-1
UNKNOWN,0,3.585,1.269,-1,SubBlock,Practice,Expected,Red,Left,4.854,-1,,,,,0,0,,-1,-1,,-1
UNKNOWN,0,3.585,1.272,-1,SubBlock,Practice,Expected,Red,Left,4.857,-1,,,,,0,0,,-1,-1,,-1
UNKNOWN,0,3.585,1.275,-1,SubBlock,Practice,Expected,Red,Left,4.86,-1,,,,,0,0,,-1,-1,,-1
UNKNOWN,0,3.585,1.277,-1,SubBlock,Practice,Expected,Red,Left,4.863,-1,,,,,0,0,,-1,-1,,-1
UNKNOWN,0,3.585,1.28,-1,SubBlock,Practice,Expected,Red,Left,4.865,-1,,,,,0,0,,-1,-1,,-1
UNKNOWN,0,3.585,1.283,-1,SubBlock,Practice,Expected,Red,Left,4.868,-1,,,,,0,0,,-1,-1,,-1
UNKNOWN,0,3.585,1.286,-1,SubBlock,Practice,Expected,Red,Left,4.871,-1,,,,,0,0,,-1,-1,,-1
UNKNOWN,0,3.585,1.288,-1,SubBlock,Practice,Expected,Red,Left,4.874,-1,,,,,0,0,,-1,-1,,-1
UNKNOWN,0,3.585,1.291,-1,SubBlock,Practice,Expected,Red,Left,4.876,-1,,,,,0,0,,-1,-1,,-1
UNKNOWN,0,3.585,1.294,-1,SubBlock,Practice,Expected,Red,Left,4.879,-1,,,,,0,0,,-1,-1,,-1
UNKNOWN,0,3.585,1.304,-1,SubBlock,Practice,Expected,Red,Left,4.889,-1,,,,,0,0,,-1,-1,,-1
UNKNOWN,0,3.585,1.307,-1,SubBlock,Practice,Expected,Red,Left,4.892,-1,,,,,0,0,,-1,-1,,-1
UNKNOWN,0,3.585,1.31,-1,SubBlock,Practice,Expected,Red,Left,4.895,-1,,,,,0,0,,-1,-1,,-1
UNKNOWN,0,3.585,1.313,-1,SubBlock,Practice,Expected,Red,Left,4.898,-1,,,,,0,0,,-1,-1,,-1
UNKNOWN,0,3.585,1.316,-1,SubBlock,Practice,Expected,Red,Left,4.902,-1,,,,,0,0,,-1,-1,,-1
UNKNOWN,0,3.585,1.32,-1,SubBlock,Practice,Expected,Red,Left,4.905,-1,,,,,0,0,,-1,-1,,-1
UNKNOWN,0,3.585,1.323,-1,SubBlock,Practice,Expected,Red,Left,4.908,-1,,,,,0,0,,-1,-1,,-1
UNKNOWN,0,3.585,1.326,-1,SubBlock,Practice,Expected,Red,Left,4.912,-1,,,,,0,0,,-1,-1,,-1
UNKNOWN,0,3.585,1.329,-1,SubBlock,Practice,Expected,Red,Left,4.915,-1,,,,,0,0,,-1,-1,,-1
UNKNOWN,0,3.585,1.333,-1,SubBlock,Practice,Expected,Red,Left,4.918,-1,,,,,0,0,,-1,-1,,-1
UNKNOWN,0,3.585,1.336,-1,SubBlock,Practice,Expected,Red,Left,4.922,-1,,,,,0,0,,-1,-1,,-1
UNKNOWN,0,3.585,1.341,-1,SubBlock,Practice,Expected,Red,Left,4.926,-1,,,,,0,0,,-1,-1,,-1
UNKNOWN,0,3.585,1.344,-1,SubBlock,Practice,Expected,Red,Left,4.929,-1,,,,,0,0,,-1,-1,,-1
UNKNOWN,0,3.585,1.347,-1,SubBlock,Practice,Expected,Red,Left,4.932,-1,,,,,0,0,,-1,-1,,-1
UNKNOWN,0,3.585,1.35,-1,SubBlock,Practice,Expected,Red,Left,4.936,-1,,,,,0,0,,-1,-1,,-1
UNKNOWN,0,3.585,1.354,-1,SubBlock,Practice,Expected,Red,Left,4.939,-1,,,,,0,0,,-1,-1,,-1
UNKNOWN,0,3.585,1.357,-1,SubBlock,Practice,Expected,Red,Left,4.942,-1,,,,,0,0,,-1,-1,,-1
UNKNOWN,0,3.585,1.36,-1,SubBlock,Practice,Expected,Red,Left,4.946,-1,,,,,0,0,,-1,-1,,-1
UNKNOWN,0,3.585,1.364,-1,SubBlock,Practice,Expected,Red,Left,4.949,-1,,,,,0,0,,-1,-1,,-1
UNKNOWN,0,3.585,1.367,-1,SubBlock,Practice,Expected,Red,Left,4.952,-1,,,,,0,0,,-1,-1,,-1
UNKNOWN,0,3.585,1.37,-1,SubBlock,Practice,Expected,Red,Left,4.955,-1,,,,,0,0,,-1,-1,,-1
UNKNOWN,0,3.585,1.372,-1,SubBlock,Practice,Expected,Red,Left,4.958,-1,,,,,0,0,,-1,-1,,-1
UNKNOWN,0,3.585,1.375,-1,SubBlock,Practice,Expected,Red,Left,4.96,-1,,,,,0,0,,-1,-1,,-1
UNKNOWN,0,3.585,1.378,-1,SubBlock,Practice,Expected,Red,Left,4.963,-1,,,,,0,0,,-1,-1,,-1
UNKNOWN,0,3.585,1.38,-1,SubBlock,Practice,Expected,Red,Left,4.965,-1,,,,,0,0,,-1,-1,,-1
UNKNOWN,0,3.585,1.383,-1,SubBlock,Practice,Expected,Red,Left,4.968,-1,,,,,0,0,,-1,-1,,-1
UNKNOWN,0,3.585,1.385,-1,SubBlock,Practice,Expected,Red,Left,4.971,-1,,,,,0,0,,-1,-1,,-1
UNKNOWN,0,3.585,1.416,-1,SubBlock,Practice,Expected,Red,Left,5.001,-1,,,,,0,0,,-1,-1,,-1
UNKNOWN,0,3.585,1.517,-1,SubBlock,Practice,Expected,Red,Left,5.103,-1,,,,,0,0,,-1,-1,,-1
UNKNOWN,0,3.585,1.618,-1,SubBlock,Practice,Expected,Red,Left,5.203,-1,,,,,0,0,,-1,-1,,-1
UNKNOWN,0,3.585,1.718,-1,SubBlock,Practice,Expected,Red,Left,5.303,-1,,,,,0,0,,-1,-1,,-1
UNKNOWN,0,3.585,1.818,-1,SubBlock,Practice,Expected,Red,Left,5.403,-1,,,,,0,0,,-1,-1,,-1
UNKNOWN,0,3.585,1.916,-1,SubBlock,Practice,Expected,Red,Left,5.501,-1,,,,,0,0,,-1,-1,,-1
UNKNOWN,0,3.585,2.016,-1,SubBlock,Practice,Expected,Red,Left,5.601,-1,,,,,0,0,,-1,-1,,-1
UNKNOWN,0,3.585,2.116,-1,SubBlock,Practice,Expected,Red,Left,5.701,-1,,,,,0,0,,-1,-1,,-1
UNKNOWN,0,3.585,2.217,-1,SubBlock,Practice,Expected,Red,Left,5.802,-1,,,,,0,0,,-1,-1,,-1
UNKNOWN,0,3.585,2.318,-1,SubBlock,Practice,Expected,Red,Left,5.904,-1,,,,,0,0,,-1,-1,,-1
UNKNOWN,0,3.585,2.417,-1,SubBlock,Practice,Expected,Red,Left,6.002,-1,,,,,0,0,,-1,-1,,-1
UNKNOWN,0,3.585,2.516,-1,SubBlock,Practice,Expected,Red,Left,6.101,-1,,,,,0,0,,-1,-1,,-1
UNKNOWN,0,3.585,2.615,-1,SubBlock,Practice,Expected,Red,Left,6.2,-1,,,,,0,0,,-1,-1,,-1
UNKNOWN,0,3.585,2.716,-1,SubBlock,Practice,Expected,Red,Left,6.302,-1,,,,,0,0,,-1,-1,,-1
UNKNOWN,0,3.585,2.815,-1,SubBlock,Practice,Expected,Red,Left,6.4,-1,,,,,0,0,,-1,-1,,-1
UNKNOWN,0,3.585,2.916,-1,SubBlock,Practice,Expected,Red,Left,6.501,-1,,,,,0,0,,-1,-1,,-1
UNKNOWN,0,3.585,3.018,-1,SubBlock,Practice,Expected,Red,Left,6.603,-1,,,,,0,0,,-1,-1,,-1
UNKNOWN,0,3.585,3.116,-1,SubBlock,Practice,Expected,Red,Left,6.701,-1,,,,,0,0,,-1,-1,,-1
UNKNOWN,0,3.585,3.215,-1,SubBlock,Practice,Expected,Red,Left,6.801,-1,,,,,0,0,,-1,-1,,-1
UNKNOWN,0,3.585,3.317,-1,SubBlock,Practice,Expected,Red,Left,6.902,-1,,,,,0,0,,-1,-1,,-1
UNKNOWN,0,3.585,3.418,-1,SubBlock,Practice,Expected,Red,Left,7.003,-1,,,,,0,0,,-1,-1,,-1
UNKNOWN,0,3.585,3.517,-1,SubBlock,Practice,Expected,Red,Left,7.103,-1,,,,,0,0,,-1,-1,,-1
UNKNOWN,0,3.585,3.616,-1,SubBlock,Practice,Expected,Red,Left,7.201,-1,,,,,0,0,,-1,-1,,-1
UNKNOWN,0,3.585,3.717,-1,SubBlock,Practice,Expected,Red,Left,7.302,-1,,,,,0,0,,-1,-1,,-1
UNKNOWN,0,3.585,3.816,-1,SubBlock,Practice,Expected,Red,Left,7.401,-1,,,,,0,0,,-1,-1,,-1
UNKNOWN,0,3.585,3.915,-1,SubBlock,Practice,Expected,Red,Left,7.501,-1,,,,,0,0,,-1,-1,,-1
UNKNOWN,0,3.585,4.018,-1,SubBlock,Practice,Expected,Red,Left,7.603,-1,,,,,0,0,,-1,-1,,-1
UNKNOWN,0,3.585,4.116,-1,SubBlock,Practice,Expected,Red,Left,7.702,-1,,,,,0,0,,-1,-1,,-1
UNKNOWN,0,3.585,4.215,-1,SubBlock,Practice,Expected,Red,Left,7.801,-1,,,,,0,0,,-1,-1,,-1
UNKNOWN,0,3.585,4.317,-1,SubBlock,Practice,Expected,Red,Left,7.902,-1,,,,,0,0,,-1,-1,,-1
UNKNOWN,0,3.585,4.415,-1,SubBlock,Practice,Expected,Red,Left,8,-1,,,,,0,0,,-1,-1,,-1
UNKNOWN,0,3.585,4.517,-1,SubBlock,Practice,Expected,Red,Left,8.102,-1,,,,,0,0,,-1,-1,,-1
UNKNOWN,0,3.585,4.626,-1,SubBlock,Practice,Expected,Red,Left,8.212,-1,,,,,0,0,,-1,-1,,-1
UNKNOWN,0,3.585,4.717,-1,SubBlock,Practice,Expected,Red,Left,8.302,-1,,,,,0,0,,-1,-1,,-1
UNKNOWN,0,3.585,4.817,-1,SubBlock,Practice,Expected,Red,Left,8.402,-1,,,,,0,0,,-1,-1,,-1
UNKNOWN,0,3.585,4.915,-1,SubBlock,Practice,Expected,Red,Left,8.501,-1,,,,,0,0,,-1,-1,,-1
UNKNOWN,0,3.585,5.015,-1,SubBlock,Practice,Expected,Red,Left,8.6,-1,,,,,0,0,,-1,-1,,-1
UNKNOWN,0,3.585,5.117,-1,SubBlock,Practice,Expected,Red,Left,8.702,-1,,,,,0,0,,-1,-1,,-1
UNKNOWN,0,3.585,5.216,-1,SubBlock,Practice,Expected,Red,Left,8.801,-1,,,,,0,0,,-1,-1,,-1
UNKNOWN,0,3.585,5.317,-1,SubBlock,Practice,Expected,Red,Left,8.902,-1,,,,,0,0,,-1,-1,,-1
2,Night,9.234,0.053,0,E_Red_R,Practice,Expected,Red,Left,9.287,0.347,0,1.079,-0.002,,1.463,0,,-1,-1,,-1
2,Night,9.234,0.109,0,E_Red_R,Practice,Expected,Red,Left,9.343,0.403,0,1.079,-0.002,,1.463,0,,-1,-1,,-1
2,Night,9.234,0.119,0,E_Red_R,Practice,Expected,Red,Left,9.353,0.413,0,1.064,-0.002,,1.829,0,,-1,-1,,-1
2,Night,9.234,0.129,0,E_Red_R,Practice,Expected,Red,Left,9.363,0.423,0,1.055,-0.002,,2.194,0,,-1,-1,,-1
2,Night,9.234,0.172,0,E_Red_R,Practice,Expected,Red,Left,9.406,0.466,0,1.004,-0.002,,2.926,0,,-1,-1,,-1
2,Night,9.234,0.271,0,E_Red_R,Practice,Expected,Red,Left,9.505,0.565,0,0.838,-0.002,,3.354,0,,-1,-1,,-1
2,Night,9.234,0.368,0,E_Red_R,Practice,Expected,Red,Left,9.602,0.662,0,0.847,-0.002,,0.19,0,,-1,-1,,-1
2,Night,9.234,0.468,0,E_Red_R,Practice,Expected,Red,Left,9.702,0.762,0,0.857,-0.002,,0.224,0,,-1,-1,,-1
2,Night,9.234,0.568,0,E_Red_R,Practice,Expected,Red,Left,9.802,0.862,0,0.866,-0.002,,0.145,0,,-1,-1,,-1
2,Night,9.234,0.668,0,E_Red_R,Practice,Expected,Red,Left,9.902,0.962,0,0.87,-0.002,,0.067,0,,-1,-1,,-1
2,Night,9.234,0.772,0,E_Red_R,Practice,Expected,Red,Left,10.006,1.066,0,0.871,0.006,,0.342,0,,-1,-1,,-1
2,Night,9.234,0.869,0,E_Red_R,Practice,Expected,Red,Left,10.103,1.163,0,0.87,0.029,,0.726,0,,-1,-1,,-1
2,Night,9.234,0.971,0,E_Red_R,Practice,Expected,Red,Left,10.205,1.265,0,0.868,0.079,,1.387,0,,-1,-1,,-1
2,Night,9.234,1.071,0,E_Red_R,Practice,Expected,Red,Left,10.305,1.365,0,0.868,0.157,,2.059,0,,-1,-1,,-1
2,Night,9.234,1.169,0,E_Red_R,Practice,Expected,Red,Left,10.402,1.463,0,0.867,0.263,,2.731,0,,-1,-1,,-1
2,Night,9.234,1.268,0,E_Red_R,Practice,Expected,Red,Left,10.502,1.562,0,0.867,0.4,,3.403,0,,-1,-1,,-1
2,Night,9.234,1.366,0,E_Red_R,Practice,Expected,Red,Left,10.6,1.66,0,0.867,0.565,,4.075,0,,-1,-1,,-1
2,Night,9.234,1.468,0,E_Red_R,Practice,Expected,Red,Left,10.702,1.762,0,0.868,0.765,,4.747,0,,-1,-1,,-1
2,Night,9.234,1.569,0,E_Red_R,Practice,Expected,Red,Left,10.803,1.863,0,0.868,0.996,,5.418,0,,-1,-1,,-1
2,Night,9.234,1.667,0,E_Red_R,Practice,Expected,Red,Left,10.901,1.961,0,0.868,1.248,,6.09,0,,-1,-1,,-1
2,Night,9.234,1.767,0,E_Red_R,Practice,Expected,Red,Left,11.001,2.061,0,0.868,1.537,,6.762,0,,-1,-1,,-1
2,Night,9.234,1.873,0,E_Red_R,Practice,Expected,Red,Left,11.107,2.167,0,0.868,1.873,,7.433,0,,-1,-1,,-1
2,Night,9.234,1.973,0,E_Red_R,Practice,Expected,Red,Left,11.207,2.267,-0.001,0.868,2.223,,8.104,0,,-1,-1,,-1
2,Night,9.234,2.073,0,E_Red_R,Practice,Expected,Red,Left,11.307,2.367,-0.001,0.868,2.603,,8.775,0,,-1,-1,,-1
2,Night,9.234,2.17,0,E_Red_R,Practice,Expected,Red,Left,11.404,2.464,-0.001,0.868,3,,9.446,0,,-1,-1,,-1
2,Night,9.234,2.273,0,E_Red_R,Practice,Expected,Red,Left,11.507,2.567,-0.001,0.868,3.45,,10.117,0,,-1,-1,,-1
2,Night,9.234,2.371,0,E_Red_R,Practice,Expected,Red,Left,11.605,2.665,-0.001,0.868,3.91,,10.787,0,,-1,-1,,-1
2,Night,9.234,2.47,0,E_Red_R,Practice,Expected,Red,Left,11.704,2.764,-0.001,0.868,4.404,,11.46,0,,-1,-1,,-1
2,Night,9.234,2.57,0,E_Red_R,Practice,Expected,Red,Left,11.804,2.864,-0.001,0.869,4.933,,12.131,0,,-1,-1,,-1
2,Night,9.234,2.669,0,E_Red_R,Practice,Expected,Red,Left,11.903,2.963,-0.001,0.869,5.489,,12.801,0,,-1,-1,,-1
2,Night,9.234,2.769,0,E_Red_R,Practice,Expected,Red,Left,12.003,3.063,-0.002,0.868,6.072,,13.471,0,,-1,-1,,-1
2,Night,9.234,2.873,0,E_Red_R,Practice,Expected,Red,Left,12.107,3.167,-0.002,0.868,6.716,,14.141,0,,-1,-1,,-1
2,Night,9.234,2.971,0,E_Red_R,Practice,Expected,Red,Left,12.205,3.265,-0.002,0.868,7.356,,14.811,0,,-1,-1,,-1
2,Night,9.234,3.071,0,E_Red_R,Practice,Expected,Red,Left,12.305,3.365,-0.002,0.868,8.03,,15.48,0,,-1,-1,,-1
2,Night,9.234,3.169,0,E_Red_R,Practice,Expected,Red,Left,12.403,3.463,-0.003,0.868,8.726,,16.149,0,,-1,-1,,-1
2,Night,9.234,3.268,0,E_Red_R,Practice,Expected,Red,Left,12.502,3.562,-0.003,0.868,9.457,,16.818,0,,-1,-1,,-1
2,Night,9.234,3.369,0,E_Red_R,Practice,Expected,Red,Left,12.603,3.663,-0.003,0.868,10.229,,17.487,0,,-1,-1,,-1
2,Night,9.234,3.469,0,E_Red_R,Practice,Expected,Red,Left,12.703,3.763,-0.003,0.868,11.028,,18.156,0,,-1,-1,,-1
2,Night,9.234,3.568,0,E_Red_R,Practice,Expected,Red,Left,12.802,3.862,-0.004,0.868,11.849,,18.825,0,,-1,-1,,-1
2,Night,9.234,3.677,0,E_Red_R,Practice,Expected,Red,Left,12.911,3.971,-0.004,0.868,12.776,,19.604,0,,-1,-1,,-1
2,Night,9.234,3.774,0,E_Red_R,Practice,Expected,Red,Left,13.008,4.068,-0.005,0.868,13.647,,20.161,0,,-1,-1,,-1
2,Night,9.234,3.867,0,E_Red_R,Practice,Expected,Red,Left,13.101,4.161,-0.005,0.868,14.505,,20.829,0,,-1,-1,,-1
2,Night,9.234,3.967,0,E_Red_R,Practice,Expected,Red,Left,13.201,4.261,-0.005,0.868,15.443,,21.497,0,,-1,-1,,-1
2,Night,9.234,4.072,0,E_Red_R,Practice,Expected,Red,Left,13.306,4.366,-0.006,0.868,16.473,,22.165,0,,-1,-1,,-1
2,Night,9.234,4.172,0,E_Red_R,Practice,Expected,Red,Left,13.406,4.466,-0.006,0.868,17.483,,22.833,0,,-1,-1,,-1
2,Night,9.234,4.272,0,E_Red_R,Practice,Expected,Red,Left,13.506,4.566,-0.007,0.868,18.515,,23.5,0,,-1,-1,,-1
2,Night,9.234,4.371,0,E_Red_R,Practice,Expected,Red,Left,13.605,4.665,-0.008,0.868,19.578,,24.168,0,,-1,-1,,-1
2,Night,9.234,4.472,0,E_Red_R,Practice,Expected,Red,Left,13.706,4.766,-0.008,0.868,20.677,,24.835,0,,-1,-1,,-1
2,Night,9.234,4.571,0,E_Red_R,Practice,Expected,Red,Left,13.805,4.865,-0.009,0.868,21.794,,25.502,0,,-1,-1,,-1
2,Night,9.234,4.669,0,E_Red_R,Practice,Expected,Red,Left,13.903,4.963,-0.01,0.868,22.936,,26.169,0,,-1,-1,,-1
2,Night,9.234,4.777,0,E_Red_R,Practice,Expected,Red,Left,14.011,5.071,-0.01,0.868,24.2,,26.946,0,,-1,-1,,-1
2,Night,9.234,4.868,0,E_Red_R,Practice,Expected,Red,Left,14.102,5.162,-0.011,0.868,25.317,,27.502,0,,-1,-1,,-1
2,Night,9.234,4.969,0,E_Red_R,Practice,Expected,Red,Left,14.203,5.263,-0.012,0.868,26.572,,28.168,0,,-1,-1,,-1
2,Night,9.234,5.067,0,E_Red_R,Practice,Expected,Red,Left,14.301,5.361,-0.013,0.868,27.825,,28.834,0,,-1,-1,,-1
2,Night,9.234,5.168,0,E_Red_R,Practice,Expected,Red,Left,14.402,5.462,-0.014,0.868,29.142,,29.5,0,,-1,-1,,-1
2,Night,9.234,5.272,0,E_Red_R,Practice,Expected,Red,Left,14.506,5.566,-0.015,0.868,30.527,,30.142,0,,-1,-1,,-1
2,Night,9.234,5.366,0,E_Red_R,Practice,Expected,Red,Left,14.6,5.66,-0.016,0.868,31.817,,30.625,0,,-1,-1,,-1
2,Night,9.234,15.093,0,E_Red_R,Practice,Expected,Red,Left,24.327,15.387,-0.016,0.868,32.189,,30.686,0,,-1,-1,,-1
2,Night,9.234,15.117,0,E_Red_R,Practice,Expected,Red,Left,24.351,15.411,-0.016,0.868,32.512,,30.699,0,,-1,-1,,-1
2,Night,9.234,15.131,0,E_Red_R,Practice,Expected,Red,Left,24.365,15.425,-0.016,0.868,32.703,,30.706,0,,-1,-1,,-1
2,Night,9.234,15.142,0,E_Red_R,Practice,Expected,Red,Left,24.376,15.436,-0.016,0.868,32.863,,30.71,0,,-1,-1,,-1
2,Night,9.234,15.153,0,E_Red_R,Practice,Expected,Red,Left,24.387,15.447,-0.016,0.868,33.012,,30.71,0,,-1,-1,,-1
2,Night,9.234,15.163,0,E_Red_R,Practice,Expected,Red,Left,24.397,15.457,-0.017,0.868,33.147,,30.712,0,,-1,-1,,-1
2,Night,9.234,15.174,0,E_Red_R,Practice,Expected,Red,Left,24.408,15.468,-0.017,0.868,33.297,,30.713,0,,-1,-1,,-1
2,Night,9.234,15.184,0,E_Red_R,Practice,Expected,Red,Left,24.418,15.478,-0.017,0.868,33.436,,30.713,0,,-1,-1,,-1
2,Night,9.234,15.193,0,E_Red_R,Practice,Expected,Red,Left,24.427,15.487,-0.017,0.868,33.56,,30.713,0,,-1,-1,,-1
2,Night,9.234,15.202,0,E_Red_R,Practice,Expected,Red,Left,24.436,15.496,-0.017,0.868,33.687,,30.713,0,,-1,-1,,-1
2,Night,9.234,15.213,0,E_Red_R,Practice,Expected,Red,Left,24.447,15.507,-0.017,0.868,33.835,,30.713,0,,-1,-1,,-1
2,Night,9.234,15.223,0,E_Red_R,Practice,Expected,Red,Left,24.457,15.517,-0.017,0.868,33.97,,30.713,0,,-1,-1,,-1
2,Night,9.234,15.232,0,E_Red_R,Practice,Expected,Red,Left,24.466,15.526,-0.017,0.868,34.096,,30.712,0,,-1,-1,,-1
2,Night,9.234,15.243,0,E_Red_R,Practice,Expected,Red,Left,24.477,15.537,-0.017,0.868,34.243,,30.711,0,,-1,-1,,-1
2,Night,9.234,15.252,0,E_Red_R,Practice,Expected,Red,Left,24.486,15.546,-0.017,0.868,34.379,,30.711,0,,-1,-1,,-1
2,Night,9.234,15.262,0,E_Red_R,Practice,Expected,Red,Left,24.496,15.556,-0.018,0.868,34.507,,30.71,0,,-1,-1,,-1
2,Night,9.234,15.273,0,E_Red_R,Practice,Expected,Red,Left,24.507,15.567,-0.018,0.868,34.66,,30.71,0,,-1,-1,,-1
2,Night,9.234,15.283,0,E_Red_R,Practice,Expected,Red,Left,24.517,15.577,-0.018,0.868,34.796,,30.709,0,,-1,-1,,-1
2,Night,9.234,15.292,0,E_Red_R,Practice,Expected,Red,Left,24.526,15.586,-0.018,0.868,34.922,,30.708,0,,-1,-1,,-1
2,Night,9.234,15.303,0,E_Red_R,Practice,Expected,Red,Left,24.537,15.597,-0.018,0.868,35.071,,30.708,0,,-1,-1,,-1
2,Night,9.234,15.312,0,E_Red_R,Practice,Expected,Red,Left,24.546,15.606,-0.018,0.868,35.192,,30.707,0,,-1,-1,,-1
2,Night,9.234,15.321,0,E_Red_R,Practice,Expected,Red,Left,24.555,15.615,-0.018,0.868,35.322,,30.707,0,,-1,-1,,-1
2,Night,9.234,15.329,0,E_Red_R,Practice,Expected,Red,Left,24.563,15.623,-0.018,0.868,35.427,,30.706,0,,-1,-1,,-1
2,Night,9.234,15.338,0,E_Red_R,Practice,Expected,Red,Left,24.572,15.632,-0.018,0.868,35.557,,30.706,0,,-1,-1,,-1
2,Night,9.234,15.346,0,E_Red_R,Practice,Expected,Red,Left,24.58,15.64,-0.019,0.868,35.663,,30.705,0,,-1,-1,,-1
2,Night,9.234,15.354,0,E_Red_R,Practice,Expected,Red,Left,24.588,15.648,-0.019,0.868,35.775,,30.705,0,,-1,-1,,-1
2,Night,9.234,15.363,0,E_Red_R,Practice,Expected,Red,Left,24.597,15.657,-0.019,0.868,35.885,,30.704,0,,-1,-1,,-1
2,Night,9.234,15.371,0,E_Red_R,Practice,Expected,Red,Left,24.605,15.665,-0.019,0.868,36.009,,30.704,0,,-1,-1,,-1
2,Night,9.234,15.379,0,E_Red_R,Practice,Expected,Red,Left,24.613,15.673,-0.019,0.868,36.111,,30.703,0,,-1,-1,,-1
2,Night,9.234,15.387,0,E_Red_R,Practice,Expected,Red,Left,24.621,15.681,-0.019,0.868,36.232,,30.703,0,,-1,-1,,-1
2,Night,9.234,15.396,0,E_Red_R,Practice,Expected,Red,Left,24.63,15.69,-0.019,0.868,36.345,,30.701,0,,-1,-1,,-1
2,Night,9.234,15.405,0,E_Red_R,Practice,Expected,Red,Left,24.639,15.699,-0.019,0.868,36.469,,30.701,0,,-1,-1,,-1
2,Night,9.234,15.413,0,E_Red_R,Practice,Expected,Red,Left,24.647,15.707,-0.019,0.868,36.572,,30.7,0,,-1,-1,,-1
2,Night,9.234,15.422,0,E_Red_R,Practice,Expected,Red,Left,24.656,15.716,-0.019,0.868,36.712,,30.7,0,,-1,-1,,-1
2,Night,9.234,15.431,0,E_Red_R,Practice,Expected,Red,Left,24.665,15.725,-0.019,0.868,36.82,,30.699,0,,-1,-1,,-1
2,Night,9.234,15.439,0,E_Red_R,Practice,Expected,Red,Left,24.673,15.733,-0.02,0.868,36.948,,30.699,0,,-1,-1,,-1
2,Night,9.234,15.448,0,E_Red_R,Practice,Expected,Red,Left,24.682,15.742,-0.02,0.868,37.053,,30.698,0,,-1,-1,,-1
2,Night,9.234,15.456,0,E_Red_R,Practice,Expected,Red,Left,24.69,15.75,-0.02,0.868,37.169,,30.698,0,,-1,-1,,-1
2,Night,9.234,15.464,0,E_Red_R,Practice,Expected,Red,Left,24.698,15.758,-0.02,0.868,37.273,,30.697,0,,-1,-1,,-1
2,Night,9.234,15.472,0,E_Red_R,Practice,Expected,Red,Left,24.706,15.766,-0.02,0.868,37.395,,30.697,0,,-1,-1,,-1
2,Night,9.234,15.48,0,E_Red_R,Practice,Expected,Red,Left,24.714,15.774,-0.02,0.868,37.499,,30.696,0,,-1,-1,,-1
2,Night,9.234,15.489,0,E_Red_R,Practice,Expected,Red,Left,24.723,15.783,-0.02,0.868,37.626,,30.696,0,,-1,-1,,-1
2,Night,9.234,15.498,0,E_Red_R,Practice,Expected,Red,Left,24.732,15.792,-0.02,0.868,37.74,,30.694,0,,-1,-1,,-1
2,Night,9.234,15.506,0,E_Red_R,Practice,Expected,Red,Left,24.74,15.8,-0.02,0.868,37.865,,30.694,0,,-1,-1,,-1
2,Night,9.234,15.515,0,E_Red_R,Practice,Expected,Red,Left,24.749,15.809,-0.02,0.868,37.983,,30.693,0,,-1,-1,,-1
2,Night,9.234,15.523,0,E_Red_R,Practice,Expected,Red,Left,24.757,15.817,-0.02,0.868,38.095,,30.693,0,,-1,-1,,-1
2,Night,9.234,15.531,0,E_Red_R,Practice,Expected,Red,Left,24.765,15.825,-0.021,0.868,38.202,,30.692,0,,-1,-1,,-1
2,Night,9.234,15.541,0,E_Red_R,Practice,Expected,Red,Left,24.775,15.835,-0.021,0.868,38.332,,30.691,0,,-1,-1,,-1
2,Night,9.234,15.548,0,E_Red_R,Practice,Expected,Red,Left,24.782,15.842,-0.021,0.868,38.443,,30.691,0,,-1,-1,,-1
2,Night,9.234,15.556,0,E_Red_R,Practice,Expected,Red,Left,24.79,15.85,-0.021,0.868,38.548,,30.691,0,,-1,-1,,-1
2,Night,9.234,15.564,0,E_Red_R,Practice,Expected,Red,Left,24.798,15.858,-0.021,0.868,38.649,,30.69,0,,-1,-1,,-1
2,Night,9.234,15.573,0,E_Red_R,Practice,Expected,Red,Left,24.807,15.867,-0.021,0.868,38.774,,30.69,0,,-1,-1,,-1
2,Night,9.234,15.581,0,E_Red_R,Practice,Expected,Red,Left,24.815,15.875,-0.021,0.868,38.882,,30.689,0,,-1,-1,,-1
2,Night,9.234,15.589,0,E_Red_R,Practice,Expected,Red,Left,24.823,15.883,-0.021,0.868,38.998,,30.689,0,,-1,-1,,-1
2,Night,9.234,15.597,0,E_Red_R,Practice,Expected,Red,Left,24.831,15.891,-0.021,0.868,39.108,,30.688,0,,-1,-1,,-1
2,Night,9.234,15.606,0,E_Red_R,Practice,Expected,Red,Left,24.84,15.9,-0.021,0.868,39.229,,30.688,0,,-1,-1,,-1
2,Night,9.234,15.614,0,E_Red_R,Practice,Expected,Red,Left,24.848,15.908,-0.022,0.868,39.333,,30.686,0,,-1,-1,,-1
2,Night,9.234,15.622,0,E_Red_R,Practice,Expected,Red,Left,24.856,15.916,-0.022,0.868,39.451,,30.686,0,,-1,-1,,-1
2,Night,9.234,15.631,0,E_Red_R,Practice,Expected,Red,Left,24.865,15.925,-0.022,0.868,39.568,,30.685,0,,-1,-1,,-1
2,Night,9.234,15.64,0,E_Red_R,Practice,Expected,Red,Left,24.874,15.934,-0.022,0.868,39.699,,30.685,0,,-1,-1,,-1
2,Night,9.234,15.65,0,E_Red_R,Practice,Expected,Red,Left,24.884,15.944,-0.022,0.868,39.828,,30.684,0,,-1,-1,,-1
2,Night,9.234,15.658,0,E_Red_R,Practice,Expected,Red,Left,24.892,15.952,-0.022,0.868,39.945,,30.683,0,,-1,-1,,-1
2,Night,9.234,15.667,0,E_Red_R,Practice,Expected,Red,Left,24.901,15.961,-0.022,0.868,40.068,,30.683,0,,-1,-1,,-1
2,Night,9.234,15.676,0,E_Red_R,Practice,Expected,Red,Left,24.91,15.97,-0.022,0.868,40.186,,30.682,0,,-1,-1,,-1
2,Night,9.234,15.684,0,E_Red_R,Practice,Expected,Red,Left,24.917,15.978,-0.022,0.868,40.297,,30.682,0,,-1,-1,,-1
2,Night,9.234,15.692,0,E_Red_R,Practice,Expected,Red,Left,24.926,15.986,-0.022,0.868,40.408,,30.681,0,,-1,-1,,-1
2,Night,9.234,15.701,0,E_Red_R,Practice,Expected,Red,Left,24.935,15.995,-0.023,0.868,40.54,,30.681,0,,-1,-1,,-1
2,Night,9.234,15.71,0,E_Red_R,Practice,Expected,Red,Left,24.944,16.004,-0.023,0.868,40.65,,30.68,0,,-1,-1,,-1
2,Night,9.234,15.717,0,E_Red_R,Practice,Expected,Red,Left,24.951,16.011,-0.023,0.868,40.759,,30.68,0,,-1,-1,,-1
2,Night,9.234,15.725,0,E_Red_R,Practice,Expected,Red,Left,24.959,16.019,-0.023,0.868,40.86,,30.678,0,,-1,-1,,-1
2,Night,9.234,15.735,0,E_Red_R,Practice,Expected,Red,Left,24.969,16.029,-0.023,0.868,41.005,,30.678,0,,-1,-1,,-1
2,Night,9.234,15.744,0,E_Red_R,Practice,Expected,Red,Left,24.978,16.038,-0.023,0.868,41.115,,30.677,0,,-1,-1,,-1
2,Night,9.234,15.751,0,E_Red_R,Practice,Expected,Red,Left,24.985,16.045,-0.023,0.868,41.22,,30.677,0,,-1,-1,,-1
2,Night,9.234,15.759,0,E_Red_R,Practice,Expected,Red,Left,24.993,16.053,-0.023,0.868,41.321,,30.677,0,,-1,-1,,-1
2,Night,9.234,15.767,0,E_Red_R,Practice,Expected,Red,Left,25.001,16.061,-0.023,0.868,41.44,,30.677,0,,-1,-1,,-1
2,Night,9.234,15.775,0,E_Red_R,Practice,Expected,Red,Left,25.009,16.069,-0.023,0.868,41.539,,30.681,0,,-1,-1,,-1
2,Night,9.234,15.781,0,E_Red_R,Practice,Expected,Red,Left,25.015,16.075,-0.023,0.868,41.635,,30.681,0,,-1,-1,,-1
2,Night,9.234,15.789,0,E_Red_R,Practice,Expected,Red,Left,25.022,16.083,-0.024,0.868,41.737,,30.681,0,,-1,-1,,-1
2,Night,9.234,15.795,0,E_Red_R,Practice,Expected,Red,Left,25.029,16.089,-0.024,0.868,41.824,,30.688,0,,-1,-1,,-1
2,Night,9.234,15.804,0,E_Red_R,Practice,Expected,Red,Left,25.038,16.098,-0.024,0.868,41.945,,30.688,0,,-1,-1,,-1
2,Night,9.234,15.811,0,E_Red_R,Practice,Expected,Red,Left,25.045,16.105,-0.024,0.868,42.037,,30.7,0,,-1,-1,,-1
2,Night,9.234,15.818,0,E_Red_R,Practice,Expected,Red,Left,25.052,16.112,-0.024,0.868,42.135,,30.7,0,,-1,-1,,-1
2,Night,9.234,15.824,0,E_Red_R,Practice,Expected,Red,Left,25.058,16.118,-0.024,0.868,42.22,,30.718,0,,-1,-1,,-1
2,Night,9.234,15.832,0,E_Red_R,Practice,Expected,Red,Left,25.066,16.126,-0.024,0.868,42.335,,30.718,0,,-1,-1,,-1
2,Night,9.234,15.839,0,E_Red_R,Practice,Expected,Red,Left,25.073,16.133,-0.024,0.868,42.425,,30.718,0,,-1,-1,,-1
2,Night,9.234,15.846,0,E_Red_R,Practice,Expected,Red,Left,25.08,16.14,-0.024,0.868,42.515,,30.741,0,,-1,-1,,-1
2,Night,9.234,15.852,0,E_Red_R,Practice,Expected,Red,Left,25.086,16.146,-0.024,0.868,42.612,,30.741,0,,-1,-1,,-1
2,Night,9.234,15.859,0,E_Red_R,Practice,Expected,Red,Left,25.093,16.153,-0.024,0.868,42.702,,30.77,0,,-1,-1,,-1
2,Night,9.234,15.868,0,E_Red_R,Practice,Expected,Red,Left,25.102,16.162,-0.024,0.868,42.823,,30.77,0,,-1,-1,,-1
2,Night,9.234,15.875,0,E_Red_R,Practice,Expected,Red,Left,25.109,16.169,-0.025,0.868,42.918,,30.804,0,,-1,-1,,-1
2,Night,9.234,15.882,0,E_Red_R,Practice,Expected,Red,Left,25.116,16.176,-0.025,0.868,43.024,,30.804,0,,-1,-1,,-1
2,Night,9.234,15.899,0,E_Red_R,Practice,Expected,Red,Left,25.133,16.193,-0.025,0.868,43.246,,30.844,0,,-1,-1,,-1
2,Night,9.234,15.906,0,E_Red_R,Practice,Expected,Red,Left,25.14,16.2,-0.025,0.868,43.349,,30.844,0,,-1,-1,,-1
2,Night,9.234,15.914,0,E_Red_R,Practice,Expected,Red,Left,25.148,16.208,-0.025,0.868,43.45,,30.889,0,,-1,-1,,-1
2,Night,9.234,15.921,0,E_Red_R,Practice,Expected,Red,Left,25.154,16.215,-0.025,0.868,43.553,,30.889,0,,-1,-1,,-1
2,Night,9.234,15.928,0,E_Red_R,Practice,Expected,Red,Left,25.162,16.222,-0.025,0.868,43.653,,30.94,0,,-1,-1,,-1
2,Night,9.234,15.936,0,E_Red_R,Practice,Expected,Red,Left,25.17,16.23,-0.025,0.868,43.765,,30.94,0,,-1,-1,,-1
2,Night,9.234,15.945,0,E_Red_R,Practice,Expected,Red,Left,25.179,16.239,-0.025,0.868,43.876,,30.997,0,,-1,-1,,-1
2,Night,9.234,15.952,0,E_Red_R,Practice,Expected,Red,Left,25.186,16.246,-0.025,0.868,43.995,,30.997,0,,-1,-1,,-1
2,Night,9.234,15.961,0,E_Red_R,Practice,Expected,Red,Left,25.195,16.255,-0.026,0.868,44.109,,31.059,0,,-1,-1,,-1
2,Night,9.234,15.969,0,E_Red_R,Practice,Expected,Red,Left,25.203,16.263,-0.026,0.868,44.23,,31.059,0,,-1,-1,,-1
2,Night,9.234,15.977,0,E_Red_R,Practice,Expected,Red,Left,25.211,16.271,-0.026,0.868,44.335,,31.127,0,,-1,-1,,-1
2,Night,9.234,15.985,0,E_Red_R,Practice,Expected,Red,Left,25.219,16.279,-0.026,0.868,44.445,,31.127,0,,-1,-1,,-1
2,Night,9.234,15.993,0,E_Red_R,Practice,Expected,Red,Left,25.227,16.287,-0.026,0.868,44.547,,31.201,0,,-1,-1,,-1
2,Night,9.234,16.001,0,E_Red_R,Practice,Expected,Red,Left,25.235,16.295,-0.026,0.868,44.67,,31.201,0,,-1,-1,,-1
2,Night,9.234,16.009,0,E_Red_R,Practice,Expected,Red,Left,25.243,16.303,-0.026,0.868,44.773,,31.28,0,,-1,-1,,-1
2,Night,9.234,16.073,0,E_Red_R,Practice,Expected,Red,Left,25.307,16.367,-0.027,0.868,45.676,,31.551,0,,-1,-1,,-1
2,Night,9.234,16.167,0,E_Red_R,Practice,Expected,Red,Left,25.401,16.461,-0.028,0.868,47.017,,32.194,0,,-1,-1,,-1
2,Night,9.234,16.272,0,E_Red_R,Practice,Expected,Red,Left,25.506,16.566,-0.029,0.868,48.546,,32.858,0,,-1,-1,,-1
2,Night,9.234,16.368,0,E_Red_R,Practice,Expected,Red,Left,25.602,16.662,-0.031,0.868,49.981,,33.523,0,,-1,-1,,-1
2,Night,9.234,16.471,0,E_Red_R,Practice,Expected,Red,Left,25.705,16.765,-0.032,0.868,51.535,,34.188,0,,-1,-1,,-1
2,Night,9.234,16.572,0,E_Red_R,Practice,Expected,Red,Left,25.806,16.866,-0.033,0.868,53.102,,34.853,0,,-1,-1,,-1
2,Night,9.234,16.667,0,E_Red_R,Practice,Expected,Red,Left,25.901,16.961,-0.035,0.868,54.584,,35.518,0,,-1,-1,,-1
2,Night,9.234,16.77,0,E_Red_R,Practice,Expected,Red,Left,26.004,17.064,-0.036,0.868,56.25,,36.182,0,,-1,-1,,-1
2,Night,9.234,16.867,0,E_Red_R,Practice,Expected,Red,Left,26.101,17.161,-0.038,0.868,57.835,,36.846,0,,-1,-1,,-1
2,Night,9.234,16.967,0,E_Red_R,Practice,Expected,Red,Left,26.201,17.261,-0.039,0.868,59.492,,37.51,0,,-1,-1,,-1
2,Night,9.234,17.069,0,E_Red_R,Practice,Expected,Red,Left,26.303,17.363,-0.041,0.868,61.217,,38.174,0,,-1,-1,,-1
2,Night,9.234,17.171,0,E_Red_R,Practice,Expected,Red,Left,26.405,17.465,-0.043,0.868,62.975,,38.838,0,,-1,-1,,-1
2,Night,9.234,17.274,0,E_Red_R,Practice,Expected,Red,Left,26.508,17.568,-0.045,0.868,64.777,,39.612,0,,-1,-1,,-1
2,Night,9.234,17.367,0,E_Red_R,Practice,Expected,Red,Left,26.601,17.661,-0.047,0.868,66.441,,40.165,0,,-1,-1,,-1
2,Night,9.234,17.468,0,E_Red_R,Practice,Expected,Red,Left,26.702,17.762,-0.049,0.868,68.264,,40.829,0,,-1,-1,,-1
2,Night,9.234,17.571,0,E_Red_R,Practice,Expected,Red,Left,26.804,17.865,-0.051,0.868,70.154,,41.492,0,,-1,-1,,-1
2,Night,9.234,17.667,0,E_Red_R,Practice,Expected,Red,Left,26.901,17.961,-0.053,0.868,71.956,,42.155,0,,-1,-1,,-1
2,Night,9.234,17.768,0,E_Red_R,Practice,Expected,Red,Left,27.002,18.062,-0.055,0.868,73.88,,42.818,0,,-1,-1,,-1
2,Night,9.234,17.872,0,E_Red_R,Practice,Expected,Red,Left,27.106,18.166,-0.058,0.868,75.895,,43.48,0,,-1,-1,,-1
2,Night,9.234,17.971,0,E_Red_R,Practice,Expected,Red,Left,27.205,18.265,-0.06,0.868,77.82,,44.143,0,,-1,-1,,-1
2,Night,9.234,18.071,0,E_Red_R,Practice,Expected,Red,Left,27.305,18.365,-0.063,0.868,79.809,,44.805,0,,-1,-1,,-1
2,Night,9.234,18.168,0,E_Red_R,Practice,Expected,Red,Left,27.402,18.462,-0.065,0.868,81.778,,45.467,0,,-1,-1,,-1
2,Night,9.234,18.272,0,E_Red_R,Practice,Expected,Red,Left,27.506,18.566,-0.068,0.868,83.896,,46.129,0,,-1,-1,,-1
2,Night,9.234,18.375,0,E_Red_R,Practice,Expected,Red,Left,27.609,18.669,-0.071,0.868,86.037,,46.902,0,,-1,-1,,-1
2,Night,9.234,18.468,0,E_Red_R,Practice,Expected,Red,Left,27.702,18.762,-0.074,0.868,88.016,,47.453,0,,-1,-1,,-1
2,Night,9.234,18.573,0,E_Red_R,Practice,Expected,Red,Left,27.807,18.867,-0.077,0.868,90.246,,48.115,0,,-1,-1,,-1
2,Night,9.234,18.674,0,E_Red_R,Practice,Expected,Red,Left,27.908,18.968,-0.08,0.868,92.441,,48.886,0,,-1,-1,,-1
2,Night,9.234,18.772,0,E_Red_R,Practice,Expected,Red,Left,28.006,19.066,-0.084,0.868,94.594,,49.437,0,,-1,-1,,-1
2,Night,9.234,18.867,0,E_Red_R,Practice,Expected,Red,Left,28.101,19.161,-0.087,0.868,96.709,,50.098,0,,-1,-1,,-1
2,Night,9.234,18.968,0,E_Red_R,Practice,Expected,Red,Left,28.202,19.262,-0.09,0.868,98.969,,50.759,0,,-1,-1,,-1
2,Night,9.234,19.071,0,E_Red_R,Practice,Expected,Red,Left,28.305,19.365,-0.094,0.868,101.353,,51.42,0,,-1,-1,,-1
2,Night,9.234,19.168,0,E_Red_R,Practice,Expected,Red,Left,28.402,19.462,-0.098,0.868,103.599,,52.081,0,,-1,-1,,-1
2,Night,9.234,19.272,0,E_Red_R,Practice,Expected,Red,Left,28.506,19.566,-0.102,0.868,106.034,,52.741,0,,-1,-1,,-1
2,Night,9.234,19.369,0,E_Red_R,Practice,Expected,Red,Left,28.603,19.663,-0.106,0.868,108.319,,53.401,0,,-1,-1,,-1
2,Night,9.234,19.47,0,E_Red_R,Practice,Expected,Red,Left,28.704,19.764,-0.11,0.868,110.762,,54.062,0,,-1,-1,,-1
2,Night,9.234,19.567,0,E_Red_R,Practice,Expected,Red,Left,28.801,19.861,-0.114,0.868,113.114,,54.722,0,,-1,-1,,-1
2,Night,9.234,19.669,0,E_Red_R,Practice,Expected,Red,Left,28.903,19.963,-0.119,0.868,115.629,,55.381,0,,-1,-1,,-1
2,Night,9.234,19.816,0,E_Red_R,Practice,Expected,Red,Left,29.05,20.11,-0.126,0.868,119.216,,56.371,0,,-1,-1,,-1
2,Night,9.234,19.868,0,E_Red_R,Practice,Expected,Red,Left,29.102,20.162,-0.128,0.868,120.617,,56.701,0,,-1,-1,,-1
2,Night,9.234,19.969,0,E_Red_R,Practice,Expected,Red,Left,29.203,20.263,-0.133,0.868,123.18,,57.36,0,,-1,-1,,-1
2,Night,9.234,20.072,0,E_Red_R,Practice,Expected,Red,Left,29.306,20.366,-0.139,0.868,125.848,,58.019,0,,-1,-1,,-1
2,Night,9.234,20.167,0,E_Red_R,Practice,Expected,Red,Left,29.401,20.461,-0.143,0.868,128.318,,58.664,0,,-1,-1,,-1
2,Night,9.234,20.271,0,E_Red_R,Practice,Expected,Red,Left,29.505,20.565,-0.149,0.868,131.059,,59.19,0,,-1,-1,,-1
2,Night,9.234,20.371,0,E_Red_R,Practice,Expected,Red,Left,29.605,20.665,-0.155,0.868,133.735,,59.528,0,,-1,-1,,-1
2,Night,9.234,20.473,0,E_Red_R,Practice,Expected,Red,Left,29.707,20.767,-0.16,0.868,136.446,,59.673,0,,-1,-1,,-1
2,Night,9.234,20.574,0,E_Red_R,Practice,Expected,Red,Left,29.808,20.868,-0.166,0.868,139.126,,59.772,0,,-1,-1,,-1
2,Night,9.234,20.666,0,E_Red_R,Practice,Expected,Red,Left,29.9,20.96,-0.172,0.868,141.61,,59.864,0,,-1,-1,,-1
2,Night,9.234,20.767,0,E_Red_R,Practice,Expected,Red,Left,30.001,21.061,-0.178,0.868,144.291,,59.896,0,,-1,-1,,-1
2,Night,9.234,20.869,0,E_Red_R,Practice,Expected,Red,Left,30.103,21.163,-0.184,0.868,147.046,,59.894,0,,-1,-1,,-1
2,Night,9.234,20.971,0,E_Red_R,Practice,Expected,Red,Left,30.205,21.265,-0.19,0.868,149.767,,59.884,0,,-1,-1,,-1
2,Night,9.234,21.071,0,E_Red_R,Practice,Expected,Red,Left,30.305,21.365,-0.196,0.868,152.432,,59.872,0,,-1,-1,,-1
2,Night,9.234,21.173,0,E_Red_R,Practice,Expected,Red,Left,30.407,21.467,-0.203,0.868,155.176,,59.858,0,,-1,-1,,-1
2,Night,9.234,21.275,0,E_Red_R,Practice,Expected,Red,Left,30.508,21.569,-0.209,0.868,157.865,,59.843,0,,-1,-1,,-1
2,Night,9.234,21.377,0,E_Red_R,Practice,Expected,Red,Left,30.611,21.671,-0.216,0.868,160.615,,59.829,0,,-1,-1,,-1
2,Night,9.234,21.47,0,E_Red_R,Practice,Expected,Red,Left,30.704,21.764,-0.222,0.868,163.117,,59.818,0,,-1,-1,,-1
2,Night,9.234,21.572,0,E_Red_R,Practice,Expected,Red,Left,30.806,21.866,-0.228,0.868,165.843,,59.805,0,,-1,-1,,-1
2,Night,9.234,21.685,0,E_Red_R,Practice,Expected,Red,Left,30.919,21.979,-0.236,0.868,168.839,,59.789,0,,-1,-1,,-1
2,Night,9.234,21.769,0,E_Red_R,Practice,Expected,Red,Left,31.003,22.063,-0.241,0.868,171.121,,59.778,0,,-1,-1,,-1
2,Night,9.234,21.873,0,E_Red_R,Practice,Expected,Red,Left,31.106,22.167,-0.248,0.868,173.876,,59.764,0,,-1,-1,,-1
2,Night,9.234,21.975,0,E_Red_R,Practice,Expected,Red,Left,31.209,22.269,-0.255,0.868,176.587,,59.749,0,,-1,-1,,-1
2,Night,9.234,22.068,0,E_Red_R,Practice,Expected,Red,Left,31.302,22.362,-0.261,0.868,179.098,,59.738,0,,-1,-1,,-1
2,Night,9.234,22.171,0,E_Red_R,Practice,Expected,Red,Left,31.405,22.465,-0.267,0.868,181.842,,59.724,0,,-1,-1,,-1
2,Night,9.234,22.274,0,E_Red_R,Practice,Expected,Red,Left,31.508,22.568,-0.274,0.868,184.592,,59.708,0,,-1,-1,,-1
2,Night,9.234,22.369,0,E_Red_R,Practice,Expected,Red,Left,31.603,22.663,-0.28,0.868,187.121,,59.697,0,,-1,-1,,-1
2,Night,9.234,22.471,0,E_Red_R,Practice,Expected,Red,Left,31.705,22.765,-0.287,0.868,189.858,,59.684,0,,-1,-1,,-1
2,Night,9.234,22.572,0,E_Red_R,Practice,Expected,Red,Left,31.806,22.866,-0.294,0.868,192.562,,59.67,0,,-1,-1,,-1
2,Night,9.234,22.669,0,E_Red_R,Practice,Expected,Red,Left,31.903,22.963,-0.3,0.868,195.126,,59.657,0,,-1,-1,,-1
2,Night,9.234,22.767,0,E_Red_R,Practice,Expected,Red,Left,32.001,23.061,-0.307,0.868,197.736,,59.644,0,,-1,-1,,-1
2,Night,9.234,22.869,0,E_Red_R,Practice,Expected,Red,Left,32.103,23.163,-0.313,0.868,200.479,,59.63,0,,-1,-1,,-1
2,Night,9.234,22.974,0,E_Red_R,Practice,Expected,Red,Left,32.208,23.268,-0.32,0.868,203.254,,59.614,0,,-1,-1,,-1
2,Night,9.234,23.073,0,E_Red_R,Practice,Expected,Red,Left,32.307,23.367,-0.327,0.868,205.884,,59.603,0,,-1,-1,,-1
2,Night,9.234,23.168,0,E_Red_R,Practice,Expected,Red,Left,32.402,23.462,-0.333,0.868,208.436,,59.59,0,,-1,-1,,-1
2,Night,9.234,23.271,0,E_Red_R,Practice,Expected,Red,Left,32.505,23.565,-0.34,0.868,211.186,,59.577,0,,-1,-1,,-1
2,Night,9.234,23.368,0,E_Red_R,Practice,Expected,Red,Left,32.602,23.662,-0.346,0.868,213.752,,59.563,0,,-1,-1,,-1
2,Night,9.234,33.148,0,E_Red_R,Practice,Expected,Red,Left,42.382,33.442,-0.35,0.868,215.12,,59.556,0,,-1,-1,,-1
2,Night,9.234,33.172,0,E_Red_R,Practice,Expected,Red,Left,42.406,33.466,-0.351,0.868,215.736,,59.552,0,,-1,-1,,-1
2,Night,9.234,33.185,0,E_Red_R,Practice,Expected,Red,Left,42.419,33.479,-0.352,0.868,216.105,,59.552,0,,-1,-1,,-1
2,Night,9.234,33.196,0,E_Red_R,Practice,Expected,Red,Left,42.43,33.49,-0.353,0.868,216.396,,59.55,0,,-1,-1,,-1
2,Night,9.234,33.208,0,E_Red_R,Practice,Expected,Red,Left,42.442,33.502,-0.353,0.868,216.697,,59.548,0,,-1,-1,,-1
2,Night,9.234,33.22,0,E_Red_R,Practice,Expected,Red,Left,42.454,33.514,-0.354,0.868,217.013,,59.545,0,,-1,-1,,-1
2,Night,9.234,33.234,0,E_Red_R,Practice,Expected,Red,Left,42.468,33.528,-0.355,0.868,217.404,,59.545,0,,-1,-1,,-1
2,Night,9.234,33.246,0,E_Red_R,Practice,Expected,Red,Left,42.48,33.54,-0.356,0.868,217.719,,59.543,0,,-1,-1,,-1
2,Night,9.234,33.259,0,E_Red_R,Practice,Expected,Red,Left,42.493,33.553,-0.357,0.868,218.052,,59.541,0,,-1,-1,,-1
2,Night,9.234,33.27,0,E_Red_R,Practice,Expected,Red,Left,42.504,33.564,-0.358,0.868,218.368,,59.539,0,,-1,-1,,-1
2,Night,9.234,33.281,0,E_Red_R,Practice,Expected,Red,Left,42.515,33.575,-0.358,0.868,218.679,,59.539,0,,-1,-1,,-1
2,Night,9.234,33.294,0,E_Red_R,Practice,Expected,Red,Left,42.528,33.588,-0.359,0.868,218.989,,59.536,0,,-1,-1,,-1
2,Night,9.234,33.318,0,E_Red_R,Practice,Expected,Red,Left,42.552,33.612,-0.361,0.868,219.624,,59.534,0,,-1,-1,,-1
2,Night,9.234,33.331,0,E_Red_R,Practice,Expected,Red,Left,42.565,33.625,-0.362,0.868,219.969,,59.532,0,,-1,-1,,-1
2,Night,9.234,33.343,0,E_Red_R,Practice,Expected,Red,Left,42.577,33.637,-0.362,0.868,220.301,,59.53,0,,-1,-1,,-1
2,Night,9.234,33.357,0,E_Red_R,Practice,Expected,Red,Left,42.591,33.651,-0.363,0.868,220.652,,59.527,0,,-1,-1,,-1
2,Night,9.234,33.367,0,E_Red_R,Practice,Expected,Red,Left,42.601,33.661,-0.364,0.868,220.962,,59.527,0,,-1,-1,,-1
2,Night,9.234,33.378,0,E_Red_R,Practice,Expected,Red,Left,42.612,33.672,-0.365,0.868,221.222,,59.525,0,,-1,-1,,-1
2,Night,9.234,33.388,0,E_Red_R,Practice,Expected,Red,Left,42.622,33.682,-0.365,0.868,221.493,,59.523,0,,-1,-1,,-1
2,Night,9.234,33.397,0,E_Red_R,Practice,Expected,Red,Left,42.631,33.691,-0.366,0.868,221.762,,59.523,0,,-1,-1,,-1
2,Night,9.234,33.407,0,E_Red_R,Practice,Expected,Red,Left,42.641,33.701,-0.367,0.868,222.005,,59.521,0,,-1,-1,,-1
2,Night,9.234,33.416,0,E_Red_R,Practice,Expected,Red,Left,42.65,33.71,-0.367,0.868,222.249,,59.521,0,,-1,-1,,-1
2,Night,9.234,33.425,0,E_Red_R,Practice,Expected,Red,Left,42.659,33.719,-0.368,0.868,222.489,,59.519,0,,-1,-1,,-1
2,Night,9.234,33.434,0,E_Red_R,Practice,Expected,Red,Left,42.668,33.728,-0.368,0.868,222.745,,59.519,0,,-1,-1,,-1
2,Night,9.234,33.443,0,E_Red_R,Practice,Expected,Red,Left,42.677,33.737,-0.369,0.868,222.953,,59.516,0,,-1,-1,,-1
2,Night,9.234,33.45,0,E_Red_R,Practice,Expected,Red,Left,42.684,33.744,-0.369,0.868,223.175,,59.516,0,,-1,-1,,-1
2,Night,9.234,33.47,0,E_Red_R,Practice,Expected,Red,Left,42.704,33.764,-0.371,0.868,223.68,,59.512,0,,-1,-1,,-1
2,Night,9.234,33.478,0,E_Red_R,Practice,Expected,Red,Left,42.712,33.772,-0.371,0.868,223.911,,59.512,0,,-1,-1,,-1
2,Night,9.234,33.487,0,E_Red_R,Practice,Expected,Red,Left,42.721,33.781,-0.372,0.868,224.129,,59.51,0,,-1,-1,,-1
2,Night,9.234,33.495,0,E_Red_R,Practice,Expected,Red,Left,42.729,33.789,-0.372,0.868,224.367,,59.51,0,,-1,-1,,-1
2,Night,9.234,33.503,0,E_Red_R,Practice,Expected,Red,Left,42.737,33.797,-0.373,0.868,224.572,,59.507,0,,-1,-1,,-1
2,Night,9.234,33.512,0,E_Red_R,Practice,Expected,Red,Left,42.746,33.806,-0.373,0.868,224.81,,59.507,0,,-1,-1,,-1
2,Night,9.234,33.522,0,E_Red_R,Practice,Expected,Red,Left,42.756,33.816,-0.374,0.868,225.072,,59.505,0,,-1,-1,,-1
2,Night,9.234,33.53,0,E_Red_R,Practice,Expected,Red,Left,42.764,33.824,-0.375,0.868,225.299,,59.505,0,,-1,-1,,-1
2,Night,9.234,33.539,0,E_Red_R,Practice,Expected,Red,Left,42.773,33.833,-0.375,0.868,225.504,,59.503,0,,-1,-1,,-1
2,Night,9.234,33.657,0,E_Red_R,Practice,Expected,Red,Left,42.891,33.951,-0.383,0.868,228.568,,59.487,0,,-1,-1,,-1
2,Night,9.234,33.681,0,E_Red_R,Practice,Expected,Red,Left,42.915,33.975,-0.384,0.868,229.28,,59.485,0,,-1,-1,,-1
2,Night,9.234,33.695,0,E_Red_R,Practice,Expected,Red,Left,42.929,33.989,-0.385,0.868,229.651,,59.483,0,,-1,-1,,-1
2,Night,9.234,33.706,0,E_Red_R,Practice,Expected,Red,Left,42.94,34,-0.386,0.868,229.96,,59.481,0,,-1,-1,,-1
2,Night,9.234,33.718,0,E_Red_R,Practice,Expected,Red,Left,42.952,34.012,-0.387,0.868,230.297,,59.481,0,,-1,-1,,-1
2,Night,9.234,33.731,0,E_Red_R,Practice,Expected,Red,Left,42.965,34.025,-0.388,0.868,230.625,,59.478,0,,-1,-1,,-1
2,Night,9.234,33.751,0,E_Red_R,Practice,Expected,Red,Left,42.985,34.047,-0.389,0.868,231.092,,59.476,0,,-1,-1,,-1
2,Night,9.234,33.775,0,E_Red_R,Practice,Expected,Red,Left,43.009,34.069,-0.391,0.868,231.764,,59.472,0,,-1,-1,,-1
2,Night,9.234,33.797,0,E_Red_R,Practice,Expected,Red,Left,43.031,34.091,-0.392,0.868,232.361,,59.469,0,,-1,-1,,-1
2,Night,9.234,33.812,0,E_Red_R,Practice,Expected,Red,Left,43.046,34.106,-0.393,0.868,232.762,,59.467,0,,-1,-1,,-1
2,Night,9.234,33.839,0,E_Red_R,Practice,Expected,Red,Left,43.073,34.133,-0.395,0.868,233.467,,59.463,0,,-1,-1,,-1
2,Night,9.234,33.848,0,E_Red_R,Practice,Expected,Red,Left,43.082,34.142,-0.395,0.868,233.745,,59.463,0,,-1,-1,,-1
2,Night,9.234,33.86,0,E_Red_R,Practice,Expected,Red,Left,43.094,34.154,-0.396,0.868,234.037,,59.461,0,,-1,-1,,-1
2,Night,9.234,33.87,0,E_Red_R,Practice,Expected,Red,Left,43.104,34.164,-0.397,0.868,234.306,,59.458,0,,-1,-1,,-1
2,Night,9.234,33.878,0,E_Red_R,Practice,Expected,Red,Left,43.112,34.172,-0.397,0.868,234.56,,59.458,0,,-1,-1,,-1
2,Night,9.234,33.889,0,E_Red_R,Practice,Expected,Red,Left,43.123,34.183,-0.398,0.868,234.818,,59.457,0,,-1,-1,,-1
2,Night,9.234,33.898,0,E_Red_R,Practice,Expected,Red,Left,43.132,34.192,-0.399,0.868,235.07,,59.457,0,,-1,-1,,-1
2,Night,9.234,33.907,0,E_Red_R,Practice,Expected,Red,Left,43.141,34.201,-0.399,0.868,235.3,,59.457,0,,-1,-1,,-1
2,Night,9.234,33.918,0,E_Red_R,Practice,Expected,Red,Left,43.152,34.212,-0.4,0.868,235.601,,59.457,0,,-1,-1,,-1
2,Night,9.234,33.928,0,E_Red_R,Practice,Expected,Red,Left,43.162,34.222,-0.401,0.868,235.849,,59.461,0,,-1,-1,,-1
2,Night,9.234,33.938,0,E_Red_R,Practice,Expected,Red,Left,43.172,34.232,-0.401,0.868,236.113,,59.468,0,,-1,-1,,-1
2,Night,9.234,33.947,0,E_Red_R,Practice,Expected,Red,Left,43.181,34.241,-0.402,0.868,236.38,,59.468,0,,-1,-1,,-1
2,Night,9.234,33.96,0,E_Red_R,Practice,Expected,Red,Left,43.194,34.254,-0.403,0.868,236.689,,59.479,0,,-1,-1,,-1
2,Night,9.234,33.97,0,E_Red_R,Practice,Expected,Red,Left,43.204,34.264,-0.403,0.868,236.979,,59.493,0,,-1,-1,,-1
2,Night,9.234,33.993,0,E_Red_R,Practice,Expected,Red,Left,43.227,34.287,-0.405,0.868,237.57,,59.513,0,,-1,-1,,-1
2,Night,9.234,34.002,0,E_Red_R,Practice,Expected,Red,Left,43.236,34.296,-0.406,0.868,237.842,,59.513,0,,-1,-1,,-1
2,Night,9.234,34.013,0,E_Red_R,Practice,Expected,Red,Left,43.247,34.307,-0.406,0.868,238.102,,59.536,0,,-1,-1,,-1
2,Night,9.234,34.024,0,E_Red_R,Practice,Expected,Red,Left,43.258,34.318,-0.407,0.868,238.403,,59.565,0,,-1,-1,,-1
2,Night,9.234,34.034,0,E_Red_R,Practice,Expected,Red,Left,43.268,34.328,-0.408,0.868,238.686,,59.565,0,,-1,-1,,-1
2,Night,9.234,34.044,0,E_Red_R,Practice,Expected,Red,Left,43.278,34.338,-0.408,0.868,238.946,,59.599,0,,-1,-1,,-1
2,Night,9.234,34.055,0,E_Red_R,Practice,Expected,Red,Left,43.289,34.349,-0.409,0.868,239.245,,59.639,0,,-1,-1,,-1
2,Night,9.234,34.065,0,E_Red_R,Practice,Expected,Red,Left,43.299,34.359,-0.41,0.868,239.526,,59.639,0,,-1,-1,,-1
2,Night,9.234,34.075,0,E_Red_R,Practice,Expected,Red,Left,43.309,34.369,-0.41,0.868,239.772,,59.684,0,,-1,-1,,-1
2,Night,9.234,34.087,0,E_Red_R,Practice,Expected,Red,Left,43.321,34.381,-0.411,0.868,240.084,,59.735,0,,-1,-1,,-1
2,Night,9.234,34.096,0,E_Red_R,Practice,Expected,Red,Left,43.33,34.39,-0.412,0.868,240.347,,59.735,0,,-1,-1,,-1
2,Night,9.234,34.106,0,E_Red_R,Practice,Expected,Red,Left,43.34,34.4,-0.412,0.868,240.586,,59.791,0,,-1,-1,,-1
2,Night,9.234,34.116,0,E_Red_R,Practice,Expected,Red,Left,43.35,34.41,-0.413,0.868,240.876,,59.791,0,,-1,-1,,-1
2,Night,9.234,34.125,0,E_Red_R,Practice,Expected,Red,Left,43.359,34.419,-0.414,0.868,241.108,,59.852,0,,-1,-1,,-1
2,Night,9.234,34.146,0,E_Red_R,Practice,Expected,Red,Left,43.38,34.44,-0.415,0.868,241.657,,59.919,0,,-1,-1,,-1
2,Night,9.234,34.156,0,E_Red_R,Practice,Expected,Red,Left,43.39,34.45,-0.416,0.868,241.943,,59.992,0,,-1,-1,,-1
2,Night,9.234,34.165,0,E_Red_R,Practice,Expected,Red,Left,43.399,34.459,-0.416,0.868,242.196,,59.992,0,,-1,-1,,-1
2,Night,9.234,34.176,0,E_Red_R,Practice,Expected,Red,Left,43.41,34.47,-0.417,0.868,242.45,,60.07,0,,-1,-1,,-1
2,Night,9.234,34.187,0,E_Red_R,Practice,Expected,Red,Left,43.421,34.481,-0.418,0.868,242.764,,60.153,0,,-1,-1,,-1
2,Night,9.234,34.196,0,E_Red_R,Practice,Expected,Red,Left,43.43,34.49,-0.418,0.868,243.029,,60.153,0,,-1,-1,,-1
2,Night,9.234,34.207,0,E_Red_R,Practice,Expected,Red,Left,43.441,34.501,-0.419,0.868,243.295,,60.242,0,,-1,-1,,-1
2,Night,9.234,34.217,0,E_Red_R,Practice,Expected,Red,Left,43.451,34.511,-0.42,0.868,243.596,,60.242,0,,-1,-1,,-1
2,Night,9.234,34.227,0,E_Red_R,Practice,Expected,Red,Left,43.461,34.521,-0.42,0.868,243.834,,60.336,0,,-1,-1,,-1
2,Night,9.234,34.237,0,E_Red_R,Practice,Expected,Red,Left,43.471,34.531,-0.421,0.868,244.102,,60.433,0,,-1,-1,,-1
2,Night,9.234,34.246,0,E_Red_R,Practice,Expected,Red,Left,43.48,34.54,-0.422,0.868,244.388,,60.433,0,,-1,-1,,-1
2,Night,9.234,34.258,0,E_Red_R,Practice,Expected,Red,Left,43.492,34.552,-0.422,0.868,244.672,,60.533,0,,-1,-1,,-1
2,Night,9.234,34.267,0,E_Red_R,Practice,Expected,Red,Left,43.501,34.561,-0.423,0.868,244.949,,60.533,0,,-1,-1,,-1
2,Night,9.234,34.277,0,E_Red_R,Practice,Expected,Red,Left,43.511,34.571,-0.424,0.868,245.187,,60.634,0,,-1,-1,,-1
2,Night,9.234,34.299,0,E_Red_R,Practice,Expected,Red,Left,43.533,34.593,-0.425,0.868,245.799,,60.737,0,,-1,-1,,-1
2,Night,9.234,34.309,0,E_Red_R,Practice,Expected,Red,Left,43.543,34.603,-0.425,0.868,246.067,,60.841,0,,-1,-1,,-1
2,Night,9.234,34.32,0,E_Red_R,Practice,Expected,Red,Left,43.554,34.614,-0.425,0.868,246.361,,60.944,0,,-1,-1,,-1
2,Night,9.234,34.329,0,E_Red_R,Practice,Expected,Red,Left,43.563,34.623,-0.425,0.868,246.641,,60.944,0,,-1,-1,,-1
2,Night,9.234,34.339,0,E_Red_R,Practice,Expected,Red,Left,43.573,34.633,-0.425,0.868,246.888,,61.047,0,,-1,-1,,-1
2,Night,9.234,34.35,0,E_Red_R,Practice,Expected,Red,Left,43.584,34.644,-0.424,0.868,247.199,,61.047,0,,-1,-1,,-1
2,Night,9.234,34.36,0,E_Red_R,Practice,Expected,Red,Left,43.594,34.654,-0.423,0.868,247.461,,61.15,0,,-1,-1,,-1
2,Night,9.234,34.37,0,E_Red_R,Practice,Expected,Red,Left,43.604,34.664,-0.422,0.868,247.734,,61.254,0,,-1,-1,,-1
2,Night,9.234,34.379,0,E_Red_R,Practice,Expected,Red,Left,43.613,34.673,-0.421,0.868,247.997,,61.254,0,,-1,-1,,-1
2,Night,9.234,34.389,0,E_Red_R,Practice,Expected,Red,Left,43.623,34.683,-0.42,0.868,248.236,,61.361,0,,-1,-1,,-1
2,Night,9.234,34.397,0,E_Red_R,Practice,Expected,Red,Left,43.631,34.691,-0.419,0.868,248.482,,61.361,0,,-1,-1,,-1
2,Night,9.234,34.406,0,E_Red_R,Practice,Expected,Red,Left,43.64,34.7,-0.417,0.868,248.709,,61.468,0,,-1,-1,,-1
2,Night,9.234,34.416,0,E_Red_R,Practice,Expected,Red,Left,43.65,34.71,-0.416,0.868,248.999,,61.468,0,,-1,-1,,-1
2,Night,9.234,34.424,0,E_Red_R,Practice,Expected,Red,Left,43.658,34.718,-0.414,0.868,249.217,,61.577,0,,-1,-1,,-1
2,Night,9.234,34.432,0,E_Red_R,Practice,Expected,Red,Left,43.666,34.726,-0.413,0.868,249.447,,61.577,0,,-1,-1,,-1
2,Night,9.234,34.45,0,E_Red_R,Practice,Expected,Red,Left,43.684,34.744,-0.41,0.868,249.931,,61.685,0,,-1,-1,,-1
2,Night,9.234,34.459,0,E_Red_R,Practice,Expected,Red,Left,43.693,34.753,-0.408,0.868,250.176,,61.794,0,,-1,-1,,-1
2,Night,9.234,34.467,0,E_Red_R,Practice,Expected,Red,Left,43.701,34.761,-0.407,0.868,250.416,,61.794,0,,-1,-1,,-1
2,Night,9.234,34.477,0,E_Red_R,Practice,Expected,Red,Left,43.711,34.771,-0.405,0.868,250.653,,61.903,0,,-1,-1,,-1
2,Night,9.234,34.485,0,E_Red_R,Practice,Expected,Red,Left,43.719,34.779,-0.403,0.868,250.915,,61.903,0,,-1,-1,,-1
2,Night,9.234,34.494,0,E_Red_R,Practice,Expected,Red,Left,43.728,34.788,-0.402,0.868,251.132,,62.012,0,,-1,-1,,-1
2,Night,9.234,34.501,0,E_Red_R,Practice,Expected,Red,Left,43.735,34.795,-0.4,0.868,251.362,,62.012,0,,-1,-1,,-1
2,Night,9.234,34.51,0,E_Red_R,Practice,Expected,Red,Left,43.744,34.804,-0.398,0.868,251.601,,62.122,0,,-1,-1,,-1
2,Night,9.234,34.518,0,E_Red_R,Practice,Expected,Red,Left,43.752,34.812,-0.396,0.868,251.833,,62.122,0,,-1,-1,,-1
2,Night,9.234,34.567,0,E_Red_R,Practice,Expected,Red,Left,43.801,34.861,-0.385,0.868,253.191,,62.449,0,,-1,-1,,-1
2,Night,9.234,34.673,0,E_Red_R,Practice,Expected,Red,Left,43.907,34.967,-0.354,0.868,256.159,,63.214,0,,-1,-1,,-1
2,Night,9.234,34.77,0,E_Red_R,Practice,Expected,Red,Left,44.004,35.064,-0.327,0.868,258.899,,63.851,0,,-1,-1,,-1
2,Night,9.234,34.873,0,E_Red_R,Practice,Expected,Red,Left,44.107,35.167,-0.309,0.868,261.859,,64.504,0,,-1,-1,,-1
2,Night,9.234,34.968,0,E_Red_R,Practice,Expected,Red,Left,44.202,35.262,-0.29,0.868,264.625,,65.051,0,,-1,-1,,-1
2,Night,9.234,35.074,0,E_Red_R,Practice,Expected,Red,Left,44.308,35.368,-0.27,0.868,267.697,,65.736,0,,-1,-1,,-1
2,Night,9.234,35.176,0,E_Red_R,Practice,Expected,Red,Left,44.41,35.47,-0.258,0.868,270.705,,66.149,0,,-1,-1,,-1
2,Night,9.234,35.273,0,E_Red_R,Practice,Expected,Red,Left,44.507,35.567,-0.254,0.868,273.577,,66.37,0,,-1,-1,,-1
2,Night,9.234,35.368,0,E_Red_R,Practice,Expected,Red,Left,44.602,35.662,-0.259,0.868,276.428,,66.43,0,,-1,-1,,-1
2,Night,9.234,35.472,0,E_Red_R,Practice,Expected,Red,Left,44.706,35.766,-0.275,0.868,279.491,,66.497,0,,-1,-1,,-1
2,Night,9.234,35.571,0,E_Red_R,Practice,Expected,Red,Left,44.805,35.865,-0.3,0.868,282.445,,66.691,0,,-1,-1,,-1
2,Night,9.234,35.673,0,E_Red_R,Practice,Expected,Red,Left,44.906,35.967,-0.336,0.868,285.479,,66.921,0,,-1,-1,,-1
2,Night,9.234,35.771,0,E_Red_R,Practice,Expected,Red,Left,45.005,36.065,-0.379,0.868,288.422,,67.028,0,,-1,-1,,-1
2,Night,9.234,35.868,0,E_Red_R,Practice,Expected,Red,Left,45.102,36.162,-0.423,0.868,291.349,,67.039,0,,-1,-1,,-1
2,Night,9.234,35.972,0,E_Red_R,Practice,Expected,Red,Left,45.206,36.266,-0.446,0.868,294.442,,66.997,0,,-1,-1,,-1
2,Night,9.234,36.07,0,E_Red_R,Practice,Expected,Red,Left,45.304,36.364,-0.454,0.868,297.379,,66.982,0,,-1,-1,,-1
2,Night,9.234,36.173,0,E_Red_R,Practice,Expected,Red,Left,45.407,36.467,-0.453,0.868,300.465,,66.962,0,,-1,-1,,-1
2,Night,9.234,36.268,0,E_Red_R,Practice,Expected,Red,Left,45.502,36.562,-0.436,0.868,303.341,,66.942,0,,-1,-1,,-1
2,Night,9.234,36.368,0,E_Red_R,Practice,Expected,Red,Left,45.602,36.662,-0.4,0.868,306.334,,66.973,0,,-1,-1,,-1
2,Night,9.234,36.481,0,E_Red_R,Practice,Expected,Red,Left,45.715,36.775,-0.349,0.868,309.673,,67.001,0,,-1,-1,,-1
2,Night,9.234,36.574,0,E_Red_R,Practice,Expected,Red,Left,45.808,36.868,-0.289,0.868,312.477,,66.99,0,,-1,-1,,-1
2,Night,9.234,36.667,0,E_Red_R,Practice,Expected,Red,Left,45.901,36.961,-0.216,0.868,315.269,,66.976,0,,-1,-1,,-1
2,Night,9.234,36.778,0,E_Red_R,Practice,Expected,Red,Left,46.012,37.072,-0.118,0.868,318.565,,66.956,0,,-1,-1,,-1
2,Night,9.234,36.873,0,E_Red_R,Practice,Expected,Red,Left,46.107,37.167,-0.025,0.868,321.426,,66.939,0,,-1,-1,,-1
2,Night,9.234,36.975,0,E_Red_R,Practice,Expected,Red,Left,46.209,37.269,0.08,0.868,324.453,,66.923,0,,-1,-1,,-1
2,Night,9.234,37.069,0,E_Red_R,Practice,Expected,Red,Left,46.303,37.363,0.182,0.868,327.291,,66.91,0,,-1,-1,,-1
2,Night,9.234,37.172,0,E_Red_R,Practice,Expected,Red,Left,46.406,37.466,0.297,0.868,330.356,,66.892,0,,-1,-1,,-1
2,Night,9.234,37.266,0,E_Red_R,Practice,Expected,Red,Left,46.5,37.56,0.405,0.868,333.192,,66.88,0,,-1,-1,,-1
2,Night,9.234,37.371,0,E_Red_R,Practice,Expected,Red,Left,46.605,37.665,0.526,0.868,336.309,,66.862,0,,-1,-1,,-1
2,Night,9.234,37.474,0,E_Red_R,Practice,Expected,Red,Left,46.708,37.768,0.647,0.868,339.371,,66.847,0,,-1,-1,,-1
2,Night,9.234,37.571,0,E_Red_R,Practice,Expected,Red,Left,46.805,37.865,0.763,0.868,342.289,,66.834,0,,-1,-1,,-1
2,Night,9.234,37.673,0,E_Red_R,Practice,Expected,Red,Left,46.907,37.967,0.885,0.868,345.335,,66.889,0,,-1,-1,,-1
2,Night,9.234,37.768,0,E_Red_R,Practice,Expected,Red,Left,47.002,38.062,1,0.868,348.187,,66.998,0,,-1,-1,,-1
2,Night,9.234,37.876,0,E_Red_R,Practice,Expected,Red,Left,47.11,38.17,1.13,0.868,351.41,,67.06,0,,-1,-1,,-1
2,Night,9.234,37.972,0,E_Red_R,Practice,Expected,Red,Left,47.206,38.266,1.246,0.868,354.277,,67.06,0,,-1,-1,,-1
2,Night,9.234,38.071,0,E_Red_R,Practice,Expected,Red,Left,47.305,38.365,1.351,0.868,357.227,,67.03,0,,-1,-1,,-1
2,Night,9.234,38.183,0,E_Red_R,Practice,Expected,Red,Left,47.417,38.477,1.457,0.868,360.592,,67.015,0,,-1,-1,,-1
2,Night,9.234,38.27,0,E_Red_R,Practice,Expected,Red,Left,47.504,38.564,1.533,0.868,363.196,,66.998,0,,-1,-1,,-1
2,Night,9.234,38.368,0,E_Red_R,Practice,Expected,Red,Left,47.602,38.662,1.611,0.869,366.163,,66.982,0,,-1,-1,,-1
2,Night,9.234,38.468,0,E_Red_R,Practice,Expected,Red,Left,47.702,38.762,1.677,0.871,369.153,,66.963,0,,-1,-1,,-1
2,Night,9.234,38.566,0,E_Red_R,Practice,Expected,Red,Left,47.8,38.86,1.729,0.87,372.081,,66.999,0,,-1,-1,,-1
2,Night,9.234,38.673,0,E_Red_R,Practice,Expected,Red,Left,47.907,38.967,1.772,0.868,375.267,,67.033,0,,-1,-1,,-1
2,Night,9.234,38.772,0,E_Red_R,Practice,Expected,Red,Left,48.006,39.066,1.796,0.868,378.239,,67.013,0,,-1,-1,,-1
2,Night,9.234,38.874,0,E_Red_R,Practice,Expected,Red,Left,48.108,39.168,1.794,0.868,381.282,,66.982,0,,-1,-1,,-1
2,Night,9.234,38.973,0,E_Red_R,Practice,Expected,Red,Left,48.207,39.267,1.777,0.868,384.261,,66.961,0,,-1,-1,,-1
2,Night,9.234,39.07,0,E_Red_R,Practice,Expected,Red,Left,48.304,39.364,1.745,0.868,387.148,,66.937,0,,-1,-1,,-1
2,Night,9.234,39.168,0,E_Red_R,Practice,Expected,Red,Left,48.402,39.462,1.696,0.869,390.11,,66.918,0,,-1,-1,,-1
2,Night,9.234,39.268,0,E_Red_R,Practice,Expected,Red,Left,48.502,39.562,1.629,0.869,393.096,,66.893,0,,-1,-1,,-1
2,Night,9.234,39.375,0,E_Red_R,Practice,Expected,Red,Left,48.609,39.669,1.547,0.87,396.256,,66.864,0,,-1,-1,,-1
2,Night,9.234,39.474,0,E_Red_R,Practice,Expected,Red,Left,48.708,39.768,1.476,0.871,399.227,,66.841,0,,-1,-1,,-1
2,Night,9.234,39.572,0,E_Red_R,Practice,Expected,Red,Left,48.806,39.866,1.402,0.87,402.169,,66.824,0,,-1,-1,,-1
2,Night,9.234,39.674,0,E_Red_R,Practice,Expected,Red,Left,48.908,39.968,1.323,0.868,405.194,,66.825,0,,-1,-1,,-1
2,Night,9.234,39.772,0,E_Red_R,Practice,Expected,Red,Left,49.006,40.066,1.249,0.868,408.135,,66.84,0,,-1,-1,,-1
2,Night,9.234,39.872,0,E_Red_R,Practice,Expected,Red,Left,49.106,40.166,1.18,0.868,411.117,,66.832,0,,-1,-1,,-1
2,Night,9.234,39.97,0,E_Red_R,Practice,Expected,Red,Left,49.204,40.264,1.12,0.868,414.048,,66.818,0,,-1,-1,,-1
2,Night,9.234,40.07,0,E_Red_R,Practice,Expected,Red,Left,49.304,40.364,1.059,0.868,417.02,,66.794,0,,-1,-1,,-1
2,Night,9.234,40.169,0,E_Red_R,Practice,Expected,Red,Left,49.403,40.463,0.995,0.868,419.969,,66.78,0,,-1,-1,,-1
2,Night,9.234,40.268,0,E_Red_R,Practice,Expected,Red,Left,49.502,40.562,0.934,0.868,422.945,,66.766,0,,-1,-1,,-1
2,Night,9.234,40.368,0,E_Red_R,Practice,Expected,Red,Left,49.602,40.662,0.873,0.868,425.936,,66.818,0,,-1,-1,,-1
2,Night,9.234,40.472,0,E_Red_R,Practice,Expected,Red,Left,49.706,40.766,0.81,0.868,429.045,,66.984,0,,-1,-1,,-1
2,Night,9.234,40.57,0,E_Red_R,Practice,Expected,Red,Left,49.804,40.864,0.755,0.868,431.97,,67.049,0,,-1,-1,,-1
2,Night,9.234,40.671,0,E_Red_R,Practice,Expected,Red,Left,49.905,40.965,0.694,0.868,435.004,,67.058,0,,-1,-1,,-1
2,Night,9.234,40.782,0,E_Red_R,Practice,Expected,Red,Left,50.016,41.076,0.626,0.868,438.282,,67.05,0,,-1,-1,,-1
2,Night,9.234,40.873,0,E_Red_R,Practice,Expected,Red,Left,50.107,41.167,0.569,0.868,441.049,,67.069,0,,-1,-1,,-1
2,Night,9.234,40.967,0,E_Red_R,Practice,Expected,Red,Left,50.201,41.261,0.509,0.868,443.899,,67.181,0,,-1,-1,,-1
2,Night,9.234,41.068,0,E_Red_R,Practice,Expected,Red,Left,50.302,41.362,0.447,0.868,446.914,,67.323,0,,-1,-1,,-1
2,Night,9.234,41.17,0,E_Red_R,Practice,Expected,Red,Left,50.404,41.464,0.376,0.868,449.987,,67.354,0,,-1,-1,,-1
2,Night,9.234,41.269,0,E_Red_R,Practice,Expected,Red,Left,50.503,41.563,0.294,0.868,452.962,,67.352,0,,-1,-1,,-1
2,Night,9.234,41.373,0,E_Red_R,Practice,Expected,Red,Left,50.607,41.667,0.203,0.868,456.067,,67.339,0,,-1,-1,,-1
2,Night,9.234,41.486,0,E_Red_R,Practice,Expected,Red,Left,50.72,41.78,0.1,0.868,459.325,,67.32,0,,-1,-1,,-1
2,Night,9.234,41.624,0,E_Red_R,Practice,Expected,Red,Left,50.858,41.918,-0.031,0.868,462.743,,67.29,0,,-1,-1,,-1
2,Night,9.234,41.667,0,E_Red_R,Practice,Expected,Red,Left,50.901,41.961,-0.123,0.868,464.947,,67.276,0,,-1,-1,,-1
2,Night,9.234,41.771,0,E_Red_R,Practice,Expected,Red,Left,51.005,42.065,-0.251,0.868,468.061,,67.239,0,,-1,-1,,-1
2,Night,9.234,41.883,0,E_Red_R,Practice,Expected,Red,Left,51.117,42.177,-0.387,0.868,471.402,,67.221,0,,-1,-1,,-1
2,Night,9.234,41.967,0,E_Red_R,Practice,Expected,Red,Left,51.201,42.261,-0.488,0.868,473.963,,67.202,0,,-1,-1,,-1
2,Night,9.234,42.066,0,E_Red_R,Practice,Expected,Red,Left,51.3,42.36,-0.602,0.868,476.938,,67.186,0,,-1,-1,,-1
2,Night,9.234,42.166,0,E_Red_R,Practice,Expected,Red,Left,51.4,42.46,-0.713,0.868,479.936,,67.169,0,,-1,-1,,-1
2,Night,9.234,42.268,0,E_Red_R,Practice,Expected,Red,Left,51.502,42.562,-0.815,0.868,482.987,,67.15,0,,-1,-1,,-1
2,Night,9.234,42.37,0,E_Red_R,Practice,Expected,Red,Left,51.604,42.664,-0.904,0.868,486.026,,67.127,0,,-1,-1,,-1
2,Night,9.234,42.472,0,E_Red_R,Practice,Expected,Red,Left,51.706,42.766,-0.981,0.868,489.083,,67.106,0,,-1,-1,,-1
2,Night,9.234,42.567,0,E_Red_R,Practice,Expected,Red,Left,51.801,42.861,-1.04,0.868,491.944,,67.089,0,,-1,-1,,-1
2,Night,9.234,42.67,0,E_Red_R,Practice,Expected,Red,Left,51.904,42.964,-1.084,0.868,495.014,,67.054,0,,-1,-1,,-1
2,Night,9.234,42.772,0,E_Red_R,Practice,Expected,Red,Left,52.006,43.066,-1.111,0.868,498.07,,67.033,0,,-1,-1,,-1
2,Night,9.234,42.874,0,E_Red_R,Practice,Expected,Red,Left,52.108,43.168,-1.125,0.868,501.129,,67.012,0,,-1,-1,,-1
2,Night,9.234,42.977,0,E_Red_R,Practice,Expected,Red,Left,52.211,43.271,-1.125,0.868,504.212,,66.991,0,,-1,-1,,-1
2,Night,9.234,43.071,0,E_Red_R,Practice,Expected,Red,Left,52.305,43.365,-1.113,0.868,507.047,,66.971,0,,-1,-1,,-1
2,Night,9.234,43.172,0,E_Red_R,Practice,Expected,Red,Left,52.406,43.466,-1.088,0.868,510.056,,66.952,0,,-1,-1,,-1
2,Night,9.234,43.283,0,E_Red_R,Practice,Expected,Red,Left,52.517,43.577,-1.048,0.868,513.388,,66.933,0,,-1,-1,,-1
2,Night,9.234,43.376,0,E_Red_R,Practice,Expected,Red,Left,52.61,43.67,-1.005,0.868,516.172,,66.915,0,,-1,-1,,-1
2,Night,9.234,43.475,0,E_Red_R,Practice,Expected,Red,Left,52.709,43.769,-0.952,0.868,519.118,,66.898,0,,-1,-1,,-1
2,Night,9.234,43.57,0,E_Red_R,Practice,Expected,Red,Left,52.804,43.864,-0.893,0.868,521.97,,66.881,0,,-1,-1,,-1
2,Night,9.234,43.671,0,E_Red_R,Practice,Expected,Red,Left,52.905,43.965,-0.825,0.868,524.986,,66.865,0,,-1,-1,,-1
2,Night,9.234,43.774,0,E_Red_R,Practice,Expected,Red,Left,53.008,44.068,-0.75,0.868,528.048,,66.849,0,,-1,-1,,-1
2,Night,9.234,43.868,0,E_Red_R,Practice,Expected,Red,Left,53.102,44.162,-0.676,0.868,530.894,,66.836,0,,-1,-1,,-1
2,Night,9.234,43.975,0,E_Red_R,Practice,Expected,Red,Left,53.209,44.269,-0.598,0.868,534.049,,66.814,0,,-1,-1,,-1
2,Night,9.234,44.071,0,E_Red_R,Practice,Expected,Red,Left,53.305,44.365,-0.525,0.868,536.917,,66.799,0,,-1,-1,,-1
2,Night,9.234,44.173,0,E_Red_R,Practice,Expected,Red,Left,53.407,44.467,-0.448,0.868,539.967,,66.784,0,,-1,-1,,-1
2,Night,9.234,44.271,0,E_Red_R,Practice,Expected,Red,Left,53.505,44.565,-0.376,0.868,542.888,,66.769,0,,-1,-1,,-1
2,Night,9.234,44.374,0,E_Red_R,Practice,Expected,Red,Left,53.608,44.668,-0.303,0.868,545.945,,66.754,0,,-1,-1,,-1
2,Night,9.234,44.475,0,E_Red_R,Practice,Expected,Red,Left,53.709,44.769,-0.233,0.868,548.962,,66.738,0,,-1,-1,,-1
2,Night,9.234,44.567,0,E_Red_R,Practice,Expected,Red,Left,53.801,44.861,-0.172,0.868,551.748,,66.725,0,,-1,-1,,-1
2,Night,9.234,44.684,0,E_Red_R,Practice,Expected,Red,Left,53.918,44.978,-0.1,0.868,555.223,,66.708,0,,-1,-1,,-1
2,Night,9.234,44.77,0,E_Red_R,Practice,Expected,Red,Left,54.004,45.064,-0.05,0.868,557.784,,66.692,0,,-1,-1,,-1
2,Night,9.234,44.875,0,E_Red_R,Practice,Expected,Red,Left,54.109,45.169,0.008,0.868,560.899,,66.677,0,,-1,-1,,-1
2,Night,9.234,44.968,0,E_Red_R,Practice,Expected,Red,Left,54.202,45.262,0.057,0.868,563.697,,66.664,0,,-1,-1,,-1
2,Night,9.234,45.076,0,E_Red_R,Practice,Expected,Red,Left,54.309,45.37,0.111,0.868,566.885,,66.646,0,,-1,-1,,-1
2,Night,9.234,45.173,0,E_Red_R,Practice,Expected,Red,Left,54.407,45.467,0.157,0.868,569.785,,66.63,0,,-1,-1,,-1
2,Night,9.234,45.267,0,E_Red_R,Practice,Expected,Red,Left,54.501,45.561,0.191,0.868,572.607,,66.604,0,,-1,-1,,-1
2,Night,9.234,45.372,0,E_Red_R,Practice,Expected,Red,Left,54.606,45.666,0.219,0.868,575.73,,66.585,0,,-1,-1,,-1
2,Night,9.234,45.468,0,E_Red_R,Practice,Expected,Red,Left,54.702,45.762,0.239,0.868,578.595,,66.571,0,,-1,-1,,-1
2,Night,9.234,45.567,0,E_Red_R,Practice,Expected,Red,Left,54.801,45.861,0.251,0.868,581.53,,66.554,0,,-1,-1,,-1
2,Night,9.234,45.673,0,E_Red_R,Practice,Expected,Red,Left,54.907,45.967,0.255,0.868,584.659,,66.533,0,,-1,-1,,-1
2,Night,9.234,45.768,0,E_Red_R,Practice,Expected,Red,Left,55.002,46.062,0.249,0.868,587.518,,66.518,0,,-1,-1,,-1
2,Night,9.234,45.866,0,E_Red_R,Practice,Expected,Red,Left,55.1,46.16,0.236,0.868,590.437,,66.5,0,,-1,-1,,-1
2,Night,9.234,45.973,0,E_Red_R,Practice,Expected,Red,Left,55.207,46.267,0.231,0.868,593.601,,66.468,0,,-1,-1,,-1
2,Night,9.234,46.071,0,E_Red_R,Practice,Expected,Red,Left,55.305,46.365,0.228,0.868,596.481,,66.453,0,,-1,-1,,-1
2,Night,9.234,46.166,0,E_Red_R,Practice,Expected,Red,Left,55.4,46.46,0.225,0.868,599.355,,66.44,0,,-1,-1,,-1
2,Night,9.234,46.272,0,E_Red_R,Practice,Expected,Red,Left,55.506,46.566,0.226,0.868,602.46,,66.421,0,,-1,-1,,-1
2,Night,9.234,46.388,0,E_Red_R,Practice,Expected,Red,Left,55.622,46.682,0.235,0.868,605.866,,66.401,0,,-1,-1,,-1
2,Night,9.234,46.467,0,E_Red_R,Practice,Expected,Red,Left,55.701,46.761,0.248,0.868,608.269,,66.39,0,,-1,-1,,-1
2,Night,9.234,46.574,0,E_Red_R,Practice,Expected,Red,Left,55.808,46.868,0.268,0.868,611.436,,66.37,0,,-1,-1,,-1
2,Night,9.234,46.674,0,E_Red_R,Practice,Expected,Red,Left,55.908,46.968,0.295,0.868,614.407,,66.353,0,,-1,-1,,-1
2,Night,9.234,46.772,0,E_Red_R,Practice,Expected,Red,Left,56.006,47.066,0.327,0.868,617.297,,66.337,0,,-1,-1,,-1
2,Night,9.234,46.872,0,E_Red_R,Practice,Expected,Red,Left,56.106,47.166,0.364,0.868,620.258,,66.322,0,,-1,-1,,-1
2,Night,9.234,46.966,0,E_Red_R,Practice,Expected,Red,Left,56.2,47.26,0.404,0.868,623.085,,66.309,0,,-1,-1,,-1
2,Night,9.234,47.074,0,E_Red_R,Practice,Expected,Red,Left,56.308,47.368,0.452,0.868,626.237,,66.291,0,,-1,-1,,-1
2,Night,9.234,47.173,0,E_Red_R,Practice,Expected,Red,Left,56.407,47.467,0.5,0.868,629.206,,66.276,0,,-1,-1,,-1
2,Night,9.234,47.268,0,E_Red_R,Practice,Expected,Red,Left,56.502,47.562,0.548,0.868,632.04,,66.264,0,,-1,-1,,-1
2,Night,9.234,47.367,0,E_Red_R,Practice,Expected,Red,Left,56.601,47.661,0.599,0.868,634.951,,66.249,0,,-1,-1,,-1
2,Night,9.234,47.475,0,E_Red_R,Practice,Expected,Red,Left,56.709,47.769,0.656,0.868,638.141,,66.231,0,,-1,-1,,-1
2,Night,9.234,47.573,0,E_Red_R,Practice,Expected,Red,Left,56.807,47.867,0.709,0.868,641.037,,66.216,0,,-1,-1,,-1
2,Night,9.234,47.675,0,E_Red_R,Practice,Expected,Red,Left,56.908,47.969,0.765,0.868,644.036,,66.201,0,,-1,-1,,-1
2,Night,9.234,47.782,0,E_Red_R,Practice,Expected,Red,Left,57.016,48.076,0.825,0.868,647.221,,66.186,0,,-1,-1,,-1
2,Night,9.234,47.87,0,E_Red_R,Practice,Expected,Red,Left,57.104,48.164,0.875,0.868,649.836,,66.171,0,,-1,-1,,-1
2,Night,9.234,47.967,0,E_Red_R,Practice,Expected,Red,Left,57.201,48.261,0.931,0.868,652.72,,66.159,0,,-1,-1,,-1
2,Night,9.234,48.077,0,E_Red_R,Practice,Expected,Red,Left,57.311,48.371,0.993,0.868,655.933,,66.142,0,,-1,-1,,-1
2,Night,9.234,48.177,0,E_Red_R,Practice,Expected,Red,Left,57.411,48.471,1.051,0.868,658.89,,66.127,0,,-1,-1,,-1
2,Night,9.234,48.273,0,E_Red_R,Practice,Expected,Red,Left,57.507,48.567,1.106,0.868,661.734,,66.112,0,,-1,-1,,-1
2,Night,9.234,48.372,0,E_Red_R,Practice,Expected,Red,Left,57.606,48.666,1.164,0.868,664.665,,66.097,0,,-1,-1,,-1
2,Night,9.234,48.472,0,E_Red_R,Practice,Expected,Red,Left,57.706,48.766,1.222,0.868,667.607,,66.082,0,,-1,-1,,-1
2,Night,9.234,48.571,0,E_Red_R,Practice,Expected,Red,Left,57.805,48.865,1.28,0.868,670.538,,66.067,0,,-1,-1,,-1
2,Night,9.234,48.671,0,E_Red_R,Practice,Expected,Red,Left,57.905,48.965,1.338,0.868,673.5,,66.053,0,,-1,-1,,-1
2,Night,9.234,48.772,0,E_Red_R,Practice,Expected,Red,Left,58.006,49.066,1.397,0.868,676.488,,66.038,0,,-1,-1,,-1
2,Night,9.234,48.873,0,E_Red_R,Practice,Expected,Red,Left,58.107,49.167,1.456,0.868,679.45,,66.023,0,,-1,-1,,-1
2,Night,9.234,48.974,0,E_Red_R,Practice,Expected,Red,Left,58.208,49.268,1.513,0.87,682.448,,66.001,0,,-1,-1,,-1
2,Night,9.234,49.073,0,E_Red_R,Practice,Expected,Red,Left,58.307,49.367,1.558,0.872,685.36,,65.984,0,,-1,-1,,-1
2,Night,9.234,49.173,0,E_Red_R,Practice,Expected,Red,Left,58.407,49.467,1.601,0.872,688.282,,65.969,0,,-1,-1,,-1
2,Night,9.234,49.274,0,E_Red_R,Practice,Expected,Red,Left,58.508,49.568,1.641,0.871,691.274,,65.953,0,,-1,-1,,-1
2,Night,9.234,49.372,0,E_Red_R,Practice,Expected,Red,Left,58.606,49.666,1.674,0.871,694.179,,65.937,0,,-1,-1,,-1
2,Night,9.234,49.482,0,E_Red_R,Practice,Expected,Red,Left,58.716,49.776,1.703,0.87,697.411,,65.921,0,,-1,-1,,-1
2,Night,9.234,49.574,0,E_Red_R,Practice,Expected,Red,Left,58.808,49.868,1.722,0.868,700.13,,65.905,0,,-1,-1,,-1
2,Night,9.234,49.671,0,E_Red_R,Practice,Expected,Red,Left,58.905,49.965,1.735,0.867,702.983,,65.888,0,,-1,-1,,-1
2,Night,9.234,49.773,0,E_Red_R,Practice,Expected,Red,Left,59.007,50.067,1.743,0.867,705.98,,65.872,0,,-1,-1,,-1
2,Night,9.234,49.873,0,E_Red_R,Practice,Expected,Red,Left,59.107,50.167,1.745,0.868,708.93,,65.857,0,,-1,-1,,-1
2,Night,9.234,49.976,0,E_Red_R,Practice,Expected,Red,Left,59.21,50.27,1.742,0.868,711.95,,65.841,0,,-1,-1,,-1
2,Night,9.234,50.076,0,E_Red_R,Practice,Expected,Red,Left,59.31,50.37,1.735,0.868,714.902,,65.826,0,,-1,-1,,-1
2,Night,9.234,50.167,0,E_Red_R,Practice,Expected,Red,Left,59.401,50.461,1.724,0.868,717.599,,65.813,0,,-1,-1,,-1
2,Night,9.234,50.27,0,E_Red_R,Practice,Expected,Red,Left,59.504,50.564,1.709,0.868,720.626,,65.795,0,,-1,-1,,-1
2,Night,9.234,50.37,0,E_Red_R,Practice,Expected,Red,Left,59.604,50.664,1.692,0.868,723.564,,65.78,0,,-1,-1,,-1
2,Night,9.234,50.471,0,E_Red_R,Practice,Expected,Red,Left,59.705,50.765,1.672,0.869,726.521,,65.765,0,,-1,-1,,-1
2,Night,9.234,50.572,0,E_Red_R,Practice,Expected,Red,Left,59.806,50.866,1.649,0.871,729.504,,65.75,0,,-1,-1,,-1
2,Night,9.234,50.676,0,E_Red_R,Practice,Expected,Red,Left,59.91,50.97,1.621,0.872,732.537,,65.725,0,,-1,-1,,-1
2,Night,9.234,50.771,0,E_Red_R,Practice,Expected,Red,Left,60.005,51.065,1.572,0.871,735.335,,65.666,0,,-1,-1,,-1
2,Night,9.234,50.885,0,E_Red_R,Practice,Expected,Red,Left,60.119,51.179,1.488,0.869,738.672,,65.644,0,,-1,-1,,-1
2,Night,9.234,50.967,0,E_Red_R,Practice,Expected,Red,Left,60.201,51.261,1.415,0.87,741.108,,65.625,0,,-1,-1,,-1
2,Night,9.234,51.071,0,E_Red_R,Practice,Expected,Red,Left,60.305,51.365,1.308,0.869,744.135,,65.59,0,,-1,-1,,-1
2,Night,9.234,51.175,0,E_Red_R,Practice,Expected,Red,Left,60.409,51.469,1.178,0.868,747.177,,65.471,0,,-1,-1,,-1
2,Night,9.234,51.267,0,E_Red_R,Practice,Expected,Red,Left,60.501,51.561,1.041,0.868,749.885,,65.366,0,,-1,-1,,-1
2,Night,9.234,51.369,0,E_Red_R,Practice,Expected,Red,Left,60.603,51.663,0.87,0.868,752.855,,65.294,0,,-1,-1,,-1
2,Night,9.234,51.474,0,E_Red_R,Practice,Expected,Red,Left,60.708,51.768,0.674,0.868,755.894,,65.182,0,,-1,-1,,-1
2,Night,9.234,51.576,0,E_Red_R,Practice,Expected,Red,Left,60.81,51.87,0.463,0.868,758.866,,65.068,0,,-1,-1,,-1
2,Night,9.234,51.668,0,E_Red_R,Practice,Expected,Red,Left,60.902,51.962,0.265,0.868,761.536,,65.024,0,,-1,-1,,-1
2,Night,9.234,51.771,0,E_Red_R,Practice,Expected,Red,Left,61.005,52.065,0.039,0.868,764.523,,64.992,0,,-1,-1,,-1
2,Night,9.234,51.874,0,E_Red_R,Practice,Expected,Red,Left,61.108,52.168,-0.197,0.868,767.499,,64.973,0,,-1,-1,,-1
2,Night,9.234,51.969,0,E_Red_R,Practice,Expected,Red,Left,61.203,52.263,-0.418,0.868,770.238,,64.914,0,,-1,-1,,-1
2,Night,9.234,52.075,0,E_Red_R,Practice,Expected,Red,Left,61.309,52.369,-0.667,0.868,773.304,,64.798,0,,-1,-1,,-1
2,Night,9.234,52.17,0,E_Red_R,Practice,Expected,Red,Left,61.404,52.464,-0.892,0.868,776.058,,64.713,0,,-1,-1,,-1
2,Night,9.234,52.279,0,E_Red_R,Practice,Expected,Red,Left,61.513,52.573,-1.133,0.868,779.179,,64.563,0,,-1,-1,,-1
2,Night,9.234,52.374,0,E_Red_R,Practice,Expected,Red,Left,61.608,52.668,-1.339,0.868,781.918,,64.494,0,,-1,-1,,-1
2,Night,9.234,52.468,0,E_Red_R,Practice,Expected,Red,Left,61.702,52.762,-1.539,0.869,784.636,,64.467,0,,-1,-1,,-1
2,Night,9.234,52.574,0,E_Red_R,Practice,Expected,Red,Left,61.808,52.868,-1.752,0.87,787.674,,64.438,0,,-1,-1,,-1
2,Night,9.234,52.667,0,E_Red_R,Practice,Expected,Red,Left,61.901,52.961,-1.921,0.869,790.361,,64.395,0,,-1,-1,,-1
2,Night,9.234,52.77,0,E_Red_R,Practice,Expected,Red,Left,62.004,53.064,-2.084,0.868,793.317,,64.366,0,,-1,-1,,-1
2,Night,9.234,52.867,0,E_Red_R,Practice,Expected,Red,Left,62.101,53.161,-2.223,0.868,796.11,,64.347,0,,-1,-1,,-1
2,Night,9.234,52.972,0,E_Red_R,Practice,Expected,Red,Left,62.206,53.266,-2.354,0.868,799.116,,64.317,0,,-1,-1,,-1
2,Night,9.234,53.076,0,E_Red_R,Practice,Expected,Red,Left,62.31,53.37,-2.462,0.868,802.092,,64.291,0,,-1,-1,,-1
2,Night,9.234,53.173,0,E_Red_R,Practice,Expected,Red,Left,62.407,53.467,-2.541,0.868,804.872,,64.24,0,,-1,-1,,-1
2,Night,9.234,53.268,0,E_Red_R,Practice,Expected,Red,Left,62.502,53.562,-2.587,0.868,807.618,,64.205,0,,-1,-1,,-1
2,Night,9.234,53.383,0,E_Red_R,Practice,Expected,Red,Left,62.617,53.677,-2.617,0.868,810.898,,64.172,0,,-1,-1,,-1
2,Night,9.234,53.475,0,E_Red_R,Practice,Expected,Red,Left,62.709,53.769,-2.62,0.868,813.546,,64.142,0,,-1,-1,,-1
2,Night,9.234,53.57,0,E_Red_R,Practice,Expected,Red,Left,62.804,53.864,-2.603,0.868,816.276,,64.113,0,,-1,-1,,-1
2,Night,9.234,53.671,0,E_Red_R,Practice,Expected,Red,Left,62.905,53.965,-2.564,0.868,819.163,,64.085,0,,-1,-1,,-1
2,Night,9.234,53.773,0,E_Red_R,Practice,Expected,Red,Left,63.007,54.067,-2.505,0.868,822.099,,64.06,0,,-1,-1,,-1
2,Night,9.234,53.868,0,E_Red_R,Practice,Expected,Red,Left,63.102,54.162,-2.433,0.868,824.838,,64.04,0,,-1,-1,,-1
2,Night,9.234,53.972,0,E_Red_R,Practice,Expected,Red,Left,63.206,54.266,-2.34,0.868,827.769,,64.016,0,,-1,-1,,-1
2,Night,9.234,54.066,0,E_Red_R,Practice,Expected,Red,Left,63.3,54.36,-2.241,0.868,830.499,,63.999,0,,-1,-1,,-1
2,Night,9.234,54.17,0,E_Red_R,Practice,Expected,Red,Left,63.404,54.464,-2.122,0.868,833.44,,63.978,0,,-1,-1,,-1
2,Night,9.234,54.272,0,E_Red_R,Practice,Expected,Red,Left,63.506,54.566,-1.994,0.868,836.356,,63.961,0,,-1,-1,,-1
2,Night,9.234,54.367,0,E_Red_R,Practice,Expected,Red,Left,63.601,54.661,-1.867,0.868,839.077,,63.947,0,,-1,-1,,-1
2,Night,9.234,54.468,0,E_Red_R,Practice,Expected,Red,Left,63.702,54.762,-1.726,0.868,841.964,,63.931,0,,-1,-1,,-1
2,Night,9.234,54.575,0,E_Red_R,Practice,Expected,Red,Left,63.809,54.869,-1.57,0.87,845.009,,63.913,0,,-1,-1,,-1
2,Night,9.234,54.667,0,E_Red_R,Practice,Expected,Red,Left,63.901,54.961,-1.434,0.87,847.645,,63.899,0,,-1,-1,,-1
2,Night,9.234,54.78,0,E_Red_R,Practice,Expected,Red,Left,64.014,55.074,-1.267,0.87,850.863,,63.882,0,,-1,-1,,-1
2,Night,9.234,54.868,0,E_Red_R,Practice,Expected,Red,Left,64.102,55.162,-1.134,0.868,853.395,,63.87,0,,-1,-1,,-1
2,Night,9.234,54.973,0,E_Red_R,Practice,Expected,Red,Left,64.207,55.267,-0.978,0.868,856.358,,63.853,0,,-1,-1,,-1
2,Night,9.234,55.067,0,E_Red_R,Practice,Expected,Red,Left,64.301,55.361,-0.836,0.868,859.06,,63.841,0,,-1,-1,,-1
2,Night,9.234,55.172,0,E_Red_R,Practice,Expected,Red,Left,64.406,55.466,-0.682,0.868,862.026,,63.824,0,,-1,-1,,-1
2,Night,9.234,55.276,0,E_Red_R,Practice,Expected,Red,Left,64.51,55.57,-0.529,0.868,864.993,,63.81,0,,-1,-1,,-1
2,Night,9.234,55.372,0,E_Red_R,Practice,Expected,Red,Left,64.606,55.666,-0.391,0.868,867.713,,63.795,0,,-1,-1,,-1
2,Night,9.234,55.471,0,E_Red_R,Practice,Expected,Red,Left,64.705,55.765,-0.25,0.868,870.532,,63.777,0,,-1,-1,,-1
2,Night,9.234,55.566,0,E_Red_R,Practice,Expected,Red,Left,64.8,55.86,-0.122,0.868,873.273,,63.763,0,,-1,-1,,-1
2,Night,9.234,55.671,0,E_Red_R,Practice,Expected,Red,Left,64.905,55.965,0.013,0.868,876.229,,63.746,0,,-1,-1,,-1
2,Night,9.234,55.767,0,E_Red_R,Practice,Expected,Red,Left,65.001,56.061,0.135,0.868,878.981,,63.733,0,,-1,-1,,-1
2,Night,9.234,55.872,0,E_Red_R,Practice,Expected,Red,Left,65.106,56.166,0.262,0.868,881.947,,63.716,0,,-1,-1,,-1
2,Night,9.234,55.968,0,E_Red_R,Practice,Expected,Red,Left,65.202,56.262,0.375,0.868,884.713,,63.703,0,,-1,-1,,-1
2,Night,9.234,56.074,0,E_Red_R,Practice,Expected,Red,Left,65.308,56.368,0.492,0.868,887.707,,63.685,0,,-1,-1,,-1
2,Night,9.234,56.17,0,E_Red_R,Practice,Expected,Red,Left,65.404,56.464,0.593,0.868,890.427,,63.67,0,,-1,-1,,-1
2,Night,9.234,56.275,0,E_Red_R,Practice,Expected,Red,Left,65.509,56.569,0.701,0.868,893.437,,63.655,0,,-1,-1,,-1
2,Night,9.234,56.371,0,E_Red_R,Practice,Expected,Red,Left,65.605,56.665,0.794,0.868,896.164,,63.64,0,,-1,-1,,-1
2,Night,9.234,56.479,0,E_Red_R,Practice,Expected,Red,Left,65.713,56.773,0.895,0.868,899.215,,63.626,0,,-1,-1,,-1
2,Night,9.234,56.577,0,E_Red_R,Practice,Expected,Red,Left,65.811,56.871,0.984,0.868,902.018,,63.611,0,,-1,-1,,-1
2,Night,9.234,56.674,0,E_Red_R,Practice,Expected,Red,Left,65.908,56.968,1.069,0.868,904.756,,63.568,0,,-1,-1,,-1
2,Night,9.234,56.77,0,E_Red_R,Practice,Expected,Red,Left,66.004,57.064,1.152,0.868,907.5,,63.51,0,,-1,-1,,-1
2,Night,9.234,56.869,0,E_Red_R,Practice,Expected,Red,Left,66.103,57.163,1.234,0.868,910.314,,63.485,0,,-1,-1,,-1
2,Night,9.234,56.981,0,E_Red_R,Practice,Expected,Red,Left,66.215,57.275,1.308,0.868,913.473,,63.445,0,,-1,-1,,-1
2,Night,9.234,57.067,0,E_Red_R,Practice,Expected,Red,Left,66.301,57.361,1.358,0.868,915.944,,63.431,0,,-1,-1,,-1
2,Night,9.234,57.176,0,E_Red_R,Practice,Expected,Red,Left,66.41,57.47,1.413,0.868,919.007,,63.411,0,,-1,-1,,-1
2,Night,9.234,57.284,0,E_Red_R,Practice,Expected,Red,Left,66.518,57.578,1.457,0.868,922.066,,63.393,0,,-1,-1,,-1
2,Night,9.234,57.37,0,E_Red_R,Practice,Expected,Red,Left,66.604,57.664,1.484,0.868,924.514,,63.375,0,,-1,-1,,-1
2,Night,9.234,57.47,0,E_Red_R,Practice,Expected,Red,Left,66.704,57.764,1.503,0.868,927.335,,63.352,0,,-1,-1,,-1
2,Night,9.234,57.568,0,E_Red_R,Practice,Expected,Red,Left,66.802,57.862,1.499,0.87,930.123,,63.304,0,,-1,-1,,-1
2,Night,9.234,57.675,0,E_Red_R,Practice,Expected,Red,Left,66.908,57.969,1.467,0.87,933.121,,63.275,0,,-1,-1,,-1
2,Night,9.234,57.768,0,E_Red_R,Practice,Expected,Red,Left,67.002,58.062,1.424,0.869,935.789,,63.254,0,,-1,-1,,-1
2,Night,9.234,57.866,0,E_Red_R,Practice,Expected,Red,Left,67.1,58.16,1.362,0.869,938.555,,63.229,0,,-1,-1,,-1
2,Night,9.234,57.978,0,E_Red_R,Practice,Expected,Red,Left,67.212,58.272,1.27,0.868,941.713,,63.2,0,,-1,-1,,-1
2,Night,9.234,58.075,0,E_Red_R,Practice,Expected,Red,Left,67.309,58.369,1.183,0.868,944.434,,63.178,0,,-1,-1,,-1
2,Night,9.234,58.172,0,E_Red_R,Practice,Expected,Red,Left,67.406,58.466,1.082,0.868,947.164,,63.158,0,,-1,-1,,-1
2,Night,9.234,58.266,0,E_Red_R,Practice,Expected,Red,Left,67.5,58.56,0.973,0.868,949.849,,63.143,0,,-1,-1,,-1
2,Night,9.234,58.384,0,E_Red_R,Practice,Expected,Red,Left,67.618,58.678,0.828,0.868,953.159,,63.124,0,,-1,-1,,-1
2,Night,9.234,58.475,0,E_Red_R,Practice,Expected,Red,Left,67.709,58.769,0.711,0.868,955.721,,63.109,0,,-1,-1,,-1
2,Night,9.234,58.574,0,E_Red_R,Practice,Expected,Red,Left,67.808,58.868,0.58,0.868,958.516,,63.053,0,,-1,-1,,-1
2,Night,9.234,58.673,0,E_Red_R,Practice,Expected,Red,Left,67.907,58.967,0.447,0.868,961.297,,62.913,0,,-1,-1,,-1
2,Night,9.234,58.771,0,E_Red_R,Practice,Expected,Red,Left,68.005,59.065,0.314,0.868,964.057,,62.843,0,,-1,-1,,-1
2,Night,9.234,58.871,0,E_Red_R,Practice,Expected,Red,Left,68.105,59.165,0.179,0.868,966.849,,62.751,0,,-1,-1,,-1
2,Night,9.234,58.971,0,E_Red_R,Practice,Expected,Red,Left,68.205,59.265,0.053,0.868,969.642,,62.6,0,,-1,-1,,-1
2,Night,9.234,59.067,0,E_Red_R,Practice,Expected,Red,Left,68.301,59.361,-0.062,0.868,972.353,,62.545,0,,-1,-1,,-1
2,Night,9.234,59.176,0,E_Red_R,Practice,Expected,Red,Left,68.41,59.47,-0.187,0.868,975.369,,62.511,0,,-1,-1,,-1
2,Night,9.234,59.273,0,E_Red_R,Practice,Expected,Red,Left,68.507,59.567,-0.292,0.868,978.084,,62.492,0,,-1,-1,,-1
2,Night,9.234,59.371,0,E_Red_R,Practice,Expected,Red,Left,68.605,59.665,-0.391,0.868,980.824,,62.474,0,,-1,-1,,-1
2,Night,9.234,59.468,0,E_Red_R,Practice,Expected,Red,Left,68.702,59.762,-0.473,0.868,983.552,,62.434,0,,-1,-1,,-1
2,Night,9.234,59.567,0,E_Red_R,Practice,Expected,Red,Left,68.801,59.861,-0.531,0.868,986.319,,62.405,0,,-1,-1,,-1
2,Night,9.234,59.674,0,E_Red_R,Practice,Expected,Red,Left,68.908,59.968,-0.578,0.868,989.271,,62.381,0,,-1,-1,,-1
2,Night,9.234,59.771,0,E_Red_R,Practice,Expected,Red,Left,69.005,60.065,-0.605,0.868,991.974,,62.357,0,,-1,-1,,-1
2,Night,9.234,59.868,0,E_Red_R,Practice,Expected,Red,Left,69.102,60.162,-0.615,0.868,994.712,,62.337,0,,-1,-1,,-1
2,Night,9.234,59.967,0,E_Red_R,Practice,Expected,Red,Left,69.201,60.261,-0.608,0.868,997.448,,62.313,0,,-1,-1,,-1
2,Night,9.234,60.074,0,E_Red_R,Practice,Expected,Red,Left,69.308,60.368,-0.582,0.868,1000.399,,62.286,0,,-1,-1,,-1
2,Night,9.234,60.172,0,E_Red_R,Practice,Expected,Red,Left,69.406,60.466,-0.543,0.868,1003.158,,62.266,0,,-1,-1,,-1
2,Night,9.234,60.272,0,E_Red_R,Practice,Expected,Red,Left,69.506,60.566,-0.508,0.868,1005.937,,62.239,0,,-1,-1,,-1
2,Night,9.234,60.369,0,E_Red_R,Practice,Expected,Red,Left,69.603,60.663,-0.473,0.868,1008.639,,62.226,0,,-1,-1,,-1
2,Night,9.234,60.476,0,E_Red_R,Practice,Expected,Red,Left,69.71,60.77,-0.43,0.868,1011.593,,62.209,0,,-1,-1,,-1
2,Night,9.234,60.567,0,E_Red_R,Practice,Expected,Red,Left,69.801,60.861,-0.394,0.868,1014.153,,62.197,0,,-1,-1,,-1
2,Night,9.234,60.687,0,E_Red_R,Practice,Expected,Red,Left,69.921,60.981,-0.352,0.868,1017.449,,62.175,0,,-1,-1,,-1
2,Night,9.234,60.774,0,E_Red_R,Practice,Expected,Red,Left,70.008,61.068,-0.321,0.868,1019.88,,62.163,0,,-1,-1,,-1
2,Night,9.234,60.872,0,E_Red_R,Practice,Expected,Red,Left,70.106,61.166,-0.292,0.868,1022.599,,62.148,0,,-1,-1,,-1
2,Night,9.234,60.968,0,E_Red_R,Practice,Expected,Red,Left,70.202,61.262,-0.267,0.868,1025.309,,62.135,0,,-1,-1,,-1
2,Night,9.234,61.066,0,E_Red_R,Practice,Expected,Red,Left,70.3,61.36,-0.247,0.868,1028.012,,62.121,0,,-1,-1,,-1
2,Night,9.234,61.177,0,E_Red_R,Practice,Expected,Red,Left,70.411,61.471,-0.226,0.868,1031.08,,62.084,0,,-1,-1,,-1
2,Night,9.234,61.277,0,E_Red_R,Practice,Expected,Red,Left,70.511,61.571,-0.21,0.868,1033.851,,61.921,0,,-1,-1,,-1
2,Night,9.234,61.373,0,E_Red_R,Practice,Expected,Red,Left,70.607,61.667,-0.197,0.868,1036.503,,61.708,0,,-1,-1,,-1
2,Night,9.234,61.466,0,E_Red_R,Practice,Expected,Red,Left,70.7,61.76,-0.185,0.868,1039.102,,61.622,0,,-1,-1,,-1
2,Night,9.234,61.577,0,E_Red_R,Practice,Expected,Red,Left,70.811,61.871,-0.172,0.868,1042.12,,61.578,0,,-1,-1,,-1
2,Night,9.234,61.675,0,E_Red_R,Practice,Expected,Red,Left,70.909,61.969,-0.161,0.868,1044.814,,61.558,0,,-1,-1,,-1
2,Night,9.234,61.772,0,E_Red_R,Practice,Expected,Red,Left,71.006,62.066,-0.152,0.868,1047.482,,61.543,0,,-1,-1,,-1
2,Night,9.234,61.867,0,E_Red_R,Practice,Expected,Red,Left,71.101,62.161,-0.142,0.868,1050.137,,61.531,0,,-1,-1,,-1
2,Night,9.234,61.975,0,E_Red_R,Practice,Expected,Red,Left,71.209,62.269,-0.133,0.868,1053.064,,61.515,0,,-1,-1,,-1
2,Night,9.234,62.071,0,E_Red_R,Practice,Expected,Red,Left,71.305,62.365,-0.124,0.868,1055.703,,61.501,0,,-1,-1,,-1
2,Night,9.234,62.17,0,E_Red_R,Practice,Expected,Red,Left,71.404,62.464,-0.116,0.868,1058.436,,61.487,0,,-1,-1,,-1
2,Night,9.234,62.266,0,E_Red_R,Practice,Expected,Red,Left,71.5,62.56,-0.108,0.868,1061.089,,61.475,0,,-1,-1,,-1
2,Night,9.234,62.383,0,E_Red_R,Practice,Expected,Red,Left,71.617,62.677,-0.098,0.868,1064.279,,61.459,0,,-1,-1,,-1
2,Night,9.234,62.469,0,E_Red_R,Practice,Expected,Red,Left,71.703,62.763,-0.091,0.868,1066.663,,61.448,0,,-1,-1,,-1
2,Night,9.234,62.566,0,E_Red_R,Practice,Expected,Red,Left,71.8,62.86,-0.084,0.868,1069.338,,61.434,0,,-1,-1,,-1
2,Night,9.234,62.674,0,E_Red_R,Practice,Expected,Red,Left,71.908,62.968,-0.075,0.868,1072.276,,61.418,0,,-1,-1,,-1
2,Night,9.234,62.77,0,E_Red_R,Practice,Expected,Red,Left,72.004,63.064,-0.068,0.868,1074.909,,61.404,0,,-1,-1,,-1
2,Night,9.234,62.876,0,E_Red_R,Practice,Expected,Red,Left,72.11,63.17,-0.059,0.868,1077.831,,61.39,0,,-1,-1,,-1
2,Night,9.234,62.973,0,E_Red_R,Practice,Expected,Red,Left,72.207,63.267,-0.052,0.868,1080.49,,61.376,0,,-1,-1,,-1
2,Night,9.234,63.07,0,E_Red_R,Practice,Expected,Red,Left,72.304,63.364,-0.044,0.868,1083.145,,61.363,0,,-1,-1,,-1
2,Night,9.234,63.167,0,E_Red_R,Practice,Expected,Red,Left,72.401,63.461,-0.037,0.868,1085.82,,61.351,0,,-1,-1,,-1
2,Night,9.234,63.275,0,E_Red_R,Practice,Expected,Red,Left,72.509,63.569,-0.028,0.868,1088.775,,61.335,0,,-1,-1,,-1
2,Night,9.234,63.371,0,E_Red_R,Practice,Expected,Red,Left,72.605,63.665,-0.021,0.868,1091.408,,61.321,0,,-1,-1,,-1
2,Night,9.234,63.478,0,E_Red_R,Practice,Expected,Red,Left,72.711,63.772,-0.013,0.868,1094.325,,61.307,0,,-1,-1,,-1
2,Night,9.234,63.575,0,E_Red_R,Practice,Expected,Red,Left,72.809,63.869,-0.005,0.868,1096.997,,61.294,0,,-1,-1,,-1
2,Night,9.234,63.672,0,E_Red_R,Practice,Expected,Red,Left,72.906,63.966,0.002,0.868,1099.64,,61.28,0,,-1,-1,,-1
2,Night,9.234,63.767,0,E_Red_R,Practice,Expected,Red,Left,73.001,64.061,0.009,0.868,1102.264,,61.268,0,,-1,-1,,-1
2,Night,9.234,63.887,0,E_Red_R,Practice,Expected,Red,Left,73.121,64.181,0.019,0.868,1105.508,,61.252,0,,-1,-1,,-1
2,Night,9.234,63.974,0,E_Red_R,Practice,Expected,Red,Left,73.208,64.268,0.025,0.868,1107.924,,61.239,0,,-1,-1,,-1
2,Night,9.234,64.071,0,E_Red_R,Practice,Expected,Red,Left,73.305,64.365,0.033,0.868,1110.581,,61.225,0,,-1,-1,,-1
2,Night,9.234,64.169,0,E_Red_R,Practice,Expected,Red,Left,73.403,64.463,0.04,0.868,1113.271,,61.213,0,,-1,-1,,-1
2,Night,9.234,64.276,0,E_Red_R,Practice,Expected,Red,Left,73.51,64.57,0.049,0.868,1116.194,,61.197,0,,-1,-1,,-1
2,Night,9.234,64.373,0,E_Red_R,Practice,Expected,Red,Left,73.607,64.667,0.056,0.868,1118.833,,61.183,0,,-1,-1,,-1
2,Night,9.234,64.469,0,E_Red_R,Practice,Expected,Red,Left,73.703,64.763,0.063,0.868,1121.478,,61.172,0,,-1,-1,,-1
2,Night,9.234,64.577,0,E_Red_R,Practice,Expected,Red,Left,73.811,64.871,0.072,0.868,1124.418,,61.156,0,,-1,-1,,-1
2,Night,9.234,64.675,0,E_Red_R,Practice,Expected,Red,Left,73.909,64.969,0.079,0.868,1127.112,,61.142,0,,-1,-1,,-1
2,Night,9.234,64.771,0,E_Red_R,Practice,Expected,Red,Left,74.005,65.065,0.087,0.868,1129.706,,61.128,0,,-1,-1,,-1
2,Night,9.234,64.867,0,E_Red_R,Practice,Expected,Red,Left,74.101,65.161,0.094,0.868,1132.362,,61.117,0,,-1,-1,,-1
2,Night,9.234,64.974,0,E_Red_R,Practice,Expected,Red,Left,74.208,65.268,0.102,0.868,1135.275,,61.101,0,,-1,-1,,-1
2,Night,9.234,65.07,0,E_Red_R,Practice,Expected,Red,Left,74.304,65.364,0.11,0.868,1137.889,,61.087,0,,-1,-1,,-1
2,Night,9.234,65.167,0,E_Red_R,Practice,Expected,Red,Left,74.401,65.461,0.117,0.868,1140.547,,61.076,0,,-1,-1,,-1
2,Night,9.234,65.275,0,E_Red_R,Practice,Expected,Red,Left,74.509,65.569,0.126,0.868,1143.496,,61.06,0,,-1,-1,,-1
2,Night,9.234,65.372,0,E_Red_R,Practice,Expected,Red,Left,74.606,65.666,0.133,0.868,1146.14,,61.046,0,,-1,-1,,-1
2,Night,9.234,65.469,0,E_Red_R,Practice,Expected,Red,Left,74.703,65.763,0.14,0.868,1148.792,,61.035,0,,-1,-1,,-1
2,Night,9.234,65.566,0,E_Red_R,Practice,Expected,Red,Left,74.8,65.86,0.148,0.868,1151.459,,61.021,0,,-1,-1,,-1
2,Night,9.234,65.673,0,E_Red_R,Practice,Expected,Red,Left,74.907,65.967,0.156,0.868,1154.349,,61.005,0,,-1,-1,,-1
2,Night,9.234,65.771,0,E_Red_R,Practice,Expected,Red,Left,75.005,66.065,0.164,0.868,1157.012,,60.991,0,,-1,-1,,-1
2,Night,9.234,65.867,0,E_Red_R,Practice,Expected,Red,Left,75.101,66.161,0.171,0.868,1159.646,,60.98,0,,-1,-1,,-1
2,Night,9.234,65.985,0,E_Red_R,Practice,Expected,Red,Left,75.219,66.279,0.18,0.868,1162.842,,60.964,0,,-1,-1,,-1
2,Night,9.234,66.07,0,E_Red_R,Practice,Expected,Red,Left,75.304,66.364,0.187,0.868,1165.179,,60.95,0,,-1,-1,,-1
2,Night,9.234,66.175,0,E_Red_R,Practice,Expected,Red,Left,75.409,66.469,0.195,0.868,1168.036,,60.936,0,,-1,-1,,-1
2,Night,9.234,66.274,0,E_Red_R,Practice,Expected,Red,Left,75.508,66.568,0.203,0.868,1170.72,,60.923,0,,-1,-1,,-1
2,Night,9.234,66.368,0,E_Red_R,Practice,Expected,Red,Left,75.602,66.662,0.21,0.868,1173.308,,60.911,0,,-1,-1,,-1
2,Night,9.234,66.473,0,E_Red_R,Practice,Expected,Red,Left,75.707,66.767,0.218,0.868,1176.154,,60.895,0,,-1,-1,,-1
2,Night,9.234,66.57,0,E_Red_R,Practice,Expected,Red,Left,75.804,66.864,0.225,0.868,1178.787,,60.882,0,,-1,-1,,-1
2,Night,9.234,66.676,0,E_Red_R,Practice,Expected,Red,Left,75.91,66.97,0.234,0.868,1181.667,,60.868,0,,-1,-1,,-1
2,Night,9.234,66.773,0,E_Red_R,Practice,Expected,Red,Left,76.007,67.067,0.241,0.868,1184.317,,60.854,0,,-1,-1,,-1
2,Night,9.234,66.87,0,E_Red_R,Practice,Expected,Red,Left,76.103,67.164,0.248,0.868,1186.936,,60.841,0,,-1,-1,,-1
2,Night,9.234,66.966,0,E_Red_R,Practice,Expected,Red,Left,76.2,67.26,0.256,0.868,1189.577,,60.829,0,,-1,-1,,-1
2,Night,9.234,67.074,0,E_Red_R,Practice,Expected,Red,Left,76.308,67.368,0.264,0.868,1192.488,,60.813,0,,-1,-1,,-1
2,Night,9.234,67.171,0,E_Red_R,Practice,Expected,Red,Left,76.405,67.465,0.272,0.868,1195.137,,60.8,0,,-1,-1,,-1
2,Night,9.234,67.276,0,E_Red_R,Practice,Expected,Red,Left,76.51,67.57,0.28,0.868,1197.982,,60.786,0,,-1,-1,,-1
2,Night,9.234,67.373,0,E_Red_R,Practice,Expected,Red,Left,76.607,67.667,0.287,0.868,1200.617,,60.772,0,,-1,-1,,-1
2,Night,9.234,67.467,0,E_Red_R,Practice,Expected,Red,Left,76.701,67.761,0.295,0.868,1203.208,,60.761,0,,-1,-1,,-1
2,Night,9.234,67.572,0,E_Red_R,Practice,Expected,Red,Left,76.806,67.866,0.303,0.868,1206.036,,60.745,0,,-1,-1,,-1
2,Night,9.234,67.666,0,E_Red_R,Practice,Expected,Red,Left,76.9,67.96,0.31,0.868,1208.609,,60.733,0,,-1,-1,,-1
2,Night,9.234,67.773,0,E_Red_R,Practice,Expected,Red,Left,77.007,68.067,0.318,0.868,1211.481,,60.718,0,,-1,-1,,-1
2,Night,9.234,67.867,0,E_Red_R,Practice,Expected,Red,Left,77.101,68.161,0.326,0.868,1214.027,,60.706,0,,-1,-1,,-1
2,Night,9.234,67.976,0,E_Red_R,Practice,Expected,Red,Left,77.21,68.27,0.334,0.868,1217.003,,60.69,0,,-1,-1,,-1
2,Night,9.234,68.071,0,E_Red_R,Practice,Expected,Red,Left,77.305,68.365,0.341,0.868,1219.559,,60.677,0,,-1,-1,,-1
2,Night,9.234,68.173,0,E_Red_R,Practice,Expected,Red,Left,77.407,68.467,0.349,0.868,1222.318,,60.663,0,,-1,-1,,-1
2,Night,9.234,68.275,0,E_Red_R,Practice,Expected,Red,Left,77.509,68.569,0.357,0.868,1225.103,,60.649,0,,-1,-1,,-1
2,Night,9.234,68.368,0,E_Red_R,Practice,Expected,Red,Left,77.602,68.662,0.364,0.868,1227.637,,60.638,0,,-1,-1,,-1
2,Night,9.234,68.476,0,E_Red_R,Practice,Expected,Red,Left,77.71,68.77,0.373,0.868,1230.547,,60.622,0,,-1,-1,,-1
2,Night,9.234,68.574,0,E_Red_R,Practice,Expected,Red,Left,77.808,68.868,0.38,0.868,1233.217,,60.608,0,,-1,-1,,-1
2,Night,9.234,68.672,0,E_Red_R,Practice,Expected,Red,Left,77.906,68.966,0.388,0.868,1235.868,,60.595,0,,-1,-1,,-1
2,Night,9.234,68.779,0,E_Red_R,Practice,Expected,Red,Left,78.013,69.073,0.396,0.868,1238.751,,60.581,0,,-1,-1,,-1
2,Night,9.234,68.867,0,E_Red_R,Practice,Expected,Red,Left,78.101,69.161,0.403,0.868,1241.132,,60.57,0,,-1,-1,,-1
2,Night,9.234,68.967,0,E_Red_R,Practice,Expected,Red,Left,78.201,69.261,0.411,0.868,1243.863,,60.556,0,,-1,-1,,-1
2,Night,9.234,69.075,0,E_Red_R,Practice,Expected,Red,Left,78.309,69.369,0.419,0.868,1246.782,,60.54,0,,-1,-1,,-1
2,Night,9.234,69.17,0,E_Red_R,Practice,Expected,Red,Left,78.404,69.464,0.426,0.868,1249.334,,60.527,0,,-1,-1,,-1
2,Night,9.234,69.276,0,E_Red_R,Practice,Expected,Red,Left,78.51,69.57,0.434,0.868,1252.208,,60.513,0,,-1,-1,,-1
2,Night,9.234,69.374,0,E_Red_R,Practice,Expected,Red,Left,78.608,69.668,0.442,0.868,1254.867,,60.499,0,,-1,-1,,-1
2,Night,9.234,69.474,0,E_Red_R,Practice,Expected,Red,Left,78.708,69.768,0.45,0.868,1257.558,,60.486,0,,-1,-1,,-1
2,Night,9.234,69.572,0,E_Red_R,Practice,Expected,Red,Left,78.806,69.866,0.457,0.868,1260.208,,60.472,0,,-1,-1,,-1
2,Night,9.234,69.668,0,E_Red_R,Practice,Expected,Red,Left,78.902,69.962,0.465,0.868,1262.828,,60.461,0,,-1,-1,,-1
2,Night,9.234,69.775,0,E_Red_R,Practice,Expected,Red,Left,79.009,70.069,0.473,0.868,1265.697,,60.445,0,,-1,-1,,-1
2,Night,9.234,69.885,0,E_Red_R,Practice,Expected,Red,Left,79.119,70.179,0.476,0.868,1268.663,,60.424,0,,-1,-1,,-1
2,Night,9.234,69.971,0,E_Red_R,Practice,Expected,Red,Left,79.205,70.265,0.473,0.868,1271.001,,60.41,0,,-1,-1,,-1
2,Night,9.234,70.075,0,E_Red_R,Practice,Expected,Red,Left,79.309,70.369,0.466,0.868,1273.814,,60.396,0,,-1,-1,,-1
2,Night,9.234,70.17,0,E_Red_R,Practice,Expected,Red,Left,79.404,70.464,0.457,0.868,1276.361,,60.382,0,,-1,-1,,-1
2,Night,9.234,70.275,0,E_Red_R,Practice,Expected,Red,Left,79.509,70.569,0.442,0.868,1279.199,,60.367,0,,-1,-1,,-1
2,Night,9.234,70.368,0,E_Red_R,Practice,Expected,Red,Left,79.602,70.662,0.424,0.868,1281.741,,60.355,0,,-1,-1,,-1
2,Night,9.234,70.474,0,E_Red_R,Practice,Expected,Red,Left,79.708,70.768,0.398,0.868,1284.568,,60.338,0,,-1,-1,,-1
2,Night,9.234,70.566,0,E_Red_R,Practice,Expected,Red,Left,79.8,70.86,0.371,0.868,1287.079,,60.326,0,,-1,-1,,-1
2,Night,9.234,70.67,0,E_Red_R,Practice,Expected,Red,Left,79.904,70.964,0.336,0.868,1289.856,,60.311,0,,-1,-1,,-1
2,Night,9.234,70.776,0,E_Red_R,Practice,Expected,Red,Left,80.01,71.07,0.296,0.868,1292.724,,60.356,0,,-1,-1,,-1
2,Night,9.234,70.866,0,E_Red_R,Practice,Expected,Red,Left,80.1,71.16,0.26,0.868,1295.16,,60.459,0,,-1,-1,,-1
2,Night,9.234,70.98,0,E_Red_R,Practice,Expected,Red,Left,80.214,71.274,0.214,0.868,1298.231,,60.517,0,,-1,-1,,-1
2,Night,9.234,71.072,0,E_Red_R,Practice,Expected,Red,Left,80.306,71.366,0.176,0.868,1300.706,,60.518,0,,-1,-1,,-1
2,Night,9.234,71.179,0,E_Red_R,Practice,Expected,Red,Left,80.413,71.473,0.131,0.868,1303.607,,60.507,0,,-1,-1,,-1
2,Night,9.234,71.271,0,E_Red_R,Practice,Expected,Red,Left,80.505,71.565,0.096,0.868,1306.107,,60.494,0,,-1,-1,,-1
2,Night,9.234,71.376,0,E_Red_R,Practice,Expected,Red,Left,80.61,71.67,0.057,0.868,1308.941,,60.481,0,,-1,-1,,-1
2,Night,9.234,71.476,0,E_Red_R,Practice,Expected,Red,Left,80.71,71.77,0.021,0.868,1311.654,,60.467,0,,-1,-1,,-1
2,Night,9.234,71.567,0,E_Red_R,Practice,Expected,Red,Left,80.801,71.861,-0.009,0.868,1314.133,,60.456,0,,-1,-1,,-1
2,Night,9.234,71.672,0,E_Red_R,Practice,Expected,Red,Left,80.906,71.966,-0.04,0.868,1316.936,,60.439,0,,-1,-1,,-1
2,Night,9.234,71.766,0,E_Red_R,Practice,Expected,Red,Left,81,72.06,-0.065,0.868,1319.495,,60.428,0,,-1,-1,,-1
2,Night,9.234,71.873,0,E_Red_R,Practice,Expected,Red,Left,81.107,72.167,-0.091,0.868,1322.36,,60.412,0,,-1,-1,,-1
2,Night,9.234,71.976,0,E_Red_R,Practice,Expected,Red,Left,81.21,72.27,-0.112,0.868,1325.137,,60.398,0,,-1,-1,,-1
2,Night,9.234,72.067,0,E_Red_R,Practice,Expected,Red,Left,81.301,72.361,-0.13,0.868,1327.601,,60.386,0,,-1,-1,,-1
2,Night,9.234,72.171,0,E_Red_R,Practice,Expected,Red,Left,81.405,72.465,-0.147,0.868,1330.423,,60.37,0,,-1,-1,,-1
2,Night,9.234,72.275,0,E_Red_R,Practice,Expected,Red,Left,81.509,72.569,-0.163,0.868,1333.214,,60.39,0,,-1,-1,,-1
2,Night,9.234,72.377,0,E_Red_R,Practice,Expected,Red,Left,81.611,72.671,-0.176,0.868,1335.981,,60.398,0,,-1,-1,,-1
2,Night,9.234,72.473,0,E_Red_R,Practice,Expected,Red,Left,81.707,72.767,-0.186,0.868,1338.574,,60.384,0,,-1,-1,,-1
2,Night,9.234,72.567,0,E_Red_R,Practice,Expected,Red,Left,81.801,72.861,-0.187,0.868,1341.13,,60.372,0,,-1,-1,,-1
2,Night,9.234,72.67,0,E_Red_R,Practice,Expected,Red,Left,81.904,72.964,-0.185,0.868,1343.887,,60.356,0,,-1,-1,,-1
2,Night,9.234,72.771,0,E_Red_R,Practice,Expected,Red,Left,82.005,73.065,-0.178,0.868,1346.617,,60.342,0,,-1,-1,,-1
2,Night,9.234,72.874,0,E_Red_R,Practice,Expected,Red,Left,82.108,73.168,-0.167,0.868,1349.396,,60.328,0,,-1,-1,,-1
2,Night,9.234,72.971,0,E_Red_R,Practice,Expected,Red,Left,82.205,73.265,-0.151,0.868,1351.997,,60.313,0,,-1,-1,,-1
2,Night,9.234,73.073,0,E_Red_R,Practice,Expected,Red,Left,82.307,73.367,-0.128,0.868,1354.762,,60.299,0,,-1,-1,,-1
2,Night,9.234,73.168,0,E_Red_R,Practice,Expected,Red,Left,82.402,73.462,-0.105,0.868,1357.318,,60.285,0,,-1,-1,,-1
2,Night,9.234,73.27,0,E_Red_R,Practice,Expected,Red,Left,82.504,73.564,-0.08,0.868,1360.069,,60.268,0,,-1,-1,,-1
2,Night,9.234,73.375,0,E_Red_R,Practice,Expected,Red,Left,82.609,73.669,-0.051,0.868,1362.877,,60.254,0,,-1,-1,,-1
2,Night,9.234,73.467,0,E_Red_R,Practice,Expected,Red,Left,82.701,73.761,-0.025,0.868,1365.363,,60.243,0,,-1,-1,,-1
2,Night,9.234,73.572,0,E_Red_R,Practice,Expected,Red,Left,82.806,73.866,0.006,0.868,1368.205,,60.227,0,,-1,-1,,-1
2,Night,9.234,73.674,0,E_Red_R,Practice,Expected,Red,Left,82.908,73.968,0.035,0.868,1370.94,,60.214,0,,-1,-1,,-1
2,Night,9.234,73.781,0,E_Red_R,Practice,Expected,Red,Left,83.014,74.075,0.069,0.868,1373.805,,60.191,0,,-1,-1,,-1
2,Night,9.234,73.875,0,E_Red_R,Practice,Expected,Red,Left,83.109,74.169,0.109,0.868,1376.34,,60.175,0,,-1,-1,,-1
2,Night,9.234,73.97,0,E_Red_R,Practice,Expected,Red,Left,83.204,74.264,0.15,0.868,1378.906,,60.161,0,,-1,-1,,-1
2,Night,9.234,74.073,0,E_Red_R,Practice,Expected,Red,Left,83.307,74.367,0.198,0.868,1381.669,,60.147,0,,-1,-1,,-1
2,Night,9.234,74.166,0,E_Red_R,Practice,Expected,Red,Left,83.4,74.46,0.247,0.868,1384.18,,60.135,0,,-1,-1,,-1
2,Night,9.234,74.267,0,E_Red_R,Practice,Expected,Red,Left,83.501,74.561,0.305,0.868,1386.901,,60.12,0,,-1,-1,,-1
2,Night,9.234,74.372,0,E_Red_R,Practice,Expected,Red,Left,83.606,74.666,0.372,0.868,1389.714,,60.103,0,,-1,-1,,-1
2,Night,9.234,74.477,0,E_Red_R,Practice,Expected,Red,Left,83.711,74.771,0.445,0.868,1392.524,,60.088,0,,-1,-1,,-1
2,Night,9.234,74.569,0,E_Red_R,Practice,Expected,Red,Left,83.803,74.863,0.515,0.868,1395.008,,60.076,0,,-1,-1,,-1
2,Night,9.234,74.675,0,E_Red_R,Practice,Expected,Red,Left,83.909,74.969,0.6,0.868,1397.831,,60.06,0,,-1,-1,,-1
2,Night,9.234,74.777,0,E_Red_R,Practice,Expected,Red,Left,84.01,75.071,0.686,0.868,1400.566,,60.046,0,,-1,-1,,-1
2,Night,9.234,74.87,0,E_Red_R,Practice,Expected,Red,Left,84.104,75.164,0.769,0.868,1403.065,,60.032,0,,-1,-1,,-1
2,Night,9.234,74.977,0,E_Red_R,Practice,Expected,Red,Left,84.211,75.271,0.864,0.868,1405.952,,60.01,0,,-1,-1,,-1
2,Night,9.234,75.071,0,E_Red_R,Practice,Expected,Red,Left,84.305,75.365,0.936,0.868,1408.451,,59.991,0,,-1,-1,,-1
2,Night,9.234,75.184,0,E_Red_R,Practice,Expected,Red,Left,84.418,75.478,1.021,0.868,1411.494,,59.977,0,,-1,-1,,-1
2,Night,9.234,75.268,0,E_Red_R,Practice,Expected,Red,Left,84.502,75.562,1.082,0.868,1413.769,,59.965,0,,-1,-1,,-1
2,Night,9.234,75.371,0,E_Red_R,Practice,Expected,Red,Left,84.605,75.665,1.15,0.868,1416.517,,59.947,0,,-1,-1,,-1
2,Night,9.234,75.468,0,E_Red_R,Practice,Expected,Red,Left,84.702,75.762,1.206,0.868,1419.126,,59.932,0,,-1,-1,,-1
2,Night,9.234,75.566,0,E_Red_R,Practice,Expected,Red,Left,84.8,75.86,1.243,0.868,1421.74,,59.901,0,,-1,-1,,-1
2,Night,9.234,75.672,0,E_Red_R,Practice,Expected,Red,Left,84.906,75.966,1.271,0.868,1424.551,,59.881,0,,-1,-1,,-1
2,Night,9.234,75.776,0,E_Red_R,Practice,Expected,Red,Left,85.01,76.07,1.286,0.868,1427.338,,59.862,0,,-1,-1,,-1
2,Night,9.234,75.871,0,E_Red_R,Practice,Expected,Red,Left,85.105,76.165,1.287,0.868,1429.886,,59.844,0,,-1,-1,,-1
2,Night,9.234,75.977,0,E_Red_R,Practice,Expected,Red,Left,85.211,76.271,1.276,0.868,1432.727,,59.826,0,,-1,-1,,-1
2,Night,9.234,76.072,0,E_Red_R,Practice,Expected,Red,Left,85.306,76.366,1.254,0.868,1435.276,,59.808,0,,-1,-1,,-1
2,Night,9.234,76.175,0,E_Red_R,Practice,Expected,Red,Left,85.409,76.469,1.22,0.868,1438.013,,59.791,0,,-1,-1,,-1
2,Night,9.234,76.281,0,E_Red_R,Practice,Expected,Red,Left,85.515,76.575,1.174,0.868,1440.848,,59.775,0,,-1,-1,,-1
2,Night,9.234,76.366,0,E_Red_R,Practice,Expected,Red,Left,85.6,76.66,1.131,0.868,1443.128,,59.783,0,,-1,-1,,-1
2,Night,9.234,76.474,0,E_Red_R,Practice,Expected,Red,Left,85.708,76.768,1.071,0.868,1446.013,,59.951,0,,-1,-1,,-1
2,Night,9.234,76.57,0,E_Red_R,Practice,Expected,Red,Left,85.804,76.864,1.018,0.868,1448.594,,60.104,0,,-1,-1,,-1
2,Night,9.234,76.667,0,E_Red_R,Practice,Expected,Red,Left,85.901,76.961,0.962,0.868,1451.217,,60.142,0,,-1,-1,,-1
2,Night,9.234,76.771,0,E_Red_R,Practice,Expected,Red,Left,86.005,77.065,0.901,0.868,1453.986,,60.146,0,,-1,-1,,-1
2,Night,9.234,76.874,0,E_Red_R,Practice,Expected,Red,Left,86.108,77.168,0.84,0.868,1456.765,,60.136,0,,-1,-1,,-1
2,Night,9.234,76.972,0,E_Red_R,Practice,Expected,Red,Left,86.205,77.266,0.786,0.868,1459.378,,60.119,0,,-1,-1,,-1
2,Night,9.234,77.075,0,E_Red_R,Practice,Expected,Red,Left,86.309,77.369,0.742,0.868,1462.166,,60.095,0,,-1,-1,,-1
2,Night,9.234,77.17,0,E_Red_R,Practice,Expected,Red,Left,86.404,77.464,0.709,0.868,1464.708,,60.081,0,,-1,-1,,-1
2,Night,9.234,77.274,0,E_Red_R,Practice,Expected,Red,Left,86.508,77.568,0.68,0.868,1467.508,,60.065,0,,-1,-1,,-1
2,Night,9.234,77.378,0,E_Red_R,Practice,Expected,Red,Left,86.612,77.672,0.661,0.868,1470.302,,60.049,0,,-1,-1,,-1
2,Night,9.234,77.474,0,E_Red_R,Practice,Expected,Red,Left,86.708,77.768,0.651,0.868,1472.862,,60.032,0,,-1,-1,,-1
2,Night,9.234,77.57,0,E_Red_R,Practice,Expected,Red,Left,86.804,77.864,0.64,0.868,1475.456,,60.002,0,,-1,-1,,-1
2,Night,9.234,77.676,0,E_Red_R,Practice,Expected,Red,Left,86.91,77.97,0.619,0.868,1478.281,,59.986,0,,-1,-1,,-1
2,Night,9.234,77.768,0,E_Red_R,Practice,Expected,Red,Left,87.002,78.062,0.602,0.868,1480.772,,59.974,0,,-1,-1,,-1
2,Night,9.234,77.875,0,E_Red_R,Practice,Expected,Red,Left,87.109,78.169,0.579,0.868,1483.627,,59.958,0,,-1,-1,,-1
2,Night,9.234,77.968,0,E_Red_R,Practice,Expected,Red,Left,87.202,78.262,0.555,0.868,1486.123,,59.945,0,,-1,-1,,-1
2,Night,9.234,78.068,0,E_Red_R,Practice,Expected,Red,Left,87.302,78.362,0.523,0.868,1488.802,,59.945,0,,-1,-1,,-1
2,Night,9.234,78.172,0,E_Red_R,Practice,Expected,Red,Left,87.406,78.466,0.495,0.868,1491.594,,59.974,0,,-1,-1,,-1
2,Night,9.234,78.266,0,E_Red_R,Practice,Expected,Red,Left,87.5,78.56,0.469,0.868,1494.113,,59.972,0,,-1,-1,,-1
2,Night,9.234,78.371,0,E_Red_R,Practice,Expected,Red,Left,87.605,78.665,0.436,0.868,1496.908,,59.96,0,,-1,-1,,-1
2,Night,9.234,78.473,0,E_Red_R,Practice,Expected,Red,Left,87.706,78.766,0.404,0.868,1499.617,,59.947,0,,-1,-1,,-1
2,Night,9.234,78.57,0,E_Red_R,Practice,Expected,Red,Left,87.804,78.864,0.376,0.868,1502.238,,59.934,0,,-1,-1,,-1
2,Night,9.234,78.673,0,E_Red_R,Practice,Expected,Red,Left,87.907,78.967,0.349,0.868,1504.997,,59.92,0,,-1,-1,,-1
2,Night,9.234,78.768,0,E_Red_R,Practice,Expected,Red,Left,88.002,79.062,0.328,0.868,1507.576,,59.908,0,,-1,-1,,-1
2,Night,9.234,78.873,0,E_Red_R,Practice,Expected,Red,Left,88.107,79.167,0.308,0.868,1510.365,,59.892,0,,-1,-1,,-1
2,Night,9.234,78.968,0,E_Red_R,Practice,Expected,Red,Left,88.202,79.262,0.293,0.868,1512.918,,59.88,0,,-1,-1,,-1
2,Night,9.234,79.074,0,E_Red_R,Practice,Expected,Red,Left,88.308,79.368,0.271,0.868,1515.754,,59.859,0,,-1,-1,,-1
2,Night,9.234,79.168,0,E_Red_R,Practice,Expected,Red,Left,88.402,79.462,0.252,0.868,1518.281,,59.848,0,,-1,-1,,-1
2,Night,9.234,79.272,0,E_Red_R,Practice,Expected,Red,Left,88.506,79.566,0.232,0.868,1521.04,,59.832,0,,-1,-1,,-1
2,Night,9.234,79.367,0,E_Red_R,Practice,Expected,Red,Left,88.601,79.661,0.213,0.868,1523.598,,59.819,0,,-1,-1,,-1
2,Night,9.234,79.469,0,E_Red_R,Practice,Expected,Red,Left,88.703,79.763,0.195,0.868,1526.324,,59.803,0,,-1,-1,,-1
2,Night,9.234,79.573,0,E_Red_R,Practice,Expected,Red,Left,88.807,79.867,0.175,0.868,1529.085,,59.789,0,,-1,-1,,-1
2,Night,9.234,79.668,0,E_Red_R,Practice,Expected,Red,Left,88.902,79.962,0.155,0.868,1531.643,,59.778,0,,-1,-1,,-1
2,Night,9.234,79.772,0,E_Red_R,Practice,Expected,Red,Left,89.006,80.066,0.134,0.868,1534.399,,59.762,0,,-1,-1,,-1
2,Night,9.234,79.885,0,E_Red_R,Practice,Expected,Red,Left,89.119,80.179,0.11,0.868,1537.41,,59.749,0,,-1,-1,,-1
2,Night,9.234,79.968,0,E_Red_R,Practice,Expected,Red,Left,89.202,80.262,0.092,0.868,1539.658,,59.738,0,,-1,-1,,-1
2,Night,9.234,80.07,0,E_Red_R,Practice,Expected,Red,Left,89.304,80.364,0.071,0.868,1542.371,,59.722,0,,-1,-1,,-1
2,Night,9.234,80.176,0,E_Red_R,Practice,Expected,Red,Left,89.409,80.47,0.05,0.868,1545.183,,59.709,0,,-1,-1,,-1
2,Night,9.234,80.271,0,E_Red_R,Practice,Expected,Red,Left,89.505,80.565,0.031,0.868,1547.731,,59.695,0,,-1,-1,,-1
2,Night,9.234,80.373,0,E_Red_R,Practice,Expected,Red,Left,89.607,80.667,0.011,0.868,1550.457,,59.682,0,,-1,-1,,-1
2,Night,9.234,80.468,0,E_Red_R,Practice,Expected,Red,Left,89.702,80.762,-0.01,0.868,1553.018,,59.669,0,,-1,-1,,-1
2,Night,9.234,80.574,0,E_Red_R,Practice,Expected,Red,Left,89.808,80.868,-0.034,0.868,1555.813,,59.653,0,,-1,-1,,-1
2,Night,9.234,80.667,0,E_Red_R,Practice,Expected,Red,Left,89.901,80.961,-0.056,0.868,1558.308,,59.642,0,,-1,-1,,-1
2,Night,9.234,80.775,0,E_Red_R,Practice,Expected,Red,Left,90.009,81.069,-0.081,0.868,1561.167,,59.623,0,,-1,-1,,-1
2,Night,9.234,80.866,0,E_Red_R,Practice,Expected,Red,Left,90.1,81.16,-0.099,0.868,1563.631,,59.611,0,,-1,-1,,-1
2,Night,9.234,80.981,0,E_Red_R,Practice,Expected,Red,Left,90.214,81.275,-0.121,0.868,1566.651,,59.596,0,,-1,-1,,-1
2,Night,9.234,81.075,0,E_Red_R,Practice,Expected,Red,Left,90.309,81.369,-0.14,0.868,1569.172,,59.582,0,,-1,-1,,-1
2,Night,9.234,81.17,0,E_Red_R,Practice,Expected,Red,Left,90.404,81.464,-0.158,0.868,1571.686,,59.569,0,,-1,-1,,-1
2,Night,9.234,81.275,0,E_Red_R,Practice,Expected,Red,Left,90.509,81.569,-0.176,0.868,1574.504,,59.555,0,,-1,-1,,-1
2,Night,9.234,81.37,0,E_Red_R,Practice,Expected,Red,Left,90.604,81.664,-0.191,0.868,1577.017,,59.541,0,,-1,-1,,-1
2,Night,9.234,81.473,0,E_Red_R,Practice,Expected,Red,Left,90.707,81.767,-0.209,0.868,1579.768,,59.527,0,,-1,-1,,-1
2,Night,9.234,81.567,0,E_Red_R,Practice,Expected,Red,Left,90.801,81.861,-0.225,0.868,1582.283,,59.516,0,,-1,-1,,-1
2,Night,9.234,81.672,0,E_Red_R,Practice,Expected,Red,Left,90.906,81.966,-0.242,0.868,1585.053,,59.5,0,,-1,-1,,-1
2,Night,9.234,81.774,0,E_Red_R,Practice,Expected,Red,Left,91.008,82.068,-0.26,0.868,1587.778,,59.486,0,,-1,-1,,-1
2,Night,9.234,81.866,0,E_Red_R,Practice,Expected,Red,Left,91.1,82.16,-0.276,0.868,1590.245,,59.475,0,,-1,-1,,-1
2,Night,9.234,81.97,0,E_Red_R,Practice,Expected,Red,Left,91.204,82.264,-0.295,0.868,1592.993,,59.46,0,,-1,-1,,-1
2,Night,9.234,82.071,0,E_Red_R,Practice,Expected,Red,Left,91.305,82.365,-0.314,0.868,1595.656,,59.446,0,,-1,-1,,-1
2,Night,9.234,82.166,0,E_Red_R,Practice,Expected,Red,Left,91.4,82.46,-0.333,0.868,1598.205,,59.435,0,,-1,-1,,-1
2,Night,9.234,82.27,0,E_Red_R,Practice,Expected,Red,Left,91.504,82.564,-0.355,0.868,1600.948,,59.42,0,,-1,-1,,-1
2,Night,9.234,82.384,0,E_Red_R,Practice,Expected,Red,Left,91.618,82.678,-0.38,0.868,1603.98,,59.406,0,,-1,-1,,-1
2,Night,9.234,82.466,0,E_Red_R,Practice,Expected,Red,Left,91.7,82.76,-0.398,0.868,1606.189,,59.395,0,,-1,-1,,-1
2,Night,9.234,82.57,0,E_Red_R,Practice,Expected,Red,Left,91.804,82.864,-0.422,0.868,1608.909,,59.379,0,,-1,-1,,-1
2,Night,9.234,82.673,0,E_Red_R,Practice,Expected,Red,Left,91.907,82.967,-0.447,0.868,1611.652,,59.366,0,,-1,-1,,-1
2,Night,9.234,82.766,0,E_Red_R,Practice,Expected,Red,Left,92,83.06,-0.469,0.868,1614.151,,59.355,0,,-1,-1,,-1
2,Night,9.234,82.871,0,E_Red_R,Practice,Expected,Red,Left,92.105,83.165,-0.495,0.868,1616.91,,59.339,0,,-1,-1,,-1
2,Night,9.234,82.975,0,E_Red_R,Practice,Expected,Red,Left,92.209,83.269,-0.521,0.868,1619.655,,59.326,0,,-1,-1,,-1
2,Night,9.234,83.073,0,E_Red_R,Practice,Expected,Red,Left,92.307,83.367,-0.544,0.868,1622.265,,59.306,0,,-1,-1,,-1
2,Night,9.234,83.175,0,E_Red_R,Practice,Expected,Red,Left,92.409,83.469,-0.559,0.868,1624.968,,59.292,0,,-1,-1,,-1
2,Night,9.234,83.27,0,E_Red_R,Practice,Expected,Red,Left,92.504,83.564,-0.572,0.868,1627.481,,59.278,0,,-1,-1,,-1
2,Night,9.234,83.372,0,E_Red_R,Practice,Expected,Red,Left,92.606,83.666,-0.583,0.868,1630.188,,59.264,0,,-1,-1,,-1
2,Night,9.234,83.475,0,E_Red_R,Practice,Expected,Red,Left,92.709,83.769,-0.589,0.868,1632.916,,59.253,0,,-1,-1,,-1
2,Night,9.234,83.568,0,E_Red_R,Practice,Expected,Red,Left,92.802,83.862,-0.59,0.868,1635.395,,59.298,0,,-1,-1,,-1
2,Night,9.234,83.671,0,E_Red_R,Practice,Expected,Red,Left,92.905,83.965,-0.587,0.868,1638.108,,59.558,0,,-1,-1,,-1
2,Night,9.234,83.776,0,E_Red_R,Practice,Expected,Red,Left,93.01,84.07,-0.578,0.868,1640.918,,59.966,0,,-1,-1,,-1
2,Night,9.234,83.87,0,E_Red_R,Practice,Expected,Red,Left,93.104,84.164,-0.566,0.868,1643.45,,60.337,0,,-1,-1,,-1
2,Night,9.234,83.973,0,E_Red_R,Practice,Expected,Red,Left,93.207,84.267,-0.549,0.868,1646.226,,60.543,0,,-1,-1,,-1
2,Night,9.234,84.066,0,E_Red_R,Practice,Expected,Red,Left,93.3,84.36,-0.531,0.868,1648.776,,60.594,0,,-1,-1,,-1
2,Night,9.234,84.171,0,E_Red_R,Practice,Expected,Red,Left,93.405,84.465,-0.507,0.868,1651.595,,60.602,0,,-1,-1,,-1
2,Night,9.234,84.276,0,E_Red_R,Practice,Expected,Red,Left,93.51,84.57,-0.479,0.868,1654.451,,60.593,0,,-1,-1,,-1
2,Night,9.234,84.371,0,E_Red_R,Practice,Expected,Red,Left,93.605,84.665,-0.453,0.868,1657.011,,60.581,0,,-1,-1,,-1
2,Night,9.234,84.474,0,E_Red_R,Practice,Expected,Red,Left,93.708,84.768,-0.422,0.868,1659.806,,60.567,0,,-1,-1,,-1
2,Night,9.234,84.567,0,E_Red_R,Practice,Expected,Red,Left,93.801,84.861,-0.393,0.868,1662.327,,60.556,0,,-1,-1,,-1
2,Night,9.234,84.673,0,E_Red_R,Practice,Expected,Red,Left,93.907,84.967,-0.358,0.868,1665.188,,60.54,0,,-1,-1,,-1
2,Night,9.234,84.767,0,E_Red_R,Practice,Expected,Red,Left,94.001,85.061,-0.326,0.868,1667.738,,60.529,0,,-1,-1,,-1
2,Night,9.234,84.877,0,E_Red_R,Practice,Expected,Red,Left,94.111,85.171,-0.288,0.868,1670.697,,60.513,0,,-1,-1,,-1
2,Night,9.234,84.971,0,E_Red_R,Practice,Expected,Red,Left,94.205,85.265,-0.255,0.868,1673.233,,60.499,0,,-1,-1,,-1
2,Night,9.234,85.072,0,E_Red_R,Practice,Expected,Red,Left,94.306,85.366,-0.218,0.868,1675.981,,60.486,0,,-1,-1,,-1
2,Night,9.234,85.176,0,E_Red_R,Practice,Expected,Red,Left,94.41,85.47,-0.179,0.868,1678.802,,60.472,0,,-1,-1,,-1
2,Night,9.234,85.273,0,E_Red_R,Practice,Expected,Red,Left,94.506,85.567,-0.143,0.868,1681.396,,60.459,0,,-1,-1,,-1
2,Night,9.234,85.366,0,E_Red_R,Practice,Expected,Red,Left,94.6,85.66,-0.108,0.868,1683.94,,60.447,0,,-1,-1,,-1
2,Night,9.234,85.471,0,E_Red_R,Practice,Expected,Red,Left,94.705,85.765,-0.068,0.868,1686.75,,60.431,0,,-1,-1,,-1
2,Night,9.234,85.566,0,E_Red_R,Practice,Expected,Red,Left,94.8,85.86,-0.031,0.868,1689.353,,60.42,0,,-1,-1,,-1
2,Night,9.234,85.669,0,E_Red_R,Practice,Expected,Red,Left,94.903,85.963,0.008,0.868,1692.121,,60.406,0,,-1,-1,,-1
2,Night,9.234,85.766,0,E_Red_R,Practice,Expected,Red,Left,95,86.06,0.046,0.868,1694.749,,60.393,0,,-1,-1,,-1
2,Night,9.234,85.871,0,E_Red_R,Practice,Expected,Red,Left,95.105,86.165,0.087,0.868,1697.572,,60.377,0,,-1,-1,,-1
2,Night,9.234,85.966,0,E_Red_R,Practice,Expected,Red,Left,95.2,86.26,0.124,0.868,1700.136,,60.366,0,,-1,-1,,-1
2,Night,9.234,86.073,0,E_Red_R,Practice,Expected,Red,Left,95.307,86.367,0.165,0.868,1703.014,,60.35,0,,-1,-1,,-1
2,Night,9.234,86.176,0,E_Red_R,Practice,Expected,Red,Left,95.41,86.47,0.206,0.868,1705.79,,60.336,0,,-1,-1,,-1
2,Night,9.234,86.281,0,E_Red_R,Practice,Expected,Red,Left,95.515,86.575,0.247,0.868,1708.631,,60.323,0,,-1,-1,,-1
2,Night,9.234,86.375,0,E_Red_R,Practice,Expected,Red,Left,95.609,86.669,0.284,0.868,1711.165,,60.309,0,,-1,-1,,-1
2,Night,9.234,86.471,0,E_Red_R,Practice,Expected,Red,Left,95.705,86.765,0.321,0.868,1713.747,,60.296,0,,-1,-1,,-1
2,Night,9.234,86.566,0,E_Red_R,Practice,Expected,Red,Left,95.8,86.86,0.359,0.868,1716.313,,60.284,0,,-1,-1,,-1
2,Night,9.234,86.671,0,E_Red_R,Practice,Expected,Red,Left,95.905,86.965,0.4,0.868,1719.123,,60.268,0,,-1,-1,,-1
2,Night,9.234,86.769,0,E_Red_R,Practice,Expected,Red,Left,96.003,87.063,0.438,0.868,1721.778,,60.257,0,,-1,-1,,-1
2,Night,9.234,86.87,0,E_Red_R,Practice,Expected,Red,Left,96.104,87.164,0.478,0.868,1724.482,,60.241,0,,-1,-1,,-1
2,Night,9.234,86.969,0,E_Red_R,Practice,Expected,Red,Left,96.203,87.263,0.517,0.868,1727.172,,60.23,0,,-1,-1,,-1
2,Night,9.234,87.072,0,E_Red_R,Practice,Expected,Red,Left,96.306,87.366,0.557,0.868,1729.911,,60.214,0,,-1,-1,,-1
2,Night,9.234,87.172,0,E_Red_R,Practice,Expected,Red,Left,96.406,87.466,0.597,0.868,1732.626,,60.201,0,,-1,-1,,-1
2,Night,9.234,87.267,0,E_Red_R,Practice,Expected,Red,Left,96.501,87.561,0.635,0.868,1735.19,,60.189,0,,-1,-1,,-1
2,Night,9.234,87.366,0,E_Red_R,Practice,Expected,Red,Left,96.6,87.66,0.673,0.868,1737.851,,60.176,0,,-1,-1,,-1
2,Night,9.234,87.468,0,E_Red_R,Practice,Expected,Red,Left,96.702,87.762,0.714,0.868,1740.606,,60.162,0,,-1,-1,,-1
2,Night,9.234,87.572,0,E_Red_R,Practice,Expected,Red,Left,96.806,87.866,0.754,0.868,1743.372,,60.147,0,,-1,-1,,-1
2,Night,9.234,87.668,0,E_Red_R,Practice,Expected,Red,Left,96.901,87.962,0.792,0.868,1745.968,,60.135,0,,-1,-1,,-1
2,Night,9.234,87.776,0,E_Red_R,Practice,Expected,Red,Left,97.01,88.07,0.828,0.868,1748.864,,60.115,0,,-1,-1,,-1
2,Night,9.234,87.873,0,E_Red_R,Practice,Expected,Red,Left,97.107,88.167,0.858,0.868,1751.468,,60.101,0,,-1,-1,,-1
2,Night,9.234,87.967,0,E_Red_R,Practice,Expected,Red,Left,97.201,88.261,0.885,0.868,1754.024,,60.09,0,,-1,-1,,-1
2,Night,9.234,88.075,0,E_Red_R,Practice,Expected,Red,Left,97.309,88.369,0.912,0.868,1756.891,,60.073,0,,-1,-1,,-1
2,Night,9.234,88.168,0,E_Red_R,Practice,Expected,Red,Left,97.402,88.462,0.933,0.868,1759.402,,60.062,0,,-1,-1,,-1
2,Night,9.234,88.274,0,E_Red_R,Practice,Expected,Red,Left,97.508,88.568,0.952,0.868,1762.247,,60.046,0,,-1,-1,,-1
2,Night,9.234,88.371,0,E_Red_R,Practice,Expected,Red,Left,97.605,88.665,0.967,0.868,1764.849,,60.032,0,,-1,-1,,-1
2,Night,9.234,88.466,0,E_Red_R,Practice,Expected,Red,Left,97.7,88.76,0.978,0.868,1767.409,,60.02,0,,-1,-1,,-1
2,Night,9.234,88.572,0,E_Red_R,Practice,Expected,Red,Left,97.806,88.866,0.986,0.868,1770.23,,60.004,0,,-1,-1,,-1
2,Night,9.234,88.666,0,E_Red_R,Practice,Expected,Red,Left,97.9,88.96,0.992,0.868,1772.771,,59.992,0,,-1,-1,,-1
2,Night,9.234,88.771,0,E_Red_R,Practice,Expected,Red,Left,98.005,89.065,0.995,0.868,1775.576,,59.977,0,,-1,-1,,-1
2,Night,9.234,88.866,0,E_Red_R,Practice,Expected,Red,Left,98.1,89.16,0.996,0.868,1778.134,,59.965,0,,-1,-1,,-1
2,Night,9.234,88.973,0,E_Red_R,Practice,Expected,Red,Left,98.207,89.267,0.995,0.868,1780.98,,59.949,0,,-1,-1,,-1
2,Night,9.234,89.07,0,E_Red_R,Practice,Expected,Red,Left,98.304,89.364,0.992,0.868,1783.592,,59.936,0,,-1,-1,,-1
2,Night,9.234,89.176,0,E_Red_R,Practice,Expected,Red,Left,98.41,89.47,0.988,0.868,1786.431,,59.922,0,,-1,-1,,-1
2,Night,9.234,89.273,0,E_Red_R,Practice,Expected,Red,Left,98.507,89.567,0.983,0.868,1789.017,,59.909,0,,-1,-1,,-1
2,Night,9.234,89.372,0,E_Red_R,Practice,Expected,Red,Left,98.606,89.666,0.977,0.868,1791.654,,59.895,0,,-1,-1,,-1
2,Night,9.234,89.467,0,E_Red_R,Practice,Expected,Red,Left,98.701,89.761,0.971,0.868,1794.246,,59.884,0,,-1,-1,,-1
2,Night,9.234,89.565,0,E_Red_R,Practice,Expected,Red,Left,98.799,89.859,0.963,0.868,1796.87,,59.87,0,,-1,-1,,-1
2,Night,9.234,89.672,0,E_Red_R,Practice,Expected,Red,Left,98.906,89.966,0.955,0.868,1799.698,,59.855,0,,-1,-1,,-1
2,Night,9.234,89.776,0,E_Red_R,Practice,Expected,Red,Left,99.01,90.07,0.946,0.868,1802.486,,59.841,0,,-1,-1,,-1
2,Night,9.234,89.872,0,E_Red_R,Practice,Expected,Red,Left,99.105,90.166,0.938,0.868,1805.045,,59.828,0,,-1,-1,,-1
2,Night,9.234,89.966,0,E_Red_R,Practice,Expected,Red,Left,99.2,90.26,0.929,0.868,1807.593,,59.817,0,,-1,-1,,-1
2,Night,9.234,90.073,0,E_Red_R,Practice,Expected,Red,Left,99.306,90.367,0.919,0.868,1810.415,,59.801,0,,-1,-1,,-1
2,Night,9.234,90.166,0,E_Red_R,Practice,Expected,Red,Left,99.4,90.46,0.91,0.868,1812.929,,59.79,0,,-1,-1,,-1
2,Night,9.234,90.271,0,E_Red_R,Practice,Expected,Red,Left,99.505,90.565,0.899,0.868,1815.736,,59.774,0,,-1,-1,,-1
2,Night,9.234,90.368,0,E_Red_R,Practice,Expected,Red,Left,99.602,90.662,0.89,0.868,1818.329,,59.763,0,,-1,-1,,-1
2,Night,9.234,90.473,0,E_Red_R,Practice,Expected,Red,Left,99.707,90.767,0.879,0.868,1821.105,,59.747,0,,-1,-1,,-1
2,Night,9.234,90.565,0,E_Red_R,Practice,Expected,Red,Left,99.799,90.859,0.87,0.868,1823.605,,59.736,0,,-1,-1,,-1
2,Night,9.234,90.67,0,E_Red_R,Practice,Expected,Red,Left,99.904,90.964,0.859,0.868,1826.391,,59.72,0,,-1,-1,,-1
2,Night,9.234,90.767,0,E_Red_R,Practice,Expected,Red,Left,100.001,91.061,0.849,0.868,1828.986,,59.709,0,,-1,-1,,-1
2,Night,9.234,90.873,0,E_Red_R,Practice,Expected,Red,Left,100.107,91.167,0.838,0.868,1831.777,,59.693,0,,-1,-1,,-1
2,Night,9.234,90.968,0,E_Red_R,Practice,Expected,Red,Left,100.202,91.262,0.828,0.868,1834.342,,59.682,0,,-1,-1,,-1
2,Night,9.234,91.076,0,E_Red_R,Practice,Expected,Red,Left,100.31,91.37,0.817,0.868,1837.222,,59.667,0,,-1,-1,,-1
2,Night,9.234,91.18,0,E_Red_R,Practice,Expected,Red,Left,100.414,91.474,0.806,0.868,1839.998,,59.653,0,,-1,-1,,-1
2,Night,9.234,91.268,0,E_Red_R,Practice,Expected,Red,Left,100.502,91.562,0.79,0.868,1842.351,,59.632,0,,-1,-1,,-1
2,Night,9.234,91.375,0,E_Red_R,Practice,Expected,Red,Left,100.609,91.669,0.763,0.868,1845.177,,59.615,0,,-1,-1,,-1
2,Night,9.234,91.471,0,E_Red_R,Practice,Expected,Red,Left,100.705,91.765,0.736,0.868,1847.757,,59.601,0,,-1,-1,,-1
2,Night,9.234,91.576,0,E_Red_R,Practice,Expected,Red,Left,100.81,91.87,0.7,0.868,1850.545,,59.586,0,,-1,-1,,-1
2,Night,9.234,91.675,0,E_Red_R,Practice,Expected,Red,Left,100.909,91.969,0.662,0.868,1853.168,,59.612,0,,-1,-1,,-1
2,Night,9.234,91.771,0,E_Red_R,Practice,Expected,Red,Left,101.005,92.065,0.629,0.868,1855.741,,59.649,0,,-1,-1,,-1
2,Night,9.234,91.866,0,E_Red_R,Practice,Expected,Red,Left,101.1,92.16,0.595,0.868,1858.289,,59.651,0,,-1,-1,,-1
2,Night,9.234,91.971,0,E_Red_R,Practice,Expected,Red,Left,101.205,92.265,0.556,0.868,1861.072,,59.641,0,,-1,-1,,-1
2,Night,9.234,92.067,0,E_Red_R,Practice,Expected,Red,Left,101.301,92.361,0.519,0.868,1863.653,,59.631,0,,-1,-1,,-1
2,Night,9.234,92.173,0,E_Red_R,Practice,Expected,Red,Left,101.407,92.467,0.481,0.868,1866.457,,59.615,0,,-1,-1,,-1
2,Night,9.234,92.276,0,E_Red_R,Practice,Expected,Red,Left,101.51,92.57,0.446,0.868,1869.204,,59.602,0,,-1,-1,,-1
2,Night,9.234,92.374,0,E_Red_R,Practice,Expected,Red,Left,101.608,92.668,0.416,0.868,1871.801,,59.588,0,,-1,-1,,-1
2,Night,9.234,92.471,0,E_Red_R,Practice,Expected,Red,Left,101.705,92.765,0.389,0.868,1874.385,,59.574,0,,-1,-1,,-1
2,Night,9.234,92.578,0,E_Red_R,Practice,Expected,Red,Left,101.812,92.872,0.363,0.868,1877.245,,59.589,0,,-1,-1,,-1
2,Night,9.234,92.674,0,E_Red_R,Practice,Expected,Red,Left,101.908,92.968,0.342,0.868,1879.802,,59.604,0,,-1,-1,,-1
2,Night,9.234,92.771,0,E_Red_R,Practice,Expected,Red,Left,102.005,93.065,0.325,0.868,1882.385,,59.597,0,,-1,-1,,-1
2,Night,9.234,92.867,0,E_Red_R,Practice,Expected,Red,Left,102.101,93.161,0.311,0.868,1884.95,,59.587,0,,-1,-1,,-1
2,Night,9.234,92.971,0,E_Red_R,Practice,Expected,Red,Left,102.205,93.265,0.298,0.868,1887.723,,59.572,0,,-1,-1,,-1
2,Night,9.234,93.068,0,E_Red_R,Practice,Expected,Red,Left,102.302,93.362,0.288,0.868,1890.314,,59.56,0,,-1,-1,,-1
2,Night,9.234,93.175,0,E_Red_R,Practice,Expected,Red,Left,102.409,93.469,0.281,0.868,1893.153,,59.545,0,,-1,-1,,-1
2,Night,9.234,93.269,0,E_Red_R,Practice,Expected,Red,Left,102.503,93.563,0.276,0.868,1895.657,,59.533,0,,-1,-1,,-1
2,Night,9.234,93.378,0,E_Red_R,Practice,Expected,Red,Left,102.612,93.672,0.277,0.868,1898.547,,59.509,0,,-1,-1,,-1
2,Night,9.234,93.473,0,E_Red_R,Practice,Expected,Red,Left,102.707,93.767,0.288,0.868,1901.06,,59.493,0,,-1,-1,,-1
2,Night,9.234,93.567,0,E_Red_R,Practice,Expected,Red,Left,102.802,93.862,0.302,0.868,1903.605,,59.482,0,,-1,-1,,-1
2,Night,9.234,93.673,0,E_Red_R,Practice,Expected,Red,Left,102.907,93.967,0.324,0.868,1906.396,,59.465,0,,-1,-1,,-1
2,Night,9.234,93.768,0,E_Red_R,Practice,Expected,Red,Left,103.002,94.062,0.35,0.868,1908.925,,59.452,0,,-1,-1,,-1
2,Night,9.234,93.876,0,E_Red_R,Practice,Expected,Red,Left,103.11,94.17,0.381,0.868,1911.763,,59.431,0,,-1,-1,,-1
2,Night,9.234,93.98,0,E_Red_R,Practice,Expected,Red,Left,103.214,94.274,0.408,0.868,1914.495,,59.416,0,,-1,-1,,-1
2,Night,9.234,94.075,0,E_Red_R,Practice,Expected,Red,Left,103.309,94.369,0.437,0.868,1917.066,,59.402,0,,-1,-1,,-1
2,Night,9.234,94.166,0,E_Red_R,Practice,Expected,Red,Left,103.4,94.46,0.465,0.868,1919.508,,59.391,0,,-1,-1,,-1
2,Night,9.234,94.272,0,E_Red_R,Practice,Expected,Red,Left,103.506,94.566,0.496,0.868,1922.291,,59.375,0,,-1,-1,,-1
2,Night,9.234,94.376,0,E_Red_R,Practice,Expected,Red,Left,103.611,94.67,0.525,0.868,1925.074,,59.362,0,,-1,-1,,-1
2,Night,9.234,94.472,0,E_Red_R,Practice,Expected,Red,Left,103.706,94.766,0.549,0.868,1927.598,,59.348,0,,-1,-1,,-1
2,Night,9.234,94.566,0,E_Red_R,Practice,Expected,Red,Left,103.801,94.86,0.57,0.868,1930.134,,59.34,0,,-1,-1,,-1
2,Night,9.234,94.675,0,E_Red_R,Practice,Expected,Red,Left,103.909,94.969,0.591,0.868,1932.985,,59.385,0,,-1,-1,,-1
2,Night,9.234,94.767,0,E_Red_R,Practice,Expected,Red,Left,104.001,95.061,0.606,0.868,1935.421,,59.391,0,,-1,-1,,-1
2,Night,9.234,94.876,0,E_Red_R,Practice,Expected,Red,Left,104.11,95.17,0.623,0.868,1938.322,,59.38,0,,-1,-1,,-1
2,Night,9.234,94.971,0,E_Red_R,Practice,Expected,Red,Left,104.205,95.265,0.639,0.868,1940.853,,59.368,0,,-1,-1,,-1
2,Night,9.234,95.067,0,E_Red_R,Practice,Expected,Red,Left,104.301,95.361,0.654,0.868,1943.412,,59.357,0,,-1,-1,,-1
2,Night,9.234,95.173,0,E_Red_R,Practice,Expected,Red,Left,104.407,95.467,0.67,0.868,1946.221,,59.342,0,,-1,-1,,-1
2,Night,9.234,95.268,0,E_Red_R,Practice,Expected,Red,Left,104.502,95.562,0.685,0.868,1948.757,,59.331,0,,-1,-1,,-1
2,Night,9.234,95.375,0,E_Red_R,Practice,Expected,Red,Left,104.609,95.669,0.703,0.868,1951.567,,59.315,0,,-1,-1,,-1
2,Night,9.234,95.47,0,E_Red_R,Practice,Expected,Red,Left,104.704,95.764,0.72,0.868,1954.092,,59.302,0,,-1,-1,,-1
2,Night,9.234,95.575,0,E_Red_R,Practice,Expected,Red,Left,104.809,95.869,0.74,0.868,1956.862,,59.288,0,,-1,-1,,-1
2,Night,9.234,95.671,0,E_Red_R,Practice,Expected,Red,Left,104.905,95.965,0.76,0.868,1959.428,,59.275,0,,-1,-1,,-1
2,Night,9.234,95.775,0,E_Red_R,Practice,Expected,Red,Left,105.009,96.069,0.783,0.868,1962.174,,59.261,0,,-1,-1,,-1
2,Night,9.234,95.89,0,E_Red_R,Practice,Expected,Red,Left,105.124,96.184,0.809,0.868,1965.202,,59.246,0,,-1,-1,,-1
2,Night,9.234,95.975,0,E_Red_R,Practice,Expected,Red,Left,105.209,96.269,0.83,0.868,1967.455,,59.235,0,,-1,-1,,-1
2,Night,9.234,96.07,0,E_Red_R,Practice,Expected,Red,Left,105.304,96.364,0.853,0.868,1969.979,,59.221,0,,-1,-1,,-1
2,Night,9.234,96.166,0,E_Red_R,Practice,Expected,Red,Left,105.4,96.46,0.878,0.868,1972.536,,59.21,0,,-1,-1,,-1
2,Night,9.234,96.271,0,E_Red_R,Practice,Expected,Red,Left,105.505,96.565,0.906,0.868,1975.317,,59.195,0,,-1,-1,,-1
2,Night,9.234,96.367,0,E_Red_R,Practice,Expected,Red,Left,105.601,96.661,0.931,0.868,1977.863,,59.182,0,,-1,-1,,-1
2,Night,9.234,96.475,0,E_Red_R,Practice,Expected,Red,Left,105.709,96.769,0.953,0.868,1980.692,,59.165,0,,-1,-1,,-1
2,Night,9.234,96.569,0,E_Red_R,Practice,Expected,Red,Left,105.803,96.863,0.972,0.868,1983.198,,59.154,0,,-1,-1,,-1
2,Night,9.234,96.675,0,E_Red_R,Practice,Expected,Red,Left,105.909,96.969,0.992,0.868,1985.985,,59.138,0,,-1,-1,,-1
2,Night,9.234,96.774,0,E_Red_R,Practice,Expected,Red,Left,106.008,97.068,1.009,0.868,1988.597,,59.125,0,,-1,-1,,-1
2,Night,9.234,96.868,0,E_Red_R,Practice,Expected,Red,Left,106.102,97.162,1.022,0.868,1991.099,,59.114,0,,-1,-1,,-1
2,Night,9.234,96.972,0,E_Red_R,Practice,Expected,Red,Left,106.206,97.266,1.034,0.868,1993.843,,59.098,0,,-1,-1,,-1
2,Night,9.234,97.07,0,E_Red_R,Practice,Expected,Red,Left,106.304,97.364,1.042,0.868,1996.423,,59.084,0,,-1,-1,,-1
2,Night,9.234,97.174,0,E_Red_R,Practice,Expected,Red,Left,106.408,97.468,1.048,0.868,1999.161,,59.071,0,,-1,-1,,-1
2,Night,9.234,97.271,0,E_Red_R,Practice,Expected,Red,Left,106.505,97.565,1.052,0.868,2001.726,,59.057,0,,-1,-1,,-1
2,Night,9.234,97.376,0,E_Red_R,Practice,Expected,Red,Left,106.61,97.67,1.054,0.868,2004.514,,59.044,0,,-1,-1,,-1
2,Night,9.234,97.47,0,E_Red_R,Practice,Expected,Red,Left,106.704,97.764,1.054,0.868,2006.98,,59.03,0,,-1,-1,,-1
2,Night,9.234,97.567,0,E_Red_R,Practice,Expected,Red,Left,106.801,97.861,1.052,0.868,2009.57,,59.019,0,,-1,-1,,-1
2,Night,9.234,97.674,0,E_Red_R,Practice,Expected,Red,Left,106.908,97.968,1.049,0.868,2012.361,,59.004,0,,-1,-1,,-1
2,Night,9.234,97.768,0,E_Red_R,Practice,Expected,Red,Left,107.002,98.062,1.046,0.868,2014.854,,58.993,0,,-1,-1,,-1
2,Night,9.234,97.876,0,E_Red_R,Practice,Expected,Red,Left,107.11,98.17,1.04,0.868,2017.703,,58.977,0,,-1,-1,,-1
2,Night,9.234,97.971,0,E_Red_R,Practice,Expected,Red,Left,107.205,98.265,1.035,0.868,2020.19,,58.964,0,,-1,-1,,-1
2,Night,9.234,98.075,0,E_Red_R,Practice,Expected,Red,Left,107.309,98.369,1.028,0.868,2022.949,,58.951,0,,-1,-1,,-1
2,Night,9.234,98.172,0,E_Red_R,Practice,Expected,Red,Left,107.406,98.466,1.021,0.868,2025.48,,58.937,0,,-1,-1,,-1
2,Night,9.234,98.266,0,E_Red_R,Practice,Expected,Red,Left,107.5,98.56,1.014,0.868,2027.986,,58.926,0,,-1,-1,,-1
2,Night,9.234,98.374,0,E_Red_R,Practice,Expected,Red,Left,107.608,98.668,1.005,0.868,2030.813,,58.911,0,,-1,-1,,-1
2,Night,9.234,98.467,0,E_Red_R,Practice,Expected,Red,Left,107.701,98.761,0.997,0.868,2033.299,,58.9,0,,-1,-1,,-1
2,Night,9.234,98.574,0,E_Red_R,Practice,Expected,Red,Left,107.808,98.868,0.988,0.868,2036.079,,58.884,0,,-1,-1,,-1
2,Night,9.234,98.673,0,E_Red_R,Practice,Expected,Red,Left,107.907,98.967,0.977,0.868,2038.699,,58.869,0,,-1,-1,,-1
2,Night,9.234,98.768,0,E_Red_R,Practice,Expected,Red,Left,108.002,99.062,0.963,0.868,2041.222,,58.858,0,,-1,-1,,-1
2,Night,9.234,98.875,0,E_Red_R,Practice,Expected,Red,Left,108.109,99.169,0.946,0.868,2044.015,,58.842,0,,-1,-1,,-1
2,Night,9.234,98.97,0,E_Red_R,Practice,Expected,Red,Left,108.204,99.264,0.929,0.868,2046.516,,58.829,0,,-1,-1,,-1
2,Night,9.234,99.075,0,E_Red_R,Practice,Expected,Red,Left,108.309,99.369,0.909,0.868,2049.27,,58.815,0,,-1,-1,,-1
2,Night,9.234,99.171,0,E_Red_R,Practice,Expected,Red,Left,108.405,99.465,0.888,0.868,2051.762,,58.802,0,,-1,-1,,-1
2,Night,9.234,99.267,0,E_Red_R,Practice,Expected,Red,Left,108.501,99.561,0.864,0.868,2054.332,,58.82,0,,-1,-1,,-1
2,Night,9.234,99.365,0,E_Red_R,Practice,Expected,Red,Left,108.599,99.659,0.837,0.868,2056.917,,58.968,0,,-1,-1,,-1
2,Night,9.234,99.481,0,E_Red_R,Practice,Expected,Red,Left,108.715,99.775,0.804,0.868,2059.953,,59.116,0,,-1,-1,,-1
2,Night,9.234,99.57,0,E_Red_R,Practice,Expected,Red,Left,108.804,99.864,0.776,0.868,2062.308,,59.137,0,,-1,-1,,-1
2,Night,9.234,99.665,0,E_Red_R,Practice,Expected,Red,Left,108.899,99.959,0.734,0.868,2064.841,,59.124,0,,-1,-1,,-1
2,Night,9.234,99.771,0,E_Red_R,Practice,Expected,Red,Left,109.005,100.065,0.681,0.868,2067.624,,59.111,0,,-1,-1,,-1
2,Night,9.234,99.867,0,E_Red_R,Practice,Expected,Red,Left,109.101,100.161,0.628,0.868,2070.177,,59.1,0,,-1,-1,,-1
2,Night,9.234,99.975,0,E_Red_R,Practice,Expected,Red,Left,109.209,100.269,0.562,0.868,2073.01,,59.083,0,,-1,-1,,-1
2,Night,9.234,100.074,0,E_Red_R,Practice,Expected,Red,Left,109.308,100.368,0.499,0.868,2075.615,,59.065,0,,-1,-1,,-1
2,Night,9.234,100.167,0,E_Red_R,Practice,Expected,Red,Left,109.401,100.461,0.438,0.868,2078.096,,59.053,0,,-1,-1,,-1
2,Night,9.234,100.272,0,E_Red_R,Practice,Expected,Red,Left,109.506,100.566,0.365,0.868,2080.851,,59.037,0,,-1,-1,,-1
2,Night,9.234,100.371,0,E_Red_R,Practice,Expected,Red,Left,109.605,100.665,0.293,0.868,2083.464,,59.023,0,,-1,-1,,-1
2,Night,9.234,100.474,0,E_Red_R,Practice,Expected,Red,Left,109.708,100.768,0.216,0.868,2086.168,,59.01,0,,-1,-1,,-1
2,Night,9.234,100.568,0,E_Red_R,Practice,Expected,Red,Left,109.802,100.862,0.145,0.868,2088.665,,58.999,0,,-1,-1,,-1
2,Night,9.234,100.677,0,E_Red_R,Practice,Expected,Red,Left,109.911,100.971,0.065,0.868,2091.51,,58.983,0,,-1,-1,,-1
2,Night,9.234,100.77,0,E_Red_R,Practice,Expected,Red,Left,110.004,101.064,-0.005,0.868,2093.988,,58.97,0,,-1,-1,,-1
2,Night,9.234,100.876,0,E_Red_R,Practice,Expected,Red,Left,110.11,101.17,-0.082,0.868,2096.769,,58.957,0,,-1,-1,,-1
2,Night,9.234,100.971,0,E_Red_R,Practice,Expected,Red,Left,110.205,101.265,-0.15,0.868,2099.258,,58.943,0,,-1,-1,,-1
2,Night,9.234,101.076,0,E_Red_R,Practice,Expected,Red,Left,110.31,101.37,-0.219,0.868,2102.049,,58.923,0,,-1,-1,,-1
2,Night,9.234,101.173,0,E_Red_R,Practice,Expected,Red,Left,110.407,101.467,-0.276,0.868,2104.597,,58.909,0,,-1,-1,,-1
2,Night,9.234,101.276,0,E_Red_R,Practice,Expected,Red,Left,110.51,101.57,-0.334,0.868,2107.303,,58.895,0,,-1,-1,,-1
2,Night,9.234,101.375,0,E_Red_R,Practice,Expected,Red,Left,110.609,101.669,-0.384,0.868,2109.897,,58.878,0,,-1,-1,,-1
2,Night,9.234,101.472,0,E_Red_R,Practice,Expected,Red,Left,110.706,101.766,-0.424,0.868,2112.456,,58.863,0,,-1,-1,,-1
2,Night,9.234,101.575,0,E_Red_R,Practice,Expected,Red,Left,110.809,101.869,-0.46,0.868,2115.165,,58.848,0,,-1,-1,,-1
2,Night,9.234,101.668,0,E_Red_R,Practice,Expected,Red,Left,110.902,101.962,-0.487,0.868,2117.643,,58.836,0,,-1,-1,,-1
2,Night,9.234,101.773,0,E_Red_R,Practice,Expected,Red,Left,111.007,102.067,-0.51,0.868,2120.376,,58.819,0,,-1,-1,,-1
2,Night,9.234,101.868,0,E_Red_R,Practice,Expected,Red,Left,111.102,102.162,-0.524,0.868,2122.89,,58.806,0,,-1,-1,,-1
2,Night,9.234,101.975,0,E_Red_R,Practice,Expected,Red,Left,111.209,102.269,-0.533,0.868,2125.696,,58.79,0,,-1,-1,,-1
2,Night,9.234,102.07,0,E_Red_R,Practice,Expected,Red,Left,111.304,102.364,-0.536,0.868,2128.18,,58.775,0,,-1,-1,,-1
2,Night,9.234,102.167,0,E_Red_R,Practice,Expected,Red,Left,111.401,102.461,-0.535,0.868,2130.759,,58.763,0,,-1,-1,,-1
2,Night,9.234,102.273,0,E_Red_R,Practice,Expected,Red,Left,111.507,102.567,-0.534,0.868,2133.528,,58.747,0,,-1,-1,,-1
2,Night,9.234,102.368,0,E_Red_R,Practice,Expected,Red,Left,111.602,102.662,-0.529,0.868,2136.038,,58.735,0,,-1,-1,,-1
2,Night,9.234,102.475,0,E_Red_R,Practice,Expected,Red,Left,111.709,102.769,-0.523,0.868,2138.812,,58.72,0,,-1,-1,,-1
2,Night,9.234,102.571,0,E_Red_R,Practice,Expected,Red,Left,111.805,102.865,-0.516,0.868,2141.351,,58.707,0,,-1,-1,,-1
2,Night,9.234,102.667,0,E_Red_R,Practice,Expected,Red,Left,111.901,102.961,-0.505,0.868,2143.889,,58.692,0,,-1,-1,,-1
2,Night,9.234,102.77,0,E_Red_R,Practice,Expected,Red,Left,112.004,103.064,-0.49,0.868,2146.563,,58.676,0,,-1,-1,,-1
2,Night,9.234,102.876,0,E_Red_R,Practice,Expected,Red,Left,112.11,103.17,-0.474,0.868,2149.342,,58.663,0,,-1,-1,,-1
2,Night,9.234,102.971,0,E_Red_R,Practice,Expected,Red,Left,112.205,103.265,-0.457,0.868,2151.826,,58.65,0,,-1,-1,,-1
2,Night,9.234,103.076,0,E_Red_R,Practice,Expected,Red,Left,112.31,103.37,-0.437,0.868,2154.582,,58.636,0,,-1,-1,,-1
2,Night,9.234,103.175,0,E_Red_R,Practice,Expected,Red,Left,112.409,103.469,-0.423,0.868,2157.181,,58.61,0,,-1,-1,,-1
2,Night,9.234,103.268,0,E_Red_R,Practice,Expected,Red,Left,112.502,103.562,-0.418,0.868,2159.629,,58.598,0,,-1,-1,,-1
2,Night,9.234,103.372,0,E_Red_R,Practice,Expected,Red,Left,112.606,103.666,-0.415,0.868,2162.346,,58.582,0,,-1,-1,,-1
2,Night,9.234,103.473,0,E_Red_R,Practice,Expected,Red,Left,112.707,103.767,-0.415,0.868,2164.967,,58.586,0,,-1,-1,,-1
2,Night,9.234,103.571,0,E_Red_R,Practice,Expected,Red,Left,112.805,103.865,-0.421,0.868,2167.55,,58.715,0,,-1,-1,,-1
2,Night,9.234,103.666,0,E_Red_R,Practice,Expected,Red,Left,112.9,103.96,-0.434,0.868,2170.079,,58.876,0,,-1,-1,,-1
2,Night,9.234,103.77,0,E_Red_R,Practice,Expected,Red,Left,113.004,104.064,-0.455,0.868,2172.789,,58.971,0,,-1,-1,,-1
2,Night,9.234,103.874,0,E_Red_R,Practice,Expected,Red,Left,113.108,104.168,-0.483,0.868,2175.526,,58.978,0,,-1,-1,,-1
2,Night,9.234,103.976,0,E_Red_R,Practice,Expected,Red,Left,113.21,104.27,-0.512,0.868,2178.215,,58.963,0,,-1,-1,,-1
2,Night,9.234,104.07,0,E_Red_R,Practice,Expected,Red,Left,113.304,104.364,-0.535,0.868,2180.691,,58.95,0,,-1,-1,,-1
2,Night,9.234,104.175,0,E_Red_R,Practice,Expected,Red,Left,113.409,104.469,-0.562,0.868,2183.475,,58.937,0,,-1,-1,,-1
2,Night,9.234,104.268,0,E_Red_R,Practice,Expected,Red,Left,113.502,104.562,-0.586,0.868,2185.936,,58.926,0,,-1,-1,,-1
2,Night,9.234,104.372,0,E_Red_R,Practice,Expected,Red,Left,113.606,104.666,-0.61,0.868,2188.668,,58.91,0,,-1,-1,,-1
2,Night,9.234,104.476,0,E_Red_R,Practice,Expected,Red,Left,113.71,104.77,-0.631,0.868,2191.394,,58.896,0,,-1,-1,,-1
2,Night,9.234,104.574,0,E_Red_R,Practice,Expected,Red,Left,113.808,104.868,-0.646,0.868,2193.981,,58.882,0,,-1,-1,,-1
2,Night,9.234,104.666,0,E_Red_R,Practice,Expected,Red,Left,113.9,104.96,-0.657,0.868,2196.406,,58.871,0,,-1,-1,,-1
2,Night,9.234,104.781,0,E_Red_R,Practice,Expected,Red,Left,114.015,105.075,-0.665,0.868,2199.432,,58.855,0,,-1,-1,,-1
2,Night,9.234,104.866,0,E_Red_R,Practice,Expected,Red,Left,114.1,105.16,-0.668,0.868,2201.666,,58.843,0,,-1,-1,,-1
2,Night,9.234,104.97,0,E_Red_R,Practice,Expected,Red,Left,114.204,105.264,-0.669,0.868,2204.403,,58.828,0,,-1,-1,,-1
2,Night,9.234,105.073,0,E_Red_R,Practice,Expected,Red,Left,114.307,105.367,-0.666,0.868,2207.114,,58.814,0,,-1,-1,,-1
2,Night,9.234,105.168,0,E_Red_R,Practice,Expected,Red,Left,114.402,105.462,-0.66,0.868,2209.608,,58.803,0,,-1,-1,,-1
2,Night,9.234,105.274,0,E_Red_R,Practice,Expected,Red,Left,114.508,105.568,-0.652,0.868,2212.374,,58.787,0,,-1,-1,,-1
2,Night,9.234,105.368,0,E_Red_R,Practice,Expected,Red,Left,114.602,105.662,-0.643,0.868,2214.883,,58.781,0,,-1,-1,,-1
2,Night,9.234,105.474,0,E_Red_R,Practice,Expected,Red,Left,114.708,105.768,-0.631,0.868,2217.644,,58.899,0,,-1,-1,,-1
2,Night,9.234,105.568,0,E_Red_R,Practice,Expected,Red,Left,114.802,105.862,-0.618,0.868,2220.133,,59.129,0,,-1,-1,,-1
2,Night,9.234,105.673,0,E_Red_R,Practice,Expected,Red,Left,114.907,105.967,-0.603,0.868,2222.918,,59.453,0,,-1,-1,,-1
2,Night,9.234,105.766,0,E_Red_R,Practice,Expected,Red,Left,115,106.06,-0.589,0.868,2225.389,,59.566,0,,-1,-1,,-1
2,Night,9.234,105.88,0,E_Red_R,Practice,Expected,Red,Left,115.114,106.174,-0.571,0.868,2228.403,,59.6,0,,-1,-1,,-1
2,Night,9.234,105.974,0,E_Red_R,Practice,Expected,Red,Left,115.208,106.268,-0.555,0.868,2230.918,,59.596,0,,-1,-1,,-1
2,Night,9.234,106.071,0,E_Red_R,Practice,Expected,Red,Left,115.305,106.365,-0.538,0.868,2233.484,,59.586,0,,-1,-1,,-1
2,Night,9.234,106.175,0,E_Red_R,Practice,Expected,Red,Left,115.409,106.469,-0.519,0.868,2236.274,,59.573,0,,-1,-1,,-1
2,Night,9.234,106.268,0,E_Red_R,Practice,Expected,Red,Left,115.502,106.562,-0.502,0.868,2238.765,,59.562,0,,-1,-1,,-1
2,Night,9.234,106.372,0,E_Red_R,Practice,Expected,Red,Left,115.606,106.666,-0.482,0.868,2241.527,,59.546,0,,-1,-1,,-1
2,Night,9.234,106.468,0,E_Red_R,Practice,Expected,Red,Left,115.702,106.762,-0.464,0.868,2244.087,,59.535,0,,-1,-1,,-1
2,Night,9.234,106.575,0,E_Red_R,Practice,Expected,Red,Left,115.809,106.869,-0.443,0.868,2246.923,,59.52,0,,-1,-1,,-1
2,Night,9.234,106.668,0,E_Red_R,Practice,Expected,Red,Left,115.902,106.962,-0.425,0.868,2249.394,,59.508,0,,-1,-1,,-1
2,Night,9.234,106.765,0,E_Red_R,Practice,Expected,Red,Left,115.999,107.059,-0.406,0.868,2252.001,,59.495,0,,-1,-1,,-1
2,Night,9.234,106.868,0,E_Red_R,Practice,Expected,Red,Left,116.102,107.162,-0.386,0.868,2254.748,,59.482,0,,-1,-1,,-1
2,Night,9.234,106.982,0,E_Red_R,Practice,Expected,Red,Left,116.216,107.276,-0.364,0.868,2257.741,,59.466,0,,-1,-1,,-1
2,Night,9.234,107.069,0,E_Red_R,Practice,Expected,Red,Left,116.303,107.363,-0.347,0.868,2260.072,,59.455,0,,-1,-1,,-1
2,Night,9.234,107.174,0,E_Red_R,Practice,Expected,Red,Left,116.408,107.468,-0.326,0.868,2262.842,,59.439,0,,-1,-1,,-1
2,Night,9.234,107.271,0,E_Red_R,Practice,Expected,Red,Left,116.505,107.565,-0.307,0.868,2265.419,,59.426,0,,-1,-1,,-1
2,Night,9.234,107.376,0,E_Red_R,Practice,Expected,Red,Left,116.61,107.67,-0.286,0.868,2268.218,,59.413,0,,-1,-1,,-1
2,Night,9.234,107.468,0,E_Red_R,Practice,Expected,Red,Left,116.702,107.762,-0.267,0.868,2270.67,,59.401,0,,-1,-1,,-1
2,Night,9.234,107.566,0,E_Red_R,Practice,Expected,Red,Left,116.8,107.86,-0.247,0.868,2273.288,,59.388,0,,-1,-1,,-1
2,Night,9.234,107.67,0,E_Red_R,Practice,Expected,Red,Left,116.904,107.964,-0.227,0.868,2276.013,,59.373,0,,-1,-1,,-1
2,Night,9.234,107.776,0,E_Red_R,Practice,Expected,Red,Left,117.01,108.07,-0.206,0.868,2278.83,,59.359,0,,-1,-1,,-1
2,Night,9.234,107.871,0,E_Red_R,Practice,Expected,Red,Left,117.105,108.165,-0.187,0.868,2281.348,,59.346,0,,-1,-1,,-1
2,Night,9.234,107.975,0,E_Red_R,Practice,Expected,Red,Left,117.209,108.269,-0.166,0.868,2284.116,,59.333,0,,-1,-1,,-1
2,Night,9.234,108.077,0,E_Red_R,Practice,Expected,Red,Left,117.311,108.371,-0.145,0.868,2286.818,,59.319,0,,-1,-1,,-1
2,Night,9.234,108.173,0,E_Red_R,Practice,Expected,Red,Left,117.407,108.467,-0.126,0.868,2289.358,,59.306,0,,-1,-1,,-1
2,Night,9.234,108.267,0,E_Red_R,Practice,Expected,Red,Left,117.501,108.561,-0.107,0.868,2291.883,,59.295,0,,-1,-1,,-1
2,Night,9.234,108.382,0,E_Red_R,Practice,Expected,Red,Left,117.616,108.676,-0.084,0.868,2294.914,,59.279,0,,-1,-1,,-1
2,Night,9.234,108.467,0,E_Red_R,Practice,Expected,Red,Left,117.701,108.761,-0.067,0.868,2297.17,,59.268,0,,-1,-1,,-1
2,Night,9.234,108.573,0,E_Red_R,Practice,Expected,Red,Left,117.807,108.867,-0.046,0.868,2299.973,,59.252,0,,-1,-1,,-1
2,Night,9.234,108.668,0,E_Red_R,Practice,Expected,Red,Left,117.902,108.962,-0.027,0.868,2302.508,,59.241,0,,-1,-1,,-1
2,Night,9.234,108.773,0,E_Red_R,Practice,Expected,Red,Left,118.007,109.067,-0.006,0.868,2305.267,,59.226,0,,-1,-1,,-1
2,Night,9.234,108.869,0,E_Red_R,Practice,Expected,Red,Left,118.103,109.163,0.014,0.868,2307.815,,59.215,0,,-1,-1,,-1
2,Night,9.234,108.976,0,E_Red_R,Practice,Expected,Red,Left,118.21,109.27,0.035,0.868,2310.621,,59.199,0,,-1,-1,,-1
2,Night,9.234,109.072,0,E_Red_R,Practice,Expected,Red,Left,118.306,109.366,0.054,0.868,2313.176,,59.244,0,,-1,-1,,-1
2,Night,9.234,109.167,0,E_Red_R,Practice,Expected,Red,Left,118.401,109.461,0.073,0.868,2315.704,,59.371,0,,-1,-1,,-1
2,Night,9.234,109.272,0,E_Red_R,Practice,Expected,Red,Left,118.506,109.566,0.094,0.868,2318.478,,59.471,0,,-1,-1,,-1
2,Night,9.234,109.366,0,E_Red_R,Practice,Expected,Red,Left,118.6,109.66,0.114,0.868,2321.007,,59.481,0,,-1,-1,,-1
2,Night,9.234,109.483,0,E_Red_R,Practice,Expected,Red,Left,118.717,109.777,0.137,0.868,2324.085,,59.474,0,,-1,-1,,-1
2,Night,9.234,109.568,0,E_Red_R,Practice,Expected,Red,Left,118.802,109.862,0.154,0.868,2326.379,,59.464,0,,-1,-1,,-1
2,Night,9.234,109.673,0,E_Red_R,Practice,Expected,Red,Left,118.907,109.967,0.175,0.868,2329.151,,59.449,0,,-1,-1,,-1
2,Night,9.234,109.767,0,E_Red_R,Practice,Expected,Red,Left,119.001,110.061,0.194,0.868,2331.673,,59.438,0,,-1,-1,,-1
2,Night,9.234,109.874,0,E_Red_R,Practice,Expected,Red,Left,119.108,110.168,0.216,0.868,2334.483,,59.423,0,,-1,-1,,-1
2,Night,9.234,109.967,0,E_Red_R,Practice,Expected,Red,Left,119.201,110.261,0.235,0.868,2336.985,,59.412,0,,-1,-1,,-1
2,Night,9.234,110.074,0,E_Red_R,Practice,Expected,Red,Left,119.308,110.368,0.256,0.868,2339.794,,59.396,0,,-1,-1,,-1
2,Night,9.234,110.171,0,E_Red_R,Practice,Expected,Red,Left,119.405,110.465,0.275,0.868,2342.381,,59.383,0,,-1,-1,,-1
2,Night,9.234,110.275,0,E_Red_R,Practice,Expected,Red,Left,119.509,110.569,0.296,0.868,2345.127,,59.369,0,,-1,-1,,-1
2,Night,9.234,110.37,0,E_Red_R,Practice,Expected,Red,Left,119.604,110.664,0.315,0.868,2347.657,,59.356,0,,-1,-1,,-1
2,Night,9.234,110.474,0,E_Red_R,Practice,Expected,Red,Left,119.708,110.768,0.336,0.868,2350.415,,59.343,0,,-1,-1,,-1
2,Night,9.234,110.574,0,E_Red_R,Practice,Expected,Red,Left,119.808,110.868,0.356,0.868,2353.065,,59.348,0,,-1,-1,,-1
2,Night,9.234,110.67,0,E_Red_R,Practice,Expected,Red,Left,119.904,110.964,0.376,0.868,2355.621,,59.356,0,,-1,-1,,-1
2,Night,9.234,110.774,0,E_Red_R,Practice,Expected,Red,Left,120.008,111.068,0.397,0.868,2358.375,,59.348,0,,-1,-1,,-1
2,Night,9.234,110.871,0,E_Red_R,Practice,Expected,Red,Left,120.105,111.165,0.416,0.868,2360.931,,59.336,0,,-1,-1,,-1
2,Night,9.234,110.974,0,E_Red_R,Practice,Expected,Red,Left,120.208,111.268,0.437,0.868,2363.67,,59.323,0,,-1,-1,,-1
2,Night,9.234,111.066,0,E_Red_R,Practice,Expected,Red,Left,120.3,111.36,0.455,0.868,2366.131,,59.312,0,,-1,-1,,-1
2,Night,9.234,111.175,0,E_Red_R,Practice,Expected,Red,Left,120.409,111.469,0.477,0.868,2369.012,,59.296,0,,-1,-1,,-1
2,Night,9.234,111.268,0,E_Red_R,Practice,Expected,Red,Left,120.502,111.562,0.496,0.868,2371.48,,59.285,0,,-1,-1,,-1
2,Night,9.234,111.375,0,E_Red_R,Practice,Expected,Red,Left,120.609,111.669,0.517,0.868,2374.294,,59.291,0,,-1,-1,,-1
2,Night,9.234,111.471,0,E_Red_R,Practice,Expected,Red,Left,120.705,111.765,0.537,0.868,2376.848,,59.424,0,,-1,-1,,-1
2,Night,9.234,111.566,0,E_Red_R,Practice,Expected,Red,Left,120.8,111.86,0.556,0.868,2379.403,,59.553,0,,-1,-1,,-1
2,Night,9.234,111.681,0,E_Red_R,Practice,Expected,Red,Left,120.915,111.975,0.579,0.868,2382.453,,59.609,0,,-1,-1,,-1
2,Night,9.234,111.767,0,E_Red_R,Practice,Expected,Red,Left,121.001,112.061,0.596,0.868,2384.756,,59.611,0,,-1,-1,,-1
2,Night,9.234,111.872,0,E_Red_R,Practice,Expected,Red,Left,121.106,112.166,0.618,0.868,2387.535,,59.6,0,,-1,-1,,-1
2,Night,9.234,111.968,0,E_Red_R,Practice,Expected,Red,Left,121.202,112.262,0.637,0.868,2390.109,,59.59,0,,-1,-1,,-1
2,Night,9.234,112.074,0,E_Red_R,Practice,Expected,Red,Left,121.308,112.368,0.658,0.868,2392.906,,59.574,0,,-1,-1,,-1
2,Night,9.234,112.167,0,E_Red_R,Practice,Expected,Red,Left,121.401,112.461,0.677,0.868,2395.401,,59.563,0,,-1,-1,,-1
2,Night,9.234,112.266,0,E_Red_R,Practice,Expected,Red,Left,121.5,112.56,0.695,0.868,2398.045,,59.546,0,,-1,-1,,-1
2,Night,9.234,112.372,0,E_Red_R,Practice,Expected,Red,Left,121.606,112.666,0.705,0.868,2400.851,,59.527,0,,-1,-1,,-1
2,Night,9.234,112.477,0,E_Red_R,Practice,Expected,Red,Left,121.711,112.771,0.713,0.868,2403.653,,59.513,0,,-1,-1,,-1
2,Night,9.234,112.573,0,E_Red_R,Practice,Expected,Red,Left,121.807,112.867,0.716,0.868,2406.183,,59.499,0,,-1,-1,,-1
2,Night,9.234,112.666,0,E_Red_R,Practice,Expected,Red,Left,121.9,112.96,0.716,0.868,2408.689,,59.488,0,,-1,-1,,-1
2,Night,9.234,112.773,0,E_Red_R,Practice,Expected,Red,Left,122.007,113.067,0.71,0.868,2411.519,,59.471,0,,-1,-1,,-1
2,Night,9.234,112.866,0,E_Red_R,Practice,Expected,Red,Left,122.1,113.16,0.7,0.868,2414.012,,59.459,0,,-1,-1,,-1
2,Night,9.234,112.973,0,E_Red_R,Practice,Expected,Red,Left,122.207,113.267,0.684,0.868,2416.822,,59.443,0,,-1,-1,,-1
2,Night,9.234,113.068,0,E_Red_R,Practice,Expected,Red,Left,122.302,113.362,0.665,0.868,2419.382,,59.431,0,,-1,-1,,-1
2,Night,9.234,113.173,0,E_Red_R,Practice,Expected,Red,Left,122.407,113.467,0.64,0.868,2422.151,,59.415,0,,-1,-1,,-1
2,Night,9.234,113.27,0,E_Red_R,Practice,Expected,Red,Left,122.504,113.564,0.615,0.868,2424.709,,59.399,0,,-1,-1,,-1
2,Night,9.234,113.365,0,E_Red_R,Practice,Expected,Red,Left,122.599,113.659,0.594,0.868,2427.263,,59.386,0,,-1,-1,,-1
2,Night,9.234,113.471,0,E_Red_R,Practice,Expected,Red,Left,122.705,113.765,0.571,0.868,2430.063,,59.37,0,,-1,-1,,-1
2,Night,9.234,113.566,0,E_Red_R,Practice,Expected,Red,Left,122.8,113.86,0.55,0.868,2432.605,,59.359,0,,-1,-1,,-1
2,Night,9.234,113.672,0,E_Red_R,Practice,Expected,Red,Left,122.906,113.966,0.529,0.868,2435.387,,59.343,0,,-1,-1,,-1
2,Night,9.234,113.771,0,E_Red_R,Practice,Expected,Red,Left,123.005,114.065,0.507,0.868,2438.016,,59.324,0,,-1,-1,,-1
2,Night,9.234,113.866,0,E_Red_R,Practice,Expected,Red,Left,123.1,114.16,0.483,0.868,2440.538,,59.312,0,,-1,-1,,-1
2,Night,9.234,113.973,0,E_Red_R,Practice,Expected,Red,Left,123.207,114.267,0.457,0.868,2443.369,,59.297,0,,-1,-1,,-1
2,Night,9.234,114.066,0,E_Red_R,Practice,Expected,Red,Left,123.3,114.36,0.433,0.868,2445.842,,59.286,0,,-1,-1,,-1
2,Night,9.234,114.173,0,E_Red_R,Practice,Expected,Red,Left,123.407,114.467,0.405,0.868,2448.661,,59.268,0,,-1,-1,,-1
2,Night,9.234,114.271,0,E_Red_R,Practice,Expected,Red,Left,123.505,114.565,0.383,0.868,2451.256,,59.253,0,,-1,-1,,-1
2,Night,9.234,114.374,0,E_Red_R,Practice,Expected,Red,Left,123.608,114.668,0.358,0.868,2453.995,,59.24,0,,-1,-1,,-1
2,Night,9.234,114.468,0,E_Red_R,Practice,Expected,Red,Left,123.702,114.762,0.335,0.868,2456.488,,59.229,0,,-1,-1,,-1
2,Night,9.234,114.576,0,E_Red_R,Practice,Expected,Red,Left,123.81,114.87,0.308,0.868,2459.326,,59.213,0,,-1,-1,,-1
2,Night,9.234,114.671,0,E_Red_R,Practice,Expected,Red,Left,123.905,114.965,0.286,0.868,2461.843,,59.2,0,,-1,-1,,-1
2,Night,9.234,114.775,0,E_Red_R,Practice,Expected,Red,Left,124.009,115.07,0.262,0.868,2464.611,,59.19,0,,-1,-1,,-1
2,Night,9.234,114.866,0,E_Red_R,Practice,Expected,Red,Left,124.1,115.16,0.243,0.868,2467.042,,59.232,0,,-1,-1,,-1
2,Night,9.234,114.972,0,E_Red_R,Practice,Expected,Red,Left,124.206,115.266,0.221,0.868,2469.818,,59.276,0,,-1,-1,,-1
2,Night,9.234,115.065,0,E_Red_R,Practice,Expected,Red,Left,124.299,115.359,0.204,0.868,2472.31,,59.276,0,,-1,-1,,-1
2,Night,9.234,115.171,0,E_Red_R,Practice,Expected,Red,Left,124.405,115.465,0.185,0.868,2475.084,,59.264,0,,-1,-1,,-1
2,Night,9.234,115.268,0,E_Red_R,Practice,Expected,Red,Left,124.502,115.562,0.168,0.868,2477.694,,59.254,0,,-1,-1,,-1
2,Night,9.234,115.368,0,E_Red_R,Practice,Expected,Red,Left,124.602,115.662,0.159,0.868,2480.334,,59.232,0,,-1,-1,,-1
2,Night,9.234,115.474,0,E_Red_R,Practice,Expected,Red,Left,124.708,115.768,0.157,0.868,2483.124,,59.216,0,,-1,-1,,-1
2,Night,9.234,115.571,0,E_Red_R,Practice,Expected,Red,Left,124.805,115.865,0.158,0.868,2485.7,,59.202,0,,-1,-1,,-1
2,Night,9.234,115.667,0,E_Red_R,Practice,Expected,Red,Left,124.9,115.961,0.164,0.868,2488.232,,59.194,0,,-1,-1,,-1
2,Night,9.234,115.781,0,E_Red_R,Practice,Expected,Red,Left,125.015,116.075,0.178,0.868,2491.253,,59.229,0,,-1,-1,,-1
2,Night,9.234,115.868,0,E_Red_R,Practice,Expected,Red,Left,125.102,116.162,0.194,0.868,2493.58,,59.229,0,,-1,-1,,-1
2,Night,9.234,115.974,0,E_Red_R,Practice,Expected,Red,Left,125.208,116.268,0.218,0.868,2496.365,,59.217,0,,-1,-1,,-1
2,Night,9.234,116.072,0,E_Red_R,Practice,Expected,Red,Left,125.306,116.366,0.247,0.868,2498.938,,59.265,0,,-1,-1,,-1
2,Night,9.234,116.167,0,E_Red_R,Practice,Expected,Red,Left,125.401,116.461,0.279,0.868,2501.49,,59.418,0,,-1,-1,,-1
2,Night,9.234,116.271,0,E_Red_R,Practice,Expected,Red,Left,125.505,116.565,0.319,0.868,2504.247,,59.623,0,,-1,-1,,-1
2,Night,9.234,116.367,0,E_Red_R,Practice,Expected,Red,Left,125.601,116.661,0.36,0.868,2506.809,,59.668,0,,-1,-1,,-1
2,Night,9.234,116.473,0,E_Red_R,Practice,Expected,Red,Left,125.707,116.767,0.407,0.868,2509.624,,59.672,0,,-1,-1,,-1
2,Night,9.234,116.572,0,E_Red_R,Practice,Expected,Red,Left,125.806,116.866,0.443,0.868,2512.253,,59.654,0,,-1,-1,,-1
2,Night,9.234,116.666,0,E_Red_R,Practice,Expected,Red,Left,125.9,116.96,0.475,0.868,2514.781,,59.643,0,,-1,-1,,-1
2,Night,9.234,116.77,0,E_Red_R,Practice,Expected,Red,Left,126.004,117.064,0.508,0.868,2517.55,,59.628,0,,-1,-1,,-1
2,Night,9.234,116.867,0,E_Red_R,Practice,Expected,Red,Left,126.101,117.161,0.534,0.868,2520.159,,59.616,0,,-1,-1,,-1
2,Night,9.234,116.972,0,E_Red_R,Practice,Expected,Red,Left,126.206,117.266,0.557,0.868,2522.914,,59.599,0,,-1,-1,,-1
2,Night,9.234,117.066,0,E_Red_R,Practice,Expected,Red,Left,126.3,117.36,0.571,0.868,2525.461,,59.587,0,,-1,-1,,-1
2,Night,9.234,117.17,0,E_Red_R,Practice,Expected,Red,Left,126.404,117.464,0.581,0.868,2528.207,,59.569,0,,-1,-1,,-1
2,Night,9.234,117.276,0,E_Red_R,Practice,Expected,Red,Left,126.51,117.57,0.583,0.868,2531.024,,59.555,0,,-1,-1,,-1
2,Night,9.234,117.369,0,E_Red_R,Practice,Expected,Red,Left,126.603,117.663,0.581,0.868,2533.504,,59.543,0,,-1,-1,,-1
2,Night,9.234,117.475,0,E_Red_R,Practice,Expected,Red,Left,126.709,117.769,0.573,0.868,2536.328,,59.526,0,,-1,-1,,-1
2,Night,9.234,117.57,0,E_Red_R,Practice,Expected,Red,Left,126.804,117.864,0.561,0.868,2538.837,,59.512,0,,-1,-1,,-1
2,Night,9.234,117.675,0,E_Red_R,Practice,Expected,Red,Left,126.909,117.969,0.545,0.868,2541.621,,59.499,0,,-1,-1,,-1
2,Night,9.234,117.77,0,E_Red_R,Practice,Expected,Red,Left,127.004,118.064,0.526,0.868,2544.162,,59.485,0,,-1,-1,,-1
2,Night,9.234,117.877,0,E_Red_R,Practice,Expected,Red,Left,127.111,118.171,0.503,0.868,2547.013,,59.471,0,,-1,-1,,-1
2,Night,9.234,117.973,0,E_Red_R,Practice,Expected,Red,Left,127.207,118.267,0.479,0.868,2549.572,,59.458,0,,-1,-1,,-1
2,Night,9.234,118.068,0,E_Red_R,Practice,Expected,Red,Left,127.302,118.362,0.454,0.868,2552.098,,59.447,0,,-1,-1,,-1
2,Night,9.234,118.173,0,E_Red_R,Practice,Expected,Red,Left,127.407,118.467,0.425,0.868,2554.869,,59.431,0,,-1,-1,,-1
2,Night,9.234,118.267,0,E_Red_R,Practice,Expected,Red,Left,127.501,118.561,0.397,0.868,2557.406,,59.42,0,,-1,-1,,-1
2,Night,9.234,118.372,0,E_Red_R,Practice,Expected,Red,Left,127.606,118.666,0.365,0.868,2560.171,,59.404,0,,-1,-1,,-1
2,Night,9.234,118.467,0,E_Red_R,Practice,Expected,Red,Left,127.701,118.761,0.335,0.868,2562.674,,59.393,0,,-1,-1,,-1
2,Night,9.234,118.573,0,E_Red_R,Practice,Expected,Red,Left,127.806,118.867,0.301,0.868,2565.486,,59.377,0,,-1,-1,,-1
2,Night,9.234,118.665,0,E_Red_R,Practice,Expected,Red,Left,127.899,118.959,0.27,0.868,2567.963,,59.366,0,,-1,-1,,-1
2,Night,9.234,118.781,0,E_Red_R,Practice,Expected,Red,Left,128.015,119.075,0.233,0.868,2571.024,,59.346,0,,-1,-1,,-1
2,Night,9.234,118.866,0,E_Red_R,Practice,Expected,Red,Left,128.1,119.16,0.213,0.868,2573.295,,59.332,0,,-1,-1,,-1
2,Night,9.234,118.975,0,E_Red_R,Practice,Expected,Red,Left,128.209,119.269,0.189,0.868,2576.158,,59.317,0,,-1,-1,,-1
2,Night,9.234,119.071,0,E_Red_R,Practice,Expected,Red,Left,128.305,119.365,0.17,0.868,2578.719,,59.303,0,,-1,-1,,-1
2,Night,9.234,119.166,0,E_Red_R,Practice,Expected,Red,Left,128.4,119.46,0.155,0.868,2581.237,,59.291,0,,-1,-1,,-1
2,Night,9.234,119.272,0,E_Red_R,Practice,Expected,Red,Left,128.506,119.566,0.141,0.868,2584.048,,59.272,0,,-1,-1,,-1
2,Night,9.234,119.367,0,E_Red_R,Practice,Expected,Red,Left,128.601,119.661,0.124,0.868,2586.585,,59.258,0,,-1,-1,,-1
2,Night,9.234,119.465,0,E_Red_R,Practice,Expected,Red,Left,128.699,119.759,0.108,0.868,2589.17,,59.244,0,,-1,-1,,-1
2,Night,9.234,119.579,0,E_Red_R,Practice,Expected,Red,Left,128.813,119.873,0.091,0.868,2592.181,,59.228,0,,-1,-1,,-1
2,Night,9.234,119.666,0,E_Red_R,Practice,Expected,Red,Left,128.9,119.96,0.076,0.868,2594.493,,59.217,0,,-1,-1,,-1
2,Night,9.234,119.774,0,E_Red_R,Practice,Expected,Red,Left,129.008,120.068,0.06,0.868,2597.317,,59.194,0,,-1,-1,,-1
2,Night,9.234,119.869,0,E_Red_R,Practice,Expected,Red,Left,129.103,120.163,0.052,0.868,2599.851,,59.182,0,,-1,-1,,-1
2,Night,9.234,119.975,0,E_Red_R,Practice,Expected,Red,Left,129.209,120.269,0.043,0.868,2602.649,,59.166,0,,-1,-1,,-1
2,Night,9.234,120.069,0,E_Red_R,Practice,Expected,Red,Left,129.303,120.363,0.036,0.868,2605.147,,59.155,0,,-1,-1,,-1
2,Night,9.234,120.168,0,E_Red_R,Practice,Expected,Red,Left,129.402,120.462,0.025,0.868,2607.782,,59.132,0,,-1,-1,,-1
2,Night,9.234,120.275,0,E_Red_R,Practice,Expected,Red,Left,129.509,120.569,0.002,0.868,2610.574,,59.111,0,,-1,-1,,-1
2,Night,9.234,120.368,0,E_Red_R,Practice,Expected,Red,Left,129.602,120.662,-0.018,0.868,2613.028,,59.1,0,,-1,-1,,-1
2,Night,9.234,120.465,0,E_Red_R,Practice,Expected,Red,Left,129.699,120.759,-0.043,0.868,2615.625,,59.086,0,,-1,-1,,-1
2,Night,9.234,120.57,0,E_Red_R,Practice,Expected,Red,Left,129.804,120.864,-0.073,0.868,2618.379,,59.069,0,,-1,-1,,-1
2,Night,9.234,120.667,0,E_Red_R,Practice,Expected,Red,Left,129.901,120.961,-0.108,0.868,2620.962,,59.089,0,,-1,-1,,-1
2,Night,9.234,120.773,0,E_Red_R,Practice,Expected,Red,Left,130.007,121.067,-0.152,0.868,2623.742,,59.214,0,,-1,-1,,-1
2,Night,9.234,120.877,0,E_Red_R,Practice,Expected,Red,Left,130.111,121.171,-0.203,0.868,2626.491,,59.247,0,,-1,-1,,-1
2,Night,9.234,120.973,0,E_Red_R,Practice,Expected,Red,Left,130.206,121.267,-0.255,0.868,2629.017,,59.244,0,,-1,-1,,-1
2,Night,9.234,121.067,0,E_Red_R,Practice,Expected,Red,Left,130.301,121.361,-0.312,0.868,2631.532,,59.235,0,,-1,-1,,-1
2,Night,9.234,121.173,0,E_Red_R,Practice,Expected,Red,Left,130.407,121.467,-0.38,0.868,2634.334,,59.277,0,,-1,-1,,-1
2,Night,9.234,121.268,0,E_Red_R,Practice,Expected,Red,Left,130.502,121.562,-0.446,0.868,2636.873,,59.305,0,,-1,-1,,-1
2,Night,9.234,121.374,0,E_Red_R,Practice,Expected,Red,Left,130.608,121.668,-0.522,0.868,2639.662,,59.305,0,,-1,-1,,-1
2,Night,9.234,121.48,0,E_Red_R,Practice,Expected,Red,Left,130.714,121.774,-0.602,0.868,2642.455,,59.294,0,,-1,-1,,-1
2,Night,9.234,121.57,0,E_Red_R,Practice,Expected,Red,Left,130.804,121.864,-0.671,0.868,2644.851,,59.276,0,,-1,-1,,-1
2,Night,9.234,121.675,0,E_Red_R,Practice,Expected,Red,Left,130.909,121.969,-0.739,0.868,2647.629,,59.253,0,,-1,-1,,-1
2,Night,9.234,121.769,0,E_Red_R,Practice,Expected,Red,Left,131.003,122.063,-0.796,0.868,2650.13,,59.242,0,,-1,-1,,-1
2,Night,9.234,121.874,0,E_Red_R,Practice,Expected,Red,Left,131.108,122.168,-0.855,0.868,2652.9,,59.229,0,,-1,-1,,-1
2,Night,9.234,121.97,0,E_Red_R,Practice,Expected,Red,Left,131.204,122.264,-0.904,0.868,2655.446,,59.3,0,,-1,-1,,-1
2,Night,9.234,122.066,0,E_Red_R,Practice,Expected,Red,Left,131.3,122.36,-0.943,0.868,2657.991,,59.378,0,,-1,-1,,-1
2,Night,9.234,122.172,0,E_Red_R,Practice,Expected,Red,Left,131.406,122.466,-0.965,0.868,2660.804,,59.388,0,,-1,-1,,-1
2,Night,9.234,122.266,0,E_Red_R,Practice,Expected,Red,Left,131.5,122.56,-0.972,0.868,2663.299,,59.381,0,,-1,-1,,-1
2,Night,9.234,122.372,0,E_Red_R,Practice,Expected,Red,Left,131.606,122.666,-0.967,0.868,2666.108,,59.362,0,,-1,-1,,-1
2,Night,9.234,122.477,0,E_Red_R,Practice,Expected,Red,Left,131.711,122.771,-0.948,0.868,2668.878,,59.343,0,,-1,-1,,-1
2,Night,9.234,122.58,0,E_Red_R,Practice,Expected,Red,Left,131.814,122.874,-0.914,0.868,2671.625,,59.324,0,,-1,-1,,-1
2,Night,9.234,122.675,0,E_Red_R,Practice,Expected,Red,Left,131.909,122.969,-0.871,0.868,2674.142,,59.306,0,,-1,-1,,-1
2,Night,9.234,122.766,0,E_Red_R,Practice,Expected,Red,Left,132,123.06,-0.82,0.868,2676.576,,59.292,0,,-1,-1,,-1
2,Night,9.234,122.873,0,E_Red_R,Practice,Expected,Red,Left,132.107,123.167,-0.751,0.868,2679.381,,59.289,0,,-1,-1,,-1
2,Night,9.234,122.975,0,E_Red_R,Practice,Expected,Red,Left,132.209,123.269,-0.675,0.868,2682.102,,59.41,0,,-1,-1,,-1
2,Night,9.234,123.073,0,E_Red_R,Practice,Expected,Red,Left,132.307,123.367,-0.595,0.868,2684.692,,59.704,0,,-1,-1,,-1
2,Night,9.234,123.166,0,E_Red_R,Practice,Expected,Red,Left,132.4,123.46,-0.512,0.868,2687.206,,59.955,0,,-1,-1,,-1
2,Night,9.234,123.272,0,E_Red_R,Practice,Expected,Red,Left,132.506,123.566,-0.412,0.868,2690.027,,60.139,0,,-1,-1,,-1
2,Night,9.234,123.366,0,E_Red_R,Practice,Expected,Red,Left,132.6,123.66,-0.322,0.868,2692.559,,60.163,0,,-1,-1,,-1
2,Night,9.234,123.471,0,E_Red_R,Practice,Expected,Red,Left,132.705,123.765,-0.229,0.868,2695.385,,60.16,0,,-1,-1,,-1
2,Night,9.234,123.568,0,E_Red_R,Practice,Expected,Red,Left,132.802,123.862,-0.142,0.868,2698.016,,60.151,0,,-1,-1,,-1
2,Night,9.234,123.673,0,E_Red_R,Practice,Expected,Red,Left,132.907,123.967,-0.051,0.868,2700.815,,60.136,0,,-1,-1,,-1
2,Night,9.234,123.77,0,E_Red_R,Practice,Expected,Red,Left,133.004,124.064,0.029,0.868,2703.405,,60.122,0,,-1,-1,,-1
2,Night,9.234,123.873,0,E_Red_R,Practice,Expected,Red,Left,133.107,124.167,0.109,0.868,2706.164,,60.108,0,,-1,-1,,-1
2,Night,9.234,123.969,0,E_Red_R,Practice,Expected,Red,Left,133.203,124.263,0.18,0.868,2708.773,,60.099,0,,-1,-1,,-1
2,Night,9.234,124.077,0,E_Red_R,Practice,Expected,Red,Left,133.311,124.371,0.249,0.868,2711.548,,60.197,0,,-1,-1,,-1
2,Night,9.234,124.176,0,E_Red_R,Practice,Expected,Red,Left,133.41,124.47,0.313,0.868,2714.341,,60.466,0,,-1,-1,,-1
2,Night,9.234,124.275,0,E_Red_R,Practice,Expected,Red,Left,133.509,124.569,0.37,0.868,2717.009,,60.935,0,,-1,-1,,-1
2,Night,9.234,124.379,0,E_Red_R,Practice,Expected,Red,Left,133.613,124.673,0.426,0.868,2719.851,,61.542,0,,-1,-1,,-1
2,Night,9.234,124.475,0,E_Red_R,Practice,Expected,Red,Left,133.709,124.769,0.475,0.868,2722.522,,62.188,0,,-1,-1,,-1
2,Night,9.234,124.577,0,E_Red_R,Practice,Expected,Red,Left,133.811,124.871,0.524,0.868,2725.366,,62.842,0,,-1,-1,,-1
2,Night,9.234,124.672,0,E_Red_R,Practice,Expected,Red,Left,133.906,124.966,0.567,0.868,2728.054,,63.499,0,,-1,-1,,-1
2,Night,9.234,124.769,0,E_Red_R,Practice,Expected,Red,Left,134.003,125.063,0.609,0.868,2730.828,,64.047,0,,-1,-1,,-1
2,Night,9.234,124.867,0,E_Red_R,Practice,Expected,Red,Left,134.101,125.161,0.65,0.868,2733.659,,64.704,0,,-1,-1,,-1
2,Night,9.234,124.973,0,E_Red_R,Practice,Expected,Red,Left,134.207,125.267,0.693,0.868,2736.722,,65.471,0,,-1,-1,,-1
2,Night,9.234,125.08,0,E_Red_R,Practice,Expected,Red,Left,134.313,125.374,0.734,0.868,2739.848,,66.128,0,,-1,-1,,-1
2,Night,9.234,125.168,0,E_Red_R,Practice,Expected,Red,Left,134.402,125.462,0.768,0.868,2742.49,,66.676,0,,-1,-1,,-1
2,Night,9.234,125.267,0,E_Red_R,Practice,Expected,Red,Left,134.501,125.561,0.805,0.868,2745.454,,67.333,0,,-1,-1,,-1
2,Night,9.234,125.366,0,E_Red_R,Practice,Expected,Red,Left,134.6,125.66,0.841,0.868,2748.471,,67.989,0,,-1,-1,,-1
2,Night,9.234,125.474,0,E_Red_R,Practice,Expected,Red,Left,134.708,125.768,0.88,0.868,2751.749,,68.755,0,,-1,-1,,-1
2,Night,9.234,125.572,0,E_Red_R,Practice,Expected,Red,Left,134.806,125.866,0.914,0.868,2754.757,,69.412,0,,-1,-1,,-1
2,Night,9.234,125.673,0,E_Red_R,Practice,Expected,Red,Left,134.907,125.967,0.949,0.868,2757.898,,70.068,0,,-1,-1,,-1
2,Night,9.234,125.768,0,E_Red_R,Practice,Expected,Red,Left,135.002,126.062,0.983,0.868,2760.916,,70.615,0,,-1,-1,,-1
2,Night,9.234,125.875,0,E_Red_R,Practice,Expected,Red,Left,135.109,126.169,1.02,0.868,2764.297,,71.38,0,,-1,-1,,-1
2,Night,9.234,125.972,0,E_Red_R,Practice,Expected,Red,Left,135.206,126.266,1.053,0.868,2767.403,,72.036,0,,-1,-1,,-1
2,Night,9.234,126.067,0,E_Red_R,Practice,Expected,Red,Left,135.301,126.361,1.086,0.868,2770.507,,72.582,0,,-1,-1,,-1
2,Night,9.234,126.167,0,E_Red_R,Practice,Expected,Red,Left,135.4,126.46,1.12,0.868,2773.743,,73.238,0,,-1,-1,,-1
2,Night,9.234,126.276,0,E_Red_R,Practice,Expected,Red,Left,135.51,126.57,1.157,0.868,2777.315,,74.003,0,,-1,-1,,-1
2,Night,9.234,126.374,0,E_Red_R,Practice,Expected,Red,Left,135.608,126.668,1.191,0.868,2780.575,,74.658,0,,-1,-1,,-1
2,Night,9.234,126.477,0,E_Red_R,Practice,Expected,Red,Left,135.711,126.771,1.226,0.868,2784.023,,75.313,0,,-1,-1,,-1
2,Night,9.234,126.567,0,E_Red_R,Practice,Expected,Red,Left,135.801,126.861,1.257,0.868,2787.097,,75.859,0,,-1,-1,,-1
2,Night,9.234,126.674,0,E_Red_R,Practice,Expected,Red,Left,135.908,126.968,1.294,0.868,2790.734,,76.622,0,,-1,-1,,-1
2,Night,9.234,126.771,0,E_Red_R,Practice,Expected,Red,Left,136.004,127.065,1.327,0.868,2794.014,,77.277,0,,-1,-1,,-1
2,Night,9.234,126.868,0,E_Red_R,Practice,Expected,Red,Left,136.102,127.162,1.361,0.868,2797.434,,77.822,0,,-1,-1,,-1
2,Night,9.234,126.967,0,E_Red_R,Practice,Expected,Red,Left,136.201,127.261,1.395,0.868,2800.899,,78.477,0,,-1,-1,,-1
2,Night,9.234,127.079,0,E_Red_R,Practice,Expected,Red,Left,136.313,127.373,1.433,0.868,2804.81,,79.24,0,,-1,-1,,-1
2,Night,9.234,127.171,0,E_Red_R,Practice,Expected,Red,Left,136.405,127.465,1.465,0.868,2808.099,,79.894,0,,-1,-1,,-1
2,Night,9.234,127.272,0,E_Red_R,Practice,Expected,Red,Left,136.506,127.566,1.5,0.868,2811.723,,80.547,0,,-1,-1,,-1
2,Night,9.234,127.372,0,E_Red_R,Practice,Expected,Red,Left,136.606,127.666,1.534,0.869,2815.326,,81.207,0,,-1,-1,,-1
2,Night,9.234,127.468,0,E_Red_R,Practice,Expected,Red,Left,136.702,127.762,1.568,0.871,2818.857,,81.744,0,,-1,-1,,-1
2,Night,9.234,127.571,0,E_Red_R,Practice,Expected,Red,Left,136.805,127.865,1.604,0.871,2822.625,,82.506,0,,-1,-1,,-1
2,Night,9.234,127.667,0,E_Red_R,Practice,Expected,Red,Left,136.901,127.961,1.637,0.871,2826.169,,83.049,0,,-1,-1,,-1
2,Night,9.234,127.772,0,E_Red_R,Practice,Expected,Red,Left,137.006,128.066,1.672,0.871,2830.061,,83.812,0,,-1,-1,,-1
2,Night,9.234,127.878,0,E_Red_R,Practice,Expected,Red,Left,137.112,128.172,1.709,0.869,2834.063,,84.463,0,,-1,-1,,-1
2,Night,9.234,127.975,0,E_Red_R,Practice,Expected,Red,Left,137.209,128.269,1.742,0.868,2837.736,,85.123,0,,-1,-1,,-1
2,Night,9.234,128.074,0,E_Red_R,Practice,Expected,Red,Left,137.308,128.368,1.775,0.867,2841.516,,85.775,0,,-1,-1,,-1
2,Night,9.234,128.173,0,E_Red_R,Practice,Expected,Red,Left,137.407,128.467,1.808,0.868,2845.32,,86.365,0,,-1,-1,,-1
2,Night,9.234,128.274,0,E_Red_R,Practice,Expected,Red,Left,137.508,128.568,1.843,0.868,2849.248,,86.813,0,,-1,-1,,-1
2,Night,9.234,128.368,0,E_Red_R,Practice,Expected,Red,Left,137.602,128.662,1.875,0.868,2852.919,,87.05,0,,-1,-1,,-1
2,Night,9.234,128.472,0,E_Red_R,Practice,Expected,Red,Left,137.706,128.766,1.909,0.868,2856.928,,87.188,0,,-1,-1,,-1
2,Night,9.234,128.566,0,E_Red_R,Practice,Expected,Red,Left,137.8,128.86,1.941,0.868,2860.642,,87.217,0,,-1,-1,,-1
2,Night,9.234,128.672,0,E_Red_R,Practice,Expected,Red,Left,137.906,128.966,1.977,0.868,2864.735,,87.221,0,,-1,-1,,-1
2,Night,9.234,128.77,0,E_Red_R,Practice,Expected,Red,Left,138.004,129.064,2.009,0.868,2868.561,,87.21,0,,-1,-1,,-1
