ParticipantID,Block,TrialIndex,Scene,Event,TimeAbs,TrialTimeRel,X,Y,Z,LaneDeviation,SpeedMPH,TrialEndRel,SurveyResponse,SurveyResponseCorrect,SurveyRT,BrakeInput,ThrottleInput,SteeringInput,Car2Merge,MergeRTSteer,MergeRTBrake,MergeRTThrottle,Collision,Car2DecelStartRel,Car2CollisionAbs,TimeToCollision
UNKNOWN,0,-1,SubBlock,Practice,2.839,-1,,,,,0,-1,,,-1,0,0,0,0,,,,0,,,
UNKNOWN,0,-1,SubBlock,Practice,3.008,-1,,,,,0,-1,,,-1,0,0,0,0,,,,0,,,
UNKNOWN,0,-1,SubBlock,Practice,3.104,-1,,,,,0,-1,,,-1,0,0,0,0,,,,0,,,
UNKNOWN,0,-1,SubBlock,Practice,3.121,-1,,,,,0,-1,,,-1,0,0,0,0,,,,0,,,
UNKNOWN,0,-1,SubBlock,Practice,3.139,-1,,,,,0,-1,,,-1,0,0,0,0,,,,0,,,
UNKNOWN,0,-1,SubBlock,Practice,3.154,-1,,,,,0,-1,,,-1,0,0,0,0,,,,0,,,
UNKNOWN,0,-1,SubBlock,Practice,3.171,-1,,,,,0,-1,,,-1,0,0,0,0,,,,0,,,
UNKNOWN,0,-1,SubBlock,Practice,3.187,-1,,,,,0,-1,,,-1,0,0,0,0,,,,0,,,
UNKNOWN,0,-1,SubBlock,Practice,3.204,-1,,,,,0,-1,,,-1,0,0,0,0,,,,0,,,
UNKNOWN,0,-1,SubBlock,Practice,3.221,-1,,,,,0,-1,,,-1,0,0,0,0,,,,0,,,
UNKNOWN,0,-1,SubBlock,Practice,3.238,-1,,,,,0,-1,,,-1,0,0,0,0,,,,0,,,
UNKNOWN,0,-1,SubBlock,Practice,3.254,-1,,,,,0,-1,,,-1,0,0,0,0,,,,0,,,
UNKNOWN,0,-1,SubBlock,Practice,3.271,-1,,,,,0,-1,,,-1,0,0,0,0,,,,0,,,
UNKNOWN,0,-1,SubBlock,Practice,3.287,-1,,,,,0,-1,,,-1,0,0,0,0,,,,0,,,
UNKNOWN,0,-1,SubBlock,Practice,3.304,-1,,,,,0,-1,,,-1,0,0,0,0,,,,0,,,
UNKNOWN,0,-1,SubBlock,Practice,3.321,-1,,,,,0,-1,,,-1,0,0,0,0,,,,0,,,
UNKNOWN,0,-1,SubBlock,Practice,3.338,-1,,,,,0,-1,,,-1,0,0,0,0,,,,0,,,
UNKNOWN,0,-1,SubBlock,Practice,3.354,-1,,,,,0,-1,,,-1,0,0,0,0,,,,0,,,
UNKNOWN,0,-1,SubBlock,Practice,3.37,-1,,,,,0,-1,,,-1,0,0,0,0,,,,0,,,
UNKNOWN,0,-1,SubBlock,Practice,3.387,-1,,,,,0,-1,,,-1,0,0,0,0,,,,0,,,
UNKNOWN,0,-1,SubBlock,Practice,3.404,-1,,,,,0,-1,,,-1,0,0,0,0,,,,0,,,
UNKNOWN,0,-1,SubBlock,Practice,3.421,-1,,,,,0,-1,,,-1,0,0,0,0,,,,0,,,
UNKNOWN,0,-1,SubBlock,Practice,3.437,-1,,,,,0,-1,,,-1,0,0,0,0,,,,0,,,
UNKNOWN,0,-1,SubBlock,Practice,3.454,-1,,,,,0,-1,,,-1,0,0,0,0,,,,0,,,
UNKNOWN,0,-1,SubBlock,Practice,3.471,-1,,,,,0,-1,,,-1,0,0,0,0,,,,0,,,
UNKNOWN,0,-1,SubBlock,Practice,3.487,-1,,,,,0,-1,,,-1,0,0,0,0,,,,0,,,
UNKNOWN,0,-1,SubBlock,Practice,3.504,-1,,,,,0,-1,,,-1,0,0,0,0,,,,0,,,
UNKNOWN,0,-1,SubBlock,Practice,3.521,-1,,,,,0,-1,,,-1,0,0,0,0,,,,0,,,
UNKNOWN,0,-1,SubBlock,Practice,3.537,-1,,,,,0,-1,,,-1,0,0,0,0,,,,0,,,
UNKNOWN,0,-1,SubBlock,Practice,3.554,-1,,,,,0,-1,,,-1,0,0,0,0,,,,0,,,
UNKNOWN,0,-1,SubBlock,Practice,3.571,-1,,,,,0,-1,,,-1,0,0,0,0,,,,0,,,
UNKNOWN,0,-1,SubBlock,Practice,3.588,-1,,,,,0,-1,,,-1,0,0,0,0,,,,0,,,
UNKNOWN,0,-1,SubBlock,Practice,3.604,-1,,,,,0,-1,,,-1,0,0,0,0,,,,0,,,
UNKNOWN,0,-1,SubBlock,Practice,3.621,-1,,,,,0,-1,,,-1,0,0,0,0,,,,0,,,
UNKNOWN,0,-1,SubBlock,Practice,3.637,-1,,,,,0,-1,,,-1,0,0,0,0,,,,0,,,
UNKNOWN,0,-1,SubBlock,Practice,3.654,-1,,,,,0,-1,,,-1,0,0,0,0,,,,0,,,
UNKNOWN,0,-1,SubBlock,Practice,3.704,-1,,,,,0,-1,,,-1,0,0,0,0,,,,0,,,
UNKNOWN,0,-1,SubBlock,Practice,3.804,-1,,,,,0,-1,,,-1,0,0,0,0,,,,0,,,
UNKNOWN,0,-1,SubBlock,Practice,3.904,-1,,,,,0,-1,,,-1,0,0,0,0,,,,0,,,
UNKNOWN,0,-1,SubBlock,Practice,4.004,-1,,,,,0,-1,,,-1,0,0,0,0,,,,0,,,
UNKNOWN,0,-1,SubBlock,Practice,4.104,-1,,,,,0,-1,,,-1,0,0,0,0,,,,0,,,
UNKNOWN,0,-1,SubBlock,Practice,4.204,-1,,,,,0,-1,,,-1,0,0,0,0,,,,0,,,
UNKNOWN,0,-1,SubBlock,Practice,4.304,-1,,,,,0,-1,,,-1,0,0,0,0,,,,0,,,
UNKNOWN,0,-1,SubBlock,Practice,4.404,-1,,,,,0,-1,,,-1,0,0,0,0,,,,0,,,
UNKNOWN,0,-1,SubBlock,Practice,4.504,-1,,,,,0,-1,,,-1,0,0,0,0,,,,0,,,
UNKNOWN,0,-1,SubBlock,Practice,4.604,-1,,,,,0,-1,,,-1,0,0,0,0,,,,0,,,
UNKNOWN,0,-1,SubBlock,Practice,4.704,-1,,,,,0,-1,,,-1,0,0,0,0,,,,0,,,
UNKNOWN,0,-1,SubBlock,Practice,4.805,-1,,,,,0,-1,,,-1,0,0,0,0,,,,0,,,
UNKNOWN,0,-1,SubBlock,Practice,4.904,-1,,,,,0,-1,,,-1,0,0,0,0,,,,0,,,
UNKNOWN,0,-1,SubBlock,Practice,5.004,-1,,,,,0,-1,,,-1,0,0,0,0,,,,0,,,
UNKNOWN,0,-1,SubBlock,Practice,5.104,-1,,,,,0,-1,,,-1,0,0,0,0,,,,0,,,
UNKNOWN,0,-1,SubBlock,Practice,5.204,-1,,,,,0,-1,,,-1,0,0,0,0,,,,0,,,
UNKNOWN,0,-1,SubBlock,Practice,5.304,-1,,,,,0,-1,,,-1,0,0,0,0,,,,0,,,
UNKNOWN,0,-1,SubBlock,Practice,5.404,-1,,,,,0,-1,,,-1,0,0,0,0,,,,0,,,
UNKNOWN,0,-1,SubBlock,Practice,5.504,-1,,,,,0,-1,,,-1,0,0,0,0,,,,0,,,
UNKNOWN,0,-1,SubBlock,Practice,5.604,-1,,,,,0,-1,,,-1,0,0,0,0,,,,0,,,
UNKNOWN,0,-1,SubBlock,Practice,5.704,-1,,,,,0,-1,,,-1,0,0,0,0,,,,0,,,
UNKNOWN,0,-1,SubBlock,Practice,5.804,-1,,,,,0,-1,,,-1,0,0,0,0,,,,0,,,
UNKNOWN,0,-1,SubBlock,Practice,5.904,-1,,,,,0,-1,,,-1,0,0,0,0,,,,0,,,
UNKNOWN,0,-1,SubBlock,Practice,6.004,-1,,,,,0,-1,,,-1,0,0,0,0,,,,0,,,
UNKNOWN,0,-1,SubBlock,Practice,6.104,-1,,,,,0,-1,,,-1,0,0,0,0,,,,0,,,
UNKNOWN,0,-1,SubBlock,Practice,6.204,-1,,,,,0,-1,,,-1,0,0,0,0,,,,0,,,
UNKNOWN,0,-1,SubBlock,Practice,6.304,-1,,,,,0,-1,,,-1,0,0,0,0,,,,0,,,
UNKNOWN,0,-1,SubBlock,Practice,6.404,-1,,,,,0,-1,,,-1,0,0,0,0,,,,0,,,
UNKNOWN,0,-1,SubBlock,Practice,6.504,-1,,,,,0,-1,,,-1,0,0,0,0,,,,0,,,
UNKNOWN,0,-1,SubBlock,Practice,6.604,-1,,,,,0,-1,,,-1,0,0,0,0,,,,0,,,
UNKNOWN,0,-1,SubBlock,Practice,6.704,-1,,,,,0,-1,,,-1,0,0,0,0,,,,0,,,
UNKNOWN,0,-1,SubBlock,Practice,6.804,-1,,,,,0,-1,,,-1,0,0,0,0,,,,0,,,
UNKNOWN,0,-1,SubBlock,Practice,6.904,-1,,,,,0,-1,,,-1,0,0,0,0,,,,0,,,
UNKNOWN,0,-1,SubBlock,Practice,7.004,-1,,,,,0,-1,,,-1,0,0,0,0,,,,0,,,
UNKNOWN,0,-1,SubBlock,Practice,7.104,-1,,,,,0,-1,,,-1,0,0,0,0,,,,0,,,
UNKNOWN,0,-1,SubBlock,Practice,7.204,-1,,,,,0,-1,,,-1,0,0,0,0,,,,0,,,
UNKNOWN,0,-1,SubBlock,Practice,7.303,-1,,,,,0,-1,,,-1,0,0,0,0,,,,0,,,
UNKNOWN,0,-1,SubBlock,Practice,7.404,-1,,,,,0,-1,,,-1,0,0,0,0,,,,0,,,
UNKNOWN,0,-1,SubBlock,Practice,7.504,-1,,,,,0,-1,,,-1,0,0,0,0,,,,0,,,
UNKNOWN,0,-1,SubBlock,Practice,7.603,-1,,,,,0,-1,,,-1,0,0,0,0,,,,0,,,
UNKNOWN,0,-1,SubBlock,Practice,7.704,-1,,,,,0,-1,,,-1,0,0,0,0,,,,0,,,
UNKNOWN,0,-1,SubBlock,Practice,7.804,-1,,,,,0,-1,,,-1,0,0,0,0,,,,0,,,
UNKNOWN,0,-1,SubBlock,Practice,9.19,-1,,,,,0,-1,,,-1,0,0,0,0,,,,0,,,
UNKNOWN,0,-1,SubBlock,Practice,9.204,-1,,,,,0,-1,,,-1,0,0,0,0,,,,0,,,
UNKNOWN,0,-1,SubBlock,Practice,9.224,-1,,,,,0,-1,,,-1,0,0,0,0,,,,0,,,
UNKNOWN,0,-1,SubBlock,Practice,9.238,-1,,,,,0,-1,,,-1,0,0,0,0,,,,0,,,
UNKNOWN,0,-1,SubBlock,Practice,9.254,-1,,,,,0,-1,,,-1,0,0,0,0,,,,0,,,
UNKNOWN,0,-1,SubBlock,Practice,9.27,-1,,,,,0,-1,,,-1,0,0,0,0,,,,0,,,
UNKNOWN,0,-1,SubBlock,Practice,9.287,-1,,,,,0,-1,,,-1,0,0,0,0,,,,0,,,
UNKNOWN,0,-1,SubBlock,Practice,9.304,-1,,,,,0,-1,,,-1,0,0,0,0,,,,0,,,
UNKNOWN,0,-1,SubBlock,Practice,9.32,-1,,,,,0,-1,,,-1,0,0,0,0,,,,0,,,
UNKNOWN,0,-1,SubBlock,Practice,9.337,-1,,,,,0,-1,,,-1,0,0,0,0,,,,0,,,
UNKNOWN,0,-1,SubBlock,Practice,9.354,-1,,,,,0,-1,,,-1,0,0,0,0,,,,0,,,
UNKNOWN,0,-1,SubBlock,Practice,9.37,-1,,,,,0,-1,,,-1,0,0,0,0,,,,0,,,
UNKNOWN,0,-1,SubBlock,Practice,9.387,-1,,,,,0,-1,,,-1,0,0,0,0,,,,0,,,
UNKNOWN,0,-1,SubBlock,Practice,9.404,-1,,,,,0,-1,,,-1,0,0,0,0,,,,0,,,
UNKNOWN,0,-1,SubBlock,Practice,9.42,-1,,,,,0,-1,,,-1,0,0,0,0,,,,0,,,
UNKNOWN,0,-1,SubBlock,Practice,9.438,-1,,,,,0,-1,,,-1,0,0,0,0,,,,0,,,
UNKNOWN,0,-1,SubBlock,Practice,9.504,-1,,,,,0,-1,,,-1,0,0,0,0,,,,0,,,
UNKNOWN,0,-1,SubBlock,Practice,9.604,-1,,,,,0,-1,,,-1,0,0,0,0,,,,0,,,
UNKNOWN,0,-1,SubBlock,Practice,9.704,-1,,,,,0,-1,,,-1,0,0,0,0,,,,0,,,
UNKNOWN,0,-1,SubBlock,Practice,9.804,-1,,,,,0,-1,,,-1,0,0,0,0,,,,0,,,
UNKNOWN,0,-1,SubBlock,Practice,9.904,-1,,,,,0,-1,,,-1,0,0,0,0,,,,0,,,
UNKNOWN,0,-1,SubBlock,Practice,10.004,-1,,,,,0,-1,,,-1,0,0,0,0,,,,0,,,
UNKNOWN,0,-1,SubBlock,Practice,10.104,-1,,,,,0,-1,,,-1,0,0,0,0,,,,0,,,
UNKNOWN,0,-1,SubBlock,Practice,10.203,-1,,,,,0,-1,,,-1,0,0,0,0,,,,0,,,
UNKNOWN,0,-1,SubBlock,Practice,10.303,-1,,,,,0,-1,,,-1,0,0,0,0,,,,0,,,
UNKNOWN,0,-1,SubBlock,Practice,10.404,-1,,,,,0,-1,,,-1,0,0,0,0,,,,0,,,
UNKNOWN,0,-1,SubBlock,Practice,10.503,-1,,,,,0,-1,,,-1,0,0,0,0,,,,0,,,
UNKNOWN,0,-1,SubBlock,Practice,10.605,-1,,,,,0,-1,,,-1,0,0,0,0,,,,0,,,
UNKNOWN,0,-1,SubBlock,Practice,10.705,-1,,,,,0,-1,,,-1,0,0,0,0,,,,0,,,
UNKNOWN,0,-1,SubBlock,Practice,10.805,-1,,,,,0,-1,,,-1,0,0,0,0,,,,0,,,
UNKNOWN,0,-1,SubBlock,Practice,10.905,-1,,,,,0,-1,,,-1,0,0,0,0,,,,0,,,
UNKNOWN,0,-1,SubBlock,Practice,11.003,-1,,,,,0,-1,,,-1,0,0,0,0,,,,0,,,
UNKNOWN,0,-1,SubBlock,Practice,11.104,-1,,,,,0,-1,,,-1,0,0,0,0,,,,0,,,
3,Day,-1,SubBlock,Practice,11.192,-1,,,,,0,-1,,,-1,0,0,0,0,,,,0,,,
3,Day,-1,SubBlock,Practice,11.22,-1,,,,,0,-1,,,-1,0,0,0,0,,,,0,,,
3,Day,-1,SubBlock,Practice,11.303,-1,,,,,0,-1,,,-1,0,0,0,0,,,,0,,,
3,Day,-1,SubBlock,Practice,11.404,-1,,,,,0,-1,,,-1,0,0,0,0,,,,0,,,
3,Day,-1,SubBlock,Practice,11.503,-1,,,,,0,-1,,,-1,0,0,0,0,,,,0,,,
3,Day,-1,SubBlock,Practice,11.604,-1,,,,,0,-1,,,-1,0,0,0,0,,,,0,,,
3,Day,-1,SubBlock,Practice,11.704,-1,,,,,0,-1,,,-1,0,0,0,0,,,,0,,,
3,Day,-1,SubBlock,Practice,11.803,-1,,,,,0,-1,,,-1,0,0,0,0,,,,0,,,
3,Day,-1,SubBlock,Practice,11.905,-1,,,,,0,-1,,,-1,0,0,0,0,,,,0,,,
3,Day,-1,SubBlock,Practice,12.003,-1,,,,,0,-1,,,-1,0,0,0,0,,,,0,,,
3,Day,-1,SubBlock,Practice,12.103,-1,,,,,0,-1,,,-1,0,0,0,0,,,,0,,,
3,Day,-1,SubBlock,Practice,12.204,-1,,,,,0,-1,,,-1,0,0,0,0,,,,0,,,
3,Day,-1,SubBlock,Practice,12.304,-1,,,,,0,-1,,,-1,0,0,0,0,,,,0,,,
3,Day,-1,SubBlock,Practice,12.403,-1,,,,,0,-1,,,-1,0,0,0,0,,,,0,,,
3,Day,-1,SubBlock,Practice,12.504,-1,,,,,0,-1,,,-1,0,0,0,0,,,,0,,,
3,Day,-1,SubBlock,Practice,12.603,-1,,,,,0,-1,,,-1,0,0,0,0,,,,0,,,
3,Day,-1,SubBlock,Practice,12.703,-1,,,,,0,-1,,,-1,0,0,0,0,,,,0,,,
3,Day,-1,SubBlock,Practice,12.803,-1,,,,,0,-1,,,-1,0,0,0,0,,,,0,,,
3,Day,-1,SubBlock,Practice,12.904,-1,,,,,0,-1,,,-1,0,0,0,0,,,,0,,,
3,Day,-1,SubBlock,Practice,13.004,-1,,,,,0,-1,,,-1,0,0,0,0,,,,0,,,
3,Day,-1,SubBlock,Practice,13.105,-1,,,,,0,-1,,,-1,0,0,0,0,,,,0,,,
3,Day,-1,SubBlock,Practice,13.203,-1,,,,,0,-1,,,-1,0,0,0,0,,,,0,,,
3,Day,-1,SubBlock,Practice,13.303,-1,,,,,0,-1,,,-1,0,0,0,0,,,,0,,,
3,Day,-1,SubBlock,Practice,13.403,-1,,,,,0,-1,,,-1,0,0,0,0,,,,0,,,
3,Day,-1,SubBlock,Practice,13.503,-1,,,,,0,-1,,,-1,0,0,0,0,,,,0,,,
3,Day,-1,SubBlock,Practice,13.604,-1,,,,,0,-1,,,-1,0,0,0,0,,,,0,,,
3,Day,-1,SubBlock,Practice,13.703,-1,,,,,0,-1,,,-1,0,0,0,0,,,,0,,,
3,Day,-1,SubBlock,Practice,13.803,-1,,,,,0,-1,,,-1,0,0,0,0,,,,0,,,
3,Day,-1,SubBlock,Practice,13.904,-1,,,,,0,-1,,,-1,0,0,0,0,,,,0,,,
3,Day,-1,SubBlock,Practice,14.003,-1,,,,,0,-1,,,-1,0,0,0,0,,,,0,,,
3,Day,-1,SubBlock,Practice,14.103,-1,,,,,0,-1,,,-1,0,0,0,0,,,,0,,,
3,Day,-1,SubBlock,Practice,14.203,-1,,,,,0,-1,,,-1,0,0,0,0,,,,0,,,
3,Day,-1,SubBlock,Practice,14.303,-1,,,,,0,-1,,,-1,0,0,0,0,,,,0,,,
3,Day,-1,SubBlock,Practice,14.403,-1,,,,,0,-1,,,-1,0,0,0,0,,,,0,,,
3,Day,-1,SubBlock,Practice,14.503,-1,,,,,0,-1,,,-1,0,0,0,0,,,,0,,,
3,Day,-1,SubBlock,Practice,14.605,-1,,,,,0,-1,,,-1,0,0,0,0,,,,0,,,
3,Day,-1,SubBlock,Practice,14.703,-1,,,,,0,-1,,,-1,0,0,0,0,,,,0,,,
3,Day,-1,SubBlock,Practice,14.803,-1,,,,,0,-1,,,-1,0,0,0,0,,,,0,,,
3,Day,-1,SubBlock,Practice,14.903,-1,,,,,0,-1,,,-1,0,0,0,0,,,,0,,,
3,Day,-1,SubBlock,Practice,15.003,-1,,,,,0,-1,,,-1,0,0,0,0,,,,0,,,
3,Day,-1,SubBlock,Practice,15.103,-1,,,,,0,-1,,,-1,0,0,0,0,,,,0,,,
3,Day,-1,SubBlock,Practice,15.203,-1,,,,,0,-1,,,-1,0,0,0,0,,,,0,,,
3,Day,-1,SubBlock,Practice,15.303,-1,,,,,0,-1,,,-1,0,0,0,0,,,,0,,,
3,Day,-1,SubBlock,Practice,15.403,-1,,,,,0,-1,,,-1,0,0,0,0,,,,0,,,
3,Day,-1,SubBlock,Practice,15.503,-1,,,,,0,-1,,,-1,0,0,0,0,,,,0,,,
3,Day,-1,SubBlock,Practice,15.603,-1,,,,,0,-1,,,-1,0,0,0,0,,,,0,,,
3,Day,-1,SubBlock,Practice,15.703,-1,,,,,0,-1,,,-1,0,0,0,0,,,,0,,,
3,Day,-1,SubBlock,Practice,15.803,-1,,,,,0,-1,,,-1,0,0,0,0,,,,0,,,
3,Day,-1,SubBlock,Practice,15.904,-1,,,,,0,-1,,,-1,0,0,0,0,,,,0,,,
3,Day,-1,SubBlock,Practice,16.003,-1,,,,,0,-1,,,-1,0,0,0,0,,,,0,,,
3,Day,-1,SubBlock,Practice,16.104,-1,,,,,0,-1,,,-1,0,0,0,0,,,,0,,,
3,Day,-1,SubBlock,Practice,16.203,-1,,,,,0,-1,,,-1,0,0,0,0,,,,0,,,
3,Day,-1,SubBlock,Practice,16.304,-1,,,,,0,-1,,,-1,0,0,0,0,,,,0,,,
3,Day,-1,SubBlock,Practice,16.405,-1,,,,,0,-1,,,-1,0,0,0,0,,,,0,,,
3,Day,-1,SubBlock,Practice,16.503,-1,,,,,0,-1,,,-1,0,0,0,0,,,,0,,,
3,Day,-1,SubBlock,Practice,16.603,-1,,,,,0,-1,,,-1,0,0,0,0,,,,0,,,
3,Day,-1,SubBlock,Practice,16.703,-1,,,,,0,-1,,,-1,0,0,0,0,,,,0,,,
3,Day,-1,SubBlock,Practice,16.804,-1,,,,,0,-1,,,-1,0,0,0,0,,,,0,,,
3,Day,-1,SubBlock,Practice,16.903,-1,,,,,0,-1,,,-1,0,0,0,0,,,,0,,,
3,Day,-1,SubBlock,Practice,17.004,-1,,,,,0,-1,,,-1,0,0,0,0,,,,0,,,
3,Day,-1,SubBlock,Practice,17.104,-1,,,,,0,-1,,,-1,0,0,0,0,,,,0,,,
3,Day,-1,SubBlock,Practice,17.203,-1,,,,,0,-1,,,-1,0,0,0,0,,,,0,,,
3,Day,-1,SubBlock,Practice,17.303,-1,,,,,0,-1,,,-1,0,0,0,0,,,,0,,,
3,Day,-1,SubBlock,Practice,17.403,-1,,,,,0,-1,,,-1,0,0,0,0,,,,0,,,
3,Day,-1,SubBlock,Practice,17.503,-1,,,,,0,-1,,,-1,0,0,0,0,,,,0,,,
3,Day,-1,SubBlock,Practice,17.604,-1,,,,,0,-1,,,-1,0,0,0,0,,,,0,,,
3,Day,0,E_Amb_L,Practice,19.569,0,0,1.1,-0.002,,0.366,-1,,,-1,0,0,0,0,,,,0,,,
3,Day,0,E_Amb_L,Practice,19.838,0.269,0,1.095,-0.002,,0.731,-1,,,-1,0,0,0,0,,,,0,,,
3,Day,0,E_Amb_L,Practice,19.871,0.302,0,1.08,-0.002,,1.463,-1,,,-1,0,0,0,0,,,,0,,,
3,Day,0,E_Amb_L,Practice,19.922,0.353,0,1.036,-0.002,,2.56,-1,,,-1,0,0,0,0,,,,0,,,
3,Day,0,E_Amb_L,Practice,19.954,0.385,0,0.993,-0.002,,3.292,-1,,,-1,0,0,0,0,,,,0,,,
3,Day,0,E_Amb_L,Practice,20.005,0.436,0,0.908,-0.002,,4.389,-1,,,-1,0,0,0,0,,,,0,,,
3,Day,0,E_Amb_L,Practice,20.037,0.468,0,0.85,0.003,,3.402,-1,,,-1,0,0,0,0,,,,0,,,
3,Day,0,E_Amb_L,Practice,20.089,0.52,0,0.844,0.016,,0.571,-1,,,-1,0,0,0,0,,,,0,,,
3,Day,0,E_Amb_L,Practice,20.121,0.552,0,0.846,0.024,,0.588,-1,,,-1,0,0,0,0,,,,0,,,
3,Day,0,E_Amb_L,Practice,20.171,0.602,0,0.85,0.037,,0.606,-1,,,-1,0,0,0,0,,,,0,,,
3,Day,0,E_Amb_L,Practice,20.204,0.635,0,0.853,0.045,,0.61,-1,,,-1,0,0,0,0,,,,0,,,
3,Day,0,E_Amb_L,Practice,20.254,0.685,0,0.858,0.058,,0.604,-1,,,-1,0,0,0,0,,,,0,,,
3,Day,0,E_Amb_L,Practice,20.288,0.719,0,0.861,0.066,,0.596,-1,,,-1,0,0,0,0,,,,0,,,
3,Day,0,E_Amb_L,Practice,20.355,0.786,0,0.866,0.083,,0.578,-1,,,-1,0,0,0,0,,,,0,,,
3,Day,0,E_Amb_L,Practice,20.405,0.836,0,0.869,0.099,,0.901,-1,,,-1,0,0,0,0,,,,0,,,
3,Day,0,E_Amb_L,Practice,20.437,0.868,0,0.87,0.114,,1.123,-1,,,-1,0,0,0,0,,,,0,,,
3,Day,0,E_Amb_L,Practice,20.488,0.919,0,0.87,0.142,,1.453,-1,,,-1,0,0,0,0,,,,0,,,
3,Day,0,E_Amb_L,Practice,20.521,0.952,0,0.871,0.165,,1.676,-1,,,-1,0,0,0,0,,,,0,,,
3,Day,0,E_Amb_L,Practice,20.572,1.002,0,0.87,0.206,,2.012,-1,,,-1,0,0,0,0,,,,0,,,
3,Day,0,E_Amb_L,Practice,20.604,1.035,0,0.87,0.237,,2.237,-1,,,-1,0,0,0,0,,,,0,,,
3,Day,0,E_Amb_L,Practice,20.655,1.086,0,0.87,0.291,,2.573,-1,,,-1,0,0,0,0,,,,0,,,
3,Day,0,E_Amb_L,Practice,20.688,1.119,0,0.869,0.331,,2.797,-1,,,-1,0,0,0,0,,,,0,,,
3,Day,0,E_Amb_L,Practice,20.738,1.169,0,0.869,0.396,,3.133,-1,,,-1,0,0,0,0,,,,0,,,
3,Day,0,E_Amb_L,Practice,20.771,1.202,0,0.868,0.445,,3.357,-1,,,-1,0,0,0,0,,,,0,,,
3,Day,0,E_Amb_L,Practice,20.822,1.253,0,0.868,0.523,,3.693,-1,,,-1,0,0,0,0,,,,0,,,
3,Day,0,E_Amb_L,Practice,20.856,1.287,0,0.868,0.58,,3.917,-1,,,-1,0,0,0,0,,,,0,,,
3,Day,0,E_Amb_L,Practice,20.906,1.337,0,0.867,0.67,,4.253,-1,,,-1,0,0,0,0,,,,0,,,
3,Day,0,E_Amb_L,Practice,20.955,1.386,0,0.867,0.769,,4.589,-1,,,-1,0,0,0,0,,,,0,,,
3,Day,0,E_Amb_L,Practice,20.988,1.419,0,0.867,0.839,,4.813,-1,,,-1,0,0,0,0,,,,0,,,
3,Day,0,E_Amb_L,Practice,21.042,1.473,0,0.867,0.95,,5.148,-1,,,-1,0,0,0,0,,,,0,,,
3,Day,0,E_Amb_L,Practice,21.09,1.521,0,0.867,1.068,,5.484,-1,,,-1,0,0,0,0,,,,0,,,
3,Day,0,E_Amb_L,Practice,21.137,1.568,0,0.867,1.194,,5.82,-1,,,-1,0,0,0,0,,,,0,,,
3,Day,0,E_Amb_L,Practice,21.171,1.602,0,0.867,1.282,,6.044,-1,,,-1,0,0,0,0,,,,0,,,
3,Day,0,E_Amb_L,Practice,21.225,1.656,0,0.868,1.421,,6.38,-1,,,-1,0,0,0,0,,,,0,,,
3,Day,0,E_Amb_L,Practice,21.273,1.704,0,0.868,1.567,,6.715,-1,,,-1,0,0,0,0,,,,0,,,
3,Day,0,E_Amb_L,Practice,21.324,1.754,0,0.868,1.72,,7.051,-1,,,-1,0,0,0,0,,,,0,,,
3,Day,0,E_Amb_L,Practice,21.372,1.803,0,0.868,1.881,,7.387,-1,,,-1,0,0,0,0,,,,0,,,
3,Day,0,E_Amb_L,Practice,21.406,1.837,0,0.868,1.993,,7.611,-1,,,-1,0,0,0,0,,,,0,,,
3,Day,0,E_Amb_L,Practice,21.507,1.938,0,0.868,2.347,,8.282,-1,,,-1,0,0,0,0,,,,0,,,
3,Day,0,E_Amb_L,Practice,21.608,2.039,0,0.868,2.732,,8.953,-1,,,-1,0,0,0,0,,,,0,,,
3,Day,0,E_Amb_L,Practice,21.706,2.137,0,0.868,3.146,,9.624,-1,,,-1,0,0,0,0,,,,0,,,
3,Day,0,E_Amb_L,Practice,21.841,2.272,0,0.868,3.746,,10.518,-1,,,-1,0,0,0,0,,,,0,,,
3,Day,0,E_Amb_L,Practice,21.941,2.372,0,0.868,4.23,,11.188,-1,,,-1,0,0,0,0,,,,0,,,
3,Day,0,E_Amb_L,Practice,22.025,2.456,0,0.868,4.657,,11.75,-1,,,-1,0,0,0,0,,,,0,,,
3,Day,0,E_Amb_L,Practice,22.124,2.555,0,0.869,5.197,,12.42,-1,,,-1,0,0,0,0,,,,0,,,
3,Day,0,E_Amb_L,Practice,22.223,2.654,0,0.869,5.766,,13.09,-1,,,-1,0,0,0,0,,,,0,,,
3,Day,0,E_Amb_L,Practice,22.305,2.736,0,0.868,6.264,,13.649,-1,,,-1,0,0,0,0,,,,0,,,
3,Day,0,E_Amb_L,Practice,22.44,2.871,0,0.868,7.103,,14.541,-1,,,-1,0,0,0,0,,,,0,,,
3,Day,0,E_Amb_L,Practice,22.523,2.954,0,0.868,7.654,,15.099,-1,,,-1,0,0,0,0,,,,0,,,
3,Day,0,E_Amb_L,Practice,22.605,3.036,0,0.868,8.227,,15.657,-1,,,-1,0,0,0,0,,,,0,,,
3,Day,0,E_Amb_L,Practice,22.722,3.153,0,0.868,9.063,,16.438,-1,,,-1,0,0,0,0,,,,0,,,
3,Day,0,E_Amb_L,Practice,22.804,3.235,0,0.868,9.685,,16.994,-1,,,-1,0,0,0,0,,,,0,,,
3,Day,0,E_Amb_L,Practice,22.921,3.352,0,0.868,10.578,,17.432,-1,,,-1,0,0,0,0,,,,0,,,
3,Day,0,E_Amb_L,Practice,23.022,3.453,0,0.868,11.371,,18.1,-1,,,-1,0,0,0,0,,,,0,,,
3,Day,0,E_Amb_L,Practice,23.104,3.535,0,0.868,12.055,,18.658,-1,,,-1,0,0,0,0,,,,0,,,
3,Day,0,E_Amb_L,Practice,23.204,3.635,0,0.868,12.904,,19.326,-1,,,-1,0,0,0,0,,,,0,,,
3,Day,0,E_Amb_L,Practice,23.321,3.752,0,0.868,13.931,,20.106,-1,,,-1,0,0,0,0,,,,0,,,
3,Day,0,E_Amb_L,Practice,23.423,3.854,-0.001,0.868,14.844,,20.774,-1,,,-1,0,0,0,0,,,,0,,,
3,Day,0,E_Amb_L,Practice,23.507,3.938,-0.001,0.868,15.627,,21.331,-1,,,-1,0,0,0,0,,,,0,,,
3,Day,0,E_Amb_L,Practice,23.604,4.035,-0.001,0.868,16.595,,21.998,-1,,,-1,0,0,0,0,,,,0,,,
3,Day,0,E_Amb_L,Practice,23.728,4.158,-0.001,0.868,17.763,,22.777,-1,,,-1,0,0,0,0,,,,0,,,
3,Day,0,E_Amb_L,Practice,23.804,4.235,-0.001,0.868,18.621,,23.334,-1,,,-1,0,0,0,0,,,,0,,,
3,Day,0,E_Amb_L,Practice,23.922,4.353,-0.002,0.868,19.857,,24.112,-1,,,-1,0,0,0,0,,,,0,,,
3,Day,0,E_Amb_L,Practice,24.005,4.436,-0.002,0.868,20.765,,24.668,-1,,,-1,0,0,0,0,,,,0,,,
3,Day,0,E_Amb_L,Practice,24.104,4.535,-0.002,0.868,21.882,,25.335,-1,,,-1,0,0,0,0,,,,0,,,
3,Day,0,E_Amb_L,Practice,24.204,4.635,-0.003,0.868,23.029,,26.002,-1,,,-1,0,0,0,0,,,,0,,,
3,Day,0,E_Amb_L,Practice,24.304,4.735,-0.003,0.868,24.205,,26.669,-1,,,-1,0,0,0,0,,,,0,,,
3,Day,0,E_Amb_L,Practice,24.422,4.853,-0.003,0.868,25.615,,27.446,-1,,,-1,0,0,0,0,,,,0,,,
3,Day,0,E_Amb_L,Practice,24.505,4.935,-0.004,0.868,26.647,,28.002,-1,,,-1,0,0,0,0,,,,0,,,
3,Day,0,E_Amb_L,Practice,24.606,5.036,-0.004,0.868,27.913,,28.668,-1,,,-1,0,0,0,0,,,,0,,,
3,Day,0,E_Amb_L,Practice,24.704,5.135,-0.005,0.868,29.209,,29.334,-1,,,-1,0,0,0,0,,,,0,,,
3,Day,0,E_Amb_L,Practice,24.804,5.235,-0.005,0.868,30.534,,30,-1,,,-1,0,0,0,0,,,,0,,,
3,Day,0,E_Amb_L,Practice,24.903,5.334,-0.006,0.868,31.882,,30.218,-1,,,-1,0,0,0,0,,,,0,,,
3,Day,0,E_Amb_L,Practice,25.021,5.452,-0.007,0.868,33.458,,30.189,-1,,,-1,0,0,0,0,,,,0,,,
3,Day,0,E_Amb_L,Practice,25.105,5.535,-0.007,0.868,34.582,,30.161,-1,,,-1,0,0,0,0,,,,0,,,
3,Day,0,E_Amb_L,Practice,25.203,5.634,-0.008,0.868,35.936,,30.574,-1,,,-1,0,0,0,0,,,,0,,,
3,Day,0,E_Amb_L,Practice,25.303,5.734,-0.009,0.868,37.317,,31.23,-1,,,-1,0,0,0,0,,,,0,,,
3,Day,0,E_Amb_L,Practice,25.421,5.852,-0.009,0.868,38.965,,32.006,-1,,,-1,0,0,0,0,,,,0,,,
3,Day,0,E_Amb_L,Practice,25.505,5.936,-0.01,0.868,40.167,,32.56,-1,,,-1,0,0,0,0,,,,0,,,
3,Day,0,E_Amb_L,Practice,25.604,6.035,-0.011,0.868,41.636,,33.225,-1,,,-1,0,0,0,0,,,,0,,,
3,Day,0,E_Amb_L,Practice,25.703,6.134,-0.012,0.868,43.136,,33.89,-1,,,-1,0,0,0,0,,,,0,,,
3,Day,0,E_Amb_L,Practice,25.804,6.235,-0.013,0.868,44.664,,34.555,-1,,,-1,0,0,0,0,,,,0,,,
3,Day,0,E_Amb_L,Practice,25.921,6.352,-0.014,0.868,46.486,,35.331,-1,,,-1,0,0,0,0,,,,0,,,
3,Day,0,E_Amb_L,Practice,26.006,6.436,-0.015,0.868,47.812,,35.884,-1,,,-1,0,0,0,0,,,,0,,,
3,Day,0,E_Amb_L,Practice,26.104,6.534,-0.016,0.868,49.43,,36.549,-1,,,-1,0,0,0,0,,,,0,,,
3,Day,0,E_Amb_L,Practice,26.204,6.635,-0.017,0.868,51.078,,37.213,-1,,,-1,0,0,0,0,,,,0,,,
3,Day,0,E_Amb_L,Practice,26.304,6.735,-0.018,0.868,52.755,,37.871,-1,,,-1,0,0,0,0,,,,0,,,
3,Day,0,E_Amb_L,Practice,26.404,6.835,-0.019,0.868,54.453,,38.026,-1,,,-1,0,0,0,0,,,,0,,,
3,Day,0,E_Amb_L,Practice,26.505,6.936,-0.021,0.868,56.154,,38.206,-1,,,-1,0,0,0,0,,,,0,,,
3,Day,0,E_Amb_L,Practice,26.604,7.034,-0.022,0.868,57.874,,38.814,-1,,,-1,0,0,0,0,,,,0,,,
3,Day,0,E_Amb_L,Practice,26.721,7.152,-0.024,0.868,59.918,,39.583,-1,,,-1,0,0,0,0,,,,0,,,
3,Day,0,E_Amb_L,Practice,26.821,7.252,-0.025,0.868,61.701,,40.246,-1,,,-1,0,0,0,0,,,,0,,,
3,Day,0,E_Amb_L,Practice,26.904,7.335,-0.027,0.868,63.21,,40.799,-1,,,-1,0,0,0,0,,,,0,,,
3,Day,0,E_Amb_L,Practice,27.004,7.435,-0.028,0.868,65.048,,41.462,-1,,,-1,0,0,0,0,,,,0,,,
3,Day,0,E_Amb_L,Practice,27.122,7.553,-0.03,0.868,67.229,,42.236,-1,,,-1,0,0,0,0,,,,0,,,
3,Day,0,E_Amb_L,Practice,27.205,7.636,-0.032,0.868,68.812,,42.74,-1,,,-1,0,0,0,0,,,,0,,,
3,Day,0,E_Amb_L,Practice,27.303,7.734,-0.034,0.868,70.726,,42.898,-1,,,-1,0,0,0,0,,,,0,,,
3,Day,0,E_Amb_L,Practice,27.421,7.852,-0.036,0.868,72.978,,43.527,-1,,,-1,0,0,0,0,,,,0,,,
3,Day,0,E_Amb_L,Practice,27.504,7.935,-0.038,0.868,74.61,,44.068,-1,,,-1,0,0,0,0,,,,0,,,
3,Day,0,E_Amb_L,Practice,27.621,8.052,-0.04,0.868,76.927,,44.838,-1,,,-1,0,0,0,0,,,,0,,,
3,Day,0,E_Amb_L,Practice,27.704,8.135,-0.042,0.868,78.606,,45.28,-1,,,-1,0,0,0,0,,,,0,,,
3,Day,0,E_Amb_L,Practice,27.803,8.234,-0.044,0.868,80.632,,45.353,-1,,,-1,0,0,0,0,,,,0,,,
3,Day,0,E_Amb_L,Practice,27.903,8.334,-0.047,0.868,82.662,,45.596,-1,,,-1,0,0,0,0,,,,0,,,
3,Day,0,E_Amb_L,Practice,28.021,8.452,-0.049,0.868,85.058,,46.305,-1,,,-1,0,0,0,0,,,,0,,,
3,Day,0,E_Amb_L,Practice,28.104,8.535,-0.051,0.868,86.792,,46.851,-1,,,-1,0,0,0,0,,,,0,,,
3,Day,0,E_Amb_L,Practice,28.204,8.634,-0.054,0.868,88.9,,47.511,-1,,,-1,0,0,0,0,,,,0,,,
3,Day,0,E_Amb_L,Practice,28.303,8.734,-0.057,0.868,91.038,,48.173,-1,,,-1,0,0,0,0,,,,0,,,
3,Day,0,E_Amb_L,Practice,28.424,8.854,-0.06,0.868,93.57,,48.944,-1,,,-1,0,0,0,0,,,,0,,,
3,Day,0,E_Amb_L,Practice,28.503,8.934,-0.062,0.868,95.402,,49.495,-1,,,-1,0,0,0,0,,,,0,,,
3,Day,0,E_Amb_L,Practice,28.603,9.034,-0.065,0.868,97.629,,50.156,-1,,,-1,0,0,0,0,,,,0,,,
3,Day,0,E_Amb_L,Practice,28.704,9.135,-0.068,0.868,99.885,,50.817,-1,,,-1,0,0,0,0,,,,0,,,
3,Day,0,E_Amb_L,Practice,28.806,9.237,-0.072,0.868,102.17,,51.478,-1,,,-1,0,0,0,0,,,,0,,,
3,Day,0,E_Amb_L,Practice,28.903,9.334,-0.075,0.868,104.485,,52.139,-1,,,-1,0,0,0,0,,,,0,,,
3,Day,0,E_Amb_L,Practice,29.004,9.435,-0.078,0.868,106.83,,52.799,-1,,,-1,0,0,0,0,,,,0,,,
3,Day,0,E_Amb_L,Practice,29.121,9.552,-0.083,0.868,109.603,,53.569,-1,,,-1,0,0,0,0,,,,0,,,
3,Day,0,E_Amb_L,Practice,29.205,9.636,-0.086,0.868,111.608,,54.12,-1,,,-1,0,0,0,0,,,,0,,,
3,Day,0,E_Amb_L,Practice,29.303,9.734,-0.089,0.868,114.041,,54.779,-1,,,-1,0,0,0,0,,,,0,,,
3,Day,0,E_Amb_L,Practice,29.404,9.835,-0.093,0.868,116.503,,55.439,-1,,,-1,0,0,0,0,,,,0,,,
3,Day,0,E_Amb_L,Practice,29.521,9.952,-0.098,0.868,119.414,,56.209,-1,,,-1,0,0,0,0,,,,0,,,
3,Day,0,E_Amb_L,Practice,29.605,10.036,-0.102,0.868,121.517,,56.758,-1,,,-1,0,0,0,0,,,,0,,,
3,Day,0,E_Amb_L,Practice,29.703,10.134,-0.106,0.868,124.068,,57.409,-1,,,-1,0,0,0,0,,,,0,,,
3,Day,0,E_Amb_L,Practice,29.83,10.261,-0.112,0.868,127.07,,57.649,-1,,,-1,0,0,0,0,,,,0,,,
3,Day,0,E_Amb_L,Practice,29.904,10.335,-0.115,0.868,129.218,,57.644,-1,,,-1,0,0,0,0,,,,0,,,
3,Day,0,E_Amb_L,Practice,30.007,10.438,-0.12,0.868,131.795,,57.76,-1,,,-1,0,0,0,0,,,,0,,,
3,Day,0,E_Amb_L,Practice,30.105,10.536,-0.125,0.868,134.387,,58.284,-1,,,-1,0,0,0,0,,,,0,,,
3,Day,0,E_Amb_L,Practice,30.207,10.638,-0.13,0.868,137.005,,58.815,-1,,,-1,0,0,0,0,,,,0,,,
3,Day,0,E_Amb_L,Practice,30.306,10.736,-0.135,0.868,139.638,,58.926,-1,,,-1,0,0,0,0,,,,0,,,
3,Day,0,E_Amb_L,Practice,30.423,10.854,-0.099,0.868,142.702,,58.557,-1,,,-1,0,0,0,0,,,,0,,,
3,Day,0,E_Amb_L,Practice,30.505,10.936,-0.024,0.868,144.878,,58.371,-1,,,-1,0,0,0,0,,,,0,,,
3,Day,0,E_Amb_L,Practice,30.624,11.054,0.113,0.868,147.915,,58.116,-1,,,-1,0,0,0,0,,,,0,,,
3,Day,0,E_Amb_L,Practice,30.704,11.135,0.27,0.868,150.069,,57.928,-1,,,-1,0,0,0,0,,,,0,,,
3,Day,0,E_Amb_L,Practice,30.808,11.239,0.514,0.868,152.645,,57.819,-1,,,-1,0,0,0,0,,,,0,,,
3,Day,0,E_Amb_L,Practice,30.905,11.336,0.814,0.868,155.209,,57.657,-1,,,-1,0,0,0,0,,,,0,,,
3,Day,0,E_Amb_L,Practice,31.023,11.454,1.211,0.868,158.182,,57.338,-1,,,-1,0,0,0,0,,,,0,,,
3,Day,0,E_Amb_L,Practice,31.107,11.538,1.471,0.869,160.298,,57.089,-1,,,-1,0,0,0,0,,,,0,,,
3,Day,0,E_Amb_L,Practice,31.204,11.635,1.78,0.868,162.828,,56.983,-1,,,-1,0,0,0,0,,,,0,,,
3,Day,0,E_Amb_L,Practice,31.307,11.738,2.099,0.869,165.353,,56.82,-1,,,-1,0,0,0,0,,,,0,,,
3,Day,0,E_Amb_L,Practice,31.405,11.835,2.364,0.868,167.872,,56.558,-1,,,-1,0,0,0,0,,,,0,,,
3,Day,0,E_Amb_L,Practice,31.509,11.939,2.591,0.868,170.388,,56.436,-1,,,-1,0,0,0,0,,,,0,,,
3,Day,0,E_Amb_L,Practice,31.605,12.036,2.772,0.868,172.901,,56.396,-1,,,-1,0,0,0,0,,,,0,,,
3,Day,0,E_Amb_L,Practice,31.705,12.136,2.901,0.868,175.426,,56.794,-1,,,-1,0,0,0,0,,,,0,,,
3,Day,0,E_Amb_L,Practice,31.823,12.254,2.987,0.868,178.393,,57.01,-1,,,-1,0,0,0,0,,,,0,,,
3,Day,0,E_Amb_L,Practice,31.907,12.338,3.009,0.868,180.523,,57.391,-1,,,-1,0,0,0,0,,,,0,,,
3,Day,0,E_Amb_L,Practice,32.004,12.435,2.998,0.868,183.1,,57.926,-1,,,-1,0,0,0,0,,,,0,,,
3,Day,0,E_Amb_L,Practice,32.106,12.537,2.941,0.868,185.69,,57.874,-1,,,-1,0,0,0,0,,,,0,,,
3,Day,0,E_Amb_L,Practice,32.205,12.636,2.82,0.868,188.269,,57.677,-1,,,-1,0,0,0,0,,,,0,,,
3,Day,0,E_Amb_L,Practice,32.304,12.735,2.666,0.868,190.84,,57.573,-1,,,-1,0,0,0,0,,,,0,,,
3,Day,0,E_Amb_L,Practice,32.424,12.855,2.442,0.868,193.832,,57.551,-1,,,-1,0,0,0,0,,,,0,,,
3,Day,0,E_Amb_L,Practice,32.504,12.935,2.253,0.868,195.973,,57.906,-1,,,-1,0,0,0,0,,,,0,,,
3,Day,0,E_Amb_L,Practice,32.605,13.036,1.994,0.868,198.558,,58.248,-1,,,-1,0,0,0,0,,,,0,,,
3,Day,0,E_Amb_L,Practice,32.705,13.136,1.704,0.868,201.154,,58.682,-1,,,-1,0,0,0,0,,,,0,,,
3,Day,0,E_Amb_L,Practice,32.823,13.254,1.331,0.868,204.208,,59.385,-1,,,-1,0,0,0,0,,,,0,,,
3,Day,0,E_Amb_L,Practice,32.907,13.338,1.048,0.868,206.408,,59.596,-1,,,-1,0,0,0,0,,,,0,,,
3,Day,0,E_Amb_L,Practice,33.004,13.435,0.748,0.868,209.051,,59.395,-1,,,-1,0,0,0,0,,,,0,,,
3,Day,0,E_Amb_L,Practice,33.104,13.535,0.466,0.868,211.689,,59.333,-1,,,-1,0,0,0,0,,,,0,,,
3,Day,0,E_Amb_L,Practice,33.223,13.654,0.15,0.868,214.766,,59.29,-1,,,-1,0,0,0,0,,,,0,,,
3,Day,0,E_Amb_L,Practice,33.307,13.737,-0.058,0.868,216.969,,59.6,-1,,,-1,0,0,0,0,,,,0,,,
3,Day,0,E_Amb_L,Practice,33.422,13.853,-0.314,0.868,220.08,,60.017,-1,,,-1,0,0,0,0,,,,0,,,
3,Day,0,E_Amb_L,Practice,33.504,13.935,-0.472,0.868,222.312,,60.196,-1,,,-1,0,0,0,0,,,,0,,,
3,Day,0,E_Amb_L,Practice,33.623,14.054,-0.658,0.868,225.46,,60.811,-1,,,-1,0,0,0,0,,,,0,,,
3,Day,0,E_Amb_L,Practice,33.704,14.135,-0.769,0.868,227.73,,61.226,-1,,,-1,0,0,0,0,,,,0,,,
3,Day,0,E_Amb_L,Practice,33.804,14.235,-0.88,0.868,230.469,,61.328,-1,,,-1,0,0,0,0,,,,0,,,
3,Day,0,E_Amb_L,Practice,33.907,14.337,-0.959,0.868,233.206,,61.112,-1,,,-1,0,0,0,0,,,,0,,,
3,Day,0,E_Amb_L,Practice,34.004,14.435,-0.979,0.868,235.932,,60.895,-1,,,-1,0,0,0,0,,,,0,,,
3,Day,0,E_Amb_L,Practice,34.106,14.537,-0.973,0.868,238.651,,60.79,-1,,,-1,0,0,0,0,,,,0,,,
3,Day,0,E_Amb_L,Practice,34.205,14.636,-0.936,0.868,241.369,,60.926,-1,,,-1,0,0,0,0,,,,0,,,
3,Day,0,E_Amb_L,Practice,34.322,14.753,-0.85,0.868,244.558,,61.365,-1,,,-1,0,0,0,0,,,,0,,,
3,Day,0,E_Amb_L,Practice,34.405,14.836,-0.761,0.868,246.842,,61.413,-1,,,-1,0,0,0,0,,,,0,,,
3,Day,0,E_Amb_L,Practice,34.523,14.954,-0.6,0.868,250.05,,61.861,-1,,,-1,0,0,0,0,,,,0,,,
3,Day,0,E_Amb_L,Practice,34.604,15.035,-0.462,0.868,252.356,,62.105,-1,,,-1,0,0,0,0,,,,0,,,
3,Day,0,E_Amb_L,Practice,34.723,15.154,-0.242,0.868,255.589,,62.123,-1,,,-1,0,0,0,0,,,,0,,,
3,Day,0,E_Amb_L,Practice,34.804,15.235,-0.068,0.868,257.896,,62.078,-1,,,-1,0,0,0,0,,,,0,,,
3,Day,0,E_Amb_L,Practice,34.907,15.338,0.155,0.868,260.66,,62.008,-1,,,-1,0,0,0,0,,,,0,,,
3,Day,0,E_Amb_L,Practice,35.004,15.435,0.359,0.868,263.418,,61.668,-1,,,-1,0,0,0,0,,,,0,,,
3,Day,0,E_Amb_L,Practice,35.106,15.537,0.512,0.868,266.165,,61.471,-1,,,-1,0,0,0,0,,,,0,,,
3,Day,0,E_Amb_L,Practice,35.223,15.654,0.676,0.868,269.364,,61.46,-1,,,-1,0,0,0,0,,,,0,,,
3,Day,0,E_Amb_L,Practice,35.305,15.736,0.772,0.868,271.656,,61.802,-1,,,-1,0,0,0,0,,,,0,,,
3,Day,0,E_Amb_L,Practice,35.423,15.854,0.864,0.868,274.887,,62.078,-1,,,-1,0,0,0,0,,,,0,,,
3,Day,0,E_Amb_L,Practice,35.504,15.935,0.897,0.868,277.206,,62.422,-1,,,-1,0,0,0,0,,,,0,,,
3,Day,0,E_Amb_L,Practice,35.604,16.035,0.901,0.868,280.008,,62.939,-1,,,-1,0,0,0,0,,,,0,,,
3,Day,0,E_Amb_L,Practice,35.723,16.153,0.86,0.868,283.296,,63.167,-1,,,-1,0,0,0,0,,,,0,,,
3,Day,0,E_Amb_L,Practice,35.804,16.234,0.803,0.868,285.654,,63.554,-1,,,-1,0,0,0,0,,,,0,,,
3,Day,0,E_Amb_L,Practice,35.904,16.335,0.709,0.868,288.506,,64.099,-1,,,-1,0,0,0,0,,,,0,,,
3,Day,0,E_Amb_L,Practice,36.006,16.437,0.589,0.868,291.373,,64.256,-1,,,-1,0,0,0,0,,,,0,,,
3,Day,0,E_Amb_L,Practice,36.104,16.535,0.449,0.868,294.242,,64.239,-1,,,-1,0,0,0,0,,,,0,,,
3,Day,0,E_Amb_L,Practice,36.206,16.637,0.292,0.868,297.108,,64.177,-1,,,-1,0,0,0,0,,,,0,,,
3,Day,0,E_Amb_L,Practice,36.304,16.735,0.129,0.868,299.969,,63.98,-1,,,-1,0,0,0,0,,,,0,,,
3,Day,0,E_Amb_L,Practice,36.404,16.835,0.013,0.868,302.82,,63.697,-1,,,-1,0,0,0,0,,,,0,,,
3,Day,0,E_Amb_L,Practice,36.505,16.936,-0.088,0.868,305.663,,63.604,-1,,,-1,0,0,0,0,,,,0,,,
3,Day,0,E_Amb_L,Practice,36.604,17.035,-0.172,0.868,308.503,,63.555,-1,,,-1,0,0,0,0,,,,0,,,
3,Day,0,E_Amb_L,Practice,36.706,17.137,-0.229,0.868,311.35,,63.924,-1,,,-1,0,0,0,0,,,,0,,,
3,Day,0,E_Amb_L,Practice,36.804,17.235,-0.251,0.868,314.218,,64.48,-1,,,-1,0,0,0,0,,,,0,,,
3,Day,0,E_Amb_L,Practice,36.906,17.337,-0.237,0.868,317.112,,64.925,-1,,,-1,0,0,0,0,,,,0,,,
3,Day,0,E_Amb_L,Practice,37.004,17.435,-0.189,0.868,320.015,,64.983,-1,,,-1,0,0,0,0,,,,0,,,
3,Day,0,E_Amb_L,Practice,37.106,17.537,-0.11,0.868,322.918,,64.929,-1,,,-1,0,0,0,0,,,,0,,,
3,Day,0,E_Amb_L,Practice,37.204,17.635,-0.004,0.868,325.817,,64.849,-1,,,-1,0,0,0,0,,,,0,,,
3,Day,0,E_Amb_L,Practice,37.323,17.754,0.151,0.868,329.192,,64.749,-1,,,-1,0,0,0,0,,,,0,,,
3,Day,0,E_Amb_L,Practice,37.404,17.835,0.278,0.868,331.599,,64.679,-1,,,-1,0,0,0,0,,,,0,,,
3,Day,0,E_Amb_L,Practice,37.506,17.937,0.447,0.868,334.484,,64.597,-1,,,-1,0,0,0,0,,,,0,,,
3,Day,0,E_Amb_L,Practice,37.604,18.035,0.631,0.868,337.364,,64.518,-1,,,-1,0,0,0,0,,,,0,,,
3,Day,0,E_Amb_L,Practice,37.722,18.153,0.86,0.868,340.719,,64.427,-1,,,-1,0,0,0,0,,,,0,,,
3,Day,0,E_Amb_L,Practice,37.804,18.235,1.033,0.868,343.111,,64.363,-1,,,-1,0,0,0,0,,,,0,,,
3,Day,0,E_Amb_L,Practice,37.923,18.354,1.285,0.868,346.456,,64.276,-1,,,-1,0,0,0,0,,,,0,,,
3,Day,0,E_Amb_L,Practice,38.004,18.435,1.471,0.869,348.842,,64.214,-1,,,-1,0,0,0,0,,,,0,,,
3,Day,0,E_Amb_L,Practice,38.122,18.553,1.738,0.87,352.178,,64.127,-1,,,-1,0,0,0,0,,,,0,,,
3,Day,0,E_Amb_L,Practice,38.204,18.635,1.933,0.87,354.558,,64.066,-1,,,-1,0,0,0,0,,,,0,,,
3,Day,0,E_Amb_L,Practice,38.323,18.754,2.211,0.868,357.885,,63.981,-1,,,-1,0,0,0,0,,,,0,,,
3,Day,0,E_Amb_L,Practice,38.404,18.835,2.412,0.868,360.259,,63.92,-1,,,-1,0,0,0,0,,,,0,,,
3,Day,0,E_Amb_L,Practice,38.524,18.955,2.696,0.868,363.578,,63.835,-1,,,-1,0,0,0,0,,,,0,,,
3,Day,0,E_Amb_L,Practice,38.604,19.035,2.901,0.868,365.946,,63.775,-1,,,-1,0,0,0,0,,,,0,,,
3,Day,0,E_Amb_L,Practice,38.722,19.153,3.191,0.868,369.257,,63.69,-1,,,-1,0,0,0,0,,,,0,,,
3,Day,0,E_Amb_L,Practice,38.804,19.235,3.398,0.868,371.62,,63.63,-1,,,-1,0,0,0,0,,,,0,,,
3,Day,0,E_Amb_L,Practice,38.904,19.335,3.649,0.868,374.452,,63.558,-1,,,-1,0,0,0,0,,,,0,,,
3,Day,0,E_Amb_L,Practice,39.023,19.453,3.942,0.87,377.751,,63.474,-1,,,-1,0,0,0,0,,,,0,,,
3,Day,0,E_Amb_L,Practice,39.106,19.537,4.152,0.87,380.105,,63.414,-1,,,-1,0,0,0,0,,,,0,,,
3,Day,0,E_Amb_L,Practice,39.205,19.636,4.404,0.869,382.927,,63.302,-1,,,-1,0,0,0,0,,,,0,,,
3,Day,0,E_Amb_L,Practice,39.322,19.753,4.646,0.868,386.209,,62.955,-1,,,-1,0,0,0,0,,,,0,,,
3,Day,0,E_Amb_L,Practice,39.404,19.835,4.798,0.868,388.547,,62.873,-1,,,-1,0,0,0,0,,,,0,,,
3,Day,0,E_Amb_L,Practice,39.523,19.954,4.992,0.868,391.818,,62.766,-1,,,-1,0,0,0,0,,,,0,,,
3,Day,0,E_Amb_L,Practice,39.604,20.035,5.108,0.868,394.152,,62.686,-1,,,-1,0,0,0,0,,,,0,,,
3,Day,0,E_Amb_L,Practice,39.722,20.153,5.237,0.868,397.417,,62.571,-1,,,-1,0,0,0,0,,,,0,,,
3,Day,0,E_Amb_L,Practice,39.804,20.235,5.303,0.868,399.745,,62.49,-1,,,-1,0,0,0,0,,,,0,,,
3,Day,0,E_Amb_L,Practice,39.903,20.334,5.357,0.868,402.536,,62.396,-1,,,-1,0,0,0,0,,,,0,,,
3,Day,0,E_Amb_L,Practice,40.006,20.437,5.383,0.868,405.323,,62.306,-1,,,-1,0,0,0,0,,,,0,,,
3,Day,0,E_Amb_L,Practice,40.104,20.535,5.377,0.868,408.105,,62.038,-1,,,-1,0,0,0,0,,,,0,,,
3,Day,0,E_Amb_L,Practice,40.206,20.637,5.311,0.868,410.871,,61.802,-1,,,-1,0,0,0,0,,,,0,,,
3,Day,0,E_Amb_L,Practice,40.322,20.753,5.199,0.868,414.089,,61.671,-1,,,-1,0,0,0,0,,,,0,,,
3,Day,0,E_Amb_L,Practice,40.404,20.835,5.092,0.868,416.382,,61.582,-1,,,-1,0,0,0,0,,,,0,,,
3,Day,0,E_Amb_L,Practice,40.522,20.953,4.902,0.868,419.585,,61.459,-1,,,-1,0,0,0,0,,,,0,,,
3,Day,0,E_Amb_L,Practice,40.604,21.035,4.739,0.868,421.867,,61.375,-1,,,-1,0,0,0,0,,,,0,,,
3,Day,0,E_Amb_L,Practice,40.704,21.135,4.516,0.868,424.599,,61.28,-1,,,-1,0,0,0,0,,,,0,,,
3,Day,0,E_Amb_L,Practice,40.805,21.236,4.265,0.868,427.325,,61.19,-1,,,-1,0,0,0,0,,,,0,,,
3,Day,0,E_Amb_L,Practice,40.904,21.335,3.992,0.869,430.045,,61.105,-1,,,-1,0,0,0,0,,,,0,,,
3,Day,0,E_Amb_L,Practice,41.006,21.437,3.699,0.869,432.759,,61.024,-1,,,-1,0,0,0,0,,,,0,,,
3,Day,0,E_Amb_L,Practice,41.104,21.535,3.389,0.87,435.467,,60.947,-1,,,-1,0,0,0,0,,,,0,,,
3,Day,0,E_Amb_L,Practice,41.206,21.637,3.065,0.868,438.171,,60.872,-1,,,-1,0,0,0,0,,,,0,,,
3,Day,0,E_Amb_L,Practice,41.303,21.734,2.73,0.868,440.87,,60.799,-1,,,-1,0,0,0,0,,,,0,,,
3,Day,0,E_Amb_L,Practice,41.404,21.835,2.385,0.868,443.564,,60.727,-1,,,-1,0,0,0,0,,,,0,,,
3,Day,0,E_Amb_L,Practice,41.506,21.937,2.033,0.868,446.254,,60.656,-1,,,-1,0,0,0,0,,,,0,,,
3,Day,0,E_Amb_L,Practice,41.622,22.053,1.614,0.869,449.388,,60.575,-1,,,-1,0,0,0,0,,,,0,,,
3,Day,0,E_Amb_L,Practice,41.703,22.134,1.311,0.869,451.622,,60.517,-1,,,-1,0,0,0,0,,,,0,,,
3,Day,0,E_Amb_L,Practice,41.806,22.237,0.943,0.869,454.301,,60.448,-1,,,-1,0,0,0,0,,,,0,,,
3,Day,0,E_Amb_L,Practice,41.904,22.334,0.571,0.868,456.976,,60.379,-1,,,-1,0,0,0,0,,,,0,,,
3,Day,0,E_Amb_L,Practice,42.022,22.453,0.135,0.868,460.093,,60.298,-1,,,-1,0,0,0,0,,,,0,,,
3,Day,0,E_Amb_L,Practice,42.105,22.536,-0.178,0.868,462.316,,60.241,-1,,,-1,0,0,0,0,,,,0,,,
3,Day,0,E_Amb_L,Practice,42.204,22.635,-0.556,0.868,464.98,,60.173,-1,,,-1,0,0,0,0,,,,0,,,
3,Day,0,E_Amb_L,Practice,42.324,22.755,-0.998,0.868,468.086,,60.093,-1,,,-1,0,0,0,0,,,,0,,,
3,Day,0,E_Amb_L,Practice,42.403,22.834,-1.301,0.868,470.3,,59.857,-1,,,-1,0,0,0,0,,,,0,,,
3,Day,0,E_Amb_L,Practice,42.522,22.953,-1.682,0.868,473.393,,59.692,-1,,,-1,0,0,0,0,,,,0,,,
3,Day,0,E_Amb_L,Practice,42.604,23.035,-1.946,0.868,475.6,,59.625,-1,,,-1,0,0,0,0,,,,0,,,
3,Day,0,E_Amb_L,Practice,42.722,23.153,-2.258,0.868,478.683,,59.171,-1,,,-1,0,0,0,0,,,,0,,,
3,Day,0,E_Amb_L,Practice,42.804,23.235,-2.432,0.868,480.878,,59.048,-1,,,-1,0,0,0,0,,,,0,,,
3,Day,0,E_Amb_L,Practice,42.923,23.354,-2.631,0.868,483.947,,58.896,-1,,,-1,0,0,0,0,,,,0,,,
3,Day,0,E_Amb_L,Practice,43.004,23.435,-2.734,0.868,486.137,,58.783,-1,,,-1,0,0,0,0,,,,0,,,
3,Day,0,E_Amb_L,Practice,43.106,23.537,-2.814,0.868,488.76,,58.651,-1,,,-1,0,0,0,0,,,,0,,,
3,Day,0,E_Amb_L,Practice,43.204,23.634,-2.848,0.868,491.379,,58.527,-1,,,-1,0,0,0,0,,,,0,,,
3,Day,0,E_Amb_L,Practice,43.306,23.737,-2.84,0.868,493.993,,58.415,-1,,,-1,0,0,0,0,,,,0,,,
3,Day,0,E_Amb_L,Practice,43.404,23.835,-2.796,0.868,496.602,,58.315,-1,,,-1,0,0,0,0,,,,0,,,
3,Day,0,E_Amb_L,Practice,43.506,23.937,-2.721,0.868,499.206,,58.224,-1,,,-1,0,0,0,0,,,,0,,,
3,Day,0,E_Amb_L,Practice,43.603,24.034,-2.621,0.868,501.805,,58.141,-1,,,-1,0,0,0,0,,,,0,,,
3,Day,0,E_Amb_L,Practice,43.722,24.153,-2.478,0.868,504.831,,58.05,-1,,,-1,0,0,0,0,,,,0,,,
3,Day,0,E_Amb_L,Practice,43.806,24.237,-2.361,0.868,506.989,,57.989,-1,,,-1,0,0,0,0,,,,0,,,
3,Day,0,E_Amb_L,Practice,43.922,24.353,-2.182,0.868,510.006,,57.905,-1,,,-1,0,0,0,0,,,,0,,,
3,Day,0,E_Amb_L,Practice,44.006,24.437,-2.044,0.868,512.158,,57.848,-1,,,-1,0,0,0,0,,,,0,,,
3,Day,0,E_Amb_L,Practice,44.104,24.535,-1.871,0.868,514.736,,57.779,-1,,,-1,0,0,0,0,,,,0,,,
3,Day,0,E_Amb_L,Practice,44.224,24.655,-1.659,0.868,517.74,,57.701,-1,,,-1,0,0,0,0,,,,0,,,
3,Day,0,E_Amb_L,Practice,44.304,24.735,-1.503,0.868,519.885,,57.891,-1,,,-1,0,0,0,0,,,,0,,,
3,Day,0,E_Amb_L,Practice,44.406,24.837,-1.309,0.869,522.472,,58.103,-1,,,-1,0,0,0,0,,,,0,,,
3,Day,0,E_Amb_L,Practice,44.503,24.934,-1.111,0.868,525.062,,58.1,-1,,,-1,0,0,0,0,,,,0,,,
3,Day,0,E_Amb_L,Practice,44.606,25.037,-0.923,0.868,527.649,,57.87,-1,,,-1,0,0,0,0,,,,0,,,
3,Day,0,E_Amb_L,Practice,44.704,25.135,-0.783,0.868,530.227,,57.677,-1,,,-1,0,0,0,0,,,,0,,,
3,Day,0,E_Amb_L,Practice,44.805,25.236,-0.652,0.868,532.8,,57.596,-1,,,-1,0,0,0,0,,,,0,,,
3,Day,0,E_Amb_L,Practice,44.904,25.335,-0.54,0.868,535.371,,57.515,-1,,,-1,0,0,0,0,,,,0,,,
3,Day,0,E_Amb_L,Practice,45.006,25.437,-0.453,0.868,537.939,,57.472,-1,,,-1,0,0,0,0,,,,0,,,
3,Day,0,E_Amb_L,Practice,45.104,25.534,-0.392,0.868,540.514,,57.831,-1,,,-1,0,0,0,0,,,,0,,,
3,Day,0,E_Amb_L,Practice,45.206,25.637,-0.359,0.868,543.102,,57.929,-1,,,-1,0,0,0,0,,,,0,,,
3,Day,0,E_Amb_L,Practice,45.304,25.735,-0.349,0.868,545.691,,57.899,-1,,,-1,0,0,0,0,,,,0,,,
3,Day,0,E_Amb_L,Practice,45.406,25.837,-0.36,0.868,548.285,,58.253,-1,,,-1,0,0,0,0,,,,0,,,
3,Day,0,E_Amb_L,Practice,45.504,25.935,-0.391,0.868,550.9,,58.839,-1,,,-1,0,0,0,0,,,,0,,,
3,Day,0,E_Amb_L,Practice,45.606,26.037,-0.438,0.868,553.543,,59.477,-1,,,-1,0,0,0,0,,,,0,,,
3,Day,0,E_Amb_L,Practice,45.704,26.135,-0.469,0.868,556.21,,59.899,-1,,,-1,0,0,0,0,,,,0,,,
3,Day,0,E_Amb_L,Practice,45.806,26.237,-0.492,0.868,558.892,,60.056,-1,,,-1,0,0,0,0,,,,0,,,
3,Day,0,E_Amb_L,Practice,45.904,26.335,-0.514,0.868,561.576,,60.043,-1,,,-1,0,0,0,0,,,,0,,,
3,Day,0,E_Amb_L,Practice,46.005,26.436,-0.526,0.868,564.26,,60.081,-1,,,-1,0,0,0,0,,,,0,,,
3,Day,0,E_Amb_L,Practice,46.104,26.535,-0.524,0.868,566.954,,60.501,-1,,,-1,0,0,0,0,,,,0,,,
3,Day,0,E_Amb_L,Practice,46.207,26.637,-0.506,0.868,569.667,,60.956,-1,,,-1,0,0,0,0,,,,0,,,
3,Day,0,E_Amb_L,Practice,46.303,26.734,-0.471,0.868,572.401,,61.362,-1,,,-1,0,0,0,0,,,,0,,,
3,Day,0,E_Amb_L,Practice,46.407,26.838,-0.419,0.868,575.154,,61.877,-1,,,-1,0,0,0,0,,,,0,,,
3,Day,0,E_Amb_L,Practice,46.503,26.934,-0.353,0.868,577.928,,62.331,-1,,,-1,0,0,0,0,,,,0,,,
3,Day,0,E_Amb_L,Practice,46.606,27.037,-0.274,0.868,580.725,,62.875,-1,,,-1,0,0,0,0,,,,0,,,
3,Day,0,E_Amb_L,Practice,46.723,27.154,-0.166,0.868,584.015,,63.461,-1,,,-1,0,0,0,0,,,,0,,,
3,Day,0,E_Amb_L,Practice,46.803,27.234,-0.081,0.868,586.386,,63.978,-1,,,-1,0,0,0,0,,,,0,,,
3,Day,0,E_Amb_L,Practice,46.924,27.355,0.05,0.868,589.737,,64.571,-1,,,-1,0,0,0,0,,,,0,,,
3,Day,0,E_Amb_L,Practice,47.003,27.434,0.15,0.868,592.145,,64.895,-1,,,-1,0,0,0,0,,,,0,,,
3,Day,0,E_Amb_L,Practice,47.122,27.553,0.297,0.868,595.539,,65.415,-1,,,-1,0,0,0,0,,,,0,,,
3,Day,0,E_Amb_L,Practice,47.204,27.635,0.408,0.868,597.981,,65.882,-1,,,-1,0,0,0,0,,,,0,,,
3,Day,0,E_Amb_L,Practice,47.305,27.736,0.546,0.868,600.929,,66.111,-1,,,-1,0,0,0,0,,,,0,,,
3,Day,0,E_Amb_L,Practice,47.403,27.834,0.687,0.868,603.882,,66.121,-1,,,-1,0,0,0,0,,,,0,,,
3,Day,0,E_Amb_L,Practice,47.505,27.936,0.831,0.868,606.833,,66.071,-1,,,-1,0,0,0,0,,,,0,,,
3,Day,0,E_Amb_L,Practice,47.603,28.034,0.978,0.868,609.781,,66.004,-1,,,-1,0,0,0,0,,,,0,,,
3,Day,0,E_Amb_L,Practice,47.706,28.137,1.127,0.868,612.727,,65.931,-1,,,-1,0,0,0,0,,,,0,,,
3,Day,0,E_Amb_L,Practice,47.803,28.234,1.277,0.868,615.669,,65.857,-1,,,-1,0,0,0,0,,,,0,,,
3,Day,0,E_Amb_L,Practice,47.906,28.337,1.429,0.868,618.608,,65.782,-1,,,-1,0,0,0,0,,,,0,,,
3,Day,0,E_Amb_L,Practice,48.003,28.434,1.582,0.87,621.543,,65.719,-1,,,-1,0,0,0,0,,,,0,,,
3,Day,0,E_Amb_L,Practice,48.106,28.537,1.736,0.871,624.481,,65.948,-1,,,-1,0,0,0,0,,,,0,,,
3,Day,0,E_Amb_L,Practice,48.222,28.653,1.917,0.87,627.918,,65.994,-1,,,-1,0,0,0,0,,,,0,,,
3,Day,0,E_Amb_L,Practice,48.304,28.735,2.047,0.868,630.372,,65.959,-1,,,-1,0,0,0,0,,,,0,,,
3,Day,0,E_Amb_L,Practice,48.423,28.853,2.23,0.868,633.805,,65.884,-1,,,-1,0,0,0,0,,,,0,,,
3,Day,0,E_Amb_L,Practice,48.506,28.936,2.341,0.868,636.252,,65.595,-1,,,-1,0,0,0,0,,,,0,,,
3,Day,0,E_Amb_L,Practice,48.622,29.053,2.458,0.868,639.668,,65.47,-1,,,-1,0,0,0,0,,,,0,,,
3,Day,0,E_Amb_L,Practice,48.703,29.134,2.533,0.868,642.104,,65.395,-1,,,-1,0,0,0,0,,,,0,,,
3,Day,0,E_Amb_L,Practice,48.822,29.253,2.614,0.868,645.511,,65.288,-1,,,-1,0,0,0,0,,,,0,,,
3,Day,0,E_Amb_L,Practice,48.905,29.336,2.651,0.868,647.941,,65.209,-1,,,-1,0,0,0,0,,,,0,,,
3,Day,0,E_Amb_L,Practice,49.021,29.452,2.672,0.868,651.346,,65.508,-1,,,-1,0,0,0,0,,,,0,,,
3,Day,0,E_Amb_L,Practice,49.103,29.534,2.664,0.868,653.791,,65.735,-1,,,-1,0,0,0,0,,,,0,,,
3,Day,0,E_Amb_L,Practice,49.221,29.652,2.625,0.868,657.23,,66.246,-1,,,-1,0,0,0,0,,,,0,,,
3,Day,0,E_Amb_L,Practice,49.303,29.734,2.579,0.868,659.705,,66.74,-1,,,-1,0,0,0,0,,,,0,,,
3,Day,0,E_Amb_L,Practice,49.403,29.834,2.504,0.868,662.701,,67.37,-1,,,-1,0,0,0,0,,,,0,,,
3,Day,0,E_Amb_L,Practice,49.505,29.936,2.412,0.868,665.724,,68.014,-1,,,-1,0,0,0,0,,,,0,,,
3,Day,0,E_Amb_L,Practice,49.604,30.034,2.303,0.868,668.776,,68.664,-1,,,-1,0,0,0,0,,,,0,,,
3,Day,0,E_Amb_L,Practice,49.706,30.137,2.181,0.868,671.856,,69.315,-1,,,-1,0,0,0,0,,,,0,,,
3,Day,0,E_Amb_L,Practice,49.804,30.234,2.046,0.868,674.965,,69.924,-1,,,-1,0,0,0,0,,,,0,,,
3,Day,0,E_Amb_L,Practice,49.906,30.337,1.901,0.868,678.092,,70.122,-1,,,-1,0,0,0,0,,,,0,,,
3,Day,0,E_Amb_L,Practice,50.003,30.434,1.748,0.869,681.223,,70.126,-1,,,-1,0,0,0,0,,,,0,,,
3,Day,0,E_Amb_L,Practice,50.105,30.536,1.588,0.871,684.353,,70.072,-1,,,-1,0,0,0,0,,,,0,,,
3,Day,0,E_Amb_L,Practice,50.204,30.635,1.423,0.871,687.48,,70.001,-1,,,-1,0,0,0,0,,,,0,,,
3,Day,0,E_Amb_L,Practice,50.306,30.737,1.253,0.87,690.603,,69.924,-1,,,-1,0,0,0,0,,,,0,,,
3,Day,0,E_Amb_L,Practice,50.403,30.834,1.079,0.868,693.722,,69.845,-1,,,-1,0,0,0,0,,,,0,,,
3,Day,0,E_Amb_L,Practice,50.505,30.936,0.902,0.867,696.837,,69.766,-1,,,-1,0,0,0,0,,,,0,,,
3,Day,0,E_Amb_L,Practice,50.603,31.034,0.753,0.868,699.945,,69.409,-1,,,-1,0,0,0,0,,,,0,,,
3,Day,0,E_Amb_L,Practice,50.706,31.137,0.659,0.868,703.04,,69.19,-1,,,-1,0,0,0,0,,,,0,,,
3,Day,0,E_Amb_L,Practice,50.821,31.252,0.576,0.868,706.645,,69.057,-1,,,-1,0,0,0,0,,,,0,,,
3,Day,0,E_Amb_L,Practice,50.903,31.334,0.544,0.868,709.215,,68.952,-1,,,-1,0,0,0,0,,,,0,,,
3,Day,0,E_Amb_L,Practice,51.005,31.436,0.545,0.868,712.294,,68.815,-1,,,-1,0,0,0,0,,,,0,,,
3,Day,0,E_Amb_L,Practice,51.103,31.534,0.592,0.868,715.367,,68.719,-1,,,-1,0,0,0,0,,,,0,,,
3,Day,0,E_Amb_L,Practice,51.206,31.637,0.685,0.868,718.443,,69.04,-1,,,-1,0,0,0,0,,,,0,,,
3,Day,0,E_Amb_L,Practice,51.304,31.735,0.822,0.868,721.533,,69.338,-1,,,-1,0,0,0,0,,,,0,,,
3,Day,0,E_Amb_L,Practice,51.423,31.853,1.032,0.868,725.151,,69.741,-1,,,-1,0,0,0,0,,,,0,,,
3,Day,0,E_Amb_L,Practice,51.503,31.934,1.212,0.868,727.75,,70.19,-1,,,-1,0,0,0,0,,,,0,,,
3,Day,0,E_Amb_L,Practice,51.625,32.056,1.5,0.869,731.407,,70.414,-1,,,-1,0,0,0,0,,,,0,,,
3,Day,0,E_Amb_L,Practice,51.704,32.135,1.702,0.868,734.019,,70.204,-1,,,-1,0,0,0,0,,,,0,,,
3,Day,0,E_Amb_L,Practice,51.805,32.236,1.927,0.868,737.147,,70.123,-1,,,-1,0,0,0,0,,,,0,,,
3,Day,0,E_Amb_L,Practice,51.903,32.334,2.156,0.868,740.272,,70.046,-1,,,-1,0,0,0,0,,,,0,,,
3,Day,0,E_Amb_L,Practice,52.005,32.436,2.377,0.868,743.393,,69.962,-1,,,-1,0,0,0,0,,,,0,,,
3,Day,0,E_Amb_L,Practice,52.103,32.534,2.58,0.868,746.513,,69.871,-1,,,-1,0,0,0,0,,,,0,,,
3,Day,0,E_Amb_L,Practice,52.205,32.636,2.76,0.868,749.629,,69.775,-1,,,-1,0,0,0,0,,,,0,,,
3,Day,0,E_Amb_L,Practice,52.303,32.734,2.916,0.868,752.742,,69.677,-1,,,-1,0,0,0,0,,,,0,,,
3,Day,0,E_Amb_L,Practice,52.405,32.836,3.046,0.868,755.852,,69.581,-1,,,-1,0,0,0,0,,,,0,,,
3,Day,0,E_Amb_L,Practice,52.522,32.953,3.17,0.868,759.476,,69.47,-1,,,-1,0,0,0,0,,,,0,,,
3,Day,0,E_Amb_L,Practice,52.604,33.034,3.24,0.868,762.061,,69.406,-1,,,-1,0,0,0,0,,,,0,,,
3,Day,0,E_Amb_L,Practice,52.722,33.153,3.315,0.868,765.687,,69.693,-1,,,-1,0,0,0,0,,,,0,,,
3,Day,0,E_Amb_L,Practice,52.803,33.234,3.355,0.868,768.284,,69.753,-1,,,-1,0,0,0,0,,,,0,,,
3,Day,0,E_Amb_L,Practice,52.922,33.352,3.394,0.868,771.921,,69.713,-1,,,-1,0,0,0,0,,,,0,,,
3,Day,0,E_Amb_L,Practice,53.004,33.435,3.411,0.868,774.516,,69.668,-1,,,-1,0,0,0,0,,,,0,,,
3,Day,0,E_Amb_L,Practice,53.123,33.553,3.421,0.868,778.157,,70.062,-1,,,-1,0,0,0,0,,,,0,,,
3,Day,0,E_Amb_L,Practice,53.203,33.634,3.421,0.868,780.772,,70.304,-1,,,-1,0,0,0,0,,,,0,,,
3,Day,0,E_Amb_L,Practice,53.322,33.753,3.411,0.868,784.44,,70.343,-1,,,-1,0,0,0,0,,,,0,,,
3,Day,0,E_Amb_L,Practice,53.403,33.834,3.398,0.868,787.059,,70.305,-1,,,-1,0,0,0,0,,,,0,,,
3,Day,0,E_Amb_L,Practice,53.522,33.953,3.373,0.868,790.725,,70.225,-1,,,-1,0,0,0,0,,,,0,,,
3,Day,0,E_Amb_L,Practice,53.604,34.035,3.35,0.868,793.339,,70.122,-1,,,-1,0,0,0,0,,,,0,,,
3,Day,0,E_Amb_L,Practice,53.707,34.138,3.284,0.868,796.466,,69.834,-1,,,-1,0,0,0,0,,,,0,,,
3,Day,0,E_Amb_L,Practice,53.803,34.234,3.194,0.868,799.584,,69.725,-1,,,-1,0,0,0,0,,,,0,,,
3,Day,0,E_Amb_L,Practice,53.921,34.352,3.067,0.868,803.216,,69.608,-1,,,-1,0,0,0,0,,,,0,,,
3,Day,0,E_Amb_L,Practice,54.003,34.434,2.955,0.868,805.804,,69.523,-1,,,-1,0,0,0,0,,,,0,,,
3,Day,0,E_Amb_L,Practice,54.122,34.553,2.765,0.868,809.423,,69.401,-1,,,-1,0,0,0,0,,,,0,,,
3,Day,0,E_Amb_L,Practice,54.204,34.635,2.606,0.868,812.004,,69.53,-1,,,-1,0,0,0,0,,,,0,,,
3,Day,0,E_Amb_L,Practice,54.322,34.753,2.349,0.868,815.624,,69.62,-1,,,-1,0,0,0,0,,,,0,,,
3,Day,0,E_Amb_L,Practice,54.404,34.834,2.144,0.868,818.209,,69.582,-1,,,-1,0,0,0,0,,,,0,,,
3,Day,0,E_Amb_L,Practice,54.521,34.952,1.839,0.868,821.822,,69.375,-1,,,-1,0,0,0,0,,,,0,,,
3,Day,0,E_Amb_L,Practice,54.603,35.034,1.655,0.868,824.395,,69.115,-1,,,-1,0,0,0,0,,,,0,,,
3,Day,0,E_Amb_L,Practice,54.722,35.153,1.413,0.868,827.988,,69,-1,,,-1,0,0,0,0,,,,0,,,
3,Day,0,E_Amb_L,Practice,54.803,35.234,1.249,0.869,830.552,,68.921,-1,,,-1,0,0,0,0,,,,0,,,
3,Day,0,E_Amb_L,Practice,54.921,35.352,1.05,0.868,834.138,,68.797,-1,,,-1,0,0,0,0,,,,0,,,
3,Day,0,E_Amb_L,Practice,55.003,35.434,0.936,0.868,836.696,,68.7,-1,,,-1,0,0,0,0,,,,0,,,
3,Day,0,E_Amb_L,Practice,55.105,35.536,0.834,0.868,839.763,,68.581,-1,,,-1,0,0,0,0,,,,0,,,
3,Day,0,E_Amb_L,Practice,55.221,35.652,0.761,0.868,843.336,,68.445,-1,,,-1,0,0,0,0,,,,0,,,
3,Day,0,E_Amb_L,Practice,55.303,35.734,0.739,0.868,845.884,,68.352,-1,,,-1,0,0,0,0,,,,0,,,
3,Day,0,E_Amb_L,Practice,55.405,35.836,0.741,0.868,848.937,,68.246,-1,,,-1,0,0,0,0,,,,0,,,
3,Day,0,E_Amb_L,Practice,55.522,35.953,0.78,0.868,852.493,,68.13,-1,,,-1,0,0,0,0,,,,0,,,
3,Day,0,E_Amb_L,Practice,55.603,36.034,0.829,0.868,855.031,,68.052,-1,,,-1,0,0,0,0,,,,0,,,
3,Day,0,E_Amb_L,Practice,55.705,36.136,0.907,0.868,858.07,,67.962,-1,,,-1,0,0,0,0,,,,0,,,
3,Day,0,E_Amb_L,Practice,55.803,36.234,1.003,0.868,861.105,,67.875,-1,,,-1,0,0,0,0,,,,0,,,
3,Day,0,E_Amb_L,Practice,55.905,36.336,1.115,0.868,864.135,,67.791,-1,,,-1,0,0,0,0,,,,0,,,
3,Day,0,E_Amb_L,Practice,56.004,36.435,1.241,0.868,867.161,,67.709,-1,,,-1,0,0,0,0,,,,0,,,
3,Day,0,E_Amb_L,Practice,56.105,36.536,1.377,0.868,870.183,,67.628,-1,,,-1,0,0,0,0,,,,0,,,
3,Day,0,E_Amb_L,Practice,56.204,36.635,1.524,0.87,873.201,,67.549,-1,,,-1,0,0,0,0,,,,0,,,
3,Day,0,E_Amb_L,Practice,56.304,36.735,1.648,0.87,876.211,,67.209,-1,,,-1,0,0,0,0,,,,0,,,
3,Day,0,E_Amb_L,Practice,56.403,36.834,1.729,0.87,879.21,,67.051,-1,,,-1,0,0,0,0,,,,0,,,
3,Day,0,E_Amb_L,Practice,56.505,36.936,1.798,0.868,882.205,,66.953,-1,,,-1,0,0,0,0,,,,0,,,
3,Day,0,E_Amb_L,Practice,56.621,37.052,1.847,0.868,885.693,,66.829,-1,,,-1,0,0,0,0,,,,0,,,
3,Day,0,E_Amb_L,Practice,56.703,37.134,1.854,0.868,888.181,,66.734,-1,,,-1,0,0,0,0,,,,0,,,
3,Day,0,E_Amb_L,Practice,56.804,37.235,1.828,0.868,891.162,,66.619,-1,,,-1,0,0,0,0,,,,0,,,
3,Day,0,E_Amb_L,Practice,56.903,37.334,1.781,0.868,894.135,,66.362,-1,,,-1,0,0,0,0,,,,0,,,
3,Day,0,E_Amb_L,Practice,57.005,37.436,1.781,0.868,897.094,,66.009,-1,,,-1,0,0,0,0,,,,0,,,
3,Day,0,E_Amb_L,Practice,57.103,37.534,1.809,0.868,900.043,,65.907,-1,,,-1,0,0,0,0,,,,0,,,
3,Day,0,E_Amb_L,Practice,57.205,37.636,1.848,0.868,902.986,,65.808,-1,,,-1,0,0,0,0,,,,0,,,
3,Day,0,E_Amb_L,Practice,57.303,37.734,1.92,0.868,905.924,,65.682,-1,,,-1,0,0,0,0,,,,0,,,
3,Day,0,E_Amb_L,Practice,57.405,37.836,2.039,0.868,908.855,,65.538,-1,,,-1,0,0,0,0,,,,0,,,
3,Day,0,E_Amb_L,Practice,57.503,37.934,2.209,0.868,911.777,,65.389,-1,,,-1,0,0,0,0,,,,0,,,
3,Day,0,E_Amb_L,Practice,57.605,38.036,2.419,0.868,914.688,,65.155,-1,,,-1,0,0,0,0,,,,0,,,
3,Day,0,E_Amb_L,Practice,57.703,38.134,2.602,0.868,917.589,,64.886,-1,,,-1,0,0,0,0,,,,0,,,
3,Day,0,E_Amb_L,Practice,57.805,38.235,2.794,0.868,920.481,,64.788,-1,,,-1,0,0,0,0,,,,0,38.168,,
3,Day,0,E_Amb_L,Practice,57.905,38.336,2.994,0.868,923.368,,64.71,-1,,,-1,0,0,0,0,,,,0,38.168,,
3,Day,0,E_Amb_L,Practice,58.004,38.434,3.184,0.868,926.253,,64.628,-1,,,-1,0,0,0,0,,,,0,38.168,,
3,Day,0,E_Amb_L,Practice,58.103,38.534,3.353,0.868,929.135,,64.538,-1,,,-1,0,0,0,0,,,,0,38.168,,
3,Day,0,E_Amb_L,Practice,58.202,38.633,3.497,0.868,932.014,,64.444,-1,,,-1,0,0,0,0,,,,0,38.168,,
3,Day,0,E_Amb_L,Practice,58.302,38.733,3.614,0.868,934.89,,64.349,-1,,,-1,0,0,0,0,,,,0,38.168,,
3,Day,0,E_Amb_L,Practice,58.403,38.833,3.704,0.868,937.763,,64.256,-1,,,-1,0,0,0,0,,,,0,38.168,,
3,Day,0,E_Amb_L,Practice,58.52,38.951,3.774,0.868,941.11,,64.021,-1,,,-1,0,0,0,0,,,,0,38.168,,
3,Day,0,E_Amb_L,Practice,58.604,39.035,3.773,0.868,943.49,,63.762,-1,,,-1,0,0,0,0,,,,0,38.168,,
3,Day,0,E_Amb_L,Practice,58.702,39.133,3.741,0.869,946.336,,63.635,-1,,,-1,0,0,0,0,,,,0,38.168,,
3,Day,0,E_Amb_L,Practice,58.802,39.233,3.677,0.871,949.178,,63.521,-1,,,-1,0,0,0,0,,,,0,38.168,,
3,Day,0,E_Amb_L,Practice,58.903,39.333,3.578,0.869,952.014,,63.411,-1,,,-1,0,0,0,0,,,,0,38.168,,
3,Day,0,E_Amb_L,Practice,59.038,39.469,3.391,0.868,955.784,,63.267,-1,,,-1,0,0,0,0,,,,0,38.168,,
3,Day,0,E_Amb_L,Practice,59.139,39.57,3.213,0.868,958.605,,63.166,-1,,,-1,0,0,0,0,,,,0,38.168,,
3,Day,0,E_Amb_L,Practice,59.219,39.65,3.068,0.868,960.949,,62.89,-1,,,-1,0,0,0,0,,,,0,38.168,,
3,Day,0,E_Amb_L,Practice,59.336,39.767,2.907,0.868,964.218,,62.684,-1,,,-1,0,0,0,0,,,,0,38.168,,
3,Day,0,E_Amb_L,Practice,59.437,39.867,2.767,0.868,967.015,,62.604,-1,,,-1,0,0,0,0,,,,0,38.168,,
3,Day,0,E_Amb_L,Practice,59.537,39.968,2.642,0.868,969.808,,62.518,-1,,,-1,0,0,0,0,,,,0,38.168,,
3,Day,0,E_Amb_L,Practice,59.637,40.068,2.542,0.868,972.599,,62.423,-1,,,-1,0,0,0,0,,,,0,38.168,,
3,Day,0,E_Amb_L,Practice,59.719,40.15,2.482,0.868,974.922,,62.34,-1,,,-1,0,0,0,0,,,,0,38.168,,
3,Day,0,E_Amb_L,Practice,59.819,40.249,2.438,0.868,977.707,,62.241,-1,,,-1,0,0,0,0,,,,0,38.168,,
3,Day,0,E_Amb_L,Practice,59.918,40.349,2.425,0.868,980.487,,62.144,-1,,,-1,0,0,0,0,,,,0,38.168,,
3,Day,0,E_Amb_L,Practice,60.036,40.467,2.444,0.868,983.726,,62.037,-1,,,-1,0,0,0,0,,,,0,38.168,,
3,Day,0,E_Amb_L,Practice,60.137,40.568,2.487,0.868,986.497,,61.951,-1,,,-1,0,0,0,0,,,,0,38.168,,
3,Day,0,E_Amb_L,Practice,60.237,40.668,2.528,0.868,989.261,,61.659,-1,,,-1,0,0,0,0,,,,0,38.168,,
3,Day,0,E_Amb_L,Practice,60.32,40.751,2.543,0.868,991.556,,61.571,-1,,,-1,0,0,0,0,,,,0,38.168,,
3,Day,0,E_Amb_L,Practice,60.436,40.867,2.569,0.868,994.765,,61.481,-1,,,-1,0,0,0,0,,,,0,38.168,,
3,Day,0,E_Amb_L,Practice,60.536,40.967,2.584,0.868,997.512,,61.405,-1,,,-1,0,0,0,0,,,,0,38.168,,
3,Day,0,E_Amb_L,Practice,60.62,41.051,2.584,0.868,999.798,,61.339,-1,,,-1,0,0,0,0,,,,0,38.168,,
3,Day,0,E_Amb_L,Practice,60.72,41.151,2.567,0.868,1002.538,,61.257,-1,,,-1,0,0,0,0,,,,0,38.168,,
3,Day,0,E_Amb_L,Practice,60.818,41.249,2.53,0.868,1005.275,,61.175,-1,,,-1,0,0,0,0,,,,0,38.168,,
3,Day,0,E_Amb_L,Practice,60.937,41.368,2.461,0.868,1008.462,,61.081,-1,,,-1,0,0,0,0,,,,0,38.168,,
3,Day,0,E_Amb_L,Practice,61.019,41.45,2.397,0.868,1010.735,,61.015,-1,,,-1,0,0,0,0,,,,0,38.168,,
3,Day,0,E_Amb_L,Practice,61.136,41.567,2.288,0.868,1013.913,,60.925,-1,,,-1,0,0,0,0,,,,0,38.168,,
3,Day,0,E_Amb_L,Practice,61.22,41.65,2.199,0.868,1016.18,,60.863,-1,,,-1,0,0,0,0,,,,0,38.168,,
3,Day,0,E_Amb_L,Practice,61.318,41.749,2.08,0.868,1018.897,,60.789,-1,,,-1,0,0,0,0,,,,0,38.168,,
3,Day,0,E_Amb_L,Practice,61.419,41.85,1.95,0.868,1021.609,,60.717,-1,,,-1,0,0,0,0,,,,0,38.168,,
3,Day,0,E_Amb_L,Practice,61.518,41.949,1.811,0.868,1024.318,,60.646,-1,,,-1,0,0,0,0,,,,0,38.168,,
3,Day,0,E_Amb_L,Practice,61.636,42.067,1.64,0.87,1027.475,,60.564,-1,,,-1,0,0,0,0,,,,0,38.168,,
3,Day,0,E_Amb_L,Practice,61.718,42.149,1.512,0.869,1029.726,,60.505,-1,,,-1,0,0,0,0,,,,0,38.168,,
3,Day,0,E_Amb_L,Practice,61.82,42.251,1.354,0.869,1032.425,,60.436,-1,,,-1,0,0,0,0,,,,0,38.168,,
3,Day,0,E_Amb_L,Practice,61.937,42.368,1.165,0.868,1035.57,,60.45,-1,,,-1,0,0,0,0,,,,0,38.168,,
3,Day,0,E_Amb_L,Practice,62.019,42.45,1.026,0.868,1037.822,,60.812,-1,,,-1,0,0,0,0,,,,0,38.168,,
3,Day,0,E_Amb_L,Practice,62.119,42.55,0.855,0.868,1040.541,,61.04,-1,,,-1,0,0,0,0,,,,0,38.168,,
3,Day,0,E_Amb_L,Practice,62.218,42.649,0.681,0.868,1043.271,,61.35,-1,,,-1,0,0,0,0,,,,0,38.168,,
3,Day,0,E_Amb_L,Practice,62.319,42.75,0.506,0.868,1046.009,,61.309,-1,,,-1,0,0,0,0,,,,0,38.168,,
3,Day,0,E_Amb_L,Practice,62.437,42.868,0.359,0.868,1049.195,,61.036,-1,,,-1,0,0,0,0,,,,0,38.168,,
3,Day,0,E_Amb_L,Practice,62.519,42.95,0.269,0.868,1051.465,,60.966,-1,,,-1,0,0,0,0,,,,0,38.168,,
3,Day,0,E_Amb_L,Practice,62.637,43.068,0.199,0.868,1054.633,,60.503,-1,,,-1,0,0,0,0,,,,0,38.168,,
3,Day,0,E_Amb_L,Practice,62.718,43.149,0.201,0.868,1056.884,,60.372,-1,,,-1,0,0,0,0,,,,0,38.168,,
3,Day,0,E_Amb_L,Practice,62.837,43.268,0.254,0.868,1060.028,,60.197,-1,,,-1,0,0,0,0,,,,0,38.168,,
3,Day,0,E_Amb_L,Practice,62.919,43.349,0.327,0.868,1062.266,,59.986,-1,,,-1,0,0,0,0,,,,0,38.168,,
3,Day,0,E_Amb_L,Practice,63.019,43.45,0.393,0.868,1064.941,,59.718,-1,,,-1,0,0,0,0,,,,0,38.168,,
3,Day,0,E_Amb_L,Practice,63.121,43.552,0.48,0.868,1067.607,,59.61,-1,,,-1,0,0,0,0,,,,0,38.168,,
3,Day,0,E_Amb_L,Practice,63.219,43.65,0.587,0.868,1070.27,,59.698,-1,,,-1,0,0,0,0,,,,0,38.168,,
3,Day,0,E_Amb_L,Practice,63.319,43.75,0.697,0.868,1072.944,,60.042,-1,,,-1,0,0,0,0,,,,0,38.168,,
3,Day,0,E_Amb_L,Practice,63.42,43.851,0.8,0.868,1075.628,,60.182,-1,,,-1,0,0,0,0,,,,0,38.168,,
3,Day,0,E_Amb_L,Practice,63.519,43.95,0.891,0.868,1078.325,,60.507,-1,,,-1,0,0,0,0,,,,0,38.168,,
3,Day,0,E_Amb_L,Practice,63.621,44.052,0.968,0.868,1081.031,,60.708,-1,,,-1,0,0,0,0,,,,0,38.168,,
3,Day,0,E_Amb_L,Practice,63.739,44.17,1.038,0.868,1084.209,,61.173,-1,,,-1,0,0,0,0,,,,0,38.168,,
3,Day,0,E_Amb_L,Practice,63.819,44.25,1.075,0.868,1086.49,,61.391,-1,,,-1,0,0,0,0,,,,0,38.168,,
3,Day,0,E_Amb_L,Practice,63.938,44.369,1.111,0.868,1089.705,,61.869,-1,,,-1,0,0,0,0,,,,0,38.168,,
3,Day,0,E_Amb_L,Practice,64.019,44.45,1.126,0.868,1092.011,,61.931,-1,,,-1,0,0,0,0,,,,0,38.168,,
3,Day,0,E_Amb_L,Practice,64.138,44.569,1.134,0.868,1095.24,,61.892,-1,,,-1,0,0,0,0,,,,0,38.168,,
3,Day,0,E_Amb_L,Practice,64.22,44.65,1.131,0.868,1097.545,,61.841,-1,,,-1,0,0,0,0,,,,0,38.168,,
3,Day,0,E_Amb_L,Practice,64.321,44.752,1.094,0.868,1100.302,,61.483,-1,,,-1,0,0,0,0,,,,0,38.168,,
3,Day,0,E_Amb_L,Practice,64.419,44.85,1.014,0.868,1103.047,,61.367,-1,,,-1,0,0,0,0,,,,0,38.168,,
3,Day,0,E_Amb_L,Practice,64.521,44.952,0.917,0.868,1105.788,,61.432,-1,,,-1,0,0,0,0,,,,0,38.168,,
3,Day,0,E_Amb_L,Practice,64.619,45.05,0.791,0.868,1108.535,,61.579,-1,,,-1,0,0,0,0,,,,0,38.168,,
3,Day,0,E_Amb_L,Practice,64.722,45.153,0.634,0.868,1111.288,,61.868,-1,,,-1,0,0,0,0,,,,0,38.168,,
3,Day,0,E_Amb_L,Practice,64.838,45.269,0.41,0.868,1114.515,,62.191,-1,,,-1,0,0,0,0,,,,0,38.168,,
3,Day,0,E_Amb_L,Practice,64.919,45.35,0.226,0.868,1116.83,,62.588,-1,,,-1,0,0,0,0,,,,0,38.168,,
3,Day,0,E_Amb_L,Practice,65.038,45.469,-0.05,0.868,1120.088,,62.621,-1,,,-1,0,0,0,0,,,,0,38.168,,
3,Day,0,E_Amb_L,Practice,65.119,45.55,-0.232,0.868,1122.412,,62.583,-1,,,-1,0,0,0,0,,,,0,38.168,,
3,Day,0,E_Amb_L,Practice,65.226,45.656,-0.463,0.868,1125.199,,62.523,-1,,,-1,0,0,0,0,,,,0,38.168,,
3,Day,0,E_Amb_L,Practice,65.339,45.769,-0.732,0.868,1128.454,,62.861,-1,,,-1,0,0,0,0,,,,0,38.168,,
3,Day,0,E_Amb_L,Practice,65.419,45.85,-0.92,0.868,1130.794,,63.173,-1,,,-1,0,0,0,0,,,,0,38.168,,
3,Day,0,E_Amb_L,Practice,65.521,45.952,-1.118,0.868,1133.61,,62.996,-1,,,-1,0,0,0,0,,,,0,38.168,,
3,Day,0,E_Amb_L,Practice,65.638,46.069,-1.26,0.868,1136.882,,62.677,-1,,,-1,0,0,0,0,,,,0,38.168,,
3,Day,0,E_Amb_L,Practice,65.72,46.151,-1.329,0.868,1139.214,,62.542,-1,,,-1,0,0,0,0,,,,0,38.168,,
3,Day,0,E_Amb_L,Practice,65.838,46.268,-1.345,0.868,1142.474,,62.534,-1,,,-1,0,0,0,0,,,,0,38.168,,
3,Day,0,E_Amb_L,Practice,65.919,46.35,-1.307,0.87,1144.802,,62.477,-1,,,-1,0,0,0,0,,,,0,38.168,,
3,Day,0,E_Amb_L,Practice,66.021,46.452,-1.206,0.87,1147.596,,62.73,-1,,,-1,0,0,0,1,,,,0,38.168,,
3,Day,0,E_Amb_L,Practice,66.138,46.569,-1.008,0.869,1150.87,,63.023,-1,,,-1,0,0,0,1,,,,0,38.168,,
3,Day,0,E_Amb_L,Practice,66.219,46.65,-0.818,0.868,1153.215,,63.348,-1,,,-1,0,0,0,1,,,,0,38.168,,
3,Day,0,E_Amb_L,Practice,66.338,46.769,-0.545,0.868,1156.513,,63.438,-1,,,-1,0,0,0,1,,,,0,38.168,,
3,Day,0,E_Amb_L,Practice,66.419,46.85,-0.362,0.868,1158.868,,63.422,-1,,,-1,0,0,0,1,,,,0,38.168,,
3,Day,0,E_Amb_L,Practice,66.519,46.95,-0.127,0.868,1161.693,,63.467,-1,,,-1,0,0,0,1,,,,0,38.168,,
3,Day,0,E_Amb_L,Practice,66.622,47.053,0.105,0.868,1164.529,,63.878,-1,,,-1,0,0,0,1,,,,0,38.168,,
3,Day,0,E_Amb_L,Practice,66.738,47.169,0.355,0.868,1167.856,,64.092,-1,,,-1,0,0,0,1,,,,0,38.168,,
3,Day,0,E_Amb_L,Practice,66.819,47.25,0.513,0.868,1170.244,,64.464,-1,,,-1,0,0,0,1,,,,0,38.168,,
3,Day,0,E_Amb_L,Practice,66.937,47.368,0.701,0.868,1173.608,,64.803,-1,,,-1,0,0,0,1,,,,0,38.168,,
3,Day,0,E_Amb_L,Practice,67.019,47.45,0.812,0.868,1176.026,,65.223,-1,,,-1,0,0,0,1,,,,0,38.168,,
3,Day,0,E_Amb_L,Practice,67.139,47.57,0.937,0.868,1179.432,,65.426,-1,,,-1,0,0,0,1,,,,0,38.168,,
3,Day,0,E_Amb_L,Practice,67.219,47.65,1.006,0.868,1181.868,,65.41,-1,,,-1,0,0,0,1,,,,0,38.168,,
3,Day,0,E_Amb_L,Practice,67.338,47.769,1.077,0.868,1185.277,,65.334,-1,,,-1,0,0,0,1,,,,0,38.168,,
3,Day,0,E_Amb_L,Practice,67.419,47.85,1.112,0.868,1187.709,,65.269,-1,,,-1,0,0,0,1,,,,0,38.168,,
3,Day,0,E_Amb_L,Practice,67.519,47.949,1.139,0.868,1190.625,,65.19,-1,,,-1,0,0,0,1,,,,0,38.168,,
3,Day,0,E_Amb_L,Practice,67.637,48.068,1.153,0.868,1194.023,,65.098,-1,,,-1,0,0,0,1,,,,0,38.168,,
3,Day,0,E_Amb_L,Practice,67.719,48.15,1.152,0.868,1196.446,,65.033,-1,,,-1,0,0,0,1,,,,0,38.168,,
3,Day,0,E_Amb_L,Practice,67.838,48.269,1.141,0.868,1199.834,,64.738,-1,,,-1,0,0,0,1,,,,0,38.168,,
3,Day,0,E_Amb_L,Practice,67.919,48.35,1.125,0.868,1202.237,,64.24,-1,,,-1,0,0,0,1,,,,0,38.168,,
3,Day,0,E_Amb_L,Practice,68.038,48.469,1.096,0.868,1205.573,,63.67,-1,,,-1,0,0,0,1,,,,0,38.168,,
3,Day,0,E_Amb_L,Practice,68.119,48.55,1.07,0.868,1207.936,,63.149,-1,,,-1,0,0,0,1,,,,0,38.168,,
3,Day,0,E_Amb_L,Practice,68.238,48.669,1.028,0.868,1211.218,,62.675,-1,,,-1,0,0,0,1,,,,0,38.168,,
3,Day,0,E_Amb_L,Practice,68.319,48.75,0.996,0.868,1213.544,,62.177,-1,,,-1,0,0,0,1,,,,0,38.168,,
3,Day,0,E_Amb_L,Practice,68.418,48.849,0.954,0.868,1216.31,,61.502,-1,,,-1,0,0,0,1,,,,0,38.168,,
3,Day,0,E_Amb_L,Practice,68.521,48.951,0.909,0.868,1219.045,,60.809,-1,,,-1,0,0,0,1,,,,0,38.168,,
3,Day,0,E_Amb_L,Practice,68.636,49.067,0.855,0.868,1222.201,,60.322,-1,,,-1,0,0,0,1,,,,0,38.168,,
3,Day,0,E_Amb_L,Practice,68.718,49.149,0.814,0.868,1224.445,,60.048,-1,,,-1,0,0,0,1,,,,0,38.168,,
3,Day,0,E_Amb_L,Practice,68.819,49.25,0.765,0.868,1227.116,,59.433,-1,,,-1,0,0,0,1,,,,0,38.168,,
3,Day,0,E_Amb_L,Practice,68.92,49.351,0.715,0.868,1229.759,,58.751,-1,,,-1,0,0,0,1,,,,0,38.168,,
3,Day,0,E_Amb_L,Practice,69.019,49.45,0.665,0.868,1232.371,,58.057,-1,,,-1,0,0,0,1,,,,0,38.168,,
3,Day,0,E_Amb_L,Practice,69.137,49.568,0.605,0.868,1235.379,,57.244,-1,,,-1,0,0,0,1,,,,0,38.168,,
3,Day,0,E_Amb_L,Practice,69.221,49.652,0.563,0.868,1237.501,,56.664,-1,,,-1,0,0,0,1,,,,0,38.168,,
3,Day,0,E_Amb_L,Practice,69.321,49.752,0.512,0.868,1240.02,,55.968,-1,,,-1,0,0,0,1,,,,0,38.168,,
3,Day,0,E_Amb_L,Practice,69.42,49.851,0.462,0.868,1242.507,,55.272,-1,,,-1,0,0,0,1,,,,0,38.168,,
3,Day,0,E_Amb_L,Practice,69.519,49.949,0.412,0.868,1244.964,,54.576,-1,,,-1,0,0,0,1,,,,0,38.168,,
3,Day,0,E_Amb_L,Practice,69.618,50.049,0.362,0.868,1247.389,,53.88,-1,,,-1,0,0,0,1,,,,0,38.168,,
3,Day,0,E_Amb_L,Practice,69.738,50.169,0.305,0.868,1250.179,,53.068,-1,,,-1,0,0,0,1,,,,1,38.168,69.669,3.65
3,Day,0,E_Amb_L,Practice,69.819,50.25,0.264,0.868,1252.146,,52.488,-1,,,-1,0,0,0,1,,,,1,38.168,69.669,3.65
3,Day,0,E_Amb_L,Practice,69.936,50.367,0.289,0.868,1254.59,,44.518,-1,,,-1,0,0,0,1,,,,1,38.168,69.669,3.65
3,Day,0,E_Amb_L,Practice,70.019,50.45,0.368,0.868,1256.235,,43.821,-1,,,-1,0,0,0,1,,,,1,38.168,69.669,3.65
3,Day,0,E_Amb_L,Practice,70.136,50.567,0.499,0.868,1258.497,,43.004,-1,,,-1,0,0,0,1,,,,1,38.168,69.669,3.65
3,Day,0,E_Amb_L,Practice,70.219,50.649,0.604,0.868,1260.086,,42.412,-1,,,-1,0,0,0,1,,,,1,38.168,69.669,3.65
3,Day,0,E_Amb_L,Practice,70.321,50.752,0.752,0.868,1261.961,,41.692,-1,,,-1,0,0,0,1,,,,1,38.168,69.669,3.65
3,Day,0,E_Amb_L,Practice,70.419,50.85,0.926,0.868,1263.802,,40.973,-1,,,-1,0,0,0,1,,,,1,38.168,69.669,3.65
3,Day,0,E_Amb_L,Practice,70.521,50.951,1.124,0.868,1265.609,,40.259,-1,,,-1,0,0,0,1,,,,1,38.168,69.669,3.65
3,Day,0,E_Amb_L,Practice,70.619,51.05,1.342,0.869,1267.38,,39.454,-1,,,-1,0,0,0,1,,,,1,38.168,69.669,3.65
3,Day,0,E_Amb_L,Practice,70.721,51.152,1.612,0.869,1269.103,,38.441,-1,,,-1,0,0,0,1,,,,1,38.168,69.669,3.65
3,Day,0,E_Amb_L,Practice,70.818,51.249,1.932,0.868,1270.772,,37.593,-1,,,-1,0,0,0,1,,,,1,38.168,69.669,3.65
3,Day,0,E_Amb_L,Practice,70.921,51.352,2.267,0.87,1272.404,,36.898,-1,,,-1,0,0,0,1,,,,1,38.168,69.669,3.65
3,Day,0,E_Amb_L,Practice,71.019,51.45,2.618,0.869,1274,,36.171,-1,,,-1,0,0,0,1,,,,1,38.168,69.669,3.65
3,Day,0,E_Amb_L,Practice,71.12,51.551,2.985,0.868,1275.56,,35.46,-1,,,-1,0,0,0,1,,,,1,38.168,69.669,3.65
3,Day,0,E_Amb_L,Practice,71.219,51.65,3.334,0.868,1277.087,,34.508,-1,,,-1,0,0,0,1,,,,1,38.168,69.669,3.65
3,Day,0,E_Amb_L,Practice,71.337,51.768,3.659,0.87,1278.83,,33.42,-1,,,-1,0,0,0,1,,,,1,38.168,69.669,3.65
3,Day,0,E_Amb_L,Practice,71.419,51.85,3.86,0.869,1280.049,,32.819,-1,,,-1,0,0,0,1,,,,1,38.168,69.669,3.65
3,Day,0,E_Amb_L,Practice,71.52,51.951,4.094,0.868,1281.483,,32.23,-1,,,-1,0,0,0,1,,,,1,38.168,69.669,3.65
3,Day,0,E_Amb_L,Practice,71.619,52.049,4.309,0.869,1282.906,,32.138,-1,,,-1,0,0,0,1,,,,1,38.168,69.669,3.65
3,Day,0,E_Amb_L,Practice,71.718,52.149,4.503,0.868,1284.328,,32.086,-1,,,-1,0,0,0,1,,,,1,38.168,69.669,3.65
3,Day,0,E_Amb_L,Practice,71.837,52.268,4.707,0.868,1285.988,,32.034,-1,,,-1,0,0,0,1,,,,1,38.168,69.669,3.65
3,Day,0,E_Amb_L,Practice,71.919,52.349,4.841,0.868,1287.173,,31.999,-1,,,-1,0,0,0,1,,,,1,38.168,69.669,3.65
3,Day,0,E_Amb_L,Practice,72.037,52.468,5.015,0.868,1288.831,,31.953,-1,,,-1,0,0,0,1,,,,1,38.168,69.669,3.65
3,Day,0,E_Amb_L,Practice,72.118,52.549,5.133,0.868,1290.015,,31.922,-1,,,-1,0,0,0,1,,,,1,38.168,69.669,3.65
3,Day,0,E_Amb_L,Practice,72.237,52.668,5.291,0.868,1291.672,,31.879,-1,,,-1,0,0,0,1,,,,1,38.168,69.669,3.65
3,Day,0,E_Amb_L,Practice,72.318,52.749,5.4,0.868,1292.853,,31.848,-1,,,-1,0,0,0,1,,,,1,38.168,69.669,3.65
3,Day,0,E_Amb_L,Practice,72.437,52.868,5.549,0.868,1294.507,,31.806,-1,,,-1,0,0,0,1,,,,1,38.168,69.669,3.65
3,Day,0,E_Amb_L,Practice,72.519,52.95,5.654,0.868,1295.687,,31.776,-1,,,-1,0,0,0,1,,,,1,38.168,69.669,3.65
3,Day,0,E_Amb_L,Practice,72.637,53.067,5.799,0.868,1297.336,,31.734,-1,,,-1,0,0,0,1,,,,1,38.168,69.669,3.65
3,Day,0,E_Amb_L,Practice,72.719,53.15,5.902,0.868,1298.513,,31.704,-1,,,-1,0,0,0,1,,,,1,38.168,69.669,3.65
3,Day,0,E_Amb_L,Practice,72.837,53.267,6.044,0.868,1300.16,,31.662,-1,,,-1,0,0,0,1,,,,1,38.168,69.669,3.65
3,Day,0,E_Amb_L,Practice,72.918,53.349,6.145,0.868,1301.334,,31.632,-1,,,-1,0,0,0,1,,,,1,38.168,69.669,3.65
3,Day,0,E_Amb_L,Practice,73.037,53.468,6.286,0.868,1302.977,,31.59,-1,,,-1,0,0,0,1,,,,1,38.168,69.669,3.65
3,Day,0,E_Amb_L,Practice,73.119,53.55,6.387,0.868,1304.149,,31.56,-1,,,-1,0,0,0,1,,,,1,38.168,69.669,3.65
3,Day,0,E_Amb_L,Practice,73.238,53.669,6.527,0.868,1305.788,,31.518,-1,,,-1,0,0,0,1,,,,1,38.168,69.669,3.65
3,Day,0,E_Amb_L,Practice,73.318,53.749,6.627,0.868,1306.957,,31.488,-1,,,-1,0,0,0,1,,,,1,38.168,69.669,3.65
3,Day,0,E_Amb_L,Practice,73.437,53.868,6.767,0.868,1308.592,,31.447,-1,,,-1,0,0,0,1,,,,1,38.168,69.669,3.65
3,Day,0,E_Amb_L,Practice,73.518,53.949,6.867,0.868,1309.759,,31.417,-1,,,-1,0,0,0,1,,,,1,38.168,69.669,3.65
3,Day,0,E_Amb_L,Practice,73.637,54.068,7.006,0.869,1311.391,,31.376,-1,,,-1,0,0,0,1,,,,1,38.168,69.669,3.65
3,Day,0,E_Amb_L,Practice,73.718,54.149,7.105,0.869,1312.555,,31.346,-1,,,-1,0,0,0,1,,,,1,38.168,69.669,3.65
3,Day,0,E_Amb_L,Practice,73.818,54.249,7.225,0.869,1313.95,,31.31,-1,,,-1,0,0,0,1,,,,1,38.168,69.669,3.65
3,Day,0,E_Amb_L,Practice,73.92,54.351,7.344,0.87,1315.344,,31.275,-1,,,-1,0,0,0,1,,,,1,38.168,69.669,3.65
3,Day,0,E_Amb_L,Practice,74.018,54.449,7.462,0.869,1316.736,,31.239,-1,,,-1,0,0,0,1,,,,1,38.168,69.669,3.65
3,Day,0,E_Amb_L,Practice,74.137,54.568,7.601,0.868,1318.359,,31.198,-1,,,-1,0,0,0,1,,,,1,38.168,69.669,3.65
3,Day,0,E_Amb_L,Practice,74.218,54.649,7.7,0.868,1319.516,,31.169,-1,,,-1,0,0,0,1,,,,1,38.168,69.669,3.65
3,Day,0,E_Amb_L,Practice,74.32,54.751,7.818,0.868,1320.904,,31.133,-1,,,-1,0,0,0,1,,,,1,38.168,69.669,3.65
3,Day,0,E_Amb_L,Practice,74.419,54.85,7.937,0.868,1322.29,,31.098,-1,,,-1,0,0,0,1,,,,1,38.168,69.669,3.65
3,Day,0,E_Amb_L,Practice,74.52,54.951,8.055,0.868,1323.674,,31.063,-1,,,-1,0,0,0,1,,,,1,38.168,69.669,3.65
3,Day,0,E_Amb_L,Practice,74.637,55.068,8.192,0.868,1325.287,,31.022,-1,,,-1,0,0,0,1,,,,1,38.168,69.669,3.65
3,Day,0,E_Amb_L,Practice,74.718,55.149,8.291,0.868,1326.438,,30.992,-1,,,-1,0,0,0,1,,,,1,38.168,69.669,3.65
3,Day,0,E_Amb_L,Practice,74.837,55.267,8.428,0.868,1328.048,,30.951,-1,,,-1,0,0,0,1,,,,1,38.168,69.669,3.65
3,Day,0,E_Amb_L,Practice,74.919,55.35,8.526,0.868,1329.196,,30.922,-1,,,-1,0,0,0,1,,,,1,38.168,69.669,3.65
3,Day,0,E_Amb_L,Practice,75.037,55.468,8.663,0.868,1330.802,,30.881,-1,,,-1,0,0,0,1,,,,1,38.168,69.669,3.65
3,Day,0,E_Amb_L,Practice,75.118,55.549,8.761,0.868,1331.948,,30.852,-1,,,-1,0,0,0,1,,,,1,38.168,69.669,3.65
3,Day,0,E_Amb_L,Practice,75.22,55.651,8.878,0.868,1333.321,,30.817,-1,,,-1,0,0,0,1,,,,1,38.168,69.669,3.65
3,Day,0,E_Amb_L,Practice,75.319,55.749,8.995,0.868,1334.693,,30.782,-1,,,-1,0,0,0,1,,,,1,38.168,69.669,3.65
3,Day,0,E_Amb_L,Practice,75.437,55.868,9.132,0.868,1336.291,,30.741,-1,,,-1,0,0,0,1,,,,1,38.168,69.669,3.65
3,Day,0,E_Amb_L,Practice,75.518,55.949,9.229,0.868,1337.432,,30.712,-1,,,-1,0,0,0,1,,,,1,38.168,69.669,3.65
3,Day,0,E_Amb_L,Practice,75.619,56.05,9.346,0.87,1338.799,,30.678,-1,,,-1,0,0,0,1,,,,1,38.168,69.669,3.65
3,Day,0,E_Amb_L,Practice,75.72,56.151,9.462,0.869,1340.165,,30.643,-1,,,-1,0,0,0,1,,,,1,38.168,69.669,3.65
3,Day,0,E_Amb_L,Practice,75.818,56.249,9.579,0.869,1341.529,,30.608,-1,,,-1,0,0,0,1,,,,1,38.168,69.669,3.65
3,Day,0,E_Amb_L,Practice,75.92,56.351,9.695,0.87,1342.891,,30.573,-1,,,-1,0,0,0,1,,,,1,38.168,69.669,3.65
3,Day,0,E_Amb_L,Practice,76.018,56.449,9.811,0.868,1344.252,,30.539,-1,,,-1,0,0,0,1,,,,1,38.168,69.669,3.65
3,Day,0,E_Amb_L,Practice,76.118,56.549,9.927,0.868,1345.612,,30.504,-1,,,-1,0,0,0,1,,,,1,38.168,69.669,3.65
3,Day,0,E_Amb_L,Practice,76.22,56.651,10.043,0.868,1346.97,,30.47,-1,,,-1,0,0,0,1,,,,1,38.168,69.669,3.65
3,Day,0,E_Amb_L,Practice,76.319,56.75,10.159,0.868,1348.326,,30.435,-1,,,-1,0,0,0,1,,,,1,38.168,69.669,3.65
3,Day,0,E_Amb_L,Practice,76.436,56.867,10.294,0.868,1349.907,,30.395,-1,,,-1,0,0,0,1,,,,1,38.168,69.669,3.65
3,Day,0,E_Amb_L,Practice,76.518,56.949,10.39,0.868,1351.034,,30.366,-1,,,-1,0,0,0,1,,,,1,38.168,69.669,3.65
3,Day,0,E_Amb_L,Practice,76.618,57.049,10.506,0.868,1352.386,,30.332,-1,,,-1,0,0,0,1,,,,1,38.168,69.669,3.65
3,Day,0,E_Amb_L,Practice,76.72,57.151,10.621,0.868,1353.736,,30.297,-1,,,-1,0,0,0,1,,,,1,38.168,69.669,3.65
3,Day,0,E_Amb_L,Practice,76.818,57.249,10.736,0.868,1355.085,,30.263,-1,,,-1,0,0,0,1,,,,1,38.168,69.669,3.65
3,Day,0,E_Amb_L,Practice,76.918,57.349,10.851,0.868,1356.432,,30.229,-1,,,-1,0,0,0,1,,,,1,38.168,69.669,3.65
3,Day,0,E_Amb_L,Practice,77.02,57.451,10.966,0.868,1357.778,,30.194,-1,,,-1,0,0,0,1,,,,1,38.168,69.669,3.65
3,Day,0,E_Amb_L,Practice,77.119,57.55,11.081,0.868,1359.122,,30.16,-1,,,-1,0,0,0,1,,,,1,38.168,69.669,3.65
3,Day,0,E_Amb_L,Practice,77.218,57.649,11.195,0.868,1360.464,,30.126,-1,,,-1,0,0,0,1,,,,1,38.168,69.669,3.65
3,Day,0,E_Amb_L,Practice,77.32,57.751,11.31,0.868,1361.806,,30.092,-1,,,-1,0,0,0,1,,,,1,38.168,69.669,3.65
3,Day,0,E_Amb_L,Practice,77.418,57.849,11.424,0.868,1363.145,,30.058,-1,,,-1,0,0,0,1,,,,1,38.168,69.669,3.65
3,Day,0,E_Amb_L,Practice,77.536,57.967,11.557,0.868,1364.706,,30.018,-1,,,-1,0,0,0,1,,,,1,38.168,69.669,3.65
3,Day,0,E_Amb_L,Practice,77.62,58.05,11.652,0.868,1365.82,,29.989,-1,,,-1,0,0,0,1,,,,1,38.168,69.669,3.65
3,Day,0,E_Amb_L,Practice,77.719,58.149,11.766,0.868,1367.155,,29.955,-1,,,-1,0,0,0,1,,,,1,38.168,69.669,3.65
3,Day,0,E_Amb_L,Practice,77.818,58.249,11.88,0.868,1368.488,,29.922,-1,,,-1,0,0,0,1,,,,1,38.168,69.669,3.65
3,Day,0,E_Amb_L,Practice,77.936,58.367,12.013,0.868,1370.042,,29.882,-1,,,-1,0,0,0,1,,,,1,38.168,69.669,3.65
3,Day,0,E_Amb_L,Practice,78.02,58.451,12.108,0.868,1371.151,,29.854,-1,,,-1,0,0,0,1,,,,1,38.168,69.669,3.65
3,Day,0,E_Amb_L,Practice,78.118,58.549,12.221,0.868,1372.48,,29.82,-1,,,-1,0,0,0,1,,,,1,38.168,69.669,3.65
3,Day,0,E_Amb_L,Practice,78.236,58.667,12.353,0.868,1374.029,,29.78,-1,,,-1,0,0,0,1,,,,1,38.168,69.669,3.65
3,Day,0,E_Amb_L,Practice,78.319,58.75,12.447,0.868,1375.133,,29.752,-1,,,-1,0,0,0,1,,,,1,38.168,69.669,3.65
3,Day,0,E_Amb_L,Practice,78.418,58.849,12.561,0.868,1376.458,,29.719,-1,,,-1,0,0,0,1,,,,1,38.168,69.669,3.65
3,Day,0,E_Amb_L,Practice,78.52,58.951,12.673,0.868,1377.781,,29.685,-1,,,-1,0,0,0,1,,,,1,38.168,69.669,3.65
3,Day,0,E_Amb_L,Practice,78.618,59.049,12.786,0.868,1379.103,,29.651,-1,,,-1,0,0,0,1,,,,1,38.168,69.669,3.65
3,Day,0,E_Amb_L,Practice,78.718,59.149,12.899,0.868,1380.422,,29.618,-1,,,-1,0,0,0,1,,,,1,38.168,69.669,3.65
3,Day,0,E_Amb_L,Practice,78.819,59.25,13.012,0.868,1381.741,,29.584,-1,,,-1,0,0,0,1,,,,1,38.168,69.669,3.65
3,Day,0,E_Amb_L,Practice,78.918,59.349,13.124,0.868,1383.058,,29.551,-1,,,-1,0,0,0,1,,,,1,38.168,69.669,3.65
3,Day,0,E_Amb_L,Practice,79.019,59.45,13.236,0.868,1384.373,,29.517,-1,,,-1,0,0,0,1,,,,1,38.168,69.669,3.65
3,Day,0,E_Amb_L,Practice,79.118,59.549,13.348,0.868,1385.687,,29.484,-1,,,-1,0,0,0,1,,,,1,38.168,69.669,3.65
3,Day,0,E_Amb_L,Practice,79.236,59.667,13.479,0.868,1387.219,,29.445,-1,,,-1,0,0,0,1,,,,1,38.168,69.669,3.65
3,Day,0,E_Amb_L,Practice,79.32,59.751,13.572,0.868,1388.311,,29.417,-1,,,-1,0,0,0,1,,,,1,38.168,69.669,3.65
3,Day,0,E_Amb_L,Practice,79.418,59.849,13.684,0.868,1389.62,,29.383,-1,,,-1,0,0,0,1,,,,1,38.168,69.669,3.65
3,Day,0,E_Amb_L,Practice,79.536,59.967,13.814,0.868,1391.147,,29.345,-1,,,-1,0,0,0,1,,,,1,38.168,69.669,3.65
3,Day,0,E_Amb_L,Practice,79.621,60.052,13.907,0.868,1392.235,,29.317,-1,,,-1,0,0,0,1,,,,1,38.168,69.669,3.65
3,Day,0,E_Amb_L,Practice,79.719,60.15,14.019,0.868,1393.54,,29.284,-1,,,-1,0,0,0,1,,,,1,38.168,69.669,3.65
3,Day,0,E_Amb_L,Practice,79.818,60.249,14.13,0.868,1394.844,,29.25,-1,,,-1,0,0,0,1,,,,1,38.168,69.669,3.65
3,Day,0,E_Amb_L,Practice,79.935,60.366,14.26,0.868,1396.363,,29.212,-1,,,-1,0,0,0,1,,,,1,38.168,69.669,3.65
3,Day,0,E_Amb_L,Practice,80.017,60.448,14.352,0.868,1397.447,,29.184,-1,,,-1,0,0,0,1,,,,1,38.168,69.669,3.65
3,Day,0,E_Amb_L,Practice,80.118,60.549,14.463,0.868,1398.746,,29.151,-1,,,-1,0,0,0,1,,,,1,38.168,69.669,3.65
3,Day,0,E_Amb_L,Practice,80.218,60.649,14.574,0.868,1400.044,,29.118,-1,,,-1,0,0,0,1,,,,1,38.168,69.669,3.65
3,Day,0,E_Amb_L,Practice,80.335,60.766,14.703,0.868,1401.556,,29.079,-1,,,-1,0,0,0,1,,,,1,38.168,69.669,3.65
3,Day,0,E_Amb_L,Practice,80.418,60.849,14.795,0.868,1402.634,,29.052,-1,,,-1,0,0,0,1,,,,1,38.168,69.669,3.65
3,Day,0,E_Amb_L,Practice,80.535,60.966,14.924,0.868,1404.143,,29.014,-1,,,-1,0,0,0,1,,,,1,38.168,69.669,3.65
3,Day,0,E_Amb_L,Practice,80.619,61.05,15.016,0.868,1405.22,,28.986,-1,,,-1,0,0,0,1,,,,1,38.168,69.669,3.65
3,Day,0,E_Amb_L,Practice,80.718,61.149,15.126,0.868,1406.51,,28.953,-1,,,-1,0,0,0,1,,,,1,38.168,69.669,3.65
3,Day,0,E_Amb_L,Practice,80.818,61.249,15.236,0.868,1407.799,,28.92,-1,,,-1,0,0,0,1,,,,1,38.168,69.669,3.65
3,Day,0,E_Amb_L,Practice,80.937,61.368,15.364,0.868,1409.301,,28.882,-1,,,-1,0,0,0,1,,,,1,38.168,69.669,3.65
3,Day,0,E_Amb_L,Practice,81.018,61.449,15.456,0.868,1410.372,,28.855,-1,,,-1,0,0,0,1,,,,1,38.168,69.669,3.65
3,Day,0,E_Amb_L,Practice,81.136,61.567,15.584,0.868,1411.871,,28.817,-1,,,-1,0,0,0,1,,,,1,38.168,69.669,3.65
3,Day,0,E_Amb_L,Practice,81.22,61.651,15.675,0.868,1412.94,,28.79,-1,,,-1,0,0,0,1,,,,1,38.168,69.669,3.65
3,Day,0,E_Amb_L,Practice,81.317,61.748,15.784,0.868,1414.221,,28.757,-1,,,-1,0,0,0,1,,,,1,38.168,69.669,3.65
3,Day,0,E_Amb_L,Practice,81.418,61.849,15.893,0.868,1415.501,,28.724,-1,,,-1,0,0,0,1,,,,1,38.168,69.669,3.65
3,Day,0,E_Amb_L,Practice,81.52,61.951,16.003,0.868,1416.78,,28.692,-1,,,-1,0,0,0,1,,,,1,38.168,69.669,3.65
3,Day,0,E_Amb_L,Practice,81.636,62.067,16.13,0.868,1418.271,,28.654,-1,,,-1,0,0,0,1,,,,1,38.168,69.669,3.65
3,Day,0,E_Amb_L,Practice,81.72,62.151,16.221,0.868,1419.334,,28.627,-1,,,-1,0,0,0,1,,,,1,38.168,69.669,3.65
3,Day,0,E_Amb_L,Practice,81.82,62.251,16.329,0.868,1420.608,,28.594,-1,,,-1,0,0,0,1,,,,1,38.168,69.669,3.65
3,Day,0,E_Amb_L,Practice,81.918,62.349,16.438,0.868,1421.881,,28.562,-1,,,-1,0,0,0,1,,,,1,38.168,69.669,3.65
3,Day,0,E_Amb_L,Practice,82.036,62.467,16.565,0.868,1423.364,,28.524,-1,,,-1,0,0,0,1,,,,1,38.168,69.669,3.65
3,Day,0,E_Amb_L,Practice,82.12,62.551,16.655,0.868,1424.422,,28.497,-1,,,-1,0,0,0,1,,,,1,38.168,69.669,3.65
3,Day,0,E_Amb_L,Practice,82.218,62.649,16.763,0.868,1425.691,,28.465,-1,,,-1,0,0,0,1,,,,1,38.168,69.669,3.65
3,Day,0,E_Amb_L,Practice,82.336,62.767,16.889,0.868,1427.169,,28.427,-1,,,-1,0,0,0,1,,,,1,38.168,69.669,3.65
3,Day,0,E_Amb_L,Practice,82.418,62.849,16.979,0.868,1428.224,,28.4,-1,,,-1,0,0,0,1,,,,1,38.168,69.669,3.65
3,Day,0,E_Amb_L,Practice,82.52,62.951,17.087,0.868,1429.488,,28.368,-1,,,-1,0,0,0,1,,,,1,38.168,69.669,3.65
3,Day,0,E_Amb_L,Practice,82.618,63.049,17.195,0.868,1430.751,,28.336,-1,,,-1,0,0,0,1,,,,1,38.168,69.669,3.65
3,Day,0,E_Amb_L,Practice,82.736,63.167,17.321,0.868,1432.223,,28.299,-1,,,-1,0,0,0,1,,,,1,38.168,69.669,3.65
3,Day,0,E_Amb_L,Practice,82.819,63.25,17.41,0.868,1433.273,,28.272,-1,,,-1,0,0,0,1,,,,1,38.168,69.669,3.65
3,Day,0,E_Amb_L,Practice,82.918,63.349,17.518,0.868,1434.531,,28.24,-1,,,-1,0,0,0,1,,,,1,38.168,69.669,3.65
3,Day,0,E_Amb_L,Practice,83.036,63.467,17.643,0.868,1435.998,,28.202,-1,,,-1,0,0,0,1,,,,1,38.168,69.669,3.65
3,Day,0,E_Amb_L,Practice,83.12,63.551,17.732,0.868,1437.044,,28.176,-1,,,-1,0,0,0,1,,,,1,38.168,69.669,3.65
3,Day,0,E_Amb_L,Practice,83.218,63.649,17.839,0.868,1438.298,,28.144,-1,,,-1,0,0,0,1,,,,1,38.168,69.669,3.65
3,Day,0,E_Amb_L,Practice,83.318,63.749,17.946,0.868,1439.551,,28.112,-1,,,-1,0,0,0,1,,,,1,38.168,69.669,3.65
3,Day,0,E_Amb_L,Practice,83.419,63.85,18.053,0.868,1440.803,,28.08,-1,,,-1,0,0,0,1,,,,1,38.168,69.669,3.65
3,Day,0,E_Amb_L,Practice,83.517,63.948,18.16,0.868,1442.053,,28.048,-1,,,-1,0,0,0,1,,,,1,38.168,69.669,3.65
3,Day,0,E_Amb_L,Practice,83.636,64.067,18.284,0.868,1443.509,,28.011,-1,,,-1,0,0,0,1,,,,1,38.168,69.669,3.65
3,Day,0,E_Amb_L,Practice,83.718,64.149,18.373,0.868,1444.548,,27.985,-1,,,-1,0,0,0,1,,,,1,38.168,69.669,3.65
3,Day,0,E_Amb_L,Practice,83.838,64.269,18.497,0.868,1446.002,,27.948,-1,,,-1,0,0,0,1,,,,1,38.168,69.669,3.65
3,Day,0,E_Amb_L,Practice,83.918,64.349,18.585,0.868,1447.039,,27.921,-1,,,-1,0,0,0,1,,,,1,38.168,69.669,3.65
3,Day,0,E_Amb_L,Practice,84.021,64.452,18.692,0.868,1448.282,,27.89,-1,,,-1,0,0,0,1,,,,1,38.168,69.669,3.65
3,Day,0,E_Amb_L,Practice,84.117,64.548,18.798,0.868,1449.523,,27.858,-1,,,-1,0,0,0,1,,,,1,38.168,69.669,3.65
3,Day,0,E_Amb_L,Practice,84.217,64.647,18.903,0.868,1450.763,,27.826,-1,,,-1,0,0,0,1,,,,1,38.168,69.669,3.65
3,Day,0,E_Amb_L,Practice,84.318,64.749,19.009,0.868,1452.002,,27.795,-1,,,-1,0,0,0,1,,,,1,38.168,69.669,3.65
3,Day,0,E_Amb_L,Practice,84.435,64.866,19.132,0.868,1453.446,,27.758,-1,,,-1,0,0,0,1,,,,1,38.168,69.669,3.65
3,Day,0,E_Amb_L,Practice,84.517,64.948,19.22,0.868,1454.475,,27.732,-1,,,-1,0,0,0,1,,,,1,38.168,69.669,3.65
3,Day,0,E_Amb_L,Practice,84.617,65.048,19.326,0.868,1455.71,,27.7,-1,,,-1,0,0,0,1,,,,1,38.168,69.669,3.65
3,Day,0,E_Amb_L,Practice,84.718,65.149,19.431,0.868,1456.943,,27.669,-1,,,-1,0,0,0,1,,,,1,38.168,69.669,3.65
3,Day,0,E_Amb_L,Practice,84.817,65.248,19.536,0.868,1458.175,,27.638,-1,,,-1,0,0,0,1,,,,1,38.168,69.669,3.65
3,Day,0,E_Amb_L,Practice,84.918,65.349,19.641,0.868,1459.405,,27.606,-1,,,-1,0,0,0,1,,,,1,38.168,69.669,3.65
3,Day,0,E_Amb_L,Practice,85.017,65.448,19.746,0.868,1460.634,,27.575,-1,,,-1,0,0,0,1,,,,1,38.168,69.669,3.65
3,Day,0,E_Amb_L,Practice,85.135,65.565,19.868,0.868,1462.066,,27.539,-1,,,-1,0,0,0,1,,,,1,38.168,69.669,3.65
3,Day,0,E_Amb_L,Practice,85.235,65.666,19.973,0.868,1463.292,,27.507,-1,,,-1,0,0,0,1,,,,1,38.168,69.669,3.65
3,Day,0,E_Amb_L,Practice,85.319,65.75,20.06,0.868,1464.313,,27.481,-1,,,-1,0,0,0,1,,,,1,38.168,69.669,3.65
3,Day,0,E_Amb_L,Practice,85.417,65.848,20.164,0.868,1465.536,,27.45,-1,,,-1,0,0,0,1,,,,1,38.168,69.669,3.65
3,Day,0,E_Amb_L,Practice,85.535,65.966,20.286,0.868,1466.962,,27.414,-1,,,-1,0,0,0,1,,,,1,38.168,69.669,3.65
3,Day,0,E_Amb_L,Practice,85.617,66.048,20.373,0.868,1467.979,,27.388,-1,,,-1,0,0,0,1,,,,1,38.168,69.669,3.65
3,Day,0,E_Amb_L,Practice,85.717,66.148,20.477,0.868,1469.198,,27.357,-1,,,-1,0,0,0,1,,,,1,38.168,69.669,3.65
3,Day,0,E_Amb_L,Practice,85.819,66.25,20.581,0.868,1470.416,,27.326,-1,,,-1,0,0,0,1,,,,1,38.168,69.669,3.65
3,Day,0,E_Amb_L,Practice,85.918,66.349,20.685,0.868,1471.632,,27.295,-1,,,-1,0,0,0,1,,,,1,38.168,69.669,3.65
3,Day,0,E_Amb_L,Practice,86.036,66.467,20.806,0.868,1473.05,,27.259,-1,,,-1,0,0,0,1,,,,1,38.168,69.669,3.65
3,Day,0,E_Amb_L,Practice,86.118,66.549,20.892,0.868,1474.061,,27.233,-1,,,-1,0,0,0,1,,,,1,38.168,69.669,3.65
3,Day,0,E_Amb_L,Practice,86.235,66.666,21.013,0.868,1475.475,,27.197,-1,,,-1,0,0,0,1,,,,1,38.168,69.669,3.65
3,Day,0,E_Amb_L,Practice,86.319,66.75,21.099,0.868,1476.484,,27.171,-1,,,-1,0,0,0,1,,,,1,38.168,69.669,3.65
3,Day,0,E_Amb_L,Practice,86.435,66.866,21.219,0.868,1477.896,,27.135,-1,,,-1,0,0,0,1,,,,1,38.168,69.669,3.65
3,Day,0,E_Amb_L,Practice,86.535,66.966,21.322,0.868,1479.104,,27.105,-1,,,-1,0,0,0,1,,,,1,38.168,69.669,3.65
3,Day,0,E_Amb_L,Practice,86.636,67.067,21.425,0.868,1480.31,,27.074,-1,,,-1,0,0,0,1,,,,1,38.168,69.669,3.65
3,Day,0,E_Amb_L,Practice,86.717,67.148,21.511,0.868,1481.315,,27.048,-1,,,-1,0,0,0,1,,,,1,38.168,69.669,3.65
3,Day,0,E_Amb_L,Practice,86.819,67.25,21.614,0.868,1482.519,,27.018,-1,,,-1,0,0,0,1,,,,1,38.168,69.669,3.65
3,Day,0,E_Amb_L,Practice,86.917,67.348,21.717,0.868,1483.722,,26.987,-1,,,-1,0,0,0,1,,,,1,38.168,69.669,3.65
3,Day,0,E_Amb_L,Practice,87.035,67.466,21.836,0.868,1485.123,,26.951,-1,,,-1,0,0,0,1,,,,1,38.168,69.669,3.65
3,Day,0,E_Amb_L,Practice,87.117,67.548,21.922,0.868,1486.123,,26.926,-1,,,-1,0,0,0,1,,,,1,38.168,69.669,3.65
3,Day,0,E_Amb_L,Practice,87.217,67.648,22.024,0.868,1487.322,,26.895,-1,,,-1,0,0,0,1,,,,1,38.168,69.669,3.65
3,Day,0,E_Amb_L,Practice,87.319,67.75,22.126,0.868,1488.519,,26.865,-1,,,-1,0,0,0,1,,,,1,38.168,69.669,3.65
3,Day,0,E_Amb_L,Practice,87.417,67.848,22.228,0.868,1489.715,,26.834,-1,,,-1,0,0,0,1,,,,1,38.168,69.669,3.65
3,Day,0,E_Amb_L,Practice,87.52,67.951,22.33,0.868,1490.909,,26.804,-1,,,-1,0,0,0,1,,,,1,38.168,69.669,3.65
3,Day,0,E_Amb_L,Practice,87.617,68.048,22.432,0.868,1492.103,,26.774,-1,,,-1,0,0,0,1,,,,1,38.168,69.669,3.65
3,Day,0,E_Amb_L,Practice,87.736,68.167,22.551,0.868,1493.493,,26.738,-1,,,-1,0,0,0,1,,,,1,38.168,69.669,3.65
3,Day,0,E_Amb_L,Practice,87.818,68.249,22.635,0.868,1494.485,,26.713,-1,,,-1,0,0,0,1,,,,1,38.168,69.669,3.65
3,Day,0,E_Amb_L,Practice,87.917,68.348,22.737,0.868,1495.674,,26.683,-1,,,-1,0,0,0,1,,,,1,38.168,69.669,3.65
3,Day,0,E_Amb_L,Practice,88.02,68.451,22.838,0.868,1496.862,,26.652,-1,,,-1,0,0,0,1,,,,1,38.168,69.669,3.65
3,Day,0,E_Amb_L,Practice,88.117,68.548,22.939,0.868,1498.049,,26.622,-1,,,-1,0,0,0,1,,,,1,38.168,69.669,3.65
3,Day,0,E_Amb_L,Practice,88.219,68.65,23.041,0.868,1499.234,,26.592,-1,,,-1,0,0,0,1,,,,1,38.168,69.669,3.65
3,Day,0,E_Amb_L,Practice,88.317,68.748,23.142,0.868,1500.417,,26.562,-1,,,-1,0,0,0,1,,,,1,38.168,69.669,3.65
3,Day,0,E_Amb_L,Practice,88.418,68.849,23.243,0.868,1501.6,,26.532,-1,,,-1,0,0,0,1,,,,1,38.168,69.669,3.65
3,Day,0,E_Amb_L,Practice,88.537,68.968,23.36,0.868,1502.978,,26.497,-1,,,-1,0,0,0,1,,,,1,38.168,69.669,3.65
3,Day,0,E_Amb_L,Practice,88.618,69.049,23.444,0.868,1503.961,,26.472,-1,,,-1,0,0,0,1,,,,1,38.168,69.669,3.65
3,Day,0,E_Amb_L,Practice,88.737,69.167,23.561,0.868,1505.336,,26.437,-1,,,-1,0,0,0,1,,,,1,38.168,69.669,3.65
3,Day,0,E_Amb_L,Practice,88.835,69.266,23.662,0.868,1506.513,,26.407,-1,,,-1,0,0,0,1,,,,1,38.168,69.669,3.65
3,Day,0,E_Amb_L,Practice,88.919,69.35,23.745,0.868,1507.492,,26.382,-1,,,-1,0,0,0,1,,,,1,38.168,69.669,3.65
3,Day,0,E_Amb_L,Practice,89.018,69.449,23.846,0.868,1508.667,,26.352,-1,,,-1,0,0,0,1,,,,1,38.168,69.669,3.65
3,Day,0,E_Amb_L,Practice,89.118,69.549,23.946,0.868,1509.84,,26.322,-1,,,-1,0,0,0,1,,,,1,38.168,69.669,3.65
3,Day,0,E_Amb_L,Practice,89.218,69.649,24.046,0.868,1511.011,,26.292,-1,,,-1,0,0,0,1,,,,1,38.168,69.669,3.65
3,Day,0,E_Amb_L,Practice,89.318,69.748,24.146,0.868,1512.182,,26.262,-1,,,-1,0,0,0,1,,,,1,38.168,69.669,3.65
3,Day,0,E_Amb_L,Practice,89.436,69.867,24.262,0.868,1513.546,,26.228,-1,,,-1,0,0,0,1,,,,1,38.168,69.669,3.65
3,Day,0,E_Amb_L,Practice,89.517,69.948,24.345,0.868,1514.519,,26.203,-1,,,-1,0,0,0,1,,,,1,38.168,69.669,3.65
3,Day,0,E_Amb_L,Practice,89.636,70.067,24.461,0.868,1515.88,,26.168,-1,,,-1,0,0,0,1,,,,1,38.168,69.669,3.65
3,Day,0,E_Amb_L,Practice,89.718,70.149,24.544,0.868,1516.851,,26.143,-1,,,-1,0,0,0,1,,,,1,38.168,69.669,3.65
3,Day,0,E_Amb_L,Practice,89.832,70.263,24.627,0.868,1517.821,,26.119,70.263,,,-1,0,0,0,1,,,,1,38.168,69.669,3.65
3,Day,0,E_Amb_L,Practice,89.832,70.263,24.627,0.868,1517.821,,26.119,70.263,,,-1,0,0,0,1,,,,1,38.168,69.669,3.65
3,Day,0,E_Amb_L,Practice,89.916,70.347,24.627,0.868,1517.821,,26.119,70.263,,,-1,0,0,0,1,,,,1,38.168,69.669,3.65
3,Day,0,E_Amb_L,Practice,90.015,70.446,24.627,0.868,1517.821,,26.119,70.263,,,-1,0,0,0,1,,,,1,38.168,69.669,3.65
3,Day,0,E_Amb_L,Practice,90.115,70.546,24.627,0.868,1517.821,,26.119,70.263,,,-1,0,0,0,1,,,,1,38.168,69.669,3.65
3,Day,0,E_Amb_L,Practice,90.217,70.647,24.627,0.868,1517.821,,26.119,70.263,,,-1,0,0,0,1,,,,1,38.168,69.669,3.65
3,Day,0,E_Amb_L,Practice,90.316,70.747,24.627,0.868,1517.821,,26.119,70.263,,,-1,0,0,0,1,,,,1,38.168,69.669,3.65
3,Day,0,E_Amb_L,Practice,90.415,70.846,24.627,0.868,1517.821,,26.119,70.263,,,-1,0,0,0,1,,,,1,38.168,69.669,3.65
3,Day,0,E_Amb_L,Practice,90.515,70.946,24.627,0.868,1517.821,,26.119,70.263,,,-1,0,0,0,1,,,,1,38.168,69.669,3.65
3,Day,0,E_Amb_L,Practice,90.615,71.046,24.627,0.868,1517.821,,26.119,70.263,,,-1,0,0,0,1,,,,1,38.168,69.669,3.65
3,Day,0,E_Amb_L,Practice,90.715,71.146,24.627,0.868,1517.821,,26.119,70.263,,,-1,0,0,0,1,,,,1,38.168,69.669,3.65
3,Day,0,E_Amb_L,Practice,90.815,71.246,24.627,0.868,1517.821,,26.119,70.263,,,-1,0,0,0,1,,,,1,38.168,69.669,3.65
3,Day,0,E_Amb_L,Practice,90.916,71.347,24.627,0.868,1517.821,,26.119,70.263,,,-1,0,0,0,1,,,,1,38.168,69.669,3.65
3,Day,0,E_Amb_L,Practice,91.015,71.446,24.627,0.868,1517.821,,26.119,70.263,,,-1,0,0,0,1,,,,1,38.168,69.669,3.65
3,Day,0,E_Amb_L,Practice,91.116,71.547,24.627,0.868,1517.821,,26.119,70.263,,,-1,0,0,0,1,,,,1,38.168,69.669,3.65
3,Day,0,E_Amb_L,Practice,91.215,71.646,24.627,0.868,1517.821,,26.119,70.263,,,-1,0,0,0,1,,,,1,38.168,69.669,3.65
3,Day,0,E_Amb_L,Practice,91.316,71.747,24.627,0.868,1517.821,,26.119,70.263,,,-1,0,0,0,1,,,,1,38.168,69.669,3.65
3,Day,0,E_Amb_L,Practice,91.419,71.85,24.627,0.868,1517.821,,26.119,70.263,,,-1,0,0,0,1,,,,1,38.168,69.669,3.65
3,Day,0,E_Amb_L,Practice,91.515,71.946,24.627,0.868,1517.821,,26.119,70.263,,,-1,0,0,0,1,,,,1,38.168,69.669,3.65
3,Day,0,E_Amb_L,Practice,91.616,72.047,24.627,0.868,1517.821,,26.119,70.263,,,-1,0,0,0,1,,,,1,38.168,69.669,3.65
3,Day,0,E_Amb_L,Practice,91.716,72.147,24.627,0.868,1517.821,,26.119,70.263,,,-1,0,0,0,1,,,,1,38.168,69.669,3.65
3,Day,0,E_Amb_L,Practice,91.816,72.246,24.627,0.868,1517.821,,26.119,70.263,,,-1,0,0,0,1,,,,1,38.168,69.669,3.65
3,Day,0,E_Amb_L,Practice,91.916,72.346,24.627,0.868,1517.821,,26.119,70.263,,,-1,0,0,0,1,,,,1,38.168,69.669,3.65
3,Day,0,E_Amb_L,Practice,92.017,72.447,24.627,0.868,1517.821,,26.119,70.263,,,-1,0,0,0,1,,,,1,38.168,69.669,3.65
3,Day,0,E_Amb_L,Practice,92.068,72.499,24.627,0.868,1517.821,,26.119,70.263,Red,0,2.236,0,0,0,1,,,,1,38.168,69.669,3.65
3,Day,0,E_Amb_L,Practice,92.132,72.563,24.627,0.868,1517.821,,26.119,70.263,Red,0,2.236,0,0,0,1,,,,1,38.168,69.669,3.65
3,Day,0,E_Amb_L,Practice,92.216,72.646,24.627,0.868,1517.821,,26.119,70.263,Red,0,2.236,0,0,0,1,,,,1,38.168,69.669,3.65
3,Day,0,E_Amb_L,Practice,92.315,72.746,24.627,0.868,1517.821,,26.119,70.263,Red,0,2.236,0,0,0,1,,,,1,38.168,69.669,3.65
3,Day,0,E_Amb_L,Practice,92.416,72.847,24.627,0.868,1517.821,,26.119,70.263,Red,0,2.236,0,0,0,1,,,,1,38.168,69.669,3.65
3,Day,0,E_Amb_L,Practice,92.515,72.946,24.627,0.868,1517.821,,26.119,70.263,Red,0,2.236,0,0,0,1,,,,1,38.168,69.669,3.65
3,Day,0,E_Amb_L,Practice,92.615,73.046,24.627,0.868,1517.821,,26.119,70.263,Red,0,2.236,0,0,0,1,,,,1,38.168,69.669,3.65
3,Day,0,E_Amb_L,Practice,92.732,73.163,24.627,0.868,1517.821,,26.119,70.263,Red,0,2.236,0,0,0,1,,,,1,38.168,69.669,3.65
3,Day,0,E_Amb_L,Practice,92.815,73.246,24.627,0.868,1517.821,,26.119,70.263,Red,0,2.236,0,0,0,1,,,,1,38.168,69.669,3.65
3,Day,0,E_Amb_L,Practice,92.932,73.363,24.627,0.868,1517.821,,26.119,70.263,Red,0,2.236,0,0,0,1,,,,1,38.168,69.669,3.65
3,Day,0,E_Amb_L,Practice,93.016,73.447,24.627,0.868,1517.821,,26.119,70.263,Red,0,2.236,0,0,0,1,,,,1,38.168,69.669,3.65
3,Day,0,E_Amb_L,Practice,93.115,73.546,24.627,0.868,1517.821,,26.119,70.263,Red,0,2.236,0,0,0,1,,,,1,38.168,69.669,3.65
3,Day,0,E_Amb_L,Practice,93.215,73.646,24.627,0.868,1517.821,,26.119,70.263,Red,0,2.236,0,0,0,1,,,,1,38.168,69.669,3.65
3,Day,0,E_Amb_L,Practice,93.316,73.747,24.627,0.868,1517.821,,26.119,70.263,Red,0,2.236,0,0,0,1,,,,1,38.168,69.669,3.65
3,Day,0,E_Amb_L,Practice,93.415,73.846,24.627,0.868,1517.821,,26.119,70.263,Red,0,2.236,0,0,0,1,,,,1,38.168,69.669,3.65
3,Day,0,E_Amb_L,Practice,93.516,73.947,24.627,0.868,1517.821,,26.119,70.263,Red,0,2.236,0,0,0,1,,,,1,38.168,69.669,3.65
3,Day,0,E_Amb_L,Practice,93.615,74.046,24.627,0.868,1517.821,,26.119,70.263,Red,0,2.236,0,0,0,1,,,,1,38.168,69.669,3.65
3,Day,0,E_Amb_L,Practice,93.716,74.146,24.627,0.868,1517.821,,26.119,70.263,Red,0,2.236,0,0,0,1,,,,1,38.168,69.669,3.65
3,Day,0,E_Amb_L,Practice,93.815,74.246,24.627,0.868,1517.821,,26.119,70.263,Red,0,2.236,0,0,0,1,,,,1,38.168,69.669,3.65
3,Day,0,E_Amb_L,Practice,93.932,74.363,24.627,0.868,1517.821,,26.119,70.263,Red,0,2.236,0,0,0,1,,,,1,38.168,69.669,3.65
3,Day,0,E_Amb_L,Practice,94.016,74.447,24.627,0.868,1517.821,,26.119,70.263,Red,0,2.236,0,0,0,1,,,,1,38.168,69.669,3.65
3,Day,0,E_Amb_L,Practice,94.115,74.546,24.627,0.868,1517.821,,26.119,70.263,Red,0,2.236,0,0,0,1,,,,1,38.168,69.669,3.65
3,Day,0,E_Amb_L,Practice,94.232,74.663,24.627,0.868,1517.821,,26.119,70.263,Red,0,2.236,0,0,0,1,,,,1,38.168,69.669,3.65
3,Day,0,E_Amb_L,Practice,94.315,74.746,24.627,0.868,1517.821,,26.119,70.263,Red,0,2.236,0,0,0,1,,,,1,38.168,69.669,3.65
3,Day,0,E_Amb_L,Practice,94.415,74.846,24.627,0.868,1517.821,,26.119,70.263,Red,0,2.236,0,0,0,1,,,,1,38.168,69.669,3.65
3,Day,0,E_Amb_L,Practice,94.516,74.947,24.627,0.868,1517.821,,26.119,70.263,Red,0,2.236,0,0,0,1,,,,1,38.168,69.669,3.65
3,Day,0,E_Amb_L,Practice,94.615,75.046,24.627,0.868,1517.821,,26.119,70.263,Red,0,2.236,0,0,0,1,,,,1,38.168,69.669,3.65
3,Day,0,E_Amb_L,Practice,94.732,75.163,24.627,0.868,1517.821,,26.119,70.263,Red,0,2.236,0,0,0,1,,,,1,38.168,69.669,3.65
3,Day,0,E_Amb_L,Practice,94.815,75.246,24.627,0.868,1517.821,,26.119,70.263,Red,0,2.236,0,0,0,1,,,,1,38.168,69.669,3.65
3,Day,0,E_Amb_L,Practice,94.932,75.363,24.627,0.868,1517.821,,26.119,70.263,Red,0,2.236,0,0,0,1,,,,1,38.168,69.669,3.65
3,Day,0,E_Amb_L,Practice,95.016,75.447,24.627,0.868,1517.821,,26.119,70.263,Red,0,2.236,0,0,0,1,,,,1,38.168,69.669,3.65
3,Day,0,E_Amb_L,Practice,95.115,75.546,24.627,0.868,1517.821,,26.119,70.263,Red,0,2.236,0,0,0,1,,,,1,38.168,69.669,3.65
3,Day,0,E_Amb_L,Practice,95.215,75.646,24.627,0.868,1517.821,,26.119,70.263,Red,0,2.236,0,0,0,1,,,,1,38.168,69.669,3.65
3,Day,0,E_Amb_L,Practice,95.315,75.746,24.627,0.868,1517.821,,26.119,70.263,Red,0,2.236,0,0,0,1,,,,1,38.168,69.669,3.65
3,Day,0,E_Amb_L,Practice,95.415,75.846,24.627,0.868,1517.821,,26.119,70.263,Red,0,2.236,0,0,0,1,,,,1,38.168,69.669,3.65
3,Day,0,E_Amb_L,Practice,95.516,75.947,24.627,0.868,1517.821,,26.119,70.263,Red,0,2.236,0,0,0,1,,,,1,38.168,69.669,3.65
3,Day,0,E_Amb_L,Practice,95.615,76.046,24.627,0.868,1517.821,,26.119,70.263,Red,0,2.236,0,0,0,1,,,,1,38.168,69.669,3.65
3,Day,0,E_Amb_L,Practice,95.733,76.164,24.627,0.868,1517.821,,26.119,70.263,Red,0,2.236,0,0,0,1,,,,1,38.168,69.669,3.65
3,Day,0,E_Amb_L,Practice,95.815,76.246,24.627,0.868,1517.821,,26.119,70.263,Red,0,2.236,0,0,0,1,,,,1,38.168,69.669,3.65
3,Day,0,E_Amb_L,Practice,95.915,76.346,24.627,0.868,1517.821,,26.119,70.263,Red,0,2.236,0,0,0,1,,,,1,38.168,69.669,3.65
3,Day,0,E_Amb_L,Practice,96.032,76.463,24.627,0.868,1517.821,,26.119,70.263,Red,0,2.236,0,0,0,1,,,,1,38.168,69.669,3.65
3,Day,0,E_Amb_L,Practice,96.115,76.546,24.627,0.868,1517.821,,26.119,70.263,Red,0,2.236,0,0,0,1,,,,1,38.168,69.669,3.65
3,Day,0,E_Amb_L,Practice,96.232,76.663,24.627,0.868,1517.821,,26.119,70.263,Red,0,2.236,0,0,0,1,,,,1,38.168,69.669,3.65
3,Day,0,E_Amb_L,Practice,96.315,76.746,24.627,0.868,1517.821,,26.119,70.263,Red,0,2.236,0,0,0,1,,,,1,38.168,69.669,3.65
3,Day,0,E_Amb_L,Practice,96.415,76.846,24.627,0.868,1517.821,,26.119,70.263,Red,0,2.236,0,0,0,1,,,,1,38.168,69.669,3.65
3,Day,0,E_Amb_L,Practice,96.515,76.946,24.627,0.868,1517.821,,26.119,70.263,Red,0,2.236,0,0,0,1,,,,1,38.168,69.669,3.65
3,Day,0,E_Amb_L,Practice,96.615,77.046,24.627,0.868,1517.821,,26.119,70.263,Red,0,2.236,0,0,0,1,,,,1,38.168,69.669,3.65
3,Day,0,E_Amb_L,Practice,96.732,77.163,24.627,0.868,1517.821,,26.119,70.263,Red,0,2.236,0,0,0,1,,,,1,38.168,69.669,3.65
3,Day,0,E_Amb_L,Practice,96.815,77.246,24.627,0.868,1517.821,,26.119,70.263,Red,0,2.236,0,0,0,1,,,,1,38.168,69.669,3.65
3,Day,0,E_Amb_L,Practice,96.932,77.363,24.627,0.868,1517.821,,26.119,70.263,Red,0,2.236,0,0,0,1,,,,1,38.168,69.669,3.65
3,Day,0,E_Amb_L,Practice,97.015,77.446,24.627,0.868,1517.821,,26.119,70.263,Red,0,2.236,0,0,0,1,,,,1,38.168,69.669,3.65
3,Day,1,U_Red_R,Practice,97.499,0.139,0,1.089,-0.002,,1.097,-1,,,-1,0,0,0,0,,,,0,,,
3,Day,1,U_Red_R,Practice,97.533,0.173,0,1.068,-0.002,,1.829,-1,,,-1,0,0,0,0,,,,0,,,
3,Day,1,U_Red_R,Practice,97.55,0.189,0,1.054,-0.002,,2.194,-1,,,-1,0,0,0,0,,,,0,,,
3,Day,1,U_Red_R,Practice,97.566,0.205,0,1.037,-0.002,,2.56,-1,,,-1,0,0,0,0,,,,0,,,
3,Day,1,U_Red_R,Practice,97.583,0.222,0,1.017,-0.002,,2.926,-1,,,-1,0,0,0,0,,,,0,,,
3,Day,1,U_Red_R,Practice,97.616,0.255,0,0.969,-0.002,,3.657,-1,,,-1,0,0,0,0,,,,0,,,
3,Day,1,U_Red_R,Practice,97.716,0.355,0,0.843,-0.002,,0.039,-1,,,-1,0,0,0,0,,,,0,,,
3,Day,1,U_Red_R,Practice,97.818,0.457,0,0.85,-0.002,,0.222,-1,,,-1,0,0,0,0,,,,0,,,
3,Day,1,U_Red_R,Practice,97.916,0.555,0,0.86,-0.002,,0.204,-1,,,-1,0,0,0,0,,,,0,,,
3,Day,1,U_Red_R,Practice,98.016,0.656,0,0.867,-0.002,,0.112,-1,,,-1,0,0,0,0,,,,0,,,
3,Day,1,U_Red_R,Practice,98.116,0.756,0,0.87,-0.002,,0.029,-1,,,-1,0,0,0,0,,,,0,,,
3,Day,1,U_Red_R,Practice,98.217,0.856,0,0.87,-0.002,,0.017,-1,,,-1,0,0,0,0,,,,0,,,
3,Day,1,U_Red_R,Practice,98.316,0.955,0,0.869,-0.002,,0.028,-1,,,-1,0,0,0,0,,,,0,,,
3,Day,1,U_Red_R,Practice,98.417,1.056,0,0.868,-0.002,,0.021,-1,,,-1,0,0,0,0,,,,0,,,
3,Day,1,U_Red_R,Practice,98.516,1.155,0,0.868,-0.002,,0.009,-1,,,-1,0,0,0,0,,,,0,,,
3,Day,1,U_Red_R,Practice,98.616,1.256,0,0.867,-0.002,,0.001,-1,,,-1,0,0,0,0,,,,0,,,
3,Day,1,U_Red_R,Practice,98.716,1.355,0,0.867,-0.002,,0.003,-1,,,-1,0,0,0,0,,,,0,,,
3,Day,1,U_Red_R,Practice,98.816,1.455,0,0.867,-0.002,,0.003,-1,,,-1,0,0,0,0,,,,0,,,
3,Day,1,U_Red_R,Practice,98.917,1.556,0,0.868,-0.002,,0.002,-1,,,-1,0,0,0,0,,,,0,,,
3,Day,1,U_Red_R,Practice,99.016,1.655,0,0.868,-0.002,,0.001,-1,,,-1,0,0,0,0,,,,0,,,
3,Day,1,U_Red_R,Practice,99.116,1.755,0,0.868,-0.002,,0,-1,,,-1,0,0,0,0,,,,0,,,
3,Day,1,U_Red_R,Practice,99.216,1.855,0,0.868,-0.002,,0,-1,,,-1,0,0,0,0,,,,0,,,
3,Day,1,U_Red_R,Practice,99.316,1.956,0,0.868,0.006,,0.566,-1,,,-1,0,0,0,0,,,,0,,,
3,Day,1,U_Red_R,Practice,99.416,2.056,0,0.868,0.045,,1.234,-1,,,-1,0,0,0,0,,,,0,,,
3,Day,1,U_Red_R,Practice,99.516,2.156,0,0.868,0.114,,1.902,-1,,,-1,0,0,0,0,,,,0,,,
3,Day,1,U_Red_R,Practice,99.616,2.256,0,0.868,0.214,,2.574,-1,,,-1,0,0,0,0,,,,0,,,
3,Day,1,U_Red_R,Practice,99.716,2.356,0,0.868,0.343,,3.246,-1,,,-1,0,0,0,0,,,,0,,,
3,Day,1,U_Red_R,Practice,99.817,2.456,0,0.868,0.502,,3.918,-1,,,-1,0,0,0,0,,,,0,,,
3,Day,1,U_Red_R,Practice,99.916,2.556,0,0.868,0.691,,4.59,-1,,,-1,0,0,0,0,,,,0,,,
3,Day,1,U_Red_R,Practice,100.017,2.656,0,0.868,0.91,,5.262,-1,,,-1,0,0,0,0,,,,0,,,
3,Day,1,U_Red_R,Practice,100.116,2.755,0,0.868,1.16,,5.934,-1,,,-1,0,0,0,0,,,,0,,,
3,Day,1,U_Red_R,Practice,100.217,2.856,0,0.868,1.439,,6.605,-1,,,-1,0,0,0,0,,,,0,,,
3,Day,1,U_Red_R,Practice,100.317,2.956,0,0.868,1.748,,7.277,-1,,,-1,0,0,0,0,,,,0,,,
3,Day,1,U_Red_R,Practice,100.433,3.073,0,0.868,2.147,,8.06,-1,,,-1,0,0,0,0,,,,0,,,
3,Day,1,U_Red_R,Practice,100.517,3.156,0,0.868,2.457,,8.619,-1,,,-1,0,0,0,0,,,,0,,,
3,Day,1,U_Red_R,Practice,100.616,3.255,0,0.868,2.856,,9.29,-1,,,-1,0,0,0,0,,,,0,,,
3,Day,1,U_Red_R,Practice,100.716,3.356,0,0.868,3.285,,9.961,-1,,,-1,0,0,0,0,,,,0,,,
3,Day,1,U_Red_R,Practice,100.817,3.456,0,0.868,3.745,,10.631,-1,,,-1,0,0,0,0,,,,0,,,
3,Day,1,U_Red_R,Practice,100.916,3.556,0,0.868,4.234,,11.312,-1,,,-1,0,0,0,0,,,,0,,,
3,Day,1,U_Red_R,Practice,101.017,3.656,0,0.868,4.753,,11.975,-1,,,-1,0,0,0,0,,,,0,,,
3,Day,1,U_Red_R,Practice,101.116,3.756,0,0.869,5.303,,12.645,-1,,,-1,0,0,0,0,,,,0,,,
3,Day,1,U_Red_R,Practice,101.216,3.856,0,0.868,5.882,,13.315,-1,,,-1,0,0,0,0,,,,0,,,
3,Day,1,U_Red_R,Practice,101.316,3.955,0.001,0.868,6.491,,13.985,-1,,,-1,0,0,0,0,,,,0,,,
3,Day,1,U_Red_R,Practice,101.416,4.055,0.001,0.868,7.13,,14.655,-1,,,-1,0,0,0,0,,,,0,,,
3,Day,1,U_Red_R,Practice,101.516,4.156,0.001,0.868,7.799,,15.324,-1,,,-1,0,0,0,0,,,,0,,,
3,Day,1,U_Red_R,Practice,101.617,4.256,0.001,0.868,8.498,,15.993,-1,,,-1,0,0,0,0,,,,0,,,
3,Day,1,U_Red_R,Practice,101.717,4.356,0,0.868,9.227,,16.663,-1,,,-1,0,0,0,0,,,,0,,,
3,Day,1,U_Red_R,Practice,101.816,4.456,0,0.868,9.986,,17.331,-1,,,-1,0,0,0,0,,,,0,,,
3,Day,1,U_Red_R,Practice,101.916,4.555,0,0.868,10.775,,18,-1,,,-1,0,0,0,0,,,,0,,,
3,Day,1,U_Red_R,Practice,102.018,4.657,0,0.868,11.593,,18.669,-1,,,-1,0,0,0,0,,,,0,,,
3,Day,1,U_Red_R,Practice,102.116,4.756,0,0.868,12.442,,19.337,-1,,,-1,0,0,0,0,,,,0,,,
3,Day,1,U_Red_R,Practice,102.216,4.856,0,0.868,13.32,,20.006,-1,,,-1,0,0,0,0,,,,0,,,
3,Day,1,U_Red_R,Practice,102.316,4.956,0,0.868,14.228,,20.674,-1,,,-1,0,0,0,0,,,,0,,,
3,Day,1,U_Red_R,Practice,102.416,5.055,0,0.868,15.167,,21.342,-1,,,-1,0,0,0,0,,,,0,,,
3,Day,1,U_Red_R,Practice,102.517,5.157,0,0.868,16.135,,22.01,-1,,,-1,0,0,0,0,,,,0,,,
3,Day,1,U_Red_R,Practice,102.634,5.274,0,0.868,17.302,,22.789,-1,,,-1,0,0,0,0,,,,0,,,
3,Day,1,U_Red_R,Practice,102.716,5.356,0,0.868,18.16,,23.345,-1,,,-1,0,0,0,0,,,,0,,,
3,Day,1,U_Red_R,Practice,102.816,5.456,-0.001,0.868,19.218,,24.012,-1,,,-1,0,0,0,0,,,,0,,,
3,Day,1,U_Red_R,Practice,102.916,5.555,-0.001,0.868,20.305,,24.679,-1,,,-1,0,0,0,0,,,,0,,,
3,Day,1,U_Red_R,Practice,103.017,5.657,-0.001,0.868,21.422,,25.347,-1,,,-1,0,0,0,0,,,,0,,,
3,Day,1,U_Red_R,Practice,103.116,5.755,-0.001,0.868,22.569,,26.013,-1,,,-1,0,0,0,0,,,,0,,,
3,Day,1,U_Red_R,Practice,103.216,5.856,-0.002,0.868,23.746,,26.68,-1,,,-1,0,0,0,0,,,,0,,,
3,Day,1,U_Red_R,Practice,103.316,5.956,-0.002,0.868,24.952,,27.347,-1,,,-1,0,0,0,0,,,,0,,,
3,Day,1,U_Red_R,Practice,103.416,6.056,-0.003,0.868,26.189,,28.013,-1,,,-1,0,0,0,0,,,,0,,,
3,Day,1,U_Red_R,Practice,103.518,6.157,-0.003,0.868,27.455,,28.679,-1,,,-1,0,0,0,0,,,,0,,,
3,Day,1,U_Red_R,Practice,103.616,6.255,-0.003,0.868,28.75,,29.345,-1,,,-1,0,0,0,0,,,,0,,,
3,Day,1,U_Red_R,Practice,103.717,6.357,-0.004,0.868,30.076,,30.011,-1,,,-1,0,0,0,0,,,,0,,,
3,Day,1,U_Red_R,Practice,103.816,6.455,-0.004,0.868,31.431,,30.677,-1,,,-1,0,0,0,0,,,,0,,,
3,Day,1,U_Red_R,Practice,103.916,6.555,-0.005,0.868,32.817,,31.343,-1,,,-1,0,0,0,0,,,,0,,,
3,Day,1,U_Red_R,Practice,104.016,6.655,-0.006,0.868,34.232,,32.008,-1,,,-1,0,0,0,0,,,,0,,,
3,Day,1,U_Red_R,Practice,104.116,6.755,-0.006,0.868,35.676,,32.673,-1,,,-1,0,0,0,0,,,,0,,,
3,Day,1,U_Red_R,Practice,104.216,6.856,-0.007,0.868,37.151,,33.338,-1,,,-1,0,0,0,0,,,,0,,,
3,Day,1,U_Red_R,Practice,104.316,6.955,-0.008,0.868,38.655,,34.003,-1,,,-1,0,0,0,0,,,,0,,,
3,Day,1,U_Red_R,Practice,104.416,7.055,-0.009,0.868,40.189,,34.668,-1,,,-1,0,0,0,0,,,,0,,,
3,Day,1,U_Red_R,Practice,104.517,7.156,-0.01,0.868,41.752,,35.333,-1,,,-1,0,0,0,0,,,,0,,,
3,Day,1,U_Red_R,Practice,104.616,7.255,-0.01,0.868,43.345,,35.997,-1,,,-1,0,0,0,0,,,,0,,,
3,Day,1,U_Red_R,Practice,104.716,7.356,-0.011,0.868,44.968,,36.662,-1,,,-1,0,0,0,0,,,,0,,,
3,Day,1,U_Red_R,Practice,104.816,7.455,-0.013,0.868,46.621,,37.326,-1,,,-1,0,0,0,0,,,,0,,,
3,Day,1,U_Red_R,Practice,104.915,7.555,-0.014,0.868,48.303,,37.99,-1,,,-1,0,0,0,0,,,,0,,,
3,Day,1,U_Red_R,Practice,105.016,7.656,-0.015,0.868,50.015,,38.654,-1,,,-1,0,0,0,0,,,,0,,,
3,Day,1,U_Red_R,Practice,105.116,7.755,-0.016,0.868,51.757,,39.317,-1,,,-1,0,0,0,0,,,,0,,,
3,Day,1,U_Red_R,Practice,105.216,7.855,-0.017,0.868,53.528,,39.981,-1,,,-1,0,0,0,0,,,,0,,,
3,Day,1,U_Red_R,Practice,105.316,7.956,-0.019,0.868,55.329,,40.644,-1,,,-1,0,0,0,0,,,,0,,,
3,Day,1,U_Red_R,Practice,105.416,8.055,-0.02,0.868,57.16,,41.307,-1,,,-1,0,0,0,0,,,,0,,,
3,Day,1,U_Red_R,Practice,105.516,8.156,-0.022,0.868,59.02,,41.97,-1,,,-1,0,0,0,0,,,,0,,,
3,Day,1,U_Red_R,Practice,105.62,8.259,-0.024,0.868,60.912,,42.633,-1,,,-1,0,0,0,0,,,,0,,,
3,Day,1,U_Red_R,Practice,105.716,8.355,-0.025,0.868,62.831,,43.296,-1,,,-1,0,0,0,0,,,,0,,,
3,Day,1,U_Red_R,Practice,105.816,8.455,-0.027,0.868,64.78,,43.959,-1,,,-1,0,0,0,0,,,,0,,,
3,Day,1,U_Red_R,Practice,105.916,8.555,-0.029,0.868,66.759,,44.621,-1,,,-1,0,0,0,0,,,,0,,,
3,Day,1,U_Red_R,Practice,106.017,8.656,-0.031,0.868,68.767,,45.283,-1,,,-1,0,0,0,0,,,,0,,,
3,Day,1,U_Red_R,Practice,106.116,8.755,-0.033,0.868,70.805,,45.945,-1,,,-1,0,0,0,0,,,,0,,,
3,Day,1,U_Red_R,Practice,106.216,8.856,-0.035,0.868,72.873,,46.607,-1,,,-1,0,0,0,0,,,,0,,,
3,Day,1,U_Red_R,Practice,106.316,8.956,-0.037,0.868,74.97,,47.269,-1,,,-1,0,0,0,0,,,,0,,,
3,Day,1,U_Red_R,Practice,106.416,9.056,-0.04,0.868,77.096,,47.931,-1,,,-1,0,0,0,0,,,,0,,,
3,Day,1,U_Red_R,Practice,106.517,9.156,-0.042,0.868,79.253,,48.592,-1,,,-1,0,0,0,0,,,,0,,,
3,Day,1,U_Red_R,Practice,106.616,9.255,-0.045,0.868,81.438,,49.253,-1,,,-1,0,0,0,0,,,,0,,,
3,Day,1,U_Red_R,Practice,106.734,9.373,-0.048,0.868,84.026,,50.025,-1,,,-1,0,0,0,0,,,,0,,,
3,Day,1,U_Red_R,Practice,106.816,9.455,-0.051,0.868,85.899,,50.576,-1,,,-1,0,0,0,0,,,,0,,,
3,Day,1,U_Red_R,Practice,106.916,9.555,-0.053,0.868,88.173,,51.236,-1,,,-1,0,0,0,0,,,,0,,,
3,Day,1,U_Red_R,Practice,107.017,9.656,-0.057,0.868,90.477,,51.897,-1,,,-1,0,0,0,0,,,,0,,,
3,Day,1,U_Red_R,Practice,107.116,9.755,-0.06,0.868,92.811,,52.558,-1,,,-1,0,0,0,0,,,,0,,,
3,Day,1,U_Red_R,Practice,107.217,9.856,-0.063,0.868,95.174,,53.218,-1,,,-1,0,0,0,0,,,,0,,,
3,Day,1,U_Red_R,Practice,107.315,9.955,-0.066,0.868,97.566,,53.878,-1,,,-1,0,0,0,0,,,,0,,,
3,Day,1,U_Red_R,Practice,107.416,10.055,-0.07,0.868,99.989,,54.538,-1,,,-1,0,0,0,0,,,,0,,,
3,Day,1,U_Red_R,Practice,107.518,10.157,-0.074,0.868,102.44,,55.198,-1,,,-1,0,0,0,0,,,,0,,,
3,Day,1,U_Red_R,Practice,107.617,10.256,-0.078,0.868,104.921,,55.858,-1,,,-1,0,0,0,0,,,,0,,,
3,Day,1,U_Red_R,Practice,107.717,10.356,-0.082,0.868,107.432,,56.517,-1,,,-1,0,0,0,0,,,,0,,,
3,Day,1,U_Red_R,Practice,107.817,10.456,-0.086,0.868,109.972,,57.177,-1,,,-1,0,0,0,0,,,,0,,,
3,Day,1,U_Red_R,Practice,107.917,10.556,-0.09,0.868,112.541,,57.836,-1,,,-1,0,0,0,0,,,,0,,,
3,Day,1,U_Red_R,Practice,108.018,10.657,-0.095,0.868,115.14,,58.495,-1,,,-1,0,0,0,0,,,,0,,,
3,Day,1,U_Red_R,Practice,108.117,10.756,-0.099,0.868,117.769,,59.154,-1,,,-1,0,0,0,0,,,,0,,,
3,Day,1,U_Red_R,Practice,108.218,10.857,-0.104,0.868,120.426,,59.813,-1,,,-1,0,0,0,0,,,,0,,,
3,Day,1,U_Red_R,Practice,108.317,10.956,-0.109,0.868,123.114,,60.471,-1,,,-1,0,0,0,0,,,,0,,,
3,Day,1,U_Red_R,Practice,108.417,11.056,-0.114,0.868,125.83,,61.13,-1,,,-1,0,0,0,0,,,,0,,,
3,Day,1,U_Red_R,Practice,108.519,11.159,-0.119,0.868,128.577,,61.788,-1,,,-1,0,0,0,0,,,,0,,,
3,Day,1,U_Red_R,Practice,108.617,11.257,-0.125,0.868,131.353,,62.446,-1,,,-1,0,0,0,0,,,,0,,,
3,Day,1,U_Red_R,Practice,108.717,11.356,-0.13,0.868,134.158,,63.104,-1,,,-1,0,0,0,0,,,,0,,,
3,Day,1,U_Red_R,Practice,108.816,11.456,-0.136,0.868,136.991,,63.762,-1,,,-1,0,0,0,0,,,,0,,,
3,Day,1,U_Red_R,Practice,108.919,11.559,-0.142,0.868,139.855,,64.419,-1,,,-1,0,0,0,0,,,,0,,,
3,Day,1,U_Red_R,Practice,109.017,11.656,-0.148,0.868,142.744,,64.766,-1,,,-1,0,0,0,0,,,,0,,,
3,Day,1,U_Red_R,Practice,109.116,11.756,-0.155,0.868,145.64,,64.813,-1,,,-1,0,0,0,0,,,,0,,,
3,Day,1,U_Red_R,Practice,109.217,11.856,-0.161,0.868,148.538,,64.783,-1,,,-1,0,0,0,0,,,,0,,,
3,Day,1,U_Red_R,Practice,109.317,11.956,-0.168,0.868,151.434,,64.88,-1,,,-1,0,0,0,0,,,,0,,,
3,Day,1,U_Red_R,Practice,109.417,12.056,-0.174,0.868,154.342,,65.228,-1,,,-1,0,0,0,0,,,,0,,,
3,Day,1,U_Red_R,Practice,109.517,12.156,-0.181,0.868,157.266,,65.674,-1,,,-1,0,0,0,0,,,,0,,,
3,Day,1,U_Red_R,Practice,109.617,12.256,-0.188,0.868,160.207,,65.976,-1,,,-1,0,0,0,0,,,,0,,,
3,Day,1,U_Red_R,Practice,109.717,12.356,-0.195,0.868,163.165,,66.345,-1,,,-1,0,0,0,0,,,,0,,,
3,Day,1,U_Red_R,Practice,109.817,12.456,-0.202,0.868,166.138,,66.724,-1,,,-1,0,0,0,0,,,,0,,,
3,Day,1,U_Red_R,Practice,109.917,12.556,-0.21,0.868,169.131,,67.171,-1,,,-1,0,0,0,0,,,,0,,,
3,Day,1,U_Red_R,Practice,110.017,12.656,-0.217,0.868,172.144,,67.645,-1,,,-1,0,0,0,0,,,,0,,,
3,Day,1,U_Red_R,Practice,110.118,12.757,-0.225,0.868,175.172,,67.774,-1,,,-1,0,0,0,0,,,,0,,,
3,Day,1,U_Red_R,Practice,110.216,12.856,-0.233,0.868,178.201,,67.767,-1,,,-1,0,0,0,0,,,,0,,,
3,Day,1,U_Red_R,Practice,110.317,12.956,-0.241,0.868,181.23,,67.72,-1,,,-1,0,0,0,0,,,,0,,,
3,Day,1,U_Red_R,Practice,110.417,13.056,-0.249,0.868,184.256,,67.661,-1,,,-1,0,0,0,0,,,,0,,,
3,Day,1,U_Red_R,Practice,110.517,13.156,-0.257,0.868,187.279,,67.599,-1,,,-1,0,0,0,0,,,,0,,,
3,Day,1,U_Red_R,Practice,110.616,13.255,-0.265,0.868,190.3,,67.535,-1,,,-1,0,0,0,0,,,,0,,,
3,Day,1,U_Red_R,Practice,110.716,13.356,-0.273,0.868,193.317,,67.471,-1,,,-1,0,0,0,0,,,,0,,,
3,Day,1,U_Red_R,Practice,110.816,13.455,-0.281,0.868,196.332,,67.407,-1,,,-1,0,0,0,0,,,,0,,,
3,Day,1,U_Red_R,Practice,110.916,13.556,-0.289,0.868,199.343,,67.343,-1,,,-1,0,0,0,0,,,,0,,,
3,Day,1,U_Red_R,Practice,111.016,13.656,-0.298,0.868,202.352,,67.279,-1,,,-1,0,0,0,0,,,,0,,,
3,Day,1,U_Red_R,Practice,111.117,13.757,-0.306,0.868,205.359,,67.215,-1,,,-1,0,0,0,0,,,,0,,,
3,Day,1,U_Red_R,Practice,111.216,13.856,-0.314,0.868,208.363,,67.151,-1,,,-1,0,0,0,0,,,,0,,,
3,Day,1,U_Red_R,Practice,111.316,13.956,-0.323,0.868,211.363,,67.087,-1,,,-1,0,0,0,0,,,,0,,,
3,Day,1,U_Red_R,Practice,111.417,14.056,-0.331,0.868,214.36,,67.023,-1,,,-1,0,0,0,0,,,,0,,,
3,Day,1,U_Red_R,Practice,111.516,14.156,-0.34,0.868,217.355,,66.959,-1,,,-1,0,0,0,0,,,,0,,,
3,Day,1,U_Red_R,Practice,111.616,14.256,-0.348,0.868,220.346,,66.895,-1,,,-1,0,0,0,0,,,,0,,,
3,Day,1,U_Red_R,Practice,111.717,14.356,-0.357,0.868,223.336,,66.832,-1,,,-1,0,0,0,0,,,,0,,,
3,Day,1,U_Red_R,Practice,111.817,14.456,-0.365,0.868,226.322,,66.768,-1,,,-1,0,0,0,0,,,,0,,,
3,Day,1,U_Red_R,Practice,111.917,14.556,-0.374,0.868,229.305,,66.704,-1,,,-1,0,0,0,0,,,,0,,,
3,Day,1,U_Red_R,Practice,112.017,14.657,-0.382,0.868,232.286,,66.641,-1,,,-1,0,0,0,0,,,,0,,,
3,Day,1,U_Red_R,Practice,112.116,14.756,-0.39,0.868,235.263,,66.577,-1,,,-1,0,0,0,0,,,,0,,,
3,Day,1,U_Red_R,Practice,112.216,14.856,-0.399,0.868,238.238,,66.514,-1,,,-1,0,0,0,0,,,,0,,,
3,Day,1,U_Red_R,Practice,112.316,14.956,-0.407,0.868,241.21,,66.451,-1,,,-1,0,0,0,0,,,,0,,,
3,Day,1,U_Red_R,Practice,112.418,15.058,-0.416,0.868,244.179,,66.387,-1,,,-1,0,0,0,0,,,,0,,,
3,Day,1,U_Red_R,Practice,112.534,15.174,-0.426,0.868,247.64,,66.314,-1,,,-1,0,0,0,0,,,,0,,,
3,Day,1,U_Red_R,Practice,112.616,15.256,-0.433,0.868,250.109,,66.261,-1,,,-1,0,0,0,0,,,,0,,,
3,Day,1,U_Red_R,Practice,112.717,15.356,-0.441,0.868,253.07,,66.198,-1,,,-1,0,0,0,0,,,,0,,,
3,Day,1,U_Red_R,Practice,112.817,15.456,-0.45,0.868,256.028,,66.135,-1,,,-1,0,0,0,0,,,,0,,,
3,Day,1,U_Red_R,Practice,112.916,15.556,-0.458,0.868,258.983,,66.072,-1,,,-1,0,0,0,0,,,,0,,,
3,Day,1,U_Red_R,Practice,113.016,15.655,-0.466,0.868,261.935,,66.009,-1,,,-1,0,0,0,0,,,,0,,,
3,Day,1,U_Red_R,Practice,113.118,15.757,-0.475,0.868,264.884,,65.946,-1,,,-1,0,0,0,0,,,,0,,,
3,Day,1,U_Red_R,Practice,113.218,15.857,-0.483,0.868,267.831,,65.884,-1,,,-1,0,0,0,0,,,,0,,,
3,Day,1,U_Red_R,Practice,113.316,15.956,-0.492,0.868,270.774,,65.821,-1,,,-1,0,0,0,0,,,,0,,,
3,Day,1,U_Red_R,Practice,113.435,16.074,-0.501,0.868,274.205,,65.748,-1,,,-1,0,0,0,0,,,,0,,,
3,Day,1,U_Red_R,Practice,113.517,16.156,-0.508,0.868,276.653,,65.696,-1,,,-1,0,0,0,0,,,,0,,,
3,Day,1,U_Red_R,Practice,113.617,16.256,-0.517,0.868,279.588,,65.633,-1,,,-1,0,0,0,0,,,,0,,,
3,Day,1,U_Red_R,Practice,113.716,16.356,-0.525,0.868,282.521,,65.571,-1,,,-1,0,0,0,0,,,,0,,,
3,Day,1,U_Red_R,Practice,113.819,16.458,-0.533,0.868,285.451,,65.508,-1,,,-1,0,0,0,0,,,,0,,,
3,Day,1,U_Red_R,Practice,113.918,16.557,-0.542,0.868,288.378,,65.446,-1,,,-1,0,0,0,0,,,,0,,,
3,Day,1,U_Red_R,Practice,114.016,16.656,-0.55,0.868,291.302,,65.383,-1,,,-1,0,0,0,0,,,,0,,,
3,Day,1,U_Red_R,Practice,114.116,16.755,-0.558,0.868,294.224,,65.321,-1,,,-1,0,0,0,0,,,,0,,,
3,Day,1,U_Red_R,Practice,114.216,16.856,-0.567,0.868,297.142,,65.259,-1,,,-1,0,0,0,0,,,,0,,,
3,Day,1,U_Red_R,Practice,114.316,16.956,-0.575,0.868,300.058,,65.197,-1,,,-1,0,0,0,0,,,,0,,,
3,Day,1,U_Red_R,Practice,114.417,17.057,-0.583,0.868,302.971,,65.135,-1,,,-1,0,0,0,0,,,,0,,,
3,Day,1,U_Red_R,Practice,114.517,17.156,-0.591,0.868,305.882,,65.073,-1,,,-1,0,0,0,0,,,,0,,,
3,Day,1,U_Red_R,Practice,114.616,17.256,-0.6,0.868,308.789,,65.011,-1,,,-1,0,0,0,0,,,,0,,,
3,Day,1,U_Red_R,Practice,114.716,17.356,-0.608,0.868,311.694,,64.949,-1,,,-1,0,0,0,0,,,,0,,,
3,Day,1,U_Red_R,Practice,114.818,17.457,-0.616,0.868,314.596,,64.887,-1,,,-1,0,0,0,0,,,,0,,,
3,Day,1,U_Red_R,Practice,114.916,17.556,-0.624,0.868,317.495,,64.825,-1,,,-1,0,0,0,0,,,,0,,,
3,Day,1,U_Red_R,Practice,115.016,17.655,-0.633,0.868,320.392,,64.764,-1,,,-1,0,0,0,0,,,,0,,,
3,Day,1,U_Red_R,Practice,115.116,17.756,-0.641,0.868,323.285,,64.702,-1,,,-1,0,0,0,0,,,,0,,,
3,Day,1,U_Red_R,Practice,115.216,17.856,-0.649,0.868,326.176,,64.64,-1,,,-1,0,0,0,0,,,,0,,,
3,Day,1,U_Red_R,Practice,115.316,17.955,-0.657,0.868,329.065,,64.579,-1,,,-1,0,0,0,0,,,,0,,,
3,Day,1,U_Red_R,Practice,115.435,18.074,-0.667,0.868,332.431,,64.507,-1,,,-1,0,0,0,0,,,,0,,,
3,Day,1,U_Red_R,Practice,115.516,18.156,-0.673,0.868,334.834,,64.456,-1,,,-1,0,0,0,0,,,,0,,,
3,Day,1,U_Red_R,Practice,115.616,18.255,-0.682,0.868,337.713,,64.395,-1,,,-1,0,0,0,0,,,,0,,,
3,Day,1,U_Red_R,Practice,115.716,18.355,-0.69,0.868,340.591,,64.333,-1,,,-1,0,0,0,0,,,,0,,,
3,Day,1,U_Red_R,Practice,115.816,18.456,-0.698,0.868,343.465,,64.272,-1,,,-1,0,0,0,0,,,,0,,,
3,Day,1,U_Red_R,Practice,115.916,18.556,-0.706,0.868,346.337,,64.211,-1,,,-1,0,0,0,0,,,,0,,,
3,Day,1,U_Red_R,Practice,116.016,18.655,-0.714,0.868,349.206,,64.15,-1,,,-1,0,0,0,0,,,,0,,,
3,Day,1,U_Red_R,Practice,116.116,18.756,-0.722,0.868,352.072,,64.089,-1,,,-1,0,0,0,0,,,,0,,,
3,Day,1,U_Red_R,Practice,116.217,18.856,-0.73,0.868,354.936,,64.028,-1,,,-1,0,0,0,0,,,,0,,,
3,Day,1,U_Red_R,Practice,116.316,18.955,-0.738,0.868,357.797,,63.967,-1,,,-1,0,0,0,0,,,,0,,,
3,Day,1,U_Red_R,Practice,116.416,19.055,-0.747,0.868,360.655,,63.906,-1,,,-1,0,0,0,0,,,,0,,,
3,Day,1,U_Red_R,Practice,116.516,19.155,-0.755,0.868,363.51,,63.845,-1,,,-1,0,0,0,0,,,,0,,,
3,Day,1,U_Red_R,Practice,116.617,19.256,-0.763,0.868,366.363,,63.784,-1,,,-1,0,0,0,0,,,,0,,,
3,Day,1,U_Red_R,Practice,116.716,19.355,-0.771,0.868,369.213,,63.723,-1,,,-1,0,0,0,0,,,,0,,,
3,Day,1,U_Red_R,Practice,116.816,19.456,-0.779,0.868,372.06,,63.663,-1,,,-1,0,0,0,0,,,,0,,,
3,Day,1,U_Red_R,Practice,116.916,19.555,-0.787,0.868,374.904,,63.602,-1,,,-1,0,0,0,0,,,,0,,,
3,Day,1,U_Red_R,Practice,117.016,19.655,-0.795,0.868,377.746,,63.542,-1,,,-1,0,0,0,0,,,,0,,,
3,Day,1,U_Red_R,Practice,117.116,19.755,-0.803,0.868,380.585,,63.481,-1,,,-1,0,0,0,0,,,,0,,,
3,Day,1,U_Red_R,Practice,117.216,19.855,-0.811,0.868,383.422,,63.421,-1,,,-1,0,0,0,0,,,,0,,,
3,Day,1,U_Red_R,Practice,117.316,19.955,-0.819,0.868,386.256,,63.36,-1,,,-1,0,0,0,0,,,,0,,,
3,Day,1,U_Red_R,Practice,117.416,20.056,-0.827,0.868,389.087,,63.3,-1,,,-1,0,0,0,0,,,,0,,,
3,Day,1,U_Red_R,Practice,117.516,20.156,-0.835,0.868,391.915,,63.24,-1,,,-1,0,0,0,0,,,,0,,,
3,Day,1,U_Red_R,Practice,117.616,20.255,-0.843,0.868,394.74,,63.18,-1,,,-1,0,0,0,0,,,,0,,,
3,Day,1,U_Red_R,Practice,117.716,20.356,-0.851,0.868,397.563,,63.119,-1,,,-1,0,0,0,0,,,,0,,,
3,Day,1,U_Red_R,Practice,117.816,20.455,-0.859,0.868,400.383,,63.059,-1,,,-1,0,0,0,0,,,,0,,,
3,Day,1,U_Red_R,Practice,117.934,20.574,-0.868,0.868,403.671,,62.989,-1,,,-1,0,0,0,0,,,,0,,,
3,Day,1,U_Red_R,Practice,118.016,20.655,-0.874,0.868,406.016,,62.939,-1,,,-1,0,0,0,0,,,,0,,,
3,Day,1,U_Red_R,Practice,118.116,20.756,-0.882,0.868,408.828,,62.879,-1,,,-1,0,0,0,0,,,,0,,,
3,Day,1,U_Red_R,Practice,118.216,20.855,-0.89,0.868,411.638,,62.82,-1,,,-1,0,0,0,0,,,,0,,,
3,Day,1,U_Red_R,Practice,118.316,20.955,-0.898,0.868,414.445,,62.76,-1,,,-1,0,0,0,0,,,,0,,,
3,Day,1,U_Red_R,Practice,118.416,21.055,-0.906,0.868,417.249,,62.7,-1,,,-1,0,0,0,0,,,,0,,,
3,Day,1,U_Red_R,Practice,118.516,21.156,-0.914,0.868,420.051,,62.64,-1,,,-1,0,0,0,0,,,,0,,,
3,Day,1,U_Red_R,Practice,118.616,21.255,-0.922,0.868,422.85,,62.581,-1,,,-1,0,0,0,0,,,,0,,,
3,Day,1,U_Red_R,Practice,118.716,21.355,-0.93,0.868,425.645,,62.521,-1,,,-1,0,0,0,0,,,,0,,,
3,Day,1,U_Red_R,Practice,118.816,21.455,-0.937,0.868,428.439,,62.462,-1,,,-1,0,0,0,0,,,,0,,,
3,Day,1,U_Red_R,Practice,118.917,21.556,-0.945,0.868,431.23,,62.402,-1,,,-1,0,0,0,0,,,,0,,,
3,Day,1,U_Red_R,Practice,119.016,21.656,-0.953,0.868,434.018,,62.343,-1,,,-1,0,0,0,0,,,,0,,,
3,Day,1,U_Red_R,Practice,119.134,21.773,-0.962,0.868,437.268,,62.273,-1,,,-1,0,0,0,0,,,,0,,,
3,Day,1,U_Red_R,Practice,119.216,21.855,-0.969,0.868,439.587,,62.224,-1,,,-1,0,0,0,0,,,,0,,,
3,Day,1,U_Red_R,Practice,119.316,21.955,-0.976,0.868,442.367,,62.165,-1,,,-1,0,0,0,0,,,,0,,,
3,Day,1,U_Red_R,Practice,119.415,22.055,-0.984,0.868,445.145,,62.106,-1,,,-1,0,0,0,0,,,,0,,,
3,Day,1,U_Red_R,Practice,119.515,22.154,-0.992,0.868,447.92,,62.046,-1,,,-1,0,0,0,0,,,,0,,,
3,Day,1,U_Red_R,Practice,119.615,22.255,-1,0.868,450.692,,61.987,-1,,,-1,0,0,0,0,,,,0,,,
3,Day,1,U_Red_R,Practice,119.716,22.355,-1.008,0.868,453.462,,61.928,-1,,,-1,0,0,0,0,,,,0,,,
3,Day,1,U_Red_R,Practice,119.819,22.458,-1.015,0.868,456.229,,61.869,-1,,,-1,0,0,0,0,,,,0,,,
3,Day,1,U_Red_R,Practice,119.916,22.555,-1.023,0.868,458.994,,61.811,-1,,,-1,0,0,0,0,,,,0,,,
3,Day,1,U_Red_R,Practice,120.016,22.655,-1.031,0.868,461.755,,61.752,-1,,,-1,0,0,0,0,,,,0,,,
3,Day,1,U_Red_R,Practice,120.116,22.756,-1.038,0.868,464.515,,61.693,-1,,,-1,0,0,0,0,,,,0,,,
3,Day,1,U_Red_R,Practice,120.216,22.855,-1.046,0.868,467.272,,61.673,-1,,,-1,0,0,0,0,,,,0,,,
3,Day,1,U_Red_R,Practice,120.317,22.957,-1.054,0.868,470.036,,62.071,-1,,,-1,0,0,0,0,,,,0,,,
3,Day,1,U_Red_R,Practice,120.416,23.055,-1.062,0.868,472.815,,62.268,-1,,,-1,0,0,0,0,,,,0,,,
3,Day,1,U_Red_R,Practice,120.516,23.155,-1.069,0.868,475.599,,62.274,-1,,,-1,0,0,0,0,,,,0,,,
3,Day,1,U_Red_R,Practice,120.618,23.258,-1.077,0.868,478.382,,62.233,-1,,,-1,0,0,0,0,,,,0,,,
3,Day,1,U_Red_R,Practice,120.715,23.355,-1.085,0.868,481.163,,62.179,-1,,,-1,0,0,0,0,,,,0,,,
3,Day,1,U_Red_R,Practice,120.816,23.456,-1.093,0.868,483.941,,62.121,-1,,,-1,0,0,0,0,,,,0,,,
3,Day,1,U_Red_R,Practice,120.917,23.557,-1.101,0.868,486.718,,62.063,-1,,,-1,0,0,0,0,,,,0,,,
3,Day,1,U_Red_R,Practice,121.016,23.656,-1.108,0.868,489.491,,62.004,-1,,,-1,0,0,0,0,,,,0,,,
3,Day,1,U_Red_R,Practice,121.115,23.754,-1.116,0.868,492.261,,61.945,-1,,,-1,0,0,0,0,,,,0,,,
3,Day,1,U_Red_R,Practice,121.216,23.855,-1.124,0.868,495.029,,61.886,-1,,,-1,0,0,0,0,,,,0,,,
3,Day,1,U_Red_R,Practice,121.316,23.955,-1.132,0.868,497.794,,61.827,-1,,,-1,0,0,0,0,,,,0,,,
3,Day,1,U_Red_R,Practice,121.434,24.073,-1.141,0.868,501.017,,61.758,-1,,,-1,0,0,0,0,,,,0,,,
3,Day,1,U_Red_R,Practice,121.515,24.155,-1.147,0.868,503.316,,61.709,-1,,,-1,0,0,0,0,,,,0,,,
3,Day,1,U_Red_R,Practice,121.634,24.274,-1.157,0.868,506.533,,61.641,-1,,,-1,0,0,0,0,,,,0,,,
3,Day,1,U_Red_R,Practice,121.716,24.355,-1.163,0.868,508.828,,61.592,-1,,,-1,0,0,0,0,,,,0,,,
3,Day,1,U_Red_R,Practice,121.834,24.473,-1.172,0.868,512.039,,61.523,-1,,,-1,0,0,0,0,,,,0,,,
3,Day,1,U_Red_R,Practice,121.915,24.555,-1.179,0.868,514.33,,61.475,-1,,,-1,0,0,0,0,,,,0,,,
3,Day,1,U_Red_R,Practice,122.037,24.677,-1.188,0.868,517.534,,61.406,-1,,,-1,0,0,0,0,,,,0,,,
3,Day,1,U_Red_R,Practice,122.117,24.756,-1.179,0.868,519.819,,61.264,-1,,,-1,0,0,0,0,,,,0,,,
3,Day,1,U_Red_R,Practice,122.215,24.855,-1.133,0.868,522.554,,61.162,-1,,,-1,0,0,0,0,,,,0,,,
3,Day,1,U_Red_R,Practice,122.316,24.955,-1.075,0.868,525.287,,61.096,-1,,,-1,0,0,0,0,,,,0,,,
3,Day,1,U_Red_R,Practice,122.415,25.055,-0.999,0.868,528.015,,61.022,-1,,,-1,0,0,0,0,,,,0,,,
3,Day,1,U_Red_R,Practice,122.516,25.155,-0.899,0.868,530.739,,60.945,-1,,,-1,0,0,0,0,,,,0,,,
3,Day,1,U_Red_R,Practice,122.633,25.273,-0.751,0.868,533.912,,60.855,-1,,,-1,0,0,0,0,,,,0,,,
3,Day,1,U_Red_R,Practice,122.717,25.356,-0.639,0.868,536.174,,60.749,-1,,,-1,0,0,0,0,,,,0,,,
3,Day,1,U_Red_R,Practice,122.815,25.455,-0.52,0.868,538.885,,60.66,-1,,,-1,0,0,0,0,,,,0,,,
3,Day,1,U_Red_R,Practice,122.916,25.555,-0.391,0.868,541.593,,60.638,-1,,,-1,0,0,0,0,,,,0,,,
3,Day,1,U_Red_R,Practice,123.015,25.655,-0.261,0.868,544.307,,61.048,-1,,,-1,0,0,0,0,,,,0,,,
3,Day,1,U_Red_R,Practice,123.115,25.755,-0.137,0.868,547.04,,61.326,-1,,,-1,0,0,0,0,,,,0,,,
3,Day,1,U_Red_R,Practice,123.215,25.854,-0.024,0.868,549.78,,61.347,-1,,,-1,0,0,0,0,,,,0,,,
3,Day,1,U_Red_R,Practice,123.315,25.955,0.076,0.868,552.52,,61.305,-1,,,-1,0,0,0,0,,,,0,,,
3,Day,1,U_Red_R,Practice,123.416,26.055,0.163,0.868,555.257,,61.248,-1,,,-1,0,0,0,0,,,,0,,,
3,Day,1,U_Red_R,Practice,123.515,26.154,0.237,0.868,557.997,,61.5,-1,,,-1,0,0,0,0,,,,0,,,
3,Day,1,U_Red_R,Practice,123.615,26.254,0.299,0.868,560.756,,61.903,-1,,,-1,0,0,0,0,,,,0,,,
3,Day,1,U_Red_R,Practice,123.716,26.355,0.349,0.868,563.524,,61.952,-1,,,-1,0,0,0,0,,,,0,,,
3,Day,1,U_Red_R,Practice,123.816,26.456,0.36,0.868,566.29,,61.789,-1,,,-1,0,0,0,0,,,,0,,,
3,Day,1,U_Red_R,Practice,123.915,26.554,0.333,0.868,569.051,,61.725,-1,,,-1,0,0,0,0,,,,0,,,
3,Day,1,U_Red_R,Practice,124.017,26.656,0.287,0.868,571.808,,61.649,-1,,,-1,0,0,0,0,,,,0,,,
3,Day,1,U_Red_R,Practice,124.134,26.773,0.198,0.868,575.02,,61.55,-1,,,-1,0,0,0,0,,,,0,,,
3,Day,1,U_Red_R,Practice,124.216,26.855,0.109,0.868,577.309,,61.487,-1,,,-1,0,0,0,0,,,,0,,,
3,Day,1,U_Red_R,Practice,124.317,26.956,-0.025,0.868,580.059,,61.711,-1,,,-1,0,0,0,0,,,,0,,,
3,Day,1,U_Red_R,Practice,124.416,27.056,-0.188,0.868,582.815,,61.752,-1,,,-1,0,0,0,0,,,,0,,,
3,Day,1,U_Red_R,Practice,124.516,27.156,-0.353,0.868,585.568,,61.656,-1,,,-1,0,0,0,0,,,,0,,,
3,Day,1,U_Red_R,Practice,124.615,27.254,-0.499,0.868,588.318,,61.577,-1,,,-1,0,0,0,0,,,,0,,,
3,Day,1,U_Red_R,Practice,124.715,27.354,-0.651,0.868,591.065,,61.519,-1,,,-1,0,0,0,0,,,,0,,,
3,Day,1,U_Red_R,Practice,124.815,27.454,-0.783,0.868,593.81,,61.346,-1,,,-1,0,0,0,0,,,,0,,,
3,Day,1,U_Red_R,Practice,124.915,27.554,-0.858,0.868,596.546,,61.197,-1,,,-1,0,0,0,0,,,,0,,,
3,Day,1,U_Red_R,Practice,125.033,27.672,-0.902,0.868,599.735,,61.082,-1,,,-1,0,0,0,0,,,,0,,,
3,Day,1,U_Red_R,Practice,125.115,27.754,-0.9,0.868,602.009,,60.986,-1,,,-1,0,0,0,0,,,,0,,,
3,Day,1,U_Red_R,Practice,125.215,27.854,-0.86,0.868,604.733,,60.864,-1,,,-1,0,0,0,0,,,,0,,,
3,Day,1,U_Red_R,Practice,125.315,27.954,-0.81,0.868,607.451,,60.75,-1,,,-1,0,0,0,0,,,,0,,,
3,Day,1,U_Red_R,Practice,125.415,28.055,-0.734,0.868,610.163,,60.642,-1,,,-1,0,0,0,0,,,,0,,,
3,Day,1,U_Red_R,Practice,125.533,28.172,-0.659,0.868,613.322,,60.536,-1,,,-1,0,0,0,0,,,,0,,,
3,Day,1,U_Red_R,Practice,125.615,28.254,-0.602,0.868,615.575,,60.486,-1,,,-1,0,0,0,0,,,,0,,,
3,Day,1,U_Red_R,Practice,125.715,28.354,-0.537,0.868,618.277,,60.397,-1,,,-1,0,0,0,0,,,,0,,,
3,Day,1,U_Red_R,Practice,125.815,28.454,-0.45,0.868,620.972,,60.26,-1,,,-1,0,0,0,0,,,,0,,,
3,Day,1,U_Red_R,Practice,125.915,28.554,-0.353,0.868,623.663,,60.193,-1,,,-1,0,0,0,0,,,,0,,,
3,Day,1,U_Red_R,Practice,126.016,28.655,-0.263,0.868,626.351,,60.142,-1,,,-1,0,0,0,0,,,,0,,,
3,Day,1,U_Red_R,Practice,126.133,28.773,-0.154,0.868,629.494,,60.575,-1,,,-1,0,0,0,0,,,,0,,,
3,Day,1,U_Red_R,Practice,126.215,28.854,-0.07,0.868,631.754,,60.835,-1,,,-1,0,0,0,0,,,,0,,,
3,Day,1,U_Red_R,Practice,126.316,28.955,0.041,0.868,634.473,,60.877,-1,,,-1,0,0,0,0,,,,0,,,
3,Day,1,U_Red_R,Practice,126.415,29.054,0.163,0.868,637.19,,60.843,-1,,,-1,0,0,0,0,,,,0,,,
3,Day,1,U_Red_R,Practice,126.515,29.155,0.297,0.868,639.906,,60.788,-1,,,-1,0,0,0,0,,,,0,,,
3,Day,1,U_Red_R,Practice,126.615,29.254,0.441,0.868,642.618,,60.729,-1,,,-1,0,0,0,0,,,,0,,,
3,Day,1,U_Red_R,Practice,126.715,29.355,0.595,0.868,645.327,,60.669,-1,,,-1,0,0,0,0,,,,0,,,
3,Day,1,U_Red_R,Practice,126.815,29.454,0.752,0.868,648.033,,60.563,-1,,,-1,0,0,0,0,,,,0,,,
3,Day,1,U_Red_R,Practice,126.915,29.554,0.881,0.868,650.735,,60.455,-1,,,-1,0,0,0,0,,,,0,,,
3,Day,1,U_Red_R,Practice,127.018,29.657,1.005,0.868,653.433,,60.395,-1,,,-1,0,0,0,0,,,,0,,,
3,Day,1,U_Red_R,Practice,127.116,29.755,1.107,0.868,656.128,,60.218,-1,,,-1,0,0,0,0,,,,0,,,
3,Day,1,U_Red_R,Practice,127.216,29.855,1.169,0.868,658.817,,60.142,-1,,,-1,0,0,0,0,,,,0,,,
3,Day,1,U_Red_R,Practice,127.315,29.955,1.205,0.868,661.504,,60.057,-1,,,-1,0,0,0,0,,,,0,,,
3,Day,1,U_Red_R,Practice,127.415,30.055,1.21,0.868,664.186,,59.966,-1,,,-1,0,0,0,0,,,,0,,,
3,Day,1,U_Red_R,Practice,127.515,30.155,1.18,0.868,666.865,,59.874,-1,,,-1,0,0,0,0,,,,0,,,
3,Day,1,U_Red_R,Practice,127.615,30.255,1.116,0.868,669.539,,59.787,-1,,,-1,0,0,0,0,,,,0,,,
3,Day,1,U_Red_R,Practice,127.715,30.354,1.009,0.868,672.205,,59.561,-1,,,-1,0,0,0,0,,,,0,,,
3,Day,1,U_Red_R,Practice,127.815,30.455,0.838,0.868,674.858,,59.412,-1,,,-1,0,0,0,0,,,,0,,,
3,Day,1,U_Red_R,Practice,127.915,30.554,0.633,0.868,677.504,,59.315,-1,,,-1,0,0,0,0,,,,0,,,
3,Day,1,U_Red_R,Practice,128.015,30.655,0.397,0.868,680.143,,59.204,-1,,,-1,0,0,0,0,,,,0,,,
3,Day,1,U_Red_R,Practice,128.115,30.755,0.163,0.868,682.776,,59.094,-1,,,-1,0,0,0,0,,,,0,,,
3,Day,1,U_Red_R,Practice,128.215,30.854,-0.084,0.868,685.405,,59.018,-1,,,-1,0,0,0,0,,,,0,,,
3,Day,1,U_Red_R,Practice,128.315,30.955,-0.333,0.868,688.029,,58.888,-1,,,-1,0,0,0,0,,,,0,,,
3,Day,1,U_Red_R,Practice,128.416,31.055,-0.554,0.868,690.65,,58.812,-1,,,-1,0,0,0,0,,,,0,,,
3,Day,1,U_Red_R,Practice,128.515,31.155,-0.765,0.868,693.269,,58.747,-1,,,-1,0,0,0,0,,,,0,,,
3,Day,1,U_Red_R,Practice,128.617,31.256,-0.956,0.868,695.889,,58.829,-1,,,-1,0,0,0,0,,,,0,,,
3,Day,1,U_Red_R,Practice,128.715,31.355,-1.121,0.868,698.522,,59.228,-1,,,-1,0,0,0,0,,,,0,,,
3,Day,1,U_Red_R,Practice,128.815,31.455,-1.258,0.868,701.168,,59.393,-1,,,-1,0,0,0,0,,,,0,,,
3,Day,1,U_Red_R,Practice,128.915,31.554,-1.367,0.868,703.83,,59.841,-1,,,-1,0,0,0,0,,,,0,,,
3,Day,1,U_Red_R,Practice,129.034,31.674,-1.464,0.868,706.955,,60.066,-1,,,-1,0,0,0,0,,,,0,,,
3,Day,1,U_Red_R,Practice,129.115,31.755,-1.515,0.868,709.197,,60.38,-1,,,-1,0,0,0,0,,,,0,,,
3,Day,1,U_Red_R,Practice,129.233,31.873,-1.55,0.871,712.347,,60.334,-1,,,-1,0,0,0,0,,,,0,,,
3,Day,1,U_Red_R,Practice,129.315,31.954,-1.53,0.872,714.592,,60.248,-1,,,-1,0,0,0,0,,,,0,,,
3,Day,1,U_Red_R,Practice,129.415,32.055,-1.483,0.87,717.284,,60.178,-1,,,-1,0,0,0,0,,,,0,,,
3,Day,1,U_Red_R,Practice,129.515,32.155,-1.408,0.868,719.971,,60.136,-1,,,-1,0,0,0,0,,,,0,,,
3,Day,1,U_Red_R,Practice,129.633,32.273,-1.279,0.869,723.113,,60.446,-1,,,-1,0,0,0,0,,,,0,,,
3,Day,1,U_Red_R,Practice,129.716,32.355,-1.162,0.868,725.362,,60.516,-1,,,-1,0,0,0,0,,,,0,,,
3,Day,1,U_Red_R,Practice,129.816,32.455,-0.993,0.868,728.069,,60.941,-1,,,-1,0,0,0,0,,,,0,,,
3,Day,1,U_Red_R,Practice,129.915,32.554,-0.797,0.868,730.795,,61.299,-1,,,-1,0,0,0,0,,,,0,,,
3,Day,1,U_Red_R,Practice,130.032,32.672,-0.548,0.868,733.984,,61.293,-1,,,-1,0,0,0,0,,,,0,,,
3,Day,1,U_Red_R,Practice,130.133,32.772,-0.352,0.868,736.715,,61.227,-1,,,-1,0,0,0,0,,,,0,,,
3,Day,1,U_Red_R,Practice,130.214,32.854,-0.184,0.868,738.988,,61.182,-1,,,-1,0,0,0,0,,,,0,,,
3,Day,1,U_Red_R,Practice,130.315,32.954,0.018,0.868,741.715,,61.124,-1,,,-1,0,0,0,0,,,,0,,,
3,Day,1,U_Red_R,Practice,130.417,33.056,0.213,0.868,744.439,,61.064,-1,,,-1,0,0,0,0,,,,0,,,
3,Day,1,U_Red_R,Practice,130.515,33.155,0.396,0.868,747.161,,61.009,-1,,,-1,0,0,0,0,,,,0,,,
3,Day,1,U_Red_R,Practice,130.615,33.254,0.566,0.868,749.888,,61.336,-1,,,-1,0,0,0,0,,,,0,,,
3,Day,1,U_Red_R,Practice,130.714,33.354,0.722,0.868,752.63,,61.511,-1,,,-1,0,0,0,0,,,,0,,,
3,Day,1,U_Red_R,Practice,130.815,33.454,0.866,0.868,755.379,,61.737,-1,,,-1,0,0,0,0,,,,0,,,
3,Day,1,U_Red_R,Practice,130.915,33.554,0.997,0.868,758.143,,62.052,-1,,,-1,0,0,0,0,,,,0,,,
3,Day,1,U_Red_R,Practice,131.032,33.672,1.137,0.868,761.378,,62.085,-1,,,-1,0,0,0,0,,,,0,,,
3,Day,1,U_Red_R,Practice,131.133,33.772,1.247,0.868,764.151,,62.045,-1,,,-1,0,0,0,0,,,,0,,,
3,Day,1,U_Red_R,Practice,131.215,33.855,1.322,0.868,766.459,,61.911,-1,,,-1,0,0,0,0,,,,0,,,
3,Day,1,U_Red_R,Practice,131.333,33.972,1.378,0.868,769.683,,61.79,-1,,,-1,0,0,0,0,,,,0,,,
3,Day,1,U_Red_R,Practice,131.414,34.054,1.404,0.868,771.984,,61.731,-1,,,-1,0,0,0,0,,,,0,,,
3,Day,1,U_Red_R,Practice,131.515,34.154,1.415,0.868,774.742,,61.663,-1,,,-1,0,0,0,0,,,,0,,,
3,Day,1,U_Red_R,Practice,131.614,34.254,1.401,0.87,777.503,,61.974,-1,,,-1,0,0,0,0,,,,0,,,
3,Day,1,U_Red_R,Practice,131.714,34.354,1.361,0.869,780.277,,62.132,-1,,,-1,0,0,0,0,,,,0,,,
3,Day,1,U_Red_R,Practice,131.815,34.454,1.296,0.868,783.055,,62.272,-1,,,-1,0,0,0,0,,,,0,,,
3,Day,1,U_Red_R,Practice,131.915,34.554,1.209,0.868,785.846,,62.686,-1,,,-1,0,0,0,0,,,,0,,,
3,Day,1,U_Red_R,Practice,132.033,34.672,1.081,0.868,789.117,,62.782,-1,,,-1,0,0,0,0,,,,0,,,
3,Day,1,U_Red_R,Practice,132.115,34.754,0.975,0.868,791.452,,62.758,-1,,,-1,0,0,0,0,,,,0,,,
3,Day,1,U_Red_R,Practice,132.215,34.854,0.85,0.868,794.252,,62.652,-1,,,-1,0,0,0,0,,,,0,,,
3,Day,1,U_Red_R,Practice,132.315,34.955,0.731,0.868,797.05,,62.59,-1,,,-1,0,0,0,0,,,,0,,,
3,Day,1,U_Red_R,Practice,132.415,35.054,0.607,0.868,799.844,,62.53,-1,,,-1,0,0,0,0,,,,0,,,
3,Day,1,U_Red_R,Practice,132.515,35.154,0.485,0.868,802.635,,62.47,-1,,,-1,0,0,0,0,,,,0,,,
3,Day,1,U_Red_R,Practice,132.633,35.272,0.352,0.868,805.891,,62.625,-1,,,-1,0,0,0,0,,,,0,,,
3,Day,1,U_Red_R,Practice,132.716,35.355,0.263,0.868,808.228,,62.902,-1,,,-1,0,0,0,0,,,,0,,,
3,Day,1,U_Red_R,Practice,132.815,35.454,0.165,0.868,811.039,,62.96,-1,,,-1,0,0,0,0,,,,0,,,
3,Day,1,U_Red_R,Practice,132.915,35.555,0.076,0.868,813.854,,63.157,-1,,,-1,0,0,0,0,,,,0,,,
3,Day,1,U_Red_R,Practice,133.015,35.654,-0.003,0.868,816.685,,63.54,-1,,,-1,0,0,0,0,,,,0,,,
3,Day,1,U_Red_R,Practice,133.115,35.754,-0.074,0.868,819.528,,63.762,-1,,,-1,0,0,0,0,,,,0,,,
3,Day,1,U_Red_R,Practice,133.234,35.873,-0.148,0.868,822.864,,64.163,-1,,,-1,0,0,0,0,,,,0,,,
3,Day,1,U_Red_R,Practice,133.317,35.957,-0.196,0.868,825.256,,64.359,-1,,,-1,0,0,0,0,,,,0,,,
3,Day,1,U_Red_R,Practice,133.416,36.055,-0.247,0.868,828.14,,64.659,-1,,,-1,0,0,0,0,,,,0,,,
3,Day,1,U_Red_R,Practice,133.518,36.157,-0.293,0.868,831.036,,65.007,-1,,,-1,0,0,0,0,,,,0,,,
3,Day,1,U_Red_R,Practice,133.633,36.273,-0.342,0.868,834.437,,65.418,-1,,,-1,0,0,0,0,,,,0,,,
3,Day,1,U_Red_R,Practice,133.734,36.373,-0.38,0.868,837.37,,65.904,-1,,,-1,0,0,0,0,,,,0,,,
3,Day,1,U_Red_R,Practice,133.816,36.456,-0.409,0.868,839.831,,66.225,-1,,,-1,0,0,0,0,,,,0,,,
3,Day,1,U_Red_R,Practice,133.933,36.573,-0.447,0.868,843.298,,66.799,-1,,,-1,0,0,0,0,,,,0,,,
3,Day,1,U_Red_R,Practice,134.015,36.655,-0.472,0.868,845.789,,67.049,-1,,,-1,0,0,0,0,,,,0,,,
3,Day,1,U_Red_R,Practice,134.115,36.755,-0.5,0.868,848.796,,67.484,-1,,,-1,0,0,0,0,,,,0,,,
3,Day,1,U_Red_R,Practice,134.215,36.854,-0.527,0.868,851.816,,67.688,-1,,,-1,0,0,0,0,,,,0,,,
3,Day,1,U_Red_R,Practice,134.316,36.956,-0.553,0.868,854.847,,67.874,-1,,,-1,0,0,0,0,,,,0,,,
3,Day,1,U_Red_R,Practice,134.416,37.056,-0.577,0.868,857.882,,67.882,-1,,,-1,0,0,0,0,,,,0,,,
3,Day,1,U_Red_R,Practice,134.534,37.173,-0.604,0.868,861.42,,67.831,-1,,,-1,0,0,0,0,,,,0,,,
3,Day,1,U_Red_R,Practice,134.615,37.254,-0.623,0.868,863.946,,67.782,-1,,,-1,0,0,0,0,,,,0,,,
3,Day,1,U_Red_R,Practice,134.715,37.354,-0.645,0.868,866.974,,67.72,-1,,,-1,0,0,0,0,,,,0,,,
3,Day,1,U_Red_R,Practice,134.833,37.473,-0.67,0.868,870.505,,67.646,-1,,,-1,0,0,0,0,,,,0,,,
3,Day,1,U_Red_R,Practice,134.915,37.554,-0.687,0.868,873.023,,67.592,-1,,,-1,0,0,0,0,,,,0,,,
3,Day,1,U_Red_R,Practice,135.015,37.655,-0.708,0.868,876.044,,67.528,-1,,,-1,0,0,0,0,,,,0,,,
3,Day,1,U_Red_R,Practice,135.134,37.774,-0.731,0.868,879.564,,67.453,-1,,,-1,0,0,0,0,,,,0,,,
3,Day,1,U_Red_R,Practice,135.233,37.872,-0.751,0.868,882.578,,67.389,-1,,,-1,0,0,0,0,,,,0,,,
3,Day,1,U_Red_R,Practice,135.314,37.954,-0.767,0.868,885.087,,67.335,-1,,,-1,0,0,0,0,,,,0,,,
3,Day,1,U_Red_R,Practice,135.414,38.054,-0.787,0.868,888.096,,67.271,-1,,,-1,0,0,0,0,,,,0,,,
3,Day,1,U_Red_R,Practice,135.517,38.156,-0.806,0.868,891.102,,67.207,-1,,,-1,0,0,0,0,,,,0,,,
3,Day,1,U_Red_R,Practice,135.617,38.256,-0.825,0.868,894.104,,67.143,-1,,,-1,0,0,0,0,,,,0,,,
3,Day,1,U_Red_R,Practice,135.714,38.354,-0.844,0.868,897.104,,67.079,-1,,,-1,0,0,0,0,,,,0,,,
3,Day,1,U_Red_R,Practice,135.833,38.473,-0.866,0.868,900.601,,67.005,-1,,,-1,0,0,0,0,,,,0,,,
3,Day,1,U_Red_R,Practice,135.915,38.554,-0.882,0.868,903.096,,66.951,-1,,,-1,0,0,0,0,,,,0,,,
3,Day,1,U_Red_R,Practice,136.015,38.654,-0.9,0.868,906.087,,66.888,-1,,,-1,0,0,0,0,,,,0,,,
3,Day,1,U_Red_R,Practice,136.115,38.754,-0.919,0.868,909.076,,66.824,-1,,,-1,0,0,0,0,,,,0,,,
3,Day,1,U_Red_R,Practice,136.215,38.855,-0.938,0.868,912.062,,66.76,-1,,,-1,0,0,0,0,,,,0,,,
3,Day,1,U_Red_R,Practice,136.317,38.956,-0.956,0.868,915.045,,66.697,-1,,,-1,0,0,0,0,,,,0,,,
3,Day,1,U_Red_R,Practice,136.416,39.055,-0.975,0.868,918.025,,66.633,-1,,,-1,0,0,0,0,,,,0,,,
3,Day,1,U_Red_R,Practice,136.515,39.154,-0.993,0.868,921.002,,66.57,-1,,,-1,0,0,0,0,,,,0,,,
3,Day,1,U_Red_R,Practice,136.614,39.254,-1.012,0.868,923.977,,66.507,-1,,,-1,0,0,0,0,,,,0,,,
3,Day,1,U_Red_R,Practice,136.714,39.354,-1.03,0.868,926.948,,66.443,-1,,,-1,0,0,0,0,,,,0,,,
3,Day,1,U_Red_R,Practice,136.816,39.456,-1.048,0.868,929.917,,66.38,-1,,,-1,0,0,0,0,,,,0,,,
3,Day,1,U_Red_R,Practice,136.917,39.556,-1.067,0.868,932.883,,66.317,-1,,,-1,0,0,0,0,,,,0,,,
3,Day,1,U_Red_R,Practice,137.034,39.673,-1.088,0.868,936.34,,66.243,-1,,,-1,0,0,0,0,,,,0,,,
3,Day,1,U_Red_R,Practice,137.115,39.754,-1.103,0.868,938.806,,66.191,-1,,,-1,0,0,0,0,,,,0,,,
3,Day,1,U_Red_R,Practice,137.214,39.854,-1.121,0.868,941.763,,66.128,-1,,,-1,0,0,0,0,,,,0,,,
3,Day,1,U_Red_R,Practice,137.315,39.954,-1.14,0.868,944.718,,66.065,-1,,,-1,0,0,0,0,,,,0,,,
3,Day,1,U_Red_R,Practice,137.414,40.053,-1.158,0.868,947.67,,66.002,-1,,,-1,0,0,0,0,,,,0,,,
3,Day,1,U_Red_R,Practice,137.514,40.154,-1.176,0.868,950.62,,65.939,-1,,,-1,0,0,0,0,,,,0,,,
3,Day,1,U_Red_R,Practice,137.632,40.272,-1.197,0.868,954.061,,66.169,-1,,,-1,0,0,0,0,,,,0,,,
3,Day,1,U_Red_R,Practice,137.715,40.354,-1.212,0.868,956.531,,66.465,-1,,,-1,0,0,0,0,,,,0,,,
3,Day,1,U_Red_R,Practice,137.815,40.454,-1.216,0.868,959.502,,66.444,-1,,,-1,0,0,0,0,,,,0,,,
3,Day,1,U_Red_R,Practice,137.914,40.554,-1.179,0.868,962.471,,66.376,-1,,,-1,0,0,0,0,,,,0,,,
3,Day,1,U_Red_R,Practice,138.015,40.654,-1.13,0.868,965.436,,66.314,-1,,,-1,0,0,0,0,,,,0,,,
3,Day,1,U_Red_R,Practice,138.114,40.754,-1.06,0.868,968.398,,66.237,-1,,,-1,0,0,0,0,,,,0,,,
3,Day,1,U_Red_R,Practice,138.214,40.854,-0.964,0.868,971.356,,66.238,-1,,,-1,0,0,0,0,,,,0,,,
3,Day,1,U_Red_R,Practice,138.314,40.953,-0.839,0.868,974.322,,66.615,-1,,,-1,0,0,0,0,,,,0,,,
3,Day,1,U_Red_R,Practice,138.416,41.056,-0.685,0.868,977.299,,66.738,-1,,,-1,0,0,0,0,,,,0,,,
3,Day,1,U_Red_R,Practice,138.514,41.154,-0.508,0.868,980.277,,66.689,-1,,,-1,0,0,0,0,,,,0,,,
3,Day,1,U_Red_R,Practice,138.615,41.254,-0.34,0.868,983.252,,66.61,-1,,,-1,0,0,0,0,,,,0,,,
3,Day,1,U_Red_R,Practice,138.714,41.354,-0.16,0.868,986.222,,66.547,-1,,,-1,0,0,0,0,,,,0,,,
3,Day,1,U_Red_R,Practice,138.815,41.454,0.026,0.868,989.19,,66.485,-1,,,-1,0,0,0,0,,,,0,,,
3,Day,1,U_Red_R,Practice,138.915,41.554,0.211,0.868,992.154,,66.421,-1,,,-1,0,0,0,0,,,,0,,,
3,Day,1,U_Red_R,Practice,139.015,41.654,0.391,0.868,995.117,,66.357,-1,,,-1,0,0,0,0,,,,0,,,
3,Day,1,U_Red_R,Practice,139.115,41.754,0.563,0.868,998.077,,66.291,-1,,,-1,0,0,0,0,,,,0,,,
3,Day,1,U_Red_R,Practice,139.215,41.854,0.726,0.868,1001.034,,66.203,-1,,,-1,0,0,0,0,,,,0,,,
3,Day,1,U_Red_R,Practice,139.315,41.954,0.849,0.868,1003.987,,66.02,-1,,,-1,0,0,0,0,,,,0,,,
3,Day,1,U_Red_R,Practice,139.434,42.073,0.955,0.868,1007.427,,65.928,-1,,,-1,0,0,0,0,,,,0,,,
3,Day,1,U_Red_R,Practice,139.533,42.173,1.021,0.868,1010.371,,65.843,-1,,,-1,0,0,0,0,,,,0,,,
3,Day,1,U_Red_R,Practice,139.614,42.254,1.055,0.868,1012.822,,65.769,-1,,,-1,0,0,0,0,,,,0,,,
3,Day,1,U_Red_R,Practice,139.714,42.354,1.067,0.868,1015.761,,65.764,-1,,,-1,0,0,0,0,,,,0,,,
3,Day,1,U_Red_R,Practice,139.815,42.454,1.048,0.868,1018.708,,66.141,-1,,,-1,0,0,0,0,,,,0,,,
3,Day,1,U_Red_R,Practice,139.933,42.572,0.99,0.868,1022.161,,66.267,-1,,,-1,0,0,0,0,,,,0,,,
3,Day,1,U_Red_R,Practice,140.014,42.654,0.937,0.868,1024.628,,66.208,-1,,,-1,0,0,0,0,,,,0,,,
3,Day,1,U_Red_R,Practice,140.115,42.754,0.886,0.868,1027.585,,66.131,-1,,,-1,0,0,0,0,,,,0,,,
3,Day,1,U_Red_R,Practice,140.214,42.854,0.827,0.868,1030.539,,66.07,-1,,,-1,0,0,0,0,,,,0,,,
3,Day,1,U_Red_R,Practice,140.332,42.972,0.756,0.868,1033.983,,65.997,-1,,,-1,0,0,0,0,,,,0,,,
3,Day,1,U_Red_R,Practice,140.414,43.054,0.712,0.868,1036.44,,65.943,-1,,,-1,0,0,0,0,,,,0,,,
3,Day,1,U_Red_R,Practice,140.514,43.154,0.668,0.868,1039.386,,65.875,-1,,,-1,0,0,0,0,,,,0,,,
3,Day,1,U_Red_R,Practice,140.615,43.254,0.637,0.868,1042.33,,65.846,-1,,,-1,0,0,0,0,,,,0,,,
3,Day,1,U_Red_R,Practice,140.715,43.354,0.619,0.868,1045.279,,66.188,-1,,,-1,0,0,0,0,,,,0,,,
3,Day,1,U_Red_R,Practice,140.814,43.453,0.616,0.868,1048.241,,66.315,-1,,,-1,0,0,0,0,,,,0,,,
3,Day,1,U_Red_R,Practice,140.913,43.553,0.626,0.868,1051.205,,66.302,-1,,,-1,0,0,0,0,,,,0,,,
3,Day,1,U_Red_R,Practice,141.015,43.655,0.648,0.868,1054.169,,66.252,-1,,,-1,0,0,0,0,,,,0,,,
3,Day,1,U_Red_R,Practice,141.115,43.755,0.68,0.868,1057.129,,66.175,-1,,,-1,0,0,0,0,,,,0,,,
3,Day,1,U_Red_R,Practice,141.215,43.854,0.693,0.868,1060.084,,66.05,-1,,,-1,0,0,0,0,,,,0,,,
3,Day,1,U_Red_R,Practice,141.317,43.956,0.7,0.868,1063.035,,65.984,-1,,,-1,0,0,0,0,,,,0,,,
3,Day,1,U_Red_R,Practice,141.416,44.056,0.704,0.868,1065.983,,65.919,-1,,,-1,0,0,0,0,,,,0,,,
3,Day,1,U_Red_R,Practice,141.515,44.154,0.698,0.868,1068.929,,65.852,-1,,,-1,0,0,0,0,,,,0,,,
3,Day,1,U_Red_R,Practice,141.615,44.255,0.678,0.868,1071.871,,65.782,-1,,,-1,0,0,0,0,,,,0,,,
3,Day,1,U_Red_R,Practice,141.714,44.354,0.643,0.868,1074.809,,65.711,-1,,,-1,0,0,0,0,,,,0,,,
3,Day,1,U_Red_R,Practice,141.815,44.455,0.592,0.868,1077.745,,65.641,-1,,,-1,0,0,0,0,,,,0,,,
3,Day,1,U_Red_R,Practice,141.915,44.554,0.525,0.868,1080.677,,65.571,-1,,,-1,0,0,0,0,,,,0,,,
3,Day,1,U_Red_R,Practice,142.032,44.672,0.429,0.868,1084.094,,65.492,-1,,,-1,0,0,0,0,,,,0,,,
3,Day,1,U_Red_R,Practice,142.114,44.754,0.366,0.868,1086.53,,65.368,-1,,,-1,0,0,0,0,,,,0,,,
3,Day,1,U_Red_R,Practice,142.214,44.854,0.319,0.868,1089.449,,65.259,-1,,,-1,0,0,0,0,,,,0,,,
3,Day,1,U_Red_R,Practice,142.334,44.973,0.272,0.868,1092.851,,65.181,-1,,,-1,0,0,0,0,,,,0,,,
3,Day,1,U_Red_R,Practice,142.414,45.054,0.249,0.868,1095.277,,65.121,-1,,,-1,0,0,0,0,,,,0,,,
3,Day,1,U_Red_R,Practice,142.514,45.154,0.242,0.868,1098.187,,65.042,-1,,,-1,0,0,0,0,,,,0,,,
3,Day,1,U_Red_R,Practice,142.614,45.254,0.259,0.868,1101.093,,64.96,-1,,,-1,0,0,0,0,,,,0,,,
3,Day,1,U_Red_R,Practice,142.715,45.354,0.301,0.868,1103.995,,64.878,-1,,,-1,0,0,0,0,,,,0,,,
3,Day,1,U_Red_R,Practice,142.833,45.473,0.383,0.868,1107.375,,64.785,-1,,,-1,0,0,0,0,,,,0,,,
3,Day,1,U_Red_R,Practice,142.914,45.554,0.46,0.868,1109.786,,64.721,-1,,,-1,0,0,0,0,,,,0,,,
3,Day,1,U_Red_R,Practice,143.015,45.654,0.572,0.868,1112.675,,64.656,-1,,,-1,0,0,0,0,,,,0,,,
3,Day,1,U_Red_R,Practice,143.132,45.772,0.726,0.868,1116.051,,65.019,-1,,,-1,0,0,0,0,,,,0,,,
3,Day,1,U_Red_R,Practice,143.215,45.854,0.845,0.868,1118.472,,65.099,-1,,,-1,0,0,0,0,,,,0,,,
3,Day,1,U_Red_R,Practice,143.315,45.954,0.965,0.868,1121.379,,65.058,-1,,,-1,0,0,0,0,,,,0,,,
3,Day,1,U_Red_R,Practice,143.415,46.054,1.084,0.868,1124.284,,65.012,-1,,,-1,0,0,0,0,,,,0,,,
3,Day,1,U_Red_R,Practice,143.515,46.154,1.199,0.868,1127.187,,64.953,-1,,,-1,0,0,0,0,,,,0,,,
3,Day,1,U_Red_R,Practice,143.614,46.253,1.301,0.868,1130.087,,64.887,-1,,,-1,0,0,0,0,,,,0,,,
3,Day,1,U_Red_R,Practice,143.714,46.354,1.388,0.868,1132.985,,64.816,-1,,,-1,0,0,0,0,,,,0,,,
3,Day,1,U_Red_R,Practice,143.833,46.473,1.466,0.868,1136.363,,64.732,-1,,,-1,0,0,0,0,,,,0,,,
3,Day,1,U_Red_R,Practice,143.933,46.572,1.513,0.869,1139.256,,64.661,-1,,,-1,0,0,0,0,,,,0,,,
3,Day,1,U_Red_R,Practice,144.035,46.675,1.544,0.871,1142.145,,64.592,-1,,,-1,0,0,0,0,,,,0,,,
3,Day,1,U_Red_R,Practice,144.114,46.753,1.558,0.872,1144.55,,64.535,-1,,,-1,0,0,0,0,,,,0,,,
3,Day,1,U_Red_R,Practice,144.214,46.854,1.562,0.872,1147.433,,64.467,-1,,,-1,0,0,0,0,,,,0,,,
3,Day,1,U_Red_R,Practice,144.331,46.971,1.551,0.87,1150.794,,64.391,-1,,,-1,0,0,0,0,,,,0,,,
3,Day,1,U_Red_R,Practice,144.414,47.053,1.534,0.871,1153.191,,64.337,-1,,,-1,0,0,0,0,,,,0,,,
3,Day,1,U_Red_R,Practice,144.515,47.154,1.506,0.871,1156.066,,64.273,-1,,,-1,0,0,0,0,,,,0,,,
3,Day,1,U_Red_R,Practice,144.615,47.254,1.47,0.869,1158.937,,64.21,-1,,,-1,0,0,0,0,,,,0,,,
3,Day,1,U_Red_R,Practice,144.715,47.354,1.427,0.868,1161.806,,64.156,-1,,,-1,0,0,0,0,,,,0,,,
3,Day,1,U_Red_R,Practice,144.816,47.455,1.378,0.867,1164.678,,64.485,-1,,,-1,0,0,0,0,,,,0,,,
3,Day,1,U_Red_R,Practice,144.914,47.554,1.325,0.868,1167.569,,64.83,-1,,,-1,0,0,0,0,,,,0,,,
3,Day,1,U_Red_R,Practice,145.016,47.656,1.267,0.868,1170.469,,65.031,-1,,,-1,0,0,0,0,,,,0,,,
3,Day,1,U_Red_R,Practice,145.115,47.754,1.205,0.868,1173.384,,65.462,-1,,,-1,0,0,0,0,,,,0,,,
3,Day,1,U_Red_R,Practice,145.214,47.854,1.14,0.868,1176.313,,65.576,-1,,,-1,0,0,0,0,,,,0,,,
3,Day,1,U_Red_R,Practice,145.314,47.953,1.073,0.868,1179.243,,65.563,-1,,,-1,0,0,0,0,,,,0,,,
3,Day,1,U_Red_R,Practice,145.414,48.054,1.003,0.868,1182.175,,65.737,-1,,,-1,0,0,0,0,,,,0,,,
3,Day,1,U_Red_R,Practice,145.531,48.171,0.92,0.868,1185.613,,66.137,-1,,,-1,0,0,0,0,,,,0,,,
3,Day,1,U_Red_R,Practice,145.614,48.254,0.859,0.868,1188.077,,66.185,-1,,,-1,0,0,0,0,,,,0,,,
3,Day,1,U_Red_R,Practice,145.715,48.354,0.785,0.868,1191.034,,66.162,-1,,,-1,0,0,0,0,,,,0,,,
3,Day,1,U_Red_R,Practice,145.814,48.454,0.732,0.868,1193.988,,66.017,-1,,,-1,0,0,0,0,,,,0,,,
3,Day,1,U_Red_R,Practice,145.915,48.554,0.698,0.868,1196.937,,65.952,-1,,,-1,0,0,0,0,,,,0,,,
3,Day,1,U_Red_R,Practice,146.014,48.654,0.674,0.868,1199.884,,65.885,-1,,,-1,0,0,0,0,,,,0,,,
3,Day,1,U_Red_R,Practice,146.115,48.754,0.664,0.868,1202.828,,65.813,-1,,,-1,0,0,0,0,,,,0,,,
3,Day,1,U_Red_R,Practice,146.217,48.856,0.673,0.868,1205.769,,65.886,-1,,,-1,0,0,0,0,,,,0,,,
3,Day,1,U_Red_R,Practice,146.314,48.954,0.703,0.868,1208.723,,66.319,-1,,,-1,0,0,0,0,,,,0,,,
3,Day,1,U_Red_R,Practice,146.415,49.054,0.751,0.868,1211.69,,66.443,-1,,,-1,0,0,0,0,,,,0,,,
3,Day,1,U_Red_R,Practice,146.514,49.154,0.782,0.868,1214.659,,66.377,-1,,,-1,0,0,0,0,,,,0,,,
3,Day,1,U_Red_R,Practice,146.614,49.254,0.806,0.868,1217.625,,66.327,-1,,,-1,0,0,0,0,,,,0,,,
3,Day,1,U_Red_R,Practice,146.715,49.354,0.816,0.868,1220.587,,66.164,-1,,,-1,0,0,0,0,,,,0,,,
3,Day,1,U_Red_R,Practice,146.833,49.472,0.768,0.868,1224.033,,66.026,-1,,,-1,0,0,0,0,,,,0,49.368,,
3,Day,1,U_Red_R,Practice,146.933,49.573,0.699,0.868,1226.982,,65.912,-1,,,-1,0,0,0,0,,,,0,49.368,,
3,Day,1,U_Red_R,Practice,147.015,49.654,0.641,0.868,1229.434,,65.808,-1,,,-1,0,0,0,0,,,,0,49.368,,
3,Day,1,U_Red_R,Practice,147.115,49.754,0.557,0.868,1232.373,,65.705,-1,,,-1,0,0,0,0,,,,0,49.368,,
3,Day,1,U_Red_R,Practice,147.215,49.854,0.443,0.868,1235.31,,65.928,-1,,,-1,0,0,0,0,,,,0,49.368,,
3,Day,1,U_Red_R,Practice,147.314,49.954,0.309,0.868,1238.262,,66.243,-1,,,-1,0,0,0,0,,,,0,49.368,,
3,Day,1,U_Red_R,Practice,147.414,50.054,0.164,0.868,1241.221,,66.374,-1,,,-1,0,0,0,0,,,,0,49.368,,
3,Day,1,U_Red_R,Practice,147.514,50.154,0.013,0.868,1244.192,,66.806,-1,,,-1,0,0,0,0,,,,0,49.368,,
3,Day,1,U_Red_R,Practice,147.614,50.254,-0.143,0.868,1247.181,,67.184,-1,,,-1,0,0,0,0,,,,0,49.368,,
3,Day,1,U_Red_R,Practice,147.715,50.354,-0.298,0.868,1250.189,,67.5,-1,,,-1,0,0,0,0,,,,0,49.368,,
3,Day,1,U_Red_R,Practice,147.815,50.454,-0.416,0.868,1253.203,,67.441,-1,,,-1,0,0,0,0,,,,0,49.368,,
3,Day,1,U_Red_R,Practice,147.916,50.555,-0.497,0.868,1256.215,,67.328,-1,,,-1,0,0,0,0,,,,0,49.368,,
3,Day,1,U_Red_R,Practice,148.016,50.656,-0.518,0.868,1259.22,,67.138,-1,,,-1,0,0,0,0,,,,0,49.368,,
3,Day,1,U_Red_R,Practice,148.114,50.754,-0.491,0.868,1262.22,,67.02,-1,,,-1,0,0,0,0,,,,0,49.368,,
3,Day,1,U_Red_R,Practice,148.22,50.86,-0.41,0.868,1265.217,,67.202,-1,,,-1,0,0,0,0,,,,0,49.368,,
3,Day,1,U_Red_R,Practice,148.333,50.973,-0.237,0.868,1268.718,,67.229,-1,,,-1,0,0,0,0,,,,0,49.368,,
3,Day,1,U_Red_R,Practice,148.415,51.055,-0.06,0.868,1271.219,,67.469,-1,,,-1,0,0,0,0,,,,0,49.368,,
3,Day,1,U_Red_R,Practice,148.515,51.154,0.208,0.868,1274.226,,67.571,-1,,,-1,0,0,0,0,,,,0,49.368,,
3,Day,1,U_Red_R,Practice,148.614,51.254,0.501,0.868,1277.232,,67.52,-1,,,-1,0,0,0,0,,,,0,49.368,,
3,Day,1,U_Red_R,Practice,148.715,51.354,0.801,0.868,1280.233,,67.432,-1,,,-1,0,0,0,0,,,,0,49.368,,
3,Day,1,U_Red_R,Practice,148.814,51.454,1.094,0.868,1283.231,,67.303,-1,,,-1,0,0,0,0,,,,0,49.368,,
3,Day,1,U_Red_R,Practice,148.914,51.554,1.36,0.868,1286.226,,67.221,-1,,,-1,0,0,0,0,,,,0,49.368,,
3,Day,1,U_Red_R,Practice,149.014,51.653,1.608,0.869,1289.219,,67.134,-1,,,-1,0,0,0,0,,,,0,49.368,,
3,Day,1,U_Red_R,Practice,149.114,51.754,1.822,0.87,1292.21,,67.025,-1,,,-1,0,0,0,0,,,,0,49.368,,
3,Day,1,U_Red_R,Practice,149.214,51.854,1.993,0.869,1295.199,,66.901,-1,,,-1,0,0,0,0,,,,0,49.368,,
3,Day,1,U_Red_R,Practice,149.314,51.954,2.117,0.868,1298.185,,66.774,-1,,,-1,0,0,0,0,,,,0,49.368,,
3,Day,1,U_Red_R,Practice,149.414,52.054,2.194,0.868,1301.166,,66.653,-1,,,-1,0,0,0,0,,,,0,49.368,,
3,Day,1,U_Red_R,Practice,149.515,52.154,2.229,0.868,1304.143,,66.541,-1,,,-1,0,0,0,0,,,,1,49.368,149.514,
3,Day,1,U_Red_R,Practice,149.614,52.254,2.225,0.868,1307.115,,66.438,-1,,,-1,0,0,0,0,,,,1,49.368,149.514,
3,Day,1,U_Red_R,Practice,149.733,52.373,2.179,0.868,1310.578,,66.331,-1,,,-1,0,0,0,0,,,,1,49.368,149.514,
3,Day,1,U_Red_R,Practice,149.814,52.454,2.121,0.868,1313.046,,66.26,-1,,,-1,0,0,0,0,,,,1,49.368,149.514,
3,Day,1,U_Red_R,Practice,149.914,52.553,2.031,0.868,1316.005,,66.18,-1,,,-1,0,0,0,0,,,,1,49.368,149.514,
3,Day,1,U_Red_R,Practice,150.013,52.653,1.919,0.868,1318.961,,66.105,-1,,,-1,0,0,0,0,,,,1,49.368,149.514,
3,Day,1,U_Red_R,Practice,150.114,52.753,1.79,0.868,1321.911,,66.034,-1,,,-1,0,0,0,0,,,,1,49.368,149.514,
3,Day,1,U_Red_R,Practice,150.214,52.853,1.646,0.869,1324.858,,65.965,-1,,,-1,0,0,0,0,,,,1,49.368,149.514,
3,Day,1,U_Red_R,Practice,150.314,52.953,1.491,0.869,1327.802,,65.898,-1,,,-1,0,0,0,0,,,,1,49.368,149.514,
3,Day,1,U_Red_R,Practice,150.414,53.053,1.325,0.869,1330.741,,65.832,-1,,,-1,0,0,0,0,,,,1,49.368,149.514,
3,Day,1,U_Red_R,Practice,150.514,53.153,1.151,0.868,1333.677,,65.767,-1,,,-1,0,0,0,0,,,,1,49.368,149.514,
3,Day,1,U_Red_R,Practice,150.616,53.255,0.969,0.868,1336.611,,65.703,-1,,,-1,0,0,0,0,,,,1,49.368,149.514,
3,Day,1,U_Red_R,Practice,150.714,53.354,0.782,0.868,1339.54,,65.64,-1,,,-1,0,0,0,0,,,,1,49.368,149.514,
3,Day,1,U_Red_R,Practice,150.817,53.457,0.59,0.868,1342.467,,65.576,-1,,,-1,0,0,0,0,,,,1,49.368,149.514,
3,Day,1,U_Red_R,Practice,150.915,53.554,0.41,0.868,1345.39,,65.428,-1,,,-1,0,0,0,0,,,,1,49.368,149.514,
3,Day,1,U_Red_R,Practice,151.034,53.673,0.251,0.868,1348.795,,65.279,-1,,,-1,0,0,0,0,,,,1,49.368,149.514,
3,Day,1,U_Red_R,Practice,151.115,53.754,0.154,0.868,1351.223,,65.218,-1,,,-1,0,0,0,0,,,,1,49.368,149.514,
3,Day,1,U_Red_R,Practice,151.231,53.87,0.043,0.868,1354.62,,65.119,-1,,,-1,0,0,0,0,,,,1,49.368,149.514,
3,Day,1,U_Red_R,Practice,151.314,53.953,-0.011,0.868,1357.044,,65.049,-1,,,-1,0,0,0,0,,,,1,49.368,149.514,
3,Day,1,U_Red_R,Practice,151.415,54.054,-0.044,0.868,1359.956,,65.34,-1,,,-1,0,0,0,0,,,,1,49.368,149.514,
3,Day,1,U_Red_R,Practice,151.514,54.154,-0.047,0.868,1362.886,,65.773,-1,,,-1,0,0,0,0,,,,1,49.368,149.514,
3,Day,1,U_Red_R,Practice,151.631,54.271,-0.062,0.868,1366.319,,65.846,-1,,,-1,0,0,0,0,,,,1,49.368,149.514,
3,Day,1,U_Red_R,Practice,151.731,54.37,-0.071,0.868,1369.262,,65.776,-1,,,-1,0,0,0,0,,,,1,49.368,149.514,
3,Day,1,U_Red_R,Practice,151.831,54.47,-0.112,0.868,1372.199,,65.672,-1,,,-1,0,0,0,0,,,,1,49.368,149.514,
3,Day,1,U_Red_R,Practice,151.914,54.553,-0.159,0.868,1374.644,,65.621,-1,,,-1,0,0,0,0,,,,1,49.368,149.514,
3,Day,1,U_Red_R,Practice,152.016,54.655,-0.239,0.868,1377.581,,65.916,-1,,,-1,0,0,0,0,,,,1,49.368,149.514,
3,Day,1,U_Red_R,Practice,152.132,54.771,-0.38,0.868,1381.023,,66.18,-1,,,-1,0,0,0,0,,,,1,49.368,149.514,
3,Day,1,U_Red_R,Practice,152.215,54.854,-0.514,0.868,1383.489,,66.511,-1,,,-1,0,0,0,0,,,,1,49.368,149.514,
3,Day,1,U_Red_R,Practice,152.314,54.954,-0.713,0.868,1386.462,,66.752,-1,,,-1,0,0,0,1,,,,1,49.368,149.514,-2.799
3,Day,1,U_Red_R,Practice,152.432,55.072,-0.995,0.868,1389.938,,67.093,-1,,,-1,0,0,0,1,,,,1,49.368,149.514,-2.799
3,Day,1,U_Red_R,Practice,152.514,55.153,-1.211,0.868,1392.43,,67.169,-1,,,-1,0,0,0,1,,,,1,49.368,149.514,-2.799
3,Day,1,U_Red_R,Practice,152.614,55.254,-1.456,0.869,1395.422,,67.135,-1,,,-1,0,0,0,1,,,,1,49.368,149.514,-2.799
3,Day,1,U_Red_R,Practice,152.714,55.353,-1.71,0.869,1398.411,,67.088,-1,,,-1,0,0,0,1,,,,1,49.368,149.514,-2.799
3,Day,1,U_Red_R,Practice,152.831,55.471,-2.006,0.869,1401.896,,67.019,-1,,,-1,0,0,0,1,,,,1,49.368,149.514,-2.799
3,Day,1,U_Red_R,Practice,152.914,55.553,-2.21,0.868,1404.383,,66.962,-1,,,-1,0,0,0,1,,,,1,49.368,149.514,-2.799
3,Day,1,U_Red_R,Practice,153.015,55.654,-2.441,0.868,1407.368,,67.11,-1,,,-1,0,0,0,1,,,,1,49.368,149.514,-2.799
3,Day,1,U_Red_R,Practice,153.114,55.753,-2.654,0.868,1410.365,,67.308,-1,,,-1,0,0,0,1,,,,1,49.368,149.514,-2.799
3,Day,1,U_Red_R,Practice,153.213,55.853,-2.845,0.868,1413.368,,67.258,-1,,,-1,0,0,0,1,,,,1,49.368,149.514,-2.799
3,Day,1,U_Red_R,Practice,153.314,55.954,-2.982,0.868,1416.368,,67.044,-1,,,-1,0,0,0,1,,,,1,49.368,149.514,-2.799
3,Day,1,U_Red_R,Practice,153.414,56.053,-3.069,0.868,1419.361,,66.954,-1,,,-1,0,0,0,1,,,,1,49.368,149.514,-2.799
3,Day,1,U_Red_R,Practice,153.513,56.153,-3.121,0.868,1422.352,,66.785,-1,,,-1,0,0,0,1,,,,1,49.368,149.514,-2.799
3,Day,1,U_Red_R,Practice,153.615,56.255,-3.1,0.868,1425.331,,66.527,-1,,,-1,0,0,0,1,,,,1,49.368,149.514,-2.799
3,Day,1,U_Red_R,Practice,153.714,56.354,-3.02,0.868,1428.303,,66.376,-1,,,-1,0,0,0,1,,,,1,49.368,149.514,-2.799
3,Day,1,U_Red_R,Practice,153.815,56.454,-2.885,0.868,1431.263,,66.214,-1,,,-1,0,0,0,1,,,,1,49.368,149.514,-2.799
3,Day,1,U_Red_R,Practice,153.914,56.553,-2.691,0.868,1434.214,,66.054,-1,,,-1,0,0,0,1,,,,1,49.368,149.514,-2.799
3,Day,1,U_Red_R,Practice,154.014,56.654,-2.441,0.868,1437.153,,65.904,-1,,,-1,0,0,0,1,,,,1,49.368,149.514,-2.799
3,Day,1,U_Red_R,Practice,154.116,56.755,-2.139,0.868,1440.08,,65.779,-1,,,-1,0,0,0,1,,,,1,49.368,149.514,-2.799
3,Day,1,U_Red_R,Practice,154.233,56.873,-1.731,0.868,1443.477,,65.254,-1,,,-1,0,0,0,1,,,,1,49.368,149.514,-2.799
3,Day,1,U_Red_R,Practice,154.315,56.954,-1.409,0.868,1445.879,,64.862,-1,,,-1,0,0,0,1,,,,1,49.368,149.514,-2.799
3,Day,1,U_Red_R,Practice,154.417,57.056,-0.995,0.868,1448.739,,64.347,-1,,,-1,0,0,0,1,,,,1,49.368,149.514,-2.799
3,Day,1,U_Red_R,Practice,154.514,57.154,-0.555,0.868,1451.571,,63.911,-1,,,-1,0,0,0,1,,,,1,49.368,149.514,-2.799
3,Day,1,U_Red_R,Practice,154.614,57.253,-0.094,0.868,1454.387,,63.749,-1,,,-1,0,0,0,1,,,,1,49.368,149.514,-2.799
3,Day,1,U_Red_R,Practice,154.715,57.354,0.387,0.868,1457.194,,63.654,-1,,,-1,0,0,0,1,,,,1,49.368,149.514,-2.799
3,Day,1,U_Red_R,Practice,154.814,57.453,0.883,0.868,1459.992,,63.355,-1,,,-1,0,0,0,1,,,,1,49.368,149.514,-2.799
3,Day,1,U_Red_R,Practice,154.915,57.555,1.39,0.868,1462.768,,62.906,-1,,,-1,0,0,0,1,,,,1,49.368,149.514,-2.799
3,Day,1,U_Red_R,Practice,155.014,57.654,1.905,0.868,1465.528,,62.746,-1,,,-1,0,0,0,1,,,,1,49.368,149.514,-2.799
3,Day,1,U_Red_R,Practice,155.114,57.753,2.419,0.868,1468.283,,62.598,-1,,,-1,0,0,0,1,,,,1,49.368,149.514,-2.799
3,Day,1,U_Red_R,Practice,155.214,57.853,2.905,0.868,1471.036,,62.496,-1,,,-1,0,0,0,1,,,,1,49.368,149.514,-2.799
3,Day,1,U_Red_R,Practice,155.313,57.952,3.378,0.868,1473.787,,62.347,-1,,,-1,0,0,0,1,,,,1,49.368,149.514,-2.799
3,Day,1,U_Red_R,Practice,155.432,58.071,3.879,0.87,1476.997,,62.19,-1,,,-1,0,0,0,1,,,,1,49.368,149.514,-2.799
3,Day,1,U_Red_R,Practice,155.514,58.154,4.192,0.87,1479.288,,62.029,-1,,,-1,0,0,0,1,,,,1,49.368,149.514,-2.799
3,Day,1,U_Red_R,Practice,155.633,58.272,4.578,0.869,1482.497,,61.891,-1,,,-1,0,0,0,1,,,,1,49.368,149.514,-2.799
3,Day,1,U_Red_R,Practice,155.716,58.355,4.813,0.868,1484.789,,61.778,-1,,,-1,0,0,0,1,,,,1,49.368,149.514,-2.799
3,Day,1,U_Red_R,Practice,155.814,58.453,5.047,0.868,1487.537,,61.546,-1,,,-1,0,0,0,1,,,,1,49.368,149.514,-2.799
3,Day,1,U_Red_R,Practice,155.914,58.553,5.229,0.868,1490.271,,60.959,-1,,,-1,0,0,0,1,,,,1,49.368,149.514,-2.799
3,Day,1,U_Red_R,Practice,156.014,58.653,5.363,0.868,1492.979,,60.274,-1,,,-1,0,0,0,1,,,,1,49.368,149.514,-2.799
3,Day,1,U_Red_R,Practice,156.114,58.753,5.453,0.868,1495.663,,59.843,-1,,,-1,0,0,0,1,,,,1,49.368,149.514,-2.799
3,Day,1,U_Red_R,Practice,156.215,58.854,5.508,0.868,1498.326,,59.225,-1,,,-1,0,0,0,1,,,,1,49.368,149.514,-2.799
3,Day,1,U_Red_R,Practice,156.314,58.953,5.531,0.868,1500.963,,58.732,-1,,,-1,0,0,0,1,,,,1,49.368,149.514,-2.799
3,Day,1,U_Red_R,Practice,156.415,59.054,5.529,0.868,1503.576,,58.104,-1,,,-1,0,0,0,1,,,,1,49.368,149.514,-2.799
3,Day,1,U_Red_R,Practice,156.515,59.155,5.506,0.868,1506.164,,57.589,-1,,,-1,0,0,0,1,,,,1,49.368,149.514,-2.799
3,Day,1,U_Red_R,Practice,156.615,59.255,5.467,0.868,1508.726,,56.924,-1,,,-1,0,0,0,1,,,,1,49.368,149.514,-2.799
3,Day,1,U_Red_R,Practice,156.787,59.426,5.373,0.868,1512.941,,56.404,-1,,,-1,0,0,0,1,,,,1,49.368,149.514,-2.799
3,Day,1,U_Red_R,Practice,156.814,59.453,5.35,0.868,1513.781,,56.372,-1,,,-1,0,0,0,1,,,,1,49.368,149.514,-2.799
3,Day,1,U_Red_R,Practice,156.914,59.554,5.277,0.868,1516.298,,56.299,-1,,,-1,0,0,0,1,,,,1,49.368,149.514,-2.799
3,Day,1,U_Red_R,Practice,157.014,59.653,5.196,0.868,1518.813,,56.24,-1,,,-1,0,0,0,1,,,,1,49.368,149.514,-2.799
3,Day,1,U_Red_R,Practice,157.114,59.753,5.11,0.868,1521.324,,56.185,-1,,,-1,0,0,0,1,,,,1,49.368,149.514,-2.799
3,Day,1,U_Red_R,Practice,157.216,59.855,5.019,0.868,1523.833,,56.13,-1,,,-1,0,0,0,1,,,,1,49.368,149.514,-2.799
3,Day,1,U_Red_R,Practice,157.331,59.971,4.907,0.868,1526.756,,56.067,-1,,,-1,0,0,0,1,,,,1,49.368,149.514,-2.799
3,Day,1,U_Red_R,Practice,157.414,60.053,4.826,0.868,1528.842,,56.023,-1,,,-1,0,0,0,1,,,,1,49.368,149.514,-2.799
3,Day,1,U_Red_R,Practice,157.514,60.153,4.725,0.868,1531.344,,55.969,-1,,,-1,0,0,0,1,,,,1,49.368,149.514,-2.799
3,Day,1,U_Red_R,Practice,157.614,60.253,4.623,0.868,1533.842,,55.916,-1,,,-1,0,0,0,1,,,,1,49.368,149.514,-2.799
3,Day,1,U_Red_R,Practice,157.713,60.353,4.519,0.868,1536.339,,55.862,-1,,,-1,0,0,0,1,,,,1,49.368,149.514,-2.799
3,Day,1,U_Red_R,Practice,157.814,60.453,4.414,0.868,1538.832,,55.701,-1,,,-1,0,0,0,1,,,,1,49.368,149.514,-2.799
3,Day,1,U_Red_R,Practice,157.914,60.553,4.309,0.868,1541.31,,55.184,-1,,,-1,0,0,0,1,,,,1,49.368,149.514,-2.799
3,Day,1,U_Red_R,Practice,158.014,60.653,4.204,0.868,1543.77,,54.882,-1,,,-1,0,0,0,1,,,,1,49.368,149.514,-2.799
3,Day,1,U_Red_R,Practice,158.132,60.772,4.081,0.868,1546.615,,54.359,-1,,,-1,0,0,0,1,,,,1,49.368,149.514,-2.799
3,Day,1,U_Red_R,Practice,158.214,60.854,3.994,0.87,1548.634,,54.058,-1,,,-1,0,0,0,1,,,,1,49.368,149.514,-2.799
3,Day,1,U_Red_R,Practice,158.315,60.954,3.891,0.87,1551.04,,53.668,-1,,,-1,0,0,0,1,,,,1,49.368,149.514,-2.799
3,Day,1,U_Red_R,Practice,158.413,61.053,3.823,0.87,1553.434,,53.473,-1,,,-1,0,0,0,1,,,,1,49.368,149.514,-2.799
3,Day,1,U_Red_R,Practice,158.514,61.153,3.775,0.869,1555.822,,53.404,-1,,,-1,0,0,0,1,,,,1,49.368,149.514,-2.799
3,Day,1,U_Red_R,Practice,158.614,61.253,3.738,0.868,1558.208,,53.317,-1,,,-1,0,0,0,1,,,,1,49.368,149.514,-2.799
3,Day,1,U_Red_R,Practice,158.714,61.353,3.749,0.868,1560.587,,53.099,-1,,,-1,0,0,0,1,,,,1,49.368,149.514,-2.799
3,Day,1,U_Red_R,Practice,158.832,61.471,3.82,0.869,1563.353,,53.006,-1,,,-1,0,0,0,1,,,,1,49.368,149.514,-2.799
3,Day,1,U_Red_R,Practice,158.913,61.552,3.896,0.87,1565.325,,52.934,-1,,,-1,0,0,0,1,,,,1,49.368,149.514,-2.799
3,Day,1,U_Red_R,Practice,159.014,61.653,4.021,0.869,1567.686,,52.838,-1,,,-1,0,0,0,1,,,,1,49.368,149.514,-2.799
3,Day,1,U_Red_R,Practice,159.113,61.752,4.156,0.87,1570.041,,52.732,-1,,,-1,0,0,0,1,,,,1,49.368,149.514,-2.799
3,Day,1,U_Red_R,Practice,159.214,61.853,4.311,0.869,1572.392,,52.659,-1,,,-1,0,0,0,1,,,,1,49.368,149.514,-2.799
3,Day,1,U_Red_R,Practice,159.314,61.953,4.472,0.868,1574.738,,52.544,-1,,,-1,0,0,0,1,,,,1,49.368,149.514,-2.799
3,Day,1,U_Red_R,Practice,159.413,62.053,4.613,0.868,1577.082,,52.476,-1,,,-1,0,0,0,1,,,,1,49.368,149.514,-2.799
3,Day,1,U_Red_R,Practice,159.513,62.153,4.764,0.868,1579.421,,52.357,-1,,,-1,0,0,0,1,,,,1,49.368,149.514,-2.799
3,Day,1,U_Red_R,Practice,159.614,62.253,4.945,0.868,1581.752,,52.257,-1,,,-1,0,0,0,1,,,,1,49.368,149.514,-2.799
3,Day,1,U_Red_R,Practice,159.714,62.353,5.121,0.868,1584.08,,52.203,-1,,,-1,0,0,0,1,,,,1,49.368,149.514,-2.799
3,Day,1,U_Red_R,Practice,159.814,62.453,5.294,0.868,1586.406,,52.153,-1,,,-1,0,0,0,1,,,,1,49.368,149.514,-2.799
3,Day,1,U_Red_R,Practice,159.914,62.554,5.468,0.868,1588.73,,52.103,-1,,,-1,0,0,0,1,,,,1,49.368,149.514,-2.799
3,Day,1,U_Red_R,Practice,160.014,62.653,5.645,0.868,1591.051,,52.052,-1,,,-1,0,0,0,1,,,,1,49.368,149.514,-2.799
3,Day,1,U_Red_R,Practice,160.114,62.753,5.828,0.868,1593.37,,52.002,-1,,,-1,0,0,0,1,,,,1,49.368,149.514,-2.799
3,Day,1,U_Red_R,Practice,160.213,62.853,6.016,0.868,1595.685,,51.951,-1,,,-1,0,0,0,1,,,,1,49.368,149.514,-2.799
3,Day,1,U_Red_R,Practice,160.313,62.953,6.21,0.868,1597.999,,51.901,-1,,,-1,0,0,0,1,,,,1,49.368,149.514,-2.799
3,Day,1,U_Red_R,Practice,160.413,63.052,6.406,0.868,1600.309,,51.817,-1,,,-1,0,0,0,1,,,,1,49.368,149.514,-2.799
3,Day,1,U_Red_R,Practice,160.514,63.153,6.573,0.868,1602.617,,51.686,-1,,,-1,0,0,0,1,,,,1,49.368,149.514,-2.799
3,Day,1,U_Red_R,Practice,160.613,63.252,6.723,0.868,1604.921,,51.633,-1,,,-1,0,0,0,1,,,,1,49.368,149.514,-2.799
3,Day,1,U_Red_R,Practice,160.713,63.352,6.867,0.868,1607.224,,51.579,-1,,,-1,0,0,0,1,,,,1,49.368,149.514,-2.799
3,Day,1,U_Red_R,Practice,160.813,63.453,6.995,0.869,1609.525,,51.521,-1,,,-1,0,0,0,1,,,,1,49.368,149.514,-2.799
3,Day,1,U_Red_R,Practice,160.913,63.552,7.107,0.871,1611.824,,51.462,-1,,,-1,0,0,0,1,,,,1,49.368,149.514,-2.799
3,Day,1,U_Red_R,Practice,161.013,63.653,7.201,0.872,1614.122,,51.563,-1,,,-1,0,0,0,1,,,,1,49.368,149.514,-2.799
3,Day,1,U_Red_R,Practice,161.114,63.753,7.278,0.869,1616.436,,52.11,-1,,,-1,0,0,0,1,,,,1,49.368,149.514,-2.799
3,Day,1,U_Red_R,Practice,161.214,63.853,7.341,0.868,1618.772,,52.401,-1,,,-1,0,0,0,1,,,,1,49.368,149.514,-2.799
3,Day,1,U_Red_R,Practice,161.314,63.953,7.371,0.867,1621.112,,52.272,-1,,,-1,0,0,0,1,,,,1,49.368,149.514,-2.799
3,Day,1,U_Red_R,Practice,161.414,64.053,7.35,0.868,1623.447,,52.179,-1,,,-1,0,0,0,1,,,,1,49.368,149.514,-2.799
3,Day,1,U_Red_R,Practice,161.514,64.153,7.299,0.868,1625.776,,52.009,-1,,,-1,0,0,0,1,,,,1,49.368,149.514,-2.799
3,Day,1,U_Red_R,Practice,161.614,64.253,7.183,0.87,1628.094,,51.841,-1,,,-1,0,0,0,1,,,,1,49.368,149.514,-2.799
3,Day,1,U_Red_R,Practice,161.714,64.353,7.028,0.87,1630.405,,51.745,-1,,,-1,0,0,0,1,,,,1,49.368,149.514,-2.799
3,Day,1,U_Red_R,Practice,161.849,64.489,6.754,0.869,1633.473,,51.603,-1,,,-1,0,0,0,1,,,,1,49.368,149.514,-2.799
3,Day,1,U_Red_R,Practice,161.913,64.552,6.589,0.869,1635.001,,51.696,-1,,,-1,0,0,0,1,,,,1,49.368,149.514,-2.799
3,Day,1,U_Red_R,Practice,162.013,64.652,6.308,0.868,1637.297,,51.752,-1,,,-1,0,0,0,1,,,,1,49.368,149.514,-2.799
3,Day,1,U_Red_R,Practice,162.113,64.752,6.025,0.868,1639.592,,51.677,-1,,,-1,0,0,0,1,,,,1,49.368,149.514,-2.799
3,Day,1,U_Red_R,Practice,162.214,64.854,5.739,0.868,1641.883,,51.617,-1,,,-1,0,0,0,1,,,,1,49.368,149.514,-2.799
3,Day,1,U_Red_R,Practice,162.314,64.953,5.461,0.868,1644.171,,51.482,-1,,,-1,0,0,0,1,,,,1,49.368,149.514,-2.799
3,Day,1,U_Red_R,Practice,162.414,65.053,5.214,0.868,1646.457,,51.413,-1,,,-1,0,0,0,1,,,,1,49.368,149.514,-2.799
3,Day,1,U_Red_R,Practice,162.513,65.152,4.999,0.868,1648.741,,51.255,-1,,,-1,0,0,0,1,,,,1,49.368,149.514,-2.799
3,Day,1,U_Red_R,Practice,162.613,65.252,4.823,0.868,1651.024,,51.117,-1,,,-1,0,0,0,1,,,,1,49.368,149.514,-2.799
3,Day,1,U_Red_R,Practice,162.714,65.354,4.714,0.868,1653.301,,50.902,-1,,,-1,0,0,0,1,,,,1,49.368,149.514,-2.799
3,Day,1,U_Red_R,Practice,162.814,65.453,4.656,0.868,1655.574,,50.792,-1,,,-1,0,0,0,1,,,,1,49.368,149.514,-2.799
3,Day,1,U_Red_R,Practice,162.913,65.553,4.625,0.868,1657.842,,50.676,-1,,,-1,0,0,0,1,,,,1,49.368,149.514,-2.799
3,Day,1,U_Red_R,Practice,163.014,65.653,4.609,0.868,1660.105,,50.573,-1,,,-1,0,0,0,1,,,,1,49.368,149.514,-2.799
3,Day,1,U_Red_R,Practice,163.114,65.753,4.628,0.868,1662.364,,50.499,-1,,,-1,0,0,0,1,,,,1,49.368,149.514,-2.799
3,Day,1,U_Red_R,Practice,163.214,65.853,4.67,0.868,1664.62,,50.44,-1,,,-1,0,0,0,1,,,,1,49.368,149.514,-2.799
3,Day,1,U_Red_R,Practice,163.315,65.954,4.725,0.868,1666.873,,50.365,-1,,,-1,0,0,0,1,,,,1,49.368,149.514,-2.799
3,Day,1,U_Red_R,Practice,163.414,66.053,4.816,0.868,1669.119,,50.226,-1,,,-1,0,0,0,1,,,,1,49.368,149.514,-2.799
3,Day,1,U_Red_R,Practice,163.513,66.153,4.926,0.868,1671.361,,50.172,-1,,,-1,0,0,0,1,,,,1,49.368,149.514,-2.799
3,Day,1,U_Red_R,Practice,163.614,66.253,5.045,0.868,1673.6,,50.118,-1,,,-1,0,0,0,1,,,,1,49.368,149.514,-2.799
3,Day,1,U_Red_R,Practice,163.714,66.353,5.178,0.868,1675.835,,50.064,-1,,,-1,0,0,0,1,,,,1,49.368,149.514,-2.799
3,Day,1,U_Red_R,Practice,163.813,66.453,5.326,0.868,1678.067,,50.01,-1,,,-1,0,0,0,1,,,,1,49.368,149.514,-2.799
3,Day,1,U_Red_R,Practice,163.914,66.553,5.485,0.868,1680.296,,49.93,-1,,,-1,0,0,0,1,,,,1,49.368,149.514,-2.799
3,Day,1,U_Red_R,Practice,164.014,66.654,5.621,0.868,1682.521,,49.814,-1,,,-1,0,0,0,1,,,,1,49.368,149.514,-2.799
3,Day,1,U_Red_R,Practice,164.113,66.753,5.749,0.868,1684.743,,49.762,-1,,,-1,0,0,0,1,,,,1,49.368,149.514,-2.799
3,Day,1,U_Red_R,Practice,164.214,66.853,5.872,0.868,1686.963,,49.651,-1,,,-1,0,0,0,1,,,,1,49.368,149.514,-2.799
3,Day,1,U_Red_R,Practice,164.313,66.953,5.951,0.868,1689.178,,49.532,-1,,,-1,0,0,0,1,,,,1,49.368,149.514,-2.799
3,Day,1,U_Red_R,Practice,164.431,67.07,6.014,0.868,1691.758,,49.459,-1,,,-1,0,0,0,1,,,,1,49.368,149.514,-2.799
3,Day,1,U_Red_R,Practice,164.514,67.153,6.039,0.868,1693.599,,49.401,-1,,,-1,0,0,0,1,,,,1,49.368,149.514,-2.799
3,Day,1,U_Red_R,Practice,164.614,67.253,6.043,0.868,1695.807,,49.33,-1,,,-1,0,0,0,1,,,,1,49.368,149.514,-2.799
3,Day,1,U_Red_R,Practice,164.714,67.353,6.02,0.868,1698.01,,49.262,-1,,,-1,0,0,0,1,,,,1,49.368,149.514,-2.799
3,Day,1,U_Red_R,Practice,164.813,67.453,5.972,0.868,1700.211,,49.199,-1,,,-1,0,0,0,1,,,,1,49.368,149.514,-2.799
3,Day,1,U_Red_R,Practice,164.914,67.553,5.918,0.868,1702.407,,49.09,-1,,,-1,0,0,0,1,,,,1,49.368,149.514,-2.799
3,Day,1,U_Red_R,Practice,165.013,67.653,5.877,0.868,1704.6,,49.023,-1,,,-1,0,0,0,1,,,,1,49.368,149.514,-2.799
3,Day,1,U_Red_R,Practice,165.114,67.753,5.827,0.868,1706.79,,48.974,-1,,,-1,0,0,0,1,,,,1,49.368,149.514,-2.799
3,Day,1,U_Red_R,Practice,165.213,67.853,5.777,0.868,1708.978,,48.927,-1,,,-1,0,0,0,1,,,,1,49.368,149.514,-2.799
3,Day,1,U_Red_R,Practice,165.313,67.952,5.732,0.868,1711.163,,48.879,-1,,,-1,0,0,0,1,,,,1,49.368,149.514,-2.799
3,Day,1,U_Red_R,Practice,165.414,68.053,5.695,0.868,1713.347,,48.83,-1,,,-1,0,0,0,1,,,,1,49.368,149.514,-2.799
3,Day,1,U_Red_R,Practice,165.514,68.153,5.666,0.868,1715.529,,48.781,-1,,,-1,0,0,0,1,,,,1,49.368,149.514,-2.799
3,Day,1,U_Red_R,Practice,165.613,68.253,5.646,0.868,1717.708,,48.733,-1,,,-1,0,0,0,1,,,,1,49.368,149.514,-2.799
3,Day,1,U_Red_R,Practice,165.713,68.352,5.633,0.868,1719.886,,48.685,-1,,,-1,0,0,0,1,,,,1,49.368,149.514,-2.799
3,Day,1,U_Red_R,Practice,165.813,68.453,5.627,0.868,1722.061,,48.637,-1,,,-1,0,0,0,1,,,,1,49.368,149.514,-2.799
3,Day,1,U_Red_R,Practice,165.915,68.554,5.627,0.868,1724.234,,48.59,-1,,,-1,0,0,0,1,,,,1,49.368,149.514,-2.799
3,Day,1,U_Red_R,Practice,166.014,68.653,5.632,0.868,1726.406,,48.543,-1,,,-1,0,0,0,1,,,,1,49.368,149.514,-2.799
3,Day,1,U_Red_R,Practice,166.113,68.753,5.64,0.868,1728.574,,48.496,-1,,,-1,0,0,0,1,,,,1,49.368,149.514,-2.799
3,Day,1,U_Red_R,Practice,166.214,68.853,5.652,0.868,1730.741,,48.45,-1,,,-1,0,0,0,1,,,,1,49.368,149.514,-2.799
3,Day,1,U_Red_R,Practice,166.313,68.953,5.667,0.868,1732.906,,48.403,-1,,,-1,0,0,0,1,,,,1,49.368,149.514,-2.799
3,Day,1,U_Red_R,Practice,166.413,69.053,5.684,0.868,1735.069,,48.357,-1,,,-1,0,0,0,1,,,,1,49.368,149.514,-2.799
3,Day,1,U_Red_R,Practice,166.513,69.153,5.703,0.868,1737.229,,48.311,-1,,,-1,0,0,0,1,,,,1,49.368,149.514,-2.799
3,Day,1,U_Red_R,Practice,166.613,69.252,5.723,0.868,1739.388,,48.265,-1,,,-1,0,0,0,1,,,,1,49.368,149.514,-2.799
3,Day,1,U_Red_R,Practice,166.714,69.353,5.744,0.868,1741.544,,48.219,-1,,,-1,0,0,0,1,,,,1,49.368,149.514,-2.799
3,Day,1,U_Red_R,Practice,166.813,69.452,5.766,0.868,1743.7,,48.173,-1,,,-1,0,0,0,1,,,,1,49.368,149.514,-2.799
3,Day,1,U_Red_R,Practice,166.913,69.553,5.788,0.868,1745.853,,48.127,-1,,,-1,0,0,0,1,,,,1,49.368,149.514,-2.799
3,Day,1,U_Red_R,Practice,167.012,69.651,5.811,0.868,1748.003,,48.081,-1,,,-1,0,0,0,1,,,,1,49.368,149.514,-2.799
3,Day,1,U_Red_R,Practice,167.113,69.753,5.835,0.868,1750.151,,48.035,-1,,,-1,0,0,0,1,,,,1,49.368,149.514,-2.799
3,Day,1,U_Red_R,Practice,167.214,69.853,5.859,0.868,1752.297,,47.99,-1,,,-1,0,0,0,1,,,,1,49.368,149.514,-2.799
3,Day,1,U_Red_R,Practice,167.313,69.952,5.883,0.868,1754.442,,47.944,-1,,,-1,0,0,0,1,,,,1,49.368,149.514,-2.799
3,Day,1,U_Red_R,Practice,167.432,70.072,5.911,0.868,1756.941,,47.891,-1,,,-1,0,0,0,1,,,,1,49.368,149.514,-2.799
3,Day,1,U_Red_R,Practice,167.444,70.084,5.911,0.868,1756.941,,47.891,70.084,,,-1,0,0,0,1,,,,1,49.368,149.514,-2.799
3,Day,1,U_Red_R,Practice,167.511,70.15,5.911,0.868,1756.941,,47.891,70.084,,,-1,0,0,0,1,,,,1,49.368,149.514,-2.799
3,Day,1,U_Red_R,Practice,167.611,70.251,5.911,0.868,1756.941,,47.891,70.084,,,-1,0,0,0,1,,,,1,49.368,149.514,-2.799
3,Day,1,U_Red_R,Practice,167.711,70.35,5.911,0.868,1756.941,,47.891,70.084,,,-1,0,0,0,1,,,,1,49.368,149.514,-2.799
3,Day,1,U_Red_R,Practice,167.811,70.451,5.911,0.868,1756.941,,47.891,70.084,,,-1,0,0,0,1,,,,1,49.368,149.514,-2.799
3,Day,1,U_Red_R,Practice,167.911,70.551,5.911,0.868,1756.941,,47.891,70.084,,,-1,0,0,0,1,,,,1,49.368,149.514,-2.799
3,Day,1,U_Red_R,Practice,168.011,70.65,5.911,0.868,1756.941,,47.891,70.084,,,-1,0,0,0,1,,,,1,49.368,149.514,-2.799
3,Day,1,U_Red_R,Practice,168.111,70.751,5.911,0.868,1756.941,,47.891,70.084,,,-1,0,0,0,1,,,,1,49.368,149.514,-2.799
3,Day,1,U_Red_R,Practice,168.211,70.85,5.911,0.868,1756.941,,47.891,70.084,,,-1,0,0,0,1,,,,1,49.368,149.514,-2.799
3,Day,1,U_Red_R,Practice,168.311,70.951,5.911,0.868,1756.941,,47.891,70.084,,,-1,0,0,0,1,,,,1,49.368,149.514,-2.799
3,Day,1,U_Red_R,Practice,168.411,71.05,5.911,0.868,1756.941,,47.891,70.084,,,-1,0,0,0,1,,,,1,49.368,149.514,-2.799
3,Day,1,U_Red_R,Practice,168.511,71.151,5.911,0.868,1756.941,,47.891,70.084,,,-1,0,0,0,1,,,,1,49.368,149.514,-2.799
3,Day,1,U_Red_R,Practice,168.611,71.25,5.911,0.868,1756.941,,47.891,70.084,,,-1,0,0,0,1,,,,1,49.368,149.514,-2.799
3,Day,1,U_Red_R,Practice,168.712,71.351,5.911,0.868,1756.941,,47.891,70.084,,,-1,0,0,0,1,,,,1,49.368,149.514,-2.799
3,Day,1,U_Red_R,Practice,168.811,71.451,5.911,0.868,1756.941,,47.891,70.084,,,-1,0,0,0,1,,,,1,49.368,149.514,-2.799
3,Day,1,U_Red_R,Practice,168.911,71.551,5.911,0.868,1756.941,,47.891,70.084,,,-1,0,0,0,1,,,,1,49.368,149.514,-2.799
3,Day,1,U_Red_R,Practice,169.011,71.65,5.911,0.868,1756.941,,47.891,70.084,,,-1,0,0,0,1,,,,1,49.368,149.514,-2.799
3,Day,1,U_Red_R,Practice,169.111,71.751,5.911,0.868,1756.941,,47.891,70.084,,,-1,0,0,0,1,,,,1,49.368,149.514,-2.799
3,Day,1,U_Red_R,Practice,169.211,71.851,5.911,0.868,1756.941,,47.891,70.084,,,-1,0,0,0,1,,,,1,49.368,149.514,-2.799
3,Day,1,U_Red_R,Practice,169.311,71.95,5.911,0.868,1756.941,,47.891,70.084,,,-1,0,0,0,1,,,,1,49.368,149.514,-2.799
3,Day,1,U_Red_R,Practice,169.411,72.051,5.911,0.868,1756.941,,47.891,70.084,,,-1,0,0,0,1,,,,1,49.368,149.514,-2.799
3,Day,1,U_Red_R,Practice,169.511,72.15,5.911,0.868,1756.941,,47.891,70.084,,,-1,0,0,0,1,,,,1,49.368,149.514,-2.799
3,Day,1,U_Red_R,Practice,169.611,72.25,5.911,0.868,1756.941,,47.891,70.084,,,-1,0,0,0,1,,,,1,49.368,149.514,-2.799
3,Day,1,U_Red_R,Practice,169.711,72.35,5.911,0.868,1756.941,,47.891,70.084,,,-1,0,0,0,1,,,,1,49.368,149.514,-2.799
3,Day,1,U_Red_R,Practice,169.811,72.45,5.911,0.868,1756.941,,47.891,70.084,,,-1,0,0,0,1,,,,1,49.368,149.514,-2.799
3,Day,1,U_Red_R,Practice,169.911,72.55,5.911,0.868,1756.941,,47.891,70.084,,,-1,0,0,0,1,,,,1,49.368,149.514,-2.799
3,Day,1,U_Red_R,Practice,170.011,72.65,5.911,0.868,1756.941,,47.891,70.084,,,-1,0,0,0,1,,,,1,49.368,149.514,-2.799
3,Day,1,U_Red_R,Practice,170.111,72.75,5.911,0.868,1756.941,,47.891,70.084,,,-1,0,0,0,1,,,,1,49.368,149.514,-2.799
3,Day,1,U_Red_R,Practice,170.211,72.85,5.911,0.868,1756.941,,47.891,70.084,,,-1,0,0,0,1,,,,1,49.368,149.514,-2.799
3,Day,1,U_Red_R,Practice,170.311,72.95,5.911,0.868,1756.941,,47.891,70.084,,,-1,0,0,0,1,,,,1,49.368,149.514,-2.799
3,Day,1,U_Red_R,Practice,170.411,73.05,5.911,0.868,1756.941,,47.891,70.084,,,-1,0,0,0,1,,,,1,49.368,149.514,-2.799
3,Day,1,U_Red_R,Practice,170.512,73.152,5.911,0.868,1756.941,,47.891,70.084,,,-1,0,0,0,1,,,,1,49.368,149.514,-2.799
3,Day,1,U_Red_R,Practice,170.611,73.251,5.911,0.868,1756.941,,47.891,70.084,,,-1,0,0,0,1,,,,1,49.368,149.514,-2.799
3,Day,1,U_Red_R,Practice,170.711,73.35,5.911,0.868,1756.941,,47.891,70.084,,,-1,0,0,0,1,,,,1,49.368,149.514,-2.799
3,Day,1,U_Red_R,Practice,170.811,73.45,5.911,0.868,1756.941,,47.891,70.084,,,-1,0,0,0,1,,,,1,49.368,149.514,-2.799
3,Day,1,U_Red_R,Practice,170.928,73.567,5.911,0.868,1756.941,,47.891,70.084,,,-1,0,0,0,1,,,,1,49.368,149.514,-2.799
3,Day,1,U_Red_R,Practice,171.011,73.65,5.911,0.868,1756.941,,47.891,70.084,,,-1,0,0,0,1,,,,1,49.368,149.514,-2.799
3,Day,1,U_Red_R,Practice,171.111,73.751,5.911,0.868,1756.941,,47.891,70.084,,,-1,0,0,0,1,,,,1,49.368,149.514,-2.799
3,Day,1,U_Red_R,Practice,171.211,73.85,5.911,0.868,1756.941,,47.891,70.084,,,-1,0,0,0,1,,,,1,49.368,149.514,-2.799
3,Day,1,U_Red_R,Practice,171.311,73.95,5.911,0.868,1756.941,,47.891,70.084,,,-1,0,0,0,1,,,,1,49.368,149.514,-2.799
3,Day,1,U_Red_R,Practice,171.411,74.05,5.911,0.868,1756.941,,47.891,70.084,,,-1,0,0,0,1,,,,1,49.368,149.514,-2.799
3,Day,1,U_Red_R,Practice,171.511,74.15,5.911,0.868,1756.941,,47.891,70.084,,,-1,0,0,0,1,,,,1,49.368,149.514,-2.799
3,Day,1,U_Red_R,Practice,171.611,74.25,5.911,0.868,1756.941,,47.891,70.084,,,-1,0,0,0,1,,,,1,49.368,149.514,-2.799
3,Day,1,U_Red_R,Practice,171.711,74.35,5.911,0.868,1756.941,,47.891,70.084,,,-1,0,0,0,1,,,,1,49.368,149.514,-2.799
3,Day,1,U_Red_R,Practice,171.811,74.45,5.911,0.868,1756.941,,47.891,70.084,,,-1,0,0,0,1,,,,1,49.368,149.514,-2.799
3,Day,1,U_Red_R,Practice,171.911,74.55,5.911,0.868,1756.941,,47.891,70.084,,,-1,0,0,0,1,,,,1,49.368,149.514,-2.799
3,Day,1,U_Red_R,Practice,172.011,74.65,5.911,0.868,1756.941,,47.891,70.084,,,-1,0,0,0,1,,,,1,49.368,149.514,-2.799
3,Day,1,U_Red_R,Practice,172.111,74.75,5.911,0.868,1756.941,,47.891,70.084,,,-1,0,0,0,1,,,,1,49.368,149.514,-2.799
3,Day,1,U_Red_R,Practice,172.211,74.85,5.911,0.868,1756.941,,47.891,70.084,,,-1,0,0,0,1,,,,1,49.368,149.514,-2.799
3,Day,1,U_Red_R,Practice,172.31,74.95,5.911,0.868,1756.941,,47.891,70.084,,,-1,0,0,0,1,,,,1,49.368,149.514,-2.799
3,Day,1,U_Red_R,Practice,172.411,75.05,5.911,0.868,1756.941,,47.891,70.084,,,-1,0,0,0,1,,,,1,49.368,149.514,-2.799
3,Day,1,U_Red_R,Practice,172.528,75.167,5.911,0.868,1756.941,,47.891,70.084,,,-1,0,0,0,1,,,,1,49.368,149.514,-2.799
3,Day,1,U_Red_R,Practice,172.611,75.25,5.911,0.868,1756.941,,47.891,70.084,,,-1,0,0,0,1,,,,1,49.368,149.514,-2.799
3,Day,1,U_Red_R,Practice,172.711,75.35,5.911,0.868,1756.941,,47.891,70.084,,,-1,0,0,0,1,,,,1,49.368,149.514,-2.799
3,Day,1,U_Red_R,Practice,172.811,75.45,5.911,0.868,1756.941,,47.891,70.084,,,-1,0,0,0,1,,,,1,49.368,149.514,-2.799
3,Day,1,U_Red_R,Practice,172.911,75.55,5.911,0.868,1756.941,,47.891,70.084,,,-1,0,0,0,1,,,,1,49.368,149.514,-2.799
3,Day,1,U_Red_R,Practice,173.011,75.65,5.911,0.868,1756.941,,47.891,70.084,,,-1,0,0,0,1,,,,1,49.368,149.514,-2.799
3,Day,1,U_Red_R,Practice,173.111,75.75,5.911,0.868,1756.941,,47.891,70.084,,,-1,0,0,0,1,,,,1,49.368,149.514,-2.799
3,Day,1,U_Red_R,Practice,173.211,75.85,5.911,0.868,1756.941,,47.891,70.084,,,-1,0,0,0,1,,,,1,49.368,149.514,-2.799
3,Day,1,U_Red_R,Practice,173.311,75.95,5.911,0.868,1756.941,,47.891,70.084,,,-1,0,0,0,1,,,,1,49.368,149.514,-2.799
3,Day,1,U_Red_R,Practice,173.411,76.05,5.911,0.868,1756.941,,47.891,70.084,,,-1,0,0,0,1,,,,1,49.368,149.514,-2.799
3,Day,1,U_Red_R,Practice,173.511,76.15,5.911,0.868,1756.941,,47.891,70.084,,,-1,0,0,0,1,,,,1,49.368,149.514,-2.799
3,Day,1,U_Red_R,Practice,173.611,76.25,5.911,0.868,1756.941,,47.891,70.084,,,-1,0,0,0,1,,,,1,49.368,149.514,-2.799
3,Day,1,U_Red_R,Practice,173.711,76.35,5.911,0.868,1756.941,,47.891,70.084,,,-1,0,0,0,1,,,,1,49.368,149.514,-2.799
3,Day,1,U_Red_R,Practice,173.811,76.45,5.911,0.868,1756.941,,47.891,70.084,,,-1,0,0,0,1,,,,1,49.368,149.514,-2.799
3,Day,1,U_Red_R,Practice,173.911,76.55,5.911,0.868,1756.941,,47.891,70.084,,,-1,0,0,0,1,,,,1,49.368,149.514,-2.799
3,Day,1,U_Red_R,Practice,174.012,76.651,5.911,0.868,1756.941,,47.891,70.084,,,-1,0,0,0,1,,,,1,49.368,149.514,-2.799
3,Day,1,U_Red_R,Practice,174.111,76.751,5.911,0.868,1756.941,,47.891,70.084,,,-1,0,0,0,1,,,,1,49.368,149.514,-2.799
3,Day,1,U_Red_R,Practice,174.211,76.85,5.911,0.868,1756.941,,47.891,70.084,,,-1,0,0,0,1,,,,1,49.368,149.514,-2.799
3,Day,1,U_Red_R,Practice,174.311,76.95,5.911,0.868,1756.941,,47.891,70.084,,,-1,0,0,0,1,,,,1,49.368,149.514,-2.799
3,Day,1,U_Red_R,Practice,174.411,77.05,5.911,0.868,1756.941,,47.891,70.084,,,-1,0,0,0,1,,,,1,49.368,149.514,-2.799
3,Day,1,U_Red_R,Practice,174.511,77.15,5.911,0.868,1756.941,,47.891,70.084,,,-1,0,0,0,1,,,,1,49.368,149.514,-2.799
3,Day,1,U_Red_R,Practice,174.611,77.25,5.911,0.868,1756.941,,47.891,70.084,,,-1,0,0,0,1,,,,1,49.368,149.514,-2.799
3,Day,1,U_Red_R,Practice,174.711,77.35,5.911,0.868,1756.941,,47.891,70.084,,,-1,0,0,0,1,,,,1,49.368,149.514,-2.799
3,Day,1,U_Red_R,Practice,174.812,77.451,5.911,0.868,1756.941,,47.891,70.084,,,-1,0,0,0,1,,,,1,49.368,149.514,-2.799
3,Day,1,U_Red_R,Practice,174.911,77.55,5.911,0.868,1756.941,,47.891,70.084,,,-1,0,0,0,1,,,,1,49.368,149.514,-2.799
3,Day,1,U_Red_R,Practice,175.011,77.65,5.911,0.868,1756.941,,47.891,70.084,,,-1,0,0,0,1,,,,1,49.368,149.514,-2.799
3,Day,1,U_Red_R,Practice,175.111,77.75,5.911,0.868,1756.941,,47.891,70.084,,,-1,0,0,0,1,,,,1,49.368,149.514,-2.799
3,Day,1,U_Red_R,Practice,175.211,77.85,5.911,0.868,1756.941,,47.891,70.084,,,-1,0,0,0,1,,,,1,49.368,149.514,-2.799
3,Day,1,U_Red_R,Practice,175.327,77.967,5.911,0.868,1756.941,,47.891,70.084,,,-1,0,0,0,1,,,,1,49.368,149.514,-2.799
3,Day,1,U_Red_R,Practice,175.411,78.05,5.911,0.868,1756.941,,47.891,70.084,,,-1,0,0,0,1,,,,1,49.368,149.514,-2.799
3,Day,1,U_Red_R,Practice,175.51,78.15,5.911,0.868,1756.941,,47.891,70.084,,,-1,0,0,0,1,,,,1,49.368,149.514,-2.799
3,Day,1,U_Red_R,Practice,175.611,78.25,5.911,0.868,1756.941,,47.891,70.084,,,-1,0,0,0,1,,,,1,49.368,149.514,-2.799
3,Day,1,U_Red_R,Practice,175.727,78.367,5.911,0.868,1756.941,,47.891,70.084,,,-1,0,0,0,1,,,,1,49.368,149.514,-2.799
3,Day,1,U_Red_R,Practice,175.811,78.45,5.911,0.868,1756.941,,47.891,70.084,,,-1,0,0,0,1,,,,1,49.368,149.514,-2.799
3,Day,1,U_Red_R,Practice,175.911,78.55,5.911,0.868,1756.941,,47.891,70.084,,,-1,0,0,0,1,,,,1,49.368,149.514,-2.799
3,Day,1,U_Red_R,Practice,176.011,78.65,5.911,0.868,1756.941,,47.891,70.084,,,-1,0,0,0,1,,,,1,49.368,149.514,-2.799
3,Day,1,U_Red_R,Practice,176.111,78.75,5.911,0.868,1756.941,,47.891,70.084,,,-1,0,0,0,1,,,,1,49.368,149.514,-2.799
3,Day,1,U_Red_R,Practice,176.211,78.85,5.911,0.868,1756.941,,47.891,70.084,,,-1,0,0,0,1,,,,1,49.368,149.514,-2.799
3,Day,1,U_Red_R,Practice,176.311,78.95,5.911,0.868,1756.941,,47.891,70.084,,,-1,0,0,0,1,,,,1,49.368,149.514,-2.799
3,Day,1,U_Red_R,Practice,176.411,79.05,5.911,0.868,1756.941,,47.891,70.084,,,-1,0,0,0,1,,,,1,49.368,149.514,-2.799
3,Day,1,U_Red_R,Practice,176.51,79.15,5.911,0.868,1756.941,,47.891,70.084,,,-1,0,0,0,1,,,,1,49.368,149.514,-2.799
3,Day,1,U_Red_R,Practice,176.611,79.25,5.911,0.868,1756.941,,47.891,70.084,,,-1,0,0,0,1,,,,1,49.368,149.514,-2.799
3,Day,1,U_Red_R,Practice,176.71,79.35,5.911,0.868,1756.941,,47.891,70.084,,,-1,0,0,0,1,,,,1,49.368,149.514,-2.799
3,Day,1,U_Red_R,Practice,176.81,79.45,5.911,0.868,1756.941,,47.891,70.084,,,-1,0,0,0,1,,,,1,49.368,149.514,-2.799
3,Day,1,U_Red_R,Practice,176.91,79.55,5.911,0.868,1756.941,,47.891,70.084,,,-1,0,0,0,1,,,,1,49.368,149.514,-2.799
3,Day,1,U_Red_R,Practice,177.01,79.65,5.911,0.868,1756.941,,47.891,70.084,,,-1,0,0,0,1,,,,1,49.368,149.514,-2.799
3,Day,1,U_Red_R,Practice,177.111,79.75,5.911,0.868,1756.941,,47.891,70.084,,,-1,0,0,0,1,,,,1,49.368,149.514,-2.799
3,Day,1,U_Red_R,Practice,177.211,79.85,5.911,0.868,1756.941,,47.891,70.084,,,-1,0,0,0,1,,,,1,49.368,149.514,-2.799
3,Day,1,U_Red_R,Practice,177.311,79.95,5.911,0.868,1756.941,,47.891,70.084,,,-1,0,0,0,1,,,,1,49.368,149.514,-2.799
3,Day,1,U_Red_R,Practice,177.411,80.05,5.911,0.868,1756.941,,47.891,70.084,,,-1,0,0,0,1,,,,1,49.368,149.514,-2.799
3,Day,1,U_Red_R,Practice,177.511,80.15,5.911,0.868,1756.941,,47.891,70.084,,,-1,0,0,0,1,,,,1,49.368,149.514,-2.799
3,Day,1,U_Red_R,Practice,177.61,80.25,5.911,0.868,1756.941,,47.891,70.084,,,-1,0,0,0,1,,,,1,49.368,149.514,-2.799
3,Day,1,U_Red_R,Practice,177.727,80.367,5.911,0.868,1756.941,,47.891,70.084,,,-1,0,0,0,1,,,,1,49.368,149.514,-2.799
3,Day,1,U_Red_R,Practice,177.811,80.45,5.911,0.868,1756.941,,47.891,70.084,,,-1,0,0,0,1,,,,1,49.368,149.514,-2.799
3,Day,1,U_Red_R,Practice,177.911,80.55,5.911,0.868,1756.941,,47.891,70.084,,,-1,0,0,0,1,,,,1,49.368,149.514,-2.799
3,Day,1,U_Red_R,Practice,178.01,80.65,5.911,0.868,1756.941,,47.891,70.084,,,-1,0,0,0,1,,,,1,49.368,149.514,-2.799
3,Day,1,U_Red_R,Practice,178.11,80.75,5.911,0.868,1756.941,,47.891,70.084,,,-1,0,0,0,1,,,,1,49.368,149.514,-2.799
3,Day,1,U_Red_R,Practice,178.21,80.85,5.911,0.868,1756.941,,47.891,70.084,,,-1,0,0,0,1,,,,1,49.368,149.514,-2.799
3,Day,1,U_Red_R,Practice,178.311,80.951,5.911,0.868,1756.941,,47.891,70.084,,,-1,0,0,0,1,,,,1,49.368,149.514,-2.799
3,Day,1,U_Red_R,Practice,178.411,81.05,5.911,0.868,1756.941,,47.891,70.084,,,-1,0,0,0,1,,,,1,49.368,149.514,-2.799
3,Day,1,U_Red_R,Practice,178.511,81.15,5.911,0.868,1756.941,,47.891,70.084,,,-1,0,0,0,1,,,,1,49.368,149.514,-2.799
3,Day,1,U_Red_R,Practice,178.611,81.25,5.911,0.868,1756.941,,47.891,70.084,,,-1,0,0,0,1,,,,1,49.368,149.514,-2.799
3,Day,1,U_Red_R,Practice,178.711,81.35,5.911,0.868,1756.941,,47.891,70.084,,,-1,0,0,0,1,,,,1,49.368,149.514,-2.799
3,Day,1,U_Red_R,Practice,178.827,81.467,5.911,0.868,1756.941,,47.891,70.084,,,-1,0,0,0,1,,,,1,49.368,149.514,-2.799
3,Day,1,U_Red_R,Practice,178.911,81.55,5.911,0.868,1756.941,,47.891,70.084,,,-1,0,0,0,1,,,,1,49.368,149.514,-2.799
3,Day,1,U_Red_R,Practice,179.011,81.65,5.911,0.868,1756.941,,47.891,70.084,,,-1,0,0,0,1,,,,1,49.368,149.514,-2.799
3,Day,1,U_Red_R,Practice,179.127,81.766,5.911,0.868,1756.941,,47.891,70.084,,,-1,0,0,0,1,,,,1,49.368,149.514,-2.799
3,Day,1,U_Red_R,Practice,179.211,81.85,5.911,0.868,1756.941,,47.891,70.084,,,-1,0,0,0,1,,,,1,49.368,149.514,-2.799
3,Day,1,U_Red_R,Practice,179.31,81.95,5.911,0.868,1756.941,,47.891,70.084,,,-1,0,0,0,1,,,,1,49.368,149.514,-2.799
3,Day,1,U_Red_R,Practice,179.41,82.05,5.911,0.868,1756.941,,47.891,70.084,,,-1,0,0,0,1,,,,1,49.368,149.514,-2.799
3,Day,1,U_Red_R,Practice,179.511,82.15,5.911,0.868,1756.941,,47.891,70.084,,,-1,0,0,0,1,,,,1,49.368,149.514,-2.799
3,Day,1,U_Red_R,Practice,179.611,82.25,5.911,0.868,1756.941,,47.891,70.084,,,-1,0,0,0,1,,,,1,49.368,149.514,-2.799
3,Day,1,U_Red_R,Practice,179.71,82.35,5.911,0.868,1756.941,,47.891,70.084,,,-1,0,0,0,1,,,,1,49.368,149.514,-2.799
3,Day,1,U_Red_R,Practice,179.81,82.45,5.911,0.868,1756.941,,47.891,70.084,,,-1,0,0,0,1,,,,1,49.368,149.514,-2.799
3,Day,1,U_Red_R,Practice,179.911,82.55,5.911,0.868,1756.941,,47.891,70.084,,,-1,0,0,0,1,,,,1,49.368,149.514,-2.799
3,Day,1,U_Red_R,Practice,180.011,82.65,5.911,0.868,1756.941,,47.891,70.084,,,-1,0,0,0,1,,,,1,49.368,149.514,-2.799
3,Day,1,U_Red_R,Practice,180.11,82.749,5.911,0.868,1756.941,,47.891,70.084,,,-1,0,0,0,1,,,,1,49.368,149.514,-2.799
3,Day,1,U_Red_R,Practice,180.211,82.85,5.911,0.868,1756.941,,47.891,70.084,,,-1,0,0,0,1,,,,1,49.368,149.514,-2.799
3,Day,1,U_Red_R,Practice,180.311,82.95,5.911,0.868,1756.941,,47.891,70.084,,,-1,0,0,0,1,,,,1,49.368,149.514,-2.799
3,Day,1,U_Red_R,Practice,180.411,83.05,5.911,0.868,1756.941,,47.891,70.084,,,-1,0,0,0,1,,,,1,49.368,149.514,-2.799
3,Day,1,U_Red_R,Practice,180.511,83.15,5.911,0.868,1756.941,,47.891,70.084,,,-1,0,0,0,1,,,,1,49.368,149.514,-2.799
3,Day,1,U_Red_R,Practice,180.61,83.25,5.911,0.868,1756.941,,47.891,70.084,,,-1,0,0,0,1,,,,1,49.368,149.514,-2.799
3,Day,1,U_Red_R,Practice,180.711,83.35,5.911,0.868,1756.941,,47.891,70.084,,,-1,0,0,0,1,,,,1,49.368,149.514,-2.799
3,Day,1,U_Red_R,Practice,180.81,83.45,5.911,0.868,1756.941,,47.891,70.084,,,-1,0,0,0,1,,,,1,49.368,149.514,-2.799
3,Day,1,U_Red_R,Practice,180.91,83.55,5.911,0.868,1756.941,,47.891,70.084,,,-1,0,0,0,1,,,,1,49.368,149.514,-2.799
3,Day,1,U_Red_R,Practice,181.011,83.65,5.911,0.868,1756.941,,47.891,70.084,,,-1,0,0,0,1,,,,1,49.368,149.514,-2.799
3,Day,1,U_Red_R,Practice,181.111,83.75,5.911,0.868,1756.941,,47.891,70.084,,,-1,0,0,0,1,,,,1,49.368,149.514,-2.799
3,Day,1,U_Red_R,Practice,181.21,83.849,5.911,0.868,1756.941,,47.891,70.084,,,-1,0,0,0,1,,,,1,49.368,149.514,-2.799
3,Day,1,U_Red_R,Practice,181.31,83.95,5.911,0.868,1756.941,,47.891,70.084,,,-1,0,0,0,1,,,,1,49.368,149.514,-2.799
3,Day,1,U_Red_R,Practice,181.41,84.05,5.911,0.868,1756.941,,47.891,70.084,,,-1,0,0,0,1,,,,1,49.368,149.514,-2.799
3,Day,1,U_Red_R,Practice,181.51,84.15,5.911,0.868,1756.941,,47.891,70.084,,,-1,0,0,0,1,,,,1,49.368,149.514,-2.799
3,Day,1,U_Red_R,Practice,181.61,84.25,5.911,0.868,1756.941,,47.891,70.084,,,-1,0,0,0,1,,,,1,49.368,149.514,-2.799
3,Day,1,U_Red_R,Practice,181.711,84.35,5.911,0.868,1756.941,,47.891,70.084,,,-1,0,0,0,1,,,,1,49.368,149.514,-2.799
3,Day,1,U_Red_R,Practice,181.81,84.45,5.911,0.868,1756.941,,47.891,70.084,,,-1,0,0,0,1,,,,1,49.368,149.514,-2.799
3,Day,1,U_Red_R,Practice,181.91,84.55,5.911,0.868,1756.941,,47.891,70.084,,,-1,0,0,0,1,,,,1,49.368,149.514,-2.799
3,Day,1,U_Red_R,Practice,182.011,84.65,5.911,0.868,1756.941,,47.891,70.084,,,-1,0,0,0,1,,,,1,49.368,149.514,-2.799
3,Day,1,U_Red_R,Practice,182.11,84.75,5.911,0.868,1756.941,,47.891,70.084,,,-1,0,0,0,1,,,,1,49.368,149.514,-2.799
3,Day,1,U_Red_R,Practice,182.21,84.85,5.911,0.868,1756.941,,47.891,70.084,,,-1,0,0,0,1,,,,1,49.368,149.514,-2.799
3,Day,1,U_Red_R,Practice,182.31,84.95,5.911,0.868,1756.941,,47.891,70.084,,,-1,0,0,0,1,,,,1,49.368,149.514,-2.799
3,Day,1,U_Red_R,Practice,182.41,85.05,5.911,0.868,1756.941,,47.891,70.084,,,-1,0,0,0,1,,,,1,49.368,149.514,-2.799
3,Day,1,U_Red_R,Practice,182.51,85.15,5.911,0.868,1756.941,,47.891,70.084,,,-1,0,0,0,1,,,,1,49.368,149.514,-2.799
3,Day,1,U_Red_R,Practice,182.61,85.25,5.911,0.868,1756.941,,47.891,70.084,,,-1,0,0,0,1,,,,1,49.368,149.514,-2.799
3,Day,1,U_Red_R,Practice,182.727,85.366,5.911,0.868,1756.941,,47.891,70.084,,,-1,0,0,0,1,,,,1,49.368,149.514,-2.799
3,Day,1,U_Red_R,Practice,182.81,85.45,5.911,0.868,1756.941,,47.891,70.084,,,-1,0,0,0,1,,,,1,49.368,149.514,-2.799
3,Day,1,U_Red_R,Practice,182.911,85.551,5.911,0.868,1756.941,,47.891,70.084,,,-1,0,0,0,1,,,,1,49.368,149.514,-2.799
3,Day,1,U_Red_R,Practice,183.01,85.649,5.911,0.868,1756.941,,47.891,70.084,,,-1,0,0,0,1,,,,1,49.368,149.514,-2.799
3,Day,1,U_Red_R,Practice,183.11,85.75,5.911,0.868,1756.941,,47.891,70.084,,,-1,0,0,0,1,,,,1,49.368,149.514,-2.799
3,Day,1,U_Red_R,Practice,183.21,85.849,5.911,0.868,1756.941,,47.891,70.084,,,-1,0,0,0,1,,,,1,49.368,149.514,-2.799
3,Day,1,U_Red_R,Practice,183.31,85.95,5.911,0.868,1756.941,,47.891,70.084,,,-1,0,0,0,1,,,,1,49.368,149.514,-2.799
3,Day,1,U_Red_R,Practice,183.41,86.049,5.911,0.868,1756.941,,47.891,70.084,,,-1,0,0,0,1,,,,1,49.368,149.514,-2.799
3,Day,1,U_Red_R,Practice,183.527,86.166,5.911,0.868,1756.941,,47.891,70.084,,,-1,0,0,0,1,,,,1,49.368,149.514,-2.799
3,Day,1,U_Red_R,Practice,183.61,86.25,5.911,0.868,1756.941,,47.891,70.084,,,-1,0,0,0,1,,,,1,49.368,149.514,-2.799
3,Day,1,U_Red_R,Practice,183.71,86.349,5.911,0.868,1756.941,,47.891,70.084,,,-1,0,0,0,1,,,,1,49.368,149.514,-2.799
3,Day,1,U_Red_R,Practice,183.81,86.45,5.911,0.868,1756.941,,47.891,70.084,,,-1,0,0,0,1,,,,1,49.368,149.514,-2.799
3,Day,1,U_Red_R,Practice,183.91,86.55,5.911,0.868,1756.941,,47.891,70.084,,,-1,0,0,0,1,,,,1,49.368,149.514,-2.799
3,Day,1,U_Red_R,Practice,184.011,86.65,5.911,0.868,1756.941,,47.891,70.084,,,-1,0,0,0,1,,,,1,49.368,149.514,-2.799
3,Day,1,U_Red_R,Practice,184.11,86.75,5.911,0.868,1756.941,,47.891,70.084,,,-1,0,0,0,1,,,,1,49.368,149.514,-2.799
3,Day,1,U_Red_R,Practice,184.21,86.849,5.911,0.868,1756.941,,47.891,70.084,,,-1,0,0,0,1,,,,1,49.368,149.514,-2.799
3,Day,1,U_Red_R,Practice,184.31,86.95,5.911,0.868,1756.941,,47.891,70.084,,,-1,0,0,0,1,,,,1,49.368,149.514,-2.799
3,Day,1,U_Red_R,Practice,184.41,87.049,5.911,0.868,1756.941,,47.891,70.084,,,-1,0,0,0,1,,,,1,49.368,149.514,-2.799
3,Day,1,U_Red_R,Practice,184.51,87.15,5.911,0.868,1756.941,,47.891,70.084,,,-1,0,0,0,1,,,,1,49.368,149.514,-2.799
3,Day,1,U_Red_R,Practice,184.61,87.25,5.911,0.868,1756.941,,47.891,70.084,,,-1,0,0,0,1,,,,1,49.368,149.514,-2.799
3,Day,1,U_Red_R,Practice,184.71,87.35,5.911,0.868,1756.941,,47.891,70.084,,,-1,0,0,0,1,,,,1,49.368,149.514,-2.799
3,Day,1,U_Red_R,Practice,184.81,87.449,5.911,0.868,1756.941,,47.891,70.084,,,-1,0,0,0,1,,,,1,49.368,149.514,-2.799
3,Day,1,U_Red_R,Practice,184.91,87.549,5.911,0.868,1756.941,,47.891,70.084,,,-1,0,0,0,1,,,,1,49.368,149.514,-2.799
3,Day,1,U_Red_R,Practice,185.01,87.65,5.911,0.868,1756.941,,47.891,70.084,,,-1,0,0,0,1,,,,1,49.368,149.514,-2.799
3,Day,1,U_Red_R,Practice,185.11,87.75,5.911,0.868,1756.941,,47.891,70.084,,,-1,0,0,0,1,,,,1,49.368,149.514,-2.799
3,Day,1,U_Red_R,Practice,185.21,87.849,5.911,0.868,1756.941,,47.891,70.084,,,-1,0,0,0,1,,,,1,49.368,149.514,-2.799
3,Day,1,U_Red_R,Practice,185.31,87.949,5.911,0.868,1756.941,,47.891,70.084,,,-1,0,0,0,1,,,,1,49.368,149.514,-2.799
3,Day,1,U_Red_R,Practice,185.41,88.05,5.911,0.868,1756.941,,47.891,70.084,,,-1,0,0,0,1,,,,1,49.368,149.514,-2.799
3,Day,1,U_Red_R,Practice,185.51,88.15,5.911,0.868,1756.941,,47.891,70.084,,,-1,0,0,0,1,,,,1,49.368,149.514,-2.799
3,Day,1,U_Red_R,Practice,185.61,88.25,5.911,0.868,1756.941,,47.891,70.084,,,-1,0,0,0,1,,,,1,49.368,149.514,-2.799
3,Day,1,U_Red_R,Practice,185.71,88.35,5.911,0.868,1756.941,,47.891,70.084,,,-1,0,0,0,1,,,,1,49.368,149.514,-2.799
3,Day,1,U_Red_R,Practice,185.81,88.45,5.911,0.868,1756.941,,47.891,70.084,,,-1,0,0,0,1,,,,1,49.368,149.514,-2.799
3,Day,1,U_Red_R,Practice,185.91,88.549,5.911,0.868,1756.941,,47.891,70.084,,,-1,0,0,0,1,,,,1,49.368,149.514,-2.799
3,Day,1,U_Red_R,Practice,186.01,88.65,5.911,0.868,1756.941,,47.891,70.084,,,-1,0,0,0,1,,,,1,49.368,149.514,-2.799
3,Day,1,U_Red_R,Practice,186.11,88.75,5.911,0.868,1756.941,,47.891,70.084,,,-1,0,0,0,1,,,,1,49.368,149.514,-2.799
3,Day,1,U_Red_R,Practice,186.21,88.849,5.911,0.868,1756.941,,47.891,70.084,,,-1,0,0,0,1,,,,1,49.368,149.514,-2.799
3,Day,1,U_Red_R,Practice,186.31,88.949,5.911,0.868,1756.941,,47.891,70.084,,,-1,0,0,0,1,,,,1,49.368,149.514,-2.799
3,Day,1,U_Red_R,Practice,186.41,89.049,5.911,0.868,1756.941,,47.891,70.084,,,-1,0,0,0,1,,,,1,49.368,149.514,-2.799
3,Day,1,U_Red_R,Practice,186.51,89.15,5.911,0.868,1756.941,,47.891,70.084,,,-1,0,0,0,1,,,,1,49.368,149.514,-2.799
3,Day,1,U_Red_R,Practice,186.61,89.249,5.911,0.868,1756.941,,47.891,70.084,,,-1,0,0,0,1,,,,1,49.368,149.514,-2.799
3,Day,1,U_Red_R,Practice,186.727,89.366,5.911,0.868,1756.941,,47.891,70.084,,,-1,0,0,0,1,,,,1,49.368,149.514,-2.799
3,Day,1,U_Red_R,Practice,186.811,89.45,5.911,0.868,1756.941,,47.891,70.084,,,-1,0,0,0,1,,,,1,49.368,149.514,-2.799
3,Day,1,U_Red_R,Practice,186.91,89.549,5.911,0.868,1756.941,,47.891,70.084,,,-1,0,0,0,1,,,,1,49.368,149.514,-2.799
3,Day,1,U_Red_R,Practice,187.01,89.649,5.911,0.868,1756.941,,47.891,70.084,,,-1,0,0,0,1,,,,1,49.368,149.514,-2.799
3,Day,1,U_Red_R,Practice,187.111,89.751,5.911,0.868,1756.941,,47.891,70.084,,,-1,0,0,0,1,,,,1,49.368,149.514,-2.799
3,Day,1,U_Red_R,Practice,187.21,89.849,5.911,0.868,1756.941,,47.891,70.084,,,-1,0,0,0,1,,,,1,49.368,149.514,-2.799
3,Day,1,U_Red_R,Practice,187.327,89.966,5.911,0.868,1756.941,,47.891,70.084,,,-1,0,0,0,1,,,,1,49.368,149.514,-2.799
3,Day,1,U_Red_R,Practice,187.41,90.05,5.911,0.868,1756.941,,47.891,70.084,,,-1,0,0,0,1,,,,1,49.368,149.514,-2.799
3,Day,1,U_Red_R,Practice,187.51,90.149,5.911,0.868,1756.941,,47.891,70.084,,,-1,0,0,0,1,,,,1,49.368,149.514,-2.799
3,Day,1,U_Red_R,Practice,187.61,90.249,5.911,0.868,1756.941,,47.891,70.084,,,-1,0,0,0,1,,,,1,49.368,149.514,-2.799
3,Day,1,U_Red_R,Practice,187.71,90.35,5.911,0.868,1756.941,,47.891,70.084,,,-1,0,0,0,1,,,,1,49.368,149.514,-2.799
3,Day,1,U_Red_R,Practice,187.811,90.45,5.911,0.868,1756.941,,47.891,70.084,,,-1,0,0,0,1,,,,1,49.368,149.514,-2.799
3,Day,1,U_Red_R,Practice,187.91,90.549,5.911,0.868,1756.941,,47.891,70.084,,,-1,0,0,0,1,,,,1,49.368,149.514,-2.799
3,Day,1,U_Red_R,Practice,188.01,90.65,5.911,0.868,1756.941,,47.891,70.084,,,-1,0,0,0,1,,,,1,49.368,149.514,-2.799
3,Day,1,U_Red_R,Practice,188.126,90.766,5.911,0.868,1756.941,,47.891,70.084,,,-1,0,0,0,1,,,,1,49.368,149.514,-2.799
3,Day,1,U_Red_R,Practice,188.21,90.849,5.911,0.868,1756.941,,47.891,70.084,,,-1,0,0,0,1,,,,1,49.368,149.514,-2.799
3,Day,1,U_Red_R,Practice,188.31,90.949,5.911,0.868,1756.941,,47.891,70.084,,,-1,0,0,0,1,,,,1,49.368,149.514,-2.799
3,Day,1,U_Red_R,Practice,188.41,91.049,5.911,0.868,1756.941,,47.891,70.084,,,-1,0,0,0,1,,,,1,49.368,149.514,-2.799
3,Day,1,U_Red_R,Practice,188.51,91.149,5.911,0.868,1756.941,,47.891,70.084,,,-1,0,0,0,1,,,,1,49.368,149.514,-2.799
3,Day,1,U_Red_R,Practice,188.61,91.249,5.911,0.868,1756.941,,47.891,70.084,,,-1,0,0,0,1,,,,1,49.368,149.514,-2.799
3,Day,1,U_Red_R,Practice,188.71,91.349,5.911,0.868,1756.941,,47.891,70.084,,,-1,0,0,0,1,,,,1,49.368,149.514,-2.799
3,Day,1,U_Red_R,Practice,188.81,91.449,5.911,0.868,1756.941,,47.891,70.084,,,-1,0,0,0,1,,,,1,49.368,149.514,-2.799
3,Day,1,U_Red_R,Practice,188.91,91.549,5.911,0.868,1756.941,,47.891,70.084,,,-1,0,0,0,1,,,,1,49.368,149.514,-2.799
3,Day,1,U_Red_R,Practice,189.011,91.65,5.911,0.868,1756.941,,47.891,70.084,,,-1,0,0,0,1,,,,1,49.368,149.514,-2.799
3,Day,1,U_Red_R,Practice,189.11,91.749,5.911,0.868,1756.941,,47.891,70.084,,,-1,0,0,0,1,,,,1,49.368,149.514,-2.799
3,Day,1,U_Red_R,Practice,189.21,91.849,5.911,0.868,1756.941,,47.891,70.084,,,-1,0,0,0,1,,,,1,49.368,149.514,-2.799
3,Day,1,U_Red_R,Practice,189.31,91.949,5.911,0.868,1756.941,,47.891,70.084,,,-1,0,0,0,1,,,,1,49.368,149.514,-2.799
3,Day,1,U_Red_R,Practice,189.41,92.049,5.911,0.868,1756.941,,47.891,70.084,,,-1,0,0,0,1,,,,1,49.368,149.514,-2.799
3,Day,1,U_Red_R,Practice,189.511,92.15,5.911,0.868,1756.941,,47.891,70.084,,,-1,0,0,0,1,,,,1,49.368,149.514,-2.799
3,Day,1,U_Red_R,Practice,189.61,92.249,5.911,0.868,1756.941,,47.891,70.084,,,-1,0,0,0,1,,,,1,49.368,149.514,-2.799
3,Day,1,U_Red_R,Practice,189.71,92.349,5.911,0.868,1756.941,,47.891,70.084,,,-1,0,0,0,1,,,,1,49.368,149.514,-2.799
3,Day,1,U_Red_R,Practice,189.81,92.449,5.911,0.868,1756.941,,47.891,70.084,,,-1,0,0,0,1,,,,1,49.368,149.514,-2.799
3,Day,1,U_Red_R,Practice,189.91,92.549,5.911,0.868,1756.941,,47.891,70.084,,,-1,0,0,0,1,,,,1,49.368,149.514,-2.799
3,Day,1,U_Red_R,Practice,190.011,92.65,5.911,0.868,1756.941,,47.891,70.084,,,-1,0,0,0,1,,,,1,49.368,149.514,-2.799
3,Day,1,U_Red_R,Practice,190.11,92.749,5.911,0.868,1756.941,,47.891,70.084,,,-1,0,0,0,1,,,,1,49.368,149.514,-2.799
3,Day,1,U_Red_R,Practice,190.21,92.849,5.911,0.868,1756.941,,47.891,70.084,,,-1,0,0,0,1,,,,1,49.368,149.514,-2.799
3,Day,1,U_Red_R,Practice,190.31,92.949,5.911,0.868,1756.941,,47.891,70.084,,,-1,0,0,0,1,,,,1,49.368,149.514,-2.799
3,Day,1,U_Red_R,Practice,190.426,93.066,5.911,0.868,1756.941,,47.891,70.084,,,-1,0,0,0,1,,,,1,49.368,149.514,-2.799
3,Day,1,U_Red_R,Practice,190.51,93.149,5.911,0.868,1756.941,,47.891,70.084,,,-1,0,0,0,1,,,,1,49.368,149.514,-2.799
3,Day,1,U_Red_R,Practice,190.61,93.249,5.911,0.868,1756.941,,47.891,70.084,,,-1,0,0,0,1,,,,1,49.368,149.514,-2.799
3,Day,1,U_Red_R,Practice,190.71,93.349,5.911,0.868,1756.941,,47.891,70.084,,,-1,0,0,0,1,,,,1,49.368,149.514,-2.799
3,Day,1,U_Red_R,Practice,190.81,93.449,5.911,0.868,1756.941,,47.891,70.084,,,-1,0,0,0,1,,,,1,49.368,149.514,-2.799
3,Day,1,U_Red_R,Practice,190.91,93.549,5.911,0.868,1756.941,,47.891,70.084,,,-1,0,0,0,1,,,,1,49.368,149.514,-2.799
3,Day,1,U_Red_R,Practice,191.011,93.65,5.911,0.868,1756.941,,47.891,70.084,,,-1,0,0,0,1,,,,1,49.368,149.514,-2.799
3,Day,1,U_Red_R,Practice,191.11,93.749,5.911,0.868,1756.941,,47.891,70.084,,,-1,0,0,0,1,,,,1,49.368,149.514,-2.799
3,Day,1,U_Red_R,Practice,191.21,93.849,5.911,0.868,1756.941,,47.891,70.084,,,-1,0,0,0,1,,,,1,49.368,149.514,-2.799
3,Day,1,U_Red_R,Practice,191.326,93.966,5.911,0.868,1756.941,,47.891,70.084,,,-1,0,0,0,1,,,,1,49.368,149.514,-2.799
3,Day,1,U_Red_R,Practice,191.41,94.049,5.911,0.868,1756.941,,47.891,70.084,,,-1,0,0,0,1,,,,1,49.368,149.514,-2.799
3,Day,1,U_Red_R,Practice,191.511,94.15,5.911,0.868,1756.941,,47.891,70.084,,,-1,0,0,0,1,,,,1,49.368,149.514,-2.799
3,Day,1,U_Red_R,Practice,191.61,94.249,5.911,0.868,1756.941,,47.891,70.084,,,-1,0,0,0,1,,,,1,49.368,149.514,-2.799
3,Day,1,U_Red_R,Practice,191.71,94.349,5.911,0.868,1756.941,,47.891,70.084,,,-1,0,0,0,1,,,,1,49.368,149.514,-2.799
3,Day,1,U_Red_R,Practice,191.81,94.449,5.911,0.868,1756.941,,47.891,70.084,,,-1,0,0,0,1,,,,1,49.368,149.514,-2.799
3,Day,1,U_Red_R,Practice,191.926,94.566,5.911,0.868,1756.941,,47.891,70.084,,,-1,0,0,0,1,,,,1,49.368,149.514,-2.799
3,Day,1,U_Red_R,Practice,192.01,94.649,5.911,0.868,1756.941,,47.891,70.084,,,-1,0,0,0,1,,,,1,49.368,149.514,-2.799
3,Day,1,U_Red_R,Practice,192.11,94.749,5.911,0.868,1756.941,,47.891,70.084,,,-1,0,0,0,1,,,,1,49.368,149.514,-2.799
3,Day,1,U_Red_R,Practice,192.21,94.85,5.911,0.868,1756.941,,47.891,70.084,,,-1,0,0,0,1,,,,1,49.368,149.514,-2.799
3,Day,1,U_Red_R,Practice,192.31,94.949,5.911,0.868,1756.941,,47.891,70.084,,,-1,0,0,0,1,,,,1,49.368,149.514,-2.799
3,Day,1,U_Red_R,Practice,192.41,95.049,5.911,0.868,1756.941,,47.891,70.084,,,-1,0,0,0,1,,,,1,49.368,149.514,-2.799
3,Day,1,U_Red_R,Practice,192.509,95.149,5.911,0.868,1756.941,,47.891,70.084,,,-1,0,0,0,1,,,,1,49.368,149.514,-2.799
3,Day,1,U_Red_R,Practice,192.61,95.25,5.911,0.868,1756.941,,47.891,70.084,,,-1,0,0,0,1,,,,1,49.368,149.514,-2.799
3,Day,1,U_Red_R,Practice,192.71,95.349,5.911,0.868,1756.941,,47.891,70.084,,,-1,0,0,0,1,,,,1,49.368,149.514,-2.799
3,Day,1,U_Red_R,Practice,192.81,95.449,5.911,0.868,1756.941,,47.891,70.084,,,-1,0,0,0,1,,,,1,49.368,149.514,-2.799
3,Day,1,U_Red_R,Practice,192.91,95.549,5.911,0.868,1756.941,,47.891,70.084,,,-1,0,0,0,1,,,,1,49.368,149.514,-2.799
3,Day,1,U_Red_R,Practice,193.009,95.649,5.911,0.868,1756.941,,47.891,70.084,,,-1,0,0,0,1,,,,1,49.368,149.514,-2.799
3,Day,1,U_Red_R,Practice,193.11,95.749,5.911,0.868,1756.941,,47.891,70.084,,,-1,0,0,0,1,,,,1,49.368,149.514,-2.799
3,Day,1,U_Red_R,Practice,193.21,95.849,5.911,0.868,1756.941,,47.891,70.084,,,-1,0,0,0,1,,,,1,49.368,149.514,-2.799
3,Day,1,U_Red_R,Practice,193.31,95.949,5.911,0.868,1756.941,,47.891,70.084,,,-1,0,0,0,1,,,,1,49.368,149.514,-2.799
3,Day,1,U_Red_R,Practice,193.426,96.066,5.911,0.868,1756.941,,47.891,70.084,,,-1,0,0,0,1,,,,1,49.368,149.514,-2.799
3,Day,1,U_Red_R,Practice,193.51,96.149,5.911,0.868,1756.941,,47.891,70.084,,,-1,0,0,0,1,,,,1,49.368,149.514,-2.799
3,Day,1,U_Red_R,Practice,193.61,96.249,5.911,0.868,1756.941,,47.891,70.084,,,-1,0,0,0,1,,,,1,49.368,149.514,-2.799
3,Day,1,U_Red_R,Practice,193.71,96.349,5.911,0.868,1756.941,,47.891,70.084,,,-1,0,0,0,1,,,,1,49.368,149.514,-2.799
3,Day,1,U_Red_R,Practice,193.81,96.449,5.911,0.868,1756.941,,47.891,70.084,,,-1,0,0,0,1,,,,1,49.368,149.514,-2.799
3,Day,1,U_Red_R,Practice,193.91,96.55,5.911,0.868,1756.941,,47.891,70.084,,,-1,0,0,0,1,,,,1,49.368,149.514,-2.799
3,Day,1,U_Red_R,Practice,194.01,96.649,5.911,0.868,1756.941,,47.891,70.084,,,-1,0,0,0,1,,,,1,49.368,149.514,-2.799
3,Day,1,U_Red_R,Practice,194.11,96.749,5.911,0.868,1756.941,,47.891,70.084,,,-1,0,0,0,1,,,,1,49.368,149.514,-2.799
3,Day,1,U_Red_R,Practice,194.209,96.849,5.911,0.868,1756.941,,47.891,70.084,,,-1,0,0,0,1,,,,1,49.368,149.514,-2.799
3,Day,1,U_Red_R,Practice,194.31,96.949,5.911,0.868,1756.941,,47.891,70.084,,,-1,0,0,0,1,,,,1,49.368,149.514,-2.799
3,Day,1,U_Red_R,Practice,194.41,97.049,5.911,0.868,1756.941,,47.891,70.084,,,-1,0,0,0,1,,,,1,49.368,149.514,-2.799
3,Day,1,U_Red_R,Practice,194.51,97.149,5.911,0.868,1756.941,,47.891,70.084,,,-1,0,0,0,1,,,,1,49.368,149.514,-2.799
3,Day,1,U_Red_R,Practice,194.61,97.249,5.911,0.868,1756.941,,47.891,70.084,,,-1,0,0,0,1,,,,1,49.368,149.514,-2.799
3,Day,1,U_Red_R,Practice,194.709,97.349,5.911,0.868,1756.941,,47.891,70.084,,,-1,0,0,0,1,,,,1,49.368,149.514,-2.799
3,Day,1,U_Red_R,Practice,194.81,97.449,5.911,0.868,1756.941,,47.891,70.084,,,-1,0,0,0,1,,,,1,49.368,149.514,-2.799
3,Day,1,U_Red_R,Practice,194.91,97.549,5.911,0.868,1756.941,,47.891,70.084,,,-1,0,0,0,1,,,,1,49.368,149.514,-2.799
3,Day,1,U_Red_R,Practice,195.01,97.649,5.911,0.868,1756.941,,47.891,70.084,,,-1,0,0,0,1,,,,1,49.368,149.514,-2.799
3,Day,1,U_Red_R,Practice,195.11,97.749,5.911,0.868,1756.941,,47.891,70.084,,,-1,0,0,0,1,,,,1,49.368,149.514,-2.799
3,Day,1,U_Red_R,Practice,195.209,97.849,5.911,0.868,1756.941,,47.891,70.084,,,-1,0,0,0,1,,,,1,49.368,149.514,-2.799
3,Day,1,U_Red_R,Practice,195.31,97.949,5.911,0.868,1756.941,,47.891,70.084,,,-1,0,0,0,1,,,,1,49.368,149.514,-2.799
3,Day,1,U_Red_R,Practice,195.41,98.049,5.911,0.868,1756.941,,47.891,70.084,,,-1,0,0,0,1,,,,1,49.368,149.514,-2.799
3,Day,1,U_Red_R,Practice,195.527,98.166,5.911,0.868,1756.941,,47.891,70.084,,,-1,0,0,0,1,,,,1,49.368,149.514,-2.799
3,Day,1,U_Red_R,Practice,195.61,98.249,5.911,0.868,1756.941,,47.891,70.084,,,-1,0,0,0,1,,,,1,49.368,149.514,-2.799
3,Day,1,U_Red_R,Practice,195.709,98.349,5.911,0.868,1756.941,,47.891,70.084,,,-1,0,0,0,1,,,,1,49.368,149.514,-2.799
3,Day,1,U_Red_R,Practice,195.81,98.449,5.911,0.868,1756.941,,47.891,70.084,,,-1,0,0,0,1,,,,1,49.368,149.514,-2.799
3,Day,1,U_Red_R,Practice,195.91,98.55,5.911,0.868,1756.941,,47.891,70.084,,,-1,0,0,0,1,,,,1,49.368,149.514,-2.799
3,Day,1,U_Red_R,Practice,196.01,98.649,5.911,0.868,1756.941,,47.891,70.084,,,-1,0,0,0,1,,,,1,49.368,149.514,-2.799
3,Day,1,U_Red_R,Practice,196.11,98.749,5.911,0.868,1756.941,,47.891,70.084,,,-1,0,0,0,1,,,,1,49.368,149.514,-2.799
3,Day,1,U_Red_R,Practice,196.226,98.865,5.911,0.868,1756.941,,47.891,70.084,,,-1,0,0,0,1,,,,1,49.368,149.514,-2.799
3,Day,1,U_Red_R,Practice,196.31,98.949,5.911,0.868,1756.941,,47.891,70.084,,,-1,0,0,0,1,,,,1,49.368,149.514,-2.799
3,Day,1,U_Red_R,Practice,196.409,99.049,5.911,0.868,1756.941,,47.891,70.084,,,-1,0,0,0,1,,,,1,49.368,149.514,-2.799
3,Day,1,U_Red_R,Practice,196.526,99.166,5.911,0.868,1756.941,,47.891,70.084,,,-1,0,0,0,1,,,,1,49.368,149.514,-2.799
3,Day,1,U_Red_R,Practice,196.61,99.249,5.911,0.868,1756.941,,47.891,70.084,,,-1,0,0,0,1,,,,1,49.368,149.514,-2.799
3,Day,1,U_Red_R,Practice,196.71,99.349,5.911,0.868,1756.941,,47.891,70.084,,,-1,0,0,0,1,,,,1,49.368,149.514,-2.799
3,Day,1,U_Red_R,Practice,196.81,99.449,5.911,0.868,1756.941,,47.891,70.084,,,-1,0,0,0,1,,,,1,49.368,149.514,-2.799
3,Day,1,U_Red_R,Practice,196.909,99.549,5.911,0.868,1756.941,,47.891,70.084,,,-1,0,0,0,1,,,,1,49.368,149.514,-2.799
3,Day,1,U_Red_R,Practice,197.009,99.649,5.911,0.868,1756.941,,47.891,70.084,,,-1,0,0,0,1,,,,1,49.368,149.514,-2.799
3,Day,1,U_Red_R,Practice,197.109,99.749,5.911,0.868,1756.941,,47.891,70.084,,,-1,0,0,0,1,,,,1,49.368,149.514,-2.799
3,Day,1,U_Red_R,Practice,197.209,99.849,5.911,0.868,1756.941,,47.891,70.084,,,-1,0,0,0,1,,,,1,49.368,149.514,-2.799
3,Day,1,U_Red_R,Practice,197.31,99.949,5.911,0.868,1756.941,,47.891,70.084,,,-1,0,0,0,1,,,,1,49.368,149.514,-2.799
3,Day,1,U_Red_R,Practice,197.409,100.049,5.911,0.868,1756.941,,47.891,70.084,,,-1,0,0,0,1,,,,1,49.368,149.514,-2.799
3,Day,1,U_Red_R,Practice,197.509,100.149,5.911,0.868,1756.941,,47.891,70.084,,,-1,0,0,0,1,,,,1,49.368,149.514,-2.799
3,Day,1,U_Red_R,Practice,197.609,100.249,5.911,0.868,1756.941,,47.891,70.084,,,-1,0,0,0,1,,,,1,49.368,149.514,-2.799
3,Day,1,U_Red_R,Practice,197.71,100.349,5.911,0.868,1756.941,,47.891,70.084,,,-1,0,0,0,1,,,,1,49.368,149.514,-2.799
3,Day,1,U_Red_R,Practice,197.81,100.449,5.911,0.868,1756.941,,47.891,70.084,,,-1,0,0,0,1,,,,1,49.368,149.514,-2.799
3,Day,1,U_Red_R,Practice,197.909,100.549,5.911,0.868,1756.941,,47.891,70.084,,,-1,0,0,0,1,,,,1,49.368,149.514,-2.799
3,Day,1,U_Red_R,Practice,198.009,100.649,5.911,0.868,1756.941,,47.891,70.084,,,-1,0,0,0,1,,,,1,49.368,149.514,-2.799
3,Day,1,U_Red_R,Practice,198.109,100.749,5.911,0.868,1756.941,,47.891,70.084,,,-1,0,0,0,1,,,,1,49.368,149.514,-2.799
3,Day,1,U_Red_R,Practice,198.21,100.849,5.911,0.868,1756.941,,47.891,70.084,,,-1,0,0,0,1,,,,1,49.368,149.514,-2.799
3,Day,1,U_Red_R,Practice,198.309,100.949,5.911,0.868,1756.941,,47.891,70.084,,,-1,0,0,0,1,,,,1,49.368,149.514,-2.799
3,Day,1,U_Red_R,Practice,198.409,101.049,5.911,0.868,1756.941,,47.891,70.084,,,-1,0,0,0,1,,,,1,49.368,149.514,-2.799
3,Day,1,U_Red_R,Practice,198.509,101.149,5.911,0.868,1756.941,,47.891,70.084,,,-1,0,0,0,1,,,,1,49.368,149.514,-2.799
3,Day,1,U_Red_R,Practice,198.609,101.249,5.911,0.868,1756.941,,47.891,70.084,,,-1,0,0,0,1,,,,1,49.368,149.514,-2.799
3,Day,1,U_Red_R,Practice,198.709,101.349,5.911,0.868,1756.941,,47.891,70.084,,,-1,0,0,0,1,,,,1,49.368,149.514,-2.799
3,Day,1,U_Red_R,Practice,198.809,101.448,5.911,0.868,1756.941,,47.891,70.084,,,-1,0,0,0,1,,,,1,49.368,149.514,-2.799
3,Day,1,U_Red_R,Practice,198.909,101.549,5.911,0.868,1756.941,,47.891,70.084,,,-1,0,0,0,1,,,,1,49.368,149.514,-2.799
3,Day,1,U_Red_R,Practice,199.01,101.649,5.911,0.868,1756.941,,47.891,70.084,,,-1,0,0,0,1,,,,1,49.368,149.514,-2.799
3,Day,1,U_Red_R,Practice,199.109,101.749,5.911,0.868,1756.941,,47.891,70.084,,,-1,0,0,0,1,,,,1,49.368,149.514,-2.799
3,Day,1,U_Red_R,Practice,199.209,101.849,5.911,0.868,1756.941,,47.891,70.084,,,-1,0,0,0,1,,,,1,49.368,149.514,-2.799
3,Day,1,U_Red_R,Practice,199.31,101.95,5.911,0.868,1756.941,,47.891,70.084,,,-1,0,0,0,1,,,,1,49.368,149.514,-2.799
3,Day,1,U_Red_R,Practice,199.409,102.048,5.911,0.868,1756.941,,47.891,70.084,,,-1,0,0,0,1,,,,1,49.368,149.514,-2.799
3,Day,1,U_Red_R,Practice,199.509,102.149,5.911,0.868,1756.941,,47.891,70.084,,,-1,0,0,0,1,,,,1,49.368,149.514,-2.799
3,Day,1,U_Red_R,Practice,199.609,102.249,5.911,0.868,1756.941,,47.891,70.084,,,-1,0,0,0,1,,,,1,49.368,149.514,-2.799
3,Day,1,U_Red_R,Practice,199.726,102.365,5.911,0.868,1756.941,,47.891,70.084,,,-1,0,0,0,1,,,,1,49.368,149.514,-2.799
3,Day,1,U_Red_R,Practice,199.809,102.449,5.911,0.868,1756.941,,47.891,70.084,,,-1,0,0,0,1,,,,1,49.368,149.514,-2.799
3,Day,1,U_Red_R,Practice,199.909,102.549,5.911,0.868,1756.941,,47.891,70.084,,,-1,0,0,0,1,,,,1,49.368,149.514,-2.799
3,Day,1,U_Red_R,Practice,200.009,102.649,5.911,0.868,1756.941,,47.891,70.084,,,-1,0,0,0,1,,,,1,49.368,149.514,-2.799
3,Day,1,U_Red_R,Practice,200.109,102.749,5.911,0.868,1756.941,,47.891,70.084,,,-1,0,0,0,1,,,,1,49.368,149.514,-2.799
3,Day,1,U_Red_R,Practice,200.209,102.849,5.911,0.868,1756.941,,47.891,70.084,,,-1,0,0,0,1,,,,1,49.368,149.514,-2.799
3,Day,1,U_Red_R,Practice,200.309,102.948,5.911,0.868,1756.941,,47.891,70.084,,,-1,0,0,0,1,,,,1,49.368,149.514,-2.799
3,Day,1,U_Red_R,Practice,200.409,103.049,5.911,0.868,1756.941,,47.891,70.084,,,-1,0,0,0,1,,,,1,49.368,149.514,-2.799
3,Day,1,U_Red_R,Practice,200.509,103.149,5.911,0.868,1756.941,,47.891,70.084,,,-1,0,0,0,1,,,,1,49.368,149.514,-2.799
3,Day,1,U_Red_R,Practice,200.609,103.248,5.911,0.868,1756.941,,47.891,70.084,,,-1,0,0,0,1,,,,1,49.368,149.514,-2.799
3,Day,1,U_Red_R,Practice,200.71,103.349,5.911,0.868,1756.941,,47.891,70.084,,,-1,0,0,0,1,,,,1,49.368,149.514,-2.799
3,Day,1,U_Red_R,Practice,200.809,103.448,5.911,0.868,1756.941,,47.891,70.084,,,-1,0,0,0,1,,,,1,49.368,149.514,-2.799
3,Day,1,U_Red_R,Practice,200.909,103.549,5.911,0.868,1756.941,,47.891,70.084,,,-1,0,0,0,1,,,,1,49.368,149.514,-2.799
3,Day,1,U_Red_R,Practice,201.009,103.649,5.911,0.868,1756.941,,47.891,70.084,,,-1,0,0,0,1,,,,1,49.368,149.514,-2.799
3,Day,1,U_Red_R,Practice,201.109,103.749,5.911,0.868,1756.941,,47.891,70.084,,,-1,0,0,0,1,,,,1,49.368,149.514,-2.799
3,Day,1,U_Red_R,Practice,201.209,103.848,5.911,0.868,1756.941,,47.891,70.084,,,-1,0,0,0,1,,,,1,49.368,149.514,-2.799
3,Day,1,U_Red_R,Practice,201.309,103.948,5.911,0.868,1756.941,,47.891,70.084,,,-1,0,0,0,1,,,,1,49.368,149.514,-2.799
3,Day,1,U_Red_R,Practice,201.409,104.049,5.911,0.868,1756.941,,47.891,70.084,,,-1,0,0,0,1,,,,1,49.368,149.514,-2.799
3,Day,1,U_Red_R,Practice,201.509,104.149,5.911,0.868,1756.941,,47.891,70.084,,,-1,0,0,0,1,,,,1,49.368,149.514,-2.799
3,Day,1,U_Red_R,Practice,201.609,104.249,5.911,0.868,1756.941,,47.891,70.084,,,-1,0,0,0,1,,,,1,49.368,149.514,-2.799
3,Day,1,U_Red_R,Practice,201.709,104.348,5.911,0.868,1756.941,,47.891,70.084,,,-1,0,0,0,1,,,,1,49.368,149.514,-2.799
3,Day,1,U_Red_R,Practice,201.809,104.449,5.911,0.868,1756.941,,47.891,70.084,,,-1,0,0,0,1,,,,1,49.368,149.514,-2.799
3,Day,1,U_Red_R,Practice,201.909,104.549,5.911,0.868,1756.941,,47.891,70.084,,,-1,0,0,0,1,,,,1,49.368,149.514,-2.799
3,Day,1,U_Red_R,Practice,202.009,104.648,5.911,0.868,1756.941,,47.891,70.084,,,-1,0,0,0,1,,,,1,49.368,149.514,-2.799
3,Day,1,U_Red_R,Practice,202.109,104.749,5.911,0.868,1756.941,,47.891,70.084,,,-1,0,0,0,1,,,,1,49.368,149.514,-2.799
3,Day,1,U_Red_R,Practice,202.209,104.849,5.911,0.868,1756.941,,47.891,70.084,,,-1,0,0,0,1,,,,1,49.368,149.514,-2.799
3,Day,1,U_Red_R,Practice,202.309,104.948,5.911,0.868,1756.941,,47.891,70.084,,,-1,0,0,0,1,,,,1,49.368,149.514,-2.799
3,Day,1,U_Red_R,Practice,202.409,105.049,5.911,0.868,1756.941,,47.891,70.084,,,-1,0,0,0,1,,,,1,49.368,149.514,-2.799
3,Day,1,U_Red_R,Practice,202.509,105.149,5.911,0.868,1756.941,,47.891,70.084,,,-1,0,0,0,1,,,,1,49.368,149.514,-2.799
3,Day,1,U_Red_R,Practice,202.609,105.249,5.911,0.868,1756.941,,47.891,70.084,,,-1,0,0,0,1,,,,1,49.368,149.514,-2.799
3,Day,1,U_Red_R,Practice,202.709,105.349,5.911,0.868,1756.941,,47.891,70.084,,,-1,0,0,0,1,,,,1,49.368,149.514,-2.799
3,Day,1,U_Red_R,Practice,202.809,105.449,5.911,0.868,1756.941,,47.891,70.084,,,-1,0,0,0,1,,,,1,49.368,149.514,-2.799
3,Day,1,U_Red_R,Practice,202.909,105.548,5.911,0.868,1756.941,,47.891,70.084,,,-1,0,0,0,1,,,,1,49.368,149.514,-2.799
3,Day,1,U_Red_R,Practice,203.009,105.648,5.911,0.868,1756.941,,47.891,70.084,,,-1,0,0,0,1,,,,1,49.368,149.514,-2.799
3,Day,1,U_Red_R,Practice,203.126,105.766,5.911,0.868,1756.941,,47.891,70.084,,,-1,0,0,0,1,,,,1,49.368,149.514,-2.799
3,Day,1,U_Red_R,Practice,203.209,105.849,5.911,0.868,1756.941,,47.891,70.084,,,-1,0,0,0,1,,,,1,49.368,149.514,-2.799
3,Day,1,U_Red_R,Practice,203.309,105.949,5.911,0.868,1756.941,,47.891,70.084,,,-1,0,0,0,1,,,,1,49.368,149.514,-2.799
3,Day,1,U_Red_R,Practice,203.409,106.049,5.911,0.868,1756.941,,47.891,70.084,,,-1,0,0,0,1,,,,1,49.368,149.514,-2.799
3,Day,1,U_Red_R,Practice,203.509,106.148,5.911,0.868,1756.941,,47.891,70.084,,,-1,0,0,0,1,,,,1,49.368,149.514,-2.799
3,Day,1,U_Red_R,Practice,203.609,106.249,5.911,0.868,1756.941,,47.891,70.084,,,-1,0,0,0,1,,,,1,49.368,149.514,-2.799
3,Day,1,U_Red_R,Practice,203.709,106.349,5.911,0.868,1756.941,,47.891,70.084,,,-1,0,0,0,1,,,,1,49.368,149.514,-2.799
3,Day,1,U_Red_R,Practice,203.809,106.448,5.911,0.868,1756.941,,47.891,70.084,,,-1,0,0,0,1,,,,1,49.368,149.514,-2.799
3,Day,1,U_Red_R,Practice,203.909,106.548,5.911,0.868,1756.941,,47.891,70.084,,,-1,0,0,0,1,,,,1,49.368,149.514,-2.799
3,Day,1,U_Red_R,Practice,204.01,106.649,5.911,0.868,1756.941,,47.891,70.084,,,-1,0,0,0,1,,,,1,49.368,149.514,-2.799
3,Day,1,U_Red_R,Practice,204.109,106.748,5.911,0.868,1756.941,,47.891,70.084,,,-1,0,0,0,1,,,,1,49.368,149.514,-2.799
3,Day,1,U_Red_R,Practice,204.209,106.849,5.911,0.868,1756.941,,47.891,70.084,,,-1,0,0,0,1,,,,1,49.368,149.514,-2.799
3,Day,1,U_Red_R,Practice,204.326,106.965,5.911,0.868,1756.941,,47.891,70.084,,,-1,0,0,0,1,,,,1,49.368,149.514,-2.799
3,Day,1,U_Red_R,Practice,204.409,107.049,5.911,0.868,1756.941,,47.891,70.084,,,-1,0,0,0,1,,,,1,49.368,149.514,-2.799
3,Day,1,U_Red_R,Practice,204.509,107.148,5.911,0.868,1756.941,,47.891,70.084,,,-1,0,0,0,1,,,,1,49.368,149.514,-2.799
3,Day,1,U_Red_R,Practice,204.609,107.248,5.911,0.868,1756.941,,47.891,70.084,,,-1,0,0,0,1,,,,1,49.368,149.514,-2.799
3,Day,1,U_Red_R,Practice,204.709,107.348,5.911,0.868,1756.941,,47.891,70.084,,,-1,0,0,0,1,,,,1,49.368,149.514,-2.799
3,Day,1,U_Red_R,Practice,204.809,107.448,5.911,0.868,1756.941,,47.891,70.084,,,-1,0,0,0,1,,,,1,49.368,149.514,-2.799
3,Day,1,U_Red_R,Practice,204.909,107.549,5.911,0.868,1756.941,,47.891,70.084,,,-1,0,0,0,1,,,,1,49.368,149.514,-2.799
3,Day,1,U_Red_R,Practice,205.009,107.649,5.911,0.868,1756.941,,47.891,70.084,,,-1,0,0,0,1,,,,1,49.368,149.514,-2.799
3,Day,1,U_Red_R,Practice,205.109,107.748,5.911,0.868,1756.941,,47.891,70.084,,,-1,0,0,0,1,,,,1,49.368,149.514,-2.799
3,Day,1,U_Red_R,Practice,205.209,107.849,5.911,0.868,1756.941,,47.891,70.084,,,-1,0,0,0,1,,,,1,49.368,149.514,-2.799
3,Day,1,U_Red_R,Practice,205.309,107.948,5.911,0.868,1756.941,,47.891,70.084,,,-1,0,0,0,1,,,,1,49.368,149.514,-2.799
3,Day,1,U_Red_R,Practice,205.409,108.048,5.911,0.868,1756.941,,47.891,70.084,,,-1,0,0,0,1,,,,1,49.368,149.514,-2.799
3,Day,1,U_Red_R,Practice,205.509,108.149,5.911,0.868,1756.941,,47.891,70.084,,,-1,0,0,0,1,,,,1,49.368,149.514,-2.799
3,Day,1,U_Red_R,Practice,205.609,108.248,5.911,0.868,1756.941,,47.891,70.084,,,-1,0,0,0,1,,,,1,49.368,149.514,-2.799
3,Day,1,U_Red_R,Practice,205.709,108.349,5.911,0.868,1756.941,,47.891,70.084,,,-1,0,0,0,1,,,,1,49.368,149.514,-2.799
3,Day,1,U_Red_R,Practice,205.809,108.448,5.911,0.868,1756.941,,47.891,70.084,,,-1,0,0,0,1,,,,1,49.368,149.514,-2.799
3,Day,1,U_Red_R,Practice,205.909,108.548,5.911,0.868,1756.941,,47.891,70.084,,,-1,0,0,0,1,,,,1,49.368,149.514,-2.799
3,Day,1,U_Red_R,Practice,206.009,108.648,5.911,0.868,1756.941,,47.891,70.084,,,-1,0,0,0,1,,,,1,49.368,149.514,-2.799
3,Day,1,U_Red_R,Practice,206.109,108.748,5.911,0.868,1756.941,,47.891,70.084,,,-1,0,0,0,1,,,,1,49.368,149.514,-2.799
3,Day,1,U_Red_R,Practice,206.209,108.848,5.911,0.868,1756.941,,47.891,70.084,,,-1,0,0,0,1,,,,1,49.368,149.514,-2.799
3,Day,1,U_Red_R,Practice,206.309,108.948,5.911,0.868,1756.941,,47.891,70.084,,,-1,0,0,0,1,,,,1,49.368,149.514,-2.799
3,Day,1,U_Red_R,Practice,206.409,109.048,5.911,0.868,1756.941,,47.891,70.084,,,-1,0,0,0,1,,,,1,49.368,149.514,-2.799
3,Day,1,U_Red_R,Practice,206.509,109.149,5.911,0.868,1756.941,,47.891,70.084,,,-1,0,0,0,1,,,,1,49.368,149.514,-2.799
3,Day,1,U_Red_R,Practice,206.609,109.248,5.911,0.868,1756.941,,47.891,70.084,,,-1,0,0,0,1,,,,1,49.368,149.514,-2.799
3,Day,1,U_Red_R,Practice,206.709,109.348,5.911,0.868,1756.941,,47.891,70.084,,,-1,0,0,0,1,,,,1,49.368,149.514,-2.799
3,Day,1,U_Red_R,Practice,206.809,109.448,5.911,0.868,1756.941,,47.891,70.084,,,-1,0,0,0,1,,,,1,49.368,149.514,-2.799
3,Day,1,U_Red_R,Practice,206.909,109.548,5.911,0.868,1756.941,,47.891,70.084,,,-1,0,0,0,1,,,,1,49.368,149.514,-2.799
3,Day,1,U_Red_R,Practice,207.009,109.648,5.911,0.868,1756.941,,47.891,70.084,,,-1,0,0,0,1,,,,1,49.368,149.514,-2.799
3,Day,1,U_Red_R,Practice,207.109,109.748,5.911,0.868,1756.941,,47.891,70.084,,,-1,0,0,0,1,,,,1,49.368,149.514,-2.799
3,Day,1,U_Red_R,Practice,207.209,109.848,5.911,0.868,1756.941,,47.891,70.084,,,-1,0,0,0,1,,,,1,49.368,149.514,-2.799
3,Day,1,U_Red_R,Practice,207.309,109.948,5.911,0.868,1756.941,,47.891,70.084,,,-1,0,0,0,1,,,,1,49.368,149.514,-2.799
3,Day,1,U_Red_R,Practice,207.409,110.048,5.911,0.868,1756.941,,47.891,70.084,,,-1,0,0,0,1,,,,1,49.368,149.514,-2.799
3,Day,1,U_Red_R,Practice,207.509,110.148,5.911,0.868,1756.941,,47.891,70.084,,,-1,0,0,0,1,,,,1,49.368,149.514,-2.799
3,Day,1,U_Red_R,Practice,207.609,110.248,5.911,0.868,1756.941,,47.891,70.084,,,-1,0,0,0,1,,,,1,49.368,149.514,-2.799
3,Day,1,U_Red_R,Practice,207.708,110.348,5.911,0.868,1756.941,,47.891,70.084,,,-1,0,0,0,1,,,,1,49.368,149.514,-2.799
3,Day,1,U_Red_R,Practice,207.809,110.448,5.911,0.868,1756.941,,47.891,70.084,,,-1,0,0,0,1,,,,1,49.368,149.514,-2.799
3,Day,1,U_Red_R,Practice,207.909,110.548,5.911,0.868,1756.941,,47.891,70.084,,,-1,0,0,0,1,,,,1,49.368,149.514,-2.799
3,Day,1,U_Red_R,Practice,208.009,110.648,5.911,0.868,1756.941,,47.891,70.084,,,-1,0,0,0,1,,,,1,49.368,149.514,-2.799
3,Day,1,U_Red_R,Practice,208.109,110.748,5.911,0.868,1756.941,,47.891,70.084,,,-1,0,0,0,1,,,,1,49.368,149.514,-2.799
3,Day,1,U_Red_R,Practice,208.209,110.848,5.911,0.868,1756.941,,47.891,70.084,,,-1,0,0,0,1,,,,1,49.368,149.514,-2.799
3,Day,1,U_Red_R,Practice,208.325,110.965,5.911,0.868,1756.941,,47.891,70.084,,,-1,0,0,0,1,,,,1,49.368,149.514,-2.799
3,Day,1,U_Red_R,Practice,208.409,111.048,5.911,0.868,1756.941,,47.891,70.084,,,-1,0,0,0,1,,,,1,49.368,149.514,-2.799
3,Day,1,U_Red_R,Practice,208.51,111.15,5.911,0.868,1756.941,,47.891,70.084,,,-1,0,0,0,1,,,,1,49.368,149.514,-2.799
3,Day,1,U_Red_R,Practice,208.609,111.248,5.911,0.868,1756.941,,47.891,70.084,,,-1,0,0,0,1,,,,1,49.368,149.514,-2.799
3,Day,1,U_Red_R,Practice,208.709,111.348,5.911,0.868,1756.941,,47.891,70.084,,,-1,0,0,0,1,,,,1,49.368,149.514,-2.799
3,Day,1,U_Red_R,Practice,208.809,111.448,5.911,0.868,1756.941,,47.891,70.084,,,-1,0,0,0,1,,,,1,49.368,149.514,-2.799
3,Day,1,U_Red_R,Practice,208.909,111.548,5.911,0.868,1756.941,,47.891,70.084,,,-1,0,0,0,1,,,,1,49.368,149.514,-2.799
3,Day,1,U_Red_R,Practice,209.009,111.648,5.911,0.868,1756.941,,47.891,70.084,,,-1,0,0,0,1,,,,1,49.368,149.514,-2.799
3,Day,1,U_Red_R,Practice,209.109,111.748,5.911,0.868,1756.941,,47.891,70.084,,,-1,0,0,0,1,,,,1,49.368,149.514,-2.799
3,Day,1,U_Red_R,Practice,209.209,111.848,5.911,0.868,1756.941,,47.891,70.084,,,-1,0,0,0,1,,,,1,49.368,149.514,-2.799
3,Day,1,U_Red_R,Practice,209.309,111.948,5.911,0.868,1756.941,,47.891,70.084,,,-1,0,0,0,1,,,,1,49.368,149.514,-2.799
3,Day,1,U_Red_R,Practice,209.409,112.049,5.911,0.868,1756.941,,47.891,70.084,,,-1,0,0,0,1,,,,1,49.368,149.514,-2.799
3,Day,1,U_Red_R,Practice,209.509,112.148,5.911,0.868,1756.941,,47.891,70.084,,,-1,0,0,0,1,,,,1,49.368,149.514,-2.799
3,Day,1,U_Red_R,Practice,209.609,112.248,5.911,0.868,1756.941,,47.891,70.084,,,-1,0,0,0,1,,,,1,49.368,149.514,-2.799
3,Day,1,U_Red_R,Practice,209.709,112.348,5.911,0.868,1756.941,,47.891,70.084,,,-1,0,0,0,1,,,,1,49.368,149.514,-2.799
3,Day,1,U_Red_R,Practice,209.809,112.448,5.911,0.868,1756.941,,47.891,70.084,,,-1,0,0,0,1,,,,1,49.368,149.514,-2.799
3,Day,1,U_Red_R,Practice,209.908,112.548,5.911,0.868,1756.941,,47.891,70.084,,,-1,0,0,0,1,,,,1,49.368,149.514,-2.799
3,Day,1,U_Red_R,Practice,210.009,112.648,5.911,0.868,1756.941,,47.891,70.084,,,-1,0,0,0,1,,,,1,49.368,149.514,-2.799
3,Day,1,U_Red_R,Practice,210.126,112.765,5.911,0.868,1756.941,,47.891,70.084,,,-1,0,0,0,1,,,,1,49.368,149.514,-2.799
3,Day,1,U_Red_R,Practice,210.209,112.849,5.911,0.868,1756.941,,47.891,70.084,,,-1,0,0,0,1,,,,1,49.368,149.514,-2.799
3,Day,1,U_Red_R,Practice,210.309,112.948,5.911,0.868,1756.941,,47.891,70.084,,,-1,0,0,0,1,,,,1,49.368,149.514,-2.799
3,Day,1,U_Red_R,Practice,210.408,113.048,5.911,0.868,1756.941,,47.891,70.084,,,-1,0,0,0,1,,,,1,49.368,149.514,-2.799
3,Day,1,U_Red_R,Practice,210.509,113.148,5.911,0.868,1756.941,,47.891,70.084,,,-1,0,0,0,1,,,,1,49.368,149.514,-2.799
3,Day,1,U_Red_R,Practice,210.609,113.248,5.911,0.868,1756.941,,47.891,70.084,,,-1,0,0,0,1,,,,1,49.368,149.514,-2.799
3,Day,1,U_Red_R,Practice,210.709,113.348,5.911,0.868,1756.941,,47.891,70.084,,,-1,0,0,0,1,,,,1,49.368,149.514,-2.799
3,Day,1,U_Red_R,Practice,210.825,113.465,5.911,0.868,1756.941,,47.891,70.084,,,-1,0,0,0,1,,,,1,49.368,149.514,-2.799
3,Day,1,U_Red_R,Practice,210.909,113.548,5.911,0.868,1756.941,,47.891,70.084,,,-1,0,0,0,1,,,,1,49.368,149.514,-2.799
3,Day,1,U_Red_R,Practice,211.009,113.648,5.911,0.868,1756.941,,47.891,70.084,,,-1,0,0,0,1,,,,1,49.368,149.514,-2.799
3,Day,1,U_Red_R,Practice,211.109,113.748,5.911,0.868,1756.941,,47.891,70.084,,,-1,0,0,0,1,,,,1,49.368,149.514,-2.799
3,Day,1,U_Red_R,Practice,211.208,113.848,5.911,0.868,1756.941,,47.891,70.084,,,-1,0,0,0,1,,,,1,49.368,149.514,-2.799
3,Day,1,U_Red_R,Practice,211.309,113.948,5.911,0.868,1756.941,,47.891,70.084,,,-1,0,0,0,1,,,,1,49.368,149.514,-2.799
3,Day,1,U_Red_R,Practice,211.408,114.048,5.911,0.868,1756.941,,47.891,70.084,,,-1,0,0,0,1,,,,1,49.368,149.514,-2.799
3,Day,1,U_Red_R,Practice,211.525,114.165,5.911,0.868,1756.941,,47.891,70.084,,,-1,0,0,0,1,,,,1,49.368,149.514,-2.799
3,Day,1,U_Red_R,Practice,211.608,114.248,5.911,0.868,1756.941,,47.891,70.084,,,-1,0,0,0,1,,,,1,49.368,149.514,-2.799
3,Day,1,U_Red_R,Practice,211.708,114.348,5.911,0.868,1756.941,,47.891,70.084,,,-1,0,0,0,1,,,,1,49.368,149.514,-2.799
3,Day,1,U_Red_R,Practice,211.808,114.448,5.911,0.868,1756.941,,47.891,70.084,,,-1,0,0,0,1,,,,1,49.368,149.514,-2.799
3,Day,1,U_Red_R,Practice,211.908,114.548,5.911,0.868,1756.941,,47.891,70.084,,,-1,0,0,0,1,,,,1,49.368,149.514,-2.799
3,Day,1,U_Red_R,Practice,212.008,114.648,5.911,0.868,1756.941,,47.891,70.084,,,-1,0,0,0,1,,,,1,49.368,149.514,-2.799
3,Day,1,U_Red_R,Practice,212.108,114.748,5.911,0.868,1756.941,,47.891,70.084,,,-1,0,0,0,1,,,,1,49.368,149.514,-2.799
3,Day,1,U_Red_R,Practice,212.209,114.848,5.911,0.868,1756.941,,47.891,70.084,,,-1,0,0,0,1,,,,1,49.368,149.514,-2.799
3,Day,1,U_Red_R,Practice,212.309,114.948,5.911,0.868,1756.941,,47.891,70.084,,,-1,0,0,0,1,,,,1,49.368,149.514,-2.799
3,Day,1,U_Red_R,Practice,212.408,115.048,5.911,0.868,1756.941,,47.891,70.084,,,-1,0,0,0,1,,,,1,49.368,149.514,-2.799
3,Day,1,U_Red_R,Practice,212.508,115.148,5.911,0.868,1756.941,,47.891,70.084,,,-1,0,0,0,1,,,,1,49.368,149.514,-2.799
3,Day,1,U_Red_R,Practice,212.608,115.248,5.911,0.868,1756.941,,47.891,70.084,,,-1,0,0,0,1,,,,1,49.368,149.514,-2.799
3,Day,1,U_Red_R,Practice,212.709,115.348,5.911,0.868,1756.941,,47.891,70.084,,,-1,0,0,0,1,,,,1,49.368,149.514,-2.799
3,Day,1,U_Red_R,Practice,212.808,115.448,5.911,0.868,1756.941,,47.891,70.084,,,-1,0,0,0,1,,,,1,49.368,149.514,-2.799
3,Day,1,U_Red_R,Practice,212.908,115.548,5.911,0.868,1756.941,,47.891,70.084,,,-1,0,0,0,1,,,,1,49.368,149.514,-2.799
3,Day,1,U_Red_R,Practice,213.008,115.648,5.911,0.868,1756.941,,47.891,70.084,,,-1,0,0,0,1,,,,1,49.368,149.514,-2.799
3,Day,1,U_Red_R,Practice,213.108,115.748,5.911,0.868,1756.941,,47.891,70.084,,,-1,0,0,0,1,,,,1,49.368,149.514,-2.799
3,Day,1,U_Red_R,Practice,213.208,115.848,5.911,0.868,1756.941,,47.891,70.084,,,-1,0,0,0,1,,,,1,49.368,149.514,-2.799
3,Day,1,U_Red_R,Practice,213.308,115.948,5.911,0.868,1756.941,,47.891,70.084,,,-1,0,0,0,1,,,,1,49.368,149.514,-2.799
3,Day,1,U_Red_R,Practice,213.409,116.048,5.911,0.868,1756.941,,47.891,70.084,,,-1,0,0,0,1,,,,1,49.368,149.514,-2.799
3,Day,1,U_Red_R,Practice,213.508,116.148,5.911,0.868,1756.941,,47.891,70.084,,,-1,0,0,0,1,,,,1,49.368,149.514,-2.799
3,Day,1,U_Red_R,Practice,213.608,116.248,5.911,0.868,1756.941,,47.891,70.084,,,-1,0,0,0,1,,,,1,49.368,149.514,-2.799
3,Day,1,U_Red_R,Practice,213.708,116.348,5.911,0.868,1756.941,,47.891,70.084,,,-1,0,0,0,1,,,,1,49.368,149.514,-2.799
3,Day,1,U_Red_R,Practice,213.808,116.448,5.911,0.868,1756.941,,47.891,70.084,,,-1,0,0,0,1,,,,1,49.368,149.514,-2.799
3,Day,1,U_Red_R,Practice,213.909,116.548,5.911,0.868,1756.941,,47.891,70.084,,,-1,0,0,0,1,,,,1,49.368,149.514,-2.799
3,Day,1,U_Red_R,Practice,214.008,116.648,5.911,0.868,1756.941,,47.891,70.084,,,-1,0,0,0,1,,,,1,49.368,149.514,-2.799
3,Day,1,U_Red_R,Practice,214.108,116.748,5.911,0.868,1756.941,,47.891,70.084,,,-1,0,0,0,1,,,,1,49.368,149.514,-2.799
3,Day,1,U_Red_R,Practice,214.208,116.848,5.911,0.868,1756.941,,47.891,70.084,,,-1,0,0,0,1,,,,1,49.368,149.514,-2.799
3,Day,1,U_Red_R,Practice,214.308,116.948,5.911,0.868,1756.941,,47.891,70.084,,,-1,0,0,0,1,,,,1,49.368,149.514,-2.799
3,Day,1,U_Red_R,Practice,214.408,117.048,5.911,0.868,1756.941,,47.891,70.084,,,-1,0,0,0,1,,,,1,49.368,149.514,-2.799
3,Day,1,U_Red_R,Practice,214.508,117.148,5.911,0.868,1756.941,,47.891,70.084,,,-1,0,0,0,1,,,,1,49.368,149.514,-2.799
3,Day,1,U_Red_R,Practice,214.609,117.248,5.911,0.868,1756.941,,47.891,70.084,,,-1,0,0,0,1,,,,1,49.368,149.514,-2.799
3,Day,1,U_Red_R,Practice,214.708,117.348,5.911,0.868,1756.941,,47.891,70.084,,,-1,0,0,0,1,,,,1,49.368,149.514,-2.799
3,Day,1,U_Red_R,Practice,214.808,117.448,5.911,0.868,1756.941,,47.891,70.084,,,-1,0,0,0,1,,,,1,49.368,149.514,-2.799
3,Day,1,U_Red_R,Practice,214.908,117.548,5.911,0.868,1756.941,,47.891,70.084,,,-1,0,0,0,1,,,,1,49.368,149.514,-2.799
3,Day,1,U_Red_R,Practice,215.008,117.648,5.911,0.868,1756.941,,47.891,70.084,,,-1,0,0,0,1,,,,1,49.368,149.514,-2.799
3,Day,1,U_Red_R,Practice,215.108,117.748,5.911,0.868,1756.941,,47.891,70.084,,,-1,0,0,0,1,,,,1,49.368,149.514,-2.799
3,Day,1,U_Red_R,Practice,215.208,117.848,5.911,0.868,1756.941,,47.891,70.084,,,-1,0,0,0,1,,,,1,49.368,149.514,-2.799
3,Day,1,U_Red_R,Practice,215.309,117.948,5.911,0.868,1756.941,,47.891,70.084,,,-1,0,0,0,1,,,,1,49.368,149.514,-2.799
3,Day,1,U_Red_R,Practice,215.408,118.048,5.911,0.868,1756.941,,47.891,70.084,,,-1,0,0,0,1,,,,1,49.368,149.514,-2.799
3,Day,1,U_Red_R,Practice,215.508,118.148,5.911,0.868,1756.941,,47.891,70.084,,,-1,0,0,0,1,,,,1,49.368,149.514,-2.799
3,Day,1,U_Red_R,Practice,215.608,118.248,5.911,0.868,1756.941,,47.891,70.084,,,-1,0,0,0,1,,,,1,49.368,149.514,-2.799
3,Day,1,U_Red_R,Practice,215.708,118.348,5.911,0.868,1756.941,,47.891,70.084,,,-1,0,0,0,1,,,,1,49.368,149.514,-2.799
3,Day,1,U_Red_R,Practice,215.808,118.448,5.911,0.868,1756.941,,47.891,70.084,,,-1,0,0,0,1,,,,1,49.368,149.514,-2.799
3,Day,1,U_Red_R,Practice,215.908,118.548,5.911,0.868,1756.941,,47.891,70.084,,,-1,0,0,0,1,,,,1,49.368,149.514,-2.799
3,Day,1,U_Red_R,Practice,216.008,118.648,5.911,0.868,1756.941,,47.891,70.084,,,-1,0,0,0,1,,,,1,49.368,149.514,-2.799
3,Day,1,U_Red_R,Practice,216.108,118.748,5.911,0.868,1756.941,,47.891,70.084,,,-1,0,0,0,1,,,,1,49.368,149.514,-2.799
3,Day,1,U_Red_R,Practice,216.208,118.848,5.911,0.868,1756.941,,47.891,70.084,,,-1,0,0,0,1,,,,1,49.368,149.514,-2.799
3,Day,1,U_Red_R,Practice,216.308,118.948,5.911,0.868,1756.941,,47.891,70.084,,,-1,0,0,0,1,,,,1,49.368,149.514,-2.799
3,Day,1,U_Red_R,Practice,216.408,119.048,5.911,0.868,1756.941,,47.891,70.084,,,-1,0,0,0,1,,,,1,49.368,149.514,-2.799
3,Day,1,U_Red_R,Practice,216.508,119.147,5.911,0.868,1756.941,,47.891,70.084,,,-1,0,0,0,1,,,,1,49.368,149.514,-2.799
3,Day,1,U_Red_R,Practice,216.608,119.248,5.911,0.868,1756.941,,47.891,70.084,,,-1,0,0,0,1,,,,1,49.368,149.514,-2.799
3,Day,1,U_Red_R,Practice,216.708,119.348,5.911,0.868,1756.941,,47.891,70.084,,,-1,0,0,0,1,,,,1,49.368,149.514,-2.799
3,Day,1,U_Red_R,Practice,216.808,119.448,5.911,0.868,1756.941,,47.891,70.084,,,-1,0,0,0,1,,,,1,49.368,149.514,-2.799
3,Day,1,U_Red_R,Practice,216.908,119.548,5.911,0.868,1756.941,,47.891,70.084,,,-1,0,0,0,1,,,,1,49.368,149.514,-2.799
3,Day,1,U_Red_R,Practice,217.009,119.648,5.911,0.868,1756.941,,47.891,70.084,,,-1,0,0,0,1,,,,1,49.368,149.514,-2.799
3,Day,1,U_Red_R,Practice,217.125,119.765,5.911,0.868,1756.941,,47.891,70.084,,,-1,0,0,0,1,,,,1,49.368,149.514,-2.799
3,Day,1,U_Red_R,Practice,217.208,119.848,5.911,0.868,1756.941,,47.891,70.084,,,-1,0,0,0,1,,,,1,49.368,149.514,-2.799
3,Day,1,U_Red_R,Practice,217.308,119.948,5.911,0.868,1756.941,,47.891,70.084,,,-1,0,0,0,1,,,,1,49.368,149.514,-2.799
3,Day,1,U_Red_R,Practice,217.408,120.048,5.911,0.868,1756.941,,47.891,70.084,,,-1,0,0,0,1,,,,1,49.368,149.514,-2.799
3,Day,1,U_Red_R,Practice,217.508,120.148,5.911,0.868,1756.941,,47.891,70.084,,,-1,0,0,0,1,,,,1,49.368,149.514,-2.799
3,Day,1,U_Red_R,Practice,217.608,120.248,5.911,0.868,1756.941,,47.891,70.084,,,-1,0,0,0,1,,,,1,49.368,149.514,-2.799
3,Day,1,U_Red_R,Practice,217.708,120.348,5.911,0.868,1756.941,,47.891,70.084,,,-1,0,0,0,1,,,,1,49.368,149.514,-2.799
3,Day,1,U_Red_R,Practice,217.808,120.448,5.911,0.868,1756.941,,47.891,70.084,,,-1,0,0,0,1,,,,1,49.368,149.514,-2.799
3,Day,1,U_Red_R,Practice,217.908,120.547,5.911,0.868,1756.941,,47.891,70.084,,,-1,0,0,0,1,,,,1,49.368,149.514,-2.799
3,Day,1,U_Red_R,Practice,218.008,120.648,5.911,0.868,1756.941,,47.891,70.084,,,-1,0,0,0,1,,,,1,49.368,149.514,-2.799
3,Day,1,U_Red_R,Practice,218.108,120.748,5.911,0.868,1756.941,,47.891,70.084,,,-1,0,0,0,1,,,,1,49.368,149.514,-2.799
3,Day,1,U_Red_R,Practice,218.208,120.848,5.911,0.868,1756.941,,47.891,70.084,,,-1,0,0,0,1,,,,1,49.368,149.514,-2.799
3,Day,1,U_Red_R,Practice,218.308,120.948,5.911,0.868,1756.941,,47.891,70.084,,,-1,0,0,0,1,,,,1,49.368,149.514,-2.799
3,Day,1,U_Red_R,Practice,218.408,121.048,5.911,0.868,1756.941,,47.891,70.084,,,-1,0,0,0,1,,,,1,49.368,149.514,-2.799
3,Day,1,U_Red_R,Practice,218.509,121.149,5.911,0.868,1756.941,,47.891,70.084,,,-1,0,0,0,1,,,,1,49.368,149.514,-2.799
3,Day,1,U_Red_R,Practice,218.608,121.248,5.911,0.868,1756.941,,47.891,70.084,,,-1,0,0,0,1,,,,1,49.368,149.514,-2.799
3,Day,1,U_Red_R,Practice,218.708,121.347,5.911,0.868,1756.941,,47.891,70.084,,,-1,0,0,0,1,,,,1,49.368,149.514,-2.799
3,Day,1,U_Red_R,Practice,218.825,121.465,5.911,0.868,1756.941,,47.891,70.084,,,-1,0,0,0,1,,,,1,49.368,149.514,-2.799
3,Day,1,U_Red_R,Practice,218.908,121.548,5.911,0.868,1756.941,,47.891,70.084,,,-1,0,0,0,1,,,,1,49.368,149.514,-2.799
3,Day,1,U_Red_R,Practice,219.008,121.648,5.911,0.868,1756.941,,47.891,70.084,,,-1,0,0,0,1,,,,1,49.368,149.514,-2.799
3,Day,1,U_Red_R,Practice,219.108,121.748,5.911,0.868,1756.941,,47.891,70.084,,,-1,0,0,0,1,,,,1,49.368,149.514,-2.799
3,Day,1,U_Red_R,Practice,219.226,121.866,5.911,0.868,1756.941,,47.891,70.084,,,-1,0,0,0,1,,,,1,49.368,149.514,-2.799
3,Day,1,U_Red_R,Practice,219.308,121.947,5.911,0.868,1756.941,,47.891,70.084,,,-1,0,0,0,1,,,,1,49.368,149.514,-2.799
3,Day,1,U_Red_R,Practice,219.408,122.048,5.911,0.868,1756.941,,47.891,70.084,,,-1,0,0,0,1,,,,1,49.368,149.514,-2.799
3,Day,1,U_Red_R,Practice,219.508,122.147,5.911,0.868,1756.941,,47.891,70.084,,,-1,0,0,0,1,,,,1,49.368,149.514,-2.799
3,Day,1,U_Red_R,Practice,219.608,122.247,5.911,0.868,1756.941,,47.891,70.084,,,-1,0,0,0,1,,,,1,49.368,149.514,-2.799
3,Day,1,U_Red_R,Practice,219.708,122.348,5.911,0.868,1756.941,,47.891,70.084,,,-1,0,0,0,1,,,,1,49.368,149.514,-2.799
3,Day,1,U_Red_R,Practice,219.808,122.447,5.911,0.868,1756.941,,47.891,70.084,,,-1,0,0,0,1,,,,1,49.368,149.514,-2.799
3,Day,1,U_Red_R,Practice,219.908,122.547,5.911,0.868,1756.941,,47.891,70.084,,,-1,0,0,0,1,,,,1,49.368,149.514,-2.799
3,Day,1,U_Red_R,Practice,220.008,122.648,5.911,0.868,1756.941,,47.891,70.084,,,-1,0,0,0,1,,,,1,49.368,149.514,-2.799
3,Day,1,U_Red_R,Practice,220.108,122.747,5.911,0.868,1756.941,,47.891,70.084,,,-1,0,0,0,1,,,,1,49.368,149.514,-2.799
3,Day,1,U_Red_R,Practice,220.208,122.847,5.911,0.868,1756.941,,47.891,70.084,,,-1,0,0,0,1,,,,1,49.368,149.514,-2.799
3,Day,1,U_Red_R,Practice,220.308,122.948,5.911,0.868,1756.941,,47.891,70.084,,,-1,0,0,0,1,,,,1,49.368,149.514,-2.799
3,Day,1,U_Red_R,Practice,220.408,123.048,5.911,0.868,1756.941,,47.891,70.084,,,-1,0,0,0,1,,,,1,49.368,149.514,-2.799
3,Day,1,U_Red_R,Practice,220.508,123.147,5.911,0.868,1756.941,,47.891,70.084,,,-1,0,0,0,1,,,,1,49.368,149.514,-2.799
3,Day,1,U_Red_R,Practice,220.608,123.247,5.911,0.868,1756.941,,47.891,70.084,,,-1,0,0,0,1,,,,1,49.368,149.514,-2.799
3,Day,1,U_Red_R,Practice,220.708,123.348,5.911,0.868,1756.941,,47.891,70.084,,,-1,0,0,0,1,,,,1,49.368,149.514,-2.799
3,Day,1,U_Red_R,Practice,220.808,123.447,5.911,0.868,1756.941,,47.891,70.084,,,-1,0,0,0,1,,,,1,49.368,149.514,-2.799
3,Day,1,U_Red_R,Practice,220.908,123.548,5.911,0.868,1756.941,,47.891,70.084,,,-1,0,0,0,1,,,,1,49.368,149.514,-2.799
3,Day,1,U_Red_R,Practice,221.008,123.647,5.911,0.868,1756.941,,47.891,70.084,,,-1,0,0,0,1,,,,1,49.368,149.514,-2.799
3,Day,1,U_Red_R,Practice,221.108,123.747,5.911,0.868,1756.941,,47.891,70.084,,,-1,0,0,0,1,,,,1,49.368,149.514,-2.799
3,Day,1,U_Red_R,Practice,221.208,123.848,5.911,0.868,1756.941,,47.891,70.084,,,-1,0,0,0,1,,,,1,49.368,149.514,-2.799
3,Day,1,U_Red_R,Practice,221.308,123.948,5.911,0.868,1756.941,,47.891,70.084,,,-1,0,0,0,1,,,,1,49.368,149.514,-2.799
3,Day,1,U_Red_R,Practice,221.408,124.047,5.911,0.868,1756.941,,47.891,70.084,,,-1,0,0,0,1,,,,1,49.368,149.514,-2.799
3,Day,1,U_Red_R,Practice,221.508,124.147,5.911,0.868,1756.941,,47.891,70.084,,,-1,0,0,0,1,,,,1,49.368,149.514,-2.799
3,Day,1,U_Red_R,Practice,221.608,124.247,5.911,0.868,1756.941,,47.891,70.084,,,-1,0,0,0,1,,,,1,49.368,149.514,-2.799
3,Day,1,U_Red_R,Practice,221.708,124.348,5.911,0.868,1756.941,,47.891,70.084,,,-1,0,0,0,1,,,,1,49.368,149.514,-2.799
3,Day,1,U_Red_R,Practice,221.808,124.447,5.911,0.868,1756.941,,47.891,70.084,,,-1,0,0,0,1,,,,1,49.368,149.514,-2.799
3,Day,1,U_Red_R,Practice,221.908,124.548,5.911,0.868,1756.941,,47.891,70.084,,,-1,0,0,0,1,,,,1,49.368,149.514,-2.799
3,Day,1,U_Red_R,Practice,222.008,124.647,5.911,0.868,1756.941,,47.891,70.084,,,-1,0,0,0,1,,,,1,49.368,149.514,-2.799
3,Day,1,U_Red_R,Practice,222.108,124.748,5.911,0.868,1756.941,,47.891,70.084,,,-1,0,0,0,1,,,,1,49.368,149.514,-2.799
3,Day,1,U_Red_R,Practice,222.208,124.848,5.911,0.868,1756.941,,47.891,70.084,,,-1,0,0,0,1,,,,1,49.368,149.514,-2.799
3,Day,1,U_Red_R,Practice,222.308,124.948,5.911,0.868,1756.941,,47.891,70.084,,,-1,0,0,0,1,,,,1,49.368,149.514,-2.799
3,Day,1,U_Red_R,Practice,222.408,125.047,5.911,0.868,1756.941,,47.891,70.084,,,-1,0,0,0,1,,,,1,49.368,149.514,-2.799
3,Day,1,U_Red_R,Practice,222.508,125.147,5.911,0.868,1756.941,,47.891,70.084,,,-1,0,0,0,1,,,,1,49.368,149.514,-2.799
3,Day,1,U_Red_R,Practice,222.608,125.248,5.911,0.868,1756.941,,47.891,70.084,,,-1,0,0,0,1,,,,1,49.368,149.514,-2.799
3,Day,1,U_Red_R,Practice,222.708,125.347,5.911,0.868,1756.941,,47.891,70.084,,,-1,0,0,0,1,,,,1,49.368,149.514,-2.799
3,Day,1,U_Red_R,Practice,222.808,125.448,5.911,0.868,1756.941,,47.891,70.084,,,-1,0,0,0,1,,,,1,49.368,149.514,-2.799
3,Day,1,U_Red_R,Practice,222.908,125.547,5.911,0.868,1756.941,,47.891,70.084,,,-1,0,0,0,1,,,,1,49.368,149.514,-2.799
3,Day,1,U_Red_R,Practice,223.008,125.647,5.911,0.868,1756.941,,47.891,70.084,,,-1,0,0,0,1,,,,1,49.368,149.514,-2.799
3,Day,1,U_Red_R,Practice,223.108,125.748,5.911,0.868,1756.941,,47.891,70.084,,,-1,0,0,0,1,,,,1,49.368,149.514,-2.799
3,Day,1,U_Red_R,Practice,223.208,125.848,5.911,0.868,1756.941,,47.891,70.084,,,-1,0,0,0,1,,,,1,49.368,149.514,-2.799
3,Day,1,U_Red_R,Practice,223.308,125.947,5.911,0.868,1756.941,,47.891,70.084,,,-1,0,0,0,1,,,,1,49.368,149.514,-2.799
3,Day,1,U_Red_R,Practice,223.408,126.047,5.911,0.868,1756.941,,47.891,70.084,,,-1,0,0,0,1,,,,1,49.368,149.514,-2.799
3,Day,1,U_Red_R,Practice,223.525,126.164,5.911,0.868,1756.941,,47.891,70.084,,,-1,0,0,0,1,,,,1,49.368,149.514,-2.799
3,Day,1,U_Red_R,Practice,223.608,126.247,5.911,0.868,1756.941,,47.891,70.084,,,-1,0,0,0,1,,,,1,49.368,149.514,-2.799
3,Day,1,U_Red_R,Practice,223.708,126.347,5.911,0.868,1756.941,,47.891,70.084,,,-1,0,0,0,1,,,,1,49.368,149.514,-2.799
3,Day,1,U_Red_R,Practice,223.808,126.447,5.911,0.868,1756.941,,47.891,70.084,,,-1,0,0,0,1,,,,1,49.368,149.514,-2.799
3,Day,1,U_Red_R,Practice,223.908,126.547,5.911,0.868,1756.941,,47.891,70.084,,,-1,0,0,0,1,,,,1,49.368,149.514,-2.799
3,Day,1,U_Red_R,Practice,224.008,126.647,5.911,0.868,1756.941,,47.891,70.084,,,-1,0,0,0,1,,,,1,49.368,149.514,-2.799
3,Day,1,U_Red_R,Practice,224.108,126.748,5.911,0.868,1756.941,,47.891,70.084,,,-1,0,0,0,1,,,,1,49.368,149.514,-2.799
3,Day,1,U_Red_R,Practice,224.218,126.857,5.911,0.868,1756.941,,47.891,70.084,,,-1,0,0,0,1,,,,1,49.368,149.514,-2.799
3,Day,1,U_Red_R,Practice,224.309,126.948,5.911,0.868,1756.941,,47.891,70.084,,,-1,0,0,0,1,,,,1,49.368,149.514,-2.799
3,Day,1,U_Red_R,Practice,224.408,127.047,5.911,0.868,1756.941,,47.891,70.084,,,-1,0,0,0,1,,,,1,49.368,149.514,-2.799
3,Day,1,U_Red_R,Practice,224.508,127.148,5.911,0.868,1756.941,,47.891,70.084,,,-1,0,0,0,1,,,,1,49.368,149.514,-2.799
3,Day,1,U_Red_R,Practice,224.608,127.247,5.911,0.868,1756.941,,47.891,70.084,,,-1,0,0,0,1,,,,1,49.368,149.514,-2.799
3,Day,1,U_Red_R,Practice,224.708,127.347,5.911,0.868,1756.941,,47.891,70.084,,,-1,0,0,0,1,,,,1,49.368,149.514,-2.799
3,Day,1,U_Red_R,Practice,224.808,127.447,5.911,0.868,1756.941,,47.891,70.084,,,-1,0,0,0,1,,,,1,49.368,149.514,-2.799
3,Day,1,U_Red_R,Practice,224.908,127.547,5.911,0.868,1756.941,,47.891,70.084,,,-1,0,0,0,1,,,,1,49.368,149.514,-2.799
3,Day,1,U_Red_R,Practice,225.008,127.647,5.911,0.868,1756.941,,47.891,70.084,,,-1,0,0,0,1,,,,1,49.368,149.514,-2.799
3,Day,1,U_Red_R,Practice,225.108,127.747,5.911,0.868,1756.941,,47.891,70.084,,,-1,0,0,0,1,,,,1,49.368,149.514,-2.799
3,Day,1,U_Red_R,Practice,225.208,127.847,5.911,0.868,1756.941,,47.891,70.084,,,-1,0,0,0,1,,,,1,49.368,149.514,-2.799
3,Day,1,U_Red_R,Practice,225.308,127.947,5.911,0.868,1756.941,,47.891,70.084,,,-1,0,0,0,1,,,,1,49.368,149.514,-2.799
3,Day,1,U_Red_R,Practice,225.408,128.047,5.911,0.868,1756.941,,47.891,70.084,,,-1,0,0,0,1,,,,1,49.368,149.514,-2.799
3,Day,1,U_Red_R,Practice,225.508,128.147,5.911,0.868,1756.941,,47.891,70.084,,,-1,0,0,0,1,,,,1,49.368,149.514,-2.799
3,Day,1,U_Red_R,Practice,225.608,128.247,5.911,0.868,1756.941,,47.891,70.084,,,-1,0,0,0,1,,,,1,49.368,149.514,-2.799
3,Day,1,U_Red_R,Practice,225.708,128.347,5.911,0.868,1756.941,,47.891,70.084,,,-1,0,0,0,1,,,,1,49.368,149.514,-2.799
3,Day,1,U_Red_R,Practice,225.808,128.447,5.911,0.868,1756.941,,47.891,70.084,,,-1,0,0,0,1,,,,1,49.368,149.514,-2.799
3,Day,1,U_Red_R,Practice,225.908,128.547,5.911,0.868,1756.941,,47.891,70.084,,,-1,0,0,0,1,,,,1,49.368,149.514,-2.799
3,Day,1,U_Red_R,Practice,226.008,128.647,5.911,0.868,1756.941,,47.891,70.084,,,-1,0,0,0,1,,,,1,49.368,149.514,-2.799
3,Day,1,U_Red_R,Practice,226.108,128.748,5.911,0.868,1756.941,,47.891,70.084,,,-1,0,0,0,1,,,,1,49.368,149.514,-2.799
3,Day,1,U_Red_R,Practice,226.208,128.847,5.911,0.868,1756.941,,47.891,70.084,,,-1,0,0,0,1,,,,1,49.368,149.514,-2.799
3,Day,1,U_Red_R,Practice,226.308,128.947,5.911,0.868,1756.941,,47.891,70.084,,,-1,0,0,0,1,,,,1,49.368,149.514,-2.799
3,Day,1,U_Red_R,Practice,226.408,129.047,5.911,0.868,1756.941,,47.891,70.084,,,-1,0,0,0,1,,,,1,49.368,149.514,-2.799
3,Day,1,U_Red_R,Practice,226.508,129.147,5.911,0.868,1756.941,,47.891,70.084,,,-1,0,0,0,1,,,,1,49.368,149.514,-2.799
3,Day,1,U_Red_R,Practice,226.608,129.247,5.911,0.868,1756.941,,47.891,70.084,,,-1,0,0,0,1,,,,1,49.368,149.514,-2.799
3,Day,1,U_Red_R,Practice,226.708,129.347,5.911,0.868,1756.941,,47.891,70.084,,,-1,0,0,0,1,,,,1,49.368,149.514,-2.799
3,Day,1,U_Red_R,Practice,226.808,129.447,5.911,0.868,1756.941,,47.891,70.084,,,-1,0,0,0,1,,,,1,49.368,149.514,-2.799
3,Day,1,U_Red_R,Practice,226.925,129.564,5.911,0.868,1756.941,,47.891,70.084,,,-1,0,0,0,1,,,,1,49.368,149.514,-2.799
3,Day,1,U_Red_R,Practice,227.008,129.647,5.911,0.868,1756.941,,47.891,70.084,,,-1,0,0,0,1,,,,1,49.368,149.514,-2.799
3,Day,1,U_Red_R,Practice,227.124,129.764,5.911,0.868,1756.941,,47.891,70.084,,,-1,0,0,0,1,,,,1,49.368,149.514,-2.799
3,Day,1,U_Red_R,Practice,227.208,129.847,5.911,0.868,1756.941,,47.891,70.084,,,-1,0,0,0,1,,,,1,49.368,149.514,-2.799
3,Day,1,U_Red_R,Practice,227.226,129.865,5.911,0.868,1756.941,,47.891,70.084,Red,1,59.781,0,0,0,1,,,,1,49.368,149.514,-2.799
3,Day,1,U_Red_R,Practice,227.308,129.947,5.911,0.868,1756.941,,47.891,70.084,Red,1,59.781,0,0,0,1,,,,1,49.368,149.514,-2.799
3,Day,1,U_Red_R,Practice,227.407,130.047,5.911,0.868,1756.941,,47.891,70.084,Red,1,59.781,0,0,0,1,,,,1,49.368,149.514,-2.799
3,Day,1,U_Red_R,Practice,227.508,130.147,5.911,0.868,1756.941,,47.891,70.084,Red,1,59.781,0,0,0,1,,,,1,49.368,149.514,-2.799
3,Day,1,U_Red_R,Practice,227.608,130.247,5.911,0.868,1756.941,,47.891,70.084,Red,1,59.781,0,0,0,1,,,,1,49.368,149.514,-2.799
3,Day,1,U_Red_R,Practice,227.708,130.347,5.911,0.868,1756.941,,47.891,70.084,Red,1,59.781,0,0,0,1,,,,1,49.368,149.514,-2.799
3,Day,1,U_Red_R,Practice,227.809,130.449,5.911,0.868,1756.941,,47.891,70.084,Red,1,59.781,0,0,0,1,,,,1,49.368,149.514,-2.799
3,Day,1,U_Red_R,Practice,227.909,130.549,5.911,0.868,1756.941,,47.891,70.084,Red,1,59.781,0,0,0,1,,,,1,49.368,149.514,-2.799
3,Day,1,U_Red_R,Practice,228.008,130.647,5.911,0.868,1756.941,,47.891,70.084,Red,1,59.781,0,0,0,1,,,,1,49.368,149.514,-2.799
3,Day,1,U_Red_R,Practice,228.108,130.747,5.911,0.868,1756.941,,47.891,70.084,Red,1,59.781,0,0,0,1,,,,1,49.368,149.514,-2.799
3,Day,1,U_Red_R,Practice,228.208,130.847,5.911,0.868,1756.941,,47.891,70.084,Red,1,59.781,0,0,0,1,,,,1,49.368,149.514,-2.799
3,Day,1,U_Red_R,Practice,228.309,130.949,5.911,0.868,1756.941,,47.891,70.084,Red,1,59.781,0,0,0,1,,,,1,49.368,149.514,-2.799
3,Day,1,U_Red_R,Practice,228.41,131.049,5.911,0.868,1756.941,,47.891,70.084,Red,1,59.781,0,0,0,1,,,,1,49.368,149.514,-2.799
3,Day,1,U_Red_R,Practice,228.509,131.149,5.911,0.868,1756.941,,47.891,70.084,Red,1,59.781,0,0,0,1,,,,1,49.368,149.514,-2.799
3,Day,1,U_Red_R,Practice,228.61,131.249,5.911,0.868,1756.941,,47.891,70.084,Red,1,59.781,0,0,0,1,,,,1,49.368,149.514,-2.799
3,Day,1,U_Red_R,Practice,228.708,131.347,5.911,0.868,1756.941,,47.891,70.084,Red,1,59.781,0,0,0,1,,,,1,49.368,149.514,-2.799
3,Day,1,U_Red_R,Practice,228.808,131.447,5.911,0.868,1756.941,,47.891,70.084,Red,1,59.781,0,0,0,1,,,,1,49.368,149.514,-2.799
3,Day,1,U_Red_R,Practice,228.908,131.547,5.911,0.868,1756.941,,47.891,70.084,Red,1,59.781,0,0,0,1,,,,1,49.368,149.514,-2.799
3,Day,1,U_Red_R,Practice,229.007,131.647,5.911,0.868,1756.941,,47.891,70.084,Red,1,59.781,0,0,0,1,,,,1,49.368,149.514,-2.799
3,Day,1,U_Red_R,Practice,229.108,131.747,5.911,0.868,1756.941,,47.891,70.084,Red,1,59.781,0,0,0,1,,,,1,49.368,149.514,-2.799
3,Day,1,U_Red_R,Practice,229.211,131.851,5.911,0.868,1756.941,,47.891,70.084,Red,1,59.781,0,0,0,1,,,,1,49.368,149.514,-2.799
3,Day,1,U_Red_R,Practice,229.308,131.947,5.911,0.868,1756.941,,47.891,70.084,Red,1,59.781,0,0,0,1,,,,1,49.368,149.514,-2.799
3,Day,1,U_Red_R,Practice,229.408,132.047,5.911,0.868,1756.941,,47.891,70.084,Red,1,59.781,0,0,0,1,,,,1,49.368,149.514,-2.799
3,Day,1,U_Red_R,Practice,229.507,132.147,5.911,0.868,1756.941,,47.891,70.084,Red,1,59.781,0,0,0,1,,,,1,49.368,149.514,-2.799
3,Day,1,U_Red_R,Practice,229.608,132.247,5.911,0.868,1756.941,,47.891,70.084,Red,1,59.781,0,0,0,1,,,,1,49.368,149.514,-2.799
3,Day,1,U_Red_R,Practice,229.708,132.347,5.911,0.868,1756.941,,47.891,70.084,Red,1,59.781,0,0,0,1,,,,1,49.368,149.514,-2.799
3,Day,1,U_Red_R,Practice,229.807,132.447,5.911,0.868,1756.941,,47.891,70.084,Red,1,59.781,0,0,0,1,,,,1,49.368,149.514,-2.799
3,Day,1,U_Red_R,Practice,229.908,132.547,5.911,0.868,1756.941,,47.891,70.084,Red,1,59.781,0,0,0,1,,,,1,49.368,149.514,-2.799
3,Day,1,U_Red_R,Practice,230.008,132.647,5.911,0.868,1756.941,,47.891,70.084,Red,1,59.781,0,0,0,1,,,,1,49.368,149.514,-2.799
3,Day,1,U_Red_R,Practice,230.107,132.747,5.911,0.868,1756.941,,47.891,70.084,Red,1,59.781,0,0,0,1,,,,1,49.368,149.514,-2.799
3,Day,1,U_Red_R,Practice,230.207,132.847,5.911,0.868,1756.941,,47.891,70.084,Red,1,59.781,0,0,0,1,,,,1,49.368,149.514,-2.799
3,Day,1,U_Red_R,Practice,230.308,132.947,5.911,0.868,1756.941,,47.891,70.084,Red,1,59.781,0,0,0,1,,,,1,49.368,149.514,-2.799
3,Day,1,U_Red_R,Practice,230.407,133.047,5.911,0.868,1756.941,,47.891,70.084,Red,1,59.781,0,0,0,1,,,,1,49.368,149.514,-2.799
3,Day,1,U_Red_R,Practice,230.507,133.147,5.911,0.868,1756.941,,47.891,70.084,Red,1,59.781,0,0,0,1,,,,1,49.368,149.514,-2.799
3,Day,1,U_Red_R,Practice,230.607,133.247,5.911,0.868,1756.941,,47.891,70.084,Red,1,59.781,0,0,0,1,,,,1,49.368,149.514,-2.799
3,Day,1,U_Red_R,Practice,230.707,133.347,5.911,0.868,1756.941,,47.891,70.084,Red,1,59.781,0,0,0,1,,,,1,49.368,149.514,-2.799
3,Day,1,U_Red_R,Practice,230.807,133.447,5.911,0.868,1756.941,,47.891,70.084,Red,1,59.781,0,0,0,1,,,,1,49.368,149.514,-2.799
3,Day,1,U_Red_R,Practice,230.908,133.547,5.911,0.868,1756.941,,47.891,70.084,Red,1,59.781,0,0,0,1,,,,1,49.368,149.514,-2.799
3,Day,1,U_Red_R,Practice,231.008,133.647,5.911,0.868,1756.941,,47.891,70.084,Red,1,59.781,0,0,0,1,,,,1,49.368,149.514,-2.799
3,Day,1,U_Red_R,Practice,231.107,133.747,5.911,0.868,1756.941,,47.891,70.084,Red,1,59.781,0,0,0,1,,,,1,49.368,149.514,-2.799
3,Day,1,U_Red_R,Practice,231.207,133.847,5.911,0.868,1756.941,,47.891,70.084,Red,1,59.781,0,0,0,1,,,,1,49.368,149.514,-2.799
3,Day,1,U_Red_R,Practice,231.308,133.947,5.911,0.868,1756.941,,47.891,70.084,Red,1,59.781,0,0,0,1,,,,1,49.368,149.514,-2.799
3,Day,1,U_Red_R,Practice,231.407,134.047,5.911,0.868,1756.941,,47.891,70.084,Red,1,59.781,0,0,0,1,,,,1,49.368,149.514,-2.799
3,Day,1,U_Red_R,Practice,231.507,134.147,5.911,0.868,1756.941,,47.891,70.084,Red,1,59.781,0,0,0,1,,,,1,49.368,149.514,-2.799
3,Day,1,U_Red_R,Practice,231.624,134.264,5.911,0.868,1756.941,,47.891,70.084,Red,1,59.781,0,0,0,1,,,,1,49.368,149.514,-2.799
3,Day,1,U_Red_R,Practice,231.708,134.347,5.911,0.868,1756.941,,47.891,70.084,Red,1,59.781,0,0,0,1,,,,1,49.368,149.514,-2.799
3,Day,1,U_Red_R,Practice,231.807,134.447,5.911,0.868,1756.941,,47.891,70.084,Red,1,59.781,0,0,0,1,,,,1,49.368,149.514,-2.799
3,Day,1,U_Red_R,Practice,231.908,134.547,5.911,0.868,1756.941,,47.891,70.084,Red,1,59.781,0,0,0,1,,,,1,49.368,149.514,-2.799
3,Day,1,U_Red_R,Practice,232.008,134.647,5.911,0.868,1756.941,,47.891,70.084,Red,1,59.781,0,0,0,1,,,,1,49.368,149.514,-2.799
3,Day,1,U_Red_R,Practice,232.107,134.747,5.911,0.868,1756.941,,47.891,70.084,Red,1,59.781,0,0,0,1,,,,1,49.368,149.514,-2.799
3,Day,1,U_Red_R,Practice,232.208,134.847,5.911,0.868,1756.941,,47.891,70.084,Red,1,59.781,0,0,0,1,,,,1,49.368,149.514,-2.799
3,Day,2,SubBlock,Practice,232.407,0.142,,,,,47.891,-1,,,-1,0,0,0,0,,,,0,,,
3,Day,2,SubBlock,Practice,232.424,0.159,,,,,47.891,-1,,,-1,0,0,0,0,,,,0,,,
3,Day,2,SubBlock,Practice,232.507,0.242,,,,,47.891,-1,,,-1,0,0,0,0,,,,0,,,
3,Day,2,SubBlock,Practice,232.608,0.342,,,,,47.891,-1,,,-1,0,0,0,0,,,,0,,,
3,Day,2,SubBlock,Practice,232.707,0.442,,,,,47.891,-1,,,-1,0,0,0,0,,,,0,,,
3,Day,2,SubBlock,Practice,232.808,0.543,,,,,47.891,-1,,,-1,0,0,0,0,,,,0,,,
3,Day,2,SubBlock,Practice,232.907,0.642,,,,,47.891,-1,,,-1,0,0,0,0,,,,0,,,
3,Day,2,SubBlock,Practice,233.007,0.742,,,,,47.891,-1,,,-1,0,0,0,0,,,,0,,,
3,Day,2,SubBlock,Practice,233.107,0.842,,,,,47.891,-1,,,-1,0,0,0,0,,,,0,,,
3,Day,2,SubBlock,Practice,233.208,0.943,,,,,47.891,-1,,,-1,0,0,0,0,,,,0,,,
3,Day,2,SubBlock,Practice,233.308,1.042,,,,,47.891,-1,,,-1,0,0,0,0,,,,0,,,
3,Day,2,SubBlock,Practice,233.407,1.142,,,,,47.891,-1,,,-1,0,0,0,0,,,,0,,,
3,Day,2,SubBlock,Practice,233.507,1.242,,,,,47.891,-1,,,-1,0,0,0,0,,,,0,,,
3,Day,2,SubBlock,Practice,233.608,1.342,,,,,47.891,-1,,,-1,0,0,0,0,,,,0,,,
3,Day,2,SubBlock,Practice,233.708,1.442,,,,,47.891,-1,,,-1,0,0,0,0,,,,0,,,
3,Day,2,SubBlock,Practice,233.807,1.542,,,,,47.891,-1,,,-1,0,0,0,0,,,,0,,,
3,Day,2,SubBlock,Practice,233.909,1.643,,,,,47.891,-1,,,-1,0,0,0,0,,,,0,,,
3,Day,2,SubBlock,Practice,234.008,1.743,,,,,47.891,-1,,,-1,0,0,0,0,,,,0,,,
3,Day,2,SubBlock,Practice,234.108,1.842,,,,,47.891,-1,,,-1,0,0,0,0,,,,0,,,
3,Day,2,SubBlock,Practice,234.208,1.943,,,,,47.891,-1,,,-1,0,0,0,0,,,,0,,,
3,Day,2,SubBlock,Practice,234.308,2.043,,,,,47.891,-1,,,-1,0,0,0,0,,,,0,,,
3,Day,2,SubBlock,Practice,234.408,2.143,,,,,47.891,-1,,,-1,0,0,0,0,,,,0,,,
3,Day,2,SubBlock,Practice,234.508,2.243,,,,,47.891,-1,,,-1,0,0,0,0,,,,0,,,
3,Day,2,SubBlock,Practice,234.607,2.342,,,,,47.891,-1,,,-1,0,0,0,0,,,,0,,,
3,Day,2,SubBlock,Practice,234.707,2.442,,,,,47.891,-1,,,-1,0,0,0,0,,,,0,,,
3,Day,2,SubBlock,Practice,234.807,2.542,,,,,47.891,-1,,,-1,0,0,0,0,,,,0,,,
3,Day,2,SubBlock,Practice,234.908,2.643,,,,,47.891,-1,,,-1,0,0,0,0,,,,0,,,
3,Day,2,SubBlock,Practice,235.007,2.742,,,,,47.891,-1,,,-1,0,0,0,0,,,,0,,,
3,Day,2,SubBlock,Practice,235.108,2.843,,,,,47.891,-1,,,-1,0,0,0,0,,,,0,,,
3,Day,2,SubBlock,Practice,235.207,2.942,,,,,47.891,-1,,,-1,0,0,0,0,,,,0,,,
3,Day,2,SubBlock,Practice,235.308,3.042,,,,,47.891,-1,,,-1,0,0,0,0,,,,0,,,
3,Day,2,SubBlock,Practice,235.408,3.142,,,,,47.891,-1,,,-1,0,0,0,0,,,,0,,,
3,Day,2,SubBlock,Practice,235.508,3.242,,,,,47.891,-1,,,-1,0,0,0,0,,,,0,,,
3,Day,2,SubBlock,Practice,235.608,3.342,,,,,47.891,-1,,,-1,0,0,0,0,,,,0,,,
3,Day,2,SubBlock,Practice,235.708,3.443,,,,,47.891,-1,,,-1,0,0,0,0,,,,0,,,
3,Day,2,SubBlock,Practice,235.808,3.542,,,,,47.891,-1,,,-1,0,0,0,0,,,,0,,,
3,Day,2,SubBlock,Practice,235.907,3.642,,,,,47.891,-1,,,-1,0,0,0,0,,,,0,,,
3,Day,2,SubBlock,Practice,236.007,3.742,,,,,47.891,-1,,,-1,0,0,0,0,,,,0,,,
3,Day,2,SubBlock,Practice,236.107,3.842,,,,,47.891,-1,,,-1,0,0,0,0,,,,0,,,
3,Day,2,SubBlock,Practice,236.207,3.942,,,,,47.891,-1,,,-1,0,0,0,0,,,,0,,,
3,Day,2,SubBlock,Practice,236.308,4.042,,,,,47.891,-1,,,-1,0,0,0,0,,,,0,,,
3,Day,2,SubBlock,Practice,236.408,4.142,,,,,47.891,-1,,,-1,0,0,0,0,,,,0,,,
3,Day,2,SubBlock,Practice,236.509,4.243,,,,,47.891,-1,,,-1,0,0,0,0,,,,0,,,
3,Day,2,SubBlock,Practice,236.607,4.342,,,,,47.891,-1,,,-1,0,0,0,0,,,,0,,,
3,Day,2,SubBlock,Practice,236.707,4.442,,,,,47.891,-1,,,-1,0,0,0,0,,,,0,,,
3,Day,2,SubBlock,Practice,236.807,4.542,,,,,47.891,-1,,,-1,0,0,0,0,,,,0,,,
3,Day,2,SubBlock,Practice,236.907,4.642,,,,,47.891,-1,,,-1,0,0,0,0,,,,0,,,
3,Day,2,SubBlock,Practice,237.007,4.742,,,,,47.891,-1,,,-1,0,0,0,0,,,,0,,,
3,Day,2,SubBlock,Practice,237.108,4.842,,,,,47.891,-1,,,-1,0,0,0,0,,,,0,,,
3,Day,2,SubBlock,Practice,237.207,4.942,,,,,47.891,-1,,,-1,0,0,0,0,,,,0,,,
3,Day,2,SubBlock,Practice,237.308,5.042,,,,,47.891,-1,,,-1,0,0,0,0,,,,0,,,
3,Day,2,SubBlock,Practice,237.407,5.142,,,,,47.891,-1,,,-1,0,0,0,0,,,,0,,,
3,Day,2,SubBlock,Practice,237.508,5.242,,,,,47.891,-1,,,-1,0,0,0,0,,,,0,,,
3,Day,2,SubBlock,Practice,237.607,5.342,,,,,47.891,-1,,,-1,0,0,0,0,,,,0,,,
3,Day,2,SubBlock,Practice,237.707,5.442,,,,,47.891,-1,,,-1,0,0,0,0,,,,0,,,
3,Day,2,SubBlock,Practice,237.807,5.542,,,,,47.891,-1,,,-1,0,0,0,0,,,,0,,,
3,Day,2,SubBlock,Practice,237.907,5.642,,,,,47.891,-1,,,-1,0,0,0,0,,,,0,,,
3,Day,2,SubBlock,Practice,238.007,5.742,,,,,47.891,-1,,,-1,0,0,0,0,,,,0,,,
3,Day,2,SubBlock,Practice,238.107,5.842,,,,,47.891,-1,,,-1,0,0,0,0,,,,0,,,
3,Day,2,SubBlock,Practice,238.208,5.943,,,,,47.891,-1,,,-1,0,0,0,0,,,,0,,,
3,Day,2,SubBlock,Practice,238.308,6.042,,,,,47.891,-1,,,-1,0,0,0,0,,,,0,,,
3,Day,2,SubBlock,Practice,238.407,6.142,,,,,47.891,-1,,,-1,0,0,0,0,,,,0,,,
3,Day,2,SubBlock,Practice,238.507,6.242,,,,,47.891,-1,,,-1,0,0,0,0,,,,0,,,
3,Day,2,SubBlock,Practice,238.607,6.342,,,,,47.891,-1,,,-1,0,0,0,0,,,,0,,,
3,Day,2,SubBlock,Practice,238.708,6.443,,,,,47.891,-1,,,-1,0,0,0,0,,,,0,,,
3,Day,2,SubBlock,Practice,238.808,6.543,,,,,47.891,-1,,,-1,0,0,0,0,,,,0,,,
3,Day,2,SubBlock,Practice,238.907,6.642,,,,,47.891,-1,,,-1,0,0,0,0,,,,0,,,
3,Day,2,SubBlock,Practice,239.007,6.742,,,,,47.891,-1,,,-1,0,0,0,0,,,,0,,,
3,Day,2,SubBlock,Practice,239.107,6.842,,,,,47.891,-1,,,-1,0,0,0,0,,,,0,,,
3,Day,2,SubBlock,Practice,239.207,6.942,,,,,47.891,-1,,,-1,0,0,0,0,,,,0,,,
3,Day,2,SubBlock,Practice,239.308,7.042,,,,,47.891,-1,,,-1,0,0,0,0,,,,0,,,
3,Day,2,SubBlock,Practice,239.407,7.142,,,,,47.891,-1,,,-1,0,0,0,0,,,,0,,,
3,Day,2,SubBlock,Practice,239.507,7.242,,,,,47.891,-1,,,-1,0,0,0,0,,,,0,,,
3,Day,2,SubBlock,Practice,239.608,7.342,,,,,47.891,-1,,,-1,0,0,0,0,,,,0,,,
3,Day,2,SubBlock,Practice,239.707,7.442,,,,,47.891,-1,,,-1,0,0,0,0,,,,0,,,
3,Day,2,U_Red_R,Practice,240.16,7.895,0,1.096,-0.002,,0.731,-1,,,-1,0,0,0,0,,,,0,,,
3,Day,2,U_Red_R,Practice,240.193,7.927,0,1.081,-0.002,,1.463,-1,,,-1,0,0,0,0,,,,0,,,
3,Day,2,U_Red_R,Practice,240.242,7.977,0,1.038,-0.002,,2.56,-1,,,-1,0,0,0,0,,,,0,,,
3,Day,2,U_Red_R,Practice,240.275,8.01,0,0.996,-0.002,,3.292,-1,,,-1,0,0,0,0,,,,0,,,
3,Day,2,U_Red_R,Practice,240.31,8.045,0,0.943,-0.002,,4.023,-1,,,-1,0,0,0,0,,,,0,,,
3,Day,2,U_Red_R,Practice,240.344,8.078,0,0.88,-0.002,,3.823,-1,,,-1,0,0,0,0,,,,0,,,
3,Day,2,U_Red_R,Practice,240.425,8.16,0,0.844,-0.002,,0.131,-1,,,-1,0,0,0,0,,,,0,,,
3,Day,2,U_Red_R,Practice,240.543,8.277,0,0.855,-0.002,,0.23,-1,,,-1,0,0,0,0,,,,0,,,
3,Day,2,U_Red_R,Practice,240.626,8.361,0,0.863,-0.002,,0.176,-1,,,-1,0,0,0,0,,,,0,,,
3,Day,2,U_Red_R,Practice,240.726,8.461,0,0.869,-0.002,,0.081,-1,,,-1,0,0,0,0,,,,0,,,
3,Day,2,U_Red_R,Practice,240.809,8.544,0,0.87,-0.002,,0.018,-1,,,-1,0,0,0,0,,,,0,,,
3,Day,2,U_Red_R,Practice,240.925,8.66,0,0.87,-0.002,,0.024,-1,,,-1,0,0,0,0,,,,0,,,
3,Day,2,U_Red_R,Practice,241.027,8.761,0,0.869,-0.002,,0.027,-1,,,-1,0,0,0,0,,,,0,,,
3,Day,2,U_Red_R,Practice,241.109,8.844,0,0.868,-0.002,,0.019,-1,,,-1,0,0,0,0,,,,0,,,
3,Day,2,U_Red_R,Practice,241.226,8.961,0,0.867,0.006,,0.543,-1,,,-1,0,0,0,0,,,,0,,,
3,Day,2,U_Red_R,Practice,241.328,9.063,0,0.867,0.045,,1.234,-1,,,-1,0,0,0,0,,,,0,,,
3,Day,2,U_Red_R,Practice,241.409,9.144,0,0.867,0.1,,1.79,-1,,,-1,0,0,0,0,,,,0,,,
3,Day,2,U_Red_R,Practice,241.527,9.262,0,0.868,0.213,,2.574,-1,,,-1,0,0,0,0,,,,0,,,
3,Day,2,U_Red_R,Practice,241.627,9.362,0,0.868,0.341,,3.246,-1,,,-1,0,0,0,0,,,,0,,,
3,Day,2,U_Red_R,Practice,241.726,9.46,0,0.868,0.5,,3.918,-1,,,-1,0,0,0,0,,,,0,,,
3,Day,2,U_Red_R,Practice,241.812,9.546,0,0.868,0.655,,4.478,-1,,,-1,0,0,0,0,,,,0,,,
3,Day,2,U_Red_R,Practice,241.926,9.661,0,0.868,0.908,,5.262,-1,,,-1,0,0,0,0,,,,0,,,
3,Day,2,U_Red_R,Practice,242.01,9.745,0,0.868,1.113,,5.822,-1,,,-1,0,0,0,0,,,,0,,,
3,Day,2,U_Red_R,Practice,242.108,9.843,0,0.868,1.393,,6.493,-1,,,-1,0,0,0,0,,,,0,,,
3,Day,2,U_Red_R,Practice,242.208,9.943,0,0.868,1.698,,7.165,-1,,,-1,0,0,0,0,,,,0,,,
3,Day,2,U_Red_R,Practice,242.312,10.046,0,0.868,2.032,,7.836,-1,,,-1,0,0,0,0,,,,0,,,
3,Day,2,U_Red_R,Practice,242.409,10.144,0,0.868,2.396,,8.507,-1,,,-1,0,0,0,0,,,,0,,,
3,Day,2,U_Red_R,Practice,242.508,10.243,0,0.868,2.79,,9.178,-1,,,-1,0,0,0,0,,,,0,,,
3,Day,2,U_Red_R,Practice,242.608,10.343,0,0.868,3.214,,9.849,-1,,,-1,0,0,0,0,,,,0,,,
3,Day,2,U_Red_R,Practice,242.708,10.443,0,0.868,3.668,,10.519,-1,,,-1,0,0,0,0,,,,0,,,
3,Day,2,U_Red_R,Practice,242.808,10.543,0,0.868,4.152,,11.19,-1,,,-1,0,0,0,0,,,,0,,,
3,Day,2,U_Red_R,Practice,242.91,10.644,0,0.868,4.666,,11.863,-1,,,-1,0,0,0,0,,,,0,,,
3,Day,2,U_Red_R,Practice,243.009,10.744,0,0.869,5.21,,12.533,-1,,,-1,0,0,0,0,,,,0,,,
3,Day,2,U_Red_R,Practice,243.108,10.843,0,0.868,5.784,,13.204,-1,,,-1,0,0,0,0,,,,0,,,
3,Day,2,U_Red_R,Practice,243.208,10.943,0,0.868,6.387,,13.873,-1,,,-1,0,0,0,0,,,,0,,,
3,Day,2,U_Red_R,Practice,243.31,11.044,0,0.868,7.021,,14.543,-1,,,-1,0,0,0,0,,,,0,,,
3,Day,2,U_Red_R,Practice,243.409,11.143,0,0.868,7.684,,15.213,-1,,,-1,0,0,0,0,,,,0,,,
3,Day,2,U_Red_R,Practice,243.51,11.244,0,0.868,8.378,,15.882,-1,,,-1,0,0,0,0,,,,0,,,
3,Day,2,U_Red_R,Practice,243.608,11.343,0,0.868,9.101,,16.551,-1,,,-1,0,0,0,0,,,,0,,,
3,Day,2,U_Red_R,Practice,243.708,11.443,0,0.868,9.854,,17.22,-1,,,-1,0,0,0,0,,,,0,,,
3,Day,2,U_Red_R,Practice,243.809,11.544,0,0.868,10.637,,17.889,-1,,,-1,0,0,0,0,,,,0,,,
3,Day,2,U_Red_R,Practice,243.908,11.643,0,0.868,11.449,,18.557,-1,,,-1,0,0,0,0,,,,0,,,
3,Day,2,U_Red_R,Practice,244.008,11.743,-0.001,0.868,12.292,,19.226,-1,,,-1,0,0,0,0,,,,0,,,
3,Day,2,U_Red_R,Practice,244.109,11.844,-0.001,0.868,13.164,,19.894,-1,,,-1,0,0,0,0,,,,0,,,
3,Day,2,U_Red_R,Practice,244.207,11.942,-0.001,0.868,14.066,,20.563,-1,,,-1,0,0,0,0,,,,0,,,
3,Day,2,U_Red_R,Practice,244.308,12.043,-0.001,0.868,15.001,,21.231,-1,,,-1,0,0,0,0,,,,0,,,
3,Day,2,U_Red_R,Practice,244.408,12.143,-0.001,0.868,15.963,,21.898,-1,,,-1,0,0,0,0,,,,0,,,
3,Day,2,U_Red_R,Practice,244.508,12.243,-0.002,0.868,16.953,,22.566,-1,,,-1,0,0,0,0,,,,0,,,
3,Day,2,U_Red_R,Practice,244.609,12.343,-0.002,0.868,17.975,,23.234,-1,,,-1,0,0,0,0,,,,0,,,
3,Day,2,U_Red_R,Practice,244.708,12.443,-0.002,0.868,19.031,,23.901,-1,,,-1,0,0,0,0,,,,0,,,
3,Day,2,U_Red_R,Practice,244.808,12.543,-0.002,0.868,20.112,,24.568,-1,,,-1,0,0,0,0,,,,0,,,
3,Day,2,U_Red_R,Practice,244.908,12.643,-0.003,0.868,21.222,,25.235,-1,,,-1,0,0,0,0,,,,0,,,
3,Day,2,U_Red_R,Practice,245.008,12.743,-0.003,0.868,22.363,,25.902,-1,,,-1,0,0,0,0,,,,0,,,
3,Day,2,U_Red_R,Practice,245.109,12.844,-0.003,0.868,23.535,,26.569,-1,,,-1,0,0,0,0,,,,0,,,
3,Day,2,U_Red_R,Practice,245.224,12.959,-0.004,0.868,24.939,,27.347,-1,,,-1,0,0,0,0,,,,0,,,
3,Day,2,U_Red_R,Practice,245.325,13.06,-0.004,0.868,26.175,,28.013,-1,,,-1,0,0,0,0,,,,0,,,
3,Day,2,U_Red_R,Practice,245.425,13.16,-0.005,0.868,27.441,,28.679,-1,,,-1,0,0,0,0,,,,0,,,
3,Day,2,U_Red_R,Practice,245.525,13.26,-0.006,0.868,28.736,,29.345,-1,,,-1,0,0,0,0,,,,0,,,
3,Day,2,U_Red_R,Practice,245.624,13.359,-0.006,0.868,30.062,,30.011,-1,,,-1,0,0,0,0,,,,0,,,
3,Day,2,U_Red_R,Practice,245.726,13.46,-0.007,0.868,31.417,,30.677,-1,,,-1,0,0,0,0,,,,0,,,
3,Day,2,U_Red_R,Practice,245.825,13.56,-0.007,0.868,32.801,,31.343,-1,,,-1,0,0,0,0,,,,0,,,
3,Day,2,U_Red_R,Practice,245.926,13.661,-0.008,0.868,34.216,,32.008,-1,,,-1,0,0,0,0,,,,0,,,
3,Day,2,U_Red_R,Practice,246.027,13.761,-0.009,0.868,35.661,,32.673,-1,,,-1,0,0,0,0,,,,0,,,
3,Day,2,U_Red_R,Practice,246.124,13.859,-0.01,0.868,37.134,,33.338,-1,,,-1,0,0,0,0,,,,0,,,
3,Day,2,U_Red_R,Practice,246.224,13.959,-0.011,0.868,38.639,,34.003,-1,,,-1,0,0,0,0,,,,0,,,
3,Day,2,U_Red_R,Practice,246.326,14.06,-0.012,0.868,40.172,,34.668,-1,,,-1,0,0,0,0,,,,0,,,
3,Day,2,U_Red_R,Practice,246.425,14.159,-0.013,0.868,41.735,,35.333,-1,,,-1,0,0,0,0,,,,0,,,
3,Day,2,U_Red_R,Practice,246.526,14.261,-0.014,0.868,43.328,,35.997,-1,,,-1,0,0,0,0,,,,0,,,
3,Day,2,U_Red_R,Practice,246.625,14.36,-0.015,0.868,44.951,,36.662,-1,,,-1,0,0,0,0,,,,0,,,
3,Day,2,U_Red_R,Practice,246.725,14.46,-0.016,0.868,46.603,,37.326,-1,,,-1,0,0,0,0,,,,0,,,
3,Day,2,U_Red_R,Practice,246.826,14.56,-0.017,0.868,48.286,,37.99,-1,,,-1,0,0,0,0,,,,0,,,
3,Day,2,U_Red_R,Practice,246.926,14.66,-0.019,0.868,49.997,,38.654,-1,,,-1,0,0,0,0,,,,0,,,
3,Day,2,U_Red_R,Practice,247.026,14.761,-0.02,0.868,51.738,,39.317,-1,,,-1,0,0,0,0,,,,0,,,
3,Day,2,U_Red_R,Practice,247.124,14.859,-0.021,0.868,53.509,,39.981,-1,,,-1,0,0,0,0,,,,0,,,
3,Day,2,U_Red_R,Practice,247.225,14.959,-0.023,0.868,55.311,,40.644,-1,,,-1,0,0,0,0,,,,0,,,
3,Day,2,U_Red_R,Practice,247.326,15.061,-0.025,0.868,57.14,,41.307,-1,,,-1,0,0,0,0,,,,0,,,
3,Day,2,U_Red_R,Practice,247.425,15.16,-0.026,0.868,59,,41.97,-1,,,-1,0,0,0,0,,,,0,,,
3,Day,2,U_Red_R,Practice,247.526,15.261,-0.028,0.868,60.889,,42.633,-1,,,-1,0,0,0,0,,,,0,,,
3,Day,2,U_Red_R,Practice,247.625,15.36,-0.03,0.868,62.809,,43.296,-1,,,-1,0,0,0,0,,,,0,,,
3,Day,2,U_Red_R,Practice,247.725,15.46,-0.032,0.868,64.757,,43.959,-1,,,-1,0,0,0,0,,,,0,,,
3,Day,2,U_Red_R,Practice,247.826,15.561,-0.034,0.868,66.736,,44.621,-1,,,-1,0,0,0,0,,,,0,,,
3,Day,2,U_Red_R,Practice,247.925,15.66,-0.036,0.868,68.744,,45.283,-1,,,-1,0,0,0,0,,,,0,,,
3,Day,2,U_Red_R,Practice,248.024,15.759,-0.038,0.868,70.782,,45.945,-1,,,-1,0,0,0,0,,,,0,,,
3,Day,2,U_Red_R,Practice,248.124,15.859,-0.041,0.868,72.849,,46.607,-1,,,-1,0,0,0,0,,,,0,,,
3,Day,2,U_Red_R,Practice,248.224,15.959,-0.043,0.868,74.946,,47.269,-1,,,-1,0,0,0,0,,,,0,,,
3,Day,2,U_Red_R,Practice,248.326,16.061,-0.046,0.868,77.075,,47.931,-1,,,-1,0,0,0,0,,,,0,,,
3,Day,2,U_Red_R,Practice,248.426,16.16,-0.048,0.868,79.229,,48.592,-1,,,-1,0,0,0,0,,,,0,,,
3,Day,2,U_Red_R,Practice,248.528,16.262,-0.051,0.868,81.414,,49.253,-1,,,-1,0,0,0,0,,,,0,,,
3,Day,2,U_Red_R,Practice,248.624,16.359,-0.054,0.868,83.629,,49.914,-1,,,-1,0,0,0,0,,,,0,,,
3,Day,2,U_Red_R,Practice,248.725,16.46,-0.057,0.868,85.873,,50.575,-1,,,-1,0,0,0,0,,,,0,,,
3,Day,2,U_Red_R,Practice,248.826,16.561,-0.06,0.868,88.148,,51.236,-1,,,-1,0,0,0,0,,,,0,,,
3,Day,2,U_Red_R,Practice,248.925,16.659,-0.063,0.868,90.451,,51.897,-1,,,-1,0,0,0,0,,,,0,,,
3,Day,2,U_Red_R,Practice,249.024,16.759,-0.067,0.868,92.785,,52.557,-1,,,-1,0,0,0,0,,,,0,,,
3,Day,2,U_Red_R,Practice,249.125,16.86,-0.07,0.868,95.147,,53.218,-1,,,-1,0,0,0,0,,,,0,,,
3,Day,2,U_Red_R,Practice,249.224,16.959,-0.074,0.868,97.54,,53.878,-1,,,-1,0,0,0,0,,,,0,,,
3,Day,2,U_Red_R,Practice,249.324,17.059,-0.077,0.868,99.962,,54.538,-1,,,-1,0,0,0,0,,,,0,,,
3,Day,2,U_Red_R,Practice,249.425,17.16,-0.081,0.868,102.413,,55.198,-1,,,-1,0,0,0,0,,,,0,,,
3,Day,2,U_Red_R,Practice,249.524,17.259,-0.085,0.868,104.894,,55.858,-1,,,-1,0,0,0,0,,,,0,,,
3,Day,2,U_Red_R,Practice,249.624,17.359,-0.09,0.868,107.405,,56.517,-1,,,-1,0,0,0,0,,,,0,,,
3,Day,2,U_Red_R,Practice,249.724,17.459,-0.094,0.868,109.943,,57.176,-1,,,-1,0,0,0,0,,,,0,,,
3,Day,2,U_Red_R,Practice,249.825,17.56,-0.098,0.868,112.513,,57.836,-1,,,-1,0,0,0,0,,,,0,,,
3,Day,2,U_Red_R,Practice,249.924,17.658,-0.103,0.868,115.116,,58.495,-1,,,-1,0,0,0,0,,,,0,,,
3,Day,2,U_Red_R,Practice,250.024,17.759,-0.108,0.868,117.742,,59.154,-1,,,-1,0,0,0,0,,,,0,,,
3,Day,2,U_Red_R,Practice,250.129,17.863,-0.113,0.868,120.397,,59.812,-1,,,-1,0,0,0,0,,,,0,,,
3,Day,2,U_Red_R,Practice,250.225,17.96,-0.118,0.868,123.084,,60.471,-1,,,-1,0,0,0,0,,,,0,,,
3,Day,2,U_Red_R,Practice,250.326,18.061,-0.123,0.868,125.802,,61.13,-1,,,-1,0,0,0,0,,,,0,,,
3,Day,2,U_Red_R,Practice,250.425,18.16,-0.129,0.868,128.552,,61.788,-1,,,-1,0,0,0,0,,,,0,,,
3,Day,2,U_Red_R,Practice,250.525,18.26,-0.134,0.868,131.325,,62.446,-1,,,-1,0,0,0,0,,,,0,,,
3,Day,2,U_Red_R,Practice,250.627,18.362,-0.14,0.868,134.127,,63.104,-1,,,-1,0,0,0,0,,,,0,,,
3,Day,2,U_Red_R,Practice,250.725,18.46,-0.146,0.868,136.971,,63.762,-1,,,-1,0,0,0,0,,,,0,,,
3,Day,2,U_Red_R,Practice,250.826,18.561,-0.152,0.868,139.832,,64.419,-1,,,-1,0,0,0,0,,,,0,,,
3,Day,2,U_Red_R,Practice,250.925,18.66,-0.159,0.868,142.722,,65.077,-1,,,-1,0,0,0,0,,,,0,,,
3,Day,2,U_Red_R,Practice,251.025,18.76,-0.165,0.868,145.642,,65.734,-1,,,-1,0,0,0,0,,,,0,,,
3,Day,2,U_Red_R,Practice,251.125,18.859,-0.172,0.868,148.591,,66.391,-1,,,-1,0,0,0,0,,,,0,,,
3,Day,2,U_Red_R,Practice,251.226,18.961,-0.179,0.868,151.572,,67.048,-1,,,-1,0,0,0,0,,,,0,,,
3,Day,2,U_Red_R,Practice,251.326,19.061,-0.186,0.868,154.582,,67.556,-1,,,-1,0,0,0,0,,,,0,,,
3,Day,2,U_Red_R,Practice,251.425,19.16,-0.194,0.868,157.605,,67.669,-1,,,-1,0,0,0,0,,,,0,,,
3,Day,2,U_Red_R,Practice,251.525,19.26,-0.201,0.868,160.629,,67.658,-1,,,-1,0,0,0,0,,,,0,,,
3,Day,2,U_Red_R,Practice,251.625,19.359,-0.209,0.868,163.652,,67.61,-1,,,-1,0,0,0,0,,,,0,,,
3,Day,2,U_Red_R,Practice,251.725,19.46,-0.216,0.868,166.674,,67.551,-1,,,-1,0,0,0,0,,,,0,,,
3,Day,2,U_Red_R,Practice,251.826,19.561,-0.224,0.868,169.693,,67.489,-1,,,-1,0,0,0,0,,,,0,,,
3,Day,2,U_Red_R,Practice,251.925,19.66,-0.232,0.868,172.708,,67.425,-1,,,-1,0,0,0,0,,,,0,,,
3,Day,2,U_Red_R,Practice,252.025,19.76,-0.24,0.868,175.72,,67.361,-1,,,-1,0,0,0,0,,,,0,,,
3,Day,2,U_Red_R,Practice,252.125,19.86,-0.248,0.868,178.729,,67.297,-1,,,-1,0,0,0,0,,,,0,,,
3,Day,2,U_Red_R,Practice,252.225,19.96,-0.257,0.868,181.736,,67.233,-1,,,-1,0,0,0,0,,,,0,,,
3,Day,2,U_Red_R,Practice,252.325,20.06,-0.265,0.868,184.74,,67.169,-1,,,-1,0,0,0,0,,,,0,,,
3,Day,2,U_Red_R,Practice,252.425,20.16,-0.273,0.868,187.742,,67.105,-1,,,-1,0,0,0,0,,,,0,,,
3,Day,2,U_Red_R,Practice,252.525,20.26,-0.282,0.868,190.74,,67.041,-1,,,-1,0,0,0,0,,,,0,,,
3,Day,2,U_Red_R,Practice,252.643,20.378,-0.292,0.868,194.236,,66.967,-1,,,-1,0,0,0,0,,,,0,,,
3,Day,2,U_Red_R,Practice,252.725,20.46,-0.299,0.868,196.731,,67.133,-1,,,-1,0,0,0,0,,,,0,,,
3,Day,2,U_Red_R,Practice,252.827,20.562,-0.307,0.868,199.741,,67.498,-1,,,-1,0,0,0,0,,,,0,,,
3,Day,2,U_Red_R,Practice,252.925,20.66,-0.316,0.868,202.767,,67.875,-1,,,-1,0,0,0,0,,,,0,,,
3,Day,2,U_Red_R,Practice,253.044,20.779,-0.326,0.868,206.319,,68.424,-1,,,-1,0,0,0,0,,,,0,,,
3,Day,2,U_Red_R,Practice,253.125,20.86,-0.333,0.868,208.881,,68.887,-1,,,-1,0,0,0,0,,,,0,,,
3,Day,2,U_Red_R,Practice,253.225,20.96,-0.342,0.868,211.966,,69.296,-1,,,-1,0,0,0,0,,,,0,,,
3,Day,2,U_Red_R,Practice,253.325,21.059,-0.351,0.868,215.071,,69.839,-1,,,-1,0,0,0,0,,,,0,,,
3,Day,2,U_Red_R,Practice,253.427,21.162,-0.36,0.868,218.204,,70.463,-1,,,-1,0,0,0,0,,,,0,,,
3,Day,2,U_Red_R,Practice,253.526,21.261,-0.37,0.868,221.366,,70.972,-1,,,-1,0,0,0,0,,,,0,,,
3,Day,2,U_Red_R,Practice,253.625,21.36,-0.379,0.868,224.548,,71.458,-1,,,-1,0,0,0,0,,,,0,,,
3,Day,2,U_Red_R,Practice,253.725,21.46,-0.389,0.868,227.75,,71.837,-1,,,-1,0,0,0,0,,,,0,,,
3,Day,2,U_Red_R,Practice,253.826,21.561,-0.398,0.868,230.972,,72.308,-1,,,-1,0,0,0,0,,,,0,,,
3,Day,2,U_Red_R,Practice,253.925,21.659,-0.408,0.868,234.209,,72.66,-1,,,-1,0,0,0,0,,,,0,,,
3,Day,2,U_Red_R,Practice,254.027,21.761,-0.418,0.868,237.465,,73.005,-1,,,-1,0,0,0,0,,,,0,,,
3,Day,2,U_Red_R,Practice,254.128,21.862,-0.428,0.868,240.742,,73.362,-1,,,-1,0,0,0,0,,,,0,,,
3,Day,2,U_Red_R,Practice,254.225,21.96,-0.438,0.868,244.025,,73.672,-1,,,-1,0,0,0,0,,,,0,,,
3,Day,2,U_Red_R,Practice,254.344,22.079,-0.45,0.868,247.878,,74.197,-1,,,-1,0,0,0,0,,,,0,,,
3,Day,2,U_Red_R,Practice,254.425,22.16,-0.459,0.868,250.643,,74.361,-1,,,-1,0,0,0,0,,,,0,,,
3,Day,2,U_Red_R,Practice,254.524,22.259,-0.47,0.868,253.967,,74.387,-1,,,-1,0,0,0,0,,,,0,,,
3,Day,2,U_Red_R,Practice,254.625,22.359,-0.481,0.868,257.292,,74.35,-1,,,-1,0,0,0,0,,,,0,,,
3,Day,2,U_Red_R,Practice,254.725,22.459,-0.491,0.868,260.615,,74.291,-1,,,-1,0,0,0,0,,,,0,,,
3,Day,2,U_Red_R,Practice,254.825,22.56,-0.502,0.868,263.933,,74.224,-1,,,-1,0,0,0,0,,,,0,,,
3,Day,2,U_Red_R,Practice,254.925,22.66,-0.513,0.868,267.252,,74.155,-1,,,-1,0,0,0,0,,,,0,,,
3,Day,2,U_Red_R,Practice,255.026,22.76,-0.525,0.868,270.564,,74.085,-1,,,-1,0,0,0,0,,,,0,,,
3,Day,2,U_Red_R,Practice,255.125,22.859,-0.536,0.868,273.875,,74.015,-1,,,-1,0,0,0,0,,,,0,,,
3,Day,2,U_Red_R,Practice,255.226,22.96,-0.547,0.868,277.182,,73.944,-1,,,-1,0,0,0,0,,,,0,,,
3,Day,2,U_Red_R,Practice,255.325,23.06,-0.558,0.868,280.486,,73.874,-1,,,-1,0,0,0,0,,,,0,,,
3,Day,2,U_Red_R,Practice,255.425,23.16,-0.57,0.868,283.786,,73.804,-1,,,-1,0,0,0,0,,,,0,,,
3,Day,2,U_Red_R,Practice,255.525,23.26,-0.581,0.868,287.084,,73.733,-1,,,-1,0,0,0,0,,,,0,,,
3,Day,2,U_Red_R,Practice,255.627,23.362,-0.592,0.868,290.379,,73.663,-1,,,-1,0,0,0,0,,,,0,,,
3,Day,2,U_Red_R,Practice,255.725,23.46,-0.604,0.868,293.67,,73.593,-1,,,-1,0,0,0,0,,,,0,,,
3,Day,2,U_Red_R,Practice,255.825,23.56,-0.615,0.868,296.959,,73.523,-1,,,-1,0,0,0,0,,,,0,,,
3,Day,2,U_Red_R,Practice,255.925,23.66,-0.627,0.868,300.244,,73.453,-1,,,-1,0,0,0,0,,,,0,,,
3,Day,2,U_Red_R,Practice,256.025,23.759,-0.638,0.868,303.525,,73.383,-1,,,-1,0,0,0,0,,,,0,,,
3,Day,2,U_Red_R,Practice,256.125,23.86,-0.65,0.868,306.805,,73.313,-1,,,-1,0,0,0,0,,,,0,,,
3,Day,2,U_Red_R,Practice,256.226,23.961,-0.661,0.868,310.08,,73.244,-1,,,-1,0,0,0,0,,,,0,,,
3,Day,2,U_Red_R,Practice,256.325,24.059,-0.673,0.868,313.354,,73.174,-1,,,-1,0,0,0,0,,,,0,,,
3,Day,2,U_Red_R,Practice,256.425,24.16,-0.685,0.868,316.623,,73.104,-1,,,-1,0,0,0,0,,,,0,,,
3,Day,2,U_Red_R,Practice,256.525,24.26,-0.696,0.868,319.888,,73.035,-1,,,-1,0,0,0,0,,,,0,,,
3,Day,2,U_Red_R,Practice,256.625,24.359,-0.708,0.868,323.153,,72.965,-1,,,-1,0,0,0,0,,,,0,,,
3,Day,2,U_Red_R,Practice,256.725,24.46,-0.719,0.868,326.413,,72.896,-1,,,-1,0,0,0,0,,,,0,,,
3,Day,2,U_Red_R,Practice,256.825,24.559,-0.731,0.868,329.669,,72.826,-1,,,-1,0,0,0,0,,,,0,,,
3,Day,2,U_Red_R,Practice,256.925,24.66,-0.742,0.868,332.925,,72.757,-1,,,-1,0,0,0,0,,,,0,,,
3,Day,2,U_Red_R,Practice,257.025,24.76,-0.754,0.868,336.174,,72.688,-1,,,-1,0,0,0,0,,,,0,,,
3,Day,2,U_Red_R,Practice,257.125,24.859,-0.765,0.868,339.422,,72.618,-1,,,-1,0,0,0,0,,,,0,,,
3,Day,2,U_Red_R,Practice,257.225,24.959,-0.777,0.868,342.667,,72.549,-1,,,-1,0,0,0,0,,,,0,,,
3,Day,2,U_Red_R,Practice,257.324,25.059,-0.788,0.868,345.909,,72.48,-1,,,-1,0,0,0,0,,,,0,,,
3,Day,2,U_Red_R,Practice,257.425,25.16,-0.8,0.868,349.148,,72.411,-1,,,-1,0,0,0,0,,,,0,,,
3,Day,2,U_Red_R,Practice,257.525,25.259,-0.811,0.868,352.384,,72.342,-1,,,-1,0,0,0,0,,,,0,,,
3,Day,2,U_Red_R,Practice,257.625,25.36,-0.823,0.868,355.615,,72.273,-1,,,-1,0,0,0,0,,,,0,,,
3,Day,2,U_Red_R,Practice,257.725,25.46,-0.834,0.868,358.845,,72.205,-1,,,-1,0,0,0,0,,,,0,,,
3,Day,2,U_Red_R,Practice,257.825,25.559,-0.846,0.868,362.071,,72.136,-1,,,-1,0,0,0,0,,,,0,,,
3,Day,2,U_Red_R,Practice,257.925,25.66,-0.857,0.868,365.293,,72.067,-1,,,-1,0,0,0,0,,,,0,,,
3,Day,2,U_Red_R,Practice,258.025,25.76,-0.868,0.868,368.515,,71.999,-1,,,-1,0,0,0,0,,,,0,,,
3,Day,2,U_Red_R,Practice,258.125,25.859,-0.88,0.868,371.731,,71.93,-1,,,-1,0,0,0,0,,,,0,,,
3,Day,2,U_Red_R,Practice,258.224,25.959,-0.891,0.868,374.946,,71.862,-1,,,-1,0,0,0,0,,,,0,,,
3,Day,2,U_Red_R,Practice,258.324,26.059,-0.903,0.868,378.157,,71.793,-1,,,-1,0,0,0,0,,,,0,,,
3,Day,2,U_Red_R,Practice,258.426,26.161,-0.914,0.868,381.365,,71.725,-1,,,-1,0,0,0,0,,,,0,,,
3,Day,2,U_Red_R,Practice,258.525,26.259,-0.925,0.868,384.569,,71.656,-1,,,-1,0,0,0,0,,,,0,,,
3,Day,2,U_Red_R,Practice,258.625,26.359,-0.937,0.868,387.772,,71.588,-1,,,-1,0,0,0,0,,,,0,,,
3,Day,2,U_Red_R,Practice,258.725,26.459,-0.948,0.868,390.971,,71.52,-1,,,-1,0,0,0,0,,,,0,,,
3,Day,2,U_Red_R,Practice,258.825,26.559,-0.959,0.868,394.166,,71.452,-1,,,-1,0,0,0,0,,,,0,,,
3,Day,2,U_Red_R,Practice,258.925,26.659,-0.971,0.868,397.358,,71.384,-1,,,-1,0,0,0,0,,,,0,,,
3,Day,2,U_Red_R,Practice,259.025,26.76,-0.982,0.868,400.549,,71.316,-1,,,-1,0,0,0,0,,,,0,,,
3,Day,2,U_Red_R,Practice,259.124,26.859,-0.993,0.868,403.734,,71.248,-1,,,-1,0,0,0,0,,,,0,,,
3,Day,2,U_Red_R,Practice,259.224,26.959,-1.004,0.868,406.917,,71.18,-1,,,-1,0,0,0,0,,,,0,,,
3,Day,2,U_Red_R,Practice,259.325,27.06,-1.016,0.868,410.098,,71.113,-1,,,-1,0,0,0,0,,,,0,,,
3,Day,2,U_Red_R,Practice,259.425,27.16,-1.027,0.868,413.276,,71.045,-1,,,-1,0,0,0,0,,,,0,,,
3,Day,2,U_Red_R,Practice,259.525,27.259,-1.038,0.868,416.45,,70.977,-1,,,-1,0,0,0,0,,,,0,,,
3,Day,2,U_Red_R,Practice,259.624,27.359,-1.049,0.868,419.621,,70.91,-1,,,-1,0,0,0,0,,,,0,,,
3,Day,2,U_Red_R,Practice,259.726,27.461,-1.06,0.868,422.791,,70.842,-1,,,-1,0,0,0,0,,,,0,,,
3,Day,2,U_Red_R,Practice,259.825,27.56,-1.072,0.868,425.955,,70.775,-1,,,-1,0,0,0,0,,,,0,,,
3,Day,2,U_Red_R,Practice,259.925,27.66,-1.083,0.868,429.118,,70.707,-1,,,-1,0,0,0,0,,,,0,,,
3,Day,2,U_Red_R,Practice,260.025,27.759,-1.094,0.868,432.277,,70.64,-1,,,-1,0,0,0,0,,,,0,,,
3,Day,2,U_Red_R,Practice,260.124,27.859,-1.105,0.868,435.433,,70.573,-1,,,-1,0,0,0,0,,,,0,,,
3,Day,2,U_Red_R,Practice,260.243,27.978,-1.118,0.868,439.112,,70.494,-1,,,-1,0,0,0,0,,,,0,,,
3,Day,2,U_Red_R,Practice,260.326,28.061,-1.127,0.868,441.738,,70.438,-1,,,-1,0,0,0,0,,,,0,,,
3,Day,2,U_Red_R,Practice,260.424,28.159,-1.138,0.868,444.882,,70.371,-1,,,-1,0,0,0,0,,,,0,,,
3,Day,2,U_Red_R,Practice,260.524,28.259,-1.149,0.868,448.029,,70.304,-1,,,-1,0,0,0,0,,,,0,,,
3,Day,2,U_Red_R,Practice,260.642,28.377,-1.162,0.868,451.698,,70.226,-1,,,-1,0,0,0,0,,,,0,,,
3,Day,2,U_Red_R,Practice,260.724,28.459,-1.171,0.868,454.31,,70.171,-1,,,-1,0,0,0,0,,,,0,,,
3,Day,2,U_Red_R,Practice,260.824,28.559,-1.183,0.868,457.443,,70.104,-1,,,-1,0,0,0,0,,,,0,,,
3,Day,2,U_Red_R,Practice,260.924,28.659,-1.194,0.868,460.581,,70.037,-1,,,-1,0,0,0,0,,,,0,,,
3,Day,2,U_Red_R,Practice,261.025,28.76,-1.205,0.868,463.708,,69.97,-1,,,-1,0,0,0,0,,,,0,,,
3,Day,2,U_Red_R,Practice,261.125,28.859,-1.216,0.868,466.831,,69.904,-1,,,-1,0,0,0,0,,,,0,,,
3,Day,2,U_Red_R,Practice,261.225,28.96,-1.227,0.868,469.956,,69.837,-1,,,-1,0,0,0,0,,,,0,,,
3,Day,2,U_Red_R,Practice,261.324,29.059,-1.237,0.868,473.075,,69.771,-1,,,-1,0,0,0,0,,,,0,,,
3,Day,2,U_Red_R,Practice,261.425,29.159,-1.248,0.868,476.193,,69.704,-1,,,-1,0,0,0,0,,,,0,,,
3,Day,2,U_Red_R,Practice,261.525,29.26,-1.259,0.868,479.308,,69.638,-1,,,-1,0,0,0,0,,,,0,,,
3,Day,2,U_Red_R,Practice,261.625,29.359,-1.27,0.868,482.42,,69.572,-1,,,-1,0,0,0,0,,,,0,,,
3,Day,2,U_Red_R,Practice,261.725,29.459,-1.281,0.868,485.528,,69.505,-1,,,-1,0,0,0,0,,,,0,,,
3,Day,2,U_Red_R,Practice,261.824,29.559,-1.292,0.868,488.633,,69.439,-1,,,-1,0,0,0,0,,,,0,,,
3,Day,2,U_Red_R,Practice,261.925,29.659,-1.303,0.868,491.737,,69.373,-1,,,-1,0,0,0,0,,,,0,,,
3,Day,2,U_Red_R,Practice,262.025,29.76,-1.314,0.868,494.836,,69.307,-1,,,-1,0,0,0,0,,,,0,,,
3,Day,2,U_Red_R,Practice,262.143,29.878,-1.327,0.868,498.45,,69.23,-1,,,-1,0,0,0,0,,,,0,,,
3,Day,2,U_Red_R,Practice,262.224,29.959,-1.336,0.868,501.027,,69.175,-1,,,-1,0,0,0,0,,,,0,,,
3,Day,2,U_Red_R,Practice,262.324,30.059,-1.346,0.868,504.118,,69.109,-1,,,-1,0,0,0,0,,,,0,,,
3,Day,2,U_Red_R,Practice,262.424,30.159,-1.357,0.868,507.204,,69.044,-1,,,-1,0,0,0,0,,,,0,,,
3,Day,2,U_Red_R,Practice,262.525,30.259,-1.368,0.868,510.294,,68.978,-1,,,-1,0,0,0,0,,,,0,,,
3,Day,2,U_Red_R,Practice,262.624,30.359,-1.379,0.868,513.373,,68.912,-1,,,-1,0,0,0,0,,,,0,,,
3,Day,2,U_Red_R,Practice,262.725,30.46,-1.39,0.868,516.452,,68.847,-1,,,-1,0,0,0,0,,,,0,,,
3,Day,2,U_Red_R,Practice,262.825,30.559,-1.4,0.868,519.528,,68.781,-1,,,-1,0,0,0,0,,,,0,,,
3,Day,2,U_Red_R,Practice,262.924,30.659,-1.411,0.868,522.611,,68.716,-1,,,-1,0,0,0,0,,,,0,,,
3,Day,2,U_Red_R,Practice,263.024,30.759,-1.422,0.868,525.679,,68.65,-1,,,-1,0,0,0,0,,,,0,,,
3,Day,2,U_Red_R,Practice,263.124,30.859,-1.433,0.868,528.743,,68.585,-1,,,-1,0,0,0,0,,,,0,,,
3,Day,2,U_Red_R,Practice,263.225,30.96,-1.443,0.868,531.805,,68.52,-1,,,-1,0,0,0,0,,,,0,,,
3,Day,2,U_Red_R,Practice,263.325,31.06,-1.454,0.868,534.867,,68.454,-1,,,-1,0,0,0,0,,,,0,,,
3,Day,2,U_Red_R,Practice,263.424,31.159,-1.465,0.868,537.924,,68.389,-1,,,-1,0,0,0,0,,,,0,,,
3,Day,2,U_Red_R,Practice,263.524,31.259,-1.475,0.868,540.981,,68.324,-1,,,-1,0,0,0,0,,,,0,,,
3,Day,2,U_Red_R,Practice,263.624,31.359,-1.486,0.868,544.033,,68.259,-1,,,-1,0,0,0,0,,,,0,,,
3,Day,2,U_Red_R,Practice,263.725,31.46,-1.497,0.869,547.085,,68.194,-1,,,-1,0,0,0,0,,,,0,,,
3,Day,2,U_Red_R,Practice,263.844,31.578,-1.509,0.872,550.638,,68.118,-1,,,-1,0,0,0,0,,,,0,,,
3,Day,2,U_Red_R,Practice,263.924,31.659,-1.518,0.872,553.179,,68.064,-1,,,-1,0,0,0,0,,,,0,,,
3,Day,2,U_Red_R,Practice,264.024,31.759,-1.529,0.871,556.218,,67.999,-1,,,-1,0,0,0,0,,,,0,,,
3,Day,2,U_Red_R,Practice,264.125,31.859,-1.539,0.871,559.254,,67.935,-1,,,-1,0,0,0,0,,,,0,,,
3,Day,2,U_Red_R,Practice,264.225,31.96,-1.55,0.871,562.289,,67.87,-1,,,-1,0,0,0,0,,,,0,,,
3,Day,2,U_Red_R,Practice,264.324,32.059,-1.561,0.87,565.322,,67.805,-1,,,-1,0,0,0,0,,,,0,,,
3,Day,2,U_Red_R,Practice,264.427,32.161,-1.571,0.871,568.352,,67.741,-1,,,-1,0,0,0,0,,,,0,,,
3,Day,2,U_Red_R,Practice,264.523,32.258,-1.582,0.871,571.377,,67.676,-1,,,-1,0,0,0,0,,,,0,,,
3,Day,2,U_Red_R,Practice,264.624,32.359,-1.592,0.87,574.411,,67.612,-1,,,-1,0,0,0,0,,,,0,,,
3,Day,2,U_Red_R,Practice,264.725,32.46,-1.603,0.871,577.424,,67.548,-1,,,-1,0,0,0,0,,,,0,,,
3,Day,2,U_Red_R,Practice,264.824,32.559,-1.613,0.871,580.441,,67.483,-1,,,-1,0,0,0,0,,,,0,,,
3,Day,2,U_Red_R,Practice,264.924,32.659,-1.624,0.87,583.457,,67.419,-1,,,-1,0,0,0,0,,,,0,,,
3,Day,2,U_Red_R,Practice,265.023,32.758,-1.634,0.871,586.469,,67.355,-1,,,-1,0,0,0,0,,,,0,,,
3,Day,2,U_Red_R,Practice,265.142,32.877,-1.647,0.87,589.98,,67.28,-1,,,-1,0,0,0,0,,,,0,,,
3,Day,2,U_Red_R,Practice,265.223,32.958,-1.655,0.87,592.49,,67.227,-1,,,-1,0,0,0,0,,,,0,,,
3,Day,2,U_Red_R,Practice,265.324,33.059,-1.666,0.871,595.489,,67.163,-1,,,-1,0,0,0,0,,,,0,,,
3,Day,2,U_Red_R,Practice,265.424,33.159,-1.676,0.871,598.49,,67.099,-1,,,-1,0,0,0,0,,,,0,,,
3,Day,2,U_Red_R,Practice,265.523,33.258,-1.687,0.87,601.489,,67.035,-1,,,-1,0,0,0,0,,,,0,,,
3,Day,2,U_Red_R,Practice,265.624,33.359,-1.697,0.87,604.484,,66.971,-1,,,-1,0,0,0,0,,,,0,,,
3,Day,2,U_Red_R,Practice,265.724,33.459,-1.708,0.869,607.476,,66.907,-1,,,-1,0,0,0,0,,,,0,,,
3,Day,2,U_Red_R,Practice,265.825,33.559,-1.718,0.868,610.466,,66.844,-1,,,-1,0,0,0,0,,,,0,,,
3,Day,2,U_Red_R,Practice,265.925,33.66,-1.729,0.868,613.452,,66.78,-1,,,-1,0,0,0,0,,,,0,,,
3,Day,2,U_Red_R,Practice,266.024,33.759,-1.739,0.868,616.436,,66.716,-1,,,-1,0,0,0,0,,,,0,,,
3,Day,2,U_Red_R,Practice,266.124,33.859,-1.749,0.868,619.417,,66.653,-1,,,-1,0,0,0,0,,,,0,,,
3,Day,2,U_Red_R,Practice,266.224,33.959,-1.76,0.868,622.396,,66.589,-1,,,-1,0,0,0,0,,,,0,,,
3,Day,2,U_Red_R,Practice,266.325,34.059,-1.77,0.868,625.371,,66.526,-1,,,-1,0,0,0,0,,,,0,,,
3,Day,2,U_Red_R,Practice,266.424,34.159,-1.78,0.868,628.343,,66.463,-1,,,-1,0,0,0,0,,,,0,,,
3,Day,2,U_Red_R,Practice,266.524,34.259,-1.791,0.868,631.313,,66.399,-1,,,-1,0,0,0,0,,,,0,,,
3,Day,2,U_Red_R,Practice,266.625,34.359,-1.801,0.868,634.28,,66.336,-1,,,-1,0,0,0,0,,,,0,,,
3,Day,2,U_Red_R,Practice,266.724,34.459,-1.811,0.868,637.245,,66.273,-1,,,-1,0,0,0,0,,,,0,,,
3,Day,2,U_Red_R,Practice,266.824,34.559,-1.822,0.868,640.205,,66.21,-1,,,-1,0,0,0,0,,,,0,,,
3,Day,2,U_Red_R,Practice,266.924,34.658,-1.832,0.868,643.165,,66.147,-1,,,-1,0,0,0,0,,,,0,,,
3,Day,2,U_Red_R,Practice,267.024,34.759,-1.842,0.868,646.119,,66.084,-1,,,-1,0,0,0,0,,,,0,,,
3,Day,2,U_Red_R,Practice,267.125,34.859,-1.852,0.868,649.073,,66.021,-1,,,-1,0,0,0,0,,,,0,,,
3,Day,2,U_Red_R,Practice,267.224,34.959,-1.863,0.868,652.021,,65.958,-1,,,-1,0,0,0,0,,,,0,,,
3,Day,2,U_Red_R,Practice,267.324,35.059,-1.873,0.868,654.969,,65.895,-1,,,-1,0,0,0,0,,,,0,,,
3,Day,2,U_Red_R,Practice,267.424,35.159,-1.883,0.868,657.912,,65.833,-1,,,-1,0,0,0,0,,,,0,,,
3,Day,2,U_Red_R,Practice,267.524,35.259,-1.893,0.868,660.855,,65.77,-1,,,-1,0,0,0,0,,,,0,,,
3,Day,2,U_Red_R,Practice,267.624,35.359,-1.903,0.868,663.793,,65.707,-1,,,-1,0,0,0,0,,,,0,,,
3,Day,2,U_Red_R,Practice,267.724,35.459,-1.914,0.868,666.73,,65.645,-1,,,-1,0,0,0,0,,,,0,,,
3,Day,2,U_Red_R,Practice,267.824,35.559,-1.924,0.868,669.663,,65.582,-1,,,-1,0,0,0,0,,,,0,,,
3,Day,2,U_Red_R,Practice,267.925,35.659,-1.934,0.868,672.594,,65.52,-1,,,-1,0,0,0,0,,,,0,,,
3,Day,2,U_Red_R,Practice,268.024,35.759,-1.944,0.868,675.52,,65.457,-1,,,-1,0,0,0,0,,,,0,,,
3,Day,2,U_Red_R,Practice,268.124,35.859,-1.954,0.868,678.446,,65.395,-1,,,-1,0,0,0,0,,,,0,,,
3,Day,2,U_Red_R,Practice,268.224,35.959,-1.964,0.868,681.368,,65.333,-1,,,-1,0,0,0,0,,,,0,,,
3,Day,2,U_Red_R,Practice,268.325,36.06,-1.974,0.868,684.287,,65.271,-1,,,-1,0,0,0,0,,,,0,,,
3,Day,2,U_Red_R,Practice,268.425,36.159,-1.984,0.868,687.206,,65.209,-1,,,-1,0,0,0,0,,,,0,,,
3,Day,2,U_Red_R,Practice,268.524,36.259,-1.995,0.868,690.117,,65.146,-1,,,-1,0,0,0,0,,,,0,,,
3,Day,2,U_Red_R,Practice,268.624,36.359,-2.005,0.868,693.032,,65.084,-1,,,-1,0,0,0,0,,,,0,,,
3,Day,2,U_Red_R,Practice,268.724,36.459,-2.015,0.868,695.937,,65.023,-1,,,-1,0,0,0,0,,,,0,,,
3,Day,2,U_Red_R,Practice,268.825,36.56,-2.025,0.868,698.844,,64.961,-1,,,-1,0,0,0,0,,,,0,,,
3,Day,2,U_Red_R,Practice,268.924,36.659,-2.035,0.868,701.745,,64.899,-1,,,-1,0,0,0,0,,,,0,,,
3,Day,2,U_Red_R,Practice,269.024,36.758,-2.045,0.868,704.643,,64.837,-1,,,-1,0,0,0,0,,,,0,,,
3,Day,2,U_Red_R,Practice,269.124,36.859,-2.055,0.868,707.541,,64.775,-1,,,-1,0,0,0,0,,,,0,,,
3,Day,2,U_Red_R,Practice,269.242,36.977,-2.066,0.868,710.917,,64.703,-1,,,-1,0,0,0,0,,,,0,,,
3,Day,2,U_Red_R,Practice,269.324,37.059,-2.075,0.868,713.326,,64.661,-1,,,-1,0,0,0,0,,,,0,,,
3,Day,2,U_Red_R,Practice,269.424,37.159,-2.085,0.868,716.222,,64.987,-1,,,-1,0,0,0,0,,,,0,,,
3,Day,2,U_Red_R,Practice,269.524,37.259,-2.095,0.868,719.139,,65.333,-1,,,-1,0,0,0,0,,,,0,,,
3,Day,2,U_Red_R,Practice,269.627,37.362,-2.105,0.868,722.059,,65.534,-1,,,-1,0,0,0,0,,,,0,,,
3,Day,2,U_Red_R,Practice,269.724,37.459,-2.115,0.868,724.998,,66.054,-1,,,-1,0,0,0,0,,,,0,,,
3,Day,2,U_Red_R,Practice,269.824,37.559,-2.125,0.868,727.959,,66.367,-1,,,-1,0,0,0,0,,,,0,,,
3,Day,2,U_Red_R,Practice,269.924,37.659,-2.126,0.868,730.926,,66.332,-1,,,-1,0,0,0,0,,,,0,,,
3,Day,2,U_Red_R,Practice,270.026,37.761,-2.081,0.868,733.888,,66.181,-1,,,-1,0,0,0,0,,,,0,,,
3,Day,2,U_Red_R,Practice,270.124,37.858,-2.002,0.868,736.844,,66.113,-1,,,-1,0,0,0,0,,,,0,,,
3,Day,2,U_Red_R,Practice,270.224,37.959,-1.9,0.868,739.795,,66.024,-1,,,-1,0,0,0,0,,,,0,,,
3,Day,2,U_Red_R,Practice,270.324,38.059,-1.763,0.868,742.745,,66.224,-1,,,-1,0,0,0,0,,,,0,,,
3,Day,2,U_Red_R,Practice,270.424,38.159,-1.584,0.869,745.709,,66.632,-1,,,-1,0,0,0,0,,,,0,,,
3,Day,2,U_Red_R,Practice,270.524,38.258,-1.369,0.869,748.682,,66.703,-1,,,-1,0,0,0,0,,,,0,,,
3,Day,2,U_Red_R,Practice,270.625,38.359,-1.154,0.87,751.654,,66.642,-1,,,-1,0,0,0,0,,,,0,,,
3,Day,2,U_Red_R,Practice,270.726,38.46,-0.923,0.869,754.624,,66.58,-1,,,-1,0,0,0,0,,,,0,,,
3,Day,2,U_Red_R,Practice,270.824,38.559,-0.7,0.868,757.589,,66.43,-1,,,-1,0,0,0,0,,,,0,,,
3,Day,2,U_Red_R,Practice,270.924,38.659,-0.503,0.868,760.549,,66.362,-1,,,-1,0,0,0,0,,,,0,,,
3,Day,2,U_Red_R,Practice,271.024,38.759,-0.319,0.868,763.508,,66.284,-1,,,-1,0,0,0,0,,,,0,,,
3,Day,2,U_Red_R,Practice,271.124,38.859,-0.161,0.868,766.467,,66.195,-1,,,-1,0,0,0,0,,,,0,,,
3,Day,2,U_Red_R,Practice,271.225,38.959,-0.035,0.868,769.422,,66.099,-1,,,-1,0,0,0,0,,,,0,,,
3,Day,2,U_Red_R,Practice,271.323,39.058,0.048,0.868,772.371,,65.882,-1,,,-1,0,0,0,0,,,,0,,,
3,Day,2,U_Red_R,Practice,271.424,39.159,0.064,0.868,775.312,,65.711,-1,,,-1,0,0,0,0,,,,0,,,
3,Day,2,U_Red_R,Practice,271.542,39.277,0.029,0.868,778.735,,65.572,-1,,,-1,0,0,0,0,,,,0,,,
3,Day,2,U_Red_R,Practice,271.624,39.359,-0.032,0.868,781.175,,65.479,-1,,,-1,0,0,0,0,,,,0,,,
3,Day,2,U_Red_R,Practice,271.725,39.459,-0.147,0.868,784.103,,65.706,-1,,,-1,0,0,0,0,,,,0,,,
3,Day,2,U_Red_R,Practice,271.824,39.559,-0.301,0.868,787.038,,65.763,-1,,,-1,0,0,0,0,,,,0,,,
3,Day,2,U_Red_R,Practice,271.924,39.658,-0.454,0.868,789.973,,65.698,-1,,,-1,0,0,0,0,,,,0,,,
3,Day,2,U_Red_R,Practice,272.025,39.759,-0.616,0.868,792.904,,65.636,-1,,,-1,0,0,0,0,,,,0,,,
3,Day,2,U_Red_R,Practice,272.124,39.859,-0.79,0.868,795.843,,65.879,-1,,,-1,0,0,0,0,,,,0,,,
3,Day,2,U_Red_R,Practice,272.223,39.958,-0.965,0.868,798.788,,66.201,-1,,,-1,0,0,0,0,,,,0,,,
3,Day,2,U_Red_R,Practice,272.324,40.059,-1.134,0.868,801.74,,66.246,-1,,,-1,0,0,0,0,,,,0,,,
3,Day,2,U_Red_R,Practice,272.424,40.159,-1.291,0.868,804.697,,66.21,-1,,,-1,0,0,0,0,,,,0,,,
3,Day,2,U_Red_R,Practice,272.524,40.259,-1.433,0.868,807.655,,66.371,-1,,,-1,0,0,0,0,,,,0,,,
3,Day,2,U_Red_R,Practice,272.624,40.359,-1.562,0.87,810.624,,66.582,-1,,,-1,0,0,0,0,,,,0,,,
3,Day,2,U_Red_R,Practice,272.726,40.461,-1.667,0.872,813.597,,66.49,-1,,,-1,0,0,0,0,,,,0,,,
3,Day,2,U_Red_R,Practice,272.843,40.578,-1.745,0.87,817.063,,66.423,-1,,,-1,0,0,0,0,,,,0,,,
3,Day,2,U_Red_R,Practice,272.925,40.659,-1.785,0.868,819.541,,66.363,-1,,,-1,0,0,0,0,,,,0,,,
3,Day,2,U_Red_R,Practice,273.025,40.759,-1.812,0.868,822.504,,66.587,-1,,,-1,0,0,0,0,,,,0,,,
3,Day,2,U_Red_R,Practice,273.125,40.86,-1.813,0.868,825.485,,66.816,-1,,,-1,0,0,0,0,,,,0,,,
3,Day,2,U_Red_R,Practice,273.223,40.958,-1.79,0.868,828.481,,67.196,-1,,,-1,0,0,0,0,,,,0,,,
3,Day,2,U_Red_R,Practice,273.323,41.058,-1.744,0.868,831.488,,67.384,-1,,,-1,0,0,0,0,,,,0,,,
3,Day,2,U_Red_R,Practice,273.423,41.158,-1.677,0.869,834.5,,67.385,-1,,,-1,0,0,0,0,,,,0,,,
3,Day,2,U_Red_R,Practice,273.542,41.276,-1.577,0.871,838.012,,67.325,-1,,,-1,0,0,0,0,,,,0,,,
3,Day,2,U_Red_R,Practice,273.625,41.359,-1.492,0.871,840.519,,67.271,-1,,,-1,0,0,0,0,,,,0,,,
3,Day,2,U_Red_R,Practice,273.724,41.459,-1.378,0.87,843.52,,67.204,-1,,,-1,0,0,0,0,,,,0,,,
3,Day,2,U_Red_R,Practice,273.824,41.559,-1.252,0.868,846.52,,67.137,-1,,,-1,0,0,0,0,,,,0,,,
3,Day,2,U_Red_R,Practice,273.911,41.646,-1.133,0.867,849.131,,67.081,-1,,,-1,0,0,0,0,,,,0,,,
3,Day,2,U_Red_R,Practice,274.026,41.76,-0.97,0.868,852.511,,67.004,-1,,,-1,0,0,0,0,,,,0,,,
3,Day,2,U_Red_R,Practice,274.123,41.858,-0.823,0.868,855.5,,66.891,-1,,,-1,0,0,0,0,,,,0,,,
3,Day,2,U_Red_R,Practice,274.223,41.958,-0.702,0.868,858.486,,66.79,-1,,,-1,0,0,0,0,,,,0,,,
3,Day,2,U_Red_R,Practice,274.325,42.06,-0.585,0.868,861.469,,66.762,-1,,,-1,0,0,0,0,,,,0,,,
3,Day,2,U_Red_R,Practice,274.423,42.158,-0.475,0.868,864.456,,67.102,-1,,,-1,0,0,0,0,,,,0,,,
3,Day,2,U_Red_R,Practice,274.524,42.259,-0.38,0.868,867.458,,67.226,-1,,,-1,0,0,0,0,,,,0,,,
3,Day,2,U_Red_R,Practice,274.623,42.358,-0.301,0.868,870.46,,67.248,-1,,,-1,0,0,0,0,,,,0,,,
3,Day,2,U_Red_R,Practice,274.723,42.458,-0.241,0.868,873.474,,67.63,-1,,,-1,0,0,0,0,,,,0,,,
3,Day,2,U_Red_R,Practice,274.823,42.558,-0.199,0.868,876.501,,67.862,-1,,,-1,0,0,0,0,,,,0,,,
3,Day,2,U_Red_R,Practice,274.923,42.658,-0.173,0.868,879.543,,68.226,-1,,,-1,0,0,0,0,,,,0,,,
3,Day,2,U_Red_R,Practice,275.023,42.758,-0.163,0.868,882.595,,68.408,-1,,,-1,0,0,0,0,,,,0,,,
3,Day,2,U_Red_R,Practice,275.124,42.859,-0.166,0.868,885.659,,68.664,-1,,,-1,0,0,0,0,,,,0,,,
3,Day,2,U_Red_R,Practice,275.223,42.958,-0.182,0.868,888.729,,68.694,-1,,,-1,0,0,0,0,,,,0,,,
3,Day,2,U_Red_R,Practice,275.324,43.059,-0.209,0.868,891.799,,68.657,-1,,,-1,0,0,0,0,,,,0,,,
3,Day,2,U_Red_R,Practice,275.423,43.158,-0.244,0.868,894.866,,68.599,-1,,,-1,0,0,0,0,,,,0,,,
3,Day,2,U_Red_R,Practice,275.523,43.258,-0.288,0.868,897.932,,68.535,-1,,,-1,0,0,0,0,,,,0,,,
3,Day,2,U_Red_R,Practice,275.642,43.376,-0.347,0.868,901.505,,68.458,-1,,,-1,0,0,0,0,,,,0,,,
3,Day,2,U_Red_R,Practice,275.723,43.458,-0.394,0.868,904.054,,68.403,-1,,,-1,0,0,0,0,,,,0,,,
3,Day,2,U_Red_R,Practice,275.824,43.558,-0.456,0.868,907.109,,68.337,-1,,,-1,0,0,0,0,,,,0,,,
3,Day,2,U_Red_R,Practice,275.924,43.659,-0.521,0.868,910.161,,68.272,-1,,,-1,0,0,0,0,,,,0,,,
3,Day,2,U_Red_R,Practice,276.024,43.758,-0.59,0.868,913.211,,68.207,-1,,,-1,0,0,0,0,,,,0,,,
3,Day,2,U_Red_R,Practice,276.125,43.859,-0.662,0.868,916.257,,68.141,-1,,,-1,0,0,0,0,,,,0,,,
3,Day,2,U_Red_R,Practice,276.224,43.958,-0.737,0.868,919.301,,68.076,-1,,,-1,0,0,0,0,,,,0,,,
3,Day,2,U_Red_R,Practice,276.326,44.061,-0.814,0.868,922.342,,68.011,-1,,,-1,0,0,0,0,,,,0,,,
3,Day,2,U_Red_R,Practice,276.424,44.158,-0.892,0.868,925.382,,67.946,-1,,,-1,0,0,0,0,,,,0,,,
3,Day,2,U_Red_R,Practice,276.524,44.259,-0.972,0.868,928.416,,67.882,-1,,,-1,0,0,0,0,,,,0,,,
3,Day,2,U_Red_R,Practice,276.624,44.358,-1.053,0.868,931.448,,67.817,-1,,,-1,0,0,0,0,,,,0,,,
3,Day,2,U_Red_R,Practice,276.724,44.459,-1.136,0.868,934.477,,67.752,-1,,,-1,0,0,0,0,,,,0,,,
3,Day,2,U_Red_R,Practice,276.824,44.559,-1.219,0.868,937.504,,67.688,-1,,,-1,0,0,0,0,,,,0,,,
3,Day,2,U_Red_R,Practice,276.924,44.658,-1.302,0.868,940.528,,67.623,-1,,,-1,0,0,0,0,,,,0,,,
3,Day,2,U_Red_R,Practice,277.024,44.758,-1.387,0.868,943.546,,67.559,-1,,,-1,0,0,0,0,,,,0,,,
3,Day,2,U_Red_R,Practice,277.141,44.875,-1.486,0.868,947.067,,67.484,-1,,,-1,0,0,0,0,,,,0,,,
3,Day,2,U_Red_R,Practice,277.224,44.959,-1.557,0.868,949.579,,67.43,-1,,,-1,0,0,0,0,,,,0,,,
3,Day,2,U_Red_R,Practice,277.342,45.077,-1.657,0.87,953.096,,67.356,-1,,,-1,0,0,0,0,,,,0,,,
3,Day,2,U_Red_R,Practice,277.443,45.178,-1.742,0.871,956.101,,67.291,-1,,,-1,0,0,0,0,,,,0,,,
3,Day,2,U_Red_R,Practice,277.526,45.26,-1.814,0.87,958.605,,67.238,-1,,,-1,0,0,0,0,,,,0,,,
3,Day,2,U_Red_R,Practice,277.624,45.358,-1.9,0.868,961.61,,67.174,-1,,,-1,0,0,0,0,,,,0,,,
3,Day,2,U_Red_R,Practice,277.723,45.458,-1.986,0.868,964.608,,67.11,-1,,,-1,0,0,0,0,,,,0,,,
3,Day,2,U_Red_R,Practice,277.824,45.558,-2.072,0.868,967.607,,67.046,-1,,,-1,0,0,0,0,,,,0,,,
3,Day,2,U_Red_R,Practice,277.923,45.657,-2.158,0.868,970.601,,66.982,-1,,,-1,0,0,0,0,,,,0,,,
3,Day,2,U_Red_R,Practice,278.023,45.758,-2.244,0.868,973.593,,66.919,-1,,,-1,0,0,0,0,,,,0,,,
3,Day,2,U_Red_R,Practice,278.129,45.864,-2.33,0.868,976.581,,66.855,-1,,,-1,0,0,0,0,,,,0,,,
3,Day,2,U_Red_R,Practice,278.224,45.959,-2.416,0.868,979.568,,66.791,-1,,,-1,0,0,0,0,,,,0,,,
3,Day,2,U_Red_R,Practice,278.324,46.059,-2.502,0.868,982.552,,66.728,-1,,,-1,0,0,0,0,,,,0,,,
3,Day,2,U_Red_R,Practice,278.424,46.159,-2.588,0.868,985.531,,66.664,-1,,,-1,0,0,0,0,,,,0,,,
3,Day,2,U_Red_R,Practice,278.524,46.258,-2.674,0.868,988.509,,66.601,-1,,,-1,0,0,0,0,,,,0,,,
3,Day,2,U_Red_R,Practice,278.624,46.358,-2.76,0.868,991.483,,66.537,-1,,,-1,0,0,0,0,,,,0,,,
3,Day,2,U_Red_R,Practice,278.724,46.458,-2.846,0.868,994.455,,66.474,-1,,,-1,0,0,0,0,,,,0,,,
3,Day,2,U_Red_R,Practice,278.824,46.558,-2.932,0.868,997.425,,66.411,-1,,,-1,0,0,0,0,,,,0,,,
3,Day,2,U_Red_R,Practice,278.923,46.658,-3.018,0.868,1000.389,,66.347,-1,,,-1,0,0,0,0,,,,0,,,
3,Day,2,U_Red_R,Practice,279.024,46.759,-3.103,0.868,1003.354,,66.284,-1,,,-1,0,0,0,0,,,,0,,,
3,Day,2,U_Red_R,Practice,279.124,46.858,-3.174,0.868,1006.319,,66.127,-1,,,-1,0,0,0,0,,,,0,,,
3,Day,2,U_Red_R,Practice,279.224,46.959,-3.218,0.868,1009.268,,66.057,-1,,,-1,0,0,0,0,,,,0,,,
3,Day,2,U_Red_R,Practice,279.323,47.057,-3.254,0.868,1012.218,,65.988,-1,,,-1,0,0,0,0,,,,0,,,
3,Day,2,U_Red_R,Practice,279.424,47.159,-3.275,0.868,1015.167,,65.915,-1,,,-1,0,0,0,0,,,,0,,,
3,Day,2,U_Red_R,Practice,279.524,47.258,-3.276,0.868,1018.111,,65.84,-1,,,-1,0,0,0,0,,,,0,,,
3,Day,2,U_Red_R,Practice,279.625,47.36,-3.258,0.868,1021.055,,65.765,-1,,,-1,0,0,0,0,,,,0,,,
3,Day,2,U_Red_R,Practice,279.722,47.457,-3.219,0.868,1023.99,,65.69,-1,,,-1,0,0,0,0,,,,0,,,
3,Day,2,U_Red_R,Practice,279.823,47.557,-3.162,0.868,1026.927,,65.617,-1,,,-1,0,0,0,0,,,,0,,,
3,Day,2,U_Red_R,Practice,279.923,47.658,-3.088,0.868,1029.856,,65.546,-1,,,-1,0,0,0,0,,,,0,,,
3,Day,2,U_Red_R,Practice,280.023,47.758,-2.998,0.868,1032.784,,65.477,-1,,,-1,0,0,0,0,,,,0,,,
3,Day,2,U_Red_R,Practice,280.123,47.858,-2.895,0.868,1035.709,,65.41,-1,,,-1,0,0,0,0,,,,0,,,
3,Day,2,U_Red_R,Practice,280.224,47.959,-2.781,0.868,1038.628,,65.343,-1,,,-1,0,0,0,0,,,,0,,,
3,Day,2,U_Red_R,Practice,280.324,48.058,-2.657,0.868,1041.545,,65.278,-1,,,-1,0,0,0,0,,,,0,,,
3,Day,2,U_Red_R,Practice,280.425,48.16,-2.524,0.868,1044.465,,65.214,-1,,,-1,0,0,0,0,,,,0,,,
3,Day,2,U_Red_R,Practice,280.523,48.258,-2.384,0.868,1047.373,,65.15,-1,,,-1,0,0,0,0,,,,0,,,
3,Day,2,U_Red_R,Practice,280.624,48.359,-2.238,0.868,1050.277,,65.087,-1,,,-1,0,0,0,0,,,,0,,,
3,Day,2,U_Red_R,Practice,280.724,48.459,-2.088,0.868,1053.182,,65.024,-1,,,-1,0,0,0,0,,,,0,,,
3,Day,2,U_Red_R,Practice,280.823,48.558,-1.933,0.868,1056.083,,64.962,-1,,,-1,0,0,0,0,,,,0,,,
3,Day,2,U_Red_R,Practice,280.924,48.658,-1.774,0.868,1058.981,,64.9,-1,,,-1,0,0,0,0,,,,0,,,
3,Day,2,U_Red_R,Practice,281.023,48.758,-1.613,0.87,1061.876,,64.838,-1,,,-1,0,0,0,0,,,,0,,,
3,Day,2,U_Red_R,Practice,281.123,48.858,-1.449,0.871,1064.77,,64.776,-1,,,-1,0,0,0,0,,,,0,,,
3,Day,2,U_Red_R,Practice,281.224,48.958,-1.283,0.87,1067.661,,64.896,-1,,,-1,0,0,0,0,,,,0,,,
3,Day,2,U_Red_R,Practice,281.324,49.059,-1.114,0.868,1070.565,,64.963,-1,,,-1,0,0,0,0,,,,0,,,
3,Day,2,U_Red_R,Practice,281.424,49.158,-0.945,0.868,1073.461,,64.937,-1,,,-1,0,0,0,0,,,,0,,,
3,Day,2,U_Red_R,Practice,281.523,49.258,-0.779,0.868,1076.353,,64.831,-1,,,-1,0,0,0,0,,,,0,49.173,,
3,Day,2,U_Red_R,Practice,281.624,49.359,-0.644,0.868,1079.249,,64.73,-1,,,-1,0,0,0,0,,,,0,49.173,,
3,Day,2,U_Red_R,Practice,281.724,49.459,-0.518,0.868,1082.135,,64.665,-1,,,-1,0,0,0,0,,,,0,49.173,,
3,Day,2,U_Red_R,Practice,281.824,49.559,-0.403,0.868,1085.025,,64.596,-1,,,-1,0,0,0,0,,,,0,49.173,,
3,Day,2,U_Red_R,Practice,281.924,49.659,-0.306,0.868,1087.907,,64.524,-1,,,-1,0,0,0,0,,,,0,49.173,,
3,Day,2,U_Red_R,Practice,282.024,49.759,-0.227,0.868,1090.79,,64.451,-1,,,-1,0,0,0,0,,,,0,49.173,,
3,Day,2,U_Red_R,Practice,282.125,49.86,-0.19,0.868,1093.666,,64.22,-1,,,-1,0,0,0,0,,,,0,49.173,,
3,Day,2,U_Red_R,Practice,282.222,49.957,-0.199,0.868,1096.543,,64.132,-1,,,-1,0,0,0,0,,,,0,49.173,,
3,Day,2,U_Red_R,Practice,282.323,50.058,-0.236,0.868,1099.399,,64.04,-1,,,-1,0,0,0,0,,,,0,49.173,,
3,Day,2,U_Red_R,Practice,282.442,50.176,-0.302,0.868,1102.736,,63.905,-1,,,-1,0,0,0,0,,,,0,49.173,,
3,Day,2,U_Red_R,Practice,282.524,50.258,-0.365,0.868,1105.115,,63.83,-1,,,-1,0,0,0,0,,,,0,49.173,,
3,Day,2,U_Red_R,Practice,282.624,50.358,-0.464,0.868,1107.964,,63.762,-1,,,-1,0,0,0,0,,,,0,49.173,,
3,Day,2,U_Red_R,Practice,282.725,50.46,-0.583,0.868,1110.816,,64.083,-1,,,-1,0,0,0,0,,,,0,49.173,,
3,Day,2,U_Red_R,Practice,282.824,50.559,-0.711,0.868,1113.684,,64.299,-1,,,-1,0,0,0,0,,,,0,49.173,,
3,Day,2,U_Red_R,Practice,282.923,50.658,-0.813,0.868,1116.556,,64.275,-1,,,-1,0,0,0,0,,,,0,49.173,,
3,Day,2,U_Red_R,Practice,283.042,50.776,-0.924,0.868,1119.905,,64.226,-1,,,-1,0,0,0,0,,,,0,49.173,,
3,Day,2,U_Red_R,Practice,283.124,50.858,-0.981,0.868,1122.294,,64.053,-1,,,-1,0,0,0,0,,,,0,49.173,,
3,Day,2,U_Red_R,Practice,283.241,50.975,-1.003,0.868,1125.632,,63.929,-1,,,-1,0,0,0,0,,,,0,49.173,,
3,Day,2,U_Red_R,Practice,283.323,51.058,-0.993,0.868,1128.012,,63.844,-1,,,-1,0,0,0,0,,,,0,49.173,,
3,Day,2,U_Red_R,Practice,283.423,51.158,-0.943,0.868,1130.863,,63.77,-1,,,-1,0,0,0,0,,,,0,49.173,,
3,Day,2,U_Red_R,Practice,283.523,51.258,-0.85,0.868,1133.717,,64.105,-1,,,-1,0,0,0,0,,,,0,49.173,,
3,Day,2,U_Red_R,Practice,283.624,51.358,-0.713,0.868,1136.583,,64.253,-1,,,-1,0,0,0,0,,,,0,49.173,,
3,Day,2,U_Red_R,Practice,283.723,51.458,-0.536,0.868,1139.45,,64.215,-1,,,-1,0,0,0,0,,,,0,49.173,,
3,Day,2,U_Red_R,Practice,283.824,51.559,-0.34,0.868,1142.313,,64.135,-1,,,-1,0,0,0,0,,,,0,49.173,,
3,Day,2,U_Red_R,Practice,283.942,51.677,-0.076,0.868,1145.644,,64.048,-1,,,-1,0,0,0,0,,,,0,49.173,,
3,Day,2,U_Red_R,Practice,284.024,51.759,0.129,0.868,1148.022,,64.139,-1,,,-1,0,0,0,0,,,,0,49.173,,
3,Day,2,U_Red_R,Practice,284.124,51.859,0.391,0.868,1150.885,,64.473,-1,,,-1,0,0,0,0,,,,0,49.173,,
3,Day,2,U_Red_R,Practice,284.225,51.96,0.651,0.868,1153.756,,64.461,-1,,,-1,0,0,0,0,,,,0,49.173,,
3,Day,2,U_Red_R,Practice,284.323,52.058,0.893,0.868,1156.627,,64.429,-1,,,-1,0,0,0,0,,,,0,49.173,,
3,Day,2,U_Red_R,Practice,284.423,52.158,1.125,0.868,1159.495,,64.29,-1,,,-1,0,0,0,0,,,,0,49.173,,
3,Day,2,U_Red_R,Practice,284.524,52.258,1.31,0.868,1162.361,,64.173,-1,,,-1,0,0,0,0,,,,0,49.173,,
3,Day,2,U_Red_R,Practice,284.624,52.359,1.47,0.868,1165.223,,64.085,-1,,,-1,0,0,0,0,,,,0,49.173,,
3,Day,2,U_Red_R,Practice,284.723,52.457,1.595,0.869,1168.082,,63.982,-1,,,-1,0,0,0,0,,,,0,49.173,,
3,Day,2,U_Red_R,Practice,284.824,52.558,1.681,0.871,1170.939,,63.876,-1,,,-1,0,0,0,0,,,,1,49.173,284.756,
3,Day,2,U_Red_R,Practice,284.923,52.658,1.727,0.869,1173.791,,63.768,-1,,,-1,0,0,0,0,,,,1,49.173,284.756,
3,Day,2,U_Red_R,Practice,285.023,52.758,1.735,0.869,1176.641,,63.667,-1,,,-1,0,0,0,0,,,,1,49.173,284.756,
3,Day,2,U_Red_R,Practice,285.123,52.858,1.707,0.87,1179.485,,63.574,-1,,,-1,0,0,0,0,,,,1,49.173,284.756,
3,Day,2,U_Red_R,Practice,285.223,52.958,1.649,0.869,1182.325,,63.488,-1,,,-1,0,0,0,0,,,,1,49.173,284.756,
3,Day,2,U_Red_R,Practice,285.323,53.058,1.564,0.868,1185.16,,63.407,-1,,,-1,0,0,0,0,,,,1,49.173,284.756,
3,Day,2,U_Red_R,Practice,285.423,53.157,1.456,0.868,1187.99,,63.332,-1,,,-1,0,0,0,0,,,,1,49.173,284.756,
3,Day,2,U_Red_R,Practice,285.523,53.258,1.328,0.87,1190.818,,63.262,-1,,,-1,0,0,0,0,,,,1,49.173,284.756,
3,Day,2,U_Red_R,Practice,285.64,53.375,1.159,0.869,1194.11,,63.184,-1,,,-1,0,0,0,0,,,,1,49.173,284.756,
3,Day,2,U_Red_R,Practice,285.723,53.458,1.028,0.868,1196.46,,63.129,-1,,,-1,0,0,0,0,,,,1,49.173,284.756,
3,Day,2,U_Red_R,Practice,285.841,53.576,0.831,0.868,1199.745,,63.055,-1,,,-1,0,0,0,0,,,,1,49.173,284.756,
3,Day,2,U_Red_R,Practice,285.923,53.658,0.683,0.868,1202.09,,63.003,-1,,,-1,0,0,0,0,,,,1,49.173,284.756,
3,Day,2,U_Red_R,Practice,286.024,53.758,0.498,0.868,1204.897,,62.942,-1,,,-1,0,0,0,0,,,,1,49.173,284.756,
3,Day,2,U_Red_R,Practice,286.123,53.858,0.308,0.868,1207.703,,62.864,-1,,,-1,0,0,0,0,,,,1,49.173,284.756,
3,Day,2,U_Red_R,Practice,286.224,53.959,0.137,0.868,1210.506,,62.751,-1,,,-1,0,0,0,0,,,,1,49.173,284.756,
3,Day,2,U_Red_R,Practice,286.323,54.058,-0.028,0.868,1213.303,,62.688,-1,,,-1,0,0,0,0,,,,1,49.173,284.756,
3,Day,2,U_Red_R,Practice,286.423,54.158,-0.189,0.868,1216.101,,62.626,-1,,,-1,0,0,0,0,,,,1,49.173,284.756,
3,Day,2,U_Red_R,Practice,286.523,54.258,-0.34,0.868,1218.895,,62.562,-1,,,-1,0,0,0,0,,,,1,49.173,284.756,
3,Day,2,U_Red_R,Practice,286.623,54.358,-0.464,0.868,1221.689,,62.377,-1,,,-1,0,0,0,0,,,,1,49.173,284.756,
3,Day,2,U_Red_R,Practice,286.725,54.46,-0.54,0.868,1224.47,,62.276,-1,,,-1,0,0,0,0,,,,1,49.173,284.756,
3,Day,2,U_Red_R,Practice,286.823,54.557,-0.594,0.868,1227.251,,62.193,-1,,,-1,0,0,0,0,,,,1,49.173,284.756,
3,Day,2,U_Red_R,Practice,286.923,54.658,-0.618,0.868,1230.03,,62.104,-1,,,-1,0,0,0,0,,,,1,49.173,284.756,
3,Day,2,U_Red_R,Practice,287.023,54.758,-0.61,0.868,1232.806,,62.014,-1,,,-1,0,0,0,0,,,,1,49.173,284.756,
3,Day,2,U_Red_R,Practice,287.125,54.859,-0.57,0.868,1235.575,,61.926,-1,,,-1,0,0,0,1,,,,1,49.173,284.756,-2.367
3,Day,2,U_Red_R,Practice,287.223,54.958,-0.502,0.868,1238.341,,61.828,-1,,,-1,0,0,0,1,,,,1,49.173,284.756,-2.367
3,Day,2,U_Red_R,Practice,287.323,55.058,-0.438,0.868,1241.101,,61.725,-1,,,-1,0,0,0,1,,,,1,49.173,284.756,-2.367
3,Day,2,U_Red_R,Practice,287.424,55.158,-0.362,0.868,1243.858,,61.659,-1,,,-1,0,0,0,1,,,,1,49.173,284.756,-2.367
3,Day,2,U_Red_R,Practice,287.523,55.258,-0.277,0.868,1246.615,,61.826,-1,,,-1,0,0,0,1,,,,1,49.173,284.756,-2.367
3,Day,2,U_Red_R,Practice,287.623,55.358,-0.19,0.868,1249.386,,62.27,-1,,,-1,0,0,0,1,,,,1,49.173,284.756,-2.367
3,Day,2,U_Red_R,Practice,287.723,55.458,-0.105,0.868,1252.172,,62.468,-1,,,-1,0,0,0,1,,,,1,49.173,284.756,-2.367
3,Day,2,U_Red_R,Practice,287.822,55.557,-0.025,0.868,1254.971,,62.929,-1,,,-1,0,0,0,1,,,,1,49.173,284.756,-2.367
3,Day,2,U_Red_R,Practice,287.923,55.658,0.043,0.868,1257.787,,63.017,-1,,,-1,0,0,0,1,,,,1,49.173,284.756,-2.367
3,Day,2,U_Red_R,Practice,288.04,55.775,0.075,0.868,1261.072,,62.954,-1,,,-1,0,0,0,1,,,,1,49.173,284.756,-2.367
3,Day,2,U_Red_R,Practice,288.123,55.857,0.084,0.868,1263.416,,62.906,-1,,,-1,0,0,0,1,,,,1,49.173,284.756,-2.367
3,Day,2,U_Red_R,Practice,288.223,55.958,0.091,0.868,1266.226,,62.795,-1,,,-1,0,0,0,1,,,,1,49.173,284.756,-2.367
3,Day,2,U_Red_R,Practice,288.324,56.059,0.092,0.868,1269.033,,62.72,-1,,,-1,0,0,0,1,,,,1,49.173,284.756,-2.367
3,Day,2,U_Red_R,Practice,288.423,56.158,0.074,0.868,1271.834,,62.604,-1,,,-1,0,0,0,1,,,,1,49.173,284.756,-2.367
3,Day,2,U_Red_R,Practice,288.523,56.258,0.009,0.868,1274.627,,62.442,-1,,,-1,0,0,0,1,,,,1,49.173,284.756,-2.367
3,Day,2,U_Red_R,Practice,288.623,56.358,-0.08,0.868,1277.417,,62.37,-1,,,-1,0,0,0,1,,,,1,49.173,284.756,-2.367
3,Day,2,U_Red_R,Practice,288.723,56.458,-0.187,0.868,1280.201,,62.384,-1,,,-1,0,0,0,1,,,,1,49.173,284.756,-2.367
3,Day,2,U_Red_R,Practice,288.825,56.559,-0.317,0.868,1282.996,,62.733,-1,,,-1,0,0,0,1,,,,1,49.173,284.756,-2.367
3,Day,2,U_Red_R,Practice,288.923,56.658,-0.472,0.868,1285.796,,62.808,-1,,,-1,0,0,0,1,,,,1,49.173,284.756,-2.367
3,Day,2,U_Red_R,Practice,289.023,56.757,-0.649,0.868,1288.597,,62.754,-1,,,-1,0,0,0,1,,,,1,49.173,284.756,-2.367
3,Day,2,U_Red_R,Practice,289.123,56.858,-0.815,0.868,1291.396,,62.662,-1,,,-1,0,0,0,1,,,,1,49.173,284.756,-2.367
3,Day,2,U_Red_R,Practice,289.241,56.976,-1.02,0.868,1294.658,,62.59,-1,,,-1,0,0,0,1,,,,1,49.173,284.756,-2.367
3,Day,2,U_Red_R,Practice,289.323,57.058,-1.179,0.868,1296.98,,62.463,-1,,,-1,0,0,0,1,,,,1,49.173,284.756,-2.367
3,Day,2,U_Red_R,Practice,289.423,57.157,-1.408,0.868,1299.761,,62.343,-1,,,-1,0,0,0,1,,,,1,49.173,284.756,-2.367
3,Day,2,U_Red_R,Practice,289.523,57.258,-1.649,0.868,1302.535,,62.215,-1,,,-1,0,0,0,1,,,,1,49.173,284.756,-2.367
3,Day,2,U_Red_R,Practice,289.623,57.358,-1.939,0.868,1305.297,,62.052,-1,,,-1,0,0,0,1,,,,1,49.173,284.756,-2.367
3,Day,2,U_Red_R,Practice,289.741,57.476,-2.325,0.869,1308.507,,61.831,-1,,,-1,0,0,0,1,,,,1,49.173,284.756,-2.367
3,Day,2,U_Red_R,Practice,289.823,57.558,-2.647,0.868,1310.786,,61.729,-1,,,-1,0,0,0,1,,,,1,49.173,284.756,-2.367
3,Day,2,U_Red_R,Practice,289.923,57.658,-3.039,0.868,1313.514,,61.601,-1,,,-1,0,0,0,1,,,,1,49.173,284.756,-2.367
3,Day,2,U_Red_R,Practice,290.023,57.758,-3.454,0.868,1316.233,,61.482,-1,,,-1,0,0,0,1,,,,1,49.173,284.756,-2.367
3,Day,2,U_Red_R,Practice,290.123,57.858,-3.885,0.868,1318.946,,61.364,-1,,,-1,0,0,0,1,,,,1,49.173,284.756,-2.367
3,Day,2,U_Red_R,Practice,290.223,57.958,-4.298,0.868,1321.656,,61.271,-1,,,-1,0,0,0,1,,,,1,49.173,284.756,-2.367
3,Day,2,U_Red_R,Practice,290.323,58.058,-4.711,0.868,1324.362,,61.21,-1,,,-1,0,0,0,1,,,,1,49.173,284.756,-2.367
3,Day,2,U_Red_R,Practice,290.423,58.158,-5.106,0.868,1327.067,,61.043,-1,,,-1,0,0,0,1,,,,1,49.173,284.756,-2.367
3,Day,2,U_Red_R,Practice,290.523,58.258,-5.443,0.868,1329.771,,60.904,-1,,,-1,0,0,0,1,,,,1,49.173,284.756,-2.367
3,Day,2,U_Red_R,Practice,290.623,58.358,-5.744,0.868,1332.475,,60.798,-1,,,-1,0,0,0,1,,,,1,49.173,284.756,-2.367
3,Day,2,U_Red_R,Practice,290.724,58.458,-6.001,0.868,1335.179,,60.679,-1,,,-1,0,0,0,1,,,,1,49.173,284.756,-2.367
3,Day,2,U_Red_R,Practice,290.823,58.558,-6.212,0.868,1337.88,,60.559,-1,,,-1,0,0,0,1,,,,1,49.173,284.756,-2.367
3,Day,2,U_Red_R,Practice,290.924,58.659,-6.376,0.868,1340.579,,60.445,-1,,,-1,0,0,0,1,,,,1,49.173,284.756,-2.367
3,Day,2,U_Red_R,Practice,291.022,58.757,-6.499,0.868,1343.28,,60.658,-1,,,-1,0,0,0,1,,,,1,49.173,284.756,-2.367
3,Day,2,U_Red_R,Practice,291.123,58.858,-6.585,0.868,1345.999,,60.927,-1,,,-1,0,0,0,1,,,,1,49.173,284.756,-2.367
3,Day,2,U_Red_R,Practice,291.225,58.96,-6.616,0.868,1348.8,,60.848,-1,,,-1,0,0,0,1,,,,1,49.173,284.756,-2.367
3,Day,2,U_Red_R,Practice,291.324,59.059,-6.611,0.868,1351.44,,60.784,-1,,,-1,0,0,0,1,,,,1,49.173,284.756,-2.367
3,Day,2,U_Red_R,Practice,291.424,59.158,-6.576,0.868,1354.162,,60.703,-1,,,-1,0,0,0,1,,,,1,49.173,284.756,-2.367
3,Day,2,U_Red_R,Practice,291.523,59.258,-6.51,0.868,1356.87,,60.621,-1,,,-1,0,0,0,1,,,,1,49.173,284.756,-2.367
3,Day,2,U_Red_R,Practice,291.623,59.358,-6.417,0.868,1359.574,,60.515,-1,,,-1,0,0,0,1,,,,1,49.173,284.756,-2.367
3,Day,2,U_Red_R,Practice,291.723,59.458,-6.275,0.868,1362.269,,60.35,-1,,,-1,0,0,0,1,,,,1,49.173,284.756,-2.367
3,Day,2,U_Red_R,Practice,291.823,59.558,-6.101,0.868,1364.96,,60.268,-1,,,-1,0,0,0,1,,,,1,49.173,284.756,-2.367
3,Day,2,U_Red_R,Practice,291.923,59.658,-5.901,0.868,1367.643,,60.186,-1,,,-1,0,0,0,1,,,,1,49.173,284.756,-2.367
3,Day,2,U_Red_R,Practice,292.023,59.757,-5.674,0.868,1370.324,,60.105,-1,,,-1,0,0,0,1,,,,1,49.173,284.756,-2.367
3,Day,2,U_Red_R,Practice,292.123,59.858,-5.42,0.868,1372.996,,60.028,-1,,,-1,0,0,0,1,,,,1,49.173,284.756,-2.367
3,Day,2,U_Red_R,Practice,292.223,59.957,-5.142,0.868,1375.668,,59.955,-1,,,-1,0,0,0,1,,,,1,49.173,284.756,-2.367
3,Day,2,U_Red_R,Practice,292.323,60.058,-4.844,0.868,1378.329,,60.04,-1,,,-1,0,0,0,1,,,,1,49.173,284.756,-2.367
3,Day,2,U_Red_R,Practice,292.423,60.157,-4.527,0.868,1381.001,,60.449,-1,,,-1,0,0,0,1,,,,1,49.173,284.756,-2.367
3,Day,2,U_Red_R,Practice,292.524,60.259,-4.191,0.868,1383.686,,60.705,-1,,,-1,0,0,0,1,,,,1,49.173,284.756,-2.367
3,Day,2,U_Red_R,Practice,292.622,60.357,-3.858,0.869,1386.386,,61.099,-1,,,-1,0,0,0,1,,,,1,49.173,284.756,-2.367
3,Day,2,U_Red_R,Practice,292.741,60.476,-3.464,0.87,1389.569,,61.177,-1,,,-1,0,0,0,1,,,,1,49.173,284.756,-2.367
3,Day,2,U_Red_R,Practice,292.823,60.558,-3.208,0.869,1391.83,,61.07,-1,,,-1,0,0,0,1,,,,1,49.173,284.756,-2.367
3,Day,2,U_Red_R,Practice,292.923,60.658,-2.928,0.868,1394.542,,61.015,-1,,,-1,0,0,0,1,,,,1,49.173,284.756,-2.367
3,Day,2,U_Red_R,Practice,293.023,60.758,-2.651,0.868,1397.25,,60.894,-1,,,-1,0,0,0,1,,,,1,49.173,284.756,-2.367
3,Day,2,U_Red_R,Practice,293.123,60.858,-2.362,0.868,1399.952,,60.797,-1,,,-1,0,0,0,1,,,,1,49.173,284.756,-2.367
3,Day,2,U_Red_R,Practice,293.223,60.958,-2.093,0.868,1402.652,,60.728,-1,,,-1,0,0,0,1,,,,1,49.173,284.756,-2.367
3,Day,2,U_Red_R,Practice,293.323,61.058,-1.838,0.868,1405.351,,60.666,-1,,,-1,0,0,0,1,,,,1,49.173,284.756,-2.367
3,Day,2,U_Red_R,Practice,293.422,61.157,-1.591,0.868,1408.05,,60.607,-1,,,-1,0,0,0,1,,,,1,49.173,284.756,-2.367
3,Day,2,U_Red_R,Practice,293.522,61.257,-1.347,0.868,1410.747,,60.549,-1,,,-1,0,0,0,1,,,,1,49.173,284.756,-2.367
3,Day,2,U_Red_R,Practice,293.64,61.375,-1.078,0.868,1413.89,,60.388,-1,,,-1,0,0,0,1,,,,1,49.173,284.756,-2.367
3,Day,2,U_Red_R,Practice,293.723,61.457,-0.915,0.868,1416.133,,60.316,-1,,,-1,0,0,0,1,,,,1,49.173,284.756,-2.367
3,Day,2,U_Red_R,Practice,293.824,61.559,-0.726,0.868,1418.82,,60.254,-1,,,-1,0,0,0,1,,,,1,49.173,284.756,-2.367
3,Day,2,U_Red_R,Practice,293.922,61.657,-0.554,0.868,1421.506,,60.113,-1,,,-1,0,0,0,1,,,,1,49.173,284.756,-2.367
3,Day,2,U_Red_R,Practice,294.023,61.757,-0.436,0.868,1424.186,,59.961,-1,,,-1,0,0,0,1,,,,1,49.173,284.756,-2.367
3,Day,2,U_Red_R,Practice,294.122,61.857,-0.349,0.868,1426.864,,59.873,-1,,,-1,0,0,0,1,,,,1,49.173,284.756,-2.367
3,Day,2,U_Red_R,Practice,294.222,61.957,-0.295,0.868,1429.539,,59.769,-1,,,-1,0,0,0,1,,,,1,49.173,284.756,-2.367
3,Day,2,U_Red_R,Practice,294.323,62.058,-0.244,0.868,1432.208,,59.657,-1,,,-1,0,0,0,1,,,,1,49.173,284.756,-2.367
3,Day,2,U_Red_R,Practice,294.421,62.156,-0.215,0.868,1434.872,,59.576,-1,,,-1,0,0,0,1,,,,1,49.173,284.756,-2.367
3,Day,2,U_Red_R,Practice,294.542,62.277,-0.207,0.868,1437.978,,59.5,-1,,,-1,0,0,0,1,,,,1,49.173,284.756,-2.367
3,Day,2,U_Red_R,Practice,294.622,62.356,-0.212,0.868,1440.193,,59.458,-1,,,-1,0,0,0,1,,,,1,49.173,284.756,-2.367
3,Day,2,U_Red_R,Practice,294.722,62.457,-0.223,0.868,1442.846,,59.067,-1,,,-1,0,0,0,1,,,,1,49.173,284.756,-2.367
3,Day,2,U_Red_R,Practice,294.822,62.557,-0.237,0.868,1445.477,,58.686,-1,,,-1,0,0,0,1,,,,1,49.173,284.756,-2.367
3,Day,2,U_Red_R,Practice,294.924,62.659,-0.253,0.868,1448.096,,58.355,-1,,,-1,0,0,0,1,,,,1,49.173,284.756,-2.367
3,Day,2,U_Red_R,Practice,295.023,62.757,-0.302,0.868,1450.694,,57.925,-1,,,-1,0,0,0,1,,,,1,49.173,284.756,-2.367
3,Day,2,U_Red_R,Practice,295.122,62.857,-0.364,0.868,1453.28,,57.803,-1,,,-1,0,0,0,1,,,,1,49.173,284.756,-2.367
3,Day,2,U_Red_R,Practice,295.223,62.958,-0.436,0.868,1455.862,,57.717,-1,,,-1,0,0,0,1,,,,1,49.173,284.756,-2.367
3,Day,2,U_Red_R,Practice,295.324,63.058,-0.521,0.868,1458.432,,57.247,-1,,,-1,0,0,0,1,,,,1,49.173,284.756,-2.367
3,Day,2,U_Red_R,Practice,295.423,63.158,-0.623,0.868,1460.984,,56.898,-1,,,-1,0,0,0,1,,,,1,49.173,284.756,-2.367
3,Day,2,U_Red_R,Practice,295.522,63.257,-0.742,0.868,1463.512,,56.336,-1,,,-1,0,0,0,1,,,,1,49.173,284.756,-2.367
3,Day,2,U_Red_R,Practice,295.621,63.356,-0.872,0.868,1466.026,,56.095,-1,,,-1,0,0,0,1,,,,1,49.173,284.756,-2.367
3,Day,2,U_Red_R,Practice,295.722,63.457,-0.991,0.868,1468.525,,55.989,-1,,,-1,0,0,0,1,,,,1,49.173,284.756,-2.367
3,Day,2,U_Red_R,Practice,295.822,63.557,-1.119,0.868,1471.022,,55.926,-1,,,-1,0,0,0,1,,,,1,49.173,284.756,-2.367
3,Day,2,U_Red_R,Practice,295.922,63.657,-1.249,0.868,1473.519,,55.87,-1,,,-1,0,0,0,1,,,,1,49.173,284.756,-2.367
3,Day,2,U_Red_R,Practice,296.022,63.757,-1.364,0.868,1476.01,,55.717,-1,,,-1,0,0,0,1,,,,1,49.173,284.756,-2.367
3,Day,2,U_Red_R,Practice,296.123,63.857,-1.441,0.868,1478.499,,55.637,-1,,,-1,0,0,0,1,,,,1,49.173,284.756,-2.367
3,Day,2,U_Red_R,Practice,296.223,63.958,-1.504,0.868,1480.983,,55.572,-1,,,-1,0,0,0,1,,,,1,49.173,284.756,-2.367
3,Day,2,U_Red_R,Practice,296.322,64.057,-1.526,0.868,1483.463,,55.367,-1,,,-1,0,0,0,1,,,,1,49.173,284.756,-2.367
3,Day,2,U_Red_R,Practice,296.423,64.157,-1.504,0.869,1485.936,,55.282,-1,,,-1,0,0,0,1,,,,1,49.173,284.756,-2.367
3,Day,2,U_Red_R,Practice,296.525,64.259,-1.449,0.871,1488.407,,55.193,-1,,,-1,0,0,0,1,,,,1,49.173,284.756,-2.367
3,Day,2,U_Red_R,Practice,296.622,64.357,-1.368,0.87,1490.869,,55.086,-1,,,-1,0,0,0,1,,,,1,49.173,284.756,-2.367
3,Day,2,U_Red_R,Practice,296.723,64.458,-1.292,0.869,1493.328,,54.989,-1,,,-1,0,0,0,1,,,,1,49.173,284.756,-2.367
3,Day,2,U_Red_R,Practice,296.822,64.557,-1.196,0.868,1495.784,,54.964,-1,,,-1,0,0,0,1,,,,1,49.173,284.756,-2.367
3,Day,2,U_Red_R,Practice,296.922,64.657,-1.087,0.868,1498.245,,55.399,-1,,,-1,0,0,0,1,,,,1,49.173,284.756,-2.367
3,Day,2,U_Red_R,Practice,297.023,64.758,-0.971,0.868,1500.73,,56.013,-1,,,-1,0,0,0,1,,,,1,49.173,284.756,-2.367
3,Day,2,U_Red_R,Practice,297.124,64.859,-0.854,0.868,1503.245,,56.662,-1,,,-1,0,0,0,1,,,,1,49.173,284.756,-2.367
3,Day,2,U_Red_R,Practice,297.222,64.957,-0.74,0.868,1505.787,,57.319,-1,,,-1,0,0,0,1,,,,1,49.173,284.756,-2.367
3,Day,2,U_Red_R,Practice,297.322,65.057,-0.628,0.868,1508.359,,57.977,-1,,,-1,0,0,0,1,,,,1,49.173,284.756,-2.367
3,Day,2,U_Red_R,Practice,297.44,65.174,-0.504,0.868,1511.398,,58.744,-1,,,-1,0,0,0,1,,,,1,49.173,284.756,-2.367
3,Day,2,U_Red_R,Practice,297.523,65.257,-0.419,0.868,1513.592,,59.293,-1,,,-1,0,0,0,1,,,,1,49.173,284.756,-2.367
3,Day,2,U_Red_R,Practice,297.622,65.357,-0.335,0.868,1516.253,,59.885,-1,,,-1,0,0,0,1,,,,1,49.173,284.756,-2.367
3,Day,2,U_Red_R,Practice,297.724,65.458,-0.267,0.868,1518.943,,60.537,-1,,,-1,0,0,0,1,,,,1,49.173,284.756,-2.367
3,Day,2,U_Red_R,Practice,297.839,65.574,-0.201,0.868,1522.115,,61.299,-1,,,-1,0,0,0,1,,,,1,49.173,284.756,-2.367
3,Day,2,U_Red_R,Practice,297.94,65.675,-0.158,0.868,1524.867,,61.951,-1,,,-1,0,0,0,1,,,,1,49.173,284.756,-2.367
3,Day,2,U_Red_R,Practice,298.022,65.757,-0.134,0.868,1527.183,,62.494,-1,,,-1,0,0,0,1,,,,1,49.173,284.756,-2.367
3,Day,2,U_Red_R,Practice,298.123,65.858,-0.118,0.868,1529.99,,63.146,-1,,,-1,0,0,0,1,,,,1,49.173,284.756,-2.367
3,Day,2,U_Red_R,Practice,298.222,65.957,-0.116,0.868,1532.824,,63.798,-1,,,-1,0,0,0,1,,,,1,49.173,284.756,-2.367
3,Day,2,U_Red_R,Practice,298.322,66.057,-0.126,0.868,1535.688,,64.299,-1,,,-1,0,0,0,1,,,,1,49.173,284.756,-2.367
3,Day,2,U_Red_R,Practice,298.422,66.157,-0.148,0.868,1538.565,,64.4,-1,,,-1,0,0,0,1,,,,1,49.173,284.756,-2.367
3,Day,2,U_Red_R,Practice,298.522,66.257,-0.18,0.868,1541.442,,64.382,-1,,,-1,0,0,0,1,,,,1,49.173,284.756,-2.367
3,Day,2,U_Red_R,Practice,298.622,66.357,-0.221,0.868,1544.319,,64.333,-1,,,-1,0,0,0,1,,,,1,49.173,284.756,-2.367
3,Day,2,U_Red_R,Practice,298.722,66.457,-0.268,0.868,1547.194,,64.274,-1,,,-1,0,0,0,1,,,,1,49.173,284.756,-2.367
3,Day,2,U_Red_R,Practice,298.822,66.557,-0.323,0.868,1550.064,,64.213,-1,,,-1,0,0,0,1,,,,1,49.173,284.756,-2.367
3,Day,2,U_Red_R,Practice,298.923,66.657,-0.382,0.868,1552.934,,64.151,-1,,,-1,0,0,0,1,,,,1,49.173,284.756,-2.367
3,Day,2,U_Red_R,Practice,299.022,66.757,-0.447,0.868,1555.801,,64.09,-1,,,-1,0,0,0,1,,,,1,49.173,284.756,-2.367
3,Day,2,U_Red_R,Practice,299.122,66.857,-0.515,0.868,1558.662,,64.028,-1,,,-1,0,0,0,1,,,,1,49.173,284.756,-2.367
3,Day,2,U_Red_R,Practice,299.239,66.973,-0.598,0.868,1561.998,,63.957,-1,,,-1,0,0,0,1,,,,1,49.173,284.756,-2.367
3,Day,2,U_Red_R,Practice,299.322,67.057,-0.661,0.868,1564.38,,63.906,-1,,,-1,0,0,0,1,,,,1,49.173,284.756,-2.367
3,Day,2,U_Red_R,Practice,299.422,67.157,-0.737,0.868,1567.234,,63.845,-1,,,-1,0,0,0,1,,,,1,49.173,284.756,-2.367
3,Day,2,U_Red_R,Practice,299.522,67.256,-0.816,0.868,1570.085,,63.784,-1,,,-1,0,0,0,1,,,,1,49.173,284.756,-2.367
3,Day,2,U_Red_R,Practice,299.622,67.357,-0.896,0.868,1572.942,,63.723,-1,,,-1,0,0,0,1,,,,1,49.173,284.756,-2.367
3,Day,2,U_Red_R,Practice,299.723,67.458,-0.977,0.868,1575.785,,63.662,-1,,,-1,0,0,0,1,,,,1,49.173,284.756,-2.367
3,Day,2,U_Red_R,Practice,299.822,67.557,-1.06,0.868,1578.626,,63.602,-1,,,-1,0,0,0,1,,,,1,49.173,284.756,-2.367
3,Day,2,U_Red_R,Practice,299.922,67.657,-1.143,0.868,1581.465,,63.541,-1,,,-1,0,0,0,1,,,,1,49.173,284.756,-2.367
3,Day,2,U_Red_R,Practice,300.04,67.775,-1.241,0.868,1584.776,,63.47,-1,,,-1,0,0,0,1,,,,1,49.173,284.756,-2.367
3,Day,2,U_Red_R,Practice,300.122,67.857,-1.312,0.868,1587.138,,63.42,-1,,,-1,0,0,0,1,,,,1,49.173,284.756,-2.367
3,Day,2,U_Red_R,Practice,300.223,67.957,-1.397,0.868,1589.971,,63.36,-1,,,-1,0,0,0,1,,,,1,49.173,284.756,-2.367
3,Day,2,U_Red_R,Practice,300.322,68.057,-1.483,0.869,1592.8,,63.299,-1,,,-1,0,0,0,1,,,,1,49.173,284.756,-2.367
3,Day,2,U_Red_R,Practice,300.422,68.157,-1.569,0.87,1595.636,,63.239,-1,,,-1,0,0,0,1,,,,1,49.173,284.756,-2.367
3,Day,2,U_Red_R,Practice,300.522,68.257,-1.655,0.87,1598.458,,63.179,-1,,,-1,0,0,0,1,,,,1,49.173,284.756,-2.367
3,Day,2,U_Red_R,Practice,300.624,68.359,-1.741,0.869,1601.275,,63.119,-1,,,-1,0,0,0,1,,,,1,49.173,284.756,-2.367
3,Day,2,U_Red_R,Practice,300.722,68.457,-1.828,0.868,1604.093,,63.059,-1,,,-1,0,0,0,1,,,,1,49.173,284.756,-2.367
3,Day,2,U_Red_R,Practice,300.822,68.557,-1.914,0.868,1606.909,,62.999,-1,,,-1,0,0,0,1,,,,1,49.173,284.756,-2.367
3,Day,2,U_Red_R,Practice,300.922,68.657,-2.001,0.868,1609.722,,62.939,-1,,,-1,0,0,0,1,,,,1,49.173,284.756,-2.367
3,Day,2,U_Red_R,Practice,301.022,68.757,-2.087,0.868,1612.54,,62.879,-1,,,-1,0,0,0,1,,,,1,49.173,284.756,-2.367
3,Day,2,U_Red_R,Practice,301.122,68.857,-2.174,0.868,1615.342,,62.819,-1,,,-1,0,0,0,1,,,,1,49.173,284.756,-2.367
3,Day,2,U_Red_R,Practice,301.222,68.956,-2.26,0.868,1618.148,,62.759,-1,,,-1,0,0,0,1,,,,1,49.173,284.756,-2.367
3,Day,2,U_Red_R,Practice,301.322,69.056,-2.347,0.868,1620.952,,62.699,-1,,,-1,0,0,0,1,,,,1,49.173,284.756,-2.367
3,Day,2,U_Red_R,Practice,301.422,69.157,-2.433,0.868,1623.751,,62.64,-1,,,-1,0,0,0,1,,,,1,49.173,284.756,-2.367
3,Day,2,U_Red_R,Practice,301.539,69.274,-2.534,0.868,1627.02,,62.57,-1,,,-1,0,0,0,1,,,,1,49.173,284.756,-2.367
3,Day,2,U_Red_R,Practice,301.622,69.357,-2.606,0.868,1629.35,,62.52,-1,,,-1,0,0,0,1,,,,1,49.173,284.756,-2.367
3,Day,2,U_Red_R,Practice,301.722,69.457,-2.693,0.868,1632.14,,62.461,-1,,,-1,0,0,0,1,,,,1,49.173,284.756,-2.367
3,Day,2,U_Red_R,Practice,301.822,69.557,-2.779,0.868,1634.926,,62.401,-1,,,-1,0,0,0,1,,,,1,49.173,284.756,-2.367
3,Day,2,U_Red_R,Practice,301.921,69.656,-2.865,0.868,1637.711,,62.342,-1,,,-1,0,0,0,1,,,,1,49.173,284.756,-2.367
3,Day,2,U_Red_R,Practice,302.021,69.756,-2.951,0.868,1640.497,,62.283,-1,,,-1,0,0,0,1,,,,1,49.173,284.756,-2.367
3,Day,2,U_Red_R,Practice,302.123,69.857,-3.037,0.868,1643.283,,62.223,-1,,,-1,0,0,0,1,,,,1,49.173,284.756,-2.367
3,Day,2,U_Red_R,Practice,302.222,69.957,-3.123,0.868,1646.057,,62.164,-1,,,-1,0,0,0,1,,,,1,49.173,284.756,-2.367
3,Day,2,U_Red_R,Practice,302.322,70.057,-3.209,0.868,1648.834,,62.105,-1,,,-1,0,0,0,1,,,,1,49.173,284.756,-2.367
3,Day,2,U_Red_R,Practice,302.422,70.157,-3.295,0.868,1651.608,,62.046,-1,,,-1,0,0,0,1,,,,1,49.173,284.756,-2.367
3,Day,2,U_Red_R,Practice,302.522,70.257,-3.381,0.868,1654.379,,61.987,-1,,,-1,0,0,0,1,,,,1,49.173,284.756,-2.367
3,Day,2,U_Red_R,Practice,302.621,70.356,-3.466,0.868,1657.146,,61.928,-1,,,-1,0,0,0,1,,,,1,49.173,284.756,-2.367
3,Day,2,U_Red_R,Practice,302.722,70.457,-3.552,0.868,1659.912,,61.869,-1,,,-1,0,0,0,1,,,,1,49.173,284.756,-2.367
3,Day,2,U_Red_R,Practice,302.822,70.557,-3.638,0.868,1662.676,,61.81,-1,,,-1,0,0,0,1,,,,1,49.173,284.756,-2.367
3,Day,2,U_Red_R,Practice,302.922,70.657,-3.723,0.868,1665.439,,61.751,-1,,,-1,0,0,0,1,,,,1,49.173,284.756,-2.367
3,Day,2,U_Red_R,Practice,303.022,70.757,-3.808,0.868,1668.194,,61.692,-1,,,-1,0,0,0,1,,,,1,49.173,284.756,-2.367
3,Day,2,U_Red_R,Practice,303.122,70.857,-3.894,0.869,1670.95,,61.633,-1,,,-1,0,0,0,1,,,,1,49.173,284.756,-2.367
3,Day,2,U_Red_R,Practice,303.222,70.957,-3.979,0.87,1673.703,,61.575,-1,,,-1,0,0,0,1,,,,1,49.173,284.756,-2.367
3,Day,2,U_Red_R,Practice,303.321,71.056,-4.064,0.871,1676.452,,61.516,-1,,,-1,0,0,0,1,,,,1,49.173,284.756,-2.367
3,Day,2,U_Red_R,Practice,303.422,71.157,-4.149,0.869,1679.2,,61.458,-1,,,-1,0,0,0,1,,,,1,49.173,284.756,-2.367
3,Day,2,U_Red_R,Practice,303.522,71.257,-4.234,0.868,1681.945,,61.399,-1,,,-1,0,0,0,1,,,,1,49.173,284.756,-2.367
3,Day,2,U_Red_R,Practice,303.622,71.357,-4.319,0.868,1684.687,,61.341,-1,,,-1,0,0,0,1,,,,1,49.173,284.756,-2.367
3,Day,2,U_Red_R,Practice,303.722,71.457,-4.404,0.868,1687.427,,61.282,-1,,,-1,0,0,0,1,,,,1,49.173,284.756,-2.367
3,Day,2,U_Red_R,Practice,303.822,71.556,-4.488,0.868,1690.164,,61.224,-1,,,-1,0,0,0,1,,,,1,49.173,284.756,-2.367
3,Day,2,U_Red_R,Practice,303.922,71.657,-4.573,0.868,1692.898,,61.166,-1,,,-1,0,0,0,1,,,,1,49.173,284.756,-2.367
3,Day,2,U_Red_R,Practice,304.022,71.757,-4.657,0.868,1695.63,,61.107,-1,,,-1,0,0,0,1,,,,1,49.173,284.756,-2.367
3,Day,2,U_Red_R,Practice,304.121,71.856,-4.742,0.868,1698.358,,61.049,-1,,,-1,0,0,0,1,,,,1,49.173,284.756,-2.367
3,Day,2,U_Red_R,Practice,304.222,71.956,-4.826,0.868,1701.085,,60.991,-1,,,-1,0,0,0,1,,,,1,49.173,284.756,-2.367
3,Day,2,U_Red_R,Practice,304.327,72.062,-4.914,0.868,1703.933,,60.933,-1,,,-1,0,0,0,1,,,,1,49.173,284.756,-2.367
3,Day,2,U_Red_R,Practice,304.422,72.157,-4.995,0.868,1706.534,,60.875,-1,,,-1,0,0,0,1,,,,1,49.173,284.756,-2.367
3,Day,2,U_Red_R,Practice,304.522,72.257,-5.079,0.868,1709.25,,60.817,-1,,,-1,0,0,0,1,,,,1,49.173,284.756,-2.367
3,Day,2,U_Red_R,Practice,304.621,72.356,-5.163,0.868,1711.966,,60.759,-1,,,-1,0,0,0,1,,,,1,49.173,284.756,-2.367
3,Day,2,U_Red_R,Practice,304.722,72.457,-5.247,0.868,1714.68,,60.701,-1,,,-1,0,0,0,1,,,,1,49.173,284.756,-2.367
3,Day,2,U_Red_R,Practice,304.821,72.556,-5.331,0.868,1717.397,,60.644,-1,,,-1,0,0,0,1,,,,1,49.173,284.756,-2.367
3,Day,2,U_Red_R,Practice,304.922,72.656,-5.415,0.868,1720.103,,60.586,-1,,,-1,0,0,0,1,,,,1,49.173,284.756,-2.367
3,Day,2,U_Red_R,Practice,305.022,72.757,-5.498,0.868,1722.806,,60.528,-1,,,-1,0,0,0,1,,,,1,49.173,284.756,-2.367
3,Day,2,U_Red_R,Practice,305.139,72.874,-5.596,0.868,1725.96,,60.461,-1,,,-1,0,0,0,1,,,,1,49.173,284.756,-2.367
3,Day,2,U_Red_R,Practice,305.222,72.957,-5.665,0.868,1728.209,,60.413,-1,,,-1,0,0,0,1,,,,1,49.173,284.756,-2.367
3,Day,2,U_Red_R,Practice,305.321,73.056,-5.749,0.868,1730.906,,60.355,-1,,,-1,0,0,0,1,,,,1,49.173,284.756,-2.367
3,Day,2,U_Red_R,Practice,305.422,73.157,-5.832,0.868,1733.607,,60.298,-1,,,-1,0,0,0,1,,,,1,49.173,284.756,-2.367
3,Day,2,U_Red_R,Practice,305.522,73.257,-5.916,0.868,1736.297,,60.241,-1,,,-1,0,0,0,1,,,,1,49.173,284.756,-2.367
3,Day,2,U_Red_R,Practice,305.621,73.356,-5.999,0.868,1738.987,,60.183,-1,,,-1,0,0,0,1,,,,1,49.173,284.756,-2.367
3,Day,2,U_Red_R,Practice,305.722,73.456,-6.082,0.868,1741.675,,60.126,-1,,,-1,0,0,0,1,,,,1,49.173,284.756,-2.367
3,Day,2,U_Red_R,Practice,305.821,73.556,-6.165,0.868,1744.361,,60.069,-1,,,-1,0,0,0,1,,,,1,49.173,284.756,-2.367
3,Day,2,U_Red_R,Practice,305.921,73.656,-6.248,0.868,1747.043,,60.012,-1,,,-1,0,0,0,1,,,,1,49.173,284.756,-2.367
3,Day,2,U_Red_R,Practice,306.023,73.758,-6.331,0.868,1749.724,,59.954,-1,,,-1,0,0,0,1,,,,1,49.173,284.756,-2.367
3,Day,2,U_Red_R,Practice,306.139,73.873,-6.427,0.868,1752.846,,59.888,-1,,,-1,0,0,0,1,,,,1,49.173,284.756,-2.367
3,Day,2,U_Red_R,Practice,306.222,73.956,-6.496,0.868,1755.076,,59.84,-1,,,-1,0,0,0,1,,,,1,49.173,284.756,-2.367
3,Day,2,U_Red_R,Practice,306.322,74.056,-6.579,0.868,1757.748,,59.783,-1,,,-1,0,0,0,1,,,,1,49.173,284.756,-2.367
3,Day,2,U_Red_R,Practice,306.422,74.157,-6.662,0.868,1760.419,,59.726,-1,,,-1,0,0,0,1,,,,1,49.173,284.756,-2.367
3,Day,2,U_Red_R,Practice,306.521,74.256,-6.744,0.868,1763.086,,59.67,-1,,,-1,0,0,0,1,,,,1,49.173,284.756,-2.367
3,Day,2,U_Red_R,Practice,306.64,74.374,-6.84,0.868,1766.198,,59.603,-1,,,-1,0,0,0,1,,,,1,49.173,284.756,-2.367
3,Day,2,U_Red_R,Practice,306.723,74.458,-6.909,0.868,1768.414,,59.556,-1,,,-1,0,0,0,1,,,,1,49.173,284.756,-2.367
3,Day,2,U_Red_R,Practice,306.822,74.557,-6.991,0.869,1771.073,,59.499,-1,,,-1,0,0,0,1,,,,1,49.173,284.756,-2.367
3,Day,2,U_Red_R,Practice,306.922,74.657,-7.073,0.871,1773.731,,59.443,-1,,,-1,0,0,0,1,,,,1,49.173,284.756,-2.367
3,Day,2,U_Red_R,Practice,307.021,74.756,-7.155,0.872,1776.386,,59.386,-1,,,-1,0,0,0,1,,,,1,49.173,284.756,-2.367
3,Day,2,U_Red_R,Practice,307.14,74.875,-7.251,0.87,1779.481,,59.32,-1,,,-1,0,0,0,1,,,,1,49.173,284.756,-2.367
3,Day,2,U_Red_R,Practice,307.222,74.957,-7.319,0.868,1781.688,,59.273,-1,,,-1,0,0,0,1,,,,1,49.173,284.756,-2.367
3,Day,2,U_Red_R,Practice,307.322,75.057,-7.401,0.867,1784.34,,59.217,-1,,,-1,0,0,0,1,,,,1,49.173,284.756,-2.367
3,Day,2,U_Red_R,Practice,307.44,75.174,-7.497,0.867,1787.425,,59.151,-1,,,-1,0,0,0,1,,,,1,49.173,284.756,-2.367
3,Day,2,U_Red_R,Practice,307.521,75.256,-7.565,0.868,1789.625,,59.104,-1,,,-1,0,0,0,1,,,,1,49.173,284.756,-2.367
3,Day,2,U_Red_R,Practice,307.622,75.356,-7.646,0.868,1792.262,,59.048,-1,,,-1,0,0,0,1,,,,1,49.173,284.756,-2.367
3,Day,2,U_Red_R,Practice,307.721,75.456,-7.728,0.868,1794.904,,58.991,-1,,,-1,0,0,0,1,,,,1,49.173,284.756,-2.367
3,Day,2,U_Red_R,Practice,307.821,75.556,-7.81,0.868,1797.536,,58.935,-1,,,-1,0,0,0,1,,,,1,49.173,284.756,-2.367
3,Day,2,U_Red_R,Practice,307.922,75.657,-7.891,0.868,1800.166,,58.879,-1,,,-1,0,0,0,1,,,,1,49.173,284.756,-2.367
3,Day,2,U_Red_R,Practice,308.022,75.757,-7.972,0.868,1802.795,,58.823,-1,,,-1,0,0,0,1,,,,1,49.173,284.756,-2.367
3,Day,2,U_Red_R,Practice,308.122,75.857,-8.053,0.868,1805.423,,58.767,-1,,,-1,0,0,0,1,,,,1,49.173,284.756,-2.367
3,Day,2,U_Red_R,Practice,308.222,75.956,-8.135,0.868,1808.049,,58.711,-1,,,-1,0,0,0,1,,,,1,49.173,284.756,-2.367
3,Day,2,U_Red_R,Practice,308.321,76.056,-8.216,0.868,1810.668,,58.655,-1,,,-1,0,0,0,1,,,,1,49.173,284.756,-2.367
3,Day,2,U_Red_R,Practice,308.421,76.156,-8.297,0.868,1813.289,,58.599,-1,,,-1,0,0,0,1,,,,1,49.173,284.756,-2.367
3,Day,2,U_Red_R,Practice,308.522,76.256,-8.378,0.868,1815.908,,58.544,-1,,,-1,0,0,0,1,,,,1,49.173,284.756,-2.367
3,Day,2,U_Red_R,Practice,308.622,76.357,-8.458,0.868,1818.521,,58.488,-1,,,-1,0,0,0,1,,,,1,49.173,284.756,-2.367
3,Day,2,U_Red_R,Practice,308.722,76.456,-8.539,0.868,1821.133,,58.432,-1,,,-1,0,0,0,1,,,,1,49.173,284.756,-2.367
3,Day,2,U_Red_R,Practice,308.821,76.556,-8.62,0.868,1823.743,,58.377,-1,,,-1,0,0,0,1,,,,1,49.173,284.756,-2.367
3,Day,2,U_Red_R,Practice,308.921,76.656,-8.7,0.868,1826.35,,58.321,-1,,,-1,0,0,0,1,,,,1,49.173,284.756,-2.367
3,Day,2,U_Red_R,Practice,309.022,76.757,-8.781,0.868,1828.956,,58.266,-1,,,-1,0,0,0,1,,,,1,49.173,284.756,-2.367
3,Day,2,U_Red_R,Practice,309.12,76.855,-8.861,0.868,1831.556,,58.21,-1,,,-1,0,0,0,1,,,,1,49.173,284.756,-2.367
3,Day,2,U_Red_R,Practice,309.221,76.956,-8.942,0.868,1834.157,,58.155,-1,,,-1,0,0,0,1,,,,1,49.173,284.756,-2.367
3,Day,2,U_Red_R,Practice,309.322,77.056,-9.022,0.868,1836.754,,58.099,-1,,,-1,0,0,0,1,,,,1,49.173,284.756,-2.367
3,Day,2,U_Red_R,Practice,309.421,77.156,-9.102,0.868,1839.35,,58.044,-1,,,-1,0,0,0,1,,,,1,49.173,284.756,-2.367
3,Day,2,U_Red_R,Practice,309.522,77.256,-9.182,0.868,1841.941,,57.989,-1,,,-1,0,0,0,1,,,,1,49.173,284.756,-2.367
3,Day,2,U_Red_R,Practice,309.621,77.356,-9.262,0.87,1844.531,,57.934,-1,,,-1,0,0,0,1,,,,1,49.173,284.756,-2.367
3,Day,2,U_Red_R,Practice,309.722,77.457,-9.342,0.872,1847.12,,57.878,-1,,,-1,0,0,0,1,,,,1,49.173,284.756,-2.367
3,Day,2,U_Red_R,Practice,309.821,77.556,-9.422,0.872,1849.704,,57.823,-1,,,-1,0,0,0,1,,,,1,49.173,284.756,-2.367
3,Day,2,U_Red_R,Practice,309.921,77.656,-9.502,0.869,1852.285,,57.768,-1,,,-1,0,0,0,1,,,,1,49.173,284.756,-2.367
3,Day,2,U_Red_R,Practice,310.022,77.756,-9.582,0.868,1854.867,,57.713,-1,,,-1,0,0,0,1,,,,1,49.173,284.756,-2.367
3,Day,2,U_Red_R,Practice,310.121,77.856,-9.661,0.867,1857.444,,57.658,-1,,,-1,0,0,0,1,,,,1,49.173,284.756,-2.367
3,Day,2,U_Red_R,Practice,310.153,77.888,-9.661,0.867,1857.444,,57.658,77.888,,,-1,0,0,0,1,,,,1,49.173,284.756,-2.367
3,Day,2,U_Red_R,Practice,310.22,77.954,-9.661,0.867,1857.444,,57.658,77.888,,,-1,0,0,0,1,,,,1,49.173,284.756,-2.367
3,Day,2,U_Red_R,Practice,310.32,78.054,-9.661,0.867,1857.444,,57.658,77.888,,,-1,0,0,0,1,,,,1,49.173,284.756,-2.367
3,Day,2,U_Red_R,Practice,310.42,78.155,-9.661,0.867,1857.444,,57.658,77.888,,,-1,0,0,0,1,,,,1,49.173,284.756,-2.367
3,Day,2,U_Red_R,Practice,310.52,78.254,-9.661,0.867,1857.444,,57.658,77.888,,,-1,0,0,0,1,,,,1,49.173,284.756,-2.367
3,Day,2,U_Red_R,Practice,310.62,78.355,-9.661,0.867,1857.444,,57.658,77.888,,,-1,0,0,0,1,,,,1,49.173,284.756,-2.367
3,Day,2,U_Red_R,Practice,310.72,78.454,-9.661,0.867,1857.444,,57.658,77.888,,,-1,0,0,0,1,,,,1,49.173,284.756,-2.367
3,Day,2,U_Red_R,Practice,310.82,78.554,-9.661,0.867,1857.444,,57.658,77.888,,,-1,0,0,0,1,,,,1,49.173,284.756,-2.367
3,Day,2,U_Red_R,Practice,310.919,78.654,-9.661,0.867,1857.444,,57.658,77.888,,,-1,0,0,0,1,,,,1,49.173,284.756,-2.367
3,Day,2,U_Red_R,Practice,311.02,78.754,-9.661,0.867,1857.444,,57.658,77.888,,,-1,0,0,0,1,,,,1,49.173,284.756,-2.367
3,Day,2,U_Red_R,Practice,311.12,78.855,-9.661,0.867,1857.444,,57.658,77.888,,,-1,0,0,0,1,,,,1,49.173,284.756,-2.367
3,Day,2,U_Red_R,Practice,311.219,78.954,-9.661,0.867,1857.444,,57.658,77.888,,,-1,0,0,0,1,,,,1,49.173,284.756,-2.367
3,Day,2,U_Red_R,Practice,311.32,79.054,-9.661,0.867,1857.444,,57.658,77.888,,,-1,0,0,0,1,,,,1,49.173,284.756,-2.367
3,Day,2,U_Red_R,Practice,311.42,79.154,-9.661,0.867,1857.444,,57.658,77.888,,,-1,0,0,0,1,,,,1,49.173,284.756,-2.367
3,Day,2,U_Red_R,Practice,311.52,79.254,-9.661,0.867,1857.444,,57.658,77.888,,,-1,0,0,0,1,,,,1,49.173,284.756,-2.367
3,Day,2,U_Red_R,Practice,311.62,79.355,-9.661,0.867,1857.444,,57.658,77.888,,,-1,0,0,0,1,,,,1,49.173,284.756,-2.367
3,Day,2,U_Red_R,Practice,311.72,79.454,-9.661,0.867,1857.444,,57.658,77.888,,,-1,0,0,0,1,,,,1,49.173,284.756,-2.367
3,Day,2,U_Red_R,Practice,311.837,79.571,-9.661,0.867,1857.444,,57.658,77.888,,,-1,0,0,0,1,,,,1,49.173,284.756,-2.367
3,Day,2,U_Red_R,Practice,311.92,79.654,-9.661,0.867,1857.444,,57.658,77.888,,,-1,0,0,0,1,,,,1,49.173,284.756,-2.367
3,Day,2,U_Red_R,Practice,312.019,79.754,-9.661,0.867,1857.444,,57.658,77.888,,,-1,0,0,0,1,,,,1,49.173,284.756,-2.367
3,Day,2,U_Red_R,Practice,312.121,79.856,-9.661,0.867,1857.444,,57.658,77.888,,,-1,0,0,0,1,,,,1,49.173,284.756,-2.367
3,Day,2,U_Red_R,Practice,312.22,79.954,-9.661,0.867,1857.444,,57.658,77.888,,,-1,0,0,0,1,,,,1,49.173,284.756,-2.367
3,Day,2,U_Red_R,Practice,312.32,80.054,-9.661,0.867,1857.444,,57.658,77.888,,,-1,0,0,0,1,,,,1,49.173,284.756,-2.367
3,Day,2,U_Red_R,Practice,312.42,80.155,-9.661,0.867,1857.444,,57.658,77.888,,,-1,0,0,0,1,,,,1,49.173,284.756,-2.367
3,Day,2,U_Red_R,Practice,312.519,80.254,-9.661,0.867,1857.444,,57.658,77.888,,,-1,0,0,0,1,,,,1,49.173,284.756,-2.367
3,Day,2,U_Red_R,Practice,312.62,80.355,-9.661,0.867,1857.444,,57.658,77.888,,,-1,0,0,0,1,,,,1,49.173,284.756,-2.367
3,Day,2,U_Red_R,Practice,312.72,80.454,-9.661,0.867,1857.444,,57.658,77.888,,,-1,0,0,0,1,,,,1,49.173,284.756,-2.367
3,Day,2,U_Red_R,Practice,312.82,80.554,-9.661,0.867,1857.444,,57.658,77.888,,,-1,0,0,0,1,,,,1,49.173,284.756,-2.367
3,Day,2,U_Red_R,Practice,312.919,80.654,-9.661,0.867,1857.444,,57.658,77.888,,,-1,0,0,0,1,,,,1,49.173,284.756,-2.367
3,Day,2,U_Red_R,Practice,313.02,80.754,-9.661,0.867,1857.444,,57.658,77.888,,,-1,0,0,0,1,,,,1,49.173,284.756,-2.367
3,Day,2,U_Red_R,Practice,313.119,80.854,-9.661,0.867,1857.444,,57.658,77.888,,,-1,0,0,0,1,,,,1,49.173,284.756,-2.367
3,Day,2,U_Red_R,Practice,313.22,80.954,-9.661,0.867,1857.444,,57.658,77.888,,,-1,0,0,0,1,,,,1,49.173,284.756,-2.367
3,Day,2,U_Red_R,Practice,313.32,81.055,-9.661,0.867,1857.444,,57.658,77.888,,,-1,0,0,0,1,,,,1,49.173,284.756,-2.367
3,Day,2,U_Red_R,Practice,313.419,81.154,-9.661,0.867,1857.444,,57.658,77.888,,,-1,0,0,0,1,,,,1,49.173,284.756,-2.367
3,Day,2,U_Red_R,Practice,313.519,81.254,-9.661,0.867,1857.444,,57.658,77.888,,,-1,0,0,0,1,,,,1,49.173,284.756,-2.367
3,Day,2,U_Red_R,Practice,313.619,81.354,-9.661,0.867,1857.444,,57.658,77.888,,,-1,0,0,0,1,,,,1,49.173,284.756,-2.367
3,Day,2,U_Red_R,Practice,313.719,81.454,-9.661,0.867,1857.444,,57.658,77.888,,,-1,0,0,0,1,,,,1,49.173,284.756,-2.367
3,Day,2,U_Red_R,Practice,313.819,81.554,-9.661,0.867,1857.444,,57.658,77.888,,,-1,0,0,0,1,,,,1,49.173,284.756,-2.367
3,Day,2,U_Red_R,Practice,313.92,81.654,-9.661,0.867,1857.444,,57.658,77.888,,,-1,0,0,0,1,,,,1,49.173,284.756,-2.367
3,Day,2,U_Red_R,Practice,314.02,81.754,-9.661,0.867,1857.444,,57.658,77.888,,,-1,0,0,0,1,,,,1,49.173,284.756,-2.367
3,Day,2,U_Red_R,Practice,314.119,81.854,-9.661,0.867,1857.444,,57.658,77.888,,,-1,0,0,0,1,,,,1,49.173,284.756,-2.367
3,Day,2,U_Red_R,Practice,314.219,81.954,-9.661,0.867,1857.444,,57.658,77.888,,,-1,0,0,0,1,,,,1,49.173,284.756,-2.367
3,Day,2,U_Red_R,Practice,314.319,82.054,-9.661,0.867,1857.444,,57.658,77.888,,,-1,0,0,0,1,,,,1,49.173,284.756,-2.367
3,Day,2,U_Red_R,Practice,314.419,82.154,-9.661,0.867,1857.444,,57.658,77.888,,,-1,0,0,0,1,,,,1,49.173,284.756,-2.367
3,Day,2,U_Red_R,Practice,314.52,82.254,-9.661,0.867,1857.444,,57.658,77.888,,,-1,0,0,0,1,,,,1,49.173,284.756,-2.367
3,Day,2,U_Red_R,Practice,314.619,82.354,-9.661,0.867,1857.444,,57.658,77.888,,,-1,0,0,0,1,,,,1,49.173,284.756,-2.367
3,Day,2,U_Red_R,Practice,314.719,82.454,-9.661,0.867,1857.444,,57.658,77.888,,,-1,0,0,0,1,,,,1,49.173,284.756,-2.367
3,Day,2,U_Red_R,Practice,314.819,82.554,-9.661,0.867,1857.444,,57.658,77.888,,,-1,0,0,0,1,,,,1,49.173,284.756,-2.367
3,Day,2,U_Red_R,Practice,314.919,82.654,-9.661,0.867,1857.444,,57.658,77.888,,,-1,0,0,0,1,,,,1,49.173,284.756,-2.367
3,Day,2,U_Red_R,Practice,315.02,82.755,-9.661,0.867,1857.444,,57.658,77.888,,,-1,0,0,0,1,,,,1,49.173,284.756,-2.367
3,Day,2,U_Red_R,Practice,315.119,82.854,-9.661,0.867,1857.444,,57.658,77.888,,,-1,0,0,0,1,,,,1,49.173,284.756,-2.367
3,Day,2,U_Red_R,Practice,315.219,82.954,-9.661,0.867,1857.444,,57.658,77.888,,,-1,0,0,0,1,,,,1,49.173,284.756,-2.367
3,Day,2,U_Red_R,Practice,315.319,83.054,-9.661,0.867,1857.444,,57.658,77.888,,,-1,0,0,0,1,,,,1,49.173,284.756,-2.367
3,Day,2,U_Red_R,Practice,315.419,83.154,-9.661,0.867,1857.444,,57.658,77.888,,,-1,0,0,0,1,,,,1,49.173,284.756,-2.367
3,Day,2,U_Red_R,Practice,315.519,83.254,-9.661,0.867,1857.444,,57.658,77.888,,,-1,0,0,0,1,,,,1,49.173,284.756,-2.367
3,Day,2,U_Red_R,Practice,315.62,83.355,-9.661,0.867,1857.444,,57.658,77.888,,,-1,0,0,0,1,,,,1,49.173,284.756,-2.367
3,Day,2,U_Red_R,Practice,315.72,83.455,-9.661,0.867,1857.444,,57.658,77.888,,,-1,0,0,0,1,,,,1,49.173,284.756,-2.367
3,Day,2,U_Red_R,Practice,315.82,83.555,-9.661,0.867,1857.444,,57.658,77.888,,,-1,0,0,0,1,,,,1,49.173,284.756,-2.367
3,Day,2,U_Red_R,Practice,315.919,83.654,-9.661,0.867,1857.444,,57.658,77.888,,,-1,0,0,0,1,,,,1,49.173,284.756,-2.367
3,Day,2,U_Red_R,Practice,316.019,83.754,-9.661,0.867,1857.444,,57.658,77.888,,,-1,0,0,0,1,,,,1,49.173,284.756,-2.367
3,Day,2,U_Red_R,Practice,316.119,83.854,-9.661,0.867,1857.444,,57.658,77.888,,,-1,0,0,0,1,,,,1,49.173,284.756,-2.367
3,Day,2,U_Red_R,Practice,316.219,83.954,-9.661,0.867,1857.444,,57.658,77.888,,,-1,0,0,0,1,,,,1,49.173,284.756,-2.367
3,Day,2,U_Red_R,Practice,316.319,84.054,-9.661,0.867,1857.444,,57.658,77.888,,,-1,0,0,0,1,,,,1,49.173,284.756,-2.367
3,Day,2,U_Red_R,Practice,316.37,84.105,-9.661,0.867,1857.444,,57.658,77.888,Amber,0,6.217,0,0,0,1,,,,1,49.173,284.756,-2.367
3,Day,2,U_Red_R,Practice,316.419,84.154,-9.661,0.867,1857.444,,57.658,77.888,Amber,0,6.217,0,0,0,1,,,,1,49.173,284.756,-2.367
3,Day,2,U_Red_R,Practice,316.536,84.271,-9.661,0.867,1857.444,,57.658,77.888,Amber,0,6.217,0,0,0,1,,,,1,49.173,284.756,-2.367
3,Day,2,U_Red_R,Practice,316.619,84.354,-9.661,0.867,1857.444,,57.658,77.888,Amber,0,6.217,0,0,0,1,,,,1,49.173,284.756,-2.367
3,Day,2,U_Red_R,Practice,316.719,84.454,-9.661,0.867,1857.444,,57.658,77.888,Amber,0,6.217,0,0,0,1,,,,1,49.173,284.756,-2.367
3,Day,2,U_Red_R,Practice,316.82,84.555,-9.661,0.867,1857.444,,57.658,77.888,Amber,0,6.217,0,0,0,1,,,,1,49.173,284.756,-2.367
3,Day,2,U_Red_R,Practice,316.919,84.654,-9.661,0.867,1857.444,,57.658,77.888,Amber,0,6.217,0,0,0,1,,,,1,49.173,284.756,-2.367
3,Day,2,U_Red_R,Practice,317.019,84.754,-9.661,0.867,1857.444,,57.658,77.888,Amber,0,6.217,0,0,0,1,,,,1,49.173,284.756,-2.367
3,Day,2,U_Red_R,Practice,317.136,84.87,-9.661,0.867,1857.444,,57.658,77.888,Amber,0,6.217,0,0,0,1,,,,1,49.173,284.756,-2.367
3,Day,2,U_Red_R,Practice,317.219,84.954,-9.661,0.867,1857.444,,57.658,77.888,Amber,0,6.217,0,0,0,1,,,,1,49.173,284.756,-2.367
3,Day,2,U_Red_R,Practice,317.319,85.054,-9.661,0.867,1857.444,,57.658,77.888,Amber,0,6.217,0,0,0,1,,,,1,49.173,284.756,-2.367
3,Day,2,U_Red_R,Practice,317.419,85.154,-9.661,0.867,1857.444,,57.658,77.888,Amber,0,6.217,0,0,0,1,,,,1,49.173,284.756,-2.367
3,Day,2,U_Red_R,Practice,317.519,85.254,-9.661,0.867,1857.444,,57.658,77.888,Amber,0,6.217,0,0,0,1,,,,1,49.173,284.756,-2.367
3,Day,2,U_Red_R,Practice,317.619,85.354,-9.661,0.867,1857.444,,57.658,77.888,Amber,0,6.217,0,0,0,1,,,,1,49.173,284.756,-2.367
3,Day,2,U_Red_R,Practice,317.719,85.454,-9.661,0.867,1857.444,,57.658,77.888,Amber,0,6.217,0,0,0,1,,,,1,49.173,284.756,-2.367
3,Day,2,U_Red_R,Practice,317.819,85.554,-9.661,0.867,1857.444,,57.658,77.888,Amber,0,6.217,0,0,0,1,,,,1,49.173,284.756,-2.367
3,Day,2,U_Red_R,Practice,317.936,85.67,-9.661,0.867,1857.444,,57.658,77.888,Amber,0,6.217,0,0,0,1,,,,1,49.173,284.756,-2.367
3,Day,2,U_Red_R,Practice,318.019,85.754,-9.661,0.867,1857.444,,57.658,77.888,Amber,0,6.217,0,0,0,1,,,,1,49.173,284.756,-2.367
3,Day,2,U_Red_R,Practice,318.136,85.871,-9.661,0.867,1857.444,,57.658,77.888,Amber,0,6.217,0,0,0,1,,,,1,49.173,284.756,-2.367
3,Day,2,U_Red_R,Practice,318.219,85.954,-9.661,0.867,1857.444,,57.658,77.888,Amber,0,6.217,0,0,0,1,,,,1,49.173,284.756,-2.367
3,Day,2,U_Red_R,Practice,318.32,86.055,-9.661,0.867,1857.444,,57.658,77.888,Amber,0,6.217,0,0,0,1,,,,1,49.173,284.756,-2.367
3,Day,2,U_Red_R,Practice,318.419,86.154,-9.661,0.867,1857.444,,57.658,77.888,Amber,0,6.217,0,0,0,1,,,,1,49.173,284.756,-2.367
3,Day,2,U_Red_R,Practice,318.519,86.254,-9.661,0.867,1857.444,,57.658,77.888,Amber,0,6.217,0,0,0,1,,,,1,49.173,284.756,-2.367
3,Day,2,U_Red_R,Practice,318.619,86.353,-9.661,0.867,1857.444,,57.658,77.888,Amber,0,6.217,0,0,0,1,,,,1,49.173,284.756,-2.367
3,Day,2,U_Red_R,Practice,318.719,86.454,-9.661,0.867,1857.444,,57.658,77.888,Amber,0,6.217,0,0,0,1,,,,1,49.173,284.756,-2.367
3,Day,2,U_Red_R,Practice,318.819,86.554,-9.661,0.867,1857.444,,57.658,77.888,Amber,0,6.217,0,0,0,1,,,,1,49.173,284.756,-2.367
3,Day,2,U_Red_R,Practice,318.919,86.654,-9.661,0.867,1857.444,,57.658,77.888,Amber,0,6.217,0,0,0,1,,,,1,49.173,284.756,-2.367
3,Day,2,U_Red_R,Practice,319.019,86.754,-9.661,0.867,1857.444,,57.658,77.888,Amber,0,6.217,0,0,0,1,,,,1,49.173,284.756,-2.367
3,Day,2,U_Red_R,Practice,319.119,86.854,-9.661,0.867,1857.444,,57.658,77.888,Amber,0,6.217,0,0,0,1,,,,1,49.173,284.756,-2.367
3,Day,2,U_Red_R,Practice,319.219,86.954,-9.661,0.867,1857.444,,57.658,77.888,Amber,0,6.217,0,0,0,1,,,,1,49.173,284.756,-2.367
3,Day,2,U_Red_R,Practice,319.319,87.054,-9.661,0.867,1857.444,,57.658,77.888,Amber,0,6.217,0,0,0,1,,,,1,49.173,284.756,-2.367
3,Day,2,U_Red_R,Practice,319.419,87.154,-9.661,0.867,1857.444,,57.658,77.888,Amber,0,6.217,0,0,0,1,,,,1,49.173,284.756,-2.367
3,Day,2,U_Red_R,Practice,319.519,87.254,-9.661,0.867,1857.444,,57.658,77.888,Amber,0,6.217,0,0,0,1,,,,1,49.173,284.756,-2.367
3,Day,2,U_Red_R,Practice,319.619,87.354,-9.661,0.867,1857.444,,57.658,77.888,Amber,0,6.217,0,0,0,1,,,,1,49.173,284.756,-2.367
3,Day,2,U_Red_R,Practice,319.719,87.454,-9.661,0.867,1857.444,,57.658,77.888,Amber,0,6.217,0,0,0,1,,,,1,49.173,284.756,-2.367
3,Day,2,U_Red_R,Practice,319.819,87.554,-9.661,0.867,1857.444,,57.658,77.888,Amber,0,6.217,0,0,0,1,,,,1,49.173,284.756,-2.367
3,Day,2,U_Red_R,Practice,319.919,87.654,-9.661,0.867,1857.444,,57.658,77.888,Amber,0,6.217,0,0,0,1,,,,1,49.173,284.756,-2.367
3,Day,2,U_Red_R,Practice,320.019,87.754,-9.661,0.867,1857.444,,57.658,77.888,Amber,0,6.217,0,0,0,1,,,,1,49.173,284.756,-2.367
3,Day,2,U_Red_R,Practice,320.119,87.854,-9.661,0.867,1857.444,,57.658,77.888,Amber,0,6.217,0,0,0,1,,,,1,49.173,284.756,-2.367
3,Day,2,U_Red_R,Practice,320.219,87.954,-9.661,0.867,1857.444,,57.658,77.888,Amber,0,6.217,0,0,0,1,,,,1,49.173,284.756,-2.367
3,Day,2,U_Red_R,Practice,320.319,88.054,-9.661,0.867,1857.444,,57.658,77.888,Amber,0,6.217,0,0,0,1,,,,1,49.173,284.756,-2.367
3,Day,2,U_Red_R,Practice,320.42,88.155,-9.661,0.867,1857.444,,57.658,77.888,Amber,0,6.217,0,0,0,1,,,,1,49.173,284.756,-2.367
3,Day,2,U_Red_R,Practice,320.536,88.27,-9.661,0.867,1857.444,,57.658,77.888,Amber,0,6.217,0,0,0,1,,,,1,49.173,284.756,-2.367
3,Day,2,U_Red_R,Practice,320.619,88.354,-9.661,0.867,1857.444,,57.658,77.888,Amber,0,6.217,0,0,0,1,,,,1,49.173,284.756,-2.367
3,Day,2,U_Red_R,Practice,320.719,88.454,-9.661,0.867,1857.444,,57.658,77.888,Amber,0,6.217,0,0,0,1,,,,1,49.173,284.756,-2.367
3,Day,2,U_Red_R,Practice,320.819,88.554,-9.661,0.867,1857.444,,57.658,77.888,Amber,0,6.217,0,0,0,1,,,,1,49.173,284.756,-2.367
3,Day,2,U_Red_R,Practice,320.92,88.655,-9.661,0.867,1857.444,,57.658,77.888,Amber,0,6.217,0,0,0,1,,,,1,49.173,284.756,-2.367
3,Day,2,U_Red_R,Practice,321.036,88.77,-9.661,0.867,1857.444,,57.658,77.888,Amber,0,6.217,0,0,0,1,,,,1,49.173,284.756,-2.367
3,Day,2,U_Red_R,Practice,321.119,88.854,-9.661,0.867,1857.444,,57.658,77.888,Amber,0,6.217,0,0,0,1,,,,1,49.173,284.756,-2.367
3,Day,2,U_Red_R,Practice,321.219,88.954,-9.661,0.867,1857.444,,57.658,77.888,Amber,0,6.217,0,0,0,1,,,,1,49.173,284.756,-2.367
3,Day,2,U_Red_R,Practice,321.319,89.054,-9.661,0.867,1857.444,,57.658,77.888,Amber,0,6.217,0,0,0,1,,,,1,49.173,284.756,-2.367
3,Day,3,U_Amb_R,Practice,321.719,0.094,0,1.096,-0.002,,0.731,-1,,,-1,0,0,0,0,,,,0,,,
3,Day,3,U_Amb_R,Practice,321.736,0.111,0,1.09,-0.002,,1.097,-1,,,-1,0,0,0,0,,,,0,,,
3,Day,3,U_Amb_R,Practice,321.752,0.127,0,1.081,-0.002,,1.463,-1,,,-1,0,0,0,0,,,,0,,,
3,Day,3,U_Amb_R,Practice,321.77,0.144,0,1.07,-0.002,,1.829,-1,,,-1,0,0,0,0,,,,0,,,
3,Day,3,U_Amb_R,Practice,321.819,0.194,0,1.019,-0.002,,2.926,-1,,,-1,0,0,0,0,,,,0,,,
3,Day,3,U_Amb_R,Practice,321.92,0.294,0,0.854,-0.002,,3.354,-1,,,-1,0,0,0,0,,,,0,,,
3,Day,3,U_Amb_R,Practice,322.02,0.394,0,0.847,-0.002,,0.19,-1,,,-1,0,0,0,0,,,,0,,,
3,Day,3,U_Amb_R,Practice,322.12,0.495,0,0.856,-0.002,,0.224,-1,,,-1,0,0,0,0,,,,0,,,
3,Day,3,U_Amb_R,Practice,322.22,0.594,0,0.865,-0.002,,0.145,-1,,,-1,0,0,0,0,,,,0,,,
3,Day,3,U_Amb_R,Practice,322.32,0.695,0,0.87,-0.002,,0.053,-1,,,-1,0,0,0,0,,,,0,,,
3,Day,3,U_Amb_R,Practice,322.42,0.795,0,0.871,-0.002,,0.006,-1,,,-1,0,0,0,0,,,,0,,,
3,Day,3,U_Amb_R,Practice,322.52,0.895,0,0.87,-0.002,,0.027,-1,,,-1,0,0,0,0,,,,0,,,
3,Day,3,U_Amb_R,Practice,322.62,0.995,0,0.869,-0.002,,0.025,-1,,,-1,0,0,0,0,,,,0,,,
3,Day,3,U_Amb_R,Practice,322.72,1.094,0,0.868,-0.002,,0.013,-1,,,-1,0,0,0,0,,,,0,,,
3,Day,3,U_Amb_R,Practice,322.82,1.194,0,0.867,-0.002,,0.003,-1,,,-1,0,0,0,0,,,,0,,,
3,Day,3,U_Amb_R,Practice,322.937,1.312,0,0.867,-0.002,,0.003,-1,,,-1,0,0,0,0,,,,0,,,
3,Day,3,U_Amb_R,Practice,323.02,1.394,0,0.867,-0.002,,0.003,-1,,,-1,0,0,0,0,,,,0,,,
3,Day,3,U_Amb_R,Practice,323.12,1.495,0,0.868,-0.002,,0.003,-1,,,-1,0,0,0,0,,,,0,,,
3,Day,3,U_Amb_R,Practice,323.22,1.594,0,0.868,-0.002,,0.001,-1,,,-1,0,0,0,0,,,,0,,,
3,Day,3,U_Amb_R,Practice,323.32,1.695,0,0.868,-0.002,,0,-1,,,-1,0,0,0,0,,,,0,,,
3,Day,3,U_Amb_R,Practice,323.42,1.794,0,0.868,-0.002,,0,-1,,,-1,0,0,0,0,,,,0,,,
3,Day,3,U_Amb_R,Practice,323.52,1.895,0,0.868,-0.002,,0,-1,,,-1,0,0,0,0,,,,0,,,
3,Day,3,U_Amb_R,Practice,323.62,1.995,0,0.868,-0.002,,0,-1,,,-1,0,0,0,0,,,,0,,,
3,Day,3,U_Amb_R,Practice,323.72,2.094,0,0.868,-0.002,,0,-1,,,-1,0,0,0,0,,,,0,,,
3,Day,3,U_Amb_R,Practice,323.82,2.194,0,0.868,-0.002,,0,-1,,,-1,0,0,0,0,,,,0,,,
3,Day,3,U_Amb_R,Practice,323.92,2.295,0,0.868,-0.002,,0,-1,,,-1,0,0,0,0,,,,0,,,
3,Day,3,U_Amb_R,Practice,324.02,2.395,0,0.868,-0.002,,0,-1,,,-1,0,0,0,0,,,,0,,,
3,Day,3,U_Amb_R,Practice,324.119,2.494,0,0.868,-0.002,,0,-1,,,-1,0,0,0,0,,,,0,,,
3,Day,3,U_Amb_R,Practice,324.22,2.595,0,0.868,-0.002,,0,-1,,,-1,0,0,0,0,,,,0,,,
3,Day,3,U_Amb_R,Practice,324.32,2.695,0,0.868,-0.002,,0,-1,,,-1,0,0,0,0,,,,0,,,
3,Day,3,U_Amb_R,Practice,324.42,2.795,0,0.868,-0.002,,0,-1,,,-1,0,0,0,0,,,,0,,,
3,Day,3,U_Amb_R,Practice,324.52,2.895,0,0.868,-0.002,,0,-1,,,-1,0,0,0,0,,,,0,,,
3,Day,3,U_Amb_R,Practice,324.62,2.994,0,0.868,-0.002,,0,-1,,,-1,0,0,0,0,,,,0,,,
3,Day,3,U_Amb_R,Practice,324.72,3.094,0,0.868,-0.002,,0,-1,,,-1,0,0,0,0,,,,0,,,
3,Day,3,U_Amb_R,Practice,324.821,3.195,0,0.868,-0.002,,0,-1,,,-1,0,0,0,0,,,,0,,,
3,Day,3,U_Amb_R,Practice,324.92,3.294,0,0.868,-0.002,,0,-1,,,-1,0,0,0,0,,,,0,,,
3,Day,3,U_Amb_R,Practice,325.02,3.395,0,0.868,-0.002,,0,-1,,,-1,0,0,0,0,,,,0,,,
3,Day,3,U_Amb_R,Practice,325.12,3.494,0,0.868,-0.002,,0,-1,,,-1,0,0,0,0,,,,0,,,
3,Day,3,U_Amb_R,Practice,325.22,3.594,0,0.868,-0.002,,0,-1,,,-1,0,0,0,0,,,,0,,,
3,Day,3,U_Amb_R,Practice,325.32,3.694,0,0.868,-0.002,,0,-1,,,-1,0,0,0,0,,,,0,,,
3,Day,3,U_Amb_R,Practice,325.42,3.794,0,0.868,-0.002,,0,-1,,,-1,0,0,0,0,,,,0,,,
3,Day,3,U_Amb_R,Practice,325.52,3.894,0,0.868,-0.002,,0,-1,,,-1,0,0,0,0,,,,0,,,
3,Day,3,U_Amb_R,Practice,325.619,3.994,0,0.868,-0.002,,0,-1,,,-1,0,0,0,0,,,,0,,,
3,Day,3,U_Amb_R,Practice,325.72,4.095,0,0.868,-0.002,,0,-1,,,-1,0,0,0,0,,,,0,,,
3,Day,3,U_Amb_R,Practice,325.82,4.195,0,0.868,-0.002,,0,-1,,,-1,0,0,0,0,,,,0,,,
3,Day,3,U_Amb_R,Practice,325.92,4.295,0,0.868,-0.002,,0,-1,,,-1,0,0,0,0,,,,0,,,
3,Day,3,U_Amb_R,Practice,326.02,4.394,0,0.868,-0.002,,0,-1,,,-1,0,0,0,0,,,,0,,,
3,Day,3,U_Amb_R,Practice,326.12,4.495,0,0.868,-0.002,,0,-1,,,-1,0,0,0,0,,,,0,,,
3,Day,3,U_Amb_R,Practice,326.22,4.594,0,0.868,-0.002,,0,-1,,,-1,0,0,0,0,,,,0,,,
3,Day,3,U_Amb_R,Practice,326.32,4.694,0,0.868,-0.002,,0,-1,,,-1,0,0,0,0,,,,0,,,
3,Day,3,U_Amb_R,Practice,326.42,4.794,0,0.868,-0.002,,0,-1,,,-1,0,0,0,0,,,,0,,,
3,Day,3,U_Amb_R,Practice,326.519,4.894,0,0.868,-0.002,,0,-1,,,-1,0,0,0,0,,,,0,,,
3,Day,3,U_Amb_R,Practice,326.62,4.995,0,0.868,-0.002,,0,-1,,,-1,0,0,0,0,,,,0,,,
3,Day,3,U_Amb_R,Practice,326.72,5.094,0,0.868,-0.002,,0,-1,,,-1,0,0,0,0,,,,0,,,
3,Day,3,U_Amb_R,Practice,326.82,5.194,0,0.868,-0.002,,0,-1,,,-1,0,0,0,0,,,,0,,,
3,Day,3,U_Amb_R,Practice,326.92,5.294,0,0.868,-0.002,,0,-1,,,-1,0,0,0,0,,,,0,,,
3,Day,3,U_Amb_R,Practice,327.019,5.394,0,0.868,-0.002,,0,-1,,,-1,0,0,0,0,,,,0,,,
3,Day,3,U_Amb_R,Practice,327.12,5.494,0,0.868,-0.002,,0,-1,,,-1,0,0,0,0,,,,0,,,
3,Day,3,U_Amb_R,Practice,327.219,5.594,0,0.868,-0.002,,0,-1,,,-1,0,0,0,0,,,,0,,,
3,Day,3,U_Amb_R,Practice,327.32,5.694,0,0.868,-0.002,,0,-1,,,-1,0,0,0,0,,,,0,,,
3,Day,3,U_Amb_R,Practice,327.42,5.794,0,0.868,-0.002,,0,-1,,,-1,0,0,0,0,,,,0,,,
3,Day,3,U_Amb_R,Practice,327.521,5.895,0,0.868,-0.002,,0,-1,,,-1,0,0,0,0,,,,0,,,
3,Day,3,U_Amb_R,Practice,327.62,5.994,0,0.868,0.01,,0.647,-1,,,-1,0,0,0,0,,,,0,,,
3,Day,3,U_Amb_R,Practice,327.72,6.094,0,0.868,0.053,,1.344,-1,,,-1,0,0,0,0,,,,0,,,
3,Day,3,U_Amb_R,Practice,327.82,6.194,0,0.868,0.126,,2.014,-1,,,-1,0,0,0,0,,,,0,,,
3,Day,3,U_Amb_R,Practice,327.92,6.294,0,0.868,0.23,,2.686,-1,,,-1,0,0,0,0,,,,0,,,
3,Day,3,U_Amb_R,Practice,328.02,6.394,0,0.868,0.363,,3.358,-1,,,-1,0,0,0,0,,,,0,,,
3,Day,3,U_Amb_R,Practice,328.12,6.495,0,0.868,0.527,,4.03,-1,,,-1,0,0,0,0,,,,0,,,
3,Day,3,U_Amb_R,Practice,328.222,6.596,0,0.868,0.721,,4.702,-1,,,-1,0,0,0,0,,,,0,,,
3,Day,3,U_Amb_R,Practice,328.32,6.694,0,0.868,0.944,,5.374,-1,,,-1,0,0,0,0,,,,0,,,
3,Day,3,U_Amb_R,Practice,328.421,6.796,0,0.868,1.198,,6.046,-1,,,-1,0,0,0,0,,,,0,,,
3,Day,3,U_Amb_R,Practice,328.52,6.894,0,0.868,1.481,,6.717,-1,,,-1,0,0,0,0,,,,0,,,
3,Day,3,U_Amb_R,Practice,328.62,6.995,0,0.868,1.795,,7.389,-1,,,-1,0,0,0,0,,,,0,,,
3,Day,3,U_Amb_R,Practice,328.719,7.094,0,0.868,2.139,,8.06,-1,,,-1,0,0,0,0,,,,0,,,
3,Day,3,U_Amb_R,Practice,328.82,7.194,0,0.868,2.512,,8.731,-1,,,-1,0,0,0,0,,,,0,,,
3,Day,3,U_Amb_R,Practice,328.92,7.294,0,0.868,2.916,,9.402,-1,,,-1,0,0,0,0,,,,0,,,
3,Day,3,U_Amb_R,Practice,329.02,7.395,0,0.868,3.35,,10.072,-1,,,-1,0,0,0,0,,,,0,,,
3,Day,3,U_Amb_R,Practice,329.12,7.494,0,0.868,3.813,,10.743,-1,,,-1,0,0,0,0,,,,0,,,
3,Day,3,U_Amb_R,Practice,329.219,7.594,0,0.868,4.307,,11.415,-1,,,-1,0,0,0,0,,,,0,,,
3,Day,3,U_Amb_R,Practice,329.32,7.694,0,0.869,4.832,,12.086,-1,,,-1,0,0,0,0,,,,0,,,
3,Day,3,U_Amb_R,Practice,329.421,7.795,0,0.869,5.385,,12.757,-1,,,-1,0,0,0,0,,,,0,,,
3,Day,3,U_Amb_R,Practice,329.52,7.895,0,0.868,5.969,,13.427,-1,,,-1,0,0,0,0,,,,0,,,
3,Day,3,U_Amb_R,Practice,329.62,7.994,0,0.868,6.582,,14.097,-1,,,-1,0,0,0,0,,,,0,,,
3,Day,3,U_Amb_R,Practice,329.72,8.095,-0.001,0.868,7.225,,14.766,-1,,,-1,0,0,0,0,,,,0,,,
3,Day,3,U_Amb_R,Practice,329.82,8.195,-0.001,0.868,7.898,,15.436,-1,,,-1,0,0,0,0,,,,0,,,
3,Day,3,U_Amb_R,Practice,329.919,8.294,-0.001,0.868,8.602,,16.105,-1,,,-1,0,0,0,0,,,,0,,,
3,Day,3,U_Amb_R,Practice,330.02,8.394,-0.001,0.868,9.335,,16.774,-1,,,-1,0,0,0,0,,,,0,,,
3,Day,3,U_Amb_R,Practice,330.12,8.494,-0.001,0.868,10.098,,17.443,-1,,,-1,0,0,0,0,,,,0,,,
3,Day,3,U_Amb_R,Practice,330.219,8.594,-0.001,0.868,10.891,,18.112,-1,,,-1,0,0,0,0,,,,0,,,
3,Day,3,U_Amb_R,Practice,330.32,8.694,-0.001,0.868,11.714,,18.78,-1,,,-1,0,0,0,0,,,,0,,,
3,Day,3,U_Amb_R,Practice,330.42,8.794,-0.001,0.868,12.567,,19.449,-1,,,-1,0,0,0,0,,,,0,,,
3,Day,3,U_Amb_R,Practice,330.52,8.894,-0.002,0.868,13.45,,20.117,-1,,,-1,0,0,0,0,,,,0,,,
3,Day,3,U_Amb_R,Practice,330.62,8.994,-0.002,0.868,14.362,,20.785,-1,,,-1,0,0,0,0,,,,0,,,
3,Day,3,U_Amb_R,Practice,330.72,9.094,-0.002,0.868,15.305,,21.453,-1,,,-1,0,0,0,0,,,,0,,,
3,Day,3,U_Amb_R,Practice,330.82,9.194,-0.002,0.868,16.277,,22.121,-1,,,-1,0,0,0,0,,,,0,,,
3,Day,3,U_Amb_R,Practice,330.92,9.294,-0.003,0.868,17.279,,22.789,-1,,,-1,0,0,0,0,,,,0,,,
3,Day,3,U_Amb_R,Practice,331.02,9.395,-0.003,0.868,18.311,,23.456,-1,,,-1,0,0,0,0,,,,0,,,
3,Day,3,U_Amb_R,Practice,331.119,9.494,-0.003,0.868,19.373,,24.123,-1,,,-1,0,0,0,0,,,,0,,,
3,Day,3,U_Amb_R,Practice,331.223,9.598,-0.004,0.868,20.465,,24.791,-1,,,-1,0,0,0,0,,,,0,,,
3,Day,3,U_Amb_R,Practice,331.322,9.696,-0.004,0.868,21.586,,25.458,-1,,,-1,0,0,0,0,,,,0,,,
3,Day,3,U_Amb_R,Practice,331.422,9.796,-0.005,0.868,22.737,,26.125,-1,,,-1,0,0,0,0,,,,0,,,
3,Day,3,U_Amb_R,Practice,331.522,9.896,-0.005,0.868,23.918,,26.791,-1,,,-1,0,0,0,0,,,,0,,,
3,Day,3,U_Amb_R,Practice,331.62,9.994,-0.006,0.868,25.129,,27.458,-1,,,-1,0,0,0,0,,,,0,,,
3,Day,3,U_Amb_R,Practice,331.74,10.114,-0.006,0.868,26.58,,28.235,-1,,,-1,0,0,0,0,,,,0,,,
3,Day,3,U_Amb_R,Practice,331.82,10.194,-0.007,0.868,27.64,,28.79,-1,,,-1,0,0,0,0,,,,0,,,
3,Day,3,U_Amb_R,Practice,331.92,10.294,-0.008,0.868,28.941,,29.456,-1,,,-1,0,0,0,0,,,,0,,,
3,Day,3,U_Amb_R,Practice,332.021,10.395,-0.008,0.868,30.27,,30.122,-1,,,-1,0,0,0,0,,,,0,,,
3,Day,3,U_Amb_R,Practice,332.12,10.495,-0.009,0.868,31.63,,30.788,-1,,,-1,0,0,0,0,,,,0,,,
3,Day,3,U_Amb_R,Practice,332.221,10.596,-0.01,0.868,33.02,,31.454,-1,,,-1,0,0,0,0,,,,0,,,
3,Day,3,U_Amb_R,Practice,332.32,10.694,-0.011,0.868,34.439,,32.119,-1,,,-1,0,0,0,0,,,,0,,,
3,Day,3,U_Amb_R,Practice,332.42,10.795,-0.011,0.868,35.888,,32.784,-1,,,-1,0,0,0,0,,,,0,,,
3,Day,3,U_Amb_R,Practice,332.521,10.895,-0.012,0.868,37.367,,33.449,-1,,,-1,0,0,0,0,,,,0,,,
3,Day,3,U_Amb_R,Practice,332.62,10.995,-0.013,0.868,38.875,,34.114,-1,,,-1,0,0,0,0,,,,0,,,
3,Day,3,U_Amb_R,Practice,332.722,11.096,-0.014,0.868,40.413,,34.779,-1,,,-1,0,0,0,0,,,,0,,,
3,Day,3,U_Amb_R,Practice,332.821,11.195,-0.016,0.868,41.981,,35.444,-1,,,-1,0,0,0,0,,,,0,,,
3,Day,3,U_Amb_R,Practice,332.921,11.295,-0.017,0.868,43.579,,36.108,-1,,,-1,0,0,0,0,,,,0,,,
3,Day,3,U_Amb_R,Practice,333.021,11.395,-0.018,0.868,45.206,,36.772,-1,,,-1,0,0,0,0,,,,0,,,
3,Day,3,U_Amb_R,Practice,333.121,11.495,-0.019,0.868,46.863,,37.436,-1,,,-1,0,0,0,0,,,,0,,,
3,Day,3,U_Amb_R,Practice,333.221,11.596,-0.021,0.868,48.55,,38.1,-1,,,-1,0,0,0,0,,,,0,,,
3,Day,3,U_Amb_R,Practice,333.32,11.695,-0.022,0.868,50.266,,38.764,-1,,,-1,0,0,0,0,,,,0,,,
3,Day,3,U_Amb_R,Practice,333.421,11.795,-0.024,0.868,52.012,,39.428,-1,,,-1,0,0,0,0,,,,0,,,
3,Day,3,U_Amb_R,Practice,333.52,11.895,-0.025,0.868,53.788,,40.091,-1,,,-1,0,0,0,0,,,,0,,,
3,Day,3,U_Amb_R,Practice,333.62,11.995,-0.027,0.868,55.593,,40.755,-1,,,-1,0,0,0,0,,,,0,,,
3,Day,3,U_Amb_R,Practice,333.722,12.096,-0.029,0.868,57.433,,41.418,-1,,,-1,0,0,0,0,,,,0,,,
3,Day,3,U_Amb_R,Practice,333.822,12.197,-0.03,0.868,59.296,,42.081,-1,,,-1,0,0,0,0,,,,0,,,
3,Day,3,U_Amb_R,Practice,333.921,12.296,-0.032,0.868,61.186,,42.744,-1,,,-1,0,0,0,0,,,,0,,,
3,Day,3,U_Amb_R,Practice,334.02,12.395,-0.034,0.868,63.111,,43.406,-1,,,-1,0,0,0,0,,,,0,,,
3,Day,3,U_Amb_R,Practice,334.121,12.496,-0.036,0.868,65.064,,44.069,-1,,,-1,0,0,0,0,,,,0,,,
3,Day,3,U_Amb_R,Practice,334.222,12.597,-0.039,0.868,67.047,,44.731,-1,,,-1,0,0,0,0,,,,0,,,
3,Day,3,U_Amb_R,Practice,334.322,12.697,-0.041,0.868,69.059,,45.394,-1,,,-1,0,0,0,0,,,,0,,,
3,Day,3,U_Amb_R,Practice,334.42,12.795,-0.043,0.868,71.102,,46.056,-1,,,-1,0,0,0,0,,,,0,,,
3,Day,3,U_Amb_R,Practice,334.522,12.897,-0.046,0.868,73.173,,46.718,-1,,,-1,0,0,0,0,,,,0,,,
3,Day,3,U_Amb_R,Practice,334.62,12.995,-0.048,0.868,75.274,,47.379,-1,,,-1,0,0,0,0,,,,0,,,
3,Day,3,U_Amb_R,Practice,334.721,13.096,-0.051,0.868,77.406,,48.041,-1,,,-1,0,0,0,0,,,,0,,,
3,Day,3,U_Amb_R,Practice,334.821,13.196,-0.054,0.868,79.567,,48.702,-1,,,-1,0,0,0,0,,,,0,,,
3,Day,3,U_Amb_R,Practice,334.923,13.297,-0.057,0.868,81.757,,49.364,-1,,,-1,0,0,0,0,,,,0,,,
3,Day,3,U_Amb_R,Practice,335.021,13.396,-0.06,0.868,83.977,,50.025,-1,,,-1,0,0,0,0,,,,0,,,
3,Day,3,U_Amb_R,Practice,335.121,13.495,-0.063,0.868,86.226,,50.686,-1,,,-1,0,0,0,0,,,,0,,,
3,Day,3,U_Amb_R,Practice,335.221,13.596,-0.066,0.868,88.505,,51.346,-1,,,-1,0,0,0,0,,,,0,,,
3,Day,3,U_Amb_R,Practice,335.321,13.695,-0.07,0.868,90.814,,52.007,-1,,,-1,0,0,0,0,,,,0,,,
3,Day,3,U_Amb_R,Practice,335.421,13.795,-0.073,0.868,93.151,,52.668,-1,,,-1,0,0,0,0,,,,0,,,
3,Day,3,U_Amb_R,Practice,335.52,13.895,-0.077,0.868,95.517,,53.328,-1,,,-1,0,0,0,0,,,,0,,,
3,Day,3,U_Amb_R,Practice,335.621,13.995,-0.081,0.868,97.914,,53.988,-1,,,-1,0,0,0,0,,,,0,,,
3,Day,3,U_Amb_R,Practice,335.72,14.095,-0.085,0.868,100.342,,54.648,-1,,,-1,0,0,0,0,,,,0,,,
3,Day,3,U_Amb_R,Practice,335.82,14.194,-0.089,0.868,102.797,,55.308,-1,,,-1,0,0,0,0,,,,0,,,
3,Day,3,U_Amb_R,Practice,335.92,14.294,-0.093,0.868,105.283,,55.968,-1,,,-1,0,0,0,0,,,,0,,,
3,Day,3,U_Amb_R,Practice,336.02,14.395,-0.097,0.868,107.798,,56.627,-1,,,-1,0,0,0,0,,,,0,,,
3,Day,3,U_Amb_R,Practice,336.12,14.495,-0.102,0.868,110.342,,57.286,-1,,,-1,0,0,0,0,,,,0,,,
3,Day,3,U_Amb_R,Practice,336.221,14.596,-0.107,0.868,112.917,,57.946,-1,,,-1,0,0,0,0,,,,0,,,
3,Day,3,U_Amb_R,Practice,336.32,14.695,-0.112,0.868,115.519,,58.605,-1,,,-1,0,0,0,0,,,,0,,,
3,Day,3,U_Amb_R,Practice,336.42,14.794,-0.117,0.868,118.151,,59.264,-1,,,-1,0,0,0,0,,,,0,,,
3,Day,3,U_Amb_R,Practice,336.522,14.897,-0.122,0.868,120.813,,59.922,-1,,,-1,0,0,0,0,,,,0,,,
3,Day,3,U_Amb_R,Practice,336.62,14.995,-0.127,0.868,123.506,,60.581,-1,,,-1,0,0,0,0,,,,0,,,
3,Day,3,U_Amb_R,Practice,336.721,15.095,-0.133,0.868,126.227,,61.239,-1,,,-1,0,0,0,0,,,,0,,,
3,Day,3,U_Amb_R,Practice,336.82,15.194,-0.138,0.868,128.977,,61.898,-1,,,-1,0,0,0,0,,,,0,,,
3,Day,3,U_Amb_R,Practice,336.92,15.295,-0.144,0.868,131.757,,62.556,-1,,,-1,0,0,0,0,,,,0,,,
3,Day,3,U_Amb_R,Practice,337.019,15.394,-0.15,0.868,134.566,,63.214,-1,,,-1,0,0,0,0,,,,0,,,
3,Day,3,U_Amb_R,Practice,337.12,15.495,-0.156,0.868,137.406,,63.871,-1,,,-1,0,0,0,0,,,,0,,,
3,Day,3,U_Amb_R,Practice,337.22,15.595,-0.163,0.868,140.273,,64.529,-1,,,-1,0,0,0,0,,,,0,,,
3,Day,3,U_Amb_R,Practice,337.32,15.695,-0.169,0.868,143.17,,65.186,-1,,,-1,0,0,0,0,,,,0,,,
3,Day,3,U_Amb_R,Practice,337.42,15.795,-0.176,0.868,146.098,,65.844,-1,,,-1,0,0,0,0,,,,0,,,
3,Day,3,U_Amb_R,Practice,337.52,15.895,-0.183,0.868,149.061,,66.501,-1,,,-1,0,0,0,0,,,,0,,,
3,Day,3,U_Amb_R,Practice,337.62,15.995,-0.19,0.868,152.044,,67.158,-1,,,-1,0,0,0,0,,,,0,,,
3,Day,3,U_Amb_R,Practice,337.721,16.096,-0.198,0.868,155.056,,67.815,-1,,,-1,0,0,0,0,,,,0,,,
3,Day,3,U_Amb_R,Practice,337.82,16.195,-0.205,0.868,158.1,,68.471,-1,,,-1,0,0,0,0,,,,0,,,
3,Day,3,U_Amb_R,Practice,337.92,16.295,-0.213,0.868,161.17,,68.907,-1,,,-1,0,0,0,0,,,,0,,,
3,Day,3,U_Amb_R,Practice,338.02,16.395,-0.221,0.868,164.252,,68.991,-1,,,-1,0,0,0,0,,,,0,,,
3,Day,3,U_Amb_R,Practice,338.12,16.494,-0.229,0.868,167.336,,68.971,-1,,,-1,0,0,0,0,,,,0,,,
3,Day,3,U_Amb_R,Practice,338.221,16.595,-0.238,0.868,170.418,,68.92,-1,,,-1,0,0,0,0,,,,0,,,
3,Day,3,U_Amb_R,Practice,338.321,16.695,-0.246,0.868,173.499,,68.869,-1,,,-1,0,0,0,0,,,,0,,,
3,Day,3,U_Amb_R,Practice,338.421,16.795,-0.255,0.868,176.581,,69.181,-1,,,-1,0,0,0,0,,,,0,,,
3,Day,3,U_Amb_R,Practice,338.52,16.895,-0.263,0.868,179.683,,69.593,-1,,,-1,0,0,0,0,,,,0,,,
3,Day,3,U_Amb_R,Practice,338.62,16.994,-0.272,0.868,182.797,,69.683,-1,,,-1,0,0,0,0,,,,0,,,
3,Day,3,U_Amb_R,Practice,338.721,17.095,-0.281,0.868,185.916,,69.665,-1,,,-1,0,0,0,0,,,,0,,,
3,Day,3,U_Amb_R,Practice,338.82,17.194,-0.29,0.868,189.026,,69.615,-1,,,-1,0,0,0,0,,,,0,,,
3,Day,3,U_Amb_R,Practice,338.92,17.295,-0.3,0.868,192.135,,69.554,-1,,,-1,0,0,0,0,,,,0,,,
3,Day,3,U_Amb_R,Practice,339.02,17.394,-0.309,0.868,195.243,,69.489,-1,,,-1,0,0,0,0,,,,0,,,
3,Day,3,U_Amb_R,Practice,339.12,17.495,-0.318,0.868,198.349,,69.508,-1,,,-1,0,0,0,0,,,,0,,,
3,Day,3,U_Amb_R,Practice,339.22,17.594,-0.327,0.868,201.463,,69.896,-1,,,-1,0,0,0,0,,,,0,,,
3,Day,3,U_Amb_R,Practice,339.32,17.695,-0.337,0.868,204.596,,70.044,-1,,,-1,0,0,0,0,,,,0,,,
3,Day,3,U_Amb_R,Practice,339.42,17.795,-0.347,0.868,207.725,,70.042,-1,,,-1,0,0,0,0,,,,0,,,
3,Day,3,U_Amb_R,Practice,339.52,17.894,-0.356,0.868,210.853,,69.997,-1,,,-1,0,0,0,0,,,,0,,,
3,Day,3,U_Amb_R,Practice,339.62,17.994,-0.366,0.868,213.98,,69.937,-1,,,-1,0,0,0,0,,,,0,,,
3,Day,3,U_Amb_R,Practice,339.72,18.094,-0.376,0.868,217.106,,69.873,-1,,,-1,0,0,0,0,,,,0,,,
3,Day,3,U_Amb_R,Practice,339.82,18.194,-0.385,0.868,220.228,,69.807,-1,,,-1,0,0,0,0,,,,0,,,
3,Day,3,U_Amb_R,Practice,339.92,18.294,-0.395,0.868,223.346,,69.741,-1,,,-1,0,0,0,0,,,,0,,,
3,Day,3,U_Amb_R,Practice,340.02,18.394,-0.405,0.868,226.464,,69.675,-1,,,-1,0,0,0,0,,,,0,,,
3,Day,3,U_Amb_R,Practice,340.119,18.494,-0.415,0.868,229.576,,69.608,-1,,,-1,0,0,0,0,,,,0,,,
3,Day,3,U_Amb_R,Practice,340.22,18.594,-0.425,0.868,232.686,,69.542,-1,,,-1,0,0,0,0,,,,0,,,
3,Day,3,U_Amb_R,Practice,340.32,18.695,-0.434,0.868,235.794,,69.476,-1,,,-1,0,0,0,0,,,,0,,,
3,Day,3,U_Amb_R,Practice,340.42,18.795,-0.444,0.868,238.903,,69.666,-1,,,-1,0,0,0,0,,,,0,,,
3,Day,3,U_Amb_R,Practice,340.52,18.895,-0.454,0.868,242.02,,69.766,-1,,,-1,0,0,0,0,,,,0,,,
3,Day,3,U_Amb_R,Practice,340.621,18.996,-0.464,0.868,245.143,,70.124,-1,,,-1,0,0,0,0,,,,0,,,
3,Day,3,U_Amb_R,Practice,340.72,19.094,-0.474,0.868,248.283,,70.395,-1,,,-1,0,0,0,0,,,,0,,,
3,Day,3,U_Amb_R,Practice,340.82,19.194,-0.484,0.868,251.434,,70.645,-1,,,-1,0,0,0,0,,,,0,,,
3,Day,3,U_Amb_R,Practice,340.92,19.295,-0.495,0.868,254.601,,70.961,-1,,,-1,0,0,0,0,,,,0,,,
3,Day,3,U_Amb_R,Practice,341.02,19.395,-0.505,0.868,257.777,,71.31,-1,,,-1,0,0,0,0,,,,0,,,
3,Day,3,U_Amb_R,Practice,341.12,19.495,-0.515,0.868,260.972,,71.588,-1,,,-1,0,0,0,0,,,,0,,,
3,Day,3,U_Amb_R,Practice,341.22,19.595,-0.525,0.868,264.179,,71.986,-1,,,-1,0,0,0,0,,,,0,,,
3,Day,3,U_Amb_R,Practice,341.32,19.694,-0.536,0.868,267.403,,72.279,-1,,,-1,0,0,0,0,,,,0,,,
3,Day,3,U_Amb_R,Practice,341.421,19.795,-0.547,0.868,270.642,,72.639,-1,,,-1,0,0,0,0,,,,0,,,
3,Day,3,U_Amb_R,Practice,341.52,19.894,-0.557,0.868,273.896,,73.014,-1,,,-1,0,0,0,0,,,,0,,,
3,Day,3,U_Amb_R,Practice,341.62,19.995,-0.568,0.868,277.167,,73.29,-1,,,-1,0,0,0,0,,,,0,,,
3,Day,3,U_Amb_R,Practice,341.72,20.094,-0.579,0.868,280.443,,73.33,-1,,,-1,0,0,0,0,,,,0,,,
3,Day,3,U_Amb_R,Practice,341.82,20.195,-0.59,0.868,283.72,,73.297,-1,,,-1,0,0,0,0,,,,0,,,
3,Day,3,U_Amb_R,Practice,341.92,20.294,-0.601,0.868,286.996,,73.24,-1,,,-1,0,0,0,0,,,,0,,,
3,Day,3,U_Amb_R,Practice,342.02,20.394,-0.612,0.868,290.269,,73.174,-1,,,-1,0,0,0,0,,,,0,,,
3,Day,3,U_Amb_R,Practice,342.12,20.495,-0.623,0.868,293.539,,73.106,-1,,,-1,0,0,0,0,,,,0,,,
3,Day,3,U_Amb_R,Practice,342.22,20.595,-0.634,0.868,296.804,,73.037,-1,,,-1,0,0,0,0,,,,0,,,
3,Day,3,U_Amb_R,Practice,342.32,20.694,-0.645,0.868,300.069,,72.968,-1,,,-1,0,0,0,0,,,,0,,,
3,Day,3,U_Amb_R,Practice,342.42,20.794,-0.657,0.868,303.329,,72.899,-1,,,-1,0,0,0,0,,,,0,,,
3,Day,3,U_Amb_R,Practice,342.519,20.894,-0.668,0.868,306.586,,72.829,-1,,,-1,0,0,0,0,,,,0,,,
3,Day,3,U_Amb_R,Practice,342.62,20.994,-0.679,0.868,309.875,,72.76,-1,,,-1,0,0,0,0,,,,0,,,
3,Day,3,U_Amb_R,Practice,342.72,21.095,-0.691,0.868,313.123,,72.691,-1,,,-1,0,0,0,0,,,,0,,,
3,Day,3,U_Amb_R,Practice,342.82,21.195,-0.702,0.868,316.368,,72.622,-1,,,-1,0,0,0,0,,,,0,,,
3,Day,3,U_Amb_R,Practice,342.92,21.295,-0.714,0.868,319.61,,72.552,-1,,,-1,0,0,0,0,,,,0,,,
3,Day,3,U_Amb_R,Practice,343.02,21.394,-0.725,0.868,322.849,,72.483,-1,,,-1,0,0,0,0,,,,0,,,
3,Day,3,U_Amb_R,Practice,343.12,21.494,-0.737,0.868,326.084,,72.414,-1,,,-1,0,0,0,0,,,,0,,,
3,Day,3,U_Amb_R,Practice,343.22,21.594,-0.748,0.868,329.317,,72.345,-1,,,-1,0,0,0,0,,,,0,,,
3,Day,3,U_Amb_R,Practice,343.32,21.694,-0.759,0.868,332.546,,72.277,-1,,,-1,0,0,0,0,,,,0,,,
3,Day,3,U_Amb_R,Practice,343.42,21.794,-0.771,0.868,335.773,,72.208,-1,,,-1,0,0,0,0,,,,0,,,
3,Day,3,U_Amb_R,Practice,343.521,21.895,-0.782,0.868,338.996,,72.139,-1,,,-1,0,0,0,0,,,,0,,,
3,Day,3,U_Amb_R,Practice,343.62,21.995,-0.794,0.868,342.216,,72.07,-1,,,-1,0,0,0,0,,,,0,,,
3,Day,3,U_Amb_R,Practice,343.72,22.094,-0.805,0.868,345.434,,72.002,-1,,,-1,0,0,0,0,,,,0,,,
3,Day,3,U_Amb_R,Practice,343.82,22.194,-0.817,0.868,348.648,,71.933,-1,,,-1,0,0,0,0,,,,0,,,
3,Day,3,U_Amb_R,Practice,343.921,22.296,-0.828,0.868,351.865,,71.865,-1,,,-1,0,0,0,0,,,,0,,,
3,Day,3,U_Amb_R,Practice,344.02,22.395,-0.84,0.868,355.074,,71.796,-1,,,-1,0,0,0,0,,,,0,,,
3,Day,3,U_Amb_R,Practice,344.12,22.494,-0.851,0.868,358.283,,71.728,-1,,,-1,0,0,0,0,,,,0,,,
3,Day,3,U_Amb_R,Practice,344.22,22.594,-0.862,0.868,361.489,,71.66,-1,,,-1,0,0,0,0,,,,0,,,
3,Day,3,U_Amb_R,Practice,344.32,22.695,-0.874,0.868,364.69,,71.591,-1,,,-1,0,0,0,0,,,,0,,,
3,Day,3,U_Amb_R,Practice,344.42,22.795,-0.885,0.868,367.89,,71.523,-1,,,-1,0,0,0,0,,,,0,,,
3,Day,3,U_Amb_R,Practice,344.52,22.895,-0.897,0.868,371.085,,71.455,-1,,,-1,0,0,0,0,,,,0,,,
3,Day,3,U_Amb_R,Practice,344.62,22.994,-0.908,0.868,374.278,,71.387,-1,,,-1,0,0,0,0,,,,0,,,
3,Day,3,U_Amb_R,Practice,344.72,23.094,-0.919,0.868,377.467,,71.319,-1,,,-1,0,0,0,0,,,,0,,,
3,Day,3,U_Amb_R,Practice,344.819,23.194,-0.931,0.868,380.667,,71.251,-1,,,-1,0,0,0,0,,,,0,,,
3,Day,3,U_Amb_R,Practice,344.92,23.294,-0.942,0.868,383.848,,71.183,-1,,,-1,0,0,0,0,,,,0,,,
3,Day,3,U_Amb_R,Practice,345.02,23.394,-0.953,0.868,387.025,,71.116,-1,,,-1,0,0,0,0,,,,0,,,
3,Day,3,U_Amb_R,Practice,345.12,23.494,-0.965,0.868,390.2,,71.048,-1,,,-1,0,0,0,0,,,,0,,,
3,Day,3,U_Amb_R,Practice,345.22,23.594,-0.976,0.868,393.371,,70.98,-1,,,-1,0,0,0,0,,,,0,,,
3,Day,3,U_Amb_R,Practice,345.32,23.694,-0.987,0.868,396.542,,70.913,-1,,,-1,0,0,0,0,,,,0,,,
3,Day,3,U_Amb_R,Practice,345.42,23.795,-0.999,0.868,399.711,,70.845,-1,,,-1,0,0,0,0,,,,0,,,
3,Day,3,U_Amb_R,Practice,345.52,23.894,-1.01,0.868,402.876,,70.778,-1,,,-1,0,0,0,0,,,,0,,,
3,Day,3,U_Amb_R,Practice,345.62,23.994,-1.021,0.868,406.038,,70.71,-1,,,-1,0,0,0,0,,,,0,,,
3,Day,3,U_Amb_R,Practice,345.719,24.094,-1.032,0.868,409.198,,70.643,-1,,,-1,0,0,0,0,,,,0,,,
3,Day,3,U_Amb_R,Practice,345.82,24.194,-1.044,0.868,412.354,,70.576,-1,,,-1,0,0,0,0,,,,0,,,
3,Day,3,U_Amb_R,Practice,345.919,24.294,-1.055,0.868,415.509,,70.509,-1,,,-1,0,0,0,0,,,,0,,,
3,Day,3,U_Amb_R,Practice,346.019,24.394,-1.066,0.868,418.659,,70.442,-1,,,-1,0,0,0,0,,,,0,,,
3,Day,3,U_Amb_R,Practice,346.12,24.494,-1.077,0.868,421.807,,70.375,-1,,,-1,0,0,0,0,,,,0,,,
3,Day,3,U_Amb_R,Practice,346.22,24.594,-1.088,0.868,424.951,,70.308,-1,,,-1,0,0,0,0,,,,0,,,
3,Day,3,U_Amb_R,Practice,346.32,24.694,-1.1,0.868,428.092,,70.241,-1,,,-1,0,0,0,0,,,,0,,,
3,Day,3,U_Amb_R,Practice,346.419,24.794,-1.111,0.868,431.231,,70.174,-1,,,-1,0,0,0,0,,,,0,,,
3,Day,3,U_Amb_R,Practice,346.52,24.894,-1.122,0.868,434.373,,70.107,-1,,,-1,0,0,0,0,,,,0,,,
3,Day,3,U_Amb_R,Practice,346.619,24.993,-1.133,0.868,437.503,,70.04,-1,,,-1,0,0,0,0,,,,0,,,
3,Day,3,U_Amb_R,Practice,346.719,25.094,-1.144,0.868,440.628,,69.973,-1,,,-1,0,0,0,0,,,,0,,,
3,Day,3,U_Amb_R,Practice,346.82,25.194,-1.155,0.868,443.754,,69.907,-1,,,-1,0,0,0,0,,,,0,,,
3,Day,3,U_Amb_R,Practice,346.919,25.294,-1.166,0.868,446.878,,69.84,-1,,,-1,0,0,0,0,,,,0,,,
3,Day,3,U_Amb_R,Practice,347.02,25.395,-1.177,0.868,449.999,,69.774,-1,,,-1,0,0,0,0,,,,0,,,
3,Day,3,U_Amb_R,Practice,347.12,25.494,-1.188,0.868,453.116,,69.707,-1,,,-1,0,0,0,0,,,,0,,,
3,Day,3,U_Amb_R,Practice,347.22,25.594,-1.2,0.868,456.232,,69.641,-1,,,-1,0,0,0,0,,,,0,,,
3,Day,3,U_Amb_R,Practice,347.321,25.695,-1.211,0.868,459.343,,69.575,-1,,,-1,0,0,0,0,,,,0,,,
3,Day,3,U_Amb_R,Practice,347.42,25.794,-1.222,0.868,462.452,,69.509,-1,,,-1,0,0,0,0,,,,0,,,
3,Day,3,U_Amb_R,Practice,347.52,25.894,-1.233,0.868,465.558,,69.442,-1,,,-1,0,0,0,0,,,,0,,,
3,Day,3,U_Amb_R,Practice,347.619,25.994,-1.244,0.868,468.668,,69.376,-1,,,-1,0,0,0,0,,,,0,,,
3,Day,3,U_Amb_R,Practice,347.72,26.095,-1.255,0.868,471.765,,69.31,-1,,,-1,0,0,0,0,,,,0,,,
3,Day,3,U_Amb_R,Practice,347.819,26.194,-1.266,0.868,474.859,,69.244,-1,,,-1,0,0,0,0,,,,0,,,
3,Day,3,U_Amb_R,Practice,347.92,26.294,-1.276,0.868,477.952,,69.178,-1,,,-1,0,0,0,0,,,,0,,,
3,Day,3,U_Amb_R,Practice,348.02,26.395,-1.287,0.868,481.042,,69.112,-1,,,-1,0,0,0,0,,,,0,,,
3,Day,3,U_Amb_R,Practice,348.12,26.494,-1.298,0.868,484.13,,69.047,-1,,,-1,0,0,0,0,,,,0,,,
3,Day,3,U_Amb_R,Practice,348.22,26.594,-1.309,0.868,487.214,,68.981,-1,,,-1,0,0,0,0,,,,0,,,
3,Day,3,U_Amb_R,Practice,348.338,26.712,-1.322,0.868,490.818,,68.904,-1,,,-1,0,0,0,0,,,,0,,,
3,Day,3,U_Amb_R,Practice,348.42,26.795,-1.331,0.868,493.382,,68.85,-1,,,-1,0,0,0,0,,,,0,,,
3,Day,3,U_Amb_R,Practice,348.521,26.895,-1.342,0.868,496.455,,68.784,-1,,,-1,0,0,0,0,,,,0,,,
3,Day,3,U_Amb_R,Practice,348.62,26.995,-1.353,0.868,499.529,,68.719,-1,,,-1,0,0,0,0,,,,0,,,
3,Day,3,U_Amb_R,Practice,348.72,27.094,-1.364,0.868,502.599,,68.653,-1,,,-1,0,0,0,0,,,,0,,,
3,Day,3,U_Amb_R,Practice,348.819,27.194,-1.374,0.868,505.666,,68.588,-1,,,-1,0,0,0,0,,,,0,,,
3,Day,3,U_Amb_R,Practice,348.92,27.294,-1.385,0.868,508.731,,68.523,-1,,,-1,0,0,0,0,,,,0,,,
3,Day,3,U_Amb_R,Practice,349.02,27.394,-1.396,0.868,511.794,,68.457,-1,,,-1,0,0,0,0,,,,0,,,
3,Day,3,U_Amb_R,Practice,349.12,27.494,-1.407,0.868,514.91,,68.392,-1,,,-1,0,0,0,0,,,,0,,,
3,Day,3,U_Amb_R,Practice,349.22,27.594,-1.418,0.868,517.963,,68.327,-1,,,-1,0,0,0,0,,,,0,,,
3,Day,3,U_Amb_R,Practice,349.319,27.694,-1.429,0.868,521.013,,68.262,-1,,,-1,0,0,0,0,,,,0,,,
3,Day,3,U_Amb_R,Practice,349.42,27.795,-1.439,0.868,524.061,,68.197,-1,,,-1,0,0,0,0,,,,0,,,
3,Day,3,U_Amb_R,Practice,349.519,27.894,-1.45,0.868,527.105,,68.132,-1,,,-1,0,0,0,0,,,,0,,,
3,Day,3,U_Amb_R,Practice,349.62,27.995,-1.461,0.868,530.106,,68.067,-1,,,-1,0,0,0,0,,,,0,,,
3,Day,3,U_Amb_R,Practice,349.719,28.094,-1.471,0.868,533.145,,68.002,-1,,,-1,0,0,0,0,,,,0,,,
3,Day,3,U_Amb_R,Practice,349.819,28.194,-1.482,0.868,536.181,,67.938,-1,,,-1,0,0,0,0,,,,0,,,
3,Day,3,U_Amb_R,Practice,349.92,28.295,-1.493,0.869,539.218,,67.873,-1,,,-1,0,0,0,0,,,,0,,,
3,Day,3,U_Amb_R,Practice,350.02,28.394,-1.503,0.87,542.25,,67.808,-1,,,-1,0,0,0,0,,,,0,,,
3,Day,3,U_Amb_R,Practice,350.12,28.495,-1.514,0.87,545.28,,67.744,-1,,,-1,0,0,0,0,,,,0,,,
3,Day,3,U_Amb_R,Practice,350.22,28.595,-1.525,0.871,548.307,,67.679,-1,,,-1,0,0,0,0,,,,0,,,
3,Day,3,U_Amb_R,Practice,350.319,28.694,-1.535,0.871,551.331,,67.615,-1,,,-1,0,0,0,0,,,,0,,,
3,Day,3,U_Amb_R,Practice,350.42,28.795,-1.546,0.871,554.352,,67.55,-1,,,-1,0,0,0,0,,,,0,,,
3,Day,3,U_Amb_R,Practice,350.52,28.895,-1.557,0.871,557.374,,67.486,-1,,,-1,0,0,0,0,,,,0,,,
3,Day,3,U_Amb_R,Practice,350.62,28.994,-1.567,0.871,560.387,,67.422,-1,,,-1,0,0,0,0,,,,0,,,
3,Day,3,U_Amb_R,Practice,350.72,29.095,-1.578,0.87,563.399,,67.358,-1,,,-1,0,0,0,0,,,,0,,,
3,Day,3,U_Amb_R,Practice,350.819,29.194,-1.589,0.87,566.408,,67.294,-1,,,-1,0,0,0,0,,,,0,,,
3,Day,3,U_Amb_R,Practice,350.92,29.295,-1.599,0.871,569.415,,67.23,-1,,,-1,0,0,0,0,,,,0,,,
3,Day,3,U_Amb_R,Practice,351.019,29.394,-1.61,0.87,572.418,,67.165,-1,,,-1,0,0,0,0,,,,0,,,
3,Day,3,U_Amb_R,Practice,351.12,29.494,-1.62,0.87,575.422,,67.102,-1,,,-1,0,0,0,0,,,,0,,,
3,Day,3,U_Amb_R,Practice,351.22,29.594,-1.629,0.871,578.419,,67,-1,,,-1,0,0,0,0,,,,0,,,
3,Day,3,U_Amb_R,Practice,351.319,29.694,-1.611,0.87,581.411,,66.894,-1,,,-1,0,0,0,0,,,,0,,,
3,Day,3,U_Amb_R,Practice,351.419,29.794,-1.586,0.87,584.4,,66.827,-1,,,-1,0,0,0,0,,,,0,,,
3,Day,3,U_Amb_R,Practice,351.519,29.893,-1.551,0.871,587.385,,66.758,-1,,,-1,0,0,0,0,,,,0,,,
3,Day,3,U_Amb_R,Practice,351.62,29.994,-1.502,0.87,590.37,,66.905,-1,,,-1,0,0,0,0,,,,0,,,
3,Day,3,U_Amb_R,Practice,351.72,30.094,-1.437,0.868,593.368,,67.266,-1,,,-1,0,0,0,0,,,,0,,,
3,Day,3,U_Amb_R,Practice,351.82,30.194,-1.354,0.868,596.376,,67.331,-1,,,-1,0,0,0,0,,,,0,,,
3,Day,3,U_Amb_R,Practice,351.92,30.294,-1.257,0.868,599.383,,67.3,-1,,,-1,0,0,0,0,,,,0,,,
3,Day,3,U_Amb_R,Practice,352.02,30.394,-1.146,0.868,602.389,,67.216,-1,,,-1,0,0,0,0,,,,0,,,
3,Day,3,U_Amb_R,Practice,352.12,30.494,-1.057,0.868,605.39,,67.096,-1,,,-1,0,0,0,0,,,,0,,,
3,Day,3,U_Amb_R,Practice,352.219,30.593,-0.972,0.868,608.385,,67.03,-1,,,-1,0,0,0,0,,,,0,,,
3,Day,3,U_Amb_R,Practice,352.336,30.711,-0.877,0.868,611.881,,67.172,-1,,,-1,0,0,0,0,,,,0,,,
3,Day,3,U_Amb_R,Practice,352.419,30.794,-0.819,0.868,614.389,,67.497,-1,,,-1,0,0,0,0,,,,0,,,
3,Day,3,U_Amb_R,Practice,352.519,30.894,-0.764,0.868,617.411,,67.898,-1,,,-1,0,0,0,0,,,,0,,,
3,Day,3,U_Amb_R,Practice,352.62,30.994,-0.727,0.868,620.457,,68.39,-1,,,-1,0,0,0,0,,,,0,,,
3,Day,3,U_Amb_R,Practice,352.72,31.094,-0.708,0.868,623.519,,68.518,-1,,,-1,0,0,0,0,,,,0,,,
3,Day,3,U_Amb_R,Practice,352.82,31.194,-0.707,0.868,626.582,,68.504,-1,,,-1,0,0,0,0,,,,0,,,
3,Day,3,U_Amb_R,Practice,352.92,31.294,-0.719,0.868,629.641,,68.413,-1,,,-1,0,0,0,0,,,,0,,,
3,Day,3,U_Amb_R,Practice,353.019,31.394,-0.705,0.868,632.697,,68.297,-1,,,-1,0,0,0,0,,,,0,,,
3,Day,3,U_Amb_R,Practice,353.12,31.494,-0.688,0.868,635.748,,68.231,-1,,,-1,0,0,0,0,,,,0,,,
3,Day,3,U_Amb_R,Practice,353.22,31.594,-0.665,0.868,638.798,,68.247,-1,,,-1,0,0,0,0,,,,0,,,
3,Day,3,U_Amb_R,Practice,353.319,31.694,-0.629,0.868,641.855,,68.631,-1,,,-1,0,0,0,0,,,,0,,,
3,Day,3,U_Amb_R,Practice,353.419,31.793,-0.574,0.868,644.926,,68.913,-1,,,-1,0,0,0,0,,,,0,,,
3,Day,3,U_Amb_R,Practice,353.519,31.894,-0.494,0.868,648.059,,69.435,-1,,,-1,0,0,0,0,,,,0,,,
3,Day,3,U_Amb_R,Practice,353.619,31.994,-0.398,0.868,651.168,,69.794,-1,,,-1,0,0,0,0,,,,0,,,
3,Day,3,U_Amb_R,Practice,353.72,32.094,-0.307,0.868,654.285,,69.845,-1,,,-1,0,0,0,0,,,,0,,,
3,Day,3,U_Amb_R,Practice,353.82,32.194,-0.203,0.868,657.402,,69.818,-1,,,-1,0,0,0,0,,,,0,,,
3,Day,3,U_Amb_R,Practice,353.919,32.294,-0.093,0.868,660.517,,69.849,-1,,,-1,0,0,0,0,,,,0,,,
3,Day,3,U_Amb_R,Practice,354.019,32.394,0.018,0.868,663.642,,70.193,-1,,,-1,0,0,0,0,,,,0,,,
3,Day,3,U_Amb_R,Practice,354.119,32.494,0.126,0.868,666.753,,70.29,-1,,,-1,0,0,0,0,,,,0,,,
3,Day,3,U_Amb_R,Practice,354.221,32.595,0.231,0.868,669.895,,70.488,-1,,,-1,0,0,0,0,,,,0,,,
3,Day,3,U_Amb_R,Practice,354.32,32.694,0.33,0.868,673.052,,70.707,-1,,,-1,0,0,0,0,,,,0,,,
3,Day,3,U_Amb_R,Practice,354.419,32.794,0.423,0.868,676.209,,70.735,-1,,,-1,0,0,0,0,,,,0,,,
3,Day,3,U_Amb_R,Practice,354.519,32.894,0.509,0.868,679.374,,71.028,-1,,,-1,0,0,0,0,,,,0,,,
3,Day,3,U_Amb_R,Practice,354.619,32.993,0.589,0.868,682.55,,71.148,-1,,,-1,0,0,0,0,,,,0,,,
3,Day,3,U_Amb_R,Practice,354.738,33.113,0.66,0.868,686.26,,71.024,-1,,,-1,0,0,0,0,,,,0,,,
3,Day,3,U_Amb_R,Practice,354.836,33.211,0.672,0.868,689.43,,70.918,-1,,,-1,0,0,0,0,,,,0,,,
3,Day,3,U_Amb_R,Practice,354.919,33.293,0.667,0.868,692.072,,70.852,-1,,,-1,0,0,0,0,,,,0,,,
3,Day,3,U_Amb_R,Practice,355.019,33.393,0.638,0.868,695.24,,70.975,-1,,,-1,0,0,0,0,,,,0,,,
3,Day,3,U_Amb_R,Practice,355.119,33.493,0.576,0.868,698.424,,71.145,-1,,,-1,0,0,0,0,,,,0,,,
3,Day,3,U_Amb_R,Practice,355.219,33.594,0.479,0.868,701.601,,71.411,-1,,,-1,0,0,0,0,,,,0,,,
3,Day,3,U_Amb_R,Practice,355.32,33.695,0.348,0.868,704.792,,71.558,-1,,,-1,0,0,0,0,,,,0,,,
3,Day,3,U_Amb_R,Practice,355.42,33.794,0.184,0.868,707.987,,71.538,-1,,,-1,0,0,0,0,,,,0,,,
3,Day,3,U_Amb_R,Practice,355.52,33.894,0,0.868,711.179,,71.442,-1,,,-1,0,0,0,0,,,,0,,,
3,Day,3,U_Amb_R,Practice,355.62,33.994,-0.17,0.868,714.367,,71.342,-1,,,-1,0,0,0,0,,,,0,,,
3,Day,3,U_Amb_R,Practice,355.722,34.097,-0.346,0.868,717.549,,71.272,-1,,,-1,0,0,0,0,,,,0,,,
3,Day,3,U_Amb_R,Practice,355.819,34.194,-0.524,0.868,720.729,,71.496,-1,,,-1,0,0,0,0,,,,0,,,
3,Day,3,U_Amb_R,Practice,355.919,34.294,-0.695,0.868,723.93,,71.803,-1,,,-1,0,0,0,0,,,,0,,,
3,Day,3,U_Amb_R,Practice,356.019,34.393,-0.852,0.868,727.136,,71.885,-1,,,-1,0,0,0,0,,,,0,,,
3,Day,3,U_Amb_R,Practice,356.12,34.494,-0.992,0.868,730.354,,72.241,-1,,,-1,0,0,0,0,,,,0,,,
3,Day,3,U_Amb_R,Practice,356.22,34.595,-1.113,0.868,733.584,,72.413,-1,,,-1,0,0,0,0,,,,0,,,
3,Day,3,U_Amb_R,Practice,356.32,34.694,-1.216,0.868,736.828,,72.796,-1,,,-1,0,0,0,0,,,,0,,,
3,Day,3,U_Amb_R,Practice,356.419,34.794,-1.301,0.868,740.085,,73.025,-1,,,-1,0,0,0,0,,,,0,,,
3,Day,3,U_Amb_R,Practice,356.519,34.894,-1.37,0.868,743.356,,73.464,-1,,,-1,0,0,0,0,,,,0,,,
3,Day,3,U_Amb_R,Practice,356.62,34.994,-1.423,0.868,746.646,,73.832,-1,,,-1,0,0,0,0,,,,0,,,
3,Day,3,U_Amb_R,Practice,356.72,35.094,-1.463,0.868,749.952,,74.025,-1,,,-1,0,0,0,0,,,,0,,,
3,Day,3,U_Amb_R,Practice,356.82,35.195,-1.47,0.868,753.258,,73.894,-1,,,-1,0,0,0,0,,,,0,,,
3,Day,3,U_Amb_R,Practice,356.92,35.295,-1.428,0.869,756.56,,73.81,-1,,,-1,0,0,0,0,,,,0,,,
3,Day,3,U_Amb_R,Practice,357.019,35.393,-1.363,0.871,759.855,,73.762,-1,,,-1,0,0,0,0,,,,0,,,
3,Day,3,U_Amb_R,Practice,357.119,35.494,-1.265,0.869,763.157,,74.047,-1,,,-1,0,0,0,0,,,,0,,,
3,Day,3,U_Amb_R,Practice,357.22,35.594,-1.13,0.868,766.469,,74.353,-1,,,-1,0,0,0,0,,,,0,,,
3,Day,3,U_Amb_R,Practice,357.319,35.693,-0.96,0.868,769.798,,74.847,-1,,,-1,0,0,0,0,,,,0,,,
3,Day,3,U_Amb_R,Practice,357.419,35.794,-0.793,0.868,773.144,,75.052,-1,,,-1,0,0,0,0,,,,0,,,
3,Day,3,U_Amb_R,Practice,357.52,35.894,-0.611,0.868,776.495,,75.074,-1,,,-1,0,0,0,0,,,,0,,,
3,Day,3,U_Amb_R,Practice,357.619,35.993,-0.418,0.868,779.844,,75.119,-1,,,-1,0,0,0,0,,,,0,,,
3,Day,3,U_Amb_R,Practice,357.72,36.094,-0.223,0.868,783.204,,75.393,-1,,,-1,0,0,0,0,,,,0,,,
3,Day,3,U_Amb_R,Practice,357.822,36.196,-0.034,0.868,786.573,,75.738,-1,,,-1,0,0,0,0,,,,0,,,
3,Day,3,U_Amb_R,Practice,357.921,36.296,0.145,0.868,789.963,,76.118,-1,,,-1,0,0,0,0,,,,0,,,
3,Day,3,U_Amb_R,Practice,358.019,36.394,0.311,0.868,793.369,,76.596,-1,,,-1,0,0,0,0,,,,0,,,
3,Day,3,U_Amb_R,Practice,358.119,36.494,0.464,0.868,796.794,,76.868,-1,,,-1,0,0,0,0,,,,0,,,
3,Day,3,U_Amb_R,Practice,358.221,36.596,0.602,0.868,800.237,,77.306,-1,,,-1,0,0,0,0,,,,0,,,
3,Day,3,U_Amb_R,Practice,358.319,36.694,0.726,0.868,803.694,,77.537,-1,,,-1,0,0,0,0,,,,0,,,
3,Day,3,U_Amb_R,Practice,358.419,36.794,0.836,0.868,807.175,,77.91,-1,,,-1,0,0,0,0,,,,0,,,
3,Day,3,U_Amb_R,Practice,358.519,36.894,0.934,0.868,810.658,,78.111,-1,,,-1,0,0,0,0,,,,0,,,
3,Day,3,U_Amb_R,Practice,358.619,36.994,1.02,0.868,814.144,,78.129,-1,,,-1,0,0,0,0,,,,0,,,
3,Day,3,U_Amb_R,Practice,358.719,37.093,1.092,0.868,817.635,,78.017,-1,,,-1,0,0,0,0,,,,0,,,
3,Day,3,U_Amb_R,Practice,358.819,37.194,1.113,0.868,821.116,,77.852,-1,,,-1,0,0,0,0,,,,0,,,
3,Day,3,U_Amb_R,Practice,358.919,37.294,1.105,0.868,824.597,,77.761,-1,,,-1,0,0,0,0,,,,0,,,
3,Day,3,U_Amb_R,Practice,359.02,37.395,1.069,0.868,828.068,,77.656,-1,,,-1,0,0,0,0,,,,0,,,
3,Day,3,U_Amb_R,Practice,359.136,37.511,0.982,0.868,832.115,,77.521,-1,,,-1,0,0,0,0,,,,0,,,
3,Day,3,U_Amb_R,Practice,359.219,37.593,0.888,0.868,835,,77.422,-1,,,-1,0,0,0,0,,,,0,,,
3,Day,3,U_Amb_R,Practice,359.319,37.694,0.739,0.868,838.456,,77.304,-1,,,-1,0,0,0,0,,,,0,,,
3,Day,3,U_Amb_R,Practice,359.42,37.795,0.566,0.868,841.904,,77.172,-1,,,-1,0,0,0,0,,,,0,,,
3,Day,3,U_Amb_R,Practice,359.519,37.894,0.387,0.868,845.347,,77.072,-1,,,-1,0,0,0,0,,,,0,,,
3,Day,3,U_Amb_R,Practice,359.619,37.994,0.186,0.868,848.786,,76.989,-1,,,-1,0,0,0,0,,,,0,,,
3,Day,3,U_Amb_R,Practice,359.719,38.094,-0.025,0.868,852.22,,76.913,-1,,,-1,0,0,0,0,,,,0,,,
3,Day,3,U_Amb_R,Practice,359.819,38.194,-0.241,0.868,855.649,,76.839,-1,,,-1,0,0,0,0,,,,0,,,
3,Day,3,U_Amb_R,Practice,359.919,38.294,-0.455,0.868,859.074,,76.766,-1,,,-1,0,0,0,0,,,,0,,,
3,Day,3,U_Amb_R,Practice,360.037,38.412,-0.673,0.868,863.068,,76.571,-1,,,-1,0,0,0,0,,,,0,,,
3,Day,3,U_Amb_R,Practice,360.119,38.494,-0.806,0.868,865.916,,76.5,-1,,,-1,0,0,0,0,,,,0,,,
3,Day,3,U_Amb_R,Practice,360.219,38.594,-0.949,0.868,869.331,,76.41,-1,,,-1,0,0,0,0,,,,0,,,
3,Day,3,U_Amb_R,Practice,360.32,38.695,-1.065,0.868,872.745,,76.312,-1,,,-1,0,0,0,0,,,,0,,,
3,Day,3,U_Amb_R,Practice,360.419,38.793,-1.151,0.868,876.15,,76.21,-1,,,-1,0,0,0,0,,,,0,,,
3,Day,3,U_Amb_R,Practice,360.519,38.893,-1.205,0.868,879.555,,76.108,-1,,,-1,0,0,0,0,,,,0,,,
3,Day,3,U_Amb_R,Practice,360.619,38.993,-1.227,0.868,882.952,,76.008,-1,,,-1,0,0,0,0,,,,0,,,
3,Day,3,U_Amb_R,Practice,360.719,39.094,-1.22,0.868,886.358,,75.911,-1,,,-1,0,0,0,0,,,,0,,,
3,Day,3,U_Amb_R,Practice,360.82,39.194,-1.187,0.868,889.746,,75.819,-1,,,-1,0,0,0,0,,,,0,,,
3,Day,3,U_Amb_R,Practice,360.919,39.294,-1.13,0.868,893.13,,75.731,-1,,,-1,0,0,0,0,,,,0,,,
3,Day,3,U_Amb_R,Practice,361.019,39.394,-1.051,0.868,896.513,,75.646,-1,,,-1,0,0,0,0,,,,0,,,
3,Day,3,U_Amb_R,Practice,361.119,39.493,-0.953,0.868,899.89,,75.564,-1,,,-1,0,0,0,0,,,,0,,,
3,Day,3,U_Amb_R,Practice,361.235,39.61,-0.839,0.868,903.264,,75.484,-1,,,-1,0,0,0,0,,,,0,,,
3,Day,3,U_Amb_R,Practice,361.335,39.71,-0.698,0.868,907.195,,75.34,-1,,,-1,0,0,0,0,,,,0,,,
3,Day,3,U_Amb_R,Practice,361.419,39.793,-0.608,0.868,910.001,,75.274,-1,,,-1,0,0,0,0,,,,0,,,
3,Day,3,U_Amb_R,Practice,361.518,39.893,-0.496,0.868,913.36,,75.2,-1,,,-1,0,0,0,0,,,,0,,,
3,Day,3,U_Amb_R,Practice,361.618,39.993,-0.386,0.868,916.719,,75.127,-1,,,-1,0,0,0,0,,,,0,,,
3,Day,3,U_Amb_R,Practice,361.719,40.093,-0.285,0.868,920.075,,75.052,-1,,,-1,0,0,0,0,,,,0,,,
3,Day,3,U_Amb_R,Practice,361.82,40.194,-0.194,0.868,923.428,,74.976,-1,,,-1,0,0,0,0,,,,0,,,
3,Day,3,U_Amb_R,Practice,361.918,40.293,-0.118,0.868,926.775,,74.898,-1,,,-1,0,0,0,0,,,,0,,,
3,Day,3,U_Amb_R,Practice,362.018,40.393,-0.055,0.868,930.123,,74.821,-1,,,-1,0,0,0,0,,,,0,,,
3,Day,3,U_Amb_R,Practice,362.119,40.493,-0.007,0.868,933.467,,74.744,-1,,,-1,0,0,0,0,,,,0,,,
3,Day,3,U_Amb_R,Practice,362.219,40.594,0.029,0.868,936.806,,74.667,-1,,,-1,0,0,0,0,,,,0,,,
3,Day,3,U_Amb_R,Practice,362.319,40.693,0.052,0.868,940.139,,74.591,-1,,,-1,0,0,0,0,,,,0,,,
3,Day,3,U_Amb_R,Practice,362.419,40.793,0.063,0.868,943.474,,74.517,-1,,,-1,0,0,0,0,,,,0,,,
3,Day,3,U_Amb_R,Practice,362.518,40.893,0.065,0.868,946.805,,74.442,-1,,,-1,0,0,0,0,,,,0,,,
3,Day,3,U_Amb_R,Practice,362.619,40.993,0.057,0.868,950.129,,74.369,-1,,,-1,0,0,0,0,,,,0,,,
3,Day,3,U_Amb_R,Practice,362.719,41.094,0.041,0.868,953.453,,74.296,-1,,,-1,0,0,0,0,,,,0,,,
3,Day,3,U_Amb_R,Practice,362.819,41.193,0.019,0.868,956.771,,74.224,-1,,,-1,0,0,0,0,,,,0,,,
3,Day,3,U_Amb_R,Practice,362.919,41.293,-0.01,0.868,960.088,,74.152,-1,,,-1,0,0,0,0,,,,0,,,
3,Day,3,U_Amb_R,Practice,363.018,41.393,-0.045,0.868,963.401,,74.081,-1,,,-1,0,0,0,0,,,,0,,,
3,Day,3,U_Amb_R,Practice,363.119,41.493,-0.083,0.868,966.711,,74.01,-1,,,-1,0,0,0,0,,,,0,,,
3,Day,3,U_Amb_R,Practice,363.219,41.594,-0.126,0.868,970.019,,73.939,-1,,,-1,0,0,0,0,,,,0,,,
3,Day,3,U_Amb_R,Practice,363.319,41.693,-0.173,0.868,973.322,,73.868,-1,,,-1,0,0,0,0,,,,0,,,
3,Day,3,U_Amb_R,Practice,363.419,41.793,-0.222,0.868,976.62,,73.797,-1,,,-1,0,0,0,0,,,,0,,,
3,Day,3,U_Amb_R,Practice,363.519,41.893,-0.274,0.868,979.918,,73.727,-1,,,-1,0,0,0,0,,,,0,,,
3,Day,3,U_Amb_R,Practice,363.619,41.993,-0.328,0.868,983.213,,73.656,-1,,,-1,0,0,0,0,,,,0,,,
3,Day,3,U_Amb_R,Practice,363.719,42.094,-0.384,0.868,986.504,,73.586,-1,,,-1,0,0,0,0,,,,0,,,
3,Day,3,U_Amb_R,Practice,363.819,42.194,-0.441,0.868,989.791,,73.516,-1,,,-1,0,0,0,0,,,,0,,,
3,Day,3,U_Amb_R,Practice,363.919,42.294,-0.5,0.868,993.077,,73.446,-1,,,-1,0,0,0,0,,,,0,,,
3,Day,3,U_Amb_R,Practice,364.019,42.394,-0.559,0.868,996.358,,73.376,-1,,,-1,0,0,0,0,,,,0,,,
3,Day,3,U_Amb_R,Practice,364.119,42.494,-0.62,0.868,999.637,,73.306,-1,,,-1,0,0,0,0,,,,0,,,
3,Day,3,U_Amb_R,Practice,364.219,42.593,-0.681,0.868,1002.911,,73.236,-1,,,-1,0,0,0,0,,,,0,,,
3,Day,3,U_Amb_R,Practice,364.319,42.693,-0.743,0.868,1006.182,,73.167,-1,,,-1,0,0,0,0,,,,0,,,
3,Day,3,U_Amb_R,Practice,364.418,42.792,-0.806,0.868,1009.45,,73.097,-1,,,-1,0,0,0,0,,,,0,,,
3,Day,3,U_Amb_R,Practice,364.519,42.893,-0.869,0.868,1012.716,,73.027,-1,,,-1,0,0,0,0,,,,0,,,
3,Day,3,U_Amb_R,Practice,364.618,42.993,-0.932,0.868,1015.979,,72.958,-1,,,-1,0,0,0,0,,,,0,,,
3,Day,3,U_Amb_R,Practice,364.719,43.093,-0.996,0.868,1019.239,,72.888,-1,,,-1,0,0,0,0,,,,0,,,
3,Day,3,U_Amb_R,Practice,364.819,43.193,-1.06,0.868,1022.496,,72.819,-1,,,-1,0,0,0,0,,,,0,,,
3,Day,3,U_Amb_R,Practice,364.918,43.293,-1.124,0.868,1025.747,,72.75,-1,,,-1,0,0,0,0,,,,0,,,
3,Day,3,U_Amb_R,Practice,365.019,43.393,-1.188,0.868,1028.996,,72.68,-1,,,-1,0,0,0,0,,,,0,,,
3,Day,3,U_Amb_R,Practice,365.119,43.494,-1.253,0.868,1032.245,,72.611,-1,,,-1,0,0,0,0,,,,0,,,
3,Day,3,U_Amb_R,Practice,365.219,43.594,-1.317,0.868,1035.489,,72.542,-1,,,-1,0,0,0,0,,,,0,,,
3,Day,3,U_Amb_R,Practice,365.319,43.694,-1.382,0.868,1038.73,,72.473,-1,,,-1,0,0,0,0,,,,0,,,
3,Day,3,U_Amb_R,Practice,365.419,43.793,-1.446,0.868,1041.969,,72.404,-1,,,-1,0,0,0,0,,,,0,,,
3,Day,3,U_Amb_R,Practice,365.518,43.893,-1.511,0.87,1045.205,,72.335,-1,,,-1,0,0,0,0,,,,0,,,
3,Day,3,U_Amb_R,Practice,365.618,43.993,-1.575,0.87,1048.433,,72.266,-1,,,-1,0,0,0,0,,,,0,,,
3,Day,3,U_Amb_R,Practice,365.719,44.093,-1.64,0.871,1051.662,,72.198,-1,,,-1,0,0,0,0,,,,0,,,
3,Day,3,U_Amb_R,Practice,365.819,44.194,-1.704,0.871,1054.887,,72.129,-1,,,-1,0,0,0,0,,,,0,,,
3,Day,3,U_Amb_R,Practice,365.919,44.293,-1.769,0.87,1058.108,,72.06,-1,,,-1,0,0,0,0,,,,0,,,
3,Day,3,U_Amb_R,Practice,366.021,44.395,-1.833,0.868,1061.329,,71.991,-1,,,-1,0,0,0,0,,,,0,,,
3,Day,3,U_Amb_R,Practice,366.118,44.493,-1.898,0.867,1064.545,,71.923,-1,,,-1,0,0,0,0,,,,0,,,
3,Day,3,U_Amb_R,Practice,366.218,44.593,-1.962,0.868,1067.758,,71.854,-1,,,-1,0,0,0,0,,,,0,,,
3,Day,3,U_Amb_R,Practice,366.32,44.694,-2.027,0.868,1070.976,,71.786,-1,,,-1,0,0,0,0,,,,0,,,
3,Day,3,U_Amb_R,Practice,366.419,44.794,-2.091,0.868,1074.18,,71.718,-1,,,-1,0,0,0,0,,,,0,,,
3,Day,3,U_Amb_R,Practice,366.519,44.893,-2.155,0.868,1077.381,,71.65,-1,,,-1,0,0,0,0,,,,0,,,
3,Day,3,U_Amb_R,Practice,366.618,44.992,-2.219,0.868,1080.58,,71.581,-1,,,-1,0,0,0,0,,,,0,,,
3,Day,3,U_Amb_R,Practice,366.736,45.111,-2.294,0.868,1084.311,,71.502,-1,,,-1,0,0,0,0,,,,0,,,
3,Day,3,U_Amb_R,Practice,366.819,45.193,-2.348,0.868,1086.972,,71.445,-1,,,-1,0,0,0,0,,,,0,,,
3,Day,3,U_Amb_R,Practice,366.919,45.293,-2.399,0.868,1090.164,,71.336,-1,,,-1,0,0,0,0,,,,0,,,
3,Day,3,U_Amb_R,Practice,367.018,45.393,-2.445,0.868,1093.349,,71.266,-1,,,-1,0,0,0,0,,,,0,,,
3,Day,3,U_Amb_R,Practice,367.136,45.51,-2.493,0.868,1097.064,,71.185,-1,,,-1,0,0,0,0,,,,0,,,
3,Day,3,U_Amb_R,Practice,367.236,45.611,-2.526,0.868,1100.246,,71.115,-1,,,-1,0,0,0,0,,,,0,,,
3,Day,3,U_Amb_R,Practice,367.319,45.693,-2.547,0.868,1102.894,,71.056,-1,,,-1,0,0,0,0,,,,0,,,
3,Day,3,U_Amb_R,Practice,367.435,45.81,-2.565,0.868,1106.598,,70.974,-1,,,-1,0,0,0,0,,,,0,,,
3,Day,3,U_Amb_R,Practice,367.518,45.893,-2.571,0.868,1109.24,,70.916,-1,,,-1,0,0,0,0,,,,0,,,
3,Day,3,U_Amb_R,Practice,367.618,45.992,-2.57,0.868,1112.41,,70.846,-1,,,-1,0,0,0,0,,,,0,,,
3,Day,3,U_Amb_R,Practice,367.718,46.093,-2.561,0.868,1115.575,,70.777,-1,,,-1,0,0,0,0,,,,0,,,
3,Day,3,U_Amb_R,Practice,367.819,46.193,-2.545,0.868,1118.741,,70.708,-1,,,-1,0,0,0,0,,,,0,,,
3,Day,3,U_Amb_R,Practice,367.918,46.293,-2.522,0.868,1121.897,,70.639,-1,,,-1,0,0,0,0,,,,0,,,
3,Day,3,U_Amb_R,Practice,368.019,46.394,-2.493,0.868,1125.053,,70.57,-1,,,-1,0,0,0,0,,,,0,,,
3,Day,3,U_Amb_R,Practice,368.118,46.493,-2.459,0.868,1128.205,,70.502,-1,,,-1,0,0,0,0,,,,0,,,
3,Day,3,U_Amb_R,Practice,368.218,46.593,-2.42,0.868,1131.354,,70.435,-1,,,-1,0,0,0,0,,,,0,,,
3,Day,3,U_Amb_R,Practice,368.318,46.693,-2.378,0.868,1134.505,,70.367,-1,,,-1,0,0,0,0,,,,0,,,
3,Day,3,U_Amb_R,Practice,368.418,46.792,-2.332,0.868,1137.646,,70.3,-1,,,-1,0,0,0,0,,,,0,,,
3,Day,3,U_Amb_R,Practice,368.535,46.91,-2.274,0.868,1141.311,,70.221,-1,,,-1,0,0,0,0,,,,0,,,
3,Day,3,U_Amb_R,Practice,368.618,46.993,-2.231,0.868,1143.926,,70.166,-1,,,-1,0,0,0,0,,,,0,46.958,,
3,Day,3,U_Amb_R,Practice,368.72,47.095,-2.177,0.868,1147.065,,70.099,-1,,,-1,0,0,0,0,,,,0,46.958,,
3,Day,3,U_Amb_R,Practice,368.819,47.193,-2.122,0.868,1150.192,,70.032,-1,,,-1,0,0,0,0,,,,0,46.958,,
3,Day,3,U_Amb_R,Practice,368.919,47.293,-2.064,0.868,1153.321,,69.965,-1,,,-1,0,0,0,0,,,,0,46.958,,
3,Day,3,U_Amb_R,Practice,369.019,47.393,-2.006,0.868,1156.447,,69.898,-1,,,-1,0,0,0,0,,,,0,46.958,,
3,Day,3,U_Amb_R,Practice,369.136,47.51,-1.936,0.868,1160.089,,69.821,-1,,,-1,0,0,0,0,,,,0,46.958,,
3,Day,3,U_Amb_R,Practice,369.218,47.592,-1.886,0.868,1162.689,,69.765,-1,,,-1,0,0,0,0,,,,0,46.958,,
3,Day,3,U_Amb_R,Practice,369.319,47.693,-1.825,0.868,1165.806,,69.699,-1,,,-1,0,0,0,0,,,,0,46.958,,
3,Day,3,U_Amb_R,Practice,369.419,47.794,-1.763,0.868,1168.92,,69.632,-1,,,-1,0,0,0,0,,,,0,46.958,,
3,Day,3,U_Amb_R,Practice,369.519,47.893,-1.7,0.868,1172.031,,69.566,-1,,,-1,0,0,0,0,,,,0,46.958,,
3,Day,3,U_Amb_R,Practice,369.618,47.993,-1.637,0.868,1175.138,,69.5,-1,,,-1,0,0,0,0,,,,0,46.958,,
3,Day,3,U_Amb_R,Practice,369.718,48.093,-1.574,0.87,1178.243,,69.434,-1,,,-1,0,0,0,0,,,,0,46.958,,
3,Day,3,U_Amb_R,Practice,369.819,48.194,-1.51,0.872,1181.345,,69.368,-1,,,-1,0,0,0,0,,,,0,46.958,,
3,Day,3,U_Amb_R,Practice,369.918,48.293,-1.447,0.871,1184.443,,69.302,-1,,,-1,0,0,0,0,,,,0,46.958,,
3,Day,3,U_Amb_R,Practice,370.019,48.393,-1.382,0.869,1187.54,,69.236,-1,,,-1,0,0,0,0,,,,0,46.958,,
3,Day,3,U_Amb_R,Practice,370.12,48.494,-1.318,0.868,1190.631,,69.17,-1,,,-1,0,0,0,0,,,,0,46.958,,
3,Day,3,U_Amb_R,Practice,370.219,48.594,-1.254,0.867,1193.723,,69.104,-1,,,-1,0,0,0,0,,,,0,46.958,,
3,Day,3,U_Amb_R,Practice,370.319,48.693,-1.19,0.868,1196.81,,69.038,-1,,,-1,0,0,0,0,,,,0,46.958,,
3,Day,3,U_Amb_R,Practice,370.417,48.792,-1.125,0.868,1199.894,,68.972,-1,,,-1,0,0,0,0,,,,0,46.958,,
3,Day,3,U_Amb_R,Practice,370.519,48.893,-1.061,0.868,1202.975,,68.907,-1,,,-1,0,0,0,0,,,,0,46.958,,
3,Day,3,U_Amb_R,Practice,370.618,48.993,-0.996,0.868,1206.054,,68.841,-1,,,-1,0,0,0,0,,,,0,46.958,,
3,Day,3,U_Amb_R,Practice,370.719,49.093,-0.932,0.868,1209.13,,68.776,-1,,,-1,0,0,0,0,,,,0,46.958,,
3,Day,3,U_Amb_R,Practice,370.819,49.194,-0.867,0.868,1212.202,,68.71,-1,,,-1,0,0,0,0,,,,0,46.958,,
3,Day,3,U_Amb_R,Practice,370.918,49.292,-0.803,0.868,1215.27,,68.645,-1,,,-1,0,0,0,0,,,,0,46.958,,
3,Day,3,U_Amb_R,Practice,371.018,49.393,-0.738,0.868,1218.338,,68.579,-1,,,-1,0,0,0,0,,,,0,46.958,,
3,Day,3,U_Amb_R,Practice,371.118,49.492,-0.674,0.868,1221.402,,68.514,-1,,,-1,0,0,0,0,,,,0,46.958,,
3,Day,3,U_Amb_R,Practice,371.218,49.593,-0.61,0.868,1224.463,,68.449,-1,,,-1,0,0,0,0,,,,0,46.958,,
3,Day,3,U_Amb_R,Practice,371.319,49.694,-0.545,0.868,1227.521,,68.384,-1,,,-1,0,0,0,0,,,,0,46.958,,
3,Day,3,U_Amb_R,Practice,371.419,49.793,-0.481,0.868,1230.577,,68.318,-1,,,-1,0,0,0,0,,,,0,46.958,,
3,Day,3,U_Amb_R,Practice,371.519,49.893,-0.417,0.868,1233.628,,68.253,-1,,,-1,0,0,0,0,,,,0,46.958,,
3,Day,3,U_Amb_R,Practice,371.618,49.993,-0.354,0.868,1236.675,,68.15,-1,,,-1,0,0,0,0,,,,0,46.958,,
3,Day,3,U_Amb_R,Practice,371.737,50.112,-0.314,0.868,1240.226,,68.032,-1,,,-1,0,0,0,0,,,,0,46.958,,
3,Day,3,U_Amb_R,Practice,371.819,50.193,-0.291,0.868,1242.761,,67.974,-1,,,-1,0,0,0,0,,,,0,46.958,,
3,Day,3,U_Amb_R,Practice,371.919,50.293,-0.273,0.868,1245.797,,67.904,-1,,,-1,0,0,0,0,,,,0,46.958,,
3,Day,3,U_Amb_R,Practice,372.018,50.392,-0.27,0.868,1248.837,,67.831,-1,,,-1,0,0,0,0,,,,0,46.958,,
3,Day,3,U_Amb_R,Practice,372.119,50.493,-0.269,0.868,1251.864,,67.7,-1,,,-1,0,0,0,0,,,,0,46.958,,
3,Day,3,U_Amb_R,Practice,372.219,50.593,-0.251,0.868,1254.886,,67.614,-1,,,-1,0,0,0,0,,,,0,46.958,,
3,Day,3,U_Amb_R,Practice,372.318,50.693,-0.24,0.868,1257.906,,67.557,-1,,,-1,0,0,0,0,,,,0,46.958,,
3,Day,3,U_Amb_R,Practice,372.419,50.793,-0.227,0.868,1260.932,,67.862,-1,,,-1,0,0,0,0,,,,0,46.958,,
3,Day,3,U_Amb_R,Practice,372.518,50.893,-0.215,0.868,1263.969,,67.98,-1,,,-1,0,0,0,0,,,,0,46.958,,
3,Day,3,U_Amb_R,Practice,372.619,50.993,-0.228,0.868,1267.007,,67.951,-1,,,-1,0,0,0,0,,,,0,46.958,,
3,Day,3,U_Amb_R,Practice,372.719,51.094,-0.238,0.868,1270.044,,67.914,-1,,,-1,0,0,0,0,,,,0,46.958,,
3,Day,3,U_Amb_R,Practice,372.818,51.193,-0.251,0.868,1273.084,,68.234,-1,,,-1,0,0,0,0,,,,0,46.958,,
3,Day,3,U_Amb_R,Practice,372.918,51.293,-0.272,0.868,1276.139,,68.491,-1,,,-1,0,0,0,0,,,,0,46.958,,
3,Day,3,U_Amb_R,Practice,373.019,51.393,-0.305,0.868,1279.203,,68.515,-1,,,-1,0,0,0,0,,,,0,46.958,,
3,Day,3,U_Amb_R,Practice,373.119,51.494,-0.351,0.868,1282.266,,68.473,-1,,,-1,0,0,0,0,,,,0,46.958,,
3,Day,3,U_Amb_R,Practice,373.219,51.593,-0.411,0.868,1285.331,,68.709,-1,,,-1,0,0,0,0,,,,0,46.958,,
3,Day,3,U_Amb_R,Practice,373.318,51.692,-0.485,0.868,1288.408,,69.157,-1,,,-1,0,0,0,0,,,,0,46.958,,
3,Day,3,U_Amb_R,Practice,373.418,51.793,-0.573,0.868,1291.501,,69.288,-1,,,-1,0,0,0,0,,,,0,46.958,,
3,Day,3,U_Amb_R,Practice,373.518,51.892,-0.672,0.868,1294.601,,69.614,-1,,,-1,0,0,0,0,,,,0,46.958,,
3,Day,3,U_Amb_R,Practice,373.619,51.994,-0.782,0.868,1297.716,,69.742,-1,,,-1,0,0,0,0,,,,0,46.958,,
3,Day,3,U_Amb_R,Practice,373.719,52.093,-0.902,0.868,1300.83,,69.734,-1,,,-1,0,0,0,1,,,,0,46.958,,
3,Day,3,U_Amb_R,Practice,373.819,52.193,-1.029,0.868,1303.946,,69.685,-1,,,-1,0,0,0,1,,,,0,46.958,,
3,Day,3,U_Amb_R,Practice,373.918,52.293,-1.164,0.868,1307.056,,69.624,-1,,,-1,0,0,0,1,,,,0,46.958,,
3,Day,3,U_Amb_R,Practice,374.018,52.393,-1.284,0.868,1310.162,,69.46,-1,,,-1,0,0,0,1,,,,0,46.958,,
3,Day,3,U_Amb_R,Practice,374.118,52.493,-1.373,0.868,1313.264,,69.372,-1,,,-1,0,0,0,1,,,,0,46.958,,
3,Day,3,U_Amb_R,Practice,374.22,52.594,-1.453,0.868,1316.362,,69.299,-1,,,-1,0,0,0,1,,,,0,46.958,,
3,Day,3,U_Amb_R,Practice,374.319,52.693,-1.516,0.869,1319.462,,69.509,-1,,,-1,0,0,0,1,,,,0,46.958,,
3,Day,3,U_Amb_R,Practice,374.418,52.793,-1.554,0.87,1322.578,,69.944,-1,,,-1,0,0,0,1,,,,0,46.958,,
3,Day,3,U_Amb_R,Practice,374.518,52.893,-1.564,0.872,1325.707,,70.055,-1,,,-1,0,0,0,1,,,,0,46.958,,
3,Day,3,U_Amb_R,Practice,374.618,52.993,-1.548,0.871,1328.849,,70.396,-1,,,-1,0,0,0,1,,,,0,46.958,,
3,Day,3,U_Amb_R,Practice,374.718,53.092,-1.504,0.868,1332.002,,70.928,-1,,,-1,0,0,0,1,,,,0,46.958,,
3,Day,3,U_Amb_R,Practice,374.817,53.192,-1.435,0.87,1335.174,,71.095,-1,,,-1,0,0,0,1,,,,0,46.958,,
3,Day,3,U_Amb_R,Practice,374.918,53.293,-1.344,0.869,1338.358,,71.091,-1,,,-1,0,0,0,1,,,,0,46.958,,
3,Day,3,U_Amb_R,Practice,375.018,53.393,-1.235,0.868,1341.53,,71.039,-1,,,-1,0,0,0,1,,,,0,46.958,,
3,Day,3,U_Amb_R,Practice,375.118,53.493,-1.109,0.868,1344.699,,70.972,-1,,,-1,0,0,0,1,,,,0,46.958,,
3,Day,3,U_Amb_R,Practice,375.219,53.593,-0.969,0.868,1347.868,,71.045,-1,,,-1,0,0,0,1,,,,0,46.958,,
3,Day,3,U_Amb_R,Practice,375.318,53.693,-0.811,0.868,1351.132,,71.506,-1,,,-1,0,0,0,1,,,,0,46.958,,
3,Day,3,U_Amb_R,Practice,375.418,53.792,-0.645,0.868,1354.332,,72.079,-1,,,-1,0,0,0,1,,,,0,46.958,,
3,Day,3,U_Amb_R,Practice,375.519,53.894,-0.444,0.868,1357.474,,72.432,-1,,,-1,0,0,0,1,,,,0,46.958,,
3,Day,3,U_Amb_R,Practice,375.617,53.992,-0.197,0.868,1360.703,,72.534,-1,,,-1,0,0,0,1,,,,0,46.958,,
3,Day,3,U_Amb_R,Practice,375.718,54.093,0.072,0.868,1363.935,,72.501,-1,,,-1,0,0,0,1,,,,0,46.958,,
3,Day,3,U_Amb_R,Practice,375.819,54.193,0.372,0.868,1367.161,,72.418,-1,,,-1,0,0,0,1,,,,0,46.958,,
3,Day,3,U_Amb_R,Practice,375.918,54.293,0.707,0.868,1370.379,,72.318,-1,,,-1,0,0,0,1,,,,0,46.958,,
3,Day,3,U_Amb_R,Practice,376.018,54.393,1.07,0.868,1373.59,,72.197,-1,,,-1,0,0,0,1,,,,0,46.958,,
3,Day,3,U_Amb_R,Practice,376.119,54.493,1.436,0.869,1376.794,,72.093,-1,,,-1,0,0,0,1,,,,0,46.958,,
3,Day,3,U_Amb_R,Practice,376.217,54.592,1.826,0.869,1380,,72.013,-1,,,-1,0,0,0,1,,,,0,46.958,,
3,Day,3,U_Amb_R,Practice,376.318,54.693,2.228,0.869,1383.189,,71.94,-1,,,-1,0,0,0,1,,,,0,46.958,,
3,Day,3,U_Amb_R,Practice,376.417,54.792,2.636,0.868,1386.374,,71.871,-1,,,-1,0,0,0,1,,,,0,46.958,,
3,Day,3,U_Amb_R,Practice,376.518,54.892,3.042,0.868,1389.557,,71.745,-1,,,-1,0,0,0,1,,,,0,46.958,,
3,Day,3,U_Amb_R,Practice,376.618,54.992,3.406,0.868,1392.74,,71.573,-1,,,-1,0,0,0,1,,,,0,46.958,,
3,Day,3,U_Amb_R,Practice,376.718,55.092,3.739,0.868,1395.924,,71.435,-1,,,-1,0,0,0,1,,,,0,46.958,,
3,Day,3,U_Amb_R,Practice,376.818,55.192,4.01,0.869,1399.097,,71.184,-1,,,-1,0,0,0,1,,,,0,46.958,,
3,Day,3,U_Amb_R,Practice,376.917,55.292,4.223,0.869,1402.269,,71.038,-1,,,-1,0,0,0,1,,,,0,46.958,,
3,Day,3,U_Amb_R,Practice,377.017,55.392,4.378,0.868,1405.436,,70.856,-1,,,-1,0,0,0,1,,,,0,46.958,,
3,Day,3,U_Amb_R,Practice,377.118,55.493,4.467,0.868,1408.599,,70.656,-1,,,-1,0,0,0,1,,,,0,46.958,,
3,Day,3,U_Amb_R,Practice,377.218,55.592,4.487,0.868,1411.755,,70.458,-1,,,-1,0,0,0,1,,,,0,46.958,,
3,Day,3,U_Amb_R,Practice,377.318,55.692,4.441,0.868,1414.899,,70.272,-1,,,-1,0,0,0,1,,,,0,46.958,,
3,Day,3,U_Amb_R,Practice,377.417,55.791,4.332,0.868,1418.035,,70.104,-1,,,-1,0,0,0,1,,,,0,46.958,,
3,Day,3,U_Amb_R,Practice,377.517,55.892,4.167,0.869,1421.165,,69.955,-1,,,-1,0,0,0,1,,,,0,46.958,,
3,Day,3,U_Amb_R,Practice,377.618,55.992,3.953,0.87,1424.279,,69.828,-1,,,-1,0,0,0,1,,,,1,46.958,377.552,3.869
3,Day,3,U_Amb_R,Practice,377.718,56.092,3.697,0.869,1427.389,,69.713,-1,,,-1,0,0,0,1,,,,1,46.958,377.552,3.869
3,Day,3,U_Amb_R,Practice,377.818,56.193,3.404,0.868,1430.489,,69.612,-1,,,-1,0,0,0,1,,,,1,46.958,377.552,3.869
3,Day,3,U_Amb_R,Practice,377.918,56.293,3.081,0.868,1433.583,,69.519,-1,,,-1,0,0,0,1,,,,1,46.958,377.552,3.869
3,Day,3,U_Amb_R,Practice,378.018,56.392,2.732,0.868,1436.668,,69.435,-1,,,-1,0,0,0,1,,,,1,46.958,377.552,3.869
3,Day,3,U_Amb_R,Practice,378.118,56.492,2.361,0.868,1439.748,,69.355,-1,,,-1,0,0,0,1,,,,1,46.958,377.552,3.869
3,Day,3,U_Amb_R,Practice,378.218,56.593,1.972,0.868,1442.823,,69.28,-1,,,-1,0,0,0,1,,,,1,46.958,377.552,3.869
3,Day,3,U_Amb_R,Practice,378.318,56.692,1.568,0.868,1445.892,,69.208,-1,,,-1,0,0,0,1,,,,1,46.958,377.552,3.869
3,Day,3,U_Amb_R,Practice,378.417,56.792,1.152,0.868,1448.956,,69.123,-1,,,-1,0,0,0,1,,,,1,46.958,377.552,3.869
3,Day,3,U_Amb_R,Practice,378.517,56.892,0.752,0.868,1452.018,,68.994,-1,,,-1,0,0,0,1,,,,1,46.958,377.552,3.869
3,Day,3,U_Amb_R,Practice,378.618,56.993,0.361,0.868,1455.076,,68.905,-1,,,-1,0,0,0,1,,,,1,46.958,377.552,3.869
3,Day,3,U_Amb_R,Practice,378.718,57.092,0.002,0.868,1458.131,,68.706,-1,,,-1,0,0,0,1,,,,1,46.958,377.552,3.869
3,Day,3,U_Amb_R,Practice,378.817,57.192,-0.315,0.868,1461.187,,68.618,-1,,,-1,0,0,0,1,,,,1,46.958,377.552,3.869
3,Day,3,U_Amb_R,Practice,378.918,57.292,-0.602,0.868,1464.236,,68.511,-1,,,-1,0,0,0,1,,,,1,46.958,377.552,3.869
3,Day,3,U_Amb_R,Practice,379.018,57.392,-0.847,0.868,1467.286,,68.388,-1,,,-1,0,0,0,1,,,,1,46.958,377.552,3.869
3,Day,3,U_Amb_R,Practice,379.118,57.492,-1.046,0.868,1470.335,,68.26,-1,,,-1,0,0,0,1,,,,1,46.958,377.552,3.869
3,Day,3,U_Amb_R,Practice,379.218,57.592,-1.191,0.868,1473.378,,68.009,-1,,,-1,0,0,0,1,,,,1,46.958,377.552,3.869
3,Day,3,U_Amb_R,Practice,379.318,57.693,-1.27,0.868,1476.414,,67.896,-1,,,-1,0,0,0,1,,,,1,46.958,377.552,3.869
3,Day,3,U_Amb_R,Practice,379.435,57.809,-1.306,0.868,1479.95,,67.744,-1,,,-1,0,0,0,1,,,,1,46.958,377.552,3.869
3,Day,3,U_Amb_R,Practice,379.517,57.892,-1.292,0.868,1482.47,,67.639,-1,,,-1,0,0,0,1,,,,1,46.958,377.552,3.869
3,Day,3,U_Amb_R,Practice,379.617,57.992,-1.236,0.868,1485.492,,67.54,-1,,,-1,0,0,0,1,,,,1,46.958,377.552,3.869
3,Day,3,U_Amb_R,Practice,379.718,58.092,-1.139,0.868,1488.514,,67.792,-1,,,-1,0,0,0,1,,,,1,46.958,377.552,3.869
3,Day,3,U_Amb_R,Practice,379.817,58.192,-1.005,0.868,1491.545,,67.936,-1,,,-1,0,0,0,1,,,,1,46.958,377.552,3.869
3,Day,3,U_Amb_R,Practice,379.917,58.292,-0.84,0.868,1494.578,,67.915,-1,,,-1,0,0,0,1,,,,1,46.958,377.552,3.869
3,Day,3,U_Amb_R,Practice,380.017,58.392,-0.65,0.868,1497.607,,67.843,-1,,,-1,0,0,0,1,,,,1,46.958,377.552,3.869
3,Day,3,U_Amb_R,Practice,380.118,58.492,-0.472,0.868,1500.63,,67.724,-1,,,-1,0,0,0,1,,,,1,46.958,377.552,3.869
3,Day,3,U_Amb_R,Practice,380.218,58.592,-0.291,0.868,1503.649,,67.654,-1,,,-1,0,0,0,1,,,,1,46.958,377.552,3.869
3,Day,3,U_Amb_R,Practice,380.318,58.692,-0.107,0.868,1506.668,,67.589,-1,,,-1,0,0,0,1,,,,1,46.958,377.552,3.869
3,Day,3,U_Amb_R,Practice,380.419,58.793,0.07,0.868,1509.683,,67.522,-1,,,-1,0,0,0,1,,,,1,46.958,377.552,3.869
3,Day,3,U_Amb_R,Practice,380.518,58.892,0.236,0.868,1512.694,,67.452,-1,,,-1,0,0,0,1,,,,1,46.958,377.552,3.869
3,Day,3,U_Amb_R,Practice,380.634,59.009,0.411,0.868,1516.204,,67.369,-1,,,-1,0,0,0,1,,,,1,46.958,377.552,3.869
3,Day,3,U_Amb_R,Practice,380.717,59.092,0.522,0.868,1518.712,,67.309,-1,,,-1,0,0,0,1,,,,1,46.958,377.552,3.869
3,Day,3,U_Amb_R,Practice,380.835,59.21,0.659,0.868,1522.217,,67.225,-1,,,-1,0,0,0,1,,,,1,46.958,377.552,3.869
3,Day,3,U_Amb_R,Practice,380.918,59.292,0.74,0.868,1524.718,,67.117,-1,,,-1,0,0,0,1,,,,1,46.958,377.552,3.869
3,Day,3,U_Amb_R,Practice,381.017,59.392,0.798,0.868,1527.712,,66.99,-1,,,-1,0,0,0,1,,,,1,46.958,377.552,3.869
3,Day,3,U_Amb_R,Practice,381.118,59.492,0.838,0.868,1530.705,,66.911,-1,,,-1,0,0,0,1,,,,1,46.958,377.552,3.869
3,Day,3,U_Amb_R,Practice,381.218,59.592,0.855,0.868,1533.694,,66.83,-1,,,-1,0,0,0,1,,,,1,46.958,377.552,3.869
3,Day,3,U_Amb_R,Practice,381.318,59.693,0.847,0.868,1536.679,,66.748,-1,,,-1,0,0,0,1,,,,1,46.958,377.552,3.869
3,Day,3,U_Amb_R,Practice,381.418,59.792,0.815,0.868,1539.661,,66.667,-1,,,-1,0,0,0,1,,,,1,46.958,377.552,3.869
3,Day,3,U_Amb_R,Practice,381.518,59.892,0.761,0.868,1542.638,,66.577,-1,,,-1,0,0,0,1,,,,1,46.958,377.552,3.869
3,Day,3,U_Amb_R,Practice,381.618,59.992,0.722,0.868,1545.61,,66.442,-1,,,-1,0,0,0,1,,,,1,46.958,377.552,3.869
3,Day,3,U_Amb_R,Practice,381.718,60.092,0.687,0.868,1548.577,,66.37,-1,,,-1,0,0,0,1,,,,1,46.958,377.552,3.869
3,Day,3,U_Amb_R,Practice,381.824,60.198,0.649,0.868,1551.669,,66.294,-1,,,-1,0,0,0,1,,,,1,46.958,377.552,3.869
3,Day,3,U_Amb_R,Practice,381.917,60.292,0.622,0.868,1554.505,,66.238,-1,,,-1,0,0,0,1,,,,1,46.958,377.552,3.869
3,Day,3,U_Amb_R,Practice,382.018,60.393,0.578,0.868,1557.462,,66.093,-1,,,-1,0,0,0,1,,,,1,46.958,377.552,3.869
3,Day,3,U_Amb_R,Practice,382.118,60.492,0.53,0.868,1560.413,,66.02,-1,,,-1,0,0,0,1,,,,1,46.958,377.552,3.869
3,Day,3,U_Amb_R,Practice,382.218,60.592,0.488,0.868,1563.363,,65.955,-1,,,-1,0,0,0,1,,,,1,46.958,377.552,3.869
3,Day,3,U_Amb_R,Practice,382.317,60.692,0.446,0.868,1566.31,,65.892,-1,,,-1,0,0,0,1,,,,1,46.958,377.552,3.869
3,Day,3,U_Amb_R,Practice,382.418,60.792,0.399,0.868,1569.254,,65.828,-1,,,-1,0,0,0,1,,,,1,46.958,377.552,3.869
3,Day,3,U_Amb_R,Practice,382.518,60.893,0.345,0.868,1572.194,,65.763,-1,,,-1,0,0,0,1,,,,1,46.958,377.552,3.869
3,Day,3,U_Amb_R,Practice,382.617,60.992,0.281,0.868,1575.13,,65.698,-1,,,-1,0,0,0,1,,,,1,46.958,377.552,3.869
3,Day,3,U_Amb_R,Practice,382.718,61.092,0.208,0.868,1578.063,,65.632,-1,,,-1,0,0,0,1,,,,1,46.958,377.552,3.869
3,Day,3,U_Amb_R,Practice,382.817,61.191,0.13,0.868,1580.998,,65.537,-1,,,-1,0,0,0,1,,,,1,46.958,377.552,3.869
3,Day,3,U_Amb_R,Practice,382.918,61.292,0.08,0.868,1583.921,,65.41,-1,,,-1,0,0,0,1,,,,1,46.958,377.552,3.869
3,Day,3,U_Amb_R,Practice,383.017,61.391,0.034,0.868,1586.842,,65.345,-1,,,-1,0,0,0,1,,,,1,46.958,377.552,3.869
3,Day,3,U_Amb_R,Practice,383.117,61.492,-0.006,0.868,1589.763,,65.278,-1,,,-1,0,0,0,1,,,,1,46.958,377.552,3.869
3,Day,3,U_Amb_R,Practice,383.217,61.592,-0.031,0.868,1592.678,,65.209,-1,,,-1,0,0,0,1,,,,1,46.958,377.552,3.869
3,Day,3,U_Amb_R,Practice,383.317,61.692,-0.039,0.868,1595.59,,65.136,-1,,,-1,0,0,0,1,,,,1,46.958,377.552,3.869
3,Day,3,U_Amb_R,Practice,383.435,61.809,-0.024,0.868,1598.986,,65.051,-1,,,-1,0,0,0,1,,,,1,46.958,377.552,3.869
3,Day,3,U_Amb_R,Practice,383.535,61.91,0.008,0.868,1601.892,,64.978,-1,,,-1,0,0,0,1,,,,1,46.958,377.552,3.869
3,Day,3,U_Amb_R,Practice,383.617,61.992,0.049,0.868,1604.309,,64.919,-1,,,-1,0,0,0,1,,,,1,46.958,377.552,3.869
3,Day,3,U_Amb_R,Practice,383.718,62.092,0.113,0.868,1607.21,,64.849,-1,,,-1,0,0,0,1,,,,1,46.958,377.552,3.869
3,Day,3,U_Amb_R,Practice,383.817,62.192,0.19,0.868,1610.107,,64.782,-1,,,-1,0,0,0,1,,,,1,46.958,377.552,3.869
3,Day,3,U_Amb_R,Practice,383.917,62.292,0.28,0.868,1612.997,,64.715,-1,,,-1,0,0,0,1,,,,1,46.958,377.552,3.869
3,Day,3,U_Amb_R,Practice,384.016,62.391,0.381,0.868,1615.887,,64.65,-1,,,-1,0,0,0,1,,,,1,46.958,377.552,3.869
3,Day,3,U_Amb_R,Practice,384.117,62.492,0.492,0.868,1618.775,,64.586,-1,,,-1,0,0,0,1,,,,1,46.958,377.552,3.869
3,Day,3,U_Amb_R,Practice,384.217,62.591,0.61,0.868,1621.656,,64.522,-1,,,-1,0,0,0,1,,,,1,46.958,377.552,3.869
3,Day,3,U_Amb_R,Practice,384.317,62.692,0.735,0.868,1624.536,,64.459,-1,,,-1,0,0,0,1,,,,1,46.958,377.552,3.869
3,Day,3,U_Amb_R,Practice,384.417,62.792,0.865,0.868,1627.412,,64.397,-1,,,-1,0,0,0,1,,,,1,46.958,377.552,3.869
3,Day,3,U_Amb_R,Practice,384.517,62.891,1,0.868,1630.287,,64.335,-1,,,-1,0,0,0,1,,,,1,46.958,377.552,3.869
3,Day,3,U_Amb_R,Practice,384.618,62.992,1.14,0.868,1633.158,,64.273,-1,,,-1,0,0,0,1,,,,1,46.958,377.552,3.869
3,Day,3,U_Amb_R,Practice,384.717,63.091,1.282,0.868,1636.025,,64.212,-1,,,-1,0,0,0,1,,,,1,46.958,377.552,3.869
3,Day,3,U_Amb_R,Practice,384.817,63.192,1.427,0.868,1638.893,,64.15,-1,,,-1,0,0,0,1,,,,1,46.958,377.552,3.869
3,Day,3,U_Amb_R,Practice,384.917,63.292,1.575,0.868,1641.754,,64.089,-1,,,-1,0,0,0,1,,,,1,46.958,377.552,3.869
3,Day,3,U_Amb_R,Practice,385.017,63.391,1.724,0.868,1644.614,,64.028,-1,,,-1,0,0,0,1,,,,1,46.958,377.552,3.869
3,Day,3,U_Amb_R,Practice,385.118,63.493,1.875,0.868,1647.469,,63.967,-1,,,-1,0,0,0,1,,,,1,46.958,377.552,3.869
3,Day,3,U_Amb_R,Practice,385.216,63.591,2.027,0.868,1650.322,,63.906,-1,,,-1,0,0,0,1,,,,1,46.958,377.552,3.869
3,Day,3,U_Amb_R,Practice,385.317,63.691,2.18,0.868,1653.173,,63.845,-1,,,-1,0,0,0,1,,,,1,46.958,377.552,3.869
3,Day,3,U_Amb_R,Practice,385.417,63.791,2.334,0.868,1656.022,,63.784,-1,,,-1,0,0,0,1,,,,1,46.958,377.552,3.869
3,Day,3,U_Amb_R,Practice,385.517,63.891,2.488,0.868,1658.866,,63.723,-1,,,-1,0,0,0,1,,,,1,46.958,377.552,3.869
3,Day,3,U_Amb_R,Practice,385.618,63.992,2.644,0.868,1661.713,,63.663,-1,,,-1,0,0,0,1,,,,1,46.958,377.552,3.869
3,Day,3,U_Amb_R,Practice,385.717,64.092,2.799,0.868,1664.551,,63.602,-1,,,-1,0,0,0,1,,,,1,46.958,377.552,3.869
3,Day,3,U_Amb_R,Practice,385.817,64.192,2.955,0.868,1667.388,,63.541,-1,,,-1,0,0,0,1,,,,1,46.958,377.552,3.869
3,Day,3,U_Amb_R,Practice,385.917,64.292,3.11,0.868,1670.222,,63.481,-1,,,-1,0,0,0,1,,,,1,46.958,377.552,3.869
3,Day,3,U_Amb_R,Practice,386.018,64.392,3.267,0.868,1673.055,,63.421,-1,,,-1,0,0,0,1,,,,1,46.958,377.552,3.869
3,Day,3,U_Amb_R,Practice,386.117,64.492,3.423,0.868,1675.884,,63.36,-1,,,-1,0,0,0,1,,,,1,46.958,377.552,3.869
3,Day,3,U_Amb_R,Practice,386.217,64.592,3.579,0.868,1678.711,,63.3,-1,,,-1,0,0,0,1,,,,1,46.958,377.552,3.869
3,Day,3,U_Amb_R,Practice,386.333,64.708,3.761,0.869,1682.004,,63.229,-1,,,-1,0,0,0,1,,,,1,46.958,377.552,3.869
3,Day,3,U_Amb_R,Practice,386.433,64.807,3.917,0.87,1684.824,,63.169,-1,,,-1,0,0,0,1,,,,1,46.958,377.552,3.869
3,Day,3,U_Amb_R,Practice,386.533,64.908,4.074,0.871,1687.642,,63.109,-1,,,-1,0,0,0,1,,,,1,46.958,377.552,3.869
3,Day,3,U_Amb_R,Practice,386.634,65.008,4.23,0.869,1690.457,,63.049,-1,,,-1,0,0,0,1,,,,1,46.958,377.552,3.869
3,Day,3,U_Amb_R,Practice,386.734,65.108,4.386,0.868,1693.27,,62.989,-1,,,-1,0,0,0,1,,,,1,46.958,377.552,3.869
3,Day,3,U_Amb_R,Practice,386.834,65.208,4.542,0.868,1696.079,,62.929,-1,,,-1,0,0,0,1,,,,1,46.958,377.552,3.869
3,Day,3,U_Amb_R,Practice,386.934,65.308,4.698,0.868,1698.886,,62.869,-1,,,-1,0,0,0,1,,,,1,46.958,377.552,3.869
3,Day,3,U_Amb_R,Practice,387.034,65.409,4.853,0.868,1701.691,,62.809,-1,,,-1,0,0,0,1,,,,1,46.958,377.552,3.869
3,Day,3,U_Amb_R,Practice,387.134,65.509,5.009,0.868,1704.494,,62.75,-1,,,-1,0,0,0,1,,,,1,46.958,377.552,3.869
3,Day,3,U_Amb_R,Practice,387.233,65.608,5.165,0.868,1707.293,,62.69,-1,,,-1,0,0,0,1,,,,1,46.958,377.552,3.869
3,Day,3,U_Amb_R,Practice,387.333,65.708,5.32,0.868,1710.09,,62.63,-1,,,-1,0,0,0,1,,,,1,46.958,377.552,3.869
3,Day,3,U_Amb_R,Practice,387.433,65.808,5.475,0.868,1712.882,,62.57,-1,,,-1,0,0,0,1,,,,1,46.958,377.552,3.869
3,Day,3,U_Amb_R,Practice,387.533,65.908,5.63,0.868,1715.673,,62.511,-1,,,-1,0,0,0,1,,,,1,46.958,377.552,3.869
3,Day,3,U_Amb_R,Practice,387.633,66.007,5.785,0.868,1718.461,,62.451,-1,,,-1,0,0,0,1,,,,1,46.958,377.552,3.869
3,Day,3,U_Amb_R,Practice,387.734,66.109,5.94,0.868,1721.252,,62.392,-1,,,-1,0,0,0,1,,,,1,46.958,377.552,3.869
3,Day,3,U_Amb_R,Practice,387.833,66.208,6.095,0.868,1724.036,,62.333,-1,,,-1,0,0,0,1,,,,1,46.958,377.552,3.869
3,Day,3,U_Amb_R,Practice,387.933,66.307,6.249,0.868,1726.812,,62.273,-1,,,-1,0,0,0,1,,,,1,46.958,377.552,3.869
3,Day,3,U_Amb_R,Practice,388.034,66.409,6.404,0.868,1729.592,,62.214,-1,,,-1,0,0,0,1,,,,1,46.958,377.552,3.869
3,Day,3,U_Amb_R,Practice,388.133,66.508,6.558,0.868,1732.365,,62.155,-1,,,-1,0,0,0,1,,,,1,46.958,377.552,3.869
3,Day,3,U_Amb_R,Practice,388.233,66.608,6.712,0.868,1735.137,,62.096,-1,,,-1,0,0,0,1,,,,1,46.958,377.552,3.869
3,Day,3,U_Amb_R,Practice,388.333,66.708,6.866,0.868,1737.908,,62.036,-1,,,-1,0,0,0,1,,,,1,46.958,377.552,3.869
3,Day,3,U_Amb_R,Practice,388.434,66.808,7.02,0.868,1740.674,,61.977,-1,,,-1,0,0,0,1,,,,1,46.958,377.552,3.869
3,Day,3,U_Amb_R,Practice,388.533,66.908,7.174,0.868,1743.439,,61.918,-1,,,-1,0,0,0,1,,,,1,46.958,377.552,3.869
3,Day,3,U_Amb_R,Practice,388.634,67.008,7.327,0.868,1746.202,,61.859,-1,,,-1,0,0,0,1,,,,1,46.958,377.552,3.869
3,Day,3,U_Amb_R,Practice,388.734,67.108,7.481,0.868,1748.962,,61.801,-1,,,-1,0,0,0,1,,,,1,46.958,377.552,3.869
3,Day,3,U_Amb_R,Practice,388.834,67.209,7.634,0.868,1751.718,,61.742,-1,,,-1,0,0,0,1,,,,1,46.958,377.552,3.869
3,Day,3,U_Amb_R,Practice,388.933,67.308,7.787,0.868,1754.471,,61.683,-1,,,-1,0,0,0,1,,,,1,46.958,377.552,3.869
3,Day,3,U_Amb_R,Practice,389.033,67.408,7.94,0.868,1757.224,,61.624,-1,,,-1,0,0,0,1,,,,1,46.958,377.552,3.869
3,Day,3,U_Amb_R,Practice,389.133,67.508,8.093,0.868,1759.971,,61.566,-1,,,-1,0,0,0,1,,,,1,46.958,377.552,3.869
3,Day,3,U_Amb_R,Practice,389.233,67.608,8.246,0.868,1762.718,,61.507,-1,,,-1,0,0,0,1,,,,1,46.958,377.552,3.869
3,Day,3,U_Amb_R,Practice,389.352,67.727,8.424,0.868,1765.926,,61.439,-1,,,-1,0,0,0,1,,,,1,46.958,377.552,3.869
3,Day,3,U_Amb_R,Practice,389.434,67.808,8.551,0.868,1768.208,,61.39,-1,,,-1,0,0,0,1,,,,1,46.958,377.552,3.869
3,Day,3,U_Amb_R,Practice,389.534,67.908,8.703,0.868,1770.944,,61.331,-1,,,-1,0,0,0,1,,,,1,46.958,377.552,3.869
3,Day,3,U_Amb_R,Practice,389.634,68.008,8.855,0.868,1773.677,,61.273,-1,,,-1,0,0,0,1,,,,1,46.958,377.552,3.869
3,Day,3,U_Amb_R,Practice,389.733,68.108,9.007,0.868,1776.41,,61.215,-1,,,-1,0,0,0,1,,,,1,46.958,377.552,3.869
3,Day,3,U_Amb_R,Practice,389.834,68.208,9.159,0.868,1779.14,,61.156,-1,,,-1,0,0,0,1,,,,1,46.958,377.552,3.869
3,Day,3,U_Amb_R,Practice,389.934,68.308,9.311,0.87,1781.87,,61.098,-1,,,-1,0,0,0,1,,,,1,46.958,377.552,3.869
3,Day,3,U_Amb_R,Practice,390.033,68.408,9.462,0.871,1784.595,,61.04,-1,,,-1,0,0,0,1,,,,1,46.958,377.552,3.869
3,Day,3,U_Amb_R,Practice,390.133,68.507,9.614,0.871,1787.317,,60.982,-1,,,-1,0,0,0,1,,,,1,46.958,377.552,3.869
3,Day,3,U_Amb_R,Practice,390.233,68.608,9.765,0.869,1790.038,,60.924,-1,,,-1,0,0,0,1,,,,1,46.958,377.552,3.869
3,Day,3,U_Amb_R,Practice,390.333,68.708,9.916,0.868,1792.756,,60.866,-1,,,-1,0,0,0,1,,,,1,46.958,377.552,3.869
3,Day,3,U_Amb_R,Practice,390.434,68.808,10.067,0.867,1795.47,,60.808,-1,,,-1,0,0,0,1,,,,1,46.958,377.552,3.869
3,Day,3,U_Amb_R,Practice,390.553,68.928,10.243,0.868,1798.635,,60.74,-1,,,-1,0,0,0,1,,,,1,46.958,377.552,3.869
3,Day,3,U_Amb_R,Practice,390.633,69.008,10.369,0.868,1800.893,,60.692,-1,,,-1,0,0,0,1,,,,1,46.958,377.552,3.869
3,Day,3,U_Amb_R,Practice,390.734,69.108,10.519,0.868,1803.6,,60.634,-1,,,-1,0,0,0,1,,,,1,46.958,377.552,3.869
3,Day,3,U_Amb_R,Practice,390.833,69.208,10.669,0.868,1806.305,,60.577,-1,,,-1,0,0,0,1,,,,1,46.958,377.552,3.869
3,Day,3,U_Amb_R,Practice,390.933,69.308,10.82,0.868,1809.008,,60.519,-1,,,-1,0,0,0,1,,,,1,46.958,377.552,3.869
3,Day,3,U_Amb_R,Practice,391.033,69.408,10.97,0.868,1811.708,,60.461,-1,,,-1,0,0,0,1,,,,1,46.958,377.552,3.869
3,Day,3,U_Amb_R,Practice,391.134,69.509,11.12,0.868,1814.405,,60.404,-1,,,-1,0,0,0,1,,,,1,46.958,377.552,3.869
3,Day,3,U_Amb_R,Practice,391.233,69.608,11.27,0.868,1817.099,,60.346,-1,,,-1,0,0,0,1,,,,1,46.958,377.552,3.869
3,Day,3,U_Amb_R,Practice,391.333,69.708,11.419,0.868,1819.789,,60.289,-1,,,-1,0,0,0,1,,,,1,46.958,377.552,3.869
3,Day,3,U_Amb_R,Practice,391.433,69.808,11.569,0.868,1822.481,,60.232,-1,,,-1,0,0,0,1,,,,1,46.958,377.552,3.869
3,Day,3,U_Amb_R,Practice,391.532,69.907,11.719,0.868,1825.167,,60.174,-1,,,-1,0,0,0,1,,,,1,46.958,377.552,3.869
3,Day,3,U_Amb_R,Practice,391.632,70.007,11.868,0.868,1827.851,,60.117,-1,,,-1,0,0,0,1,,,,1,46.958,377.552,3.869
3,Day,3,U_Amb_R,Practice,391.698,70.073,11.942,0.868,1829.193,,60.088,70.073,,,-1,0,0,0,1,,,,1,46.958,377.552,3.869
3,Day,3,U_Amb_R,Practice,391.732,70.106,11.942,0.868,1829.193,,60.088,70.073,,,-1,0,0,0,1,,,,1,46.958,377.552,3.869
3,Day,3,U_Amb_R,Practice,391.831,70.206,11.942,0.868,1829.193,,60.088,70.073,,,-1,0,0,0,1,,,,1,46.958,377.552,3.869
3,Day,3,U_Amb_R,Practice,391.932,70.306,11.942,0.868,1829.193,,60.088,70.073,,,-1,0,0,0,1,,,,1,46.958,377.552,3.869
3,Day,3,U_Amb_R,Practice,392.031,70.406,11.942,0.868,1829.193,,60.088,70.073,,,-1,0,0,0,1,,,,1,46.958,377.552,3.869
3,Day,3,U_Amb_R,Practice,392.131,70.506,11.942,0.868,1829.193,,60.088,70.073,,,-1,0,0,0,1,,,,1,46.958,377.552,3.869
3,Day,3,U_Amb_R,Practice,392.231,70.606,11.942,0.868,1829.193,,60.088,70.073,,,-1,0,0,0,1,,,,1,46.958,377.552,3.869
3,Day,3,U_Amb_R,Practice,392.331,70.706,11.942,0.868,1829.193,,60.088,70.073,,,-1,0,0,0,1,,,,1,46.958,377.552,3.869
3,Day,3,U_Amb_R,Practice,392.432,70.806,11.942,0.868,1829.193,,60.088,70.073,,,-1,0,0,0,1,,,,1,46.958,377.552,3.869
3,Day,3,U_Amb_R,Practice,392.531,70.906,11.942,0.868,1829.193,,60.088,70.073,,,-1,0,0,0,1,,,,1,46.958,377.552,3.869
3,Day,3,U_Amb_R,Practice,392.648,71.023,11.942,0.868,1829.193,,60.088,70.073,,,-1,0,0,0,1,,,,1,46.958,377.552,3.869
3,Day,3,U_Amb_R,Practice,392.732,71.106,11.942,0.868,1829.193,,60.088,70.073,,,-1,0,0,0,1,,,,1,46.958,377.552,3.869
3,Day,3,U_Amb_R,Practice,392.831,71.206,11.942,0.868,1829.193,,60.088,70.073,,,-1,0,0,0,1,,,,1,46.958,377.552,3.869
3,Day,3,U_Amb_R,Practice,392.931,71.306,11.942,0.868,1829.193,,60.088,70.073,,,-1,0,0,0,1,,,,1,46.958,377.552,3.869
3,Day,3,U_Amb_R,Practice,393.031,71.406,11.942,0.868,1829.193,,60.088,70.073,,,-1,0,0,0,1,,,,1,46.958,377.552,3.869
3,Day,3,U_Amb_R,Practice,393.131,71.506,11.942,0.868,1829.193,,60.088,70.073,,,-1,0,0,0,1,,,,1,46.958,377.552,3.869
3,Day,3,U_Amb_R,Practice,393.232,71.607,11.942,0.868,1829.193,,60.088,70.073,,,-1,0,0,0,1,,,,1,46.958,377.552,3.869
3,Day,3,U_Amb_R,Practice,393.331,71.706,11.942,0.868,1829.193,,60.088,70.073,,,-1,0,0,0,1,,,,1,46.958,377.552,3.869
3,Day,3,U_Amb_R,Practice,393.431,71.806,11.942,0.868,1829.193,,60.088,70.073,,,-1,0,0,0,1,,,,1,46.958,377.552,3.869
3,Day,3,U_Amb_R,Practice,393.531,71.906,11.942,0.868,1829.193,,60.088,70.073,,,-1,0,0,0,1,,,,1,46.958,377.552,3.869
3,Day,3,U_Amb_R,Practice,393.631,72.006,11.942,0.868,1829.193,,60.088,70.073,,,-1,0,0,0,1,,,,1,46.958,377.552,3.869
3,Day,3,U_Amb_R,Practice,393.731,72.106,11.942,0.868,1829.193,,60.088,70.073,,,-1,0,0,0,1,,,,1,46.958,377.552,3.869
3,Day,3,U_Amb_R,Practice,393.831,72.206,11.942,0.868,1829.193,,60.088,70.073,,,-1,0,0,0,1,,,,1,46.958,377.552,3.869
3,Day,3,U_Amb_R,Practice,393.932,72.306,11.942,0.868,1829.193,,60.088,70.073,,,-1,0,0,0,1,,,,1,46.958,377.552,3.869
3,Day,3,U_Amb_R,Practice,394.031,72.406,11.942,0.868,1829.193,,60.088,70.073,,,-1,0,0,0,1,,,,1,46.958,377.552,3.869
3,Day,3,U_Amb_R,Practice,394.131,72.506,11.942,0.868,1829.193,,60.088,70.073,,,-1,0,0,0,1,,,,1,46.958,377.552,3.869
3,Day,3,U_Amb_R,Practice,394.231,72.606,11.942,0.868,1829.193,,60.088,70.073,,,-1,0,0,0,1,,,,1,46.958,377.552,3.869
3,Day,3,U_Amb_R,Practice,394.331,72.706,11.942,0.868,1829.193,,60.088,70.073,,,-1,0,0,0,1,,,,1,46.958,377.552,3.869
3,Day,3,U_Amb_R,Practice,394.431,72.806,11.942,0.868,1829.193,,60.088,70.073,,,-1,0,0,0,1,,,,1,46.958,377.552,3.869
3,Day,3,U_Amb_R,Practice,394.531,72.906,11.942,0.868,1829.193,,60.088,70.073,,,-1,0,0,0,1,,,,1,46.958,377.552,3.869
3,Day,3,U_Amb_R,Practice,394.631,73.006,11.942,0.868,1829.193,,60.088,70.073,,,-1,0,0,0,1,,,,1,46.958,377.552,3.869
3,Day,3,U_Amb_R,Practice,394.731,73.106,11.942,0.868,1829.193,,60.088,70.073,,,-1,0,0,0,1,,,,1,46.958,377.552,3.869
3,Day,3,U_Amb_R,Practice,394.831,73.206,11.942,0.868,1829.193,,60.088,70.073,,,-1,0,0,0,1,,,,1,46.958,377.552,3.869
3,Day,3,U_Amb_R,Practice,394.931,73.306,11.942,0.868,1829.193,,60.088,70.073,,,-1,0,0,0,1,,,,1,46.958,377.552,3.869
3,Day,3,U_Amb_R,Practice,395.031,73.406,11.942,0.868,1829.193,,60.088,70.073,,,-1,0,0,0,1,,,,1,46.958,377.552,3.869
3,Day,3,U_Amb_R,Practice,395.131,73.506,11.942,0.868,1829.193,,60.088,70.073,,,-1,0,0,0,1,,,,1,46.958,377.552,3.869
3,Day,3,U_Amb_R,Practice,395.248,73.623,11.942,0.868,1829.193,,60.088,70.073,,,-1,0,0,0,1,,,,1,46.958,377.552,3.869
3,Day,3,U_Amb_R,Practice,395.331,73.706,11.942,0.868,1829.193,,60.088,70.073,,,-1,0,0,0,1,,,,1,46.958,377.552,3.869
3,Day,3,U_Amb_R,Practice,395.431,73.806,11.942,0.868,1829.193,,60.088,70.073,,,-1,0,0,0,1,,,,1,46.958,377.552,3.869
3,Day,3,U_Amb_R,Practice,395.531,73.906,11.942,0.868,1829.193,,60.088,70.073,,,-1,0,0,0,1,,,,1,46.958,377.552,3.869
3,Day,3,U_Amb_R,Practice,395.632,74.007,11.942,0.868,1829.193,,60.088,70.073,,,-1,0,0,0,1,,,,1,46.958,377.552,3.869
3,Day,3,U_Amb_R,Practice,395.732,74.106,11.942,0.868,1829.193,,60.088,70.073,,,-1,0,0,0,1,,,,1,46.958,377.552,3.869
3,Day,3,U_Amb_R,Practice,395.832,74.207,11.942,0.868,1829.193,,60.088,70.073,,,-1,0,0,0,1,,,,1,46.958,377.552,3.869
3,Day,3,U_Amb_R,Practice,395.932,74.306,11.942,0.868,1829.193,,60.088,70.073,,,-1,0,0,0,1,,,,1,46.958,377.552,3.869
3,Day,3,U_Amb_R,Practice,396.032,74.407,11.942,0.868,1829.193,,60.088,70.073,,,-1,0,0,0,1,,,,1,46.958,377.552,3.869
3,Day,3,U_Amb_R,Practice,396.132,74.506,11.942,0.868,1829.193,,60.088,70.073,,,-1,0,0,0,1,,,,1,46.958,377.552,3.869
3,Day,3,U_Amb_R,Practice,396.231,74.606,11.942,0.868,1829.193,,60.088,70.073,,,-1,0,0,0,1,,,,1,46.958,377.552,3.869
3,Day,3,U_Amb_R,Practice,396.316,74.69,11.942,0.868,1829.193,,60.088,70.073,Amber,1,4.618,0,0,0,1,,,,1,46.958,377.552,3.869
3,Day,3,U_Amb_R,Practice,396.331,74.706,11.942,0.868,1829.193,,60.088,70.073,Amber,1,4.618,0,0,0,1,,,,1,46.958,377.552,3.869
3,Day,3,U_Amb_R,Practice,396.431,74.806,11.942,0.868,1829.193,,60.088,70.073,Amber,1,4.618,0,0,0,1,,,,1,46.958,377.552,3.869
3,Day,3,U_Amb_R,Practice,396.532,74.906,11.942,0.868,1829.193,,60.088,70.073,Amber,1,4.618,0,0,0,1,,,,1,46.958,377.552,3.869
3,Day,3,U_Amb_R,Practice,396.632,75.006,11.942,0.868,1829.193,,60.088,70.073,Amber,1,4.618,0,0,0,1,,,,1,46.958,377.552,3.869
3,Day,3,U_Amb_R,Practice,396.732,75.106,11.942,0.868,1829.193,,60.088,70.073,Amber,1,4.618,0,0,0,1,,,,1,46.958,377.552,3.869
3,Day,3,U_Amb_R,Practice,396.832,75.206,11.942,0.868,1829.193,,60.088,70.073,Amber,1,4.618,0,0,0,1,,,,1,46.958,377.552,3.869
3,Day,3,U_Amb_R,Practice,396.932,75.306,11.942,0.868,1829.193,,60.088,70.073,Amber,1,4.618,0,0,0,1,,,,1,46.958,377.552,3.869
3,Day,3,U_Amb_R,Practice,397.031,75.406,11.942,0.868,1829.193,,60.088,70.073,Amber,1,4.618,0,0,0,1,,,,1,46.958,377.552,3.869
3,Day,3,U_Amb_R,Practice,397.148,75.523,11.942,0.868,1829.193,,60.088,70.073,Amber,1,4.618,0,0,0,1,,,,1,46.958,377.552,3.869
3,Day,3,U_Amb_R,Practice,397.231,75.606,11.942,0.868,1829.193,,60.088,70.073,Amber,1,4.618,0,0,0,1,,,,1,46.958,377.552,3.869
3,Day,3,U_Amb_R,Practice,397.331,75.706,11.942,0.868,1829.193,,60.088,70.073,Amber,1,4.618,0,0,0,1,,,,1,46.958,377.552,3.869
3,Day,3,U_Amb_R,Practice,397.431,75.806,11.942,0.868,1829.193,,60.088,70.073,Amber,1,4.618,0,0,0,1,,,,1,46.958,377.552,3.869
3,Day,3,U_Amb_R,Practice,397.531,75.906,11.942,0.868,1829.193,,60.088,70.073,Amber,1,4.618,0,0,0,1,,,,1,46.958,377.552,3.869
3,Day,3,U_Amb_R,Practice,397.631,76.006,11.942,0.868,1829.193,,60.088,70.073,Amber,1,4.618,0,0,0,1,,,,1,46.958,377.552,3.869
3,Day,3,U_Amb_R,Practice,397.731,76.106,11.942,0.868,1829.193,,60.088,70.073,Amber,1,4.618,0,0,0,1,,,,1,46.958,377.552,3.869
3,Day,3,U_Amb_R,Practice,397.831,76.206,11.942,0.868,1829.193,,60.088,70.073,Amber,1,4.618,0,0,0,1,,,,1,46.958,377.552,3.869
3,Day,3,U_Amb_R,Practice,397.931,76.306,11.942,0.868,1829.193,,60.088,70.073,Amber,1,4.618,0,0,0,1,,,,1,46.958,377.552,3.869
3,Day,3,U_Amb_R,Practice,398.031,76.406,11.942,0.868,1829.193,,60.088,70.073,Amber,1,4.618,0,0,0,1,,,,1,46.958,377.552,3.869
3,Day,3,U_Amb_R,Practice,398.131,76.506,11.942,0.868,1829.193,,60.088,70.073,Amber,1,4.618,0,0,0,1,,,,1,46.958,377.552,3.869
3,Day,3,U_Amb_R,Practice,398.231,76.606,11.942,0.868,1829.193,,60.088,70.073,Amber,1,4.618,0,0,0,1,,,,1,46.958,377.552,3.869
3,Day,3,U_Amb_R,Practice,398.331,76.706,11.942,0.868,1829.193,,60.088,70.073,Amber,1,4.618,0,0,0,1,,,,1,46.958,377.552,3.869
3,Day,3,U_Amb_R,Practice,398.448,76.823,11.942,0.868,1829.193,,60.088,70.073,Amber,1,4.618,0,0,0,1,,,,1,46.958,377.552,3.869
3,Day,3,U_Amb_R,Practice,398.531,76.906,11.942,0.868,1829.193,,60.088,70.073,Amber,1,4.618,0,0,0,1,,,,1,46.958,377.552,3.869
3,Day,3,U_Amb_R,Practice,398.631,77.006,11.942,0.868,1829.193,,60.088,70.073,Amber,1,4.618,0,0,0,1,,,,1,46.958,377.552,3.869
3,Day,3,U_Amb_R,Practice,398.731,77.106,11.942,0.868,1829.193,,60.088,70.073,Amber,1,4.618,0,0,0,1,,,,1,46.958,377.552,3.869
3,Day,3,U_Amb_R,Practice,398.831,77.206,11.942,0.868,1829.193,,60.088,70.073,Amber,1,4.618,0,0,0,1,,,,1,46.958,377.552,3.869
3,Day,3,U_Amb_R,Practice,398.931,77.306,11.942,0.868,1829.193,,60.088,70.073,Amber,1,4.618,0,0,0,1,,,,1,46.958,377.552,3.869
3,Day,3,U_Amb_R,Practice,399.031,77.406,11.942,0.868,1829.193,,60.088,70.073,Amber,1,4.618,0,0,0,1,,,,1,46.958,377.552,3.869
3,Day,3,U_Amb_R,Practice,399.131,77.506,11.942,0.868,1829.193,,60.088,70.073,Amber,1,4.618,0,0,0,1,,,,1,46.958,377.552,3.869
3,Day,3,U_Amb_R,Practice,399.231,77.606,11.942,0.868,1829.193,,60.088,70.073,Amber,1,4.618,0,0,0,1,,,,1,46.958,377.552,3.869
3,Day,3,U_Amb_R,Practice,399.331,77.706,11.942,0.868,1829.193,,60.088,70.073,Amber,1,4.618,0,0,0,1,,,,1,46.958,377.552,3.869
3,Day,3,U_Amb_R,Practice,399.431,77.806,11.942,0.868,1829.193,,60.088,70.073,Amber,1,4.618,0,0,0,1,,,,1,46.958,377.552,3.869
3,Day,3,U_Amb_R,Practice,399.531,77.906,11.942,0.868,1829.193,,60.088,70.073,Amber,1,4.618,0,0,0,1,,,,1,46.958,377.552,3.869
3,Day,3,U_Amb_R,Practice,399.648,78.022,11.942,0.868,1829.193,,60.088,70.073,Amber,1,4.618,0,0,0,1,,,,1,46.958,377.552,3.869
3,Day,3,U_Amb_R,Practice,399.731,78.106,11.942,0.868,1829.193,,60.088,70.073,Amber,1,4.618,0,0,0,1,,,,1,46.958,377.552,3.869
3,Day,3,U_Amb_R,Practice,399.831,78.206,11.942,0.868,1829.193,,60.088,70.073,Amber,1,4.618,0,0,0,1,,,,1,46.958,377.552,3.869
3,Day,3,U_Amb_R,Practice,399.931,78.306,11.942,0.868,1829.193,,60.088,70.073,Amber,1,4.618,0,0,0,1,,,,1,46.958,377.552,3.869
3,Day,3,U_Amb_R,Practice,400.031,78.406,11.942,0.868,1829.193,,60.088,70.073,Amber,1,4.618,0,0,0,1,,,,1,46.958,377.552,3.869
3,Day,3,U_Amb_R,Practice,400.148,78.522,11.942,0.868,1829.193,,60.088,70.073,Amber,1,4.618,0,0,0,1,,,,1,46.958,377.552,3.869
3,Day,3,U_Amb_R,Practice,400.231,78.606,11.942,0.868,1829.193,,60.088,70.073,Amber,1,4.618,0,0,0,1,,,,1,46.958,377.552,3.869
3,Day,3,U_Amb_R,Practice,400.331,78.705,11.942,0.868,1829.193,,60.088,70.073,Amber,1,4.618,0,0,0,1,,,,1,46.958,377.552,3.869
3,Day,3,U_Amb_R,Practice,400.431,78.806,11.942,0.868,1829.193,,60.088,70.073,Amber,1,4.618,0,0,0,1,,,,1,46.958,377.552,3.869
3,Day,3,U_Amb_R,Practice,400.531,78.906,11.942,0.868,1829.193,,60.088,70.073,Amber,1,4.618,0,0,0,1,,,,1,46.958,377.552,3.869
3,Day,3,U_Amb_R,Practice,400.631,79.006,11.942,0.868,1829.193,,60.088,70.073,Amber,1,4.618,0,0,0,1,,,,1,46.958,377.552,3.869
3,Day,3,U_Amb_R,Practice,400.731,79.106,11.942,0.868,1829.193,,60.088,70.073,Amber,1,4.618,0,0,0,1,,,,1,46.958,377.552,3.869
3,Day,3,U_Amb_R,Practice,400.831,79.206,11.942,0.868,1829.193,,60.088,70.073,Amber,1,4.618,0,0,0,1,,,,1,46.958,377.552,3.869
3,Day,3,U_Amb_R,Practice,400.931,79.306,11.942,0.868,1829.193,,60.088,70.073,Amber,1,4.618,0,0,0,1,,,,1,46.958,377.552,3.869
3,Day,3,U_Amb_R,Practice,401.031,79.406,11.942,0.868,1829.193,,60.088,70.073,Amber,1,4.618,0,0,0,1,,,,1,46.958,377.552,3.869
3,Day,3,U_Amb_R,Practice,401.149,79.523,11.942,0.868,1829.193,,60.088,70.073,Amber,1,4.618,0,0,0,1,,,,1,46.958,377.552,3.869
3,Day,3,U_Amb_R,Practice,401.231,79.606,11.942,0.868,1829.193,,60.088,70.073,Amber,1,4.618,0,0,0,1,,,,1,46.958,377.552,3.869
3,Day,4,E_Amb_R,Main,401.505,0,0,1.097,-0.002,,0.366,-1,,,-1,0,0,0,0,,,,0,,,
3,Day,4,E_Amb_R,Main,401.6,0.094,0,1.091,-0.002,,1.097,-1,,,-1,0,0,0,0,,,,0,,,
3,Day,4,E_Amb_R,Main,401.615,0.11,0,1.082,-0.002,,1.463,-1,,,-1,0,0,0,0,,,,0,,,
3,Day,4,E_Amb_R,Main,401.632,0.127,0,1.071,-0.002,,1.829,-1,,,-1,0,0,0,0,,,,0,,,
3,Day,4,E_Amb_R,Main,401.733,0.227,0,0.945,-0.002,,4.023,-1,,,-1,0,0,0,0,,,,0,,,
3,Day,4,E_Amb_R,Main,401.832,0.327,0,0.844,-0.002,,0.089,-1,,,-1,0,0,0,0,,,,0,,,
3,Day,4,E_Amb_R,Main,401.932,0.426,0,0.851,-0.002,,0.229,-1,,,-1,0,0,0,0,,,,0,,,
3,Day,4,E_Amb_R,Main,402.032,0.527,0,0.861,-0.002,,0.191,-1,,,-1,0,0,0,0,,,,0,,,
3,Day,4,E_Amb_R,Main,402.131,0.626,0,0.868,-0.002,,0.096,-1,,,-1,0,0,0,0,,,,0,,,
3,Day,4,E_Amb_R,Main,402.232,0.727,0,0.87,-0.002,,0.018,-1,,,-1,0,0,0,0,,,,0,,,
3,Day,4,E_Amb_R,Main,402.333,0.827,0,0.87,-0.002,,0.021,-1,,,-1,0,0,0,0,,,,0,,,
3,Day,4,E_Amb_R,Main,402.432,0.927,0,0.869,-0.002,,0.028,-1,,,-1,0,0,0,0,,,,0,,,
3,Day,4,E_Amb_R,Main,402.532,1.027,0,0.868,-0.002,,0.019,-1,,,-1,0,0,0,0,,,,0,,,
3,Day,4,E_Amb_R,Main,402.632,1.127,0,0.867,-0.002,,0.008,-1,,,-1,0,0,0,0,,,,0,,,
3,Day,4,E_Amb_R,Main,402.732,1.227,0,0.867,-0.002,,0,-1,,,-1,0,0,0,0,,,,0,,,
3,Day,4,E_Amb_R,Main,402.832,1.327,0,0.867,-0.002,,0.003,-1,,,-1,0,0,0,0,,,,0,,,
3,Day,4,E_Amb_R,Main,402.932,1.426,0,0.868,-0.002,,0.003,-1,,,-1,0,0,0,0,,,,0,,,
3,Day,4,E_Amb_R,Main,403.032,1.527,0,0.868,-0.002,,0.002,-1,,,-1,0,0,0,0,,,,0,,,
3,Day,4,E_Amb_R,Main,403.132,1.626,0,0.868,-0.002,,0.001,-1,,,-1,0,0,0,0,,,,0,,,
3,Day,4,E_Amb_R,Main,403.232,1.726,0,0.868,-0.002,,0,-1,,,-1,0,0,0,0,,,,0,,,
3,Day,4,E_Amb_R,Main,403.332,1.827,0,0.868,-0.002,,0,-1,,,-1,0,0,0,0,,,,0,,,
3,Day,4,E_Amb_R,Main,403.433,1.928,0,0.868,-0.002,,0,-1,,,-1,0,0,0,0,,,,0,,,
3,Day,4,E_Amb_R,Main,403.532,2.027,0,0.868,-0.002,,0,-1,,,-1,0,0,0,0,,,,0,,,
3,Day,4,E_Amb_R,Main,403.632,2.126,0,0.868,-0.002,,0,-1,,,-1,0,0,0,0,,,,0,,,
3,Day,4,E_Amb_R,Main,403.732,2.227,0,0.868,-0.002,,0,-1,,,-1,0,0,0,0,,,,0,,,
3,Day,4,E_Amb_R,Main,403.832,2.327,0,0.868,-0.002,,0,-1,,,-1,0,0,0,0,,,,0,,,
3,Day,4,E_Amb_R,Main,403.932,2.426,0,0.868,-0.002,,0,-1,,,-1,0,0,0,0,,,,0,,,
3,Day,4,E_Amb_R,Main,404.032,2.527,0,0.868,-0.002,,0,-1,,,-1,0,0,0,0,,,,0,,,
3,Day,4,E_Amb_R,Main,404.133,2.628,0,0.868,-0.002,,0,-1,,,-1,0,0,0,0,,,,0,,,
3,Day,4,E_Amb_R,Main,404.232,2.727,0,0.868,-0.002,,0,-1,,,-1,0,0,0,0,,,,0,,,
3,Day,4,E_Amb_R,Main,404.332,2.827,0,0.868,-0.002,,0,-1,,,-1,0,0,0,0,,,,0,,,
3,Day,4,E_Amb_R,Main,404.433,2.927,0,0.868,-0.002,,0,-1,,,-1,0,0,0,0,,,,0,,,
3,Day,4,E_Amb_R,Main,404.532,3.027,0,0.868,-0.002,,0,-1,,,-1,0,0,0,0,,,,0,,,
3,Day,4,E_Amb_R,Main,404.632,3.126,0,0.868,-0.002,,0,-1,,,-1,0,0,0,0,,,,0,,,
3,Day,4,E_Amb_R,Main,404.732,3.227,0,0.868,-0.002,,0,-1,,,-1,0,0,0,0,,,,0,,,
3,Day,4,E_Amb_R,Main,404.832,3.326,0,0.868,-0.002,,0,-1,,,-1,0,0,0,0,,,,0,,,
3,Day,4,E_Amb_R,Main,404.932,3.426,0,0.868,-0.002,,0,-1,,,-1,0,0,0,0,,,,0,,,
3,Day,4,E_Amb_R,Main,405.032,3.527,0,0.868,-0.002,,0,-1,,,-1,0,0,0,0,,,,0,,,
3,Day,4,E_Amb_R,Main,405.132,3.627,0,0.868,-0.002,,0,-1,,,-1,0,0,0,0,,,,0,,,
3,Day,4,E_Amb_R,Main,405.232,3.727,0,0.868,-0.002,,0,-1,,,-1,0,0,0,0,,,,0,,,
3,Day,4,E_Amb_R,Main,405.333,3.827,0,0.868,-0.002,,0,-1,,,-1,0,0,0,0,,,,0,,,
3,Day,4,E_Amb_R,Main,405.432,3.926,0,0.868,-0.002,,0,-1,,,-1,0,0,0,0,,,,0,,,
3,Day,4,E_Amb_R,Main,405.532,4.027,0,0.868,-0.002,,0,-1,,,-1,0,0,0,0,,,,0,,,
3,Day,4,E_Amb_R,Main,405.632,4.126,0,0.868,-0.002,,0,-1,,,-1,0,0,0,0,,,,0,,,
3,Day,4,E_Amb_R,Main,405.732,4.227,0,0.868,-0.002,,0,-1,,,-1,0,0,0,0,,,,0,,,
3,Day,4,E_Amb_R,Main,405.832,4.326,0,0.868,-0.002,,0,-1,,,-1,0,0,0,0,,,,0,,,
3,Day,4,E_Amb_R,Main,405.932,4.427,0,0.868,-0.002,,0,-1,,,-1,0,0,0,0,,,,0,,,
3,Day,4,E_Amb_R,Main,406.032,4.526,0,0.868,-0.002,,0,-1,,,-1,0,0,0,0,,,,0,,,
3,Day,4,E_Amb_R,Main,406.132,4.626,0,0.868,-0.002,,0,-1,,,-1,0,0,0,0,,,,0,,,
3,Day,4,E_Amb_R,Main,406.232,4.727,0,0.868,-0.002,,0,-1,,,-1,0,0,0,0,,,,0,,,
3,Day,4,E_Amb_R,Main,406.332,4.827,0,0.868,-0.002,,0,-1,,,-1,0,0,0,0,,,,0,,,
3,Day,4,E_Amb_R,Main,406.432,4.927,0,0.868,-0.002,,0,-1,,,-1,0,0,0,0,,,,0,,,
3,Day,4,E_Amb_R,Main,406.532,5.026,0,0.868,-0.002,,0,-1,,,-1,0,0,0,0,,,,0,,,
3,Day,4,E_Amb_R,Main,406.632,5.127,0,0.868,-0.002,,0,-1,,,-1,0,0,0,0,,,,0,,,
3,Day,4,E_Amb_R,Main,406.732,5.226,0,0.868,-0.002,,0,-1,,,-1,0,0,0,0,,,,0,,,
3,Day,4,E_Amb_R,Main,406.832,5.327,0,0.868,-0.002,,0,-1,,,-1,0,0,0,0,,,,0,,,
3,Day,4,E_Amb_R,Main,406.931,5.426,0,0.868,-0.002,,0,-1,,,-1,0,0,0,0,,,,0,,,
3,Day,4,E_Amb_R,Main,407.032,5.527,0,0.868,-0.002,,0,-1,,,-1,0,0,0,0,,,,0,,,
3,Day,4,E_Amb_R,Main,407.132,5.626,0,0.868,-0.002,,0,-1,,,-1,0,0,0,0,,,,0,,,
3,Day,4,E_Amb_R,Main,407.232,5.726,0,0.868,-0.002,,0,-1,,,-1,0,0,0,0,,,,0,,,
3,Day,4,E_Amb_R,Main,407.332,5.826,0,0.868,-0.002,,0,-1,,,-1,0,0,0,0,,,,0,,,
3,Day,4,E_Amb_R,Main,407.432,5.926,0,0.868,-0.002,,0,-1,,,-1,0,0,0,0,,,,0,,,
3,Day,4,E_Amb_R,Main,407.532,6.026,0,0.868,-0.002,,0,-1,,,-1,0,0,0,0,,,,0,,,
3,Day,4,E_Amb_R,Main,407.632,6.127,0,0.868,-0.002,,0,-1,,,-1,0,0,0,0,,,,0,,,
3,Day,4,E_Amb_R,Main,407.731,6.226,0,0.868,-0.002,,0,-1,,,-1,0,0,0,0,,,,0,,,
3,Day,4,E_Amb_R,Main,407.832,6.326,0,0.868,-0.002,,0,-1,,,-1,0,0,0,0,,,,0,,,
3,Day,4,E_Amb_R,Main,407.932,6.426,0,0.868,-0.002,,0,-1,,,-1,0,0,0,0,,,,0,,,
3,Day,4,E_Amb_R,Main,408.049,6.544,0,0.868,-0.002,,0,6.544,,,-1,0,0,0,0,,,,0,,,
3,Day,4,E_Amb_R,Main,408.049,6.544,0,0.868,-0.002,,0,6.544,,,-1,0,0,0,0,,,,0,,,
3,Day,4,E_Amb_R,Main,408.131,6.625,0,0.868,-0.002,,0,6.544,,,-1,0,0,0,0,,,,0,,,
3,Day,4,E_Amb_R,Main,408.231,6.726,0,0.868,-0.002,,0,6.544,,,-1,0,0,0,0,,,,0,,,
3,Day,4,E_Amb_R,Main,408.331,6.826,0,0.868,-0.002,,0,6.544,,,-1,0,0,0,0,,,,0,,,
3,Day,4,E_Amb_R,Main,408.432,6.927,0,0.868,-0.002,,0,6.544,,,-1,0,0,0,0,,,,0,,,
3,Day,4,E_Amb_R,Main,408.53,7.025,0,0.868,-0.002,,0,6.544,,,-1,0,0,0,0,,,,0,,,
3,Day,4,E_Amb_R,Main,408.632,7.126,0,0.868,-0.002,,0,6.544,,,-1,0,0,0,0,,,,0,,,
3,Day,4,E_Amb_R,Main,408.733,7.228,0,0.868,-0.002,,0,6.544,,,-1,0,0,0,0,,,,0,,,
3,Day,4,E_Amb_R,Main,408.83,7.325,0,0.868,-0.002,,0,6.544,,,-1,0,0,0,0,,,,0,,,
3,Day,4,E_Amb_R,Main,408.932,7.427,0,0.868,-0.002,,0,6.544,,,-1,0,0,0,0,,,,0,,,
3,Day,4,E_Amb_R,Main,409.031,7.526,0,0.868,-0.002,,0,6.544,,,-1,0,0,0,0,,,,0,,,
3,Day,4,E_Amb_R,Main,409.131,7.626,0,0.868,-0.002,,0,6.544,,,-1,0,0,0,0,,,,0,,,
