ParticipantID,Block,BlockStartAbs,BlockTimeRel,TrialIndex,Scene,Event,Expectancy,SignalColor,MergeSide,TimeAbs,TrialTimeRel,X,Y,Z,LaneDeviation,SpeedMPH,TrialEnded,TrialEndReason,TrialEndAbs,TrialEndRel,SurveyResponse,SurveyResponseCorrect,SurveyRT,BrakeInput,ThrottleInput,SteeringInput,Car2Marge
UNKNOWN,0,3.472,0.075,-1,SubBlock,,,,,3.547,-1,,,,,0,0,,-1,-1,,,-1,50,50,0,0
UNKNOWN,0,3.472,0.203,-1,SubBlock,,,,,3.675,-1,,,,,0,0,,-1,-1,,,-1,50,50,0,0
UNKNOWN,0,3.472,1.802,-1,SubBlock,,,,,5.274,-1,,,,,0,0,,-1,-1,,,-1,50,50,0,0
UNKNOWN,0,3.472,1.899,-1,SubBlock,,,,,5.371,-1,,,,,0,0,,-1,-1,,,-1,50,50,0,0
UNKNOWN,0,3.472,1.944,-1,SubBlock,,,,,5.416,-1,,,,,0,0,,-1,-1,,,-1,50,50,0,0
UNKNOWN,0,3.472,1.991,-1,SubBlock,,,,,5.462,-1,,,,,0,0,,-1,-1,,,-1,50,50,0,0
UNKNOWN,0,3.472,1.998,-1,SubBlock,,,,,5.469,-1,,,,,0,0,,-1,-1,,,-1,50,50,0,0
UNKNOWN,0,3.472,2.002,-1,SubBlock,,,,,5.474,-1,,,,,0,0,,-1,-1,,,-1,50,50,0,0
UNKNOWN,0,3.472,2.008,-1,SubBlock,,,,,5.48,-1,,,,,0,0,,-1,-1,,,-1,50,50,0,0
UNKNOWN,0,3.472,2.014,-1,SubBlock,,,,,5.486,-1,,,,,0,0,,-1,-1,,,-1,50,50,0,0
UNKNOWN,0,3.472,2.018,-1,SubBlock,,,,,5.49,-1,,,,,0,0,,-1,-1,,,-1,50,50,0,0
UNKNOWN,0,3.472,2.024,-1,SubBlock,,,,,5.496,-1,,,,,0,0,,-1,-1,,,-1,50,50,0,0
UNKNOWN,0,3.472,2.03,-1,SubBlock,,,,,5.502,-1,,,,,0,0,,-1,-1,,,-1,50,50,0,0
UNKNOWN,0,3.472,2.035,-1,SubBlock,,,,,5.507,-1,,,,,0,0,,-1,-1,,,-1,50,50,0,0
UNKNOWN,0,3.472,2.041,-1,SubBlock,,,,,5.513,-1,,,,,0,0,,-1,-1,,,-1,50,50,0,0
UNKNOWN,0,3.472,2.046,-1,SubBlock,,,,,5.518,-1,,,,,0,0,,-1,-1,,,-1,50,50,0,0
UNKNOWN,0,3.472,2.051,-1,SubBlock,,,,,5.523,-1,,,,,0,0,,-1,-1,,,-1,50,50,0,0
UNKNOWN,0,3.472,2.056,-1,SubBlock,,,,,5.528,-1,,,,,0,0,,-1,-1,,,-1,50,50,0,0
UNKNOWN,0,3.472,2.06,-1,SubBlock,,,,,5.532,-1,,,,,0,0,,-1,-1,,,-1,50,50,0,0
UNKNOWN,0,3.472,2.066,-1,SubBlock,,,,,5.537,-1,,,,,0,0,,-1,-1,,,-1,50,50,0,0
UNKNOWN,0,3.472,2.072,-1,SubBlock,,,,,5.544,-1,,,,,0,0,,-1,-1,,,-1,50,50,0,0
UNKNOWN,0,3.472,2.076,-1,SubBlock,,,,,5.548,-1,,,,,0,0,,-1,-1,,,-1,50,50,0,0
UNKNOWN,0,3.472,2.08,-1,SubBlock,,,,,5.551,-1,,,,,0,0,,-1,-1,,,-1,50,50,0,0
UNKNOWN,0,3.472,2.085,-1,SubBlock,,,,,5.557,-1,,,,,0,0,,-1,-1,,,-1,50,50,0,0
UNKNOWN,0,3.472,2.091,-1,SubBlock,,,,,5.563,-1,,,,,0,0,,-1,-1,,,-1,50,50,0,0
UNKNOWN,0,3.472,2.098,-1,SubBlock,,,,,5.569,-1,,,,,0,0,,-1,-1,,,-1,50,50,0,0
UNKNOWN,0,3.472,2.102,-1,SubBlock,,,,,5.574,-1,,,,,0,0,,-1,-1,,,-1,50,50,0,0
UNKNOWN,0,3.472,2.108,-1,SubBlock,,,,,5.579,-1,,,,,0,0,,-1,-1,,,-1,50,50,0,0
UNKNOWN,0,3.472,2.113,-1,SubBlock,,,,,5.585,-1,,,,,0,0,,-1,-1,,,-1,50,50,0,0
UNKNOWN,0,3.472,2.119,-1,SubBlock,,,,,5.591,-1,,,,,0,0,,-1,-1,,,-1,50,50,0,0
UNKNOWN,0,3.472,2.123,-1,SubBlock,,,,,5.595,-1,,,,,0,0,,-1,-1,,,-1,50,50,0,0
UNKNOWN,0,3.472,2.128,-1,SubBlock,,,,,5.6,-1,,,,,0,0,,-1,-1,,,-1,50,50,0,0
UNKNOWN,0,3.472,2.134,-1,SubBlock,,,,,5.606,-1,,,,,0,0,,-1,-1,,,-1,50,50,0,0
UNKNOWN,0,3.472,2.139,-1,SubBlock,,,,,5.61,-1,,,,,0,0,,-1,-1,,,-1,50,50,0,0
UNKNOWN,0,3.472,2.143,-1,SubBlock,,,,,5.615,-1,,,,,0,0,,-1,-1,,,-1,50,50,0,0
UNKNOWN,0,3.472,2.148,-1,SubBlock,,,,,5.62,-1,,,,,0,0,,-1,-1,,,-1,50,50,0,0
UNKNOWN,0,3.472,2.154,-1,SubBlock,,,,,5.625,-1,,,,,0,0,,-1,-1,,,-1,50,50,0,0
UNKNOWN,0,3.472,2.158,-1,SubBlock,,,,,5.63,-1,,,,,0,0,,-1,-1,,,-1,50,50,0,0
UNKNOWN,0,3.472,2.163,-1,SubBlock,,,,,5.635,-1,,,,,0,0,,-1,-1,,,-1,50,50,0,0
UNKNOWN,0,3.472,2.169,-1,SubBlock,,,,,5.641,-1,,,,,0,0,,-1,-1,,,-1,50,50,0,0
UNKNOWN,0,3.472,2.173,-1,SubBlock,,,,,5.645,-1,,,,,0,0,,-1,-1,,,-1,50,50,0,0
UNKNOWN,0,3.472,2.178,-1,SubBlock,,,,,5.65,-1,,,,,0,0,,-1,-1,,,-1,50,50,0,0
UNKNOWN,0,3.472,2.186,-1,SubBlock,,,,,5.658,-1,,,,,0,0,,-1,-1,,,-1,50,50,0,0
UNKNOWN,0,3.472,2.193,-1,SubBlock,,,,,5.664,-1,,,,,0,0,,-1,-1,,,-1,50,50,0,0
UNKNOWN,0,3.472,2.199,-1,SubBlock,,,,,5.671,-1,,,,,0,0,,-1,-1,,,-1,50,50,0,0
UNKNOWN,0,3.472,2.206,-1,SubBlock,,,,,5.678,-1,,,,,0,0,,-1,-1,,,-1,50,50,0,0
UNKNOWN,0,3.472,2.212,-1,SubBlock,,,,,5.684,-1,,,,,0,0,,-1,-1,,,-1,50,50,0,0
UNKNOWN,0,3.472,2.22,-1,SubBlock,,,,,5.692,-1,,,,,0,0,,-1,-1,,,-1,50,50,0,0
UNKNOWN,0,3.472,2.23,-1,SubBlock,,,,,5.701,-1,,,,,0,0,,-1,-1,,,-1,50,50,0,0
UNKNOWN,0,3.472,2.237,-1,SubBlock,,,,,5.708,-1,,,,,0,0,,-1,-1,,,-1,50,50,0,0
UNKNOWN,0,3.472,2.242,-1,SubBlock,,,,,5.714,-1,,,,,0,0,,-1,-1,,,-1,50,50,0,0
UNKNOWN,0,3.472,2.25,-1,SubBlock,,,,,5.722,-1,,,,,0,0,,-1,-1,,,-1,50,50,0,0
UNKNOWN,0,3.472,2.257,-1,SubBlock,,,,,5.729,-1,,,,,0,0,,-1,-1,,,-1,50,50,0,0
UNKNOWN,0,3.472,2.264,-1,SubBlock,,,,,5.736,-1,,,,,0,0,,-1,-1,,,-1,50,50,0,0
UNKNOWN,0,3.472,2.27,-1,SubBlock,,,,,5.742,-1,,,,,0,0,,-1,-1,,,-1,50,50,0,0
UNKNOWN,0,3.472,2.276,-1,SubBlock,,,,,5.748,-1,,,,,0,0,,-1,-1,,,-1,50,50,0,0
UNKNOWN,0,3.472,2.281,-1,SubBlock,,,,,5.753,-1,,,,,0,0,,-1,-1,,,-1,50,50,0,0
UNKNOWN,0,3.472,2.334,-1,SubBlock,,,,,5.806,-1,,,,,0,0,,-1,-1,,,-1,50,50,0,0
UNKNOWN,0,3.472,2.433,-1,SubBlock,,,,,5.905,-1,,,,,0,0,,-1,-1,,,-1,50,50,0,0
UNKNOWN,0,3.472,2.533,-1,SubBlock,,,,,6.005,-1,,,,,0,0,,-1,-1,,,-1,50,50,0,0
UNKNOWN,0,3.472,2.629,-1,SubBlock,,,,,6.101,-1,,,,,0,0,,-1,-1,,,-1,50,50,0,0
UNKNOWN,0,3.472,2.732,-1,SubBlock,,,,,6.204,-1,,,,,0,0,,-1,-1,,,-1,50,50,0,0
UNKNOWN,0,3.472,2.834,-1,SubBlock,,,,,6.306,-1,,,,,0,0,,-1,-1,,,-1,50,50,0,0
UNKNOWN,0,3.472,2.933,-1,SubBlock,,,,,6.404,-1,,,,,0,0,,-1,-1,,,-1,50,50,0,0
UNKNOWN,0,3.472,3.031,-1,SubBlock,,,,,6.503,-1,,,,,0,0,,-1,-1,,,-1,50,50,0,0
UNKNOWN,0,3.472,3.134,-1,SubBlock,,,,,6.606,-1,,,,,0,0,,-1,-1,,,-1,50,50,0,0
UNKNOWN,0,3.472,3.236,-1,SubBlock,,,,,6.708,-1,,,,,0,0,,-1,-1,,,-1,50,50,0,0
UNKNOWN,0,3.472,3.332,-1,SubBlock,,,,,6.804,-1,,,,,0,0,,-1,-1,,,-1,50,50,0,0
UNKNOWN,0,3.472,3.434,-1,SubBlock,,,,,6.905,-1,,,,,0,0,,-1,-1,,,-1,50,50,0,0
UNKNOWN,0,3.472,3.533,-1,SubBlock,,,,,7.005,-1,,,,,0,0,,-1,-1,,,-1,50,50,0,0
UNKNOWN,0,3.472,3.634,-1,SubBlock,,,,,7.106,-1,,,,,0,0,,-1,-1,,,-1,50,50,0,0
UNKNOWN,0,3.472,3.729,-1,SubBlock,,,,,7.201,-1,,,,,0,0,,-1,-1,,,-1,50,50,0,0
UNKNOWN,0,3.472,3.83,-1,SubBlock,,,,,7.302,-1,,,,,0,0,,-1,-1,,,-1,50,50,0,0
UNKNOWN,0,3.472,3.932,-1,SubBlock,,,,,7.404,-1,,,,,0,0,,-1,-1,,,-1,50,50,0,0
UNKNOWN,0,3.472,4.029,-1,SubBlock,,,,,7.501,-1,,,,,0,0,,-1,-1,,,-1,50,50,0,0
UNKNOWN,0,3.472,4.13,-1,SubBlock,,,,,7.601,-1,,,,,0,0,,-1,-1,,,-1,50,50,0,0
UNKNOWN,0,3.472,4.232,-1,SubBlock,,,,,7.703,-1,,,,,0,0,,-1,-1,,,-1,50,50,0,0
UNKNOWN,0,3.472,4.333,-1,SubBlock,,,,,7.805,-1,,,,,0,0,,-1,-1,,,-1,50,50,0,0
UNKNOWN,0,3.472,4.433,-1,SubBlock,,,,,7.905,-1,,,,,0,0,,-1,-1,,,-1,50,50,0,0
UNKNOWN,0,3.472,4.529,-1,SubBlock,,,,,8.001,-1,,,,,0,0,,-1,-1,,,-1,50,50,0,0
UNKNOWN,0,3.472,4.633,-1,SubBlock,,,,,8.105,-1,,,,,0,0,,-1,-1,,,-1,50,50,0,0
UNKNOWN,0,3.472,4.73,-1,SubBlock,,,,,8.202,-1,,,,,0,0,,-1,-1,,,-1,50,50,0,0
UNKNOWN,0,3.472,4.834,-1,SubBlock,,,,,8.306,-1,,,,,0,0,,-1,-1,,,-1,50,50,0,0
UNKNOWN,0,3.472,4.934,-1,SubBlock,,,,,8.406,-1,,,,,0,0,,-1,-1,,,-1,50,50,0,0
UNKNOWN,0,3.472,5.033,-1,SubBlock,,,,,8.505,-1,,,,,0,0,,-1,-1,,,-1,50,50,0,0
UNKNOWN,0,3.472,5.129,-1,SubBlock,,,,,8.601,-1,,,,,0,0,,-1,-1,,,-1,50,50,0,0
UNKNOWN,0,3.472,5.239,-1,SubBlock,,,,,8.711,-1,,,,,0,0,,-1,-1,,,-1,50,50,0,0
UNKNOWN,0,3.472,5.33,-1,SubBlock,,,,,8.802,-1,,,,,0,0,,-1,-1,,,-1,50,50,0,0
UNKNOWN,0,3.472,5.44,-1,SubBlock,,,,,8.911,-1,,,,,0,0,,-1,-1,,,-1,50,50,0,0
UNKNOWN,0,3.472,5.529,-1,SubBlock,,,,,9.001,-1,,,,,0,0,,-1,-1,,,-1,50,50,0,0
UNKNOWN,0,3.472,5.631,-1,SubBlock,,,,,9.103,-1,,,,,0,0,,-1,-1,,,-1,50,50,0,0
UNKNOWN,0,3.472,5.729,-1,SubBlock,,,,,9.201,-1,,,,,0,0,,-1,-1,,,-1,50,50,0,0
UNKNOWN,0,3.472,5.832,-1,SubBlock,,,,,9.304,-1,,,,,0,0,,-1,-1,,,-1,50,50,0,0
UNKNOWN,0,3.472,5.935,-1,SubBlock,,,,,9.407,-1,,,,,0,0,,-1,-1,,,-1,50,50,0,0
UNKNOWN,0,3.472,6.033,-1,SubBlock,,,,,9.504,-1,,,,,0,0,,-1,-1,,,-1,50,50,0,0
UNKNOWN,0,3.472,6.133,-1,SubBlock,,,,,9.604,-1,,,,,0,0,,-1,-1,,,-1,50,50,0,0
UNKNOWN,0,3.472,6.235,-1,SubBlock,,,,,9.707,-1,,,,,0,0,,-1,-1,,,-1,50,50,0,0
UNKNOWN,0,3.472,6.33,-1,SubBlock,,,,,9.802,-1,,,,,0,0,,-1,-1,,,-1,50,50,0,0
UNKNOWN,0,3.472,6.437,-1,SubBlock,,,,,9.909,-1,,,,,0,0,,-1,-1,,,-1,50,50,0,0
UNKNOWN,0,3.472,6.532,-1,SubBlock,,,,,10.004,-1,,,,,0,0,,-1,-1,,,-1,50,50,0,0
UNKNOWN,0,3.472,6.632,-1,SubBlock,,,,,10.104,-1,,,,,0,0,,-1,-1,,,-1,50,50,0,0
UNKNOWN,0,3.472,6.734,-1,SubBlock,,,,,10.205,-1,,,,,0,0,,-1,-1,,,-1,50,50,0,0
UNKNOWN,0,3.472,6.83,-1,SubBlock,,,,,10.302,-1,,,,,0,0,,-1,-1,,,-1,50,50,0,0
UNKNOWN,0,3.472,6.929,-1,SubBlock,,,,,10.401,-1,,,,,0,0,,-1,-1,,,-1,50,50,0,0
UNKNOWN,0,3.472,7.03,-1,SubBlock,,,,,10.501,-1,,,,,0,0,,-1,-1,,,-1,50,50,0,0
UNKNOWN,0,3.472,7.133,-1,SubBlock,,,,,10.605,-1,,,,,0,0,,-1,-1,,,-1,50,50,0,0
UNKNOWN,0,3.472,7.231,-1,SubBlock,,,,,10.703,-1,,,,,0,0,,-1,-1,,,-1,50,50,0,0
UNKNOWN,0,3.472,7.333,-1,SubBlock,,,,,10.805,-1,,,,,0,0,,-1,-1,,,-1,50,50,0,0
UNKNOWN,0,3.472,7.432,-1,SubBlock,,,,,10.904,-1,,,,,0,0,,-1,-1,,,-1,50,50,0,0
UNKNOWN,0,3.472,7.537,-1,SubBlock,,,,,11.009,-1,,,,,0,0,,-1,-1,,,-1,50,50,0,0
UNKNOWN,0,3.472,7.632,-1,SubBlock,,,,,11.104,-1,,,,,0,0,,-1,-1,,,-1,50,50,0,0
UNKNOWN,0,3.472,7.731,-1,SubBlock,,,,,11.203,-1,,,,,0,0,,-1,-1,,,-1,50,50,0,0
UNKNOWN,0,3.472,7.835,-1,SubBlock,,,,,11.307,-1,,,,,0,0,,-1,-1,,,-1,50,50,0,0
UNKNOWN,0,3.472,7.934,-1,SubBlock,,,,,11.406,-1,,,,,0,0,,-1,-1,,,-1,50,50,0,0
UNKNOWN,0,3.472,8.032,-1,SubBlock,,,,,11.504,-1,,,,,0,0,,-1,-1,,,-1,50,50,0,0
UNKNOWN,0,3.472,8.133,-1,SubBlock,,,,,11.605,-1,,,,,0,0,,-1,-1,,,-1,50,50,0,0
UNKNOWN,0,3.472,8.232,-1,SubBlock,,,,,11.704,-1,,,,,0,0,,-1,-1,,,-1,50,50,0,0
UNKNOWN,0,3.472,8.333,-1,SubBlock,,,,,11.805,-1,,,,,0,0,,-1,-1,,,-1,50,50,0,0
UNKNOWN,0,3.472,8.432,-1,SubBlock,,,,,11.904,-1,,,,,0,0,,-1,-1,,,-1,50,50,0,0
UNKNOWN,0,3.472,8.529,-1,SubBlock,,,,,12.001,-1,,,,,0,0,,-1,-1,,,-1,50,50,0,0
UNKNOWN,0,3.472,8.629,-1,SubBlock,,,,,12.101,-1,,,,,0,0,,-1,-1,,,-1,50,50,0,0
UNKNOWN,0,3.472,8.731,-1,SubBlock,,,,,12.203,-1,,,,,0,0,,-1,-1,,,-1,50,50,0,0
UNKNOWN,0,3.472,8.83,-1,SubBlock,,,,,12.302,-1,,,,,0,0,,-1,-1,,,-1,50,50,0,0
UNKNOWN,0,3.472,8.929,-1,SubBlock,,,,,12.401,-1,,,,,0,0,,-1,-1,,,-1,50,50,0,0
UNKNOWN,0,3.472,9.034,-1,SubBlock,,,,,12.506,-1,,,,,0,0,,-1,-1,,,-1,50,50,0,0
UNKNOWN,0,3.472,9.132,-1,SubBlock,,,,,12.604,-1,,,,,0,0,,-1,-1,,,-1,50,50,0,0
UNKNOWN,0,3.472,9.239,-1,SubBlock,,,,,12.71,-1,,,,,0,0,,-1,-1,,,-1,50,50,0,0
UNKNOWN,0,3.472,9.336,-1,SubBlock,,,,,12.808,-1,,,,,0,0,,-1,-1,,,-1,50,50,0,0
UNKNOWN,0,3.472,9.431,-1,SubBlock,,,,,12.903,-1,,,,,0,0,,-1,-1,,,-1,50,50,0,0
UNKNOWN,0,3.472,9.533,-1,SubBlock,,,,,13.005,-1,,,,,0,0,,-1,-1,,,-1,50,50,0,0
UNKNOWN,0,3.472,9.634,-1,SubBlock,,,,,13.106,-1,,,,,0,0,,-1,-1,,,-1,50,50,0,0
UNKNOWN,0,3.472,9.729,-1,SubBlock,,,,,13.201,-1,,,,,0,0,,-1,-1,,,-1,50,50,0,0
UNKNOWN,0,3.472,9.829,-1,SubBlock,,,,,13.301,-1,,,,,0,0,,-1,-1,,,-1,50,50,0,0
UNKNOWN,0,3.472,9.93,-1,SubBlock,,,,,13.402,-1,,,,,0,0,,-1,-1,,,-1,50,50,0,0
UNKNOWN,0,3.472,10.033,-1,SubBlock,,,,,13.505,-1,,,,,0,0,,-1,-1,,,-1,50,50,0,0
UNKNOWN,0,3.472,10.13,-1,SubBlock,,,,,13.602,-1,,,,,0,0,,-1,-1,,,-1,50,50,0,0
UNKNOWN,0,3.472,10.231,-1,SubBlock,,,,,13.703,-1,,,,,0,0,,-1,-1,,,-1,50,50,0,0
UNKNOWN,0,3.472,10.331,-1,SubBlock,,,,,13.803,-1,,,,,0,0,,-1,-1,,,-1,50,50,0,0
UNKNOWN,0,3.472,10.431,-1,SubBlock,,,,,13.903,-1,,,,,0,0,,-1,-1,,,-1,50,50,0,0
UNKNOWN,0,3.472,10.532,-1,SubBlock,,,,,14.004,-1,,,,,0,0,,-1,-1,,,-1,50,50,0,0
UNKNOWN,0,3.472,10.64,-1,SubBlock,,,,,14.112,-1,,,,,0,0,,-1,-1,,,-1,50,50,0,0
UNKNOWN,0,3.472,10.731,-1,SubBlock,,,,,14.203,-1,,,,,0,0,,-1,-1,,,-1,50,50,0,0
UNKNOWN,0,3.472,10.831,-1,SubBlock,,,,,14.303,-1,,,,,0,0,,-1,-1,,,-1,50,50,0,0
UNKNOWN,0,3.472,10.932,-1,SubBlock,,,,,14.404,-1,,,,,0,0,,-1,-1,,,-1,50,50,0,0
UNKNOWN,0,3.472,11.03,-1,SubBlock,,,,,14.502,-1,,,,,0,0,,-1,-1,,,-1,50,50,0,0
UNKNOWN,0,3.472,11.132,-1,SubBlock,,,,,14.604,-1,,,,,0,0,,-1,-1,,,-1,50,50,0,0
UNKNOWN,0,3.472,11.235,-1,SubBlock,,,,,14.707,-1,,,,,0,0,,-1,-1,,,-1,50,50,0,0
UNKNOWN,0,3.472,11.33,-1,SubBlock,,,,,14.802,-1,,,,,0,0,,-1,-1,,,-1,50,50,0,0
UNKNOWN,0,3.472,11.429,-1,SubBlock,,,,,14.901,-1,,,,,0,0,,-1,-1,,,-1,50,50,0,0
UNKNOWN,0,3.472,11.531,-1,SubBlock,,,,,15.003,-1,,,,,0,0,,-1,-1,,,-1,50,50,0,0
UNKNOWN,0,3.472,11.631,-1,SubBlock,,,,,15.103,-1,,,,,0,0,,-1,-1,,,-1,50,50,0,0
UNKNOWN,0,3.472,11.729,-1,SubBlock,,,,,15.201,-1,,,,,0,0,,-1,-1,,,-1,50,50,0,0
UNKNOWN,0,3.472,11.833,-1,SubBlock,,,,,15.305,-1,,,,,0,0,,-1,-1,,,-1,50,50,0,0
UNKNOWN,0,3.472,11.935,-1,SubBlock,,,,,15.407,-1,,,,,0,0,,-1,-1,,,-1,50,50,0,0
UNKNOWN,0,3.472,12.031,-1,SubBlock,,,,,15.503,-1,,,,,0,0,,-1,-1,,,-1,50,50,0,0
UNKNOWN,0,3.472,12.13,-1,SubBlock,,,,,15.602,-1,,,,,0,0,,-1,-1,,,-1,50,50,0,0
UNKNOWN,0,3.472,12.232,-1,SubBlock,,,,,15.704,-1,,,,,0,0,,-1,-1,,,-1,50,50,0,0
UNKNOWN,0,3.472,12.331,-1,SubBlock,,,,,15.802,-1,,,,,0,0,,-1,-1,,,-1,50,50,0,0
UNKNOWN,0,3.472,12.433,-1,SubBlock,,,,,15.905,-1,,,,,0,0,,-1,-1,,,-1,50,50,0,0
UNKNOWN,0,3.472,12.532,-1,SubBlock,,,,,16.003,-1,,,,,0,0,,-1,-1,,,-1,50,50,0,0
UNKNOWN,0,3.472,12.636,-1,SubBlock,,,,,16.108,-1,,,,,0,0,,-1,-1,,,-1,50,50,0,0
UNKNOWN,0,3.472,12.729,-1,SubBlock,,,,,16.201,-1,,,,,0,0,,-1,-1,,,-1,50,50,0,0
UNKNOWN,0,3.472,12.831,-1,SubBlock,,,,,16.303,-1,,,,,0,0,,-1,-1,,,-1,50,50,0,0
UNKNOWN,0,3.472,12.935,-1,SubBlock,,,,,16.407,-1,,,,,0,0,,-1,-1,,,-1,50,50,0,0
UNKNOWN,0,3.472,13.029,-1,SubBlock,,,,,16.501,-1,,,,,0,0,,-1,-1,,,-1,50,50,0,0
UNKNOWN,0,3.472,13.131,-1,SubBlock,,,,,16.602,-1,,,,,0,0,,-1,-1,,,-1,50,50,0,0
UNKNOWN,0,3.472,13.232,-1,SubBlock,,,,,16.704,-1,,,,,0,0,,-1,-1,,,-1,50,50,0,0
UNKNOWN,0,3.472,13.331,-1,SubBlock,,,,,16.803,-1,,,,,0,0,,-1,-1,,,-1,50,50,0,0
UNKNOWN,0,3.472,13.431,-1,SubBlock,,,,,16.903,-1,,,,,0,0,,-1,-1,,,-1,50,50,0,0
UNKNOWN,0,3.472,13.532,-1,SubBlock,,,,,17.004,-1,,,,,0,0,,-1,-1,,,-1,50,50,0,0
UNKNOWN,0,3.472,13.63,-1,SubBlock,,,,,17.102,-1,,,,,0,0,,-1,-1,,,-1,50,50,0,0
UNKNOWN,0,3.472,13.73,-1,SubBlock,,,,,17.202,-1,,,,,0,0,,-1,-1,,,-1,50,50,0,0
UNKNOWN,0,3.472,13.832,-1,SubBlock,,,,,17.304,-1,,,,,0,0,,-1,-1,,,-1,50,50,0,0
UNKNOWN,0,3.472,13.931,-1,SubBlock,,,,,17.403,-1,,,,,0,0,,-1,-1,,,-1,50,50,0,0
UNKNOWN,0,3.472,14.032,-1,SubBlock,,,,,17.504,-1,,,,,0,0,,-1,-1,,,-1,50,50,0,0
UNKNOWN,0,3.472,14.131,-1,SubBlock,,,,,17.603,-1,,,,,0,0,,-1,-1,,,-1,50,50,0,0
UNKNOWN,0,3.472,14.233,-1,SubBlock,,,,,17.705,-1,,,,,0,0,,-1,-1,,,-1,50,50,0,0
UNKNOWN,0,3.472,14.329,-1,SubBlock,,,,,17.801,-1,,,,,0,0,,-1,-1,,,-1,50,50,0,0
UNKNOWN,0,3.472,14.431,-1,SubBlock,,,,,17.903,-1,,,,,0,0,,-1,-1,,,-1,50,50,0,0
UNKNOWN,0,3.472,14.53,-1,SubBlock,,,,,18.001,-1,,,,,0,0,,-1,-1,,,-1,50,50,0,0
UNKNOWN,0,3.472,14.634,-1,SubBlock,,,,,18.105,-1,,,,,0,0,,-1,-1,,,-1,50,50,0,0
UNKNOWN,0,3.472,14.729,-1,SubBlock,,,,,18.201,-1,,,,,0,0,,-1,-1,,,-1,50,50,0,0
UNKNOWN,0,3.472,14.831,-1,SubBlock,,,,,18.303,-1,,,,,0,0,,-1,-1,,,-1,50,50,0,0
UNKNOWN,0,3.472,14.931,-1,SubBlock,,,,,18.403,-1,,,,,0,0,,-1,-1,,,-1,50,50,0,0
UNKNOWN,0,3.472,15.035,-1,SubBlock,,,,,18.506,-1,,,,,0,0,,-1,-1,,,-1,50,50,0,0
UNKNOWN,0,3.472,15.131,-1,SubBlock,,,,,18.602,-1,,,,,0,0,,-1,-1,,,-1,50,50,0,0
UNKNOWN,0,3.472,15.232,-1,SubBlock,,,,,18.704,-1,,,,,0,0,,-1,-1,,,-1,50,50,0,0
UNKNOWN,0,3.472,15.329,-1,SubBlock,,,,,18.801,-1,,,,,0,0,,-1,-1,,,-1,50,50,0,0
UNKNOWN,0,3.472,15.429,-1,SubBlock,,,,,18.901,-1,,,,,0,0,,-1,-1,,,-1,50,50,0,0
UNKNOWN,0,3.472,15.529,-1,SubBlock,,,,,19.001,-1,,,,,0,0,,-1,-1,,,-1,50,50,0,0
UNKNOWN,0,3.472,15.629,-1,SubBlock,,,,,19.101,-1,,,,,0,0,,-1,-1,,,-1,50,50,0,0
98,Night,19.492,0.084,0,U_Amb_R,Practice,Expected,Red,Left,19.576,0.461,0,0.843,-0.002,,0.039,0,,-1,-1,,,-1,50,50,0,0
98,Night,19.492,0.181,0,U_Amb_R,Practice,Expected,Red,Left,19.673,0.559,0,0.843,-0.002,,0.039,0,,-1,-1,,,-1,50,50,0,0
98,Night,19.492,0.198,0,U_Amb_R,Practice,Expected,Red,Left,19.69,0.575,0,0.844,-0.002,,0.131,0,,-1,-1,,,-1,50,50,0,0
98,Night,19.492,0.214,0,U_Amb_R,Practice,Expected,Red,Left,19.706,0.591,0,0.845,-0.002,,0.164,0,,-1,-1,,,-1,50,50,0,0
98,Night,19.492,0.224,0,U_Amb_R,Practice,Expected,Red,Left,19.716,0.601,0,0.846,-0.002,,0.164,0,,-1,-1,,,-1,50,50,0,0
98,Night,19.492,0.237,0,U_Amb_R,Practice,Expected,Red,Left,19.729,0.614,0,0.847,-0.002,,0.19,0,,-1,-1,,,-1,50,50,0,0
98,Night,19.492,0.308,0,U_Amb_R,Practice,Expected,Red,Left,19.8,0.686,0,0.854,-0.002,,0.232,0,,-1,-1,,,-1,50,50,0,0
98,Night,19.492,0.417,0,U_Amb_R,Practice,Expected,Red,Left,19.909,0.794,0,0.864,-0.002,,0.161,0,,-1,-1,,,-1,50,50,0,0
98,Night,19.492,0.526,0,U_Amb_R,Practice,Expected,Red,Left,20.018,0.903,0,0.869,-0.002,,0.067,0,,-1,-1,,,-1,50,50,0,0
98,Night,19.492,0.61,0,U_Amb_R,Practice,Expected,Red,Left,20.102,0.988,0,0.871,-0.002,,0.009,0,,-1,-1,,,-1,50,50,0,0
98,Night,19.492,0.715,0,U_Amb_R,Practice,Expected,Red,Left,20.207,1.092,0,0.87,-0.002,,0.026,0,,-1,-1,,,-1,50,50,0,0
98,Night,19.492,0.815,0,U_Amb_R,Practice,Expected,Red,Left,20.307,1.192,0,0.869,-0.002,,0.026,0,,-1,-1,,,-1,50,50,0,0
98,Night,19.492,0.923,0,U_Amb_R,Practice,Expected,Red,Left,20.415,1.3,0,0.868,-0.002,,0.015,0,,-1,-1,,,-1,50,50,0,0
98,Night,19.492,1.016,0,U_Amb_R,Practice,Expected,Red,Left,20.508,1.393,0,0.867,-0.002,,0.004,0,,-1,-1,,,-1,50,50,0,0
98,Night,19.492,1.123,0,U_Amb_R,Practice,Expected,Red,Left,20.616,1.501,0,0.867,-0.002,,0.08,0,,-1,-1,,,-1,50,50,0,0
98,Night,19.492,1.22,0,U_Amb_R,Practice,Expected,Red,Left,20.712,1.597,0,0.867,0.017,,0.763,0,,-1,-1,,,-1,50,50,0,0
98,Night,19.492,1.314,0,U_Amb_R,Practice,Expected,Red,Left,20.806,1.691,0,0.868,0.063,,1.455,0,,-1,-1,,,-1,50,50,0,0
98,Night,19.492,1.411,0,U_Amb_R,Practice,Expected,Red,Left,20.903,1.788,0,0.868,0.139,,2.014,0,,-1,-1,,,-1,50,50,0,0
98,Night,19.492,1.516,0,U_Amb_R,Practice,Expected,Red,Left,21.008,1.893,0,0.868,0.251,,2.798,0,,-1,-1,,,-1,50,50,0,0
98,Night,19.492,1.617,0,U_Amb_R,Practice,Expected,Red,Left,21.109,1.994,0,0.868,0.391,,3.47,0,,-1,-1,,,-1,50,50,0,0
98,Night,19.492,1.71,0,U_Amb_R,Practice,Expected,Red,Left,21.202,2.087,0,0.868,0.549,,4.03,0,,-1,-1,,,-1,50,50,0,0
98,Night,19.492,1.816,0,U_Amb_R,Practice,Expected,Red,Left,21.309,2.194,0,0.868,0.759,,4.814,0,,-1,-1,,,-1,50,50,0,0
98,Night,19.492,1.917,0,U_Amb_R,Practice,Expected,Red,Left,21.409,2.294,0,0.868,0.989,,5.486,0,,-1,-1,,,-1,50,50,0,0
98,Night,19.492,2.011,0,U_Amb_R,Practice,Expected,Red,Left,21.504,2.389,0,0.868,1.235,,6.046,0,,-1,-1,,,-1,50,50,0,0
98,Night,19.492,2.122,0,U_Amb_R,Practice,Expected,Red,Left,21.614,2.499,0,0.868,1.552,,6.829,0,,-1,-1,,,-1,50,50,0,0
98,Night,19.492,2.22,0,U_Amb_R,Practice,Expected,Red,Left,21.713,2.598,0,0.868,1.869,,7.5,0,,-1,-1,,,-1,50,50,0,0
98,Night,19.492,2.316,0,U_Amb_R,Practice,Expected,Red,Left,21.808,2.694,0,0.868,2.203,,8.172,0,,-1,-1,,,-1,50,50,0,0
98,Night,19.492,2.458,0,U_Amb_R,Practice,Expected,Red,Left,21.95,2.835,0,0.868,2.746,,9.066,0,,-1,-1,,,-1,50,50,0,0
98,Night,19.492,2.518,0,U_Amb_R,Practice,Expected,Red,Left,22.01,2.895,0,0.868,3,,9.513,0,,-1,-1,,,-1,50,50,0,0
98,Night,19.492,2.608,0,U_Amb_R,Practice,Expected,Red,Left,22.1,2.986,0,0.868,3.398,,10.072,0,,-1,-1,,,-1,50,50,0,0
98,Night,19.492,2.715,0,U_Amb_R,Practice,Expected,Red,Left,22.207,3.092,0,0.868,3.892,,10.855,0,,-1,-1,,,-1,50,50,0,0
98,Night,19.492,2.819,0,U_Amb_R,Practice,Expected,Red,Left,22.312,3.197,-0.001,0.868,4.413,,11.528,0,,-1,-1,,,-1,50,50,0,0
98,Night,19.492,2.92,0,U_Amb_R,Practice,Expected,Red,Left,22.412,3.297,-0.001,0.869,4.943,,12.198,0,,-1,-1,,,-1,50,50,0,0
98,Night,19.492,3.021,0,U_Amb_R,Practice,Expected,Red,Left,22.514,3.399,-0.001,0.869,5.518,,12.868,0,,-1,-1,,,-1,50,50,0,0
98,Night,19.492,3.117,0,U_Amb_R,Practice,Expected,Red,Left,22.609,3.494,-0.001,0.868,6.081,,13.539,0,,-1,-1,,,-1,50,50,0,0
98,Night,19.492,3.211,0,U_Amb_R,Practice,Expected,Red,Left,22.703,3.588,-0.001,0.868,6.663,,14.097,0,,-1,-1,,,-1,50,50,0,0
98,Night,19.492,3.317,0,U_Amb_R,Practice,Expected,Red,Left,22.809,3.694,-0.001,0.868,7.344,,14.878,0,,-1,-1,,,-1,50,50,0,0
98,Night,19.492,3.419,0,U_Amb_R,Practice,Expected,Red,Left,22.911,3.796,-0.001,0.868,8.04,,15.547,0,,-1,-1,,,-1,50,50,0,0
98,Night,19.492,3.514,0,U_Amb_R,Practice,Expected,Red,Left,23.006,3.891,-0.001,0.868,8.708,,16.216,0,,-1,-1,,,-1,50,50,0,0
98,Night,19.492,3.619,0,U_Amb_R,Practice,Expected,Red,Left,23.111,3.997,-0.002,0.868,9.492,,16.886,0,,-1,-1,,,-1,50,50,0,0
98,Night,19.492,3.719,0,U_Amb_R,Practice,Expected,Red,Left,23.211,4.096,-0.002,0.868,10.254,,17.554,0,,-1,-1,,,-1,50,50,0,0
98,Night,19.492,3.821,0,U_Amb_R,Practice,Expected,Red,Left,23.313,4.198,-0.002,0.868,11.073,,18.223,0,,-1,-1,,,-1,50,50,0,0
98,Night,19.492,3.917,0,U_Amb_R,Practice,Expected,Red,Left,23.409,4.294,-0.002,0.868,11.868,,18.892,0,,-1,-1,,,-1,50,50,0,0
98,Night,19.492,4.024,0,U_Amb_R,Practice,Expected,Red,Left,23.516,4.401,-0.002,0.868,12.788,,19.56,0,,-1,-1,,,-1,50,50,0,0
98,Night,19.492,4.119,0,U_Amb_R,Practice,Expected,Red,Left,23.611,4.496,-0.003,0.868,13.629,,20.228,0,,-1,-1,,,-1,50,50,0,0
98,Night,19.492,4.216,0,U_Amb_R,Practice,Expected,Red,Left,23.709,4.594,-0.003,0.868,14.528,,20.897,0,,-1,-1,,,-1,50,50,0,0
98,Night,19.492,4.317,0,U_Amb_R,Practice,Expected,Red,Left,23.809,4.694,-0.003,0.868,15.482,,21.565,0,,-1,-1,,,-1,50,50,0,0
98,Night,19.492,4.421,0,U_Amb_R,Practice,Expected,Red,Left,23.913,4.798,-0.004,0.868,16.504,,22.232,0,,-1,-1,,,-1,50,50,0,0
98,Night,19.492,4.513,0,U_Amb_R,Practice,Expected,Red,Left,24.005,4.89,-0.004,0.868,17.43,,22.9,0,,-1,-1,,,-1,50,50,0,0
98,Night,19.492,4.615,0,U_Amb_R,Practice,Expected,Red,Left,24.107,4.992,-0.004,0.868,18.477,,23.567,0,,-1,-1,,,-1,50,50,0,0
98,Night,19.492,4.718,0,U_Amb_R,Practice,Expected,Red,Left,24.211,5.096,-0.005,0.868,19.589,,24.235,0,,-1,-1,,,-1,50,50,0,0
98,Night,19.492,4.819,0,U_Amb_R,Practice,Expected,Red,Left,24.311,5.196,-0.005,0.868,20.691,,24.902,0,,-1,-1,,,-1,50,50,0,0
98,Night,19.492,4.914,0,U_Amb_R,Practice,Expected,Red,Left,24.406,5.291,-0.006,0.868,21.748,,25.569,0,,-1,-1,,,-1,50,50,0,0
98,Night,19.492,5.021,0,U_Amb_R,Practice,Expected,Red,Left,24.514,5.399,-0.006,0.868,23.011,,26.236,0,,-1,-1,,,-1,50,50,0,0
98,Night,19.492,5.116,0,U_Amb_R,Practice,Expected,Red,Left,24.608,5.493,-0.007,0.868,24.129,,26.902,0,,-1,-1,,,-1,50,50,0,0
98,Night,19.492,5.21,0,U_Amb_R,Practice,Expected,Red,Left,24.702,5.587,-0.007,0.868,25.279,,27.458,0,,-1,-1,,,-1,50,50,0,0
98,Night,19.492,5.322,0,U_Amb_R,Practice,Expected,Red,Left,24.814,5.699,-0.008,0.868,26.66,,28.235,0,,-1,-1,,,-1,50,50,0,0
98,Night,19.492,5.421,0,U_Amb_R,Practice,Expected,Red,Left,24.913,5.798,-0.009,0.868,27.932,,28.901,0,,-1,-1,,,-1,50,50,0,0
98,Night,19.492,5.511,0,U_Amb_R,Practice,Expected,Red,Left,25.003,5.888,-0.01,0.868,29.116,,29.456,0,,-1,-1,,,-1,50,50,0,0
98,Night,19.492,5.611,0,U_Amb_R,Practice,Expected,Red,Left,25.103,5.989,-0.01,0.868,30.44,,30.122,0,,-1,-1,,,-1,50,50,0,0
98,Night,19.492,5.718,0,U_Amb_R,Practice,Expected,Red,Left,25.21,6.095,-0.011,0.868,31.903,,30.899,0,,-1,-1,,,-1,50,50,0,0
98,Night,19.492,5.818,0,U_Amb_R,Practice,Expected,Red,Left,25.311,6.196,-0.012,0.868,33.305,,31.564,0,,-1,-1,,,-1,50,50,0,0
98,Night,19.492,5.919,0,U_Amb_R,Practice,Expected,Red,Left,25.412,6.297,-0.013,0.868,34.748,,32.23,0,,-1,-1,,,-1,50,50,0,0
98,Night,19.492,6.02,0,U_Amb_R,Practice,Expected,Red,Left,25.512,6.397,-0.014,0.868,36.207,,32.895,0,,-1,-1,,,-1,50,50,0,0
98,Night,19.492,6.111,0,U_Amb_R,Practice,Expected,Red,Left,25.603,6.489,-0.015,0.868,37.557,,33.449,0,,-1,-1,,,-1,50,50,0,0
98,Night,19.492,6.211,0,U_Amb_R,Practice,Expected,Red,Left,25.703,6.588,-0.016,0.868,39.059,,34.114,0,,-1,-1,,,-1,50,50,0,0
98,Night,19.492,6.317,0,U_Amb_R,Practice,Expected,Red,Left,25.809,6.695,-0.017,0.868,40.713,,34.89,0,,-1,-1,,,-1,50,50,0,0
98,Night,19.492,6.41,0,U_Amb_R,Practice,Expected,Red,Left,25.902,6.788,-0.018,0.868,42.184,,35.444,0,,-1,-1,,,-1,50,50,0,0
98,Night,19.492,6.518,0,U_Amb_R,Practice,Expected,Red,Left,26.01,6.895,-0.02,0.868,43.894,,36.219,0,,-1,-1,,,-1,50,50,0,0
98,Night,19.492,6.619,0,U_Amb_R,Practice,Expected,Red,Left,26.111,6.997,-0.021,0.868,45.555,,36.883,0,,-1,-1,,,-1,50,50,0,0
98,Night,19.492,6.709,0,U_Amb_R,Practice,Expected,Red,Left,26.201,7.086,-0.022,0.868,47.056,,37.436,0,,-1,-1,,,-1,50,50,0,0
98,Night,19.492,6.82,0,U_Amb_R,Practice,Expected,Red,Left,26.312,7.197,-0.024,0.868,48.914,,38.211,0,,-1,-1,,,-1,50,50,0,0
98,Night,19.492,6.917,0,U_Amb_R,Practice,Expected,Red,Left,26.409,7.294,-0.025,0.868,50.535,,38.875,0,,-1,-1,,,-1,50,50,0,0
98,Night,19.492,7.014,0,U_Amb_R,Practice,Expected,Red,Left,26.506,7.391,-0.027,0.868,52.284,,39.538,0,,-1,-1,,,-1,50,50,0,0
98,Night,19.492,7.111,0,U_Amb_R,Practice,Expected,Red,Left,26.603,7.488,-0.028,0.868,54.028,,40.091,0,,-1,-1,,,-1,50,50,0,0
98,Night,19.492,7.22,0,U_Amb_R,Practice,Expected,Red,Left,26.712,7.597,-0.03,0.868,55.987,,40.865,0,,-1,-1,,,-1,50,50,0,0
98,Night,19.492,7.313,0,U_Amb_R,Practice,Expected,Red,Left,26.805,7.69,-0.032,0.868,57.69,,41.528,0,,-1,-1,,,-1,50,50,0,0
98,Night,19.492,7.418,0,U_Amb_R,Practice,Expected,Red,Left,26.91,7.796,-0.034,0.868,59.672,,42.191,0,,-1,-1,,,-1,50,50,0,0
98,Night,19.492,7.522,0,U_Amb_R,Practice,Expected,Red,Left,27.014,7.9,-0.036,0.868,61.642,,42.854,0,,-1,-1,,,-1,50,50,0,0
98,Night,19.492,7.62,0,U_Amb_R,Practice,Expected,Red,Left,27.112,7.997,-0.038,0.868,63.539,,43.517,0,,-1,-1,,,-1,50,50,0,0
98,Night,19.492,7.713,0,U_Amb_R,Practice,Expected,Red,Left,27.205,8.09,-0.04,0.868,65.356,,44.179,0,,-1,-1,,,-1,50,50,0,0
98,Night,19.492,7.816,0,U_Amb_R,Practice,Expected,Red,Left,27.308,8.193,-0.043,0.868,67.386,,44.842,0,,-1,-1,,,-1,50,50,0,0
98,Night,19.492,7.916,0,U_Amb_R,Practice,Expected,Red,Left,27.408,8.293,-0.045,0.868,69.417,,45.504,0,,-1,-1,,,-1,50,50,0,0
98,Night,19.492,8.018,0,U_Amb_R,Practice,Expected,Red,Left,27.51,8.395,-0.048,0.868,71.507,,46.166,0,,-1,-1,,,-1,50,50,0,0
98,Night,19.492,8.116,0,U_Amb_R,Practice,Expected,Red,Left,27.608,8.494,-0.05,0.868,73.553,,46.828,0,,-1,-1,,,-1,50,50,0,0
98,Night,19.492,8.213,0,U_Amb_R,Practice,Expected,Red,Left,27.705,8.59,-0.053,0.868,75.588,,47.49,0,,-1,-1,,,-1,50,50,0,0
98,Night,19.492,8.316,0,U_Amb_R,Practice,Expected,Red,Left,27.808,8.693,-0.056,0.868,77.772,,48.151,0,,-1,-1,,,-1,50,50,0,0
98,Night,19.492,8.41,0,U_Amb_R,Practice,Expected,Red,Left,27.902,8.787,-0.058,0.868,79.833,,48.702,0,,-1,-1,,,-1,50,50,0,0
98,Night,19.492,8.509,0,U_Amb_R,Practice,Expected,Red,Left,28.001,8.887,-0.061,0.868,82.015,,49.364,0,,-1,-1,,,-1,50,50,0,0
98,Night,19.492,8.619,0,U_Amb_R,Practice,Expected,Red,Left,28.111,8.996,-0.065,0.868,84.442,,50.135,0,,-1,-1,,,-1,50,50,0,0
98,Night,19.492,8.715,0,U_Amb_R,Practice,Expected,Red,Left,28.207,9.092,-0.068,0.868,86.595,,50.796,0,,-1,-1,,,-1,50,50,0,0
98,Night,19.492,8.82,0,U_Amb_R,Practice,Expected,Red,Left,28.312,9.197,-0.071,0.868,89.001,,51.457,0,,-1,-1,,,-1,50,50,0,0
98,Night,19.492,8.911,0,U_Amb_R,Practice,Expected,Red,Left,28.403,9.288,-0.074,0.868,91.128,,52.007,0,,-1,-1,,,-1,50,50,0,0
98,Night,19.492,9.013,0,U_Amb_R,Practice,Expected,Red,Left,28.505,9.39,-0.078,0.868,93.494,,52.778,0,,-1,-1,,,-1,50,50,0,0
98,Night,19.492,9.12,0,U_Amb_R,Practice,Expected,Red,Left,28.612,9.497,-0.082,0.868,96.024,,53.438,0,,-1,-1,,,-1,50,50,0,0
98,Night,19.492,9.219,0,U_Amb_R,Practice,Expected,Red,Left,28.711,9.596,-0.086,0.868,98.409,,54.098,0,,-1,-1,,,-1,50,50,0,0
98,Night,19.492,9.314,0,U_Amb_R,Practice,Expected,Red,Left,28.806,9.691,-0.09,0.868,100.713,,54.758,0,,-1,-1,,,-1,50,50,0,0
98,Night,19.492,9.415,0,U_Amb_R,Practice,Expected,Red,Left,28.907,9.792,-0.094,0.868,103.194,,55.418,0,,-1,-1,,,-1,50,50,0,0
98,Night,19.492,9.513,0,U_Amb_R,Practice,Expected,Red,Left,29.005,9.89,-0.098,0.868,105.651,,56.077,0,,-1,-1,,,-1,50,50,0,0
98,Night,19.492,9.615,0,U_Amb_R,Practice,Expected,Red,Left,29.107,9.992,-0.103,0.868,108.207,,56.737,0,,-1,-1,,,-1,50,50,0,0
98,Night,19.492,9.71,0,U_Amb_R,Practice,Expected,Red,Left,29.202,10.088,-0.107,0.868,110.676,,57.286,0,,-1,-1,,,-1,50,50,0,0
98,Night,19.492,9.817,0,U_Amb_R,Practice,Expected,Red,Left,29.309,10.194,-0.112,0.868,113.407,,57.853,0,,-1,-1,,,-1,50,50,0,0
98,Night,19.492,9.918,0,U_Amb_R,Practice,Expected,Red,Left,29.41,10.295,-0.117,0.868,115.919,,57.952,0,,-1,-1,,,-1,50,50,0,0
98,Night,19.492,10.015,0,U_Amb_R,Practice,Expected,Red,Left,29.507,10.392,-0.122,0.868,118.487,,57.966,0,,-1,-1,,,-1,50,50,0,0
98,Night,19.492,10.113,0,U_Amb_R,Practice,Expected,Red,Left,29.605,10.49,-0.127,0.868,121.054,,57.96,0,,-1,-1,,,-1,50,50,0,0
98,Night,19.492,10.221,0,U_Amb_R,Practice,Expected,Red,Left,29.713,10.598,-0.132,0.868,123.847,,57.949,0,,-1,-1,,,-1,50,50,0,0
98,Night,19.492,10.322,0,U_Amb_R,Practice,Expected,Red,Left,29.814,10.699,-0.137,0.868,126.445,,58.134,0,,-1,-1,,,-1,50,50,0,0
98,Night,19.492,10.42,0,U_Amb_R,Practice,Expected,Red,Left,29.912,10.797,-0.143,0.868,129.018,,58.683,0,,-1,-1,,,-1,50,50,0,0
98,Night,19.492,10.514,0,U_Amb_R,Practice,Expected,Red,Left,30.006,10.892,-0.148,0.868,131.485,,58.95,0,,-1,-1,,,-1,50,50,0,0
98,Night,19.492,10.623,0,U_Amb_R,Practice,Expected,Red,Left,30.115,11,-0.154,0.868,134.367,,59.003,0,,-1,-1,,,-1,50,50,0,0
98,Night,19.492,10.715,0,U_Amb_R,Practice,Expected,Red,Left,30.207,11.092,-0.159,0.868,136.777,,59.007,0,,-1,-1,,,-1,50,50,0,0
98,Night,19.492,10.816,0,U_Amb_R,Practice,Expected,Red,Left,30.308,11.193,-0.165,0.868,139.428,,59.359,0,,-1,-1,,,-1,50,50,0,0
98,Night,19.492,10.924,0,U_Amb_R,Practice,Expected,Red,Left,30.416,11.301,-0.171,0.868,142.303,,59.95,0,,-1,-1,,,-1,50,50,0,0
98,Night,19.492,11.013,0,U_Amb_R,Practice,Expected,Red,Left,30.506,11.391,-0.176,0.868,144.758,,60.231,0,,-1,-1,,,-1,50,50,0,0
98,Night,19.492,11.12,0,U_Amb_R,Practice,Expected,Red,Left,30.613,11.498,-0.182,0.868,147.604,,60.289,0,,-1,-1,,,-1,50,50,0,0
98,Night,19.492,11.215,0,U_Amb_R,Practice,Expected,Red,Left,30.707,11.592,-0.188,0.868,150.159,,60.295,0,,-1,-1,,,-1,50,50,0,0
98,Night,19.492,11.316,0,U_Amb_R,Practice,Expected,Red,Left,30.808,11.693,-0.194,0.868,152.895,,60.286,0,,-1,-1,,,-1,50,50,0,0
98,Night,19.492,11.411,0,U_Amb_R,Practice,Expected,Red,Left,30.903,11.789,-0.2,0.868,155.516,,60.276,0,,-1,-1,,,-1,50,50,0,0
98,Night,19.492,11.514,0,U_Amb_R,Practice,Expected,Red,Left,31.007,11.892,-0.206,0.868,158.246,,60.261,0,,-1,-1,,,-1,50,50,0,0
98,Night,19.492,11.614,0,U_Amb_R,Practice,Expected,Red,Left,31.106,11.992,-0.212,0.868,160.933,,60.248,0,,-1,-1,,,-1,50,50,0,0
98,Night,19.492,11.709,0,U_Amb_R,Practice,Expected,Red,Left,31.201,12.086,-0.218,0.868,163.54,,60.236,0,,-1,-1,,,-1,50,50,0,0
98,Night,19.492,11.827,0,U_Amb_R,Practice,Expected,Red,Left,31.32,12.205,-0.226,0.868,166.666,,60.221,0,,-1,-1,,,-1,50,50,0,0
98,Night,19.492,11.926,0,U_Amb_R,Practice,Expected,Red,Left,31.419,12.304,-0.232,0.868,169.297,,60.207,0,,-1,-1,,,-1,50,50,0,0
98,Night,19.492,12.011,0,U_Amb_R,Practice,Expected,Red,Left,31.504,12.389,-0.237,0.868,171.617,,60.196,0,,-1,-1,,,-1,50,50,0,0
98,Night,19.492,12.117,0,U_Amb_R,Practice,Expected,Red,Left,31.609,12.494,-0.244,0.868,174.452,,60.18,0,,-1,-1,,,-1,50,50,0,0
98,Night,19.492,12.22,0,U_Amb_R,Practice,Expected,Red,Left,31.713,12.598,-0.25,0.868,177.258,,60.166,0,,-1,-1,,,-1,50,50,0,0
98,Night,19.492,12.32,0,U_Amb_R,Practice,Expected,Red,Left,31.812,12.698,-0.257,0.868,179.95,,60.153,0,,-1,-1,,,-1,50,50,0,0
98,Night,19.492,12.418,0,U_Amb_R,Practice,Expected,Red,Left,31.91,12.795,-0.263,0.868,182.557,,60.139,0,,-1,-1,,,-1,50,50,0,0
98,Night,19.492,12.519,0,U_Amb_R,Practice,Expected,Red,Left,32.012,12.897,-0.269,0.868,185.296,,60.126,0,,-1,-1,,,-1,50,50,0,0
98,Night,19.492,12.62,0,U_Amb_R,Practice,Expected,Red,Left,32.112,12.997,-0.275,0.868,187.991,,60.112,0,,-1,-1,,,-1,50,50,0,0
98,Night,19.492,12.709,0,U_Amb_R,Practice,Expected,Red,Left,32.202,13.087,-0.281,0.868,190.438,,60.101,0,,-1,-1,,,-1,50,50,0,0
98,Night,19.492,12.821,0,U_Amb_R,Practice,Expected,Red,Left,32.313,13.199,-0.288,0.868,193.42,,60.085,0,,-1,-1,,,-1,50,50,0,0
98,Night,19.492,12.916,0,U_Amb_R,Practice,Expected,Red,Left,32.408,13.293,-0.294,0.868,195.93,,60.072,0,,-1,-1,,,-1,50,50,0,0
98,Night,19.492,13.021,0,U_Amb_R,Practice,Expected,Red,Left,32.513,13.399,-0.301,0.868,198.785,,60.058,0,,-1,-1,,,-1,50,50,0,0
98,Night,19.492,13.122,0,U_Amb_R,Practice,Expected,Red,Left,32.615,13.5,-0.307,0.868,201.486,,60.045,0,,-1,-1,,,-1,50,50,0,0
98,Night,19.492,13.222,0,U_Amb_R,Practice,Expected,Red,Left,32.714,13.599,-0.314,0.868,204.175,,60.031,0,,-1,-1,,,-1,50,50,0,0
98,Night,19.492,13.322,0,U_Amb_R,Practice,Expected,Red,Left,32.815,13.7,-0.32,0.868,206.859,,60.018,0,,-1,-1,,,-1,50,50,0,0
98,Night,19.492,13.422,0,U_Amb_R,Practice,Expected,Red,Left,32.914,13.799,-0.326,0.868,209.535,,60.004,0,,-1,-1,,,-1,50,50,0,0
98,Night,19.492,13.524,0,U_Amb_R,Practice,Expected,Red,Left,33.016,13.901,-0.333,0.868,212.249,,59.991,0,,-1,-1,,,-1,50,50,0,0
98,Night,19.492,13.629,0,U_Amb_R,Practice,Expected,Red,Left,33.121,14.006,-0.339,0.868,215.037,,59.977,0,,-1,-1,,,-1,50,50,0,0
98,Night,19.492,13.716,0,U_Amb_R,Practice,Expected,Red,Left,33.209,14.094,-0.345,0.868,217.433,,59.964,0,,-1,-1,,,-1,50,50,0,0
98,Night,19.492,13.826,0,U_Amb_R,Practice,Expected,Red,Left,33.318,14.203,-0.352,0.868,220.332,,59.95,0,,-1,-1,,,-1,50,50,0,0
98,Night,19.492,13.91,0,U_Amb_R,Practice,Expected,Red,Left,33.402,14.287,-0.357,0.868,222.645,,59.939,0,,-1,-1,,,-1,50,50,0,0
98,Night,19.492,14.017,0,U_Amb_R,Practice,Expected,Red,Left,33.509,14.394,-0.364,0.868,225.48,,59.923,0,,-1,-1,,,-1,50,50,0,0
98,Night,19.492,14.118,0,U_Amb_R,Practice,Expected,Red,Left,33.61,14.495,-0.37,0.868,228.193,,59.91,0,,-1,-1,,,-1,50,50,0,0
98,Night,19.492,14.218,0,U_Amb_R,Practice,Expected,Red,Left,33.71,14.595,-0.376,0.868,230.868,,59.896,0,,-1,-1,,,-1,50,50,0,0
98,Night,19.492,14.317,0,U_Amb_R,Practice,Expected,Red,Left,33.809,14.695,-0.383,0.868,233.522,,59.883,0,,-1,-1,,,-1,50,50,0,0
98,Night,19.492,14.418,0,U_Amb_R,Practice,Expected,Red,Left,33.91,14.795,-0.389,0.868,236.215,,59.869,0,,-1,-1,,,-1,50,50,0,0
98,Night,19.492,14.514,0,U_Amb_R,Practice,Expected,Red,Left,34.007,14.892,-0.395,0.868,238.802,,59.856,0,,-1,-1,,,-1,50,50,0,0
98,Night,19.492,14.62,0,U_Amb_R,Practice,Expected,Red,Left,34.112,14.997,-0.402,0.868,241.623,,59.843,0,,-1,-1,,,-1,50,50,0,0
98,Night,19.492,14.717,0,U_Amb_R,Practice,Expected,Red,Left,34.209,15.094,-0.408,0.868,244.223,,59.829,0,,-1,-1,,,-1,50,50,0,0
98,Night,19.492,14.817,0,U_Amb_R,Practice,Expected,Red,Left,34.309,15.194,-0.414,0.868,246.845,,59.816,0,,-1,-1,,,-1,50,50,0,0
98,Night,19.492,14.919,0,U_Amb_R,Practice,Expected,Red,Left,34.411,15.296,-0.42,0.868,249.613,,59.802,0,,-1,-1,,,-1,50,50,0,0
98,Night,19.492,15.012,0,U_Amb_R,Practice,Expected,Red,Left,34.504,15.389,-0.426,0.868,252.132,,59.791,0,,-1,-1,,,-1,50,50,0,0
98,Night,19.492,15.111,0,U_Amb_R,Practice,Expected,Red,Left,34.604,15.489,-0.433,0.868,254.804,,59.778,0,,-1,-1,,,-1,50,50,0,0
98,Night,19.492,15.226,0,U_Amb_R,Practice,Expected,Red,Left,34.718,15.603,-0.44,0.868,257.786,,59.762,0,,-1,-1,,,-1,50,50,0,0
98,Night,19.492,15.315,0,U_Amb_R,Practice,Expected,Red,Left,34.808,15.693,-0.445,0.868,260.209,,59.748,0,,-1,-1,,,-1,50,50,0,0
98,Night,19.492,15.41,0,U_Amb_R,Practice,Expected,Red,Left,34.902,15.787,-0.451,0.868,262.735,,59.737,0,,-1,-1,,,-1,50,50,0,0
98,Night,19.492,15.51,0,U_Amb_R,Practice,Expected,Red,Left,35.002,15.887,-0.457,0.868,265.446,,59.724,0,,-1,-1,,,-1,50,50,0,0
98,Night,19.492,15.622,0,U_Amb_R,Practice,Expected,Red,Left,35.115,16,-0.464,0.868,268.425,,59.708,0,,-1,-1,,,-1,50,50,0,0
98,Night,19.492,15.715,0,U_Amb_R,Practice,Expected,Red,Left,35.207,16.093,-0.47,0.868,270.875,,59.695,0,,-1,-1,,,-1,50,50,0,0
98,Night,19.492,15.818,0,U_Amb_R,Practice,Expected,Red,Left,35.31,16.195,-0.477,0.868,273.624,,59.681,0,,-1,-1,,,-1,50,50,0,0
98,Night,19.492,15.911,0,U_Amb_R,Practice,Expected,Red,Left,35.404,16.289,-0.482,0.868,276.081,,59.67,0,,-1,-1,,,-1,50,50,0,0
98,Night,19.492,16.023,0,U_Amb_R,Practice,Expected,Red,Left,35.515,16.4,-0.489,0.868,279.105,,59.654,0,,-1,-1,,,-1,50,50,0,0
98,Night,19.492,16.114,0,U_Amb_R,Practice,Expected,Red,Left,35.606,16.491,-0.495,0.868,281.513,,59.641,0,,-1,-1,,,-1,50,50,0,0
98,Night,19.492,16.225,0,U_Amb_R,Practice,Expected,Red,Left,35.718,16.603,-0.502,0.868,284.471,,59.628,0,,-1,-1,,,-1,50,50,0,0
98,Night,19.492,16.316,0,U_Amb_R,Practice,Expected,Red,Left,35.808,16.693,-0.508,0.868,286.882,,59.614,0,,-1,-1,,,-1,50,50,0,0
98,Night,19.492,16.422,0,U_Amb_R,Practice,Expected,Red,Left,35.914,16.799,-0.514,0.868,289.734,,59.601,0,,-1,-1,,,-1,50,50,0,0
98,Night,19.492,16.511,0,U_Amb_R,Practice,Expected,Red,Left,36.004,16.889,-0.52,0.868,292.152,,59.59,0,,-1,-1,,,-1,50,50,0,0
98,Night,19.492,16.619,0,U_Amb_R,Practice,Expected,Red,Left,36.111,16.996,-0.526,0.868,294.972,,59.574,0,,-1,-1,,,-1,50,50,0,0
98,Night,19.492,16.725,0,U_Amb_R,Practice,Expected,Red,Left,36.218,17.103,-0.533,0.868,297.8,,59.561,0,,-1,-1,,,-1,50,50,0,0
98,Night,19.492,16.824,0,U_Amb_R,Practice,Expected,Red,Left,36.316,17.202,-0.539,0.868,300.445,,59.547,0,,-1,-1,,,-1,50,50,0,0
98,Night,19.492,16.915,0,U_Amb_R,Practice,Expected,Red,Left,36.407,17.292,-0.545,0.868,302.813,,59.534,0,,-1,-1,,,-1,50,50,0,0
98,Night,19.492,17.012,0,U_Amb_R,Practice,Expected,Red,Left,36.505,17.39,-0.551,0.868,305.446,,59.523,0,,-1,-1,,,-1,50,50,0,0
98,Night,19.492,17.118,0,U_Amb_R,Practice,Expected,Red,Left,36.61,17.495,-0.557,0.868,308.241,,59.507,0,,-1,-1,,,-1,50,50,0,0
98,Night,19.492,17.227,0,U_Amb_R,Practice,Expected,Red,Left,36.719,17.605,-0.564,0.868,311.15,,59.494,0,,-1,-1,,,-1,50,50,0,0
98,Night,19.492,17.311,0,U_Amb_R,Practice,Expected,Red,Left,36.804,17.689,-0.569,0.868,313.45,,59.483,0,,-1,-1,,,-1,50,50,0,0
98,Night,19.492,17.418,0,U_Amb_R,Practice,Expected,Red,Left,36.91,17.795,-0.576,0.868,316.227,,59.467,0,,-1,-1,,,-1,50,50,0,0
98,Night,19.492,17.523,0,U_Amb_R,Practice,Expected,Red,Left,37.015,17.9,-0.582,0.868,319.028,,59.454,0,,-1,-1,,,-1,50,50,0,0
98,Night,19.492,17.615,0,U_Amb_R,Practice,Expected,Red,Left,37.108,17.993,-0.588,0.868,321.462,,59.44,0,,-1,-1,,,-1,50,50,0,0
98,Night,19.492,17.721,0,U_Amb_R,Practice,Expected,Red,Left,37.213,18.098,-0.594,0.868,324.283,,59.388,0,,-1,-1,,,-1,50,50,100,0
98,Night,19.492,17.817,0,U_Amb_R,Practice,Expected,Red,Left,37.309,18.194,-0.563,0.868,326.834,,59.164,0,,-1,-1,,,-1,50,50,0,0
98,Night,19.492,17.919,0,U_Amb_R,Practice,Expected,Red,Left,37.411,18.296,-0.512,0.868,329.537,,59.128,0,,-1,-1,,,-1,50,50,0,0
98,Night,19.492,18.025,0,U_Amb_R,Practice,Expected,Red,Left,37.517,18.402,-0.446,0.868,332.299,,59.102,0,,-1,-1,,,-1,50,50,0,0
98,Night,19.492,18.121,0,U_Amb_R,Practice,Expected,Red,Left,37.613,18.498,-0.369,0.868,334.836,,58.999,0,,-1,-1,,,-1,50,50,-100,0
98,Night,19.492,18.211,0,U_Amb_R,Practice,Expected,Red,Left,37.703,18.588,-0.326,0.868,337.259,,58.793,0,,-1,-1,,,-1,50,50,0,0
98,Night,19.492,18.318,0,U_Amb_R,Practice,Expected,Red,Left,37.811,18.696,-0.277,0.868,340.035,,58.75,0,,-1,-1,,,-1,50,50,0,0
98,Night,19.492,18.429,0,U_Amb_R,Practice,Expected,Red,Left,37.921,18.807,-0.222,0.868,342.928,,58.733,0,,-1,-1,,,-1,50,50,0,0
98,Night,19.492,18.518,0,U_Amb_R,Practice,Expected,Red,Left,38.01,18.895,-0.184,0.868,345.29,,58.715,0,,-1,-1,,,-1,50,50,0,0
98,Night,19.492,18.619,0,U_Amb_R,Practice,Expected,Red,Left,38.111,18.997,-0.152,0.868,347.956,,58.616,0,,-1,-1,,,-1,50,50,100,0
98,Night,19.492,18.716,0,U_Amb_R,Practice,Expected,Red,Left,38.208,19.094,-0.093,0.868,350.479,,58.44,0,,-1,-1,,,-1,50,50,0,0
98,Night,19.492,18.824,0,U_Amb_R,Practice,Expected,Red,Left,38.317,19.202,-0.03,0.868,353.285,,58.413,0,,-1,-1,,,-1,50,50,0,0
98,Night,19.492,18.923,0,U_Amb_R,Practice,Expected,Red,Left,38.415,19.3,0.026,0.868,355.875,,58.397,0,,-1,-1,,,-1,50,50,0,0
98,Night,19.492,19.016,0,U_Amb_R,Practice,Expected,Red,Left,38.509,19.394,0.085,0.868,358.313,,58.38,0,,-1,-1,,,-1,50,50,0,0
98,Night,19.492,19.115,0,U_Amb_R,Practice,Expected,Red,Left,38.608,19.493,0.145,0.868,360.889,,58.193,0,,-1,-1,,,-1,50,50,0,0
98,Night,19.492,19.226,0,U_Amb_R,Practice,Expected,Red,Left,38.718,19.603,0.19,0.868,363.759,,58.148,0,,-1,-1,,,-1,50,50,0,0
98,Night,19.492,19.322,0,U_Amb_R,Practice,Expected,Red,Left,38.814,19.699,0.243,0.868,366.24,,58.002,0,,-1,-1,,,-1,50,50,100,0
98,Night,19.492,19.419,0,U_Amb_R,Practice,Expected,Red,Left,38.911,19.796,0.343,0.868,368.789,,57.809,0,,-1,-1,,,-1,50,50,0,0
98,Night,19.492,19.516,0,U_Amb_R,Practice,Expected,Red,Left,39.008,19.893,0.447,0.868,371.276,,57.779,0,,-1,-1,,,-1,50,50,0,0
98,Night,19.492,19.616,0,U_Amb_R,Practice,Expected,Red,Left,39.108,19.993,0.559,0.868,373.828,,57.681,0,,-1,-1,,,-1,50,50,-100,0
98,Night,19.492,19.713,0,U_Amb_R,Practice,Expected,Red,Left,39.205,20.09,0.636,0.868,376.364,,57.46,0,,-1,-1,,,-1,50,50,0,0
98,Night,19.492,19.818,0,U_Amb_R,Practice,Expected,Red,Left,39.31,20.195,0.711,0.868,379.051,,57.428,0,,-1,-1,,,-1,50,50,0,0
98,Night,19.492,19.922,0,U_Amb_R,Practice,Expected,Red,Left,39.414,20.299,0.786,0.868,381.731,,57.411,0,,-1,-1,,,-1,50,50,0,0
98,Night,19.492,20.018,0,U_Amb_R,Practice,Expected,Red,Left,39.51,20.396,0.847,0.868,384.183,,57.393,0,,-1,-1,,,-1,50,50,0,0
98,Night,19.492,20.113,0,U_Amb_R,Practice,Expected,Red,Left,39.606,20.491,0.895,0.868,386.633,,57.333,0,,-1,-1,,,-1,50,50,-100,0
98,Night,19.492,20.223,0,U_Amb_R,Practice,Expected,Red,Left,39.715,20.6,0.894,0.868,389.434,,57.04,0,,-1,-1,,,-1,50,50,0,0
98,Night,19.492,20.317,0,U_Amb_R,Practice,Expected,Red,Left,39.809,20.694,0.856,0.868,391.793,,56.978,0,,-1,-1,,,-1,50,50,0,0
98,Night,19.492,20.421,0,U_Amb_R,Practice,Expected,Red,Left,39.913,20.798,0.783,0.868,394.47,,56.929,0,,-1,-1,,,-1,50,50,0,0
98,Night,19.492,20.523,0,U_Amb_R,Practice,Expected,Red,Left,40.015,20.9,0.676,0.868,397.08,,56.879,0,,-1,-1,,,-1,50,50,0,0
98,Night,19.492,20.618,0,U_Amb_R,Practice,Expected,Red,Left,40.111,20.996,0.55,0.868,399.476,,56.762,0,,-1,-1,,,-1,50,50,100,0
98,Night,19.492,20.726,0,U_Amb_R,Practice,Expected,Red,Left,40.218,21.104,0.419,0.868,402.19,,56.625,0,,-1,-1,,,-1,50,50,0,0
98,Night,19.492,20.825,0,U_Amb_R,Practice,Expected,Red,Left,40.317,21.202,0.28,0.868,404.702,,56.556,0,,-1,-1,,,-1,50,50,100,0
98,Night,19.492,20.912,0,U_Amb_R,Practice,Expected,Red,Left,40.405,21.29,0.189,0.868,406.899,,56.302,0,,-1,-1,,,-1,50,50,0,0
98,Night,19.492,21.017,0,U_Amb_R,Practice,Expected,Red,Left,40.509,21.395,0.106,0.868,409.535,,56.254,0,,-1,-1,,,-1,50,50,0,0
98,Night,19.492,21.11,0,U_Amb_R,Practice,Expected,Red,Left,40.603,21.488,0.048,0.868,411.927,,56.224,0,,-1,-1,,,-1,50,50,0,0
98,Night,19.492,21.225,0,U_Amb_R,Practice,Expected,Red,Left,40.717,21.603,-0.014,0.868,414.729,,55.986,0,,-1,-1,,,-1,50,50,-100,0
98,Night,19.492,21.31,0,U_Amb_R,Practice,Expected,Red,Left,40.803,21.688,-0.079,0.868,416.901,,55.889,0,,-1,-1,,,-1,50,50,0,0
98,Night,19.492,21.416,0,U_Amb_R,Practice,Expected,Red,Left,40.909,21.794,-0.133,0.868,419.53,,55.856,0,,-1,-1,,,-1,50,50,0,0
98,Night,19.492,21.514,0,U_Amb_R,Practice,Expected,Red,Left,41.006,21.891,-0.164,0.868,421.976,,55.664,0,,-1,-1,,,-1,50,50,100,0
98,Night,19.492,21.615,0,U_Amb_R,Practice,Expected,Red,Left,41.107,21.992,-0.15,0.868,424.47,,55.514,0,,-1,-1,,,-1,50,50,0,0
98,Night,19.492,21.719,0,U_Amb_R,Practice,Expected,Red,Left,41.211,22.096,-0.128,0.868,427.078,,55.488,0,,-1,-1,,,-1,50,50,0,0
98,Night,19.492,21.823,0,U_Amb_R,Practice,Expected,Red,Left,41.315,22.2,-0.097,0.868,429.642,,55.469,0,,-1,-1,,,-1,50,50,0,0
98,Night,19.492,21.917,0,U_Amb_R,Practice,Expected,Red,Left,41.41,22.295,-0.059,0.868,431.972,,55.371,0,,-1,-1,,,-1,50,50,-100,0
98,Night,19.492,22.028,0,U_Amb_R,Practice,Expected,Red,Left,41.52,22.406,-0.054,0.868,434.683,,55.151,0,,-1,-1,,,-1,50,50,0,0
98,Night,19.492,22.12,0,U_Amb_R,Practice,Expected,Red,Left,41.613,22.498,-0.055,0.868,436.982,,55.122,0,,-1,-1,,,-1,50,50,0,0
98,Night,19.492,22.226,0,U_Amb_R,Practice,Expected,Red,Left,41.718,22.603,-0.042,0.868,439.566,,54.935,0,,-1,-1,,,-1,50,50,0,0
98,Night,19.492,22.312,0,U_Amb_R,Practice,Expected,Red,Left,41.804,22.689,-0.017,0.868,441.691,,54.89,0,,-1,-1,,,-1,50,50,0,0
98,Night,19.492,22.428,0,U_Amb_R,Practice,Expected,Red,Left,41.92,22.805,0.004,0.868,444.516,,54.937,0,,-1,-1,,,-1,50,50,0,0
98,Night,19.492,22.52,0,U_Amb_R,Practice,Expected,Red,Left,42.012,22.897,0.016,0.868,446.819,,55.425,0,,-1,-1,,,-1,50,50,0,0
98,Night,19.492,22.611,0,U_Amb_R,Practice,Expected,Red,Left,42.103,22.988,0.026,0.868,449.075,,55.943,0,,-1,-1,,,-1,50,50,0,0
98,Night,19.492,22.721,0,U_Amb_R,Practice,Expected,Red,Left,42.213,23.098,0.038,0.868,451.854,,56.702,0,,-1,-1,,,-1,50,50,0,0
98,Night,19.492,22.828,0,U_Amb_R,Practice,Expected,Red,Left,42.32,23.205,0.05,0.868,454.563,,57.36,0,,-1,-1,,,-1,50,50,0,0
98,Night,19.492,22.92,0,U_Amb_R,Practice,Expected,Red,Left,42.412,23.297,0.062,0.868,456.943,,58.018,0,,-1,-1,,,-1,50,50,0,0
98,Night,19.492,23.028,0,U_Amb_R,Practice,Expected,Red,Left,42.52,23.406,0.079,0.868,459.769,,58.677,0,,-1,-1,,,-1,50,50,0,0
98,Night,19.492,23.124,0,U_Amb_R,Practice,Expected,Red,Left,42.616,23.501,0.095,0.868,462.312,,59.336,0,,-1,-1,,,-1,50,50,0,0
98,Night,19.492,23.231,0,U_Amb_R,Practice,Expected,Red,Left,42.723,23.608,0.116,0.868,465.137,,60.104,0,,-1,-1,,,-1,50,50,0,0
98,Night,19.492,23.325,0,U_Amb_R,Practice,Expected,Red,Left,42.817,23.702,0.136,0.868,467.667,,60.457,0,,-1,-1,,,-1,50,50,0,0
98,Night,19.492,23.411,0,U_Amb_R,Practice,Expected,Red,Left,42.903,23.788,0.157,0.868,469.998,,60.556,0,,-1,-1,,,-1,50,50,0,0
98,Night,19.492,23.522,0,U_Amb_R,Practice,Expected,Red,Left,43.014,23.899,0.184,0.868,472.997,,60.582,0,,-1,-1,,,-1,50,50,0,0
98,Night,19.492,23.616,0,U_Amb_R,Practice,Expected,Red,Left,43.109,23.994,0.209,0.868,475.572,,60.577,0,,-1,-1,,,-1,50,50,0,0
98,Night,19.492,23.711,0,U_Amb_R,Practice,Expected,Red,Left,43.203,24.088,0.235,0.868,478.181,,60.568,0,,-1,-1,,,-1,50,50,0,0
98,Night,19.492,23.825,0,U_Amb_R,Practice,Expected,Red,Left,43.317,24.202,0.266,0.868,481.208,,60.553,0,,-1,-1,,,-1,50,50,0,0
98,Night,19.492,23.923,0,U_Amb_R,Practice,Expected,Red,Left,43.416,24.301,0.295,0.868,483.893,,60.54,0,,-1,-1,,,-1,50,50,0,0
98,Night,19.492,24.021,0,U_Amb_R,Practice,Expected,Red,Left,43.513,24.398,0.324,0.868,486.549,,60.526,0,,-1,-1,,,-1,50,50,0,0
98,Night,19.492,24.12,0,U_Amb_R,Practice,Expected,Red,Left,43.612,24.497,0.354,0.868,489.223,,60.513,0,,-1,-1,,,-1,50,50,0,0
98,Night,19.492,24.211,0,U_Amb_R,Practice,Expected,Red,Left,43.703,24.589,0.382,0.868,491.673,,60.501,0,,-1,-1,,,-1,50,50,0,0
98,Night,19.492,24.315,0,U_Amb_R,Practice,Expected,Red,Left,43.808,24.693,0.415,0.868,494.467,,60.485,0,,-1,-1,,,-1,50,50,0,0
98,Night,19.492,24.417,0,U_Amb_R,Practice,Expected,Red,Left,43.91,24.795,0.447,0.868,497.238,,60.432,0,,-1,-1,,,-1,50,50,-100,0
98,Night,19.492,24.51,0,U_Amb_R,Practice,Expected,Red,Left,44.002,24.887,0.446,0.868,499.766,,60.264,0,,-1,-1,,,-1,50,50,0,0
98,Night,19.492,24.625,0,U_Amb_R,Practice,Expected,Red,Left,44.117,25.002,0.432,0.868,502.836,,60.227,0,,-1,-1,,,-1,50,50,0,0
98,Night,19.492,24.72,0,U_Amb_R,Practice,Expected,Red,Left,44.213,25.098,0.408,0.868,505.434,,60.204,0,,-1,-1,,,-1,50,50,0,0
98,Night,19.492,24.828,0,U_Amb_R,Practice,Expected,Red,Left,44.32,25.205,0.392,0.868,508.294,,60.008,0,,-1,-1,,,-1,50,50,0,0
98,Night,19.492,24.913,0,U_Amb_R,Practice,Expected,Red,Left,44.405,25.29,0.384,0.868,510.581,,59.972,0,,-1,-1,,,-1,50,50,0,0
98,Night,19.492,25.015,0,U_Amb_R,Practice,Expected,Red,Left,44.507,25.392,0.365,0.868,513.314,,59.949,0,,-1,-1,,,-1,50,50,0,0
98,Night,19.492,25.124,0,U_Amb_R,Practice,Expected,Red,Left,44.616,25.501,0.339,0.868,516.231,,59.854,0,,-1,-1,,,-1,50,50,-100,0
98,Night,19.492,25.221,0,U_Amb_R,Practice,Expected,Red,Left,44.713,25.599,0.273,0.868,518.836,,59.625,0,,-1,-1,,,-1,50,50,0,0
98,Night,19.492,25.311,0,U_Amb_R,Practice,Expected,Red,Left,44.803,25.688,0.199,0.868,521.27,,59.594,0,,-1,-1,,,-1,50,50,0,0
98,Night,19.492,25.414,0,U_Amb_R,Practice,Expected,Red,Left,44.906,25.792,0.112,0.868,523.957,,59.49,0,,-1,-1,,,-1,50,50,100,0
98,Night,19.492,25.518,0,U_Amb_R,Practice,Expected,Red,Left,45.01,25.895,0.06,0.868,526.747,,59.229,0,,-1,-1,,,-1,50,50,0,0
98,Night,19.492,25.619,0,U_Amb_R,Practice,Expected,Red,Left,45.111,25.996,0.024,0.868,529.41,,59.19,0,,-1,-1,,,-1,50,50,0,0
98,Night,19.492,25.713,0,U_Amb_R,Practice,Expected,Red,Left,45.205,26.091,-0.012,0.868,531.905,,59.134,0,,-1,-1,,,-1,50,50,-100,0
98,Night,19.492,25.82,0,U_Amb_R,Practice,Expected,Red,Left,45.313,26.198,-0.084,0.868,534.734,,58.918,0,,-1,-1,,,-1,50,50,0,0
98,Night,19.492,25.909,0,U_Amb_R,Practice,Expected,Red,Left,45.401,26.287,-0.148,0.868,537.11,,58.887,0,,-1,-1,,,-1,50,50,0,0
98,Night,19.492,26.03,0,U_Amb_R,Practice,Expected,Red,Left,45.522,26.407,-0.224,0.868,540.226,,58.866,0,,-1,-1,,,-1,50,50,0,0
98,Night,19.492,26.116,0,U_Amb_R,Practice,Expected,Red,Left,45.608,26.494,-0.274,0.868,542.514,,58.725,0,,-1,-1,,,-1,50,50,100,0
98,Night,19.492,26.217,0,U_Amb_R,Practice,Expected,Red,Left,45.709,26.595,-0.287,0.868,545.133,,58.536,0,,-1,-1,,,-1,50,50,0,0
98,Night,19.492,26.322,0,U_Amb_R,Practice,Expected,Red,Left,45.814,26.699,-0.29,0.868,547.902,,58.506,0,,-1,-1,,,-1,50,50,0,0
98,Night,19.492,26.424,0,U_Amb_R,Practice,Expected,Red,Left,45.917,26.802,-0.282,0.868,550.583,,58.484,0,,-1,-1,,,-1,50,50,0,0
98,Night,19.492,26.515,0,U_Amb_R,Practice,Expected,Red,Left,46.007,26.892,-0.26,0.868,552.943,,58.458,0,,-1,-1,,,-1,50,50,0,0
98,Night,19.492,26.611,0,U_Amb_R,Practice,Expected,Red,Left,46.103,26.988,-0.216,0.868,555.485,,58.435,0,,-1,-1,,,-1,50,50,0,0
98,Night,19.492,26.72,0,U_Amb_R,Practice,Expected,Red,Left,46.213,27.098,-0.144,0.868,558.305,,58.404,0,,-1,-1,,,-1,50,50,0,0
98,Night,19.492,26.826,0,U_Amb_R,Practice,Expected,Red,Left,46.318,27.203,-0.052,0.868,561.031,,58.379,0,,-1,-1,,,-1,50,50,0,0
98,Night,19.492,26.923,0,U_Amb_R,Practice,Expected,Red,Left,46.416,27.301,0.053,0.868,563.585,,58.356,0,,-1,-1,,,-1,50,50,0,0
98,Night,19.492,27.021,0,U_Amb_R,Practice,Expected,Red,Left,46.513,27.398,0.172,0.868,566.139,,58.335,0,,-1,-1,,,-1,50,50,0,0
98,Night,19.492,27.12,0,U_Amb_R,Practice,Expected,Red,Left,46.613,27.498,0.308,0.868,568.744,,58.317,0,,-1,-1,,,-1,50,50,0,0
98,Night,19.492,27.218,0,U_Amb_R,Practice,Expected,Red,Left,46.71,27.595,0.451,0.868,571.266,,58.3,0,,-1,-1,,,-1,50,50,0,0
98,Night,19.492,27.311,0,U_Amb_R,Practice,Expected,Red,Left,46.803,27.688,0.595,0.868,573.663,,58.286,0,,-1,-1,,,-1,50,50,0,0
98,Night,19.492,27.42,0,U_Amb_R,Practice,Expected,Red,Left,46.913,27.798,0.779,0.868,576.544,,58.269,0,,-1,-1,,,-1,50,50,0,0
98,Night,19.492,27.517,0,U_Amb_R,Practice,Expected,Red,Left,47.009,27.895,0.945,0.868,579.047,,58.254,0,,-1,-1,,,-1,50,50,0,0
98,Night,19.492,27.619,0,U_Amb_R,Practice,Expected,Red,Left,47.111,27.996,1.125,0.868,581.693,,58.201,0,,-1,-1,,,-1,50,50,-100,0
98,Night,19.492,27.715,0,U_Amb_R,Practice,Expected,Red,Left,47.207,28.092,1.268,0.868,584.194,,58.028,0,,-1,-1,,,-1,50,50,0,0
98,Night,19.492,27.82,0,U_Amb_R,Practice,Expected,Red,Left,47.312,28.198,1.415,0.868,586.917,,58.001,0,,-1,-1,,,-1,50,50,0,0
98,Night,19.492,27.915,0,U_Amb_R,Practice,Expected,Red,Left,47.407,28.292,1.539,0.868,589.345,,57.982,0,,-1,-1,,,-1,50,50,0,0
98,Night,19.492,28.016,0,U_Amb_R,Practice,Expected,Red,Left,47.508,28.393,1.659,0.869,591.958,,57.961,0,,-1,-1,,,-1,50,50,0,0
98,Night,19.492,28.116,0,U_Amb_R,Practice,Expected,Red,Left,47.609,28.494,1.763,0.869,594.559,,57.939,0,,-1,-1,,,-1,50,50,0,0
98,Night,19.492,28.216,0,U_Amb_R,Practice,Expected,Red,Left,47.709,28.594,1.844,0.868,597.162,,57.783,0,,-1,-1,,,-1,50,50,-100,0
98,Night,19.492,28.312,0,U_Amb_R,Practice,Expected,Red,Left,47.804,28.689,1.87,0.868,599.613,,57.628,0,,-1,-1,,,-1,50,50,0,0
98,Night,19.492,28.416,0,U_Amb_R,Practice,Expected,Red,Left,47.908,28.794,1.874,0.868,602.29,,57.573,0,,-1,-1,,,-1,50,50,0,0
98,Night,19.492,28.512,0,U_Amb_R,Practice,Expected,Red,Left,48.004,28.889,1.853,0.868,604.768,,57.54,0,,-1,-1,,,-1,50,50,0,0
98,Night,19.492,28.615,0,U_Amb_R,Practice,Expected,Red,Left,48.108,28.993,1.799,0.868,607.435,,57.494,0,,-1,-1,,,-1,50,50,0,0
98,Night,19.492,28.711,0,U_Amb_R,Practice,Expected,Red,Left,48.203,29.089,1.722,0.87,609.891,,57.464,0,,-1,-1,,,-1,50,50,0,0
98,Night,19.492,28.817,0,U_Amb_R,Practice,Expected,Red,Left,48.309,29.194,1.61,0.871,612.589,,57.427,0,,-1,-1,,,-1,50,50,0,0
98,Night,19.492,28.917,0,U_Amb_R,Practice,Expected,Red,Left,48.409,29.294,1.479,0.87,615.155,,57.398,0,,-1,-1,,,-1,50,50,0,0
98,Night,19.492,29.018,0,U_Amb_R,Practice,Expected,Red,Left,48.51,29.395,1.327,0.869,617.743,,57.375,0,,-1,-1,,,-1,50,50,0,0
98,Night,19.492,29.111,0,U_Amb_R,Practice,Expected,Red,Left,48.603,29.488,1.169,0.868,620.166,,57.357,0,,-1,-1,,,-1,50,50,0,0
98,Night,19.492,29.21,0,U_Amb_R,Practice,Expected,Red,Left,48.702,29.587,1.011,0.868,622.668,,57.166,0,,-1,-1,,,-1,50,50,100,0
98,Night,19.492,29.317,0,U_Amb_R,Practice,Expected,Red,Left,48.809,29.694,0.881,0.868,625.379,,57.024,0,,-1,-1,,,-1,50,50,0,0
98,Night,19.492,29.42,0,U_Amb_R,Practice,Expected,Red,Left,48.912,29.798,0.756,0.868,628.042,,57.001,0,,-1,-1,,,-1,50,50,0,0
98,Night,19.492,29.515,0,U_Amb_R,Practice,Expected,Red,Left,49.007,29.892,0.657,0.868,630.437,,56.976,0,,-1,-1,,,-1,50,50,0,0
98,Night,19.492,29.627,0,U_Amb_R,Practice,Expected,Red,Left,49.119,30.004,0.566,0.868,633.261,,56.946,0,,-1,-1,,,-1,50,50,0,0
98,Night,19.492,29.716,0,U_Amb_R,Practice,Expected,Red,Left,49.209,30.094,0.513,0.868,635.565,,56.879,0,,-1,-1,,,-1,50,50,-100,0
98,Night,19.492,29.822,0,U_Amb_R,Practice,Expected,Red,Left,49.315,30.2,0.429,0.868,638.262,,56.669,0,,-1,-1,,,-1,50,50,0,0
98,Night,19.492,29.922,0,U_Amb_R,Practice,Expected,Red,Left,49.414,30.299,0.352,0.868,640.771,,56.636,0,,-1,-1,,,-1,50,50,0,0
98,Night,19.492,30.022,0,U_Amb_R,Practice,Expected,Red,Left,49.515,30.4,0.281,0.868,643.316,,56.62,0,,-1,-1,,,-1,50,50,0,0
98,Night,19.492,30.115,0,U_Amb_R,Practice,Expected,Red,Left,49.607,30.493,0.211,0.868,645.668,,56.568,0,,-1,-1,,,-1,50,50,100,0
98,Night,19.492,30.22,0,U_Amb_R,Practice,Expected,Red,Left,49.712,30.597,0.158,0.868,648.31,,56.396,0,,-1,-1,,,-1,50,50,0,0
98,Night,19.492,30.317,0,U_Amb_R,Practice,Expected,Red,Left,49.809,30.694,0.111,0.868,650.702,,56.37,0,,-1,-1,,,-1,50,50,0,0
98,Night,19.492,30.427,0,U_Amb_R,Practice,Expected,Red,Left,49.919,30.804,0.051,0.868,653.497,,56.355,0,,-1,-1,,,-1,50,50,0,0
98,Night,19.492,30.527,0,U_Amb_R,Practice,Expected,Red,Left,50.019,30.904,0,0.868,656.021,,56.341,0,,-1,-1,,,-1,50,50,0,0
98,Night,19.492,30.611,0,U_Amb_R,Practice,Expected,Red,Left,50.103,30.988,-0.038,0.868,658.157,,56.33,0,,-1,-1,,,-1,50,50,0,0
98,Night,19.492,30.723,0,U_Amb_R,Practice,Expected,Red,Left,50.215,31.1,-0.082,0.868,660.971,,56.313,0,,-1,-1,,,-1,50,50,0,0
98,Night,19.492,30.817,0,U_Amb_R,Practice,Expected,Red,Left,50.309,31.195,-0.111,0.868,663.322,,56.298,0,,-1,-1,,,-1,50,50,0,0
98,Night,19.492,30.915,0,U_Amb_R,Practice,Expected,Red,Left,50.407,31.292,-0.134,0.868,665.763,,56.284,0,,-1,-1,,,-1,50,50,0,0
98,Night,19.492,31.016,0,U_Amb_R,Practice,Expected,Red,Left,50.508,31.393,-0.152,0.868,668.347,,56.27,0,,-1,-1,,,-1,50,50,0,0
98,Night,19.492,31.126,0,U_Amb_R,Practice,Expected,Red,Left,50.618,31.503,-0.163,0.868,671.098,,56.256,0,,-1,-1,,,-1,50,50,0,0
98,Night,19.492,31.223,0,U_Amb_R,Practice,Expected,Red,Left,50.715,31.601,-0.168,0.868,673.559,,56.242,0,,-1,-1,,,-1,50,50,0,0
98,Night,19.492,31.315,0,U_Amb_R,Practice,Expected,Red,Left,50.807,31.692,-0.168,0.868,675.868,,56.229,0,,-1,-1,,,-1,50,50,0,0
98,Night,19.492,31.415,0,U_Amb_R,Practice,Expected,Red,Left,50.907,31.792,-0.164,0.868,678.361,,56.216,0,,-1,-1,,,-1,50,50,0,0
98,Night,19.492,31.51,0,U_Amb_R,Practice,Expected,Red,Left,51.002,31.888,-0.157,0.868,680.765,,56.205,0,,-1,-1,,,-1,50,50,0,0
98,Night,19.492,31.611,0,U_Amb_R,Practice,Expected,Red,Left,51.103,31.988,-0.147,0.868,683.292,,56.192,0,,-1,-1,,,-1,50,50,0,0
98,Night,19.492,31.711,0,U_Amb_R,Practice,Expected,Red,Left,51.203,32.088,-0.135,0.868,685.81,,56.179,0,,-1,-1,,,-1,50,50,0,0
98,Night,19.492,31.82,0,U_Amb_R,Practice,Expected,Red,Left,51.312,32.197,-0.119,0.868,688.557,,56.164,0,,-1,-1,,,-1,50,50,0,0
98,Night,19.492,31.92,0,U_Amb_R,Practice,Expected,Red,Left,51.412,32.298,-0.102,0.868,691.081,,56.151,0,,-1,-1,,,-1,50,50,0,0
98,Night,19.492,32.022,0,U_Amb_R,Practice,Expected,Red,Left,51.514,32.399,-0.084,0.868,693.614,,56.139,0,,-1,-1,,,-1,50,50,0,0
98,Night,19.492,32.12,0,U_Amb_R,Practice,Expected,Red,Left,51.612,32.497,-0.065,0.868,696.084,,56.126,0,,-1,-1,,,-1,50,50,0,0
98,Night,19.492,32.225,0,U_Amb_R,Practice,Expected,Red,Left,51.717,32.602,-0.044,0.868,698.705,,56.113,0,,-1,-1,,,-1,50,50,0,0
98,Night,19.492,32.317,0,U_Amb_R,Practice,Expected,Red,Left,51.809,32.694,-0.026,0.868,700.949,,56.101,0,,-1,-1,,,-1,50,50,0,0
98,Night,19.492,32.413,0,U_Amb_R,Practice,Expected,Red,Left,51.905,32.791,-0.005,0.868,703.41,,56.09,0,,-1,-1,,,-1,50,50,0,0
98,Night,19.492,32.515,0,U_Amb_R,Practice,Expected,Red,Left,52.008,32.893,0.018,0.868,705.998,,56.076,0,,-1,-1,,,-1,50,50,0,0
98,Night,19.492,32.622,0,U_Amb_R,Practice,Expected,Red,Left,52.114,32.999,0.041,0.868,708.67,,56.063,0,,-1,-1,,,-1,50,50,0,0
98,Night,19.492,32.724,0,U_Amb_R,Practice,Expected,Red,Left,52.217,33.102,0.064,0.868,711.236,,56.05,0,,-1,-1,,,-1,50,50,0,0
98,Night,19.492,32.821,0,U_Amb_R,Practice,Expected,Red,Left,52.313,33.199,0.087,0.868,713.657,,56.038,0,,-1,-1,,,-1,50,50,0,0
98,Night,19.492,32.912,0,U_Amb_R,Practice,Expected,Red,Left,52.404,33.289,0.107,0.868,715.922,,56.027,0,,-1,-1,,,-1,50,50,0,0
98,Night,19.492,33.022,0,U_Amb_R,Practice,Expected,Red,Left,52.515,33.4,0.133,0.868,718.711,,56.013,0,,-1,-1,,,-1,50,50,0,0
98,Night,19.492,33.11,0,U_Amb_R,Practice,Expected,Red,Left,52.602,33.487,0.154,0.868,720.889,,56.002,0,,-1,-1,,,-1,50,50,0,0
98,Night,19.492,33.216,0,U_Amb_R,Practice,Expected,Red,Left,52.708,33.593,0.179,0.868,723.54,,55.987,0,,-1,-1,,,-1,50,50,0,0
98,Night,19.492,33.32,0,U_Amb_R,Practice,Expected,Red,Left,52.812,33.697,0.203,0.868,726.146,,55.975,0,,-1,-1,,,-1,50,50,0,0
98,Night,19.492,33.412,0,U_Amb_R,Practice,Expected,Red,Left,52.904,33.789,0.225,0.868,728.435,,55.964,0,,-1,-1,,,-1,50,50,0,0
98,Night,19.492,33.518,0,U_Amb_R,Practice,Expected,Red,Left,53.01,33.895,0.25,0.868,731.102,,55.95,0,,-1,-1,,,-1,50,50,0,0
98,Night,19.492,33.617,0,U_Amb_R,Practice,Expected,Red,Left,53.109,33.995,0.274,0.868,733.577,,55.937,0,,-1,-1,,,-1,50,50,0,0
98,Night,19.492,33.721,0,U_Amb_R,Practice,Expected,Red,Left,53.213,34.099,0.298,0.868,736.182,,55.924,0,,-1,-1,,,-1,50,50,0,0
98,Night,19.492,33.812,0,U_Amb_R,Practice,Expected,Red,Left,53.304,34.189,0.32,0.868,738.43,,55.914,0,,-1,-1,,,-1,50,50,0,0
98,Night,19.492,33.922,0,U_Amb_R,Practice,Expected,Red,Left,53.415,34.3,0.346,0.868,741.218,,55.899,0,,-1,-1,,,-1,50,50,0,0
98,Night,19.492,34.017,0,U_Amb_R,Practice,Expected,Red,Left,53.509,34.394,0.349,0.868,743.561,,55.654,0,,-1,-1,,,-1,50,50,-100,0
98,Night,19.492,34.121,0,U_Amb_R,Practice,Expected,Red,Left,53.613,34.498,0.307,0.868,746.149,,55.555,0,,-1,-1,,,-1,50,50,0,0
98,Night,19.492,34.228,0,U_Amb_R,Practice,Expected,Red,Left,53.721,34.606,0.258,0.868,748.791,,55.452,0,,-1,-1,,,-1,50,50,100,0
98,Night,19.492,34.316,0,U_Amb_R,Practice,Expected,Red,Left,53.808,34.693,0.249,0.868,750.977,,55.192,0,,-1,-1,,,-1,50,50,0,0
98,Night,19.492,34.42,0,U_Amb_R,Practice,Expected,Red,Left,53.913,34.798,0.243,0.868,753.567,,55.151,0,,-1,-1,,,-1,50,50,0,0
98,Night,19.492,34.517,0,U_Amb_R,Practice,Expected,Red,Left,54.009,34.894,0.231,0.868,755.934,,55.134,0,,-1,-1,,,-1,50,50,0,0
98,Night,19.492,34.623,0,U_Amb_R,Practice,Expected,Red,Left,54.116,35.001,0.222,0.868,758.562,,55.119,0,,-1,-1,,,-1,50,50,0,0
98,Night,19.492,34.714,0,U_Amb_R,Practice,Expected,Red,Left,54.206,35.091,0.223,0.868,760.781,,55.102,0,,-1,-1,,,-1,50,50,0,0
98,Night,19.492,34.819,0,U_Amb_R,Practice,Expected,Red,Left,54.311,35.197,0.239,0.868,763.387,,55.083,0,,-1,-1,,,-1,50,50,0,0
98,Night,19.492,34.919,0,U_Amb_R,Practice,Expected,Red,Left,54.412,35.297,0.268,0.868,765.799,,55.064,0,,-1,-1,,,-1,50,50,-100,0
98,Night,19.492,35.019,0,U_Amb_R,Practice,Expected,Red,Left,54.511,35.396,0.281,0.868,768.291,,54.861,0,,-1,-1,,,-1,50,50,0,0
98,Night,19.492,35.122,0,U_Amb_R,Practice,Expected,Red,Left,54.615,35.5,0.289,0.868,770.842,,54.832,0,,-1,-1,,,-1,50,50,0,0
98,Night,19.492,35.221,0,U_Amb_R,Practice,Expected,Red,Left,54.713,35.598,0.299,0.868,773.253,,54.817,0,,-1,-1,,,-1,50,50,0,0
98,Night,19.492,35.33,0,U_Amb_R,Practice,Expected,Red,Left,54.822,35.707,0.303,0.868,775.89,,54.802,0,,-1,-1,,,-1,50,50,0,0
98,Night,19.492,35.411,0,U_Amb_R,Practice,Expected,Red,Left,54.903,35.789,0.299,0.868,777.873,,54.789,0,,-1,-1,,,-1,50,50,0,0
98,Night,19.492,35.524,0,U_Amb_R,Practice,Expected,Red,Left,55.016,35.901,0.281,0.868,780.678,,54.77,0,,-1,-1,,,-1,50,50,0,0
98,Night,19.492,35.611,0,U_Amb_R,Practice,Expected,Red,Left,55.103,35.989,0.258,0.868,782.784,,54.756,0,,-1,-1,,,-1,50,50,0,0
98,Night,19.492,35.718,0,U_Amb_R,Practice,Expected,Red,Left,55.21,36.095,0.217,0.868,785.404,,54.737,0,,-1,-1,,,-1,50,50,0,0
98,Night,19.492,35.819,0,U_Amb_R,Practice,Expected,Red,Left,55.311,36.196,0.169,0.868,787.824,,54.722,0,,-1,-1,,,-1,50,50,0,0
98,Night,19.492,35.91,0,U_Amb_R,Practice,Expected,Red,Left,55.402,36.287,0.116,0.868,790.107,,54.71,0,,-1,-1,,,-1,50,50,0,0
98,Night,19.492,36.02,0,U_Amb_R,Practice,Expected,Red,Left,55.513,36.398,0.045,0.868,792.798,,54.693,0,,-1,-1,,,-1,50,50,0,0
98,Night,19.492,36.126,0,U_Amb_R,Practice,Expected,Red,Left,55.618,36.503,-0.03,0.868,795.375,,54.68,0,,-1,-1,,,-1,50,50,0,0
98,Night,19.492,36.221,0,U_Amb_R,Practice,Expected,Red,Left,55.713,36.598,-0.104,0.868,797.714,,54.667,0,,-1,-1,,,-1,50,50,100,0
98,Night,19.492,36.311,0,U_Amb_R,Practice,Expected,Red,Left,55.803,36.688,-0.15,0.868,799.908,,54.426,0,,-1,-1,,,-1,50,50,0,0
98,Night,19.492,36.415,0,U_Amb_R,Practice,Expected,Red,Left,55.908,36.793,-0.18,0.868,802.435,,54.378,0,,-1,-1,,,-1,50,50,0,0
98,Night,19.492,36.519,0,U_Amb_R,Practice,Expected,Red,Left,56.011,36.896,-0.206,0.868,804.967,,54.281,0,,-1,-1,,,-1,50,50,-100,0
98,Night,19.492,36.61,0,U_Amb_R,Practice,Expected,Red,Left,56.102,36.987,-0.256,0.868,807.166,,54.11,0,,-1,-1,,,-1,50,50,0,0
98,Night,19.492,36.715,0,U_Amb_R,Practice,Expected,Red,Left,56.207,37.092,-0.307,0.868,809.714,,54.073,0,,-1,-1,,,-1,50,50,0,0
98,Night,19.492,36.823,0,U_Amb_R,Practice,Expected,Red,Left,56.315,37.2,-0.331,0.868,812.283,,53.828,0,,-1,-1,,,-1,50,50,0,0
98,Night,19.492,36.921,0,U_Amb_R,Practice,Expected,Red,Left,56.414,37.299,-0.323,0.868,814.681,,53.778,0,,-1,-1,,,-1,50,50,0,0
98,Night,19.492,37.022,0,U_Amb_R,Practice,Expected,Red,Left,56.514,37.399,-0.312,0.868,817.104,,53.759,0,,-1,-1,,,-1,50,50,0,0
98,Night,19.492,37.115,0,U_Amb_R,Practice,Expected,Red,Left,56.607,37.492,-0.294,0.868,819.341,,53.742,0,,-1,-1,,,-1,50,50,0,0
98,Night,19.492,37.226,0,U_Amb_R,Practice,Expected,Red,Left,56.719,37.604,-0.277,0.868,821.991,,53.554,0,,-1,-1,,,-1,50,50,-100,0
98,Night,19.492,37.313,0,U_Amb_R,Practice,Expected,Red,Left,56.805,37.69,-0.305,0.868,824.085,,53.37,0,,-1,-1,,,-1,50,50,0,0
98,Night,19.492,37.424,0,U_Amb_R,Practice,Expected,Red,Left,56.916,37.801,-0.343,0.868,826.725,,53.346,0,,-1,-1,,,-1,50,50,100,0
98,Night,19.492,37.517,0,U_Amb_R,Practice,Expected,Red,Left,57.009,37.895,-0.357,0.868,828.902,,53.141,0,,-1,-1,,,-1,50,50,0,0
98,Night,19.492,37.62,0,U_Amb_R,Practice,Expected,Red,Left,57.112,37.997,-0.377,0.868,831.391,,53.104,0,,-1,-1,,,-1,50,50,0,0
98,Night,19.492,37.711,0,U_Amb_R,Practice,Expected,Red,Left,57.204,38.089,-0.406,0.868,833.547,,53.087,0,,-1,-1,,,-1,50,50,0,0
98,Night,19.492,37.82,0,U_Amb_R,Practice,Expected,Red,Left,57.312,38.197,-0.451,0.868,836.115,,53.071,0,,-1,-1,,,-1,50,50,0,0
98,Night,19.492,37.918,0,U_Amb_R,Practice,Expected,Red,Left,57.41,38.295,-0.498,0.868,838.451,,53.058,0,,-1,-1,,,-1,50,50,0,0
98,Night,19.492,38.018,0,U_Amb_R,Practice,Expected,Red,Left,57.51,38.395,-0.549,0.868,840.82,,53.045,0,,-1,-1,,,-1,50,50,0,0
98,Night,19.492,38.12,0,U_Amb_R,Practice,Expected,Red,Left,57.612,38.497,-0.604,0.868,843.244,,53.033,0,,-1,-1,,,-1,50,50,0,0
98,Night,19.492,38.22,0,U_Amb_R,Practice,Expected,Red,Left,57.712,38.597,-0.659,0.868,845.616,,53.021,0,,-1,-1,,,-1,50,50,0,0
98,Night,19.492,38.324,0,U_Amb_R,Practice,Expected,Red,Left,57.816,38.701,-0.717,0.868,848.073,,53.009,0,,-1,-1,,,-1,50,50,0,0
98,Night,19.492,38.419,0,U_Amb_R,Practice,Expected,Red,Left,57.911,38.796,-0.77,0.868,850.319,,52.997,0,,-1,-1,,,-1,50,50,0,0
98,Night,19.492,38.517,0,U_Amb_R,Practice,Expected,Red,Left,58.009,38.895,-0.825,0.868,852.648,,52.986,0,,-1,-1,,,-1,50,50,0,0
98,Night,19.492,38.616,0,U_Amb_R,Practice,Expected,Red,Left,58.109,38.994,-0.881,0.868,854.999,,52.974,0,,-1,-1,,,-1,50,50,0,0
98,Night,19.492,38.71,0,U_Amb_R,Practice,Expected,Red,Left,58.203,39.088,-0.933,0.868,857.212,,52.99,0,,-1,-1,,,-1,50,50,0,0
98,Night,19.492,38.818,0,U_Amb_R,Practice,Expected,Red,Left,58.31,39.195,-0.993,0.868,859.741,,53.394,0,,-1,-1,,,-1,50,50,0,0
98,Night,19.492,38.913,0,U_Amb_R,Practice,Expected,Red,Left,58.405,39.29,-1.046,0.868,862.038,,53.471,0,,-1,-1,,,-1,50,50,0,0
98,Night,19.492,39.02,0,U_Amb_R,Practice,Expected,Red,Left,58.513,39.398,-1.107,0.868,864.619,,53.485,0,,-1,-1,,,-1,50,50,0,0
98,Night,19.492,39.116,0,U_Amb_R,Practice,Expected,Red,Left,58.608,39.493,-1.16,0.868,866.904,,53.477,0,,-1,-1,,,-1,50,50,0,1
98,Night,19.492,39.212,0,U_Amb_R,Practice,Expected,Red,Left,58.705,39.59,-1.211,0.868,869.199,,53.429,0,,-1,-1,,,-1,50,50,100,0
98,Night,19.492,39.315,0,U_Amb_R,Practice,Expected,Red,Left,58.807,39.692,-1.22,0.868,871.639,,53.148,0,,-1,-1,,,-1,50,50,0,0
98,Night,19.492,39.417,0,U_Amb_R,Practice,Expected,Red,Left,58.909,39.794,-1.207,0.868,874.069,,53.115,0,,-1,-1,,,-1,50,50,0,0
98,Night,19.492,39.527,0,U_Amb_R,Practice,Expected,Red,Left,59.019,39.904,-1.177,0.868,876.642,,53.089,0,,-1,-1,,,-1,50,50,0,0
98,Night,19.492,39.625,0,U_Amb_R,Practice,Expected,Red,Left,59.117,40.002,-1.127,0.868,878.974,,53.086,0,,-1,-1,,,-1,50,50,0,0
98,Night,19.492,39.712,0,U_Amb_R,Practice,Expected,Red,Left,59.204,40.089,-1.062,0.868,881.058,,53.422,0,,-1,-1,,,-1,50,50,0,0
98,Night,19.492,39.824,0,U_Amb_R,Practice,Expected,Red,Left,59.316,40.201,-0.952,0.868,883.755,,53.596,0,,-1,-1,,,-1,50,50,-100,0
98,Night,19.492,39.914,0,U_Amb_R,Practice,Expected,Red,Left,59.406,40.292,-0.888,0.868,885.92,,53.381,0,,-1,-1,,,-1,50,50,0,0
98,Night,19.492,40.015,0,U_Amb_R,Practice,Expected,Red,Left,59.507,40.392,-0.826,0.868,888.319,,53.354,0,,-1,-1,,,-1,50,50,0,0
98,Night,19.492,40.115,0,U_Amb_R,Practice,Expected,Red,Left,59.607,40.492,-0.763,0.868,890.714,,53.339,0,,-1,-1,,,-1,50,50,0,0
98,Night,19.492,40.216,0,U_Amb_R,Practice,Expected,Red,Left,59.708,40.593,-0.709,0.868,893.111,,53.321,0,,-1,-1,,,-1,50,50,0,0
98,Night,19.492,40.324,0,U_Amb_R,Practice,Expected,Red,Left,59.816,40.701,-0.669,0.868,895.669,,53.263,0,,-1,-1,,,-1,50,50,100,0
98,Night,19.492,40.432,0,U_Amb_R,Practice,Expected,Red,Left,59.924,40.81,-0.609,0.868,898.242,,53.086,0,,-1,-1,,,-1,50,50,0,0
98,Night,19.492,40.515,0,U_Amb_R,Practice,Expected,Red,Left,60.007,40.892,-0.569,0.868,900.227,,53.066,0,,-1,-1,,,-1,50,50,0,0
98,Night,19.492,40.623,0,U_Amb_R,Practice,Expected,Red,Left,60.115,41,-0.524,0.868,902.781,,53.051,0,,-1,-1,,,-1,50,50,0,0
98,Night,19.492,40.723,0,U_Amb_R,Practice,Expected,Red,Left,60.215,41.1,-0.483,0.868,905.141,,53.039,0,,-1,-1,,,-1,50,50,0,0
98,Night,19.492,40.823,0,U_Amb_R,Practice,Expected,Red,Left,60.316,41.201,-0.438,0.868,907.49,,53.026,0,,-1,-1,,,-1,50,50,0,0
98,Night,19.492,40.919,0,U_Amb_R,Practice,Expected,Red,Left,60.411,41.296,-0.39,0.868,909.72,,53.013,0,,-1,-1,,,-1,50,50,100,0
98,Night,19.492,41.011,0,U_Amb_R,Practice,Expected,Red,Left,60.503,41.388,-0.313,0.868,911.963,,52.804,0,,-1,-1,,,-1,50,50,0,0
98,Night,19.492,41.12,0,U_Amb_R,Practice,Expected,Red,Left,60.612,41.497,-0.198,0.868,914.544,,52.76,0,,-1,-1,,,-1,50,50,0,0
98,Night,19.492,41.223,0,U_Amb_R,Practice,Expected,Red,Left,60.715,41.6,-0.074,0.868,916.97,,52.736,0,,-1,-1,,,-1,50,50,0,0
98,Night,19.492,41.309,0,U_Amb_R,Practice,Expected,Red,Left,60.801,41.686,0.047,0.868,919.028,,52.716,0,,-1,-1,,,-1,50,50,0,0
98,Night,19.492,41.418,0,U_Amb_R,Practice,Expected,Red,Left,60.91,41.795,0.215,0.868,921.534,,52.688,0,,-1,-1,,,-1,50,50,0,0
98,Night,19.492,41.523,0,U_Amb_R,Practice,Expected,Red,Left,61.015,41.9,0.401,0.868,924.011,,52.666,0,,-1,-1,,,-1,50,50,0,0
98,Night,19.492,41.619,0,U_Amb_R,Practice,Expected,Red,Left,61.111,41.996,0.585,0.868,926.24,,52.646,0,,-1,-1,,,-1,50,50,-100,0
98,Night,19.492,41.725,0,U_Amb_R,Practice,Expected,Red,Left,61.217,42.102,0.769,0.868,928.736,,52.4,0,,-1,-1,,,-1,50,50,0,0
98,Night,19.492,41.826,0,U_Amb_R,Practice,Expected,Red,Left,61.318,42.203,0.932,0.868,931.106,,52.367,0,,-1,-1,,,-1,50,50,0,0
98,Night,19.492,41.924,0,U_Amb_R,Practice,Expected,Red,Left,61.416,42.301,1.087,0.868,933.385,,52.35,0,,-1,-1,,,-1,50,50,0,0
98,Night,19.492,42.025,0,U_Amb_R,Practice,Expected,Red,Left,61.517,42.402,1.24,0.868,935.769,,52.632,0,,-1,-1,,,-1,50,50,0,0
98,Night,19.492,42.122,0,U_Amb_R,Practice,Expected,Red,Left,61.614,42.499,1.372,0.868,938.059,,53.078,0,,-1,-1,,,-1,50,50,0,0
98,Night,19.492,42.224,0,U_Amb_R,Practice,Expected,Red,Left,61.716,42.601,1.494,0.868,940.471,,53.168,0,,-1,-1,,,-1,50,50,0,0
98,Night,19.492,42.321,0,U_Amb_R,Practice,Expected,Red,Left,61.813,42.698,1.596,0.87,942.783,,53.383,0,,-1,-1,,,-1,50,50,0,0
98,Night,19.492,42.419,0,U_Amb_R,Practice,Expected,Red,Left,61.912,42.797,1.665,0.871,945.103,,53.686,0,,-1,-1,,,-1,50,50,0,0
98,Night,19.492,42.526,0,U_Amb_R,Practice,Expected,Red,Left,62.019,42.904,1.695,0.871,947.675,,53.814,0,,-1,-1,,,-1,50,50,0,0
98,Night,19.492,42.623,0,U_Amb_R,Practice,Expected,Red,Left,62.115,43,1.702,0.869,950.019,,53.821,0,,-1,-1,,,-1,50,50,0,0
98,Night,19.492,42.724,0,U_Amb_R,Practice,Expected,Red,Left,62.216,43.101,1.684,0.869,952.437,,53.796,0,,-1,-1,,,-1,50,50,0,0
98,Night,19.492,42.817,0,U_Amb_R,Practice,Expected,Red,Left,62.31,43.195,1.643,0.87,954.683,,53.838,0,,-1,-1,,,-1,50,50,0,0
98,Night,19.492,42.912,0,U_Amb_R,Practice,Expected,Red,Left,62.404,43.289,1.578,0.869,956.971,,54.219,0,,-1,-1,,,-1,50,50,0,0
98,Night,19.492,43.016,0,U_Amb_R,Practice,Expected,Red,Left,62.509,43.394,1.482,0.869,959.511,,54.449,0,,-1,-1,,,-1,50,50,0,0
98,Night,19.492,43.119,0,U_Amb_R,Practice,Expected,Red,Left,62.611,43.496,1.367,0.868,962,,54.465,0,,-1,-1,,,-1,50,50,0,0
98,Night,19.492,43.222,0,U_Amb_R,Practice,Expected,Red,Left,62.715,43.6,1.232,0.868,964.534,,54.48,0,,-1,-1,,,-1,50,50,0,0
98,Night,19.492,43.328,0,U_Amb_R,Practice,Expected,Red,Left,62.82,43.705,1.081,0.868,967.075,,54.889,0,,-1,-1,,,-1,50,50,0,0
98,Night,19.492,43.417,0,U_Amb_R,Practice,Expected,Red,Left,62.909,43.795,0.941,0.868,969.258,,55.051,0,,-1,-1,,,-1,50,50,0,0
98,Night,19.492,43.521,0,U_Amb_R,Practice,Expected,Red,Left,63.013,43.899,0.764,0.868,971.864,,55.146,0,,-1,-1,,,-1,50,50,0,0
98,Night,19.492,43.625,0,U_Amb_R,Practice,Expected,Red,Left,63.117,44.002,0.61,0.868,974.409,,55.417,0,,-1,-1,,,-1,50,50,0,0
98,Night,19.492,43.723,0,U_Amb_R,Practice,Expected,Red,Left,63.215,44.1,0.488,0.868,976.843,,55.633,0,,-1,-1,,,-1,50,50,0,0
98,Night,19.492,43.82,0,U_Amb_R,Practice,Expected,Red,Left,63.313,44.198,0.372,0.868,979.243,,55.668,0,,-1,-1,,,-1,50,50,0,0
98,Night,19.492,43.915,0,U_Amb_R,Practice,Expected,Red,Left,63.407,44.292,0.271,0.868,981.613,,55.658,0,,-1,-1,,,-1,50,50,0,0
98,Night,19.492,44.021,0,U_Amb_R,Practice,Expected,Red,Left,63.513,44.398,0.178,0.868,984.238,,55.637,0,,-1,-1,,,-1,50,50,0,0
98,Night,19.492,44.112,0,U_Amb_R,Practice,Expected,Red,Left,63.605,44.49,0.117,0.868,986.53,,55.82,0,,-1,-1,,,-1,50,50,0,0
98,Night,19.492,44.216,0,U_Amb_R,Practice,Expected,Red,Left,63.708,44.593,0.068,0.868,989.093,,56.09,0,,-1,-1,,,-1,50,50,0,0
98,Night,19.492,44.32,0,U_Amb_R,Practice,Expected,Red,Left,63.813,44.698,0.039,0.868,991.714,,56.319,0,,-1,-1,,,-1,50,50,0,0
98,Night,19.492,44.422,0,U_Amb_R,Practice,Expected,Red,Left,63.914,44.8,0.027,0.868,994.298,,56.878,0,,-1,-1,,,-1,50,50,0,0
98,Night,19.492,44.519,0,U_Amb_R,Practice,Expected,Red,Left,64.012,44.897,0.03,0.868,996.803,,57.512,0,,-1,-1,,,-1,50,50,0,0
98,Night,19.492,44.62,0,U_Amb_R,Practice,Expected,Red,Left,64.112,44.998,0.046,0.868,999.414,,58.163,0,,-1,-1,,,-1,50,50,0,0
98,Night,19.492,44.718,0,U_Amb_R,Practice,Expected,Red,Left,64.21,45.096,0.071,0.868,1001.964,,58.818,0,,-1,-1,,,-1,50,50,0,0
98,Night,19.492,44.823,0,U_Amb_R,Practice,Expected,Red,Left,64.315,45.201,0.107,0.868,1004.722,,59.474,0,,-1,-1,,,-1,50,50,0,0
98,Night,19.492,44.923,0,U_Amb_R,Practice,Expected,Red,Left,64.415,45.3,0.15,0.868,1007.396,,60.131,0,,-1,-1,,,-1,50,50,0,0
98,Night,19.492,45.022,0,U_Amb_R,Practice,Expected,Red,Left,64.514,45.4,0.199,0.868,1010.097,,60.789,0,,-1,-1,,,-1,50,50,0,0
98,Night,19.492,45.113,0,U_Amb_R,Practice,Expected,Red,Left,64.605,45.491,0.248,0.868,1012.57,,61.337,0,,-1,-1,,,-1,50,50,0,0
98,Night,19.492,45.225,0,U_Amb_R,Practice,Expected,Red,Left,64.717,45.602,0.314,0.868,1015.651,,62.104,0,,-1,-1,,,-1,50,50,0,0
98,Night,19.492,45.319,0,U_Amb_R,Practice,Expected,Red,Left,64.811,45.696,0.373,0.868,1018.259,,62.762,0,,-1,-1,,,-1,50,50,0,0
98,Night,19.492,45.427,0,U_Amb_R,Practice,Expected,Red,Left,64.919,45.804,0.445,0.868,1021.319,,63.42,0,,-1,-1,,,-1,50,50,0,0
98,Night,19.492,45.52,0,U_Amb_R,Practice,Expected,Red,Left,65.012,45.897,0.502,0.868,1023.952,,63.949,0,,-1,-1,,,-1,50,50,-100,0
98,Night,19.492,45.622,0,U_Amb_R,Practice,Expected,Red,Left,65.114,45.999,0.51,0.868,1026.9,,64.384,0,,-1,-1,,,-1,50,50,0,0
98,Night,19.492,45.728,0,U_Amb_R,Practice,Expected,Red,Left,65.22,46.105,0.493,0.868,1029.915,,65.013,0,,-1,-1,,,-1,50,50,0,0
98,Night,19.492,45.823,0,U_Amb_R,Practice,Expected,Red,Left,65.316,46.201,0.46,0.868,1032.717,,65.573,0,,-1,-1,,,-1,50,50,100,0
98,Night,19.492,45.912,0,U_Amb_R,Practice,Expected,Red,Left,65.404,46.29,0.451,0.868,1035.36,,65.93,0,,-1,-1,,,-1,50,50,0,0
98,Night,19.492,46.016,0,U_Amb_R,Practice,Expected,Red,Left,65.508,46.393,0.431,0.868,1038.39,,66.657,0,,-1,-1,,,-1,50,50,0,0
98,Night,19.492,46.116,0,U_Amb_R,Practice,Expected,Red,Left,65.609,46.494,0.395,0.868,1041.446,,67.308,0,,-1,-1,,,-1,50,50,0,0
98,Night,19.492,46.227,0,U_Amb_R,Practice,Expected,Red,Left,65.719,46.604,0.348,0.868,1044.762,,67.884,0,,-1,-1,,,-1,50,50,-100,0
98,Night,19.492,46.314,0,U_Amb_R,Practice,Expected,Red,Left,65.806,46.691,0.272,0.868,1047.418,,68.332,0,,-1,-1,,,-1,50,50,0,0
98,Night,19.492,46.419,0,U_Amb_R,Practice,Expected,Red,Left,65.911,46.796,0.168,0.868,1050.643,,68.965,0,,-1,-1,,,-1,50,50,0,0
98,Night,19.492,46.522,0,U_Amb_R,Practice,Expected,Red,Left,66.014,46.899,0.058,0.868,1053.802,,69.612,0,,-1,-1,,,-1,50,50,0,0
98,Night,19.492,46.624,0,U_Amb_R,Practice,Expected,Red,Left,66.116,47.002,-0.074,0.868,1057.038,,70.256,0,,-1,-1,,,-1,50,50,0,0
98,Night,19.492,46.712,0,U_Amb_R,Practice,Expected,Red,Left,66.204,47.089,-0.203,0.868,1059.771,,70.79,0,,-1,-1,,,-1,50,50,0,0
98,Night,19.492,46.819,0,U_Amb_R,Practice,Expected,Red,Left,66.311,47.197,-0.392,0.868,1063.21,,71.536,0,,-1,-1,,,-1,50,50,0,0
98,Night,19.492,46.912,0,U_Amb_R,Practice,Expected,Red,Left,66.405,47.29,-0.578,0.868,1066.194,,72.069,0,,-1,-1,,,-1,50,50,0,0
98,Night,19.492,47.018,0,U_Amb_R,Practice,Expected,Red,Left,66.51,47.395,-0.814,0.868,1069.581,,72.817,0,,-1,-1,,,-1,50,50,0,0
98,Night,19.492,47.118,0,U_Amb_R,Practice,Expected,Red,Left,66.61,47.495,-1.063,0.868,1072.858,,73.423,0,,-1,-1,,,-1,50,50,100,0
98,Night,19.492,47.225,0,U_Amb_R,Practice,Expected,Red,Left,66.717,47.602,-1.305,0.868,1076.39,,73.886,0,,-1,-1,,,-1,50,50,0,0
98,Night,19.492,47.311,0,U_Amb_R,Practice,Expected,Red,Left,66.803,47.689,-1.492,0.869,1079.198,,74.421,0,,-1,-1,,,-1,50,50,0,0
98,Night,19.492,47.427,0,U_Amb_R,Practice,Expected,Red,Left,66.919,47.804,-1.746,0.871,1083.081,,75.17,0,,-1,-1,,,-1,50,50,0,0
98,Night,19.492,47.518,0,U_Amb_R,Practice,Expected,Red,Left,67.01,47.895,-1.933,0.87,1086.15,,75.808,0,,-1,-1,,,-1,50,50,0,0
98,Night,19.492,47.624,0,U_Amb_R,Practice,Expected,Red,Left,67.116,48.001,-2.127,0.868,1089.751,,76.452,0,,-1,-1,,,-1,50,50,0,0
98,Night,19.492,47.726,0,U_Amb_R,Practice,Expected,Red,Left,67.218,48.104,-2.287,0.868,1093.234,,77.087,0,,-1,-1,,,-1,50,50,0,0
98,Night,19.492,47.818,0,U_Amb_R,Practice,Expected,Red,Left,67.31,48.195,-2.404,0.868,1096.366,,77.639,0,,-1,-1,,,-1,50,50,100,0
98,Night,19.492,47.922,0,U_Amb_R,Practice,Expected,Red,Left,67.414,48.299,-2.47,0.868,1100.045,,77.992,0,,-1,-1,,,-1,50,50,0,0
98,Night,19.492,48.011,0,U_Amb_R,Practice,Expected,Red,Left,67.503,48.388,-2.479,0.868,1103.172,,78.455,0,,-1,-1,,,-1,50,50,0,0
98,Night,19.492,48.111,0,U_Amb_R,Practice,Expected,Red,Left,67.603,48.488,-2.447,0.868,1106.676,,79.026,0,,-1,-1,,,-1,50,50,0,0
98,Night,19.492,48.216,0,U_Amb_R,Practice,Expected,Red,Left,67.708,48.593,-2.355,0.868,1110.422,,79.69,0,,-1,-1,,,-1,50,50,0,0
98,Night,19.492,48.315,0,U_Amb_R,Practice,Expected,Red,Left,67.807,48.692,-2.21,0.868,1113.95,,80.259,0,,-1,-1,,,-1,50,50,0,0
98,Night,19.492,48.419,0,U_Amb_R,Practice,Expected,Red,Left,67.911,48.796,-2.001,0.868,1117.646,,80.834,0,,-1,-1,,,-1,50,50,0,0
98,Night,19.492,48.521,0,U_Amb_R,Practice,Expected,Red,Left,68.013,48.898,-1.734,0.868,1121.378,,81.417,0,,-1,-1,,,-1,50,50,0,0
98,Night,19.492,48.617,0,U_Amb_R,Practice,Expected,Red,Left,68.109,48.994,-1.458,0.868,1124.826,,81.883,0,,-1,-1,,,-1,50,50,-100,0
98,Night,19.492,48.724,0,U_Amb_R,Practice,Expected,Red,Left,68.216,49.101,-1.19,0.869,1128.763,,82.257,0,,-1,-1,,,-1,50,50,0,0
98,Night,19.492,48.819,0,U_Amb_R,Practice,Expected,Red,Left,68.311,49.197,-0.978,0.869,1132.261,,82.793,0,,-1,-1,,,-1,50,50,0,0
98,Night,19.492,48.911,0,U_Amb_R,Practice,Expected,Red,Left,68.403,49.289,-0.787,0.868,1135.677,,82.954,0,,-1,-1,,,-1,50,50,0,0
98,Night,19.492,49.023,0,U_Amb_R,Practice,Expected,Red,Left,68.515,49.4,-0.601,0.868,1139.836,,82.897,0,,-1,-1,,,-1,50,50,100,0
98,Night,19.492,49.123,0,U_Amb_R,Practice,Expected,Red,Left,68.615,49.5,-0.434,0.868,1143.53,,82.7,0,,-1,-1,,,-1,50,50,0,0
98,Night,19.492,49.22,0,U_Amb_R,Practice,Expected,Red,Left,68.712,49.598,-0.308,0.868,1147.107,,82.613,0,,-1,-1,,,-1,50,50,0,0
98,Night,19.492,49.322,0,U_Amb_R,Practice,Expected,Red,Left,68.814,49.699,-0.217,0.868,1150.854,,82.564,0,,-1,-1,,,-1,50,50,0,0
98,Night,19.492,49.431,0,U_Amb_R,Practice,Expected,Red,Left,68.923,49.808,-0.145,0.868,1154.871,,82.53,0,,-1,-1,,,-1,50,50,0,0
98,Night,19.492,49.519,0,U_Amb_R,Practice,Expected,Red,Left,69.011,49.896,-0.099,0.868,1158.127,,82.511,0,,-1,-1,,,-1,50,50,0,0
98,Night,19.492,49.615,0,U_Amb_R,Practice,Expected,Red,Left,69.107,49.992,-0.053,0.868,1161.643,,82.474,0,,-1,-1,,,-1,50,50,0,0
98,Night,19.492,49.711,0,U_Amb_R,Practice,Expected,Red,Left,69.204,50.089,-0.008,0.868,1165.252,,82.198,0,,-1,-1,,,-1,50,50,0,0
98,Night,19.492,49.818,0,U_Amb_R,Practice,Expected,Red,Left,69.31,50.195,0.042,0.868,1169.145,,81.977,0,,-1,-1,,,-1,50,50,0,0
98,Night,19.492,49.921,0,U_Amb_R,Practice,Expected,Red,Left,69.413,50.298,0.095,0.868,1172.937,,81.903,0,,-1,-1,,,-1,50,50,0,0
98,Night,19.492,50.015,0,U_Amb_R,Practice,Expected,Red,Left,69.508,50.393,0.148,0.868,1176.325,,81.863,0,,-1,-1,,,-1,50,50,0,0
98,Night,19.492,50.123,0,U_Amb_R,Practice,Expected,Red,Left,69.615,50.5,0.218,0.868,1180.304,,81.835,0,,-1,-1,,,-1,50,50,0,0
98,Night,19.492,50.212,0,U_Amb_R,Practice,Expected,Red,Left,69.704,50.59,0.28,0.868,1183.563,,81.816,0,,-1,-1,,,-1,50,50,0,0
98,Night,19.492,50.32,0,U_Amb_R,Practice,Expected,Red,Left,69.813,50.698,0.365,0.868,1187.541,,81.791,0,,-1,-1,,,-1,50,50,0,0
98,Night,19.492,50.424,0,U_Amb_R,Practice,Expected,Red,Left,69.916,50.801,0.428,0.868,1191.318,,81.551,0,,-1,-1,,,-1,50,50,-100,0
98,Night,19.492,50.517,0,U_Amb_R,Practice,Expected,Red,Left,70.009,50.894,0.447,0.868,1194.653,,81.451,0,,-1,-1,,,-1,50,50,0,0
98,Night,19.492,50.617,0,U_Amb_R,Practice,Expected,Red,Left,70.109,50.994,0.459,0.868,1198.259,,81.41,0,,-1,-1,,,-1,50,50,0,0
98,Night,19.492,50.713,0,U_Amb_R,Practice,Expected,Red,Left,70.206,51.091,0.45,0.868,1201.852,,81.294,0,,-1,-1,,,-1,50,50,100,0
98,Night,19.492,50.814,0,U_Amb_R,Practice,Expected,Red,Left,70.306,51.191,0.454,0.868,1205.509,,81.152,0,,-1,-1,,,-1,50,50,0,0
98,Night,19.492,50.925,0,U_Amb_R,Practice,Expected,Red,Left,70.417,51.302,0.431,0.868,1209.475,,81.107,0,,-1,-1,,,-1,50,50,0,0
98,Night,19.492,51.014,0,U_Amb_R,Practice,Expected,Red,Left,70.506,51.391,0.396,0.868,1212.726,,81.082,0,,-1,-1,,,-1,50,50,0,0
98,Night,19.492,51.116,0,U_Amb_R,Practice,Expected,Red,Left,70.608,51.493,0.346,0.868,1216.473,,81.056,0,,-1,-1,,,-1,50,50,0,0
98,Night,19.492,51.222,0,U_Amb_R,Practice,Expected,Red,Left,70.715,51.6,0.287,0.868,1220.317,,81.037,0,,-1,-1,,,-1,50,50,0,0
98,Night,19.492,51.319,0,U_Amb_R,Practice,Expected,Red,Left,70.811,51.696,0.233,0.868,1223.783,,81.018,0,,-1,-1,,,-1,50,50,0,0
98,Night,19.492,51.42,0,U_Amb_R,Practice,Expected,Red,Left,70.912,51.797,0.176,0.868,1227.444,,81,0,,-1,-1,,,-1,50,50,0,0
98,Night,19.492,51.516,0,U_Amb_R,Practice,Expected,Red,Left,71.009,51.894,0.123,0.868,1230.965,,80.981,0,,-1,-1,,,-1,50,50,0,0
98,Night,19.492,51.623,0,U_Amb_R,Practice,Expected,Red,Left,71.115,52,0.069,0.868,1234.788,,80.963,0,,-1,-1,,,-1,50,50,0,0
98,Night,19.492,51.72,0,U_Amb_R,Practice,Expected,Red,Left,71.212,52.097,0.023,0.868,1238.307,,80.944,0,,-1,-1,,,-1,50,50,0,0
98,Night,19.492,51.825,0,U_Amb_R,Practice,Expected,Red,Left,71.317,52.202,-0.021,0.868,1242.115,,80.925,0,,-1,-1,,,-1,50,50,0,0
98,Night,19.492,51.911,0,U_Amb_R,Practice,Expected,Red,Left,71.403,52.288,-0.054,0.868,1245.22,,80.909,0,,-1,-1,,,-1,50,50,0,0
98,Night,19.492,52.021,0,U_Amb_R,Practice,Expected,Red,Left,71.513,52.398,-0.091,0.868,1249.179,,80.887,0,,-1,-1,,,-1,50,50,0,0
98,Night,19.492,52.124,0,U_Amb_R,Practice,Expected,Red,Left,71.616,52.501,-0.121,0.868,1252.883,,80.868,0,,-1,-1,,,-1,50,50,0,0
98,Night,19.492,52.228,0,U_Amb_R,Practice,Expected,Red,Left,71.72,52.605,-0.147,0.868,1256.658,,80.85,0,,-1,-1,,,-1,50,50,0,0
98,Night,19.492,52.311,0,U_Amb_R,Practice,Expected,Red,Left,71.803,52.688,-0.165,0.868,1259.759,,80.834,0,,-1,-1,,,-1,50,50,0,0
98,Night,19.492,52.41,0,U_Amb_R,Practice,Expected,Red,Left,71.902,52.787,-0.182,0.868,1263.253,,80.816,0,,-1,-1,,,-1,50,50,0,0
98,Night,19.492,52.511,0,U_Amb_R,Practice,Expected,Red,Left,72.004,52.889,-0.197,0.868,1266.936,,80.797,0,,-1,-1,,,-1,50,50,0,0
98,Night,19.492,52.622,0,U_Amb_R,Practice,Expected,Red,Left,72.114,52.999,-0.209,0.868,1270.881,,80.776,0,,-1,-1,,,-1,50,50,0,0
98,Night,19.492,52.721,0,U_Amb_R,Practice,Expected,Red,Left,72.213,53.099,-0.218,0.868,1274.505,,80.757,0,,-1,-1,,,-1,50,50,0,0
98,Night,19.492,52.826,0,U_Amb_R,Practice,Expected,Red,Left,72.318,53.203,-0.224,0.868,1278.29,,80.641,0,,-1,-1,,,-1,50,50,0,0
98,Night,19.492,52.918,0,U_Amb_R,Practice,Expected,Red,Left,72.411,53.296,-0.228,0.868,1281.516,,80.151,0,,-1,-1,,,-1,50,50,0,0
98,Night,19.492,53.015,0,U_Amb_R,Practice,Expected,Red,Left,72.508,53.393,-0.231,0.868,1285.041,,79.572,0,,-1,-1,,,-1,50,50,0,0
98,Night,19.492,53.119,0,U_Amb_R,Practice,Expected,Red,Left,72.611,53.496,-0.231,0.868,1288.74,,79.333,0,,-1,-1,,,-1,50,50,0,0
98,Night,19.492,53.225,0,U_Amb_R,Practice,Expected,Red,Left,72.718,53.603,-0.231,0.868,1292.533,,79.241,0,,-1,-1,,,-1,50,50,100,0
98,Night,19.492,53.313,0,U_Amb_R,Practice,Expected,Red,Left,72.805,53.69,-0.203,0.868,1295.613,,78.977,0,,-1,-1,,,-1,50,50,100,0
98,Night,19.492,53.424,0,U_Amb_R,Practice,Expected,Red,Left,72.916,53.802,-0.124,0.868,1299.549,,78.899,0,,-1,-1,,,-1,50,50,0,0
98,Night,19.492,53.525,0,U_Amb_R,Practice,Expected,Red,Left,73.017,53.902,-0.034,0.868,1303.081,,79.255,0,,-1,-1,,,-1,50,50,0,0
98,Night,19.492,53.623,0,U_Amb_R,Practice,Expected,Red,Left,73.115,54,0.086,0.868,1306.586,,79.782,0,,-1,-1,,,-1,50,50,0,0
98,Night,19.492,53.714,0,U_Amb_R,Practice,Expected,Red,Left,73.207,54.092,0.216,0.868,1309.86,,80.225,0,,-1,-1,,,-1,50,50,-100,0
98,Night,19.492,53.816,0,U_Amb_R,Practice,Expected,Red,Left,73.308,54.194,0.325,0.868,1313.479,,80.709,0,,-1,-1,,,-1,50,50,0,0
98,Night,19.492,53.912,0,U_Amb_R,Practice,Expected,Red,Left,73.404,54.289,0.438,0.868,1316.968,,81.234,0,,-1,-1,,,-1,50,50,0,0
98,Night,19.492,54.013,0,U_Amb_R,Practice,Expected,Red,Left,73.505,54.391,0.557,0.868,1320.653,,81.878,0,,-1,-1,,,-1,50,50,0,0
98,Night,19.492,54.118,0,U_Amb_R,Practice,Expected,Red,Left,73.61,54.495,0.664,0.868,1324.524,,82.621,0,,-1,-1,,,-1,50,50,0,0
98,Night,19.492,54.222,0,U_Amb_R,Practice,Expected,Red,Left,73.714,54.6,0.739,0.868,1328.388,,83.247,0,,-1,-1,,,-1,50,50,0,0
98,Night,19.492,54.311,0,U_Amb_R,Practice,Expected,Red,Left,73.803,54.689,0.774,0.868,1331.664,,83.761,0,,-1,-1,,,-1,50,50,0,0
98,Night,19.492,54.419,0,U_Amb_R,Practice,Expected,Red,Left,73.912,54.797,0.794,0.868,1335.767,,84.338,0,,-1,-1,,,-1,50,50,100,0
98,Night,19.492,54.524,0,U_Amb_R,Practice,Expected,Red,Left,74.016,54.901,0.843,0.868,1339.711,,84.873,0,,-1,-1,,,-1,50,50,0,0
98,Night,19.492,54.616,0,U_Amb_R,Practice,Expected,Red,Left,74.108,54.993,0.875,0.868,1343.25,,85.512,0,,-1,-1,,,-1,50,50,0,0
98,Night,19.492,54.717,0,U_Amb_R,Practice,Expected,Red,Left,74.209,55.094,0.912,0.868,1347.087,,86.158,0,,-1,-1,,,-1,50,50,0,0
98,Night,19.492,54.825,0,U_Amb_R,Practice,Expected,Red,Left,74.317,55.202,0.952,0.868,1351.261,,86.642,0,,-1,-1,,,-1,50,50,-100,0
98,Night,19.492,54.919,0,U_Amb_R,Practice,Expected,Red,Left,74.411,55.296,0.956,0.868,1354.922,,87.174,0,,-1,-1,,,-1,50,50,0,0
98,Night,19.492,55.026,0,U_Amb_R,Practice,Expected,Red,Left,74.519,55.404,0.972,0.868,1359.121,,87.811,0,,-1,-1,,,-1,50,50,0,0
98,Night,19.492,55.126,0,U_Amb_R,Practice,Expected,Red,Left,74.618,55.503,0.987,0.868,1363.043,,88.457,0,,-1,-1,,,-1,50,50,0,0
98,Night,19.492,55.226,0,U_Amb_R,Practice,Expected,Red,Left,74.718,55.603,0.992,0.868,1367.026,,89.103,0,,-1,-1,,,-1,50,50,0,0
98,Night,19.492,55.31,0,U_Amb_R,Practice,Expected,Red,Left,74.802,55.687,0.983,0.868,1370.356,,89.637,0,,-1,-1,,,-1,50,50,0,0
98,Night,19.492,55.413,0,U_Amb_R,Practice,Expected,Red,Left,74.905,55.79,0.952,0.868,1374.506,,90.275,0,,-1,-1,,,-1,50,50,0,0
98,Night,19.492,55.519,0,U_Amb_R,Practice,Expected,Red,Left,75.011,55.896,0.903,0.868,1378.794,,90.903,0,,-1,-1,,,-1,50,50,100,0
98,Night,19.492,55.612,0,U_Amb_R,Practice,Expected,Red,Left,75.104,55.989,0.878,0.868,1382.575,,91.378,0,,-1,-1,,,-1,50,50,0,0
98,Night,19.492,55.716,0,U_Amb_R,Practice,Expected,Red,Left,75.208,56.093,0.838,0.868,1386.878,,92.124,0,,-1,-1,,,-1,50,50,0,0
98,Night,19.492,55.82,0,U_Amb_R,Practice,Expected,Red,Left,75.312,56.198,0.796,0.868,1391.199,,92.77,0,,-1,-1,,,-1,50,50,0,0
98,Night,19.492,55.92,0,U_Amb_R,Practice,Expected,Red,Left,75.412,56.297,0.742,0.868,1395.318,,93.208,0,,-1,-1,,,-1,50,50,-100,0
98,Night,19.492,56.027,0,U_Amb_R,Practice,Expected,Red,Left,75.519,56.404,0.644,0.868,1399.78,,93.78,0,,-1,-1,,,-1,50,50,0,0
98,Night,19.492,56.113,0,U_Amb_R,Practice,Expected,Red,Left,75.605,56.49,0.564,0.868,1403.399,,94.308,0,,-1,-1,,,-1,50,50,0,0
98,Night,19.492,56.218,0,U_Amb_R,Practice,Expected,Red,Left,75.71,56.595,0.451,0.868,1407.857,,95.05,0,,-1,-1,,,-1,50,50,0,0
98,Night,19.492,56.321,0,U_Amb_R,Practice,Expected,Red,Left,75.814,56.699,0.318,0.868,1412.277,,95.608,0,,-1,-1,,,-1,50,50,100,0
98,Night,19.492,56.413,0,U_Amb_R,Practice,Expected,Red,Left,75.906,56.791,0.223,0.868,1416.171,,96.003,0,,-1,-1,,,-1,50,50,0,0
98,Night,19.492,56.527,0,U_Amb_R,Practice,Expected,Red,Left,76.019,56.904,0.093,0.868,1421.009,,96.736,0,,-1,-1,,,-1,50,50,0,0
98,Night,19.492,56.626,0,U_Amb_R,Practice,Expected,Red,Left,76.118,57.003,-0.031,0.868,1425.381,,97.38,0,,-1,-1,,,-1,50,50,0,0
98,Night,19.492,56.719,0,U_Amb_R,Practice,Expected,Red,Left,76.211,57.096,-0.141,0.868,1429.446,,98.025,0,,-1,-1,,,-1,50,50,0,0
98,Night,19.492,56.825,0,U_Amb_R,Practice,Expected,Red,Left,76.317,57.203,-0.249,0.868,1434.076,,98.585,0,,-1,-1,,,-1,50,50,100,0
98,Night,19.492,56.924,0,U_Amb_R,Practice,Expected,Red,Left,76.416,57.301,-0.286,0.868,1438.446,,98.956,0,,-1,-1,,,-1,50,50,0,0
98,Night,19.492,57.02,0,U_Amb_R,Practice,Expected,Red,Left,76.512,57.397,-0.275,0.868,1442.717,,99.508,0,,-1,-1,,,-1,50,50,0,0
98,Night,19.492,57.116,0,U_Amb_R,Practice,Expected,Red,Left,76.608,57.494,-0.204,0.868,1446.387,,75.888,0,,-1,-1,,,-1,50,50,0,0
98,Night,19.492,57.226,0,U_Amb_R,Practice,Expected,Red,Left,76.718,57.603,-0.079,0.868,1450.095,,76.006,0,,-1,-1,,,-1,50,50,0,0
98,Night,19.492,57.312,0,U_Amb_R,Practice,Expected,Red,Left,76.805,57.69,0.019,0.868,1453.026,,76.047,0,,-1,-1,,,-1,50,50,0,0
98,Night,19.492,57.418,0,U_Amb_R,Practice,Expected,Red,Left,76.911,57.796,0.119,0.868,1456.621,,75.985,0,,-1,-1,,,-1,50,50,0,0
98,Night,19.492,57.516,0,U_Amb_R,Practice,Expected,Red,Left,77.008,57.893,0.182,0.868,1459.952,,75.833,0,,-1,-1,,,-1,50,50,0,0
98,Night,19.492,57.614,0,U_Amb_R,Practice,Expected,Red,Left,77.106,57.991,0.211,0.868,1463.193,,75.693,0,,-1,-1,,,-1,50,50,0,0
98,Night,19.492,57.718,0,U_Amb_R,Practice,Expected,Red,Left,77.21,58.095,0.208,0.868,1466.768,,75.543,0,,-1,-1,,,-1,50,50,0,0
98,Night,19.492,57.819,0,U_Amb_R,Practice,Expected,Red,Left,77.311,58.196,0.172,0.867,1470.17,,75.542,0,,-1,-1,,,-1,50,50,0,0
98,Night,19.492,57.92,0,U_Amb_R,Practice,Expected,Red,Left,77.412,58.298,0.108,0.868,1473.574,,75.561,0,,-1,-1,,,-1,50,50,0,0
98,Night,19.492,58.02,0,U_Amb_R,Practice,Expected,Red,Left,77.512,58.397,0.023,0.868,1476.96,,75.554,0,,-1,-1,,,-1,50,50,0,0
98,Night,19.492,58.117,0,U_Amb_R,Practice,Expected,Red,Left,77.609,58.494,-0.063,0.868,1480.196,,75.417,0,,-1,-1,,,-1,50,50,100,0
98,Night,19.492,58.215,0,U_Amb_R,Practice,Expected,Red,Left,77.708,58.593,-0.106,0.868,1483.555,,75,0,,-1,-1,,,-1,50,50,100,0
98,Night,19.492,58.318,0,U_Amb_R,Practice,Expected,Red,Left,77.81,58.695,-0.077,0.868,1486.994,,74.694,0,,-1,-1,,,-1,50,50,0,0
98,Night,19.492,58.41,0,U_Amb_R,Practice,Expected,Red,Left,77.902,58.788,-0.006,0.869,1490.053,,74.607,0,,-1,-1,,,-1,50,50,0,0
98,Night,19.492,58.522,0,U_Amb_R,Practice,Expected,Red,Left,78.014,58.899,0.147,0.869,1493.796,,74.433,0,,-1,-1,,,-1,50,50,0,0
98,Night,19.492,58.62,0,U_Amb_R,Practice,Expected,Red,Left,78.112,58.998,0.356,0.869,1497.038,,74.242,0,,-1,-1,,,-1,50,50,0,0
98,Night,19.492,58.715,0,U_Amb_R,Practice,Expected,Red,Left,78.207,59.092,0.633,0.869,1500.162,,73.925,0,,-1,-1,,,-1,50,50,100,0
98,Night,19.492,58.822,0,U_Amb_R,Practice,Expected,Red,Left,78.315,59.2,1.048,0.869,1503.684,,73.46,0,,-1,-1,,,-1,50,50,100,0
98,Night,19.492,58.927,0,U_Amb_R,Practice,Expected,Red,Left,78.42,59.305,1.549,0.869,1507.065,,72.965,0,,-1,-1,,,-1,50,50,-100,0
98,Night,19.492,59.012,0,U_Amb_R,Practice,Expected,Red,Left,78.504,59.389,1.993,0.869,1509.847,,72.645,0,,-1,-1,,,-1,50,50,-100,0
98,Night,19.492,59.114,0,U_Amb_R,Practice,Expected,Red,Left,78.606,59.491,2.494,0.869,1513.073,,72.388,0,,-1,-1,,,-1,50,50,0,0
98,Night,19.492,59.218,0,U_Amb_R,Practice,Expected,Red,Left,78.71,59.595,3.034,0.869,1516.368,,72.332,0,,-1,-1,,,-1,50,50,0,0
98,Night,19.492,59.322,0,U_Amb_R,Practice,Expected,Red,Left,78.814,59.699,3.581,0.869,1519.65,,72.305,0,,-1,-1,,,-1,50,50,0,0
98,Night,19.492,59.414,0,U_Amb_R,Practice,Expected,Red,Left,78.906,59.791,4.069,0.87,1522.647,,72.272,0,,-1,-1,,,-1,50,50,0,0
98,Night,19.492,59.511,0,U_Amb_R,Practice,Expected,Red,Left,79.003,59.889,4.552,0.873,1525.736,,72.243,0,,-1,-1,,,-1,50,50,0,0
98,Night,19.492,59.623,0,U_Amb_R,Practice,Expected,Red,Left,79.115,60,5.068,0.871,1529.265,,72.572,0,,-1,-1,,,-1,50,50,0,0
98,Night,19.492,59.661,0,U_Amb_R,Practice,Expected,Red,Left,79.154,60.039,5.134,0.872,1529.739,,72.627,1,TrialEnd,79.154,60.039,,,-1,50,50,-100,0
98,Night,19.492,59.721,0,U_Amb_R,Practice,Expected,Red,Left,79.213,60.099,5.134,0.872,1529.739,,72.627,1,TrialEnd,79.154,60.039,,,-1,50,50,-100,0
98,Night,19.492,59.818,0,U_Amb_R,Practice,Expected,Red,Left,79.31,60.195,5.134,0.872,1529.739,,72.627,1,TrialEnd,79.154,60.039,,,-1,50,50,-100,0
98,Night,19.492,59.92,0,U_Amb_R,Practice,Expected,Red,Left,79.412,60.298,5.134,0.872,1529.739,,72.627,1,TrialEnd,79.154,60.039,,,-1,50,50,0,0
98,Night,19.492,60.008,0,U_Amb_R,Practice,Expected,Red,Left,79.501,60.386,5.134,0.872,1529.739,,72.627,1,TrialEnd,79.154,60.039,,,-1,50,50,0,0
98,Night,19.492,60.109,0,U_Amb_R,Practice,Expected,Red,Left,79.601,60.487,5.134,0.872,1529.739,,72.627,1,TrialEnd,79.154,60.039,,,-1,50,50,0,0
98,Night,19.492,60.219,0,U_Amb_R,Practice,Expected,Red,Left,79.712,60.597,5.134,0.872,1529.739,,72.627,1,TrialEnd,79.154,60.039,,,-1,50,50,0,0
98,Night,19.492,60.31,0,U_Amb_R,Practice,Expected,Red,Left,79.802,60.688,5.134,0.872,1529.739,,72.627,1,TrialEnd,79.154,60.039,,,-1,50,50,0,0
98,Night,19.492,60.419,0,U_Amb_R,Practice,Expected,Red,Left,79.911,60.796,5.134,0.872,1529.739,,72.627,1,TrialEnd,79.154,60.039,,,-1,50,50,0,0
98,Night,19.492,60.513,0,U_Amb_R,Practice,Expected,Red,Left,80.006,60.891,5.134,0.872,1529.739,,72.627,1,TrialEnd,79.154,60.039,,,-1,50,50,0,0
98,Night,19.492,60.61,0,U_Amb_R,Practice,Expected,Red,Left,80.103,60.988,5.134,0.872,1529.739,,72.627,1,TrialEnd,79.154,60.039,,,-1,50,50,0,0
98,Night,19.492,60.709,0,U_Amb_R,Practice,Expected,Red,Left,80.201,61.086,5.134,0.872,1529.739,,72.627,1,TrialEnd,79.154,60.039,,,-1,50,50,0,0
98,Night,19.492,60.812,0,U_Amb_R,Practice,Expected,Red,Left,80.304,61.189,5.134,0.872,1529.739,,72.627,1,TrialEnd,79.154,60.039,,,-1,50,50,0,0
98,Night,19.492,60.909,0,U_Amb_R,Practice,Expected,Red,Left,80.401,61.286,5.134,0.872,1529.739,,72.627,1,TrialEnd,79.154,60.039,,,-1,50,50,0,0
98,Night,19.492,61.018,0,U_Amb_R,Practice,Expected,Red,Left,80.51,61.395,5.134,0.872,1529.739,,72.627,1,TrialEnd,79.154,60.039,,,-1,50,50,0,0
98,Night,19.492,61.111,0,U_Amb_R,Practice,Expected,Red,Left,80.603,61.488,5.134,0.872,1529.739,,72.627,1,TrialEnd,79.154,60.039,,,-1,50,50,0,0
98,Night,19.492,61.221,0,U_Amb_R,Practice,Expected,Red,Left,80.713,61.598,5.134,0.872,1529.739,,72.627,1,TrialEnd,79.154,60.039,,,-1,50,50,0,0
98,Night,19.492,61.315,0,U_Amb_R,Practice,Expected,Red,Left,80.807,61.692,5.134,0.872,1529.739,,72.627,1,TrialEnd,79.154,60.039,,,-1,50,50,0,0
98,Night,19.492,61.41,0,U_Amb_R,Practice,Expected,Red,Left,80.902,61.787,5.134,0.872,1529.739,,72.627,1,TrialEnd,79.154,60.039,,,-1,50,50,0,0
98,Night,19.492,61.512,0,U_Amb_R,Practice,Expected,Red,Left,81.004,61.889,5.134,0.872,1529.739,,72.627,1,TrialEnd,79.154,60.039,,,-1,50,50,0,0
98,Night,19.492,61.619,0,U_Amb_R,Practice,Expected,Red,Left,81.112,61.997,5.134,0.872,1529.739,,72.627,1,TrialEnd,79.154,60.039,,,-1,50,50,0,0
98,Night,19.492,61.716,0,U_Amb_R,Practice,Expected,Red,Left,81.208,62.093,5.134,0.872,1529.739,,72.627,1,TrialEnd,79.154,60.039,,,-1,50,50,0,0
98,Night,19.492,61.813,0,U_Amb_R,Practice,Expected,Red,Left,81.306,62.191,5.134,0.872,1529.739,,72.627,1,TrialEnd,79.154,60.039,,,-1,50,50,0,0
98,Night,19.492,61.912,0,U_Amb_R,Practice,Expected,Red,Left,81.404,62.29,5.134,0.872,1529.739,,72.627,1,TrialEnd,79.154,60.039,,,-1,50,50,0,0
98,Night,19.492,62.026,0,U_Amb_R,Practice,Expected,Red,Left,81.518,62.403,5.134,0.872,1529.739,,72.627,1,TrialEnd,79.154,60.039,,,-1,50,50,0,0
98,Night,19.492,62.113,0,U_Amb_R,Practice,Expected,Red,Left,81.605,62.49,5.134,0.872,1529.739,,72.627,1,TrialEnd,79.154,60.039,,,-1,50,50,0,0
98,Night,19.492,62.213,0,U_Amb_R,Practice,Expected,Red,Left,81.705,62.59,5.134,0.872,1529.739,,72.627,1,TrialEnd,79.154,60.039,,,-1,50,50,0,0
98,Night,19.492,62.32,0,U_Amb_R,Practice,Expected,Red,Left,81.812,62.697,5.134,0.872,1529.739,,72.627,1,TrialEnd,79.154,60.039,,,-1,50,50,0,0
98,Night,19.492,62.414,0,U_Amb_R,Practice,Expected,Red,Left,81.906,62.791,5.134,0.872,1529.739,,72.627,1,TrialEnd,79.154,60.039,,,-1,50,50,0,0
98,Night,19.492,62.51,0,U_Amb_R,Practice,Expected,Red,Left,82.002,62.887,5.134,0.872,1529.739,,72.627,1,TrialEnd,79.154,60.039,,,-1,50,50,0,0
98,Night,19.492,62.619,0,U_Amb_R,Practice,Expected,Red,Left,82.111,62.996,5.134,0.872,1529.739,,72.627,1,TrialEnd,79.154,60.039,,,-1,50,50,0,0
98,Night,19.492,62.712,0,U_Amb_R,Practice,Expected,Red,Left,82.205,63.09,5.134,0.872,1529.739,,72.627,1,TrialEnd,79.154,60.039,,,-1,50,50,0,0
98,Night,19.492,62.812,0,U_Amb_R,Practice,Expected,Red,Left,82.305,63.19,5.134,0.872,1529.739,,72.627,1,TrialEnd,79.154,60.039,,,-1,50,50,0,0
98,Night,19.492,62.915,0,U_Amb_R,Practice,Expected,Red,Left,82.407,63.293,5.134,0.872,1529.739,,72.627,1,TrialEnd,79.154,60.039,,,-1,50,50,0,0
98,Night,19.492,63.013,0,U_Amb_R,Practice,Expected,Red,Left,82.505,63.39,5.134,0.872,1529.739,,72.627,1,TrialEnd,79.154,60.039,,,-1,50,50,0,0
98,Night,19.492,63.114,0,U_Amb_R,Practice,Expected,Red,Left,82.606,63.491,5.134,0.872,1529.739,,72.627,1,TrialEnd,79.154,60.039,,,-1,50,50,0,0
98,Night,19.492,63.215,0,U_Amb_R,Practice,Expected,Red,Left,82.707,63.592,5.134,0.872,1529.739,,72.627,1,TrialEnd,79.154,60.039,,,-1,50,50,0,0
98,Night,19.492,63.311,0,U_Amb_R,Practice,Expected,Red,Left,82.804,63.689,5.134,0.872,1529.739,,72.627,1,TrialEnd,79.154,60.039,,,-1,50,50,0,0
98,Night,19.492,63.422,0,U_Amb_R,Practice,Expected,Red,Left,82.914,63.799,5.134,0.872,1529.739,,72.627,1,TrialEnd,79.154,60.039,,,-1,50,50,0,0
98,Night,19.492,63.51,0,U_Amb_R,Practice,Expected,Red,Left,83.002,63.887,5.134,0.872,1529.739,,72.627,1,TrialEnd,79.154,60.039,,,-1,50,50,0,0
98,Night,19.492,63.617,0,U_Amb_R,Practice,Expected,Red,Left,83.109,63.994,5.134,0.872,1529.739,,72.627,1,TrialEnd,79.154,60.039,,,-1,50,50,0,0
98,Night,19.492,63.731,0,U_Amb_R,Practice,Expected,Red,Left,83.223,64.108,5.134,0.872,1529.739,,72.627,1,TrialEnd,79.154,60.039,,,-1,50,50,0,0
98,Night,19.492,63.819,0,U_Amb_R,Practice,Expected,Red,Left,83.311,64.196,5.134,0.872,1529.739,,72.627,1,TrialEnd,79.154,60.039,,,-1,50,50,0,0
98,Night,19.492,63.909,0,U_Amb_R,Practice,Expected,Red,Left,83.401,64.286,5.134,0.872,1529.739,,72.627,1,TrialEnd,79.154,60.039,,,-1,50,50,0,0
98,Night,19.492,64.012,0,U_Amb_R,Practice,Expected,Red,Left,83.505,64.39,5.134,0.872,1529.739,,72.627,1,TrialEnd,79.154,60.039,,,-1,50,50,0,0
98,Night,19.492,64.118,0,U_Amb_R,Practice,Expected,Red,Left,83.611,64.496,5.134,0.872,1529.739,,72.627,1,TrialEnd,79.154,60.039,,,-1,50,50,0,0
98,Night,19.492,64.218,0,U_Amb_R,Practice,Expected,Red,Left,83.71,64.595,5.134,0.872,1529.739,,72.627,1,TrialEnd,79.154,60.039,,,-1,50,50,0,0
98,Night,19.492,64.321,0,U_Amb_R,Practice,Expected,Red,Left,83.813,64.698,5.134,0.872,1529.739,,72.627,1,TrialEnd,79.154,60.039,,,-1,50,50,0,0
98,Night,19.492,64.419,0,U_Amb_R,Practice,Expected,Red,Left,83.912,64.797,5.134,0.872,1529.739,,72.627,1,TrialEnd,79.154,60.039,,,-1,50,50,0,0
98,Night,19.492,64.508,0,U_Amb_R,Practice,Expected,Red,Left,84,64.885,5.134,0.872,1529.739,,72.627,1,TrialEnd,79.154,60.039,,,-1,50,50,0,0
98,Night,19.492,64.622,0,U_Amb_R,Practice,Expected,Red,Left,84.114,64.999,5.134,0.872,1529.739,,72.627,1,TrialEnd,79.154,60.039,,,-1,50,50,0,0
98,Night,19.492,64.716,0,U_Amb_R,Practice,Expected,Red,Left,84.208,65.093,5.134,0.872,1529.739,,72.627,1,TrialEnd,79.154,60.039,,,-1,50,50,0,0
98,Night,19.492,64.812,0,U_Amb_R,Practice,Expected,Red,Left,84.305,65.19,5.134,0.872,1529.739,,72.627,1,TrialEnd,79.154,60.039,,,-1,50,50,0,0
98,Night,19.492,64.917,0,U_Amb_R,Practice,Expected,Red,Left,84.409,65.294,5.134,0.872,1529.739,,72.627,1,TrialEnd,79.154,60.039,,,-1,50,50,0,0
98,Night,19.492,65.011,0,U_Amb_R,Practice,Expected,Red,Left,84.503,65.388,5.134,0.872,1529.739,,72.627,1,TrialEnd,79.154,60.039,,,-1,50,50,0,0
98,Night,19.492,65.115,0,U_Amb_R,Practice,Expected,Red,Left,84.608,65.493,5.134,0.872,1529.739,,72.627,1,TrialEnd,79.154,60.039,,,-1,50,50,0,0
98,Night,19.492,65.22,0,U_Amb_R,Practice,Expected,Red,Left,84.712,65.597,5.134,0.872,1529.739,,72.627,1,TrialEnd,79.154,60.039,,,-1,50,50,0,0
98,Night,19.492,65.309,0,U_Amb_R,Practice,Expected,Red,Left,84.802,65.687,5.134,0.872,1529.739,,72.627,1,TrialEnd,79.154,60.039,,,-1,50,50,0,0
98,Night,19.492,65.416,0,U_Amb_R,Practice,Expected,Red,Left,84.908,65.793,5.134,0.872,1529.739,,72.627,1,TrialEnd,79.154,60.039,,,-1,50,50,0,0
98,Night,19.492,65.52,0,U_Amb_R,Practice,Expected,Red,Left,85.012,65.897,5.134,0.872,1529.739,,72.627,1,TrialEnd,79.154,60.039,,,-1,50,50,0,0
98,Night,19.492,65.618,0,U_Amb_R,Practice,Expected,Red,Left,85.11,65.995,5.134,0.872,1529.739,,72.627,1,TrialEnd,79.154,60.039,,,-1,50,50,0,0
98,Night,19.492,65.715,0,U_Amb_R,Practice,Expected,Red,Left,85.207,66.093,5.134,0.872,1529.739,,72.627,1,TrialEnd,79.154,60.039,,,-1,50,50,0,0
98,Night,19.492,65.813,0,U_Amb_R,Practice,Expected,Red,Left,85.305,66.19,5.134,0.872,1529.739,,72.627,1,TrialEnd,79.154,60.039,,,-1,50,50,0,0
98,Night,19.492,65.911,0,U_Amb_R,Practice,Expected,Red,Left,85.403,66.288,5.134,0.872,1529.739,,72.627,1,TrialEnd,79.154,60.039,,,-1,50,50,0,0
98,Night,19.492,66.011,0,U_Amb_R,Practice,Expected,Red,Left,85.503,66.388,5.134,0.872,1529.739,,72.627,1,TrialEnd,79.154,60.039,,,-1,50,50,0,0
98,Night,19.492,66.123,0,U_Amb_R,Practice,Expected,Red,Left,85.615,66.5,5.134,0.872,1529.739,,72.627,1,TrialEnd,79.154,60.039,,,-1,50,50,0,0
98,Night,19.492,66.21,0,U_Amb_R,Practice,Expected,Red,Left,85.702,66.588,5.134,0.872,1529.739,,72.627,1,TrialEnd,79.154,60.039,,,-1,50,50,0,0
98,Night,19.492,66.317,0,U_Amb_R,Practice,Expected,Red,Left,85.809,66.694,5.134,0.872,1529.739,,72.627,1,TrialEnd,79.154,60.039,,,-1,50,50,0,0
98,Night,19.492,66.415,0,U_Amb_R,Practice,Expected,Red,Left,85.907,66.792,5.134,0.872,1529.739,,72.627,1,TrialEnd,79.154,60.039,,,-1,50,50,0,0
98,Night,19.492,66.522,0,U_Amb_R,Practice,Expected,Red,Left,86.015,66.9,5.134,0.872,1529.739,,72.627,1,TrialEnd,79.154,60.039,,,-1,50,50,0,0
98,Night,19.492,66.611,0,U_Amb_R,Practice,Expected,Red,Left,86.103,66.988,5.134,0.872,1529.739,,72.627,1,TrialEnd,79.154,60.039,,,-1,50,50,0,0
98,Night,19.492,66.723,0,U_Amb_R,Practice,Expected,Red,Left,86.215,67.101,5.134,0.872,1529.739,,72.627,1,TrialEnd,79.154,60.039,,,-1,50,50,0,0
98,Night,19.492,66.814,0,U_Amb_R,Practice,Expected,Red,Left,86.306,67.191,5.134,0.872,1529.739,,72.627,1,TrialEnd,79.154,60.039,,,-1,50,50,0,0
98,Night,19.492,66.914,0,U_Amb_R,Practice,Expected,Red,Left,86.406,67.291,5.134,0.872,1529.739,,72.627,1,TrialEnd,79.154,60.039,,,-1,50,50,0,0
98,Night,19.492,67.022,0,U_Amb_R,Practice,Expected,Red,Left,86.514,67.399,5.134,0.872,1529.739,,72.627,1,TrialEnd,79.154,60.039,,,-1,50,50,0,0
98,Night,19.492,67.117,0,U_Amb_R,Practice,Expected,Red,Left,86.609,67.494,5.134,0.872,1529.739,,72.627,1,TrialEnd,79.154,60.039,,,-1,50,50,0,0
98,Night,19.492,67.211,0,U_Amb_R,Practice,Expected,Red,Left,86.703,67.588,5.134,0.872,1529.739,,72.627,1,TrialEnd,79.154,60.039,,,-1,50,50,0,0
98,Night,19.492,67.315,0,U_Amb_R,Practice,Expected,Red,Left,86.807,67.692,5.134,0.872,1529.739,,72.627,1,TrialEnd,79.154,60.039,,,-1,50,50,0,0
98,Night,19.492,67.421,0,U_Amb_R,Practice,Expected,Red,Left,86.914,67.799,5.134,0.872,1529.739,,72.627,1,TrialEnd,79.154,60.039,,,-1,50,50,0,0
98,Night,19.492,67.509,0,U_Amb_R,Practice,Expected,Red,Left,87.001,67.887,5.134,0.872,1529.739,,72.627,1,TrialEnd,79.154,60.039,,,-1,50,50,0,0
98,Night,19.492,67.619,0,U_Amb_R,Practice,Expected,Red,Left,87.111,67.996,5.134,0.872,1529.739,,72.627,1,TrialEnd,79.154,60.039,,,-1,50,50,0,0
98,Night,19.492,67.724,0,U_Amb_R,Practice,Expected,Red,Left,87.216,68.101,5.134,0.872,1529.739,,72.627,1,TrialEnd,79.154,60.039,,,-1,50,50,0,0
98,Night,19.492,67.814,0,U_Amb_R,Practice,Expected,Red,Left,87.307,68.192,5.134,0.872,1529.739,,72.627,1,TrialEnd,79.154,60.039,,,-1,50,50,0,0
98,Night,19.492,67.925,0,U_Amb_R,Practice,Expected,Red,Left,87.418,68.303,5.134,0.872,1529.739,,72.627,1,TrialEnd,79.154,60.039,,,-1,50,50,0,0
98,Night,19.492,68.016,0,U_Amb_R,Practice,Expected,Red,Left,87.508,68.393,5.134,0.872,1529.739,,72.627,1,TrialEnd,79.154,60.039,,,-1,50,50,0,0
98,Night,19.492,68.122,0,U_Amb_R,Practice,Expected,Red,Left,87.614,68.499,5.134,0.872,1529.739,,72.627,1,TrialEnd,79.154,60.039,,,-1,50,50,0,0
98,Night,19.492,68.215,0,U_Amb_R,Practice,Expected,Red,Left,87.707,68.592,5.134,0.872,1529.739,,72.627,1,TrialEnd,79.154,60.039,,,-1,50,50,0,0
98,Night,19.492,68.316,0,U_Amb_R,Practice,Expected,Red,Left,87.808,68.694,5.134,0.872,1529.739,,72.627,1,TrialEnd,79.154,60.039,,,-1,50,50,0,0
98,Night,19.492,68.418,0,U_Amb_R,Practice,Expected,Red,Left,87.91,68.795,5.134,0.872,1529.739,,72.627,1,TrialEnd,79.154,60.039,,,-1,50,50,0,0
98,Night,19.492,68.519,0,U_Amb_R,Practice,Expected,Red,Left,88.011,68.896,5.134,0.872,1529.739,,72.627,1,TrialEnd,79.154,60.039,,,-1,50,50,0,0
98,Night,19.492,68.62,0,U_Amb_R,Practice,Expected,Red,Left,88.112,68.997,5.134,0.872,1529.739,,72.627,1,TrialEnd,79.154,60.039,,,-1,50,50,0,0
98,Night,19.492,68.716,0,U_Amb_R,Practice,Expected,Red,Left,88.208,69.093,5.134,0.872,1529.739,,72.627,1,TrialEnd,79.154,60.039,,,-1,50,50,0,0
98,Night,19.492,68.81,0,U_Amb_R,Practice,Expected,Red,Left,88.303,69.188,5.134,0.872,1529.739,,72.627,1,TrialEnd,79.154,60.039,,,-1,50,50,0,0
98,Night,19.492,68.913,0,U_Amb_R,Practice,Expected,Red,Left,88.405,69.29,5.134,0.872,1529.739,,72.627,1,TrialEnd,79.154,60.039,,,-1,50,50,0,0
98,Night,19.492,69.01,0,U_Amb_R,Practice,Expected,Red,Left,88.502,69.388,5.134,0.872,1529.739,,72.627,1,TrialEnd,79.154,60.039,,,-1,50,50,0,0
98,Night,19.492,69.115,0,U_Amb_R,Practice,Expected,Red,Left,88.607,69.492,5.134,0.872,1529.739,,72.627,1,TrialEnd,79.154,60.039,,,-1,50,50,0,0
98,Night,19.492,69.225,0,U_Amb_R,Practice,Expected,Red,Left,88.718,69.603,5.134,0.872,1529.739,,72.627,1,TrialEnd,79.154,60.039,,,-1,50,50,0,0
98,Night,19.492,69.318,0,U_Amb_R,Practice,Expected,Red,Left,88.81,69.695,5.134,0.872,1529.739,,72.627,1,TrialEnd,79.154,60.039,,,-1,50,50,0,0
98,Night,19.492,69.411,0,U_Amb_R,Practice,Expected,Red,Left,88.904,69.789,5.134,0.872,1529.739,,72.627,1,TrialEnd,79.154,60.039,,,-1,50,50,0,0
98,Night,19.492,69.509,0,U_Amb_R,Practice,Expected,Red,Left,89.001,69.887,5.134,0.872,1529.739,,72.627,1,TrialEnd,79.154,60.039,,,-1,50,50,0,0
98,Night,19.492,69.608,0,U_Amb_R,Practice,Expected,Red,Left,89.1,69.985,5.134,0.872,1529.739,,72.627,1,TrialEnd,79.154,60.039,,,-1,50,50,0,0
98,Night,19.492,69.716,0,U_Amb_R,Practice,Expected,Red,Left,89.209,70.094,5.134,0.872,1529.739,,72.627,1,TrialEnd,79.154,60.039,,,-1,50,50,0,0
98,Night,19.492,69.814,0,U_Amb_R,Practice,Expected,Red,Left,89.307,70.192,5.134,0.872,1529.739,,72.627,1,TrialEnd,79.154,60.039,,,-1,50,50,0,0
98,Night,19.492,69.909,0,U_Amb_R,Practice,Expected,Red,Left,89.401,70.286,5.134,0.872,1529.739,,72.627,1,TrialEnd,79.154,60.039,,,-1,50,50,0,0
98,Night,19.492,69.937,0,U_Amb_R,Practice,Expected,Red,Left,89.429,70.315,5.134,0.872,1529.739,,72.627,1,TrialEnd,79.154,60.039,Amber,0,10.276,50,50,0,0
98,Night,19.492,70.023,0,U_Amb_R,Practice,Expected,Red,Left,89.515,70.4,5.134,0.872,1529.739,,72.627,1,TrialEnd,79.154,60.039,Amber,0,10.276,50,50,0,0
98,Night,19.492,70.109,0,U_Amb_R,Practice,Expected,Red,Left,89.601,70.486,5.134,0.872,1529.739,,72.627,1,TrialEnd,79.154,60.039,Amber,0,10.276,50,50,0,0
98,Night,19.492,70.218,0,U_Amb_R,Practice,Expected,Red,Left,89.71,70.596,5.134,0.872,1529.739,,72.627,1,TrialEnd,79.154,60.039,Amber,0,10.276,50,50,0,0
98,Night,19.492,70.307,0,U_Amb_R,Practice,Expected,Red,Left,89.8,70.685,5.134,0.872,1529.739,,72.627,1,TrialEnd,79.154,60.039,Amber,0,10.276,50,50,0,0
98,Night,19.492,70.416,0,U_Amb_R,Practice,Expected,Red,Left,89.908,70.793,5.134,0.872,1529.739,,72.627,1,TrialEnd,79.154,60.039,Amber,0,10.276,50,50,0,0
98,Night,19.492,70.522,0,U_Amb_R,Practice,Expected,Red,Left,90.014,70.899,5.134,0.872,1529.739,,72.627,1,TrialEnd,79.154,60.039,Amber,0,10.276,50,50,0,0
98,Night,19.492,70.619,0,U_Amb_R,Practice,Expected,Red,Left,90.111,70.996,5.134,0.872,1529.739,,72.627,1,TrialEnd,79.154,60.039,Amber,0,10.276,50,50,0,0
98,Night,19.492,70.715,0,U_Amb_R,Practice,Expected,Red,Left,90.208,71.093,5.134,0.872,1529.739,,72.627,1,TrialEnd,79.154,60.039,Amber,0,10.276,50,50,0,0
98,Night,19.492,70.818,0,U_Amb_R,Practice,Expected,Red,Left,90.31,71.195,5.134,0.872,1529.739,,72.627,1,TrialEnd,79.154,60.039,Amber,0,10.276,50,50,0,0
98,Night,19.492,70.921,0,U_Amb_R,Practice,Expected,Red,Left,90.414,71.299,5.134,0.872,1529.739,,72.627,1,TrialEnd,79.154,60.039,Amber,0,10.276,50,50,0,0
98,Night,19.492,71.022,0,U_Amb_R,Practice,Expected,Red,Left,90.514,71.399,5.134,0.872,1529.739,,72.627,1,TrialEnd,79.154,60.039,Amber,0,10.276,50,50,0,0
98,Night,19.492,71.119,0,U_Amb_R,Practice,Expected,Red,Left,90.611,71.496,5.134,0.872,1529.739,,72.627,1,TrialEnd,79.154,60.039,Amber,0,10.276,50,50,0,0
98,Night,19.492,71.212,0,U_Amb_R,Practice,Expected,Red,Left,90.705,71.59,5.134,0.872,1529.739,,72.627,1,TrialEnd,79.154,60.039,Amber,0,10.276,50,50,0,0
98,Night,19.492,71.309,0,U_Amb_R,Practice,Expected,Red,Left,90.802,71.687,5.134,0.872,1529.739,,72.627,1,TrialEnd,79.154,60.039,Amber,0,10.276,50,50,0,0
98,Night,19.492,71.414,0,U_Amb_R,Practice,Expected,Red,Left,90.906,71.792,5.134,0.872,1529.739,,72.627,1,TrialEnd,79.154,60.039,Amber,0,10.276,50,50,0,0
98,Night,19.492,71.509,0,U_Amb_R,Practice,Expected,Red,Left,91.001,71.886,5.134,0.872,1529.739,,72.627,1,TrialEnd,79.154,60.039,Amber,0,10.276,50,50,0,0
98,Night,19.492,71.617,0,U_Amb_R,Practice,Expected,Red,Left,91.109,71.995,5.134,0.872,1529.739,,72.627,1,TrialEnd,79.154,60.039,Amber,0,10.276,50,50,0,0
98,Night,19.492,71.713,0,U_Amb_R,Practice,Expected,Red,Left,91.205,72.09,5.134,0.872,1529.739,,72.627,1,TrialEnd,79.154,60.039,Amber,0,10.276,50,50,0,0
98,Night,19.492,71.819,0,U_Amb_R,Practice,Expected,Red,Left,91.311,72.196,5.134,0.872,1529.739,,72.627,1,TrialEnd,79.154,60.039,Amber,0,10.276,50,50,0,0
98,Night,19.492,71.921,0,U_Amb_R,Practice,Expected,Red,Left,91.414,72.299,5.134,0.872,1529.739,,72.627,1,TrialEnd,79.154,60.039,Amber,0,10.276,50,50,0,0
98,Night,19.492,72.018,0,U_Amb_R,Practice,Expected,Red,Left,91.51,72.395,5.134,0.872,1529.739,,72.627,1,TrialEnd,79.154,60.039,Amber,0,10.276,50,50,0,0
98,Night,19.492,72.108,0,U_Amb_R,Practice,Expected,Red,Left,91.6,72.485,5.134,0.872,1529.739,,72.627,1,TrialEnd,79.154,60.039,Amber,0,10.276,50,50,0,0
98,Night,19.492,72.219,0,U_Amb_R,Practice,Expected,Red,Left,91.712,72.597,5.134,0.872,1529.739,,72.627,1,TrialEnd,79.154,60.039,Amber,0,10.276,50,50,0,0
98,Night,19.492,72.32,0,U_Amb_R,Practice,Expected,Red,Left,91.812,72.698,5.134,0.872,1529.739,,72.627,1,TrialEnd,79.154,60.039,Amber,0,10.276,50,50,0,0
98,Night,19.492,72.416,0,U_Amb_R,Practice,Expected,Red,Left,91.908,72.793,5.134,0.872,1529.739,,72.627,1,TrialEnd,79.154,60.039,Amber,0,10.276,50,50,0,0
98,Night,19.492,72.513,0,U_Amb_R,Practice,Expected,Red,Left,92.005,72.89,5.134,0.872,1529.739,,72.627,1,TrialEnd,79.154,60.039,Amber,0,10.276,50,50,0,0
98,Night,19.492,72.608,0,U_Amb_R,Practice,Expected,Red,Left,92.1,72.985,5.134,0.872,1529.739,,72.627,1,TrialEnd,79.154,60.039,Amber,0,10.276,50,50,0,0
98,Night,19.492,72.708,0,U_Amb_R,Practice,Expected,Red,Left,92.2,73.085,5.134,0.872,1529.739,,72.627,1,TrialEnd,79.154,60.039,Amber,0,10.276,50,50,0,0
98,Night,19.492,72.822,0,U_Amb_R,Practice,Expected,Red,Left,92.314,73.199,5.134,0.872,1529.739,,72.627,1,TrialEnd,79.154,60.039,Amber,0,10.276,50,50,0,0
98,Night,19.492,72.916,0,U_Amb_R,Practice,Expected,Red,Left,92.408,73.294,5.134,0.872,1529.739,,72.627,1,TrialEnd,79.154,60.039,Amber,0,10.276,50,50,0,0
98,Night,19.492,73.02,0,U_Amb_R,Practice,Expected,Red,Left,92.512,73.397,5.134,0.872,1529.739,,72.627,1,TrialEnd,79.154,60.039,Amber,0,10.276,50,50,0,0
98,Night,19.492,73.115,0,U_Amb_R,Practice,Expected,Red,Left,92.607,73.492,5.134,0.872,1529.739,,72.627,1,TrialEnd,79.154,60.039,Amber,0,10.276,50,50,0,0
98,Night,19.492,73.217,0,U_Amb_R,Practice,Expected,Red,Left,92.709,73.594,5.134,0.872,1529.739,,72.627,1,TrialEnd,79.154,60.039,Amber,0,10.276,50,50,0,0
98,Night,19.492,73.314,0,U_Amb_R,Practice,Expected,Red,Left,92.806,73.691,5.134,0.872,1529.739,,72.627,1,TrialEnd,79.154,60.039,Amber,0,10.276,50,50,0,0
98,Night,19.492,73.416,0,U_Amb_R,Practice,Expected,Red,Left,92.909,73.794,5.134,0.872,1529.739,,72.627,1,TrialEnd,79.154,60.039,Amber,0,10.276,50,50,0,0
98,Night,19.492,73.509,0,U_Amb_R,Practice,Expected,Red,Left,93.001,73.886,5.134,0.872,1529.739,,72.627,1,TrialEnd,79.154,60.039,Amber,0,10.276,50,50,0,0
98,Night,19.492,73.612,0,U_Amb_R,Practice,Expected,Red,Left,93.104,73.989,5.134,0.872,1529.739,,72.627,1,TrialEnd,79.154,60.039,Amber,0,10.276,50,50,0,0
98,Night,19.492,73.713,0,U_Amb_R,Practice,Expected,Red,Left,93.206,74.091,5.134,0.872,1529.739,,72.627,1,TrialEnd,79.154,60.039,Amber,0,10.276,50,50,0,0
98,Night,19.492,73.818,0,U_Amb_R,Practice,Expected,Red,Left,93.31,74.195,5.134,0.872,1529.739,,72.627,1,TrialEnd,79.154,60.039,Amber,0,10.276,50,50,0,0
98,Night,19.492,73.909,0,U_Amb_R,Practice,Expected,Red,Left,93.402,74.287,5.134,0.872,1529.739,,72.627,1,TrialEnd,79.154,60.039,Amber,0,10.276,50,50,0,0
98,Night,19.492,74.018,0,U_Amb_R,Practice,Expected,Red,Left,93.51,74.396,5.134,0.872,1529.739,,72.627,1,TrialEnd,79.154,60.039,Amber,0,10.276,50,50,0,0
98,Night,19.492,74.114,0,U_Amb_R,Practice,Expected,Red,Left,93.606,74.491,5.134,0.872,1529.739,,72.627,1,TrialEnd,79.154,60.039,Amber,0,10.276,50,50,0,0
98,Night,19.492,74.221,0,U_Amb_R,Practice,Expected,Red,Left,93.713,74.598,5.134,0.872,1529.739,,72.627,1,TrialEnd,79.154,60.039,Amber,0,10.276,50,50,0,0
98,Night,19.492,74.31,0,U_Amb_R,Practice,Expected,Red,Left,93.802,74.687,5.134,0.872,1529.739,,72.627,1,TrialEnd,79.154,60.039,Amber,0,10.276,50,50,0,0
98,Night,19.492,74.419,0,U_Amb_R,Practice,Expected,Red,Left,93.911,74.797,5.134,0.872,1529.739,,72.627,1,TrialEnd,79.154,60.039,Amber,0,10.276,50,50,0,0
98,Night,19.492,74.514,0,U_Amb_R,Practice,Expected,Red,Left,94.006,74.891,5.134,0.872,1529.739,,72.627,1,TrialEnd,79.154,60.039,Amber,0,10.276,50,50,0,0
98,Night,19.492,74.621,0,U_Amb_R,Practice,Expected,Red,Left,94.114,74.999,5.134,0.872,1529.739,,72.627,1,TrialEnd,79.154,60.039,Amber,0,10.276,50,50,0,0
98,Night,19.492,74.716,0,U_Amb_R,Practice,Expected,Red,Left,94.208,75.093,5.134,0.872,1529.739,,72.627,1,TrialEnd,79.154,60.039,Amber,0,10.276,50,50,0,0
98,Night,19.492,74.813,0,U_Amb_R,Practice,Expected,Red,Left,94.305,75.191,5.134,0.872,1529.739,,72.627,1,TrialEnd,79.154,60.039,Amber,0,10.276,50,50,0,0
98,Night,19.492,74.909,0,U_Amb_R,Practice,Expected,Red,Left,94.401,75.287,5.134,0.872,1529.739,,72.627,1,TrialEnd,79.154,60.039,Amber,0,10.276,50,50,0,0
98,Night,94.794,0.041,1,E_Red_R,Practice,Expected,Amber,Right,94.834,0,0,0.843,-0.002,,0.039,0,,-1,-1,,,-1,50,50,0,0
98,Night,94.794,0.085,1,E_Red_R,Practice,Expected,Amber,Right,94.879,0.045,0,0.843,-0.002,,0.039,0,,-1,-1,,,-1,50,50,0,0
98,Night,94.794,0.1,1,E_Red_R,Practice,Expected,Amber,Right,94.894,0.059,0,0.844,-0.002,,0.089,0,,-1,-1,,,-1,50,50,0,0
98,Night,94.794,0.12,1,E_Red_R,Practice,Expected,Amber,Right,94.914,0.08,0,0.845,-0.002,,0.164,0,,-1,-1,,,-1,50,50,0,0
98,Night,94.794,0.133,1,E_Red_R,Practice,Expected,Amber,Right,94.926,0.092,0,0.846,-0.002,,0.164,0,,-1,-1,,,-1,50,50,0,0
98,Night,94.794,0.207,1,E_Red_R,Practice,Expected,Amber,Right,95.001,0.167,0,0.853,-0.002,,0.232,0,,-1,-1,,,-1,50,50,0,0
98,Night,94.794,0.309,1,E_Red_R,Practice,Expected,Amber,Right,95.103,0.268,0,0.863,-0.002,,0.177,0,,-1,-1,,,-1,50,50,0,0
98,Night,94.794,0.41,1,E_Red_R,Practice,Expected,Amber,Right,95.204,0.37,0,0.869,-0.002,,0.081,0,,-1,-1,,,-1,50,50,0,0
98,Night,94.794,0.509,1,E_Red_R,Practice,Expected,Amber,Right,95.303,0.469,0,0.871,-0.002,,0.009,0,,-1,-1,,,-1,50,50,0,0
98,Night,94.794,0.61,1,E_Red_R,Practice,Expected,Amber,Right,95.404,0.57,0,0.87,-0.002,,0.024,0,,-1,-1,,,-1,50,50,0,0
98,Night,94.794,0.707,1,E_Red_R,Practice,Expected,Amber,Right,95.501,0.666,0,0.869,-0.002,,0.027,0,,-1,-1,,,-1,50,50,0,0
98,Night,94.794,0.812,1,E_Red_R,Practice,Expected,Amber,Right,95.606,0.771,0,0.868,-0.002,,0.017,0,,-1,-1,,,-1,50,50,0,0
98,Night,94.794,0.908,1,E_Red_R,Practice,Expected,Amber,Right,95.702,0.867,0,0.867,-0.002,,0.006,0,,-1,-1,,,-1,50,50,0,0
98,Night,94.794,1.007,1,E_Red_R,Practice,Expected,Amber,Right,95.8,0.966,0,0.867,-0.002,,0.001,0,,-1,-1,,,-1,50,50,0,0
98,Night,94.794,1.116,1,E_Red_R,Practice,Expected,Amber,Right,95.91,1.076,0,0.867,-0.002,,0.004,0,,-1,-1,,,-1,50,50,0,0
98,Night,94.794,1.211,1,E_Red_R,Practice,Expected,Amber,Right,96.005,1.171,0,0.868,-0.002,,0.003,0,,-1,-1,,,-1,50,50,0,0
98,Night,94.794,1.312,1,E_Red_R,Practice,Expected,Amber,Right,96.106,1.272,0,0.868,-0.002,,0.002,0,,-1,-1,,,-1,50,50,0,0
98,Night,94.794,1.413,1,E_Red_R,Practice,Expected,Amber,Right,96.207,1.373,0,0.868,-0.002,,0.001,0,,-1,-1,,,-1,50,50,0,0
98,Night,94.794,1.512,1,E_Red_R,Practice,Expected,Amber,Right,96.306,1.471,0,0.868,-0.002,,0,0,,-1,-1,,,-1,50,50,0,0
98,Night,94.794,1.611,1,E_Red_R,Practice,Expected,Amber,Right,96.405,1.571,0,0.868,-0.002,,0,0,,-1,-1,,,-1,50,50,0,0
98,Night,94.794,1.715,1,E_Red_R,Practice,Expected,Amber,Right,96.508,1.674,0,0.868,-0.002,,0,0,,-1,-1,,,-1,50,50,0,0
98,Night,94.794,1.81,1,E_Red_R,Practice,Expected,Amber,Right,96.604,1.77,0,0.868,-0.002,,0,0,,-1,-1,,,-1,50,50,0,0
98,Night,94.794,1.908,1,E_Red_R,Practice,Expected,Amber,Right,96.702,1.868,0,0.868,-0.002,,0,0,,-1,-1,,,-1,50,50,0,0
98,Night,94.794,2.013,1,E_Red_R,Practice,Expected,Amber,Right,96.807,1.972,0,0.868,-0.002,,0,0,,-1,-1,,,-1,50,50,0,0
98,Night,94.794,2.11,1,E_Red_R,Practice,Expected,Amber,Right,96.904,2.069,0,0.868,-0.002,,0,0,,-1,-1,,,-1,50,50,0,0
98,Night,94.794,2.207,1,E_Red_R,Practice,Expected,Amber,Right,97.001,2.167,0,0.868,-0.002,,0,0,,-1,-1,,,-1,50,50,0,0
98,Night,94.794,2.315,1,E_Red_R,Practice,Expected,Amber,Right,97.109,2.274,0,0.868,-0.002,,0,0,,-1,-1,,,-1,50,50,0,0
98,Night,94.794,2.412,1,E_Red_R,Practice,Expected,Amber,Right,97.205,2.371,0,0.868,-0.002,,0,0,,-1,-1,,,-1,50,50,0,0
98,Night,94.794,2.51,1,E_Red_R,Practice,Expected,Amber,Right,97.304,2.47,0,0.868,-0.002,,0,0,,-1,-1,,,-1,50,50,0,0
98,Night,94.794,2.617,1,E_Red_R,Practice,Expected,Amber,Right,97.411,2.576,0,0.868,-0.002,,0,0,,-1,-1,,,-1,50,50,0,0
98,Night,94.794,2.714,1,E_Red_R,Practice,Expected,Amber,Right,97.508,2.674,0,0.868,-0.002,,0,0,,-1,-1,,,-1,50,50,0,0
98,Night,94.794,2.813,1,E_Red_R,Practice,Expected,Amber,Right,97.607,2.773,0,0.868,-0.002,,0,0,,-1,-1,,,-1,50,50,0,0
98,Night,94.794,2.918,1,E_Red_R,Practice,Expected,Amber,Right,97.712,2.878,0,0.868,-0.002,,0,0,,-1,-1,,,-1,50,50,0,0
98,Night,94.794,3.015,1,E_Red_R,Practice,Expected,Amber,Right,97.809,2.975,0,0.868,-0.002,,0,0,,-1,-1,,,-1,50,50,0,0
98,Night,94.794,3.114,1,E_Red_R,Practice,Expected,Amber,Right,97.908,3.074,0,0.868,-0.002,,0,0,,-1,-1,,,-1,50,50,0,0
98,Night,94.794,3.21,1,E_Red_R,Practice,Expected,Amber,Right,98.004,3.17,0,0.868,-0.002,,0,0,,-1,-1,,,-1,50,50,0,0
98,Night,94.794,3.317,1,E_Red_R,Practice,Expected,Amber,Right,98.111,3.277,0,0.868,-0.002,,0,0,,-1,-1,,,-1,50,50,0,0
98,Night,94.794,3.419,1,E_Red_R,Practice,Expected,Amber,Right,98.213,3.379,0,0.868,-0.002,,0,0,,-1,-1,,,-1,50,50,0,0
98,Night,94.794,3.509,1,E_Red_R,Practice,Expected,Amber,Right,98.303,3.469,0,0.868,-0.002,,0,0,,-1,-1,,,-1,50,50,0,0
98,Night,94.794,3.615,1,E_Red_R,Practice,Expected,Amber,Right,98.409,3.575,0,0.868,-0.002,,0,0,,-1,-1,,,-1,50,50,0,0
98,Night,94.794,3.71,1,E_Red_R,Practice,Expected,Amber,Right,98.504,3.67,0,0.868,-0.002,,0,0,,-1,-1,,,-1,50,50,0,0
98,Night,94.794,3.814,1,E_Red_R,Practice,Expected,Amber,Right,98.607,3.773,0,0.868,-0.002,,0,0,,-1,-1,,,-1,50,50,0,0
98,Night,94.794,3.91,1,E_Red_R,Practice,Expected,Amber,Right,98.703,3.869,0,0.868,-0.002,,0,0,,-1,-1,,,-1,50,50,0,0
98,Night,94.794,4.019,1,E_Red_R,Practice,Expected,Amber,Right,98.813,3.979,0,0.868,-0.002,,0,0,,-1,-1,,,-1,50,50,0,0
98,Night,94.794,4.113,1,E_Red_R,Practice,Expected,Amber,Right,98.907,4.073,0,0.868,-0.002,,0,0,,-1,-1,,,-1,50,50,0,0
98,Night,94.794,4.209,1,E_Red_R,Practice,Expected,Amber,Right,99.003,4.169,0,0.868,-0.002,,0,0,,-1,-1,,,-1,50,50,0,0
98,Night,94.794,4.312,1,E_Red_R,Practice,Expected,Amber,Right,99.106,4.272,0,0.868,-0.002,,0,0,,-1,-1,,,-1,50,50,0,0
98,Night,94.794,4.413,1,E_Red_R,Practice,Expected,Amber,Right,99.207,4.373,0,0.868,-0.002,,0,0,,-1,-1,,,-1,50,50,0,0
98,Night,94.794,4.509,1,E_Red_R,Practice,Expected,Amber,Right,99.303,4.469,0,0.868,-0.002,,0,0,,-1,-1,,,-1,50,50,0,0
98,Night,94.794,4.617,1,E_Red_R,Practice,Expected,Amber,Right,99.41,4.576,0,0.868,-0.002,,0,0,,-1,-1,,,-1,50,50,0,0
98,Night,94.794,4.709,1,E_Red_R,Practice,Expected,Amber,Right,99.503,4.668,0,0.868,0.003,,0.425,0,,-1,-1,,,-1,50,50,0,0
98,Night,94.794,4.808,1,E_Red_R,Practice,Expected,Amber,Right,99.601,4.767,0,0.868,0.037,,1.112,0,,-1,-1,,,-1,50,50,0,0
98,Night,94.794,4.919,1,E_Red_R,Practice,Expected,Amber,Right,99.713,4.879,0,0.868,0.111,,1.902,0,,-1,-1,,,-1,50,50,0,0
98,Night,94.794,5.014,1,E_Red_R,Practice,Expected,Amber,Right,99.808,4.974,0,0.868,0.204,,2.462,0,,-1,-1,,,-1,50,50,0,0
98,Night,94.794,5.112,1,E_Red_R,Practice,Expected,Amber,Right,99.906,5.072,0,0.868,0.327,,3.134,0,,-1,-1,,,-1,50,50,0,0
98,Night,94.794,5.211,1,E_Red_R,Practice,Expected,Amber,Right,100.005,5.17,0,0.868,0.48,,3.806,0,,-1,-1,,,-1,50,50,0,0
98,Night,94.794,5.312,1,E_Red_R,Practice,Expected,Amber,Right,100.106,5.272,0,0.868,0.667,,4.478,0,,-1,-1,,,-1,50,50,100,0
98,Night,94.794,5.411,1,E_Red_R,Practice,Expected,Amber,Right,100.205,5.371,0.02,0.868,0.877,,5.04,0,,-1,-1,,,-1,50,50,100,0
98,Night,94.794,5.512,1,E_Red_R,Practice,Expected,Amber,Right,100.306,5.472,0.04,0.868,1.119,,5.676,0,,-1,-1,,,-1,50,50,0,0
98,Night,94.794,5.621,1,E_Red_R,Practice,Expected,Amber,Right,100.415,5.581,0.048,0.868,1.41,,6.458,0,,-1,-1,,,-1,50,50,0,0
98,Night,94.794,5.709,1,E_Red_R,Practice,Expected,Amber,Right,100.503,5.668,0.042,0.868,1.672,,6.886,0,,-1,-1,,,-1,50,50,-100,0
98,Night,94.794,5.813,1,E_Red_R,Practice,Expected,Amber,Right,100.607,5.773,0.011,0.868,2.011,,7.499,0,,-1,-1,,,-1,50,50,0,0
98,Night,94.794,5.909,1,E_Red_R,Practice,Expected,Amber,Right,100.703,5.869,0.003,0.868,2.342,,8.164,0,,-1,-1,,,-1,50,50,0,0
98,Night,94.794,6.011,1,E_Red_R,Practice,Expected,Amber,Right,100.804,5.97,-0.002,0.868,2.729,,8.834,0,,-1,-1,,,-1,50,50,0,0
98,Night,94.794,6.12,1,E_Red_R,Practice,Expected,Amber,Right,100.914,6.08,-0.006,0.868,3.18,,9.617,0,,-1,-1,,,-1,50,50,0,0
98,Night,94.794,6.214,1,E_Red_R,Practice,Expected,Amber,Right,101.008,6.174,-0.009,0.868,3.603,,10.176,0,,-1,-1,,,-1,50,50,0,0
98,Night,94.794,6.312,1,E_Red_R,Practice,Expected,Amber,Right,101.106,6.272,-0.013,0.868,4.057,,10.846,0,,-1,-1,,,-1,50,50,0,0
98,Night,94.794,6.409,1,E_Red_R,Practice,Expected,Amber,Right,101.203,6.369,-0.017,0.868,4.542,,11.519,0,,-1,-1,,,-1,50,50,0,0
98,Night,94.794,6.513,1,E_Red_R,Practice,Expected,Amber,Right,101.307,6.473,0.002,0.869,5.089,,11.983,0,,-1,-1,,,-1,50,50,100,0
98,Night,94.794,6.61,1,E_Red_R,Practice,Expected,Amber,Right,101.404,6.57,0.039,0.869,5.621,,12.602,0,,-1,-1,,,-1,50,50,0,0
98,Night,94.794,6.715,1,E_Red_R,Practice,Expected,Amber,Right,101.509,6.675,0.061,0.868,6.237,,13.27,0,,-1,-1,,,-1,50,50,0,0
98,Night,94.794,6.812,1,E_Red_R,Practice,Expected,Amber,Right,101.606,6.772,0.079,0.868,6.824,,13.939,0,,-1,-1,,,-1,50,50,0,0
98,Night,94.794,6.91,1,E_Red_R,Practice,Expected,Amber,Right,101.704,6.869,0.098,0.868,7.442,,14.609,0,,-1,-1,,,-1,50,50,0,0
98,Night,94.794,7.012,1,E_Red_R,Practice,Expected,Amber,Right,101.806,6.972,0.118,0.868,8.125,,15.278,0,,-1,-1,,,-1,50,50,0,0
98,Night,94.794,7.115,1,E_Red_R,Practice,Expected,Amber,Right,101.909,7.075,0.14,0.868,8.854,,15.948,0,,-1,-1,,,-1,50,50,0,0
98,Night,94.794,7.226,1,E_Red_R,Practice,Expected,Amber,Right,102.02,7.186,0.165,0.868,9.654,,16.728,0,,-1,-1,,,-1,50,50,0,0
98,Night,94.794,7.316,1,E_Red_R,Practice,Expected,Amber,Right,102.11,7.276,0.186,0.868,10.35,,17.286,0,,-1,-1,,,-1,50,50,0,0
98,Night,94.794,7.413,1,E_Red_R,Practice,Expected,Amber,Right,102.207,7.372,0.209,0.868,11.102,,17.955,0,,-1,-1,,,-1,50,50,0,0
98,Night,94.794,7.511,1,E_Red_R,Practice,Expected,Amber,Right,102.305,7.471,0.233,0.868,11.902,,18.623,0,,-1,-1,,,-1,50,50,0,0
98,Night,94.794,7.613,1,E_Red_R,Practice,Expected,Amber,Right,102.407,7.572,0.26,0.868,12.771,,19.292,0,,-1,-1,,,-1,50,50,0,0
98,Night,94.794,7.721,1,E_Red_R,Practice,Expected,Amber,Right,102.515,7.68,0.289,0.868,13.72,,20.071,0,,-1,-1,,,-1,50,50,0,0
98,Night,94.794,7.817,1,E_Red_R,Practice,Expected,Amber,Right,102.611,7.776,0.316,0.868,14.6,,20.628,0,,-1,-1,,,-1,50,50,0,0
98,Night,94.794,7.914,1,E_Red_R,Practice,Expected,Amber,Right,102.708,7.874,0.344,0.868,15.517,,21.296,0,,-1,-1,,,-1,50,50,0,0
98,Night,94.794,8.012,1,E_Red_R,Practice,Expected,Amber,Right,102.805,7.971,0.372,0.868,16.449,,21.964,0,,-1,-1,,,-1,50,50,0,0
98,Night,94.794,8.117,1,E_Red_R,Practice,Expected,Amber,Right,102.911,8.076,0.405,0.868,17.509,,22.632,0,,-1,-1,,,-1,50,50,0,0
98,Night,94.794,8.213,1,E_Red_R,Practice,Expected,Amber,Right,103.007,8.173,0.435,0.868,18.492,,23.299,0,,-1,-1,,,-1,50,50,0,0
98,Night,94.794,8.312,1,E_Red_R,Practice,Expected,Amber,Right,103.106,8.272,0.467,0.868,19.533,,23.967,0,,-1,-1,,,-1,50,50,0,0
98,Night,94.794,8.409,1,E_Red_R,Practice,Expected,Amber,Right,103.203,8.369,0.499,0.868,20.587,,24.634,0,,-1,-1,,,-1,50,50,0,0
98,Night,94.794,8.515,1,E_Red_R,Practice,Expected,Amber,Right,103.309,8.475,0.535,0.868,21.785,,25.301,0,,-1,-1,,,-1,50,50,0,0
98,Night,94.794,8.617,1,E_Red_R,Practice,Expected,Amber,Right,103.41,8.576,0.571,0.868,22.948,,25.968,0,,-1,-1,,,-1,50,50,0,0
98,Night,94.794,8.708,1,E_Red_R,Practice,Expected,Amber,Right,103.502,8.668,0.581,0.868,24.002,,26.39,0,,-1,-1,,,-1,50,50,-100,0
98,Night,94.794,8.813,1,E_Red_R,Practice,Expected,Amber,Right,103.607,8.773,0.536,0.868,25.263,,26.901,0,,-1,-1,,,-1,50,50,0,0
98,Night,94.794,8.913,1,E_Red_R,Practice,Expected,Amber,Right,103.707,8.873,0.493,0.868,26.467,,27.565,0,,-1,-1,,,-1,50,50,0,0
98,Night,94.794,9.01,1,E_Red_R,Practice,Expected,Amber,Right,103.804,8.97,0.446,0.868,27.679,,28.23,0,,-1,-1,,,-1,50,50,0,0
98,Night,94.794,9.117,1,E_Red_R,Practice,Expected,Amber,Right,103.91,9.076,0.383,0.868,29.054,,28.893,0,,-1,-1,,,-1,50,50,0,0
98,Night,94.794,9.213,1,E_Red_R,Practice,Expected,Amber,Right,104.007,9.172,0.325,0.868,30.304,,29.425,0,,-1,-1,,,-1,50,50,100,0
98,Night,94.794,9.309,1,E_Red_R,Practice,Expected,Amber,Right,104.103,9.268,0.308,0.868,31.562,,29.923,0,,-1,-1,,,-1,50,50,0,0
98,Night,94.794,9.409,1,E_Red_R,Practice,Expected,Amber,Right,104.203,9.369,0.283,0.868,32.923,,30.584,0,,-1,-1,,,-1,50,50,0,0
98,Night,94.794,9.507,1,E_Red_R,Practice,Expected,Amber,Right,104.301,9.466,0.258,0.868,34.272,,31.25,0,,-1,-1,,,-1,50,50,0,0
98,Night,94.794,9.611,1,E_Red_R,Practice,Expected,Amber,Right,104.405,9.571,0.238,0.868,35.743,,31.913,0,,-1,-1,,,-1,50,50,0,0
98,Night,94.794,9.71,1,E_Red_R,Practice,Expected,Amber,Right,104.504,9.67,0.225,0.868,37.175,,32.577,0,,-1,-1,,,-1,50,50,0,0
98,Night,94.794,9.814,1,E_Red_R,Practice,Expected,Amber,Right,104.607,9.773,0.22,0.868,38.685,,33.241,0,,-1,-1,,,-1,50,50,0,0
98,Night,94.794,9.92,1,E_Red_R,Practice,Expected,Amber,Right,104.714,9.879,0.22,0.868,40.274,,33.58,0,,-1,-1,,,-1,50,50,-100,0
98,Night,94.794,10.011,1,E_Red_R,Practice,Expected,Amber,Right,104.805,9.97,0.19,0.868,41.635,,33.339,0,,-1,-1,,,-1,50,50,-100,0
98,Night,94.794,10.123,1,E_Red_R,Practice,Expected,Amber,Right,104.916,10.082,0.105,0.868,43.303,,33.214,0,,-1,-1,,,-1,50,50,0,0
98,Night,94.794,10.211,1,E_Red_R,Practice,Expected,Amber,Right,105.005,10.17,0.037,0.868,44.605,,33.501,0,,-1,-1,,,-1,50,50,0,0
98,Night,94.794,10.32,1,E_Red_R,Practice,Expected,Amber,Right,105.114,10.279,-0.059,0.868,46.24,,33.636,0,,-1,-1,,,-1,50,50,0,0
98,Night,94.794,10.411,1,E_Red_R,Practice,Expected,Amber,Right,105.204,10.37,-0.152,0.868,47.601,,33.63,0,,-1,-1,,,-1,50,50,0,0
98,Night,94.794,10.52,1,E_Red_R,Practice,Expected,Amber,Right,105.314,10.48,-0.279,0.868,49.239,,33.616,0,,-1,-1,,,-1,50,50,0,0
98,Night,94.794,10.583,1,E_Red_R,Practice,Expected,Amber,Right,105.377,10.542,-0.344,0.868,50.017,,33.61,1,TrialEnd,105.377,10.542,,,-1,50,50,0,0
98,Night,94.794,10.612,1,E_Red_R,Practice,Expected,Amber,Right,105.406,10.572,-0.344,0.868,50.017,,33.61,1,TrialEnd,105.377,10.542,,,-1,50,50,0,0
98,Night,94.794,10.716,1,E_Red_R,Practice,Expected,Amber,Right,105.51,10.676,-0.344,0.868,50.017,,33.61,1,TrialEnd,105.377,10.542,,,-1,50,50,0,0
98,Night,94.794,10.815,1,E_Red_R,Practice,Expected,Amber,Right,105.609,10.775,-0.344,0.868,50.017,,33.61,1,TrialEnd,105.377,10.542,,,-1,50,50,0,0
98,Night,94.794,10.912,1,E_Red_R,Practice,Expected,Amber,Right,105.705,10.871,-0.344,0.868,50.017,,33.61,1,TrialEnd,105.377,10.542,,,-1,50,50,0,0
98,Night,94.794,11.011,1,E_Red_R,Practice,Expected,Amber,Right,105.805,10.97,-0.344,0.868,50.017,,33.61,1,TrialEnd,105.377,10.542,,,-1,50,50,0,0
98,Night,94.794,11.112,1,E_Red_R,Practice,Expected,Amber,Right,105.906,11.072,-0.344,0.868,50.017,,33.61,1,TrialEnd,105.377,10.542,,,-1,50,50,0,0
98,Night,94.794,11.212,1,E_Red_R,Practice,Expected,Amber,Right,106.006,11.172,-0.344,0.868,50.017,,33.61,1,TrialEnd,105.377,10.542,,,-1,50,50,0,0
98,Night,94.794,11.319,1,E_Red_R,Practice,Expected,Amber,Right,106.113,11.278,-0.344,0.868,50.017,,33.61,1,TrialEnd,105.377,10.542,,,-1,50,50,0,0
98,Night,94.794,11.409,1,E_Red_R,Practice,Expected,Amber,Right,106.203,11.369,-0.344,0.868,50.017,,33.61,1,TrialEnd,105.377,10.542,,,-1,50,50,0,0
98,Night,94.794,11.506,1,E_Red_R,Practice,Expected,Amber,Right,106.3,11.466,-0.344,0.868,50.017,,33.61,1,TrialEnd,105.377,10.542,,,-1,50,50,0,0
98,Night,94.794,11.616,1,E_Red_R,Practice,Expected,Amber,Right,106.41,11.576,-0.344,0.868,50.017,,33.61,1,TrialEnd,105.377,10.542,,,-1,50,50,0,0
98,Night,94.794,11.711,1,E_Red_R,Practice,Expected,Amber,Right,106.505,11.67,-0.344,0.868,50.017,,33.61,1,TrialEnd,105.377,10.542,,,-1,50,50,0,0
98,Night,94.794,11.814,1,E_Red_R,Practice,Expected,Amber,Right,106.608,11.774,-0.344,0.868,50.017,,33.61,1,TrialEnd,105.377,10.542,,,-1,50,50,0,0
98,Night,94.794,11.906,1,E_Red_R,Practice,Expected,Amber,Right,106.7,11.866,-0.344,0.868,50.017,,33.61,1,TrialEnd,105.377,10.542,,,-1,50,50,0,0
98,Night,94.794,12.009,1,E_Red_R,Practice,Expected,Amber,Right,106.803,11.968,-0.344,0.868,50.017,,33.61,1,TrialEnd,105.377,10.542,,,-1,50,50,0,0
98,Night,94.794,12.111,1,E_Red_R,Practice,Expected,Amber,Right,106.905,12.071,-0.344,0.868,50.017,,33.61,1,TrialEnd,105.377,10.542,,,-1,50,50,0,0
98,Night,94.794,12.216,1,E_Red_R,Practice,Expected,Amber,Right,107.01,12.176,-0.344,0.868,50.017,,33.61,1,TrialEnd,105.377,10.542,,,-1,50,50,0,0
98,Night,94.794,12.313,1,E_Red_R,Practice,Expected,Amber,Right,107.107,12.272,-0.344,0.868,50.017,,33.61,1,TrialEnd,105.377,10.542,,,-1,50,50,0,0
98,Night,94.794,12.408,1,E_Red_R,Practice,Expected,Amber,Right,107.202,12.367,-0.344,0.868,50.017,,33.61,1,TrialEnd,105.377,10.542,,,-1,50,50,0,0
98,Night,94.794,12.516,1,E_Red_R,Practice,Expected,Amber,Right,107.31,12.475,-0.344,0.868,50.017,,33.61,1,TrialEnd,105.377,10.542,,,-1,50,50,0,0
98,Night,94.794,12.607,1,E_Red_R,Practice,Expected,Amber,Right,107.401,12.567,-0.344,0.868,50.017,,33.61,1,TrialEnd,105.377,10.542,,,-1,50,50,0,0
98,Night,94.794,12.711,1,E_Red_R,Practice,Expected,Amber,Right,107.505,12.671,-0.344,0.868,50.017,,33.61,1,TrialEnd,105.377,10.542,,,-1,50,50,0,0
98,Night,94.794,12.735,1,E_Red_R,Practice,Expected,Amber,Right,107.529,12.695,-0.344,0.868,50.017,,33.61,1,TrialEnd,105.377,10.542,Amber,1,2.153,50,50,0,0
98,Night,94.794,12.81,1,E_Red_R,Practice,Expected,Amber,Right,107.604,12.769,-0.344,0.868,50.017,,33.61,1,TrialEnd,105.377,10.542,Amber,1,2.153,50,50,0,0
98,Night,94.794,12.913,1,E_Red_R,Practice,Expected,Amber,Right,107.707,12.872,-0.344,0.868,50.017,,33.61,1,TrialEnd,105.377,10.542,Amber,1,2.153,50,50,0,0
98,Night,94.794,13.018,1,E_Red_R,Practice,Expected,Amber,Right,107.812,12.978,-0.344,0.868,50.017,,33.61,1,TrialEnd,105.377,10.542,Amber,1,2.153,50,50,0,0
98,Night,94.794,13.119,1,E_Red_R,Practice,Expected,Amber,Right,107.913,13.078,-0.344,0.868,50.017,,33.61,1,TrialEnd,105.377,10.542,Amber,1,2.153,50,50,0,0
98,Night,94.794,13.207,1,E_Red_R,Practice,Expected,Amber,Right,108.001,13.167,-0.344,0.868,50.017,,33.61,1,TrialEnd,105.377,10.542,Amber,1,2.153,50,50,0,0
98,Night,94.794,13.314,1,E_Red_R,Practice,Expected,Amber,Right,108.108,13.273,-0.344,0.868,50.017,,33.61,1,TrialEnd,105.377,10.542,Amber,1,2.153,50,50,0,0
98,Night,94.794,13.415,1,E_Red_R,Practice,Expected,Amber,Right,108.209,13.375,-0.344,0.868,50.017,,33.61,1,TrialEnd,105.377,10.542,Amber,1,2.153,50,50,0,0
98,Night,94.794,13.513,1,E_Red_R,Practice,Expected,Amber,Right,108.307,13.473,-0.344,0.868,50.017,,33.61,1,TrialEnd,105.377,10.542,Amber,1,2.153,50,50,0,0
98,Night,94.794,13.609,1,E_Red_R,Practice,Expected,Amber,Right,108.403,13.568,-0.344,0.868,50.017,,33.61,1,TrialEnd,105.377,10.542,Amber,1,2.153,50,50,0,0
98,Night,94.794,13.711,1,E_Red_R,Practice,Expected,Amber,Right,108.505,13.67,-0.344,0.868,50.017,,33.61,1,TrialEnd,105.377,10.542,Amber,1,2.153,50,50,0,0
98,Night,94.794,13.815,1,E_Red_R,Practice,Expected,Amber,Right,108.609,13.775,-0.344,0.868,50.017,,33.61,1,TrialEnd,105.377,10.542,Amber,1,2.153,50,50,0,0
98,Night,94.794,13.912,1,E_Red_R,Practice,Expected,Amber,Right,108.706,13.871,-0.344,0.868,50.017,,33.61,1,TrialEnd,105.377,10.542,Amber,1,2.153,50,50,0,0
98,Night,94.794,14.017,1,E_Red_R,Practice,Expected,Amber,Right,108.811,13.977,-0.344,0.868,50.017,,33.61,1,TrialEnd,105.377,10.542,Amber,1,2.153,50,50,0,0
98,Night,94.794,14.115,1,E_Red_R,Practice,Expected,Amber,Right,108.909,14.075,-0.344,0.868,50.017,,33.61,1,TrialEnd,105.377,10.542,Amber,1,2.153,50,50,0,0
98,Night,94.794,14.207,1,E_Red_R,Practice,Expected,Amber,Right,109.001,14.166,-0.344,0.868,50.017,,33.61,1,TrialEnd,105.377,10.542,Amber,1,2.153,50,50,0,0
98,Night,94.794,14.315,1,E_Red_R,Practice,Expected,Amber,Right,109.108,14.274,-0.344,0.868,50.017,,33.61,1,TrialEnd,105.377,10.542,Amber,1,2.153,50,50,0,0
98,Night,94.794,14.406,1,E_Red_R,Practice,Expected,Amber,Right,109.2,14.366,-0.344,0.868,50.017,,33.61,1,TrialEnd,105.377,10.542,Amber,1,2.153,50,50,0,0
98,Night,94.794,14.512,1,E_Red_R,Practice,Expected,Amber,Right,109.306,14.471,-0.344,0.868,50.017,,33.61,1,TrialEnd,105.377,10.542,Amber,1,2.153,50,50,0,0
98,Night,94.794,14.611,1,E_Red_R,Practice,Expected,Amber,Right,109.405,14.571,-0.344,0.868,50.017,,33.61,1,TrialEnd,105.377,10.542,Amber,1,2.153,50,50,0,0
98,Night,94.794,14.712,1,E_Red_R,Practice,Expected,Amber,Right,109.506,14.672,-0.344,0.868,50.017,,33.61,1,TrialEnd,105.377,10.542,Amber,1,2.153,50,50,0,0
98,Night,94.794,14.818,1,E_Red_R,Practice,Expected,Amber,Right,109.612,14.778,-0.344,0.868,50.017,,33.61,1,TrialEnd,105.377,10.542,Amber,1,2.153,50,50,0,0
98,Night,94.794,14.912,1,E_Red_R,Practice,Expected,Amber,Right,109.706,14.871,-0.344,0.868,50.017,,33.61,1,TrialEnd,105.377,10.542,Amber,1,2.153,50,50,0,0
98,Night,94.794,15.006,1,E_Red_R,Practice,Expected,Amber,Right,109.8,14.966,-0.344,0.868,50.017,,33.61,1,TrialEnd,105.377,10.542,Amber,1,2.153,50,50,0,0
98,Night,94.794,15.112,1,E_Red_R,Practice,Expected,Amber,Right,109.906,15.072,-0.344,0.868,50.017,,33.61,1,TrialEnd,105.377,10.542,Amber,1,2.153,50,50,0,0
98,Night,94.794,15.217,1,E_Red_R,Practice,Expected,Amber,Right,110.01,15.176,-0.344,0.868,50.017,,33.61,1,TrialEnd,105.377,10.542,Amber,1,2.153,50,50,0,0
98,Night,94.794,15.315,1,E_Red_R,Practice,Expected,Amber,Right,110.108,15.274,-0.344,0.868,50.017,,33.61,1,TrialEnd,105.377,10.542,Amber,1,2.153,50,50,0,0
98,Night,94.794,15.415,1,E_Red_R,Practice,Expected,Amber,Right,110.209,15.375,-0.344,0.868,50.017,,33.61,1,TrialEnd,105.377,10.542,Amber,1,2.153,50,50,0,0
98,Night,94.794,15.51,1,E_Red_R,Practice,Expected,Amber,Right,110.304,15.47,-0.344,0.868,50.017,,33.61,1,TrialEnd,105.377,10.542,Amber,1,2.153,50,50,0,0
98,Night,94.794,15.612,1,E_Red_R,Practice,Expected,Amber,Right,110.406,15.572,-0.344,0.868,50.017,,33.61,1,TrialEnd,105.377,10.542,Amber,1,2.153,50,50,0,0
98,Night,94.794,15.707,1,E_Red_R,Practice,Expected,Amber,Right,110.5,15.666,-0.344,0.868,50.017,,33.61,1,TrialEnd,105.377,10.542,Amber,1,2.153,50,50,0,0
98,Night,94.794,15.807,1,E_Red_R,Practice,Expected,Amber,Right,110.601,15.766,-0.344,0.868,50.017,,33.61,1,TrialEnd,105.377,10.542,Amber,1,2.153,50,50,0,0
98,Night,94.794,15.913,1,E_Red_R,Practice,Expected,Amber,Right,110.707,15.873,-0.344,0.868,50.017,,33.61,1,TrialEnd,105.377,10.542,Amber,1,2.153,50,50,0,0
98,Night,94.794,16.007,1,E_Red_R,Practice,Expected,Amber,Right,110.801,15.966,-0.344,0.868,50.017,,33.61,1,TrialEnd,105.377,10.542,Amber,1,2.153,50,50,0,0
98,Night,94.794,16.106,1,E_Red_R,Practice,Expected,Amber,Right,110.899,16.065,-0.344,0.868,50.017,,33.61,1,TrialEnd,105.377,10.542,Amber,1,2.153,50,50,0,0
98,Night,94.794,16.209,1,E_Red_R,Practice,Expected,Amber,Right,111.003,16.169,-0.344,0.868,50.017,,33.61,1,TrialEnd,105.377,10.542,Amber,1,2.153,50,50,0,0
98,Night,94.794,16.316,1,E_Red_R,Practice,Expected,Amber,Right,111.109,16.275,-0.344,0.868,50.017,,33.61,1,TrialEnd,105.377,10.542,Amber,1,2.153,50,50,0,0
98,Night,94.794,16.406,1,E_Red_R,Practice,Expected,Amber,Right,111.2,16.366,-0.344,0.868,50.017,,33.61,1,TrialEnd,105.377,10.542,Amber,1,2.153,50,50,0,0
98,Night,94.794,16.515,1,E_Red_R,Practice,Expected,Amber,Right,111.309,16.475,-0.344,0.868,50.017,,33.61,1,TrialEnd,105.377,10.542,Amber,1,2.153,50,50,0,0
98,Night,94.794,16.611,1,E_Red_R,Practice,Expected,Amber,Right,111.405,16.57,-0.344,0.868,50.017,,33.61,1,TrialEnd,105.377,10.542,Amber,1,2.153,50,50,0,0
98,Night,94.794,16.712,1,E_Red_R,Practice,Expected,Amber,Right,111.506,16.672,-0.344,0.868,50.017,,33.61,1,TrialEnd,105.377,10.542,Amber,1,2.153,50,50,0,0
98,Night,94.794,16.813,1,E_Red_R,Practice,Expected,Amber,Right,111.607,16.773,-0.344,0.868,50.017,,33.61,1,TrialEnd,105.377,10.542,Amber,1,2.153,50,50,0,0
98,Night,94.794,16.909,1,E_Red_R,Practice,Expected,Amber,Right,111.703,16.869,-0.344,0.868,50.017,,33.61,1,TrialEnd,105.377,10.542,Amber,1,2.153,50,50,0,0
98,Night,94.794,17.008,1,E_Red_R,Practice,Expected,Amber,Right,111.802,16.967,-0.344,0.868,50.017,,33.61,1,TrialEnd,105.377,10.542,Amber,1,2.153,50,50,0,0
98,Night,94.794,17.113,1,E_Red_R,Practice,Expected,Amber,Right,111.907,17.072,-0.344,0.868,50.017,,33.61,1,TrialEnd,105.377,10.542,Amber,1,2.153,50,50,0,0
98,Night,94.794,17.21,1,E_Red_R,Practice,Expected,Amber,Right,112.003,17.169,-0.344,0.868,50.017,,33.61,1,TrialEnd,105.377,10.542,Amber,1,2.153,50,50,0,0
98,Night,94.794,17.315,1,E_Red_R,Practice,Expected,Amber,Right,112.109,17.274,-0.344,0.868,50.017,,33.61,1,TrialEnd,105.377,10.542,Amber,1,2.153,50,50,0,0
98,Night,94.794,17.414,1,E_Red_R,Practice,Expected,Amber,Right,112.208,17.373,-0.344,0.868,50.017,,33.61,1,TrialEnd,105.377,10.542,Amber,1,2.153,50,50,0,0
98,Night,94.794,17.511,1,E_Red_R,Practice,Expected,Amber,Right,112.305,17.47,-0.344,0.868,50.017,,33.61,1,TrialEnd,105.377,10.542,Amber,1,2.153,50,50,0,0
98,Night,94.794,17.612,1,E_Red_R,Practice,Expected,Amber,Right,112.406,17.572,-0.344,0.868,50.017,,33.61,1,TrialEnd,105.377,10.542,Amber,1,2.153,50,50,0,0
98,Night,94.794,17.713,1,E_Red_R,Practice,Expected,Amber,Right,112.507,17.672,-0.344,0.868,50.017,,33.61,1,TrialEnd,105.377,10.542,Amber,1,2.153,50,50,0,0
98,Night,112.872,0.045,2,E_Amb_L,Practice,Unexpected,Red,Left,112.917,0,0,0.855,-0.002,,3.354,0,,-1,-1,,,-1,50,50,0,0
98,Night,112.872,0.13,2,E_Amb_L,Practice,Unexpected,Red,Left,113.002,0.085,0,0.855,-0.002,,3.354,0,,-1,-1,,,-1,50,50,0,0
98,Night,112.872,0.146,2,E_Amb_L,Practice,Unexpected,Red,Left,113.018,0.102,0,0.837,-0.002,,0,0,,-1,-1,,,-1,50,50,0,0
98,Night,112.872,0.167,2,E_Amb_L,Practice,Unexpected,Red,Left,113.039,0.123,0,0.843,-0.002,,0.039,0,,-1,-1,,,-1,50,50,0,0
98,Night,112.872,0.18,2,E_Amb_L,Practice,Unexpected,Red,Left,113.052,0.136,0,0.844,-0.002,,0.089,0,,-1,-1,,,-1,50,50,0,0
98,Night,112.872,0.247,2,E_Amb_L,Practice,Unexpected,Red,Left,113.119,0.203,0,0.848,-0.002,,0.209,0,,-1,-1,,,-1,50,50,0,0
98,Night,112.872,0.339,2,E_Amb_L,Practice,Unexpected,Red,Left,113.21,0.294,0,0.858,-0.002,,0.224,0,,-1,-1,,,-1,50,50,0,0
98,Night,112.872,0.438,2,E_Amb_L,Practice,Unexpected,Red,Left,113.31,0.394,0,0.866,-0.002,,0.145,0,,-1,-1,,,-1,50,50,0,0
98,Night,112.872,0.534,2,E_Amb_L,Practice,Unexpected,Red,Left,113.406,0.49,0,0.87,-0.002,,0.053,0,,-1,-1,,,-1,50,50,0,0
98,Night,112.872,0.639,2,E_Amb_L,Practice,Unexpected,Red,Left,113.51,0.594,0,0.871,-0.002,,0.006,0,,-1,-1,,,-1,50,50,0,0
98,Night,112.872,0.739,2,E_Amb_L,Practice,Unexpected,Red,Left,113.61,0.694,0,0.87,-0.002,,0.027,0,,-1,-1,,,-1,50,50,0,0
98,Night,112.872,0.837,2,E_Amb_L,Practice,Unexpected,Red,Left,113.709,0.793,0,0.868,-0.002,,0.025,0,,-1,-1,,,-1,50,50,0,0
98,Night,112.872,0.934,2,E_Amb_L,Practice,Unexpected,Red,Left,113.806,0.89,0,0.868,-0.002,,0.013,0,,-1,-1,,,-1,50,50,0,0
98,Night,112.872,1.032,2,E_Amb_L,Practice,Unexpected,Red,Left,113.903,0.987,0,0.867,-0.002,,0.003,0,,-1,-1,,,-1,50,50,0,0
98,Night,112.872,1.137,2,E_Amb_L,Practice,Unexpected,Red,Left,114.009,1.093,0,0.867,-0.002,,0.002,0,,-1,-1,,,-1,50,50,0,0
98,Night,112.872,1.233,2,E_Amb_L,Practice,Unexpected,Red,Left,114.105,1.188,0,0.867,-0.002,,0.004,0,,-1,-1,,,-1,50,50,0,0
98,Night,112.872,1.336,2,E_Amb_L,Practice,Unexpected,Red,Left,114.208,1.292,0,0.868,-0.002,,0.003,0,,-1,-1,,,-1,50,50,0,0
98,Night,112.872,1.431,2,E_Amb_L,Practice,Unexpected,Red,Left,114.303,1.386,0,0.868,-0.002,,0.001,0,,-1,-1,,,-1,50,50,0,0
98,Night,112.872,1.542,2,E_Amb_L,Practice,Unexpected,Red,Left,114.414,1.497,0,0.868,0.002,,0.445,0,,-1,-1,,,-1,50,50,0,0
98,Night,112.872,1.63,2,E_Amb_L,Practice,Unexpected,Red,Left,114.502,1.585,0,0.868,0.03,,1.013,0,,-1,-1,,,-1,50,50,0,0
98,Night,112.872,1.733,2,E_Amb_L,Practice,Unexpected,Red,Left,114.605,1.689,0,0.868,0.092,,1.678,0,,-1,-1,,,-1,50,50,0,0
98,Night,112.872,1.841,2,E_Amb_L,Practice,Unexpected,Red,Left,114.713,1.797,0,0.868,0.191,,2.462,0,,-1,-1,,,-1,50,50,0,0
98,Night,112.872,1.943,2,E_Amb_L,Practice,Unexpected,Red,Left,114.815,1.899,0,0.868,0.316,,3.134,0,,-1,-1,,,-1,50,50,0,0
98,Night,112.872,2.039,2,E_Amb_L,Practice,Unexpected,Red,Left,114.911,1.995,0,0.868,0.465,,3.694,0,,-1,-1,,,-1,50,50,0,0
98,Night,112.872,2.134,2,E_Amb_L,Practice,Unexpected,Red,Left,115.006,2.09,0,0.868,0.636,,4.366,0,,-1,-1,,,-1,50,50,0,0
98,Night,112.872,2.237,2,E_Amb_L,Practice,Unexpected,Red,Left,115.109,2.193,0,0.868,0.854,,5.038,0,,-1,-1,,,-1,50,50,0,0
98,Night,112.872,2.338,2,E_Amb_L,Practice,Unexpected,Red,Left,115.21,2.293,0,0.868,1.099,,5.71,0,,-1,-1,,,-1,50,50,0,0
98,Night,112.872,2.43,2,E_Amb_L,Practice,Unexpected,Red,Left,115.302,2.385,0,0.868,1.343,,6.381,0,,-1,-1,,,-1,50,50,0,0
98,Night,112.872,2.546,2,E_Amb_L,Practice,Unexpected,Red,Left,115.417,2.501,0,0.868,1.692,,7.165,0,,-1,-1,,,-1,50,50,0,0
98,Night,112.872,2.633,2,E_Amb_L,Practice,Unexpected,Red,Left,115.505,2.589,0,0.868,1.988,,7.724,0,,-1,-1,,,-1,50,50,0,0
98,Night,112.872,2.678,2,E_Amb_L,Practice,Unexpected,Red,Left,115.549,2.633,0,0.868,2.091,,7.948,1,TrialEnd,115.549,2.633,,,-1,50,50,0,0
98,Night,112.872,2.735,2,E_Amb_L,Practice,Unexpected,Red,Left,115.607,2.691,0,0.868,2.091,,7.948,1,TrialEnd,115.549,2.633,,,-1,50,50,0,0
98,Night,112.872,2.833,2,E_Amb_L,Practice,Unexpected,Red,Left,115.705,2.788,0,0.868,2.091,,7.948,1,TrialEnd,115.549,2.633,,,-1,50,50,0,0
98,Night,112.872,2.932,2,E_Amb_L,Practice,Unexpected,Red,Left,115.804,2.888,0,0.868,2.091,,7.948,1,TrialEnd,115.549,2.633,,,-1,50,50,0,0
98,Night,112.872,3.036,2,E_Amb_L,Practice,Unexpected,Red,Left,115.907,2.991,0,0.868,2.091,,7.948,1,TrialEnd,115.549,2.633,,,-1,50,50,0,0
98,Night,112.872,3.136,2,E_Amb_L,Practice,Unexpected,Red,Left,116.008,3.091,0,0.868,2.091,,7.948,1,TrialEnd,115.549,2.633,,,-1,50,50,0,0
98,Night,112.872,3.238,2,E_Amb_L,Practice,Unexpected,Red,Left,116.11,3.193,0,0.868,2.091,,7.948,1,TrialEnd,115.549,2.633,,,-1,50,50,0,0
98,Night,112.872,3.328,2,E_Amb_L,Practice,Unexpected,Red,Left,116.2,3.283,0,0.868,2.091,,7.948,1,TrialEnd,115.549,2.633,,,-1,50,50,0,0
98,Night,112.872,3.43,2,E_Amb_L,Practice,Unexpected,Red,Left,116.301,3.385,0,0.868,2.091,,7.948,1,TrialEnd,115.549,2.633,,,-1,50,50,0,0
98,Night,112.872,3.531,2,E_Amb_L,Practice,Unexpected,Red,Left,116.403,3.486,0,0.868,2.091,,7.948,1,TrialEnd,115.549,2.633,,,-1,50,50,0,0
98,Night,112.872,3.632,2,E_Amb_L,Practice,Unexpected,Red,Left,116.504,3.587,0,0.868,2.091,,7.948,1,TrialEnd,115.549,2.633,,,-1,50,50,0,0
98,Night,112.872,3.736,2,E_Amb_L,Practice,Unexpected,Red,Left,116.608,3.691,0,0.868,2.091,,7.948,1,TrialEnd,115.549,2.633,,,-1,50,50,0,0
98,Night,112.872,3.83,2,E_Amb_L,Practice,Unexpected,Red,Left,116.701,3.785,0,0.868,2.091,,7.948,1,TrialEnd,115.549,2.633,,,-1,50,50,0,0
98,Night,112.872,3.933,2,E_Amb_L,Practice,Unexpected,Red,Left,116.805,3.889,0,0.868,2.091,,7.948,1,TrialEnd,115.549,2.633,,,-1,50,50,0,0
98,Night,112.872,3.948,2,E_Amb_L,Practice,Unexpected,Red,Left,116.82,3.904,0,0.868,2.091,,7.948,1,TrialEnd,115.549,2.633,Amber,0,1.271,50,50,0,0
98,Night,112.872,4.037,2,E_Amb_L,Practice,Unexpected,Red,Left,116.908,3.992,0,0.868,2.091,,7.948,1,TrialEnd,115.549,2.633,Amber,0,1.271,50,50,0,0
98,Night,112.872,4.132,2,E_Amb_L,Practice,Unexpected,Red,Left,117.004,4.088,0,0.868,2.091,,7.948,1,TrialEnd,115.549,2.633,Amber,0,1.271,50,50,0,0
98,Night,112.872,4.239,2,E_Amb_L,Practice,Unexpected,Red,Left,117.11,4.194,0,0.868,2.091,,7.948,1,TrialEnd,115.549,2.633,Amber,0,1.271,50,50,0,0
98,Night,112.872,4.334,2,E_Amb_L,Practice,Unexpected,Red,Left,117.206,4.289,0,0.868,2.091,,7.948,1,TrialEnd,115.549,2.633,Amber,0,1.271,50,50,0,0
98,Night,112.872,4.44,2,E_Amb_L,Practice,Unexpected,Red,Left,117.311,4.395,0,0.868,2.091,,7.948,1,TrialEnd,115.549,2.633,Amber,0,1.271,50,50,0,0
98,Night,112.872,4.529,2,E_Amb_L,Practice,Unexpected,Red,Left,117.401,4.485,0,0.868,2.091,,7.948,1,TrialEnd,115.549,2.633,Amber,0,1.271,50,50,0,0
98,Night,112.872,4.639,2,E_Amb_L,Practice,Unexpected,Red,Left,117.511,4.594,0,0.868,2.091,,7.948,1,TrialEnd,115.549,2.633,Amber,0,1.271,50,50,0,0
98,Night,112.872,4.73,2,E_Amb_L,Practice,Unexpected,Red,Left,117.601,4.685,0,0.868,2.091,,7.948,1,TrialEnd,115.549,2.633,Amber,0,1.271,50,50,0,0
98,Night,112.872,4.829,2,E_Amb_L,Practice,Unexpected,Red,Left,117.701,4.785,0,0.868,2.091,,7.948,1,TrialEnd,115.549,2.633,Amber,0,1.271,50,50,0,0
98,Night,112.872,4.935,2,E_Amb_L,Practice,Unexpected,Red,Left,117.806,4.89,0,0.868,2.091,,7.948,1,TrialEnd,115.549,2.633,Amber,0,1.271,50,50,0,0
98,Night,112.872,5.046,2,E_Amb_L,Practice,Unexpected,Red,Left,117.918,5.001,0,0.868,2.091,,7.948,1,TrialEnd,115.549,2.633,Amber,0,1.271,50,50,0,0
98,Night,112.872,5.133,2,E_Amb_L,Practice,Unexpected,Red,Left,118.005,5.088,0,0.868,2.091,,7.948,1,TrialEnd,115.549,2.633,Amber,0,1.271,50,50,0,0
98,Night,112.872,5.235,2,E_Amb_L,Practice,Unexpected,Red,Left,118.107,5.19,0,0.868,2.091,,7.948,1,TrialEnd,115.549,2.633,Amber,0,1.271,50,50,0,0
98,Night,112.872,5.336,2,E_Amb_L,Practice,Unexpected,Red,Left,118.207,5.291,0,0.868,2.091,,7.948,1,TrialEnd,115.549,2.633,Amber,0,1.271,50,50,0,0
98,Night,112.872,5.435,2,E_Amb_L,Practice,Unexpected,Red,Left,118.307,5.39,0,0.868,2.091,,7.948,1,TrialEnd,115.549,2.633,Amber,0,1.271,50,50,0,0
98,Night,112.872,5.536,2,E_Amb_L,Practice,Unexpected,Red,Left,118.407,5.491,0,0.868,2.091,,7.948,1,TrialEnd,115.549,2.633,Amber,0,1.271,50,50,0,0
98,Night,112.872,5.639,2,E_Amb_L,Practice,Unexpected,Red,Left,118.51,5.594,0,0.868,2.091,,7.948,1,TrialEnd,115.549,2.633,Amber,0,1.271,50,50,0,0
98,Night,112.872,5.728,2,E_Amb_L,Practice,Unexpected,Red,Left,118.6,5.683,0,0.868,2.091,,7.948,1,TrialEnd,115.549,2.633,Amber,0,1.271,50,50,0,0
98,Night,112.872,5.837,2,E_Amb_L,Practice,Unexpected,Red,Left,118.709,5.793,0,0.868,2.091,,7.948,1,TrialEnd,115.549,2.633,Amber,0,1.271,50,50,0,0
98,Night,112.872,5.936,2,E_Amb_L,Practice,Unexpected,Red,Left,118.808,5.891,0,0.868,2.091,,7.948,1,TrialEnd,115.549,2.633,Amber,0,1.271,50,50,0,0
98,Night,112.872,6.028,2,E_Amb_L,Practice,Unexpected,Red,Left,118.899,5.983,0,0.868,2.091,,7.948,1,TrialEnd,115.549,2.633,Amber,0,1.271,50,50,0,0
98,Night,112.872,6.131,2,E_Amb_L,Practice,Unexpected,Red,Left,119.003,6.087,0,0.868,2.091,,7.948,1,TrialEnd,115.549,2.633,Amber,0,1.271,50,50,0,0
98,Night,112.872,6.235,2,E_Amb_L,Practice,Unexpected,Red,Left,119.107,6.19,0,0.868,2.091,,7.948,1,TrialEnd,115.549,2.633,Amber,0,1.271,50,50,0,0
98,Night,112.872,6.337,2,E_Amb_L,Practice,Unexpected,Red,Left,119.208,6.292,0,0.868,2.091,,7.948,1,TrialEnd,115.549,2.633,Amber,0,1.271,50,50,0,0
98,Night,112.872,6.437,2,E_Amb_L,Practice,Unexpected,Red,Left,119.309,6.393,0,0.868,2.091,,7.948,1,TrialEnd,115.549,2.633,Amber,0,1.271,50,50,0,0
98,Night,112.872,6.528,2,E_Amb_L,Practice,Unexpected,Red,Left,119.399,6.483,0,0.868,2.091,,7.948,1,TrialEnd,115.549,2.633,Amber,0,1.271,50,50,0,0
98,Night,112.872,6.638,2,E_Amb_L,Practice,Unexpected,Red,Left,119.51,6.594,0,0.868,2.091,,7.948,1,TrialEnd,115.549,2.633,Amber,0,1.271,50,50,0,0
98,Night,112.872,6.735,2,E_Amb_L,Practice,Unexpected,Red,Left,119.607,6.691,0,0.868,2.091,,7.948,1,TrialEnd,115.549,2.633,Amber,0,1.271,50,50,0,0
98,Night,112.872,6.835,2,E_Amb_L,Practice,Unexpected,Red,Left,119.707,6.791,0,0.868,2.091,,7.948,1,TrialEnd,115.549,2.633,Amber,0,1.271,50,50,0,0
98,Night,112.872,6.934,2,E_Amb_L,Practice,Unexpected,Red,Left,119.806,6.89,0,0.868,2.091,,7.948,1,TrialEnd,115.549,2.633,Amber,0,1.271,50,50,0,0
98,Night,112.872,7.032,2,E_Amb_L,Practice,Unexpected,Red,Left,119.904,6.988,0,0.868,2.091,,7.948,1,TrialEnd,115.549,2.633,Amber,0,1.271,50,50,0,0
98,Night,112.872,7.137,2,E_Amb_L,Practice,Unexpected,Red,Left,120.009,7.093,0,0.868,2.091,,7.948,1,TrialEnd,115.549,2.633,Amber,0,1.271,50,50,0,0
98,Night,112.872,7.241,2,E_Amb_L,Practice,Unexpected,Red,Left,120.113,7.197,0,0.868,2.091,,7.948,1,TrialEnd,115.549,2.633,Amber,0,1.271,50,50,0,0
98,Night,112.872,7.333,2,E_Amb_L,Practice,Unexpected,Red,Left,120.204,7.288,0,0.868,2.091,,7.948,1,TrialEnd,115.549,2.633,Amber,0,1.271,50,50,0,0
98,Night,112.872,7.432,2,E_Amb_L,Practice,Unexpected,Red,Left,120.303,7.387,0,0.868,2.091,,7.948,1,TrialEnd,115.549,2.633,Amber,0,1.271,50,50,0,0
98,Night,112.872,7.538,2,E_Amb_L,Practice,Unexpected,Red,Left,120.409,7.493,0,0.868,2.091,,7.948,1,TrialEnd,115.549,2.633,Amber,0,1.271,50,50,0,0
98,Night,112.872,7.636,2,E_Amb_L,Practice,Unexpected,Red,Left,120.507,7.591,0,0.868,2.091,,7.948,1,TrialEnd,115.549,2.633,Amber,0,1.271,50,50,0,0
98,Night,112.872,7.735,2,E_Amb_L,Practice,Unexpected,Red,Left,120.607,7.691,0,0.868,2.091,,7.948,1,TrialEnd,115.549,2.633,Amber,0,1.271,50,50,0,0
98,Night,112.872,7.834,2,E_Amb_L,Practice,Unexpected,Red,Left,120.706,7.789,0,0.868,2.091,,7.948,1,TrialEnd,115.549,2.633,Amber,0,1.271,50,50,0,0
98,Night,112.872,7.933,2,E_Amb_L,Practice,Unexpected,Red,Left,120.805,7.889,0,0.868,2.091,,7.948,1,TrialEnd,115.549,2.633,Amber,0,1.271,50,50,0,0
98,Night,112.872,8.031,2,E_Amb_L,Practice,Unexpected,Red,Left,120.903,7.987,0,0.868,2.091,,7.948,1,TrialEnd,115.549,2.633,Amber,0,1.271,50,50,0,0
98,Night,112.872,8.129,2,E_Amb_L,Practice,Unexpected,Red,Left,121.001,8.084,0,0.868,2.091,,7.948,1,TrialEnd,115.549,2.633,Amber,0,1.271,50,50,0,0
98,Night,112.872,8.24,2,E_Amb_L,Practice,Unexpected,Red,Left,121.112,8.196,0,0.868,2.091,,7.948,1,TrialEnd,115.549,2.633,Amber,0,1.271,50,50,0,0
98,Night,112.872,8.336,2,E_Amb_L,Practice,Unexpected,Red,Left,121.207,8.291,0,0.868,2.091,,7.948,1,TrialEnd,115.549,2.633,Amber,0,1.271,50,50,0,0
98,Night,112.872,8.436,2,E_Amb_L,Practice,Unexpected,Red,Left,121.307,8.391,0,0.868,2.091,,7.948,1,TrialEnd,115.549,2.633,Amber,0,1.271,50,50,0,0
98,Night,112.872,8.533,2,E_Amb_L,Practice,Unexpected,Red,Left,121.405,8.488,0,0.868,2.091,,7.948,1,TrialEnd,115.549,2.633,Amber,0,1.271,50,50,0,0
98,Night,112.872,8.633,2,E_Amb_L,Practice,Unexpected,Red,Left,121.505,8.588,0,0.868,2.091,,7.948,1,TrialEnd,115.549,2.633,Amber,0,1.271,50,50,0,0
98,Night,112.872,8.732,2,E_Amb_L,Practice,Unexpected,Red,Left,121.604,8.687,0,0.868,2.091,,7.948,1,TrialEnd,115.549,2.633,Amber,0,1.271,50,50,0,0
98,Night,112.872,8.829,2,E_Amb_L,Practice,Unexpected,Red,Left,121.701,8.784,0,0.868,2.091,,7.948,1,TrialEnd,115.549,2.633,Amber,0,1.271,50,50,0,0
98,Night,112.872,8.939,2,E_Amb_L,Practice,Unexpected,Red,Left,121.81,8.894,0,0.868,2.091,,7.948,1,TrialEnd,115.549,2.633,Amber,0,1.271,50,50,0,0
98,Night,122.156,0.044,3,U_Red_L,Practice,Unexpected,Amber,Left,122.199,0,0,0.838,-0.002,,3.354,0,,-1,-1,,,-1,50,50,0,0
98,Night,122.156,0.098,3,U_Red_L,Practice,Unexpected,Amber,Left,122.254,0.055,0,0.838,-0.002,,3.354,0,,-1,-1,,,-1,50,50,0,0
98,Night,122.156,0.113,3,U_Red_L,Practice,Unexpected,Amber,Left,122.269,0.07,0,0.843,-0.002,,0.039,0,,-1,-1,,,-1,50,50,0,0
98,Night,122.156,0.126,3,U_Red_L,Practice,Unexpected,Amber,Left,122.282,0.083,0,0.843,-0.002,,0.039,0,,-1,-1,,,-1,50,50,0,0
98,Night,122.156,0.152,3,U_Red_L,Practice,Unexpected,Amber,Left,122.308,0.109,0,0.845,-0.002,,0.131,0,,-1,-1,,,-1,50,50,0,0
98,Night,122.156,0.253,3,U_Red_L,Practice,Unexpected,Amber,Left,122.409,0.21,0,0.854,-0.002,,0.232,0,,-1,-1,,,-1,50,50,0,0
98,Night,122.156,0.355,3,U_Red_L,Practice,Unexpected,Amber,Left,122.511,0.312,0,0.863,-0.002,,0.177,0,,-1,-1,,,-1,50,50,0,0
98,Night,122.156,0.446,3,U_Red_L,Practice,Unexpected,Amber,Left,122.602,0.403,0,0.868,-0.002,,0.081,0,,-1,-1,,,-1,50,50,0,0
98,Night,122.156,0.55,3,U_Red_L,Practice,Unexpected,Amber,Left,122.705,0.506,0,0.871,-0.002,,0.009,0,,-1,-1,,,-1,50,50,0,0
98,Night,122.156,0.647,3,U_Red_L,Practice,Unexpected,Amber,Left,122.802,0.603,0,0.87,-0.002,,0.024,0,,-1,-1,,,-1,50,50,0,0
98,Night,122.156,0.748,3,U_Red_L,Practice,Unexpected,Amber,Left,122.904,0.705,0,0.869,-0.002,,0.027,0,,-1,-1,,,-1,50,50,0,0
98,Night,122.156,0.846,3,U_Red_L,Practice,Unexpected,Amber,Left,123.001,0.802,0,0.868,-0.002,,0.017,0,,-1,-1,,,-1,50,50,0,0
98,Night,122.156,0.951,3,U_Red_L,Practice,Unexpected,Amber,Left,123.106,0.907,0,0.867,-0.002,,0.006,0,,-1,-1,,,-1,50,50,0,0
98,Night,122.156,1.048,3,U_Red_L,Practice,Unexpected,Amber,Left,123.204,1.005,0,0.867,-0.002,,0.001,0,,-1,-1,,,-1,50,50,0,0
98,Night,122.156,1.151,3,U_Red_L,Practice,Unexpected,Amber,Left,123.307,1.108,0,0.867,-0.002,,0.004,0,,-1,-1,,,-1,50,50,0,0
98,Night,122.156,1.25,3,U_Red_L,Practice,Unexpected,Amber,Left,123.405,1.206,0,0.868,-0.002,,0.003,0,,-1,-1,,,-1,50,50,0,0
98,Night,122.156,1.31,3,U_Red_L,Practice,Unexpected,Amber,Left,123.466,1.267,0,0.868,-0.002,,0.003,1,TrialEnd,123.466,1.267,,,-1,50,50,0,0
98,Night,122.156,1.364,3,U_Red_L,Practice,Unexpected,Amber,Left,123.52,1.321,0,0.868,-0.002,,0.003,1,TrialEnd,123.466,1.267,,,-1,50,50,0,0
98,Night,122.156,1.452,3,U_Red_L,Practice,Unexpected,Amber,Left,123.608,1.409,0,0.868,-0.002,,0.003,1,TrialEnd,123.466,1.267,,,-1,50,50,0,0
98,Night,122.156,1.553,3,U_Red_L,Practice,Unexpected,Amber,Left,123.709,1.51,0,0.868,-0.002,,0.003,1,TrialEnd,123.466,1.267,,,-1,50,50,0,0
98,Night,122.156,1.645,3,U_Red_L,Practice,Unexpected,Amber,Left,123.8,1.601,0,0.868,-0.002,,0.003,1,TrialEnd,123.466,1.267,,,-1,50,50,0,0
98,Night,122.156,1.745,3,U_Red_L,Practice,Unexpected,Amber,Left,123.901,1.702,0,0.868,-0.002,,0.003,1,TrialEnd,123.466,1.267,,,-1,50,50,0,0
98,Night,122.156,1.85,3,U_Red_L,Practice,Unexpected,Amber,Left,124.005,1.806,0,0.868,-0.002,,0.003,1,TrialEnd,123.466,1.267,,,-1,50,50,0,0
98,Night,122.156,1.931,3,U_Red_L,Practice,Unexpected,Amber,Left,124.086,1.887,0,0.868,-0.002,,0.003,1,TrialEnd,123.466,1.267,Amber,1,0.621,50,50,0,0
98,Night,122.156,1.944,3,U_Red_L,Practice,Unexpected,Amber,Left,124.099,1.9,0,0.868,-0.002,,0.003,1,TrialEnd,123.466,1.267,Amber,1,0.621,50,50,0,0
98,Night,122.156,2.047,3,U_Red_L,Practice,Unexpected,Amber,Left,124.202,2.003,0,0.868,-0.002,,0.003,1,TrialEnd,123.466,1.267,Amber,1,0.621,50,50,0,0
98,Night,122.156,2.149,3,U_Red_L,Practice,Unexpected,Amber,Left,124.305,2.106,0,0.868,-0.002,,0.003,1,TrialEnd,123.466,1.267,Amber,1,0.621,50,50,0,0
98,Night,122.156,2.257,3,U_Red_L,Practice,Unexpected,Amber,Left,124.413,2.214,0,0.868,-0.002,,0.003,1,TrialEnd,123.466,1.267,Amber,1,0.621,50,50,0,0
98,Night,122.156,2.353,3,U_Red_L,Practice,Unexpected,Amber,Left,124.509,2.31,0,0.868,-0.002,,0.003,1,TrialEnd,123.466,1.267,Amber,1,0.621,50,50,0,0
98,Night,122.156,2.453,3,U_Red_L,Practice,Unexpected,Amber,Left,124.609,2.41,0,0.868,-0.002,,0.003,1,TrialEnd,123.466,1.267,Amber,1,0.621,50,50,0,0
98,Night,122.156,2.545,3,U_Red_L,Practice,Unexpected,Amber,Left,124.7,2.501,0,0.868,-0.002,,0.003,1,TrialEnd,123.466,1.267,Amber,1,0.621,50,50,0,0
98,Night,122.156,2.653,3,U_Red_L,Practice,Unexpected,Amber,Left,124.809,2.61,0,0.868,-0.002,,0.003,1,TrialEnd,123.466,1.267,Amber,1,0.621,50,50,0,0
98,Night,122.156,2.745,3,U_Red_L,Practice,Unexpected,Amber,Left,124.901,2.702,0,0.868,-0.002,,0.003,1,TrialEnd,123.466,1.267,Amber,1,0.621,50,50,0,0
98,Night,122.156,2.847,3,U_Red_L,Practice,Unexpected,Amber,Left,125.003,2.804,0,0.868,-0.002,,0.003,1,TrialEnd,123.466,1.267,Amber,1,0.621,50,50,0,0
98,Night,122.156,2.946,3,U_Red_L,Practice,Unexpected,Amber,Left,125.102,2.903,0,0.868,-0.002,,0.003,1,TrialEnd,123.466,1.267,Amber,1,0.621,50,50,0,0
98,Night,122.156,3.047,3,U_Red_L,Practice,Unexpected,Amber,Left,125.202,3.003,0,0.868,-0.002,,0.003,1,TrialEnd,123.466,1.267,Amber,1,0.621,50,50,0,0
98,Night,122.156,3.149,3,U_Red_L,Practice,Unexpected,Amber,Left,125.305,3.105,0,0.868,-0.002,,0.003,1,TrialEnd,123.466,1.267,Amber,1,0.621,50,50,0,0
98,Night,122.156,3.245,3,U_Red_L,Practice,Unexpected,Amber,Left,125.401,3.202,0,0.868,-0.002,,0.003,1,TrialEnd,123.466,1.267,Amber,1,0.621,50,50,0,0
98,Night,122.156,3.355,3,U_Red_L,Practice,Unexpected,Amber,Left,125.511,3.312,0,0.868,-0.002,,0.003,1,TrialEnd,123.466,1.267,Amber,1,0.621,50,50,0,0
98,Night,122.156,3.444,3,U_Red_L,Practice,Unexpected,Amber,Left,125.599,3.4,0,0.868,-0.002,,0.003,1,TrialEnd,123.466,1.267,Amber,1,0.621,50,50,0,0
98,Night,122.156,3.555,3,U_Red_L,Practice,Unexpected,Amber,Left,125.71,3.511,0,0.868,-0.002,,0.003,1,TrialEnd,123.466,1.267,Amber,1,0.621,50,50,0,0
98,Night,122.156,3.645,3,U_Red_L,Practice,Unexpected,Amber,Left,125.801,3.602,0,0.868,-0.002,,0.003,1,TrialEnd,123.466,1.267,Amber,1,0.621,50,50,0,0
98,Night,122.156,3.746,3,U_Red_L,Practice,Unexpected,Amber,Left,125.902,3.703,0,0.868,-0.002,,0.003,1,TrialEnd,123.466,1.267,Amber,1,0.621,50,50,0,0
98,Night,122.156,3.849,3,U_Red_L,Practice,Unexpected,Amber,Left,126.005,3.806,0,0.868,-0.002,,0.003,1,TrialEnd,123.466,1.267,Amber,1,0.621,50,50,0,0
98,Night,122.156,3.945,3,U_Red_L,Practice,Unexpected,Amber,Left,126.101,3.902,0,0.868,-0.002,,0.003,1,TrialEnd,123.466,1.267,Amber,1,0.621,50,50,0,0
98,Night,122.156,4.054,3,U_Red_L,Practice,Unexpected,Amber,Left,126.209,4.01,0,0.868,-0.002,,0.003,1,TrialEnd,123.466,1.267,Amber,1,0.621,50,50,0,0
98,Night,122.156,4.144,3,U_Red_L,Practice,Unexpected,Amber,Left,126.3,4.101,0,0.868,-0.002,,0.003,1,TrialEnd,123.466,1.267,Amber,1,0.621,50,50,0,0
98,Night,122.156,4.245,3,U_Red_L,Practice,Unexpected,Amber,Left,126.401,4.202,0,0.868,-0.002,,0.003,1,TrialEnd,123.466,1.267,Amber,1,0.621,50,50,0,0
98,Night,122.156,4.347,3,U_Red_L,Practice,Unexpected,Amber,Left,126.502,4.303,0,0.868,-0.002,,0.003,1,TrialEnd,123.466,1.267,Amber,1,0.621,50,50,0,0
98,Night,122.156,4.446,3,U_Red_L,Practice,Unexpected,Amber,Left,126.602,4.403,0,0.868,-0.002,,0.003,1,TrialEnd,123.466,1.267,Amber,1,0.621,50,50,0,0
98,Night,122.156,4.547,3,U_Red_L,Practice,Unexpected,Amber,Left,126.703,4.504,0,0.868,-0.002,,0.003,1,TrialEnd,123.466,1.267,Amber,1,0.621,50,50,0,0
98,Night,122.156,4.648,3,U_Red_L,Practice,Unexpected,Amber,Left,126.804,4.605,0,0.868,-0.002,,0.003,1,TrialEnd,123.466,1.267,Amber,1,0.621,50,50,0,0
98,Night,122.156,4.748,3,U_Red_L,Practice,Unexpected,Amber,Left,126.904,4.705,0,0.868,-0.002,,0.003,1,TrialEnd,123.466,1.267,Amber,1,0.621,50,50,0,0
98,Night,122.156,4.847,3,U_Red_L,Practice,Unexpected,Amber,Left,127.003,4.804,0,0.868,-0.002,,0.003,1,TrialEnd,123.466,1.267,Amber,1,0.621,50,50,0,0
98,Night,122.156,4.947,3,U_Red_L,Practice,Unexpected,Amber,Left,127.103,4.904,0,0.868,-0.002,,0.003,1,TrialEnd,123.466,1.267,Amber,1,0.621,50,50,0,0
98,Night,122.156,5.05,3,U_Red_L,Practice,Unexpected,Amber,Left,127.206,5.007,0,0.868,-0.002,,0.003,1,TrialEnd,123.466,1.267,Amber,1,0.621,50,50,0,0
98,Night,122.156,5.145,3,U_Red_L,Practice,Unexpected,Amber,Left,127.3,5.101,0,0.868,-0.002,,0.003,1,TrialEnd,123.466,1.267,Amber,1,0.621,50,50,0,0
98,Night,122.156,5.251,3,U_Red_L,Practice,Unexpected,Amber,Left,127.407,5.208,0,0.868,-0.002,,0.003,1,TrialEnd,123.466,1.267,Amber,1,0.621,50,50,0,0
98,Night,122.156,5.346,3,U_Red_L,Practice,Unexpected,Amber,Left,127.502,5.303,0,0.868,-0.002,,0.003,1,TrialEnd,123.466,1.267,Amber,1,0.621,50,50,0,0
98,Night,122.156,5.453,3,U_Red_L,Practice,Unexpected,Amber,Left,127.608,5.409,0,0.868,-0.002,,0.003,1,TrialEnd,123.466,1.267,Amber,1,0.621,50,50,0,0
98,Night,122.156,5.552,3,U_Red_L,Practice,Unexpected,Amber,Left,127.708,5.509,0,0.868,-0.002,,0.003,1,TrialEnd,123.466,1.267,Amber,1,0.621,50,50,0,0
98,Night,122.156,5.649,3,U_Red_L,Practice,Unexpected,Amber,Left,127.805,5.606,0,0.868,-0.002,,0.003,1,TrialEnd,123.466,1.267,Amber,1,0.621,50,50,0,0
98,Night,122.156,5.748,3,U_Red_L,Practice,Unexpected,Amber,Left,127.904,5.705,0,0.868,-0.002,,0.003,1,TrialEnd,123.466,1.267,Amber,1,0.621,50,50,0,0
98,Night,122.156,5.845,3,U_Red_L,Practice,Unexpected,Amber,Left,128.001,5.802,0,0.868,-0.002,,0.003,1,TrialEnd,123.466,1.267,Amber,1,0.621,50,50,0,0
98,Night,122.156,5.944,3,U_Red_L,Practice,Unexpected,Amber,Left,128.1,5.901,0,0.868,-0.002,,0.003,1,TrialEnd,123.466,1.267,Amber,1,0.621,50,50,0,0
98,Night,122.156,6.051,3,U_Red_L,Practice,Unexpected,Amber,Left,128.207,6.008,0,0.868,-0.002,,0.003,1,TrialEnd,123.466,1.267,Amber,1,0.621,50,50,0,0
98,Night,122.156,6.155,3,U_Red_L,Practice,Unexpected,Amber,Left,128.311,6.112,0,0.868,-0.002,,0.003,1,TrialEnd,123.466,1.267,Amber,1,0.621,50,50,0,0
98,Night,122.156,6.244,3,U_Red_L,Practice,Unexpected,Amber,Left,128.4,6.201,0,0.868,-0.002,,0.003,1,TrialEnd,123.466,1.267,Amber,1,0.621,50,50,0,0
98,Night,122.156,6.351,3,U_Red_L,Practice,Unexpected,Amber,Left,128.506,6.307,0,0.868,-0.002,,0.003,1,TrialEnd,123.466,1.267,Amber,1,0.621,50,50,0,0
98,Night,122.156,6.449,3,U_Red_L,Practice,Unexpected,Amber,Left,128.604,6.405,0,0.868,-0.002,,0.003,1,TrialEnd,123.466,1.267,Amber,1,0.621,50,50,0,0
98,Night,122.156,6.551,3,U_Red_L,Practice,Unexpected,Amber,Left,128.707,6.508,0,0.868,-0.002,,0.003,1,TrialEnd,123.466,1.267,Amber,1,0.621,50,50,0,0
98,Night,122.156,6.648,3,U_Red_L,Practice,Unexpected,Amber,Left,128.804,6.605,0,0.868,-0.002,,0.003,1,TrialEnd,123.466,1.267,Amber,1,0.621,50,50,0,0
98,Night,122.156,6.751,3,U_Red_L,Practice,Unexpected,Amber,Left,128.907,6.708,0,0.868,-0.002,,0.003,1,TrialEnd,123.466,1.267,Amber,1,0.621,50,50,0,0
98,Night,122.156,6.851,3,U_Red_L,Practice,Unexpected,Amber,Left,129.007,6.808,0,0.868,-0.002,,0.003,1,TrialEnd,123.466,1.267,Amber,1,0.621,50,50,0,0
98,Night,129.141,0.053,4,SubBlock,,,,,129.195,0.037,,,,,0.003,0,,-1,-1,,,-1,50,50,0,0
98,Night,129.141,0.06,4,SubBlock,,,,,129.201,0.043,,,,,0.003,0,,-1,-1,,,-1,50,50,0,0
98,Night,129.141,0.158,4,SubBlock,,,,,129.299,0.141,,,,,0.003,0,,-1,-1,,,-1,50,50,0,0
98,Night,129.141,0.259,4,SubBlock,,,,,129.4,0.242,,,,,0.003,0,,-1,-1,,,-1,50,50,0,0
98,Night,129.141,0.36,4,SubBlock,,,,,129.502,0.344,,,,,0.003,0,,-1,-1,,,-1,50,50,0,0
98,Night,129.141,0.459,4,SubBlock,,,,,129.6,0.442,,,,,0.003,0,,-1,-1,,,-1,50,50,0,0
98,Night,129.141,0.561,4,SubBlock,,,,,129.703,0.545,,,,,0.003,0,,-1,-1,,,-1,50,50,0,0
98,Night,129.141,0.659,4,SubBlock,,,,,129.801,0.643,,,,,0.003,0,,-1,-1,,,-1,50,50,0,0
98,Night,129.141,0.759,4,SubBlock,,,,,129.9,0.742,,,,,0.003,0,,-1,-1,,,-1,50,50,0,0
98,Night,129.141,0.862,4,SubBlock,,,,,130.003,0.845,,,,,0.003,0,,-1,-1,,,-1,50,50,0,0
98,Night,129.141,0.96,4,SubBlock,,,,,130.101,0.943,,,,,0.003,0,,-1,-1,,,-1,50,50,0,0
98,Night,129.141,1.059,4,SubBlock,,,,,130.2,1.042,,,,,0.003,0,,-1,-1,,,-1,50,50,0,0
98,Night,129.141,1.159,4,SubBlock,,,,,130.301,1.143,,,,,0.003,0,,-1,-1,,,-1,50,50,0,0
98,Night,129.141,1.262,4,SubBlock,,,,,130.403,1.246,,,,,0.003,0,,-1,-1,,,-1,50,50,0,0
98,Night,129.141,1.363,4,SubBlock,,,,,130.504,1.346,,,,,0.003,0,,-1,-1,,,-1,50,50,0,0
98,Night,129.141,1.459,4,SubBlock,,,,,130.601,1.443,,,,,0.003,0,,-1,-1,,,-1,50,50,0,0
98,Night,129.141,1.567,4,SubBlock,,,,,130.709,1.551,,,,,0.003,0,,-1,-1,,,-1,50,50,0,0
98,Night,129.141,1.66,4,SubBlock,,,,,130.802,1.644,,,,,0.003,0,,-1,-1,,,-1,50,50,0,0
98,Night,129.141,1.764,4,SubBlock,,,,,130.906,1.748,,,,,0.003,0,,-1,-1,,,-1,50,50,0,0
98,Night,129.141,1.858,4,SubBlock,,,,,131,1.842,,,,,0.003,0,,-1,-1,,,-1,50,50,0,0
98,Night,129.141,1.958,4,SubBlock,,,,,131.099,1.941,,,,,0.003,0,,-1,-1,,,-1,50,50,0,0
98,Night,129.141,2.061,4,SubBlock,,,,,131.203,2.045,,,,,0.003,0,,-1,-1,,,-1,50,50,0,0
98,Night,129.141,2.159,4,SubBlock,,,,,131.3,2.142,,,,,0.003,0,,-1,-1,,,-1,50,50,0,0
98,Night,129.141,2.26,4,SubBlock,,,,,131.401,2.243,,,,,0.003,0,,-1,-1,,,-1,50,50,0,0
98,Night,129.141,2.359,4,SubBlock,,,,,131.5,2.342,,,,,0.003,0,,-1,-1,,,-1,50,50,0,0
98,Night,129.141,2.462,4,SubBlock,,,,,131.604,2.446,,,,,0.003,0,,-1,-1,,,-1,50,50,0,0
98,Night,129.141,2.56,4,SubBlock,,,,,131.701,2.543,,,,,0.003,0,,-1,-1,,,-1,50,50,0,0
98,Night,129.141,2.664,4,SubBlock,,,,,131.805,2.647,,,,,0.003,0,,-1,-1,,,-1,50,50,0,0
98,Night,129.141,2.761,4,SubBlock,,,,,131.903,2.745,,,,,0.003,0,,-1,-1,,,-1,50,50,0,0
98,Night,129.141,2.858,4,SubBlock,,,,,132,2.842,,,,,0.003,0,,-1,-1,,,-1,50,50,0,0
98,Night,129.141,2.96,4,SubBlock,,,,,132.102,2.944,,,,,0.003,0,,-1,-1,,,-1,50,50,0,0
98,Night,129.141,3.059,4,SubBlock,,,,,132.2,3.042,,,,,0.003,0,,-1,-1,,,-1,50,50,0,0
98,Night,129.141,3.171,4,SubBlock,,,,,132.312,3.154,,,,,0.003,0,,-1,-1,,,-1,50,50,0,0
98,Night,129.141,3.262,4,SubBlock,,,,,132.403,3.245,,,,,0.003,0,,-1,-1,,,-1,50,50,0,0
98,Night,129.141,3.368,4,SubBlock,,,,,132.509,3.351,,,,,0.003,0,,-1,-1,,,-1,50,50,0,0
98,Night,129.141,3.459,4,SubBlock,,,,,132.6,3.442,,,,,0.003,0,,-1,-1,,,-1,50,50,0,0
98,Night,129.141,3.56,4,SubBlock,,,,,132.701,3.544,,,,,0.003,0,,-1,-1,,,-1,50,50,0,0
98,Night,129.141,3.66,4,SubBlock,,,,,132.801,3.643,,,,,0.003,0,,-1,-1,,,-1,50,50,0,0
98,Night,129.141,3.762,4,SubBlock,,,,,132.903,3.745,,,,,0.003,0,,-1,-1,,,-1,50,50,0,0
98,Night,129.141,3.863,4,SubBlock,,,,,133.005,3.847,,,,,0.003,0,,-1,-1,,,-1,50,50,0,0
98,Night,129.141,3.96,4,SubBlock,,,,,133.101,3.943,,,,,0.003,0,,-1,-1,,,-1,50,50,0,0
98,Night,129.141,4.059,4,SubBlock,,,,,133.2,4.042,,,,,0.003,0,,-1,-1,,,-1,50,50,0,0
98,Night,129.141,4.159,4,SubBlock,,,,,133.301,4.143,,,,,0.003,0,,-1,-1,,,-1,50,50,0,0
98,Night,129.141,4.258,4,SubBlock,,,,,133.4,4.242,,,,,0.003,0,,-1,-1,,,-1,50,50,0,0
98,Night,129.141,4.36,4,SubBlock,,,,,133.501,4.344,,,,,0.003,0,,-1,-1,,,-1,50,50,0,0
98,Night,129.141,4.462,4,SubBlock,,,,,133.603,4.445,,,,,0.003,0,,-1,-1,,,-1,50,50,0,0
98,Night,129.141,4.563,4,SubBlock,,,,,133.704,4.546,,,,,0.003,0,,-1,-1,,,-1,50,50,0,0
98,Night,129.141,4.659,4,SubBlock,,,,,133.801,4.643,,,,,0.003,0,,-1,-1,,,-1,50,50,0,0
98,Night,129.141,4.761,4,SubBlock,,,,,133.903,4.745,,,,,0.003,0,,-1,-1,,,-1,50,50,0,0
98,Night,129.141,4.862,4,SubBlock,,,,,134.004,4.846,,,,,0.003,0,,-1,-1,,,-1,50,50,0,0
98,Night,129.141,4.959,4,SubBlock,,,,,134.101,4.943,,,,,0.003,0,,-1,-1,,,-1,50,50,0,0
98,Night,129.141,5.059,4,SubBlock,,,,,134.2,5.042,,,,,0.003,0,,-1,-1,,,-1,50,50,0,0
98,Night,129.141,5.16,4,SubBlock,,,,,134.301,5.143,,,,,0.003,0,,-1,-1,,,-1,50,50,0,0
98,Night,129.141,5.259,4,SubBlock,,,,,134.401,5.243,,,,,0.003,0,,-1,-1,,,-1,50,50,0,0
98,Night,129.141,5.359,4,SubBlock,,,,,134.501,5.343,,,,,0.003,0,,-1,-1,,,-1,50,50,0,0
98,Night,129.141,5.461,4,SubBlock,,,,,134.603,5.445,,,,,0.003,0,,-1,-1,,,-1,50,50,0,0
98,Night,129.141,5.559,4,SubBlock,,,,,134.7,5.542,,,,,0.003,0,,-1,-1,,,-1,50,50,0,0
98,Night,129.141,5.659,4,SubBlock,,,,,134.8,5.642,,,,,0.003,0,,-1,-1,,,-1,50,50,0,0
98,Night,129.141,5.761,4,SubBlock,,,,,134.902,5.744,,,,,0.003,0,,-1,-1,,,-1,50,50,0,0
98,Night,129.141,5.86,4,SubBlock,,,,,135.001,5.843,,,,,0.003,0,,-1,-1,,,-1,50,50,0,0
98,Night,129.141,5.959,4,SubBlock,,,,,135.101,5.943,,,,,0.003,0,,-1,-1,,,-1,50,50,0,0
98,Night,129.141,6.059,4,SubBlock,,,,,135.201,6.043,,,,,0.003,0,,-1,-1,,,-1,50,50,0,0
98,Night,129.141,6.161,4,SubBlock,,,,,135.302,6.145,,,,,0.003,0,,-1,-1,,,-1,50,50,0,0
98,Night,129.141,6.26,4,SubBlock,,,,,135.401,6.243,,,,,0.003,0,,-1,-1,,,-1,50,50,0,0
98,Night,129.141,6.363,4,SubBlock,,,,,135.504,6.346,,,,,0.003,0,,-1,-1,,,-1,50,50,0,0
98,Night,129.141,6.461,4,SubBlock,,,,,135.602,6.444,,,,,0.003,0,,-1,-1,,,-1,50,50,0,0
98,Night,129.141,6.564,4,SubBlock,,,,,135.705,6.547,,,,,0.003,0,,-1,-1,,,-1,50,50,0,0
98,Night,129.141,6.662,4,SubBlock,,,,,135.803,6.645,,,,,0.003,0,,-1,-1,,,-1,50,50,0,0
98,Night,129.141,6.759,4,SubBlock,,,,,135.901,6.743,,,,,0.003,0,,-1,-1,,,-1,50,50,0,0
98,Night,129.141,6.861,4,SubBlock,,,,,136.002,6.844,,,,,0.003,0,,-1,-1,,,-1,50,50,0,0
98,Night,129.141,6.962,4,SubBlock,,,,,136.104,6.946,,,,,0.003,0,,-1,-1,,,-1,50,50,0,0
98,Night,129.141,7.06,4,SubBlock,,,,,136.202,7.044,,,,,0.003,0,,-1,-1,,,-1,50,50,0,0
98,Night,129.141,7.161,4,SubBlock,,,,,136.302,7.144,,,,,0.003,0,,-1,-1,,,-1,50,50,0,0
98,Night,129.141,7.259,4,SubBlock,,,,,136.4,7.242,,,,,0.003,0,,-1,-1,,,-1,50,50,0,0
98,Night,129.141,7.361,4,SubBlock,,,,,136.502,7.344,,,,,0.003,0,,-1,-1,,,-1,50,50,0,0
98,Night,129.141,7.461,4,SubBlock,,,,,136.602,7.445,,,,,0.003,0,,-1,-1,,,-1,50,50,0,0
98,Night,129.141,7.561,4,SubBlock,,,,,136.702,7.544,,,,,0.003,0,,-1,-1,,,-1,50,50,0,0
98,Night,129.141,7.659,4,SubBlock,,,,,136.8,7.642,,,,,0.003,0,,-1,-1,,,-1,50,50,0,0
98,Night,129.141,7.76,4,SubBlock,,,,,136.902,7.744,,,,,0.003,0,,-1,-1,,,-1,50,50,0,0
98,Night,129.141,7.859,4,SubBlock,,,,,137,7.842,,,,,0.003,0,,-1,-1,,,-1,50,50,0,0
98,Night,129.141,7.96,4,SubBlock,,,,,137.101,7.943,,,,,0.003,0,,-1,-1,,,-1,50,50,0,0
98,Night,129.141,8.06,4,SubBlock,,,,,137.202,8.044,,,,,0.003,0,,-1,-1,,,-1,50,50,0,0
98,Night,129.141,8.162,4,SubBlock,,,,,137.303,8.145,,,,,0.003,0,,-1,-1,,,-1,50,50,0,0
98,Night,129.141,8.259,4,SubBlock,,,,,137.401,8.243,,,,,0.003,0,,-1,-1,,,-1,50,50,0,0
98,Night,129.141,8.359,4,SubBlock,,,,,137.501,8.343,,,,,0.003,0,,-1,-1,,,-1,50,50,0,0
98,Night,129.141,8.461,4,SubBlock,,,,,137.602,8.444,,,,,0.003,0,,-1,-1,,,-1,50,50,0,0
98,Night,129.141,8.564,4,SubBlock,,,,,137.705,8.547,,,,,0.003,0,,-1,-1,,,-1,50,50,0,0
98,Night,129.141,8.66,4,SubBlock,,,,,137.802,8.644,,,,,0.003,0,,-1,-1,,,-1,50,50,0,0
98,Night,129.141,8.76,4,SubBlock,,,,,137.901,8.743,,,,,0.003,0,,-1,-1,,,-1,50,50,0,0
98,Night,129.141,8.861,4,SubBlock,,,,,138.003,8.845,,,,,0.003,0,,-1,-1,,,-1,50,50,0,0
98,Night,129.141,8.965,4,SubBlock,,,,,138.106,8.948,,,,,0.003,0,,-1,-1,,,-1,50,50,0,0
98,Night,129.141,9.059,4,SubBlock,,,,,138.2,9.042,,,,,0.003,0,,-1,-1,,,-1,50,50,0,0
98,Night,129.141,9.16,4,SubBlock,,,,,138.301,9.143,,,,,0.003,0,,-1,-1,,,-1,50,50,0,0
98,Night,129.141,9.262,4,SubBlock,,,,,138.403,9.245,,,,,0.003,0,,-1,-1,,,-1,50,50,0,0
98,Night,129.141,9.361,4,SubBlock,,,,,138.502,9.344,,,,,0.003,0,,-1,-1,,,-1,50,50,0,0
98,Night,129.141,9.459,4,SubBlock,,,,,138.6,9.442,,,,,0.003,0,,-1,-1,,,-1,50,50,0,0
98,Night,129.141,9.564,4,SubBlock,,,,,138.705,9.547,,,,,0.003,0,,-1,-1,,,-1,50,50,0,0
98,Night,129.141,9.658,4,SubBlock,,,,,138.8,9.642,,,,,0.003,0,,-1,-1,,,-1,50,50,0,0
98,Night,129.141,9.76,4,SubBlock,,,,,138.901,9.743,,,,,0.003,0,,-1,-1,,,-1,50,50,0,0
98,Night,129.141,9.863,4,SubBlock,,,,,139.004,9.846,,,,,0.003,0,,-1,-1,,,-1,50,50,0,0
98,Night,129.141,9.962,4,SubBlock,,,,,139.103,9.945,,,,,0.003,0,,-1,-1,,,-1,50,50,0,0
98,Night,129.141,10.065,4,SubBlock,,,,,139.206,10.048,,,,,0.003,0,,-1,-1,,,-1,50,50,0,0
98,Night,129.141,10.162,4,SubBlock,,,,,139.303,10.145,,,,,0.003,0,,-1,-1,,,-1,50,50,0,0
98,Night,129.141,10.263,4,SubBlock,,,,,139.404,10.246,,,,,0.003,0,,-1,-1,,,-1,50,50,0,0
98,Night,129.141,10.364,4,SubBlock,,,,,139.505,10.347,,,,,0.003,0,,-1,-1,,,-1,50,50,0,0
98,Night,129.141,10.46,4,SubBlock,,,,,139.602,10.444,,,,,0.003,0,,-1,-1,,,-1,50,50,0,0
98,Night,129.141,10.562,4,SubBlock,,,,,139.703,10.545,,,,,0.003,0,,-1,-1,,,-1,50,50,0,0
98,Night,129.141,10.659,4,SubBlock,,,,,139.8,10.642,,,,,0.003,0,,-1,-1,,,-1,50,50,0,0
98,Night,129.141,10.759,4,SubBlock,,,,,139.901,10.743,,,,,0.003,0,,-1,-1,,,-1,50,50,0,0
98,Night,129.141,10.859,4,SubBlock,,,,,140,10.842,,,,,0.003,0,,-1,-1,,,-1,50,50,0,0
98,Night,129.141,10.963,4,SubBlock,,,,,140.105,10.947,,,,,0.003,0,,-1,-1,,,-1,50,50,0,0
98,Night,129.141,11.062,4,SubBlock,,,,,140.204,11.046,,,,,0.003,0,,-1,-1,,,-1,50,50,0,0
98,Night,129.141,11.16,4,SubBlock,,,,,140.302,11.144,,,,,0.003,0,,-1,-1,,,-1,50,50,0,0
98,Night,129.141,11.262,4,SubBlock,,,,,140.404,11.246,,,,,0.003,0,,-1,-1,,,-1,50,50,0,0
98,Night,129.141,11.364,4,SubBlock,,,,,140.505,11.347,,,,,0.003,0,,-1,-1,,,-1,50,50,0,0
98,Night,129.141,11.464,4,SubBlock,,,,,140.605,11.447,,,,,0.003,0,,-1,-1,,,-1,50,50,0,0
98,Night,129.141,11.561,4,SubBlock,,,,,140.703,11.545,,,,,0.003,0,,-1,-1,,,-1,50,50,0,0
98,Night,129.141,11.661,4,SubBlock,,,,,140.803,11.645,,,,,0.003,0,,-1,-1,,,-1,50,50,0,0
98,Night,129.141,11.764,4,SubBlock,,,,,140.906,11.748,,,,,0.003,0,,-1,-1,,,-1,50,50,0,0
98,Night,129.141,11.86,4,SubBlock,,,,,141.001,11.843,,,,,0.003,0,,-1,-1,,,-1,50,50,0,0
98,Night,129.141,11.96,4,SubBlock,,,,,141.102,11.944,,,,,0.003,0,,-1,-1,,,-1,50,50,0,0
98,Night,129.141,12.062,4,SubBlock,,,,,141.203,12.045,,,,,0.003,0,,-1,-1,,,-1,50,50,0,0
98,Night,129.141,12.159,4,SubBlock,,,,,141.301,12.143,,,,,0.003,0,,-1,-1,,,-1,50,50,0,0
98,Night,129.141,12.261,4,SubBlock,,,,,141.403,12.245,,,,,0.003,0,,-1,-1,,,-1,50,50,0,0
98,Night,129.141,12.365,4,SubBlock,,,,,141.506,12.348,,,,,0.003,0,,-1,-1,,,-1,50,50,0,0
98,Night,129.141,12.461,4,SubBlock,,,,,141.602,12.444,,,,,0.003,0,,-1,-1,,,-1,50,50,0,0
98,Night,129.141,12.559,4,SubBlock,,,,,141.701,12.543,,,,,0.003,0,,-1,-1,,,-1,50,50,0,0
98,Night,129.141,12.659,4,SubBlock,,,,,141.8,12.642,,,,,0.003,0,,-1,-1,,,-1,50,50,0,0
98,Night,129.141,12.761,4,SubBlock,,,,,141.902,12.744,,,,,0.003,0,,-1,-1,,,-1,50,50,0,0
98,Night,129.141,12.862,4,SubBlock,,,,,142.004,12.846,,,,,0.003,0,,-1,-1,,,-1,50,50,0,0
98,Night,129.141,12.963,4,SubBlock,,,,,142.105,12.947,,,,,0.003,0,,-1,-1,,,-1,50,50,0,0
98,Night,129.141,13.061,4,SubBlock,,,,,142.202,13.045,,,,,0.003,0,,-1,-1,,,-1,50,50,0,0
98,Night,129.141,13.164,4,SubBlock,,,,,142.306,13.148,,,,,0.003,0,,-1,-1,,,-1,50,50,0,0
98,Night,129.141,13.26,4,SubBlock,,,,,142.401,13.243,,,,,0.003,0,,-1,-1,,,-1,50,50,0,0
98,Night,129.141,13.365,4,SubBlock,,,,,142.507,13.349,,,,,0.003,0,,-1,-1,,,-1,50,50,0,0
98,Night,129.141,13.461,4,SubBlock,,,,,142.603,13.445,,,,,0.003,0,,-1,-1,,,-1,50,50,0,0
98,Night,129.141,13.562,4,SubBlock,,,,,142.703,13.545,,,,,0.003,0,,-1,-1,,,-1,50,50,0,0
98,Night,129.141,13.661,4,SubBlock,,,,,142.803,13.645,,,,,0.003,0,,-1,-1,,,-1,50,50,0,0
98,Night,129.141,13.76,4,SubBlock,,,,,142.902,13.744,,,,,0.003,0,,-1,-1,,,-1,50,50,0,0
98,Night,129.141,13.862,4,SubBlock,,,,,143.003,13.845,,,,,0.003,0,,-1,-1,,,-1,50,50,0,0
98,Night,129.141,13.964,4,SubBlock,,,,,143.105,13.947,,,,,0.003,0,,-1,-1,,,-1,50,50,0,0
98,Night,129.141,14.062,4,SubBlock,,,,,143.204,14.046,,,,,0.003,0,,-1,-1,,,-1,50,50,0,0
98,Night,129.141,14.162,4,SubBlock,,,,,143.304,14.146,,,,,0.003,0,,-1,-1,,,-1,50,50,0,0
98,Night,129.141,14.262,4,SubBlock,,,,,143.403,14.245,,,,,0.003,0,,-1,-1,,,-1,50,50,0,0
98,Night,129.141,14.362,4,SubBlock,,,,,143.503,14.345,,,,,0.003,0,,-1,-1,,,-1,50,50,0,0
98,Night,129.141,14.459,4,SubBlock,,,,,143.6,14.443,,,,,0.003,0,,-1,-1,,,-1,50,50,0,0
98,Night,129.141,14.564,4,SubBlock,,,,,143.706,14.548,,,,,0.003,0,,-1,-1,,,-1,50,50,0,0
98,Night,129.141,14.661,4,SubBlock,,,,,143.803,14.645,,,,,0.003,0,,-1,-1,,,-1,50,50,0,0
98,Night,129.141,14.765,4,SubBlock,,,,,143.906,14.748,,,,,0.003,0,,-1,-1,,,-1,50,50,0,0
98,Night,129.141,14.863,4,SubBlock,,,,,144.005,14.847,,,,,0.003,0,,-1,-1,,,-1,50,50,0,0
98,Night,129.141,14.97,4,SubBlock,,,,,144.111,14.953,,,,,0.003,0,,-1,-1,,,-1,50,50,0,0
98,Night,129.141,15.06,4,SubBlock,,,,,144.201,15.043,,,,,0.003,0,,-1,-1,,,-1,50,50,0,0
98,Night,129.141,15.162,4,SubBlock,,,,,144.303,15.146,,,,,0.003,0,,-1,-1,,,-1,50,50,0,0
98,Night,129.141,15.265,4,SubBlock,,,,,144.406,15.248,,,,,0.003,0,,-1,-1,,,-1,50,50,0,0
98,Night,129.141,15.359,4,SubBlock,,,,,144.5,15.342,,,,,0.003,0,,-1,-1,,,-1,50,50,0,0
98,Night,129.141,15.461,4,SubBlock,,,,,144.603,15.445,,,,,0.003,0,,-1,-1,,,-1,50,50,0,0
98,Night,129.141,15.56,4,SubBlock,,,,,144.702,15.544,,,,,0.003,0,,-1,-1,,,-1,50,50,0,0
98,Night,129.141,15.664,4,SubBlock,,,,,144.806,15.648,,,,,0.003,0,,-1,-1,,,-1,50,50,0,0
98,Night,129.141,15.76,4,SubBlock,,,,,144.902,15.744,,,,,0.003,0,,-1,-1,,,-1,50,50,0,0
98,Night,129.141,15.862,4,SubBlock,,,,,145.003,15.845,,,,,0.003,0,,-1,-1,,,-1,50,50,0,0
98,Night,129.141,15.96,4,SubBlock,,,,,145.101,15.943,,,,,0.003,0,,-1,-1,,,-1,50,50,0,0
98,Night,129.141,16.062,4,SubBlock,,,,,145.203,16.045,,,,,0.003,0,,-1,-1,,,-1,50,50,0,0
98,Night,129.141,16.162,4,SubBlock,,,,,145.304,16.146,,,,,0.003,0,,-1,-1,,,-1,50,50,0,0
98,Night,129.141,16.261,4,SubBlock,,,,,145.403,16.245,,,,,0.003,0,,-1,-1,,,-1,50,50,0,0
98,Night,129.141,16.361,4,SubBlock,,,,,145.503,16.345,,,,,0.003,0,,-1,-1,,,-1,50,50,0,0
98,Night,129.141,16.46,4,SubBlock,,,,,145.601,16.443,,,,,0.003,0,,-1,-1,,,-1,50,50,0,0
98,Night,129.141,16.56,4,SubBlock,,,,,145.702,16.544,,,,,0.003,0,,-1,-1,,,-1,50,50,0,0
98,Night,129.141,16.659,4,SubBlock,,,,,145.8,16.642,,,,,0.003,0,,-1,-1,,,-1,50,50,0,0
98,Night,129.141,16.769,4,SubBlock,,,,,145.91,16.752,,,,,0.003,0,,-1,-1,,,-1,50,50,0,0
98,Night,129.141,16.86,4,SubBlock,,,,,146.001,16.843,,,,,0.003,0,,-1,-1,,,-1,50,50,0,0
98,Night,129.141,16.96,4,SubBlock,,,,,146.101,16.944,,,,,0.003,0,,-1,-1,,,-1,50,50,0,0
98,Night,129.141,17.061,4,SubBlock,,,,,146.203,17.045,,,,,0.003,0,,-1,-1,,,-1,50,50,0,0
98,Night,129.141,17.16,4,SubBlock,,,,,146.302,17.144,,,,,0.003,0,,-1,-1,,,-1,50,50,0,0
98,Night,129.141,17.265,4,SubBlock,,,,,146.407,17.249,,,,,0.003,0,,-1,-1,,,-1,50,50,0,0
98,Night,129.141,17.36,4,SubBlock,,,,,146.501,17.343,,,,,0.003,0,,-1,-1,,,-1,50,50,0,0
98,Night,129.141,17.461,4,SubBlock,,,,,146.603,17.445,,,,,0.003,0,,-1,-1,,,-1,50,50,0,0
98,Night,129.141,17.56,4,SubBlock,,,,,146.701,17.543,,,,,0.003,0,,-1,-1,,,-1,50,50,0,0
98,Night,129.141,17.662,4,SubBlock,,,,,146.803,17.646,,,,,0.003,0,,-1,-1,,,-1,50,50,0,0
98,Night,129.141,17.76,4,SubBlock,,,,,146.901,17.743,,,,,0.003,0,,-1,-1,,,-1,50,50,0,0
98,Night,129.141,17.86,4,SubBlock,,,,,147.001,17.843,,,,,0.003,0,,-1,-1,,,-1,50,50,0,0
98,Night,129.141,17.962,4,SubBlock,,,,,147.103,17.945,,,,,0.003,0,,-1,-1,,,-1,50,50,0,0
98,Night,129.141,18.062,4,SubBlock,,,,,147.203,18.045,,,,,0.003,0,,-1,-1,,,-1,50,50,0,0
98,Night,129.141,18.163,4,SubBlock,,,,,147.305,18.147,,,,,0.003,0,,-1,-1,,,-1,50,50,0,0
98,Night,129.141,18.261,4,SubBlock,,,,,147.403,18.245,,,,,0.003,0,,-1,-1,,,-1,50,50,0,0
98,Night,129.141,18.361,4,SubBlock,,,,,147.503,18.345,,,,,0.003,0,,-1,-1,,,-1,50,50,0,0
98,Night,129.141,18.459,4,SubBlock,,,,,147.6,18.442,,,,,0.003,0,,-1,-1,,,-1,50,50,0,0
98,Night,129.141,18.562,4,SubBlock,,,,,147.703,18.545,,,,,0.003,0,,-1,-1,,,-1,50,50,0,0
98,Night,129.141,18.659,4,SubBlock,,,,,147.801,18.643,,,,,0.003,0,,-1,-1,,,-1,50,50,0,0
98,Night,129.141,18.759,4,SubBlock,,,,,147.901,18.743,,,,,0.003,0,,-1,-1,,,-1,50,50,0,0
98,Night,129.141,18.861,4,SubBlock,,,,,148.003,18.845,,,,,0.003,0,,-1,-1,,,-1,50,50,0,0
98,Night,129.141,18.96,4,SubBlock,,,,,148.101,18.943,,,,,0.003,0,,-1,-1,,,-1,50,50,0,0
98,Night,129.141,19.062,4,SubBlock,,,,,148.203,19.046,,,,,0.003,0,,-1,-1,,,-1,50,50,0,0
98,Night,129.141,19.161,4,SubBlock,,,,,148.302,19.145,,,,,0.003,0,,-1,-1,,,-1,50,50,0,0
98,Night,129.141,19.259,4,SubBlock,,,,,148.401,19.243,,,,,0.003,0,,-1,-1,,,-1,50,50,0,0
98,Night,129.141,19.36,4,SubBlock,,,,,148.502,19.344,,,,,0.003,0,,-1,-1,,,-1,50,50,0,0
98,Night,129.141,19.46,4,SubBlock,,,,,148.601,19.443,,,,,0.003,0,,-1,-1,,,-1,50,50,0,0
98,Night,129.141,19.559,4,SubBlock,,,,,148.701,19.543,,,,,0.003,0,,-1,-1,,,-1,50,50,0,0
98,Night,129.141,19.66,4,SubBlock,,,,,148.802,19.644,,,,,0.003,0,,-1,-1,,,-1,50,50,0,0
98,Night,129.141,19.762,4,SubBlock,,,,,148.904,19.746,,,,,0.003,0,,-1,-1,,,-1,50,50,0,0
98,Night,129.141,19.862,4,SubBlock,,,,,149.003,19.845,,,,,0.003,0,,-1,-1,,,-1,50,50,0,0
98,Night,129.141,19.965,4,SubBlock,,,,,149.107,19.949,,,,,0.003,0,,-1,-1,,,-1,50,50,0,0
98,Night,129.141,20.059,4,SubBlock,,,,,149.201,20.043,,,,,0.003,0,,-1,-1,,,-1,50,50,0,0
98,Night,129.141,20.159,4,SubBlock,,,,,149.301,20.143,,,,,0.003,0,,-1,-1,,,-1,50,50,0,0
98,Night,129.141,20.26,4,SubBlock,,,,,149.402,20.244,,,,,0.003,0,,-1,-1,,,-1,50,50,0,0
98,Night,129.141,20.362,4,SubBlock,,,,,149.504,20.346,,,,,0.003,0,,-1,-1,,,-1,50,50,0,0
98,Night,129.141,20.462,4,SubBlock,,,,,149.604,20.446,,,,,0.003,0,,-1,-1,,,-1,50,50,0,0
98,Night,129.141,20.563,4,SubBlock,,,,,149.704,20.546,,,,,0.003,0,,-1,-1,,,-1,50,50,0,0
98,Night,129.141,20.66,4,SubBlock,,,,,149.801,20.643,,,,,0.003,0,,-1,-1,,,-1,50,50,0,0
98,Night,129.141,20.76,4,SubBlock,,,,,149.902,20.744,,,,,0.003,0,,-1,-1,,,-1,50,50,0,0
98,Night,129.141,20.862,4,SubBlock,,,,,150.003,20.845,,,,,0.003,0,,-1,-1,,,-1,50,50,0,0
98,Night,129.141,20.963,4,SubBlock,,,,,150.104,20.946,,,,,0.003,0,,-1,-1,,,-1,50,50,0,0
98,Night,129.141,21.061,4,SubBlock,,,,,150.202,21.044,,,,,0.003,0,,-1,-1,,,-1,50,50,0,0
98,Night,129.141,21.167,4,SubBlock,,,,,150.308,21.15,,,,,0.003,0,,-1,-1,,,-1,50,50,0,0
98,Night,129.141,21.263,4,SubBlock,,,,,150.404,21.247,,,,,0.003,0,,-1,-1,,,-1,50,50,0,0
98,Night,129.141,21.361,4,SubBlock,,,,,150.502,21.344,,,,,0.003,0,,-1,-1,,,-1,50,50,0,0
98,Night,129.141,21.46,4,SubBlock,,,,,150.601,21.443,,,,,0.003,0,,-1,-1,,,-1,50,50,0,0
98,Night,129.141,21.561,4,SubBlock,,,,,150.702,21.544,,,,,0.003,0,,-1,-1,,,-1,50,50,0,0
98,Night,129.141,21.659,4,SubBlock,,,,,150.8,21.643,,,,,0.003,0,,-1,-1,,,-1,50,50,0,0
98,Night,129.141,21.76,4,SubBlock,,,,,150.901,21.743,,,,,0.003,0,,-1,-1,,,-1,50,50,0,0
98,Night,129.141,21.861,4,SubBlock,,,,,151.002,21.844,,,,,0.003,0,,-1,-1,,,-1,50,50,0,0
98,Night,129.141,21.969,4,SubBlock,,,,,151.11,21.952,,,,,0.003,0,,-1,-1,,,-1,50,50,0,0
98,Night,129.141,22.061,4,SubBlock,,,,,151.202,22.044,,,,,0.003,0,,-1,-1,,,-1,50,50,0,0
98,Night,129.141,22.16,4,SubBlock,,,,,151.301,22.143,,,,,0.003,0,,-1,-1,,,-1,50,50,0,0
98,Night,129.141,22.263,4,SubBlock,,,,,151.405,22.247,,,,,0.003,0,,-1,-1,,,-1,50,50,0,0
98,Night,129.141,22.364,4,SubBlock,,,,,151.506,22.348,,,,,0.003,0,,-1,-1,,,-1,50,50,0,0
98,Night,129.141,22.46,4,SubBlock,,,,,151.601,22.443,,,,,0.003,0,,-1,-1,,,-1,50,50,0,0
98,Night,129.141,22.56,4,SubBlock,,,,,151.702,22.544,,,,,0.003,0,,-1,-1,,,-1,50,50,0,0
98,Night,129.141,22.66,4,SubBlock,,,,,151.802,22.644,,,,,0.003,0,,-1,-1,,,-1,50,50,0,0
98,Night,129.141,22.76,4,SubBlock,,,,,151.901,22.743,,,,,0.003,0,,-1,-1,,,-1,50,50,0,0
98,Night,129.141,22.859,4,SubBlock,,,,,152.001,22.843,,,,,0.003,0,,-1,-1,,,-1,50,50,0,0
98,Night,129.141,22.961,4,SubBlock,,,,,152.103,22.945,,,,,0.003,0,,-1,-1,,,-1,50,50,0,0
98,Night,129.141,23.06,4,SubBlock,,,,,152.201,23.043,,,,,0.003,0,,-1,-1,,,-1,50,50,0,0
98,Night,129.141,23.16,4,SubBlock,,,,,152.302,23.144,,,,,0.003,0,,-1,-1,,,-1,50,50,0,0
98,Night,129.141,23.263,4,SubBlock,,,,,152.405,23.247,,,,,0.003,0,,-1,-1,,,-1,50,50,0,0
98,Night,129.141,23.363,4,SubBlock,,,,,152.504,23.346,,,,,0.003,0,,-1,-1,,,-1,50,50,0,0
98,Night,129.141,23.461,4,SubBlock,,,,,152.602,23.444,,,,,0.003,0,,-1,-1,,,-1,50,50,0,0
98,Night,129.141,23.563,4,SubBlock,,,,,152.704,23.546,,,,,0.003,0,,-1,-1,,,-1,50,50,0,0
98,Night,129.141,23.66,4,SubBlock,,,,,152.802,23.644,,,,,0.003,0,,-1,-1,,,-1,50,50,0,0
98,Night,129.141,23.768,4,SubBlock,,,,,152.909,23.751,,,,,0.003,0,,-1,-1,,,-1,50,50,0,0
98,Night,129.141,23.861,4,SubBlock,,,,,153.002,23.845,,,,,0.003,0,,-1,-1,,,-1,50,50,0,0
98,Night,129.141,23.96,4,SubBlock,,,,,153.102,23.944,,,,,0.003,0,,-1,-1,,,-1,50,50,0,0
98,Night,129.141,24.059,4,SubBlock,,,,,153.201,24.043,,,,,0.003,0,,-1,-1,,,-1,50,50,0,0
98,Night,129.141,24.162,4,SubBlock,,,,,153.303,24.145,,,,,0.003,0,,-1,-1,,,-1,50,50,0,0
98,Night,129.141,24.261,4,SubBlock,,,,,153.402,24.245,,,,,0.003,0,,-1,-1,,,-1,50,50,0,0
98,Night,129.141,24.361,4,SubBlock,,,,,153.502,24.344,,,,,0.003,0,,-1,-1,,,-1,50,50,0,0
98,Night,129.141,24.459,4,SubBlock,,,,,153.601,24.443,,,,,0.003,0,,-1,-1,,,-1,50,50,0,0
98,Night,129.141,24.562,4,SubBlock,,,,,153.704,24.546,,,,,0.003,0,,-1,-1,,,-1,50,50,0,0
98,Night,129.141,24.661,4,SubBlock,,,,,153.803,24.645,,,,,0.003,0,,-1,-1,,,-1,50,50,0,0
98,Night,129.141,24.762,4,SubBlock,,,,,153.903,24.745,,,,,0.003,0,,-1,-1,,,-1,50,50,0,0
98,Night,129.141,24.862,4,SubBlock,,,,,154.003,24.845,,,,,0.003,0,,-1,-1,,,-1,50,50,0,0
98,Night,129.141,24.964,4,SubBlock,,,,,154.105,24.948,,,,,0.003,0,,-1,-1,,,-1,50,50,0,0
98,Night,129.141,25.06,4,SubBlock,,,,,154.201,25.044,,,,,0.003,0,,-1,-1,,,-1,50,50,0,0
98,Night,129.141,25.16,4,SubBlock,,,,,154.302,25.144,,,,,0.003,0,,-1,-1,,,-1,50,50,0,0
98,Night,129.141,25.262,4,SubBlock,,,,,154.404,25.246,,,,,0.003,0,,-1,-1,,,-1,50,50,0,0
98,Night,129.141,25.364,4,SubBlock,,,,,154.505,25.347,,,,,0.003,0,,-1,-1,,,-1,50,50,0,0
98,Night,129.141,25.46,4,SubBlock,,,,,154.602,25.444,,,,,0.003,0,,-1,-1,,,-1,50,50,0,0
98,Night,129.141,25.562,4,SubBlock,,,,,154.703,25.545,,,,,0.003,0,,-1,-1,,,-1,50,50,0,0
98,Night,129.141,25.663,4,SubBlock,,,,,154.804,25.646,,,,,0.003,0,,-1,-1,,,-1,50,50,0,0
98,Night,129.141,25.76,4,SubBlock,,,,,154.901,25.744,,,,,0.003,0,,-1,-1,,,-1,50,50,0,0
98,Night,129.141,25.862,4,SubBlock,,,,,155.004,25.846,,,,,0.003,0,,-1,-1,,,-1,50,50,0,0
98,Night,129.141,25.96,4,SubBlock,,,,,155.101,25.943,,,,,0.003,0,,-1,-1,,,-1,50,50,0,0
98,Night,129.141,26.06,4,SubBlock,,,,,155.201,26.043,,,,,0.003,0,,-1,-1,,,-1,50,50,0,0
98,Night,129.141,26.163,4,SubBlock,,,,,155.305,26.147,,,,,0.003,0,,-1,-1,,,-1,50,50,0,0
98,Night,129.141,26.26,4,SubBlock,,,,,155.401,26.244,,,,,0.003,0,,-1,-1,,,-1,50,50,0,0
98,Night,129.141,26.362,4,SubBlock,,,,,155.503,26.345,,,,,0.003,0,,-1,-1,,,-1,50,50,0,0
98,Night,129.141,26.462,4,SubBlock,,,,,155.603,26.445,,,,,0.003,0,,-1,-1,,,-1,50,50,0,0
98,Night,129.141,26.561,4,SubBlock,,,,,155.702,26.544,,,,,0.003,0,,-1,-1,,,-1,50,50,0,0
98,Night,129.141,26.66,4,SubBlock,,,,,155.801,26.644,,,,,0.003,0,,-1,-1,,,-1,50,50,0,0
98,Night,129.141,26.763,4,SubBlock,,,,,155.904,26.746,,,,,0.003,0,,-1,-1,,,-1,50,50,0,0
98,Night,129.141,26.862,4,SubBlock,,,,,156.004,26.846,,,,,0.003,0,,-1,-1,,,-1,50,50,0,0
98,Night,129.141,26.967,4,SubBlock,,,,,156.108,26.951,,,,,0.003,0,,-1,-1,,,-1,50,50,0,0
98,Night,129.141,27.062,4,SubBlock,,,,,156.203,27.045,,,,,0.003,0,,-1,-1,,,-1,50,50,0,0
98,Night,129.141,27.167,4,SubBlock,,,,,156.309,27.151,,,,,0.003,0,,-1,-1,,,-1,50,50,0,0
98,Night,129.141,27.264,4,SubBlock,,,,,156.405,27.247,,,,,0.003,0,,-1,-1,,,-1,50,50,0,0
98,Night,129.141,27.362,4,SubBlock,,,,,156.504,27.346,,,,,0.003,0,,-1,-1,,,-1,50,50,0,0
98,Night,129.141,27.461,4,SubBlock,,,,,156.603,27.445,,,,,0.003,0,,-1,-1,,,-1,50,50,0,0
98,Night,129.141,27.561,4,SubBlock,,,,,156.703,27.545,,,,,0.003,0,,-1,-1,,,-1,50,50,0,0
98,Night,129.141,27.661,4,SubBlock,,,,,156.803,27.645,,,,,0.003,0,,-1,-1,,,-1,50,50,0,0
98,Night,129.141,27.764,4,SubBlock,,,,,156.905,27.747,,,,,0.003,0,,-1,-1,,,-1,50,50,0,0
98,Night,129.141,27.862,4,SubBlock,,,,,157.003,27.845,,,,,0.003,0,,-1,-1,,,-1,50,50,0,0
98,Night,129.141,27.966,4,SubBlock,,,,,157.108,27.95,,,,,0.003,0,,-1,-1,,,-1,50,50,0,0
98,Night,129.141,28.063,4,SubBlock,,,,,157.204,28.046,,,,,0.003,0,,-1,-1,,,-1,50,50,0,0
98,Night,129.141,28.159,4,SubBlock,,,,,157.301,28.143,,,,,0.003,0,,-1,-1,,,-1,50,50,0,0
98,Night,129.141,28.26,4,SubBlock,,,,,157.402,28.244,,,,,0.003,0,,-1,-1,,,-1,50,50,0,0
98,Night,129.141,28.364,4,SubBlock,,,,,157.505,28.347,,,,,0.003,0,,-1,-1,,,-1,50,50,0,0
98,Night,129.141,28.461,4,SubBlock,,,,,157.603,28.445,,,,,0.003,0,,-1,-1,,,-1,50,50,0,0
98,Night,129.141,28.56,4,SubBlock,,,,,157.701,28.544,,,,,0.003,0,,-1,-1,,,-1,50,50,0,0
98,Night,129.141,28.663,4,SubBlock,,,,,157.804,28.646,,,,,0.003,0,,-1,-1,,,-1,50,50,0,0
98,Night,129.141,28.763,4,SubBlock,,,,,157.904,28.746,,,,,0.003,0,,-1,-1,,,-1,50,50,0,0
98,Night,129.141,28.86,4,SubBlock,,,,,158.002,28.844,,,,,0.003,0,,-1,-1,,,-1,50,50,0,0
98,Night,129.141,28.96,4,SubBlock,,,,,158.102,28.944,,,,,0.003,0,,-1,-1,,,-1,50,50,0,0
98,Night,129.141,29.059,4,SubBlock,,,,,158.201,29.043,,,,,0.003,0,,-1,-1,,,-1,50,50,0,0
98,Night,129.141,29.161,4,SubBlock,,,,,158.303,29.145,,,,,0.003,0,,-1,-1,,,-1,50,50,0,0
98,Night,129.141,29.262,4,SubBlock,,,,,158.403,29.245,,,,,0.003,0,,-1,-1,,,-1,50,50,0,0
98,Night,129.141,29.362,4,SubBlock,,,,,158.504,29.346,,,,,0.003,0,,-1,-1,,,-1,50,50,0,0
98,Night,129.141,29.463,4,SubBlock,,,,,158.604,29.446,,,,,0.003,0,,-1,-1,,,-1,50,50,0,0
98,Night,129.141,29.561,4,SubBlock,,,,,158.702,29.544,,,,,0.003,0,,-1,-1,,,-1,50,50,0,0
98,Night,129.141,29.662,4,SubBlock,,,,,158.803,29.645,,,,,0.003,0,,-1,-1,,,-1,50,50,0,0
98,Night,129.141,29.766,4,SubBlock,,,,,158.907,29.75,,,,,0.003,0,,-1,-1,,,-1,50,50,0,0
98,Night,129.141,29.863,4,SubBlock,,,,,159.004,29.846,,,,,0.003,0,,-1,-1,,,-1,50,50,0,0
98,Night,129.141,29.962,4,SubBlock,,,,,159.103,29.945,,,,,0.003,0,,-1,-1,,,-1,50,50,0,0
98,Night,129.141,30.061,4,SubBlock,,,,,159.202,30.044,,,,,0.003,0,,-1,-1,,,-1,50,50,0,0
98,Night,129.141,30.162,4,SubBlock,,,,,159.304,30.146,,,,,0.003,0,,-1,-1,,,-1,50,50,0,0
98,Night,129.141,30.26,4,SubBlock,,,,,159.401,30.243,,,,,0.003,0,,-1,-1,,,-1,50,50,0,0
98,Night,129.141,30.368,4,SubBlock,,,,,159.509,30.351,,,,,0.003,0,,-1,-1,,,-1,50,50,0,0
98,Night,129.141,30.463,4,SubBlock,,,,,159.604,30.446,,,,,0.003,0,,-1,-1,,,-1,50,50,0,0
98,Night,129.141,30.562,4,SubBlock,,,,,159.704,30.546,,,,,0.003,0,,-1,-1,,,-1,50,50,0,0
98,Night,129.141,30.66,4,SubBlock,,,,,159.802,30.644,,,,,0.003,0,,-1,-1,,,-1,50,50,0,0
98,Night,129.141,30.76,4,SubBlock,,,,,159.901,30.743,,,,,0.003,0,,-1,-1,,,-1,50,50,0,0
98,Night,129.141,30.863,4,SubBlock,,,,,160.004,30.846,,,,,0.003,0,,-1,-1,,,-1,50,50,0,0
98,Night,129.141,30.966,4,SubBlock,,,,,160.107,30.949,,,,,0.003,0,,-1,-1,,,-1,50,50,0,0
98,Night,129.141,31.061,4,SubBlock,,,,,160.202,31.044,,,,,0.003,0,,-1,-1,,,-1,50,50,0,0
98,Night,129.141,31.16,4,SubBlock,,,,,160.302,31.144,,,,,0.003,0,,-1,-1,,,-1,50,50,0,0
98,Night,129.141,31.262,4,SubBlock,,,,,160.404,31.246,,,,,0.003,0,,-1,-1,,,-1,50,50,0,0
98,Night,129.141,31.362,4,SubBlock,,,,,160.503,31.345,,,,,0.003,0,,-1,-1,,,-1,50,50,0,0
98,Night,129.141,31.461,4,SubBlock,,,,,160.602,31.444,,,,,0.003,0,,-1,-1,,,-1,50,50,0,0
98,Night,129.141,31.561,4,SubBlock,,,,,160.702,31.544,,,,,0.003,0,,-1,-1,,,-1,50,50,0,0
98,Night,129.141,31.663,4,SubBlock,,,,,160.804,31.647,,,,,0.003,0,,-1,-1,,,-1,50,50,0,0
98,Night,129.141,31.768,4,SubBlock,,,,,160.91,31.752,,,,,0.003,0,,-1,-1,,,-1,50,50,0,0
98,Night,129.141,31.862,4,SubBlock,,,,,161.003,31.845,,,,,0.003,0,,-1,-1,,,-1,50,50,0,0
98,Night,129.141,31.96,4,SubBlock,,,,,161.101,31.943,,,,,0.003,0,,-1,-1,,,-1,50,50,0,0
98,Night,129.141,32.062,4,SubBlock,,,,,161.203,32.045,,,,,0.003,0,,-1,-1,,,-1,50,50,0,0
98,Night,129.141,32.162,4,SubBlock,,,,,161.303,32.145,,,,,0.003,0,,-1,-1,,,-1,50,50,0,0
98,Night,129.141,32.26,4,SubBlock,,,,,161.401,32.243,,,,,0.003,0,,-1,-1,,,-1,50,50,0,0
98,Night,129.141,32.36,4,SubBlock,,,,,161.501,32.343,,,,,0.003,0,,-1,-1,,,-1,50,50,0,0
98,Night,129.141,32.463,4,SubBlock,,,,,161.604,32.446,,,,,0.003,0,,-1,-1,,,-1,50,50,0,0
98,Night,129.141,32.563,4,SubBlock,,,,,161.704,32.546,,,,,0.003,0,,-1,-1,,,-1,50,50,0,0
98,Night,129.141,32.66,4,SubBlock,,,,,161.801,32.643,,,,,0.003,0,,-1,-1,,,-1,50,50,0,0
98,Night,129.141,32.76,4,SubBlock,,,,,161.901,32.743,,,,,0.003,0,,-1,-1,,,-1,50,50,0,0
98,Night,129.141,32.863,4,SubBlock,,,,,162.004,32.846,,,,,0.003,0,,-1,-1,,,-1,50,50,0,0
98,Night,129.141,32.961,4,SubBlock,,,,,162.103,32.945,,,,,0.003,0,,-1,-1,,,-1,50,50,0,0
98,Night,129.141,33.06,4,SubBlock,,,,,162.201,33.043,,,,,0.003,0,,-1,-1,,,-1,50,50,0,0
98,Night,129.141,33.163,4,SubBlock,,,,,162.304,33.146,,,,,0.003,0,,-1,-1,,,-1,50,50,0,0
98,Night,129.141,33.263,4,SubBlock,,,,,162.405,33.247,,,,,0.003,0,,-1,-1,,,-1,50,50,0,0
98,Night,129.141,33.362,4,SubBlock,,,,,162.503,33.345,,,,,0.003,0,,-1,-1,,,-1,50,50,0,0
98,Night,129.141,33.464,4,SubBlock,,,,,162.605,33.448,,,,,0.003,0,,-1,-1,,,-1,50,50,0,0
98,Night,129.141,33.56,4,SubBlock,,,,,162.702,33.544,,,,,0.003,0,,-1,-1,,,-1,50,50,0,0
98,Night,129.141,33.662,4,SubBlock,,,,,162.804,33.646,,,,,0.003,0,,-1,-1,,,-1,50,50,0,0
98,Night,129.141,33.762,4,SubBlock,,,,,162.903,33.746,,,,,0.003,0,,-1,-1,,,-1,50,50,0,0
98,Night,129.141,33.862,4,SubBlock,,,,,163.003,33.845,,,,,0.003,0,,-1,-1,,,-1,50,50,0,0
98,Night,129.141,33.963,4,SubBlock,,,,,163.105,33.947,,,,,0.003,0,,-1,-1,,,-1,50,50,0,0
98,Night,129.141,34.064,4,SubBlock,,,,,163.205,34.047,,,,,0.003,0,,-1,-1,,,-1,50,50,0,0
98,Night,129.141,34.163,4,SubBlock,,,,,163.304,34.146,,,,,0.003,0,,-1,-1,,,-1,50,50,0,0
98,Night,129.141,34.261,4,SubBlock,,,,,163.402,34.244,,,,,0.003,0,,-1,-1,,,-1,50,50,0,0
98,Night,129.141,34.362,4,SubBlock,,,,,163.503,34.345,,,,,0.003,0,,-1,-1,,,-1,50,50,0,0
98,Night,129.141,34.461,4,SubBlock,,,,,163.602,34.445,,,,,0.003,0,,-1,-1,,,-1,50,50,0,0
98,Night,129.141,34.567,4,SubBlock,,,,,163.708,34.551,,,,,0.003,0,,-1,-1,,,-1,50,50,0,0
98,Night,129.141,34.662,4,SubBlock,,,,,163.803,34.645,,,,,0.003,0,,-1,-1,,,-1,50,50,0,0
98,Night,164.124,0.044,4,U_Red_L,Main,Expected,Red,Left,164.167,35.009,0,0.859,-0.002,,3.354,0,,-1,-1,,,-1,50,50,0,0
98,Night,164.124,0.098,4,U_Red_L,Main,Expected,Red,Left,164.222,35.064,0,0.859,-0.002,,3.354,0,,-1,-1,,,-1,50,50,0,0
98,Night,164.124,0.114,4,U_Red_L,Main,Expected,Red,Left,164.238,35.08,0,0.836,-0.002,,0,0,,-1,-1,,,-1,50,50,0,0
98,Night,164.124,0.132,4,U_Red_L,Main,Expected,Red,Left,164.256,35.098,0,0.843,-0.002,,0.039,0,,-1,-1,,,-1,50,50,0,0
98,Night,164.124,0.18,4,U_Red_L,Main,Expected,Red,Left,164.304,35.146,0,0.845,-0.002,,0.164,0,,-1,-1,,,-1,50,50,0,0
98,Night,164.124,0.282,4,U_Red_L,Main,Expected,Red,Left,164.405,35.248,0,0.855,-0.002,,0.23,0,,-1,-1,,,-1,50,50,0,0
98,Night,164.124,0.388,4,U_Red_L,Main,Expected,Red,Left,164.511,35.353,0,0.864,-0.002,,0.161,0,,-1,-1,,,-1,50,50,0,0
98,Night,164.124,0.485,4,U_Red_L,Main,Expected,Red,Left,164.608,35.45,0,0.869,-0.002,,0.067,0,,-1,-1,,,-1,50,50,0,0
98,Night,164.124,0.581,4,U_Red_L,Main,Expected,Red,Left,164.705,35.547,0,0.871,-0.002,,0.001,0,,-1,-1,,,-1,50,50,0,0
98,Night,164.124,0.687,4,U_Red_L,Main,Expected,Red,Left,164.81,35.653,0,0.87,-0.002,,0.026,0,,-1,-1,,,-1,50,50,0,0
98,Night,164.124,0.781,4,U_Red_L,Main,Expected,Red,Left,164.905,35.747,0,0.869,-0.002,,0.026,0,,-1,-1,,,-1,50,50,0,0
98,Night,164.124,0.879,4,U_Red_L,Main,Expected,Red,Left,165.002,35.844,0,0.868,-0.002,,0.015,0,,-1,-1,,,-1,50,50,0,0
98,Night,164.124,0.999,4,U_Red_L,Main,Expected,Red,Left,165.122,35.965,0,0.867,-0.002,,0.003,0,,-1,-1,,,-1,50,50,0,0
98,Night,164.124,1.081,4,U_Red_L,Main,Expected,Red,Left,165.205,36.047,0,0.867,0.007,,0.549,0,,-1,-1,,,-1,50,50,0,0
98,Night,164.124,1.179,4,U_Red_L,Main,Expected,Red,Left,165.303,36.145,0,0.867,0.044,,1.236,0,,-1,-1,,,-1,50,50,0,0
98,Night,164.124,1.282,4,U_Red_L,Main,Expected,Red,Left,165.405,36.247,0,0.868,0.114,,1.902,0,,-1,-1,,,-1,50,50,0,0
98,Night,164.124,1.379,4,U_Red_L,Main,Expected,Red,Left,165.502,36.345,0,0.868,0.21,,2.574,0,,-1,-1,,,-1,50,50,0,0
98,Night,164.124,1.488,4,U_Red_L,Main,Expected,Red,Left,165.612,36.454,0,0.868,0.351,,3.246,0,,-1,-1,,,-1,50,50,0,0
98,Night,164.124,1.581,4,U_Red_L,Main,Expected,Red,Left,165.705,36.547,0,0.868,0.5,,3.918,0,,-1,-1,,,-1,50,50,0,0
98,Night,164.124,1.689,4,U_Red_L,Main,Expected,Red,Left,165.813,36.655,0,0.868,0.707,,4.59,0,,-1,-1,,,-1,50,50,0,0
98,Night,164.124,1.78,4,U_Red_L,Main,Expected,Red,Left,165.904,36.746,0,0.868,0.903,,5.262,0,,-1,-1,,,-1,50,50,0,0
98,Night,164.124,1.88,4,U_Red_L,Main,Expected,Red,Left,166.004,36.846,0,0.868,1.155,,5.934,0,,-1,-1,,,-1,50,50,0,0
98,Night,164.124,1.981,4,U_Red_L,Main,Expected,Red,Left,166.104,36.947,0,0.868,1.434,,6.605,0,,-1,-1,,,-1,50,50,0,0
98,Night,164.124,2.091,4,U_Red_L,Main,Expected,Red,Left,166.214,37.056,0,0.868,1.778,,7.277,0,,-1,-1,,,-1,50,50,0,0
98,Night,164.124,2.189,4,U_Red_L,Main,Expected,Red,Left,166.313,37.155,0,0.868,2.108,,7.948,0,,-1,-1,,,-1,50,50,0,0
98,Night,164.124,2.284,4,U_Red_L,Main,Expected,Red,Left,166.408,37.25,0,0.868,2.463,,8.619,0,,-1,-1,,,-1,50,50,0,0
98,Night,164.124,2.389,4,U_Red_L,Main,Expected,Red,Left,166.513,37.355,0,0.868,2.88,,9.29,0,,-1,-1,,,-1,50,50,0,0
98,Night,164.124,2.49,4,U_Red_L,Main,Expected,Red,Left,166.614,37.456,0,0.868,3.32,,9.961,0,,-1,-1,,,-1,50,50,0,0
98,Night,164.124,2.58,4,U_Red_L,Main,Expected,Red,Left,166.704,37.546,0.001,0.868,3.731,,10.631,0,,-1,-1,,,-1,50,50,0,0
98,Night,164.124,2.687,4,U_Red_L,Main,Expected,Red,Left,166.81,37.652,0.001,0.868,4.257,,11.312,0,,-1,-1,,,-1,50,50,0,0
98,Night,164.124,2.781,4,U_Red_L,Main,Expected,Red,Left,166.905,37.747,0.001,0.868,4.748,,11.975,0,,-1,-1,,,-1,50,50,0,0
98,Night,164.124,2.888,4,U_Red_L,Main,Expected,Red,Left,167.011,37.853,0.001,0.869,5.332,,12.645,0,,-1,-1,,,-1,50,50,0,0
98,Night,164.124,2.98,4,U_Red_L,Main,Expected,Red,Left,167.104,37.946,0.001,0.868,5.872,,13.315,0,,-1,-1,,,-1,50,50,0,0
98,Night,164.124,3.09,4,U_Red_L,Main,Expected,Red,Left,167.213,38.056,0.001,0.868,6.54,,13.985,0,,-1,-1,,,-1,50,50,0,0
98,Night,164.124,3.184,4,U_Red_L,Main,Expected,Red,Left,167.307,38.149,0.001,0.868,7.134,,14.655,0,,-1,-1,,,-1,50,50,0,0
98,Night,164.124,3.281,4,U_Red_L,Main,Expected,Red,Left,167.405,38.247,0.001,0.868,7.794,,15.324,0,,-1,-1,,,-1,50,50,0,0
98,Night,164.124,3.392,4,U_Red_L,Main,Expected,Red,Left,167.516,38.358,0.001,0.868,8.57,,15.993,0,,-1,-1,,,-1,50,50,0,0
98,Night,164.124,3.489,4,U_Red_L,Main,Expected,Red,Left,167.613,38.455,0.001,0.868,9.276,,16.663,0,,-1,-1,,,-1,50,50,0,0
98,Night,164.124,3.586,4,U_Red_L,Main,Expected,Red,Left,167.71,38.552,0.001,0.868,10.014,,17.331,0,,-1,-1,,,-1,50,50,0,0
98,Night,164.124,3.68,4,U_Red_L,Main,Expected,Red,Left,167.804,38.646,0.001,0.868,10.762,,18,0,,-1,-1,,,-1,50,50,0,0
98,Night,164.124,3.782,4,U_Red_L,Main,Expected,Red,Left,167.906,38.748,0.001,0.868,11.586,,18.669,0,,-1,-1,,,-1,50,50,0,0
98,Night,164.124,3.887,4,U_Red_L,Main,Expected,Red,Left,168.011,38.853,0.001,0.868,12.495,,19.337,0,,-1,-1,,,-1,50,50,0,0
98,Night,164.124,3.987,4,U_Red_L,Main,Expected,Red,Left,168.111,38.953,0.001,0.868,13.363,,20.006,0,,-1,-1,,,-1,50,50,0,0
98,Night,164.124,4.082,4,U_Red_L,Main,Expected,Red,Left,168.206,39.048,0.001,0.868,14.228,,20.674,0,,-1,-1,,,-1,50,50,0,0
98,Night,164.124,4.181,4,U_Red_L,Main,Expected,Red,Left,168.305,39.147,0,0.868,15.156,,21.342,0,,-1,-1,,,-1,50,50,0,0
98,Night,164.124,4.28,4,U_Red_L,Main,Expected,Red,Left,168.404,39.246,0,0.868,16.118,,22.01,0,,-1,-1,,,-1,50,50,0,0
98,Night,164.124,4.388,4,U_Red_L,Main,Expected,Red,Left,168.511,39.353,0.004,0.868,17.184,,22.588,0,,-1,-1,,,-1,50,50,100,0
98,Night,164.124,4.485,4,U_Red_L,Main,Expected,Red,Left,168.608,39.45,0.058,0.868,18.168,,22.972,0,,-1,-1,,,-1,50,50,100,0
98,Night,164.124,4.587,4,U_Red_L,Main,Expected,Red,Left,168.711,39.553,0.15,0.868,19.227,,23.588,0,,-1,-1,,,-1,50,50,0,0
98,Night,164.124,4.685,4,U_Red_L,Main,Expected,Red,Left,168.809,39.651,0.23,0.868,20.275,,24.22,0,,-1,-1,,,-1,50,50,-100,0
98,Night,164.124,4.792,4,U_Red_L,Main,Expected,Red,Left,168.915,39.758,0.28,0.868,21.442,,24.626,0,,-1,-1,,,-1,50,50,0,0
98,Night,164.124,4.879,4,U_Red_L,Main,Expected,Red,Left,169.003,39.845,0.318,0.868,22.418,,25.278,0,,-1,-1,,,-1,50,50,0,0
98,Night,164.124,4.979,4,U_Red_L,Main,Expected,Red,Left,169.103,39.945,0.371,0.868,23.559,,25.944,0,,-1,-1,,,-1,50,50,0,0
98,Night,164.124,5.089,4,U_Red_L,Main,Expected,Red,Left,169.212,40.054,0.433,0.868,24.854,,26.611,0,,-1,-1,,,-1,50,50,0,0
98,Night,164.124,5.19,4,U_Red_L,Main,Expected,Red,Left,169.313,40.155,0.489,0.868,26.066,,27.277,0,,-1,-1,,,-1,50,50,0,0
98,Night,164.124,5.291,4,U_Red_L,Main,Expected,Red,Left,169.414,40.257,0.544,0.868,27.318,,27.943,0,,-1,-1,,,-1,50,50,0,0
98,Night,164.124,5.388,4,U_Red_L,Main,Expected,Red,Left,169.512,40.354,0.593,0.868,28.536,,28.57,0,,-1,-1,,,-1,50,50,-100,0
98,Night,164.124,5.489,4,U_Red_L,Main,Expected,Red,Left,169.613,40.455,0.601,0.868,29.834,,28.968,0,,-1,-1,,,-1,50,50,0,0
98,Night,164.124,5.579,4,U_Red_L,Main,Expected,Red,Left,169.703,40.545,0.594,0.868,31.011,,29.625,0,,-1,-1,,,-1,50,50,0,0
98,Night,164.124,5.68,4,U_Red_L,Main,Expected,Red,Left,169.803,40.645,0.584,0.868,32.358,,30.289,0,,-1,-1,,,-1,50,50,100,0
98,Night,164.124,5.788,4,U_Red_L,Main,Expected,Red,Left,169.912,40.754,0.598,0.868,33.847,,30.712,0,,-1,-1,,,-1,50,50,0,0
98,Night,164.124,5.889,4,U_Red_L,Main,Expected,Red,Left,170.013,40.855,0.62,0.868,35.251,,31.361,0,,-1,-1,,,-1,50,50,-100,0
98,Night,164.124,5.987,4,U_Red_L,Main,Expected,Red,Left,170.11,40.952,0.603,0.868,36.608,,31.729,0,,-1,-1,,,-1,50,50,0,0
98,Night,164.124,6.092,4,U_Red_L,Main,Expected,Red,Left,170.215,41.057,0.558,0.868,38.132,,32.368,0,,-1,-1,,,-1,50,50,0,0
98,Night,164.124,6.187,4,U_Red_L,Main,Expected,Red,Left,170.31,41.152,0.521,0.868,39.508,,32.996,0,,-1,-1,,,-1,50,50,100,0
98,Night,164.124,6.291,4,U_Red_L,Main,Expected,Red,Left,170.415,41.257,0.516,0.868,41.073,,33.445,0,,-1,-1,,,-1,50,50,0,0
98,Night,164.124,6.393,4,U_Red_L,Main,Expected,Red,Left,170.516,41.358,0.511,0.868,42.584,,34.064,0,,-1,-1,,,-1,50,50,-100,0
98,Night,164.124,6.483,4,U_Red_L,Main,Expected,Red,Left,170.606,41.449,0.468,0.868,43.972,,34.462,0,,-1,-1,,,-1,50,50,0,0
98,Night,164.124,6.579,4,U_Red_L,Main,Expected,Red,Left,170.703,41.545,0.413,0.868,45.465,,34.98,0,,-1,-1,,,-1,50,50,100,0
98,Night,164.124,6.688,4,U_Red_L,Main,Expected,Red,Left,170.812,41.654,0.407,0.868,47.172,,35.411,0,,-1,-1,,,-1,50,50,0,0
98,Night,164.124,6.785,4,U_Red_L,Main,Expected,Red,Left,170.909,41.751,0.408,0.868,48.708,,36.066,0,,-1,-1,,,-1,50,50,0,0
98,Night,164.124,6.887,4,U_Red_L,Main,Expected,Red,Left,171.01,41.853,0.411,0.868,50.376,,36.729,0,,-1,-1,,,-1,50,50,0,0
98,Night,164.124,6.988,4,U_Red_L,Main,Expected,Red,Left,171.112,41.954,0.419,0.868,52.062,,37.392,0,,-1,-1,,,-1,50,50,0,0
98,Night,164.124,7.079,4,U_Red_L,Main,Expected,Red,Left,171.203,42.045,0.441,0.868,53.607,,37.914,0,,-1,-1,,,-1,50,50,100,0
98,Night,164.124,7.184,4,U_Red_L,Main,Expected,Red,Left,171.308,42.15,0.509,0.868,55.378,,38.317,0,,-1,-1,,,-1,50,50,-100,0
98,Night,164.124,7.282,4,U_Red_L,Main,Expected,Red,Left,171.405,42.247,0.547,0.868,57.066,,38.837,0,,-1,-1,,,-1,50,50,0,0
98,Night,164.124,7.385,4,U_Red_L,Main,Expected,Red,Left,171.509,42.351,0.599,0.868,58.873,,39.492,0,,-1,-1,,,-1,50,50,0,0
98,Night,164.124,7.491,4,U_Red_L,Main,Expected,Red,Left,171.614,42.456,0.663,0.868,60.753,,40.154,0,,-1,-1,,,-1,50,50,0,0
98,Night,164.124,7.59,4,U_Red_L,Main,Expected,Red,Left,171.713,42.555,0.728,0.868,62.535,,40.817,0,,-1,-1,,,-1,50,50,0,0
98,Night,164.124,7.681,4,U_Red_L,Main,Expected,Red,Left,171.805,42.647,0.791,0.868,64.22,,41.48,0,,-1,-1,,,-1,50,50,0,0
98,Night,164.124,7.791,4,U_Red_L,Main,Expected,Red,Left,171.915,42.757,0.869,0.868,66.28,,42.143,0,,-1,-1,,,-1,50,50,0,0
98,Night,164.124,7.879,4,U_Red_L,Main,Expected,Red,Left,172.003,42.845,0.913,0.868,67.948,,42.476,0,,-1,-1,,,-1,50,50,-100,0
98,Night,164.124,7.988,4,U_Red_L,Main,Expected,Red,Left,172.112,42.954,0.912,0.868,70.01,,42.445,0,,-1,-1,,,-1,50,50,0,0
98,Night,164.124,8.08,4,U_Red_L,Main,Expected,Red,Left,172.204,43.046,0.902,0.868,71.772,,42.396,0,,-1,-1,,,-1,50,50,-100,0
98,Night,164.124,8.189,4,U_Red_L,Main,Expected,Red,Left,172.313,43.155,0.839,0.868,73.819,,42.195,0,,-1,-1,,,-1,50,50,0,0
98,Night,164.124,8.288,4,U_Red_L,Main,Expected,Red,Left,172.412,43.254,0.752,0.868,75.673,,42.157,0,,-1,-1,,,-1,50,50,0,0
98,Night,164.124,8.385,4,U_Red_L,Main,Expected,Red,Left,172.509,43.351,0.644,0.868,77.502,,42.051,0,,-1,-1,,,-1,50,50,100,0
98,Night,164.124,8.486,4,U_Red_L,Main,Expected,Red,Left,172.609,43.452,0.566,0.868,79.391,,41.769,0,,-1,-1,,,-1,50,50,0,0
98,Night,164.124,8.588,4,U_Red_L,Main,Expected,Red,Left,172.712,43.554,0.5,0.868,81.316,,41.727,0,,-1,-1,,,-1,50,50,0,0
98,Night,164.124,8.686,4,U_Red_L,Main,Expected,Red,Left,172.809,43.651,0.428,0.868,83.114,,41.715,0,,-1,-1,,,-1,50,50,0,0
98,Night,164.124,8.783,4,U_Red_L,Main,Expected,Red,Left,172.907,43.749,0.362,0.868,84.931,,41.702,0,,-1,-1,,,-1,50,50,0,0
98,Night,164.124,8.885,4,U_Red_L,Main,Expected,Red,Left,173.008,43.851,0.305,0.868,86.824,,41.65,0,,-1,-1,,,-1,50,50,-100,0
98,Night,164.124,8.982,4,U_Red_L,Main,Expected,Red,Left,173.106,43.948,0.221,0.868,88.624,,41.355,0,,-1,-1,,,-1,50,50,0,0
98,Night,164.124,9.083,4,U_Red_L,Main,Expected,Red,Left,173.206,44.048,0.112,0.868,90.476,,41.317,0,,-1,-1,,,-1,50,50,0,0
98,Night,164.124,9.186,4,U_Red_L,Main,Expected,Red,Left,173.309,44.151,0.004,0.868,92.383,,41.305,0,,-1,-1,,,-1,50,50,0,0
98,Night,164.124,9.287,4,U_Red_L,Main,Expected,Red,Left,173.41,44.252,-0.085,0.868,94.241,,41.069,0,,-1,-1,,,-1,50,50,0,0
98,Night,164.124,9.387,4,U_Red_L,Main,Expected,Red,Left,173.511,44.353,-0.156,0.868,96.071,,41.025,0,,-1,-1,,,-1,50,50,0,0
98,Night,164.124,9.482,4,U_Red_L,Main,Expected,Red,Left,173.605,44.448,-0.233,0.868,97.821,,41.012,0,,-1,-1,,,-1,50,50,0,0
98,Night,164.124,9.584,4,U_Red_L,Main,Expected,Red,Left,173.708,44.55,-0.317,0.868,99.686,,41.002,0,,-1,-1,,,-1,50,50,0,0
98,Night,164.124,9.68,4,U_Red_L,Main,Expected,Red,Left,173.804,44.646,-0.395,0.868,101.454,,40.993,0,,-1,-1,,,-1,50,50,0,0
98,Night,164.124,9.79,4,U_Red_L,Main,Expected,Red,Left,173.914,44.756,-0.479,0.868,103.483,,40.983,0,,-1,-1,,,-1,50,50,0,0
98,Night,164.124,9.882,4,U_Red_L,Main,Expected,Red,Left,174.005,44.847,-0.544,0.868,105.12,,40.973,0,,-1,-1,,,-1,50,50,0,0
98,Night,164.124,9.985,4,U_Red_L,Main,Expected,Red,Left,174.109,44.951,-0.613,0.868,107.013,,40.963,0,,-1,-1,,,-1,50,50,0,0
98,Night,164.124,10.082,4,U_Red_L,Main,Expected,Red,Left,174.205,45.047,-0.675,0.868,108.796,,40.953,0,,-1,-1,,,-1,50,50,0,0
98,Night,164.124,10.186,4,U_Red_L,Main,Expected,Red,Left,174.309,45.151,-0.737,0.868,110.685,,40.944,0,,-1,-1,,,-1,50,50,0,0
98,Night,164.124,10.294,4,U_Red_L,Main,Expected,Red,Left,174.418,45.26,-0.798,0.868,112.654,,40.934,0,,-1,-1,,,-1,50,50,0,0
98,Night,164.124,10.384,4,U_Red_L,Main,Expected,Red,Left,174.508,45.35,-0.847,0.868,114.313,,40.925,0,,-1,-1,,,-1,50,50,0,0
98,Night,164.124,10.49,4,U_Red_L,Main,Expected,Red,Left,174.613,45.455,-0.903,0.868,116.235,,40.916,0,,-1,-1,,,-1,50,50,0,0
98,Night,164.124,10.601,4,U_Red_L,Main,Expected,Red,Left,174.725,45.567,-0.96,0.868,118.277,,40.905,0,,-1,-1,,,-1,50,50,0,0
98,Night,164.124,10.692,4,U_Red_L,Main,Expected,Red,Left,174.816,45.658,-1.006,0.868,119.951,,40.897,0,,-1,-1,,,-1,50,50,100,0
98,Night,164.124,10.794,4,U_Red_L,Main,Expected,Red,Left,174.917,45.759,-1.021,0.868,121.799,,40.636,0,,-1,-1,,,-1,50,50,0,0
98,Night,164.124,10.891,4,U_Red_L,Main,Expected,Red,Left,175.014,45.856,-1.018,0.868,123.588,,40.608,0,,-1,-1,,,-1,50,50,0,0
98,Night,164.124,10.987,4,U_Red_L,Main,Expected,Red,Left,175.111,45.953,-1.01,0.868,125.289,,40.594,0,,-1,-1,,,-1,50,50,0,0
98,Night,164.124,11.09,4,U_Red_L,Main,Expected,Red,Left,175.213,46.055,-0.988,0.868,127.168,,40.579,0,,-1,-1,,,-1,50,50,0,0
98,Night,164.124,11.195,4,U_Red_L,Main,Expected,Red,Left,175.319,46.161,-0.951,0.868,129.08,,40.562,0,,-1,-1,,,-1,50,50,0,0
98,Night,164.124,11.281,4,U_Red_L,Main,Expected,Red,Left,175.404,46.247,-0.91,0.868,130.634,,40.55,0,,-1,-1,,,-1,50,50,0,0
98,Night,164.124,11.385,4,U_Red_L,Main,Expected,Red,Left,175.509,46.351,-0.85,0.868,132.509,,40.538,0,,-1,-1,,,-1,50,50,0,0
98,Night,164.124,11.485,4,U_Red_L,Main,Expected,Red,Left,175.608,46.451,-0.782,0.868,134.32,,40.526,0,,-1,-1,,,-1,50,50,0,0
98,Night,164.124,11.591,4,U_Red_L,Main,Expected,Red,Left,175.715,46.557,-0.702,0.868,136.26,,40.515,0,,-1,-1,,,-1,50,50,0,0
98,Night,164.124,11.686,4,U_Red_L,Main,Expected,Red,Left,175.809,46.652,-0.626,0.868,137.963,,40.505,0,,-1,-1,,,-1,50,50,0,0
98,Night,164.124,11.784,4,U_Red_L,Main,Expected,Red,Left,175.907,46.75,-0.542,0.868,139.734,,40.496,0,,-1,-1,,,-1,50,50,0,0
98,Night,164.124,11.89,4,U_Red_L,Main,Expected,Red,Left,176.014,46.856,-0.447,0.868,141.658,,40.486,0,,-1,-1,,,-1,50,50,0,0
98,Night,164.124,11.99,4,U_Red_L,Main,Expected,Red,Left,176.114,46.956,-0.355,0.868,143.465,,40.477,0,,-1,-1,,,-1,50,50,0,0
98,Night,164.124,12.081,4,U_Red_L,Main,Expected,Red,Left,176.204,47.046,-0.27,0.868,145.104,,40.468,0,,-1,-1,,,-1,50,50,0,0
98,Night,164.124,12.191,4,U_Red_L,Main,Expected,Red,Left,176.315,47.157,-0.162,0.868,147.134,,40.458,0,,-1,-1,,,-1,50,50,0,0
98,Night,164.124,12.291,4,U_Red_L,Main,Expected,Red,Left,176.414,47.256,-0.084,0.868,148.89,,40.263,0,,-1,-1,,,-1,50,50,-100,0
98,Night,164.124,12.39,4,U_Red_L,Main,Expected,Red,Left,176.514,47.356,-0.038,0.868,150.715,,40.174,0,,-1,-1,,,-1,50,50,0,0
98,Night,164.124,12.488,4,U_Red_L,Main,Expected,Red,Left,176.612,47.454,0.003,0.868,152.444,,40.16,0,,-1,-1,,,-1,50,50,0,0
98,Night,164.124,12.595,4,U_Red_L,Main,Expected,Red,Left,176.719,47.561,0.039,0.868,154.374,,40.144,0,,-1,-1,,,-1,50,50,0,0
98,Night,164.124,12.684,4,U_Red_L,Main,Expected,Red,Left,176.808,47.65,0.057,0.868,155.958,,40.132,0,,-1,-1,,,-1,50,50,0,0
98,Night,164.124,12.782,4,U_Red_L,Main,Expected,Red,Left,176.905,47.747,0.066,0.868,157.711,,40.118,0,,-1,-1,,,-1,50,50,0,0
98,Night,164.124,12.888,4,U_Red_L,Main,Expected,Red,Left,177.011,47.853,0.063,0.868,159.614,,40.106,0,,-1,-1,,,-1,50,50,0,0
98,Night,164.124,12.994,4,U_Red_L,Main,Expected,Red,Left,177.118,47.96,0.049,0.868,161.514,,40.094,0,,-1,-1,,,-1,50,50,0,0
98,Night,164.124,13.082,4,U_Red_L,Main,Expected,Red,Left,177.206,48.048,0.031,0.868,163.097,,40.083,0,,-1,-1,,,-1,50,50,0,0
98,Night,164.124,13.186,4,U_Red_L,Main,Expected,Red,Left,177.309,48.151,0.004,0.868,164.952,,40.073,0,,-1,-1,,,-1,50,50,0,0
98,Night,164.124,13.296,4,U_Red_L,Main,Expected,Red,Left,177.42,48.262,-0.031,0.868,166.931,,40.062,0,,-1,-1,,,-1,50,50,0,0
98,Night,164.124,13.391,4,U_Red_L,Main,Expected,Red,Left,177.515,48.357,-0.066,0.868,168.664,,40.054,0,,-1,-1,,,-1,50,50,0,0
98,Night,164.124,13.485,4,U_Red_L,Main,Expected,Red,Left,177.609,48.451,-0.1,0.868,170.291,,40.045,0,,-1,-1,,,-1,50,50,0,0
98,Night,164.124,13.592,4,U_Red_L,Main,Expected,Red,Left,177.716,48.558,-0.145,0.868,172.257,,40.036,0,,-1,-1,,,-1,50,50,0,0
98,Night,164.124,13.688,4,U_Red_L,Main,Expected,Red,Left,177.812,48.654,-0.184,0.868,173.924,,40.026,0,,-1,-1,,,-1,50,50,0,0
98,Night,164.124,13.781,4,U_Red_L,Main,Expected,Red,Left,177.905,48.747,-0.225,0.868,175.614,,40.017,0,,-1,-1,,,-1,50,50,0,0
98,Night,164.124,13.887,4,U_Red_L,Main,Expected,Red,Left,178.011,48.853,-0.272,0.868,177.504,,40.008,0,,-1,-1,,,-1,50,50,0,0
98,Night,164.124,13.99,4,U_Red_L,Main,Expected,Red,Left,178.113,48.955,-0.318,0.868,179.339,,39.999,0,,-1,-1,,,-1,50,50,0,0
98,Night,164.124,14.09,4,U_Red_L,Main,Expected,Red,Left,178.213,49.055,-0.364,0.868,181.15,,39.99,0,,-1,-1,,,-1,50,50,0,0
98,Night,164.124,14.184,4,U_Red_L,Main,Expected,Red,Left,178.307,49.15,-0.406,0.868,182.801,,39.981,0,,-1,-1,,,-1,50,50,0,0
98,Night,164.124,14.299,4,U_Red_L,Main,Expected,Red,Left,178.423,49.265,-0.458,0.868,184.816,,39.971,0,,-1,-1,,,-1,50,50,0,0
98,Night,164.124,14.38,4,U_Red_L,Main,Expected,Red,Left,178.504,49.346,-0.498,0.868,186.328,,39.963,0,,-1,-1,,,-1,50,50,0,0
98,Night,164.124,14.481,4,U_Red_L,Main,Expected,Red,Left,178.604,49.446,-0.545,0.868,188.117,,39.954,0,,-1,-1,,,-1,50,50,0,0
98,Night,164.124,14.585,4,U_Red_L,Main,Expected,Red,Left,178.709,49.551,-0.593,0.868,189.969,,39.945,0,,-1,-1,,,-1,50,50,0,0
98,Night,164.124,14.681,4,U_Red_L,Main,Expected,Red,Left,178.804,49.646,-0.638,0.868,191.687,,39.936,0,,-1,-1,,,-1,50,50,0,0
98,Night,164.124,14.797,4,U_Red_L,Main,Expected,Red,Left,178.921,49.763,-0.693,0.868,193.772,,39.887,0,,-1,-1,,,-1,50,50,100,0
98,Night,164.124,14.891,4,U_Red_L,Main,Expected,Red,Left,179.014,49.856,-0.703,0.868,195.421,,39.667,0,,-1,-1,,,-1,50,50,0,0
98,Night,164.124,14.991,4,U_Red_L,Main,Expected,Red,Left,179.115,49.957,-0.698,0.868,197.226,,39.64,0,,-1,-1,,,-1,50,50,0,0
98,Night,164.124,15.086,4,U_Red_L,Main,Expected,Red,Left,179.209,50.051,-0.69,0.868,198.869,,39.591,0,,-1,-1,,,-1,50,50,-100,0
98,Night,164.124,15.193,4,U_Red_L,Main,Expected,Red,Left,179.316,50.158,-0.711,0.868,200.767,,39.371,0,,-1,-1,,,-1,50,50,0,0
98,Night,164.124,15.284,4,U_Red_L,Main,Expected,Red,Left,179.408,50.25,-0.729,0.868,202.36,,39.347,0,,-1,-1,,,-1,50,50,0,0
98,Night,164.124,15.385,4,U_Red_L,Main,Expected,Red,Left,179.508,50.35,-0.744,0.868,204.136,,39.337,0,,-1,-1,,,-1,50,50,0,0
98,Night,164.124,15.485,4,U_Red_L,Main,Expected,Red,Left,179.609,50.451,-0.759,0.868,205.895,,39.328,0,,-1,-1,,,-1,50,50,0,0
98,Night,164.124,15.583,4,U_Red_L,Main,Expected,Red,Left,179.707,50.549,-0.779,0.868,207.623,,39.319,0,,-1,-1,,,-1,50,50,0,0
98,Night,164.124,15.689,4,U_Red_L,Main,Expected,Red,Left,179.813,50.655,-0.78,0.868,209.492,,39.075,0,,-1,-1,,,-1,50,50,100,0
98,Night,164.124,15.794,4,U_Red_L,Main,Expected,Red,Left,179.917,50.76,-0.711,0.868,211.31,,38.758,0,,-1,-1,,,-1,50,50,0,0
98,Night,164.124,15.892,4,U_Red_L,Main,Expected,Red,Left,180.015,50.857,-0.619,0.868,212.992,,38.731,0,,-1,-1,,,-1,50,50,0,0
98,Night,164.124,15.995,4,U_Red_L,Main,Expected,Red,Left,180.118,50.96,-0.506,0.868,214.769,,38.709,0,,-1,-1,,,-1,50,50,0,0
98,Night,164.124,16.085,4,U_Red_L,Main,Expected,Red,Left,180.209,51.051,-0.385,0.868,216.33,,38.679,0,,-1,-1,,,-1,50,50,0,0
98,Night,164.124,16.181,4,U_Red_L,Main,Expected,Red,Left,180.305,51.147,-0.233,0.868,217.997,,38.65,0,,-1,-1,,,-1,50,50,0,0
98,Night,164.124,16.294,4,U_Red_L,Main,Expected,Red,Left,180.417,51.259,-0.029,0.868,219.91,,38.625,0,,-1,-1,,,-1,50,50,0,0
98,Night,164.124,16.389,4,U_Red_L,Main,Expected,Red,Left,180.513,51.355,0.166,0.868,221.555,,38.221,0,,-1,-1,,,-1,50,50,0,0
98,Night,164.124,16.483,4,U_Red_L,Main,Expected,Red,Left,180.606,51.448,0.363,0.868,223.112,,37.539,0,,-1,-1,,,-1,50,50,0,0
98,Night,164.124,16.586,4,U_Red_L,Main,Expected,Red,Left,180.709,51.551,0.569,0.868,224.814,,36.63,0,,-1,-1,,,-1,50,50,-100,0
98,Night,164.124,16.692,4,U_Red_L,Main,Expected,Red,Left,180.815,51.657,0.721,0.868,226.556,,35.728,0,,-1,-1,,,-1,50,50,0,0
98,Night,164.124,16.795,4,U_Red_L,Main,Expected,Red,Left,180.918,51.76,0.853,0.868,228.149,,34.914,0,,-1,-1,,,-1,50,50,0,0
98,Night,164.124,16.885,4,U_Red_L,Main,Expected,Red,Left,181.009,51.851,0.96,0.868,229.526,,34.333,0,,-1,-1,,,-1,50,50,0,0
98,Night,164.124,16.987,4,U_Red_L,Main,Expected,Red,Left,181.11,51.952,1.066,0.868,231.077,,33.632,0,,-1,-1,,,-1,50,50,0,0
98,Night,164.124,17.086,4,U_Red_L,Main,Expected,Red,Left,181.21,52.052,1.151,0.868,232.546,,32.933,0,,-1,-1,,,-1,50,50,0,0
98,Night,164.124,17.187,4,U_Red_L,Main,Expected,Red,Left,181.311,52.153,1.223,0.868,234.034,,32.236,0,,-1,-1,,,-1,50,50,0,0
98,Night,164.124,17.282,4,U_Red_L,Main,Expected,Red,Left,181.406,52.248,1.276,0.868,235.396,,31.458,0,,-1,-1,,,-1,50,50,-100,0
98,Night,164.124,17.39,4,U_Red_L,Main,Expected,Red,Left,181.513,52.355,1.279,0.868,236.869,,30.488,0,,-1,-1,,,-1,50,50,0,0
98,Night,164.124,17.487,4,U_Red_L,Main,Expected,Red,Left,181.61,52.452,1.261,0.868,238.168,,29.785,0,,-1,-1,,,-1,50,50,0,0
98,Night,164.124,17.596,4,U_Red_L,Main,Expected,Red,Left,181.72,52.562,1.233,0.868,239.626,,28.975,0,,-1,-1,,,-1,50,50,0,0
98,Night,164.124,17.682,4,U_Red_L,Main,Expected,Red,Left,181.806,52.648,1.202,0.868,240.714,,28.396,0,,-1,-1,,,-1,50,50,0,0
98,Night,164.124,17.781,4,U_Red_L,Main,Expected,Red,Left,181.904,52.746,1.158,0.868,241.964,,27.702,0,,-1,-1,,,-1,50,50,0,0
98,Night,164.124,17.882,4,U_Red_L,Main,Expected,Red,Left,182.006,52.848,1.105,0.868,243.207,,27.01,0,,-1,-1,,,-1,50,50,0,0
98,Night,164.124,17.998,4,U_Red_L,Main,Expected,Red,Left,182.121,52.963,1.04,0.868,244.569,,26.204,0,,-1,-1,,,-1,50,50,0,0
98,Night,164.124,18.089,4,U_Red_L,Main,Expected,Red,Left,182.213,53.055,0.984,0.868,245.65,,25.628,0,,-1,-1,,,-1,50,50,0,0
98,Night,164.124,18.19,4,U_Red_L,Main,Expected,Red,Left,182.313,53.155,0.923,0.868,246.782,,24.938,0,,-1,-1,,,-1,50,50,0,0
98,Night,164.124,18.286,4,U_Red_L,Main,Expected,Red,Left,182.409,53.251,0.865,0.868,247.811,,24.248,0,,-1,-1,,,-1,50,50,0,0
98,Night,164.124,18.384,4,U_Red_L,Main,Expected,Red,Left,182.508,53.35,0.804,0.868,248.87,,23.559,0,,-1,-1,,,-1,50,50,0,0
98,Night,164.124,18.483,4,U_Red_L,Main,Expected,Red,Left,182.606,53.449,0.745,0.868,249.891,,22.869,0,,-1,-1,,,-1,50,50,0,0
98,Night,164.124,18.592,4,U_Red_L,Main,Expected,Red,Left,182.716,53.558,0.68,0.868,251.006,,22.18,0,,-1,-1,,,-1,50,50,0,0
98,Night,164.124,18.685,4,U_Red_L,Main,Expected,Red,Left,182.809,53.651,0.628,0.868,251.89,,21.491,0,,-1,-1,,,-1,50,50,0,0
98,Night,164.124,18.794,4,U_Red_L,Main,Expected,Red,Left,182.917,53.759,0.591,0.868,252.917,,20.567,0,,-1,-1,,,-1,50,50,0,0
98,Night,164.124,18.881,4,U_Red_L,Main,Expected,Red,Left,183.004,53.846,0.579,0.868,253.702,,19.859,0,,-1,-1,,,-1,50,50,0,0
98,Night,164.124,18.984,4,U_Red_L,Main,Expected,Red,Left,183.108,53.95,0.552,0.868,254.604,,19.035,0,,-1,-1,,,-1,50,50,-100,0
98,Night,164.124,19.095,4,U_Red_L,Main,Expected,Red,Left,183.218,54.06,0.476,0.868,255.508,,18.147,0,,-1,-1,,,-1,50,50,0,0
98,Night,164.124,19.185,4,U_Red_L,Main,Expected,Red,Left,183.309,54.151,0.421,0.868,256.229,,17.451,0,,-1,-1,,,-1,50,50,0,0
98,Night,164.124,19.291,4,U_Red_L,Main,Expected,Red,Left,183.415,54.257,0.364,0.868,257.056,,16.763,0,,-1,-1,,,-1,50,50,0,0
98,Night,164.124,19.381,4,U_Red_L,Main,Expected,Red,Left,183.504,54.346,0.32,0.868,257.701,,16.075,0,,-1,-1,,,-1,50,50,0,0
98,Night,164.124,19.497,4,U_Red_L,Main,Expected,Red,Left,183.62,54.462,0.264,0.868,258.509,,15.272,0,,-1,-1,,,-1,50,50,0,0
98,Night,164.124,19.592,4,U_Red_L,Main,Expected,Red,Left,183.715,54.557,0.219,0.868,259.147,,14.699,0,,-1,-1,,,-1,50,50,0,0
98,Night,164.124,19.686,4,U_Red_L,Main,Expected,Red,Left,183.809,54.651,0.177,0.868,259.742,,14.012,0,,-1,-1,,,-1,50,50,100,0
98,Night,164.124,19.792,4,U_Red_L,Main,Expected,Red,Left,183.916,54.758,0.162,0.868,260.392,,13.077,0,,-1,-1,,,-1,50,50,100,0
98,Night,164.124,19.882,4,U_Red_L,Main,Expected,Red,Left,184.006,54.848,0.175,0.868,260.905,,12.32,0,,-1,-1,,,-1,50,50,0,0
98,Night,164.124,19.994,4,U_Red_L,Main,Expected,Red,Left,184.118,54.96,0.168,0.868,261.5,,11.629,0,,-1,-1,,,-1,50,50,0,0
98,Night,164.124,20.082,4,U_Red_L,Main,Expected,Red,Left,184.206,55.048,0.158,0.868,261.942,,10.945,0,,-1,-1,,,-1,50,50,0,0
98,Night,164.124,20.192,4,U_Red_L,Main,Expected,Red,Left,184.316,55.158,0.147,0.867,262.464,,10.258,0,,-1,-1,,,-1,50,50,0,0
98,Night,164.124,20.296,4,U_Red_L,Main,Expected,Red,Left,184.42,55.262,0.137,0.867,262.922,,9.458,0,,-1,-1,,,-1,50,50,0,0
98,Night,164.124,20.381,4,U_Red_L,Main,Expected,Red,Left,184.504,55.347,0.129,0.867,263.27,,8.886,0,,-1,-1,,,-1,50,50,0,0
98,Night,164.124,20.488,4,U_Red_L,Main,Expected,Red,Left,184.612,55.454,0.12,0.868,263.68,,8.199,0,,-1,-1,,,-1,50,50,0,0
98,Night,164.124,20.591,4,U_Red_L,Main,Expected,Red,Left,184.714,55.557,0.112,0.868,264.039,,7.513,0,,-1,-1,,,-1,50,50,0,0
98,Night,164.124,20.698,4,U_Red_L,Main,Expected,Red,Left,184.822,55.664,0.105,0.868,264.372,,6.713,0,,-1,-1,,,-1,50,50,0,0
98,Night,164.124,20.788,4,U_Red_L,Main,Expected,Red,Left,184.911,55.753,0.099,0.868,264.638,,6.141,0,,-1,-1,,,-1,50,50,0,0
98,Night,164.124,20.882,4,U_Red_L,Main,Expected,Red,Left,185.006,55.848,0.093,0.868,264.884,,5.455,0,,-1,-1,,,-1,50,50,0,0
98,Night,164.124,20.993,4,U_Red_L,Main,Expected,Red,Left,185.117,55.959,0.088,0.868,265.138,,4.77,0,,-1,-1,,,-1,50,50,0,0
98,Night,164.124,21.082,4,U_Red_L,Main,Expected,Red,Left,185.206,56.048,0.084,0.868,265.315,,4.084,0,,-1,-1,,,-1,50,50,0,0
98,Night,164.124,21.197,4,U_Red_L,Main,Expected,Red,Left,185.32,56.162,0.08,0.868,265.504,,3.284,0,,-1,-1,,,-1,50,50,0,0
98,Night,164.124,21.291,4,U_Red_L,Main,Expected,Red,Left,185.414,56.257,0.077,0.868,265.63,,2.713,0,,-1,-1,,,-1,50,50,0,0
98,Night,164.124,21.391,4,U_Red_L,Main,Expected,Red,Left,185.515,56.357,0.075,0.868,265.735,,2.027,0,,-1,-1,,,-1,50,50,0,0
98,Night,164.124,21.485,4,U_Red_L,Main,Expected,Red,Left,185.608,56.45,0.073,0.868,265.805,,1.34,0,,-1,-1,,,-1,50,50,0,0
98,Night,164.124,21.582,4,U_Red_L,Main,Expected,Red,Left,185.706,56.548,0.072,0.868,265.849,,0.659,0,,-1,-1,,,-1,50,50,0,0
98,Night,164.124,21.693,4,U_Red_L,Main,Expected,Red,Left,185.817,56.659,0.072,0.868,265.865,,0.004,0,,-1,-1,,,-1,50,50,0,0
98,Night,164.124,21.789,4,U_Red_L,Main,Expected,Red,Left,185.913,56.755,0.072,0.868,265.864,,0.03,0,,-1,-1,,,-1,50,50,0,0
98,Night,164.124,21.883,4,U_Red_L,Main,Expected,Red,Left,186.006,56.848,0.072,0.868,265.863,,0.03,0,,-1,-1,,,-1,50,50,0,0
98,Night,164.124,21.982,4,U_Red_L,Main,Expected,Red,Left,186.105,56.947,0.072,0.868,265.862,,0.03,0,,-1,-1,,,-1,50,50,0,0
98,Night,164.124,22.086,4,U_Red_L,Main,Expected,Red,Left,186.21,57.052,0.072,0.868,265.86,,0.03,0,,-1,-1,,,-1,50,50,0,0
98,Night,164.124,22.185,4,U_Red_L,Main,Expected,Red,Left,186.309,57.151,0.072,0.868,265.859,,0.03,0,,-1,-1,,,-1,50,50,0,0
98,Night,164.124,22.297,4,U_Red_L,Main,Expected,Red,Left,186.421,57.263,0.072,0.868,265.858,,0.03,0,,-1,-1,,,-1,50,50,0,0
98,Night,164.124,22.387,4,U_Red_L,Main,Expected,Red,Left,186.511,57.353,0.072,0.868,265.856,,0.03,0,,-1,-1,,,-1,50,50,0,0
98,Night,164.124,22.492,4,U_Red_L,Main,Expected,Red,Left,186.615,57.457,0.072,0.868,265.855,,0.03,0,,-1,-1,,,-1,50,50,0,0
98,Night,164.124,22.587,4,U_Red_L,Main,Expected,Red,Left,186.711,57.553,0.072,0.868,265.852,,0.275,0,,-1,-1,,,-1,50,50,0,0
98,Night,164.124,22.688,4,U_Red_L,Main,Expected,Red,Left,186.812,57.654,0.073,0.868,265.825,,0.931,0,,-1,-1,,,-1,50,50,0,0
98,Night,164.124,22.785,4,U_Red_L,Main,Expected,Red,Left,186.909,57.751,0.074,0.868,265.771,,1.596,0,,-1,-1,,,-1,50,50,0,0
98,Night,164.124,22.888,4,U_Red_L,Main,Expected,Red,Left,187.011,57.853,0.076,0.868,265.683,,2.268,0,,-1,-1,,,-1,50,50,0,0
98,Night,164.124,22.985,4,U_Red_L,Main,Expected,Red,Left,187.109,57.951,0.078,0.868,265.568,,2.94,0,,-1,-1,,,-1,50,50,0,0
98,Night,164.124,23.081,4,U_Red_L,Main,Expected,Red,Left,187.205,58.047,0.081,0.868,265.428,,3.612,0,,-1,-1,,,-1,50,50,0,0
98,Night,164.124,23.185,4,U_Red_L,Main,Expected,Red,Left,187.309,58.151,0.085,0.868,265.247,,4.284,0,,-1,-1,,,-1,50,50,0,0
98,Night,164.124,23.282,4,U_Red_L,Main,Expected,Red,Left,187.406,58.248,0.09,0.868,265.046,,4.956,0,,-1,-1,,,-1,50,50,0,0
98,Night,164.124,23.392,4,U_Red_L,Main,Expected,Red,Left,187.516,58.358,0.096,0.868,264.782,,5.628,0,,-1,-1,,,-1,50,50,0,0
98,Night,164.124,23.481,4,U_Red_L,Main,Expected,Red,Left,187.604,58.447,0.101,0.868,264.548,,6.299,0,,-1,-1,,,-1,50,50,0,0
98,Night,164.124,23.589,4,U_Red_L,Main,Expected,Red,Left,187.713,58.555,0.108,0.868,264.228,,6.971,0,,-1,-1,,,-1,50,50,0,0
98,Night,164.124,23.696,4,U_Red_L,Main,Expected,Red,Left,187.819,58.661,0.115,0.868,263.882,,7.754,0,,-1,-1,,,-1,50,50,0,0
98,Night,164.124,23.786,4,U_Red_L,Main,Expected,Red,Left,187.909,58.751,0.122,0.868,263.559,,8.313,0,,-1,-1,,,-1,50,50,0,0
98,Night,164.124,23.888,4,U_Red_L,Main,Expected,Red,Left,188.011,58.853,0.131,0.868,263.163,,8.984,0,,-1,-1,,,-1,50,50,0,0
98,Night,164.124,23.987,4,U_Red_L,Main,Expected,Red,Left,188.111,58.953,0.14,0.868,262.748,,9.655,0,,-1,-1,,,-1,50,50,0,0
98,Night,164.124,24.082,4,U_Red_L,Main,Expected,Red,Left,188.206,59.048,0.15,0.868,262.322,,10.326,0,,-1,-1,,,-1,50,50,0,0
98,Night,164.124,24.185,4,U_Red_L,Main,Expected,Red,Left,188.308,59.151,0.16,0.868,261.836,,10.996,0,,-1,-1,,,-1,50,50,0,0
98,Night,164.124,24.286,4,U_Red_L,Main,Expected,Red,Left,188.41,59.252,0.171,0.868,261.327,,11.669,0,,-1,-1,,,-1,50,50,0,0
98,Night,164.124,24.39,4,U_Red_L,Main,Expected,Red,Left,188.513,59.355,0.161,0.869,260.774,,12.14,0,,-1,-1,,,-1,50,50,100,0
98,Night,164.124,24.487,4,U_Red_L,Main,Expected,Red,Left,188.61,59.452,0.116,0.869,260.235,,12.75,0,,-1,-1,,,-1,50,50,100,0
98,Night,164.124,24.581,4,U_Red_L,Main,Expected,Red,Left,188.705,59.547,0.092,0.868,259.68,,13.292,0,,-1,-1,,,-1,50,50,0,0
98,Night,164.124,24.683,4,U_Red_L,Main,Expected,Red,Left,188.806,59.649,0.121,0.868,259.065,,13.923,0,,-1,-1,,,-1,50,50,0,0
98,Night,164.124,24.784,4,U_Red_L,Main,Expected,Red,Left,188.908,59.75,0.175,0.868,258.425,,14.587,0,,-1,-1,,,-1,50,50,0,0
98,Night,164.124,24.882,4,U_Red_L,Main,Expected,Red,Left,189.005,59.847,0.237,0.868,257.779,,15.051,0,,-1,-1,,,-1,50,50,0,0
98,Night,164.124,24.992,4,U_Red_L,Main,Expected,Red,Left,189.116,59.958,0.314,0.868,257.032,,15.048,0,,-1,-1,,,-1,50,50,0,0
98,Night,164.124,25.086,4,U_Red_L,Main,Expected,Red,Left,189.209,60.051,0.378,0.868,256.42,,15.045,0,,-1,-1,,,-1,50,50,0,0
98,Night,164.124,25.183,4,U_Red_L,Main,Expected,Red,Left,189.306,60.149,0.447,0.868,255.767,,15.041,0,,-1,-1,,,-1,50,50,100,0
98,Night,164.124,25.296,4,U_Red_L,Main,Expected,Red,Left,189.42,60.262,0.492,0.868,255.024,,14.111,0,,-1,-1,,,-1,50,50,0,0
98,Night,164.124,25.392,4,U_Red_L,Main,Expected,Red,Left,189.516,60.358,0.534,0.868,254.424,,13.488,0,,-1,-1,,,-1,50,50,0,0
98,Night,164.124,25.487,4,U_Red_L,Main,Expected,Red,Left,189.61,60.453,0.604,0.868,253.894,,12.589,0,,-1,-1,,,-1,50,50,-100,0
98,Night,164.124,25.585,4,U_Red_L,Main,Expected,Red,Left,189.709,60.551,0.72,0.868,253.366,,11.762,0,,-1,-1,,,-1,50,50,-100,0
98,Night,164.124,25.689,4,U_Red_L,Main,Expected,Red,Left,189.813,60.655,0.835,0.868,252.843,,10.982,0,,-1,-1,,,-1,50,50,0,0
98,Night,164.124,25.788,4,U_Red_L,Main,Expected,Red,Left,189.911,60.753,0.896,0.867,252.387,,10.26,0,,-1,-1,,,-1,50,50,0,0
98,Night,164.124,25.895,4,U_Red_L,Main,Expected,Red,Left,190.019,60.861,0.942,0.867,251.914,,9.412,0,,-1,-1,,,-1,50,50,-100,0
98,Night,164.124,25.993,4,U_Red_L,Main,Expected,Red,Left,190.116,60.958,1.003,0.867,251.518,,8.715,0,,-1,-1,,,-1,50,50,-100,0
98,Night,164.124,26.082,4,U_Red_L,Main,Expected,Red,Left,190.206,61.048,1.049,0.868,251.194,,7.962,0,,-1,-1,,,-1,50,50,0,0
98,Night,164.124,26.181,4,U_Red_L,Main,Expected,Red,Left,190.304,61.146,1.074,0.868,250.857,,7.268,0,,-1,-1,,,-1,50,50,0,0
98,Night,164.124,26.289,4,U_Red_L,Main,Expected,Red,Left,190.413,61.255,1.114,0.868,250.529,,6.447,0,,-1,-1,,,-1,50,50,-100,0
98,Night,164.124,26.387,4,U_Red_L,Main,Expected,Red,Left,190.511,61.353,1.148,0.868,250.27,,5.704,0,,-1,-1,,,-1,50,50,0,0
98,Night,164.124,26.49,4,U_Red_L,Main,Expected,Red,Left,190.614,61.456,1.163,0.868,250.018,,4.945,0,,-1,-1,,,-1,50,50,-100,0
98,Night,164.124,26.581,4,U_Red_L,Main,Expected,Red,Left,190.705,61.547,1.189,0.868,249.835,,4.224,0,,-1,-1,,,-1,50,50,-100,0
98,Night,164.124,26.691,4,U_Red_L,Main,Expected,Red,Left,190.815,61.657,1.212,0.868,249.645,,3.503,0,,-1,-1,,,-1,50,50,0,0
98,Night,164.124,26.781,4,U_Red_L,Main,Expected,Red,Left,190.905,61.747,1.22,0.868,249.521,,2.756,0,,-1,-1,,,-1,50,50,-100,0
98,Night,164.124,26.89,4,U_Red_L,Main,Expected,Red,Left,191.014,61.856,1.235,0.868,249.405,,2.069,0,,-1,-1,,,-1,50,50,-100,0
98,Night,164.124,26.982,4,U_Red_L,Main,Expected,Red,Left,191.106,61.948,1.243,0.868,249.334,,1.368,0,,-1,-1,,,-1,50,50,0,0
98,Night,164.124,27.092,4,U_Red_L,Main,Expected,Red,Left,191.215,62.057,1.242,0.868,249.284,,0.722,0,,-1,-1,,,-1,50,50,-100,0
98,Night,164.124,27.192,4,U_Red_L,Main,Expected,Red,Left,191.315,62.157,1.243,0.868,249.27,,0.005,0,,-1,-1,,,-1,50,50,-100,0
98,Night,164.124,27.29,4,U_Red_L,Main,Expected,Red,Left,191.413,62.255,1.241,0.868,249.287,,0.689,0,,-1,-1,,,-1,50,50,-100,0
98,Night,164.124,27.389,4,U_Red_L,Main,Expected,Red,Left,191.512,62.354,1.239,0.868,249.331,,1.341,0,,-1,-1,,,-1,50,50,0,0
98,Night,164.124,27.489,4,U_Red_L,Main,Expected,Red,Left,191.613,62.455,1.24,0.868,249.408,,1.985,0,,-1,-1,,,-1,50,50,-100,0
98,Night,164.124,27.585,4,U_Red_L,Main,Expected,Red,Left,191.708,62.55,1.228,0.868,249.505,,2.632,0,,-1,-1,,,-1,50,50,-100,0
98,Night,164.124,27.688,4,U_Red_L,Main,Expected,Red,Left,191.811,62.653,1.209,0.868,249.64,,3.296,0,,-1,-1,,,-1,50,50,-100,0
98,Night,164.124,27.791,4,U_Red_L,Main,Expected,Red,Left,191.914,62.756,1.194,0.868,249.809,,3.938,0,,-1,-1,,,-1,50,50,0,0
98,Night,164.124,27.888,4,U_Red_L,Main,Expected,Red,Left,192.012,62.854,1.19,0.868,249.994,,4.566,0,,-1,-1,,,-1,50,50,-100,0
98,Night,164.124,27.99,4,U_Red_L,Main,Expected,Red,Left,192.114,62.956,1.163,0.868,250.214,,5.169,0,,-1,-1,,,-1,50,50,-100,0
98,Night,164.124,28.084,4,U_Red_L,Main,Expected,Red,Left,192.208,63.05,1.135,0.868,250.444,,5.801,0,,-1,-1,,,-1,50,50,0,0
98,Night,164.124,28.181,4,U_Red_L,Main,Expected,Red,Left,192.305,63.147,1.121,0.868,250.708,,6.39,0,,-1,-1,,,-1,50,50,-100,0
98,Night,164.124,28.281,4,U_Red_L,Main,Expected,Red,Left,192.405,63.247,1.076,0.868,251.002,,6.996,0,,-1,-1,,,-1,50,50,-100,0
98,Night,164.124,28.391,4,U_Red_L,Main,Expected,Red,Left,192.514,63.356,1.016,0.868,251.354,,7.621,0,,-1,-1,,,-1,50,50,-100,0
98,Night,164.124,28.483,4,U_Red_L,Main,Expected,Red,Left,192.607,63.449,0.959,0.868,251.675,,8.142,0,,-1,-1,,,-1,50,50,-100,0
98,Night,164.124,28.588,4,U_Red_L,Main,Expected,Red,Left,192.712,63.554,0.873,0.868,252.046,,8.134,0,,-1,-1,,,-1,50,50,-100,0
98,Night,164.124,28.688,4,U_Red_L,Main,Expected,Red,Left,192.811,63.653,0.78,0.868,252.397,,8.124,0,,-1,-1,,,-1,50,50,-100,0
98,Night,164.124,28.792,4,U_Red_L,Main,Expected,Red,Left,192.916,63.758,0.672,0.868,252.764,,7.847,0,,-1,-1,,,-1,50,50,-100,0
98,Night,164.124,28.881,4,U_Red_L,Main,Expected,Red,Left,193.005,63.847,0.597,0.868,253.048,,7.116,0,,-1,-1,,,-1,50,50,0,0
98,Night,164.124,28.981,4,U_Red_L,Main,Expected,Red,Left,193.105,63.947,0.537,0.868,253.345,,6.427,0,,-1,-1,,,-1,50,50,0,0
98,Night,164.124,29.081,4,U_Red_L,Main,Expected,Red,Left,193.205,64.047,0.472,0.868,253.609,,5.614,0,,-1,-1,,,-1,50,50,-100,0
98,Night,164.124,29.187,4,U_Red_L,Main,Expected,Red,Left,193.31,64.152,0.391,0.868,253.848,,5.318,0,,-1,-1,,,-1,50,50,-100,0
98,Night,164.124,29.284,4,U_Red_L,Main,Expected,Red,Left,193.408,64.25,0.31,0.868,254.066,,5.312,0,,-1,-1,,,-1,50,50,-100,0
98,Night,164.124,29.392,4,U_Red_L,Main,Expected,Red,Left,193.516,64.358,0.215,0.868,254.308,,5.307,0,,-1,-1,,,-1,50,50,-100,0
98,Night,164.124,29.489,4,U_Red_L,Main,Expected,Red,Left,193.613,64.455,0.13,0.868,254.513,,5.302,0,,-1,-1,,,-1,50,50,0,0
98,Night,164.124,29.582,4,U_Red_L,Main,Expected,Red,Left,193.706,64.548,0.059,0.868,254.726,,5.195,0,,-1,-1,,,-1,50,50,0,0
98,Night,164.124,29.687,4,U_Red_L,Main,Expected,Red,Left,193.81,64.652,-0.002,0.868,254.942,,4.51,0,,-1,-1,,,-1,50,50,-100,0
98,Night,164.124,29.785,4,U_Red_L,Main,Expected,Red,Left,193.909,64.751,-0.065,0.868,255.112,,3.725,0,,-1,-1,,,-1,50,50,-100,0
98,Night,164.124,29.891,4,U_Red_L,Main,Expected,Red,Left,194.015,64.857,-0.131,0.868,255.26,,3.038,0,,-1,-1,,,-1,50,50,-100,0
98,Night,164.124,29.984,4,U_Red_L,Main,Expected,Red,Left,194.107,64.95,-0.178,0.868,255.359,,2.356,0,,-1,-1,,,-1,50,50,-100,0
98,Night,164.124,30.085,4,U_Red_L,Main,Expected,Red,Left,194.208,65.051,-0.217,0.868,255.441,,1.674,0,,-1,-1,,,-1,50,50,-100,0
98,Night,164.124,30.19,4,U_Red_L,Main,Expected,Red,Left,194.314,65.156,-0.243,0.868,255.498,,0.959,0,,-1,-1,,,-1,50,50,0,0
98,Night,164.124,30.297,4,U_Red_L,Main,Expected,Red,Left,194.42,65.262,-0.252,0.868,255.525,,0.206,0,,-1,-1,,,-1,50,50,-100,0
98,Night,164.124,30.391,4,U_Red_L,Main,Expected,Red,Left,194.514,65.356,-0.251,0.868,255.522,,0.368,0,,-1,-1,,,-1,50,50,-100,0
98,Night,164.124,30.486,4,U_Red_L,Main,Expected,Red,Left,194.61,65.452,-0.244,0.868,255.508,,0.387,0,,-1,-1,,,-1,50,50,-100,0
98,Night,164.124,30.581,4,U_Red_L,Main,Expected,Red,Left,194.705,65.547,-0.236,0.868,255.493,,0.387,0,,-1,-1,,,-1,50,50,-100,0
98,Night,164.124,30.687,4,U_Red_L,Main,Expected,Red,Left,194.811,65.653,-0.228,0.868,255.477,,0.386,0,,-1,-1,,,-1,50,50,-100,0
98,Night,164.124,30.783,4,U_Red_L,Main,Expected,Red,Left,194.907,65.749,-0.225,0.868,255.469,,0.146,0,,-1,-1,,,-1,50,50,-100,0
98,Night,164.124,30.885,4,U_Red_L,Main,Expected,Red,Left,195.009,65.851,-0.234,0.868,255.489,,0.837,0,,-1,-1,,,-1,50,50,-100,0
98,Night,164.124,30.992,4,U_Red_L,Main,Expected,Red,Left,195.115,65.958,-0.259,0.868,255.54,,1.503,0,,-1,-1,,,-1,50,50,-100,0
98,Night,164.124,31.093,4,U_Red_L,Main,Expected,Red,Left,195.217,66.059,-0.296,0.868,255.617,,2.168,0,,-1,-1,,,-1,50,50,-100,0
98,Night,164.124,31.19,4,U_Red_L,Main,Expected,Red,Left,195.313,66.156,-0.345,0.868,255.714,,2.832,0,,-1,-1,,,-1,50,50,-100,0
98,Night,164.124,31.3,4,U_Red_L,Main,Expected,Red,Left,195.423,66.266,-0.417,0.868,255.856,,3.607,0,,-1,-1,,,-1,50,50,-100,0
98,Night,164.124,31.389,4,U_Red_L,Main,Expected,Red,Left,195.512,66.354,-0.488,0.868,255.993,,4.161,0,,-1,-1,,,-1,50,50,-100,0
98,Night,164.124,31.489,4,U_Red_L,Main,Expected,Red,Left,195.613,66.455,-0.585,0.868,256.172,,4.824,0,,-1,-1,,,-1,50,50,-100,0
98,Night,164.124,31.582,4,U_Red_L,Main,Expected,Red,Left,195.706,66.548,-0.684,0.868,256.351,,4.98,0,,-1,-1,,,-1,50,50,-100,0
98,Night,164.124,31.69,4,U_Red_L,Main,Expected,Red,Left,195.814,66.656,-0.789,0.868,256.566,,4.872,0,,-1,-1,,,-1,50,50,0,0
98,Night,164.124,31.784,4,U_Red_L,Main,Expected,Red,Left,195.907,66.749,-0.861,0.868,256.741,,4.186,0,,-1,-1,,,-1,50,50,0,0
98,Night,164.124,31.887,4,U_Red_L,Main,Expected,Red,Left,196.01,66.852,-0.927,0.868,256.905,,3.5,0,,-1,-1,,,-1,50,50,0,0
98,Night,164.124,31.982,4,U_Red_L,Main,Expected,Red,Left,196.106,66.948,-0.978,0.868,257.03,,2.815,0,,-1,-1,,,-1,50,50,0,0
98,Night,164.124,32.084,4,U_Red_L,Main,Expected,Red,Left,196.207,67.049,-1.02,0.868,257.136,,2.129,0,,-1,-1,,,-1,50,50,0,0
98,Night,164.124,32.188,4,U_Red_L,Main,Expected,Red,Left,196.311,67.153,-1.051,0.868,257.213,,1.442,0,,-1,-1,,,-1,50,50,0,0
98,Night,164.124,32.299,4,U_Red_L,Main,Expected,Red,Left,196.423,67.265,-1.071,0.868,257.262,,0.656,0,,-1,-1,,,-1,50,50,0,0
98,Night,164.124,32.386,4,U_Red_L,Main,Expected,Red,Left,196.51,67.352,-1.077,0.868,257.276,,0.099,0,,-1,-1,,,-1,50,50,0,0
98,Night,164.124,32.493,4,U_Red_L,Main,Expected,Red,Left,196.617,67.459,-1.072,0.868,257.263,,0.607,0,,-1,-1,,,-1,50,50,0,0
98,Night,164.124,32.584,4,U_Red_L,Main,Expected,Red,Left,196.708,67.55,-1.057,0.868,257.227,,1.271,0,,-1,-1,,,-1,50,50,0,0
98,Night,164.124,32.691,4,U_Red_L,Main,Expected,Red,Left,196.815,67.657,-1.034,0.868,257.17,,1.287,0,,-1,-1,,,-1,50,50,0,0
98,Night,164.124,32.785,4,U_Red_L,Main,Expected,Red,Left,196.909,67.751,-1.014,0.868,257.121,,1.286,0,,-1,-1,,,-1,50,50,0,0
98,Night,164.124,32.885,4,U_Red_L,Main,Expected,Red,Left,197.009,67.851,-0.993,0.868,257.068,,1.286,0,,-1,-1,,,-1,50,50,0,0
98,Night,164.124,32.985,4,U_Red_L,Main,Expected,Red,Left,197.109,67.951,-0.971,0.868,257.014,,1.194,0,,-1,-1,,,-1,50,50,0,0
98,Night,164.124,33.09,4,U_Red_L,Main,Expected,Red,Left,197.214,68.056,-0.956,0.868,256.977,,0.506,0,,-1,-1,,,-1,50,50,0,0
98,Night,164.124,33.189,4,U_Red_L,Main,Expected,Red,Left,197.313,68.155,-0.954,0.868,256.972,,0.173,0,,-1,-1,,,-1,50,50,0,0
98,Night,164.124,33.285,4,U_Red_L,Main,Expected,Red,Left,197.409,68.251,-0.962,0.868,256.992,,0.83,0,,-1,-1,,,-1,50,50,0,0
98,Night,164.124,33.396,4,U_Red_L,Main,Expected,Red,Left,197.52,68.362,-0.984,0.868,257.047,,1.429,0,,-1,-1,,,-1,50,50,0,0
98,Night,164.124,33.493,4,U_Red_L,Main,Expected,Red,Left,197.617,68.459,-1.008,0.868,257.105,,1.429,0,,-1,-1,,,-1,50,50,0,0
98,Night,164.124,33.59,4,U_Red_L,Main,Expected,Red,Left,197.713,68.555,-1.031,0.868,257.162,,1.429,0,,-1,-1,,,-1,50,50,0,0
98,Night,164.124,33.682,4,U_Red_L,Main,Expected,Red,Left,197.806,68.648,-1.053,0.868,257.217,,1.429,0,,-1,-1,,,-1,50,50,0,0
98,Night,164.124,33.791,4,U_Red_L,Main,Expected,Red,Left,197.915,68.757,-1.079,0.868,257.282,,1.428,0,,-1,-1,,,-1,50,50,0,0
98,Night,164.124,33.884,4,U_Red_L,Main,Expected,Red,Left,198.008,68.85,-1.101,0.868,257.337,,1.428,0,,-1,-1,,,-1,50,50,0,0
98,Night,164.124,33.982,4,U_Red_L,Main,Expected,Red,Left,198.106,68.948,-1.124,0.868,257.395,,1.428,0,,-1,-1,,,-1,50,50,0,0
98,Night,164.124,34.081,4,U_Red_L,Main,Expected,Red,Left,198.205,69.047,-1.148,0.868,257.453,,1.428,0,,-1,-1,,,-1,50,50,0,0
98,Night,164.124,34.183,4,U_Red_L,Main,Expected,Red,Left,198.307,69.149,-1.173,0.868,257.515,,1.635,0,,-1,-1,,,-1,50,50,0,0
98,Night,164.124,34.284,4,U_Red_L,Main,Expected,Red,Left,198.408,69.25,-1.205,0.868,257.596,,2.307,0,,-1,-1,,,-1,50,50,0,0
98,Night,164.124,34.382,4,U_Red_L,Main,Expected,Red,Left,198.506,69.348,-1.242,0.868,257.705,,2.918,0,,-1,-1,,,-1,50,50,100,0
98,Night,164.124,34.492,4,U_Red_L,Main,Expected,Red,Left,198.616,69.458,-1.279,0.868,257.862,,3.578,0,,-1,-1,,,-1,50,50,100,0
98,Night,164.124,34.592,4,U_Red_L,Main,Expected,Red,Left,198.715,69.558,-1.327,0.868,258.029,,4.218,0,,-1,-1,,,-1,50,50,0,0
98,Night,164.124,34.689,4,U_Red_L,Main,Expected,Red,Left,198.812,69.654,-1.395,0.868,258.212,,4.889,0,,-1,-1,,,-1,50,50,0,0
98,Night,164.124,34.788,4,U_Red_L,Main,Expected,Red,Left,198.912,69.754,-1.478,0.868,258.432,,5.561,0,,-1,-1,,,-1,50,50,0,0
98,Night,164.124,34.886,4,U_Red_L,Main,Expected,Red,Left,199.01,69.852,-1.561,0.868,258.672,,6.126,0,,-1,-1,,,-1,50,50,100,0
98,Night,164.124,34.991,4,U_Red_L,Main,Expected,Red,Left,199.114,69.957,-1.631,0.868,258.973,,6.752,0,,-1,-1,,,-1,50,50,100,0
98,Night,164.124,35.086,4,U_Red_L,Main,Expected,Red,Left,199.21,70.052,-1.688,0.868,259.264,,7.409,0,,-1,-1,,,-1,50,50,100,0
98,Night,164.124,35.181,4,U_Red_L,Main,Expected,Red,Left,199.305,70.147,-1.744,0.868,259.59,,8.068,0,,-1,-1,,,-1,50,50,100,0
98,Night,164.124,35.284,4,U_Red_L,Main,Expected,Red,Left,199.407,70.249,-1.801,0.868,259.969,,8.727,0,,-1,-1,,,-1,50,50,100,0
98,Night,164.124,35.394,4,U_Red_L,Main,Expected,Red,Left,199.518,70.36,-1.854,0.868,260.416,,9.494,0,,-1,-1,,,-1,50,50,100,0
98,Night,164.124,35.484,4,U_Red_L,Main,Expected,Red,Left,199.607,70.449,-1.89,0.868,260.801,,10.041,0,,-1,-1,,,-1,50,50,100,0
98,Night,164.124,35.591,4,U_Red_L,Main,Expected,Red,Left,199.714,70.556,-1.91,0.869,261.262,,4.913,0,,-1,-1,,,-1,50,50,100,0
98,Night,164.124,35.683,4,U_Red_L,Main,Expected,Red,Left,199.807,70.649,-1.857,0.868,261.482,,5.78,0,,-1,-1,,,-1,50,50,0,0
98,Night,164.124,35.782,4,U_Red_L,Main,Expected,Red,Left,199.906,70.748,-1.866,0.868,261.742,,6.11,0,,-1,-1,,,-1,50,50,0,0
98,Night,164.124,35.887,4,U_Red_L,Main,Expected,Red,Left,200.011,70.853,-1.935,0.867,262.029,,6.631,0,,-1,-1,,,-1,50,50,-100,0
98,Night,164.124,35.993,4,U_Red_L,Main,Expected,Red,Left,200.116,70.959,-1.997,0.868,262.291,,5.013,0,,-1,-1,,,-1,50,50,0,0
98,Night,164.124,36.089,4,U_Red_L,Main,Expected,Red,Left,200.212,71.054,-2.043,0.87,262.493,,4.828,0,,-1,-1,,,-1,50,50,0,0
98,Night,164.124,36.186,4,U_Red_L,Main,Expected,Red,Left,200.309,71.151,-2.091,0.871,262.686,,4.109,0,,-1,-1,,,-1,50,50,0,0
98,Night,164.124,36.283,4,U_Red_L,Main,Expected,Red,Left,200.406,71.249,-2.129,0.873,262.845,,3.361,0,,-1,-1,,,-1,50,50,0,0
98,Night,164.124,36.397,4,U_Red_L,Main,Expected,Red,Left,200.52,71.362,-2.142,0.874,262.948,,0.578,0,,-1,-1,,,-1,50,50,0,0
98,Night,164.124,36.482,4,U_Red_L,Main,Expected,Red,Left,200.606,71.448,-2.141,0.874,262.955,,0.217,0,,-1,-1,,,-1,50,50,0,0
98,Night,164.124,36.599,4,U_Red_L,Main,Expected,Red,Left,200.723,71.565,-2.134,0.873,262.926,,1.015,0,,-1,-1,,,-1,50,50,0,0
98,Night,164.124,36.688,4,U_Red_L,Main,Expected,Red,Left,200.811,71.653,-2.123,0.872,262.877,,1.568,0,,-1,-1,,,-1,50,50,0,0
98,Night,164.124,36.785,4,U_Red_L,Main,Expected,Red,Left,200.908,71.75,-2.103,0.87,262.797,,2.239,0,,-1,-1,,,-1,50,50,0,0
98,Night,164.124,36.89,4,U_Red_L,Main,Expected,Red,Left,201.013,71.855,-2.075,0.87,262.679,,2.911,0,,-1,-1,,,-1,50,50,0,0
98,Night,164.124,36.983,4,U_Red_L,Main,Expected,Red,Left,201.107,71.949,-2.042,0.87,262.547,,3.583,0,,-1,-1,,,-1,50,50,0,0
98,Night,164.124,37.084,4,U_Red_L,Main,Expected,Red,Left,201.208,72.05,-2.001,0.869,262.376,,4.255,0,,-1,-1,,,-1,50,50,0,0
98,Night,164.124,37.197,4,U_Red_L,Main,Expected,Red,Left,201.321,72.163,-1.945,0.868,262.15,,5.039,0,,-1,-1,,,-1,50,50,0,0
98,Night,164.124,37.293,4,U_Red_L,Main,Expected,Red,Left,201.416,72.258,-1.89,0.868,261.925,,5.599,0,,-1,-1,,,-1,50,50,0,0
98,Night,164.124,37.383,4,U_Red_L,Main,Expected,Red,Left,201.507,72.349,-1.834,0.868,261.695,,6.27,0,,-1,-1,,,-1,50,50,0,0
98,Night,164.124,37.49,4,U_Red_L,Main,Expected,Red,Left,201.613,72.455,-1.759,0.868,261.393,,6.883,0,,-1,-1,,,-1,50,50,0,0
98,Night,164.124,37.586,4,U_Red_L,Main,Expected,Red,Left,201.71,72.552,-1.688,0.868,261.102,,6.893,0,,-1,-1,,,-1,50,50,0,0
98,Night,164.124,37.697,4,U_Red_L,Main,Expected,Red,Left,201.82,72.662,-1.607,0.868,260.773,,6.891,0,,-1,-1,,,-1,50,50,0,0
98,Night,164.124,37.787,4,U_Red_L,Main,Expected,Red,Left,201.911,72.753,-1.54,0.868,260.504,,6.89,0,,-1,-1,,,-1,50,50,0,0
98,Night,164.124,37.887,4,U_Red_L,Main,Expected,Red,Left,202.01,72.852,-1.467,0.868,260.203,,6.889,0,,-1,-1,,,-1,50,50,0,0
98,Night,164.124,37.983,4,U_Red_L,Main,Expected,Red,Left,202.106,72.949,-1.396,0.868,259.915,,6.887,0,,-1,-1,,,-1,50,50,0,0
98,Night,164.124,38.09,4,U_Red_L,Main,Expected,Red,Left,202.214,73.056,-1.315,0.869,259.589,,6.885,0,,-1,-1,,,-1,50,50,0,0
98,Night,164.124,38.187,4,U_Red_L,Main,Expected,Red,Left,202.311,73.153,-1.245,0.869,259.305,,6.885,0,,-1,-1,,,-1,50,50,0,0
98,Night,164.124,38.285,4,U_Red_L,Main,Expected,Red,Left,202.409,73.251,-1.174,0.87,259.012,,6.886,0,,-1,-1,,,-1,50,50,0,0
98,Night,164.124,38.394,4,U_Red_L,Main,Expected,Red,Left,202.518,73.36,-1.093,0.871,258.684,,6.887,0,,-1,-1,,,-1,50,50,0,0
98,Night,164.124,38.491,4,U_Red_L,Main,Expected,Red,Left,202.615,73.457,-1.023,0.872,258.394,,6.888,0,,-1,-1,,,-1,50,50,0,0
98,Night,164.124,38.59,4,U_Red_L,Main,Expected,Red,Left,202.714,73.556,-0.951,0.873,258.1,,6.889,0,,-1,-1,,,-1,50,50,0,0
98,Night,164.124,38.692,4,U_Red_L,Main,Expected,Red,Left,202.816,73.658,-0.875,0.874,257.791,,6.89,0,,-1,-1,,,-1,50,50,0,0
98,Night,164.124,38.796,4,U_Red_L,Main,Expected,Red,Left,202.919,73.761,-0.8,0.875,257.485,,6.891,0,,-1,-1,,,-1,50,50,0,0
98,Night,164.124,38.887,4,U_Red_L,Main,Expected,Red,Left,203.01,73.852,-0.734,0.875,257.215,,6.892,0,,-1,-1,,,-1,50,50,0,0
98,Night,164.124,38.996,4,U_Red_L,Main,Expected,Red,Left,203.12,73.962,-0.654,0.876,256.887,,6.868,0,,-1,-1,,,-1,50,50,-100,0
98,Night,164.124,39.088,4,U_Red_L,Main,Expected,Red,Left,203.211,74.053,-0.574,0.878,256.622,,6.791,0,,-1,-1,,,-1,50,50,-100,0
98,Night,164.124,39.187,4,U_Red_L,Main,Expected,Red,Left,203.311,74.153,-0.473,0.879,256.334,,6.772,0,,-1,-1,,,-1,50,50,-100,0
98,Night,164.124,39.286,4,U_Red_L,Main,Expected,Red,Left,203.409,74.251,-0.373,0.881,256.054,,6.77,0,,-1,-1,,,-1,50,50,-100,0
98,Night,164.124,39.389,4,U_Red_L,Main,Expected,Red,Left,203.512,74.354,-0.27,0.882,255.755,,6.757,0,,-1,-1,,,-1,50,50,0,0
98,Night,164.124,39.482,4,U_Red_L,Main,Expected,Red,Left,203.605,74.447,-0.198,0.883,255.487,,6.696,0,,-1,-1,,,-1,50,50,0,0
98,Night,164.124,39.583,4,U_Red_L,Main,Expected,Red,Left,203.706,74.548,-0.138,0.884,255.193,,6.54,0,,-1,-1,,,-1,50,50,0,0
98,Night,164.124,39.7,4,U_Red_L,Main,Expected,Red,Left,203.824,74.666,-0.08,0.886,254.867,,6.131,0,,-1,-1,,,-1,50,50,-100,0
98,Night,164.124,39.788,4,U_Red_L,Main,Expected,Red,Left,203.911,74.753,-0.034,0.887,254.641,,5.789,0,,-1,-1,,,-1,50,50,-100,0
98,Night,164.124,39.884,4,U_Red_L,Main,Expected,Red,Left,204.008,74.85,0.025,0.888,254.405,,5.448,0,,-1,-1,,,-1,50,50,-100,0
98,Night,164.124,39.983,4,U_Red_L,Main,Expected,Red,Left,204.107,74.949,0.084,0.89,254.175,,5.122,0,,-1,-1,,,-1,50,50,0,0
98,Night,164.124,40.085,4,U_Red_L,Main,Expected,Red,Left,204.208,75.05,0.128,0.891,253.956,,4.719,0,,-1,-1,,,-1,50,50,0,0
98,Night,164.124,40.19,4,U_Red_L,Main,Expected,Red,Left,204.313,75.155,0.154,0.892,253.745,,4.36,0,,-1,-1,,,-1,50,50,0,0
98,Night,164.124,40.287,4,U_Red_L,Main,Expected,Red,Left,204.41,75.252,0.171,0.893,253.566,,4.011,0,,-1,-1,,,-1,50,50,0,0
98,Night,164.124,40.386,4,U_Red_L,Main,Expected,Red,Left,204.51,75.352,0.185,0.894,253.396,,3.663,0,,-1,-1,,,-1,50,50,-100,0
98,Night,164.124,40.49,4,U_Red_L,Main,Expected,Red,Left,204.614,75.456,0.207,0.896,253.233,,3.289,0,,-1,-1,,,-1,50,50,-100,0
98,Night,164.124,40.587,4,U_Red_L,Main,Expected,Red,Left,204.711,75.553,0.23,0.897,253.105,,2.962,0,,-1,-1,,,-1,50,50,-100,0
98,Night,164.124,40.69,4,U_Red_L,Main,Expected,Red,Left,204.813,75.655,0.253,0.898,252.977,,2.642,0,,-1,-1,,,-1,50,50,-100,0
98,Night,164.124,40.787,4,U_Red_L,Main,Expected,Red,Left,204.911,75.753,0.266,0.899,252.871,,2.275,0,,-1,-1,,,-1,50,50,0,0
98,Night,164.124,40.883,4,U_Red_L,Main,Expected,Red,Left,205.006,75.849,0.27,0.9,252.781,,1.927,0,,-1,-1,,,-1,50,50,0,0
98,Night,164.124,40.988,4,U_Red_L,Main,Expected,Red,Left,205.111,75.954,0.273,0.901,252.699,,1.575,0,,-1,-1,,,-1,50,50,-100,0
98,Night,164.124,41.087,4,U_Red_L,Main,Expected,Red,Left,205.211,76.053,0.279,0.902,252.637,,1.239,0,,-1,-1,,,-1,50,50,-100,0
98,Night,164.124,41.188,4,U_Red_L,Main,Expected,Red,Left,205.312,76.154,0.286,0.903,252.589,,0.923,0,,-1,-1,,,-1,50,50,-100,0
98,Night,164.124,41.291,4,U_Red_L,Main,Expected,Red,Left,205.415,76.257,0.29,0.904,252.554,,0.586,0,,-1,-1,,,-1,50,50,-100,0
98,Night,164.124,41.391,4,U_Red_L,Main,Expected,Red,Left,205.514,76.356,0.292,0.905,252.535,,0.271,0,,-1,-1,,,-1,50,50,0,0
98,Night,164.124,41.49,4,U_Red_L,Main,Expected,Red,Left,205.614,76.456,0.292,0.906,252.53,,0.033,0,,-1,-1,,,-1,50,50,0,0
98,Night,164.124,41.588,4,U_Red_L,Main,Expected,Red,Left,205.712,76.554,0.291,0.906,252.54,,0.395,0,,-1,-1,,,-1,50,50,-100,0
98,Night,164.124,41.681,4,U_Red_L,Main,Expected,Red,Left,205.805,76.647,0.288,0.906,252.562,,0.703,0,,-1,-1,,,-1,50,50,-100,0
98,Night,164.124,41.784,4,U_Red_L,Main,Expected,Red,Left,205.907,76.749,0.282,0.907,252.599,,1.028,0,,-1,-1,,,-1,50,50,-100,0
98,Night,164.124,41.893,4,U_Red_L,Main,Expected,Red,Left,206.017,76.859,0.274,0.908,252.655,,1.334,0,,-1,-1,,,-1,50,50,-100,0
98,Night,164.124,41.986,4,U_Red_L,Main,Expected,Red,Left,206.11,76.952,0.266,0.908,252.717,,1.649,0,,-1,-1,,,-1,50,50,-100,0
98,Night,164.124,42.085,4,U_Red_L,Main,Expected,Red,Left,206.209,77.051,0.255,0.909,252.795,,1.964,0,,-1,-1,,,-1,50,50,-100,0
98,Night,164.124,42.186,4,U_Red_L,Main,Expected,Red,Left,206.309,77.151,0.241,0.909,252.889,,2.279,0,,-1,-1,,,-1,50,50,-100,0
98,Night,164.124,42.287,4,U_Red_L,Main,Expected,Red,Left,206.411,77.253,0.225,0.91,252.998,,2.594,0,,-1,-1,,,-1,50,50,-100,0
98,Night,164.124,42.398,4,U_Red_L,Main,Expected,Red,Left,206.522,77.364,0.205,0.911,253.134,,2.921,0,,-1,-1,,,-1,50,50,-100,0
98,Night,164.124,42.482,4,U_Red_L,Main,Expected,Red,Left,206.606,77.448,0.188,0.91,253.242,,2.9,0,,-1,-1,,,-1,50,50,-100,0
98,Night,164.124,42.593,4,U_Red_L,Main,Expected,Red,Left,206.717,77.559,0.163,0.912,253.384,,2.886,0,,-1,-1,,,-1,50,50,-100,0
98,Night,164.124,42.69,4,U_Red_L,Main,Expected,Red,Left,206.814,77.656,0.141,0.912,253.506,,2.874,0,,-1,-1,,,-1,50,50,-100,0
98,Night,164.124,42.783,4,U_Red_L,Main,Expected,Red,Left,206.907,77.749,0.118,0.911,253.622,,2.864,0,,-1,-1,,,-1,50,50,-100,0
98,Night,164.124,42.89,4,U_Red_L,Main,Expected,Red,Left,207.014,77.856,0.09,0.912,253.757,,2.854,0,,-1,-1,,,-1,50,50,-100,0
98,Night,164.124,42.989,4,U_Red_L,Main,Expected,Red,Left,207.112,77.955,0.064,0.912,253.879,,2.844,0,,-1,-1,,,-1,50,50,-100,0
98,Night,164.124,43.091,4,U_Red_L,Main,Expected,Red,Left,207.215,78.057,0.036,0.912,254.007,,2.835,0,,-1,-1,,,-1,50,50,-100,0
98,Night,164.124,43.194,4,U_Red_L,Main,Expected,Red,Left,207.317,78.159,0.006,0.912,254.134,,2.826,0,,-1,-1,,,-1,50,50,-100,0
98,Night,164.124,43.283,4,U_Red_L,Main,Expected,Red,Left,207.407,78.249,-0.02,0.912,254.243,,2.817,0,,-1,-1,,,-1,50,50,-100,0
98,Night,164.124,43.39,4,U_Red_L,Main,Expected,Red,Left,207.514,78.356,-0.053,0.912,254.374,,2.809,0,,-1,-1,,,-1,50,50,-100,0
98,Night,164.124,43.483,4,U_Red_L,Main,Expected,Red,Left,207.607,78.449,-0.082,0.912,254.487,,2.801,0,,-1,-1,,,-1,50,50,-100,0
98,Night,164.124,43.597,4,U_Red_L,Main,Expected,Red,Left,207.72,78.563,-0.119,0.912,254.624,,2.798,0,,-1,-1,,,-1,50,50,-100,0
98,Night,164.124,43.686,4,U_Red_L,Main,Expected,Red,Left,207.809,78.651,-0.148,0.912,254.731,,2.787,0,,-1,-1,,,-1,50,50,-100,0
98,Night,164.124,43.784,4,U_Red_L,Main,Expected,Red,Left,207.908,78.75,-0.182,0.912,254.849,,2.78,0,,-1,-1,,,-1,50,50,-100,0
98,Night,164.124,43.894,4,U_Red_L,Main,Expected,Red,Left,208.018,78.86,-0.22,0.912,254.979,,2.773,0,,-1,-1,,,-1,50,50,-100,0
98,Night,164.124,43.984,4,U_Red_L,Main,Expected,Red,Left,208.108,78.95,-0.253,0.912,255.087,,2.767,0,,-1,-1,,,-1,50,50,-100,0
98,Night,164.124,44.085,4,U_Red_L,Main,Expected,Red,Left,208.209,79.051,-0.29,0.912,255.206,,2.761,0,,-1,-1,,,-1,50,50,-100,0
98,Night,164.124,44.193,4,U_Red_L,Main,Expected,Red,Left,208.316,79.159,-0.332,0.912,255.334,,2.756,0,,-1,-1,,,-1,50,50,-100,0
98,Night,164.124,44.293,4,U_Red_L,Main,Expected,Red,Left,208.416,79.258,-0.37,0.912,255.449,,2.751,0,,-1,-1,,,-1,50,50,-100,0
98,Night,164.124,44.399,4,U_Red_L,Main,Expected,Red,Left,208.523,79.365,-0.412,0.912,255.572,,2.751,0,,-1,-1,,,-1,50,50,-100,0
98,Night,164.124,44.489,4,U_Red_L,Main,Expected,Red,Left,208.612,79.454,-0.448,0.911,255.676,,2.742,0,,-1,-1,,,-1,50,50,-100,0
98,Night,164.124,44.591,4,U_Red_L,Main,Expected,Red,Left,208.715,79.557,-0.491,0.912,255.795,,2.738,0,,-1,-1,,,-1,50,50,-100,0
98,Night,164.124,44.692,4,U_Red_L,Main,Expected,Red,Left,208.816,79.658,-0.534,0.911,255.911,,2.734,0,,-1,-1,,,-1,50,50,-100,0
98,Night,164.124,44.788,4,U_Red_L,Main,Expected,Red,Left,208.912,79.754,-0.575,0.911,256.021,,2.731,0,,-1,-1,,,-1,50,50,-100,0
98,Night,164.124,44.89,4,U_Red_L,Main,Expected,Red,Left,209.014,79.856,-0.62,0.911,256.137,,2.728,0,,-1,-1,,,-1,50,50,-100,0
98,Night,164.124,45,4,U_Red_L,Main,Expected,Red,Left,209.123,79.965,-0.669,0.911,256.26,,2.73,0,,-1,-1,,,-1,50,50,-100,0
98,Night,164.124,45.092,4,U_Red_L,Main,Expected,Red,Left,209.215,80.057,-0.711,0.911,256.363,,2.723,0,,-1,-1,,,-1,50,50,-100,0
98,Night,164.124,45.191,4,U_Red_L,Main,Expected,Red,Left,209.315,80.157,-0.758,0.91,256.477,,2.721,0,,-1,-1,,,-1,50,50,-100,0
98,Night,164.124,45.288,4,U_Red_L,Main,Expected,Red,Left,209.411,80.253,-0.804,0.91,256.583,,2.719,0,,-1,-1,,,-1,50,50,-100,0
98,Night,164.124,45.39,4,U_Red_L,Main,Expected,Red,Left,209.514,80.356,-0.854,0.91,256.698,,2.718,0,,-1,-1,,,-1,50,50,-100,0
98,Night,164.124,45.493,4,U_Red_L,Main,Expected,Red,Left,209.616,80.458,-0.904,0.91,256.813,,2.717,0,,-1,-1,,,-1,50,50,-100,0
98,Night,164.124,45.592,4,U_Red_L,Main,Expected,Red,Left,209.716,80.558,-0.955,0.91,256.924,,2.717,0,,-1,-1,,,-1,50,50,-100,0
98,Night,164.124,45.683,4,U_Red_L,Main,Expected,Red,Left,209.807,80.649,-1.001,0.909,257.023,,2.716,0,,-1,-1,,,-1,50,50,-100,0
98,Night,164.124,45.789,4,U_Red_L,Main,Expected,Red,Left,209.913,80.755,-1.056,0.909,257.138,,2.612,0,,-1,-1,,,-1,50,50,-100,0
98,Night,164.124,45.886,4,U_Red_L,Main,Expected,Red,Left,210.009,80.851,-1.102,0.908,257.233,,2.28,0,,-1,-1,,,-1,50,50,-100,0
98,Night,164.124,45.996,4,U_Red_L,Main,Expected,Red,Left,210.119,80.961,-1.148,0.908,257.326,,1.905,0,,-1,-1,,,-1,50,50,-100,0
98,Night,164.124,46.089,4,U_Red_L,Main,Expected,Red,Left,210.213,81.055,-1.181,0.907,257.39,,1.621,0,,-1,-1,,,-1,50,50,-100,0
98,Night,164.124,46.193,4,U_Red_L,Main,Expected,Red,Left,210.317,81.159,-1.213,0.908,257.451,,1.28,0,,-1,-1,,,-1,50,50,-100,0
98,Night,164.124,46.297,4,U_Red_L,Main,Expected,Red,Left,210.421,81.263,-1.237,0.908,257.495,,0.937,0,,-1,-1,,,-1,50,50,-100,0
98,Night,164.124,46.389,4,U_Red_L,Main,Expected,Red,Left,210.512,81.354,-1.254,0.907,257.524,,0.63,0,,-1,-1,,,-1,50,50,-100,0
98,Night,164.124,46.489,4,U_Red_L,Main,Expected,Red,Left,210.613,81.455,-1.265,0.907,257.543,,0.374,0,,-1,-1,,,-1,50,50,0,0
98,Night,164.124,46.585,4,U_Red_L,Main,Expected,Red,Left,210.708,81.55,-1.272,0.908,257.557,,0.36,0,,-1,-1,,,-1,50,50,0,0
98,Night,164.124,46.692,4,U_Red_L,Main,Expected,Red,Left,210.815,81.658,-1.279,0.908,257.572,,0.386,0,,-1,-1,,,-1,50,50,0,0
98,Night,164.124,46.79,4,U_Red_L,Main,Expected,Red,Left,210.914,81.756,-1.285,0.909,257.587,,0.353,0,,-1,-1,,,-1,50,50,0,0
98,Night,164.124,46.893,4,U_Red_L,Main,Expected,Red,Left,211.016,81.858,-1.292,0.909,257.602,,0.349,0,,-1,-1,,,-1,50,50,0,0
98,Night,164.124,46.992,4,U_Red_L,Main,Expected,Red,Left,211.116,81.958,-1.298,0.91,257.616,,0.346,0,,-1,-1,,,-1,50,50,0,0
98,Night,164.124,47.095,4,U_Red_L,Main,Expected,Red,Left,211.219,82.061,-1.305,0.91,257.63,,0.342,0,,-1,-1,,,-1,50,50,0,0
98,Night,164.124,47.195,4,U_Red_L,Main,Expected,Red,Left,211.319,82.161,-1.311,0.911,257.644,,0.339,0,,-1,-1,,,-1,50,50,0,0
98,Night,164.124,47.296,4,U_Red_L,Main,Expected,Red,Left,211.419,82.262,-1.317,0.911,257.658,,0.335,0,,-1,-1,,,-1,50,50,0,0
98,Night,164.124,47.394,4,U_Red_L,Main,Expected,Red,Left,211.518,82.36,-1.323,0.911,257.671,,0.331,0,,-1,-1,,,-1,50,50,0,0
98,Night,164.124,47.486,4,U_Red_L,Main,Expected,Red,Left,211.61,82.452,-1.328,0.911,257.682,,0.153,0,,-1,-1,,,-1,50,50,0,0
98,Night,164.124,47.593,4,U_Red_L,Main,Expected,Red,Left,211.717,82.559,-1.329,0.911,257.682,,0.166,0,,-1,-1,,,-1,50,50,0,0
98,Night,164.124,47.692,4,U_Red_L,Main,Expected,Red,Left,211.816,82.658,-1.329,0.911,257.682,,0.166,0,,-1,-1,,,-1,50,50,0,0
98,Night,164.124,47.79,4,U_Red_L,Main,Expected,Red,Left,211.913,82.755,-1.329,0.913,257.682,,0.012,0,,-1,-1,,,-1,50,50,0,0
98,Night,164.124,47.895,4,U_Red_L,Main,Expected,Red,Left,212.019,82.861,-1.329,0.913,257.682,,0.012,0,,-1,-1,,,-1,50,50,0,0
98,Night,164.124,47.984,4,U_Red_L,Main,Expected,Red,Left,212.108,82.95,-1.329,0.914,257.682,,0.012,0,,-1,-1,,,-1,50,50,0,0
98,Night,164.124,48.083,4,U_Red_L,Main,Expected,Red,Left,212.206,83.048,-1.33,0.914,257.682,,0.012,0,,-1,-1,,,-1,50,50,0,0
