ParticipantID,Block,BlockStartAbs,BlockTimeRel,TrialIndex,Scene,Event,Expectancy,SignalColor,MergeSide,TimeAbs,TrialTimeRel,X,Y,Z,LaneDeviation,SpeedMPH,TrialEnded,TrialEndReason,TrialEndAbs,TrialEndRel,SurveyResponse,SurveyRT
UNKNOWN,0,2.909,0.03,-1,SubBlock,Practice,Expected,Red,Left,2.939,-1,,,,,0,0,,-1,-1,,-1
UNKNOWN,0,2.909,0.128,-1,SubBlock,Practice,Expected,Red,Left,3.037,-1,,,,,0,0,,-1,-1,,-1
UNKNOWN,0,2.909,0.942,-1,SubBlock,Practice,Expected,Red,Left,3.851,-1,,,,,0,0,,-1,-1,,-1
UNKNOWN,0,2.909,1,-1,SubBlock,Practice,Expected,Red,Left,3.909,-1,,,,,0,0,,-1,-1,,-1
UNKNOWN,0,2.909,1.011,-1,SubBlock,Practice,Expected,Red,Left,3.92,-1,,,,,0,0,,-1,-1,,-1
UNKNOWN,0,2.909,1.041,-1,SubBlock,Practice,Expected,Red,Left,3.95,-1,,,,,0,0,,-1,-1,,-1
UNKNOWN,0,2.909,1.045,-1,SubBlock,Practice,Expected,Red,Left,3.954,-1,,,,,0,0,,-1,-1,,-1
UNKNOWN,0,2.909,1.054,-1,SubBlock,Practice,Expected,Red,Left,3.963,-1,,,,,0,0,,-1,-1,,-1
UNKNOWN,0,2.909,1.062,-1,SubBlock,Practice,Expected,Red,Left,3.971,-1,,,,,0,0,,-1,-1,,-1
UNKNOWN,0,2.909,1.072,-1,SubBlock,Practice,Expected,Red,Left,3.981,-1,,,,,0,0,,-1,-1,,-1
UNKNOWN,0,2.909,1.087,-1,SubBlock,Practice,Expected,Red,Left,3.996,-1,,,,,0,0,,-1,-1,,-1
UNKNOWN,0,2.909,1.092,-1,SubBlock,Practice,Expected,Red,Left,4.001,-1,,,,,0,0,,-1,-1,,-1
UNKNOWN,0,2.909,1.102,-1,SubBlock,Practice,Expected,Red,Left,4.011,-1,,,,,0,0,,-1,-1,,-1
UNKNOWN,0,2.909,1.113,-1,SubBlock,Practice,Expected,Red,Left,4.022,-1,,,,,0,0,,-1,-1,,-1
UNKNOWN,0,2.909,1.12,-1,SubBlock,Practice,Expected,Red,Left,4.029,-1,,,,,0,0,,-1,-1,,-1
UNKNOWN,0,2.909,1.13,-1,SubBlock,Practice,Expected,Red,Left,4.039,-1,,,,,0,0,,-1,-1,,-1
UNKNOWN,0,2.909,1.138,-1,SubBlock,Practice,Expected,Red,Left,4.047,-1,,,,,0,0,,-1,-1,,-1
UNKNOWN,0,2.909,1.148,-1,SubBlock,Practice,Expected,Red,Left,4.057,-1,,,,,0,0,,-1,-1,,-1
UNKNOWN,0,2.909,1.159,-1,SubBlock,Practice,Expected,Red,Left,4.068,-1,,,,,0,0,,-1,-1,,-1
UNKNOWN,0,2.909,1.168,-1,SubBlock,Practice,Expected,Red,Left,4.077,-1,,,,,0,0,,-1,-1,,-1
UNKNOWN,0,2.909,1.177,-1,SubBlock,Practice,Expected,Red,Left,4.086,-1,,,,,0,0,,-1,-1,,-1
UNKNOWN,0,2.909,1.186,-1,SubBlock,Practice,Expected,Red,Left,4.095,-1,,,,,0,0,,-1,-1,,-1
UNKNOWN,0,2.909,1.21,-1,SubBlock,Practice,Expected,Red,Left,4.119,-1,,,,,0,0,,-1,-1,,-1
UNKNOWN,0,2.909,1.219,-1,SubBlock,Practice,Expected,Red,Left,4.128,-1,,,,,0,0,,-1,-1,,-1
UNKNOWN,0,2.909,1.222,-1,SubBlock,Practice,Expected,Red,Left,4.131,-1,,,,,0,0,,-1,-1,,-1
UNKNOWN,0,2.909,1.24,-1,SubBlock,Practice,Expected,Red,Left,4.149,-1,,,,,0,0,,-1,-1,,-1
UNKNOWN,0,2.909,1.252,-1,SubBlock,Practice,Expected,Red,Left,4.161,-1,,,,,0,0,,-1,-1,,-1
UNKNOWN,0,2.909,1.257,-1,SubBlock,Practice,Expected,Red,Left,4.166,-1,,,,,0,0,,-1,-1,,-1
UNKNOWN,0,2.909,1.26,-1,SubBlock,Practice,Expected,Red,Left,4.169,-1,,,,,0,0,,-1,-1,,-1
UNKNOWN,0,2.909,1.27,-1,SubBlock,Practice,Expected,Red,Left,4.179,-1,,,,,0,0,,-1,-1,,-1
UNKNOWN,0,2.909,1.283,-1,SubBlock,Practice,Expected,Red,Left,4.192,-1,,,,,0,0,,-1,-1,,-1
UNKNOWN,0,2.909,1.288,-1,SubBlock,Practice,Expected,Red,Left,4.197,-1,,,,,0,0,,-1,-1,,-1
UNKNOWN,0,2.909,1.3,-1,SubBlock,Practice,Expected,Red,Left,4.209,-1,,,,,0,0,,-1,-1,,-1
UNKNOWN,0,2.909,1.309,-1,SubBlock,Practice,Expected,Red,Left,4.218,-1,,,,,0,0,,-1,-1,,-1
UNKNOWN,0,2.909,1.318,-1,SubBlock,Practice,Expected,Red,Left,4.227,-1,,,,,0,0,,-1,-1,,-1
UNKNOWN,0,2.909,1.329,-1,SubBlock,Practice,Expected,Red,Left,4.237,-1,,,,,0,0,,-1,-1,,-1
UNKNOWN,0,2.909,1.338,-1,SubBlock,Practice,Expected,Red,Left,4.247,-1,,,,,0,0,,-1,-1,,-1
UNKNOWN,0,2.909,1.348,-1,SubBlock,Practice,Expected,Red,Left,4.257,-1,,,,,0,0,,-1,-1,,-1
UNKNOWN,0,2.909,1.357,-1,SubBlock,Practice,Expected,Red,Left,4.266,-1,,,,,0,0,,-1,-1,,-1
UNKNOWN,0,2.909,1.37,-1,SubBlock,Practice,Expected,Red,Left,4.279,-1,,,,,0,0,,-1,-1,,-1
UNKNOWN,0,2.909,1.379,-1,SubBlock,Practice,Expected,Red,Left,4.288,-1,,,,,0,0,,-1,-1,,-1
UNKNOWN,0,2.909,1.39,-1,SubBlock,Practice,Expected,Red,Left,4.299,-1,,,,,0,0,,-1,-1,,-1
UNKNOWN,0,2.909,1.397,-1,SubBlock,Practice,Expected,Red,Left,4.306,-1,,,,,0,0,,-1,-1,,-1
UNKNOWN,0,2.909,1.491,-1,SubBlock,Practice,Expected,Red,Left,4.4,-1,,,,,0,0,,-1,-1,,-1
UNKNOWN,0,2.909,1.597,-1,SubBlock,Practice,Expected,Red,Left,4.506,-1,,,,,0,0,,-1,-1,,-1
UNKNOWN,0,2.909,1.691,-1,SubBlock,Practice,Expected,Red,Left,4.6,-1,,,,,0,0,,-1,-1,,-1
UNKNOWN,0,2.909,1.81,-1,SubBlock,Practice,Expected,Red,Left,4.719,-1,,,,,0,0,,-1,-1,,-1
UNKNOWN,0,2.909,1.899,-1,SubBlock,Practice,Expected,Red,Left,4.808,-1,,,,,0,0,,-1,-1,,-1
UNKNOWN,0,2.909,2,-1,SubBlock,Practice,Expected,Red,Left,4.909,-1,,,,,0,0,,-1,-1,,-1
UNKNOWN,0,2.909,2.096,-1,SubBlock,Practice,Expected,Red,Left,5.005,-1,,,,,0,0,,-1,-1,,-1
UNKNOWN,0,2.909,2.2,-1,SubBlock,Practice,Expected,Red,Left,5.109,-1,,,,,0,0,,-1,-1,,-1
UNKNOWN,0,2.909,2.301,-1,SubBlock,Practice,Expected,Red,Left,5.21,-1,,,,,0,0,,-1,-1,,-1
UNKNOWN,0,2.909,2.4,-1,SubBlock,Practice,Expected,Red,Left,5.309,-1,,,,,0,0,,-1,-1,,-1
999,Day,5.755,0.082,0,U_Amb_R,Practice,Expected,Red,Left,5.837,0.447,0,0.837,-0.002,,3.354,0,,-1,-1,,-1
999,Day,5.755,0.181,0,U_Amb_R,Practice,Expected,Red,Left,5.937,0.547,0,0.837,-0.002,,3.354,0,,-1,-1,,-1
999,Day,5.755,0.243,0,U_Amb_R,Practice,Expected,Red,Left,5.999,0.609,0,0.843,-0.002,,0.039,0,,-1,-1,,-1
999,Day,5.755,0.258,0,U_Amb_R,Practice,Expected,Red,Left,6.013,0.623,0,0.844,-0.002,,0.089,0,,-1,-1,,-1
999,Day,5.755,0.278,0,U_Amb_R,Practice,Expected,Red,Left,6.034,0.644,0,0.844,-0.002,,0.131,0,,-1,-1,,-1
999,Day,5.755,0.31,0,U_Amb_R,Practice,Expected,Red,Left,6.066,0.676,0,0.847,-0.002,,0.19,0,,-1,-1,,-1
999,Day,5.755,0.336,0,U_Amb_R,Practice,Expected,Red,Left,6.092,0.702,0,0.849,-0.002,,0.209,0,,-1,-1,,-1
999,Day,5.755,0.367,0,U_Amb_R,Practice,Expected,Red,Left,6.123,0.733,0,0.852,-0.002,,0.23,0,,-1,-1,,-1
999,Day,5.755,0.452,0,U_Amb_R,Practice,Expected,Red,Left,6.208,0.818,0,0.86,-0.002,,0.204,0,,-1,-1,,-1
999,Day,5.755,0.575,0,U_Amb_R,Practice,Expected,Red,Left,6.331,0.941,0,0.868,-0.002,,0.081,0,,-1,-1,,-1
999,Day,5.755,0.662,0,U_Amb_R,Practice,Expected,Red,Left,6.417,1.027,0,0.87,-0.002,,0.018,0,,-1,-1,,-1
999,Day,5.755,0.752,0,U_Amb_R,Practice,Expected,Red,Left,6.508,1.118,0,0.87,0.002,,0.342,0,,-1,-1,,-1
999,Day,5.755,0.864,0,U_Amb_R,Practice,Expected,Red,Left,6.619,1.229,0,0.869,0.038,,1.127,0,,-1,-1,,-1
999,Day,5.755,0.951,0,U_Amb_R,Practice,Expected,Red,Left,6.706,1.316,0,0.868,0.092,,1.679,0,,-1,-1,,-1
999,Day,5.755,1.068,0,U_Amb_R,Practice,Expected,Red,Left,6.823,1.433,0,0.867,0.201,,2.462,0,,-1,-1,,-1
999,Day,5.755,1.154,0,U_Amb_R,Practice,Expected,Red,Left,6.91,1.52,0,0.867,0.308,,3.022,0,,-1,-1,,-1
999,Day,5.755,1.273,0,U_Amb_R,Practice,Expected,Red,Left,7.028,1.638,0,0.867,0.493,,3.806,0,,-1,-1,,-1
999,Day,5.755,1.36,0,U_Amb_R,Practice,Expected,Red,Left,7.116,1.726,0,0.868,0.654,,4.478,0,,-1,-1,,-1
999,Day,5.755,1.449,0,U_Amb_R,Practice,Expected,Red,Left,7.204,1.814,0,0.868,0.841,,5.038,0,,-1,-1,,-1
999,Day,5.755,1.566,0,U_Amb_R,Practice,Expected,Red,Left,7.321,1.931,0,0.868,1.125,,5.822,0,,-1,-1,,-1
999,Day,5.755,1.651,0,U_Amb_R,Practice,Expected,Red,Left,7.407,2.017,0,0.868,1.359,,6.381,0,,-1,-1,,-1
999,Day,5.755,1.77,0,U_Amb_R,Practice,Expected,Red,Left,7.525,2.135,0,0.868,1.721,,7.165,0,,-1,-1,,-1
999,Day,5.755,1.858,0,U_Amb_R,Practice,Expected,Red,Left,7.614,2.224,0,0.868,2.014,,7.836,0,,-1,-1,,-1
999,Day,5.755,1.967,0,U_Amb_R,Practice,Expected,Red,Left,7.722,2.333,0,0.868,2.415,,8.507,0,,-1,-1,,-1
999,Day,5.755,2.055,0,U_Amb_R,Practice,Expected,Red,Left,7.811,2.421,0,0.868,2.763,,9.066,0,,-1,-1,,-1
999,Day,5.755,2.15,0,U_Amb_R,Practice,Expected,Red,Left,7.905,2.515,0,0.868,3.155,,9.737,0,,-1,-1,,-1
999,Day,5.755,2.264,0,U_Amb_R,Practice,Expected,Red,Left,8.019,2.629,0,0.868,3.677,,10.519,0,,-1,-1,,-1
999,Day,5.755,2.352,0,U_Amb_R,Practice,Expected,Red,Left,8.108,2.718,0,0.868,4.101,,11.078,0,,-1,-1,,-1
999,Day,5.755,2.468,0,U_Amb_R,Practice,Expected,Red,Left,8.224,2.834,0,0.868,4.701,,11.863,0,,-1,-1,,-1
999,Day,5.755,2.551,0,U_Amb_R,Practice,Expected,Red,Left,8.307,2.917,0,0.869,5.152,,12.422,0,,-1,-1,,-1
999,Day,5.755,2.667,0,U_Amb_R,Practice,Expected,Red,Left,8.422,3.032,0,0.868,5.809,,13.204,0,,-1,-1,,-1
999,Day,5.755,2.75,0,U_Amb_R,Practice,Expected,Red,Left,8.505,3.115,0,0.868,6.313,,13.762,0,,-1,-1,,-1
999,Day,5.755,2.864,0,U_Amb_R,Practice,Expected,Red,Left,8.619,3.229,0,0.868,7.035,,14.543,0,,-1,-1,,-1
999,Day,5.755,2.947,0,U_Amb_R,Practice,Expected,Red,Left,8.703,3.313,0,0.868,7.588,,15.101,0,,-1,-1,,-1
999,Day,5.755,3.062,0,U_Amb_R,Practice,Expected,Red,Left,8.817,3.427,-0.001,0.868,8.38,,15.882,0,,-1,-1,,-1
999,Day,5.755,3.155,0,U_Amb_R,Practice,Expected,Red,Left,8.911,3.521,-0.001,0.868,9.056,,16.44,0,,-1,-1,,-1
999,Day,5.755,3.254,0,U_Amb_R,Practice,Expected,Red,Left,9.01,3.62,-0.001,0.868,9.803,,17.109,0,,-1,-1,,-1
999,Day,5.755,3.357,0,U_Amb_R,Practice,Expected,Red,Left,9.112,3.722,-0.001,0.868,10.605,,17.889,0,,-1,-1,,-1
999,Day,5.755,3.461,0,U_Amb_R,Practice,Expected,Red,Left,9.216,3.826,-0.001,0.868,11.45,,18.558,0,,-1,-1,,-1
999,Day,5.755,3.553,0,U_Amb_R,Practice,Expected,Red,Left,9.308,3.918,-0.001,0.868,12.218,,19.115,0,,-1,-1,,-1
999,Day,5.755,3.658,0,U_Amb_R,Practice,Expected,Red,Left,9.414,4.024,-0.001,0.868,13.146,,19.894,0,,-1,-1,,-1
999,Day,5.755,3.746,0,U_Amb_R,Practice,Expected,Red,Left,9.502,4.112,-0.002,0.868,13.936,,20.451,0,,-1,-1,,-1
999,Day,5.755,3.852,0,U_Amb_R,Practice,Expected,Red,Left,9.608,4.218,-0.002,0.868,14.918,,21.119,0,,-1,-1,,-1
999,Day,5.755,3.958,0,U_Amb_R,Practice,Expected,Red,Left,9.713,4.323,-0.002,0.868,15.934,,21.898,0,,-1,-1,,-1
999,Day,5.755,4.049,0,U_Amb_R,Practice,Expected,Red,Left,9.804,4.414,-0.002,0.868,16.837,,22.455,0,,-1,-1,,-1
999,Day,5.755,4.155,0,U_Amb_R,Practice,Expected,Red,Left,9.911,4.521,-0.003,0.868,17.921,,23.122,0,,-1,-1,,-1
999,Day,5.755,4.261,0,U_Amb_R,Practice,Expected,Red,Left,10.017,4.627,-0.003,0.868,19.037,,23.901,0,,-1,-1,,-1
999,Day,5.755,4.352,0,U_Amb_R,Practice,Expected,Red,Left,10.108,4.718,-0.003,0.868,20.02,,24.457,0,,-1,-1,,-1
999,Day,5.755,4.455,0,U_Amb_R,Practice,Expected,Red,Left,10.211,4.821,-0.004,0.868,21.174,,25.124,0,,-1,-1,,-1
999,Day,5.755,4.547,0,U_Amb_R,Practice,Expected,Red,Left,10.303,4.913,-0.004,0.868,22.216,,25.791,0,,-1,-1,,-1
999,Day,5.755,4.653,0,U_Amb_R,Practice,Expected,Red,Left,10.409,5.019,-0.005,0.868,23.448,,26.458,0,,-1,-1,,-1
999,Day,5.755,4.757,0,U_Amb_R,Practice,Expected,Red,Left,10.512,5.122,-0.005,0.868,24.691,,27.236,0,,-1,-1,,-1
999,Day,5.755,4.848,0,U_Amb_R,Practice,Expected,Red,Left,10.603,5.213,-0.006,0.868,25.814,,27.791,0,,-1,-1,,-1
999,Day,5.755,4.954,0,U_Amb_R,Practice,Expected,Red,Left,10.709,5.319,-0.006,0.868,27.145,,28.457,0,,-1,-1,,-1
999,Day,5.755,5.053,0,U_Amb_R,Practice,Expected,Red,Left,10.808,5.418,-0.007,0.868,28.413,,29.123,0,,-1,-1,,-1
999,Day,5.755,5.156,0,U_Amb_R,Practice,Expected,Red,Left,10.911,5.521,-0.007,0.868,29.786,,29.789,0,,-1,-1,,-1
999,Day,5.755,5.246,0,U_Amb_R,Practice,Expected,Red,Left,11.001,5.611,-0.008,0.868,30.994,,30.455,0,,-1,-1,,-1
999,Day,5.755,5.349,0,U_Amb_R,Practice,Expected,Red,Left,11.105,5.715,-0.009,0.868,32.414,,31.122,0,,-1,-1,,-1
999,Day,5.755,5.447,0,U_Amb_R,Practice,Expected,Red,Left,11.202,5.812,-0.009,0.868,33.783,,31.267,0,,-1,-1,,-1
999,Day,5.755,5.553,0,U_Amb_R,Practice,Expected,Red,Left,11.308,5.918,-0.01,0.868,35.257,,31.268,0,,-1,-1,,-1
999,Day,5.755,5.661,0,U_Amb_R,Practice,Expected,Red,Left,11.416,6.026,-0.011,0.868,36.769,,31.26,0,,-1,-1,,-1
999,Day,5.755,5.748,0,U_Amb_R,Practice,Expected,Red,Left,11.504,6.114,-0.012,0.868,37.994,,31.255,0,,-1,-1,,-1
999,Day,5.755,5.856,0,U_Amb_R,Practice,Expected,Red,Left,11.611,6.221,-0.013,0.868,39.5,,31.248,0,,-1,-1,,-1
999,Day,5.755,5.958,0,U_Amb_R,Practice,Expected,Red,Left,11.713,6.323,-0.014,0.868,40.916,,31.239,0,,-1,-1,,-1
999,Day,5.755,6.046,0,U_Amb_R,Practice,Expected,Red,Left,11.801,6.411,-0.014,0.868,42.148,,31.234,0,,-1,-1,,-1
999,Day,5.755,6.156,0,U_Amb_R,Practice,Expected,Red,Left,11.911,6.521,-0.015,0.868,43.688,,31.227,0,,-1,-1,,-1
999,Day,5.755,6.258,0,U_Amb_R,Practice,Expected,Red,Left,12.013,6.623,-0.016,0.868,45.104,,31.218,0,,-1,-1,,-1
999,Day,5.755,6.347,0,U_Amb_R,Practice,Expected,Red,Left,12.103,6.713,-0.017,0.868,46.352,,31.212,0,,-1,-1,,-1
999,Day,5.755,6.453,0,U_Amb_R,Practice,Expected,Red,Left,12.208,6.818,-0.018,0.868,47.826,,31.205,0,,-1,-1,,-1
999,Day,5.755,6.558,0,U_Amb_R,Practice,Expected,Red,Left,12.313,6.923,-0.019,0.868,49.293,,31.197,0,,-1,-1,,-1
999,Day,5.755,6.651,0,U_Amb_R,Practice,Expected,Red,Left,12.407,7.017,-0.02,0.868,50.6,,31.237,0,,-1,-1,,-1
999,Day,5.755,6.754,0,U_Amb_R,Practice,Expected,Red,Left,12.509,7.119,-0.021,0.868,52.052,,31.767,0,,-1,-1,,-1
999,Day,5.755,6.847,0,U_Amb_R,Practice,Expected,Red,Left,12.603,7.213,-0.022,0.868,53.373,,31.894,0,,-1,-1,,-1
999,Day,5.755,6.956,0,U_Amb_R,Practice,Expected,Red,Left,12.712,7.322,-0.023,0.868,54.933,,32.265,0,,-1,-1,,-1
999,Day,5.755,7.047,0,U_Amb_R,Practice,Expected,Red,Left,12.803,7.413,-0.024,0.868,56.255,,32.695,0,,-1,-1,,-1
999,Day,5.755,7.159,0,U_Amb_R,Practice,Expected,Red,Left,12.914,7.524,-0.025,0.868,57.893,,33.066,0,,-1,-1,,-1
999,Day,5.755,7.255,0,U_Amb_R,Practice,Expected,Red,Left,13.01,7.62,-0.026,0.868,59.337,,33.456,0,,-1,-1,,-1
999,Day,5.755,7.347,0,U_Amb_R,Practice,Expected,Red,Left,13.102,7.712,-0.027,0.868,60.708,,33.804,0,,-1,-1,,-1
999,Day,5.755,7.45,0,U_Amb_R,Practice,Expected,Red,Left,13.206,7.816,-0.028,0.868,62.277,,34.155,0,,-1,-1,,-1
999,Day,5.755,7.55,0,U_Amb_R,Practice,Expected,Red,Left,13.305,7.916,-0.029,0.868,63.824,,34.631,0,,-1,-1,,-1
999,Day,5.755,7.657,0,U_Amb_R,Practice,Expected,Red,Left,13.412,8.022,-0.03,0.868,65.472,,35.015,0,,-1,-1,,-1
999,Day,5.755,7.753,0,U_Amb_R,Practice,Expected,Red,Left,13.509,8.119,-0.031,0.868,67,,35.301,0,,-1,-1,,-1
999,Day,5.755,7.854,0,U_Amb_R,Practice,Expected,Red,Left,13.61,8.22,-0.032,0.868,68.608,,35.838,0,,-1,-1,,-1
999,Day,5.755,7.952,0,U_Amb_R,Practice,Expected,Red,Left,13.707,8.317,-0.033,0.868,70.157,,36.225,0,,-1,-1,,-1
999,Day,5.755,8.055,0,U_Amb_R,Practice,Expected,Red,Left,13.811,8.421,-0.035,0.868,71.849,,36.586,0,,-1,-1,,-1
999,Day,5.755,8.154,0,U_Amb_R,Practice,Expected,Red,Left,13.91,8.52,-0.036,0.868,73.498,,37.054,0,,-1,-1,,-1
999,Day,5.755,8.261,0,U_Amb_R,Practice,Expected,Red,Left,14.016,8.626,-0.037,0.868,75.256,,37.439,0,,-1,-1,,-1
999,Day,5.755,8.355,0,U_Amb_R,Practice,Expected,Red,Left,14.11,8.72,-0.039,0.868,76.837,,37.862,0,,-1,-1,,-1
999,Day,5.755,8.454,0,U_Amb_R,Practice,Expected,Red,Left,14.209,8.819,-0.04,0.868,78.517,,38.308,0,,-1,-1,,-1
999,Day,5.755,8.553,0,U_Amb_R,Practice,Expected,Red,Left,14.309,8.919,-0.042,0.868,80.231,,38.583,0,,-1,-1,,-1
999,Day,5.755,8.66,0,U_Amb_R,Practice,Expected,Red,Left,14.415,9.025,-0.043,0.868,82.083,,39.014,0,,-1,-1,,-1
999,Day,5.755,8.753,0,U_Amb_R,Practice,Expected,Red,Left,14.509,9.119,-0.045,0.868,83.718,,39.044,0,,-1,-1,,-1
999,Day,5.755,8.851,0,U_Amb_R,Practice,Expected,Red,Left,14.606,9.216,-0.046,0.868,85.426,,39.078,0,,-1,-1,,-1
999,Day,5.755,8.955,0,U_Amb_R,Practice,Expected,Red,Left,14.71,9.32,-0.048,0.868,87.259,,39.426,0,,-1,-1,,-1
999,Day,5.755,9.048,0,U_Amb_R,Practice,Expected,Red,Left,14.804,9.414,-0.05,0.868,88.9,,39.567,0,,-1,-1,,-1
999,Day,5.755,9.159,0,U_Amb_R,Practice,Expected,Red,Left,14.914,9.524,-0.051,0.868,90.863,,40.074,0,,-1,-1,,-1
999,Day,5.755,9.252,0,U_Amb_R,Practice,Expected,Red,Left,15.007,9.617,-0.053,0.868,92.525,,40.387,0,,-1,-1,,-1
999,Day,5.755,9.367,0,U_Amb_R,Practice,Expected,Red,Left,15.123,9.733,-0.055,0.868,94.622,,40.768,0,,-1,-1,,-1
999,Day,5.755,9.46,0,U_Amb_R,Practice,Expected,Red,Left,15.216,9.826,-0.057,0.868,96.327,,41.21,0,,-1,-1,,-1
999,Day,5.755,9.555,0,U_Amb_R,Practice,Expected,Red,Left,15.311,9.921,-0.058,0.868,98.081,,41.327,0,,-1,-1,,-1
999,Day,5.755,9.655,0,U_Amb_R,Practice,Expected,Red,Left,15.411,10.021,-0.06,0.868,99.938,,41.697,0,,-1,-1,,-1
999,Day,5.755,9.746,0,U_Amb_R,Practice,Expected,Red,Left,15.501,10.111,-0.062,0.868,101.64,,41.774,0,,-1,-1,,-1
999,Day,5.755,9.857,0,U_Amb_R,Practice,Expected,Red,Left,15.613,10.223,-0.064,0.868,103.692,,41.776,0,,-1,-1,,-1
999,Day,5.755,9.956,0,U_Amb_R,Practice,Expected,Red,Left,15.711,10.321,-0.066,0.868,105.568,,41.86,0,,-1,-1,,-1
999,Day,5.755,10.062,0,U_Amb_R,Practice,Expected,Red,Left,15.818,10.428,-0.068,0.868,107.551,,42.268,0,,-1,-1,,-1
999,Day,5.755,10.158,0,U_Amb_R,Practice,Expected,Red,Left,15.914,10.524,-0.07,0.868,109.379,,42.651,0,,-1,-1,,-1
999,Day,5.755,10.265,0,U_Amb_R,Practice,Expected,Red,Left,16.021,10.631,-0.073,0.868,111.429,,42.937,0,,-1,-1,,-1
999,Day,5.755,10.358,0,U_Amb_R,Practice,Expected,Red,Left,16.113,10.723,-0.075,0.868,113.199,,43.315,0,,-1,-1,,-1
999,Day,5.755,10.449,0,U_Amb_R,Practice,Expected,Red,Left,16.205,10.815,-0.077,0.868,114.982,,43.484,0,,-1,-1,,-1
999,Day,5.755,10.551,0,U_Amb_R,Practice,Expected,Red,Left,16.307,10.917,-0.079,0.868,116.972,,43.886,0,,-1,-1,,-1
999,Day,5.755,10.65,0,U_Amb_R,Practice,Expected,Red,Left,16.405,11.015,-0.081,0.868,118.918,,44.286,0,,-1,-1,,-1
999,Day,5.755,10.75,0,U_Amb_R,Practice,Expected,Red,Left,16.506,11.116,-0.083,0.868,120.907,,44.612,0,,-1,-1,,-1
999,Day,5.755,10.852,0,U_Amb_R,Practice,Expected,Red,Left,16.607,11.217,-0.086,0.868,122.934,,45.113,0,,-1,-1,,-1
999,Day,5.755,10.963,0,U_Amb_R,Practice,Expected,Red,Left,16.718,11.328,-0.088,0.868,125.205,,45.505,0,,-1,-1,,-1
999,Day,5.755,11.048,0,U_Amb_R,Practice,Expected,Red,Left,16.803,11.413,-0.09,0.868,126.932,,45.855,0,,-1,-1,,-1
999,Day,5.755,11.17,0,U_Amb_R,Practice,Expected,Red,Left,16.925,11.535,-0.094,0.868,129.43,,46.356,0,,-1,-1,,-1
999,Day,5.755,11.253,0,U_Amb_R,Practice,Expected,Red,Left,17.008,11.618,-0.096,0.868,131.149,,46.556,0,,-1,-1,,-1
999,Day,5.755,11.352,0,U_Amb_R,Practice,Expected,Red,Left,17.107,11.717,-0.098,0.868,133.231,,47.014,0,,-1,-1,,-1
999,Day,5.755,11.449,0,U_Amb_R,Practice,Expected,Red,Left,17.204,11.814,-0.101,0.868,135.281,,47.256,0,,-1,-1,,-1
999,Day,5.755,11.551,0,U_Amb_R,Practice,Expected,Red,Left,17.307,11.917,-0.104,0.868,137.447,,47.769,0,,-1,-1,,-1
999,Day,5.755,11.646,0,U_Amb_R,Practice,Expected,Red,Left,17.402,12.012,-0.106,0.868,139.5,,47.992,0,,-1,-1,,-1
999,Day,5.755,11.756,0,U_Amb_R,Practice,Expected,Red,Left,17.512,12.122,-0.109,0.868,141.868,,48.019,0,,-1,-1,,-1
999,Day,5.755,11.856,0,U_Amb_R,Practice,Expected,Red,Left,17.612,12.222,-0.112,0.868,143.998,,48.016,0,,-1,-1,,-1
999,Day,5.755,11.95,0,U_Amb_R,Practice,Expected,Red,Left,17.705,12.315,-0.115,0.868,146.012,,48.006,0,,-1,-1,,-1
999,Day,5.755,12.06,0,U_Amb_R,Practice,Expected,Red,Left,17.815,12.426,-0.118,0.868,148.373,,47.994,0,,-1,-1,,-1
999,Day,5.755,12.16,0,U_Amb_R,Practice,Expected,Red,Left,17.915,12.525,-0.121,0.868,150.519,,47.983,0,,-1,-1,,-1
999,Day,5.755,12.254,0,U_Amb_R,Practice,Expected,Red,Left,18.01,12.62,-0.124,0.868,152.533,,47.974,0,,-1,-1,,-1
999,Day,5.755,12.349,0,U_Amb_R,Practice,Expected,Red,Left,18.104,12.714,-0.127,0.868,154.567,,47.963,0,,-1,-1,,-1
999,Day,5.755,12.458,0,U_Amb_R,Practice,Expected,Red,Left,18.213,12.824,-0.13,0.868,156.909,,47.951,0,,-1,-1,,-1
999,Day,5.755,12.554,0,U_Amb_R,Practice,Expected,Red,Left,18.31,12.92,-0.133,0.868,158.963,,47.942,0,,-1,-1,,-1
999,Day,5.755,12.647,0,U_Amb_R,Practice,Expected,Red,Left,18.402,13.013,-0.136,0.868,160.96,,47.931,0,,-1,-1,,-1
999,Day,5.755,12.75,0,U_Amb_R,Practice,Expected,Red,Left,18.505,13.115,-0.139,0.868,163.16,,47.92,0,,-1,-1,,-1
999,Day,5.755,12.86,0,U_Amb_R,Practice,Expected,Red,Left,18.616,13.226,-0.143,0.868,165.525,,47.908,0,,-1,-1,,-1
999,Day,5.755,12.966,0,U_Amb_R,Practice,Expected,Red,Left,18.722,13.332,-0.146,0.868,167.796,,47.897,0,,-1,-1,,-1
999,Day,5.755,13.054,0,U_Amb_R,Practice,Expected,Red,Left,18.81,13.42,-0.149,0.868,169.709,,48.206,0,,-1,-1,,-1
999,Day,5.755,13.152,0,U_Amb_R,Practice,Expected,Red,Left,18.907,13.517,-0.152,0.868,171.795,,48.814,0,,-1,-1,,-1
999,Day,5.755,13.248,0,U_Amb_R,Practice,Expected,Red,Left,19.003,13.613,-0.155,0.868,173.909,,49.466,0,,-1,-1,,-1
999,Day,5.755,13.359,0,U_Amb_R,Practice,Expected,Red,Left,19.115,13.725,-0.159,0.868,176.395,,50.236,0,,-1,-1,,-1
999,Day,5.755,13.456,0,U_Amb_R,Practice,Expected,Red,Left,19.211,13.821,-0.162,0.868,178.571,,50.787,0,,-1,-1,,-1
999,Day,5.755,13.551,0,U_Amb_R,Practice,Expected,Red,Left,19.307,13.917,-0.165,0.868,180.739,,51.447,0,,-1,-1,,-1
999,Day,5.755,13.647,0,U_Amb_R,Practice,Expected,Red,Left,19.402,14.012,-0.168,0.868,182.96,,52.108,0,,-1,-1,,-1
999,Day,5.755,13.753,0,U_Amb_R,Practice,Expected,Red,Left,19.508,14.118,-0.172,0.868,185.429,,52.768,0,,-1,-1,,-1
999,Day,5.755,13.848,0,U_Amb_R,Practice,Expected,Red,Left,19.603,14.213,-0.176,0.868,187.707,,53.429,0,,-1,-1,,-1
999,Day,5.755,13.96,0,U_Amb_R,Practice,Expected,Red,Left,19.716,14.326,-0.18,0.868,190.416,,54.199,0,,-1,-1,,-1
999,Day,5.755,14.058,0,U_Amb_R,Practice,Expected,Red,Left,19.813,14.423,-0.184,0.868,192.793,,54.859,0,,-1,-1,,-1
999,Day,5.755,14.159,0,U_Amb_R,Practice,Expected,Red,Left,19.914,14.524,-0.188,0.868,195.281,,55.518,0,,-1,-1,,-1
999,Day,5.755,14.26,0,U_Amb_R,Practice,Expected,Red,Left,20.016,14.626,-0.192,0.868,197.798,,56.178,0,,-1,-1,,-1
999,Day,5.755,14.36,0,U_Amb_R,Practice,Expected,Red,Left,20.115,14.725,-0.196,0.868,200.324,,56.838,0,,-1,-1,,-1
999,Day,5.755,14.458,0,U_Amb_R,Practice,Expected,Red,Left,20.213,14.823,-0.2,0.868,202.825,,57.497,0,,-1,-1,,-1
999,Day,5.755,14.558,0,U_Amb_R,Practice,Expected,Red,Left,20.313,14.923,-0.205,0.868,205.399,,58.156,0,,-1,-1,,-1
999,Day,5.755,14.658,0,U_Amb_R,Practice,Expected,Red,Left,20.414,15.024,-0.21,0.868,208.04,,58.815,0,,-1,-1,,-1
999,Day,5.755,14.759,0,U_Amb_R,Practice,Expected,Red,Left,20.515,15.125,-0.214,0.868,210.7,,59.474,0,,-1,-1,,-1
999,Day,5.755,14.86,0,U_Amb_R,Practice,Expected,Red,Left,20.616,15.226,-0.219,0.868,213.407,,60.133,0,,-1,-1,,-1
999,Day,5.755,14.947,0,U_Amb_R,Practice,Expected,Red,Left,20.702,15.312,-0.224,0.868,215.735,,60.658,0,,-1,-1,,-1
999,Day,5.755,15.058,0,U_Amb_R,Practice,Expected,Red,Left,20.814,15.424,-0.23,0.868,218.769,,60.905,0,,-1,-1,,-1
999,Day,5.755,15.158,0,U_Amb_R,Practice,Expected,Red,Left,20.914,15.524,-0.235,0.868,221.496,,60.941,0,,-1,-1,,-1
999,Day,5.755,15.259,0,U_Amb_R,Practice,Expected,Red,Left,21.014,15.624,-0.241,0.868,224.231,,60.941,0,,-1,-1,,-1
999,Day,5.755,15.358,0,U_Amb_R,Practice,Expected,Red,Left,21.114,15.724,-0.246,0.868,226.936,,60.931,0,,-1,-1,,-1
999,Day,5.755,15.459,0,U_Amb_R,Practice,Expected,Red,Left,21.215,15.825,-0.252,0.868,229.688,,60.918,0,,-1,-1,,-1
999,Day,5.755,15.559,0,U_Amb_R,Practice,Expected,Red,Left,21.314,15.924,-0.258,0.868,232.405,,60.905,0,,-1,-1,,-1
999,Day,5.755,15.666,0,U_Amb_R,Practice,Expected,Red,Left,21.422,16.032,-0.264,0.868,235.192,,60.891,0,,-1,-1,,-1
999,Day,5.755,15.758,0,U_Amb_R,Practice,Expected,Red,Left,21.513,16.124,-0.269,0.868,237.809,,60.878,0,,-1,-1,,-1
999,Day,5.755,15.871,0,U_Amb_R,Practice,Expected,Red,Left,21.626,16.237,-0.276,0.868,240.865,,60.864,0,,-1,-1,,-1
999,Day,5.755,15.951,0,U_Amb_R,Practice,Expected,Red,Left,21.707,16.317,-0.281,0.868,243.071,,60.852,0,,-1,-1,,-1
999,Day,5.755,16.049,0,U_Amb_R,Practice,Expected,Red,Left,21.804,16.414,-0.287,0.868,245.735,,60.839,0,,-1,-1,,-1
999,Day,5.755,16.152,0,U_Amb_R,Practice,Expected,Red,Left,21.907,16.517,-0.293,0.868,248.53,,60.825,0,,-1,-1,,-1
999,Day,5.755,16.25,0,U_Amb_R,Practice,Expected,Red,Left,22.006,16.616,-0.299,0.868,251.21,,60.811,0,,-1,-1,,-1
999,Day,5.755,16.349,0,U_Amb_R,Practice,Expected,Red,Left,22.105,16.715,-0.305,0.868,253.9,,60.798,0,,-1,-1,,-1
999,Day,5.755,16.448,0,U_Amb_R,Practice,Expected,Red,Left,22.203,16.813,-0.311,0.868,256.572,,60.784,0,,-1,-1,,-1
999,Day,5.755,16.563,0,U_Amb_R,Practice,Expected,Red,Left,22.318,16.928,-0.318,0.868,259.689,,60.768,0,,-1,-1,,-1
999,Day,5.755,16.653,0,U_Amb_R,Practice,Expected,Red,Left,22.408,17.018,-0.324,0.868,262.115,,60.757,0,,-1,-1,,-1
999,Day,5.755,16.756,0,U_Amb_R,Practice,Expected,Red,Left,22.512,17.122,-0.33,0.868,264.946,,60.743,0,,-1,-1,,-1
999,Day,5.755,16.863,0,U_Amb_R,Practice,Expected,Red,Left,22.618,17.228,-0.337,0.868,267.849,,60.727,0,,-1,-1,,-1
999,Day,5.755,16.946,0,U_Amb_R,Practice,Expected,Red,Left,22.702,17.312,-0.342,0.868,270.123,,60.716,0,,-1,-1,,-1
999,Day,5.755,17.071,0,U_Amb_R,Practice,Expected,Red,Left,22.826,17.436,-0.35,0.868,273.493,,60.7,0,,-1,-1,,-1
999,Day,5.755,17.158,0,U_Amb_R,Practice,Expected,Red,Left,22.914,17.524,-0.355,0.868,275.875,,60.686,0,,-1,-1,,-1
999,Day,5.755,17.26,0,U_Amb_R,Practice,Expected,Red,Left,23.015,17.625,-0.362,0.868,278.622,,60.673,0,,-1,-1,,-1
999,Day,5.755,17.36,0,U_Amb_R,Practice,Expected,Red,Left,23.115,17.725,-0.368,0.868,281.339,,60.659,0,,-1,-1,,-1
999,Day,5.755,17.463,0,U_Amb_R,Practice,Expected,Red,Left,23.218,17.828,-0.374,0.868,284.129,,60.645,0,,-1,-1,,-1
999,Day,5.755,17.563,0,U_Amb_R,Practice,Expected,Red,Left,23.318,17.928,-0.38,0.868,286.832,,60.632,0,,-1,-1,,-1
999,Day,5.755,17.661,0,U_Amb_R,Practice,Expected,Red,Left,23.417,18.027,-0.386,0.868,289.507,,60.618,0,,-1,-1,,-1
999,Day,5.755,17.747,0,U_Amb_R,Practice,Expected,Red,Left,23.502,18.112,-0.392,0.868,291.822,,60.607,0,,-1,-1,,-1
999,Day,5.755,17.846,0,U_Amb_R,Practice,Expected,Red,Left,23.602,18.212,-0.398,0.868,294.522,,60.593,0,,-1,-1,,-1
999,Day,5.755,17.963,0,U_Amb_R,Practice,Expected,Red,Left,23.719,18.329,-0.405,0.868,297.666,,60.577,0,,-1,-1,,-1
999,Day,5.755,18.062,0,U_Amb_R,Practice,Expected,Red,Left,23.817,18.427,-0.411,0.868,300.361,,60.564,0,,-1,-1,,-1
999,Day,5.755,18.16,0,U_Amb_R,Practice,Expected,Red,Left,23.915,18.525,-0.418,0.868,303.019,,60.55,0,,-1,-1,,-1
999,Day,5.755,18.259,0,U_Amb_R,Practice,Expected,Red,Left,24.014,18.624,-0.424,0.868,305.696,,60.536,0,,-1,-1,,-1
999,Day,5.755,18.36,0,U_Amb_R,Practice,Expected,Red,Left,24.115,18.725,-0.43,0.868,308.419,,60.523,0,,-1,-1,,-1
999,Day,5.755,18.459,0,U_Amb_R,Practice,Expected,Red,Left,24.214,18.824,-0.436,0.868,311.109,,60.509,0,,-1,-1,,-1
999,Day,5.755,18.56,0,U_Amb_R,Practice,Expected,Red,Left,24.315,18.925,-0.442,0.868,313.828,,60.495,0,,-1,-1,,-1
999,Day,5.755,18.657,0,U_Amb_R,Practice,Expected,Red,Left,24.413,19.023,-0.448,0.868,316.472,,60.482,0,,-1,-1,,-1
999,Day,5.755,18.759,0,U_Amb_R,Practice,Expected,Red,Left,24.515,19.125,-0.455,0.868,319.223,,60.468,0,,-1,-1,,-1
999,Day,5.755,18.859,0,U_Amb_R,Practice,Expected,Red,Left,24.615,19.225,-0.461,0.868,321.927,,60.455,0,,-1,-1,,-1
999,Day,5.755,18.963,0,U_Amb_R,Practice,Expected,Red,Left,24.718,19.328,-0.467,0.868,324.7,,60.441,0,,-1,-1,,-1
999,Day,5.755,19.06,0,U_Amb_R,Practice,Expected,Red,Left,24.816,19.426,-0.473,0.868,327.361,,60.428,0,,-1,-1,,-1
999,Day,5.755,19.159,0,U_Amb_R,Practice,Expected,Red,Left,24.914,19.525,-0.479,0.868,330.029,,60.414,0,,-1,-1,,-1
999,Day,5.755,19.264,0,U_Amb_R,Practice,Expected,Red,Left,25.02,19.63,-0.486,0.868,332.859,,60.4,0,,-1,-1,,-1
999,Day,5.755,19.347,0,U_Amb_R,Practice,Expected,Red,Left,25.102,19.712,-0.491,0.868,335.096,,60.389,0,,-1,-1,,-1
999,Day,5.755,19.461,0,U_Amb_R,Practice,Expected,Red,Left,25.217,19.827,-0.498,0.868,338.187,,60.373,0,,-1,-1,,-1
999,Day,5.755,19.564,0,U_Amb_R,Practice,Expected,Red,Left,25.319,19.929,-0.504,0.868,340.933,,60.36,0,,-1,-1,,-1
999,Day,5.755,19.655,0,U_Amb_R,Practice,Expected,Red,Left,25.411,20.021,-0.508,0.868,343.409,,60.309,0,,-1,-1,,-1
999,Day,5.755,19.771,0,U_Amb_R,Practice,Expected,Red,Left,25.526,20.136,-0.457,0.868,346.504,,59.984,0,,-1,-1,,-1
999,Day,5.755,19.862,0,U_Amb_R,Practice,Expected,Red,Left,25.617,20.227,-0.388,0.868,348.96,,59.937,0,,-1,-1,,-1
999,Day,5.755,19.96,0,U_Amb_R,Practice,Expected,Red,Left,25.715,20.325,-0.297,0.868,351.593,,59.9,0,,-1,-1,,-1
999,Day,5.755,20.047,0,U_Amb_R,Practice,Expected,Red,Left,25.802,20.412,-0.203,0.868,353.901,,59.755,0,,-1,-1,,-1
999,Day,5.755,20.147,0,U_Amb_R,Practice,Expected,Red,Left,25.903,20.513,-0.115,0.868,356.594,,59.613,0,,-1,-1,,-1
999,Day,5.755,20.25,0,U_Amb_R,Practice,Expected,Red,Left,26.006,20.616,-0.014,0.868,359.321,,59.454,0,,-1,-1,,-1
999,Day,5.755,20.353,0,U_Amb_R,Practice,Expected,Red,Left,26.109,20.719,0.035,0.868,362.042,,59.225,0,,-1,-1,,-1
999,Day,5.755,20.456,0,U_Amb_R,Practice,Expected,Red,Left,26.212,20.822,0.063,0.868,364.787,,59.186,0,,-1,-1,,-1
999,Day,5.755,20.56,0,U_Amb_R,Practice,Expected,Red,Left,26.315,20.925,0.06,0.868,367.527,,59.124,0,,-1,-1,,-1
999,Day,5.755,20.651,0,U_Amb_R,Practice,Expected,Red,Left,26.407,21.017,0.026,0.868,369.937,,59.006,0,,-1,-1,,-1
999,Day,5.755,20.756,0,U_Amb_R,Practice,Expected,Red,Left,26.512,21.122,0.008,0.868,372.696,,58.79,0,,-1,-1,,-1
999,Day,5.755,20.854,0,U_Amb_R,Practice,Expected,Red,Left,26.609,21.219,-0.029,0.868,375.268,,58.741,0,,-1,-1,,-1
999,Day,5.755,20.955,0,U_Amb_R,Practice,Expected,Red,Left,26.711,21.321,-0.084,0.868,377.925,,58.72,0,,-1,-1,,-1
999,Day,5.755,21.059,0,U_Amb_R,Practice,Expected,Red,Left,26.815,21.425,-0.145,0.868,380.656,,58.703,0,,-1,-1,,-1
999,Day,5.755,21.161,0,U_Amb_R,Practice,Expected,Red,Left,26.916,21.526,-0.2,0.868,383.327,,58.689,0,,-1,-1,,-1
999,Day,5.755,21.262,0,U_Amb_R,Practice,Expected,Red,Left,27.017,21.627,-0.247,0.868,385.978,,58.673,0,,-1,-1,,-1
999,Day,5.755,21.363,0,U_Amb_R,Practice,Expected,Red,Left,27.118,21.728,-0.284,0.868,388.613,,58.656,0,,-1,-1,,-1
999,Day,5.755,21.448,0,U_Amb_R,Practice,Expected,Red,Left,27.203,21.813,-0.306,0.868,390.844,,58.642,0,,-1,-1,,-1
999,Day,5.755,21.548,0,U_Amb_R,Practice,Expected,Red,Left,27.303,21.913,-0.294,0.868,393.464,,58.331,0,,-1,-1,,-1
999,Day,5.755,21.648,0,U_Amb_R,Practice,Expected,Red,Left,27.404,22.014,-0.239,0.868,396.082,,58.268,0,,-1,-1,,-1
999,Day,5.755,21.75,0,U_Amb_R,Practice,Expected,Red,Left,27.505,22.115,-0.162,0.868,398.731,,58.228,0,,-1,-1,,-1
999,Day,5.755,21.849,0,U_Amb_R,Practice,Expected,Red,Left,27.604,22.214,-0.058,0.868,401.302,,58.185,0,,-1,-1,,-1
999,Day,5.755,21.952,0,U_Amb_R,Practice,Expected,Red,Left,27.707,22.317,0.082,0.868,403.967,,58.143,0,,-1,-1,,-1
999,Day,5.755,22.051,0,U_Amb_R,Practice,Expected,Red,Left,27.806,22.416,0.246,0.868,406.532,,58.104,0,,-1,-1,,-1
999,Day,5.755,22.157,0,U_Amb_R,Practice,Expected,Red,Left,27.912,22.522,0.453,0.868,409.286,,58.069,0,,-1,-1,,-1
999,Day,5.755,22.259,0,U_Amb_R,Practice,Expected,Red,Left,28.015,22.625,0.679,0.868,411.943,,58.035,0,,-1,-1,,-1
999,Day,5.755,22.359,0,U_Amb_R,Practice,Expected,Red,Left,28.115,22.725,0.919,0.868,414.519,,58.011,0,,-1,-1,,-1
999,Day,5.755,22.46,0,U_Amb_R,Practice,Expected,Red,Left,28.215,22.825,1.178,0.868,417.113,,57.989,0,,-1,-1,,-1
999,Day,5.755,22.561,0,U_Amb_R,Practice,Expected,Red,Left,28.317,22.927,1.453,0.868,419.72,,57.97,0,,-1,-1,,-1
999,Day,5.755,22.655,0,U_Amb_R,Practice,Expected,Red,Left,28.411,23.021,1.717,0.869,422.132,,57.917,0,,-1,-1,,-1
999,Day,5.755,22.755,0,U_Amb_R,Practice,Expected,Red,Left,28.511,23.121,1.966,0.869,424.715,,57.703,0,,-1,-1,,-1
999,Day,5.755,22.859,0,U_Amb_R,Practice,Expected,Red,Left,28.614,23.224,2.215,0.869,427.376,,57.669,0,,-1,-1,,-1
999,Day,5.755,22.96,0,U_Amb_R,Practice,Expected,Red,Left,28.715,23.325,2.449,0.868,429.962,,57.648,0,,-1,-1,,-1
999,Day,5.755,23.06,0,U_Amb_R,Practice,Expected,Red,Left,28.816,23.426,2.666,0.868,432.544,,57.625,0,,-1,-1,,-1
999,Day,5.755,23.149,0,U_Amb_R,Practice,Expected,Red,Left,28.905,23.515,2.839,0.868,434.8,,57.603,0,,-1,-1,,-1
999,Day,5.755,23.253,0,U_Amb_R,Practice,Expected,Red,Left,29.008,23.618,2.995,0.868,437.455,,57.279,0,,-1,-1,,-1
999,Day,5.755,23.354,0,U_Amb_R,Practice,Expected,Red,Left,29.109,23.719,3.097,0.868,440.041,,57.2,0,,-1,-1,,-1
999,Day,5.755,23.453,0,U_Amb_R,Practice,Expected,Red,Left,29.209,23.819,3.169,0.868,442.609,,57.147,0,,-1,-1,,-1
999,Day,5.755,23.555,0,U_Amb_R,Practice,Expected,Red,Left,29.31,23.92,3.206,0.868,445.203,,57.096,0,,-1,-1,,-1
999,Day,5.755,23.648,0,U_Amb_R,Practice,Expected,Red,Left,29.403,24.013,3.208,0.868,447.556,,57.047,0,,-1,-1,,-1
999,Day,5.755,23.765,0,U_Amb_R,Practice,Expected,Red,Left,29.52,24.13,3.162,0.868,450.493,,56.815,0,,-1,-1,,-1
999,Day,5.755,23.852,0,U_Amb_R,Practice,Expected,Red,Left,29.608,24.218,3.067,0.868,452.767,,56.634,0,,-1,-1,,-1
999,Day,5.755,23.955,0,U_Amb_R,Practice,Expected,Red,Left,29.711,24.321,2.924,0.868,455.376,,56.566,0,,-1,-1,,-1
999,Day,5.755,24.062,0,U_Amb_R,Practice,Expected,Red,Left,29.817,24.427,2.738,0.868,458.056,,56.502,0,,-1,-1,,-1
999,Day,5.755,24.163,0,U_Amb_R,Practice,Expected,Red,Left,29.918,24.528,2.524,0.868,460.602,,56.453,0,,-1,-1,,-1
999,Day,5.755,24.247,0,U_Amb_R,Practice,Expected,Red,Left,30.003,24.613,2.319,0.868,462.721,,56.418,0,,-1,-1,,-1
999,Day,5.755,24.348,0,U_Amb_R,Practice,Expected,Red,Left,30.103,24.713,2.048,0.868,465.245,,56.381,0,,-1,-1,,-1
999,Day,5.755,24.448,0,U_Amb_R,Practice,Expected,Red,Left,30.203,24.813,1.753,0.869,467.748,,56.35,0,,-1,-1,,-1
999,Day,5.755,24.554,0,U_Amb_R,Practice,Expected,Red,Left,30.31,24.92,1.419,0.869,470.431,,56.247,0,,-1,-1,,-1
999,Day,5.755,24.654,0,U_Amb_R,Practice,Expected,Red,Left,30.41,25.02,1.139,0.869,472.926,,56.073,0,,-1,-1,,-1
999,Day,5.755,24.761,0,U_Amb_R,Practice,Expected,Red,Left,30.517,25.127,0.841,0.868,475.554,,56.046,0,,-1,-1,,-1
999,Day,5.755,24.848,0,U_Amb_R,Practice,Expected,Red,Left,30.604,25.214,0.597,0.868,477.732,,56.032,0,,-1,-1,,-1
999,Day,5.755,24.953,0,U_Amb_R,Practice,Expected,Red,Left,30.709,25.319,0.319,0.868,480.329,,56.012,0,,-1,-1,,-1
999,Day,5.755,25.056,0,U_Amb_R,Practice,Expected,Red,Left,30.811,25.421,0.061,0.868,482.898,,55.99,0,,-1,-1,,-1
999,Day,5.755,25.161,0,U_Amb_R,Practice,Expected,Red,Left,30.916,25.526,-0.182,0.868,485.515,,55.964,0,,-1,-1,,-1
999,Day,5.755,25.264,0,U_Amb_R,Practice,Expected,Red,Left,31.02,25.63,-0.401,0.868,488.076,,55.942,0,,-1,-1,,-1
999,Day,5.755,25.349,0,U_Amb_R,Practice,Expected,Red,Left,31.105,25.715,-0.57,0.868,490.207,,55.925,0,,-1,-1,,-1
999,Day,5.755,25.452,0,U_Amb_R,Practice,Expected,Red,Left,31.208,25.818,-0.76,0.868,492.766,,55.907,0,,-1,-1,,-1
999,Day,5.755,25.558,0,U_Amb_R,Practice,Expected,Red,Left,31.314,25.924,-0.941,0.868,495.398,,55.887,0,,-1,-1,,-1
999,Day,5.755,25.646,0,U_Amb_R,Practice,Expected,Red,Left,31.402,26.012,-1.085,0.868,497.616,,55.874,0,,-1,-1,,-1
999,Day,5.755,25.747,0,U_Amb_R,Practice,Expected,Red,Left,31.503,26.113,-1.239,0.868,500.131,,55.859,0,,-1,-1,,-1
999,Day,5.755,25.87,0,U_Amb_R,Practice,Expected,Red,Left,31.626,26.236,-1.414,0.868,503.171,,55.803,0,,-1,-1,,-1
999,Day,5.755,25.948,0,U_Amb_R,Practice,Expected,Red,Left,31.703,26.313,-1.492,0.869,505.117,,55.54,0,,-1,-1,,-1
999,Day,5.755,26.051,0,U_Amb_R,Practice,Expected,Red,Left,31.807,26.417,-1.554,0.87,507.679,,55.122,0,,-1,-1,,-1
999,Day,5.755,26.156,0,U_Amb_R,Practice,Expected,Red,Left,31.912,26.522,-1.598,0.87,510.251,,54.466,0,,-1,-1,,-1
999,Day,5.755,26.26,0,U_Amb_R,Practice,Expected,Red,Left,32.016,26.626,-1.612,0.871,512.767,,53.638,0,,-1,-1,,-1
999,Day,5.755,26.346,0,U_Amb_R,Practice,Expected,Red,Left,32.102,26.712,-1.599,0.87,514.82,,53.038,0,,-1,-1,,-1
999,Day,5.755,26.447,0,U_Amb_R,Practice,Expected,Red,Left,32.202,26.812,-1.557,0.868,517.191,,52.291,0,,-1,-1,,-1
999,Day,5.755,26.559,0,U_Amb_R,Practice,Expected,Red,Left,32.315,26.925,-1.481,0.868,519.771,,51.402,0,,-1,-1,,-1
999,Day,5.755,26.653,0,U_Amb_R,Practice,Expected,Red,Left,32.409,27.019,-1.444,0.868,521.93,,50.599,0,,-1,-1,,-1
999,Day,5.755,26.759,0,U_Amb_R,Practice,Expected,Red,Left,32.515,27.125,-1.45,0.869,524.307,,50.061,0,,-1,-1,,-1
999,Day,5.755,26.864,0,U_Amb_R,Practice,Expected,Red,Left,32.619,27.229,-1.464,0.868,526.65,,49.761,0,,-1,-1,,-1
999,Day,5.755,26.956,0,U_Amb_R,Practice,Expected,Red,Left,32.711,27.321,-1.495,0.869,528.687,,49.214,0,,-1,-1,,-1
999,Day,5.755,27.07,0,U_Amb_R,Practice,Expected,Red,Left,32.825,27.435,-1.566,0.871,531.159,,48.355,0,,-1,-1,,-1
999,Day,5.755,27.15,0,U_Amb_R,Practice,Expected,Red,Left,32.906,27.516,-1.606,0.87,532.887,,47.571,0,,-1,-1,,-1
999,Day,5.755,27.246,0,U_Amb_R,Practice,Expected,Red,Left,33.002,27.612,-1.621,0.869,534.918,,46.704,0,,-1,-1,,-1
999,Day,5.755,27.363,0,U_Amb_R,Practice,Expected,Red,Left,33.118,27.728,-1.65,0.869,537.337,,46.453,0,,-1,-1,,-1
999,Day,5.755,27.452,0,U_Amb_R,Practice,Expected,Red,Left,33.208,27.818,-1.671,0.87,539.183,,46.333,0,,-1,-1,,-1
999,Day,5.755,27.554,0,U_Amb_R,Practice,Expected,Red,Left,33.309,27.919,-1.68,0.871,541.278,,45.751,0,,-1,-1,,-1
999,Day,5.755,27.66,0,U_Amb_R,Practice,Expected,Red,Left,33.415,28.025,-1.67,0.869,543.436,,45.189,0,,-1,-1,,-1
999,Day,5.755,27.765,0,U_Amb_R,Practice,Expected,Red,Left,33.521,28.131,-1.638,0.868,545.557,,44.846,0,,-1,-1,,-1
999,Day,5.755,27.852,0,U_Amb_R,Practice,Expected,Red,Left,33.607,28.217,-1.598,0.87,547.273,,44.312,0,,-1,-1,,-1
999,Day,5.755,27.955,0,U_Amb_R,Practice,Expected,Red,Left,33.711,28.321,-1.536,0.87,549.343,,43.796,0,,-1,-1,,-1
999,Day,5.755,28.053,0,U_Amb_R,Practice,Expected,Red,Left,33.808,28.418,-1.467,0.871,551.208,,43.711,0,,-1,-1,,-1
999,Day,5.755,28.147,0,U_Amb_R,Practice,Expected,Red,Left,33.902,28.512,-1.39,0.871,553.051,,43.228,0,,-1,-1,,-1
999,Day,5.755,28.251,0,U_Amb_R,Practice,Expected,Red,Left,34.006,28.616,-1.299,0.869,555.029,,42.656,0,,-1,-1,,-1
999,Day,5.755,28.353,0,U_Amb_R,Practice,Expected,Red,Left,34.109,28.719,-1.201,0.868,557.019,,42.452,0,,-1,-1,,-1
999,Day,5.755,28.448,0,U_Amb_R,Practice,Expected,Red,Left,34.203,28.813,-1.11,0.867,558.772,,41.944,0,,-1,-1,,-1
999,Day,5.755,28.548,0,U_Amb_R,Practice,Expected,Red,Left,34.303,28.913,-1.01,0.868,560.632,,41.67,0,,-1,-1,,-1
999,Day,5.755,28.66,0,U_Amb_R,Practice,Expected,Red,Left,34.415,29.025,-0.896,0.868,562.68,,41.101,0,,-1,-1,,-1
999,Day,5.755,28.754,0,U_Amb_R,Practice,Expected,Red,Left,34.51,29.12,-0.795,0.868,564.463,,40.938,0,,-1,-1,,-1
999,Day,5.755,28.871,0,U_Amb_R,Practice,Expected,Red,Left,34.626,29.236,-0.675,0.868,566.54,,40.207,0,,-1,-1,,-1
999,Day,5.755,28.947,0,U_Amb_R,Practice,Expected,Red,Left,34.702,29.312,-0.595,0.868,567.908,,39.833,0,,-1,-1,,-1
999,Day,5.755,29.05,0,U_Amb_R,Practice,Expected,Red,Left,34.805,29.415,-0.488,0.868,569.72,,39.167,0,,-1,-1,,-1
999,Day,5.755,29.15,0,U_Amb_R,Practice,Expected,Red,Left,34.906,29.516,-0.386,0.868,571.46,,38.44,0,,-1,-1,,-1
999,Day,5.755,29.25,0,U_Amb_R,Practice,Expected,Red,Left,35.006,29.616,-0.327,0.868,573.148,,37.942,0,,-1,-1,,-1
999,Day,5.755,29.354,0,U_Amb_R,Practice,Expected,Red,Left,35.109,29.719,-0.297,0.868,574.92,,37.892,0,,-1,-1,,-1
999,Day,5.755,29.459,0,U_Amb_R,Practice,Expected,Red,Left,35.214,29.824,-0.274,0.868,576.688,,37.377,0,,-1,-1,,-1
999,Day,5.755,29.546,0,U_Amb_R,Practice,Expected,Red,Left,35.302,29.912,-0.267,0.868,578.145,,36.802,0,,-1,-1,,-1
999,Day,5.755,29.651,0,U_Amb_R,Practice,Expected,Red,Left,35.407,30.017,-0.274,0.868,579.85,,36.102,0,,-1,-1,,-1
999,Day,5.755,29.758,0,U_Amb_R,Practice,Expected,Red,Left,35.514,30.124,-0.297,0.868,581.546,,35.287,0,,-1,-1,,-1
999,Day,5.755,29.865,0,U_Amb_R,Practice,Expected,Red,Left,35.621,30.231,-0.334,0.868,583.228,,34.591,0,,-1,-1,,-1
999,Day,5.755,29.95,0,U_Amb_R,Practice,Expected,Red,Left,35.705,30.315,-0.37,0.868,584.527,,34.013,0,,-1,-1,,-1
999,Day,5.755,30.058,0,U_Amb_R,Practice,Expected,Red,Left,35.814,30.424,-0.422,0.868,586.148,,33.204,0,,-1,-1,,-1
999,Day,5.755,30.157,0,U_Amb_R,Practice,Expected,Red,Left,35.912,30.522,-0.473,0.868,587.604,,32.592,0,,-1,-1,,-1
999,Day,5.755,30.255,0,U_Amb_R,Practice,Expected,Red,Left,36.01,30.62,-0.483,0.868,589.005,,31.611,0,,-1,-1,,-1
999,Day,5.755,30.359,0,U_Amb_R,Practice,Expected,Red,Left,36.115,30.725,-0.474,0.868,590.469,,30.781,0,,-1,-1,,-1
999,Day,5.755,30.446,0,U_Amb_R,Practice,Expected,Red,Left,36.202,30.812,-0.466,0.868,591.655,,30.204,0,,-1,-1,,-1
999,Day,5.755,30.551,0,U_Amb_R,Practice,Expected,Red,Left,36.306,30.916,-0.472,0.868,593.044,,29.292,0,,-1,-1,,-1
999,Day,5.755,30.661,0,U_Amb_R,Practice,Expected,Red,Left,36.416,31.026,-0.493,0.868,594.439,,28.452,0,,-1,-1,,-1
999,Day,5.755,30.747,0,U_Amb_R,Practice,Expected,Red,Left,36.502,31.112,-0.501,0.868,595.549,,27.876,0,,-1,-1,,-1
999,Day,5.755,30.849,0,U_Amb_R,Practice,Expected,Red,Left,36.605,31.215,-0.508,0.868,596.808,,27.186,0,,-1,-1,,-1
999,Day,5.755,30.958,0,U_Amb_R,Practice,Expected,Red,Left,36.714,31.324,-0.515,0.868,598.114,,26.381,0,,-1,-1,,-1
999,Day,5.755,31.063,0,U_Amb_R,Practice,Expected,Red,Left,36.819,31.429,-0.525,0.868,599.341,,25.691,0,,-1,-1,,-1
999,Day,5.755,31.15,0,U_Amb_R,Practice,Expected,Red,Left,36.905,31.515,-0.534,0.868,600.323,,25.116,0,,-1,-1,,-1
999,Day,5.755,31.261,0,U_Amb_R,Practice,Expected,Red,Left,37.016,31.626,-0.546,0.868,601.539,,24.311,0,,-1,-1,,-1
999,Day,5.755,31.347,0,U_Amb_R,Practice,Expected,Red,Left,37.102,31.712,-0.557,0.868,602.475,,23.736,0,,-1,-1,,-1
999,Day,5.755,31.452,0,U_Amb_R,Practice,Expected,Red,Left,37.207,31.817,-0.57,0.868,603.568,,23.047,0,,-1,-1,,-1
999,Day,5.755,31.558,0,U_Amb_R,Practice,Expected,Red,Left,37.313,31.923,-0.583,0.868,604.639,,22.243,0,,-1,-1,,-1
999,Day,5.755,31.653,0,U_Amb_R,Practice,Expected,Red,Left,37.408,32.018,-0.595,0.868,605.567,,21.668,0,,-1,-1,,-1
999,Day,5.755,31.757,0,U_Amb_R,Practice,Expected,Red,Left,37.513,32.123,-0.608,0.868,606.565,,20.979,0,,-1,-1,,-1
999,Day,5.755,31.854,0,U_Amb_R,Practice,Expected,Red,Left,37.61,32.22,-0.62,0.868,607.459,,20.29,0,,-1,-1,,-1
999,Day,5.755,31.951,0,U_Amb_R,Practice,Expected,Red,Left,37.706,32.316,-0.631,0.868,608.316,,19.602,0,,-1,-1,,-1
999,Day,5.755,32.065,0,U_Amb_R,Practice,Expected,Red,Left,37.821,32.431,-0.644,0.868,609.302,,18.798,0,,-1,-1,,-1
999,Day,5.755,32.156,0,U_Amb_R,Practice,Expected,Red,Left,37.912,32.522,-0.654,0.868,610.055,,18.225,0,,-1,-1,,-1
999,Day,5.755,32.251,0,U_Amb_R,Practice,Expected,Red,Left,38.007,32.617,-0.664,0.868,610.811,,17.536,0,,-1,-1,,-1
999,Day,5.755,32.349,0,U_Amb_R,Practice,Expected,Red,Left,38.104,32.714,-0.674,0.868,611.563,,16.848,0,,-1,-1,,-1
999,Day,5.755,32.461,0,U_Amb_R,Practice,Expected,Red,Left,38.216,32.826,-0.685,0.868,612.389,,16.046,0,,-1,-1,,-1
999,Day,5.755,32.548,0,U_Amb_R,Practice,Expected,Red,Left,38.303,32.913,-0.693,0.868,613.003,,15.472,0,,-1,-1,,-1
999,Day,5.755,32.664,0,U_Amb_R,Practice,Expected,Red,Left,38.419,33.029,-0.684,0.868,613.777,,14.445,0,,-1,-1,,-1
999,Day,5.755,32.748,0,U_Amb_R,Practice,Expected,Red,Left,38.504,33.114,-0.646,0.868,614.31,,13.793,0,,-1,-1,,-1
999,Day,5.755,32.852,0,U_Amb_R,Practice,Expected,Red,Left,38.607,33.217,-0.619,0.868,614.931,,13.1,0,,-1,-1,,-1
999,Day,5.755,32.958,0,U_Amb_R,Practice,Expected,Red,Left,38.714,33.324,-0.598,0.868,615.539,,12.298,0,,-1,-1,,-1
999,Day,5.755,33.064,0,U_Amb_R,Practice,Expected,Red,Left,38.82,33.43,-0.58,0.868,616.106,,11.611,0,,-1,-1,,-1
999,Day,5.755,33.15,0,U_Amb_R,Practice,Expected,Red,Left,38.905,33.515,-0.565,0.868,616.539,,11.043,0,,-1,-1,,-1
999,Day,5.755,33.256,0,U_Amb_R,Practice,Expected,Red,Left,39.011,33.621,-0.549,0.867,617.045,,10.355,0,,-1,-1,,-1
999,Day,5.755,33.363,0,U_Amb_R,Practice,Expected,Red,Left,39.118,33.728,-0.533,0.867,617.521,,9.554,0,,-1,-1,,-1
999,Day,5.755,33.448,0,U_Amb_R,Practice,Expected,Red,Left,39.204,33.814,-0.521,0.867,617.876,,8.982,0,,-1,-1,,-1
999,Day,5.755,33.558,0,U_Amb_R,Practice,Expected,Red,Left,39.314,33.924,-0.507,0.868,618.296,,8.181,0,,-1,-1,,-1
999,Day,5.755,33.662,0,U_Amb_R,Practice,Expected,Red,Left,39.417,34.027,-0.494,0.868,618.662,,7.495,0,,-1,-1,,-1
999,Day,5.755,33.748,0,U_Amb_R,Practice,Expected,Red,Left,39.504,34.114,-0.485,0.868,618.941,,6.924,0,,-1,-1,,-1
999,Day,5.755,33.856,0,U_Amb_R,Practice,Expected,Red,Left,39.611,34.221,-0.474,0.868,619.257,,6.238,0,,-1,-1,,-1
999,Day,5.755,33.947,0,U_Amb_R,Practice,Expected,Red,Left,39.703,34.313,-0.466,0.868,619.497,,5.552,0,,-1,-1,,-1
999,Day,5.755,34.054,0,U_Amb_R,Practice,Expected,Red,Left,39.81,34.42,-0.458,0.868,619.744,,4.866,0,,-1,-1,,-1
999,Day,5.755,34.159,0,U_Amb_R,Practice,Expected,Red,Left,39.914,34.524,-0.451,0.868,619.954,,4.066,0,,-1,-1,,-1
999,Day,5.755,34.263,0,U_Amb_R,Practice,Expected,Red,Left,40.018,34.628,-0.445,0.868,620.128,,3.381,0,,-1,-1,,-1
999,Day,5.755,34.353,0,U_Amb_R,Practice,Expected,Red,Left,40.109,34.719,-0.441,0.868,620.252,,2.809,0,,-1,-1,,-1
999,Day,5.755,34.458,0,U_Amb_R,Practice,Expected,Red,Left,40.213,34.823,-0.437,0.868,620.365,,2.009,0,,-1,-1,,-1
999,Day,5.755,34.564,0,U_Amb_R,Practice,Expected,Red,Left,40.32,34.93,-0.44,0.868,620.445,,1.28,0,,-1,-1,,-1
999,Day,5.755,34.654,0,U_Amb_R,Practice,Expected,Red,Left,40.41,35.02,-0.444,0.868,620.484,,0.718,0,,-1,-1,,-1
999,Day,5.755,34.756,0,U_Amb_R,Practice,Expected,Red,Left,40.511,35.121,-0.443,0.868,620.5,,0.055,0,,-1,-1,,-1
999,Day,5.755,34.863,0,U_Amb_R,Practice,Expected,Red,Left,40.619,35.229,-0.444,0.868,620.481,,0.747,0,,-1,-1,,-1
999,Day,5.755,34.947,0,U_Amb_R,Practice,Expected,Red,Left,40.702,35.312,-0.445,0.868,620.443,,1.326,0,,-1,-1,,-1
999,Day,5.755,35.049,0,U_Amb_R,Practice,Expected,Red,Left,40.804,35.414,-0.447,0.868,620.367,,1.997,0,,-1,-1,,-1
999,Day,5.755,35.154,0,U_Amb_R,Practice,Expected,Red,Left,40.909,35.519,-0.45,0.868,620.258,,2.669,0,,-1,-1,,-1
999,Day,5.755,35.257,0,U_Amb_R,Practice,Expected,Red,Left,41.012,35.622,-0.454,0.868,620.117,,3.341,0,,-1,-1,,-1
999,Day,5.755,35.362,0,U_Amb_R,Practice,Expected,Red,Left,41.117,35.727,-0.459,0.868,619.941,,4.125,0,,-1,-1,,-1
999,Day,5.755,35.448,0,U_Amb_R,Practice,Expected,Red,Left,41.203,35.813,-0.464,0.868,619.771,,4.685,0,,-1,-1,,-1
999,Day,5.755,35.55,0,U_Amb_R,Practice,Expected,Red,Left,41.306,35.916,-0.471,0.868,619.543,,5.357,0,,-1,-1,,-1
999,Day,5.755,35.668,0,U_Amb_R,Practice,Expected,Red,Left,41.423,36.033,-0.48,0.868,619.241,,6.076,0,,-1,-1,,-1
999,Day,5.755,35.746,0,U_Amb_R,Practice,Expected,Red,Left,41.502,36.112,-0.486,0.868,619.026,,6.086,0,,-1,-1,,-1
999,Day,5.755,35.847,0,U_Amb_R,Practice,Expected,Red,Left,41.603,36.213,-0.494,0.868,618.751,,6.084,0,,-1,-1,,-1
999,Day,5.755,35.956,0,U_Amb_R,Practice,Expected,Red,Left,41.711,36.321,-0.502,0.868,618.458,,6.083,0,,-1,-1,,-1
999,Day,5.755,36.059,0,U_Amb_R,Practice,Expected,Red,Left,41.815,36.425,-0.51,0.868,618.177,,6.081,0,,-1,-1,,-1
999,Day,5.755,36.159,0,U_Amb_R,Practice,Expected,Red,Left,41.914,36.524,-0.518,0.868,617.905,,6.08,0,,-1,-1,,-1
999,Day,5.755,36.261,0,U_Amb_R,Practice,Expected,Red,Left,42.017,36.627,-0.526,0.868,617.627,,6.078,0,,-1,-1,,-1
999,Day,5.755,36.347,0,U_Amb_R,Practice,Expected,Red,Left,42.102,36.712,-0.533,0.868,617.394,,6.077,0,,-1,-1,,-1
999,Day,5.755,36.447,0,U_Amb_R,Practice,Expected,Red,Left,42.203,36.813,-0.541,0.868,617.121,,6.076,0,,-1,-1,,-1
999,Day,5.755,36.555,0,U_Amb_R,Practice,Expected,Red,Left,42.31,36.92,-0.549,0.868,616.831,,6.075,0,,-1,-1,,-1
999,Day,5.755,36.66,0,U_Amb_R,Practice,Expected,Red,Left,42.415,37.025,-0.558,0.868,616.545,,6.073,0,,-1,-1,,-1
999,Day,5.755,36.746,0,U_Amb_R,Practice,Expected,Red,Left,42.502,37.112,-0.564,0.868,616.318,,5.556,0,,-1,-1,,-1
999,Day,5.755,36.851,0,U_Amb_R,Practice,Expected,Red,Left,42.606,37.216,-0.571,0.868,616.076,,4.871,0,,-1,-1,,-1
999,Day,5.755,36.96,0,U_Amb_R,Practice,Expected,Red,Left,42.716,37.326,-0.578,0.868,615.857,,4.071,0,,-1,-1,,-1
999,Day,5.755,37.047,0,U_Amb_R,Practice,Expected,Red,Left,42.803,37.413,-0.582,0.868,615.708,,3.499,0,,-1,-1,,-1
999,Day,5.755,37.153,0,U_Amb_R,Practice,Expected,Red,Left,42.908,37.518,-0.586,0.868,615.56,,2.814,0,,-1,-1,,-1
999,Day,5.755,37.261,0,U_Amb_R,Practice,Expected,Red,Left,43.017,37.627,-0.59,0.868,615.442,,2.014,0,,-1,-1,,-1
999,Day,5.755,37.35,0,U_Amb_R,Practice,Expected,Red,Left,43.106,37.716,-0.592,0.868,615.374,,1.441,0,,-1,-1,,-1
999,Day,5.755,37.456,0,U_Amb_R,Practice,Expected,Red,Left,43.212,37.822,-0.593,0.868,615.323,,0.744,0,,-1,-1,,-1
999,Day,5.755,37.551,0,U_Amb_R,Practice,Expected,Red,Left,43.307,37.917,-0.593,0.868,615.306,,0.101,0,,-1,-1,,-1
999,Day,5.755,37.656,0,U_Amb_R,Practice,Expected,Red,Left,43.412,38.022,-0.593,0.868,615.32,,0.612,0,,-1,-1,,-1
999,Day,5.755,37.747,0,U_Amb_R,Practice,Expected,Red,Left,43.503,38.113,-0.592,0.868,615.359,,1.274,0,,-1,-1,,-1
999,Day,5.755,37.853,0,U_Amb_R,Practice,Expected,Red,Left,43.608,38.218,-0.59,0.868,615.435,,1.945,0,,-1,-1,,-1
999,Day,5.755,37.962,0,U_Amb_R,Practice,Expected,Red,Left,43.717,38.327,-0.586,0.868,615.548,,2.729,0,,-1,-1,,-1
999,Day,5.755,38.053,0,U_Amb_R,Practice,Expected,Red,Left,43.808,38.418,-0.583,0.868,615.67,,3.289,0,,-1,-1,,-1
999,Day,5.755,38.161,0,U_Amb_R,Practice,Expected,Red,Left,43.916,38.526,-0.578,0.868,615.848,,4.073,0,,-1,-1,,-1
999,Day,5.755,38.251,0,U_Amb_R,Practice,Expected,Red,Left,44.006,38.616,-0.573,0.868,616.022,,4.633,0,,-1,-1,,-1
999,Day,5.755,38.353,0,U_Amb_R,Practice,Expected,Red,Left,44.108,38.718,-0.566,0.868,616.25,,5.305,0,,-1,-1,,-1
999,Day,5.755,38.463,0,U_Amb_R,Practice,Expected,Red,Left,44.218,38.828,-0.558,0.868,616.529,,6.089,0,,-1,-1,,-1
999,Day,5.755,38.549,0,U_Amb_R,Practice,Expected,Red,Left,44.305,38.915,-0.568,0.868,616.772,,6.514,0,,-1,-1,,-1
999,Day,5.755,38.65,0,U_Amb_R,Practice,Expected,Red,Left,44.405,39.015,-0.585,0.868,617.08,,7.145,0,,-1,-1,,-1
999,Day,5.755,38.748,0,U_Amb_R,Practice,Expected,Red,Left,44.503,39.113,-0.585,0.868,617.407,,7.815,0,,-1,-1,,-1
999,Day,5.755,38.854,0,U_Amb_R,Practice,Expected,Red,Left,44.609,39.219,-0.583,0.868,617.796,,8.486,0,,-1,-1,,-1
999,Day,5.755,38.947,0,U_Amb_R,Practice,Expected,Red,Left,44.702,39.312,-0.581,0.868,618.16,,9.157,0,,-1,-1,,-1
999,Day,5.755,39.051,0,U_Amb_R,Practice,Expected,Red,Left,44.807,39.417,-0.578,0.868,618.604,,9.828,0,,-1,-1,,-1
999,Day,5.755,39.159,0,U_Amb_R,Practice,Expected,Red,Left,44.915,39.525,-0.574,0.868,619.098,,10.61,0,,-1,-1,,-1
999,Day,5.755,39.248,0,U_Amb_R,Practice,Expected,Red,Left,45.003,39.613,-0.571,0.868,619.525,,11.169,0,,-1,-1,,-1
999,Day,5.755,39.352,0,U_Amb_R,Practice,Expected,Red,Left,45.107,39.717,-0.567,0.868,620.062,,11.842,0,,-1,-1,,-1
999,Day,5.755,39.459,0,U_Amb_R,Practice,Expected,Red,Left,45.215,39.825,-0.563,0.869,620.649,,12.624,0,,-1,-1,,-1
999,Day,5.755,39.547,0,U_Amb_R,Practice,Expected,Red,Left,45.303,39.913,-0.56,0.869,621.157,,13.182,0,,-1,-1,,-1
999,Day,5.755,39.657,0,U_Amb_R,Practice,Expected,Red,Left,45.412,40.022,-0.555,0.868,621.818,,13.852,0,,-1,-1,,-1
999,Day,5.755,39.748,0,U_Amb_R,Practice,Expected,Red,Left,45.503,40.113,-0.551,0.868,622.398,,14.522,0,,-1,-1,,-1
999,Day,5.755,39.856,0,U_Amb_R,Practice,Expected,Red,Left,45.611,40.221,-0.546,0.868,623.118,,15.192,0,,-1,-1,,-1
999,Day,5.755,39.964,0,U_Amb_R,Practice,Expected,Red,Left,45.72,40.33,-0.541,0.868,623.867,,15.972,0,,-1,-1,,-1
999,Day,5.755,40.05,0,U_Amb_R,Practice,Expected,Red,Left,45.805,40.415,-0.537,0.868,624.495,,16.53,0,,-1,-1,,-1
999,Day,5.755,40.164,0,U_Amb_R,Practice,Expected,Red,Left,45.919,40.529,-0.531,0.868,625.351,,17.31,0,,-1,-1,,-1
999,Day,5.755,40.249,0,U_Amb_R,Practice,Expected,Red,Left,46.004,40.614,-0.526,0.868,626.026,,17.868,0,,-1,-1,,-1
999,Day,5.755,40.356,0,U_Amb_R,Practice,Expected,Red,Left,46.111,40.721,-0.52,0.868,626.894,,18.536,0,,-1,-1,,-1
999,Day,5.755,40.462,0,U_Amb_R,Practice,Expected,Red,Left,46.218,40.828,-0.514,0.868,627.795,,19.316,0,,-1,-1,,-1
999,Day,5.755,40.548,0,U_Amb_R,Practice,Expected,Red,Left,46.304,40.914,-0.509,0.868,628.553,,19.873,0,,-1,-1,,-1
999,Day,5.755,40.657,0,U_Amb_R,Practice,Expected,Red,Left,46.412,41.022,-0.503,0.868,629.531,,20.541,0,,-1,-1,,-1
999,Day,5.755,40.751,0,U_Amb_R,Practice,Expected,Red,Left,46.507,41.117,-0.512,0.868,630.409,,21.016,0,,-1,-1,,-1
999,Day,5.755,40.862,0,U_Amb_R,Practice,Expected,Red,Left,46.618,41.228,-0.586,0.868,631.46,,21.449,0,,-1,-1,,-1
999,Day,5.755,40.963,0,U_Amb_R,Practice,Expected,Red,Left,46.718,41.329,-0.647,0.868,632.423,,21.455,0,,-1,-1,,-1
999,Day,5.755,41.049,0,U_Amb_R,Practice,Expected,Red,Left,46.804,41.414,-0.698,0.868,633.246,,21.451,0,,-1,-1,,-1
999,Day,5.755,41.153,0,U_Amb_R,Practice,Expected,Red,Left,46.909,41.519,-0.764,0.868,634.25,,21.446,0,,-1,-1,,-1
999,Day,5.755,41.247,0,U_Amb_R,Practice,Expected,Red,Left,47.003,41.613,-0.827,0.868,635.148,,21.441,0,,-1,-1,,-1
999,Day,5.755,41.355,0,U_Amb_R,Practice,Expected,Red,Left,47.111,41.721,-0.902,0.868,636.175,,21.436,0,,-1,-1,,-1
999,Day,5.755,41.462,0,U_Amb_R,Practice,Expected,Red,Left,47.218,41.828,-0.981,0.868,637.212,,22.027,0,,-1,-1,,-1
999,Day,5.755,41.551,0,U_Amb_R,Practice,Expected,Red,Left,47.306,41.916,-1.049,0.868,638.092,,22.322,0,,-1,-1,,-1
999,Day,5.755,41.652,0,U_Amb_R,Practice,Expected,Red,Left,47.408,42.018,-1.129,0.868,639.097,,22.286,0,,-1,-1,,-1
999,Day,5.755,41.761,0,U_Amb_R,Practice,Expected,Red,Left,47.517,42.127,-1.262,0.868,640.159,,22.014,0,,-1,-1,,-1
999,Day,5.755,41.86,0,U_Amb_R,Practice,Expected,Red,Left,47.616,42.226,-1.388,0.868,641.125,,22.004,0,,-1,-1,,-1
999,Day,5.755,41.947,0,U_Amb_R,Practice,Expected,Red,Left,47.702,42.312,-1.497,0.868,641.983,,22,0,,-1,-1,,-1
999,Day,5.755,42.051,0,U_Amb_R,Practice,Expected,Red,Left,47.807,42.417,-1.629,0.868,642.997,,21.995,0,,-1,-1,,-1
999,Day,5.755,42.159,0,U_Amb_R,Practice,Expected,Red,Left,47.914,42.524,-1.77,0.868,644.044,,21.989,0,,-1,-1,,-1
999,Day,5.755,42.251,0,U_Amb_R,Practice,Expected,Red,Left,48.007,42.617,-1.894,0.868,644.954,,22.355,0,,-1,-1,,-1
999,Day,5.755,42.361,0,U_Amb_R,Practice,Expected,Red,Left,48.117,42.727,-2.047,0.868,646.052,,22.655,0,,-1,-1,,-1
999,Day,5.755,42.448,0,U_Amb_R,Practice,Expected,Red,Left,48.204,42.814,-2.171,0.868,646.928,,22.653,0,,-1,-1,,-1
999,Day,5.755,42.559,0,U_Amb_R,Practice,Expected,Red,Left,48.314,42.924,-2.299,0.868,648.031,,22.357,0,,-1,-1,,-1
999,Day,5.755,42.65,0,U_Amb_R,Practice,Expected,Red,Left,48.406,43.016,-2.367,0.868,648.936,,22.294,0,,-1,-1,,-1
999,Day,5.755,42.759,0,U_Amb_R,Practice,Expected,Red,Left,48.515,43.125,-2.459,0.868,650.019,,22.287,0,,-1,-1,,-1
999,Day,5.755,42.848,0,U_Amb_R,Practice,Expected,Red,Left,48.603,43.214,-2.534,0.868,650.907,,22.283,0,,-1,-1,,-1
999,Day,5.755,42.947,0,U_Amb_R,Practice,Expected,Red,Left,48.703,43.313,-2.627,0.868,651.885,,22.087,0,,-1,-1,,-1
999,Day,5.755,43.049,0,U_Amb_R,Practice,Expected,Red,Left,48.804,43.414,-2.76,0.868,652.878,,21.969,0,,-1,-1,,-1
999,Day,5.755,43.158,0,U_Amb_R,Practice,Expected,Red,Left,48.913,43.524,-2.888,0.868,653.936,,21.961,0,,-1,-1,,-1
999,Day,5.755,43.246,0,U_Amb_R,Practice,Expected,Red,Left,49.001,43.611,-2.992,0.868,654.798,,21.957,0,,-1,-1,,-1
999,Day,5.755,43.356,0,U_Amb_R,Practice,Expected,Red,Left,49.111,43.721,-3.121,0.868,655.864,,21.952,0,,-1,-1,,-1
999,Day,5.755,43.46,0,U_Amb_R,Practice,Expected,Red,Left,49.215,43.825,-3.248,0.868,656.882,,21.946,0,,-1,-1,,-1
999,Day,5.755,43.549,0,U_Amb_R,Practice,Expected,Red,Left,49.304,43.914,-3.358,0.868,657.749,,21.942,0,,-1,-1,,-1
999,Day,5.755,43.655,0,U_Amb_R,Practice,Expected,Red,Left,49.41,44.021,-3.491,0.868,658.781,,21.937,0,,-1,-1,,-1
999,Day,5.755,43.762,0,U_Amb_R,Practice,Expected,Red,Left,49.518,44.128,-3.625,0.868,659.82,,21.931,0,,-1,-1,,-1
999,Day,5.755,43.849,0,U_Amb_R,Practice,Expected,Red,Left,49.604,44.214,-3.735,0.868,660.665,,21.927,0,,-1,-1,,-1
999,Day,5.755,43.96,0,U_Amb_R,Practice,Expected,Red,Left,49.715,44.325,-3.874,0.868,661.735,,21.921,0,,-1,-1,,-1
999,Day,5.755,44.046,0,U_Amb_R,Practice,Expected,Red,Left,49.802,44.412,-3.986,0.868,662.585,,21.917,0,,-1,-1,,-1
999,Day,5.755,44.154,0,U_Amb_R,Practice,Expected,Red,Left,49.91,44.52,-4.123,0.868,663.631,,21.912,0,,-1,-1,,-1
999,Day,5.755,44.251,0,U_Amb_R,Practice,Expected,Red,Left,50.006,44.616,-4.245,0.868,664.562,,21.907,0,,-1,-1,,-1
999,Day,5.755,44.352,0,U_Amb_R,Practice,Expected,Red,Left,50.108,44.718,-4.375,0.868,665.556,,21.902,0,,-1,-1,,-1
999,Day,5.755,44.447,0,U_Amb_R,Practice,Expected,Red,Left,50.203,44.813,-4.495,0.868,666.472,,21.897,0,,-1,-1,,-1
999,Day,5.755,44.555,0,U_Amb_R,Practice,Expected,Red,Left,50.311,44.921,-4.596,0.868,667.519,,21.603,0,,-1,-1,,-1
999,Day,5.755,44.646,0,U_Amb_R,Practice,Expected,Red,Left,50.401,45.011,-4.663,0.868,668.394,,21.58,0,,-1,-1,,-1
999,Day,5.755,44.755,0,U_Amb_R,Practice,Expected,Red,Left,50.51,45.12,-4.75,0.868,669.439,,21.575,0,,-1,-1,,-1
999,Day,5.755,44.848,0,U_Amb_R,Practice,Expected,Red,Left,50.604,45.214,-4.823,0.868,670.335,,21.57,0,,-1,-1,,-1
999,Day,5.755,44.96,0,U_Amb_R,Practice,Expected,Red,Left,50.716,45.326,-4.907,0.868,671.411,,21.564,0,,-1,-1,,-1
999,Day,5.755,45.049,0,U_Amb_R,Practice,Expected,Red,Left,50.804,45.414,-4.971,0.868,672.264,,21.559,0,,-1,-1,,-1
999,Day,5.755,45.16,0,U_Amb_R,Practice,Expected,Red,Left,50.915,45.525,-5.05,0.868,673.332,,21.554,0,,-1,-1,,-1
999,Day,5.755,45.252,0,U_Amb_R,Practice,Expected,Red,Left,51.007,45.617,-5.112,0.868,674.209,,21.55,0,,-1,-1,,-1
999,Day,5.755,45.363,0,U_Amb_R,Practice,Expected,Red,Left,51.118,45.728,-5.188,0.868,675.282,,21.544,0,,-1,-1,,-1
999,Day,5.755,45.461,0,U_Amb_R,Practice,Expected,Red,Left,51.216,45.826,-5.251,0.868,676.218,,21.449,0,,-1,-1,,-1
999,Day,5.755,45.549,0,U_Amb_R,Practice,Expected,Red,Left,51.304,45.914,-5.269,0.868,677.057,,21.204,0,,-1,-1,,-1
999,Day,5.755,45.661,0,U_Amb_R,Practice,Expected,Red,Left,51.417,46.027,-5.274,0.868,678.12,,21.181,0,,-1,-1,,-1
999,Day,5.755,45.774,0,U_Amb_R,Practice,Expected,Red,Left,51.53,46.14,-5.288,0.868,679.193,,21.176,0,,-1,-1,,-1
999,Day,5.755,45.852,0,U_Amb_R,Practice,Expected,Red,Left,51.608,46.218,-5.295,0.868,679.932,,21.172,0,,-1,-1,,-1
999,Day,5.755,45.952,0,U_Amb_R,Practice,Expected,Red,Left,51.708,46.318,-5.302,0.868,680.877,,21.167,0,,-1,-1,,-1
999,Day,5.755,46.061,0,U_Amb_R,Practice,Expected,Red,Left,51.817,46.427,-5.306,0.868,681.916,,21.161,0,,-1,-1,,-1
999,Day,5.755,46.147,0,U_Amb_R,Practice,Expected,Red,Left,51.903,46.513,-5.307,0.868,682.733,,21.157,0,,-1,-1,,-1
999,Day,5.755,46.26,0,U_Amb_R,Practice,Expected,Red,Left,52.015,46.625,-5.307,0.868,683.791,,21.151,0,,-1,-1,,-1
999,Day,5.755,46.349,0,U_Amb_R,Practice,Expected,Red,Left,52.104,46.714,-5.306,0.868,684.633,,21.147,0,,-1,-1,,-1
999,Day,5.755,46.47,0,U_Amb_R,Practice,Expected,Red,Left,52.226,46.836,-5.304,0.868,685.774,,21.142,0,,-1,-1,,-1
999,Day,5.755,172.556,0,U_Amb_R,Practice,Expected,Red,Left,178.311,172.921,-5.304,0.868,685.95,,21.141,0,,-1,-1,,-1
999,Day,5.755,172.774,0,U_Amb_R,Practice,Expected,Red,Left,178.529,173.139,-5.299,0.868,687.833,,21.131,0,,-1,-1,,-1
999,Day,5.755,172.803,0,U_Amb_R,Practice,Expected,Red,Left,178.559,173.169,-5.298,0.868,688.236,,21.129,0,,-1,-1,,-1
999,Day,5.755,172.835,0,U_Amb_R,Practice,Expected,Red,Left,178.59,173.2,-5.297,0.868,688.539,,21.127,0,,-1,-1,,-1
999,Day,5.755,172.863,0,U_Amb_R,Practice,Expected,Red,Left,178.618,173.228,-5.296,0.868,688.818,,21.126,0,,-1,-1,,-1
999,Day,5.755,172.886,0,U_Amb_R,Practice,Expected,Red,Left,178.641,173.251,-5.296,0.868,689.043,,21.125,0,,-1,-1,,-1
999,Day,5.755,172.909,0,U_Amb_R,Practice,Expected,Red,Left,178.664,173.275,-5.295,0.868,689.27,,21.124,0,,-1,-1,,-1
999,Day,5.755,172.937,0,U_Amb_R,Practice,Expected,Red,Left,178.692,173.302,-5.295,0.868,689.523,,21.123,0,,-1,-1,,-1
999,Day,5.755,172.969,0,U_Amb_R,Practice,Expected,Red,Left,178.724,173.334,-5.294,0.868,689.828,,21.121,0,,-1,-1,,-1
999,Day,5.755,173.002,0,U_Amb_R,Practice,Expected,Red,Left,178.757,173.367,-5.293,0.868,690.136,,21.12,0,,-1,-1,,-1
999,Day,5.755,173.035,0,U_Amb_R,Practice,Expected,Red,Left,178.791,173.401,-5.292,0.868,690.447,,21.118,0,,-1,-1,,-1
999,Day,5.755,173.067,0,U_Amb_R,Practice,Expected,Red,Left,178.822,173.432,-5.291,0.868,690.755,,21.116,0,,-1,-1,,-1
999,Day,5.755,173.099,0,U_Amb_R,Practice,Expected,Red,Left,178.854,173.464,-5.29,0.868,691.059,,21.115,0,,-1,-1,,-1
999,Day,5.755,173.133,0,U_Amb_R,Practice,Expected,Red,Left,178.888,173.498,-5.289,0.868,691.375,,21.113,0,,-1,-1,,-1
999,Day,5.755,173.166,0,U_Amb_R,Practice,Expected,Red,Left,178.921,173.531,-5.289,0.868,691.688,,21.112,0,,-1,-1,,-1
999,Day,5.755,173.199,0,U_Amb_R,Practice,Expected,Red,Left,178.954,173.564,-5.288,0.868,692,,21.11,0,,-1,-1,,-1
999,Day,5.755,173.232,0,U_Amb_R,Practice,Expected,Red,Left,178.988,173.598,-5.287,0.868,692.312,,21.108,0,,-1,-1,,-1
999,Day,5.755,173.265,0,U_Amb_R,Practice,Expected,Red,Left,179.02,173.63,-5.286,0.868,692.62,,21.107,0,,-1,-1,,-1
999,Day,5.755,173.299,0,U_Amb_R,Practice,Expected,Red,Left,179.055,173.665,-5.285,0.868,692.934,,21.105,0,,-1,-1,,-1
999,Day,5.755,173.336,0,U_Amb_R,Practice,Expected,Red,Left,179.091,173.701,-5.284,0.868,693.285,,21.104,0,,-1,-1,,-1
999,Day,5.755,173.367,0,U_Amb_R,Practice,Expected,Red,Left,179.122,173.732,-5.283,0.868,693.585,,21.102,0,,-1,-1,,-1
999,Day,5.755,173.398,0,U_Amb_R,Practice,Expected,Red,Left,179.154,173.764,-5.282,0.868,693.879,,21.101,0,,-1,-1,,-1
999,Day,5.755,173.43,0,U_Amb_R,Practice,Expected,Red,Left,179.186,173.796,-5.282,0.868,694.176,,21.099,0,,-1,-1,,-1
999,Day,5.755,173.463,0,U_Amb_R,Practice,Expected,Red,Left,179.218,173.828,-5.281,0.868,694.484,,21.097,0,,-1,-1,,-1
999,Day,5.755,173.493,0,U_Amb_R,Practice,Expected,Red,Left,179.248,173.858,-5.28,0.868,694.78,,21.097,0,,-1,-1,,-1
999,Day,5.755,173.525,0,U_Amb_R,Practice,Expected,Red,Left,179.281,173.891,-5.279,0.868,695.083,,21.095,0,,-1,-1,,-1
999,Day,5.755,173.557,0,U_Amb_R,Practice,Expected,Red,Left,179.313,173.923,-5.278,0.868,695.386,,21.093,0,,-1,-1,,-1
999,Day,5.755,173.591,0,U_Amb_R,Practice,Expected,Red,Left,179.346,173.956,-5.277,0.868,695.703,,21.092,0,,-1,-1,,-1
999,Day,5.755,173.632,0,U_Amb_R,Practice,Expected,Red,Left,179.387,173.997,-5.276,0.868,696.083,,21.089,0,,-1,-1,,-1
999,Day,5.755,173.664,0,U_Amb_R,Practice,Expected,Red,Left,179.42,174.03,-5.275,0.868,696.392,,21.088,0,,-1,-1,,-1
999,Day,5.755,173.693,0,U_Amb_R,Practice,Expected,Red,Left,179.448,174.058,-5.275,0.868,696.662,,21.087,0,,-1,-1,,-1
999,Day,5.755,173.755,0,U_Amb_R,Practice,Expected,Red,Left,179.51,174.12,-5.273,0.868,697.23,,21.084,0,,-1,-1,,-1
999,Day,5.755,173.786,0,U_Amb_R,Practice,Expected,Red,Left,179.542,174.152,-5.272,0.868,697.542,,21.082,0,,-1,-1,,-1
999,Day,5.755,173.821,0,U_Amb_R,Practice,Expected,Red,Left,179.577,174.187,-5.271,0.868,697.875,,21.081,0,,-1,-1,,-1
999,Day,5.755,173.839,0,U_Amb_R,Practice,Expected,Red,Left,179.595,174.205,-5.271,0.868,698.053,,21.08,0,,-1,-1,,-1
999,Day,5.755,173.863,0,U_Amb_R,Practice,Expected,Red,Left,179.618,174.228,-5.27,0.868,698.268,,21.078,0,,-1,-1,,-1
999,Day,5.755,173.897,0,U_Amb_R,Practice,Expected,Red,Left,179.653,174.263,-5.269,0.868,698.586,,21.077,0,,-1,-1,,-1
999,Day,5.755,173.928,0,U_Amb_R,Practice,Expected,Red,Left,179.683,174.293,-5.268,0.868,698.877,,21.075,0,,-1,-1,,-1
999,Day,5.755,173.959,0,U_Amb_R,Practice,Expected,Red,Left,179.714,174.324,-5.268,0.868,699.173,,21.074,0,,-1,-1,,-1
999,Day,5.755,173.992,0,U_Amb_R,Practice,Expected,Red,Left,179.747,174.357,-5.267,0.868,699.477,,21.073,0,,-1,-1,,-1
999,Day,5.755,174.024,0,U_Amb_R,Practice,Expected,Red,Left,179.78,174.39,-5.266,0.868,699.787,,21.071,0,,-1,-1,,-1
999,Day,5.755,174.059,0,U_Amb_R,Practice,Expected,Red,Left,179.814,174.425,-5.265,0.868,700.112,,21.07,0,,-1,-1,,-1
999,Day,5.755,174.09,0,U_Amb_R,Practice,Expected,Red,Left,179.846,174.456,-5.264,0.868,700.409,,21.068,0,,-1,-1,,-1
999,Day,5.755,174.124,0,U_Amb_R,Practice,Expected,Red,Left,179.879,174.489,-5.263,0.868,700.724,,21.066,0,,-1,-1,,-1
999,Day,5.755,174.156,0,U_Amb_R,Practice,Expected,Red,Left,179.912,174.522,-5.262,0.868,701.034,,21.065,0,,-1,-1,,-1
999,Day,5.755,174.19,0,U_Amb_R,Practice,Expected,Red,Left,179.945,174.555,-5.261,0.868,701.345,,21.063,0,,-1,-1,,-1
999,Day,5.755,174.222,0,U_Amb_R,Practice,Expected,Red,Left,179.978,174.588,-5.261,0.868,701.652,,21.062,0,,-1,-1,,-1
999,Day,5.755,174.257,0,U_Amb_R,Practice,Expected,Red,Left,180.012,174.622,-5.26,0.868,701.975,,21.06,0,,-1,-1,,-1
999,Day,5.755,174.29,0,U_Amb_R,Practice,Expected,Red,Left,180.045,174.655,-5.259,0.868,702.285,,21.059,0,,-1,-1,,-1
999,Day,5.755,174.323,0,U_Amb_R,Practice,Expected,Red,Left,180.079,174.689,-5.258,0.868,702.606,,21.057,0,,-1,-1,,-1
999,Day,5.755,174.356,0,U_Amb_R,Practice,Expected,Red,Left,180.112,174.722,-5.257,0.868,702.914,,21.055,0,,-1,-1,,-1
999,Day,5.755,174.389,0,U_Amb_R,Practice,Expected,Red,Left,180.144,174.754,-5.256,0.868,703.221,,21.054,0,,-1,-1,,-1
999,Day,5.755,174.423,0,U_Amb_R,Practice,Expected,Red,Left,180.179,174.789,-5.255,0.868,703.544,,21.052,0,,-1,-1,,-1
999,Day,5.755,174.457,0,U_Amb_R,Practice,Expected,Red,Left,180.212,174.822,-5.254,0.868,703.861,,21.051,0,,-1,-1,,-1
999,Day,5.755,174.49,0,U_Amb_R,Practice,Expected,Red,Left,180.245,174.855,-5.254,0.868,704.172,,21.049,0,,-1,-1,,-1
999,Day,5.755,174.522,0,U_Amb_R,Practice,Expected,Red,Left,180.278,174.888,-5.253,0.868,704.474,,21.048,0,,-1,-1,,-1
999,Day,5.755,174.585,0,U_Amb_R,Practice,Expected,Red,Left,180.34,174.95,-5.251,0.868,705.049,,21.044,0,,-1,-1,,-1
999,Day,5.755,174.601,0,U_Amb_R,Practice,Expected,Red,Left,180.356,174.966,-5.251,0.868,705.221,,21.044,0,,-1,-1,,-1
999,Day,5.755,174.622,0,U_Amb_R,Practice,Expected,Red,Left,180.378,174.988,-5.25,0.868,705.422,,21.043,0,,-1,-1,,-1
999,Day,5.755,174.674,0,U_Amb_R,Practice,Expected,Red,Left,180.43,175.04,-5.249,0.868,705.883,,21.04,0,,-1,-1,,-1
999,Day,5.755,174.708,0,U_Amb_R,Practice,Expected,Red,Left,180.464,175.074,-5.248,0.868,706.219,,21.039,0,,-1,-1,,-1
999,Day,5.755,174.749,0,U_Amb_R,Practice,Expected,Red,Left,180.505,175.115,-5.247,0.868,706.597,,21.036,0,,-1,-1,,-1
999,Day,5.755,174.785,0,U_Amb_R,Practice,Expected,Red,Left,180.541,175.151,-5.246,0.868,706.954,,21.035,0,,-1,-1,,-1
999,Day,5.755,174.822,0,U_Amb_R,Practice,Expected,Red,Left,180.577,175.187,-5.245,0.868,707.291,,21.033,0,,-1,-1,,-1
999,Day,5.755,174.97,0,U_Amb_R,Practice,Expected,Red,Left,180.725,175.335,-5.241,0.868,708.617,,21.026,0,,-1,-1,,-1
999,Day,5.755,174.987,0,U_Amb_R,Practice,Expected,Red,Left,180.742,175.352,-5.24,0.868,708.848,,21.025,0,,-1,-1,,-1
999,Day,5.755,175.023,0,U_Amb_R,Practice,Expected,Red,Left,180.779,175.389,-5.239,0.868,709.188,,21.024,0,,-1,-1,,-1
999,Day,5.755,175.063,0,U_Amb_R,Practice,Expected,Red,Left,180.818,175.428,-5.238,0.868,709.55,,21.021,0,,-1,-1,,-1
999,Day,5.755,175.107,0,U_Amb_R,Practice,Expected,Red,Left,180.863,175.473,-5.237,0.868,709.977,,21.02,0,,-1,-1,,-1
999,Day,5.755,175.12,0,U_Amb_R,Practice,Expected,Red,Left,180.876,175.486,-5.237,0.868,710.107,,21.019,0,,-1,-1,,-1
999,Day,5.755,175.14,0,U_Amb_R,Practice,Expected,Red,Left,180.895,175.505,-5.236,0.868,710.286,,21.018,0,,-1,-1,,-1
999,Day,5.755,175.175,0,U_Amb_R,Practice,Expected,Red,Left,180.93,175.54,-5.235,0.868,710.609,,21.017,0,,-1,-1,,-1
999,Day,5.755,175.224,0,U_Amb_R,Practice,Expected,Red,Left,180.98,175.59,-5.234,0.868,711.061,,21.014,0,,-1,-1,,-1
999,Day,5.755,175.263,0,U_Amb_R,Practice,Expected,Red,Left,181.018,175.628,-5.233,0.868,711.428,,21.012,0,,-1,-1,,-1
999,Day,5.755,175.303,0,U_Amb_R,Practice,Expected,Red,Left,181.059,175.669,-5.232,0.868,711.805,,21.01,0,,-1,-1,,-1
999,Day,5.755,175.337,0,U_Amb_R,Practice,Expected,Red,Left,181.092,175.702,-5.231,0.868,712.132,,21.009,0,,-1,-1,,-1
999,Day,5.755,175.37,0,U_Amb_R,Practice,Expected,Red,Left,181.126,175.736,-5.23,0.868,712.447,,21.007,0,,-1,-1,,-1
999,Day,5.755,175.408,0,U_Amb_R,Practice,Expected,Red,Left,181.164,175.774,-5.229,0.868,712.804,,21.006,0,,-1,-1,,-1
999,Day,5.755,175.457,0,U_Amb_R,Practice,Expected,Red,Left,181.213,175.823,-5.228,0.868,713.225,,21.003,0,,-1,-1,,-1
999,Day,5.755,175.476,0,U_Amb_R,Practice,Expected,Red,Left,181.232,175.842,-5.227,0.868,713.438,,21.003,0,,-1,-1,,-1
999,Day,5.755,175.506,0,U_Amb_R,Practice,Expected,Red,Left,181.261,175.871,-5.227,0.868,713.721,,21.001,0,,-1,-1,,-1
999,Day,5.755,175.54,0,U_Amb_R,Practice,Expected,Red,Left,181.295,175.905,-5.226,0.868,714.038,,20.999,0,,-1,-1,,-1
999,Day,5.755,175.574,0,U_Amb_R,Practice,Expected,Red,Left,181.329,175.939,-5.225,0.868,714.356,,20.998,0,,-1,-1,,-1
999,Day,5.755,175.608,0,U_Amb_R,Practice,Expected,Red,Left,181.364,175.974,-5.224,0.868,714.677,,20.996,0,,-1,-1,,-1
999,Day,5.755,175.642,0,U_Amb_R,Practice,Expected,Red,Left,181.397,176.007,-5.223,0.868,714.991,,20.995,0,,-1,-1,,-1
999,Day,5.755,175.671,0,U_Amb_R,Practice,Expected,Red,Left,181.426,176.036,-5.222,0.868,715.265,,20.993,0,,-1,-1,,-1
999,Day,5.755,175.703,0,U_Amb_R,Practice,Expected,Red,Left,181.458,176.068,-5.221,0.868,715.57,,20.992,0,,-1,-1,,-1
999,Day,5.755,175.738,0,U_Amb_R,Practice,Expected,Red,Left,181.494,176.104,-5.221,0.868,715.894,,20.99,0,,-1,-1,,-1
999,Day,5.755,175.793,0,U_Amb_R,Practice,Expected,Red,Left,181.549,176.159,-5.219,0.868,716.406,,20.988,0,,-1,-1,,-1
999,Day,5.755,175.836,0,U_Amb_R,Practice,Expected,Red,Left,181.591,176.201,-5.218,0.868,716.807,,20.985,0,,-1,-1,,-1
999,Day,5.755,175.868,0,U_Amb_R,Practice,Expected,Red,Left,181.623,176.233,-5.217,0.868,717.113,,20.984,0,,-1,-1,,-1
999,Day,5.755,175.882,0,U_Amb_R,Practice,Expected,Red,Left,181.637,176.247,-5.217,0.868,717.254,,20.983,0,,-1,-1,,-1
999,Day,5.755,175.901,0,U_Amb_R,Practice,Expected,Red,Left,181.656,176.266,-5.216,0.868,717.432,,20.982,0,,-1,-1,,-1
999,Day,5.755,175.934,0,U_Amb_R,Practice,Expected,Red,Left,181.689,176.3,-5.215,0.868,717.737,,20.981,0,,-1,-1,,-1
999,Day,5.755,175.97,0,U_Amb_R,Practice,Expected,Red,Left,181.725,176.335,-5.214,0.868,718.062,,20.979,0,,-1,-1,,-1
999,Day,5.755,175.999,0,U_Amb_R,Practice,Expected,Red,Left,181.754,176.364,-5.214,0.868,718.341,,20.977,0,,-1,-1,,-1
999,Day,5.755,176.03,0,U_Amb_R,Practice,Expected,Red,Left,181.786,176.396,-5.213,0.868,718.639,,20.976,0,,-1,-1,,-1
999,Day,5.755,176.063,0,U_Amb_R,Practice,Expected,Red,Left,181.819,176.429,-5.212,0.868,718.949,,20.974,0,,-1,-1,,-1
999,Day,5.755,176.097,0,U_Amb_R,Practice,Expected,Red,Left,181.852,176.462,-5.211,0.868,719.255,,20.973,0,,-1,-1,,-1
999,Day,5.755,176.128,0,U_Amb_R,Practice,Expected,Red,Left,181.883,176.493,-5.21,0.868,719.547,,20.971,0,,-1,-1,,-1
999,Day,5.755,176.158,0,U_Amb_R,Practice,Expected,Red,Left,181.913,176.523,-5.209,0.868,719.842,,20.97,0,,-1,-1,,-1
999,Day,5.755,176.19,0,U_Amb_R,Practice,Expected,Red,Left,181.946,176.556,-5.209,0.868,720.135,,20.969,0,,-1,-1,,-1
999,Day,5.755,176.223,0,U_Amb_R,Practice,Expected,Red,Left,181.978,176.588,-5.208,0.868,720.446,,20.967,0,,-1,-1,,-1
999,Day,5.755,176.257,0,U_Amb_R,Practice,Expected,Red,Left,182.012,176.622,-5.207,0.868,720.764,,20.966,0,,-1,-1,,-1
999,Day,5.755,176.29,0,U_Amb_R,Practice,Expected,Red,Left,182.045,176.655,-5.206,0.868,721.07,,20.964,0,,-1,-1,,-1
999,Day,5.755,176.327,0,U_Amb_R,Practice,Expected,Red,Left,182.082,176.692,-5.205,0.868,721.411,,20.962,0,,-1,-1,,-1
999,Day,5.755,176.384,0,U_Amb_R,Practice,Expected,Red,Left,182.139,176.749,-5.204,0.868,721.937,,20.959,0,,-1,-1,,-1
999,Day,5.755,176.423,0,U_Amb_R,Practice,Expected,Red,Left,182.179,176.789,-5.203,0.868,722.319,,20.958,0,,-1,-1,,-1
999,Day,5.755,176.472,0,U_Amb_R,Practice,Expected,Red,Left,182.227,176.837,-5.201,0.868,722.768,,20.955,0,,-1,-1,,-1
999,Day,5.755,176.493,0,U_Amb_R,Practice,Expected,Red,Left,182.248,176.859,-5.201,0.868,722.973,,20.955,0,,-1,-1,,-1
999,Day,5.755,176.527,0,U_Amb_R,Practice,Expected,Red,Left,182.283,176.893,-5.2,0.868,723.287,,20.953,0,,-1,-1,,-1
999,Day,5.755,176.545,0,U_Amb_R,Practice,Expected,Red,Left,182.301,176.911,-5.199,0.868,723.461,,20.951,0,,-1,-1,,-1
999,Day,5.755,176.563,0,U_Amb_R,Practice,Expected,Red,Left,182.319,176.929,-5.199,0.868,723.636,,20.951,0,,-1,-1,,-1
999,Day,5.755,176.588,0,U_Amb_R,Practice,Expected,Red,Left,182.344,176.954,-5.198,0.868,723.877,,20.95,0,,-1,-1,,-1
999,Day,5.755,176.615,0,U_Amb_R,Practice,Expected,Red,Left,182.37,176.98,-5.197,0.868,724.118,,20.948,0,,-1,-1,,-1
999,Day,5.755,176.641,0,U_Amb_R,Practice,Expected,Red,Left,182.397,177.007,-5.197,0.868,724.371,,20.947,0,,-1,-1,,-1
999,Day,5.755,176.677,0,U_Amb_R,Practice,Expected,Red,Left,182.433,177.043,-5.196,0.868,724.694,,20.946,0,,-1,-1,,-1
999,Day,5.755,176.709,0,U_Amb_R,Practice,Expected,Red,Left,182.464,177.074,-5.195,0.868,724.993,,20.944,0,,-1,-1,,-1
999,Day,5.755,176.725,0,U_Amb_R,Practice,Expected,Red,Left,182.481,177.091,-5.195,0.868,725.157,,20.944,0,,-1,-1,,-1
999,Day,5.755,176.755,0,U_Amb_R,Practice,Expected,Red,Left,182.51,177.12,-5.194,0.868,725.423,,20.942,0,,-1,-1,,-1
999,Day,5.755,176.769,0,U_Amb_R,Practice,Expected,Red,Left,182.525,177.135,-5.193,0.868,725.569,,20.941,0,,-1,-1,,-1
999,Day,5.755,176.833,0,U_Amb_R,Practice,Expected,Red,Left,182.588,177.198,-5.192,0.868,726.137,,20.938,0,,-1,-1,,-1
999,Day,5.755,176.854,0,U_Amb_R,Practice,Expected,Red,Left,182.609,177.219,-5.191,0.868,726.362,,20.937,0,,-1,-1,,-1
999,Day,5.755,176.88,0,U_Amb_R,Practice,Expected,Red,Left,182.635,177.245,-5.191,0.868,726.586,,20.936,0,,-1,-1,,-1
999,Day,5.755,176.904,0,U_Amb_R,Practice,Expected,Red,Left,182.66,177.27,-5.19,0.868,726.831,,20.935,0,,-1,-1,,-1
999,Day,5.755,176.931,0,U_Amb_R,Practice,Expected,Red,Left,182.686,177.296,-5.189,0.868,727.077,,20.933,0,,-1,-1,,-1
999,Day,5.755,176.952,0,U_Amb_R,Practice,Expected,Red,Left,182.707,177.317,-5.189,0.868,727.272,,20.933,0,,-1,-1,,-1
999,Day,5.755,176.969,0,U_Amb_R,Practice,Expected,Red,Left,182.724,177.334,-5.188,0.868,727.435,,20.932,0,,-1,-1,,-1
999,Day,5.755,176.987,0,U_Amb_R,Practice,Expected,Red,Left,182.742,177.352,-5.188,0.868,727.597,,20.931,0,,-1,-1,,-1
999,Day,5.755,177.006,0,U_Amb_R,Practice,Expected,Red,Left,182.761,177.371,-5.187,0.868,727.781,,20.93,0,,-1,-1,,-1
999,Day,5.755,177.026,0,U_Amb_R,Practice,Expected,Red,Left,182.782,177.392,-5.187,0.868,727.966,,20.929,0,,-1,-1,,-1
999,Day,5.755,177.043,0,U_Amb_R,Practice,Expected,Red,Left,182.798,177.408,-5.186,0.868,728.122,,20.929,0,,-1,-1,,-1
999,Day,5.755,177.063,0,U_Amb_R,Practice,Expected,Red,Left,182.818,177.428,-5.186,0.868,728.301,,20.927,0,,-1,-1,,-1
999,Day,5.755,177.08,0,U_Amb_R,Practice,Expected,Red,Left,182.836,177.446,-5.185,0.868,728.476,,20.926,0,,-1,-1,,-1
999,Day,5.755,177.096,0,U_Amb_R,Practice,Expected,Red,Left,182.852,177.462,-5.185,0.868,728.629,,20.926,0,,-1,-1,,-1
999,Day,5.755,177.114,0,U_Amb_R,Practice,Expected,Red,Left,182.869,177.479,-5.184,0.868,728.792,,20.925,0,,-1,-1,,-1
999,Day,5.755,177.13,0,U_Amb_R,Practice,Expected,Red,Left,182.885,177.495,-5.184,0.868,728.944,,20.924,0,,-1,-1,,-1
999,Day,5.755,177.146,0,U_Amb_R,Practice,Expected,Red,Left,182.901,177.511,-5.183,0.868,729.089,,20.923,0,,-1,-1,,-1
999,Day,5.755,177.163,0,U_Amb_R,Practice,Expected,Red,Left,182.918,177.528,-5.183,0.868,729.247,,20.922,0,,-1,-1,,-1
999,Day,5.755,177.179,0,U_Amb_R,Practice,Expected,Red,Left,182.934,177.544,-5.183,0.868,729.4,,20.922,0,,-1,-1,,-1
999,Day,5.755,177.199,0,U_Amb_R,Practice,Expected,Red,Left,182.955,177.565,-5.182,0.868,729.587,,20.921,0,,-1,-1,,-1
999,Day,5.755,177.215,0,U_Amb_R,Practice,Expected,Red,Left,182.971,177.581,-5.182,0.868,729.743,,20.92,0,,-1,-1,,-1
999,Day,5.755,177.233,0,U_Amb_R,Practice,Expected,Red,Left,182.988,177.598,-5.181,0.868,729.91,,20.919,0,,-1,-1,,-1
999,Day,5.755,177.251,0,U_Amb_R,Practice,Expected,Red,Left,183.007,177.617,-5.181,0.868,730.082,,20.918,0,,-1,-1,,-1
999,Day,5.755,177.273,0,U_Amb_R,Practice,Expected,Red,Left,183.028,177.638,-5.18,0.868,730.279,,20.918,0,,-1,-1,,-1
999,Day,5.755,177.295,0,U_Amb_R,Practice,Expected,Red,Left,183.051,177.661,-5.18,0.868,730.483,,20.916,0,,-1,-1,,-1
999,Day,5.755,177.322,0,U_Amb_R,Practice,Expected,Red,Left,183.077,177.687,-5.179,0.868,730.733,,20.915,0,,-1,-1,,-1
999,Day,5.755,177.34,0,U_Amb_R,Practice,Expected,Red,Left,183.096,177.706,-5.178,0.868,730.914,,20.915,0,,-1,-1,,-1
999,Day,5.755,177.363,0,U_Amb_R,Practice,Expected,Red,Left,183.118,177.728,-5.178,0.868,731.107,,20.913,0,,-1,-1,,-1
999,Day,5.755,177.378,0,U_Amb_R,Practice,Expected,Red,Left,183.133,177.743,-5.177,0.868,731.257,,20.912,0,,-1,-1,,-1
999,Day,5.755,177.391,0,U_Amb_R,Practice,Expected,Red,Left,183.146,177.757,-5.177,0.868,731.395,,20.912,0,,-1,-1,,-1
999,Day,5.755,177.406,0,U_Amb_R,Practice,Expected,Red,Left,183.161,177.771,-5.177,0.868,731.525,,20.911,0,,-1,-1,,-1
999,Day,5.755,177.423,0,U_Amb_R,Practice,Expected,Red,Left,183.178,177.788,-5.176,0.868,731.684,,20.911,0,,-1,-1,,-1
999,Day,5.755,177.442,0,U_Amb_R,Practice,Expected,Red,Left,183.198,177.808,-5.176,0.868,731.856,,20.91,0,,-1,-1,,-1
999,Day,5.755,177.458,0,U_Amb_R,Practice,Expected,Red,Left,183.213,177.823,-5.175,0.868,732.011,,20.909,0,,-1,-1,,-1
999,Day,5.755,177.476,0,U_Amb_R,Practice,Expected,Red,Left,183.232,177.842,-5.175,0.868,732.179,,20.908,0,,-1,-1,,-1
999,Day,5.755,177.496,0,U_Amb_R,Practice,Expected,Red,Left,183.251,177.861,-5.174,0.868,732.349,,20.907,0,,-1,-1,,-1
999,Day,5.755,177.512,0,U_Amb_R,Practice,Expected,Red,Left,183.268,177.878,-5.174,0.868,732.515,,20.906,0,,-1,-1,,-1
999,Day,5.755,177.528,0,U_Amb_R,Practice,Expected,Red,Left,183.283,177.893,-5.173,0.868,732.664,,20.905,0,,-1,-1,,-1
999,Day,5.755,177.55,0,U_Amb_R,Practice,Expected,Red,Left,183.305,177.915,-5.173,0.868,732.863,,20.904,0,,-1,-1,,-1
999,Day,5.755,177.567,0,U_Amb_R,Practice,Expected,Red,Left,183.323,177.933,-5.172,0.868,733.03,,20.904,0,,-1,-1,,-1
999,Day,5.755,177.583,0,U_Amb_R,Practice,Expected,Red,Left,183.339,177.949,-5.172,0.868,733.182,,20.903,0,,-1,-1,,-1
999,Day,5.755,177.6,0,U_Amb_R,Practice,Expected,Red,Left,183.356,177.966,-5.171,0.868,733.343,,20.902,0,,-1,-1,,-1
999,Day,5.755,177.619,0,U_Amb_R,Practice,Expected,Red,Left,183.374,177.984,-5.171,0.868,733.516,,20.901,0,,-1,-1,,-1
999,Day,5.755,177.638,0,U_Amb_R,Practice,Expected,Red,Left,183.393,178.003,-5.171,0.868,733.69,,20.9,0,,-1,-1,,-1
999,Day,5.755,177.662,0,U_Amb_R,Practice,Expected,Red,Left,183.418,178.028,-5.17,0.868,733.908,,20.899,0,,-1,-1,,-1
999,Day,5.755,177.68,0,U_Amb_R,Practice,Expected,Red,Left,183.435,178.045,-5.169,0.868,734.084,,20.898,0,,-1,-1,,-1
999,Day,5.755,177.698,0,U_Amb_R,Practice,Expected,Red,Left,183.453,178.063,-5.169,0.868,734.253,,20.897,0,,-1,-1,,-1
999,Day,5.755,177.714,0,U_Amb_R,Practice,Expected,Red,Left,183.47,178.08,-5.169,0.868,734.4,,20.896,0,,-1,-1,,-1
999,Day,5.755,177.73,0,U_Amb_R,Practice,Expected,Red,Left,183.485,178.096,-5.168,0.868,734.555,,20.896,0,,-1,-1,,-1
999,Day,5.755,177.75,0,U_Amb_R,Practice,Expected,Red,Left,183.506,178.116,-5.168,0.868,734.739,,20.895,0,,-1,-1,,-1
999,Day,5.755,177.768,0,U_Amb_R,Practice,Expected,Red,Left,183.523,178.133,-5.167,0.868,734.902,,20.894,0,,-1,-1,,-1
999,Day,5.755,177.786,0,U_Amb_R,Practice,Expected,Red,Left,183.541,178.151,-5.167,0.868,735.075,,20.893,0,,-1,-1,,-1
999,Day,5.755,177.805,0,U_Amb_R,Practice,Expected,Red,Left,183.56,178.17,-5.166,0.868,735.25,,20.893,0,,-1,-1,,-1
999,Day,5.755,177.823,0,U_Amb_R,Practice,Expected,Red,Left,183.579,178.189,-5.166,0.868,735.421,,20.892,0,,-1,-1,,-1
999,Day,5.755,177.84,0,U_Amb_R,Practice,Expected,Red,Left,183.596,178.206,-5.165,0.868,735.582,,20.891,0,,-1,-1,,-1
999,Day,5.755,177.857,0,U_Amb_R,Practice,Expected,Red,Left,183.613,178.223,-5.165,0.868,735.742,,20.89,0,,-1,-1,,-1
999,Day,5.755,177.876,0,U_Amb_R,Practice,Expected,Red,Left,183.632,178.242,-5.164,0.868,735.916,,20.889,0,,-1,-1,,-1
999,Day,5.755,177.895,0,U_Amb_R,Practice,Expected,Red,Left,183.65,178.26,-5.164,0.868,736.078,,20.888,0,,-1,-1,,-1
999,Day,5.755,177.914,0,U_Amb_R,Practice,Expected,Red,Left,183.669,178.279,-5.163,0.868,736.267,,20.887,0,,-1,-1,,-1
999,Day,5.755,177.933,0,U_Amb_R,Practice,Expected,Red,Left,183.688,178.298,-5.163,0.868,736.446,,20.886,0,,-1,-1,,-1
999,Day,5.755,177.95,0,U_Amb_R,Practice,Expected,Red,Left,183.706,178.316,-5.162,0.868,736.61,,20.886,0,,-1,-1,,-1
999,Day,5.755,177.968,0,U_Amb_R,Practice,Expected,Red,Left,183.724,178.334,-5.162,0.868,736.781,,20.885,0,,-1,-1,,-1
999,Day,5.755,177.989,0,U_Amb_R,Practice,Expected,Red,Left,183.745,178.355,-5.161,0.868,736.97,,20.884,0,,-1,-1,,-1
999,Day,5.755,178.004,0,U_Amb_R,Practice,Expected,Red,Left,183.76,178.37,-5.161,0.868,737.116,,20.883,0,,-1,-1,,-1
999,Day,5.755,178.024,0,U_Amb_R,Practice,Expected,Red,Left,183.78,178.39,-5.16,0.868,737.293,,20.882,0,,-1,-1,,-1
999,Day,5.755,178.049,0,U_Amb_R,Practice,Expected,Red,Left,183.804,178.414,-5.16,0.868,737.52,,20.881,0,,-1,-1,,-1
999,Day,5.755,178.079,0,U_Amb_R,Practice,Expected,Red,Left,183.835,178.445,-5.159,0.868,737.806,,20.879,0,,-1,-1,,-1
999,Day,5.755,178.105,0,U_Amb_R,Practice,Expected,Red,Left,183.86,178.47,-5.158,0.868,738.052,,20.878,0,,-1,-1,,-1
999,Day,5.755,178.122,0,U_Amb_R,Practice,Expected,Red,Left,183.877,178.487,-5.158,0.868,738.213,,20.878,0,,-1,-1,,-1
999,Day,5.755,178.137,0,U_Amb_R,Practice,Expected,Red,Left,183.892,178.503,-5.157,0.868,738.354,,20.877,0,,-1,-1,,-1
999,Day,5.755,178.207,0,U_Amb_R,Practice,Expected,Red,Left,183.963,178.573,-5.156,0.868,738.994,,20.874,0,,-1,-1,,-1
999,Day,5.755,178.225,0,U_Amb_R,Practice,Expected,Red,Left,183.98,178.59,-5.155,0.868,739.171,,20.873,0,,-1,-1,,-1
999,Day,5.755,178.245,0,U_Amb_R,Practice,Expected,Red,Left,184.001,178.611,-5.155,0.868,739.351,,20.871,0,,-1,-1,,-1
999,Day,5.755,178.262,0,U_Amb_R,Practice,Expected,Red,Left,184.018,178.628,-5.154,0.868,739.522,,20.871,0,,-1,-1,,-1
999,Day,5.755,178.279,0,U_Amb_R,Practice,Expected,Red,Left,184.035,178.645,-5.154,0.868,739.683,,20.87,0,,-1,-1,,-1
999,Day,5.755,178.305,0,U_Amb_R,Practice,Expected,Red,Left,184.06,178.67,-5.153,0.868,739.917,,20.869,0,,-1,-1,,-1
999,Day,5.755,178.32,0,U_Amb_R,Practice,Expected,Red,Left,184.075,178.685,-5.153,0.868,740.058,,20.868,0,,-1,-1,,-1
999,Day,5.755,178.335,0,U_Amb_R,Practice,Expected,Red,Left,184.091,178.701,-5.152,0.868,740.201,,20.867,0,,-1,-1,,-1
999,Day,5.755,178.35,0,U_Amb_R,Practice,Expected,Red,Left,184.106,178.716,-5.152,0.868,740.344,,20.867,0,,-1,-1,,-1
999,Day,5.755,178.369,0,U_Amb_R,Practice,Expected,Red,Left,184.125,178.735,-5.151,0.868,740.519,,20.866,0,,-1,-1,,-1
999,Day,5.755,178.386,0,U_Amb_R,Practice,Expected,Red,Left,184.142,178.752,-5.151,0.868,740.68,,20.865,0,,-1,-1,,-1
999,Day,5.755,178.406,0,U_Amb_R,Practice,Expected,Red,Left,184.162,178.772,-5.15,0.868,740.863,,20.864,0,,-1,-1,,-1
999,Day,5.755,178.434,0,U_Amb_R,Practice,Expected,Red,Left,184.189,178.799,-5.15,0.868,741.112,,20.863,0,,-1,-1,,-1
999,Day,5.755,178.454,0,U_Amb_R,Practice,Expected,Red,Left,184.209,178.819,-5.149,0.868,741.309,,20.862,0,,-1,-1,,-1
999,Day,5.755,178.469,0,U_Amb_R,Practice,Expected,Red,Left,184.224,178.834,-5.149,0.868,741.45,,20.861,0,,-1,-1,,-1
999,Day,5.755,178.484,0,U_Amb_R,Practice,Expected,Red,Left,184.239,178.849,-5.148,0.868,741.587,,20.86,0,,-1,-1,,-1
999,Day,5.755,178.501,0,U_Amb_R,Practice,Expected,Red,Left,184.257,178.867,-5.148,0.868,741.752,,20.86,0,,-1,-1,,-1
999,Day,5.755,178.519,0,U_Amb_R,Practice,Expected,Red,Left,184.274,178.885,-5.147,0.868,741.92,,20.859,0,,-1,-1,,-1
999,Day,5.755,178.537,0,U_Amb_R,Practice,Expected,Red,Left,184.292,178.902,-5.147,0.868,742.087,,20.858,0,,-1,-1,,-1
999,Day,5.755,178.555,0,U_Amb_R,Practice,Expected,Red,Left,184.311,178.921,-5.146,0.868,742.259,,20.857,0,,-1,-1,,-1
999,Day,5.755,178.574,0,U_Amb_R,Practice,Expected,Red,Left,184.329,178.939,-5.146,0.868,742.426,,20.857,0,,-1,-1,,-1
999,Day,5.755,178.597,0,U_Amb_R,Practice,Expected,Red,Left,184.352,178.962,-5.145,0.868,742.62,,20.855,0,,-1,-1,,-1
999,Day,5.755,178.611,0,U_Amb_R,Practice,Expected,Red,Left,184.367,178.977,-5.145,0.868,742.779,,20.854,0,,-1,-1,,-1
999,Day,5.755,178.63,0,U_Amb_R,Practice,Expected,Red,Left,184.386,178.996,-5.144,0.868,742.953,,20.853,0,,-1,-1,,-1
999,Day,5.755,178.646,0,U_Amb_R,Practice,Expected,Red,Left,184.402,179.012,-5.144,0.868,743.106,,20.853,0,,-1,-1,,-1
999,Day,5.755,178.666,0,U_Amb_R,Practice,Expected,Red,Left,184.422,179.032,-5.144,0.868,743.286,,20.852,0,,-1,-1,,-1
999,Day,5.755,178.682,0,U_Amb_R,Practice,Expected,Red,Left,184.438,179.048,-5.143,0.868,743.442,,20.851,0,,-1,-1,,-1
999,Day,5.755,178.702,0,U_Amb_R,Practice,Expected,Red,Left,184.458,179.068,-5.143,0.868,743.627,,20.85,0,,-1,-1,,-1
999,Day,5.755,178.72,0,U_Amb_R,Practice,Expected,Red,Left,184.475,179.085,-5.142,0.868,743.791,,20.849,0,,-1,-1,,-1
999,Day,5.755,178.739,0,U_Amb_R,Practice,Expected,Red,Left,184.495,179.105,-5.142,0.868,743.974,,20.849,0,,-1,-1,,-1
999,Day,5.755,178.758,0,U_Amb_R,Practice,Expected,Red,Left,184.514,179.124,-5.141,0.868,744.146,,20.848,0,,-1,-1,,-1
999,Day,5.755,178.776,0,U_Amb_R,Practice,Expected,Red,Left,184.531,179.141,-5.141,0.868,744.31,,20.847,0,,-1,-1,,-1
999,Day,5.755,178.795,0,U_Amb_R,Practice,Expected,Red,Left,184.551,179.161,-5.14,0.868,744.484,,20.846,0,,-1,-1,,-1
999,Day,5.755,178.814,0,U_Amb_R,Practice,Expected,Red,Left,184.569,179.179,-5.14,0.868,744.662,,20.845,0,,-1,-1,,-1
999,Day,5.755,178.833,0,U_Amb_R,Practice,Expected,Red,Left,184.588,179.198,-5.139,0.868,744.84,,20.844,0,,-1,-1,,-1
999,Day,5.755,178.85,0,U_Amb_R,Practice,Expected,Red,Left,184.606,179.216,-5.139,0.868,745.008,,20.843,0,,-1,-1,,-1
999,Day,5.755,178.87,0,U_Amb_R,Practice,Expected,Red,Left,184.626,179.236,-5.138,0.868,745.19,,20.842,0,,-1,-1,,-1
999,Day,5.755,178.886,0,U_Amb_R,Practice,Expected,Red,Left,184.642,179.252,-5.138,0.868,745.343,,20.842,0,,-1,-1,,-1
999,Day,5.755,178.906,0,U_Amb_R,Practice,Expected,Red,Left,184.661,179.271,-5.137,0.868,745.519,,20.841,0,,-1,-1,,-1
999,Day,5.755,178.925,0,U_Amb_R,Practice,Expected,Red,Left,184.681,179.291,-5.137,0.868,745.691,,20.84,0,,-1,-1,,-1
999,Day,5.755,178.942,0,U_Amb_R,Practice,Expected,Red,Left,184.697,179.307,-5.136,0.868,745.853,,20.839,0,,-1,-1,,-1
999,Day,5.755,178.958,0,U_Amb_R,Practice,Expected,Red,Left,184.714,179.324,-5.136,0.868,746.01,,20.839,0,,-1,-1,,-1
999,Day,5.755,178.978,0,U_Amb_R,Practice,Expected,Red,Left,184.733,179.343,-5.135,0.868,746.18,,20.837,0,,-1,-1,,-1
999,Day,5.755,178.996,0,U_Amb_R,Practice,Expected,Red,Left,184.751,179.361,-5.135,0.868,746.359,,20.836,0,,-1,-1,,-1
999,Day,5.755,179.014,0,U_Amb_R,Practice,Expected,Red,Left,184.769,179.379,-5.134,0.868,746.524,,20.835,0,,-1,-1,,-1
999,Day,5.755,179.031,0,U_Amb_R,Practice,Expected,Red,Left,184.787,179.397,-5.134,0.868,746.693,,20.835,0,,-1,-1,,-1
999,Day,5.755,179.05,0,U_Amb_R,Practice,Expected,Red,Left,184.806,179.416,-5.133,0.868,746.863,,20.834,0,,-1,-1,,-1
999,Day,5.755,179.068,0,U_Amb_R,Practice,Expected,Red,Left,184.823,179.433,-5.133,0.868,747.031,,20.833,0,,-1,-1,,-1
999,Day,5.755,179.086,0,U_Amb_R,Practice,Expected,Red,Left,184.841,179.451,-5.132,0.868,747.199,,20.832,0,,-1,-1,,-1
999,Day,5.755,179.106,0,U_Amb_R,Practice,Expected,Red,Left,184.861,179.471,-5.132,0.868,747.378,,20.832,0,,-1,-1,,-1
999,Day,5.755,179.125,0,U_Amb_R,Practice,Expected,Red,Left,184.881,179.491,-5.131,0.868,747.562,,20.831,0,,-1,-1,,-1
999,Day,5.755,179.142,0,U_Amb_R,Practice,Expected,Red,Left,184.897,179.507,-5.131,0.868,747.715,,20.83,0,,-1,-1,,-1
999,Day,5.755,179.158,0,U_Amb_R,Practice,Expected,Red,Left,184.913,179.523,-5.131,0.868,747.87,,20.829,0,,-1,-1,,-1
999,Day,5.755,179.175,0,U_Amb_R,Practice,Expected,Red,Left,184.931,179.541,-5.13,0.868,748.032,,20.828,0,,-1,-1,,-1
999,Day,5.755,179.195,0,U_Amb_R,Practice,Expected,Red,Left,184.95,179.56,-5.13,0.868,748.2,,20.827,0,,-1,-1,,-1
999,Day,5.755,179.213,0,U_Amb_R,Practice,Expected,Red,Left,184.969,179.579,-5.129,0.868,748.387,,20.826,0,,-1,-1,,-1
999,Day,5.755,179.233,0,U_Amb_R,Practice,Expected,Red,Left,184.988,179.598,-5.129,0.868,748.565,,20.825,0,,-1,-1,,-1
999,Day,5.755,179.25,0,U_Amb_R,Practice,Expected,Red,Left,185.005,179.615,-5.128,0.868,748.728,,20.824,0,,-1,-1,,-1
999,Day,5.755,179.269,0,U_Amb_R,Practice,Expected,Red,Left,185.025,179.635,-5.128,0.868,748.906,,20.824,0,,-1,-1,,-1
999,Day,5.755,179.287,0,U_Amb_R,Practice,Expected,Red,Left,185.043,179.653,-5.127,0.868,749.074,,20.823,0,,-1,-1,,-1
999,Day,5.755,179.306,0,U_Amb_R,Practice,Expected,Red,Left,185.061,179.671,-5.127,0.868,749.245,,20.822,0,,-1,-1,,-1
999,Day,5.755,179.325,0,U_Amb_R,Practice,Expected,Red,Left,185.081,179.691,-5.126,0.868,749.422,,20.821,0,,-1,-1,,-1
999,Day,5.755,179.343,0,U_Amb_R,Practice,Expected,Red,Left,185.099,179.709,-5.126,0.868,749.59,,20.821,0,,-1,-1,,-1
999,Day,5.755,179.359,0,U_Amb_R,Practice,Expected,Red,Left,185.114,179.724,-5.125,0.868,749.74,,20.82,0,,-1,-1,,-1
999,Day,5.755,179.379,0,U_Amb_R,Practice,Expected,Red,Left,185.135,179.745,-5.125,0.868,749.916,,20.818,0,,-1,-1,,-1
999,Day,5.755,179.397,0,U_Amb_R,Practice,Expected,Red,Left,185.152,179.762,-5.124,0.868,750.094,,20.817,0,,-1,-1,,-1
999,Day,5.755,179.415,0,U_Amb_R,Practice,Expected,Red,Left,185.171,179.781,-5.124,0.868,750.265,,20.817,0,,-1,-1,,-1
999,Day,5.755,179.434,0,U_Amb_R,Practice,Expected,Red,Left,185.189,179.799,-5.123,0.868,750.434,,20.816,0,,-1,-1,,-1
999,Day,5.755,179.452,0,U_Amb_R,Practice,Expected,Red,Left,185.207,179.817,-5.123,0.868,750.606,,20.815,0,,-1,-1,,-1
999,Day,5.755,179.471,0,U_Amb_R,Practice,Expected,Red,Left,185.226,179.836,-5.122,0.868,750.773,,20.814,0,,-1,-1,,-1
999,Day,5.755,179.487,0,U_Amb_R,Practice,Expected,Red,Left,185.242,179.852,-5.122,0.868,750.933,,20.814,0,,-1,-1,,-1
999,Day,5.755,179.505,0,U_Amb_R,Practice,Expected,Red,Left,185.261,179.871,-5.122,0.868,751.104,,20.813,0,,-1,-1,,-1
999,Day,5.755,179.522,0,U_Amb_R,Practice,Expected,Red,Left,185.278,179.888,-5.121,0.868,751.266,,20.812,0,,-1,-1,,-1
999,Day,5.755,179.539,0,U_Amb_R,Practice,Expected,Red,Left,185.294,179.905,-5.121,0.868,751.42,,20.811,0,,-1,-1,,-1
999,Day,5.755,179.557,0,U_Amb_R,Practice,Expected,Red,Left,185.312,179.922,-5.12,0.868,751.583,,20.81,0,,-1,-1,,-1
999,Day,5.755,179.575,0,U_Amb_R,Practice,Expected,Red,Left,185.33,179.94,-5.12,0.868,751.75,,20.81,0,,-1,-1,,-1
999,Day,5.755,179.593,0,U_Amb_R,Practice,Expected,Red,Left,185.348,179.958,-5.119,0.868,751.918,,20.809,0,,-1,-1,,-1
999,Day,5.755,179.612,0,U_Amb_R,Practice,Expected,Red,Left,185.368,179.978,-5.119,0.868,752.093,,20.807,0,,-1,-1,,-1
999,Day,5.755,179.629,0,U_Amb_R,Practice,Expected,Red,Left,185.384,179.994,-5.118,0.868,752.253,,20.807,0,,-1,-1,,-1
999,Day,5.755,179.649,0,U_Amb_R,Practice,Expected,Red,Left,185.405,180.015,-5.118,0.868,752.438,,20.806,0,,-1,-1,,-1
999,Day,5.755,179.668,0,U_Amb_R,Practice,Expected,Red,Left,185.423,180.033,-5.117,0.868,752.615,,20.805,0,,-1,-1,,-1
999,Day,5.755,179.686,0,U_Amb_R,Practice,Expected,Red,Left,185.441,180.051,-5.117,0.868,752.781,,20.804,0,,-1,-1,,-1
999,Day,5.755,179.703,0,U_Amb_R,Practice,Expected,Red,Left,185.458,180.068,-5.116,0.868,752.94,,20.803,0,,-1,-1,,-1
999,Day,5.755,179.722,0,U_Amb_R,Practice,Expected,Red,Left,185.478,180.088,-5.116,0.868,753.118,,20.803,0,,-1,-1,,-1
999,Day,5.755,179.74,0,U_Amb_R,Practice,Expected,Red,Left,185.496,180.106,-5.115,0.868,753.289,,20.802,0,,-1,-1,,-1
999,Day,5.755,179.758,0,U_Amb_R,Practice,Expected,Red,Left,185.513,180.123,-5.115,0.868,753.45,,20.801,0,,-1,-1,,-1
999,Day,5.755,179.775,0,U_Amb_R,Practice,Expected,Red,Left,185.53,180.14,-5.114,0.868,753.607,,20.8,0,,-1,-1,,-1
999,Day,5.755,179.793,0,U_Amb_R,Practice,Expected,Red,Left,185.548,180.158,-5.114,0.868,753.776,,20.799,0,,-1,-1,,-1
999,Day,5.755,179.813,0,U_Amb_R,Practice,Expected,Red,Left,185.568,180.178,-5.113,0.868,753.957,,20.798,0,,-1,-1,,-1
999,Day,5.755,179.83,0,U_Amb_R,Practice,Expected,Red,Left,185.585,180.196,-5.113,0.868,754.126,,20.797,0,,-1,-1,,-1
999,Day,5.755,179.849,0,U_Amb_R,Practice,Expected,Red,Left,185.605,180.215,-5.112,0.868,754.301,,20.796,0,,-1,-1,,-1
999,Day,5.755,179.869,0,U_Amb_R,Practice,Expected,Red,Left,185.625,180.235,-5.112,0.868,754.483,,20.796,0,,-1,-1,,-1
999,Day,5.755,179.885,0,U_Amb_R,Practice,Expected,Red,Left,185.64,180.25,-5.112,0.868,754.635,,20.795,0,,-1,-1,,-1
999,Day,5.755,179.905,0,U_Amb_R,Practice,Expected,Red,Left,185.66,180.27,-5.111,0.868,754.815,,20.794,0,,-1,-1,,-1
999,Day,5.755,179.922,0,U_Amb_R,Practice,Expected,Red,Left,185.677,180.287,-5.111,0.868,754.975,,20.793,0,,-1,-1,,-1
999,Day,5.755,179.941,0,U_Amb_R,Practice,Expected,Red,Left,185.697,180.307,-5.11,0.868,755.148,,20.792,0,,-1,-1,,-1
999,Day,5.755,179.958,0,U_Amb_R,Practice,Expected,Red,Left,185.713,180.323,-5.11,0.868,755.314,,20.792,0,,-1,-1,,-1
999,Day,5.755,179.98,0,U_Amb_R,Practice,Expected,Red,Left,185.735,180.345,-5.109,0.868,755.497,,20.79,0,,-1,-1,,-1
999,Day,5.755,179.996,0,U_Amb_R,Practice,Expected,Red,Left,185.752,180.362,-5.109,0.868,755.666,,20.789,0,,-1,-1,,-1
999,Day,5.755,180.013,0,U_Amb_R,Practice,Expected,Red,Left,185.768,180.378,-5.108,0.868,755.826,,20.789,0,,-1,-1,,-1
999,Day,5.755,180.032,0,U_Amb_R,Practice,Expected,Red,Left,185.787,180.397,-5.108,0.868,755.999,,20.788,0,,-1,-1,,-1
999,Day,5.755,180.05,0,U_Amb_R,Practice,Expected,Red,Left,185.806,180.416,-5.107,0.868,756.169,,20.787,0,,-1,-1,,-1
999,Day,5.755,180.078,0,U_Amb_R,Practice,Expected,Red,Left,185.834,180.444,-5.107,0.868,756.417,,20.785,0,,-1,-1,,-1
999,Day,5.755,180.103,0,U_Amb_R,Practice,Expected,Red,Left,185.858,180.468,-5.106,0.868,756.659,,20.785,0,,-1,-1,,-1
999,Day,5.755,180.123,0,U_Amb_R,Practice,Expected,Red,Left,185.878,180.488,-5.105,0.868,756.843,,20.784,0,,-1,-1,,-1
999,Day,5.755,180.139,0,U_Amb_R,Practice,Expected,Red,Left,185.895,180.505,-5.105,0.868,756.999,,20.783,0,,-1,-1,,-1
999,Day,5.755,180.156,0,U_Amb_R,Practice,Expected,Red,Left,185.912,180.522,-5.104,0.868,757.157,,20.782,0,,-1,-1,,-1
999,Day,5.755,180.173,0,U_Amb_R,Practice,Expected,Red,Left,185.928,180.538,-5.104,0.868,757.302,,20.782,0,,-1,-1,,-1
999,Day,5.755,180.193,0,U_Amb_R,Practice,Expected,Red,Left,185.948,180.558,-5.103,0.868,757.495,,20.781,0,,-1,-1,,-1
999,Day,5.755,180.208,0,U_Amb_R,Practice,Expected,Red,Left,185.964,180.574,-5.103,0.868,757.631,,20.78,0,,-1,-1,,-1
999,Day,5.755,180.225,0,U_Amb_R,Practice,Expected,Red,Left,185.98,180.59,-5.103,0.868,757.787,,20.779,0,,-1,-1,,-1
999,Day,5.755,180.244,0,U_Amb_R,Practice,Expected,Red,Left,185.999,180.609,-5.102,0.868,757.958,,20.778,0,,-1,-1,,-1
999,Day,5.755,180.261,0,U_Amb_R,Practice,Expected,Red,Left,186.017,180.627,-5.102,0.868,758.118,,20.777,0,,-1,-1,,-1
999,Day,5.755,180.28,0,U_Amb_R,Practice,Expected,Red,Left,186.036,180.646,-5.101,0.868,758.302,,20.776,0,,-1,-1,,-1
999,Day,5.755,180.298,0,U_Amb_R,Practice,Expected,Red,Left,186.053,180.663,-5.101,0.868,758.466,,20.775,0,,-1,-1,,-1
999,Day,5.755,180.317,0,U_Amb_R,Practice,Expected,Red,Left,186.073,180.683,-5.1,0.868,758.646,,20.775,0,,-1,-1,,-1
999,Day,5.755,180.335,0,U_Amb_R,Practice,Expected,Red,Left,186.09,180.7,-5.1,0.868,758.808,,20.774,0,,-1,-1,,-1
999,Day,5.755,180.352,0,U_Amb_R,Practice,Expected,Red,Left,186.108,180.718,-5.099,0.868,758.971,,20.773,0,,-1,-1,,-1
999,Day,5.755,180.371,0,U_Amb_R,Practice,Expected,Red,Left,186.126,180.736,-5.099,0.868,759.141,,20.772,0,,-1,-1,,-1
999,Day,5.755,180.389,0,U_Amb_R,Practice,Expected,Red,Left,186.144,180.754,-5.098,0.868,759.312,,20.771,0,,-1,-1,,-1
999,Day,5.755,180.409,0,U_Amb_R,Practice,Expected,Red,Left,186.164,180.774,-5.098,0.868,759.493,,20.771,0,,-1,-1,,-1
999,Day,5.755,180.423,0,U_Amb_R,Practice,Expected,Red,Left,186.179,180.789,-5.097,0.868,759.635,,20.77,0,,-1,-1,,-1
999,Day,5.755,180.441,0,U_Amb_R,Practice,Expected,Red,Left,186.196,180.806,-5.097,0.868,759.796,,20.769,0,,-1,-1,,-1
999,Day,5.755,180.463,0,U_Amb_R,Practice,Expected,Red,Left,186.218,180.828,-5.096,0.868,759.981,,20.768,0,,-1,-1,,-1
999,Day,5.755,180.482,0,U_Amb_R,Practice,Expected,Red,Left,186.237,180.847,-5.096,0.868,760.174,,20.767,0,,-1,-1,,-1
999,Day,5.755,180.499,0,U_Amb_R,Practice,Expected,Red,Left,186.254,180.865,-5.096,0.868,760.333,,20.766,0,,-1,-1,,-1
999,Day,5.755,180.518,0,U_Amb_R,Practice,Expected,Red,Left,186.273,180.883,-5.095,0.868,760.505,,20.765,0,,-1,-1,,-1
999,Day,5.755,180.535,0,U_Amb_R,Practice,Expected,Red,Left,186.29,180.9,-5.095,0.868,760.667,,20.764,0,,-1,-1,,-1
999,Day,5.755,180.555,0,U_Amb_R,Practice,Expected,Red,Left,186.31,180.92,-5.094,0.868,760.849,,20.764,0,,-1,-1,,-1
999,Day,5.755,180.575,0,U_Amb_R,Practice,Expected,Red,Left,186.33,180.94,-5.094,0.868,761.038,,20.763,0,,-1,-1,,-1
999,Day,5.755,180.597,0,U_Amb_R,Practice,Expected,Red,Left,186.353,180.963,-5.093,0.868,761.24,,20.761,0,,-1,-1,,-1
999,Day,5.755,180.618,0,U_Amb_R,Practice,Expected,Red,Left,186.374,180.984,-5.092,0.868,761.438,,20.761,0,,-1,-1,,-1
999,Day,5.755,180.638,0,U_Amb_R,Practice,Expected,Red,Left,186.393,181.004,-5.092,0.868,761.625,,20.76,0,,-1,-1,,-1
999,Day,5.755,180.659,0,U_Amb_R,Practice,Expected,Red,Left,186.414,181.024,-5.091,0.868,761.813,,20.759,0,,-1,-1,,-1
999,Day,5.755,180.68,0,U_Amb_R,Practice,Expected,Red,Left,186.436,181.046,-5.091,0.868,762.005,,20.757,0,,-1,-1,,-1
999,Day,5.755,180.702,0,U_Amb_R,Practice,Expected,Red,Left,186.458,181.068,-5.09,0.868,762.22,,20.757,0,,-1,-1,,-1
999,Day,5.755,180.726,0,U_Amb_R,Practice,Expected,Red,Left,186.481,181.091,-5.09,0.868,762.437,,20.756,0,,-1,-1,,-1
999,Day,5.755,180.746,0,U_Amb_R,Practice,Expected,Red,Left,186.502,181.112,-5.089,0.868,762.618,,20.754,0,,-1,-1,,-1
999,Day,5.755,180.766,0,U_Amb_R,Practice,Expected,Red,Left,186.522,181.132,-5.089,0.868,762.813,,20.754,0,,-1,-1,,-1
999,Day,5.755,180.785,0,U_Amb_R,Practice,Expected,Red,Left,186.541,181.151,-5.088,0.868,762.989,,20.753,0,,-1,-1,,-1
999,Day,5.755,180.805,0,U_Amb_R,Practice,Expected,Red,Left,186.561,181.171,-5.087,0.868,763.179,,20.752,0,,-1,-1,,-1
999,Day,5.755,180.824,0,U_Amb_R,Practice,Expected,Red,Left,186.58,181.19,-5.087,0.868,763.353,,20.751,0,,-1,-1,,-1
999,Day,5.755,180.848,0,U_Amb_R,Practice,Expected,Red,Left,186.603,181.213,-5.086,0.868,763.564,,20.75,0,,-1,-1,,-1
999,Day,5.755,180.876,0,U_Amb_R,Practice,Expected,Red,Left,186.631,181.241,-5.086,0.868,763.818,,20.749,0,,-1,-1,,-1
999,Day,5.755,180.906,0,U_Amb_R,Practice,Expected,Red,Left,186.662,181.272,-5.085,0.868,764.092,,20.747,0,,-1,-1,,-1
999,Day,5.755,180.936,0,U_Amb_R,Practice,Expected,Red,Left,186.692,181.302,-5.084,0.868,764.365,,20.746,0,,-1,-1,,-1
999,Day,5.755,180.969,0,U_Amb_R,Practice,Expected,Red,Left,186.725,181.335,-5.083,0.868,764.674,,20.744,0,,-1,-1,,-1
999,Day,5.755,181.001,0,U_Amb_R,Practice,Expected,Red,Left,186.756,181.366,-5.082,0.868,764.97,,20.743,0,,-1,-1,,-1
999,Day,5.755,181.027,0,U_Amb_R,Practice,Expected,Red,Left,186.782,181.392,-5.082,0.868,765.225,,20.742,0,,-1,-1,,-1
999,Day,5.755,181.05,0,U_Amb_R,Practice,Expected,Red,Left,186.805,181.415,-5.081,0.868,765.429,,20.74,0,,-1,-1,,-1
999,Day,5.755,181.077,0,U_Amb_R,Practice,Expected,Red,Left,186.833,181.443,-5.08,0.868,765.692,,20.739,0,,-1,-1,,-1
999,Day,5.755,181.106,0,U_Amb_R,Practice,Expected,Red,Left,186.861,181.471,-5.08,0.868,765.93,,20.738,0,,-1,-1,,-1
999,Day,5.755,181.133,0,U_Amb_R,Practice,Expected,Red,Left,186.888,181.498,-5.079,0.868,766.189,,20.736,0,,-1,-1,,-1
999,Day,5.755,181.158,0,U_Amb_R,Practice,Expected,Red,Left,186.914,181.524,-5.078,0.868,766.444,,20.736,0,,-1,-1,,-1
999,Day,5.755,181.192,0,U_Amb_R,Practice,Expected,Red,Left,186.947,181.557,-5.077,0.868,766.734,,20.734,0,,-1,-1,,-1
999,Day,5.755,181.231,0,U_Amb_R,Practice,Expected,Red,Left,186.986,181.596,-5.076,0.868,767.084,,20.732,0,,-1,-1,,-1
999,Day,5.755,181.273,0,U_Amb_R,Practice,Expected,Red,Left,187.028,181.638,-5.075,0.868,767.495,,20.73,0,,-1,-1,,-1
999,Day,5.755,181.3,0,U_Amb_R,Practice,Expected,Red,Left,187.055,181.665,-5.075,0.868,767.738,,20.729,0,,-1,-1,,-1
999,Day,5.755,181.327,0,U_Amb_R,Practice,Expected,Red,Left,187.082,181.692,-5.074,0.868,768.007,,20.728,0,,-1,-1,,-1
999,Day,5.755,181.356,0,U_Amb_R,Practice,Expected,Red,Left,187.112,181.722,-5.073,0.868,768.261,,20.726,0,,-1,-1,,-1
999,Day,5.755,181.387,0,U_Amb_R,Practice,Expected,Red,Left,187.143,181.753,-5.073,0.868,768.497,,20.725,0,,-1,-1,,-1
999,Day,5.755,181.418,0,U_Amb_R,Practice,Expected,Red,Left,187.173,181.783,-5.072,0.868,768.839,,20.723,0,,-1,-1,,-1
999,Day,5.755,181.443,0,U_Amb_R,Practice,Expected,Red,Left,187.199,181.809,-5.071,0.868,769.078,,20.722,0,,-1,-1,,-1
999,Day,5.755,181.472,0,U_Amb_R,Practice,Expected,Red,Left,187.228,181.838,-5.07,0.868,769.337,,20.721,0,,-1,-1,,-1
999,Day,5.755,181.499,0,U_Amb_R,Practice,Expected,Red,Left,187.255,181.865,-5.069,0.868,769.585,,20.719,0,,-1,-1,,-1
999,Day,5.755,181.527,0,U_Amb_R,Practice,Expected,Red,Left,187.282,181.892,-5.069,0.868,769.862,,20.718,0,,-1,-1,,-1
999,Day,5.755,181.554,0,U_Amb_R,Practice,Expected,Red,Left,187.309,181.919,-5.068,0.868,770.087,,20.717,0,,-1,-1,,-1
999,Day,5.755,181.586,0,U_Amb_R,Practice,Expected,Red,Left,187.341,181.951,-5.067,0.868,770.401,,20.715,0,,-1,-1,,-1
999,Day,5.755,181.613,0,U_Amb_R,Practice,Expected,Red,Left,187.368,181.978,-5.066,0.868,770.648,,20.714,0,,-1,-1,,-1
999,Day,5.755,181.635,0,U_Amb_R,Practice,Expected,Red,Left,187.39,182,-5.066,0.868,770.865,,20.713,0,,-1,-1,,-1
999,Day,5.755,181.658,0,U_Amb_R,Practice,Expected,Red,Left,187.413,182.023,-5.065,0.868,771.081,,20.712,0,,-1,-1,,-1
999,Day,5.755,181.684,0,U_Amb_R,Practice,Expected,Red,Left,187.439,182.049,-5.065,0.868,771.311,,20.711,0,,-1,-1,,-1
999,Day,5.755,181.706,0,U_Amb_R,Practice,Expected,Red,Left,187.461,182.071,-5.064,0.868,771.519,,20.71,0,,-1,-1,,-1
999,Day,5.755,181.726,0,U_Amb_R,Practice,Expected,Red,Left,187.481,182.091,-5.063,0.868,771.706,,20.709,0,,-1,-1,,-1
999,Day,5.755,181.747,0,U_Amb_R,Practice,Expected,Red,Left,187.503,182.113,-5.063,0.868,771.891,,20.708,0,,-1,-1,,-1
999,Day,5.755,181.77,0,U_Amb_R,Practice,Expected,Red,Left,187.526,182.136,-5.062,0.868,772.119,,20.707,0,,-1,-1,,-1
999,Day,5.755,181.796,0,U_Amb_R,Practice,Expected,Red,Left,187.551,182.161,-5.062,0.868,772.346,,20.705,0,,-1,-1,,-1
999,Day,5.755,181.822,0,U_Amb_R,Practice,Expected,Red,Left,187.577,182.187,-5.061,0.868,772.597,,20.705,0,,-1,-1,,-1
999,Day,5.755,181.85,0,U_Amb_R,Practice,Expected,Red,Left,187.605,182.215,-5.06,0.868,772.841,,20.703,0,,-1,-1,,-1
999,Day,5.755,181.87,0,U_Amb_R,Practice,Expected,Red,Left,187.625,182.235,-5.06,0.868,773.041,,20.702,0,,-1,-1,,-1
999,Day,5.755,181.889,0,U_Amb_R,Practice,Expected,Red,Left,187.644,182.254,-5.059,0.868,773.214,,20.701,0,,-1,-1,,-1
999,Day,5.755,181.907,0,U_Amb_R,Practice,Expected,Red,Left,187.662,182.272,-5.059,0.868,773.383,,20.701,0,,-1,-1,,-1
999,Day,5.755,181.924,0,U_Amb_R,Practice,Expected,Red,Left,187.679,182.289,-5.058,0.868,773.545,,20.7,0,,-1,-1,,-1
999,Day,5.755,181.942,0,U_Amb_R,Practice,Expected,Red,Left,187.698,182.308,-5.058,0.868,773.711,,20.699,0,,-1,-1,,-1
999,Day,5.755,181.961,0,U_Amb_R,Practice,Expected,Red,Left,187.717,182.327,-5.057,0.868,773.878,,20.698,0,,-1,-1,,-1
999,Day,5.755,182.077,0,U_Amb_R,Practice,Expected,Red,Left,187.833,182.443,-5.054,0.868,774.922,,20.693,0,,-1,-1,,-1
999,Day,5.755,182.097,0,U_Amb_R,Practice,Expected,Red,Left,187.852,182.462,-5.054,0.868,775.133,,20.691,0,,-1,-1,,-1
999,Day,5.755,182.117,0,U_Amb_R,Practice,Expected,Red,Left,187.873,182.483,-5.053,0.868,775.338,,20.691,0,,-1,-1,,-1
999,Day,5.755,182.138,0,U_Amb_R,Practice,Expected,Red,Left,187.894,182.504,-5.053,0.868,775.526,,20.69,0,,-1,-1,,-1
999,Day,5.755,182.156,0,U_Amb_R,Practice,Expected,Red,Left,187.911,182.521,-5.052,0.868,775.685,,20.689,0,,-1,-1,,-1
999,Day,5.755,182.174,0,U_Amb_R,Practice,Expected,Red,Left,187.929,182.539,-5.052,0.868,775.85,,20.688,0,,-1,-1,,-1
999,Day,5.755,182.191,0,U_Amb_R,Practice,Expected,Red,Left,187.947,182.557,-5.051,0.868,776.014,,20.687,0,,-1,-1,,-1
999,Day,5.755,182.209,0,U_Amb_R,Practice,Expected,Red,Left,187.965,182.575,-5.051,0.868,776.176,,20.687,0,,-1,-1,,-1
999,Day,5.755,182.226,0,U_Amb_R,Practice,Expected,Red,Left,187.982,182.592,-5.05,0.868,776.335,,20.686,0,,-1,-1,,-1
999,Day,5.755,182.245,0,U_Amb_R,Practice,Expected,Red,Left,188,182.61,-5.05,0.868,776.498,,20.684,0,,-1,-1,,-1
999,Day,5.755,182.263,0,U_Amb_R,Practice,Expected,Red,Left,188.018,182.628,-5.049,0.868,776.674,,20.684,0,,-1,-1,,-1
999,Day,5.755,182.28,0,U_Amb_R,Practice,Expected,Red,Left,188.036,182.646,-5.049,0.868,776.835,,20.683,0,,-1,-1,,-1
999,Day,5.755,182.298,0,U_Amb_R,Practice,Expected,Red,Left,188.054,182.664,-5.049,0.868,777.004,,20.682,0,,-1,-1,,-1
999,Day,5.755,182.318,0,U_Amb_R,Practice,Expected,Red,Left,188.074,182.684,-5.048,0.868,777.19,,20.681,0,,-1,-1,,-1
999,Day,5.755,182.336,0,U_Amb_R,Practice,Expected,Red,Left,188.091,182.701,-5.048,0.868,777.352,,20.68,0,,-1,-1,,-1
999,Day,5.755,182.354,0,U_Amb_R,Practice,Expected,Red,Left,188.11,182.72,-5.047,0.868,777.521,,20.68,0,,-1,-1,,-1
999,Day,5.755,182.372,0,U_Amb_R,Practice,Expected,Red,Left,188.128,182.738,-5.047,0.868,777.687,,20.679,0,,-1,-1,,-1
999,Day,5.755,182.389,0,U_Amb_R,Practice,Expected,Red,Left,188.145,182.755,-5.046,0.868,777.843,,20.678,0,,-1,-1,,-1
999,Day,5.755,182.408,0,U_Amb_R,Practice,Expected,Red,Left,188.163,182.773,-5.046,0.868,778.014,,20.677,0,,-1,-1,,-1
999,Day,5.755,182.425,0,U_Amb_R,Practice,Expected,Red,Left,188.181,182.791,-5.045,0.868,778.174,,20.677,0,,-1,-1,,-1
999,Day,5.755,182.442,0,U_Amb_R,Practice,Expected,Red,Left,188.198,182.808,-5.045,0.868,778.332,,20.676,0,,-1,-1,,-1
999,Day,5.755,182.458,0,U_Amb_R,Practice,Expected,Red,Left,188.214,182.824,-5.044,0.868,778.484,,20.675,0,,-1,-1,,-1
999,Day,5.755,182.475,0,U_Amb_R,Practice,Expected,Red,Left,188.23,182.84,-5.044,0.868,778.634,,20.674,0,,-1,-1,,-1
999,Day,5.755,182.496,0,U_Amb_R,Practice,Expected,Red,Left,188.252,182.862,-5.043,0.868,778.827,,20.673,0,,-1,-1,,-1
999,Day,5.755,182.515,0,U_Amb_R,Practice,Expected,Red,Left,188.27,182.881,-5.043,0.868,779.006,,20.672,0,,-1,-1,,-1
999,Day,5.755,182.532,0,U_Amb_R,Practice,Expected,Red,Left,188.287,182.897,-5.042,0.868,779.166,,20.671,0,,-1,-1,,-1
999,Day,5.755,182.551,0,U_Amb_R,Practice,Expected,Red,Left,188.306,182.916,-5.042,0.868,779.338,,20.67,0,,-1,-1,,-1
999,Day,5.755,182.57,0,U_Amb_R,Practice,Expected,Red,Left,188.326,182.936,-5.041,0.868,779.517,,20.67,0,,-1,-1,,-1
999,Day,5.755,182.589,0,U_Amb_R,Practice,Expected,Red,Left,188.345,182.955,-5.041,0.868,779.695,,20.669,0,,-1,-1,,-1
999,Day,5.755,182.609,0,U_Amb_R,Practice,Expected,Red,Left,188.364,182.974,-5.04,0.868,779.863,,20.668,0,,-1,-1,,-1
999,Day,5.755,182.633,0,U_Amb_R,Practice,Expected,Red,Left,188.389,182.999,-5.04,0.868,780.098,,20.666,0,,-1,-1,,-1
999,Day,5.755,182.654,0,U_Amb_R,Practice,Expected,Red,Left,188.41,183.02,-5.039,0.868,780.294,,20.666,0,,-1,-1,,-1
999,Day,5.755,182.674,0,U_Amb_R,Practice,Expected,Red,Left,188.43,183.04,-5.039,0.868,780.478,,20.665,0,,-1,-1,,-1
999,Day,5.755,182.693,0,U_Amb_R,Practice,Expected,Red,Left,188.448,183.058,-5.038,0.868,780.653,,20.664,0,,-1,-1,,-1
999,Day,5.755,182.712,0,U_Amb_R,Practice,Expected,Red,Left,188.467,183.077,-5.038,0.868,780.816,,20.663,0,,-1,-1,,-1
999,Day,5.755,182.73,0,U_Amb_R,Practice,Expected,Red,Left,188.486,183.096,-5.037,0.868,780.995,,20.662,0,,-1,-1,,-1
999,Day,5.755,182.748,0,U_Amb_R,Practice,Expected,Red,Left,188.503,183.113,-5.037,0.868,781.16,,20.661,0,,-1,-1,,-1
999,Day,5.755,182.764,0,U_Amb_R,Practice,Expected,Red,Left,188.519,183.129,-5.036,0.868,781.311,,20.66,0,,-1,-1,,-1
999,Day,5.755,182.78,0,U_Amb_R,Practice,Expected,Red,Left,188.535,183.146,-5.036,0.868,781.46,,20.66,0,,-1,-1,,-1
999,Day,5.755,182.798,0,U_Amb_R,Practice,Expected,Red,Left,188.553,183.163,-5.036,0.868,781.617,,20.659,0,,-1,-1,,-1
999,Day,5.755,182.821,0,U_Amb_R,Practice,Expected,Red,Left,188.576,183.186,-5.035,0.868,781.835,,20.658,0,,-1,-1,,-1
999,Day,5.755,182.843,0,U_Amb_R,Practice,Expected,Red,Left,188.598,183.208,-5.034,0.868,782.032,,20.657,0,,-1,-1,,-1
999,Day,5.755,182.864,0,U_Amb_R,Practice,Expected,Red,Left,188.619,183.229,-5.034,0.868,782.224,,20.656,0,,-1,-1,,-1
999,Day,5.755,182.881,0,U_Amb_R,Practice,Expected,Red,Left,188.636,183.246,-5.033,0.868,782.39,,20.655,0,,-1,-1,,-1
999,Day,5.755,182.899,0,U_Amb_R,Practice,Expected,Red,Left,188.655,183.265,-5.033,0.868,782.562,,20.654,0,,-1,-1,,-1
999,Day,5.755,182.919,0,U_Amb_R,Practice,Expected,Red,Left,188.674,183.284,-5.032,0.868,782.737,,20.653,0,,-1,-1,,-1
999,Day,5.755,182.937,0,U_Amb_R,Practice,Expected,Red,Left,188.692,183.302,-5.032,0.868,782.906,,20.653,0,,-1,-1,,-1
999,Day,5.755,182.954,0,U_Amb_R,Practice,Expected,Red,Left,188.709,183.319,-5.031,0.868,783.061,,20.652,0,,-1,-1,,-1
999,Day,5.755,182.972,0,U_Amb_R,Practice,Expected,Red,Left,188.727,183.338,-5.031,0.868,783.231,,20.651,0,,-1,-1,,-1
999,Day,5.755,182.992,0,U_Amb_R,Practice,Expected,Red,Left,188.747,183.357,-5.03,0.868,783.41,,20.65,0,,-1,-1,,-1
999,Day,5.755,183.013,0,U_Amb_R,Practice,Expected,Red,Left,188.769,183.379,-5.03,0.868,783.606,,20.649,0,,-1,-1,,-1
999,Day,5.755,183.031,0,U_Amb_R,Practice,Expected,Red,Left,188.787,183.397,-5.029,0.868,783.779,,20.648,0,,-1,-1,,-1
999,Day,5.755,183.049,0,U_Amb_R,Practice,Expected,Red,Left,188.805,183.415,-5.029,0.868,783.941,,20.647,0,,-1,-1,,-1
999,Day,5.755,183.068,0,U_Amb_R,Practice,Expected,Red,Left,188.823,183.434,-5.028,0.868,784.118,,20.646,0,,-1,-1,,-1
999,Day,5.755,183.087,0,U_Amb_R,Practice,Expected,Red,Left,188.843,183.453,-5.028,0.868,784.297,,20.646,0,,-1,-1,,-1
999,Day,5.755,183.116,0,U_Amb_R,Practice,Expected,Red,Left,188.871,183.481,-5.027,0.868,784.551,,20.644,0,,-1,-1,,-1
999,Day,5.755,183.13,0,U_Amb_R,Practice,Expected,Red,Left,188.886,183.496,-5.027,0.868,784.694,,20.643,0,,-1,-1,,-1
999,Day,5.755,183.146,0,U_Amb_R,Practice,Expected,Red,Left,188.901,183.511,-5.026,0.868,784.836,,20.642,0,,-1,-1,,-1
999,Day,5.755,183.16,0,U_Amb_R,Practice,Expected,Red,Left,188.916,183.526,-5.026,0.868,784.966,,20.642,0,,-1,-1,,-1
999,Day,5.755,183.177,0,U_Amb_R,Practice,Expected,Red,Left,188.932,183.542,-5.026,0.868,785.12,,20.641,0,,-1,-1,,-1
999,Day,5.755,183.194,0,U_Amb_R,Practice,Expected,Red,Left,188.949,183.559,-5.025,0.868,785.283,,20.64,0,,-1,-1,,-1
999,Day,5.755,183.212,0,U_Amb_R,Practice,Expected,Red,Left,188.968,183.578,-5.025,0.868,785.453,,20.639,0,,-1,-1,,-1
999,Day,5.755,183.23,0,U_Amb_R,Practice,Expected,Red,Left,188.986,183.596,-5.024,0.868,785.618,,20.639,0,,-1,-1,,-1
999,Day,5.755,183.25,0,U_Amb_R,Practice,Expected,Red,Left,189.005,183.616,-5.024,0.868,785.798,,20.638,0,,-1,-1,,-1
999,Day,5.755,183.267,0,U_Amb_R,Practice,Expected,Red,Left,189.022,183.632,-5.023,0.868,785.954,,20.637,0,,-1,-1,,-1
999,Day,5.755,183.286,0,U_Amb_R,Practice,Expected,Red,Left,189.041,183.651,-5.023,0.868,786.132,,20.636,0,,-1,-1,,-1
999,Day,5.755,183.306,0,U_Amb_R,Practice,Expected,Red,Left,189.062,183.672,-5.022,0.868,786.313,,20.635,0,,-1,-1,,-1
999,Day,5.755,183.321,0,U_Amb_R,Practice,Expected,Red,Left,189.077,183.687,-5.022,0.868,786.458,,20.635,0,,-1,-1,,-1
999,Day,5.755,183.341,0,U_Amb_R,Practice,Expected,Red,Left,189.096,183.706,-5.021,0.868,786.634,,20.634,0,,-1,-1,,-1
999,Day,5.755,183.357,0,U_Amb_R,Practice,Expected,Red,Left,189.113,183.723,-5.021,0.868,786.788,,20.633,0,,-1,-1,,-1
999,Day,5.755,183.379,0,U_Amb_R,Practice,Expected,Red,Left,189.134,183.744,-5.02,0.868,786.97,,20.632,0,,-1,-1,,-1
999,Day,5.755,183.395,0,U_Amb_R,Practice,Expected,Red,Left,189.15,183.761,-5.02,0.868,787.137,,20.631,0,,-1,-1,,-1
999,Day,5.755,183.414,0,U_Amb_R,Practice,Expected,Red,Left,189.169,183.779,-5.019,0.868,787.31,,20.63,0,,-1,-1,,-1
999,Day,5.755,183.432,0,U_Amb_R,Practice,Expected,Red,Left,189.188,183.798,-5.019,0.868,787.48,,20.629,0,,-1,-1,,-1
999,Day,5.755,183.45,0,U_Amb_R,Practice,Expected,Red,Left,189.206,183.816,-5.019,0.868,787.646,,20.629,0,,-1,-1,,-1
999,Day,5.755,183.468,0,U_Amb_R,Practice,Expected,Red,Left,189.224,183.834,-5.018,0.868,787.812,,20.628,0,,-1,-1,,-1
999,Day,5.755,183.488,0,U_Amb_R,Practice,Expected,Red,Left,189.243,183.853,-5.018,0.868,787.989,,20.627,0,,-1,-1,,-1
999,Day,5.755,183.505,0,U_Amb_R,Practice,Expected,Red,Left,189.26,183.87,-5.017,0.868,788.149,,20.626,0,,-1,-1,,-1
999,Day,5.755,183.525,0,U_Amb_R,Practice,Expected,Red,Left,189.28,183.89,-5.017,0.868,788.327,,20.625,0,,-1,-1,,-1
999,Day,5.755,183.541,0,U_Amb_R,Practice,Expected,Red,Left,189.296,183.906,-5.016,0.868,788.48,,20.625,0,,-1,-1,,-1
999,Day,5.755,183.558,0,U_Amb_R,Practice,Expected,Red,Left,189.313,183.923,-5.016,0.868,788.637,,20.624,0,,-1,-1,,-1
999,Day,5.755,183.584,0,U_Amb_R,Practice,Expected,Red,Left,189.339,183.949,-5.015,0.868,788.814,,20.622,0,,-1,-1,,-1
999,Day,5.755,183.6,0,U_Amb_R,Practice,Expected,Red,Left,189.355,183.965,-5.015,0.868,789.024,,20.622,0,,-1,-1,,-1
999,Day,5.755,183.616,0,U_Amb_R,Practice,Expected,Red,Left,189.371,183.981,-5.014,0.868,789.17,,20.621,0,,-1,-1,,-1
999,Day,5.755,183.634,0,U_Amb_R,Practice,Expected,Red,Left,189.39,184,-5.014,0.868,789.34,,20.62,0,,-1,-1,,-1
999,Day,5.755,183.651,0,U_Amb_R,Practice,Expected,Red,Left,189.407,184.017,-5.013,0.868,789.5,,20.619,0,,-1,-1,,-1
999,Day,5.755,183.669,0,U_Amb_R,Practice,Expected,Red,Left,189.425,184.035,-5.013,0.868,789.667,,20.618,0,,-1,-1,,-1
999,Day,5.755,183.687,0,U_Amb_R,Practice,Expected,Red,Left,189.442,184.052,-5.012,0.868,789.828,,20.618,0,,-1,-1,,-1
999,Day,5.755,183.706,0,U_Amb_R,Practice,Expected,Red,Left,189.461,184.071,-5.012,0.868,790.004,,20.617,0,,-1,-1,,-1
999,Day,5.755,183.725,0,U_Amb_R,Practice,Expected,Red,Left,189.48,184.09,-5.011,0.868,790.173,,20.616,0,,-1,-1,,-1
999,Day,5.755,183.748,0,U_Amb_R,Practice,Expected,Red,Left,189.503,184.113,-5.011,0.868,790.382,,20.615,0,,-1,-1,,-1
999,Day,5.755,183.765,0,U_Amb_R,Practice,Expected,Red,Left,189.52,184.13,-5.01,0.868,790.547,,20.614,0,,-1,-1,,-1
999,Day,5.755,183.784,0,U_Amb_R,Practice,Expected,Red,Left,189.54,184.15,-5.01,0.868,790.726,,20.613,0,,-1,-1,,-1
999,Day,5.755,183.803,0,U_Amb_R,Practice,Expected,Red,Left,189.558,184.168,-5.009,0.868,790.895,,20.612,0,,-1,-1,,-1
999,Day,5.755,183.82,0,U_Amb_R,Practice,Expected,Red,Left,189.575,184.185,-5.009,0.868,791.055,,20.611,0,,-1,-1,,-1
999,Day,5.755,183.838,0,U_Amb_R,Practice,Expected,Red,Left,189.593,184.204,-5.008,0.868,791.222,,20.611,0,,-1,-1,,-1
999,Day,5.755,183.857,0,U_Amb_R,Practice,Expected,Red,Left,189.612,184.222,-5.008,0.868,791.39,,20.61,0,,-1,-1,,-1
999,Day,5.755,183.873,0,U_Amb_R,Practice,Expected,Red,Left,189.628,184.238,-5.008,0.868,791.542,,20.609,0,,-1,-1,,-1
999,Day,5.755,183.891,0,U_Amb_R,Practice,Expected,Red,Left,189.646,184.256,-5.007,0.868,791.704,,20.608,0,,-1,-1,,-1
999,Day,5.755,183.913,0,U_Amb_R,Practice,Expected,Red,Left,189.668,184.278,-5.007,0.868,791.903,,20.607,0,,-1,-1,,-1
999,Day,5.755,183.93,0,U_Amb_R,Practice,Expected,Red,Left,189.686,184.296,-5.006,0.868,792.07,,20.606,0,,-1,-1,,-1
999,Day,5.755,183.948,0,U_Amb_R,Practice,Expected,Red,Left,189.703,184.313,-5.006,0.868,792.233,,20.605,0,,-1,-1,,-1
999,Day,5.755,183.968,0,U_Amb_R,Practice,Expected,Red,Left,189.723,184.333,-5.005,0.868,792.414,,20.605,0,,-1,-1,,-1
999,Day,5.755,183.985,0,U_Amb_R,Practice,Expected,Red,Left,189.74,184.35,-5.005,0.868,792.575,,20.604,0,,-1,-1,,-1
999,Day,5.755,184.004,0,U_Amb_R,Practice,Expected,Red,Left,189.759,184.369,-5.004,0.868,792.748,,20.603,0,,-1,-1,,-1
999,Day,5.755,184.021,0,U_Amb_R,Practice,Expected,Red,Left,189.776,184.386,-5.004,0.868,792.907,,20.602,0,,-1,-1,,-1
999,Day,5.755,184.042,0,U_Amb_R,Practice,Expected,Red,Left,189.797,184.407,-5.003,0.868,793.091,,20.601,0,,-1,-1,,-1
999,Day,5.755,184.057,0,U_Amb_R,Practice,Expected,Red,Left,189.812,184.423,-5.003,0.868,793.239,,20.601,0,,-1,-1,,-1
999,Day,5.755,184.075,0,U_Amb_R,Practice,Expected,Red,Left,189.83,184.44,-5.002,0.868,793.4,,20.6,0,,-1,-1,,-1
999,Day,5.755,184.096,0,U_Amb_R,Practice,Expected,Red,Left,189.852,184.462,-5.002,0.868,793.585,,20.598,0,,-1,-1,,-1
999,Day,5.755,184.114,0,U_Amb_R,Practice,Expected,Red,Left,189.87,184.48,-5.001,0.868,793.764,,20.598,0,,-1,-1,,-1
999,Day,5.755,184.131,0,U_Amb_R,Practice,Expected,Red,Left,189.887,184.497,-5.001,0.868,793.921,,20.597,0,,-1,-1,,-1
999,Day,5.755,184.15,0,U_Amb_R,Practice,Expected,Red,Left,189.905,184.515,-5,0.868,794.094,,20.596,0,,-1,-1,,-1
999,Day,5.755,184.169,0,U_Amb_R,Practice,Expected,Red,Left,189.925,184.535,-5,0.868,794.27,,20.595,0,,-1,-1,,-1
999,Day,5.755,184.185,0,U_Amb_R,Practice,Expected,Red,Left,189.941,184.551,-4.999,0.868,794.42,,20.595,0,,-1,-1,,-1
999,Day,5.755,184.205,0,U_Amb_R,Practice,Expected,Red,Left,189.96,184.57,-4.999,0.868,794.601,,20.594,0,,-1,-1,,-1
999,Day,5.755,184.222,0,U_Amb_R,Practice,Expected,Red,Left,189.977,184.587,-4.998,0.868,794.755,,20.593,0,,-1,-1,,-1
999,Day,5.755,184.24,0,U_Amb_R,Practice,Expected,Red,Left,189.996,184.606,-4.998,0.868,794.925,,20.592,0,,-1,-1,,-1
999,Day,5.755,184.257,0,U_Amb_R,Practice,Expected,Red,Left,190.013,184.623,-4.998,0.868,795.081,,20.591,0,,-1,-1,,-1
999,Day,5.755,184.277,0,U_Amb_R,Practice,Expected,Red,Left,190.032,184.642,-4.997,0.868,795.255,,20.59,0,,-1,-1,,-1
999,Day,5.755,184.296,0,U_Amb_R,Practice,Expected,Red,Left,190.051,184.661,-4.997,0.868,795.429,,20.589,0,,-1,-1,,-1
999,Day,5.755,184.312,0,U_Amb_R,Practice,Expected,Red,Left,190.068,184.678,-4.996,0.868,795.589,,20.588,0,,-1,-1,,-1
999,Day,5.755,184.332,0,U_Amb_R,Practice,Expected,Red,Left,190.087,184.697,-4.996,0.868,795.767,,20.588,0,,-1,-1,,-1
999,Day,5.755,184.349,0,U_Amb_R,Practice,Expected,Red,Left,190.105,184.715,-4.995,0.868,795.929,,20.587,0,,-1,-1,,-1
999,Day,5.755,184.369,0,U_Amb_R,Practice,Expected,Red,Left,190.125,184.735,-4.995,0.868,796.107,,20.586,0,,-1,-1,,-1
999,Day,5.755,184.386,0,U_Amb_R,Practice,Expected,Red,Left,190.141,184.751,-4.994,0.868,796.265,,20.585,0,,-1,-1,,-1
999,Day,5.755,184.403,0,U_Amb_R,Practice,Expected,Red,Left,190.158,184.768,-4.994,0.868,796.421,,20.584,0,,-1,-1,,-1
999,Day,5.755,184.423,0,U_Amb_R,Practice,Expected,Red,Left,190.178,184.788,-4.993,0.868,796.601,,20.584,0,,-1,-1,,-1
999,Day,5.755,184.442,0,U_Amb_R,Practice,Expected,Red,Left,190.197,184.807,-4.993,0.868,796.771,,20.583,0,,-1,-1,,-1
999,Day,5.755,184.458,0,U_Amb_R,Practice,Expected,Red,Left,190.214,184.824,-4.992,0.868,796.929,,20.582,0,,-1,-1,,-1
999,Day,5.755,184.475,0,U_Amb_R,Practice,Expected,Red,Left,190.231,184.841,-4.992,0.868,797.085,,20.581,0,,-1,-1,,-1
999,Day,5.755,184.495,0,U_Amb_R,Practice,Expected,Red,Left,190.251,184.861,-4.991,0.868,797.255,,20.58,0,,-1,-1,,-1
999,Day,5.755,184.511,0,U_Amb_R,Practice,Expected,Red,Left,190.266,184.876,-4.991,0.868,797.415,,20.579,0,,-1,-1,,-1
999,Day,5.755,184.53,0,U_Amb_R,Practice,Expected,Red,Left,190.285,184.895,-4.99,0.868,797.587,,20.578,0,,-1,-1,,-1
999,Day,5.755,184.55,0,U_Amb_R,Practice,Expected,Red,Left,190.305,184.915,-4.99,0.868,797.77,,20.578,0,,-1,-1,,-1
999,Day,5.755,184.566,0,U_Amb_R,Practice,Expected,Red,Left,190.322,184.932,-4.99,0.868,797.924,,20.577,0,,-1,-1,,-1
999,Day,5.755,184.61,0,U_Amb_R,Practice,Expected,Red,Left,190.365,184.975,-4.988,0.868,798.305,,20.575,0,,-1,-1,,-1
999,Day,5.755,184.631,0,U_Amb_R,Practice,Expected,Red,Left,190.386,184.997,-4.988,0.868,798.511,,20.574,0,,-1,-1,,-1
999,Day,5.755,184.651,0,U_Amb_R,Practice,Expected,Red,Left,190.406,185.016,-4.987,0.868,798.7,,20.573,0,,-1,-1,,-1
999,Day,5.755,184.666,0,U_Amb_R,Practice,Expected,Red,Left,190.422,185.032,-4.987,0.868,798.846,,20.572,0,,-1,-1,,-1
999,Day,5.755,184.682,0,U_Amb_R,Practice,Expected,Red,Left,190.437,185.047,-4.987,0.868,798.982,,20.571,0,,-1,-1,,-1
999,Day,5.755,184.697,0,U_Amb_R,Practice,Expected,Red,Left,190.453,185.063,-4.986,0.868,799.13,,20.571,0,,-1,-1,,-1
999,Day,5.755,184.716,0,U_Amb_R,Practice,Expected,Red,Left,190.472,185.082,-4.986,0.868,799.304,,20.57,0,,-1,-1,,-1
999,Day,5.755,184.735,0,U_Amb_R,Practice,Expected,Red,Left,190.49,185.1,-4.985,0.868,799.475,,20.569,0,,-1,-1,,-1
999,Day,5.755,184.753,0,U_Amb_R,Practice,Expected,Red,Left,190.508,185.118,-4.985,0.868,799.64,,20.568,0,,-1,-1,,-1
999,Day,5.755,184.771,0,U_Amb_R,Practice,Expected,Red,Left,190.526,185.136,-4.984,0.868,799.808,,20.567,0,,-1,-1,,-1
999,Day,5.755,184.79,0,U_Amb_R,Practice,Expected,Red,Left,190.546,185.156,-4.984,0.868,799.983,,20.567,0,,-1,-1,,-1
999,Day,5.755,184.816,0,U_Amb_R,Practice,Expected,Red,Left,190.571,185.181,-4.983,0.868,800.209,,20.565,0,,-1,-1,,-1
999,Day,5.755,184.841,0,U_Amb_R,Practice,Expected,Red,Left,190.596,185.206,-4.982,0.868,800.445,,20.564,0,,-1,-1,,-1
999,Day,5.755,184.857,0,U_Amb_R,Practice,Expected,Red,Left,190.613,185.223,-4.982,0.868,800.599,,20.564,0,,-1,-1,,-1
999,Day,5.755,184.876,0,U_Amb_R,Practice,Expected,Red,Left,190.632,185.242,-4.981,0.868,800.772,,20.563,0,,-1,-1,,-1
999,Day,5.755,184.894,0,U_Amb_R,Practice,Expected,Red,Left,190.65,185.26,-4.981,0.868,800.929,,20.561,0,,-1,-1,,-1
999,Day,5.755,184.911,0,U_Amb_R,Practice,Expected,Red,Left,190.666,185.276,-4.981,0.868,801.09,,20.561,0,,-1,-1,,-1
999,Day,5.755,184.927,0,U_Amb_R,Practice,Expected,Red,Left,190.683,185.293,-4.98,0.868,801.243,,20.56,0,,-1,-1,,-1
999,Day,5.755,184.944,0,U_Amb_R,Practice,Expected,Red,Left,190.7,185.31,-4.98,0.868,801.394,,20.559,0,,-1,-1,,-1
999,Day,5.755,184.967,0,U_Amb_R,Practice,Expected,Red,Left,190.722,185.332,-4.979,0.868,801.605,,20.558,0,,-1,-1,,-1
999,Day,5.755,184.984,0,U_Amb_R,Practice,Expected,Red,Left,190.739,185.349,-4.979,0.868,801.758,,20.557,0,,-1,-1,,-1
999,Day,5.755,185,0,U_Amb_R,Practice,Expected,Red,Left,190.755,185.365,-4.978,0.868,801.908,,20.557,0,,-1,-1,,-1
999,Day,5.755,185.017,0,U_Amb_R,Practice,Expected,Red,Left,190.773,185.383,-4.978,0.868,802.073,,20.556,0,,-1,-1,,-1
999,Day,5.755,185.036,0,U_Amb_R,Practice,Expected,Red,Left,190.791,185.401,-4.977,0.868,802.24,,20.555,0,,-1,-1,,-1
999,Day,5.755,185.055,0,U_Amb_R,Practice,Expected,Red,Left,190.81,185.42,-4.977,0.868,802.411,,20.554,0,,-1,-1,,-1
999,Day,5.755,185.073,0,U_Amb_R,Practice,Expected,Red,Left,190.828,185.438,-4.976,0.868,802.583,,20.554,0,,-1,-1,,-1
999,Day,5.755,185.091,0,U_Amb_R,Practice,Expected,Red,Left,190.846,185.456,-4.976,0.868,802.745,,20.553,0,,-1,-1,,-1
999,Day,5.755,185.108,0,U_Amb_R,Practice,Expected,Red,Left,190.863,185.473,-4.975,0.868,802.902,,20.552,0,,-1,-1,,-1
999,Day,5.755,185.129,0,U_Amb_R,Practice,Expected,Red,Left,190.884,185.494,-4.975,0.868,803.086,,20.551,0,,-1,-1,,-1
999,Day,5.755,185.144,0,U_Amb_R,Practice,Expected,Red,Left,190.9,185.51,-4.975,0.868,803.236,,20.55,0,,-1,-1,,-1
999,Day,5.755,185.162,0,U_Amb_R,Practice,Expected,Red,Left,190.918,185.528,-4.974,0.868,803.405,,20.549,0,,-1,-1,,-1
999,Day,5.755,185.18,0,U_Amb_R,Practice,Expected,Red,Left,190.936,185.546,-4.974,0.868,803.57,,20.548,0,,-1,-1,,-1
999,Day,5.755,185.199,0,U_Amb_R,Practice,Expected,Red,Left,190.955,185.565,-4.973,0.868,803.744,,20.547,0,,-1,-1,,-1
999,Day,5.755,185.22,0,U_Amb_R,Practice,Expected,Red,Left,190.975,185.585,-4.973,0.868,803.927,,20.547,0,,-1,-1,,-1
999,Day,5.755,185.25,0,U_Amb_R,Practice,Expected,Red,Left,191.005,185.615,-4.972,0.868,804.182,,20.545,0,,-1,-1,,-1
999,Day,5.755,185.276,0,U_Amb_R,Practice,Expected,Red,Left,191.031,185.641,-4.971,0.868,804.44,,20.544,0,,-1,-1,,-1
999,Day,5.755,185.298,0,U_Amb_R,Practice,Expected,Red,Left,191.053,185.663,-4.971,0.868,804.637,,20.543,0,,-1,-1,,-1
999,Day,5.755,185.312,0,U_Amb_R,Practice,Expected,Red,Left,191.068,185.678,-4.97,0.868,804.779,,20.542,0,,-1,-1,,-1
999,Day,5.755,185.327,0,U_Amb_R,Practice,Expected,Red,Left,191.082,185.692,-4.97,0.868,804.908,,20.541,0,,-1,-1,,-1
999,Day,5.755,185.34,0,U_Amb_R,Practice,Expected,Red,Left,191.095,185.705,-4.969,0.868,805.046,,20.541,0,,-1,-1,,-1
999,Day,5.755,185.359,0,U_Amb_R,Practice,Expected,Red,Left,191.115,185.725,-4.969,0.868,805.213,,20.54,0,,-1,-1,,-1
999,Day,5.755,185.39,0,U_Amb_R,Practice,Expected,Red,Left,191.145,185.755,-4.968,0.868,805.475,,20.539,0,,-1,-1,,-1
999,Day,5.755,185.416,0,U_Amb_R,Practice,Expected,Red,Left,191.171,185.781,-4.967,0.868,805.725,,20.537,0,,-1,-1,,-1
999,Day,5.755,185.436,0,U_Amb_R,Practice,Expected,Red,Left,191.192,185.802,-4.967,0.868,805.914,,20.537,0,,-1,-1,,-1
999,Day,5.755,185.451,0,U_Amb_R,Practice,Expected,Red,Left,191.207,185.817,-4.967,0.868,806.054,,20.536,0,,-1,-1,,-1
999,Day,5.755,185.467,0,U_Amb_R,Practice,Expected,Red,Left,191.222,185.832,-4.966,0.868,806.196,,20.535,0,,-1,-1,,-1
999,Day,5.755,185.482,0,U_Amb_R,Practice,Expected,Red,Left,191.238,185.848,-4.966,0.868,806.34,,20.534,0,,-1,-1,,-1
999,Day,5.755,185.503,0,U_Amb_R,Practice,Expected,Red,Left,191.258,185.868,-4.965,0.868,806.528,,20.534,0,,-1,-1,,-1
999,Day,5.755,185.519,0,U_Amb_R,Practice,Expected,Red,Left,191.274,185.885,-4.965,0.868,806.681,,20.533,0,,-1,-1,,-1
999,Day,5.755,185.538,0,U_Amb_R,Practice,Expected,Red,Left,191.293,185.903,-4.964,0.868,806.848,,20.532,0,,-1,-1,,-1
999,Day,5.755,185.558,0,U_Amb_R,Practice,Expected,Red,Left,191.313,185.923,-4.964,0.868,807.03,,20.531,0,,-1,-1,,-1
999,Day,5.755,185.575,0,U_Amb_R,Practice,Expected,Red,Left,191.331,185.941,-4.963,0.868,807.186,,20.53,0,,-1,-1,,-1
999,Day,5.755,185.593,0,U_Amb_R,Practice,Expected,Red,Left,191.348,185.958,-4.963,0.868,807.349,,20.53,0,,-1,-1,,-1
999,Day,5.755,185.61,0,U_Amb_R,Practice,Expected,Red,Left,191.365,185.975,-4.962,0.868,807.506,,20.529,0,,-1,-1,,-1
999,Day,5.755,185.628,0,U_Amb_R,Practice,Expected,Red,Left,191.383,185.993,-4.962,0.868,807.663,,20.527,0,,-1,-1,,-1
999,Day,5.755,185.646,0,U_Amb_R,Practice,Expected,Red,Left,191.401,186.011,-4.962,0.868,807.844,,20.527,0,,-1,-1,,-1
999,Day,5.755,185.665,0,U_Amb_R,Practice,Expected,Red,Left,191.421,186.031,-4.961,0.868,808.017,,20.526,0,,-1,-1,,-1
999,Day,5.755,185.682,0,U_Amb_R,Practice,Expected,Red,Left,191.438,186.048,-4.961,0.868,808.176,,20.525,0,,-1,-1,,-1
999,Day,5.755,185.702,0,U_Amb_R,Practice,Expected,Red,Left,191.457,186.067,-4.96,0.868,808.351,,20.524,0,,-1,-1,,-1
999,Day,5.755,185.72,0,U_Amb_R,Practice,Expected,Red,Left,191.475,186.085,-4.96,0.868,808.52,,20.524,0,,-1,-1,,-1
999,Day,5.755,185.739,0,U_Amb_R,Practice,Expected,Red,Left,191.494,186.104,-4.959,0.868,808.694,,20.523,0,,-1,-1,,-1
999,Day,5.755,185.756,0,U_Amb_R,Practice,Expected,Red,Left,191.512,186.122,-4.959,0.868,808.857,,20.522,0,,-1,-1,,-1
999,Day,5.755,185.775,0,U_Amb_R,Practice,Expected,Red,Left,191.531,186.141,-4.958,0.868,809.026,,20.521,0,,-1,-1,,-1
999,Day,5.755,185.802,0,U_Amb_R,Practice,Expected,Red,Left,191.558,186.168,-4.957,0.868,809.267,,20.52,0,,-1,-1,,-1
999,Day,5.755,185.829,0,U_Amb_R,Practice,Expected,Red,Left,191.585,186.195,-4.957,0.868,809.524,,20.518,0,,-1,-1,,-1
999,Day,5.755,185.853,0,U_Amb_R,Practice,Expected,Red,Left,191.608,186.219,-4.956,0.868,809.745,,20.517,0,,-1,-1,,-1
999,Day,5.755,185.875,0,U_Amb_R,Practice,Expected,Red,Left,191.63,186.24,-4.956,0.868,809.936,,20.517,0,,-1,-1,,-1
999,Day,5.755,185.89,0,U_Amb_R,Practice,Expected,Red,Left,191.646,186.256,-4.955,0.868,810.085,,20.516,0,,-1,-1,,-1
999,Day,5.755,185.909,0,U_Amb_R,Practice,Expected,Red,Left,191.664,186.274,-4.955,0.868,810.254,,20.515,0,,-1,-1,,-1
999,Day,5.755,185.926,0,U_Amb_R,Practice,Expected,Red,Left,191.681,186.291,-4.954,0.868,810.408,,20.514,0,,-1,-1,,-1
999,Day,5.755,185.943,0,U_Amb_R,Practice,Expected,Red,Left,191.698,186.308,-4.954,0.868,810.563,,20.514,0,,-1,-1,,-1
999,Day,5.755,185.96,0,U_Amb_R,Practice,Expected,Red,Left,191.715,186.325,-4.953,0.868,810.719,,20.513,0,,-1,-1,,-1
999,Day,5.755,185.976,0,U_Amb_R,Practice,Expected,Red,Left,191.732,186.342,-4.953,0.868,810.869,,20.512,0,,-1,-1,,-1
999,Day,5.755,185.993,0,U_Amb_R,Practice,Expected,Red,Left,191.748,186.358,-4.953,0.868,811.025,,20.511,0,,-1,-1,,-1
999,Day,5.755,186.016,0,U_Amb_R,Practice,Expected,Red,Left,191.771,186.381,-4.952,0.868,811.221,,20.51,0,,-1,-1,,-1
999,Day,5.755,186.034,0,U_Amb_R,Practice,Expected,Red,Left,191.789,186.399,-4.951,0.868,811.401,,20.509,0,,-1,-1,,-1
999,Day,5.755,186.05,0,U_Amb_R,Practice,Expected,Red,Left,191.806,186.416,-4.951,0.868,811.547,,20.508,0,,-1,-1,,-1
999,Day,5.755,186.068,0,U_Amb_R,Practice,Expected,Red,Left,191.824,186.434,-4.951,0.868,811.72,,20.507,0,,-1,-1,,-1
999,Day,5.755,186.089,0,U_Amb_R,Practice,Expected,Red,Left,191.844,186.454,-4.95,0.868,811.903,,20.507,0,,-1,-1,,-1
999,Day,5.755,186.109,0,U_Amb_R,Practice,Expected,Red,Left,191.864,186.475,-4.95,0.868,812.086,,20.506,0,,-1,-1,,-1
999,Day,5.755,186.126,0,U_Amb_R,Practice,Expected,Red,Left,191.881,186.491,-4.949,0.868,812.242,,20.505,0,,-1,-1,,-1
999,Day,5.755,186.142,0,U_Amb_R,Practice,Expected,Red,Left,191.898,186.508,-4.949,0.868,812.397,,20.504,0,,-1,-1,,-1
999,Day,5.755,186.164,0,U_Amb_R,Practice,Expected,Red,Left,191.919,186.529,-4.948,0.868,812.583,,20.503,0,,-1,-1,,-1
999,Day,5.755,186.181,0,U_Amb_R,Practice,Expected,Red,Left,191.936,186.546,-4.948,0.868,812.748,,20.502,0,,-1,-1,,-1
999,Day,5.755,186.2,0,U_Amb_R,Practice,Expected,Red,Left,191.955,186.566,-4.947,0.868,812.924,,20.501,0,,-1,-1,,-1
999,Day,5.755,186.218,0,U_Amb_R,Practice,Expected,Red,Left,191.974,186.584,-4.947,0.868,813.091,,20.5,0,,-1,-1,,-1
999,Day,5.755,186.237,0,U_Amb_R,Practice,Expected,Red,Left,191.992,186.602,-4.946,0.868,813.257,,20.5,0,,-1,-1,,-1
999,Day,5.755,186.254,0,U_Amb_R,Practice,Expected,Red,Left,192.009,186.619,-4.946,0.868,813.417,,20.499,0,,-1,-1,,-1
999,Day,5.755,186.273,0,U_Amb_R,Practice,Expected,Red,Left,192.028,186.638,-4.945,0.868,813.593,,20.498,0,,-1,-1,,-1
999,Day,5.755,186.291,0,U_Amb_R,Practice,Expected,Red,Left,192.046,186.656,-4.945,0.868,813.753,,20.497,0,,-1,-1,,-1
999,Day,5.755,186.308,0,U_Amb_R,Practice,Expected,Red,Left,192.064,186.674,-4.944,0.868,813.916,,20.497,0,,-1,-1,,-1
999,Day,5.755,186.328,0,U_Amb_R,Practice,Expected,Red,Left,192.083,186.693,-4.944,0.868,814.087,,20.495,0,,-1,-1,,-1
999,Day,5.755,186.345,0,U_Amb_R,Practice,Expected,Red,Left,192.1,186.71,-4.943,0.868,814.25,,20.494,0,,-1,-1,,-1
999,Day,5.755,186.37,0,U_Amb_R,Practice,Expected,Red,Left,192.126,186.736,-4.943,0.868,814.483,,20.494,0,,-1,-1,,-1
999,Day,5.755,186.397,0,U_Amb_R,Practice,Expected,Red,Left,192.153,186.763,-4.942,0.868,814.722,,20.492,0,,-1,-1,,-1
999,Day,5.755,186.416,0,U_Amb_R,Practice,Expected,Red,Left,192.171,186.781,-4.942,0.868,814.895,,20.491,0,,-1,-1,,-1
999,Day,5.755,186.432,0,U_Amb_R,Practice,Expected,Red,Left,192.187,186.797,-4.941,0.868,815.047,,20.49,0,,-1,-1,,-1
999,Day,5.755,186.447,0,U_Amb_R,Practice,Expected,Red,Left,192.203,186.813,-4.941,0.868,815.191,,20.49,0,,-1,-1,,-1
999,Day,5.755,186.464,0,U_Amb_R,Practice,Expected,Red,Left,192.22,186.83,-4.94,0.868,815.345,,20.489,0,,-1,-1,,-1
999,Day,5.755,186.481,0,U_Amb_R,Practice,Expected,Red,Left,192.237,186.847,-4.94,0.868,815.502,,20.488,0,,-1,-1,,-1
999,Day,5.755,186.497,0,U_Amb_R,Practice,Expected,Red,Left,192.253,186.863,-4.939,0.868,815.644,,20.487,0,,-1,-1,,-1
999,Day,5.755,186.524,0,U_Amb_R,Practice,Expected,Red,Left,192.279,186.889,-4.939,0.868,815.88,,20.487,0,,-1,-1,,-1
999,Day,5.755,186.547,0,U_Amb_R,Practice,Expected,Red,Left,192.302,186.912,-4.938,0.868,816.086,,20.485,0,,-1,-1,,-1
999,Day,5.755,186.567,0,U_Amb_R,Practice,Expected,Red,Left,192.322,186.932,-4.938,0.868,816.278,,20.484,0,,-1,-1,,-1
999,Day,5.755,186.588,0,U_Amb_R,Practice,Expected,Red,Left,192.343,186.953,-4.937,0.868,816.467,,20.484,0,,-1,-1,,-1
999,Day,5.755,186.607,0,U_Amb_R,Practice,Expected,Red,Left,192.363,186.973,-4.937,0.868,816.65,,20.483,0,,-1,-1,,-1
999,Day,5.755,186.628,0,U_Amb_R,Practice,Expected,Red,Left,192.383,186.993,-4.936,0.868,816.829,,20.481,0,,-1,-1,,-1
999,Day,5.755,186.646,0,U_Amb_R,Practice,Expected,Red,Left,192.402,187.012,-4.936,0.868,817.01,,20.48,0,,-1,-1,,-1
999,Day,5.755,186.663,0,U_Amb_R,Practice,Expected,Red,Left,192.419,187.029,-4.935,0.868,817.168,,20.48,0,,-1,-1,,-1
999,Day,5.755,186.682,0,U_Amb_R,Practice,Expected,Red,Left,192.437,187.047,-4.935,0.868,817.333,,20.479,0,,-1,-1,,-1
999,Day,5.755,186.701,0,U_Amb_R,Practice,Expected,Red,Left,192.456,187.066,-4.934,0.868,817.508,,20.478,0,,-1,-1,,-1
999,Day,5.755,186.722,0,U_Amb_R,Practice,Expected,Red,Left,192.477,187.087,-4.934,0.868,817.7,,20.477,0,,-1,-1,,-1
999,Day,5.755,186.738,0,U_Amb_R,Practice,Expected,Red,Left,192.493,187.103,-4.933,0.868,817.847,,20.477,0,,-1,-1,,-1
999,Day,5.755,186.758,0,U_Amb_R,Practice,Expected,Red,Left,192.513,187.123,-4.933,0.868,818.029,,20.476,0,,-1,-1,,-1
999,Day,5.755,186.779,0,U_Amb_R,Practice,Expected,Red,Left,192.535,187.145,-4.932,0.868,818.215,,20.474,0,,-1,-1,,-1
999,Day,5.755,186.805,0,U_Amb_R,Practice,Expected,Red,Left,192.561,187.171,-4.932,0.868,818.466,,20.474,0,,-1,-1,,-1
999,Day,5.755,186.831,0,U_Amb_R,Practice,Expected,Red,Left,192.586,187.196,-4.931,0.868,818.695,,20.472,0,,-1,-1,,-1
999,Day,5.755,186.855,0,U_Amb_R,Practice,Expected,Red,Left,192.611,187.221,-4.93,0.868,818.925,,20.471,0,,-1,-1,,-1
999,Day,5.755,186.88,0,U_Amb_R,Practice,Expected,Red,Left,192.636,187.246,-4.93,0.868,819.151,,20.47,0,,-1,-1,,-1
999,Day,5.755,186.904,0,U_Amb_R,Practice,Expected,Red,Left,192.659,187.269,-4.929,0.868,819.371,,20.469,0,,-1,-1,,-1
999,Day,5.755,186.928,0,U_Amb_R,Practice,Expected,Red,Left,192.684,187.294,-4.928,0.868,819.59,,20.467,0,,-1,-1,,-1
999,Day,5.755,186.954,0,U_Amb_R,Practice,Expected,Red,Left,192.709,187.319,-4.928,0.868,819.824,,20.467,0,,-1,-1,,-1
999,Day,5.755,186.978,0,U_Amb_R,Practice,Expected,Red,Left,192.734,187.344,-4.927,0.868,820.046,,20.465,0,,-1,-1,,-1
999,Day,5.755,187.002,0,U_Amb_R,Practice,Expected,Red,Left,192.757,187.367,-4.926,0.868,820.26,,20.464,0,,-1,-1,,-1
999,Day,5.755,187.022,0,U_Amb_R,Practice,Expected,Red,Left,192.777,187.387,-4.926,0.868,820.449,,20.464,0,,-1,-1,,-1
999,Day,5.755,187.039,0,U_Amb_R,Practice,Expected,Red,Left,192.794,187.404,-4.925,0.868,820.603,,20.463,0,,-1,-1,,-1
999,Day,5.755,187.059,0,U_Amb_R,Practice,Expected,Red,Left,192.815,187.425,-4.925,0.868,820.788,,20.462,0,,-1,-1,,-1
999,Day,5.755,187.083,0,U_Amb_R,Practice,Expected,Red,Left,192.838,187.448,-4.924,0.868,820.995,,20.461,0,,-1,-1,,-1
999,Day,5.755,187.112,0,U_Amb_R,Practice,Expected,Red,Left,192.867,187.477,-4.924,0.868,821.262,,20.459,0,,-1,-1,,-1
999,Day,5.755,187.137,0,U_Amb_R,Practice,Expected,Red,Left,192.893,187.503,-4.923,0.868,821.504,,20.458,0,,-1,-1,,-1
999,Day,5.755,187.162,0,U_Amb_R,Practice,Expected,Red,Left,192.918,187.528,-4.922,0.868,821.724,,20.457,0,,-1,-1,,-1
999,Day,5.755,187.186,0,U_Amb_R,Practice,Expected,Red,Left,192.941,187.551,-4.922,0.868,821.951,,20.456,0,,-1,-1,,-1
999,Day,5.755,187.21,0,U_Amb_R,Practice,Expected,Red,Left,192.966,187.576,-4.921,0.868,822.167,,20.454,0,,-1,-1,,-1
999,Day,5.755,187.237,0,U_Amb_R,Practice,Expected,Red,Left,192.992,187.602,-4.92,0.868,822.416,,20.454,0,,-1,-1,,-1
999,Day,5.755,187.261,0,U_Amb_R,Practice,Expected,Red,Left,193.016,187.626,-4.92,0.868,822.627,,20.452,0,,-1,-1,,-1
999,Day,5.755,187.286,0,U_Amb_R,Practice,Expected,Red,Left,193.041,187.651,-4.919,0.868,822.866,,20.451,0,,-1,-1,,-1
999,Day,5.755,187.309,0,U_Amb_R,Practice,Expected,Red,Left,193.065,187.675,-4.918,0.868,823.077,,20.451,0,,-1,-1,,-1
999,Day,5.755,187.342,0,U_Amb_R,Practice,Expected,Red,Left,193.098,187.708,-4.918,0.868,823.371,,20.449,0,,-1,-1,,-1
999,Day,5.755,187.369,0,U_Amb_R,Practice,Expected,Red,Left,193.124,187.734,-4.917,0.868,823.606,,20.447,0,,-1,-1,,-1
999,Day,5.755,187.387,0,U_Amb_R,Practice,Expected,Red,Left,193.142,187.752,-4.916,0.868,823.788,,20.447,0,,-1,-1,,-1
999,Day,5.755,187.409,0,U_Amb_R,Practice,Expected,Red,Left,193.164,187.774,-4.916,0.868,823.981,,20.446,0,,-1,-1,,-1
999,Day,5.755,187.431,0,U_Amb_R,Practice,Expected,Red,Left,193.186,187.796,-4.915,0.868,824.183,,20.444,0,,-1,-1,,-1
999,Day,5.755,187.451,0,U_Amb_R,Practice,Expected,Red,Left,193.206,187.816,-4.915,0.868,824.363,,20.444,0,,-1,-1,,-1
999,Day,5.755,187.473,0,U_Amb_R,Practice,Expected,Red,Left,193.229,187.839,-4.914,0.868,824.57,,20.443,0,,-1,-1,,-1
999,Day,5.755,187.496,0,U_Amb_R,Practice,Expected,Red,Left,193.252,187.862,-4.914,0.868,824.777,,20.441,0,,-1,-1,,-1
999,Day,5.755,187.521,0,U_Amb_R,Practice,Expected,Red,Left,193.276,187.886,-4.913,0.868,825.014,,20.441,0,,-1,-1,,-1
999,Day,5.755,187.543,0,U_Amb_R,Practice,Expected,Red,Left,193.299,187.909,-4.912,0.868,825.21,,20.44,0,,-1,-1,,-1
999,Day,5.755,187.562,0,U_Amb_R,Practice,Expected,Red,Left,193.317,187.927,-4.912,0.868,825.371,,20.438,0,,-1,-1,,-1
999,Day,5.755,187.588,0,U_Amb_R,Practice,Expected,Red,Left,193.343,187.953,-4.911,0.868,825.614,,20.437,0,,-1,-1,,-1
999,Day,5.755,187.61,0,U_Amb_R,Practice,Expected,Red,Left,193.366,187.976,-4.911,0.868,825.819,,20.437,0,,-1,-1,,-1
999,Day,5.755,187.632,0,U_Amb_R,Practice,Expected,Red,Left,193.388,187.998,-4.91,0.868,826.01,,20.435,0,,-1,-1,,-1
999,Day,5.755,187.653,0,U_Amb_R,Practice,Expected,Red,Left,193.408,188.018,-4.91,0.868,826.211,,20.434,0,,-1,-1,,-1
999,Day,5.755,187.675,0,U_Amb_R,Practice,Expected,Red,Left,193.43,188.04,-4.909,0.868,826.409,,20.434,0,,-1,-1,,-1
999,Day,5.755,187.697,0,U_Amb_R,Practice,Expected,Red,Left,193.452,188.062,-4.909,0.868,826.6,,20.432,0,,-1,-1,,-1
999,Day,5.755,187.717,0,U_Amb_R,Practice,Expected,Red,Left,193.473,188.083,-4.908,0.868,826.802,,20.431,0,,-1,-1,,-1
999,Day,5.755,187.735,0,U_Amb_R,Practice,Expected,Red,Left,193.491,188.101,-4.907,0.868,826.968,,20.431,0,,-1,-1,,-1
999,Day,5.755,187.757,0,U_Amb_R,Practice,Expected,Red,Left,193.512,188.122,-4.907,0.868,827.161,,20.43,0,,-1,-1,,-1
999,Day,5.755,187.783,0,U_Amb_R,Practice,Expected,Red,Left,193.539,188.149,-4.906,0.868,827.402,,20.428,0,,-1,-1,,-1
999,Day,5.755,187.809,0,U_Amb_R,Practice,Expected,Red,Left,193.564,188.174,-4.906,0.868,827.638,,20.428,0,,-1,-1,,-1
999,Day,5.755,187.836,0,U_Amb_R,Practice,Expected,Red,Left,193.591,188.201,-4.905,0.868,827.878,,20.426,0,,-1,-1,,-1
999,Day,5.755,187.858,0,U_Amb_R,Practice,Expected,Red,Left,193.614,188.224,-4.904,0.868,828.087,,20.425,0,,-1,-1,,-1
999,Day,5.755,187.881,0,U_Amb_R,Practice,Expected,Red,Left,193.636,188.246,-4.904,0.868,828.281,,20.424,0,,-1,-1,,-1
999,Day,5.755,187.903,0,U_Amb_R,Practice,Expected,Red,Left,193.659,188.269,-4.903,0.868,828.494,,20.423,0,,-1,-1,,-1
999,Day,5.755,187.925,0,U_Amb_R,Practice,Expected,Red,Left,193.68,188.29,-4.903,0.868,828.686,,20.422,0,,-1,-1,,-1
999,Day,5.755,187.948,0,U_Amb_R,Practice,Expected,Red,Left,193.704,188.314,-4.902,0.868,828.902,,20.421,0,,-1,-1,,-1
999,Day,5.755,187.97,0,U_Amb_R,Practice,Expected,Red,Left,193.726,188.336,-4.901,0.868,829.106,,20.42,0,,-1,-1,,-1
999,Day,5.755,188.025,0,U_Amb_R,Practice,Expected,Red,Left,193.78,188.39,-4.9,0.868,829.594,,20.418,0,,-1,-1,,-1
999,Day,5.755,188.046,0,U_Amb_R,Practice,Expected,Red,Left,193.802,188.412,-4.9,0.868,829.793,,20.416,0,,-1,-1,,-1
999,Day,5.755,188.068,0,U_Amb_R,Practice,Expected,Red,Left,193.823,188.433,-4.899,0.868,829.997,,20.415,0,,-1,-1,,-1
999,Day,5.755,188.089,0,U_Amb_R,Practice,Expected,Red,Left,193.844,188.454,-4.898,0.868,830.193,,20.415,0,,-1,-1,,-1
999,Day,5.755,188.114,0,U_Amb_R,Practice,Expected,Red,Left,193.869,188.479,-4.898,0.868,830.409,,20.413,0,,-1,-1,,-1
999,Day,5.755,188.139,0,U_Amb_R,Practice,Expected,Red,Left,193.895,188.505,-4.897,0.868,830.656,,20.412,0,,-1,-1,,-1
999,Day,5.755,188.163,0,U_Amb_R,Practice,Expected,Red,Left,193.919,188.529,-4.896,0.868,830.857,,20.411,0,,-1,-1,,-1
999,Day,5.755,188.185,0,U_Amb_R,Practice,Expected,Red,Left,193.94,188.55,-4.896,0.868,831.067,,20.41,0,,-1,-1,,-1
999,Day,5.755,188.206,0,U_Amb_R,Practice,Expected,Red,Left,193.962,188.572,-4.895,0.868,831.261,,20.409,0,,-1,-1,,-1
999,Day,5.755,188.23,0,U_Amb_R,Practice,Expected,Red,Left,193.986,188.596,-4.895,0.868,831.476,,20.408,0,,-1,-1,,-1
999,Day,5.755,188.253,0,U_Amb_R,Practice,Expected,Red,Left,194.009,188.619,-4.894,0.868,831.692,,20.407,0,,-1,-1,,-1
999,Day,5.755,188.274,0,U_Amb_R,Practice,Expected,Red,Left,194.03,188.64,-4.894,0.868,831.89,,20.406,0,,-1,-1,,-1
999,Day,5.755,188.301,0,U_Amb_R,Practice,Expected,Red,Left,194.057,188.667,-4.893,0.868,832.131,,20.405,0,,-1,-1,,-1
999,Day,5.755,188.325,0,U_Amb_R,Practice,Expected,Red,Left,194.081,188.691,-4.892,0.868,832.356,,20.404,0,,-1,-1,,-1
999,Day,5.755,188.348,0,U_Amb_R,Practice,Expected,Red,Left,194.103,188.713,-4.892,0.868,832.55,,20.402,0,,-1,-1,,-1
999,Day,5.755,188.363,0,U_Amb_R,Practice,Expected,Red,Left,194.118,188.728,-4.891,0.868,832.699,,20.401,0,,-1,-1,,-1
999,Day,5.755,188.379,0,U_Amb_R,Practice,Expected,Red,Left,194.134,188.744,-4.891,0.868,832.844,,20.401,0,,-1,-1,,-1
999,Day,5.755,188.396,0,U_Amb_R,Practice,Expected,Red,Left,194.151,188.761,-4.89,0.868,833,,20.4,0,,-1,-1,,-1
999,Day,5.755,188.411,0,U_Amb_R,Practice,Expected,Red,Left,194.167,188.777,-4.89,0.868,833.136,,20.399,0,,-1,-1,,-1
999,Day,5.755,188.427,0,U_Amb_R,Practice,Expected,Red,Left,194.183,188.793,-4.89,0.868,833.286,,20.398,0,,-1,-1,,-1
999,Day,5.755,188.448,0,U_Amb_R,Practice,Expected,Red,Left,194.203,188.813,-4.889,0.868,833.472,,20.398,0,,-1,-1,,-1
999,Day,5.755,188.473,0,U_Amb_R,Practice,Expected,Red,Left,194.228,188.839,-4.888,0.868,833.704,,20.397,0,,-1,-1,,-1
999,Day,5.755,188.502,0,U_Amb_R,Practice,Expected,Red,Left,194.258,188.868,-4.888,0.868,833.962,,20.395,0,,-1,-1,,-1
999,Day,5.755,188.522,0,U_Amb_R,Practice,Expected,Red,Left,194.277,188.887,-4.887,0.868,834.146,,20.395,0,,-1,-1,,-1
999,Day,5.755,188.545,0,U_Amb_R,Practice,Expected,Red,Left,194.3,188.91,-4.887,0.868,834.351,,20.393,0,,-1,-1,,-1
999,Day,5.755,188.57,0,U_Amb_R,Practice,Expected,Red,Left,194.326,188.936,-4.886,0.868,834.59,,20.392,0,,-1,-1,,-1
999,Day,5.755,188.595,0,U_Amb_R,Practice,Expected,Red,Left,194.351,188.961,-4.885,0.868,834.811,,20.391,0,,-1,-1,,-1
999,Day,5.755,188.619,0,U_Amb_R,Practice,Expected,Red,Left,194.374,188.984,-4.885,0.868,835.031,,20.39,0,,-1,-1,,-1
999,Day,5.755,188.641,0,U_Amb_R,Practice,Expected,Red,Left,194.397,189.007,-4.884,0.868,835.232,,20.389,0,,-1,-1,,-1
999,Day,5.755,188.664,0,U_Amb_R,Practice,Expected,Red,Left,194.419,189.029,-4.884,0.868,835.427,,20.388,0,,-1,-1,,-1
999,Day,5.755,188.685,0,U_Amb_R,Practice,Expected,Red,Left,194.441,189.051,-4.883,0.868,835.64,,20.387,0,,-1,-1,,-1
999,Day,5.755,188.701,0,U_Amb_R,Practice,Expected,Red,Left,194.456,189.066,-4.883,0.868,835.78,,20.386,0,,-1,-1,,-1
999,Day,5.755,188.717,0,U_Amb_R,Practice,Expected,Red,Left,194.473,189.083,-4.882,0.868,835.927,,20.385,0,,-1,-1,,-1
999,Day,5.755,188.734,0,U_Amb_R,Practice,Expected,Red,Left,194.489,189.099,-4.882,0.868,836.083,,20.385,0,,-1,-1,,-1
999,Day,5.755,188.753,0,U_Amb_R,Practice,Expected,Red,Left,194.509,189.119,-4.881,0.868,836.258,,20.384,0,,-1,-1,,-1
999,Day,5.755,188.771,0,U_Amb_R,Practice,Expected,Red,Left,194.526,189.137,-4.881,0.868,836.421,,20.383,0,,-1,-1,,-1
999,Day,5.755,188.79,0,U_Amb_R,Practice,Expected,Red,Left,194.545,189.155,-4.88,0.868,836.587,,20.382,0,,-1,-1,,-1
999,Day,5.755,188.815,0,U_Amb_R,Practice,Expected,Red,Left,194.571,189.181,-4.88,0.868,836.816,,20.381,0,,-1,-1,,-1
999,Day,5.755,188.843,0,U_Amb_R,Practice,Expected,Red,Left,194.598,189.208,-4.879,0.868,837.071,,20.38,0,,-1,-1,,-1
999,Day,5.755,188.869,0,U_Amb_R,Practice,Expected,Red,Left,194.624,189.234,-4.878,0.868,837.304,,20.379,0,,-1,-1,,-1
999,Day,5.755,188.891,0,U_Amb_R,Practice,Expected,Red,Left,194.646,189.256,-4.878,0.868,837.504,,20.378,0,,-1,-1,,-1
999,Day,5.755,188.909,0,U_Amb_R,Practice,Expected,Red,Left,194.664,189.274,-4.877,0.868,837.672,,20.377,0,,-1,-1,,-1
999,Day,5.755,188.933,0,U_Amb_R,Practice,Expected,Red,Left,194.689,189.299,-4.877,0.868,837.89,,20.375,0,,-1,-1,,-1
999,Day,5.755,188.95,0,U_Amb_R,Practice,Expected,Red,Left,194.706,189.316,-4.876,0.868,838.052,,20.375,0,,-1,-1,,-1
999,Day,5.755,188.974,0,U_Amb_R,Practice,Expected,Red,Left,194.729,189.339,-4.876,0.868,838.262,,20.374,0,,-1,-1,,-1
999,Day,5.755,188.989,0,U_Amb_R,Practice,Expected,Red,Left,194.744,189.354,-4.875,0.868,838.404,,20.373,0,,-1,-1,,-1
999,Day,5.755,189.006,0,U_Amb_R,Practice,Expected,Red,Left,194.761,189.371,-4.875,0.868,838.555,,20.372,0,,-1,-1,,-1
999,Day,5.755,189.021,0,U_Amb_R,Practice,Expected,Red,Left,194.777,189.387,-4.874,0.868,838.696,,20.372,0,,-1,-1,,-1
999,Day,5.755,189.037,0,U_Amb_R,Practice,Expected,Red,Left,194.793,189.403,-4.874,0.868,838.845,,20.371,0,,-1,-1,,-1
999,Day,5.755,189.055,0,U_Amb_R,Practice,Expected,Red,Left,194.81,189.421,-4.873,0.868,839.008,,20.37,0,,-1,-1,,-1
999,Day,5.755,189.075,0,U_Amb_R,Practice,Expected,Red,Left,194.831,189.441,-4.873,0.868,839.19,,20.369,0,,-1,-1,,-1
999,Day,5.755,189.096,0,U_Amb_R,Practice,Expected,Red,Left,194.852,189.462,-4.872,0.868,839.373,,20.368,0,,-1,-1,,-1
999,Day,5.755,189.114,0,U_Amb_R,Practice,Expected,Red,Left,194.869,189.479,-4.872,0.868,839.542,,20.367,0,,-1,-1,,-1
999,Day,5.755,189.14,0,U_Amb_R,Practice,Expected,Red,Left,194.896,189.506,-4.871,0.868,839.783,,20.366,0,,-1,-1,,-1
999,Day,5.755,189.17,0,U_Amb_R,Practice,Expected,Red,Left,194.925,189.535,-4.871,0.868,840.043,,20.365,0,,-1,-1,,-1
999,Day,5.755,189.196,0,U_Amb_R,Practice,Expected,Red,Left,194.951,189.561,-4.87,0.868,840.272,,20.363,0,,-1,-1,,-1
999,Day,5.755,189.217,0,U_Amb_R,Practice,Expected,Red,Left,194.972,189.582,-4.869,0.868,840.478,,20.362,0,,-1,-1,,-1
999,Day,5.755,189.232,0,U_Amb_R,Practice,Expected,Red,Left,194.987,189.597,-4.869,0.868,840.616,,20.362,0,,-1,-1,,-1
999,Day,5.755,189.247,0,U_Amb_R,Practice,Expected,Red,Left,195.003,189.613,-4.869,0.868,840.754,,20.361,0,,-1,-1,,-1
999,Day,5.755,189.262,0,U_Amb_R,Practice,Expected,Red,Left,195.018,189.628,-4.868,0.868,840.894,,20.36,0,,-1,-1,,-1
999,Day,5.755,189.282,0,U_Amb_R,Practice,Expected,Red,Left,195.038,189.648,-4.868,0.868,841.076,,20.359,0,,-1,-1,,-1
999,Day,5.755,189.3,0,U_Amb_R,Practice,Expected,Red,Left,195.055,189.665,-4.867,0.868,841.237,,20.359,0,,-1,-1,,-1
999,Day,5.755,189.318,0,U_Amb_R,Practice,Expected,Red,Left,195.073,189.683,-4.867,0.868,841.4,,20.358,0,,-1,-1,,-1
999,Day,5.755,189.336,0,U_Amb_R,Practice,Expected,Red,Left,195.091,189.701,-4.866,0.868,841.56,,20.357,0,,-1,-1,,-1
999,Day,5.755,189.354,0,U_Amb_R,Practice,Expected,Red,Left,195.109,189.719,-4.866,0.868,841.725,,20.356,0,,-1,-1,,-1
999,Day,5.755,189.371,0,U_Amb_R,Practice,Expected,Red,Left,195.127,189.737,-4.865,0.868,841.888,,20.356,0,,-1,-1,,-1
999,Day,5.755,189.389,0,U_Amb_R,Practice,Expected,Red,Left,195.144,189.754,-4.865,0.868,842.045,,20.355,0,,-1,-1,,-1
999,Day,5.755,189.406,0,U_Amb_R,Practice,Expected,Red,Left,195.161,189.771,-4.864,0.868,842.203,,20.354,0,,-1,-1,,-1
999,Day,5.755,189.424,0,U_Amb_R,Practice,Expected,Red,Left,195.179,189.789,-4.864,0.868,842.365,,20.353,0,,-1,-1,,-1
999,Day,5.755,189.443,0,U_Amb_R,Practice,Expected,Red,Left,195.198,189.808,-4.863,0.868,842.535,,20.353,0,,-1,-1,,-1
999,Day,5.755,189.461,0,U_Amb_R,Practice,Expected,Red,Left,195.216,189.826,-4.863,0.868,842.693,,20.351,0,,-1,-1,,-1
999,Day,5.755,189.478,0,U_Amb_R,Practice,Expected,Red,Left,195.234,189.844,-4.863,0.868,842.862,,20.35,0,,-1,-1,,-1
999,Day,5.755,189.497,0,U_Amb_R,Practice,Expected,Red,Left,195.253,189.863,-4.862,0.868,843.033,,20.35,0,,-1,-1,,-1
999,Day,5.755,189.515,0,U_Amb_R,Practice,Expected,Red,Left,195.271,189.881,-4.862,0.868,843.198,,20.349,0,,-1,-1,,-1
999,Day,5.755,189.533,0,U_Amb_R,Practice,Expected,Red,Left,195.289,189.899,-4.861,0.868,843.361,,20.348,0,,-1,-1,,-1
999,Day,5.755,189.55,0,U_Amb_R,Practice,Expected,Red,Left,195.306,189.916,-4.861,0.868,843.517,,20.347,0,,-1,-1,,-1
999,Day,5.755,189.569,0,U_Amb_R,Practice,Expected,Red,Left,195.325,189.935,-4.86,0.868,843.689,,20.346,0,,-1,-1,,-1
999,Day,5.755,189.589,0,U_Amb_R,Practice,Expected,Red,Left,195.344,189.954,-4.86,0.868,843.854,,20.346,0,,-1,-1,,-1
999,Day,5.755,189.605,0,U_Amb_R,Practice,Expected,Red,Left,195.36,189.971,-4.859,0.868,844.014,,20.345,0,,-1,-1,,-1
999,Day,5.755,189.622,0,U_Amb_R,Practice,Expected,Red,Left,195.378,189.988,-4.859,0.868,844.171,,20.344,0,,-1,-1,,-1
999,Day,5.755,189.64,0,U_Amb_R,Practice,Expected,Red,Left,195.396,190.006,-4.858,0.868,844.331,,20.343,0,,-1,-1,,-1
999,Day,5.755,189.658,0,U_Amb_R,Practice,Expected,Red,Left,195.413,190.023,-4.858,0.868,844.493,,20.343,0,,-1,-1,,-1
999,Day,5.755,189.679,0,U_Amb_R,Practice,Expected,Red,Left,195.435,190.045,-4.857,0.868,844.676,,20.341,0,,-1,-1,,-1
999,Day,5.755,189.704,0,U_Amb_R,Practice,Expected,Red,Left,195.459,190.069,-4.857,0.868,844.91,,20.34,0,,-1,-1,,-1
999,Day,5.755,189.735,0,U_Amb_R,Practice,Expected,Red,Left,195.491,190.101,-4.856,0.868,845.192,,20.339,0,,-1,-1,,-1
999,Day,5.755,189.757,0,U_Amb_R,Practice,Expected,Red,Left,195.512,190.122,-4.855,0.868,845.387,,20.338,0,,-1,-1,,-1
999,Day,5.755,189.78,0,U_Amb_R,Practice,Expected,Red,Left,195.536,190.146,-4.855,0.868,845.6,,20.337,0,,-1,-1,,-1
999,Day,5.755,189.796,0,U_Amb_R,Practice,Expected,Red,Left,195.551,190.161,-4.854,0.868,845.748,,20.336,0,,-1,-1,,-1
999,Day,5.755,189.812,0,U_Amb_R,Practice,Expected,Red,Left,195.568,190.178,-4.854,0.868,845.896,,20.335,0,,-1,-1,,-1
999,Day,5.755,189.828,0,U_Amb_R,Practice,Expected,Red,Left,195.584,190.194,-4.854,0.868,846.039,,20.334,0,,-1,-1,,-1
999,Day,5.755,189.844,0,U_Amb_R,Practice,Expected,Red,Left,195.599,190.209,-4.853,0.868,846.185,,20.333,0,,-1,-1,,-1
999,Day,5.755,189.862,0,U_Amb_R,Practice,Expected,Red,Left,195.617,190.227,-4.853,0.868,846.346,,20.333,0,,-1,-1,,-1
999,Day,5.755,189.881,0,U_Amb_R,Practice,Expected,Red,Left,195.636,190.246,-4.852,0.868,846.516,,20.332,0,,-1,-1,,-1
999,Day,5.755,189.899,0,U_Amb_R,Practice,Expected,Red,Left,195.654,190.264,-4.852,0.868,846.683,,20.331,0,,-1,-1,,-1
999,Day,5.755,189.917,0,U_Amb_R,Practice,Expected,Red,Left,195.672,190.282,-4.851,0.868,846.847,,20.33,0,,-1,-1,,-1
999,Day,5.755,189.938,0,U_Amb_R,Practice,Expected,Red,Left,195.693,190.304,-4.851,0.868,847.035,,20.33,0,,-1,-1,,-1
999,Day,5.755,189.956,0,U_Amb_R,Practice,Expected,Red,Left,195.712,190.322,-4.85,0.868,847.199,,20.329,0,,-1,-1,,-1
999,Day,5.755,189.98,0,U_Amb_R,Practice,Expected,Red,Left,195.735,190.346,-4.85,0.868,847.414,,20.327,0,,-1,-1,,-1
999,Day,5.755,190.007,0,U_Amb_R,Practice,Expected,Red,Left,195.762,190.372,-4.849,0.868,847.666,,20.327,0,,-1,-1,,-1
999,Day,5.755,190.031,0,U_Amb_R,Practice,Expected,Red,Left,195.786,190.396,-4.848,0.868,847.873,,20.325,0,,-1,-1,,-1
999,Day,5.755,190.052,0,U_Amb_R,Practice,Expected,Red,Left,195.807,190.417,-4.848,0.868,848.072,,20.324,0,,-1,-1,,-1
999,Day,5.755,190.068,0,U_Amb_R,Practice,Expected,Red,Left,195.823,190.433,-4.847,0.868,848.216,,20.324,0,,-1,-1,,-1
999,Day,5.755,190.084,0,U_Amb_R,Practice,Expected,Red,Left,195.84,190.45,-4.847,0.868,848.37,,20.323,0,,-1,-1,,-1
999,Day,5.755,190.101,0,U_Amb_R,Practice,Expected,Red,Left,195.857,190.467,-4.847,0.868,848.519,,20.322,0,,-1,-1,,-1
999,Day,5.755,190.119,0,U_Amb_R,Practice,Expected,Red,Left,195.874,190.484,-4.846,0.868,848.678,,20.321,0,,-1,-1,,-1
999,Day,5.755,190.134,0,U_Amb_R,Practice,Expected,Red,Left,195.89,190.5,-4.846,0.868,848.825,,20.321,0,,-1,-1,,-1
999,Day,5.755,190.155,0,U_Amb_R,Practice,Expected,Red,Left,195.91,190.52,-4.845,0.868,849.006,,20.32,0,,-1,-1,,-1
999,Day,5.755,190.172,0,U_Amb_R,Practice,Expected,Red,Left,195.927,190.537,-4.845,0.868,849.156,,20.319,0,,-1,-1,,-1
999,Day,5.755,190.189,0,U_Amb_R,Practice,Expected,Red,Left,195.945,190.555,-4.844,0.868,849.32,,20.318,0,,-1,-1,,-1
999,Day,5.755,190.214,0,U_Amb_R,Practice,Expected,Red,Left,195.97,190.58,-4.844,0.868,849.54,,20.317,0,,-1,-1,,-1
999,Day,5.755,190.242,0,U_Amb_R,Practice,Expected,Red,Left,195.997,190.607,-4.843,0.868,849.793,,20.316,0,,-1,-1,,-1
999,Day,5.755,190.268,0,U_Amb_R,Practice,Expected,Red,Left,196.024,190.634,-4.842,0.868,850.035,,20.314,0,,-1,-1,,-1
999,Day,5.755,190.288,0,U_Amb_R,Practice,Expected,Red,Left,196.043,190.653,-4.842,0.868,850.216,,20.314,0,,-1,-1,,-1
999,Day,5.755,190.305,0,U_Amb_R,Practice,Expected,Red,Left,196.06,190.67,-4.841,0.868,850.371,,20.313,0,,-1,-1,,-1
999,Day,5.755,190.321,0,U_Amb_R,Practice,Expected,Red,Left,196.077,190.687,-4.841,0.868,850.516,,20.312,0,,-1,-1,,-1
999,Day,5.755,190.337,0,U_Amb_R,Practice,Expected,Red,Left,196.092,190.702,-4.84,0.868,850.664,,20.311,0,,-1,-1,,-1
999,Day,5.755,190.354,0,U_Amb_R,Practice,Expected,Red,Left,196.11,190.72,-4.84,0.868,850.821,,20.311,0,,-1,-1,,-1
999,Day,5.755,190.372,0,U_Amb_R,Practice,Expected,Red,Left,196.128,190.738,-4.84,0.868,850.984,,20.31,0,,-1,-1,,-1
999,Day,5.755,190.389,0,U_Amb_R,Practice,Expected,Red,Left,196.145,190.755,-4.839,0.868,851.141,,20.309,0,,-1,-1,,-1
999,Day,5.755,190.407,0,U_Amb_R,Practice,Expected,Red,Left,196.163,190.773,-4.839,0.868,851.3,,20.308,0,,-1,-1,,-1
999,Day,5.755,190.429,0,U_Amb_R,Practice,Expected,Red,Left,196.184,190.794,-4.838,0.868,851.482,,20.307,0,,-1,-1,,-1
999,Day,5.755,190.445,0,U_Amb_R,Practice,Expected,Red,Left,196.201,190.811,-4.838,0.868,851.648,,20.306,0,,-1,-1,,-1
999,Day,5.755,190.467,0,U_Amb_R,Practice,Expected,Red,Left,196.222,190.832,-4.837,0.868,851.834,,20.305,0,,-1,-1,,-1
999,Day,5.755,190.486,0,U_Amb_R,Practice,Expected,Red,Left,196.241,190.851,-4.837,0.868,852.012,,20.305,0,,-1,-1,,-1
999,Day,5.755,190.502,0,U_Amb_R,Practice,Expected,Red,Left,196.258,190.868,-4.836,0.868,852.164,,20.304,0,,-1,-1,,-1
999,Day,5.755,190.523,0,U_Amb_R,Practice,Expected,Red,Left,196.278,190.888,-4.836,0.868,852.341,,20.303,0,,-1,-1,,-1
999,Day,5.755,190.542,0,U_Amb_R,Practice,Expected,Red,Left,196.298,190.908,-4.835,0.868,852.52,,20.302,0,,-1,-1,,-1
999,Day,5.755,190.56,0,U_Amb_R,Practice,Expected,Red,Left,196.315,190.925,-4.835,0.868,852.682,,20.301,0,,-1,-1,,-1
999,Day,5.755,190.58,0,U_Amb_R,Practice,Expected,Red,Left,196.335,190.945,-4.834,0.868,852.854,,20.3,0,,-1,-1,,-1
999,Day,5.755,190.597,0,U_Amb_R,Practice,Expected,Red,Left,196.352,190.963,-4.834,0.868,853.021,,20.299,0,,-1,-1,,-1
999,Day,5.755,190.615,0,U_Amb_R,Practice,Expected,Red,Left,196.37,190.98,-4.833,0.868,853.182,,20.298,0,,-1,-1,,-1
999,Day,5.755,190.634,0,U_Amb_R,Practice,Expected,Red,Left,196.389,190.999,-4.833,0.868,853.352,,20.298,0,,-1,-1,,-1
999,Day,5.755,190.654,0,U_Amb_R,Practice,Expected,Red,Left,196.409,191.019,-4.832,0.868,853.535,,20.297,0,,-1,-1,,-1
999,Day,5.755,190.673,0,U_Amb_R,Practice,Expected,Red,Left,196.428,191.038,-4.832,0.868,853.708,,20.296,0,,-1,-1,,-1
999,Day,5.755,190.697,0,U_Amb_R,Practice,Expected,Red,Left,196.452,191.062,-4.831,0.868,853.923,,20.295,0,,-1,-1,,-1
999,Day,5.755,190.722,0,U_Amb_R,Practice,Expected,Red,Left,196.477,191.087,-4.831,0.868,854.153,,20.294,0,,-1,-1,,-1
999,Day,5.755,190.744,0,U_Amb_R,Practice,Expected,Red,Left,196.499,191.109,-4.83,0.868,854.35,,20.292,0,,-1,-1,,-1
999,Day,5.755,190.766,0,U_Amb_R,Practice,Expected,Red,Left,196.521,191.131,-4.829,0.868,854.553,,20.292,0,,-1,-1,,-1
999,Day,5.755,190.785,0,U_Amb_R,Practice,Expected,Red,Left,196.54,191.15,-4.829,0.868,854.719,,20.291,0,,-1,-1,,-1
999,Day,5.755,190.803,0,U_Amb_R,Practice,Expected,Red,Left,196.558,191.169,-4.829,0.868,854.889,,20.29,0,,-1,-1,,-1
999,Day,5.755,190.823,0,U_Amb_R,Practice,Expected,Red,Left,196.579,191.189,-4.828,0.868,855.067,,20.289,0,,-1,-1,,-1
999,Day,5.755,190.842,0,U_Amb_R,Practice,Expected,Red,Left,196.597,191.207,-4.828,0.868,855.237,,20.289,0,,-1,-1,,-1
999,Day,5.755,190.863,0,U_Amb_R,Practice,Expected,Red,Left,196.618,191.228,-4.827,0.868,855.428,,20.287,0,,-1,-1,,-1
999,Day,5.755,190.885,0,U_Amb_R,Practice,Expected,Red,Left,196.64,191.25,-4.826,0.868,855.637,,20.286,0,,-1,-1,,-1
999,Day,5.755,190.906,0,U_Amb_R,Practice,Expected,Red,Left,196.662,191.272,-4.826,0.868,855.824,,20.285,0,,-1,-1,,-1
999,Day,5.755,190.926,0,U_Amb_R,Practice,Expected,Red,Left,196.681,191.291,-4.825,0.868,856.009,,20.285,0,,-1,-1,,-1
999,Day,5.755,190.949,0,U_Amb_R,Practice,Expected,Red,Left,196.704,191.314,-4.825,0.868,856.204,,20.283,0,,-1,-1,,-1
999,Day,5.755,190.967,0,U_Amb_R,Practice,Expected,Red,Left,196.722,191.332,-4.824,0.868,856.375,,20.282,0,,-1,-1,,-1
999,Day,5.755,190.984,0,U_Amb_R,Practice,Expected,Red,Left,196.74,191.35,-4.824,0.868,856.532,,20.282,0,,-1,-1,,-1
999,Day,5.755,191.003,0,U_Amb_R,Practice,Expected,Red,Left,196.758,191.368,-4.823,0.868,856.697,,20.281,0,,-1,-1,,-1
999,Day,5.755,191.022,0,U_Amb_R,Practice,Expected,Red,Left,196.777,191.387,-4.823,0.868,856.877,,20.28,0,,-1,-1,,-1
999,Day,5.755,191.04,0,U_Amb_R,Practice,Expected,Red,Left,196.795,191.405,-4.822,0.868,857.038,,20.279,0,,-1,-1,,-1
999,Day,5.755,191.059,0,U_Amb_R,Practice,Expected,Red,Left,196.815,191.425,-4.822,0.868,857.209,,20.279,0,,-1,-1,,-1
999,Day,5.755,191.076,0,U_Amb_R,Practice,Expected,Red,Left,196.832,191.442,-4.822,0.868,857.366,,20.278,0,,-1,-1,,-1
999,Day,5.755,191.096,0,U_Amb_R,Practice,Expected,Red,Left,196.852,191.462,-4.821,0.868,857.541,,20.276,0,,-1,-1,,-1
999,Day,5.755,191.113,0,U_Amb_R,Practice,Expected,Red,Left,196.868,191.478,-4.821,0.868,857.701,,20.276,0,,-1,-1,,-1
999,Day,5.755,191.131,0,U_Amb_R,Practice,Expected,Red,Left,196.886,191.496,-4.82,0.868,857.863,,20.275,0,,-1,-1,,-1
999,Day,5.755,191.149,0,U_Amb_R,Practice,Expected,Red,Left,196.905,191.515,-4.82,0.868,858.03,,20.274,0,,-1,-1,,-1
999,Day,5.755,191.167,0,U_Amb_R,Practice,Expected,Red,Left,196.923,191.533,-4.819,0.868,858.194,,20.273,0,,-1,-1,,-1
999,Day,5.755,191.185,0,U_Amb_R,Practice,Expected,Red,Left,196.941,191.551,-4.819,0.868,858.359,,20.273,0,,-1,-1,,-1
999,Day,5.755,191.203,0,U_Amb_R,Practice,Expected,Red,Left,196.959,191.569,-4.818,0.868,858.525,,20.272,0,,-1,-1,,-1
999,Day,5.755,191.222,0,U_Amb_R,Practice,Expected,Red,Left,196.978,191.588,-4.818,0.868,858.693,,20.271,0,,-1,-1,,-1
999,Day,5.755,191.241,0,U_Amb_R,Practice,Expected,Red,Left,196.996,191.606,-4.817,0.868,858.858,,20.27,0,,-1,-1,,-1
999,Day,5.755,191.26,0,U_Amb_R,Practice,Expected,Red,Left,197.015,191.625,-4.817,0.868,859.031,,20.269,0,,-1,-1,,-1
999,Day,5.755,191.279,0,U_Amb_R,Practice,Expected,Red,Left,197.034,191.644,-4.816,0.868,859.198,,20.268,0,,-1,-1,,-1
999,Day,5.755,191.297,0,U_Amb_R,Practice,Expected,Red,Left,197.052,191.663,-4.816,0.868,859.371,,20.267,0,,-1,-1,,-1
999,Day,5.755,191.317,0,U_Amb_R,Practice,Expected,Red,Left,197.073,191.683,-4.815,0.868,859.552,,20.266,0,,-1,-1,,-1
999,Day,5.755,191.335,0,U_Amb_R,Practice,Expected,Red,Left,197.09,191.7,-4.815,0.868,859.711,,20.266,0,,-1,-1,,-1
999,Day,5.755,191.352,0,U_Amb_R,Practice,Expected,Red,Left,197.107,191.717,-4.814,0.868,859.866,,20.265,0,,-1,-1,,-1
999,Day,5.755,191.371,0,U_Amb_R,Practice,Expected,Red,Left,197.127,191.737,-4.814,0.868,860.041,,20.264,0,,-1,-1,,-1
999,Day,5.755,191.39,0,U_Amb_R,Practice,Expected,Red,Left,197.146,191.756,-4.813,0.868,860.214,,20.263,0,,-1,-1,,-1
999,Day,5.755,191.417,0,U_Amb_R,Practice,Expected,Red,Left,197.172,191.782,-4.813,0.868,860.449,,20.262,0,,-1,-1,,-1
999,Day,5.755,191.434,0,U_Amb_R,Practice,Expected,Red,Left,197.189,191.799,-4.812,0.868,860.61,,20.261,0,,-1,-1,,-1
999,Day,5.755,191.453,0,U_Amb_R,Practice,Expected,Red,Left,197.208,191.818,-4.812,0.868,860.779,,20.26,0,,-1,-1,,-1
999,Day,5.755,191.48,0,U_Amb_R,Practice,Expected,Red,Left,197.235,191.845,-4.811,0.868,861.016,,20.259,0,,-1,-1,,-1
999,Day,5.755,191.497,0,U_Amb_R,Practice,Expected,Red,Left,197.253,191.863,-4.811,0.868,861.185,,20.258,0,,-1,-1,,-1
999,Day,5.755,191.52,0,U_Amb_R,Practice,Expected,Red,Left,197.275,191.885,-4.81,0.868,861.389,,20.257,0,,-1,-1,,-1
999,Day,5.755,191.536,0,U_Amb_R,Practice,Expected,Red,Left,197.291,191.901,-4.81,0.868,861.535,,20.257,0,,-1,-1,,-1
999,Day,5.755,191.552,0,U_Amb_R,Practice,Expected,Red,Left,197.308,191.918,-4.809,0.868,861.682,,20.256,0,,-1,-1,,-1
999,Day,5.755,191.572,0,U_Amb_R,Practice,Expected,Red,Left,197.328,191.938,-4.809,0.868,861.864,,20.255,0,,-1,-1,,-1
999,Day,5.755,191.592,0,U_Amb_R,Practice,Expected,Red,Left,197.347,191.957,-4.808,0.868,862.04,,20.254,0,,-1,-1,,-1
999,Day,5.755,191.619,0,U_Amb_R,Practice,Expected,Red,Left,197.374,191.984,-4.808,0.868,862.277,,20.253,0,,-1,-1,,-1
999,Day,5.755,191.634,0,U_Amb_R,Practice,Expected,Red,Left,197.39,192,-4.807,0.868,862.426,,20.252,0,,-1,-1,,-1
999,Day,5.755,191.651,0,U_Amb_R,Practice,Expected,Red,Left,197.407,192.017,-4.807,0.868,862.581,,20.251,0,,-1,-1,,-1
999,Day,5.755,191.668,0,U_Amb_R,Practice,Expected,Red,Left,197.423,192.033,-4.806,0.868,862.731,,20.251,0,,-1,-1,,-1
999,Day,5.755,191.684,0,U_Amb_R,Practice,Expected,Red,Left,197.44,192.05,-4.806,0.868,862.88,,20.25,0,,-1,-1,,-1
999,Day,5.755,191.701,0,U_Amb_R,Practice,Expected,Red,Left,197.456,192.066,-4.806,0.868,863.026,,20.249,0,,-1,-1,,-1
999,Day,5.755,191.718,0,U_Amb_R,Practice,Expected,Red,Left,197.473,192.083,-4.805,0.868,863.18,,20.248,0,,-1,-1,,-1
999,Day,5.755,191.736,0,U_Amb_R,Practice,Expected,Red,Left,197.491,192.101,-4.805,0.868,863.339,,20.247,0,,-1,-1,,-1
999,Day,5.755,191.753,0,U_Amb_R,Practice,Expected,Red,Left,197.508,192.118,-4.804,0.868,863.5,,20.247,0,,-1,-1,,-1
999,Day,5.755,191.771,0,U_Amb_R,Practice,Expected,Red,Left,197.527,192.137,-4.804,0.868,863.668,,20.246,0,,-1,-1,,-1
999,Day,5.755,191.79,0,U_Amb_R,Practice,Expected,Red,Left,197.545,192.155,-4.803,0.868,863.832,,20.245,0,,-1,-1,,-1
999,Day,5.755,191.806,0,U_Amb_R,Practice,Expected,Red,Left,197.562,192.172,-4.803,0.868,863.982,,20.244,0,,-1,-1,,-1
999,Day,5.755,191.824,0,U_Amb_R,Practice,Expected,Red,Left,197.58,192.19,-4.802,0.868,864.147,,20.244,0,,-1,-1,,-1
999,Day,5.755,191.848,0,U_Amb_R,Practice,Expected,Red,Left,197.604,192.214,-4.802,0.868,864.347,,20.242,0,,-1,-1,,-1
999,Day,5.755,191.869,0,U_Amb_R,Practice,Expected,Red,Left,197.625,192.235,-4.801,0.868,864.554,,20.241,0,,-1,-1,,-1
999,Day,5.755,191.887,0,U_Amb_R,Practice,Expected,Red,Left,197.643,192.253,-4.801,0.868,864.715,,20.241,0,,-1,-1,,-1
999,Day,5.755,191.904,0,U_Amb_R,Practice,Expected,Red,Left,197.659,192.269,-4.8,0.868,864.862,,20.24,0,,-1,-1,,-1
999,Day,5.755,191.919,0,U_Amb_R,Practice,Expected,Red,Left,197.675,192.285,-4.8,0.868,865.001,,20.239,0,,-1,-1,,-1
999,Day,5.755,191.937,0,U_Amb_R,Practice,Expected,Red,Left,197.693,192.303,-4.799,0.868,865.163,,20.238,0,,-1,-1,,-1
999,Day,5.755,191.953,0,U_Amb_R,Practice,Expected,Red,Left,197.709,192.319,-4.799,0.868,865.313,,20.238,0,,-1,-1,,-1
999,Day,5.755,191.975,0,U_Amb_R,Practice,Expected,Red,Left,197.73,192.34,-4.798,0.868,865.5,,20.237,0,,-1,-1,,-1
999,Day,5.755,191.998,0,U_Amb_R,Practice,Expected,Red,Left,197.753,192.363,-4.798,0.868,865.706,,20.235,0,,-1,-1,,-1
999,Day,5.755,192.024,0,U_Amb_R,Practice,Expected,Red,Left,197.779,192.389,-4.797,0.868,865.945,,20.235,0,,-1,-1,,-1
999,Day,5.755,192.045,0,U_Amb_R,Practice,Expected,Red,Left,197.8,192.41,-4.797,0.868,866.136,,20.233,0,,-1,-1,,-1
999,Day,5.755,192.067,0,U_Amb_R,Practice,Expected,Red,Left,197.822,192.432,-4.796,0.868,866.339,,20.232,0,,-1,-1,,-1
999,Day,5.755,192.083,0,U_Amb_R,Practice,Expected,Red,Left,197.838,192.448,-4.796,0.868,866.486,,20.232,0,,-1,-1,,-1
999,Day,5.755,192.1,0,U_Amb_R,Practice,Expected,Red,Left,197.856,192.466,-4.795,0.868,866.644,,20.231,0,,-1,-1,,-1
999,Day,5.755,192.117,0,U_Amb_R,Practice,Expected,Red,Left,197.872,192.482,-4.795,0.868,866.786,,20.23,0,,-1,-1,,-1
999,Day,5.755,192.136,0,U_Amb_R,Practice,Expected,Red,Left,197.892,192.502,-4.794,0.868,866.966,,20.229,0,,-1,-1,,-1
999,Day,5.755,192.155,0,U_Amb_R,Practice,Expected,Red,Left,197.911,192.521,-4.794,0.868,867.139,,20.228,0,,-1,-1,,-1
999,Day,5.755,192.172,0,U_Amb_R,Practice,Expected,Red,Left,197.928,192.538,-4.793,0.868,867.292,,20.228,0,,-1,-1,,-1
999,Day,5.755,192.189,0,U_Amb_R,Practice,Expected,Red,Left,197.944,192.554,-4.793,0.868,867.439,,20.227,0,,-1,-1,,-1
999,Day,5.755,192.205,0,U_Amb_R,Practice,Expected,Red,Left,197.96,192.57,-4.793,0.868,867.588,,20.226,0,,-1,-1,,-1
999,Day,5.755,192.223,0,U_Amb_R,Practice,Expected,Red,Left,197.978,192.588,-4.792,0.868,867.747,,20.225,0,,-1,-1,,-1
999,Day,5.755,192.24,0,U_Amb_R,Practice,Expected,Red,Left,197.996,192.606,-4.792,0.868,867.904,,20.225,0,,-1,-1,,-1
999,Day,5.755,192.257,0,U_Amb_R,Practice,Expected,Red,Left,198.012,192.622,-4.791,0.868,868.058,,20.224,0,,-1,-1,,-1
999,Day,5.755,192.276,0,U_Amb_R,Practice,Expected,Red,Left,198.032,192.642,-4.791,0.868,868.226,,20.223,0,,-1,-1,,-1
999,Day,5.755,192.296,0,U_Amb_R,Practice,Expected,Red,Left,198.051,192.661,-4.79,0.868,868.397,,20.222,0,,-1,-1,,-1
999,Day,5.755,192.312,0,U_Amb_R,Practice,Expected,Red,Left,198.068,192.678,-4.79,0.868,868.557,,20.221,0,,-1,-1,,-1
999,Day,5.755,192.33,0,U_Amb_R,Practice,Expected,Red,Left,198.086,192.696,-4.789,0.868,868.718,,20.22,0,,-1,-1,,-1
999,Day,5.755,192.348,0,U_Amb_R,Practice,Expected,Red,Left,198.104,192.714,-4.789,0.868,868.881,,20.219,0,,-1,-1,,-1
999,Day,5.755,192.38,0,U_Amb_R,Practice,Expected,Red,Left,198.136,192.746,-4.788,0.868,869.164,,20.218,0,,-1,-1,,-1
999,Day,5.755,192.408,0,U_Amb_R,Practice,Expected,Red,Left,198.164,192.774,-4.787,0.868,869.425,,20.217,0,,-1,-1,,-1
999,Day,5.755,192.429,0,U_Amb_R,Practice,Expected,Red,Left,198.184,192.794,-4.787,0.868,869.602,,20.216,0,,-1,-1,,-1
999,Day,5.755,192.453,0,U_Amb_R,Practice,Expected,Red,Left,198.208,192.818,-4.786,0.868,869.825,,20.215,0,,-1,-1,,-1
999,Day,5.755,192.471,0,U_Amb_R,Practice,Expected,Red,Left,198.227,192.837,-4.786,0.868,869.999,,20.214,0,,-1,-1,,-1
999,Day,5.755,192.492,0,U_Amb_R,Practice,Expected,Red,Left,198.247,192.857,-4.785,0.868,870.172,,20.213,0,,-1,-1,,-1
999,Day,5.755,192.507,0,U_Amb_R,Practice,Expected,Red,Left,198.263,192.873,-4.785,0.868,870.321,,20.213,0,,-1,-1,,-1
999,Day,5.755,192.524,0,U_Amb_R,Practice,Expected,Red,Left,198.279,192.889,-4.784,0.868,870.471,,20.212,0,,-1,-1,,-1
999,Day,5.755,192.54,0,U_Amb_R,Practice,Expected,Red,Left,198.295,192.905,-4.784,0.868,870.614,,20.211,0,,-1,-1,,-1
999,Day,5.755,192.556,0,U_Amb_R,Practice,Expected,Red,Left,198.311,192.921,-4.784,0.868,870.761,,20.21,0,,-1,-1,,-1
999,Day,5.755,192.574,0,U_Amb_R,Practice,Expected,Red,Left,198.33,192.94,-4.783,0.868,870.922,,20.21,0,,-1,-1,,-1
999,Day,5.755,192.59,0,U_Amb_R,Practice,Expected,Red,Left,198.346,192.956,-4.783,0.868,871.072,,20.209,0,,-1,-1,,-1
999,Day,5.755,192.61,0,U_Amb_R,Practice,Expected,Red,Left,198.365,192.975,-4.782,0.868,871.242,,20.208,0,,-1,-1,,-1
999,Day,5.755,192.628,0,U_Amb_R,Practice,Expected,Red,Left,198.383,192.993,-4.782,0.868,871.398,,20.206,0,,-1,-1,,-1
999,Day,5.755,192.645,0,U_Amb_R,Practice,Expected,Red,Left,198.4,193.01,-4.781,0.868,871.564,,20.206,0,,-1,-1,,-1
999,Day,5.755,192.664,0,U_Amb_R,Practice,Expected,Red,Left,198.419,193.029,-4.781,0.868,871.737,,20.205,0,,-1,-1,,-1
999,Day,5.755,192.681,0,U_Amb_R,Practice,Expected,Red,Left,198.437,193.047,-4.78,0.868,871.895,,20.204,0,,-1,-1,,-1
999,Day,5.755,192.701,0,U_Amb_R,Practice,Expected,Red,Left,198.456,193.066,-4.78,0.868,872.065,,20.203,0,,-1,-1,,-1
999,Day,5.755,192.717,0,U_Amb_R,Practice,Expected,Red,Left,198.473,193.083,-4.779,0.868,872.218,,20.203,0,,-1,-1,,-1
999,Day,5.755,192.735,0,U_Amb_R,Practice,Expected,Red,Left,198.49,193.1,-4.779,0.868,872.376,,20.202,0,,-1,-1,,-1
999,Day,5.755,192.753,0,U_Amb_R,Practice,Expected,Red,Left,198.508,193.118,-4.779,0.868,872.54,,20.201,0,,-1,-1,,-1
999,Day,5.755,192.771,0,U_Amb_R,Practice,Expected,Red,Left,198.526,193.136,-4.778,0.868,872.703,,20.2,0,,-1,-1,,-1
999,Day,5.755,192.795,0,U_Amb_R,Practice,Expected,Red,Left,198.55,193.16,-4.778,0.868,872.908,,20.199,0,,-1,-1,,-1
999,Day,5.755,192.815,0,U_Amb_R,Practice,Expected,Red,Left,198.571,193.181,-4.777,0.868,873.103,,20.198,0,,-1,-1,,-1
999,Day,5.755,192.832,0,U_Amb_R,Practice,Expected,Red,Left,198.587,193.197,-4.777,0.868,873.251,,20.197,0,,-1,-1,,-1
999,Day,5.755,192.848,0,U_Amb_R,Practice,Expected,Red,Left,198.604,193.214,-4.776,0.868,873.401,,20.197,0,,-1,-1,,-1
999,Day,5.755,192.866,0,U_Amb_R,Practice,Expected,Red,Left,198.621,193.231,-4.776,0.868,873.554,,20.196,0,,-1,-1,,-1
999,Day,5.755,192.883,0,U_Amb_R,Practice,Expected,Red,Left,198.639,193.249,-4.775,0.868,873.71,,20.195,0,,-1,-1,,-1
999,Day,5.755,192.997,0,U_Amb_R,Practice,Expected,Red,Left,198.753,193.363,-4.772,0.868,874.693,,20.191,0,,-1,-1,,-1
999,Day,5.755,193.03,0,U_Amb_R,Practice,Expected,Red,Left,198.786,193.396,-4.772,0.868,875.023,,20.188,0,,-1,-1,,-1
999,Day,5.755,193.047,0,U_Amb_R,Practice,Expected,Red,Left,198.803,193.413,-4.771,0.868,875.195,,20.188,0,,-1,-1,,-1
999,Day,5.755,193.065,0,U_Amb_R,Practice,Expected,Red,Left,198.821,193.431,-4.771,0.868,875.356,,20.187,0,,-1,-1,,-1
999,Day,5.755,193.081,0,U_Amb_R,Practice,Expected,Red,Left,198.836,193.446,-4.77,0.868,875.501,,20.186,0,,-1,-1,,-1
999,Day,5.755,193.099,0,U_Amb_R,Practice,Expected,Red,Left,198.854,193.464,-4.77,0.868,875.665,,20.185,0,,-1,-1,,-1
999,Day,5.755,193.117,0,U_Amb_R,Practice,Expected,Red,Left,198.872,193.482,-4.769,0.868,875.821,,20.185,0,,-1,-1,,-1
999,Day,5.755,193.135,0,U_Amb_R,Practice,Expected,Red,Left,198.89,193.5,-4.769,0.868,875.969,,20.184,0,,-1,-1,,-1
999,Day,5.755,193.152,0,U_Amb_R,Practice,Expected,Red,Left,198.907,193.517,-4.768,0.868,876.137,,20.183,0,,-1,-1,,-1
999,Day,5.755,193.169,0,U_Amb_R,Practice,Expected,Red,Left,198.925,193.535,-4.768,0.868,876.302,,20.182,0,,-1,-1,,-1
999,Day,5.755,193.192,0,U_Amb_R,Practice,Expected,Red,Left,198.947,193.557,-4.767,0.868,876.491,,20.181,0,,-1,-1,,-1
999,Day,5.755,193.217,0,U_Amb_R,Practice,Expected,Red,Left,198.973,193.583,-4.767,0.868,876.723,,20.18,0,,-1,-1,,-1
999,Day,5.755,193.235,0,U_Amb_R,Practice,Expected,Red,Left,198.991,193.601,-4.766,0.868,876.892,,20.179,0,,-1,-1,,-1
999,Day,5.755,193.254,0,U_Amb_R,Practice,Expected,Red,Left,199.009,193.619,-4.766,0.868,877.064,,20.178,0,,-1,-1,,-1
999,Day,5.755,193.272,0,U_Amb_R,Practice,Expected,Red,Left,199.028,193.638,-4.765,0.868,877.229,,20.178,0,,-1,-1,,-1
999,Day,5.755,193.291,0,U_Amb_R,Practice,Expected,Red,Left,199.046,193.656,-4.765,0.868,877.382,,20.177,0,,-1,-1,,-1
999,Day,5.755,193.308,0,U_Amb_R,Practice,Expected,Red,Left,199.064,193.674,-4.764,0.868,877.544,,20.176,0,,-1,-1,,-1
999,Day,5.755,193.327,0,U_Amb_R,Practice,Expected,Red,Left,199.082,193.693,-4.764,0.868,877.713,,20.175,0,,-1,-1,,-1
999,Day,5.755,193.348,0,U_Amb_R,Practice,Expected,Red,Left,199.103,193.713,-4.763,0.868,877.889,,20.174,0,,-1,-1,,-1
999,Day,5.755,193.365,0,U_Amb_R,Practice,Expected,Red,Left,199.121,193.731,-4.763,0.868,878.067,,20.173,0,,-1,-1,,-1
999,Day,5.755,193.385,0,U_Amb_R,Practice,Expected,Red,Left,199.141,193.751,-4.762,0.868,878.244,,20.172,0,,-1,-1,,-1
999,Day,5.755,193.406,0,U_Amb_R,Practice,Expected,Red,Left,199.162,193.772,-4.762,0.868,878.434,,20.172,0,,-1,-1,,-1
999,Day,5.755,193.425,0,U_Amb_R,Practice,Expected,Red,Left,199.181,193.791,-4.761,0.868,878.599,,20.171,0,,-1,-1,,-1
999,Day,5.755,193.446,0,U_Amb_R,Practice,Expected,Red,Left,199.201,193.811,-4.761,0.868,878.777,,20.169,0,,-1,-1,,-1
999,Day,5.755,193.462,0,U_Amb_R,Practice,Expected,Red,Left,199.217,193.827,-4.76,0.868,878.929,,20.169,0,,-1,-1,,-1
999,Day,5.755,193.478,0,U_Amb_R,Practice,Expected,Red,Left,199.233,193.843,-4.76,0.868,879.077,,20.168,0,,-1,-1,,-1
999,Day,5.755,193.496,0,U_Amb_R,Practice,Expected,Red,Left,199.251,193.861,-4.76,0.868,879.237,,20.167,0,,-1,-1,,-1
999,Day,5.755,193.511,0,U_Amb_R,Practice,Expected,Red,Left,199.267,193.877,-4.759,0.868,879.384,,20.166,0,,-1,-1,,-1
999,Day,5.755,193.531,0,U_Amb_R,Practice,Expected,Red,Left,199.286,193.896,-4.759,0.868,879.554,,20.166,0,,-1,-1,,-1
999,Day,5.755,193.551,0,U_Amb_R,Practice,Expected,Red,Left,199.306,193.916,-4.758,0.868,879.741,,20.165,0,,-1,-1,,-1
999,Day,5.755,193.582,0,U_Amb_R,Practice,Expected,Red,Left,199.337,193.947,-4.757,0.868,880.016,,20.163,0,,-1,-1,,-1
999,Day,5.755,193.606,0,U_Amb_R,Practice,Expected,Red,Left,199.361,193.971,-4.757,0.868,880.234,,20.163,0,,-1,-1,,-1
999,Day,5.755,193.626,0,U_Amb_R,Practice,Expected,Red,Left,199.382,193.992,-4.756,0.868,880.412,,20.162,0,,-1,-1,,-1
999,Day,5.755,193.643,0,U_Amb_R,Practice,Expected,Red,Left,199.398,194.008,-4.756,0.868,880.565,,20.161,0,,-1,-1,,-1
999,Day,5.755,193.658,0,U_Amb_R,Practice,Expected,Red,Left,199.414,194.024,-4.755,0.868,880.709,,20.16,0,,-1,-1,,-1
999,Day,5.755,193.674,0,U_Amb_R,Practice,Expected,Red,Left,199.43,194.04,-4.755,0.868,880.848,,20.16,0,,-1,-1,,-1
999,Day,5.755,193.69,0,U_Amb_R,Practice,Expected,Red,Left,199.446,194.056,-4.755,0.868,880.993,,20.159,0,,-1,-1,,-1
999,Day,5.755,193.707,0,U_Amb_R,Practice,Expected,Red,Left,199.462,194.072,-4.754,0.868,881.144,,20.158,0,,-1,-1,,-1
999,Day,5.755,193.725,0,U_Amb_R,Practice,Expected,Red,Left,199.48,194.09,-4.754,0.868,881.304,,20.157,0,,-1,-1,,-1
999,Day,5.755,193.746,0,U_Amb_R,Practice,Expected,Red,Left,199.502,194.112,-4.753,0.868,881.494,,20.156,0,,-1,-1,,-1
999,Day,5.755,193.769,0,U_Amb_R,Practice,Expected,Red,Left,199.524,194.134,-4.753,0.868,881.699,,20.155,0,,-1,-1,,-1
999,Day,5.755,193.787,0,U_Amb_R,Practice,Expected,Red,Left,199.542,194.152,-4.752,0.868,881.86,,20.154,0,,-1,-1,,-1
999,Day,5.755,193.803,0,U_Amb_R,Practice,Expected,Red,Left,199.558,194.168,-4.752,0.868,882.009,,20.153,0,,-1,-1,,-1
999,Day,5.755,193.821,0,U_Amb_R,Practice,Expected,Red,Left,199.576,194.186,-4.751,0.868,882.172,,20.153,0,,-1,-1,,-1
999,Day,5.755,193.839,0,U_Amb_R,Practice,Expected,Red,Left,199.594,194.205,-4.751,0.868,882.333,,20.152,0,,-1,-1,,-1
999,Day,5.755,193.856,0,U_Amb_R,Practice,Expected,Red,Left,199.611,194.221,-4.75,0.868,882.484,,20.151,0,,-1,-1,,-1
999,Day,5.755,193.873,0,U_Amb_R,Practice,Expected,Red,Left,199.628,194.238,-4.75,0.868,882.642,,20.15,0,,-1,-1,,-1
999,Day,5.755,193.891,0,U_Amb_R,Practice,Expected,Red,Left,199.646,194.256,-4.749,0.868,882.803,,20.15,0,,-1,-1,,-1
999,Day,5.755,193.91,0,U_Amb_R,Practice,Expected,Red,Left,199.665,194.275,-4.749,0.868,882.971,,20.149,0,,-1,-1,,-1
999,Day,5.755,193.928,0,U_Amb_R,Practice,Expected,Red,Left,199.683,194.293,-4.749,0.868,883.126,,20.147,0,,-1,-1,,-1
999,Day,5.755,193.945,0,U_Amb_R,Practice,Expected,Red,Left,199.7,194.31,-4.748,0.868,883.288,,20.147,0,,-1,-1,,-1
999,Day,5.755,193.967,0,U_Amb_R,Practice,Expected,Red,Left,199.723,194.333,-4.748,0.868,883.489,,20.146,0,,-1,-1,,-1
999,Day,5.755,193.984,0,U_Amb_R,Practice,Expected,Red,Left,199.739,194.349,-4.747,0.868,883.637,,20.145,0,,-1,-1,,-1
999,Day,5.755,194.002,0,U_Amb_R,Practice,Expected,Red,Left,199.757,194.367,-4.747,0.868,883.803,,20.144,0,,-1,-1,,-1
999,Day,5.755,194.019,0,U_Amb_R,Practice,Expected,Red,Left,199.774,194.384,-4.746,0.868,883.958,,20.144,0,,-1,-1,,-1
999,Day,5.755,194.039,0,U_Amb_R,Practice,Expected,Red,Left,199.795,194.405,-4.746,0.868,884.135,,20.143,0,,-1,-1,,-1
999,Day,5.755,194.056,0,U_Amb_R,Practice,Expected,Red,Left,199.811,194.421,-4.745,0.868,884.283,,20.142,0,,-1,-1,,-1
999,Day,5.755,194.074,0,U_Amb_R,Practice,Expected,Red,Left,199.829,194.44,-4.745,0.868,884.446,,20.141,0,,-1,-1,,-1
999,Day,5.755,194.092,0,U_Amb_R,Practice,Expected,Red,Left,199.847,194.457,-4.744,0.868,884.606,,20.141,0,,-1,-1,,-1
999,Day,5.755,194.11,0,U_Amb_R,Practice,Expected,Red,Left,199.865,194.475,-4.744,0.868,884.771,,20.14,0,,-1,-1,,-1
999,Day,5.755,194.129,0,U_Amb_R,Practice,Expected,Red,Left,199.885,194.495,-4.743,0.868,884.939,,20.138,0,,-1,-1,,-1
999,Day,5.755,194.146,0,U_Amb_R,Practice,Expected,Red,Left,199.902,194.512,-4.743,0.868,885.1,,20.138,0,,-1,-1,,-1
999,Day,5.755,194.167,0,U_Amb_R,Practice,Expected,Red,Left,199.922,194.532,-4.742,0.868,885.283,,20.137,0,,-1,-1,,-1
999,Day,5.755,194.182,0,U_Amb_R,Practice,Expected,Red,Left,199.938,194.548,-4.742,0.868,885.429,,20.136,0,,-1,-1,,-1
999,Day,5.755,194.201,0,U_Amb_R,Practice,Expected,Red,Left,199.957,194.567,-4.742,0.868,885.597,,20.135,0,,-1,-1,,-1
999,Day,5.755,194.219,0,U_Amb_R,Practice,Expected,Red,Left,199.975,194.585,-4.741,0.868,885.756,,20.135,0,,-1,-1,,-1
999,Day,5.755,194.236,0,U_Amb_R,Practice,Expected,Red,Left,199.991,194.601,-4.741,0.868,885.909,,20.134,0,,-1,-1,,-1
999,Day,5.755,194.254,0,U_Amb_R,Practice,Expected,Red,Left,200.009,194.619,-4.74,0.868,886.071,,20.133,0,,-1,-1,,-1
999,Day,5.755,194.275,0,U_Amb_R,Practice,Expected,Red,Left,200.03,194.64,-4.74,0.868,886.254,,20.132,0,,-1,-1,,-1
999,Day,5.755,194.3,0,U_Amb_R,Practice,Expected,Red,Left,200.055,194.666,-4.739,0.868,886.478,,20.131,0,,-1,-1,,-1
999,Day,5.755,194.325,0,U_Amb_R,Practice,Expected,Red,Left,200.08,194.69,-4.738,0.868,886.71,,20.13,0,,-1,-1,,-1
999,Day,5.755,194.348,0,U_Amb_R,Practice,Expected,Red,Left,200.103,194.713,-4.738,0.868,886.907,,20.129,0,,-1,-1,,-1
999,Day,5.755,194.363,0,U_Amb_R,Practice,Expected,Red,Left,200.118,194.728,-4.737,0.868,887.051,,20.128,0,,-1,-1,,-1
999,Day,5.755,194.379,0,U_Amb_R,Practice,Expected,Red,Left,200.135,194.745,-4.737,0.868,887.2,,20.127,0,,-1,-1,,-1
999,Day,5.755,194.396,0,U_Amb_R,Practice,Expected,Red,Left,200.151,194.761,-4.737,0.868,887.347,,20.126,0,,-1,-1,,-1
999,Day,5.755,194.413,0,U_Amb_R,Practice,Expected,Red,Left,200.168,194.778,-4.736,0.868,887.495,,20.126,0,,-1,-1,,-1
999,Day,5.755,194.432,0,U_Amb_R,Practice,Expected,Red,Left,200.187,194.797,-4.736,0.868,887.674,,20.125,0,,-1,-1,,-1
999,Day,5.755,194.454,0,U_Amb_R,Practice,Expected,Red,Left,200.209,194.82,-4.735,0.868,887.872,,20.124,0,,-1,-1,,-1
999,Day,5.755,194.471,0,U_Amb_R,Practice,Expected,Red,Left,200.226,194.836,-4.735,0.868,888.024,,20.123,0,,-1,-1,,-1
999,Day,5.755,194.49,0,U_Amb_R,Practice,Expected,Red,Left,200.246,194.856,-4.734,0.868,888.198,,20.123,0,,-1,-1,,-1
999,Day,5.755,194.508,0,U_Amb_R,Practice,Expected,Red,Left,200.263,194.873,-4.734,0.868,888.356,,20.122,0,,-1,-1,,-1
999,Day,5.755,194.524,0,U_Amb_R,Practice,Expected,Red,Left,200.279,194.889,-4.733,0.868,888.494,,20.121,0,,-1,-1,,-1
999,Day,5.755,194.543,0,U_Amb_R,Practice,Expected,Red,Left,200.298,194.908,-4.733,0.868,888.666,,20.12,0,,-1,-1,,-1
999,Day,5.755,194.559,0,U_Amb_R,Practice,Expected,Red,Left,200.315,194.925,-4.732,0.868,888.813,,20.119,0,,-1,-1,,-1
999,Day,5.755,194.577,0,U_Amb_R,Practice,Expected,Red,Left,200.332,194.942,-4.732,0.868,888.972,,20.119,0,,-1,-1,,-1
999,Day,5.755,194.596,0,U_Amb_R,Practice,Expected,Red,Left,200.351,194.961,-4.732,0.868,889.131,,20.117,0,,-1,-1,,-1
999,Day,5.755,194.612,0,U_Amb_R,Practice,Expected,Red,Left,200.367,194.977,-4.731,0.868,889.294,,20.116,0,,-1,-1,,-1
999,Day,5.755,194.635,0,U_Amb_R,Practice,Expected,Red,Left,200.391,195.001,-4.731,0.868,889.5,,20.116,0,,-1,-1,,-1
999,Day,5.755,194.666,0,U_Amb_R,Practice,Expected,Red,Left,200.422,195.032,-4.73,0.868,889.773,,20.114,0,,-1,-1,,-1
999,Day,5.755,194.688,0,U_Amb_R,Practice,Expected,Red,Left,200.443,195.053,-4.729,0.868,889.97,,20.113,0,,-1,-1,,-1
999,Day,5.755,194.703,0,U_Amb_R,Practice,Expected,Red,Left,200.459,195.069,-4.729,0.868,890.115,,20.113,0,,-1,-1,,-1
999,Day,5.755,194.722,0,U_Amb_R,Practice,Expected,Red,Left,200.477,195.088,-4.728,0.868,890.283,,20.112,0,,-1,-1,,-1
999,Day,5.755,194.741,0,U_Amb_R,Practice,Expected,Red,Left,200.496,195.106,-4.728,0.868,890.447,,20.111,0,,-1,-1,,-1
999,Day,5.755,194.757,0,U_Amb_R,Practice,Expected,Red,Left,200.512,195.122,-4.727,0.868,890.596,,20.11,0,,-1,-1,,-1
999,Day,5.755,194.774,0,U_Amb_R,Practice,Expected,Red,Left,200.529,195.139,-4.727,0.868,890.747,,20.11,0,,-1,-1,,-1
999,Day,5.755,194.79,0,U_Amb_R,Practice,Expected,Red,Left,200.545,195.155,-4.727,0.868,890.891,,20.109,0,,-1,-1,,-1
999,Day,5.755,194.806,0,U_Amb_R,Practice,Expected,Red,Left,200.562,195.172,-4.726,0.868,891.035,,20.108,0,,-1,-1,,-1
999,Day,5.755,194.823,0,U_Amb_R,Practice,Expected,Red,Left,200.579,195.189,-4.726,0.868,891.19,,20.107,0,,-1,-1,,-1
999,Day,5.755,194.84,0,U_Amb_R,Practice,Expected,Red,Left,200.595,195.205,-4.725,0.868,891.343,,20.107,0,,-1,-1,,-1
999,Day,5.755,194.862,0,U_Amb_R,Practice,Expected,Red,Left,200.618,195.228,-4.725,0.868,891.524,,20.105,0,,-1,-1,,-1
999,Day,5.755,194.878,0,U_Amb_R,Practice,Expected,Red,Left,200.634,195.244,-4.724,0.868,891.686,,20.104,0,,-1,-1,,-1
999,Day,5.755,194.895,0,U_Amb_R,Practice,Expected,Red,Left,200.65,195.26,-4.724,0.868,891.839,,20.104,0,,-1,-1,,-1
999,Day,5.755,194.915,0,U_Amb_R,Practice,Expected,Red,Left,200.67,195.28,-4.723,0.868,892.013,,20.103,0,,-1,-1,,-1
999,Day,5.755,194.931,0,U_Amb_R,Practice,Expected,Red,Left,200.686,195.296,-4.723,0.868,892.161,,20.102,0,,-1,-1,,-1
999,Day,5.755,194.95,0,U_Amb_R,Practice,Expected,Red,Left,200.706,195.316,-4.722,0.868,892.332,,20.101,0,,-1,-1,,-1
999,Day,5.755,194.968,0,U_Amb_R,Practice,Expected,Red,Left,200.723,195.333,-4.722,0.868,892.49,,20.101,0,,-1,-1,,-1
999,Day,5.755,194.984,0,U_Amb_R,Practice,Expected,Red,Left,200.74,195.35,-4.722,0.868,892.642,,20.1,0,,-1,-1,,-1
999,Day,5.755,195.004,0,U_Amb_R,Practice,Expected,Red,Left,200.76,195.37,-4.721,0.868,892.814,,20.099,0,,-1,-1,,-1
999,Day,5.755,195.025,0,U_Amb_R,Practice,Expected,Red,Left,200.78,195.39,-4.721,0.868,892.999,,20.098,0,,-1,-1,,-1
999,Day,5.755,195.04,0,U_Amb_R,Practice,Expected,Red,Left,200.795,195.405,-4.72,0.868,893.137,,20.098,0,,-1,-1,,-1
999,Day,5.755,195.056,0,U_Amb_R,Practice,Expected,Red,Left,200.812,195.422,-4.72,0.868,893.288,,20.097,0,,-1,-1,,-1
999,Day,5.755,195.076,0,U_Amb_R,Practice,Expected,Red,Left,200.832,195.442,-4.719,0.868,893.458,,20.096,0,,-1,-1,,-1
999,Day,5.755,195.098,0,U_Amb_R,Practice,Expected,Red,Left,200.854,195.464,-4.719,0.868,893.658,,20.095,0,,-1,-1,,-1
999,Day,5.755,195.122,0,U_Amb_R,Practice,Expected,Red,Left,200.877,195.487,-4.718,0.868,893.875,,20.094,0,,-1,-1,,-1
999,Day,5.755,195.14,0,U_Amb_R,Practice,Expected,Red,Left,200.895,195.505,-4.718,0.868,894.035,,20.093,0,,-1,-1,,-1
999,Day,5.755,195.157,0,U_Amb_R,Practice,Expected,Red,Left,200.912,195.522,-4.717,0.868,894.19,,20.092,0,,-1,-1,,-1
999,Day,5.755,195.174,0,U_Amb_R,Practice,Expected,Red,Left,200.93,195.54,-4.717,0.868,894.347,,20.092,0,,-1,-1,,-1
999,Day,5.755,195.193,0,U_Amb_R,Practice,Expected,Red,Left,200.948,195.558,-4.716,0.868,894.512,,20.091,0,,-1,-1,,-1
999,Day,5.755,195.211,0,U_Amb_R,Practice,Expected,Red,Left,200.966,195.576,-4.716,0.868,894.664,,20.089,0,,-1,-1,,-1
999,Day,5.755,195.23,0,U_Amb_R,Practice,Expected,Red,Left,200.985,195.595,-4.715,0.868,894.846,,20.089,0,,-1,-1,,-1
999,Day,5.755,195.248,0,U_Amb_R,Practice,Expected,Red,Left,201.003,195.613,-4.715,0.868,895.006,,20.088,0,,-1,-1,,-1
999,Day,5.755,195.265,0,U_Amb_R,Practice,Expected,Red,Left,201.021,195.631,-4.714,0.868,895.165,,20.087,0,,-1,-1,,-1
999,Day,5.755,195.283,0,U_Amb_R,Practice,Expected,Red,Left,201.039,195.649,-4.714,0.868,895.324,,20.086,0,,-1,-1,,-1
999,Day,5.755,195.302,0,U_Amb_R,Practice,Expected,Red,Left,201.058,195.668,-4.714,0.868,895.497,,20.086,0,,-1,-1,,-1
999,Day,5.755,195.321,0,U_Amb_R,Practice,Expected,Red,Left,201.077,195.687,-4.713,0.868,895.666,,20.085,0,,-1,-1,,-1
999,Day,5.755,195.34,0,U_Amb_R,Practice,Expected,Red,Left,201.095,195.705,-4.713,0.868,895.833,,20.084,0,,-1,-1,,-1
999,Day,5.755,195.359,0,U_Amb_R,Practice,Expected,Red,Left,201.114,195.724,-4.712,0.868,896.002,,20.083,0,,-1,-1,,-1
999,Day,5.755,195.376,0,U_Amb_R,Practice,Expected,Red,Left,201.131,195.741,-4.712,0.868,896.153,,20.083,0,,-1,-1,,-1
999,Day,5.755,195.395,0,U_Amb_R,Practice,Expected,Red,Left,201.151,195.761,-4.711,0.868,896.32,,20.081,0,,-1,-1,,-1
999,Day,5.755,195.413,0,U_Amb_R,Practice,Expected,Red,Left,201.169,195.779,-4.711,0.868,896.495,,20.08,0,,-1,-1,,-1
999,Day,5.755,195.435,0,U_Amb_R,Practice,Expected,Red,Left,201.19,195.8,-4.71,0.868,896.684,,20.08,0,,-1,-1,,-1
999,Day,5.755,195.464,0,U_Amb_R,Practice,Expected,Red,Left,201.219,195.829,-4.709,0.868,896.941,,20.078,0,,-1,-1,,-1
999,Day,5.755,195.485,0,U_Amb_R,Practice,Expected,Red,Left,201.241,195.851,-4.709,0.868,897.137,,20.077,0,,-1,-1,,-1
999,Day,5.755,195.508,0,U_Amb_R,Practice,Expected,Red,Left,201.263,195.873,-4.708,0.868,897.337,,20.077,0,,-1,-1,,-1
999,Day,5.755,195.527,0,U_Amb_R,Practice,Expected,Red,Left,201.282,195.892,-4.708,0.868,897.507,,20.076,0,,-1,-1,,-1
999,Day,5.755,195.548,0,U_Amb_R,Practice,Expected,Red,Left,201.304,195.914,-4.707,0.868,897.685,,20.074,0,,-1,-1,,-1
999,Day,5.755,195.567,0,U_Amb_R,Practice,Expected,Red,Left,201.322,195.932,-4.707,0.868,897.867,,20.074,0,,-1,-1,,-1
999,Day,5.755,195.584,0,U_Amb_R,Practice,Expected,Red,Left,201.34,195.95,-4.706,0.868,898.025,,20.073,0,,-1,-1,,-1
999,Day,5.755,195.602,0,U_Amb_R,Practice,Expected,Red,Left,201.358,195.968,-4.706,0.868,898.186,,20.072,0,,-1,-1,,-1
999,Day,5.755,195.621,0,U_Amb_R,Practice,Expected,Red,Left,201.377,195.987,-4.705,0.868,898.356,,20.071,0,,-1,-1,,-1
999,Day,5.755,195.639,0,U_Amb_R,Practice,Expected,Red,Left,201.394,196.004,-4.705,0.868,898.514,,20.07,0,,-1,-1,,-1
999,Day,5.755,195.657,0,U_Amb_R,Practice,Expected,Red,Left,201.412,196.022,-4.705,0.868,898.672,,20.07,0,,-1,-1,,-1
999,Day,5.755,195.674,0,U_Amb_R,Practice,Expected,Red,Left,201.43,196.04,-4.704,0.868,898.831,,20.069,0,,-1,-1,,-1
999,Day,5.755,195.692,0,U_Amb_R,Practice,Expected,Red,Left,201.447,196.057,-4.704,0.868,898.987,,20.068,0,,-1,-1,,-1
999,Day,5.755,195.713,0,U_Amb_R,Practice,Expected,Red,Left,201.468,196.078,-4.703,0.868,899.169,,20.067,0,,-1,-1,,-1
999,Day,5.755,195.731,0,U_Amb_R,Practice,Expected,Red,Left,201.486,196.096,-4.703,0.868,899.336,,20.066,0,,-1,-1,,-1
999,Day,5.755,195.748,0,U_Amb_R,Practice,Expected,Red,Left,201.504,196.114,-4.702,0.868,899.494,,20.065,0,,-1,-1,,-1
999,Day,5.755,195.766,0,U_Amb_R,Practice,Expected,Red,Left,201.522,196.132,-4.702,0.868,899.656,,20.064,0,,-1,-1,,-1
999,Day,5.755,195.785,0,U_Amb_R,Practice,Expected,Red,Left,201.541,196.151,-4.701,0.868,899.825,,20.064,0,,-1,-1,,-1
999,Day,5.755,195.805,0,U_Amb_R,Practice,Expected,Red,Left,201.56,196.17,-4.701,0.868,899.999,,20.063,0,,-1,-1,,-1
999,Day,5.755,195.824,0,U_Amb_R,Practice,Expected,Red,Left,201.58,196.19,-4.7,0.868,900.175,,20.062,0,,-1,-1,,-1
999,Day,5.755,195.842,0,U_Amb_R,Practice,Expected,Red,Left,201.598,196.208,-4.7,0.868,900.337,,20.061,0,,-1,-1,,-1
999,Day,5.755,195.861,0,U_Amb_R,Practice,Expected,Red,Left,201.616,196.227,-4.699,0.868,900.498,,20.06,0,,-1,-1,,-1
999,Day,5.755,195.88,0,U_Amb_R,Practice,Expected,Red,Left,201.635,196.245,-4.699,0.868,900.678,,20.059,0,,-1,-1,,-1
999,Day,5.755,195.898,0,U_Amb_R,Practice,Expected,Red,Left,201.653,196.264,-4.698,0.868,900.843,,20.058,0,,-1,-1,,-1
999,Day,5.755,195.918,0,U_Amb_R,Practice,Expected,Red,Left,201.673,196.283,-4.698,0.868,901.021,,20.058,0,,-1,-1,,-1
999,Day,5.755,195.936,0,U_Amb_R,Practice,Expected,Red,Left,201.692,196.302,-4.697,0.868,901.184,,20.057,0,,-1,-1,,-1
999,Day,5.755,195.955,0,U_Amb_R,Practice,Expected,Red,Left,201.71,196.32,-4.697,0.868,901.35,,20.056,0,,-1,-1,,-1
999,Day,5.755,195.974,0,U_Amb_R,Practice,Expected,Red,Left,201.73,196.34,-4.696,0.868,901.522,,20.055,0,,-1,-1,,-1
999,Day,5.755,195.992,0,U_Amb_R,Practice,Expected,Red,Left,201.748,196.358,-4.696,0.868,901.684,,20.055,0,,-1,-1,,-1
999,Day,5.755,196.011,0,U_Amb_R,Practice,Expected,Red,Left,201.767,196.377,-4.696,0.868,901.847,,20.053,0,,-1,-1,,-1
999,Day,5.755,196.03,0,U_Amb_R,Practice,Expected,Red,Left,201.785,196.395,-4.695,0.868,902.024,,20.052,0,,-1,-1,,-1
999,Day,5.755,196.048,0,U_Amb_R,Practice,Expected,Red,Left,201.803,196.413,-4.695,0.868,902.185,,20.052,0,,-1,-1,,-1
999,Day,5.755,196.066,0,U_Amb_R,Practice,Expected,Red,Left,201.822,196.432,-4.694,0.868,902.348,,20.051,0,,-1,-1,,-1
999,Day,5.755,196.088,0,U_Amb_R,Practice,Expected,Red,Left,201.843,196.453,-4.694,0.868,902.542,,20.05,0,,-1,-1,,-1
999,Day,5.755,196.107,0,U_Amb_R,Practice,Expected,Red,Left,201.862,196.472,-4.693,0.868,902.706,,20.049,0,,-1,-1,,-1
999,Day,5.755,196.126,0,U_Amb_R,Practice,Expected,Red,Left,201.881,196.491,-4.693,0.868,902.879,,20.049,0,,-1,-1,,-1
999,Day,5.755,196.149,0,U_Amb_R,Practice,Expected,Red,Left,201.904,196.514,-4.692,0.868,903.079,,20.047,0,,-1,-1,,-1
999,Day,5.755,196.172,0,U_Amb_R,Practice,Expected,Red,Left,201.927,196.537,-4.691,0.868,903.289,,20.046,0,,-1,-1,,-1
999,Day,5.755,196.191,0,U_Amb_R,Practice,Expected,Red,Left,201.946,196.556,-4.691,0.868,903.462,,20.046,0,,-1,-1,,-1
999,Day,5.755,196.213,0,U_Amb_R,Practice,Expected,Red,Left,201.969,196.579,-4.69,0.868,903.657,,20.044,0,,-1,-1,,-1
999,Day,5.755,196.239,0,U_Amb_R,Practice,Expected,Red,Left,201.994,196.604,-4.69,0.868,903.891,,20.043,0,,-1,-1,,-1
999,Day,5.755,196.256,0,U_Amb_R,Practice,Expected,Red,Left,202.012,196.622,-4.689,0.868,904.049,,20.043,0,,-1,-1,,-1
999,Day,5.755,196.274,0,U_Amb_R,Practice,Expected,Red,Left,202.029,196.639,-4.689,0.868,904.205,,20.042,0,,-1,-1,,-1
999,Day,5.755,196.3,0,U_Amb_R,Practice,Expected,Red,Left,202.055,196.665,-4.688,0.868,904.42,,20.04,0,,-1,-1,,-1
999,Day,5.755,196.335,0,U_Amb_R,Practice,Expected,Red,Left,202.091,196.701,-4.687,0.868,904.73,,20.039,0,,-1,-1,,-1
999,Day,5.755,196.371,0,U_Amb_R,Practice,Expected,Red,Left,202.127,196.737,-4.686,0.868,905.041,,20.037,0,,-1,-1,,-1
999,Day,5.755,196.395,0,U_Amb_R,Practice,Expected,Red,Left,202.151,196.761,-4.686,0.868,905.281,,20.036,0,,-1,-1,,-1
999,Day,5.755,196.418,0,U_Amb_R,Practice,Expected,Red,Left,202.173,196.783,-4.685,0.868,905.496,,20.035,0,,-1,-1,,-1
999,Day,5.755,196.435,0,U_Amb_R,Practice,Expected,Red,Left,202.191,196.801,-4.685,0.868,905.653,,20.034,0,,-1,-1,,-1
999,Day,5.755,196.459,0,U_Amb_R,Practice,Expected,Red,Left,202.214,196.824,-4.684,0.868,905.861,,20.034,0,,-1,-1,,-1
999,Day,5.755,196.475,0,U_Amb_R,Practice,Expected,Red,Left,202.231,196.841,-4.684,0.868,906.013,,20.033,0,,-1,-1,,-1
999,Day,5.755,196.492,0,U_Amb_R,Practice,Expected,Red,Left,202.247,196.857,-4.683,0.868,906.162,,20.032,0,,-1,-1,,-1
999,Day,5.755,196.509,0,U_Amb_R,Practice,Expected,Red,Left,202.264,196.874,-4.683,0.868,906.315,,20.031,0,,-1,-1,,-1
999,Day,5.755,196.527,0,U_Amb_R,Practice,Expected,Red,Left,202.282,196.892,-4.682,0.868,906.472,,20.03,0,,-1,-1,,-1
999,Day,5.755,196.541,0,U_Amb_R,Practice,Expected,Red,Left,202.297,196.907,-4.682,0.868,906.616,,20.03,0,,-1,-1,,-1
999,Day,5.755,196.558,0,U_Amb_R,Practice,Expected,Red,Left,202.313,196.923,-4.682,0.868,906.755,,20.029,0,,-1,-1,,-1
999,Day,5.755,196.579,0,U_Amb_R,Practice,Expected,Red,Left,202.334,196.944,-4.681,0.868,906.934,,20.028,0,,-1,-1,,-1
999,Day,5.755,196.605,0,U_Amb_R,Practice,Expected,Red,Left,202.36,196.97,-4.68,0.868,907.172,,20.027,0,,-1,-1,,-1
999,Day,5.755,196.633,0,U_Amb_R,Practice,Expected,Red,Left,202.388,196.998,-4.68,0.868,907.417,,20.025,0,,-1,-1,,-1
999,Day,5.755,196.649,0,U_Amb_R,Practice,Expected,Red,Left,202.405,197.015,-4.679,0.868,907.57,,20.025,0,,-1,-1,,-1
999,Day,5.755,196.666,0,U_Amb_R,Practice,Expected,Red,Left,202.422,197.032,-4.679,0.868,907.726,,20.024,0,,-1,-1,,-1
999,Day,5.755,196.684,0,U_Amb_R,Practice,Expected,Red,Left,202.439,197.049,-4.678,0.868,907.88,,20.023,0,,-1,-1,,-1
999,Day,5.755,196.7,0,U_Amb_R,Practice,Expected,Red,Left,202.456,197.066,-4.678,0.868,908.03,,20.022,0,,-1,-1,,-1
999,Day,5.755,196.717,0,U_Amb_R,Practice,Expected,Red,Left,202.473,197.083,-4.678,0.868,908.182,,20.022,0,,-1,-1,,-1
999,Day,5.755,196.735,0,U_Amb_R,Practice,Expected,Red,Left,202.49,197.1,-4.677,0.868,908.334,,20.021,0,,-1,-1,,-1
999,Day,5.755,196.751,0,U_Amb_R,Practice,Expected,Red,Left,202.506,197.116,-4.677,0.868,908.483,,20.02,0,,-1,-1,,-1
999,Day,5.755,196.769,0,U_Amb_R,Practice,Expected,Red,Left,202.525,197.135,-4.676,0.868,908.65,,20.019,0,,-1,-1,,-1
999,Day,5.755,196.788,0,U_Amb_R,Practice,Expected,Red,Left,202.543,197.153,-4.676,0.868,908.811,,20.019,0,,-1,-1,,-1
999,Day,5.755,196.806,0,U_Amb_R,Practice,Expected,Red,Left,202.561,197.171,-4.675,0.868,908.969,,20.018,0,,-1,-1,,-1
999,Day,5.755,196.823,0,U_Amb_R,Practice,Expected,Red,Left,202.578,197.188,-4.675,0.868,909.125,,20.017,0,,-1,-1,,-1
999,Day,5.755,196.841,0,U_Amb_R,Practice,Expected,Red,Left,202.597,197.207,-4.674,0.868,909.289,,20.016,0,,-1,-1,,-1
999,Day,5.755,196.858,0,U_Amb_R,Practice,Expected,Red,Left,202.614,197.224,-4.674,0.868,909.442,,20.016,0,,-1,-1,,-1
999,Day,5.755,196.88,0,U_Amb_R,Practice,Expected,Red,Left,202.635,197.245,-4.673,0.868,909.622,,20.014,0,,-1,-1,,-1
999,Day,5.755,196.896,0,U_Amb_R,Practice,Expected,Red,Left,202.652,197.262,-4.673,0.868,909.779,,20.013,0,,-1,-1,,-1
999,Day,5.755,196.915,0,U_Amb_R,Practice,Expected,Red,Left,202.67,197.28,-4.673,0.868,909.941,,20.013,0,,-1,-1,,-1
999,Day,5.755,196.931,0,U_Amb_R,Practice,Expected,Red,Left,202.686,197.296,-4.672,0.868,910.092,,20.012,0,,-1,-1,,-1
999,Day,5.755,196.95,0,U_Amb_R,Practice,Expected,Red,Left,202.706,197.316,-4.672,0.868,910.262,,20.011,0,,-1,-1,,-1
999,Day,5.755,196.967,0,U_Amb_R,Practice,Expected,Red,Left,202.722,197.332,-4.671,0.868,910.414,,20.01,0,,-1,-1,,-1
999,Day,5.755,196.985,0,U_Amb_R,Practice,Expected,Red,Left,202.74,197.35,-4.671,0.868,910.576,,20.01,0,,-1,-1,,-1
999,Day,5.755,197.002,0,U_Amb_R,Practice,Expected,Red,Left,202.758,197.368,-4.67,0.868,910.735,,20.009,0,,-1,-1,,-1
999,Day,5.755,197.02,0,U_Amb_R,Practice,Expected,Red,Left,202.776,197.386,-4.67,0.868,910.893,,20.008,0,,-1,-1,,-1
999,Day,5.755,197.037,0,U_Amb_R,Practice,Expected,Red,Left,202.792,197.402,-4.669,0.868,911.042,,20.007,0,,-1,-1,,-1
999,Day,5.755,197.056,0,U_Amb_R,Practice,Expected,Red,Left,202.811,197.421,-4.669,0.868,911.208,,20.007,0,,-1,-1,,-1
999,Day,5.755,197.073,0,U_Amb_R,Practice,Expected,Red,Left,202.828,197.438,-4.669,0.868,911.362,,20.006,0,,-1,-1,,-1
999,Day,5.755,197.089,0,U_Amb_R,Practice,Expected,Red,Left,202.845,197.455,-4.668,0.868,911.512,,20.005,0,,-1,-1,,-1
999,Day,5.755,197.107,0,U_Amb_R,Practice,Expected,Red,Left,202.863,197.473,-4.668,0.868,911.672,,20.004,0,,-1,-1,,-1
999,Day,5.755,197.132,0,U_Amb_R,Practice,Expected,Red,Left,202.888,197.498,-4.667,0.868,911.875,,20.003,0,,-1,-1,,-1
999,Day,5.755,197.149,0,U_Amb_R,Practice,Expected,Red,Left,202.904,197.514,-4.667,0.868,912.038,,20.002,0,,-1,-1,,-1
999,Day,5.755,197.165,0,U_Amb_R,Practice,Expected,Red,Left,202.92,197.53,-4.666,0.868,912.185,,20.001,0,,-1,-1,,-1
999,Day,5.755,197.182,0,U_Amb_R,Practice,Expected,Red,Left,202.937,197.548,-4.666,0.868,912.341,,20.001,0,,-1,-1,,-1
999,Day,5.755,197.201,0,U_Amb_R,Practice,Expected,Red,Left,202.957,197.567,-4.665,0.868,912.513,,20,0,,-1,-1,,-1
999,Day,5.755,197.22,0,U_Amb_R,Practice,Expected,Red,Left,202.975,197.586,-4.665,0.868,912.676,,19.999,0,,-1,-1,,-1
999,Day,5.755,197.237,0,U_Amb_R,Practice,Expected,Red,Left,202.993,197.603,-4.664,0.868,912.833,,19.998,0,,-1,-1,,-1
999,Day,5.755,197.256,0,U_Amb_R,Practice,Expected,Red,Left,203.011,197.621,-4.664,0.868,912.996,,19.998,0,,-1,-1,,-1
999,Day,5.755,197.272,0,U_Amb_R,Practice,Expected,Red,Left,203.027,197.637,-4.663,0.868,913.144,,19.997,0,,-1,-1,,-1
999,Day,5.755,197.29,0,U_Amb_R,Practice,Expected,Red,Left,203.046,197.656,-4.663,0.868,913.304,,19.996,0,,-1,-1,,-1
999,Day,5.755,197.308,0,U_Amb_R,Practice,Expected,Red,Left,203.063,197.673,-4.663,0.868,913.465,,19.995,0,,-1,-1,,-1
999,Day,5.755,197.328,0,U_Amb_R,Practice,Expected,Red,Left,203.084,197.694,-4.662,0.868,913.637,,19.994,0,,-1,-1,,-1
999,Day,5.755,197.345,0,U_Amb_R,Practice,Expected,Red,Left,203.101,197.711,-4.662,0.868,913.797,,19.993,0,,-1,-1,,-1
999,Day,5.755,197.364,0,U_Amb_R,Practice,Expected,Red,Left,203.119,197.729,-4.661,0.868,913.961,,19.992,0,,-1,-1,,-1
999,Day,5.755,197.38,0,U_Amb_R,Practice,Expected,Red,Left,203.136,197.746,-4.661,0.868,914.112,,19.992,0,,-1,-1,,-1
999,Day,5.755,197.399,0,U_Amb_R,Practice,Expected,Red,Left,203.154,197.764,-4.66,0.868,914.278,,19.991,0,,-1,-1,,-1
999,Day,5.755,197.418,0,U_Amb_R,Practice,Expected,Red,Left,203.173,197.783,-4.66,0.868,914.446,,19.99,0,,-1,-1,,-1
999,Day,5.755,197.435,0,U_Amb_R,Practice,Expected,Red,Left,203.19,197.8,-4.659,0.868,914.598,,19.989,0,,-1,-1,,-1
999,Day,5.755,197.453,0,U_Amb_R,Practice,Expected,Red,Left,203.208,197.818,-4.659,0.868,914.76,,19.989,0,,-1,-1,,-1
999,Day,5.755,197.47,0,U_Amb_R,Practice,Expected,Red,Left,203.226,197.836,-4.658,0.868,914.919,,19.988,0,,-1,-1,,-1
999,Day,5.755,197.489,0,U_Amb_R,Practice,Expected,Red,Left,203.244,197.854,-4.658,0.868,915.077,,19.987,0,,-1,-1,,-1
999,Day,5.755,197.506,0,U_Amb_R,Practice,Expected,Red,Left,203.261,197.871,-4.658,0.868,915.228,,19.986,0,,-1,-1,,-1
999,Day,5.755,197.524,0,U_Amb_R,Practice,Expected,Red,Left,203.28,197.89,-4.657,0.868,915.399,,19.986,0,,-1,-1,,-1
999,Day,5.755,197.543,0,U_Amb_R,Practice,Expected,Red,Left,203.298,197.909,-4.657,0.868,915.564,,19.985,0,,-1,-1,,-1
999,Day,5.755,197.563,0,U_Amb_R,Practice,Expected,Red,Left,203.318,197.928,-4.656,0.868,915.731,,19.983,0,,-1,-1,,-1
999,Day,5.755,197.58,0,U_Amb_R,Practice,Expected,Red,Left,203.335,197.945,-4.656,0.868,915.894,,19.983,0,,-1,-1,,-1
999,Day,5.755,197.599,0,U_Amb_R,Practice,Expected,Red,Left,203.354,197.964,-4.655,0.868,916.063,,19.982,0,,-1,-1,,-1
999,Day,5.755,197.618,0,U_Amb_R,Practice,Expected,Red,Left,203.373,197.983,-4.655,0.868,916.231,,19.981,0,,-1,-1,,-1
999,Day,5.755,197.636,0,U_Amb_R,Practice,Expected,Red,Left,203.392,198.002,-4.654,0.868,916.393,,19.98,0,,-1,-1,,-1
999,Day,5.755,197.657,0,U_Amb_R,Practice,Expected,Red,Left,203.413,198.023,-4.654,0.868,916.577,,19.98,0,,-1,-1,,-1
999,Day,5.755,197.675,0,U_Amb_R,Practice,Expected,Red,Left,203.43,198.04,-4.653,0.868,916.736,,19.979,0,,-1,-1,,-1
999,Day,5.755,197.69,0,U_Amb_R,Practice,Expected,Red,Left,203.446,198.056,-4.653,0.868,916.881,,19.978,0,,-1,-1,,-1
999,Day,5.755,197.708,0,U_Amb_R,Practice,Expected,Red,Left,203.464,198.074,-4.652,0.868,917.042,,19.977,0,,-1,-1,,-1
999,Day,5.755,197.728,0,U_Amb_R,Practice,Expected,Red,Left,203.484,198.094,-4.652,0.868,917.212,,19.976,0,,-1,-1,,-1
999,Day,5.755,197.745,0,U_Amb_R,Practice,Expected,Red,Left,203.5,198.11,-4.651,0.868,917.369,,19.975,0,,-1,-1,,-1
999,Day,5.755,197.765,0,U_Amb_R,Practice,Expected,Red,Left,203.521,198.131,-4.651,0.868,917.548,,19.974,0,,-1,-1,,-1
999,Day,5.755,197.781,0,U_Amb_R,Practice,Expected,Red,Left,203.537,198.147,-4.651,0.868,917.696,,19.974,0,,-1,-1,,-1
999,Day,5.755,197.801,0,U_Amb_R,Practice,Expected,Red,Left,203.556,198.166,-4.65,0.868,917.861,,19.973,0,,-1,-1,,-1
999,Day,5.755,197.818,0,U_Amb_R,Practice,Expected,Red,Left,203.574,198.184,-4.65,0.868,918.015,,19.972,0,,-1,-1,,-1
999,Day,5.755,197.838,0,U_Amb_R,Practice,Expected,Red,Left,203.593,198.203,-4.649,0.868,918.202,,19.971,0,,-1,-1,,-1
999,Day,5.755,197.857,0,U_Amb_R,Practice,Expected,Red,Left,203.613,198.223,-4.649,0.868,918.373,,19.971,0,,-1,-1,,-1
999,Day,5.755,197.878,0,U_Amb_R,Practice,Expected,Red,Left,203.634,198.244,-4.648,0.868,918.549,,19.969,0,,-1,-1,,-1
999,Day,5.755,197.895,0,U_Amb_R,Practice,Expected,Red,Left,203.651,198.261,-4.648,0.868,918.71,,19.968,0,,-1,-1,,-1
999,Day,5.755,197.914,0,U_Amb_R,Practice,Expected,Red,Left,203.67,198.28,-4.647,0.868,918.88,,19.968,0,,-1,-1,,-1
999,Day,5.755,197.933,0,U_Amb_R,Practice,Expected,Red,Left,203.688,198.298,-4.647,0.868,919.044,,19.967,0,,-1,-1,,-1
999,Day,5.755,197.95,0,U_Amb_R,Practice,Expected,Red,Left,203.706,198.316,-4.646,0.868,919.202,,19.966,0,,-1,-1,,-1
999,Day,5.755,197.968,0,U_Amb_R,Practice,Expected,Red,Left,203.723,198.333,-4.646,0.868,919.36,,19.965,0,,-1,-1,,-1
999,Day,5.755,197.986,0,U_Amb_R,Practice,Expected,Red,Left,203.742,198.352,-4.645,0.868,919.519,,19.965,0,,-1,-1,,-1
999,Day,5.755,198.003,0,U_Amb_R,Practice,Expected,Red,Left,203.759,198.369,-4.645,0.868,919.678,,19.964,0,,-1,-1,,-1
999,Day,5.755,198.021,0,U_Amb_R,Practice,Expected,Red,Left,203.777,198.387,-4.644,0.868,919.836,,19.963,0,,-1,-1,,-1
999,Day,5.755,198.039,0,U_Amb_R,Practice,Expected,Red,Left,203.794,198.404,-4.644,0.868,919.991,,19.962,0,,-1,-1,,-1
999,Day,5.755,198.056,0,U_Amb_R,Practice,Expected,Red,Left,203.811,198.421,-4.644,0.868,920.143,,19.962,0,,-1,-1,,-1
999,Day,5.755,198.074,0,U_Amb_R,Practice,Expected,Red,Left,203.829,198.439,-4.643,0.868,920.305,,19.961,0,,-1,-1,,-1
999,Day,5.755,198.093,0,U_Amb_R,Practice,Expected,Red,Left,203.849,198.459,-4.643,0.868,920.475,,19.96,0,,-1,-1,,-1
999,Day,5.755,198.112,0,U_Amb_R,Practice,Expected,Red,Left,203.867,198.477,-4.642,0.868,920.636,,19.959,0,,-1,-1,,-1
999,Day,5.755,198.129,0,U_Amb_R,Practice,Expected,Red,Left,203.885,198.495,-4.642,0.868,920.803,,19.958,0,,-1,-1,,-1
999,Day,5.755,198.149,0,U_Amb_R,Practice,Expected,Red,Left,203.904,198.514,-4.641,0.868,920.972,,19.957,0,,-1,-1,,-1
999,Day,5.755,198.166,0,U_Amb_R,Practice,Expected,Red,Left,203.922,198.532,-4.641,0.868,921.13,,19.956,0,,-1,-1,,-1
999,Day,5.755,198.19,0,U_Amb_R,Practice,Expected,Red,Left,203.945,198.555,-4.64,0.868,921.331,,19.956,0,,-1,-1,,-1
999,Day,5.755,198.241,0,U_Amb_R,Practice,Expected,Red,Left,203.997,198.607,-4.639,0.868,921.764,,19.953,0,,-1,-1,,-1
999,Day,5.755,198.271,0,U_Amb_R,Practice,Expected,Red,Left,204.026,198.636,-4.638,0.868,922.037,,19.952,0,,-1,-1,,-1
999,Day,5.755,198.293,0,U_Amb_R,Practice,Expected,Red,Left,204.048,198.658,-4.638,0.868,922.252,,19.951,0,,-1,-1,,-1
999,Day,5.755,198.309,0,U_Amb_R,Practice,Expected,Red,Left,204.065,198.675,-4.637,0.868,922.403,,19.95,0,,-1,-1,,-1
999,Day,5.755,198.326,0,U_Amb_R,Practice,Expected,Red,Left,204.082,198.692,-4.637,0.868,922.554,,19.95,0,,-1,-1,,-1
999,Day,5.755,198.342,0,U_Amb_R,Practice,Expected,Red,Left,204.097,198.707,-4.636,0.868,922.689,,19.949,0,,-1,-1,,-1
999,Day,5.755,198.357,0,U_Amb_R,Practice,Expected,Red,Left,204.112,198.722,-4.636,0.868,922.828,,19.948,0,,-1,-1,,-1
999,Day,5.755,198.374,0,U_Amb_R,Practice,Expected,Red,Left,204.129,198.739,-4.636,0.868,922.981,,19.947,0,,-1,-1,,-1
999,Day,5.755,198.395,0,U_Amb_R,Practice,Expected,Red,Left,204.151,198.761,-4.635,0.868,923.155,,19.946,0,,-1,-1,,-1
999,Day,5.755,198.411,0,U_Amb_R,Practice,Expected,Red,Left,204.167,198.777,-4.635,0.868,923.315,,19.945,0,,-1,-1,,-1
999,Day,5.755,198.43,0,U_Amb_R,Practice,Expected,Red,Left,204.186,198.796,-4.634,0.868,923.487,,19.944,0,,-1,-1,,-1
999,Day,5.755,198.45,0,U_Amb_R,Practice,Expected,Red,Left,204.206,198.816,-4.634,0.868,923.662,,19.944,0,,-1,-1,,-1
999,Day,5.755,198.47,0,U_Amb_R,Practice,Expected,Red,Left,204.225,198.835,-4.633,0.868,923.834,,19.943,0,,-1,-1,,-1
999,Day,5.755,198.487,0,U_Amb_R,Practice,Expected,Red,Left,204.242,198.852,-4.633,0.868,923.988,,19.942,0,,-1,-1,,-1
999,Day,5.755,198.507,0,U_Amb_R,Practice,Expected,Red,Left,204.263,198.873,-4.632,0.868,924.163,,19.941,0,,-1,-1,,-1
999,Day,5.755,198.525,0,U_Amb_R,Practice,Expected,Red,Left,204.281,198.891,-4.632,0.868,924.328,,19.941,0,,-1,-1,,-1
999,Day,5.755,198.545,0,U_Amb_R,Practice,Expected,Red,Left,204.3,198.91,-4.631,0.868,924.497,,19.939,0,,-1,-1,,-1
999,Day,5.755,198.563,0,U_Amb_R,Practice,Expected,Red,Left,204.318,198.928,-4.631,0.868,924.664,,19.938,0,,-1,-1,,-1
999,Day,5.755,198.582,0,U_Amb_R,Practice,Expected,Red,Left,204.338,198.948,-4.63,0.868,924.836,,19.938,0,,-1,-1,,-1
999,Day,5.755,198.602,0,U_Amb_R,Practice,Expected,Red,Left,204.358,198.968,-4.63,0.868,925.014,,19.937,0,,-1,-1,,-1
999,Day,5.755,198.62,0,U_Amb_R,Practice,Expected,Red,Left,204.375,198.985,-4.629,0.868,925.166,,19.936,0,,-1,-1,,-1
999,Day,5.755,198.638,0,U_Amb_R,Practice,Expected,Red,Left,204.394,199.004,-4.629,0.868,925.333,,19.935,0,,-1,-1,,-1
999,Day,5.755,198.656,0,U_Amb_R,Practice,Expected,Red,Left,204.411,199.021,-4.628,0.868,925.492,,19.935,0,,-1,-1,,-1
999,Day,5.755,198.673,0,U_Amb_R,Practice,Expected,Red,Left,204.429,199.039,-4.628,0.868,925.648,,19.934,0,,-1,-1,,-1
999,Day,5.755,198.692,0,U_Amb_R,Practice,Expected,Red,Left,204.447,199.057,-4.628,0.868,925.809,,19.933,0,,-1,-1,,-1
999,Day,5.755,198.713,0,U_Amb_R,Practice,Expected,Red,Left,204.468,199.078,-4.627,0.868,925.989,,19.932,0,,-1,-1,,-1
999,Day,5.755,198.732,0,U_Amb_R,Practice,Expected,Red,Left,204.487,199.097,-4.626,0.868,926.169,,19.931,0,,-1,-1,,-1
999,Day,5.755,198.75,0,U_Amb_R,Practice,Expected,Red,Left,204.505,199.115,-4.626,0.868,926.33,,19.93,0,,-1,-1,,-1
999,Day,5.755,198.768,0,U_Amb_R,Practice,Expected,Red,Left,204.523,199.133,-4.626,0.868,926.495,,19.929,0,,-1,-1,,-1
999,Day,5.755,198.791,0,U_Amb_R,Practice,Expected,Red,Left,204.546,199.156,-4.625,0.868,926.688,,19.929,0,,-1,-1,,-1
999,Day,5.755,198.807,0,U_Amb_R,Practice,Expected,Red,Left,204.563,199.173,-4.625,0.868,926.839,,19.928,0,,-1,-1,,-1
999,Day,5.755,198.827,0,U_Amb_R,Practice,Expected,Red,Left,204.582,199.192,-4.624,0.868,927.013,,19.927,0,,-1,-1,,-1
999,Day,5.755,198.846,0,U_Amb_R,Practice,Expected,Red,Left,204.602,199.212,-4.624,0.868,927.183,,19.926,0,,-1,-1,,-1
999,Day,5.755,198.865,0,U_Amb_R,Practice,Expected,Red,Left,204.62,199.23,-4.623,0.868,927.354,,19.925,0,,-1,-1,,-1
999,Day,5.755,198.884,0,U_Amb_R,Practice,Expected,Red,Left,204.639,199.249,-4.623,0.868,927.522,,19.924,0,,-1,-1,,-1
999,Day,5.755,198.902,0,U_Amb_R,Practice,Expected,Red,Left,204.658,199.268,-4.622,0.868,927.688,,19.923,0,,-1,-1,,-1
999,Day,5.755,198.921,0,U_Amb_R,Practice,Expected,Red,Left,204.676,199.286,-4.622,0.868,927.852,,19.923,0,,-1,-1,,-1
999,Day,5.755,198.939,0,U_Amb_R,Practice,Expected,Red,Left,204.695,199.305,-4.621,0.868,928.02,,19.922,0,,-1,-1,,-1
999,Day,5.755,198.958,0,U_Amb_R,Practice,Expected,Red,Left,204.713,199.323,-4.621,0.868,928.179,,19.921,0,,-1,-1,,-1
999,Day,5.755,198.976,0,U_Amb_R,Practice,Expected,Red,Left,204.731,199.341,-4.62,0.868,928.344,,19.92,0,,-1,-1,,-1
999,Day,5.755,198.997,0,U_Amb_R,Practice,Expected,Red,Left,204.752,199.362,-4.62,0.868,928.521,,19.919,0,,-1,-1,,-1
999,Day,5.755,199.013,0,U_Amb_R,Practice,Expected,Red,Left,204.769,199.379,-4.619,0.868,928.682,,19.918,0,,-1,-1,,-1
999,Day,5.755,199.033,0,U_Amb_R,Practice,Expected,Red,Left,204.788,199.398,-4.619,0.868,928.852,,19.917,0,,-1,-1,,-1
999,Day,5.755,199.051,0,U_Amb_R,Practice,Expected,Red,Left,204.806,199.416,-4.618,0.868,929.014,,19.917,0,,-1,-1,,-1
999,Day,5.755,199.071,0,U_Amb_R,Practice,Expected,Red,Left,204.827,199.437,-4.618,0.868,929.194,,19.916,0,,-1,-1,,-1
999,Day,5.755,199.09,0,U_Amb_R,Practice,Expected,Red,Left,204.845,199.455,-4.617,0.868,929.356,,19.915,0,,-1,-1,,-1
999,Day,5.755,199.107,0,U_Amb_R,Practice,Expected,Red,Left,204.862,199.472,-4.617,0.868,929.51,,19.914,0,,-1,-1,,-1
999,Day,5.755,199.126,0,U_Amb_R,Practice,Expected,Red,Left,204.882,199.492,-4.617,0.868,929.68,,19.914,0,,-1,-1,,-1
999,Day,5.755,199.145,0,U_Amb_R,Practice,Expected,Red,Left,204.901,199.511,-4.616,0.868,929.842,,19.912,0,,-1,-1,,-1
999,Day,5.755,199.163,0,U_Amb_R,Practice,Expected,Red,Left,204.919,199.529,-4.616,0.868,930.011,,19.911,0,,-1,-1,,-1
999,Day,5.755,199.182,0,U_Amb_R,Practice,Expected,Red,Left,204.937,199.548,-4.615,0.868,930.18,,19.911,0,,-1,-1,,-1
999,Day,5.755,199.2,0,U_Amb_R,Practice,Expected,Red,Left,204.956,199.566,-4.615,0.868,930.345,,19.91,0,,-1,-1,,-1
999,Day,5.755,199.218,0,U_Amb_R,Practice,Expected,Red,Left,204.974,199.584,-4.614,0.868,930.505,,19.909,0,,-1,-1,,-1
999,Day,5.755,199.236,0,U_Amb_R,Practice,Expected,Red,Left,204.991,199.602,-4.614,0.868,930.663,,19.908,0,,-1,-1,,-1
999,Day,5.755,199.258,0,U_Amb_R,Practice,Expected,Red,Left,205.014,199.624,-4.613,0.868,930.856,,19.908,0,,-1,-1,,-1
999,Day,5.755,199.275,0,U_Amb_R,Practice,Expected,Red,Left,205.031,199.641,-4.613,0.868,931.005,,19.907,0,,-1,-1,,-1
999,Day,5.755,199.293,0,U_Amb_R,Practice,Expected,Red,Left,205.048,199.658,-4.612,0.868,931.159,,19.906,0,,-1,-1,,-1
999,Day,5.755,199.312,0,U_Amb_R,Practice,Expected,Red,Left,205.067,199.677,-4.612,0.868,931.329,,19.905,0,,-1,-1,,-1
999,Day,5.755,199.33,0,U_Amb_R,Practice,Expected,Red,Left,205.085,199.695,-4.611,0.868,931.493,,19.904,0,,-1,-1,,-1
999,Day,5.755,199.347,0,U_Amb_R,Practice,Expected,Red,Left,205.103,199.713,-4.611,0.868,931.654,,19.903,0,,-1,-1,,-1
999,Day,5.755,199.366,0,U_Amb_R,Practice,Expected,Red,Left,205.122,199.732,-4.61,0.868,931.821,,19.903,0,,-1,-1,,-1
999,Day,5.755,199.385,0,U_Amb_R,Practice,Expected,Red,Left,205.14,199.75,-4.61,0.868,931.984,,19.902,0,,-1,-1,,-1
999,Day,5.755,199.404,0,U_Amb_R,Practice,Expected,Red,Left,205.159,199.769,-4.61,0.868,932.149,,19.901,0,,-1,-1,,-1
999,Day,5.755,199.422,0,U_Amb_R,Practice,Expected,Red,Left,205.177,199.787,-4.609,0.868,932.311,,19.9,0,,-1,-1,,-1
999,Day,5.755,199.44,0,U_Amb_R,Practice,Expected,Red,Left,205.196,199.806,-4.609,0.868,932.468,,19.9,0,,-1,-1,,-1
999,Day,5.755,199.458,0,U_Amb_R,Practice,Expected,Red,Left,205.213,199.823,-4.608,0.868,932.628,,19.899,0,,-1,-1,,-1
999,Day,5.755,199.476,0,U_Amb_R,Practice,Expected,Red,Left,205.231,199.841,-4.608,0.868,932.787,,19.898,0,,-1,-1,,-1
999,Day,5.755,199.495,0,U_Amb_R,Practice,Expected,Red,Left,205.251,199.861,-4.607,0.868,932.957,,19.897,0,,-1,-1,,-1
999,Day,5.755,199.512,0,U_Amb_R,Practice,Expected,Red,Left,205.267,199.877,-4.607,0.868,933.116,,19.896,0,,-1,-1,,-1
999,Day,5.755,199.529,0,U_Amb_R,Practice,Expected,Red,Left,205.285,199.895,-4.606,0.868,933.275,,19.895,0,,-1,-1,,-1
999,Day,5.755,199.548,0,U_Amb_R,Practice,Expected,Red,Left,205.304,199.914,-4.606,0.868,933.44,,19.894,0,,-1,-1,,-1
999,Day,5.755,199.569,0,U_Amb_R,Practice,Expected,Red,Left,205.325,199.935,-4.605,0.868,933.623,,19.894,0,,-1,-1,,-1
999,Day,5.755,199.585,0,U_Amb_R,Practice,Expected,Red,Left,205.341,199.951,-4.605,0.868,933.77,,19.893,0,,-1,-1,,-1
999,Day,5.755,199.607,0,U_Amb_R,Practice,Expected,Red,Left,205.362,199.972,-4.604,0.868,933.952,,19.892,0,,-1,-1,,-1
999,Day,5.755,199.629,0,U_Amb_R,Practice,Expected,Red,Left,205.385,199.995,-4.604,0.868,934.151,,19.891,0,,-1,-1,,-1
999,Day,5.755,199.652,0,U_Amb_R,Practice,Expected,Red,Left,205.408,200.018,-4.603,0.868,934.356,,19.89,0,,-1,-1,,-1
999,Day,5.755,199.67,0,U_Amb_R,Practice,Expected,Red,Left,205.426,200.036,-4.603,0.868,934.524,,19.889,0,,-1,-1,,-1
999,Day,5.755,199.687,0,U_Amb_R,Practice,Expected,Red,Left,205.443,200.053,-4.602,0.868,934.674,,19.888,0,,-1,-1,,-1
999,Day,5.755,199.705,0,U_Amb_R,Practice,Expected,Red,Left,205.46,200.07,-4.602,0.868,934.829,,19.888,0,,-1,-1,,-1
999,Day,5.755,199.722,0,U_Amb_R,Practice,Expected,Red,Left,205.477,200.087,-4.601,0.868,934.982,,19.887,0,,-1,-1,,-1
999,Day,5.755,199.738,0,U_Amb_R,Practice,Expected,Red,Left,205.494,200.104,-4.601,0.868,935.129,,19.886,0,,-1,-1,,-1
999,Day,5.755,199.756,0,U_Amb_R,Practice,Expected,Red,Left,205.511,200.121,-4.601,0.868,935.278,,19.885,0,,-1,-1,,-1
999,Day,5.755,199.775,0,U_Amb_R,Practice,Expected,Red,Left,205.531,200.141,-4.6,0.868,935.45,,19.885,0,,-1,-1,,-1
999,Day,5.755,199.793,0,U_Amb_R,Practice,Expected,Red,Left,205.548,200.158,-4.6,0.868,935.607,,19.884,0,,-1,-1,,-1
999,Day,5.755,199.811,0,U_Amb_R,Practice,Expected,Red,Left,205.567,200.177,-4.599,0.868,935.767,,19.882,0,,-1,-1,,-1
999,Day,5.755,199.83,0,U_Amb_R,Practice,Expected,Red,Left,205.586,200.196,-4.599,0.868,935.943,,19.882,0,,-1,-1,,-1
999,Day,5.755,199.846,0,U_Amb_R,Practice,Expected,Red,Left,205.602,200.212,-4.598,0.868,936.091,,19.881,0,,-1,-1,,-1
999,Day,5.755,199.868,0,U_Amb_R,Practice,Expected,Red,Left,205.623,200.233,-4.598,0.868,936.273,,19.88,0,,-1,-1,,-1
999,Day,5.755,199.885,0,U_Amb_R,Practice,Expected,Red,Left,205.64,200.25,-4.597,0.868,936.428,,19.879,0,,-1,-1,,-1
999,Day,5.755,199.902,0,U_Amb_R,Practice,Expected,Red,Left,205.657,200.267,-4.597,0.868,936.585,,19.879,0,,-1,-1,,-1
999,Day,5.755,199.922,0,U_Amb_R,Practice,Expected,Red,Left,205.677,200.287,-4.596,0.868,936.756,,19.878,0,,-1,-1,,-1
999,Day,5.755,199.94,0,U_Amb_R,Practice,Expected,Red,Left,205.695,200.305,-4.596,0.868,936.914,,19.877,0,,-1,-1,,-1
999,Day,5.755,199.956,0,U_Amb_R,Practice,Expected,Red,Left,205.712,200.322,-4.596,0.868,937.064,,19.876,0,,-1,-1,,-1
999,Day,5.755,199.976,0,U_Amb_R,Practice,Expected,Red,Left,205.731,200.341,-4.595,0.868,937.234,,19.876,0,,-1,-1,,-1
999,Day,5.755,199.997,0,U_Amb_R,Practice,Expected,Red,Left,205.752,200.362,-4.595,0.868,937.414,,19.874,0,,-1,-1,,-1
999,Day,5.755,200.014,0,U_Amb_R,Practice,Expected,Red,Left,205.769,200.379,-4.594,0.868,937.581,,19.873,0,,-1,-1,,-1
999,Day,5.755,200.039,0,U_Amb_R,Practice,Expected,Red,Left,205.794,200.404,-4.593,0.868,937.796,,19.873,0,,-1,-1,,-1
999,Day,5.755,200.056,0,U_Amb_R,Practice,Expected,Red,Left,205.812,200.422,-4.593,0.868,937.949,,19.872,0,,-1,-1,,-1
999,Day,5.755,200.073,0,U_Amb_R,Practice,Expected,Red,Left,205.828,200.438,-4.593,0.868,938.1,,19.871,0,,-1,-1,,-1
999,Day,5.755,200.09,0,U_Amb_R,Practice,Expected,Red,Left,205.846,200.456,-4.592,0.868,938.254,,19.87,0,,-1,-1,,-1
999,Day,5.755,200.107,0,U_Amb_R,Practice,Expected,Red,Left,205.863,200.473,-4.592,0.868,938.405,,19.87,0,,-1,-1,,-1
999,Day,5.755,200.127,0,U_Amb_R,Practice,Expected,Red,Left,205.882,200.492,-4.591,0.868,938.576,,19.869,0,,-1,-1,,-1
999,Day,5.755,200.146,0,U_Amb_R,Practice,Expected,Red,Left,205.901,200.511,-4.591,0.868,938.742,,19.867,0,,-1,-1,,-1
999,Day,5.755,200.163,0,U_Amb_R,Practice,Expected,Red,Left,205.918,200.529,-4.59,0.868,938.904,,19.867,0,,-1,-1,,-1
999,Day,5.755,200.182,0,U_Amb_R,Practice,Expected,Red,Left,205.938,200.548,-4.59,0.868,939.071,,19.866,0,,-1,-1,,-1
999,Day,5.755,200.201,0,U_Amb_R,Practice,Expected,Red,Left,205.956,200.566,-4.589,0.868,939.238,,19.865,0,,-1,-1,,-1
999,Day,5.755,200.223,0,U_Amb_R,Practice,Expected,Red,Left,205.978,200.588,-4.589,0.868,939.424,,19.864,0,,-1,-1,,-1
999,Day,5.755,200.242,0,U_Amb_R,Practice,Expected,Red,Left,205.998,200.608,-4.588,0.868,939.605,,19.864,0,,-1,-1,,-1
999,Day,5.755,200.26,0,U_Amb_R,Practice,Expected,Red,Left,206.015,200.625,-4.588,0.868,939.759,,19.863,0,,-1,-1,,-1
999,Day,5.755,200.277,0,U_Amb_R,Practice,Expected,Red,Left,206.032,200.642,-4.587,0.868,939.907,,19.862,0,,-1,-1,,-1
999,Day,5.755,200.296,0,U_Amb_R,Practice,Expected,Red,Left,206.051,200.661,-4.587,0.868,940.071,,19.861,0,,-1,-1,,-1
999,Day,5.755,200.316,0,U_Amb_R,Practice,Expected,Red,Left,206.071,200.681,-4.587,0.868,940.248,,19.86,0,,-1,-1,,-1
999,Day,5.755,200.335,0,U_Amb_R,Practice,Expected,Red,Left,206.09,200.7,-4.586,0.868,940.426,,19.859,0,,-1,-1,,-1
999,Day,5.755,200.355,0,U_Amb_R,Practice,Expected,Red,Left,206.111,200.721,-4.586,0.868,940.603,,19.859,0,,-1,-1,,-1
999,Day,5.755,200.376,0,U_Amb_R,Practice,Expected,Red,Left,206.132,200.742,-4.585,0.868,940.796,,19.858,0,,-1,-1,,-1
999,Day,5.755,200.393,0,U_Amb_R,Practice,Expected,Red,Left,206.148,200.758,-4.585,0.868,940.94,,19.857,0,,-1,-1,,-1
999,Day,5.755,200.41,0,U_Amb_R,Practice,Expected,Red,Left,206.165,200.775,-4.584,0.868,941.089,,19.856,0,,-1,-1,,-1
999,Day,5.755,200.429,0,U_Amb_R,Practice,Expected,Red,Left,206.184,200.794,-4.584,0.868,941.255,,19.855,0,,-1,-1,,-1
999,Day,5.755,200.448,0,U_Amb_R,Practice,Expected,Red,Left,206.203,200.813,-4.583,0.868,941.431,,19.854,0,,-1,-1,,-1
999,Day,5.755,200.468,0,U_Amb_R,Practice,Expected,Red,Left,206.223,200.833,-4.583,0.868,941.606,,19.853,0,,-1,-1,,-1
999,Day,5.755,200.487,0,U_Amb_R,Practice,Expected,Red,Left,206.242,200.852,-4.582,0.868,941.771,,19.853,0,,-1,-1,,-1
999,Day,5.755,200.504,0,U_Amb_R,Practice,Expected,Red,Left,206.26,200.87,-4.582,0.868,941.932,,19.852,0,,-1,-1,,-1
999,Day,5.755,200.522,0,U_Amb_R,Practice,Expected,Red,Left,206.278,200.888,-4.581,0.868,942.091,,19.851,0,,-1,-1,,-1
999,Day,5.755,200.541,0,U_Amb_R,Practice,Expected,Red,Left,206.296,200.906,-4.581,0.868,942.253,,19.85,0,,-1,-1,,-1
999,Day,5.755,200.558,0,U_Amb_R,Practice,Expected,Red,Left,206.314,200.924,-4.58,0.868,942.412,,19.85,0,,-1,-1,,-1
999,Day,5.755,200.581,0,U_Amb_R,Practice,Expected,Red,Left,206.337,200.947,-4.58,0.868,942.594,,19.848,0,,-1,-1,,-1
999,Day,5.755,200.599,0,U_Amb_R,Practice,Expected,Red,Left,206.354,200.964,-4.579,0.868,942.767,,19.847,0,,-1,-1,,-1
999,Day,5.755,200.616,0,U_Amb_R,Practice,Expected,Red,Left,206.372,200.982,-4.579,0.868,942.924,,19.847,0,,-1,-1,,-1
999,Day,5.755,200.634,0,U_Amb_R,Practice,Expected,Red,Left,206.39,201,-4.578,0.868,943.087,,19.846,0,,-1,-1,,-1
999,Day,5.755,200.654,0,U_Amb_R,Practice,Expected,Red,Left,206.409,201.019,-4.578,0.868,943.258,,19.845,0,,-1,-1,,-1
999,Day,5.755,200.672,0,U_Amb_R,Practice,Expected,Red,Left,206.427,201.037,-4.578,0.868,943.417,,19.844,0,,-1,-1,,-1
999,Day,5.755,200.69,0,U_Amb_R,Practice,Expected,Red,Left,206.445,201.055,-4.577,0.868,943.575,,19.844,0,,-1,-1,,-1
999,Day,5.755,200.708,0,U_Amb_R,Practice,Expected,Red,Left,206.464,201.074,-4.577,0.868,943.738,,19.843,0,,-1,-1,,-1
999,Day,5.755,200.729,0,U_Amb_R,Practice,Expected,Red,Left,206.485,201.095,-4.576,0.868,943.913,,19.841,0,,-1,-1,,-1
999,Day,5.755,200.747,0,U_Amb_R,Practice,Expected,Red,Left,206.502,201.112,-4.576,0.868,944.076,,19.841,0,,-1,-1,,-1
999,Day,5.755,200.764,0,U_Amb_R,Practice,Expected,Red,Left,206.52,201.13,-4.575,0.868,944.237,,19.84,0,,-1,-1,,-1
999,Day,5.755,200.782,0,U_Amb_R,Practice,Expected,Red,Left,206.538,201.148,-4.575,0.868,944.398,,19.839,0,,-1,-1,,-1
999,Day,5.755,200.801,0,U_Amb_R,Practice,Expected,Red,Left,206.557,201.167,-4.574,0.868,944.565,,19.838,0,,-1,-1,,-1
999,Day,5.755,200.82,0,U_Amb_R,Practice,Expected,Red,Left,206.575,201.185,-4.574,0.868,944.73,,19.838,0,,-1,-1,,-1
999,Day,5.755,200.841,0,U_Amb_R,Practice,Expected,Red,Left,206.596,201.206,-4.573,0.868,944.91,,19.837,0,,-1,-1,,-1
999,Day,5.755,200.86,0,U_Amb_R,Practice,Expected,Red,Left,206.615,201.225,-4.573,0.868,945.08,,19.836,0,,-1,-1,,-1
999,Day,5.755,200.877,0,U_Amb_R,Practice,Expected,Red,Left,206.632,201.242,-4.572,0.868,945.232,,19.835,0,,-1,-1,,-1
999,Day,5.755,200.903,0,U_Amb_R,Practice,Expected,Red,Left,206.659,201.269,-4.572,0.868,945.467,,19.834,0,,-1,-1,,-1
999,Day,5.755,200.924,0,U_Amb_R,Practice,Expected,Red,Left,206.68,201.29,-4.571,0.868,945.651,,19.833,0,,-1,-1,,-1
999,Day,5.755,200.942,0,U_Amb_R,Practice,Expected,Red,Left,206.697,201.307,-4.571,0.868,945.812,,19.832,0,,-1,-1,,-1
999,Day,5.755,200.959,0,U_Amb_R,Practice,Expected,Red,Left,206.714,201.324,-4.57,0.868,945.963,,19.832,0,,-1,-1,,-1
999,Day,5.755,200.975,0,U_Amb_R,Practice,Expected,Red,Left,206.731,201.341,-4.57,0.868,946.108,,19.831,0,,-1,-1,,-1
999,Day,5.755,200.997,0,U_Amb_R,Practice,Expected,Red,Left,206.753,201.363,-4.569,0.868,946.299,,19.829,0,,-1,-1,,-1
999,Day,5.755,201.015,0,U_Amb_R,Practice,Expected,Red,Left,206.77,201.38,-4.569,0.868,946.462,,19.829,0,,-1,-1,,-1
999,Day,5.755,201.033,0,U_Amb_R,Practice,Expected,Red,Left,206.788,201.398,-4.568,0.868,946.622,,19.828,0,,-1,-1,,-1
999,Day,5.755,201.051,0,U_Amb_R,Practice,Expected,Red,Left,206.807,201.417,-4.568,0.868,946.783,,19.827,0,,-1,-1,,-1
999,Day,5.755,201.071,0,U_Amb_R,Practice,Expected,Red,Left,206.826,201.436,-4.567,0.868,946.955,,19.827,0,,-1,-1,,-1
999,Day,5.755,201.09,0,U_Amb_R,Practice,Expected,Red,Left,206.845,201.455,-4.567,0.868,947.122,,19.826,0,,-1,-1,,-1
999,Day,5.755,201.115,0,U_Amb_R,Practice,Expected,Red,Left,206.87,201.48,-4.566,0.868,947.341,,19.824,0,,-1,-1,,-1
999,Day,5.755,201.132,0,U_Amb_R,Practice,Expected,Red,Left,206.887,201.497,-4.566,0.868,947.496,,19.824,0,,-1,-1,,-1
999,Day,5.755,201.148,0,U_Amb_R,Practice,Expected,Red,Left,206.904,201.514,-4.565,0.868,947.646,,19.823,0,,-1,-1,,-1
999,Day,5.755,201.166,0,U_Amb_R,Practice,Expected,Red,Left,206.921,201.531,-4.565,0.868,947.797,,19.822,0,,-1,-1,,-1
999,Day,5.755,201.181,0,U_Amb_R,Practice,Expected,Red,Left,206.936,201.546,-4.565,0.868,947.933,,19.821,0,,-1,-1,,-1
999,Day,5.755,201.198,0,U_Amb_R,Practice,Expected,Red,Left,206.954,201.564,-4.564,0.868,948.091,,19.821,0,,-1,-1,,-1
999,Day,5.755,201.221,0,U_Amb_R,Practice,Expected,Red,Left,206.977,201.587,-4.564,0.868,948.284,,19.82,0,,-1,-1,,-1
999,Day,5.755,201.241,0,U_Amb_R,Practice,Expected,Red,Left,206.996,201.606,-4.563,0.868,948.459,,19.819,0,,-1,-1,,-1
999,Day,5.755,201.256,0,U_Amb_R,Practice,Expected,Red,Left,207.011,201.621,-4.563,0.868,948.593,,19.818,0,,-1,-1,,-1
999,Day,5.755,201.272,0,U_Amb_R,Practice,Expected,Red,Left,207.028,201.638,-4.562,0.868,948.745,,19.818,0,,-1,-1,,-1
999,Day,5.755,201.29,0,U_Amb_R,Practice,Expected,Red,Left,207.046,201.656,-4.562,0.868,948.901,,19.817,0,,-1,-1,,-1
999,Day,5.755,201.313,0,U_Amb_R,Practice,Expected,Red,Left,207.068,201.678,-4.561,0.868,949.089,,19.815,0,,-1,-1,,-1
999,Day,5.755,201.332,0,U_Amb_R,Practice,Expected,Red,Left,207.087,201.697,-4.561,0.868,949.268,,19.815,0,,-1,-1,,-1
999,Day,5.755,201.347,0,U_Amb_R,Practice,Expected,Red,Left,207.103,201.713,-4.56,0.868,949.409,,19.814,0,,-1,-1,,-1
999,Day,5.755,201.368,0,U_Amb_R,Practice,Expected,Red,Left,207.123,201.733,-4.56,0.868,949.585,,19.813,0,,-1,-1,,-1
999,Day,5.755,201.387,0,U_Amb_R,Practice,Expected,Red,Left,207.142,201.753,-4.559,0.868,949.759,,19.812,0,,-1,-1,,-1
999,Day,5.755,201.404,0,U_Amb_R,Practice,Expected,Red,Left,207.159,201.77,-4.559,0.868,949.912,,19.812,0,,-1,-1,,-1
999,Day,5.755,201.422,0,U_Amb_R,Practice,Expected,Red,Left,207.177,201.787,-4.559,0.868,950.067,,19.811,0,,-1,-1,,-1
999,Day,5.755,201.439,0,U_Amb_R,Practice,Expected,Red,Left,207.195,201.805,-4.558,0.868,950.223,,19.81,0,,-1,-1,,-1
999,Day,5.755,201.459,0,U_Amb_R,Practice,Expected,Red,Left,207.214,201.824,-4.558,0.868,950.392,,19.809,0,,-1,-1,,-1
999,Day,5.755,201.476,0,U_Amb_R,Practice,Expected,Red,Left,207.232,201.842,-4.557,0.868,950.549,,19.809,0,,-1,-1,,-1
999,Day,5.755,201.495,0,U_Amb_R,Practice,Expected,Red,Left,207.251,201.861,-4.557,0.868,950.71,,19.807,0,,-1,-1,,-1
999,Day,5.755,201.511,0,U_Amb_R,Practice,Expected,Red,Left,207.267,201.877,-4.556,0.868,950.863,,19.806,0,,-1,-1,,-1
999,Day,5.755,201.531,0,U_Amb_R,Practice,Expected,Red,Left,207.286,201.896,-4.556,0.868,951.032,,19.806,0,,-1,-1,,-1
999,Day,5.755,201.552,0,U_Amb_R,Practice,Expected,Red,Left,207.308,201.918,-4.555,0.868,951.219,,19.805,0,,-1,-1,,-1
999,Day,5.755,201.569,0,U_Amb_R,Practice,Expected,Red,Left,207.324,201.934,-4.555,0.868,951.367,,19.804,0,,-1,-1,,-1
999,Day,5.755,201.585,0,U_Amb_R,Practice,Expected,Red,Left,207.341,201.951,-4.554,0.868,951.517,,19.803,0,,-1,-1,,-1
999,Day,5.755,201.607,0,U_Amb_R,Practice,Expected,Red,Left,207.362,201.972,-4.554,0.868,951.697,,19.803,0,,-1,-1,,-1
999,Day,5.755,201.622,0,U_Amb_R,Practice,Expected,Red,Left,207.377,201.987,-4.554,0.868,951.835,,19.802,0,,-1,-1,,-1
999,Day,5.755,201.639,0,U_Amb_R,Practice,Expected,Red,Left,207.394,202.004,-4.553,0.868,951.988,,19.801,0,,-1,-1,,-1
999,Day,5.755,201.656,0,U_Amb_R,Practice,Expected,Red,Left,207.412,202.022,-4.553,0.868,952.144,,19.8,0,,-1,-1,,-1
999,Day,5.755,201.675,0,U_Amb_R,Practice,Expected,Red,Left,207.43,202.04,-4.552,0.868,952.309,,19.8,0,,-1,-1,,-1
999,Day,5.755,201.694,0,U_Amb_R,Practice,Expected,Red,Left,207.449,202.059,-4.552,0.868,952.472,,19.798,0,,-1,-1,,-1
999,Day,5.755,201.713,0,U_Amb_R,Practice,Expected,Red,Left,207.469,202.079,-4.551,0.868,952.646,,19.798,0,,-1,-1,,-1
999,Day,5.755,201.73,0,U_Amb_R,Practice,Expected,Red,Left,207.485,202.095,-4.551,0.868,952.797,,19.797,0,,-1,-1,,-1
999,Day,5.755,201.749,0,U_Amb_R,Practice,Expected,Red,Left,207.505,202.115,-4.55,0.868,952.966,,19.796,0,,-1,-1,,-1
999,Day,5.755,201.766,0,U_Amb_R,Practice,Expected,Red,Left,207.522,202.132,-4.55,0.868,953.119,,19.795,0,,-1,-1,,-1
999,Day,5.755,201.784,0,U_Amb_R,Practice,Expected,Red,Left,207.54,202.15,-4.549,0.868,953.276,,19.795,0,,-1,-1,,-1
999,Day,5.755,201.804,0,U_Amb_R,Practice,Expected,Red,Left,207.559,202.169,-4.549,0.868,953.448,,19.794,0,,-1,-1,,-1
999,Day,5.755,201.822,0,U_Amb_R,Practice,Expected,Red,Left,207.577,202.187,-4.549,0.868,953.607,,19.793,0,,-1,-1,,-1
999,Day,5.755,201.841,0,U_Amb_R,Practice,Expected,Red,Left,207.596,202.206,-4.548,0.868,953.772,,19.792,0,,-1,-1,,-1
999,Day,5.755,201.857,0,U_Amb_R,Practice,Expected,Red,Left,207.612,202.222,-4.548,0.868,953.919,,19.792,0,,-1,-1,,-1
999,Day,5.755,201.876,0,U_Amb_R,Practice,Expected,Red,Left,207.632,202.242,-4.547,0.868,954.088,,19.791,0,,-1,-1,,-1
999,Day,5.755,201.899,0,U_Amb_R,Practice,Expected,Red,Left,207.654,202.264,-4.547,0.868,954.268,,19.789,0,,-1,-1,,-1
999,Day,5.755,201.919,0,U_Amb_R,Practice,Expected,Red,Left,207.674,202.284,-4.546,0.868,954.463,,19.789,0,,-1,-1,,-1
999,Day,5.755,201.935,0,U_Amb_R,Practice,Expected,Red,Left,207.691,202.301,-4.546,0.868,954.609,,19.788,0,,-1,-1,,-1
999,Day,5.755,201.952,0,U_Amb_R,Practice,Expected,Red,Left,207.708,202.318,-4.545,0.868,954.761,,19.787,0,,-1,-1,,-1
999,Day,5.755,201.972,0,U_Amb_R,Practice,Expected,Red,Left,207.727,202.337,-4.545,0.868,954.93,,19.786,0,,-1,-1,,-1
999,Day,5.755,201.991,0,U_Amb_R,Practice,Expected,Red,Left,207.746,202.356,-4.544,0.868,955.1,,19.786,0,,-1,-1,,-1
999,Day,5.755,202.007,0,U_Amb_R,Practice,Expected,Red,Left,207.762,202.373,-4.544,0.868,955.243,,19.785,0,,-1,-1,,-1
999,Day,5.755,202.024,0,U_Amb_R,Practice,Expected,Red,Left,207.78,202.39,-4.543,0.868,955.399,,19.784,0,,-1,-1,,-1
999,Day,5.755,202.045,0,U_Amb_R,Practice,Expected,Red,Left,207.8,202.41,-4.543,0.868,955.569,,19.783,0,,-1,-1,,-1
999,Day,5.755,202.062,0,U_Amb_R,Practice,Expected,Red,Left,207.817,202.427,-4.543,0.868,955.732,,19.782,0,,-1,-1,,-1
999,Day,5.755,202.08,0,U_Amb_R,Practice,Expected,Red,Left,207.835,202.445,-4.542,0.868,955.892,,19.781,0,,-1,-1,,-1
999,Day,5.755,202.098,0,U_Amb_R,Practice,Expected,Red,Left,207.854,202.464,-4.542,0.868,956.054,,19.78,0,,-1,-1,,-1
999,Day,5.755,202.116,0,U_Amb_R,Practice,Expected,Red,Left,207.872,202.482,-4.541,0.868,956.216,,19.78,0,,-1,-1,,-1
999,Day,5.755,202.135,0,U_Amb_R,Practice,Expected,Red,Left,207.89,202.5,-4.541,0.868,956.38,,19.779,0,,-1,-1,,-1
999,Day,5.755,202.154,0,U_Amb_R,Practice,Expected,Red,Left,207.91,202.52,-4.54,0.868,956.546,,19.778,0,,-1,-1,,-1
999,Day,5.755,202.172,0,U_Amb_R,Practice,Expected,Red,Left,207.928,202.538,-4.54,0.868,956.704,,19.777,0,,-1,-1,,-1
999,Day,5.755,202.19,0,U_Amb_R,Practice,Expected,Red,Left,207.945,202.555,-4.539,0.868,956.859,,19.777,0,,-1,-1,,-1
999,Day,5.755,202.208,0,U_Amb_R,Practice,Expected,Red,Left,207.964,202.574,-4.539,0.868,957.016,,19.776,0,,-1,-1,,-1
999,Day,5.755,202.229,0,U_Amb_R,Practice,Expected,Red,Left,207.985,202.595,-4.538,0.868,957.2,,19.775,0,,-1,-1,,-1
999,Day,5.755,202.249,0,U_Amb_R,Practice,Expected,Red,Left,208.005,202.615,-4.538,0.868,957.383,,19.774,0,,-1,-1,,-1
999,Day,5.755,202.268,0,U_Amb_R,Practice,Expected,Red,Left,208.023,202.633,-4.537,0.868,957.545,,19.773,0,,-1,-1,,-1
999,Day,5.755,202.286,0,U_Amb_R,Practice,Expected,Red,Left,208.041,202.651,-4.537,0.868,957.708,,19.772,0,,-1,-1,,-1
999,Day,5.755,202.304,0,U_Amb_R,Practice,Expected,Red,Left,208.06,202.67,-4.536,0.868,957.874,,19.772,0,,-1,-1,,-1
999,Day,5.755,202.322,0,U_Amb_R,Practice,Expected,Red,Left,208.077,202.687,-4.536,0.868,958.033,,19.771,0,,-1,-1,,-1
999,Day,5.755,202.341,0,U_Amb_R,Practice,Expected,Red,Left,208.096,202.706,-4.536,0.868,958.192,,19.77,0,,-1,-1,,-1
999,Day,5.755,202.359,0,U_Amb_R,Practice,Expected,Red,Left,208.115,202.725,-4.535,0.868,958.355,,19.769,0,,-1,-1,,-1
999,Day,5.755,202.379,0,U_Amb_R,Practice,Expected,Red,Left,208.134,202.744,-4.535,0.868,958.523,,19.768,0,,-1,-1,,-1
999,Day,5.755,202.396,0,U_Amb_R,Practice,Expected,Red,Left,208.152,202.762,-4.534,0.868,958.68,,19.767,0,,-1,-1,,-1
999,Day,5.755,202.415,0,U_Amb_R,Practice,Expected,Red,Left,208.17,202.78,-4.534,0.868,958.848,,19.766,0,,-1,-1,,-1
999,Day,5.755,202.435,0,U_Amb_R,Practice,Expected,Red,Left,208.19,202.8,-4.533,0.868,959.023,,19.766,0,,-1,-1,,-1
999,Day,5.755,202.455,0,U_Amb_R,Practice,Expected,Red,Left,208.21,202.82,-4.533,0.868,959.198,,19.765,0,,-1,-1,,-1
999,Day,5.755,202.472,0,U_Amb_R,Practice,Expected,Red,Left,208.227,202.837,-4.532,0.868,959.35,,19.764,0,,-1,-1,,-1
999,Day,5.755,202.489,0,U_Amb_R,Practice,Expected,Red,Left,208.244,202.854,-4.532,0.868,959.503,,19.763,0,,-1,-1,,-1
999,Day,5.755,202.507,0,U_Amb_R,Practice,Expected,Red,Left,208.262,202.872,-4.531,0.868,959.661,,19.763,0,,-1,-1,,-1
999,Day,5.755,202.526,0,U_Amb_R,Practice,Expected,Red,Left,208.281,202.891,-4.531,0.868,959.831,,19.762,0,,-1,-1,,-1
999,Day,5.755,202.554,0,U_Amb_R,Practice,Expected,Red,Left,208.309,202.919,-4.53,0.868,960.069,,19.76,0,,-1,-1,,-1
999,Day,5.755,202.574,0,U_Amb_R,Practice,Expected,Red,Left,208.329,202.939,-4.53,0.868,960.247,,19.76,0,,-1,-1,,-1
999,Day,5.755,202.59,0,U_Amb_R,Practice,Expected,Red,Left,208.346,202.956,-4.529,0.868,960.4,,19.759,0,,-1,-1,,-1
999,Day,5.755,202.612,0,U_Amb_R,Practice,Expected,Red,Left,208.367,202.977,-4.529,0.868,960.575,,19.757,0,,-1,-1,,-1
999,Day,5.755,202.629,0,U_Amb_R,Practice,Expected,Red,Left,208.384,202.994,-4.528,0.868,960.741,,19.757,0,,-1,-1,,-1
999,Day,5.755,202.646,0,U_Amb_R,Practice,Expected,Red,Left,208.402,203.012,-4.528,0.868,960.894,,19.756,0,,-1,-1,,-1
999,Day,5.755,202.663,0,U_Amb_R,Practice,Expected,Red,Left,208.418,203.028,-4.527,0.868,961.045,,19.755,0,,-1,-1,,-1
999,Day,5.755,202.681,0,U_Amb_R,Practice,Expected,Red,Left,208.436,203.046,-4.527,0.868,961.2,,19.754,0,,-1,-1,,-1
999,Day,5.755,202.696,0,U_Amb_R,Practice,Expected,Red,Left,208.451,203.061,-4.527,0.868,961.332,,19.754,0,,-1,-1,,-1
999,Day,5.755,202.712,0,U_Amb_R,Practice,Expected,Red,Left,208.467,203.077,-4.526,0.868,961.474,,19.753,0,,-1,-1,,-1
999,Day,5.755,202.73,0,U_Amb_R,Practice,Expected,Red,Left,208.485,203.095,-4.526,0.868,961.637,,19.752,0,,-1,-1,,-1
999,Day,5.755,202.748,0,U_Amb_R,Practice,Expected,Red,Left,208.504,203.114,-4.525,0.868,961.8,,19.752,0,,-1,-1,,-1
999,Day,5.755,202.766,0,U_Amb_R,Practice,Expected,Red,Left,208.522,203.132,-4.525,0.868,961.958,,19.751,0,,-1,-1,,-1
999,Day,5.755,202.786,0,U_Amb_R,Practice,Expected,Red,Left,208.541,203.151,-4.524,0.868,962.125,,19.75,0,,-1,-1,,-1
999,Day,5.755,202.802,0,U_Amb_R,Practice,Expected,Red,Left,208.558,203.168,-4.524,0.868,962.275,,19.749,0,,-1,-1,,-1
999,Day,5.755,202.825,0,U_Amb_R,Practice,Expected,Red,Left,208.581,203.191,-4.523,0.868,962.479,,19.749,0,,-1,-1,,-1
999,Day,5.755,202.847,0,U_Amb_R,Practice,Expected,Red,Left,208.602,203.212,-4.523,0.868,962.658,,19.747,0,,-1,-1,,-1
