ParticipantID,Block,BlockStartAbs,BlockTimeRel,TrialIndex,Scene,Event,Expectancy,SignalColor,MergeSide,TimeAbs,TrialTimeRel,X,Y,Z,LaneDeviation,SpeedMPH,TrialEnded,TrialEndReason,TrialEndAbs,TrialEndRel,SurveyResponse,SurveyResponseCorrect,SurveyRT,BrakeInput,ThrottleInput,SteeringInput,Car2Marge,Collision,Car2DecelStartAbs,Car2CollisionAbs,TimeToCollision
UNKNOWN,0,2.832,0.06,-1,SubBlock,,,,,2.891,-1,,,,,0,0,,-1,-1,,,-1,50,50,0,0,,,,
UNKNOWN,0,2.832,0.175,-1,SubBlock,,,,,3.006,-1,,,,,0,0,,-1,-1,,,-1,50,50,0,0,,,,
UNKNOWN,0,2.832,1.461,-1,SubBlock,,,,,4.293,-1,,,,,0,0,,-1,-1,,,-1,50,50,0,0,,,,
UNKNOWN,0,2.832,1.518,-1,SubBlock,,,,,4.35,-1,,,,,0,0,,-1,-1,,,-1,50,50,0,0,,,,
UNKNOWN,0,2.832,1.55,-1,SubBlock,,,,,4.381,-1,,,,,0,0,,-1,-1,,,-1,50,50,0,0,,,,
UNKNOWN,0,2.832,1.566,-1,SubBlock,,,,,4.398,-1,,,,,0,0,,-1,-1,,,-1,50,50,0,0,,,,
UNKNOWN,0,2.832,1.574,-1,SubBlock,,,,,4.405,-1,,,,,0,0,,-1,-1,,,-1,50,50,0,0,,,,
UNKNOWN,0,2.832,1.58,-1,SubBlock,,,,,4.411,-1,,,,,0,0,,-1,-1,,,-1,50,50,0,0,,,,
UNKNOWN,0,2.832,1.585,-1,SubBlock,,,,,4.416,-1,,,,,0,0,,-1,-1,,,-1,50,50,0,0,,,,
UNKNOWN,0,2.832,1.588,-1,SubBlock,,,,,4.42,-1,,,,,0,0,,-1,-1,,,-1,50,50,0,0,,,,
UNKNOWN,0,2.832,1.594,-1,SubBlock,,,,,4.425,-1,,,,,0,0,,-1,-1,,,-1,50,50,0,0,,,,
UNKNOWN,0,2.832,1.597,-1,SubBlock,,,,,4.429,-1,,,,,0,0,,-1,-1,,,-1,50,50,0,0,,,,
UNKNOWN,0,2.832,1.603,-1,SubBlock,,,,,4.434,-1,,,,,0,0,,-1,-1,,,-1,50,50,0,0,,,,
UNKNOWN,0,2.832,1.609,-1,SubBlock,,,,,4.44,-1,,,,,0,0,,-1,-1,,,-1,50,50,0,0,,,,
UNKNOWN,0,2.832,1.613,-1,SubBlock,,,,,4.445,-1,,,,,0,0,,-1,-1,,,-1,50,50,0,0,,,,
UNKNOWN,0,2.832,1.619,-1,SubBlock,,,,,4.45,-1,,,,,0,0,,-1,-1,,,-1,50,50,0,0,,,,
UNKNOWN,0,2.832,1.623,-1,SubBlock,,,,,4.454,-1,,,,,0,0,,-1,-1,,,-1,50,50,0,0,,,,
UNKNOWN,0,2.832,1.627,-1,SubBlock,,,,,4.458,-1,,,,,0,0,,-1,-1,,,-1,50,50,0,0,,,,
UNKNOWN,0,2.832,1.632,-1,SubBlock,,,,,4.464,-1,,,,,0,0,,-1,-1,,,-1,50,50,0,0,,,,
UNKNOWN,0,2.832,1.636,-1,SubBlock,,,,,4.468,-1,,,,,0,0,,-1,-1,,,-1,50,50,0,0,,,,
UNKNOWN,0,2.832,1.642,-1,SubBlock,,,,,4.474,-1,,,,,0,0,,-1,-1,,,-1,50,50,0,0,,,,
UNKNOWN,0,2.832,1.646,-1,SubBlock,,,,,4.478,-1,,,,,0,0,,-1,-1,,,-1,50,50,0,0,,,,
UNKNOWN,0,2.832,1.651,-1,SubBlock,,,,,4.483,-1,,,,,0,0,,-1,-1,,,-1,50,50,0,0,,,,
UNKNOWN,0,2.832,1.656,-1,SubBlock,,,,,4.487,-1,,,,,0,0,,-1,-1,,,-1,50,50,0,0,,,,
UNKNOWN,0,2.832,1.659,-1,SubBlock,,,,,4.491,-1,,,,,0,0,,-1,-1,,,-1,50,50,0,0,,,,
UNKNOWN,0,2.832,1.664,-1,SubBlock,,,,,4.495,-1,,,,,0,0,,-1,-1,,,-1,50,50,0,0,,,,
UNKNOWN,0,2.832,1.669,-1,SubBlock,,,,,4.501,-1,,,,,0,0,,-1,-1,,,-1,50,50,0,0,,,,
UNKNOWN,0,2.832,1.674,-1,SubBlock,,,,,4.505,-1,,,,,0,0,,-1,-1,,,-1,50,50,0,0,,,,
UNKNOWN,0,2.832,1.678,-1,SubBlock,,,,,4.509,-1,,,,,0,0,,-1,-1,,,-1,50,50,0,0,,,,
UNKNOWN,0,2.832,1.683,-1,SubBlock,,,,,4.514,-1,,,,,0,0,,-1,-1,,,-1,50,50,0,0,,,,
UNKNOWN,0,2.832,1.687,-1,SubBlock,,,,,4.519,-1,,,,,0,0,,-1,-1,,,-1,50,50,0,0,,,,
UNKNOWN,0,2.832,1.691,-1,SubBlock,,,,,4.523,-1,,,,,0,0,,-1,-1,,,-1,50,50,0,0,,,,
UNKNOWN,0,2.832,1.697,-1,SubBlock,,,,,4.528,-1,,,,,0,0,,-1,-1,,,-1,50,50,0,0,,,,
UNKNOWN,0,2.832,1.701,-1,SubBlock,,,,,4.532,-1,,,,,0,0,,-1,-1,,,-1,50,50,0,0,,,,
UNKNOWN,0,2.832,1.706,-1,SubBlock,,,,,4.537,-1,,,,,0,0,,-1,-1,,,-1,50,50,0,0,,,,
UNKNOWN,0,2.832,1.71,-1,SubBlock,,,,,4.542,-1,,,,,0,0,,-1,-1,,,-1,50,50,0,0,,,,
UNKNOWN,0,2.832,1.716,-1,SubBlock,,,,,4.548,-1,,,,,0,0,,-1,-1,,,-1,50,50,0,0,,,,
UNKNOWN,0,2.832,1.722,-1,SubBlock,,,,,4.553,-1,,,,,0,0,,-1,-1,,,-1,50,50,0,0,,,,
UNKNOWN,0,2.832,1.725,-1,SubBlock,,,,,4.557,-1,,,,,0,0,,-1,-1,,,-1,50,50,0,0,,,,
UNKNOWN,0,2.832,1.731,-1,SubBlock,,,,,4.562,-1,,,,,0,0,,-1,-1,,,-1,50,50,0,0,,,,
UNKNOWN,0,2.832,1.736,-1,SubBlock,,,,,4.567,-1,,,,,0,0,,-1,-1,,,-1,50,50,0,0,,,,
UNKNOWN,0,2.832,1.742,-1,SubBlock,,,,,4.573,-1,,,,,0,0,,-1,-1,,,-1,50,50,0,0,,,,
UNKNOWN,0,2.832,1.752,-1,SubBlock,,,,,4.584,-1,,,,,0,0,,-1,-1,,,-1,50,50,0,0,,,,
UNKNOWN,0,2.832,1.756,-1,SubBlock,,,,,4.588,-1,,,,,0,0,,-1,-1,,,-1,50,50,0,0,,,,
UNKNOWN,0,2.832,1.761,-1,SubBlock,,,,,4.593,-1,,,,,0,0,,-1,-1,,,-1,50,50,0,0,,,,
UNKNOWN,0,2.832,1.77,-1,SubBlock,,,,,4.602,-1,,,,,0,0,,-1,-1,,,-1,50,50,0,0,,,,
UNKNOWN,0,2.832,1.872,-1,SubBlock,,,,,4.703,-1,,,,,0,0,,-1,-1,,,-1,50,50,0,0,,,,
UNKNOWN,0,2.832,1.972,-1,SubBlock,,,,,4.803,-1,,,,,0,0,,-1,-1,,,-1,50,50,0,0,,,,
UNKNOWN,0,2.832,2.069,-1,SubBlock,,,,,4.9,-1,,,,,0,0,,-1,-1,,,-1,50,50,0,0,,,,
UNKNOWN,0,2.832,2.17,-1,SubBlock,,,,,5.002,-1,,,,,0,0,,-1,-1,,,-1,50,50,0,0,,,,
UNKNOWN,0,2.832,2.272,-1,SubBlock,,,,,5.104,-1,,,,,0,0,,-1,-1,,,-1,50,50,0,0,,,,
UNKNOWN,0,2.832,2.372,-1,SubBlock,,,,,5.203,-1,,,,,0,0,,-1,-1,,,-1,50,50,0,0,,,,
UNKNOWN,0,2.832,2.473,-1,SubBlock,,,,,5.305,-1,,,,,0,0,,-1,-1,,,-1,50,50,0,0,,,,
UNKNOWN,0,2.832,2.57,-1,SubBlock,,,,,5.401,-1,,,,,0,0,,-1,-1,,,-1,50,50,0,0,,,,
UNKNOWN,0,2.832,2.67,-1,SubBlock,,,,,5.501,-1,,,,,0,0,,-1,-1,,,-1,50,50,0,0,,,,
UNKNOWN,0,2.832,2.77,-1,SubBlock,,,,,5.601,-1,,,,,0,0,,-1,-1,,,-1,50,50,0,0,,,,
P000,Day,6.039,0.083,0,E_Amb_L,Practice,Expected,Red,Right,6.122,0.498,0,0.839,-0.002,,3.354,0,,-1,-1,,,-1,50,50,0,0,0,,,
P000,Day,6.039,0.25,0,E_Amb_L,Practice,Expected,Red,Right,6.289,0.666,0,0.839,-0.002,,3.354,0,,-1,-1,,,-1,50,50,0,0,0,,,
P000,Day,6.039,0.279,0,E_Amb_L,Practice,Expected,Red,Right,6.318,0.694,0,0.843,-0.002,,0,0,,-1,-1,,,-1,50,50,0,0,0,,,
P000,Day,6.039,0.299,0,E_Amb_L,Practice,Expected,Red,Right,6.338,0.715,0,0.844,-0.002,,0.089,0,,-1,-1,,,-1,50,50,0,0,0,,,
P000,Day,6.039,0.316,0,E_Amb_L,Practice,Expected,Red,Right,6.355,0.731,0,0.844,-0.002,,0.131,0,,-1,-1,,,-1,50,50,0,0,0,,,
P000,Day,6.039,0.33,0,E_Amb_L,Practice,Expected,Red,Right,6.369,0.745,0,0.845,-0.002,,0.164,0,,-1,-1,,,-1,50,50,0,0,0,,,
P000,Day,6.039,0.343,0,E_Amb_L,Practice,Expected,Red,Right,6.382,0.759,0,0.846,-0.002,,0.164,0,,-1,-1,,,-1,50,50,0,0,0,,,
P000,Day,6.039,0.371,0,E_Amb_L,Practice,Expected,Red,Right,6.411,0.787,0,0.849,-0.002,,0.209,0,,-1,-1,,,-1,50,50,0,0,0,,,
P000,Day,6.039,0.484,0,E_Amb_L,Practice,Expected,Red,Right,6.524,0.9,0,0.86,-0.002,,0.204,0,,-1,-1,,,-1,50,50,0,0,0,,,
P000,Day,6.039,0.568,0,E_Amb_L,Practice,Expected,Red,Right,6.608,0.984,0,0.866,-0.002,,0.129,0,,-1,-1,,,-1,50,50,0,0,0,,,
P000,Day,6.039,0.672,0,E_Amb_L,Practice,Expected,Red,Right,6.711,1.087,0,0.87,-0.002,,0.04,0,,-1,-1,,,-1,50,50,0,0,0,,,
P000,Day,6.039,0.774,0,E_Amb_L,Practice,Expected,Red,Right,6.814,1.19,0,0.871,-0.002,,0.012,0,,-1,-1,,,-1,50,50,0,0,0,,,
P000,Day,6.039,0.863,0,E_Amb_L,Practice,Expected,Red,Right,6.903,1.279,0,0.87,-0.002,,0.028,0,,-1,-1,,,-1,50,50,0,0,0,,,
P000,Day,6.039,0.967,0,E_Amb_L,Practice,Expected,Red,Right,7.006,1.382,0,0.868,-0.002,,0.023,0,,-1,-1,,,-1,50,50,0,0,0,,,
P000,Day,6.039,1.071,0,E_Amb_L,Practice,Expected,Red,Right,7.111,1.487,0,0.868,-0.002,,0.011,0,,-1,-1,,,-1,50,50,0,0,0,,,
P000,Day,6.039,1.176,0,E_Amb_L,Practice,Expected,Red,Right,7.215,1.591,0,0.867,-0.002,,0.002,0,,-1,-1,,,-1,50,50,0,0,0,,,
P000,Day,6.039,1.264,0,E_Amb_L,Practice,Expected,Red,Right,7.304,1.68,0,0.867,-0.002,,0.003,0,,-1,-1,,,-1,50,50,0,0,0,,,
P000,Day,6.039,1.367,0,E_Amb_L,Practice,Expected,Red,Right,7.406,1.782,0,0.867,-0.002,,0.004,0,,-1,-1,,,-1,50,50,0,0,0,,,
P000,Day,6.039,1.471,0,E_Amb_L,Practice,Expected,Red,Right,7.511,1.887,0,0.868,-0.002,,0.002,0,,-1,-1,,,-1,50,50,0,0,0,,,
P000,Day,6.039,1.575,0,E_Amb_L,Practice,Expected,Red,Right,7.614,1.99,0,0.868,-0.002,,0.001,0,,-1,-1,,,-1,50,50,0,0,0,,,
P000,Day,6.039,1.668,0,E_Amb_L,Practice,Expected,Red,Right,7.707,2.084,0,0.868,-0.002,,0,0,,-1,-1,,,-1,50,50,0,0,0,,,
P000,Day,6.039,1.772,0,E_Amb_L,Practice,Expected,Red,Right,7.812,2.188,0,0.868,-0.002,,0,0,,-1,-1,,,-1,50,50,0,0,0,,,
P000,Day,6.039,1.866,0,E_Amb_L,Practice,Expected,Red,Right,7.905,2.282,0,0.868,-0.002,,0,0,,-1,-1,,,-1,50,50,0,0,0,,,
P000,Day,6.039,1.964,0,E_Amb_L,Practice,Expected,Red,Right,8.003,2.379,0,0.868,-0.002,,0,0,,-1,-1,,,-1,50,50,0,0,0,,,
P000,Day,6.039,2.068,0,E_Amb_L,Practice,Expected,Red,Right,8.108,2.484,0,0.868,-0.002,,0,0,,-1,-1,,,-1,50,50,0,0,0,,,
P000,Day,6.039,2.17,0,E_Amb_L,Practice,Expected,Red,Right,8.21,2.586,0,0.868,-0.002,,0,0,,-1,-1,,,-1,50,50,0,0,0,,,
P000,Day,6.039,2.272,0,E_Amb_L,Practice,Expected,Red,Right,8.311,2.687,0,0.868,-0.002,,0,0,,-1,-1,,,-1,50,50,0,0,0,,,
P000,Day,6.039,2.375,0,E_Amb_L,Practice,Expected,Red,Right,8.415,2.791,0,0.868,-0.002,,0,0,,-1,-1,,,-1,50,50,0,0,0,,,
P000,Day,6.039,2.462,0,E_Amb_L,Practice,Expected,Red,Right,8.502,2.878,0,0.868,-0.002,,0,0,,-1,-1,,,-1,50,50,0,0,0,,,
P000,Day,6.039,2.566,0,E_Amb_L,Practice,Expected,Red,Right,8.605,2.981,0,0.868,-0.002,,0,0,,-1,-1,,,-1,50,50,0,0,0,,,
P000,Day,6.039,2.662,0,E_Amb_L,Practice,Expected,Red,Right,8.701,3.077,0,0.868,-0.002,,0,0,,-1,-1,,,-1,50,50,0,0,0,,,
P000,Day,6.039,2.774,0,E_Amb_L,Practice,Expected,Red,Right,8.813,3.19,0,0.868,0.004,,0.431,0,,-1,-1,,,-1,50,50,0,0,0,,,
P000,Day,6.039,2.862,0,E_Amb_L,Practice,Expected,Red,Right,8.901,3.278,0,0.868,0.035,,1.119,0,,-1,-1,,,-1,50,50,0,0,0,,,
P000,Day,6.039,2.962,0,E_Amb_L,Practice,Expected,Red,Right,9.001,3.377,0,0.868,0.098,,1.79,0,,-1,-1,,,-1,50,50,0,0,0,,,
P000,Day,6.039,3.075,0,E_Amb_L,Practice,Expected,Red,Right,9.114,3.49,0,0.868,0.205,,2.462,0,,-1,-1,,,-1,50,50,0,0,0,,,
P000,Day,6.039,3.162,0,E_Amb_L,Practice,Expected,Red,Right,9.202,3.578,0,0.868,0.315,,3.134,0,,-1,-1,,,-1,50,50,0,0,0,,,
P000,Day,6.039,3.272,0,E_Amb_L,Practice,Expected,Red,Right,9.311,3.687,0,0.868,0.484,,3.806,0,,-1,-1,,,-1,50,50,0,0,0,,,
P000,Day,6.039,3.364,0,E_Amb_L,Practice,Expected,Red,Right,9.403,3.779,0,0.868,0.653,,4.478,0,,-1,-1,,,-1,50,50,0,0,0,,,
P000,Day,6.039,3.467,0,E_Amb_L,Practice,Expected,Red,Right,9.506,3.882,0,0.868,0.873,,5.15,0,,-1,-1,,,-1,50,50,0,0,0,,,
P000,Day,6.039,3.571,0,E_Amb_L,Practice,Expected,Red,Right,9.61,3.987,0,0.868,1.131,,5.822,0,,-1,-1,,,-1,50,50,0,0,0,,,
P000,Day,6.039,3.665,0,E_Amb_L,Practice,Expected,Red,Right,9.704,4.08,0,0.868,1.387,,6.493,0,,-1,-1,,,-1,50,50,0,0,0,,,
P000,Day,6.039,3.77,0,E_Amb_L,Practice,Expected,Red,Right,9.809,4.185,0,0.868,1.707,,7.165,0,,-1,-1,,,-1,50,50,0,0,0,,,
P000,Day,6.039,3.865,0,E_Amb_L,Practice,Expected,Red,Right,9.904,4.281,0,0.868,2.026,,7.836,0,,-1,-1,,,-1,50,50,0,0,0,,,
P000,Day,6.039,3.969,0,E_Amb_L,Practice,Expected,Red,Right,10.008,4.384,0,0.868,2.404,,8.507,0,,-1,-1,,,-1,50,50,0,0,0,,,
P000,Day,6.039,4.071,0,E_Amb_L,Practice,Expected,Red,Right,10.111,4.487,0,0.868,2.813,,9.178,0,,-1,-1,,,-1,50,50,0,0,0,,,
P000,Day,6.039,4.165,0,E_Amb_L,Practice,Expected,Red,Right,10.204,4.58,0,0.868,3.208,,9.849,0,,-1,-1,,,-1,50,50,0,0,0,,,
P000,Day,6.039,4.268,0,E_Amb_L,Practice,Expected,Red,Right,10.308,4.684,0,0.868,3.678,,10.519,0,,-1,-1,,,-1,50,50,0,0,0,,,
P000,Day,6.039,4.367,0,E_Amb_L,Practice,Expected,Red,Right,10.406,4.783,0,0.868,4.157,,11.19,0,,-1,-1,,,-1,50,50,0,0,0,,,
P000,Day,6.039,4.469,0,E_Amb_L,Practice,Expected,Red,Right,10.509,4.885,0,0.868,4.684,,11.863,0,,-1,-1,,,-1,50,50,0,0,0,,,
P000,Day,6.039,4.564,0,E_Amb_L,Practice,Expected,Red,Right,10.603,4.979,0,0.869,5.198,,12.533,0,,-1,-1,,,-1,50,50,0,0,0,,,
P000,Day,6.039,4.666,0,E_Amb_L,Practice,Expected,Red,Right,10.705,5.082,0,0.868,5.784,,13.204,0,,-1,-1,,,-1,50,50,0,0,0,,,
P000,Day,6.039,4.773,0,E_Amb_L,Practice,Expected,Red,Right,10.812,5.189,0,0.868,6.431,,13.874,0,,-1,-1,,,-1,50,50,0,0,0,,,
P000,Day,6.039,4.869,0,E_Amb_L,Practice,Expected,Red,Right,10.909,5.285,0,0.868,7.05,,14.543,0,,-1,-1,,,-1,50,50,0,0,0,,,
P000,Day,6.039,4.965,0,E_Amb_L,Practice,Expected,Red,Right,11.004,5.38,0,0.868,7.678,,15.213,0,,-1,-1,,,-1,50,50,0,0,0,,,
P000,Day,6.039,5.068,0,E_Amb_L,Practice,Expected,Red,Right,11.108,5.484,0,0.868,8.396,,15.882,0,,-1,-1,,,-1,50,50,0,0,0,,,
P000,Day,6.039,5.162,0,E_Amb_L,Practice,Expected,Red,Right,11.201,5.578,0,0.868,9.076,,16.551,0,,-1,-1,,,-1,50,50,0,0,0,,,
P000,Day,6.039,5.264,0,E_Amb_L,Practice,Expected,Red,Right,11.303,5.68,-0.001,0.868,9.843,,17.22,0,,-1,-1,,,-1,50,50,0,0,0,,,
P000,Day,6.039,5.371,0,E_Amb_L,Practice,Expected,Red,Right,11.411,5.787,-0.001,0.868,10.693,,17.889,0,,-1,-1,,,-1,50,50,0,0,0,,,
P000,Day,6.039,5.462,0,E_Amb_L,Practice,Expected,Red,Right,11.502,5.878,-0.001,0.868,11.425,,18.557,0,,-1,-1,,,-1,50,50,0,0,0,,,
P000,Day,6.039,5.566,0,E_Amb_L,Practice,Expected,Red,Right,11.605,5.981,-0.001,0.868,12.301,,19.226,0,,-1,-1,,,-1,50,50,0,0,0,,,
P000,Day,6.039,5.669,0,E_Amb_L,Practice,Expected,Red,Right,11.708,6.084,-0.001,0.868,13.202,,19.894,0,,-1,-1,,,-1,50,50,0,0,0,,,
P000,Day,6.039,5.766,0,E_Amb_L,Practice,Expected,Red,Right,11.805,6.181,-0.001,0.868,14.075,,20.563,0,,-1,-1,,,-1,50,50,0,0,0,,,
P000,Day,6.039,5.865,0,E_Amb_L,Practice,Expected,Red,Right,11.904,6.28,-0.002,0.868,14.999,,21.231,0,,-1,-1,,,-1,50,50,0,0,0,,,
P000,Day,6.039,5.969,0,E_Amb_L,Practice,Expected,Red,Right,12.009,6.385,-0.002,0.868,16.015,,21.898,0,,-1,-1,,,-1,50,50,0,0,0,,,
P000,Day,6.039,6.066,0,E_Amb_L,Practice,Expected,Red,Right,12.105,6.481,-0.002,0.868,16.963,,22.566,0,,-1,-1,,,-1,50,50,0,0,0,,,
P000,Day,6.039,6.17,0,E_Amb_L,Practice,Expected,Red,Right,12.209,6.585,-0.002,0.868,18.03,,23.234,0,,-1,-1,,,-1,50,50,0,0,0,,,
P000,Day,6.039,6.265,0,E_Amb_L,Practice,Expected,Red,Right,12.304,6.68,-0.003,0.868,19.029,,23.901,0,,-1,-1,,,-1,50,50,0,0,0,,,
P000,Day,6.039,6.364,0,E_Amb_L,Practice,Expected,Red,Right,12.403,6.78,-0.003,0.868,20.101,,24.568,0,,-1,-1,,,-1,50,50,0,0,0,,,
P000,Day,6.039,6.463,0,E_Amb_L,Practice,Expected,Red,Right,12.502,6.878,-0.003,0.868,21.203,,25.235,0,,-1,-1,,,-1,50,50,0,0,0,,,
P000,Day,6.039,6.567,0,E_Amb_L,Practice,Expected,Red,Right,12.606,6.982,-0.004,0.868,22.387,,25.902,0,,-1,-1,,,-1,50,50,0,0,0,,,
P000,Day,6.039,6.669,0,E_Amb_L,Practice,Expected,Red,Right,12.709,7.085,-0.004,0.868,23.603,,26.569,0,,-1,-1,,,-1,50,50,0,0,0,,,
P000,Day,6.039,6.763,0,E_Amb_L,Practice,Expected,Red,Right,12.802,7.179,-0.005,0.868,24.719,,27.236,0,,-1,-1,,,-1,50,50,0,0,0,,,
P000,Day,6.039,6.868,0,E_Amb_L,Practice,Expected,Red,Right,12.907,7.284,-0.005,0.868,26.011,,27.902,0,,-1,-1,,,-1,50,50,0,0,0,,,
P000,Day,6.039,6.962,0,E_Amb_L,Practice,Expected,Red,Right,13.002,7.378,-0.006,0.868,27.192,,28.568,0,,-1,-1,,,-1,50,50,0,0,0,,,
P000,Day,6.039,7.068,0,E_Amb_L,Practice,Expected,Red,Right,13.108,7.484,-0.006,0.868,28.571,,29.234,0,,-1,-1,,,-1,50,50,0,0,0,,,
P000,Day,6.039,7.163,0,E_Amb_L,Practice,Expected,Red,Right,13.202,7.579,-0.007,0.868,29.822,,29.9,0,,-1,-1,,,-1,50,50,0,0,0,,,
P000,Day,6.039,7.267,0,E_Amb_L,Practice,Expected,Red,Right,13.306,7.682,-0.007,0.868,31.216,,30.566,0,,-1,-1,,,-1,50,50,0,0,0,,,
P000,Day,6.039,7.364,0,E_Amb_L,Practice,Expected,Red,Right,13.403,7.779,-0.008,0.868,32.558,,31.232,0,,-1,-1,,,-1,50,50,0,0,0,,,
P000,Day,6.039,7.467,0,E_Amb_L,Practice,Expected,Red,Right,13.507,7.883,-0.009,0.868,34.02,,31.897,0,,-1,-1,,,-1,50,50,0,0,0,,,
P000,Day,6.039,7.565,0,E_Amb_L,Practice,Expected,Red,Right,13.604,7.98,-0.01,0.868,35.422,,32.562,0,,-1,-1,,,-1,50,50,0,0,0,,,
P000,Day,6.039,7.669,0,E_Amb_L,Practice,Expected,Red,Right,13.708,8.085,-0.011,0.868,36.964,,33.228,0,,-1,-1,,,-1,50,50,0,0,0,,,
P000,Day,6.039,7.764,0,E_Amb_L,Practice,Expected,Red,Right,13.804,8.18,-0.011,0.868,38.382,,33.893,0,,-1,-1,,,-1,50,50,0,0,0,,,
P000,Day,6.039,7.867,0,E_Amb_L,Practice,Expected,Red,Right,13.907,8.283,-0.012,0.868,39.957,,34.557,0,,-1,-1,,,-1,50,50,0,0,0,,,
P000,Day,6.039,7.963,0,E_Amb_L,Practice,Expected,Red,Right,14.002,8.378,-0.013,0.868,41.443,,35.222,0,,-1,-1,,,-1,50,50,0,0,0,,,
P000,Day,6.039,8.067,0,E_Amb_L,Practice,Expected,Red,Right,14.107,8.483,-0.014,0.868,43.105,,35.887,0,,-1,-1,,,-1,50,50,0,0,0,,,
P000,Day,6.039,8.169,0,E_Amb_L,Practice,Expected,Red,Right,14.208,8.585,-0.016,0.868,44.754,,36.551,0,,-1,-1,,,-1,50,50,0,0,0,,,
P000,Day,6.039,8.264,0,E_Amb_L,Practice,Expected,Red,Right,14.304,8.68,-0.017,0.868,46.325,,37.215,0,,-1,-1,,,-1,50,50,0,0,0,,,
P000,Day,6.039,8.371,0,E_Amb_L,Practice,Expected,Red,Right,14.41,8.786,-0.018,0.868,48.102,,37.879,0,,-1,-1,,,-1,50,50,0,0,0,,,
P000,Day,6.039,8.469,0,E_Amb_L,Practice,Expected,Red,Right,14.508,8.884,-0.019,0.868,49.784,,38.543,0,,-1,-1,,,-1,50,50,0,0,0,,,
P000,Day,6.039,8.564,0,E_Amb_L,Practice,Expected,Red,Right,14.603,8.979,-0.021,0.868,51.439,,39.207,0,,-1,-1,,,-1,50,50,0,0,0,,,
P000,Day,6.039,8.668,0,E_Amb_L,Practice,Expected,Red,Right,14.708,9.084,-0.022,0.868,53.282,,39.87,0,,-1,-1,,,-1,50,50,0,0,0,,,
P000,Day,6.039,8.771,0,E_Amb_L,Practice,Expected,Red,Right,14.811,9.187,-0.024,0.868,55.126,,40.534,0,,-1,-1,,,-1,50,50,0,0,0,,,
P000,Day,6.039,8.868,0,E_Amb_L,Practice,Expected,Red,Right,14.908,9.284,-0.025,0.868,56.906,,41.197,0,,-1,-1,,,-1,50,50,0,0,0,,,
P000,Day,6.039,8.966,0,E_Amb_L,Practice,Expected,Red,Right,15.005,9.382,-0.027,0.868,58.714,,41.86,0,,-1,-1,,,-1,50,50,0,0,0,,,
P000,Day,6.039,9.069,0,E_Amb_L,Practice,Expected,Red,Right,15.108,9.484,-0.029,0.868,60.645,,42.523,0,,-1,-1,,,-1,50,50,0,0,0,,,
P000,Day,6.039,9.166,0,E_Amb_L,Practice,Expected,Red,Right,15.206,9.582,-0.031,0.868,62.521,,43.186,0,,-1,-1,,,-1,50,50,0,0,0,,,
P000,Day,6.039,9.264,0,E_Amb_L,Practice,Expected,Red,Right,15.304,9.68,-0.032,0.868,64.43,,43.848,0,,-1,-1,,,-1,50,50,0,0,0,,,
P000,Day,6.039,9.37,0,E_Amb_L,Practice,Expected,Red,Right,15.409,9.785,-0.035,0.868,66.511,,44.511,0,,-1,-1,,,-1,50,50,0,0,0,,,
P000,Day,6.039,9.47,0,E_Amb_L,Practice,Expected,Red,Right,15.509,9.885,-0.037,0.868,68.53,,45.173,0,,-1,-1,,,-1,50,50,0,0,0,,,
P000,Day,6.039,9.566,0,E_Amb_L,Practice,Expected,Red,Right,15.606,9.982,-0.039,0.868,70.475,,45.835,0,,-1,-1,,,-1,50,50,0,0,0,,,
P000,Day,6.039,9.667,0,E_Amb_L,Practice,Expected,Red,Right,15.706,10.082,-0.041,0.868,72.548,,46.497,0,,-1,-1,,,-1,50,50,0,0,0,,,
P000,Day,6.039,9.765,0,E_Amb_L,Practice,Expected,Red,Right,15.804,10.181,-0.044,0.868,74.609,,47.159,0,,-1,-1,,,-1,50,50,0,0,0,,,
P000,Day,6.039,9.868,0,E_Amb_L,Practice,Expected,Red,Right,15.908,10.284,-0.046,0.868,76.801,,47.82,0,,-1,-1,,,-1,50,50,0,0,0,,,
P000,Day,6.039,9.966,0,E_Amb_L,Practice,Expected,Red,Right,16.005,10.382,-0.049,0.868,78.904,,48.482,0,,-1,-1,,,-1,50,50,0,0,0,,,
P000,Day,6.039,10.068,0,E_Amb_L,Practice,Expected,Red,Right,16.107,10.484,-0.051,0.868,81.113,,49.143,0,,-1,-1,,,-1,50,50,0,0,1,,16.068,
P000,Day,6.039,10.163,0,E_Amb_L,Practice,Expected,Red,Right,16.202,10.578,-0.054,0.868,83.205,,49.804,0,,-1,-1,,,-1,50,50,0,0,1,,16.068,
P000,Day,6.039,10.263,0,E_Amb_L,Practice,Expected,Red,Right,16.303,10.679,-0.057,0.868,85.46,,50.465,0,,-1,-1,,,-1,50,50,0,0,1,,16.068,
P000,Day,6.039,10.366,0,E_Amb_L,Practice,Expected,Red,Right,16.405,10.781,-0.06,0.868,87.773,,51.126,0,,-1,-1,,,-1,50,50,0,0,1,,16.068,
P000,Day,6.039,10.467,0,E_Amb_L,Practice,Expected,Red,Right,16.507,10.883,-0.063,0.868,90.123,,51.787,0,,-1,-1,,,-1,50,50,0,0,1,,16.068,
P000,Day,6.039,10.57,0,E_Amb_L,Practice,Expected,Red,Right,16.61,10.986,-0.067,0.868,92.554,,52.447,0,,-1,-1,,,-1,50,50,0,0,1,,16.068,
P000,Day,6.039,10.667,0,E_Amb_L,Practice,Expected,Red,Right,16.706,11.082,-0.07,0.868,94.797,,53.108,0,,-1,-1,,,-1,50,50,0,0,1,,16.068,
P000,Day,6.039,10.768,0,E_Amb_L,Practice,Expected,Red,Right,16.807,11.183,-0.074,0.868,97.205,,53.768,0,,-1,-1,,,-1,50,50,0,0,1,,16.068,
P000,Day,6.039,10.868,0,E_Amb_L,Practice,Expected,Red,Right,16.907,11.283,-0.077,0.868,99.628,,54.428,0,,-1,-1,,,-1,50,50,0,0,1,,16.068,
P000,Day,6.039,10.971,0,E_Amb_L,Practice,Expected,Red,Right,17.01,11.386,-0.081,0.868,102.144,,55.088,0,,-1,-1,,,-1,50,50,0,0,1,,16.068,
P000,Day,6.039,11.064,0,E_Amb_L,Practice,Expected,Red,Right,17.103,11.479,-0.085,0.868,104.454,,55.748,0,,-1,-1,,,-1,50,50,0,0,1,,16.068,
P000,Day,6.039,11.162,0,E_Amb_L,Practice,Expected,Red,Right,17.202,11.578,-0.089,0.868,106.919,,56.407,0,,-1,-1,,,-1,50,50,0,0,1,,16.068,
P000,Day,6.039,11.267,0,E_Amb_L,Practice,Expected,Red,Right,17.306,11.682,-0.094,0.868,109.566,,57.067,0,,-1,-1,,,-1,50,50,0,0,1,,16.068,
P000,Day,6.039,11.368,0,E_Amb_L,Practice,Expected,Red,Right,17.407,11.784,-0.098,0.868,112.163,,57.726,0,,-1,-1,,,-1,50,50,0,0,1,,16.068,
P000,Day,6.039,11.466,0,E_Amb_L,Practice,Expected,Red,Right,17.505,11.881,-0.102,0.868,114.701,,58.385,0,,-1,-1,,,-1,50,50,0,0,1,,16.068,
P000,Day,6.039,11.566,0,E_Amb_L,Practice,Expected,Red,Right,17.605,11.982,-0.107,0.868,117.332,,59.044,0,,-1,-1,,,-1,50,50,0,0,1,,16.068,
P000,Day,6.039,11.668,0,E_Amb_L,Practice,Expected,Red,Right,17.707,12.083,-0.112,0.868,120.014,,59.703,0,,-1,-1,,,-1,50,50,0,0,1,,16.068,
P000,Day,6.039,11.769,0,E_Amb_L,Practice,Expected,Red,Right,17.809,12.185,-0.117,0.868,122.76,,60.318,0,,-1,-1,,,-1,50,50,0,0,1,,16.068,
P000,Day,6.039,11.867,0,E_Amb_L,Practice,Expected,Red,Right,17.907,12.283,-0.122,0.868,125.4,,60.492,0,,-1,-1,,,-1,50,50,0,0,1,,16.068,
P000,Day,6.039,11.966,0,E_Amb_L,Practice,Expected,Red,Right,18.005,12.381,-0.127,0.868,128.059,,60.484,0,,-1,-1,,,-1,50,50,0,0,1,,16.068,
P000,Day,6.039,12.065,0,E_Amb_L,Practice,Expected,Red,Right,18.104,12.48,-0.133,0.868,130.739,,60.432,0,,-1,-1,,,-1,50,50,0,0,1,,16.068,
P000,Day,6.039,12.166,0,E_Amb_L,Practice,Expected,Red,Right,18.205,12.582,-0.138,0.868,133.479,,60.462,0,,-1,-1,,,-1,50,50,0,0,1,,16.068,
P000,Day,6.039,12.266,0,E_Amb_L,Practice,Expected,Red,Right,18.305,12.682,-0.144,0.868,136.186,,60.929,0,,-1,-1,,,-1,50,50,0,0,1,,16.068,
P000,Day,6.039,12.363,0,E_Amb_L,Practice,Expected,Red,Right,18.402,12.778,-0.149,0.868,138.826,,61.542,0,,-1,-1,,,-1,50,50,0,0,1,,16.068,
P000,Day,6.039,12.467,0,E_Amb_L,Practice,Expected,Red,Right,18.506,12.882,-0.155,0.868,141.709,,62.189,0,,-1,-1,,,-1,50,50,0,0,1,,16.068,
P000,Day,6.039,12.564,0,E_Amb_L,Practice,Expected,Red,Right,18.603,12.979,-0.161,0.868,144.41,,62.845,0,,-1,-1,,,-1,50,50,0,0,1,,16.068,
P000,Day,6.039,12.672,0,E_Amb_L,Practice,Expected,Red,Right,18.711,13.088,-0.168,0.868,147.46,,63.502,0,,-1,-1,,,-1,50,50,0,0,1,,16.068,
P000,Day,6.039,12.775,0,E_Amb_L,Practice,Expected,Red,Right,18.814,13.19,-0.174,0.868,150.4,,64.159,0,,-1,-1,,,-1,50,50,0,0,1,,16.068,
P000,Day,6.039,12.863,0,E_Amb_L,Practice,Expected,Red,Right,18.903,13.279,-0.18,0.868,152.94,,64.817,0,,-1,-1,,,-1,50,50,0,0,1,,16.068,
P000,Day,6.039,12.969,0,E_Amb_L,Practice,Expected,Red,Right,19.008,13.384,-0.187,0.868,156.02,,65.237,0,,-1,-1,,,-1,50,50,0,0,1,,16.068,
P000,Day,6.039,13.068,0,E_Amb_L,Practice,Expected,Red,Right,19.107,13.483,-0.194,0.868,158.911,,65.3,0,,-1,-1,,,-1,50,50,0,0,1,,16.068,
P000,Day,6.039,13.165,0,E_Amb_L,Practice,Expected,Red,Right,19.205,13.581,-0.2,0.868,161.765,,65.265,0,,-1,-1,,,-1,50,50,0,0,1,,16.068,
P000,Day,6.039,13.264,0,E_Amb_L,Practice,Expected,Red,Right,19.303,13.68,-0.207,0.868,164.643,,65.203,0,,-1,-1,,,-1,50,50,0,0,1,,16.068,
P000,Day,6.039,13.365,0,E_Amb_L,Practice,Expected,Red,Right,19.405,13.781,-0.214,0.868,167.595,,65.133,0,,-1,-1,,,-1,50,50,0,0,1,,16.068,
P000,Day,6.039,13.467,0,E_Amb_L,Practice,Expected,Red,Right,19.506,13.883,-0.222,0.868,170.555,,65.06,0,,-1,-1,,,-1,50,50,0,0,1,,16.068,
P000,Day,6.039,13.571,0,E_Amb_L,Practice,Expected,Red,Right,19.611,13.987,-0.229,0.868,173.62,,64.987,0,,-1,-1,,,-1,50,50,0,0,1,,16.068,
P000,Day,6.039,13.665,0,E_Amb_L,Practice,Expected,Red,Right,19.705,14.081,-0.236,0.868,176.32,,64.913,0,,-1,-1,,,-1,50,50,0,0,1,,16.068,
P000,Day,6.039,13.765,0,E_Amb_L,Practice,Expected,Red,Right,19.805,14.181,-0.243,0.868,179.224,,64.84,0,,-1,-1,,,-1,50,50,0,0,1,,16.068,
P000,Day,6.039,13.871,0,E_Amb_L,Practice,Expected,Red,Right,19.91,14.286,-0.251,0.868,182.271,,64.766,0,,-1,-1,,,-1,50,50,0,0,1,,16.068,
P000,Day,6.039,13.972,0,E_Amb_L,Practice,Expected,Red,Right,20.011,14.388,-0.259,0.868,185.241,,64.693,0,,-1,-1,,,-1,50,50,0,0,1,,16.068,
P000,Day,6.039,14.066,0,E_Amb_L,Practice,Expected,Red,Right,20.105,14.482,-0.265,0.868,187.912,,64.619,0,,-1,-1,,,-1,50,50,0,0,1,,16.068,
P000,Day,6.039,14.17,0,E_Amb_L,Practice,Expected,Red,Right,20.209,14.586,-0.273,0.868,190.916,,64.546,0,,-1,-1,,,-1,50,50,0,0,1,,16.068,
P000,Day,6.039,14.265,0,E_Amb_L,Practice,Expected,Red,Right,20.305,14.681,-0.28,0.868,193.664,,64.473,0,,-1,-1,,,-1,50,50,0,0,1,,16.068,
P000,Day,6.039,14.364,0,E_Amb_L,Practice,Expected,Red,Right,20.404,14.78,-0.288,0.868,196.514,,64.4,0,,-1,-1,,,-1,50,50,0,0,1,,16.068,
P000,Day,6.039,14.464,0,E_Amb_L,Practice,Expected,Red,Right,20.504,14.88,-0.295,0.868,199.388,,64.327,0,,-1,-1,,,-1,50,50,0,0,1,,16.068,
P000,Day,6.039,14.567,0,E_Amb_L,Practice,Expected,Red,Right,20.607,14.983,-0.303,0.868,202.36,,64.254,0,,-1,-1,,,-1,50,50,0,0,1,,16.068,
P000,Day,6.039,14.672,0,E_Amb_L,Practice,Expected,Red,Right,20.711,15.088,-0.311,0.868,205.4,,64.181,0,,-1,-1,,,-1,50,50,0,0,1,,16.068,
P000,Day,6.039,14.769,0,E_Amb_L,Practice,Expected,Red,Right,20.808,15.185,-0.287,0.868,208.138,,63.869,0,,-1,-1,,,-1,50,50,0,0,1,,16.068,
P000,Day,6.039,14.866,0,E_Amb_L,Practice,Expected,Red,Right,20.905,15.281,-0.241,0.868,210.88,,63.767,0,,-1,-1,,,-1,50,50,0,0,1,,16.068,
P000,Day,6.039,14.969,0,E_Amb_L,Practice,Expected,Red,Right,21.009,15.385,-0.179,0.868,213.845,,63.68,0,,-1,-1,,,-1,50,50,0,0,1,,16.068,
P000,Day,6.039,15.065,0,E_Amb_L,Practice,Expected,Red,Right,21.105,15.481,-0.102,0.868,216.566,,63.555,0,,-1,-1,,,-1,50,50,0,0,1,,16.068,
P000,Day,6.039,15.171,0,E_Amb_L,Practice,Expected,Red,Right,21.21,15.586,-0.038,0.868,219.599,,63.287,0,,-1,-1,,,-1,50,50,0,0,1,,16.068,
P000,Day,6.039,15.263,0,E_Amb_L,Practice,Expected,Red,Right,21.303,15.679,0.019,0.868,222.179,,63.192,0,,-1,-1,,,-1,50,50,0,0,1,,16.068,
P000,Day,6.039,15.367,0,E_Amb_L,Practice,Expected,Red,Right,21.407,15.783,0.092,0.868,225.118,,63.116,0,,-1,-1,,,-1,50,50,0,0,1,,16.068,
P000,Day,6.039,15.467,0,E_Amb_L,Practice,Expected,Red,Right,21.507,15.883,0.16,0.868,227.934,,63.201,0,,-1,-1,,,-1,50,50,0,0,1,,16.068,
P000,Day,6.039,15.569,0,E_Amb_L,Practice,Expected,Red,Right,21.609,15.985,0.222,0.868,230.815,,63.684,0,,-1,-1,,,-1,50,50,0,0,1,,16.068,
P000,Day,6.039,15.668,0,E_Amb_L,Practice,Expected,Red,Right,21.707,16.083,0.271,0.868,233.63,,63.888,0,,-1,-1,,,-1,50,50,0,0,1,,16.068,
P000,Day,6.039,15.763,0,E_Amb_L,Practice,Expected,Red,Right,21.803,16.179,0.306,0.868,236.368,,64.207,0,,-1,-1,,,-1,50,50,0,0,1,,16.068,
P000,Day,6.039,15.866,0,E_Amb_L,Practice,Expected,Red,Right,21.905,16.282,0.334,0.868,239.323,,64.603,0,,-1,-1,,,-1,50,50,0,0,1,,16.068,
P000,Day,6.039,15.968,0,E_Amb_L,Practice,Expected,Red,Right,22.007,16.384,0.396,0.868,242.258,,64.554,0,,-1,-1,,,-1,50,50,0,0,1,,16.068,
P000,Day,6.039,16.064,0,E_Amb_L,Practice,Expected,Red,Right,22.103,16.479,0.458,0.868,245.033,,64.517,0,,-1,-1,,,-1,50,50,0,0,1,,16.068,
P000,Day,6.039,16.167,0,E_Amb_L,Practice,Expected,Red,Right,22.206,16.582,0.531,0.868,247.999,,64.451,0,,-1,-1,,,-1,50,50,0,0,1,,16.068,
P000,Day,6.039,16.264,0,E_Amb_L,Practice,Expected,Red,Right,22.303,16.679,0.601,0.868,250.783,,64.21,0,,-1,-1,,,-1,50,50,0,0,1,,16.068,
P000,Day,6.039,16.37,0,E_Amb_L,Practice,Expected,Red,Right,22.41,16.786,0.662,0.868,253.847,,64.102,0,,-1,-1,,,-1,50,50,0,0,1,,16.068,
P000,Day,6.039,16.467,0,E_Amb_L,Practice,Expected,Red,Right,22.507,16.883,0.73,0.868,256.621,,64.021,0,,-1,-1,,,-1,50,50,0,0,1,,16.068,
P000,Day,6.039,16.565,0,E_Amb_L,Practice,Expected,Red,Right,22.605,16.981,0.804,0.868,259.437,,64.181,0,,-1,-1,,,-1,50,50,0,0,1,,16.068,
P000,Day,6.039,16.672,0,E_Amb_L,Practice,Expected,Red,Right,22.711,17.087,0.885,0.868,262.53,,64.383,0,,-1,-1,,,-1,50,50,0,0,1,,16.068,
P000,Day,6.039,16.767,0,E_Amb_L,Practice,Expected,Red,Right,22.806,17.182,0.952,0.868,265.221,,64.383,0,,-1,-1,,,-1,50,50,0,0,1,,16.068,
P000,Day,6.039,16.864,0,E_Amb_L,Practice,Expected,Red,Right,22.903,17.279,1.016,0.868,268.013,,64.33,0,,-1,-1,,,-1,50,50,0,0,1,,16.068,
P000,Day,6.039,16.971,0,E_Amb_L,Practice,Expected,Red,Right,23.01,17.387,1.081,0.868,271.09,,64.262,0,,-1,-1,,,-1,50,50,0,0,1,,16.068,
P000,Day,6.039,17.065,0,E_Amb_L,Practice,Expected,Red,Right,23.104,17.48,1.131,0.868,273.784,,64.189,0,,-1,-1,,,-1,50,50,0,0,1,,16.068,
P000,Day,6.039,17.168,0,E_Amb_L,Practice,Expected,Red,Right,23.207,17.584,1.179,0.868,276.746,,64.116,0,,-1,-1,,,-1,50,50,0,0,1,,16.068,
P000,Day,6.039,17.267,0,E_Amb_L,Practice,Expected,Red,Right,23.307,17.683,1.22,0.868,279.592,,64.042,0,,-1,-1,,,-1,50,50,0,0,1,,16.068,
P000,Day,6.039,17.364,0,E_Amb_L,Practice,Expected,Red,Right,23.404,17.78,1.254,0.868,282.365,,63.969,0,,-1,-1,,,-1,50,50,0,0,1,,16.068,
P000,Day,6.039,17.465,0,E_Amb_L,Practice,Expected,Red,Right,23.504,17.881,1.284,0.868,285.245,,63.895,0,,-1,-1,,,-1,50,50,0,0,1,,16.068,
P000,Day,6.039,17.572,0,E_Amb_L,Practice,Expected,Red,Right,23.612,17.988,1.311,0.868,288.338,,63.822,0,,-1,-1,,,-1,50,50,0,0,1,,16.068,
P000,Day,6.039,17.667,0,E_Amb_L,Practice,Expected,Red,Right,23.707,18.083,1.331,0.868,291.02,,63.749,0,,-1,-1,,,-1,50,50,0,0,1,,16.068,
P000,Day,6.039,17.772,0,E_Amb_L,Practice,Expected,Red,Right,23.811,18.187,1.349,0.868,294.022,,63.677,0,,-1,-1,,,-1,50,50,0,0,1,,16.068,
P000,Day,6.039,17.865,0,E_Amb_L,Practice,Expected,Red,Right,23.905,18.281,1.363,0.868,296.644,,63.604,0,,-1,-1,,,-1,50,50,0,0,1,,16.068,
P000,Day,6.039,17.967,0,E_Amb_L,Practice,Expected,Red,Right,24.007,18.383,1.375,0.868,299.552,,63.532,0,,-1,-1,,,-1,50,50,0,0,1,,16.068,
P000,Day,6.039,18.063,0,E_Amb_L,Practice,Expected,Red,Right,24.102,18.478,1.384,0.868,302.259,,63.46,0,,-1,-1,,,-1,50,50,0,0,1,,16.068,
P000,Day,6.039,18.167,0,E_Amb_L,Practice,Expected,Red,Right,24.206,18.582,1.392,0.868,305.215,,63.388,0,,-1,-1,,,-1,50,50,0,0,1,,16.068,
P000,Day,6.039,18.27,0,E_Amb_L,Practice,Expected,Red,Right,24.309,18.685,1.399,0.868,308.116,,63.316,0,,-1,-1,,,-1,50,50,0,0,1,,16.068,
P000,Day,6.039,18.367,0,E_Amb_L,Practice,Expected,Red,Right,24.406,18.782,1.404,0.868,310.862,,63.244,0,,-1,-1,,,-1,50,50,0,0,1,,16.068,
P000,Day,6.039,18.464,0,E_Amb_L,Practice,Expected,Red,Right,24.504,18.88,1.379,0.868,313.618,,62.931,0,,-1,-1,,,-1,50,50,0,0,1,,16.068,
P000,Day,6.039,18.57,0,E_Amb_L,Practice,Expected,Red,Right,24.61,18.986,1.324,0.868,316.595,,62.83,0,,-1,-1,,,-1,50,50,0,0,1,,16.068,
P000,Day,6.039,18.665,0,E_Amb_L,Practice,Expected,Red,Right,24.704,19.081,1.262,0.868,319.256,,62.743,0,,-1,-1,,,-1,50,50,0,0,1,,16.068,
P000,Day,6.039,18.769,0,E_Amb_L,Practice,Expected,Red,Right,24.809,19.185,1.174,0.868,322.176,,62.619,0,,-1,-1,,,-1,50,50,0,0,1,,16.068,
P000,Day,6.039,18.866,0,E_Amb_L,Practice,Expected,Red,Right,24.906,19.282,1.107,0.868,324.889,,62.392,0,,-1,-1,,,-1,50,50,0,0,1,,16.068,
P000,Day,6.039,18.97,0,E_Amb_L,Practice,Expected,Red,Right,25.009,19.385,1.023,0.868,327.772,,62.302,0,,-1,-1,,,-1,50,50,0,0,1,,16.068,
P000,Day,6.039,19.069,0,E_Amb_L,Practice,Expected,Red,Right,25.109,19.485,0.933,0.868,330.529,,62.227,0,,-1,-1,,,-1,50,50,0,0,1,,16.068,
P000,Day,6.039,19.165,0,E_Amb_L,Practice,Expected,Red,Right,25.204,19.581,0.844,0.868,333.198,,62.156,0,,-1,-1,,,-1,50,50,0,0,1,,16.068,
P000,Day,6.039,19.27,0,E_Amb_L,Practice,Expected,Red,Right,25.31,19.686,0.748,0.868,336.11,,62.085,0,,-1,-1,,,-1,50,50,0,0,1,,16.068,
P000,Day,6.039,19.366,0,E_Amb_L,Practice,Expected,Red,Right,25.406,19.782,0.665,0.868,338.786,,62.013,0,,-1,-1,,,-1,50,50,0,0,1,,16.068,
P000,Day,6.039,19.465,0,E_Amb_L,Practice,Expected,Red,Right,25.505,19.881,0.586,0.868,341.525,,61.942,0,,-1,-1,,,-1,50,50,0,0,1,,16.068,
P000,Day,6.039,19.563,0,E_Amb_L,Practice,Expected,Red,Right,25.603,19.979,0.515,0.868,344.237,,61.87,0,,-1,-1,,,-1,50,50,0,0,1,,16.068,
P000,Day,6.039,19.663,0,E_Amb_L,Practice,Expected,Red,Right,25.702,20.079,0.45,0.868,346.985,,61.798,0,,-1,-1,,,-1,50,50,0,0,1,,16.068,
P000,Day,6.039,19.771,0,E_Amb_L,Practice,Expected,Red,Right,25.81,20.186,0.387,0.868,350.008,,61.769,0,,-1,-1,,,-1,50,50,0,0,1,,16.068,
P000,Day,6.039,19.868,0,E_Amb_L,Practice,Expected,Red,Right,25.908,20.284,0.338,0.868,352.668,,62.174,0,,-1,-1,,,-1,50,50,0,0,1,,16.068,
P000,Day,6.039,19.966,0,E_Amb_L,Practice,Expected,Red,Right,26.006,20.382,0.293,0.868,355.407,,62.77,0,,-1,-1,,,-1,50,50,0,0,1,,16.068,
P000,Day,6.039,20.063,0,E_Amb_L,Practice,Expected,Red,Right,26.103,20.479,0.253,0.868,358.129,,63.412,0,,-1,-1,,,-1,50,50,0,0,1,,16.068,
P000,Day,6.039,20.168,0,E_Amb_L,Practice,Expected,Red,Right,26.208,20.584,0.215,0.868,361.132,,64.065,0,,-1,-1,,,-1,50,50,0,0,1,,16.068,
P000,Day,6.039,20.271,0,E_Amb_L,Practice,Expected,Red,Right,26.31,20.686,0.181,0.868,364.071,,64.677,0,,-1,-1,,,-1,50,50,0,0,1,,16.068,
P000,Day,6.039,20.368,0,E_Amb_L,Practice,Expected,Red,Right,26.407,20.783,0.152,0.868,366.876,,64.863,0,,-1,-1,,,-1,50,50,0,0,1,,16.068,
P000,Day,6.039,20.465,0,E_Amb_L,Practice,Expected,Red,Right,26.505,20.881,0.126,0.868,369.702,,64.861,0,,-1,-1,,,-1,50,50,0,0,1,,16.068,
P000,Day,6.039,20.568,0,E_Amb_L,Practice,Expected,Red,Right,26.607,20.983,0.101,0.868,372.675,,64.808,0,,-1,-1,,,-1,50,50,0,0,1,,16.068,
P000,Day,6.039,20.664,0,E_Amb_L,Practice,Expected,Red,Right,26.703,21.079,0.079,0.868,375.461,,64.741,0,,-1,-1,,,-1,50,50,0,0,1,,16.068,
P000,Day,6.039,20.763,0,E_Amb_L,Practice,Expected,Red,Right,26.802,21.178,0.059,0.868,378.32,,64.669,0,,-1,-1,,,-1,50,50,0,0,1,,16.068,
P000,Day,6.039,20.87,0,E_Amb_L,Practice,Expected,Red,Right,26.909,21.285,0.038,0.868,381.411,,64.596,0,,-1,-1,,,-1,50,50,0,0,1,,16.068,
P000,Day,6.039,20.967,0,E_Amb_L,Practice,Expected,Red,Right,27.006,21.383,0.021,0.868,384.225,,64.523,0,,-1,-1,,,-1,50,50,0,0,1,,16.068,
P000,Day,6.039,21.07,0,E_Amb_L,Practice,Expected,Red,Right,27.109,21.485,0.004,0.868,387.169,,64.45,0,,-1,-1,,,-1,50,50,0,0,1,,16.068,
P000,Day,6.039,21.172,0,E_Amb_L,Practice,Expected,Red,Right,27.212,21.588,-0.012,0.868,390.132,,64.377,0,,-1,-1,,,-1,50,50,0,0,1,,16.068,
P000,Day,6.039,21.267,0,E_Amb_L,Practice,Expected,Red,Right,27.306,21.683,-0.027,0.868,392.858,,64.304,0,,-1,-1,,,-1,50,50,0,0,1,,16.068,
P000,Day,6.039,21.366,0,E_Amb_L,Practice,Expected,Red,Right,27.405,21.781,-0.041,0.868,395.697,,64.231,0,,-1,-1,,,-1,50,50,0,0,1,,16.068,
P000,Day,6.039,21.465,0,E_Amb_L,Practice,Expected,Red,Right,27.504,21.88,-0.055,0.868,398.535,,64.158,0,,-1,-1,,,-1,50,50,0,0,1,,16.068,
P000,Day,6.039,21.568,0,E_Amb_L,Practice,Expected,Red,Right,27.607,21.983,-0.068,0.868,401.498,,64.086,0,,-1,-1,,,-1,50,50,0,0,1,,16.068,
P000,Day,6.039,21.667,0,E_Amb_L,Practice,Expected,Red,Right,27.707,22.083,-0.081,0.868,404.342,,64.013,0,,-1,-1,,,-1,50,50,0,0,1,,16.068,
P000,Day,6.039,21.768,0,E_Amb_L,Practice,Expected,Red,Right,27.807,22.184,-0.094,0.868,407.225,,63.94,0,,-1,-1,,,-1,50,50,0,0,1,,16.068,
P000,Day,6.039,21.865,0,E_Amb_L,Practice,Expected,Red,Right,27.904,22.28,-0.106,0.868,409.99,,63.868,0,,-1,-1,,,-1,50,50,0,0,1,,16.068,
P000,Day,6.039,21.963,0,E_Amb_L,Practice,Expected,Red,Right,28.002,22.379,-0.119,0.868,412.79,,63.796,0,,-1,-1,,,-1,50,50,0,0,1,,16.068,
P000,Day,6.039,22.071,0,E_Amb_L,Practice,Expected,Red,Right,28.11,22.487,-0.132,0.868,415.873,,63.723,0,,-1,-1,,,-1,50,50,0,0,1,,16.068,
P000,Day,6.039,22.168,0,E_Amb_L,Practice,Expected,Red,Right,28.208,22.584,-0.143,0.868,418.642,,63.651,0,,-1,-1,,,-1,50,50,0,0,1,,16.068,
P000,Day,6.039,22.262,0,E_Amb_L,Practice,Expected,Red,Right,28.302,22.678,-0.154,0.868,421.318,,63.579,0,,-1,-1,,,-1,50,50,0,0,1,,16.068,
P000,Day,6.039,22.371,0,E_Amb_L,Practice,Expected,Red,Right,28.411,22.787,-0.167,0.868,424.409,,63.507,0,,-1,-1,,,-1,50,50,0,0,1,,16.068,
P000,Day,6.039,22.462,0,E_Amb_L,Practice,Expected,Red,Right,28.502,22.878,-0.178,0.868,427.001,,63.593,0,,-1,-1,,,-1,50,50,0,0,1,,16.068,
P000,Day,6.039,22.566,0,E_Amb_L,Practice,Expected,Red,Right,28.606,22.982,-0.19,0.868,429.969,,63.992,0,,-1,-1,,,-1,50,50,0,0,1,,16.068,
P000,Day,6.039,22.664,0,E_Amb_L,Practice,Expected,Red,Right,28.704,23.08,-0.201,0.868,432.768,,64.084,0,,-1,-1,,,-1,50,50,0,0,1,,16.068,
P000,Day,6.039,22.765,0,E_Amb_L,Practice,Expected,Red,Right,28.805,23.181,-0.213,0.868,435.653,,64.056,0,,-1,-1,,,-1,50,50,0,0,1,,16.068,
P000,Day,6.039,22.866,0,E_Amb_L,Practice,Expected,Red,Right,28.905,23.281,-0.225,0.868,438.542,,63.997,0,,-1,-1,,,-1,50,50,0,0,1,,16.068,
P000,Day,6.039,22.965,0,E_Amb_L,Practice,Expected,Red,Right,29.004,23.38,-0.236,0.868,441.356,,63.928,0,,-1,-1,,,-1,50,50,0,0,1,,16.068,
P000,Day,6.039,23.074,0,E_Amb_L,Practice,Expected,Red,Right,29.113,23.489,-0.249,0.868,444.516,,63.857,0,,-1,-1,,,-1,50,50,0,0,1,,16.068,
P000,Day,6.039,23.165,0,E_Amb_L,Practice,Expected,Red,Right,29.204,23.58,-0.259,0.868,447.07,,63.785,0,,-1,-1,,,-1,50,50,0,0,1,,16.068,
P000,Day,6.039,23.269,0,E_Amb_L,Practice,Expected,Red,Right,29.308,23.684,-0.271,0.868,450.039,,63.871,0,,-1,-1,,,-1,50,50,0,0,1,,16.068,
P000,Day,6.039,23.365,0,E_Amb_L,Practice,Expected,Red,Right,29.404,23.78,-0.282,0.868,452.791,,64.269,0,,-1,-1,,,-1,50,50,0,0,1,,16.068,
P000,Day,6.039,23.463,0,E_Amb_L,Practice,Expected,Red,Right,29.502,23.878,-0.294,0.868,455.608,,64.361,0,,-1,-1,,,-1,50,50,0,0,1,,16.068,
P000,Day,6.039,23.564,0,E_Amb_L,Practice,Expected,Red,Right,29.603,23.979,-0.305,0.868,458.516,,64.333,0,,-1,-1,,,-1,50,50,0,0,1,,16.068,
P000,Day,6.039,23.663,0,E_Amb_L,Practice,Expected,Red,Right,29.703,24.079,-0.317,0.868,461.363,,64.274,0,,-1,-1,,,-1,50,50,0,0,1,,16.068,
P000,Day,6.039,23.769,0,E_Amb_L,Practice,Expected,Red,Right,29.808,24.184,-0.298,0.868,464.403,,63.965,0,,-1,-1,,,-1,50,50,0,0,1,,16.068,
P000,Day,6.039,23.871,0,E_Amb_L,Practice,Expected,Red,Right,29.911,24.287,-0.253,0.868,467.329,,63.865,0,,-1,-1,,,-1,50,50,0,0,1,,16.068,
P000,Day,6.039,23.963,0,E_Amb_L,Practice,Expected,Red,Right,30.003,24.379,-0.201,0.868,469.949,,63.788,0,,-1,-1,,,-1,50,50,0,0,1,,16.068,
P000,Day,6.039,24.066,0,E_Amb_L,Practice,Expected,Red,Right,30.105,24.481,-0.123,0.868,472.872,,64.058,0,,-1,-1,,,-1,50,50,0,0,1,,16.068,
P000,Day,6.039,24.164,0,E_Amb_L,Practice,Expected,Red,Right,30.203,24.579,-0.024,0.868,475.669,,64.184,0,,-1,-1,,,-1,50,50,0,0,1,,16.068,
P000,Day,6.039,24.271,0,E_Amb_L,Practice,Expected,Red,Right,30.311,24.687,0.118,0.868,478.816,,64.566,0,,-1,-1,,,-1,50,50,0,0,1,,16.068,
P000,Day,6.039,24.371,0,E_Amb_L,Practice,Expected,Red,Right,30.41,24.787,0.253,0.868,481.647,,64.523,0,,-1,-1,,,-1,50,50,0,0,1,,16.068,
P000,Day,6.039,24.466,0,E_Amb_L,Practice,Expected,Red,Right,30.505,24.881,0.349,0.868,484.366,,64.385,0,,-1,-1,,,-1,50,50,0,0,1,,16.068,
P000,Day,6.039,24.565,0,E_Amb_L,Practice,Expected,Red,Right,30.605,24.981,0.457,0.868,487.244,,64.317,0,,-1,-1,,,-1,50,50,0,0,1,,16.068,
P000,Day,6.039,24.671,0,E_Amb_L,Practice,Expected,Red,Right,30.711,25.087,0.562,0.868,490.285,,64.241,0,,-1,-1,,,-1,50,50,0,0,1,,16.068,
P000,Day,6.039,24.765,0,E_Amb_L,Practice,Expected,Red,Right,30.805,25.181,0.639,0.868,492.978,,64.155,0,,-1,-1,,,-1,50,50,0,0,1,,16.068,
P000,Day,6.039,24.865,0,E_Amb_L,Practice,Expected,Red,Right,30.905,25.281,0.698,0.868,495.857,,64.299,0,,-1,-1,,,-1,50,50,0,0,1,,16.068,
P000,Day,6.039,24.965,0,E_Amb_L,Practice,Expected,Red,Right,31.004,25.38,0.746,0.868,498.709,,64.556,0,,-1,-1,,,-1,50,50,0,0,1,,16.068,
P000,Day,6.039,25.063,0,E_Amb_L,Practice,Expected,Red,Right,31.103,25.479,0.828,0.868,501.561,,64.535,0,,-1,-1,,,-1,50,50,0,0,1,,16.068,
P000,Day,6.039,25.17,0,E_Amb_L,Practice,Expected,Red,Right,31.209,25.585,0.907,0.868,504.615,,64.498,0,,-1,-1,,,-1,50,50,0,0,1,,16.068,
P000,Day,6.039,25.271,0,E_Amb_L,Practice,Expected,Red,Right,31.31,25.687,0.99,0.868,507.586,,64.526,0,,-1,-1,,,-1,50,50,0,0,1,,16.068,
P000,Day,6.039,25.372,0,E_Amb_L,Practice,Expected,Red,Right,31.411,25.787,1.084,0.868,510.443,,64.968,0,,-1,-1,,,-1,50,50,0,0,1,,16.068,
P000,Day,6.039,25.472,0,E_Amb_L,Practice,Expected,Red,Right,31.511,25.887,1.205,0.868,513.411,,65.557,0,,-1,-1,,,-1,50,50,0,0,1,,16.068,
P000,Day,6.039,25.564,0,E_Amb_L,Practice,Expected,Red,Right,31.603,25.98,1.311,0.868,516.085,,66.019,0,,-1,-1,,,-1,50,50,0,0,1,,16.068,
P000,Day,6.039,25.669,0,E_Amb_L,Practice,Expected,Red,Right,31.709,26.085,1.43,0.868,519.197,,66.329,0,,-1,-1,,,-1,50,50,0,0,1,,16.068,
P000,Day,6.039,25.767,0,E_Amb_L,Practice,Expected,Red,Right,31.806,26.182,1.552,0.87,522.091,,66.357,0,,-1,-1,,,-1,50,50,0,0,1,,16.068,
P000,Day,6.039,25.867,0,E_Amb_L,Practice,Expected,Red,Right,31.907,26.283,1.679,0.871,525.068,,66.315,0,,-1,-1,,,-1,50,50,0,0,1,,16.068,
P000,Day,6.039,25.968,0,E_Amb_L,Practice,Expected,Red,Right,32.007,26.384,1.801,0.87,528.053,,66.248,0,,-1,-1,,,-1,50,50,0,0,1,,16.068,
P000,Day,6.039,26.066,0,E_Amb_L,Practice,Expected,Red,Right,32.105,26.482,1.911,0.868,530.95,,66.173,0,,-1,-1,,,-1,50,50,0,0,1,,16.068,
P000,Day,6.039,26.165,0,E_Amb_L,Practice,Expected,Red,Right,32.204,26.58,2.012,0.868,533.862,,66.095,0,,-1,-1,,,-1,50,50,0,0,1,,16.068,
P000,Day,6.039,26.265,0,E_Amb_L,Practice,Expected,Red,Right,32.304,26.68,2.104,0.868,536.816,,66.017,0,,-1,-1,,,-1,50,50,0,0,1,,16.068,
P000,Day,6.039,26.366,0,E_Amb_L,Practice,Expected,Red,Right,32.406,26.782,2.186,0.868,539.815,,65.938,0,,-1,-1,,,-1,50,50,0,0,1,,16.068,
P000,Day,6.039,26.463,0,E_Amb_L,Practice,Expected,Red,Right,32.502,26.878,2.253,0.868,542.64,,65.86,0,,-1,-1,,,-1,50,50,0,0,1,,16.068,
P000,Day,6.039,26.563,0,E_Amb_L,Practice,Expected,Red,Right,32.603,26.979,2.313,0.868,545.614,,65.783,0,,-1,-1,,,-1,50,50,0,0,1,,16.068,
P000,Day,6.039,26.669,0,E_Amb_L,Practice,Expected,Red,Right,32.709,27.085,2.367,0.868,548.709,,65.706,0,,-1,-1,,,-1,50,50,0,0,1,,16.068,
P000,Day,6.039,26.764,0,E_Amb_L,Practice,Expected,Red,Right,32.803,27.18,2.382,0.868,551.493,,65.343,0,,-1,-1,,,-1,50,50,0,0,1,,16.068,
P000,Day,6.039,26.868,0,E_Amb_L,Practice,Expected,Red,Right,32.907,27.284,2.355,0.868,554.51,,65.22,0,,-1,-1,,,-1,50,50,0,0,1,,16.068,
P000,Day,6.039,26.97,0,E_Amb_L,Practice,Expected,Red,Right,33.01,27.386,2.308,0.868,557.498,,65.118,0,,-1,-1,,,-1,50,50,0,0,1,,16.068,
P000,Day,6.039,27.064,0,E_Amb_L,Practice,Expected,Red,Right,33.103,27.479,2.239,0.868,560.216,,65.013,0,,-1,-1,,,-1,50,50,0,0,1,,16.068,
P000,Day,6.039,27.174,0,E_Amb_L,Practice,Expected,Red,Right,33.213,27.589,2.12,0.868,563.411,,64.907,0,,-1,-1,,,-1,50,50,0,0,1,,16.068,
P000,Day,6.039,27.264,0,E_Amb_L,Practice,Expected,Red,Right,33.303,27.679,1.994,0.868,566.031,,64.802,0,,-1,-1,,,-1,50,50,0,0,1,,16.068,
P000,Day,6.039,27.363,0,E_Amb_L,Practice,Expected,Red,Right,33.402,27.778,1.827,0.868,568.893,,64.667,0,,-1,-1,,,-1,50,50,0,0,1,,16.068,
P000,Day,6.039,27.466,0,E_Amb_L,Practice,Expected,Red,Right,33.506,27.882,1.665,0.868,571.865,,64.438,0,,-1,-1,,,-1,50,50,0,0,1,,16.068,
P000,Day,6.039,27.57,0,E_Amb_L,Practice,Expected,Red,Right,33.609,27.985,1.493,0.868,574.839,,64.348,0,,-1,-1,,,-1,50,50,0,0,1,,16.068,
P000,Day,6.039,27.673,0,E_Amb_L,Practice,Expected,Red,Right,33.713,28.089,1.311,0.869,577.854,,64.272,0,,-1,-1,,,-1,50,50,0,0,1,,16.068,
P000,Day,6.039,27.772,0,E_Amb_L,Practice,Expected,Red,Right,33.812,28.188,1.142,0.868,580.695,,64.197,0,,-1,-1,,,-1,50,50,0,0,1,,16.068,
P000,Day,6.039,27.871,0,E_Amb_L,Practice,Expected,Red,Right,33.91,28.287,0.984,0.868,583.469,,64.122,0,,-1,-1,,,-1,50,50,0,0,1,,16.068,
P000,Day,6.039,27.973,0,E_Amb_L,Practice,Expected,Red,Right,34.013,28.389,0.826,0.868,586.444,,64.045,0,,-1,-1,,,-1,50,50,0,0,1,,16.068,
P000,Day,6.039,28.068,0,E_Amb_L,Practice,Expected,Red,Right,34.107,28.484,0.696,0.868,589.109,,64.01,0,,-1,-1,,,-1,50,50,0,0,1,,16.068,
P000,Day,6.039,28.17,0,E_Amb_L,Practice,Expected,Red,Right,34.209,28.585,0.567,0.868,592.014,,64.401,0,,-1,-1,,,-1,50,50,0,0,1,,16.068,
P000,Day,6.039,28.268,0,E_Amb_L,Practice,Expected,Red,Right,34.307,28.683,0.453,0.868,594.866,,64.977,0,,-1,-1,,,-1,50,50,0,0,1,,16.068,
P000,Day,6.039,28.369,0,E_Amb_L,Practice,Expected,Red,Right,34.409,28.785,0.347,0.868,597.815,,65.208,0,,-1,-1,,,-1,50,50,0,0,1,,16.068,
P000,Day,6.039,28.471,0,E_Amb_L,Practice,Expected,Red,Right,34.51,28.886,0.251,0.868,600.773,,65.215,0,,-1,-1,,,-1,50,50,0,0,1,,16.068,
P000,Day,6.039,28.566,0,E_Amb_L,Practice,Expected,Red,Right,34.605,28.981,0.169,0.868,603.55,,65.164,0,,-1,-1,,,-1,50,50,0,0,1,,16.068,
P000,Day,6.039,28.667,0,E_Amb_L,Practice,Expected,Red,Right,34.707,29.083,0.09,0.868,606.502,,65.096,0,,-1,-1,,,-1,50,50,0,0,1,,16.068,
P000,Day,6.039,28.772,0,E_Amb_L,Practice,Expected,Red,Right,34.811,29.187,0.016,0.868,609.574,,65.023,0,,-1,-1,,,-1,50,50,0,0,1,,16.068,
P000,Day,6.039,28.864,0,E_Amb_L,Practice,Expected,Red,Right,34.903,29.28,-0.043,0.868,612.211,,64.949,0,,-1,-1,,,-1,50,50,0,0,1,,16.068,
P000,Day,6.039,28.966,0,E_Amb_L,Practice,Expected,Red,Right,35.006,29.382,-0.103,0.868,615.175,,64.874,0,,-1,-1,,,-1,50,50,0,0,1,,16.068,
P000,Day,6.039,29.07,0,E_Amb_L,Practice,Expected,Red,Right,35.11,29.486,-0.16,0.868,618.184,,64.8,0,,-1,-1,,,-1,50,50,0,0,1,,16.068,
P000,Day,6.039,29.165,0,E_Amb_L,Practice,Expected,Red,Right,35.205,29.581,-0.206,0.868,620.946,,64.643,0,,-1,-1,,,-1,50,50,0,0,1,,16.068,
P000,Day,6.039,29.268,0,E_Amb_L,Practice,Expected,Red,Right,35.308,29.684,-0.211,0.868,623.913,,64.396,0,,-1,-1,,,-1,50,50,0,0,1,,16.068,
P000,Day,6.039,29.371,0,E_Amb_L,Practice,Expected,Red,Right,35.41,29.786,-0.198,0.868,626.849,,64.3,0,,-1,-1,,,-1,50,50,0,0,1,,16.068,
P000,Day,6.039,29.472,0,E_Amb_L,Practice,Expected,Red,Right,35.511,29.887,-0.167,0.868,629.758,,64.209,0,,-1,-1,,,-1,50,50,0,0,1,,16.068,
P000,Day,6.039,29.563,0,E_Amb_L,Practice,Expected,Red,Right,35.603,29.979,-0.118,0.868,632.383,,64.116,0,,-1,-1,,,-1,50,50,0,0,1,,16.068,
P000,Day,6.039,29.667,0,E_Amb_L,Practice,Expected,Red,Right,35.706,30.082,-0.045,0.868,635.355,,63.909,0,,-1,-1,,,-1,50,50,0,0,1,,16.068,
P000,Day,6.039,29.772,0,E_Amb_L,Practice,Expected,Red,Right,35.811,30.187,-0.006,0.868,638.34,,63.674,0,,-1,-1,,,-1,50,50,0,0,1,,16.068,
P000,Day,6.039,29.864,0,E_Amb_L,Practice,Expected,Red,Right,35.903,30.279,0.033,0.868,640.95,,63.587,0,,-1,-1,,,-1,50,50,0,0,1,,16.068,
P000,Day,6.039,29.976,0,E_Amb_L,Practice,Expected,Red,Right,36.015,30.391,0.084,0.868,644.138,,63.433,0,,-1,-1,,,-1,50,50,0,0,1,,16.068,
P000,Day,6.039,30.068,0,E_Amb_L,Practice,Expected,Red,Right,36.107,30.484,0.156,0.868,646.742,,63.196,0,,-1,-1,,,-1,50,50,0,0,1,,16.068,
P000,Day,6.039,30.164,0,E_Amb_L,Practice,Expected,Red,Right,36.203,30.579,0.225,0.868,649.433,,63.106,0,,-1,-1,,,-1,50,50,0,0,1,,16.068,
P000,Day,6.039,30.266,0,E_Amb_L,Practice,Expected,Red,Right,36.305,30.681,0.293,0.868,652.325,,63.031,0,,-1,-1,,,-1,50,50,0,0,1,,16.068,
P000,Day,6.039,30.369,0,E_Amb_L,Practice,Expected,Red,Right,36.409,30.785,0.362,0.868,655.237,,62.958,0,,-1,-1,,,-1,50,50,0,0,1,,16.068,
P000,Day,6.039,30.466,0,E_Amb_L,Practice,Expected,Red,Right,36.505,30.881,0.411,0.868,657.947,,62.703,0,,-1,-1,,,-1,50,50,0,0,1,,16.068,
P000,Day,6.039,30.57,0,E_Amb_L,Practice,Expected,Red,Right,36.61,30.986,0.445,0.868,660.871,,62.608,0,,-1,-1,,,-1,50,50,0,0,1,,16.068,
P000,Day,6.039,30.666,0,E_Amb_L,Practice,Expected,Red,Right,36.706,31.082,0.474,0.868,663.562,,62.53,0,,-1,-1,,,-1,50,50,0,0,1,,16.068,
P000,Day,6.039,30.772,0,E_Amb_L,Practice,Expected,Red,Right,36.812,31.188,0.5,0.868,666.509,,62.418,0,,-1,-1,,,-1,50,50,0,0,1,,16.068,
P000,Day,6.039,30.866,0,E_Amb_L,Practice,Expected,Red,Right,36.905,31.281,0.55,0.868,669.116,,62.147,0,,-1,-1,,,-1,50,50,0,0,1,,16.068,
P000,Day,6.039,30.97,0,E_Amb_L,Practice,Expected,Red,Right,37.01,31.386,0.613,0.868,672.028,,62.058,0,,-1,-1,,,-1,50,50,0,0,1,,16.068,
P000,Day,6.039,31.065,0,E_Amb_L,Practice,Expected,Red,Right,37.104,31.48,0.669,0.868,674.637,,61.983,0,,-1,-1,,,-1,50,50,0,0,1,,16.068,
P000,Day,6.039,31.171,0,E_Amb_L,Practice,Expected,Red,Right,37.211,31.587,0.733,0.868,677.582,,61.785,0,,-1,-1,,,-1,50,50,0,0,1,,16.068,
P000,Day,6.039,31.268,0,E_Amb_L,Practice,Expected,Red,Right,37.307,31.683,0.759,0.868,680.254,,61.592,0,,-1,-1,,,-1,50,50,0,0,1,,16.068,
P000,Day,6.039,31.363,0,E_Amb_L,Practice,Expected,Red,Right,37.403,31.779,0.79,0.868,682.88,,61.511,0,,-1,-1,,,-1,50,50,0,0,1,,16.068,
P000,Day,6.039,31.477,0,E_Amb_L,Practice,Expected,Red,Right,37.516,31.892,0.824,0.868,685.989,,61.438,0,,-1,-1,,,-1,50,50,0,0,1,,16.068,
P000,Day,6.039,31.568,0,E_Amb_L,Practice,Expected,Red,Right,37.607,31.984,0.845,0.868,688.493,,61.364,0,,-1,-1,,,-1,50,50,0,0,1,,16.068,
P000,Day,6.039,31.676,0,E_Amb_L,Practice,Expected,Red,Right,37.716,32.092,0.857,0.868,691.501,,61.29,0,,-1,-1,,,-1,50,50,0,0,1,,16.068,
P000,Day,6.039,31.765,0,E_Amb_L,Practice,Expected,Red,Right,37.804,32.181,0.855,0.868,693.881,,61.214,0,,-1,-1,,,-1,50,50,0,0,1,,16.068,
P000,Day,6.039,31.864,0,E_Amb_L,Practice,Expected,Red,Right,37.904,32.28,0.84,0.868,696.602,,61.139,0,,-1,-1,,,-1,50,50,0,0,1,,16.068,
P000,Day,6.039,31.977,0,E_Amb_L,Practice,Expected,Red,Right,38.017,32.393,0.809,0.868,699.675,,61.027,0,,-1,-1,,,-1,50,50,0,0,1,,16.068,
P000,Day,6.039,32.065,0,E_Amb_L,Practice,Expected,Red,Right,38.104,32.48,0.808,0.868,702.021,,60.802,0,,-1,-1,,,-1,50,50,0,0,1,,16.068,
P000,Day,6.039,32.187,0,E_Amb_L,Practice,Expected,Red,Right,38.227,32.603,0.806,0.868,705.311,,60.708,0,,-1,-1,,,-1,50,50,0,0,1,,16.068,
P000,Day,6.039,32.276,0,E_Amb_L,Practice,Expected,Red,Right,38.316,32.692,0.808,0.868,707.86,,60.647,0,,-1,-1,,,-1,50,50,0,0,1,,16.068,
P000,Day,6.039,32.363,0,E_Amb_L,Practice,Expected,Red,Right,38.403,32.779,0.817,0.868,710.189,,60.574,0,,-1,-1,,,-1,50,50,0,0,1,,16.068,
P000,Day,6.039,32.473,0,E_Amb_L,Practice,Expected,Red,Right,38.512,32.888,0.843,0.868,713.133,,60.498,0,,-1,-1,,,-1,50,50,0,0,1,,16.068,
P000,Day,6.039,32.571,0,E_Amb_L,Practice,Expected,Red,Right,38.61,32.986,0.882,0.868,715.788,,60.422,0,,-1,-1,,,-1,50,50,0,0,1,,16.068,
P000,Day,6.039,32.673,0,E_Amb_L,Practice,Expected,Red,Right,38.712,33.088,0.937,0.868,718.556,,60.347,0,,-1,-1,,,-1,50,50,0,0,1,,16.068,
P000,Day,6.039,32.77,0,E_Amb_L,Practice,Expected,Red,Right,38.809,33.185,1.003,0.868,721.145,,60.273,0,,-1,-1,,,-1,50,50,0,0,1,,16.068,
P000,Day,6.039,32.867,0,E_Amb_L,Practice,Expected,Red,Right,38.907,33.283,1.083,0.868,723.796,,60.199,0,,-1,-1,,,-1,50,50,0,0,1,,16.068,
P000,Day,6.039,32.964,0,E_Amb_L,Practice,Expected,Red,Right,39.004,33.38,1.172,0.868,726.395,,60.127,0,,-1,-1,,,-1,50,50,0,0,1,,16.068,
P000,Day,6.039,33.071,0,E_Amb_L,Practice,Expected,Red,Right,39.111,33.487,1.281,0.868,729.268,,60.056,0,,-1,-1,,,-1,50,50,0,0,1,,16.068,
P000,Day,6.039,33.165,0,E_Amb_L,Practice,Expected,Red,Right,39.205,33.581,1.384,0.868,731.783,,59.986,0,,-1,-1,,,-1,50,50,0,0,1,,16.068,
P000,Day,6.039,33.267,0,E_Amb_L,Practice,Expected,Red,Right,39.307,33.683,1.504,0.868,734.514,,59.916,0,,-1,-1,,,-1,50,50,0,0,1,,16.068,
P000,Day,6.039,33.365,0,E_Amb_L,Practice,Expected,Red,Right,39.405,33.781,1.626,0.87,737.137,,59.847,0,,-1,-1,,,-1,50,50,0,0,1,,16.068,
P000,Day,6.039,33.468,0,E_Amb_L,Practice,Expected,Red,Right,39.507,33.884,1.758,0.871,739.874,,59.778,0,,-1,-1,,,-1,50,50,0,0,1,,16.068,
P000,Day,6.039,33.567,0,E_Amb_L,Practice,Expected,Red,Right,39.606,33.982,1.89,0.87,742.508,,59.71,0,,-1,-1,,,-1,50,50,0,0,1,,16.068,
P000,Day,6.039,33.665,0,E_Amb_L,Practice,Expected,Red,Right,39.704,34.08,2.024,0.868,745.124,,59.642,0,,-1,-1,,,-1,50,50,0,0,1,,16.068,
P000,Day,6.039,33.763,0,E_Amb_L,Practice,Expected,Red,Right,39.803,34.179,2.161,0.868,747.735,,59.574,0,,-1,-1,,,-1,50,50,0,0,1,,16.068,
P000,Day,6.039,33.865,0,E_Amb_L,Practice,Expected,Red,Right,39.905,34.281,2.307,0.868,750.468,,59.506,0,,-1,-1,,,-1,50,50,0,0,1,,16.068,
P000,Day,6.039,33.972,0,E_Amb_L,Practice,Expected,Red,Right,40.011,34.388,2.459,0.868,753.272,,59.438,0,,-1,-1,,,-1,50,50,0,0,1,,16.068,
P000,Day,6.039,34.07,0,E_Amb_L,Practice,Expected,Red,Right,40.109,34.485,2.601,0.868,755.856,,59.371,0,,-1,-1,,,-1,50,50,0,0,1,,16.068,
P000,Day,6.039,34.168,0,E_Amb_L,Practice,Expected,Red,Right,40.207,34.584,2.746,0.868,758.479,,59.304,0,,-1,-1,,,-1,50,50,0,0,1,,16.068,
P000,Day,6.039,34.272,0,E_Amb_L,Practice,Expected,Red,Right,40.312,34.688,2.9,0.868,761.238,,59.236,0,,-1,-1,,,-1,50,50,0,0,1,,16.068,
P000,Day,6.039,34.367,0,E_Amb_L,Practice,Expected,Red,Right,40.406,34.783,3.041,0.868,763.742,,59.169,0,,-1,-1,,,-1,50,50,0,0,1,,16.068,
P000,Day,6.039,34.464,0,E_Amb_L,Practice,Expected,Red,Right,40.504,34.88,3.187,0.868,766.321,,59.102,0,,-1,-1,,,-1,50,50,0,0,1,,16.068,
P000,Day,6.039,34.574,0,E_Amb_L,Practice,Expected,Red,Right,40.613,34.989,3.35,0.868,769.201,,59.035,0,,-1,-1,,,-1,50,50,0,0,1,,16.068,
P000,Day,6.039,34.669,0,E_Amb_L,Practice,Expected,Red,Right,40.708,35.084,3.492,0.868,771.696,,58.968,0,,-1,-1,,,-1,50,50,0,0,1,,16.068,
P000,Day,6.039,34.762,0,E_Amb_L,Practice,Expected,Red,Right,40.802,35.178,3.633,0.868,774.161,,58.901,0,,-1,-1,,,-1,50,50,0,0,1,,16.068,
P000,Day,6.039,34.866,0,E_Amb_L,Practice,Expected,Red,Right,40.906,35.282,3.79,0.868,776.897,,58.835,0,,-1,-1,,,-1,50,50,0,0,1,,16.068,
P000,Day,6.039,34.973,0,E_Amb_L,Practice,Expected,Red,Right,41.012,35.388,3.949,0.868,779.684,,58.768,0,,-1,-1,,,-1,50,50,0,0,1,,16.068,
P000,Day,6.039,35.07,0,E_Amb_L,Practice,Expected,Red,Right,41.11,35.486,4.096,0.868,782.244,,58.701,0,,-1,-1,,,-1,50,50,0,0,1,,16.068,
P000,Day,6.039,35.168,0,E_Amb_L,Practice,Expected,Red,Right,41.207,35.584,4.244,0.868,784.81,,58.635,0,,-1,-1,,,-1,50,50,0,0,1,,16.068,
P000,Day,6.039,35.266,0,E_Amb_L,Practice,Expected,Red,Right,41.305,35.681,4.39,0.868,787.349,,58.568,0,,-1,-1,,,-1,50,50,0,0,1,,16.068,
P000,Day,6.039,35.367,0,E_Amb_L,Practice,Expected,Red,Right,41.407,35.783,4.543,0.868,790.009,,58.502,0,,-1,-1,,,-1,50,50,0,0,1,,16.068,
P000,Day,6.039,35.468,0,E_Amb_L,Practice,Expected,Red,Right,41.507,35.883,4.695,0.868,792.632,,58.435,0,,-1,-1,,,-1,50,50,0,0,1,,16.068,
P000,Day,6.039,35.567,0,E_Amb_L,Practice,Expected,Red,Right,41.607,35.983,4.845,0.868,795.235,,58.369,0,,-1,-1,,,-1,50,50,0,0,1,,16.068,
P000,Day,6.039,35.669,0,E_Amb_L,Practice,Expected,Red,Right,41.709,36.085,4.997,0.868,797.877,,58.303,0,,-1,-1,,,-1,50,50,0,0,1,,16.068,
P000,Day,6.039,35.771,0,E_Amb_L,Practice,Expected,Red,Right,41.81,36.186,5.15,0.868,800.52,,58.237,0,,-1,-1,,,-1,50,50,0,0,1,,16.068,
P000,Day,6.039,35.873,0,E_Amb_L,Practice,Expected,Red,Right,41.912,36.288,5.305,0.868,803.204,,58.171,0,,-1,-1,,,-1,50,50,0,0,1,,16.068,
P000,Day,6.039,36.124,0,E_Amb_L,Practice,Expected,Red,Right,42.163,36.54,5.661,0.868,809.376,,58.006,0,,-1,-1,,,-1,50,50,0,0,1,,16.068,
P000,Day,6.039,36.174,0,E_Amb_L,Practice,Expected,Red,Right,42.213,36.59,5.751,0.868,810.931,,57.973,0,,-1,-1,,,-1,50,50,0,0,1,,16.068,
P000,Day,6.039,36.186,0,E_Amb_L,Practice,Expected,Red,Right,42.225,36.601,5.77,0.868,811.279,,57.923,0,,-1,-1,,,-1,50,50,0,0,1,,16.068,
P000,Day,6.039,36.269,0,E_Amb_L,Practice,Expected,Red,Right,42.309,36.685,5.886,0.868,813.437,,57.856,0,,-1,-1,,,-1,50,50,0,0,1,,16.068,
P000,Day,6.039,36.366,0,E_Amb_L,Practice,Expected,Red,Right,42.405,36.781,6.02,0.868,815.931,,57.787,0,,-1,-1,,,-1,50,50,0,0,1,,16.068,
P000,Day,6.039,36.468,0,E_Amb_L,Practice,Expected,Red,Right,42.508,36.884,6.159,0.868,818.569,,57.721,0,,-1,-1,,,-1,50,50,0,0,1,,16.068,
P000,Day,6.039,36.567,0,E_Amb_L,Practice,Expected,Red,Right,42.606,36.982,6.286,0.868,821.108,,57.57,0,,-1,-1,,,-1,50,50,0,0,1,,16.068,
P000,Day,6.039,36.667,0,E_Amb_L,Practice,Expected,Red,Right,42.707,37.083,6.363,0.868,823.688,,57.232,0,,-1,-1,,,-1,50,50,0,0,1,,16.068,
P000,Day,6.039,36.775,0,E_Amb_L,Practice,Expected,Red,Right,42.814,37.19,6.411,0.868,826.467,,57.13,0,,-1,-1,,,-1,50,50,0,0,1,,16.068,
P000,Day,6.039,36.868,0,E_Amb_L,Practice,Expected,Red,Right,42.908,37.284,6.407,0.868,828.81,,56.823,0,,-1,-1,,,-1,50,50,0,0,1,,16.068,
P000,Day,6.039,36.962,0,E_Amb_L,Practice,Expected,Red,Right,43.002,37.378,6.366,0.868,831.21,,56.694,0,,-1,-1,,,-1,50,50,0,0,1,,16.068,
P000,Day,6.039,37.064,0,E_Amb_L,Practice,Expected,Red,Right,43.104,37.48,6.279,0.868,833.789,,56.568,0,,-1,-1,,,-1,50,50,0,0,1,,16.068,
P000,Day,6.039,37.163,0,E_Amb_L,Practice,Expected,Red,Right,43.202,37.578,6.151,0.868,836.268,,56.444,0,,-1,-1,,,-1,50,50,0,0,1,,16.068,
P000,Day,6.039,37.263,0,E_Amb_L,Practice,Expected,Red,Right,43.302,37.679,5.977,0.868,838.792,,56.327,0,,-1,-1,,,-1,50,50,0,0,1,,16.068,
P000,Day,6.039,37.365,0,E_Amb_L,Practice,Expected,Red,Right,43.405,37.781,5.758,0.868,841.356,,56.222,0,,-1,-1,,,-1,50,50,0,0,1,,16.068,
P000,Day,6.039,37.466,0,E_Amb_L,Practice,Expected,Red,Right,43.506,37.882,5.506,0.868,843.885,,56.375,0,,-1,-1,,,-1,50,50,0,0,1,,16.068,
P000,Day,6.039,37.569,0,E_Amb_L,Practice,Expected,Red,Right,43.609,37.985,5.217,0.868,846.471,,56.909,0,,-1,-1,,,-1,50,50,0,0,1,,16.068,
P000,Day,6.039,37.667,0,E_Amb_L,Practice,Expected,Red,Right,43.707,38.083,4.914,0.868,848.962,,57.531,0,,-1,-1,,,-1,50,50,0,0,1,,16.068,
P000,Day,6.039,37.766,0,E_Amb_L,Practice,Expected,Red,Right,43.805,38.181,4.587,0.868,851.488,,58.174,0,,-1,-1,,,-1,50,50,0,0,1,,16.068,
P000,Day,6.039,37.863,0,E_Amb_L,Practice,Expected,Red,Right,43.903,38.279,4.245,0.868,854.003,,58.825,0,,-1,-1,,,-1,50,50,0,0,1,,16.068,
P000,Day,6.039,37.965,0,E_Amb_L,Practice,Expected,Red,Right,44.005,38.381,3.864,0.869,856.689,,59.473,0,,-1,-1,,,-1,50,50,0,0,1,,16.068,
P000,Day,6.039,38.067,0,E_Amb_L,Practice,Expected,Red,Right,44.107,38.483,3.471,0.87,859.385,,60.141,0,,-1,-1,,,-1,50,50,0,0,1,,16.068,
P000,Day,6.039,38.166,0,E_Amb_L,Practice,Expected,Red,Right,44.205,38.581,3.079,0.869,862.015,,60.749,0,,-1,-1,,,-1,50,50,0,1,1,,16.068,
P000,Day,6.039,38.271,0,E_Amb_L,Practice,Expected,Red,Right,44.31,38.686,2.689,0.868,864.878,,60.877,0,,-1,-1,,,-1,50,50,0,0,1,,16.068,
P000,Day,6.039,38.362,0,E_Amb_L,Practice,Expected,Red,Right,44.402,38.778,2.369,0.868,867.309,,60.885,0,,-1,-1,,,-1,50,50,0,0,1,,16.068,
P000,Day,6.039,38.465,0,E_Amb_L,Practice,Expected,Red,Right,44.505,38.881,2.012,0.868,870.094,,60.831,0,,-1,-1,,,-1,50,50,0,0,1,,16.068,
P000,Day,6.039,38.562,0,E_Amb_L,Practice,Expected,Red,Right,44.602,38.978,1.695,0.869,872.707,,60.755,0,,-1,-1,,,-1,50,50,0,0,1,,16.068,
P000,Day,6.039,38.662,0,E_Amb_L,Practice,Expected,Red,Right,44.702,39.078,1.39,0.87,875.404,,60.671,0,,-1,-1,,,-1,50,50,0,0,1,44.675,16.068,-28.607
P000,Day,6.039,38.769,0,E_Amb_L,Practice,Expected,Red,Right,44.809,39.185,1.09,0.869,878.282,,60.587,0,,-1,-1,,,-1,50,50,0,0,1,44.675,16.068,-28.607
P000,Day,6.039,38.864,0,E_Amb_L,Practice,Expected,Red,Right,44.904,39.28,0.845,0.868,880.845,,60.743,0,,-1,-1,,,-1,50,50,0,0,1,44.675,16.068,-28.607
P000,Day,6.039,38.969,0,E_Amb_L,Practice,Expected,Red,Right,45.009,39.385,0.595,0.868,883.698,,61.261,0,,-1,-1,,,-1,50,50,0,0,1,44.675,16.068,-28.607
P000,Day,6.039,39.064,0,E_Amb_L,Practice,Expected,Red,Right,45.104,39.48,0.385,0.868,886.299,,61.465,0,,-1,-1,,,-1,50,50,0,0,1,44.675,16.068,-28.607
P000,Day,6.039,39.171,0,E_Amb_L,Practice,Expected,Red,Right,45.211,39.587,0.166,0.868,889.231,,61.459,0,,-1,-1,,,-1,50,50,0,0,1,44.675,16.068,-28.607
P000,Day,6.039,39.266,0,E_Amb_L,Practice,Expected,Red,Right,45.305,39.681,-0.014,0.868,891.82,,61.404,0,,-1,-1,,,-1,50,50,0,0,1,44.675,16.068,-28.607
P000,Day,6.039,39.371,0,E_Amb_L,Practice,Expected,Red,Right,45.41,39.786,-0.201,0.868,894.694,,61.335,0,,-1,-1,,,-1,50,50,0,0,1,44.675,16.068,-28.607
P000,Day,6.039,39.466,0,E_Amb_L,Practice,Expected,Red,Right,45.505,39.882,-0.35,0.868,897.301,,61.082,0,,-1,-1,,,-1,50,50,0,0,1,44.675,16.068,-28.607
P000,Day,6.039,39.563,0,E_Amb_L,Practice,Expected,Red,Right,45.602,39.978,-0.445,0.868,899.927,,60.817,0,,-1,-1,,,-1,50,50,0,0,1,44.675,16.068,-28.607
P000,Day,6.039,39.67,0,E_Amb_L,Practice,Expected,Red,Right,45.709,40.085,-0.523,0.868,902.831,,60.713,0,,-1,-1,,,-1,50,50,0,0,1,44.675,16.068,-28.607
P000,Day,6.039,39.764,0,E_Amb_L,Practice,Expected,Red,Right,45.803,40.179,-0.566,0.868,905.386,,60.611,0,,-1,-1,,,-1,50,50,0,0,1,44.675,16.068,-28.607
P000,Day,6.039,39.867,0,E_Amb_L,Practice,Expected,Red,Right,45.906,40.283,-0.578,0.868,908.188,,60.506,0,,-1,-1,,,-1,50,50,0,0,1,44.675,16.068,-28.607
P000,Day,6.039,39.969,0,E_Amb_L,Practice,Expected,Red,Right,46.009,40.385,-0.554,0.868,910.938,,60.402,0,,-1,-1,,,-1,50,50,0,0,1,44.675,16.068,-28.607
P000,Day,6.039,40.065,0,E_Amb_L,Practice,Expected,Red,Right,46.104,40.48,-0.5,0.868,913.507,,60.346,0,,-1,-1,,,-1,50,50,0,0,1,44.675,16.068,-28.607
P000,Day,6.039,40.171,0,E_Amb_L,Practice,Expected,Red,Right,46.21,40.586,-0.407,0.868,916.379,,60.734,0,,-1,-1,,,-1,50,50,0,0,1,44.675,16.068,-28.607
P000,Day,6.039,40.266,0,E_Amb_L,Practice,Expected,Red,Right,46.305,40.681,-0.334,0.868,918.966,,61.109,0,,-1,-1,,,-1,50,50,0,0,1,44.675,16.068,-28.607
P000,Day,6.039,40.371,0,E_Amb_L,Practice,Expected,Red,Right,46.411,40.787,-0.259,0.868,921.865,,61.729,0,,-1,-1,,,-1,50,50,0,0,1,44.675,16.068,-28.607
P000,Day,6.039,40.467,0,E_Amb_L,Practice,Expected,Red,Right,46.506,40.882,-0.185,0.868,924.503,,62.38,0,,-1,-1,,,-1,50,50,0,0,1,44.675,16.068,-28.607
P000,Day,6.039,40.578,0,E_Amb_L,Practice,Expected,Red,Right,46.617,40.993,-0.108,0.868,927.618,,63.032,0,,-1,-1,,,-1,50,50,0,0,1,44.675,16.068,-28.607
P000,Day,6.039,40.665,0,E_Amb_L,Practice,Expected,Red,Right,46.705,41.081,-0.06,0.868,930.086,,63.681,0,,-1,-1,,,-1,50,50,0,0,1,44.675,16.068,-28.607
P000,Day,6.039,40.765,0,E_Amb_L,Practice,Expected,Red,Right,46.804,41.18,-0.023,0.868,932.931,,64.089,0,,-1,-1,,,-1,50,50,0,0,1,44.675,16.068,-28.607
P000,Day,6.039,40.872,0,E_Amb_L,Practice,Expected,Red,Right,46.911,41.287,-0.004,0.868,936.008,,64.136,0,,-1,-1,,,-1,50,50,0,0,1,44.675,16.068,-28.607
P000,Day,6.039,40.965,0,E_Amb_L,Practice,Expected,Red,Right,47.004,41.38,0.001,0.868,938.669,,63.97,0,,-1,-1,,,-1,50,50,0,0,1,44.675,16.068,-28.607
P000,Day,6.039,41.065,0,E_Amb_L,Practice,Expected,Red,Right,47.104,41.48,0.029,0.868,941.525,,63.834,0,,-1,-1,,,-1,50,50,0,0,1,44.675,16.068,-28.607
P000,Day,6.039,41.173,0,E_Amb_L,Practice,Expected,Red,Right,47.213,41.589,0.051,0.868,944.662,,63.756,0,,-1,-1,,,-1,50,50,0,0,1,44.675,16.068,-28.607
P000,Day,6.039,41.265,0,E_Amb_L,Practice,Expected,Red,Right,47.304,41.68,0.069,0.868,947.225,,63.776,0,,-1,-1,,,-1,50,50,0,0,1,44.675,16.068,-28.607
P000,Day,6.039,41.363,0,E_Amb_L,Practice,Expected,Red,Right,47.402,41.778,0.097,0.868,950.031,,64.224,0,,-1,-1,,,-1,50,50,0,0,1,44.675,16.068,-28.607
P000,Day,6.039,41.472,0,E_Amb_L,Practice,Expected,Red,Right,47.512,41.888,0.142,0.868,953.237,,64.729,0,,-1,-1,,,-1,50,50,0,0,1,44.675,16.068,-28.607
P000,Day,6.039,41.573,0,E_Amb_L,Practice,Expected,Red,Right,47.612,41.988,0.195,0.868,956.04,,64.844,0,,-1,-1,,,-1,50,50,0,0,1,44.675,16.068,-28.607
P000,Day,6.039,41.662,0,E_Amb_L,Practice,Expected,Red,Right,47.702,42.078,0.257,0.868,958.699,,64.829,0,,-1,-1,,,-1,50,50,0,0,1,44.675,16.068,-28.607
P000,Day,6.039,41.763,0,E_Amb_L,Practice,Expected,Red,Right,47.803,42.179,0.34,0.868,961.63,,65.167,0,,-1,-1,,,-1,50,50,0,0,1,44.675,16.068,-28.607
P000,Day,6.039,41.872,0,E_Amb_L,Practice,Expected,Red,Right,47.912,42.288,0.443,0.868,964.798,,65.416,0,,-1,-1,,,-1,50,50,0,0,1,44.675,16.068,-28.607
P000,Day,6.039,41.969,0,E_Amb_L,Practice,Expected,Red,Right,48.009,42.385,0.547,0.868,967.645,,65.427,0,,-1,-1,,,-1,50,50,0,0,1,44.675,16.068,-28.607
P000,Day,6.039,42.064,0,E_Amb_L,Practice,Expected,Red,Right,48.103,42.479,0.634,0.868,970.408,,65.235,0,,-1,-1,,,-1,50,50,0,0,1,44.675,16.068,-28.607
P000,Day,6.039,42.17,0,E_Amb_L,Practice,Expected,Red,Right,48.21,42.586,0.729,0.868,973.498,,65.156,0,,-1,-1,,,-1,50,50,0,0,1,44.675,16.068,-28.607
P000,Day,6.039,42.27,0,E_Amb_L,Practice,Expected,Red,Right,48.309,42.685,0.817,0.868,976.403,,65.081,0,,-1,-1,,,-1,50,50,0,0,1,44.675,16.068,-28.607
P000,Day,6.039,42.37,0,E_Amb_L,Practice,Expected,Red,Right,48.409,42.785,0.898,0.868,979.298,,65.005,0,,-1,-1,,,-1,50,50,0,0,1,44.675,16.068,-28.607
P000,Day,6.039,42.473,0,E_Amb_L,Practice,Expected,Red,Right,48.512,42.888,0.971,0.868,982.332,,64.928,0,,-1,-1,,,-1,50,50,0,0,1,44.675,16.068,-28.607
P000,Day,6.039,42.566,0,E_Amb_L,Practice,Expected,Red,Right,48.605,42.981,1.025,0.868,984.999,,64.849,0,,-1,-1,,,-1,50,50,0,0,1,44.675,16.068,-28.607
P000,Day,6.039,42.663,0,E_Amb_L,Practice,Expected,Red,Right,48.702,43.079,1.071,0.868,987.813,,65.004,0,,-1,-1,,,-1,50,50,0,0,1,44.675,16.068,-28.607
P000,Day,6.039,42.774,0,E_Amb_L,Practice,Expected,Red,Right,48.813,43.189,1.101,0.868,991.041,,65.298,0,,-1,-1,,,-1,50,50,0,0,1,44.675,16.068,-28.607
P000,Day,6.039,42.871,0,E_Amb_L,Practice,Expected,Red,Right,48.91,43.287,1.077,0.868,993.853,,65.254,0,,-1,-1,,,-1,50,50,0,0,1,44.675,16.068,-28.607
P000,Day,6.039,42.965,0,E_Amb_L,Practice,Expected,Red,Right,49.005,43.381,1.035,0.868,996.618,,65.197,0,,-1,-1,,,-1,50,50,0,0,1,44.675,16.068,-28.607
P000,Day,6.039,43.068,0,E_Amb_L,Practice,Expected,Red,Right,49.108,43.484,0.963,0.868,999.624,,65.109,0,,-1,-1,,,-1,50,50,0,0,1,44.675,16.068,-28.607
P000,Day,6.039,43.163,0,E_Amb_L,Practice,Expected,Red,Right,49.202,43.579,0.876,0.868,1002.377,,64.902,0,,-1,-1,,,-1,50,50,0,0,1,44.675,16.068,-28.607
P000,Day,6.039,43.273,0,E_Amb_L,Practice,Expected,Red,Right,49.312,43.689,0.801,0.868,1005.552,,64.706,0,,-1,-1,,,-1,50,50,0,0,1,44.675,16.068,-28.607
P000,Day,6.039,43.363,0,E_Amb_L,Practice,Expected,Red,Right,49.403,43.779,0.724,0.868,1008.17,,64.619,0,,-1,-1,,,-1,50,50,0,0,1,44.675,16.068,-28.607
P000,Day,6.039,43.463,0,E_Amb_L,Practice,Expected,Red,Right,49.502,43.878,0.635,0.868,1011.046,,64.543,0,,-1,-1,,,-1,50,50,0,0,1,44.675,16.068,-28.607
P000,Day,6.039,43.57,0,E_Amb_L,Practice,Expected,Red,Right,49.609,43.986,0.544,0.868,1014.126,,64.467,0,,-1,-1,,,-1,50,50,0,0,1,44.675,16.068,-28.607
P000,Day,6.039,43.664,0,E_Amb_L,Practice,Expected,Red,Right,49.703,44.079,0.472,0.868,1016.828,,64.39,0,,-1,-1,,,-1,50,50,0,0,1,44.675,16.068,-28.607
P000,Day,6.039,43.772,0,E_Amb_L,Practice,Expected,Red,Right,49.811,44.187,0.404,0.868,1019.944,,64.311,0,,-1,-1,,,-1,50,50,0,0,1,44.675,16.068,-28.607
P000,Day,6.039,43.867,0,E_Amb_L,Practice,Expected,Red,Right,49.907,44.283,0.357,0.868,1022.695,,64.232,0,,-1,-1,,,-1,50,50,0,0,1,44.675,16.068,-28.607
P000,Day,6.039,43.971,0,E_Amb_L,Practice,Expected,Red,Right,50.01,44.386,0.321,0.868,1025.661,,64.153,0,,-1,-1,,,-1,50,50,0,0,1,44.675,16.068,-28.607
P000,Day,6.039,44.064,0,E_Amb_L,Practice,Expected,Red,Right,50.103,44.48,0.301,0.868,1028.325,,64.075,0,,-1,-1,,,-1,50,50,0,0,1,44.675,16.068,-28.607
P000,Day,6.039,44.168,0,E_Amb_L,Practice,Expected,Red,Right,50.207,44.583,0.291,0.868,1031.301,,63.998,0,,-1,-1,,,-1,50,50,0,0,1,44.675,16.068,-28.607
P000,Day,6.039,44.269,0,E_Amb_L,Practice,Expected,Red,Right,50.309,44.685,0.293,0.868,1034.188,,63.932,0,,-1,-1,,,-1,50,50,0,0,1,44.675,16.068,-28.607
P000,Day,6.039,44.37,0,E_Amb_L,Practice,Expected,Red,Right,50.409,44.785,0.305,0.868,1037.077,,64.259,0,,-1,-1,,,-1,50,50,0,0,1,44.675,16.068,-28.607
P000,Day,6.039,44.466,0,E_Amb_L,Practice,Expected,Red,Right,50.505,44.882,0.326,0.868,1039.848,,64.67,0,,-1,-1,,,-1,50,50,0,0,1,44.675,16.068,-28.607
P000,Day,6.039,44.572,0,E_Amb_L,Practice,Expected,Red,Right,50.611,44.987,0.356,0.868,1042.91,,64.741,0,,-1,-1,,,-1,50,50,0,0,1,44.675,16.068,-28.607
P000,Day,6.039,44.665,0,E_Amb_L,Practice,Expected,Red,Right,50.705,45.081,0.389,0.868,1045.608,,64.707,0,,-1,-1,,,-1,50,50,0,0,1,44.675,16.068,-28.607
P000,Day,6.039,44.77,0,E_Amb_L,Practice,Expected,Red,Right,50.809,45.185,0.431,0.868,1048.623,,64.645,0,,-1,-1,,,-1,50,50,0,0,1,44.675,16.068,-28.607
P000,Day,6.039,44.872,0,E_Amb_L,Practice,Expected,Red,Right,50.911,45.287,0.478,0.868,1051.583,,64.575,0,,-1,-1,,,-1,50,50,0,0,1,44.675,16.068,-28.607
P000,Day,6.039,44.964,0,E_Amb_L,Practice,Expected,Red,Right,51.003,45.379,0.523,0.868,1054.241,,64.502,0,,-1,-1,,,-1,50,50,0,0,1,44.675,16.068,-28.607
P000,Day,6.039,45.066,0,E_Amb_L,Practice,Expected,Red,Right,51.106,45.482,0.569,0.868,1057.187,,64.3,0,,-1,-1,,,-1,50,50,0,0,1,44.675,16.068,-28.607
P000,Day,6.039,45.168,0,E_Amb_L,Practice,Expected,Red,Right,51.208,45.584,0.581,0.868,1060.114,,64.151,0,,-1,-1,,,-1,50,50,0,0,1,44.675,16.068,-28.607
P000,Day,6.039,45.269,0,E_Amb_L,Practice,Expected,Red,Right,51.308,45.685,0.589,0.868,1063.001,,64.067,0,,-1,-1,,,-1,50,50,0,0,1,44.675,16.068,-28.607
P000,Day,6.039,45.369,0,E_Amb_L,Practice,Expected,Red,Right,51.409,45.785,0.584,0.868,1065.876,,64.143,0,,-1,-1,,,-1,50,50,0,0,1,44.675,16.068,-28.607
P000,Day,6.039,45.466,0,E_Amb_L,Practice,Expected,Red,Right,51.505,45.881,0.562,0.868,1068.644,,64.463,0,,-1,-1,,,-1,50,50,0,0,1,44.675,16.068,-28.607
P000,Day,6.039,45.566,0,E_Amb_L,Practice,Expected,Red,Right,51.606,45.982,0.519,0.868,1071.546,,64.501,0,,-1,-1,,,-1,50,50,0,0,1,44.675,16.068,-28.607
P000,Day,6.039,45.673,0,E_Amb_L,Practice,Expected,Red,Right,51.712,46.089,0.481,0.868,1074.621,,64.244,0,,-1,-1,,,-1,50,50,0,0,1,44.675,16.068,-28.607
P000,Day,6.039,45.766,0,E_Amb_L,Practice,Expected,Red,Right,51.805,46.182,0.464,0.868,1077.29,,64.149,0,,-1,-1,,,-1,50,50,0,0,1,44.675,16.068,-28.607
P000,Day,6.039,45.87,0,E_Amb_L,Practice,Expected,Red,Right,51.91,46.286,0.441,0.868,1080.273,,64.072,0,,-1,-1,,,-1,50,50,0,0,1,44.675,16.068,-28.607
P000,Day,6.039,45.966,0,E_Amb_L,Practice,Expected,Red,Right,52.005,46.382,0.426,0.868,1083.003,,63.995,0,,-1,-1,,,-1,50,50,0,0,1,44.675,16.068,-28.607
P000,Day,6.039,46.064,0,E_Amb_L,Practice,Expected,Red,Right,52.104,46.48,0.395,0.868,1085.818,,63.736,0,,-1,-1,,,-1,50,50,0,0,1,44.675,16.068,-28.607
P000,Day,6.039,46.166,0,E_Amb_L,Practice,Expected,Red,Right,52.206,46.582,0.36,0.868,1088.737,,63.642,0,,-1,-1,,,-1,50,50,0,0,1,44.675,16.068,-28.607
P000,Day,6.039,46.264,0,E_Amb_L,Practice,Expected,Red,Right,52.304,46.68,0.334,0.868,1091.515,,63.659,0,,-1,-1,,,-1,50,50,0,0,1,44.675,16.068,-28.607
P000,Day,6.039,46.373,0,E_Amb_L,Practice,Expected,Red,Right,52.412,46.788,0.306,0.868,1094.61,,64.099,0,,-1,-1,,,-1,50,50,0,0,1,44.675,16.068,-28.607
P000,Day,6.039,46.469,0,E_Amb_L,Practice,Expected,Red,Right,52.508,46.884,0.279,0.868,1097.361,,64.297,0,,-1,-1,,,-1,50,50,0,0,1,44.675,16.068,-28.607
P000,Day,6.039,46.571,0,E_Amb_L,Practice,Expected,Red,Right,52.611,46.987,0.243,0.868,1100.322,,64.295,0,,-1,-1,,,-1,50,50,0,0,1,44.675,16.068,-28.607
P000,Day,6.039,46.67,0,E_Amb_L,Practice,Expected,Red,Right,52.709,47.085,0.203,0.868,1103.125,,64.399,0,,-1,-1,,,-1,50,50,0,0,1,44.675,16.068,-28.607
P000,Day,6.039,46.765,0,E_Amb_L,Practice,Expected,Red,Right,52.805,47.181,0.156,0.868,1105.911,,64.851,0,,-1,-1,,,-1,50,50,0,0,1,44.675,16.068,-28.607
P000,Day,6.039,46.873,0,E_Amb_L,Practice,Expected,Red,Right,52.913,47.289,0.094,0.868,1109.076,,64.995,0,,-1,-1,,,-1,50,50,0,0,1,44.675,16.068,-28.607
P000,Day,6.039,46.966,0,E_Amb_L,Practice,Expected,Red,Right,53.006,47.382,0.067,0.868,1111.738,,64.708,0,,-1,-1,,,-1,50,50,0,0,1,44.675,16.068,-28.607
P000,Day,6.039,47.063,0,E_Amb_L,Practice,Expected,Red,Right,53.103,47.479,0.069,0.868,1114.54,,64.617,0,,-1,-1,,,-1,50,50,0,0,1,44.675,16.068,-28.607
P000,Day,6.039,47.167,0,E_Amb_L,Practice,Expected,Red,Right,53.206,47.582,0.078,0.868,1117.52,,64.534,0,,-1,-1,,,-1,50,50,0,0,1,44.675,16.068,-28.607
P000,Day,6.039,47.271,0,E_Amb_L,Practice,Expected,Red,Right,53.311,47.687,0.111,0.868,1120.544,,64.536,0,,-1,-1,,,-1,50,50,0,0,1,44.675,16.068,-28.607
P000,Day,6.039,47.367,0,E_Amb_L,Practice,Expected,Red,Right,53.406,47.782,0.166,0.868,1123.285,,64.959,0,,-1,-1,,,-1,50,50,0,0,1,44.675,16.068,-28.607
P000,Day,6.039,47.466,0,E_Amb_L,Practice,Expected,Red,Right,53.506,47.882,0.218,0.868,1126.181,,65.339,0,,-1,-1,,,-1,50,50,0,0,1,44.675,16.068,-28.607
P000,Day,6.039,47.572,0,E_Amb_L,Practice,Expected,Red,Right,53.611,47.987,0.27,0.868,1129.3,,65.952,0,,-1,-1,,,-1,50,50,0,0,1,44.675,16.068,-28.607
P000,Day,6.039,47.665,0,E_Amb_L,Practice,Expected,Red,Right,53.705,48.081,0.326,0.868,1132.063,,66.6,0,,-1,-1,,,-1,50,50,0,0,1,44.675,16.068,-28.607
P000,Day,6.039,47.768,0,E_Amb_L,Practice,Expected,Red,Right,53.808,48.184,0.388,0.868,1135.143,,67.253,0,,-1,-1,,,-1,50,50,0,0,1,44.675,16.068,-28.607
P000,Day,6.039,47.863,0,E_Amb_L,Practice,Expected,Red,Right,53.902,48.279,0.438,0.868,1138.009,,67.906,0,,-1,-1,,,-1,50,50,0,0,1,44.675,16.068,-28.607
P000,Day,6.039,47.965,0,E_Amb_L,Practice,Expected,Red,Right,54.004,48.38,0.478,0.868,1141.102,,68.556,0,,-1,-1,,,-1,50,50,0,0,1,44.675,16.068,-28.607
P000,Day,6.039,48.071,0,E_Amb_L,Practice,Expected,Red,Right,54.11,48.487,0.502,0.868,1144.371,,69.205,0,,-1,-1,,,-1,50,50,0,0,1,44.675,16.068,-28.607
P000,Day,6.039,48.166,0,E_Amb_L,Practice,Expected,Red,Right,54.205,48.581,0.509,0.868,1147.318,,69.816,0,,-1,-1,,,-1,50,50,0,0,1,44.675,16.068,-28.607
P000,Day,6.039,48.263,0,E_Amb_L,Practice,Expected,Red,Right,54.302,48.678,0.542,0.868,1150.356,,70.278,0,,-1,-1,,,-1,50,50,0,0,1,44.675,16.068,-28.607
P000,Day,6.039,48.369,0,E_Amb_L,Practice,Expected,Red,Right,54.408,48.784,0.588,0.868,1153.697,,70.916,0,,-1,-1,,,-1,50,50,0,0,1,44.675,16.068,-28.607
P000,Day,6.039,48.465,0,E_Amb_L,Practice,Expected,Red,Right,54.504,48.881,0.632,0.868,1156.753,,71.565,0,,-1,-1,,,-1,50,50,0,0,1,44.675,16.068,-28.607
P000,Day,6.039,48.572,0,E_Amb_L,Practice,Expected,Red,Right,54.612,48.988,0.699,0.868,1160.211,,72.211,0,,-1,-1,,,-1,50,50,0,0,1,44.675,16.068,-28.607
P000,Day,6.039,48.665,0,E_Amb_L,Practice,Expected,Red,Right,54.704,49.08,0.776,0.868,1163.203,,72.852,0,,-1,-1,,,-1,50,50,0,0,1,44.675,16.068,-28.607
P000,Day,6.039,48.768,0,E_Amb_L,Practice,Expected,Red,Right,54.807,49.184,0.887,0.868,1166.58,,73.398,0,,-1,-1,,,-1,50,50,0,0,1,44.675,16.068,-28.607
P000,Day,6.039,48.867,0,E_Amb_L,Practice,Expected,Red,Right,54.907,49.283,1.02,0.868,1169.84,,73.536,0,,-1,-1,,,-1,50,50,0,0,1,44.675,16.068,-28.607
P000,Day,6.039,48.968,0,E_Amb_L,Practice,Expected,Red,Right,55.007,49.384,1.17,0.868,1173.147,,73.398,0,,-1,-1,,,-1,50,50,0,0,1,44.675,16.068,-28.607
P000,Day,6.039,49.07,0,E_Amb_L,Practice,Expected,Red,Right,55.11,49.486,1.273,0.868,1176.483,,73.056,0,,-1,-1,,,-1,50,50,0,0,1,44.675,16.068,-28.607
P000,Day,6.039,49.162,0,E_Amb_L,Practice,Expected,Red,Right,55.202,49.578,1.328,0.868,1179.502,,72.725,0,,-1,-1,,,-1,50,50,0,0,1,44.675,16.068,-28.607
P000,Day,6.039,49.266,0,E_Amb_L,Practice,Expected,Red,Right,55.305,49.681,1.371,0.868,1182.839,,72.11,0,,-1,-1,,,-1,50,50,0,0,1,44.675,16.068,-28.607
P000,Day,6.039,49.371,0,E_Amb_L,Practice,Expected,Red,Right,55.41,49.786,1.372,0.868,1186.217,,71.373,0,,-1,-1,,,-1,50,50,0,0,1,44.675,16.068,-28.607
P000,Day,6.039,49.464,0,E_Amb_L,Practice,Expected,Red,Right,55.503,49.88,1.34,0.869,1189.177,,70.484,0,,-1,-1,,,-1,50,50,0,0,1,44.675,16.068,-28.607
P000,Day,6.039,49.57,0,E_Amb_L,Practice,Expected,Red,Right,55.61,49.986,1.333,0.87,1192.484,,69.587,0,,-1,-1,,,-1,50,50,0,0,1,44.675,16.068,-28.607
P000,Day,6.039,49.665,0,E_Amb_L,Practice,Expected,Red,Right,55.704,50.08,1.318,0.869,1195.418,,68.837,0,,-1,-1,,,-1,50,50,0,0,1,44.675,16.068,-28.607
P000,Day,6.039,49.77,0,E_Amb_L,Practice,Expected,Red,Right,55.809,50.186,1.289,0.868,1198.642,,68.129,0,,-1,-1,,,-1,50,50,0,0,1,44.675,16.068,-28.607
P000,Day,6.039,49.865,0,E_Amb_L,Practice,Expected,Red,Right,55.904,50.28,1.267,0.868,1201.514,,67.355,0,,-1,-1,,,-1,50,50,0,0,1,44.675,16.068,-28.607
P000,Day,6.039,49.973,0,E_Amb_L,Practice,Expected,Red,Right,56.012,50.389,1.204,0.868,1204.793,,66.423,0,,-1,-1,,,-1,50,50,0,0,1,44.675,16.068,-28.607
P000,Day,6.039,50.068,0,E_Amb_L,Practice,Expected,Red,Right,56.108,50.484,1.146,0.868,1207.568,,65.688,0,,-1,-1,,,-1,50,50,0,0,1,44.675,16.068,-28.607
P000,Day,6.039,50.166,0,E_Amb_L,Practice,Expected,Red,Right,56.205,50.581,1.094,0.868,1210.404,,64.984,0,,-1,-1,,,-1,50,50,0,0,1,44.675,16.068,-28.607
P000,Day,6.039,50.271,0,E_Amb_L,Practice,Expected,Red,Right,56.31,50.686,1.035,0.868,1213.448,,64.284,0,,-1,-1,,,-1,50,50,0,0,1,44.675,16.068,-28.607
P000,Day,6.039,50.364,0,E_Amb_L,Practice,Expected,Red,Right,56.403,50.779,0.976,0.868,1216.097,,63.582,0,,-1,-1,,,-1,50,50,0,0,1,44.675,16.068,-28.607
P000,Day,6.039,50.472,0,E_Amb_L,Practice,Expected,Red,Right,56.511,50.887,0.894,0.868,1219.16,,62.878,0,,-1,-1,,,-1,50,50,0,0,1,44.675,16.068,-28.607
P000,Day,6.039,50.563,0,E_Amb_L,Practice,Expected,Red,Right,56.602,50.978,0.814,0.868,1221.692,,62.173,0,,-1,-1,,,-1,50,50,0,0,1,44.675,16.068,-28.607
P000,Day,6.039,50.669,0,E_Amb_L,Practice,Expected,Red,Right,56.709,51.085,0.707,0.868,1224.628,,61.469,0,,-1,-1,,,-1,50,50,0,0,1,44.675,16.068,-28.607
P000,Day,6.039,50.765,0,E_Amb_L,Practice,Expected,Red,Right,56.805,51.181,0.597,0.868,1227.253,,60.766,0,,-1,-1,,,-1,50,50,0,0,1,44.675,16.068,-28.607
P000,Day,6.039,50.869,0,E_Amb_L,Practice,Expected,Red,Right,56.909,51.285,0.467,0.868,1230.071,,60.063,0,,-1,-1,,,-1,50,50,0,0,1,44.675,16.068,-28.607
P000,Day,6.039,50.963,0,E_Amb_L,Practice,Expected,Red,Right,57.002,51.378,0.34,0.868,1232.57,,59.362,0,,-1,-1,,,-1,50,50,0,0,1,44.675,16.068,-28.607
P000,Day,6.039,51.074,0,E_Amb_L,Practice,Expected,Red,Right,57.114,51.49,0.181,0.868,1235.508,,58.662,0,,-1,-1,,,-1,50,50,0,0,1,44.675,16.068,-28.607
P000,Day,6.039,51.172,0,E_Amb_L,Practice,Expected,Red,Right,57.212,51.588,0.032,0.868,1238.088,,57.963,0,,-1,-1,,,-1,50,50,0,0,1,44.675,16.068,-28.607
P000,Day,6.039,51.269,0,E_Amb_L,Practice,Expected,Red,Right,57.309,51.685,-0.002,0.868,1240.121,,44.479,0,,-1,-1,,,-1,50,50,0,0,1,44.675,16.068,-28.607
P000,Day,6.039,51.375,0,E_Amb_L,Practice,Expected,Red,Right,57.414,51.79,0.037,0.868,1242.207,,43.795,0,,-1,-1,,,-1,50,50,0,0,1,44.675,16.068,-28.607
P000,Day,6.039,51.462,0,E_Amb_L,Practice,Expected,Red,Right,57.502,51.878,0.112,0.868,1243.901,,43.015,0,,-1,-1,,,-1,50,50,0,0,1,44.675,16.068,-28.607
P000,Day,6.039,51.572,0,E_Amb_L,Practice,Expected,Red,Right,57.611,51.988,0.226,0.868,1246.021,,42.3,0,,-1,-1,,,-1,50,50,0,0,1,44.675,16.068,-28.607
P000,Day,6.039,51.672,0,E_Amb_L,Practice,Expected,Red,Right,57.711,52.088,0.361,0.868,1247.889,,41.561,0,,-1,-1,,,-1,50,50,0,0,1,44.675,16.068,-28.607
P000,Day,6.039,51.771,0,E_Amb_L,Practice,Expected,Red,Right,57.81,52.187,0.49,0.868,1249.699,,40.616,0,,-1,-1,,,-1,50,50,0,0,1,44.675,16.068,-28.607
P000,Day,6.039,51.872,0,E_Amb_L,Practice,Expected,Red,Right,57.911,52.287,0.61,0.868,1251.51,,39.828,0,,-1,-1,,,-1,50,50,0,0,1,44.675,16.068,-28.607
P000,Day,6.039,51.972,0,E_Amb_L,Practice,Expected,Red,Right,58.012,52.388,0.751,0.868,1253.258,,39.123,0,,-1,-1,,,-1,50,50,0,0,1,44.675,16.068,-28.607
P000,Day,6.039,52.071,0,E_Amb_L,Practice,Expected,Red,Right,58.11,52.486,0.895,0.868,1254.976,,38.347,0,,-1,-1,,,-1,50,50,0,0,1,44.675,16.068,-28.607
P000,Day,6.039,52.162,0,E_Amb_L,Practice,Expected,Red,Right,58.201,52.577,0.988,0.868,1256.498,,37.479,0,,-1,-1,,,-1,50,50,0,0,1,44.675,16.068,-28.607
P000,Day,6.039,52.267,0,E_Amb_L,Practice,Expected,Red,Right,58.306,52.682,1.083,0.868,1258.229,,36.78,0,,-1,-1,,,-1,50,50,0,0,1,44.675,16.068,-28.607
P000,Day,6.039,52.369,0,E_Amb_L,Practice,Expected,Red,Right,58.409,52.785,1.164,0.868,1259.902,,36.082,0,,-1,-1,,,-1,50,50,0,0,1,44.675,16.068,-28.607
P000,Day,6.039,52.462,0,E_Amb_L,Practice,Expected,Red,Right,58.502,52.878,1.223,0.868,1261.384,,35.382,0,,-1,-1,,,-1,50,50,0,0,1,44.675,16.068,-28.607
P000,Day,6.039,52.567,0,E_Amb_L,Practice,Expected,Red,Right,58.607,52.983,1.272,0.868,1263.032,,34.676,0,,-1,-1,,,-1,50,50,0,0,1,44.675,16.068,-28.607
P000,Day,6.039,52.671,0,E_Amb_L,Practice,Expected,Red,Right,58.71,53.086,1.307,0.868,1264.63,,34.474,0,,-1,-1,,,-1,50,50,0,0,1,44.675,16.068,-28.607
P000,Day,6.039,52.767,0,E_Amb_L,Practice,Expected,Red,Right,58.807,53.183,1.329,0.868,1266.112,,34.508,0,,-1,-1,,,-1,50,50,0,0,1,44.675,16.068,-28.607
P000,Day,6.039,52.872,0,E_Amb_L,Practice,Expected,Red,Right,58.911,53.287,1.299,0.868,1267.756,,34.774,0,,-1,-1,,,-1,50,50,0,0,1,44.675,16.068,-28.607
P000,Day,6.039,52.965,0,E_Amb_L,Practice,Expected,Red,Right,59.004,53.381,1.213,0.868,1269.184,,35.257,0,,-1,-1,,,-1,50,50,0,0,1,44.675,16.068,-28.607
P000,Day,6.039,53.067,0,E_Amb_L,Practice,Expected,Red,Right,59.106,53.482,1.101,0.868,1270.802,,35.913,0,,-1,-1,,,-1,50,50,0,0,1,44.675,16.068,-28.607
P000,Day,6.039,53.164,0,E_Amb_L,Practice,Expected,Red,Right,59.203,53.579,0.973,0.868,1272.37,,36.562,0,,-1,-1,,,-1,50,50,0,0,1,44.675,16.068,-28.607
P000,Day,6.039,53.263,0,E_Amb_L,Practice,Expected,Red,Right,59.302,53.678,0.839,0.868,1273.989,,37.003,0,,-1,-1,,,-1,50,50,0,0,1,44.675,16.068,-28.607
P000,Day,6.039,53.365,0,E_Amb_L,Practice,Expected,Red,Right,59.404,53.78,0.727,0.868,1275.684,,37.585,0,,-1,-1,,,-1,50,50,0,0,1,44.675,16.068,-28.607
P000,Day,6.039,53.474,0,E_Amb_L,Practice,Expected,Red,Right,59.513,53.889,0.586,0.868,1277.519,,38.243,0,,-1,-1,,,-1,50,50,0,0,1,44.675,16.068,-28.607
P000,Day,6.039,53.569,0,E_Amb_L,Practice,Expected,Red,Right,59.609,53.985,0.458,0.868,1279.156,,38.906,0,,-1,-1,,,-1,50,50,0,0,1,44.675,16.068,-28.607
P000,Day,6.039,53.673,0,E_Amb_L,Practice,Expected,Red,Right,59.712,54.088,0.327,0.868,1280.997,,39.428,0,,-1,-1,,,-1,50,50,0,0,1,44.675,16.068,-28.607
P000,Day,6.039,53.769,0,E_Amb_L,Practice,Expected,Red,Right,59.808,54.184,0.267,0.868,1282.676,,39.852,0,,-1,-1,,,-1,50,50,0,0,1,44.675,16.068,-28.607
P000,Day,6.039,53.863,0,E_Amb_L,Practice,Expected,Red,Right,59.902,54.279,0.225,0.868,1284.366,,40.498,0,,-1,-1,,,-1,50,50,0,0,1,44.675,16.068,-28.607
P000,Day,6.039,53.968,0,E_Amb_L,Practice,Expected,Red,Right,60.007,54.383,0.198,0.868,1286.268,,41.146,0,,-1,-1,,,-1,50,50,0,0,1,44.675,16.068,-28.607
P000,Day,6.039,54.071,0,E_Amb_L,Practice,Expected,Red,Right,60.11,54.487,0.198,0.868,1288.19,,41.791,0,,-1,-1,,,-1,50,50,0,0,1,44.675,16.068,-28.607
P000,Day,6.039,54.165,0,E_Amb_L,Practice,Expected,Red,Right,60.205,54.581,0.212,0.868,1289.96,,42.316,0,,-1,-1,,,-1,50,50,0,0,1,44.675,16.068,-28.607
P000,Day,6.039,54.271,0,E_Amb_L,Practice,Expected,Red,Right,60.31,54.686,0.19,0.868,1291.975,,42.81,0,,-1,-1,,,-1,50,50,0,0,1,44.675,16.068,-28.607
P000,Day,6.039,54.367,0,E_Amb_L,Practice,Expected,Red,Right,60.407,54.783,0.177,0.868,1293.826,,43.465,0,,-1,-1,,,-1,50,50,0,0,1,44.675,16.068,-28.607
P000,Day,6.039,54.473,0,E_Amb_L,Practice,Expected,Red,Right,60.512,54.889,0.166,0.868,1295.903,,44.09,0,,-1,-1,,,-1,50,50,0,0,1,44.675,16.068,-28.607
P000,Day,6.039,54.567,0,E_Amb_L,Practice,Expected,Red,Right,60.606,54.982,0.191,0.868,1297.759,,44.498,0,,-1,-1,,,-1,50,50,0,0,1,44.675,16.068,-28.607
P000,Day,6.039,54.669,0,E_Amb_L,Practice,Expected,Red,Right,60.709,55.085,0.23,0.868,1299.804,,45.137,0,,-1,-1,,,-1,50,50,0,0,1,44.675,16.068,-28.607
P000,Day,6.039,54.762,0,E_Amb_L,Practice,Expected,Red,Right,60.801,55.178,0.263,0.868,1301.696,,45.796,0,,-1,-1,,,-1,50,50,0,0,1,44.675,16.068,-28.607
P000,Day,6.039,54.864,0,E_Amb_L,Practice,Expected,Red,Right,60.904,55.28,0.307,0.868,1303.794,,46.455,0,,-1,-1,,,-1,50,50,0,0,1,44.675,16.068,-28.607
P000,Day,6.039,54.969,0,E_Amb_L,Practice,Expected,Red,Right,61.008,55.384,0.362,0.867,1305.974,,47.113,0,,-1,-1,,,-1,50,50,0,0,1,44.675,16.068,-28.607
P000,Day,6.039,55.062,0,E_Amb_L,Practice,Expected,Red,Right,61.102,55.478,0.424,0.867,1307.96,,47.771,0,,-1,-1,,,-1,50,50,0,0,1,44.675,16.068,-28.607
P000,Day,6.039,55.166,0,E_Amb_L,Practice,Expected,Red,Right,61.206,55.582,0.505,0.867,1310.198,,48.428,0,,-1,-1,,,-1,50,50,0,0,1,44.675,16.068,-28.607
P000,Day,6.039,55.269,0,E_Amb_L,Practice,Expected,Red,Right,61.308,55.684,0.561,0.867,1312.419,,48.803,0,,-1,-1,,,-1,50,50,0,0,1,44.675,16.068,-28.607
P000,Day,6.039,55.366,0,E_Amb_L,Practice,Expected,Red,Right,61.406,55.782,0.566,0.867,1314.557,,49.158,0,,-1,-1,,,-1,50,50,0,0,1,44.675,16.068,-28.607
P000,Day,6.039,55.465,0,E_Amb_L,Practice,Expected,Red,Right,61.505,55.881,0.565,0.868,1316.735,,49.19,0,,-1,-1,,,-1,50,50,0,0,1,44.675,16.068,-28.607
P000,Day,6.039,55.573,0,E_Amb_L,Practice,Expected,Red,Right,61.612,55.988,0.542,0.868,1319.119,,48.684,0,,-1,-1,,,-1,50,50,0,0,1,44.675,16.068,-28.607
P000,Day,6.039,55.665,0,E_Amb_L,Practice,Expected,Red,Right,61.705,56.081,0.515,0.868,1321.086,,47.848,0,,-1,-1,,,-1,50,50,0,0,1,44.675,16.068,-28.607
P000,Day,6.039,55.77,0,E_Amb_L,Practice,Expected,Red,Right,61.81,56.186,0.521,0.868,1323.309,,46.986,0,,-1,-1,,,-1,50,50,0,0,1,44.675,16.068,-28.607
P000,Day,6.039,55.862,0,E_Amb_L,Practice,Expected,Red,Right,61.901,56.278,0.516,0.868,1325.228,,46.277,0,,-1,-1,,,-1,50,50,0,0,1,44.675,16.068,-28.607
P000,Day,6.039,55.968,0,E_Amb_L,Practice,Expected,Red,Right,62.007,56.384,0.505,0.867,1327.399,,45.581,0,,-1,-1,,,-1,50,50,0,0,1,44.675,16.068,-28.607
P000,Day,6.039,56.062,0,E_Amb_L,Practice,Expected,Red,Right,62.101,56.478,0.5,0.867,1329.306,,44.885,0,,-1,-1,,,-1,50,50,0,0,1,44.675,16.068,-28.607
P000,Day,6.039,56.164,0,E_Amb_L,Practice,Expected,Red,Right,62.204,56.58,0.505,0.867,1331.338,,44.187,0,,-1,-1,,,-1,50,50,0,0,1,44.675,16.068,-28.607
P000,Day,6.039,56.268,0,E_Amb_L,Practice,Expected,Red,Right,62.307,56.684,0.522,0.867,1333.367,,43.488,0,,-1,-1,,,-1,50,50,0,0,1,44.675,16.068,-28.607
P000,Day,6.039,56.362,0,E_Amb_L,Practice,Expected,Red,Right,62.402,56.778,0.549,0.867,1335.194,,42.783,0,,-1,-1,,,-1,50,50,0,0,1,44.675,16.068,-28.607
P000,Day,6.039,56.47,0,E_Amb_L,Practice,Expected,Red,Right,62.509,56.885,0.59,0.867,1337.237,,42.569,0,,-1,-1,,,-1,50,50,0,0,1,44.675,16.068,-28.607
P000,Day,6.039,56.562,0,E_Amb_L,Practice,Expected,Red,Right,62.602,56.978,0.634,0.867,1339.014,,43.041,0,,-1,-1,,,-1,50,50,0,0,1,44.675,16.068,-28.607
P000,Day,6.039,56.668,0,E_Amb_L,Practice,Expected,Red,Right,62.707,57.083,0.67,0.867,1341.05,,43.437,0,,-1,-1,,,-1,50,50,0,0,1,44.675,16.068,-28.607
P000,Day,6.039,56.765,0,E_Amb_L,Practice,Expected,Red,Right,62.804,57.18,0.646,0.867,1342.941,,43.919,0,,-1,-1,,,-1,50,50,0,0,1,44.675,16.068,-28.607
P000,Day,6.039,56.867,0,E_Amb_L,Practice,Expected,Red,Right,62.906,57.283,0.611,0.867,1344.964,,44.575,0,,-1,-1,,,-1,50,50,0,0,1,44.675,16.068,-28.607
P000,Day,6.039,56.963,0,E_Amb_L,Practice,Expected,Red,Right,63.002,57.379,0.575,0.868,1346.889,,45.063,0,,-1,-1,,,-1,50,50,0,0,1,44.675,16.068,-28.607
P000,Day,6.039,57.072,0,E_Amb_L,Practice,Expected,Red,Right,63.111,57.488,0.567,0.868,1349.117,,45.591,0,,-1,-1,,,-1,50,50,0,0,1,44.675,16.068,-28.607
P000,Day,6.039,57.163,0,E_Amb_L,Practice,Expected,Red,Right,63.203,57.579,0.545,0.867,1350.968,,46.238,0,,-1,-1,,,-1,50,50,0,0,1,44.675,16.068,-28.607
P000,Day,6.039,57.266,0,E_Amb_L,Practice,Expected,Red,Right,63.306,57.682,0.511,0.867,1353.109,,46.897,0,,-1,-1,,,-1,50,50,0,0,1,44.675,16.068,-28.607
P000,Day,6.039,57.371,0,E_Amb_L,Practice,Expected,Red,Right,63.411,57.787,0.475,0.867,1355.324,,47.558,0,,-1,-1,,,-1,50,50,0,0,1,44.675,16.068,-28.607
P000,Day,6.039,57.464,0,E_Amb_L,Practice,Expected,Red,Right,63.503,57.879,0.446,0.867,1357.295,,48.199,0,,-1,-1,,,-1,50,50,0,0,1,44.675,16.068,-28.607
P000,Day,6.039,57.566,0,E_Amb_L,Practice,Expected,Red,Right,63.605,57.981,0.419,0.866,1359.511,,48.874,0,,-1,-1,,,-1,50,50,0,0,1,44.675,16.068,-28.607
P000,Day,6.039,57.669,0,E_Amb_L,Practice,Expected,Red,Right,63.709,58.085,0.398,0.867,1361.786,,49.402,0,,-1,-1,,,-1,50,50,0,0,1,44.675,16.068,-28.607
P000,Day,6.039,57.766,0,E_Amb_L,Practice,Expected,Red,Right,63.805,58.182,0.382,0.867,1363.937,,49.757,0,,-1,-1,,,-1,50,50,0,0,1,44.675,16.068,-28.607
P000,Day,6.039,57.87,0,E_Amb_L,Practice,Expected,Red,Right,63.909,58.285,0.37,0.867,1366.24,,49.779,0,,-1,-1,,,-1,50,50,0,0,1,44.675,16.068,-28.607
P000,Day,6.039,57.964,0,E_Amb_L,Practice,Expected,Red,Right,64.004,58.38,0.362,0.868,1368.337,,49.594,0,,-1,-1,,,-1,50,50,0,0,1,44.675,16.068,-28.607
P000,Day,6.039,58.062,0,E_Amb_L,Practice,Expected,Red,Right,64.102,58.478,0.355,0.868,1370.512,,49.121,0,,-1,-1,,,-1,50,50,0,0,1,44.675,16.068,-28.607
P000,Day,6.039,58.166,0,E_Amb_L,Practice,Expected,Red,Right,64.205,58.581,0.35,0.868,1372.773,,48.949,0,,-1,-1,,,-1,50,50,0,0,1,44.675,16.068,-28.607
P000,Day,6.039,58.27,0,E_Amb_L,Practice,Expected,Red,Right,64.31,58.686,0.348,0.869,1375.051,,48.878,0,,-1,-1,,,-1,50,50,0,0,1,44.675,16.068,-28.607
P000,Day,6.039,58.362,0,E_Amb_L,Practice,Expected,Red,Right,64.401,58.777,0.35,0.869,1377.064,,48.821,0,,-1,-1,,,-1,50,50,0,0,1,44.675,16.068,-28.607
P000,Day,6.039,58.47,0,E_Amb_L,Practice,Expected,Red,Right,64.509,58.885,0.357,0.869,1379.417,,48.768,0,,-1,-1,,,-1,50,50,0,0,1,44.675,16.068,-28.607
P000,Day,6.039,58.574,0,E_Amb_L,Practice,Expected,Red,Right,64.613,58.99,0.368,0.87,1381.661,,48.715,0,,-1,-1,,,-1,50,50,0,0,1,44.675,16.068,-28.607
P000,Day,6.039,58.666,0,E_Amb_L,Practice,Expected,Red,Right,64.705,59.081,0.383,0.87,1383.678,,48.662,0,,-1,-1,,,-1,50,50,0,0,1,44.675,16.068,-28.607
P000,Day,6.039,58.771,0,E_Amb_L,Practice,Expected,Red,Right,64.81,59.186,0.405,0.87,1385.962,,48.461,0,,-1,-1,,,-1,50,50,0,0,1,44.675,16.068,-28.607
P000,Day,6.039,58.865,0,E_Amb_L,Practice,Expected,Red,Right,64.904,59.28,0.429,0.871,1387.987,,47.973,0,,-1,-1,,,-1,50,50,0,0,1,44.675,16.068,-28.607
P000,Day,6.039,58.967,0,E_Amb_L,Practice,Expected,Red,Right,65.007,59.383,0.462,0.871,1390.17,,47.447,0,,-1,-1,,,-1,50,50,0,0,1,44.675,16.068,-28.607
P000,Day,6.039,59.062,0,E_Amb_L,Practice,Expected,Red,Right,65.102,59.478,0.499,0.872,1392.177,,46.916,0,,-1,-1,,,-1,50,50,0,0,1,44.675,16.068,-28.607
P000,Day,6.039,59.164,0,E_Amb_L,Practice,Expected,Red,Right,65.203,59.58,0.548,0.872,1394.306,,46.382,0,,-1,-1,,,-1,50,50,0,0,1,44.675,16.068,-28.607
P000,Day,6.039,59.269,0,E_Amb_L,Practice,Expected,Red,Right,65.309,59.685,0.61,0.873,1396.469,,45.775,0,,-1,-1,,,-1,50,50,0,0,1,44.675,16.068,-28.607
P000,Day,6.039,59.362,0,E_Amb_L,Practice,Expected,Red,Right,65.402,59.778,0.63,0.873,1398.365,,45.001,0,,-1,-1,,,-1,50,50,0,0,1,44.675,16.068,-28.607
P000,Day,6.039,59.466,0,E_Amb_L,Practice,Expected,Red,Right,65.506,59.882,0.649,0.873,1400.448,,44.806,0,,-1,-1,,,-1,50,50,0,0,1,44.675,16.068,-28.607
P000,Day,6.039,59.571,0,E_Amb_L,Practice,Expected,Red,Right,65.611,59.987,0.686,0.873,1402.539,,44.741,0,,-1,-1,,,-1,50,50,0,0,1,44.675,16.068,-28.607
P000,Day,6.039,59.664,0,E_Amb_L,Practice,Expected,Red,Right,65.703,60.079,0.723,0.873,1404.398,,44.692,0,,-1,-1,,,-1,50,50,0,0,1,44.675,16.068,-28.607
P000,Day,6.039,59.769,0,E_Amb_L,Practice,Expected,Red,Right,65.808,60.184,0.767,0.873,1406.483,,44.645,0,,-1,-1,,,-1,50,50,0,0,1,44.675,16.068,-28.607
P000,Day,6.039,59.794,0,E_Amb_L,Practice,Expected,Red,Right,65.833,60.209,0.772,0.873,1406.723,,44.637,1,TrialEnd,65.833,60.209,,,-1,50,50,0,0,1,44.675,16.068,-28.607
P000,Day,6.039,59.862,0,E_Amb_L,Practice,Expected,Red,Right,65.902,60.278,0.772,0.873,1406.723,,44.637,1,TrialEnd,65.833,60.209,,,-1,50,50,0,0,1,44.675,16.068,-28.607
P000,Day,6.039,59.963,0,E_Amb_L,Practice,Expected,Red,Right,66.002,60.378,0.772,0.873,1406.723,,44.637,1,TrialEnd,65.833,60.209,,,-1,50,50,0,0,1,44.675,16.068,-28.607
P000,Day,6.039,60.06,0,E_Amb_L,Practice,Expected,Red,Right,66.1,60.476,0.772,0.873,1406.723,,44.637,1,TrialEnd,65.833,60.209,,,-1,50,50,0,0,1,44.675,16.068,-28.607
P000,Day,6.039,60.169,0,E_Amb_L,Practice,Expected,Red,Right,66.208,60.585,0.772,0.873,1406.723,,44.637,1,TrialEnd,65.833,60.209,,,-1,50,50,0,0,1,44.675,16.068,-28.607
P000,Day,6.039,60.266,0,E_Amb_L,Practice,Expected,Red,Right,66.305,60.681,0.772,0.873,1406.723,,44.637,1,TrialEnd,65.833,60.209,,,-1,50,50,0,0,1,44.675,16.068,-28.607
P000,Day,6.039,60.363,0,E_Amb_L,Practice,Expected,Red,Right,66.402,60.778,0.772,0.873,1406.723,,44.637,1,TrialEnd,65.833,60.209,,,-1,50,50,0,0,1,44.675,16.068,-28.607
P000,Day,6.039,60.467,0,E_Amb_L,Practice,Expected,Red,Right,66.506,60.882,0.772,0.873,1406.723,,44.637,1,TrialEnd,65.833,60.209,,,-1,50,50,0,0,1,44.675,16.068,-28.607
P000,Day,6.039,60.562,0,E_Amb_L,Practice,Expected,Red,Right,66.601,60.978,0.772,0.873,1406.723,,44.637,1,TrialEnd,65.833,60.209,,,-1,50,50,0,0,1,44.675,16.068,-28.607
P000,Day,6.039,60.671,0,E_Amb_L,Practice,Expected,Red,Right,66.71,61.086,0.772,0.873,1406.723,,44.637,1,TrialEnd,65.833,60.209,,,-1,50,50,0,0,1,44.675,16.068,-28.607
P000,Day,6.039,60.764,0,E_Amb_L,Practice,Expected,Red,Right,66.804,61.18,0.772,0.873,1406.723,,44.637,1,TrialEnd,65.833,60.209,,,-1,50,50,0,0,1,44.675,16.068,-28.607
P000,Day,6.039,60.868,0,E_Amb_L,Practice,Expected,Red,Right,66.908,61.284,0.772,0.873,1406.723,,44.637,1,TrialEnd,65.833,60.209,,,-1,50,50,0,0,1,44.675,16.068,-28.607
P000,Day,6.039,60.971,0,E_Amb_L,Practice,Expected,Red,Right,67.01,61.386,0.772,0.873,1406.723,,44.637,1,TrialEnd,65.833,60.209,,,-1,50,50,0,0,1,44.675,16.068,-28.607
P000,Day,6.039,61.061,0,E_Amb_L,Practice,Expected,Red,Right,67.1,61.476,0.772,0.873,1406.723,,44.637,1,TrialEnd,65.833,60.209,,,-1,50,50,0,0,1,44.675,16.068,-28.607
P000,Day,6.039,61.169,0,E_Amb_L,Practice,Expected,Red,Right,67.208,61.584,0.772,0.873,1406.723,,44.637,1,TrialEnd,65.833,60.209,,,-1,50,50,0,0,1,44.675,16.068,-28.607
P000,Day,6.039,61.264,0,E_Amb_L,Practice,Expected,Red,Right,67.304,61.68,0.772,0.873,1406.723,,44.637,1,TrialEnd,65.833,60.209,,,-1,50,50,0,0,1,44.675,16.068,-28.607
P000,Day,6.039,61.371,0,E_Amb_L,Practice,Expected,Red,Right,67.41,61.786,0.772,0.873,1406.723,,44.637,1,TrialEnd,65.833,60.209,,,-1,50,50,0,0,1,44.675,16.068,-28.607
P000,Day,6.039,61.468,0,E_Amb_L,Practice,Expected,Red,Right,67.508,61.884,0.772,0.873,1406.723,,44.637,1,TrialEnd,65.833,60.209,,,-1,50,50,0,0,1,44.675,16.068,-28.607
P000,Day,6.039,61.564,0,E_Amb_L,Practice,Expected,Red,Right,67.603,61.979,0.772,0.873,1406.723,,44.637,1,TrialEnd,65.833,60.209,,,-1,50,50,0,0,1,44.675,16.068,-28.607
P000,Day,6.039,61.661,0,E_Amb_L,Practice,Expected,Red,Right,67.701,62.077,0.772,0.873,1406.723,,44.637,1,TrialEnd,65.833,60.209,,,-1,50,50,0,0,1,44.675,16.068,-28.607
P000,Day,6.039,61.764,0,E_Amb_L,Practice,Expected,Red,Right,67.803,62.18,0.772,0.873,1406.723,,44.637,1,TrialEnd,65.833,60.209,,,-1,50,50,0,0,1,44.675,16.068,-28.607
P000,Day,6.039,61.868,0,E_Amb_L,Practice,Expected,Red,Right,67.907,62.284,0.772,0.873,1406.723,,44.637,1,TrialEnd,65.833,60.209,,,-1,50,50,0,0,1,44.675,16.068,-28.607
P000,Day,6.039,61.965,0,E_Amb_L,Practice,Expected,Red,Right,68.004,62.38,0.772,0.873,1406.723,,44.637,1,TrialEnd,65.833,60.209,,,-1,50,50,0,0,1,44.675,16.068,-28.607
P000,Day,6.039,62.069,0,E_Amb_L,Practice,Expected,Red,Right,68.109,62.485,0.772,0.873,1406.723,,44.637,1,TrialEnd,65.833,60.209,,,-1,50,50,0,0,1,44.675,16.068,-28.607
P000,Day,6.039,62.165,0,E_Amb_L,Practice,Expected,Red,Right,68.205,62.581,0.772,0.873,1406.723,,44.637,1,TrialEnd,65.833,60.209,,,-1,50,50,0,0,1,44.675,16.068,-28.607
P000,Day,6.039,62.265,0,E_Amb_L,Practice,Expected,Red,Right,68.304,62.68,0.772,0.873,1406.723,,44.637,1,TrialEnd,65.833,60.209,,,-1,50,50,0,0,1,44.675,16.068,-28.607
P000,Day,6.039,62.371,0,E_Amb_L,Practice,Expected,Red,Right,68.41,62.787,0.772,0.873,1406.723,,44.637,1,TrialEnd,65.833,60.209,,,-1,50,50,0,0,1,44.675,16.068,-28.607
P000,Day,6.039,62.469,0,E_Amb_L,Practice,Expected,Red,Right,68.509,62.885,0.772,0.873,1406.723,,44.637,1,TrialEnd,65.833,60.209,,,-1,50,50,0,0,1,44.675,16.068,-28.607
P000,Day,6.039,62.562,0,E_Amb_L,Practice,Expected,Red,Right,68.601,62.978,0.772,0.873,1406.723,,44.637,1,TrialEnd,65.833,60.209,,,-1,50,50,0,0,1,44.675,16.068,-28.607
P000,Day,6.039,62.671,0,E_Amb_L,Practice,Expected,Red,Right,68.711,63.087,0.772,0.873,1406.723,,44.637,1,TrialEnd,65.833,60.209,,,-1,50,50,0,0,1,44.675,16.068,-28.607
P000,Day,6.039,62.761,0,E_Amb_L,Practice,Expected,Red,Right,68.8,63.176,0.772,0.873,1406.723,,44.637,1,TrialEnd,65.833,60.209,,,-1,50,50,0,0,1,44.675,16.068,-28.607
P000,Day,6.039,62.87,0,E_Amb_L,Practice,Expected,Red,Right,68.91,63.286,0.772,0.873,1406.723,,44.637,1,TrialEnd,65.833,60.209,,,-1,50,50,0,0,1,44.675,16.068,-28.607
P000,Day,6.039,62.964,0,E_Amb_L,Practice,Expected,Red,Right,69.004,63.38,0.772,0.873,1406.723,,44.637,1,TrialEnd,65.833,60.209,,,-1,50,50,0,0,1,44.675,16.068,-28.607
P000,Day,6.039,63.07,0,E_Amb_L,Practice,Expected,Red,Right,69.109,63.485,0.772,0.873,1406.723,,44.637,1,TrialEnd,65.833,60.209,,,-1,50,50,0,0,1,44.675,16.068,-28.607
P000,Day,6.039,63.165,0,E_Amb_L,Practice,Expected,Red,Right,69.205,63.581,0.772,0.873,1406.723,,44.637,1,TrialEnd,65.833,60.209,,,-1,50,50,0,0,1,44.675,16.068,-28.607
P000,Day,6.039,63.267,0,E_Amb_L,Practice,Expected,Red,Right,69.306,63.682,0.772,0.873,1406.723,,44.637,1,TrialEnd,65.833,60.209,,,-1,50,50,0,0,1,44.675,16.068,-28.607
P000,Day,6.039,63.367,0,E_Amb_L,Practice,Expected,Red,Right,69.407,63.783,0.772,0.873,1406.723,,44.637,1,TrialEnd,65.833,60.209,,,-1,50,50,0,0,1,44.675,16.068,-28.607
P000,Day,6.039,63.47,0,E_Amb_L,Practice,Expected,Red,Right,69.51,63.886,0.772,0.873,1406.723,,44.637,1,TrialEnd,65.833,60.209,,,-1,50,50,0,0,1,44.675,16.068,-28.607
P000,Day,6.039,63.561,0,E_Amb_L,Practice,Expected,Red,Right,69.6,63.976,0.772,0.873,1406.723,,44.637,1,TrialEnd,65.833,60.209,,,-1,50,50,0,0,1,44.675,16.068,-28.607
P000,Day,6.039,63.672,0,E_Amb_L,Practice,Expected,Red,Right,69.711,64.087,0.772,0.873,1406.723,,44.637,1,TrialEnd,65.833,60.209,,,-1,50,50,0,0,1,44.675,16.068,-28.607
P000,Day,6.039,63.761,0,E_Amb_L,Practice,Expected,Red,Right,69.8,64.177,0.772,0.873,1406.723,,44.637,1,TrialEnd,65.833,60.209,,,-1,50,50,0,0,1,44.675,16.068,-28.607
P000,Day,6.039,63.861,0,E_Amb_L,Practice,Expected,Red,Right,69.9,64.277,0.772,0.873,1406.723,,44.637,1,TrialEnd,65.833,60.209,,,-1,50,50,0,0,1,44.675,16.068,-28.607
P000,Day,6.039,63.97,0,E_Amb_L,Practice,Expected,Red,Right,70.01,64.386,0.772,0.873,1406.723,,44.637,1,TrialEnd,65.833,60.209,,,-1,50,50,0,0,1,44.675,16.068,-28.607
P000,Day,6.039,64.067,0,E_Amb_L,Practice,Expected,Red,Right,70.106,64.482,0.772,0.873,1406.723,,44.637,1,TrialEnd,65.833,60.209,,,-1,50,50,0,0,1,44.675,16.068,-28.607
P000,Day,6.039,64.162,0,E_Amb_L,Practice,Expected,Red,Right,70.201,64.578,0.772,0.873,1406.723,,44.637,1,TrialEnd,65.833,60.209,,,-1,50,50,0,0,1,44.675,16.068,-28.607
P000,Day,6.039,64.262,0,E_Amb_L,Practice,Expected,Red,Right,70.301,64.677,0.772,0.873,1406.723,,44.637,1,TrialEnd,65.833,60.209,,,-1,50,50,0,0,1,44.675,16.068,-28.607
P000,Day,6.039,64.365,0,E_Amb_L,Practice,Expected,Red,Right,70.405,64.781,0.772,0.873,1406.723,,44.637,1,TrialEnd,65.833,60.209,,,-1,50,50,0,0,1,44.675,16.068,-28.607
P000,Day,6.039,64.464,0,E_Amb_L,Practice,Expected,Red,Right,70.503,64.879,0.772,0.873,1406.723,,44.637,1,TrialEnd,65.833,60.209,,,-1,50,50,0,0,1,44.675,16.068,-28.607
P000,Day,6.039,64.561,0,E_Amb_L,Practice,Expected,Red,Right,70.6,64.977,0.772,0.873,1406.723,,44.637,1,TrialEnd,65.833,60.209,,,-1,50,50,0,0,1,44.675,16.068,-28.607
P000,Day,6.039,64.666,0,E_Amb_L,Practice,Expected,Red,Right,70.705,65.081,0.772,0.873,1406.723,,44.637,1,TrialEnd,65.833,60.209,,,-1,50,50,0,0,1,44.675,16.068,-28.607
P000,Day,6.039,64.761,0,E_Amb_L,Practice,Expected,Red,Right,70.801,65.177,0.772,0.873,1406.723,,44.637,1,TrialEnd,65.833,60.209,,,-1,50,50,0,0,1,44.675,16.068,-28.607
P000,Day,6.039,64.861,0,E_Amb_L,Practice,Expected,Red,Right,70.9,65.276,0.772,0.873,1406.723,,44.637,1,TrialEnd,65.833,60.209,,,-1,50,50,0,0,1,44.675,16.068,-28.607
P000,Day,6.039,64.897,0,E_Amb_L,Practice,Expected,Red,Right,70.937,65.313,0.772,0.873,1406.723,,44.637,1,TrialEnd,65.833,60.209,Amber,0,5.104,50,50,0,0,1,44.675,16.068,-28.607
P000,Day,6.039,64.962,0,E_Amb_L,Practice,Expected,Red,Right,71.001,65.377,0.772,0.873,1406.723,,44.637,1,TrialEnd,65.833,60.209,Amber,0,5.104,50,50,0,0,1,44.675,16.068,-28.607
P000,Day,6.039,65.063,0,E_Amb_L,Practice,Expected,Red,Right,71.102,65.479,0.772,0.873,1406.723,,44.637,1,TrialEnd,65.833,60.209,Amber,0,5.104,50,50,0,0,1,44.675,16.068,-28.607
P000,Day,6.039,65.17,0,E_Amb_L,Practice,Expected,Red,Right,71.21,65.586,0.772,0.873,1406.723,,44.637,1,TrialEnd,65.833,60.209,Amber,0,5.104,50,50,0,0,1,44.675,16.068,-28.607
P000,Day,6.039,65.264,0,E_Amb_L,Practice,Expected,Red,Right,71.304,65.68,0.772,0.873,1406.723,,44.637,1,TrialEnd,65.833,60.209,Amber,0,5.104,50,50,0,0,1,44.675,16.068,-28.607
P000,Day,6.039,65.371,0,E_Amb_L,Practice,Expected,Red,Right,71.41,65.786,0.772,0.873,1406.723,,44.637,1,TrialEnd,65.833,60.209,Amber,0,5.104,50,50,0,0,1,44.675,16.068,-28.607
P000,Day,6.039,65.468,0,E_Amb_L,Practice,Expected,Red,Right,71.508,65.884,0.772,0.873,1406.723,,44.637,1,TrialEnd,65.833,60.209,Amber,0,5.104,50,50,0,0,1,44.675,16.068,-28.607
P000,Day,6.039,65.564,0,E_Amb_L,Practice,Expected,Red,Right,71.603,65.98,0.772,0.873,1406.723,,44.637,1,TrialEnd,65.833,60.209,Amber,0,5.104,50,50,0,0,1,44.675,16.068,-28.607
P000,Day,6.039,65.67,0,E_Amb_L,Practice,Expected,Red,Right,71.709,66.085,0.772,0.873,1406.723,,44.637,1,TrialEnd,65.833,60.209,Amber,0,5.104,50,50,0,0,1,44.675,16.068,-28.607
P000,Day,6.039,65.767,0,E_Amb_L,Practice,Expected,Red,Right,71.806,66.183,0.772,0.873,1406.723,,44.637,1,TrialEnd,65.833,60.209,Amber,0,5.104,50,50,0,0,1,44.675,16.068,-28.607
P000,Day,6.039,65.867,0,E_Amb_L,Practice,Expected,Red,Right,71.907,66.283,0.772,0.873,1406.723,,44.637,1,TrialEnd,65.833,60.209,Amber,0,5.104,50,50,0,0,1,44.675,16.068,-28.607
P000,Day,6.039,65.967,0,E_Amb_L,Practice,Expected,Red,Right,72.006,66.382,0.772,0.873,1406.723,,44.637,1,TrialEnd,65.833,60.209,Amber,0,5.104,50,50,0,0,1,44.675,16.068,-28.607
P000,Day,6.039,66.062,0,E_Amb_L,Practice,Expected,Red,Right,72.101,66.477,0.772,0.873,1406.723,,44.637,1,TrialEnd,65.833,60.209,Amber,0,5.104,50,50,0,0,1,44.675,16.068,-28.607
P000,Day,6.039,66.169,0,E_Amb_L,Practice,Expected,Red,Right,72.209,66.585,0.772,0.873,1406.723,,44.637,1,TrialEnd,65.833,60.209,Amber,0,5.104,50,50,0,0,1,44.675,16.068,-28.607
P000,Day,6.039,66.263,0,E_Amb_L,Practice,Expected,Red,Right,72.303,66.679,0.772,0.873,1406.723,,44.637,1,TrialEnd,65.833,60.209,Amber,0,5.104,50,50,0,0,1,44.675,16.068,-28.607
P000,Day,6.039,66.371,0,E_Amb_L,Practice,Expected,Red,Right,72.41,66.786,0.772,0.873,1406.723,,44.637,1,TrialEnd,65.833,60.209,Amber,0,5.104,50,50,0,0,1,44.675,16.068,-28.607
P000,Day,6.039,66.47,0,E_Amb_L,Practice,Expected,Red,Right,72.509,66.885,0.772,0.873,1406.723,,44.637,1,TrialEnd,65.833,60.209,Amber,0,5.104,50,50,0,0,1,44.675,16.068,-28.607
P000,Day,6.039,66.564,0,E_Amb_L,Practice,Expected,Red,Right,72.604,66.98,0.772,0.873,1406.723,,44.637,1,TrialEnd,65.833,60.209,Amber,0,5.104,50,50,0,0,1,44.675,16.068,-28.607
P000,Day,6.039,66.67,0,E_Amb_L,Practice,Expected,Red,Right,72.709,67.085,0.772,0.873,1406.723,,44.637,1,TrialEnd,65.833,60.209,Amber,0,5.104,50,50,0,0,1,44.675,16.068,-28.607
P000,Day,6.039,66.764,0,E_Amb_L,Practice,Expected,Red,Right,72.804,67.18,0.772,0.873,1406.723,,44.637,1,TrialEnd,65.833,60.209,Amber,0,5.104,50,50,0,0,1,44.675,16.068,-28.607
P000,Day,6.039,66.868,0,E_Amb_L,Practice,Expected,Red,Right,72.907,67.283,0.772,0.873,1406.723,,44.637,1,TrialEnd,65.833,60.209,Amber,0,5.104,50,50,0,0,1,44.675,16.068,-28.607
P000,Day,6.039,66.967,0,E_Amb_L,Practice,Expected,Red,Right,73.006,67.382,0.772,0.873,1406.723,,44.637,1,TrialEnd,65.833,60.209,Amber,0,5.104,50,50,0,0,1,44.675,16.068,-28.607
P000,Day,6.039,67.066,0,E_Amb_L,Practice,Expected,Red,Right,73.105,67.482,0.772,0.873,1406.723,,44.637,1,TrialEnd,65.833,60.209,Amber,0,5.104,50,50,0,0,1,44.675,16.068,-28.607
P000,Day,6.039,67.162,0,E_Amb_L,Practice,Expected,Red,Right,73.202,67.578,0.772,0.873,1406.723,,44.637,1,TrialEnd,65.833,60.209,Amber,0,5.104,50,50,0,0,1,44.675,16.068,-28.607
P000,Day,6.039,67.261,0,E_Amb_L,Practice,Expected,Red,Right,73.3,67.676,0.772,0.873,1406.723,,44.637,1,TrialEnd,65.833,60.209,Amber,0,5.104,50,50,0,0,1,44.675,16.068,-28.607
P000,Day,6.039,67.369,0,E_Amb_L,Practice,Expected,Red,Right,73.409,67.785,0.772,0.873,1406.723,,44.637,1,TrialEnd,65.833,60.209,Amber,0,5.104,50,50,0,0,1,44.675,16.068,-28.607
P000,Day,6.039,67.467,0,E_Amb_L,Practice,Expected,Red,Right,73.507,67.883,0.772,0.873,1406.723,,44.637,1,TrialEnd,65.833,60.209,Amber,0,5.104,50,50,0,0,1,44.675,16.068,-28.607
P000,Day,6.039,67.566,0,E_Amb_L,Practice,Expected,Red,Right,73.605,67.981,0.772,0.873,1406.723,,44.637,1,TrialEnd,65.833,60.209,Amber,0,5.104,50,50,0,0,1,44.675,16.068,-28.607
P000,Day,6.039,67.671,0,E_Amb_L,Practice,Expected,Red,Right,73.71,68.086,0.772,0.873,1406.723,,44.637,1,TrialEnd,65.833,60.209,Amber,0,5.104,50,50,0,0,1,44.675,16.068,-28.607
P000,Day,6.039,67.767,0,E_Amb_L,Practice,Expected,Red,Right,73.807,68.183,0.772,0.873,1406.723,,44.637,1,TrialEnd,65.833,60.209,Amber,0,5.104,50,50,0,0,1,44.675,16.068,-28.607
P000,Day,6.039,67.863,0,E_Amb_L,Practice,Expected,Red,Right,73.903,68.279,0.772,0.873,1406.723,,44.637,1,TrialEnd,65.833,60.209,Amber,0,5.104,50,50,0,0,1,44.675,16.068,-28.607
P000,Day,6.039,67.969,0,E_Amb_L,Practice,Expected,Red,Right,74.008,68.385,0.772,0.873,1406.723,,44.637,1,TrialEnd,65.833,60.209,Amber,0,5.104,50,50,0,0,1,44.675,16.068,-28.607
P000,Day,6.039,68.067,0,E_Amb_L,Practice,Expected,Red,Right,74.106,68.482,0.772,0.873,1406.723,,44.637,1,TrialEnd,65.833,60.209,Amber,0,5.104,50,50,0,0,1,44.675,16.068,-28.607
P000,Day,6.039,68.163,0,E_Amb_L,Practice,Expected,Red,Right,74.202,68.578,0.772,0.873,1406.723,,44.637,1,TrialEnd,65.833,60.209,Amber,0,5.104,50,50,0,0,1,44.675,16.068,-28.607
P000,Day,6.039,68.27,0,E_Amb_L,Practice,Expected,Red,Right,74.309,68.686,0.772,0.873,1406.723,,44.637,1,TrialEnd,65.833,60.209,Amber,0,5.104,50,50,0,0,1,44.675,16.068,-28.607
P000,Day,6.039,68.367,0,E_Amb_L,Practice,Expected,Red,Right,74.406,68.782,0.772,0.873,1406.723,,44.637,1,TrialEnd,65.833,60.209,Amber,0,5.104,50,50,0,0,1,44.675,16.068,-28.607
P000,Day,6.039,68.463,0,E_Amb_L,Practice,Expected,Red,Right,74.502,68.878,0.772,0.873,1406.723,,44.637,1,TrialEnd,65.833,60.209,Amber,0,5.104,50,50,0,0,1,44.675,16.068,-28.607
P000,Day,6.039,68.571,0,E_Amb_L,Practice,Expected,Red,Right,74.61,68.987,0.772,0.873,1406.723,,44.637,1,TrialEnd,65.833,60.209,Amber,0,5.104,50,50,0,0,1,44.675,16.068,-28.607
P000,Day,6.039,68.667,0,E_Amb_L,Practice,Expected,Red,Right,74.706,69.083,0.772,0.873,1406.723,,44.637,1,TrialEnd,65.833,60.209,Amber,0,5.104,50,50,0,0,1,44.675,16.068,-28.607
P000,Day,6.039,68.763,0,E_Amb_L,Practice,Expected,Red,Right,74.803,69.179,0.772,0.873,1406.723,,44.637,1,TrialEnd,65.833,60.209,Amber,0,5.104,50,50,0,0,1,44.675,16.068,-28.607
P000,Day,6.039,68.865,0,E_Amb_L,Practice,Expected,Red,Right,74.904,69.28,0.772,0.873,1406.723,,44.637,1,TrialEnd,65.833,60.209,Amber,0,5.104,50,50,0,0,1,44.675,16.068,-28.607
P000,Day,6.039,68.962,0,E_Amb_L,Practice,Expected,Red,Right,75.002,69.378,0.772,0.873,1406.723,,44.637,1,TrialEnd,65.833,60.209,Amber,0,5.104,50,50,0,0,1,44.675,16.068,-28.607
P000,Day,6.039,69.069,0,E_Amb_L,Practice,Expected,Red,Right,75.108,69.484,0.772,0.873,1406.723,,44.637,1,TrialEnd,65.833,60.209,Amber,0,5.104,50,50,0,0,1,44.675,16.068,-28.607
P000,Day,6.039,69.172,0,E_Amb_L,Practice,Expected,Red,Right,75.211,69.587,0.772,0.873,1406.723,,44.637,1,TrialEnd,65.833,60.209,Amber,0,5.104,50,50,0,0,1,44.675,16.068,-28.607
P000,Day,6.039,69.27,0,E_Amb_L,Practice,Expected,Red,Right,75.309,69.685,0.772,0.873,1406.723,,44.637,1,TrialEnd,65.833,60.209,Amber,0,5.104,50,50,0,0,1,44.675,16.068,-28.607
P000,Day,6.039,69.361,0,E_Amb_L,Practice,Expected,Red,Right,75.401,69.777,0.772,0.873,1406.723,,44.637,1,TrialEnd,65.833,60.209,Amber,0,5.104,50,50,0,0,1,44.675,16.068,-28.607
P000,Day,6.039,69.471,0,E_Amb_L,Practice,Expected,Red,Right,75.51,69.886,0.772,0.873,1406.723,,44.637,1,TrialEnd,65.833,60.209,Amber,0,5.104,50,50,0,0,1,44.675,16.068,-28.607
P000,Day,6.039,69.566,0,E_Amb_L,Practice,Expected,Red,Right,75.606,69.982,0.772,0.873,1406.723,,44.637,1,TrialEnd,65.833,60.209,Amber,0,5.104,50,50,0,0,1,44.675,16.068,-28.607
P000,Day,6.039,69.663,0,E_Amb_L,Practice,Expected,Red,Right,75.702,70.079,0.772,0.873,1406.723,,44.637,1,TrialEnd,65.833,60.209,Amber,0,5.104,50,50,0,0,1,44.675,16.068,-28.607
P000,Day,6.039,69.769,0,E_Amb_L,Practice,Expected,Red,Right,75.809,70.185,0.772,0.873,1406.723,,44.637,1,TrialEnd,65.833,60.209,Amber,0,5.104,50,50,0,0,1,44.675,16.068,-28.607
P000,Day,6.039,69.864,0,E_Amb_L,Practice,Expected,Red,Right,75.903,70.279,0.772,0.873,1406.723,,44.637,1,TrialEnd,65.833,60.209,Amber,0,5.104,50,50,0,0,1,44.675,16.068,-28.607
P000,Day,76.201,0.037,1,E_Red_R,Practice,Expected,Amber,Left,76.238,0,0,0.946,-0.002,,4.023,0,,-1,-1,,,-1,50,50,0,0,0,,,
P000,Day,76.201,0.078,1,E_Red_R,Practice,Expected,Amber,Left,76.279,0.041,0,0.946,-0.002,,4.023,0,,-1,-1,,,-1,50,50,0,0,0,,,
P000,Day,76.201,0.095,1,E_Red_R,Practice,Expected,Amber,Left,76.296,0.059,0,0.91,-0.002,,4.389,0,,-1,-1,,,-1,50,50,0,0,0,,,
P000,Day,76.201,0.107,1,E_Red_R,Practice,Expected,Amber,Left,76.308,0.07,0,0.887,-0.002,,3.823,0,,-1,-1,,,-1,50,50,0,0,0,,,
P000,Day,76.201,0.204,1,E_Red_R,Practice,Expected,Amber,Left,76.405,0.168,0,0.845,-0.002,,0.131,0,,-1,-1,,,-1,50,50,0,0,0,,,
P000,Day,76.201,0.299,1,E_Red_R,Practice,Expected,Amber,Left,76.5,0.262,0,0.854,-0.002,,0.232,0,,-1,-1,,,-1,50,50,0,0,0,,,
P000,Day,76.201,0.404,1,E_Red_R,Practice,Expected,Amber,Left,76.605,0.368,0,0.864,-0.002,,0.177,0,,-1,-1,,,-1,50,50,0,0,0,,,
P000,Day,76.201,0.501,1,E_Red_R,Practice,Expected,Amber,Left,76.701,0.464,0,0.869,-0.002,,0.081,0,,-1,-1,,,-1,50,50,0,0,0,,,
P000,Day,76.201,0.605,1,E_Red_R,Practice,Expected,Amber,Left,76.806,0.569,0,0.871,-0.002,,0.009,0,,-1,-1,,,-1,50,50,0,0,0,,,
P000,Day,76.201,0.703,1,E_Red_R,Practice,Expected,Amber,Left,76.903,0.666,0,0.87,-0.002,,0.024,0,,-1,-1,,,-1,50,50,0,0,0,,,
P000,Day,76.201,0.801,1,E_Red_R,Practice,Expected,Amber,Left,77.001,0.764,0,0.869,0.013,,0.672,0,,-1,-1,,,-1,50,50,0,0,0,,,
P000,Day,76.201,0.903,1,E_Red_R,Practice,Expected,Amber,Left,77.104,0.867,0,0.868,0.06,,1.345,0,,-1,-1,,,-1,50,50,0,0,0,,,
P000,Day,76.201,1.002,1,E_Red_R,Practice,Expected,Amber,Left,77.203,0.966,0,0.867,0.136,,2.014,0,,-1,-1,,,-1,50,50,0,0,0,,,
P000,Day,76.201,1.104,1,E_Red_R,Practice,Expected,Amber,Left,77.305,1.067,0,0.867,0.245,,2.686,0,,-1,-1,,,-1,50,50,0,0,0,,,
P000,Day,76.201,1.208,1,E_Red_R,Practice,Expected,Amber,Left,77.408,1.171,0,0.867,0.387,,3.47,0,,-1,-1,,,-1,50,50,0,0,0,,,
P000,Day,76.201,1.307,1,E_Red_R,Practice,Expected,Amber,Left,77.507,1.27,0,0.868,0.553,,4.142,0,,-1,-1,,,-1,50,50,0,0,0,,,
P000,Day,76.201,1.405,1,E_Red_R,Practice,Expected,Amber,Left,77.606,1.369,0,0.868,0.749,,4.702,0,,-1,-1,,,-1,50,50,0,0,0,,,
P000,Day,76.201,1.504,1,E_Red_R,Practice,Expected,Amber,Left,77.705,1.467,0,0.868,0.973,,5.374,0,,-1,-1,,,-1,50,50,0,0,0,,,
P000,Day,76.201,1.603,1,E_Red_R,Practice,Expected,Amber,Left,77.803,1.566,0,0.868,1.227,,6.046,0,,-1,-1,,,-1,50,50,0,0,0,,,
P000,Day,76.201,1.703,1,E_Red_R,Practice,Expected,Amber,Left,77.904,1.667,0,0.868,1.516,,6.717,0,,-1,-1,,,-1,50,50,0,0,0,,,
P000,Day,76.201,1.803,1,E_Red_R,Practice,Expected,Amber,Left,78.004,1.767,-0.001,0.868,1.833,,7.389,0,,-1,-1,,,-1,50,50,0,0,0,,,
P000,Day,76.201,1.902,1,E_Red_R,Practice,Expected,Amber,Left,78.103,1.866,-0.001,0.868,2.176,,8.06,0,,-1,-1,,,-1,50,50,0,0,0,,,
P000,Day,76.201,2.001,1,E_Red_R,Practice,Expected,Amber,Left,78.202,1.964,-0.001,0.868,2.546,,8.731,0,,-1,-1,,,-1,50,50,0,0,0,,,
P000,Day,76.201,2.099,1,E_Red_R,Practice,Expected,Amber,Left,78.3,2.062,-0.001,0.868,2.946,,9.402,0,,-1,-1,,,-1,50,50,0,0,0,,,
P000,Day,76.201,2.208,1,E_Red_R,Practice,Expected,Amber,Left,78.409,2.171,-0.001,0.868,3.418,,10.184,0,,-1,-1,,,-1,50,50,0,0,0,,,
P000,Day,76.201,2.303,1,E_Red_R,Practice,Expected,Amber,Left,78.504,2.266,-0.001,0.868,3.866,,10.743,0,,-1,-1,,,-1,50,50,0,0,0,,,
P000,Day,76.201,2.401,1,E_Red_R,Practice,Expected,Amber,Left,78.602,2.364,-0.002,0.868,4.352,,11.415,0,,-1,-1,,,-1,50,50,0,0,0,,,
P000,Day,76.201,2.506,1,E_Red_R,Practice,Expected,Amber,Left,78.707,2.469,-0.002,0.869,4.905,,12.086,0,,-1,-1,,,-1,50,50,0,0,0,,,
P000,Day,76.201,2.606,1,E_Red_R,Practice,Expected,Amber,Left,78.806,2.569,-0.002,0.869,5.461,,12.757,0,,-1,-1,,,-1,50,50,0,0,0,,,
P000,Day,76.201,2.705,1,E_Red_R,Practice,Expected,Amber,Left,78.906,2.668,-0.002,0.868,6.045,,13.427,0,,-1,-1,,,-1,50,50,0,0,0,,,
P000,Day,76.201,2.8,1,E_Red_R,Practice,Expected,Amber,Left,79.001,2.763,-0.002,0.868,6.632,,14.097,0,,-1,-1,,,-1,50,50,0,0,0,,,
P000,Day,76.201,2.907,1,E_Red_R,Practice,Expected,Amber,Left,79.108,2.871,-0.003,0.868,7.32,,14.878,0,,-1,-1,,,-1,50,50,0,0,0,,,
P000,Day,76.201,3.003,1,E_Red_R,Practice,Expected,Amber,Left,79.204,2.967,-0.003,0.868,7.975,,15.436,0,,-1,-1,,,-1,50,50,0,0,0,,,
P000,Day,76.201,3.1,1,E_Red_R,Practice,Expected,Amber,Left,79.3,3.063,-0.003,0.868,8.655,,16.105,0,,-1,-1,,,-1,50,50,0,0,0,,,
P000,Day,76.201,3.2,1,E_Red_R,Practice,Expected,Amber,Left,79.401,3.163,-0.004,0.868,9.392,,16.774,0,,-1,-1,,,-1,50,50,0,0,0,,,
P000,Day,76.201,3.308,1,E_Red_R,Practice,Expected,Amber,Left,79.509,3.271,-0.004,0.868,10.215,,17.554,0,,-1,-1,,,-1,50,50,0,0,0,,,
P000,Day,76.201,3.406,1,E_Red_R,Practice,Expected,Amber,Left,79.607,3.369,-0.004,0.868,11.001,,18.112,0,,-1,-1,,,-1,50,50,0,0,0,,,
P000,Day,76.201,3.502,1,E_Red_R,Practice,Expected,Amber,Left,79.702,3.465,-0.005,0.868,11.795,,18.78,0,,-1,-1,,,-1,50,50,0,0,0,,,
P000,Day,76.201,3.603,1,E_Red_R,Practice,Expected,Amber,Left,79.803,3.566,-0.005,0.868,12.657,,19.449,0,,-1,-1,,,-1,50,50,0,0,0,,,
P000,Day,76.201,3.703,1,E_Red_R,Practice,Expected,Amber,Left,79.903,3.666,-0.006,0.868,13.544,,20.117,0,,-1,-1,,,-1,50,50,0,0,0,,,
P000,Day,76.201,3.801,1,E_Red_R,Practice,Expected,Amber,Left,80.002,3.765,-0.006,0.868,14.438,,20.785,0,,-1,-1,,,-1,50,50,0,0,0,,,
P000,Day,76.201,3.908,1,E_Red_R,Practice,Expected,Amber,Left,80.109,3.871,-0.007,0.868,15.452,,21.565,0,,-1,-1,,,-1,50,50,0,0,0,,,
P000,Day,76.201,4.003,1,E_Red_R,Practice,Expected,Amber,Left,80.204,3.966,-0.007,0.868,16.384,,22.121,0,,-1,-1,,,-1,50,50,0,0,0,,,
P000,Day,76.201,4.101,1,E_Red_R,Practice,Expected,Amber,Left,80.302,4.064,-0.008,0.868,17.368,,22.789,0,,-1,-1,,,-1,50,50,0,0,0,,,
P000,Day,76.201,4.203,1,E_Red_R,Practice,Expected,Amber,Left,80.404,4.166,-0.009,0.868,18.424,,23.456,0,,-1,-1,,,-1,50,50,0,0,0,,,
P000,Day,76.201,4.3,1,E_Red_R,Practice,Expected,Amber,Left,80.501,4.263,-0.009,0.868,19.458,,24.123,0,,-1,-1,,,-1,50,50,0,0,0,,,
P000,Day,76.201,4.405,1,E_Red_R,Practice,Expected,Amber,Left,80.606,4.369,-0.01,0.868,20.611,,24.791,0,,-1,-1,,,-1,50,50,0,0,0,,,
P000,Day,76.201,4.502,1,E_Red_R,Practice,Expected,Amber,Left,80.702,4.465,-0.011,0.868,21.695,,25.458,0,,-1,-1,,,-1,50,50,0,0,0,,,
P000,Day,76.201,4.606,1,E_Red_R,Practice,Expected,Amber,Left,80.806,4.569,-0.012,0.868,22.895,,26.125,0,,-1,-1,,,-1,50,50,0,0,0,,,
P000,Day,76.201,4.708,1,E_Red_R,Practice,Expected,Amber,Left,80.908,4.671,-0.013,0.868,24.097,,26.902,0,,-1,-1,,,-1,50,50,0,0,0,,,
P000,Day,76.201,4.804,1,E_Red_R,Practice,Expected,Amber,Left,81.005,4.768,-0.013,0.868,25.281,,27.458,0,,-1,-1,,,-1,50,50,0,0,0,,,
P000,Day,76.201,4.903,1,E_Red_R,Practice,Expected,Amber,Left,81.104,4.866,-0.014,0.868,26.509,,28.124,0,,-1,-1,,,-1,50,50,0,0,0,,,
P000,Day,76.201,4.999,1,E_Red_R,Practice,Expected,Amber,Left,81.2,4.962,-0.015,0.868,27.731,,28.79,0,,-1,-1,,,-1,50,50,0,0,0,,,
P000,Day,76.201,5.103,1,E_Red_R,Practice,Expected,Amber,Left,81.304,5.066,-0.016,0.868,29.085,,29.456,0,,-1,-1,,,-1,50,50,0,0,0,,,
P000,Day,76.201,5.2,1,E_Red_R,Practice,Expected,Amber,Left,81.401,5.164,-0.017,0.868,30.38,,30.122,0,,-1,-1,,,-1,50,50,0,0,0,,,
P000,Day,76.201,5.3,1,E_Red_R,Practice,Expected,Amber,Left,81.501,5.263,-0.018,0.868,31.736,,30.788,0,,-1,-1,,,-1,50,50,0,0,0,,,
P000,Day,76.201,5.406,1,E_Red_R,Practice,Expected,Amber,Left,81.607,5.369,-0.02,0.868,33.214,,31.454,0,,-1,-1,,,-1,50,50,0,0,0,,,
P000,Day,76.201,5.504,1,E_Red_R,Practice,Expected,Amber,Left,81.705,5.467,-0.021,0.868,34.611,,32.119,0,,-1,-1,,,-1,50,50,0,0,0,,,
P000,Day,76.201,5.601,1,E_Red_R,Practice,Expected,Amber,Left,81.801,5.564,-0.022,0.868,36.015,,32.784,0,,-1,-1,,,-1,50,50,0,0,0,,,
P000,Day,76.201,5.708,1,E_Red_R,Practice,Expected,Amber,Left,81.908,5.671,-0.024,0.868,37.592,,33.56,0,,-1,-1,,,-1,50,50,0,0,0,,,
P000,Day,76.201,5.8,1,E_Red_R,Practice,Expected,Amber,Left,82.001,5.763,-0.025,0.868,38.984,,34.114,0,,-1,-1,,,-1,50,50,0,0,0,,,
P000,Day,76.201,5.906,1,E_Red_R,Practice,Expected,Amber,Left,82.107,5.869,-0.027,0.868,40.629,,34.779,0,,-1,-1,,,-1,50,50,0,0,0,,,
P000,Day,76.201,6.002,1,E_Red_R,Practice,Expected,Amber,Left,82.203,5.966,-0.028,0.868,42.148,,35.444,0,,-1,-1,,,-1,50,50,0,0,0,,,
P000,Day,76.201,6.105,1,E_Red_R,Practice,Expected,Amber,Left,82.306,6.069,-0.03,0.868,43.791,,36.108,0,,-1,-1,,,-1,50,50,0,0,0,,,
P000,Day,76.201,6.202,1,E_Red_R,Practice,Expected,Amber,Left,82.402,6.165,-0.031,0.868,45.362,,36.772,0,,-1,-1,,,-1,50,50,0,0,0,,,
P000,Day,76.201,6.301,1,E_Red_R,Practice,Expected,Amber,Left,82.501,6.264,-0.033,0.868,47.006,,37.436,0,,-1,-1,,,-1,50,50,0,0,0,,,
P000,Day,76.201,6.404,1,E_Red_R,Practice,Expected,Amber,Left,82.605,6.368,-0.035,0.868,48.756,,38.1,0,,-1,-1,,,-1,50,50,0,0,0,,,
P000,Day,76.201,6.503,1,E_Red_R,Practice,Expected,Amber,Left,82.703,6.466,-0.037,0.868,50.449,,38.764,0,,-1,-1,,,-1,50,50,0,0,0,,,
P000,Day,76.201,6.607,1,E_Red_R,Practice,Expected,Amber,Left,82.808,6.57,-0.039,0.868,52.263,,39.539,0,,-1,-1,,,-1,50,50,0,0,0,,,
P000,Day,76.201,6.706,1,E_Red_R,Practice,Expected,Amber,Left,82.906,6.669,-0.041,0.868,54.026,,40.091,0,,-1,-1,,,-1,50,50,0,0,0,,,
P000,Day,76.201,6.802,1,E_Red_R,Practice,Expected,Amber,Left,83.003,6.766,-0.043,0.868,55.781,,40.755,0,,-1,-1,,,-1,50,50,0,0,0,,,
P000,Day,76.201,6.901,1,E_Red_R,Practice,Expected,Amber,Left,83.102,6.865,-0.045,0.868,57.6,,41.418,0,,-1,-1,,,-1,50,50,0,0,0,,,
P000,Day,76.201,6.999,1,E_Red_R,Practice,Expected,Amber,Left,83.2,6.962,-0.048,0.868,59.424,,42.081,0,,-1,-1,,,-1,50,50,0,0,0,,,
P000,Day,76.201,7.104,1,E_Red_R,Practice,Expected,Amber,Left,83.304,7.067,-0.05,0.868,61.409,,42.744,0,,-1,-1,,,-1,50,50,0,0,0,,,
P000,Day,76.201,7.205,1,E_Red_R,Practice,Expected,Amber,Left,83.406,7.168,-0.053,0.868,63.352,,43.406,0,,-1,-1,,,-1,50,50,0,0,0,,,
P000,Day,76.201,7.3,1,E_Red_R,Practice,Expected,Amber,Left,83.5,7.263,-0.055,0.868,65.212,,44.069,0,,-1,-1,,,-1,50,50,0,0,0,,,
P000,Day,76.201,7.401,1,E_Red_R,Practice,Expected,Amber,Left,83.602,7.364,-0.058,0.868,67.226,,44.731,0,,-1,-1,,,-1,50,50,0,0,0,,,
P000,Day,76.201,7.5,1,E_Red_R,Practice,Expected,Amber,Left,83.701,7.464,-0.061,0.868,69.227,,45.394,0,,-1,-1,,,-1,50,50,0,0,0,,,
P000,Day,76.201,7.605,1,E_Red_R,Practice,Expected,Amber,Left,83.806,7.568,-0.064,0.868,71.367,,46.056,0,,-1,-1,,,-1,50,50,0,0,0,,,
P000,Day,76.201,7.704,1,E_Red_R,Practice,Expected,Amber,Left,83.905,7.668,-0.067,0.868,73.43,,46.718,0,,-1,-1,,,-1,50,50,0,0,0,,,
P000,Day,76.201,7.801,1,E_Red_R,Practice,Expected,Amber,Left,84.001,7.764,-0.07,0.868,75.462,,47.379,0,,-1,-1,,,-1,50,50,0,0,0,,,
P000,Day,76.201,7.901,1,E_Red_R,Practice,Expected,Amber,Left,84.102,7.864,-0.073,0.868,77.599,,48.041,0,,-1,-1,,,-1,50,50,0,0,0,,,
P000,Day,76.201,8,1,E_Red_R,Practice,Expected,Amber,Left,84.201,7.964,-0.077,0.868,79.752,,48.702,0,,-1,-1,,,-1,50,50,0,0,0,,,
P000,Day,76.201,8.107,1,E_Red_R,Practice,Expected,Amber,Left,84.308,8.07,-0.08,0.868,82.076,,49.474,0,,-1,-1,,,-1,50,50,0,0,0,,,
P000,Day,76.201,8.203,1,E_Red_R,Practice,Expected,Amber,Left,84.404,8.167,-0.084,0.868,84.235,,50.025,0,,-1,-1,,,-1,50,50,0,0,0,,,
P000,Day,76.201,8.303,1,E_Red_R,Practice,Expected,Amber,Left,84.503,8.266,-0.088,0.868,86.472,,50.686,0,,-1,-1,,,-1,50,50,0,0,0,,,
P000,Day,76.201,8.401,1,E_Red_R,Practice,Expected,Amber,Left,84.602,8.364,-0.092,0.868,88.714,,51.346,0,,-1,-1,,,-1,50,50,0,0,0,,,
P000,Day,76.201,8.504,1,E_Red_R,Practice,Expected,Amber,Left,84.704,8.467,-0.096,0.868,91.085,,52.007,0,,-1,-1,,,-1,50,50,0,0,0,,,
P000,Day,76.201,8.6,1,E_Red_R,Practice,Expected,Amber,Left,84.801,8.563,-0.1,0.868,93.343,,52.668,0,,-1,-1,,,-1,50,50,0,0,0,,,
P000,Day,76.201,8.709,1,E_Red_R,Practice,Expected,Amber,Left,84.909,8.672,-0.104,0.868,95.895,,53.438,0,,-1,-1,,,-1,50,50,0,0,0,,,
P000,Day,76.201,8.807,1,E_Red_R,Practice,Expected,Amber,Left,85.008,8.77,-0.109,0.868,98.26,,54.098,0,,-1,-1,,,-1,50,50,0,0,0,,,
P000,Day,76.201,8.904,1,E_Red_R,Practice,Expected,Amber,Left,85.104,8.867,-0.113,0.868,100.629,,54.648,0,,-1,-1,,,-1,50,50,0,0,0,,,
P000,Day,76.201,9.007,1,E_Red_R,Practice,Expected,Amber,Left,85.208,8.97,-0.118,0.868,103.148,,55.418,0,,-1,-1,,,-1,50,50,0,0,0,,,
P000,Day,76.201,9.107,1,E_Red_R,Practice,Expected,Amber,Left,85.308,9.071,-0.123,0.868,105.646,,56.077,0,,-1,-1,,,-1,50,50,0,0,0,,,
P000,Day,76.201,9.204,1,E_Red_R,Practice,Expected,Amber,Left,85.404,9.167,-0.128,0.868,108.095,,56.627,0,,-1,-1,,,-1,50,50,0,0,0,,,
P000,Day,76.201,9.3,1,E_Red_R,Practice,Expected,Amber,Left,85.501,9.264,-0.133,0.868,110.55,,57.286,0,,-1,-1,,,-1,50,50,0,0,0,,,
P000,Day,76.201,9.409,1,E_Red_R,Practice,Expected,Amber,Left,85.609,9.372,-0.138,0.868,113.331,,58.055,0,,-1,-1,,,-1,50,50,0,0,0,,,
P000,Day,76.201,9.501,1,E_Red_R,Practice,Expected,Amber,Left,85.702,9.464,-0.143,0.868,115.755,,58.605,0,,-1,-1,,,-1,50,50,0,0,0,,,
P000,Day,76.201,9.609,1,E_Red_R,Practice,Expected,Amber,Left,85.81,9.572,-0.15,0.868,118.585,,59.373,0,,-1,-1,,,-1,50,50,0,0,0,,,
P000,Day,76.201,9.709,1,E_Red_R,Practice,Expected,Amber,Left,85.909,9.672,-0.155,0.868,121.247,,60.032,0,,-1,-1,,,-1,50,50,0,0,0,,,
P000,Day,76.201,9.804,1,E_Red_R,Practice,Expected,Amber,Left,86.005,9.767,-0.161,0.868,123.826,,60.424,0,,-1,-1,,,-1,50,50,0,0,0,,,
P000,Day,76.201,9.91,1,E_Red_R,Practice,Expected,Amber,Left,86.11,9.873,-0.167,0.868,126.65,,60.519,0,,-1,-1,,,-1,50,50,0,0,1,,86.11,
P000,Day,76.201,10.002,1,E_Red_R,Practice,Expected,Amber,Left,86.202,9.965,-0.173,0.868,129.18,,60.499,0,,-1,-1,,,-1,50,50,0,0,1,,86.11,
P000,Day,76.201,10.102,1,E_Red_R,Practice,Expected,Amber,Left,86.302,10.065,-0.18,0.868,131.88,,60.452,0,,-1,-1,,,-1,50,50,0,0,1,,86.11,
P000,Day,76.201,10.202,1,E_Red_R,Practice,Expected,Amber,Left,86.403,10.165,-0.186,0.868,134.587,,60.398,0,,-1,-1,,,-1,50,50,0,0,1,,86.11,
P000,Day,76.201,10.302,1,E_Red_R,Practice,Expected,Amber,Left,86.502,10.265,-0.193,0.868,137.279,,60.341,0,,-1,-1,,,-1,50,50,0,0,1,,86.11,
P000,Day,76.201,10.402,1,E_Red_R,Practice,Expected,Amber,Left,86.603,10.365,-0.199,0.868,139.982,,60.292,0,,-1,-1,,,-1,50,50,0,0,1,,86.11,
P000,Day,76.201,10.502,1,E_Red_R,Practice,Expected,Amber,Left,86.703,10.466,-0.206,0.868,142.702,,60.636,0,,-1,-1,,,-1,50,50,0,0,1,,86.11,
P000,Day,76.201,10.603,1,E_Red_R,Practice,Expected,Amber,Left,86.804,10.566,-0.213,0.868,145.445,,61.222,0,,-1,-1,,,-1,50,50,0,0,1,,86.11,
P000,Day,76.201,10.703,1,E_Red_R,Practice,Expected,Amber,Left,86.904,10.666,-0.22,0.868,148.198,,61.862,0,,-1,-1,,,-1,50,50,0,0,1,,86.11,
P000,Day,76.201,10.805,1,E_Red_R,Practice,Expected,Amber,Left,87.006,10.768,-0.227,0.868,151.035,,62.516,0,,-1,-1,,,-1,50,50,0,0,1,,86.11,
P000,Day,76.201,10.909,1,E_Red_R,Practice,Expected,Amber,Left,87.109,10.872,-0.234,0.868,153.904,,63.282,0,,-1,-1,,,-1,50,50,0,0,1,,86.11,
P000,Day,76.201,11.003,1,E_Red_R,Practice,Expected,Amber,Left,87.204,10.967,-0.241,0.868,156.639,,63.83,0,,-1,-1,,,-1,50,50,0,0,1,,86.11,
P000,Day,76.201,11.102,1,E_Red_R,Practice,Expected,Amber,Left,87.303,11.066,-0.249,0.868,159.481,,64.487,0,,-1,-1,,,-1,50,50,0,0,1,,86.11,
P000,Day,76.201,11.208,1,E_Red_R,Practice,Expected,Amber,Left,87.409,11.171,-0.257,0.868,162.501,,65.254,0,,-1,-1,,,-1,50,50,0,0,1,,86.11,
P000,Day,76.201,11.305,1,E_Red_R,Practice,Expected,Amber,Left,87.506,11.268,-0.264,0.868,165.385,,65.802,0,,-1,-1,,,-1,50,50,0,0,1,,86.11,
P000,Day,76.201,11.406,1,E_Red_R,Practice,Expected,Amber,Left,87.607,11.369,-0.272,0.868,168.36,,66.152,0,,-1,-1,,,-1,50,50,0,0,1,,86.11,
P000,Day,76.201,11.508,1,E_Red_R,Practice,Expected,Amber,Left,87.709,11.471,-0.28,0.868,171.341,,66.2,0,,-1,-1,,,-1,50,50,0,0,1,,86.11,
P000,Day,76.201,11.603,1,E_Red_R,Practice,Expected,Amber,Left,87.804,11.566,-0.288,0.868,174.186,,66.172,0,,-1,-1,,,-1,50,50,0,0,1,,86.11,
P000,Day,76.201,11.708,1,E_Red_R,Practice,Expected,Amber,Left,87.909,11.672,-0.297,0.868,177.253,,66.11,0,,-1,-1,,,-1,50,50,0,0,1,,86.11,
P000,Day,76.201,11.805,1,E_Red_R,Practice,Expected,Amber,Left,88.006,11.768,-0.285,0.868,180.167,,65.966,0,,-1,-1,,,-1,50,50,0,0,1,,86.11,
P000,Day,76.201,11.905,1,E_Red_R,Practice,Expected,Amber,Left,88.106,11.869,-0.251,0.868,183.118,,65.897,0,,-1,-1,,,-1,50,50,0,0,1,,86.11,
P000,Day,76.201,12.005,1,E_Red_R,Practice,Expected,Amber,Left,88.206,11.969,-0.208,0.868,186.061,,65.829,0,,-1,-1,,,-1,50,50,0,0,1,,86.11,
P000,Day,76.201,12.101,1,E_Red_R,Practice,Expected,Amber,Left,88.302,12.065,-0.16,0.868,188.886,,65.722,0,,-1,-1,,,-1,50,50,0,0,1,,86.11,
P000,Day,76.201,12.208,1,E_Red_R,Practice,Expected,Amber,Left,88.409,12.171,-0.125,0.868,191.975,,65.603,0,,-1,-1,,,-1,50,50,0,0,1,,86.11,
P000,Day,76.201,12.3,1,E_Red_R,Practice,Expected,Amber,Left,88.501,12.263,-0.086,0.868,194.711,,65.547,0,,-1,-1,,,-1,50,50,0,0,1,,86.11,
P000,Day,76.201,12.402,1,E_Red_R,Practice,Expected,Amber,Left,88.603,12.366,-0.038,0.868,197.706,,65.484,0,,-1,-1,,,-1,50,50,0,0,1,,86.11,
P000,Day,76.201,12.504,1,E_Red_R,Practice,Expected,Amber,Left,88.705,12.468,0.007,0.868,200.695,,65.42,0,,-1,-1,,,-1,50,50,0,0,1,,86.11,
P000,Day,76.201,12.608,1,E_Red_R,Practice,Expected,Amber,Left,88.809,12.571,0.06,0.868,203.666,,65.281,0,,-1,-1,,,-1,50,50,0,0,1,,86.11,
P000,Day,76.201,12.699,1,E_Red_R,Practice,Expected,Amber,Left,88.9,12.663,0.12,0.868,206.387,,65.224,0,,-1,-1,,,-1,50,50,0,0,1,,86.11,
P000,Day,76.201,12.805,1,E_Red_R,Practice,Expected,Amber,Left,89.005,12.768,0.185,0.868,209.455,,65.156,0,,-1,-1,,,-1,50,50,0,0,1,,86.11,
P000,Day,76.201,12.9,1,E_Red_R,Practice,Expected,Amber,Left,89.101,12.864,0.245,0.868,212.235,,64.725,0,,-1,-1,,,-1,50,50,0,0,1,,86.11,
P000,Day,76.201,13.003,1,E_Red_R,Practice,Expected,Amber,Left,89.203,12.966,0.315,0.868,215.183,,64.474,0,,-1,-1,,,-1,50,50,0,0,1,,86.11,
P000,Day,76.201,13.109,1,E_Red_R,Practice,Expected,Amber,Left,89.31,13.073,0.394,0.868,218.198,,64.347,0,,-1,-1,,,-1,50,50,0,0,1,,86.11,
P000,Day,76.201,13.209,1,E_Red_R,Practice,Expected,Amber,Left,89.41,13.172,0.474,0.868,221.067,,64.227,0,,-1,-1,,,-1,50,50,0,0,1,,86.11,
P000,Day,76.201,13.305,1,E_Red_R,Practice,Expected,Amber,Left,89.506,13.268,0.523,0.868,223.866,,64.123,0,,-1,-1,,,-1,50,50,0,0,1,,86.11,
P000,Day,76.201,13.401,1,E_Red_R,Practice,Expected,Amber,Left,89.602,13.365,0.568,0.868,226.63,,64.058,0,,-1,-1,,,-1,50,50,0,0,1,,86.11,
P000,Day,76.201,13.503,1,E_Red_R,Practice,Expected,Amber,Left,89.704,13.466,0.609,0.868,229.539,,63.992,0,,-1,-1,,,-1,50,50,0,0,1,,86.11,
P000,Day,76.201,13.601,1,E_Red_R,Practice,Expected,Amber,Left,89.802,13.564,0.636,0.868,232.344,,63.924,0,,-1,-1,,,-1,50,50,0,0,1,,86.11,
P000,Day,76.201,13.703,1,E_Red_R,Practice,Expected,Amber,Left,89.904,13.667,0.647,0.868,235.272,,64.162,0,,-1,-1,,,-1,50,50,0,0,1,,86.11,
P000,Day,76.201,13.808,1,E_Red_R,Practice,Expected,Amber,Left,90.009,13.771,0.639,0.868,238.239,,64.402,0,,-1,-1,,,-1,50,50,0,0,1,,86.11,
P000,Day,76.201,13.912,1,E_Red_R,Practice,Expected,Amber,Left,90.113,13.875,0.611,0.868,241.219,,64.705,0,,-1,-1,,,-1,50,50,0,0,1,,86.11,
P000,Day,76.201,14.01,1,E_Red_R,Practice,Expected,Amber,Left,90.21,13.973,0.567,0.868,244.066,,65.04,0,,-1,-1,,,-1,50,50,0,0,1,,86.11,
P000,Day,76.201,14.1,1,E_Red_R,Practice,Expected,Amber,Left,90.301,14.064,0.531,0.868,246.752,,65.023,0,,-1,-1,,,-1,50,50,0,0,1,,86.11,
P000,Day,76.201,14.204,1,E_Red_R,Practice,Expected,Amber,Left,90.405,14.168,0.499,0.868,249.768,,64.993,0,,-1,-1,,,-1,50,50,0,0,1,,86.11,
P000,Day,76.201,14.304,1,E_Red_R,Practice,Expected,Amber,Left,90.505,14.268,0.465,0.868,252.671,,64.941,0,,-1,-1,,,-1,50,50,0,0,1,,86.11,
P000,Day,76.201,14.406,1,E_Red_R,Practice,Expected,Amber,Left,90.606,14.369,0.43,0.868,255.616,,64.85,0,,-1,-1,,,-1,50,50,0,0,1,,86.11,
P000,Day,76.201,14.503,1,E_Red_R,Practice,Expected,Amber,Left,90.704,14.467,0.38,0.868,258.443,,64.752,0,,-1,-1,,,-1,50,50,0,0,1,,86.11,
P000,Day,76.201,14.604,1,E_Red_R,Practice,Expected,Amber,Left,90.805,14.568,0.334,0.868,261.361,,64.688,0,,-1,-1,,,-1,50,50,0,0,1,,86.11,
P000,Day,76.201,14.701,1,E_Red_R,Practice,Expected,Amber,Left,90.901,14.664,0.295,0.868,264.15,,64.587,0,,-1,-1,,,-1,50,50,0,0,1,,86.11,
P000,Day,76.201,14.808,1,E_Red_R,Practice,Expected,Amber,Left,91.009,14.772,0.287,0.868,267.216,,64.455,0,,-1,-1,,,-1,50,50,0,0,1,,86.11,
P000,Day,76.201,14.906,1,E_Red_R,Practice,Expected,Amber,Left,91.107,14.869,0.286,0.868,270.062,,64.401,0,,-1,-1,,,-1,50,50,0,0,1,,86.11,
P000,Day,76.201,15.01,1,E_Red_R,Practice,Expected,Amber,Left,91.211,14.973,0.292,0.868,273.017,,64.296,0,,-1,-1,,,-1,50,50,0,0,1,,86.11,
P000,Day,76.201,15.102,1,E_Red_R,Practice,Expected,Amber,Left,91.303,15.066,0.279,0.868,275.706,,64.199,0,,-1,-1,,,-1,50,50,0,0,1,,86.11,
P000,Day,76.201,15.203,1,E_Red_R,Practice,Expected,Amber,Left,91.404,15.167,0.269,0.868,278.608,,64.132,0,,-1,-1,,,-1,50,50,0,0,1,,86.11,
P000,Day,76.201,15.301,1,E_Red_R,Practice,Expected,Amber,Left,91.502,15.264,0.264,0.868,281.408,,64.07,0,,-1,-1,,,-1,50,50,0,0,1,,86.11,
P000,Day,76.201,15.403,1,E_Red_R,Practice,Expected,Amber,Left,91.603,15.366,0.257,0.868,284.319,,64.316,0,,-1,-1,,,-1,50,50,0,0,1,,86.11,
P000,Day,76.201,15.508,1,E_Red_R,Practice,Expected,Amber,Left,91.709,15.471,0.244,0.868,287.307,,64.567,0,,-1,-1,,,-1,50,50,0,0,1,,86.11,
P000,Day,76.201,15.608,1,E_Red_R,Practice,Expected,Amber,Left,91.808,15.571,0.225,0.868,290.19,,64.569,0,,-1,-1,,,-1,50,50,0,0,1,,86.11,
P000,Day,76.201,15.701,1,E_Red_R,Practice,Expected,Amber,Left,91.901,15.664,0.201,0.868,292.923,,64.757,0,,-1,-1,,,-1,50,50,0,0,1,,86.11,
P000,Day,76.201,15.81,1,E_Red_R,Practice,Expected,Amber,Left,92.011,15.773,0.164,0.868,296.055,,65.076,0,,-1,-1,,,-1,50,50,0,0,1,,86.11,
P000,Day,76.201,15.902,1,E_Red_R,Practice,Expected,Amber,Left,92.103,15.866,0.128,0.868,298.781,,65.067,0,,-1,-1,,,-1,50,50,0,0,1,,86.11,
P000,Day,76.201,16.005,1,E_Red_R,Practice,Expected,Amber,Left,92.206,15.968,0.121,0.868,301.762,,64.954,0,,-1,-1,,,-1,50,50,0,0,1,,86.11,
P000,Day,76.201,16.105,1,E_Red_R,Practice,Expected,Amber,Left,92.306,16.068,0.127,0.868,304.671,,64.895,0,,-1,-1,,,-1,50,50,0,0,1,,86.11,
P000,Day,76.201,16.209,1,E_Red_R,Practice,Expected,Amber,Left,92.41,16.172,0.143,0.868,307.639,,64.817,0,,-1,-1,,,-1,50,50,0,0,1,,86.11,
P000,Day,76.201,16.3,1,E_Red_R,Practice,Expected,Amber,Left,92.501,16.263,0.174,0.868,310.321,,64.756,0,,-1,-1,,,-1,50,50,0,0,1,,86.11,
P000,Day,76.201,16.404,1,E_Red_R,Practice,Expected,Amber,Left,92.605,16.368,0.23,0.868,313.288,,64.678,0,,-1,-1,,,-1,50,50,0,0,1,,86.11,
P000,Day,76.201,16.505,1,E_Red_R,Practice,Expected,Amber,Left,92.705,16.468,0.298,0.868,316.234,,64.564,0,,-1,-1,,,-1,50,50,0,0,1,,86.11,
P000,Day,76.201,16.608,1,E_Red_R,Practice,Expected,Amber,Left,92.809,16.572,0.361,0.868,319.184,,64.466,0,,-1,-1,,,-1,50,50,0,0,1,,86.11,
P000,Day,76.201,16.71,1,E_Red_R,Practice,Expected,Amber,Left,92.911,16.673,0.438,0.868,322.11,,64.4,0,,-1,-1,,,-1,50,50,0,0,1,,86.11,
P000,Day,76.201,16.813,1,E_Red_R,Practice,Expected,Amber,Left,93.013,16.776,0.521,0.868,325.05,,64.338,0,,-1,-1,,,-1,50,50,0,0,1,,86.11,
P000,Day,76.201,16.903,1,E_Red_R,Practice,Expected,Amber,Left,93.103,16.866,0.596,0.868,327.688,,64.287,0,,-1,-1,,,-1,50,50,0,0,1,,86.11,
P000,Day,76.201,17.004,1,E_Red_R,Practice,Expected,Amber,Left,93.204,16.967,0.674,0.868,330.587,,64.225,0,,-1,-1,,,-1,50,50,0,0,1,,86.11,
P000,Day,76.201,17.104,1,E_Red_R,Practice,Expected,Amber,Left,93.305,17.067,0.747,0.868,333.465,,64.163,0,,-1,-1,,,-1,50,50,0,0,1,,86.11,
P000,Day,76.201,17.208,1,E_Red_R,Practice,Expected,Amber,Left,93.409,17.171,0.814,0.868,336.408,,64.09,0,,-1,-1,,,-1,50,50,0,0,1,,86.11,
P000,Day,76.201,17.31,1,E_Red_R,Practice,Expected,Amber,Left,93.511,17.274,0.874,0.868,339.333,,64.028,0,,-1,-1,,,-1,50,50,0,0,1,,86.11,
P000,Day,76.201,17.405,1,E_Red_R,Practice,Expected,Amber,Left,93.606,17.369,0.925,0.868,342.098,,63.975,0,,-1,-1,,,-1,50,50,0,0,1,,86.11,
P000,Day,76.201,17.509,1,E_Red_R,Practice,Expected,Amber,Left,93.71,17.472,0.971,0.868,345.021,,63.903,0,,-1,-1,,,-1,50,50,0,0,1,,86.11,
P000,Day,76.201,17.601,1,E_Red_R,Practice,Expected,Amber,Left,93.801,17.564,1.008,0.868,347.626,,63.851,0,,-1,-1,,,-1,50,50,0,0,1,,86.11,
P000,Day,76.201,17.702,1,E_Red_R,Practice,Expected,Amber,Left,93.903,17.665,1.044,0.868,350.561,,63.79,0,,-1,-1,,,-1,50,50,0,0,1,,86.11,
P000,Day,76.201,17.805,1,E_Red_R,Practice,Expected,Amber,Left,94.006,17.769,1.075,0.868,353.513,,63.728,0,,-1,-1,,,-1,50,50,0,0,1,,86.11,
P000,Day,76.201,17.9,1,E_Red_R,Practice,Expected,Amber,Left,94.101,17.864,1.099,0.868,356.219,,63.667,0,,-1,-1,,,-1,50,50,0,0,1,,86.11,
P000,Day,76.201,18.003,1,E_Red_R,Practice,Expected,Amber,Left,94.204,17.966,1.122,0.868,359.131,,63.606,0,,-1,-1,,,-1,50,50,0,0,1,,86.11,
P000,Day,76.201,18.105,1,E_Red_R,Practice,Expected,Amber,Left,94.306,18.068,1.141,0.868,362.031,,63.545,0,,-1,-1,,,-1,50,50,0,0,1,,86.11,
P000,Day,76.201,18.201,1,E_Red_R,Practice,Expected,Amber,Left,94.402,18.164,1.156,0.868,364.756,,63.464,0,,-1,-1,,,-1,50,50,0,0,1,,86.11,
P000,Day,76.201,18.309,1,E_Red_R,Practice,Expected,Amber,Left,94.509,18.272,1.137,0.868,367.773,,63.31,0,,-1,-1,,,-1,50,50,0,0,1,,86.11,
P000,Day,76.201,18.403,1,E_Red_R,Practice,Expected,Amber,Left,94.604,18.366,1.106,0.868,370.485,,63.255,0,,-1,-1,,,-1,50,50,0,0,1,,86.11,
P000,Day,76.201,18.51,1,E_Red_R,Practice,Expected,Amber,Left,94.71,18.473,1.059,0.868,373.448,,63.174,0,,-1,-1,,,-1,50,50,0,0,1,,86.11,
P000,Day,76.201,18.61,1,E_Red_R,Practice,Expected,Amber,Left,94.81,18.573,1.004,0.868,376.276,,63.06,0,,-1,-1,,,-1,50,50,0,0,1,,86.11,
P000,Day,76.201,18.708,1,E_Red_R,Practice,Expected,Amber,Left,94.908,18.671,0.962,0.868,379.033,,62.976,0,,-1,-1,,,-1,50,50,0,0,1,,86.11,
P000,Day,76.201,18.811,1,E_Red_R,Practice,Expected,Amber,Left,95.012,18.774,0.903,0.868,381.94,,62.912,0,,-1,-1,,,-1,50,50,0,0,1,,86.11,
P000,Day,76.201,18.909,1,E_Red_R,Practice,Expected,Amber,Left,95.11,18.872,0.838,0.868,384.679,,62.792,0,,-1,-1,,,-1,50,50,0,0,1,,86.11,
P000,Day,76.201,19.008,1,E_Red_R,Practice,Expected,Amber,Left,95.209,18.972,0.738,0.868,387.469,,62.688,0,,-1,-1,,,-1,50,50,0,0,1,,86.11,
P000,Day,76.201,19.11,1,E_Red_R,Practice,Expected,Amber,Left,95.311,19.074,0.63,0.868,390.332,,62.625,0,,-1,-1,,,-1,50,50,0,0,1,,86.11,
P000,Day,76.201,19.203,1,E_Red_R,Practice,Expected,Amber,Left,95.404,19.166,0.523,0.868,392.969,,62.572,0,,-1,-1,,,-1,50,50,0,0,1,,86.11,
P000,Day,76.201,19.31,1,E_Red_R,Practice,Expected,Amber,Left,95.51,19.273,0.393,0.868,395.907,,62.497,0,,-1,-1,,,-1,50,50,0,0,1,,86.11,
P000,Day,76.201,19.406,1,E_Red_R,Practice,Expected,Amber,Left,95.607,19.369,0.239,0.868,398.622,,62.322,0,,-1,-1,,,-1,50,50,0,0,1,,86.11,
P000,Day,76.201,19.511,1,E_Red_R,Practice,Expected,Amber,Left,95.711,19.474,0.04,0.868,401.498,,62.232,0,,-1,-1,,,-1,50,50,0,0,1,,86.11,
P000,Day,76.201,19.601,1,E_Red_R,Practice,Expected,Amber,Left,95.802,19.564,-0.155,0.868,404.039,,62.166,0,,-1,-1,,,-1,50,50,0,0,1,,86.11,
P000,Day,76.201,19.701,1,E_Red_R,Practice,Expected,Amber,Left,95.902,19.664,-0.394,0.868,406.806,,62.083,0,,-1,-1,,,-1,50,50,0,0,1,,86.11,
P000,Day,76.201,19.804,1,E_Red_R,Practice,Expected,Amber,Left,96.005,19.768,-0.67,0.868,409.661,,62,0,,-1,-1,,,-1,50,50,0,0,1,,86.11,
P000,Day,76.201,19.91,1,E_Red_R,Practice,Expected,Amber,Left,96.11,19.873,-0.963,0.868,412.523,,61.873,0,,-1,-1,,,-1,50,50,0,0,1,,86.11,
P000,Day,76.201,20.003,1,E_Red_R,Practice,Expected,Amber,Left,96.204,19.966,-1.235,0.868,415.131,,61.81,0,,-1,-1,,,-1,50,50,0,0,1,,86.11,
P000,Day,76.201,20.109,1,E_Red_R,Practice,Expected,Amber,Left,96.31,20.073,-1.523,0.868,418.01,,61.646,0,,-1,-1,,,-1,50,50,0,0,1,,86.11,
P000,Day,76.201,20.2,1,E_Red_R,Practice,Expected,Amber,Left,96.401,20.164,-1.757,0.868,420.543,,61.593,0,,-1,-1,,,-1,50,50,0,0,1,,86.11,
P000,Day,76.201,20.303,1,E_Red_R,Practice,Expected,Amber,Left,96.504,20.266,-2.009,0.868,423.355,,61.527,0,,-1,-1,,,-1,50,50,0,0,1,,86.11,
P000,Day,76.201,20.408,1,E_Red_R,Practice,Expected,Amber,Left,96.609,20.371,-2.243,0.868,426.202,,61.439,0,,-1,-1,,,-1,50,50,0,0,1,,86.11,
P000,Day,76.201,20.502,1,E_Red_R,Practice,Expected,Amber,Left,96.703,20.466,-2.414,0.868,428.811,,61.228,0,,-1,-1,,,-1,50,50,0,0,1,,86.11,
P000,Day,76.201,20.608,1,E_Red_R,Practice,Expected,Amber,Left,96.809,20.571,-2.535,0.868,431.661,,61.054,0,,-1,-1,,,-1,50,50,0,0,1,,86.11,
P000,Day,76.201,20.708,1,E_Red_R,Practice,Expected,Amber,Left,96.909,20.672,-2.611,0.868,434.397,,60.94,0,,-1,-1,,,-1,50,50,0,0,1,,86.11,
P000,Day,76.201,20.804,1,E_Red_R,Practice,Expected,Amber,Left,97.005,20.767,-2.641,0.868,437.04,,60.84,0,,-1,-1,,,-1,50,50,0,0,1,,86.11,
P000,Day,76.201,20.901,1,E_Red_R,Practice,Expected,Amber,Left,97.102,20.864,-2.627,0.868,439.678,,60.722,0,,-1,-1,,,-1,50,50,0,0,1,,86.11,
P000,Day,76.201,21.001,1,E_Red_R,Practice,Expected,Amber,Left,97.202,20.964,-2.572,0.868,442.334,,60.612,0,,-1,-1,,,-1,50,50,0,0,1,,86.11,
P000,Day,76.201,21.101,1,E_Red_R,Practice,Expected,Amber,Left,97.301,21.064,-2.475,0.868,445.082,,60.513,0,,-1,-1,,,-1,50,50,0,0,1,,86.11,
P000,Day,76.201,21.201,1,E_Red_R,Practice,Expected,Amber,Left,97.402,21.164,-2.344,0.868,447.794,,60.424,0,,-1,-1,,,-1,50,50,0,0,1,,86.11,
P000,Day,76.201,21.3,1,E_Red_R,Practice,Expected,Amber,Left,97.501,21.263,-2.186,0.868,450.468,,60.651,0,,-1,-1,,,-1,50,50,0,0,1,,86.11,
P000,Day,76.201,21.41,1,E_Red_R,Practice,Expected,Amber,Left,97.611,21.373,-1.984,0.868,453.413,,60.798,0,,-1,-1,,,-1,50,50,0,0,1,,86.11,
P000,Day,76.201,21.506,1,E_Red_R,Practice,Expected,Amber,Left,97.707,21.469,-1.783,0.869,456.045,,60.78,0,,-1,-1,,,-1,50,50,0,0,1,,86.11,
P000,Day,76.201,21.605,1,E_Red_R,Practice,Expected,Amber,Left,97.806,21.568,-1.569,0.87,458.725,,60.694,0,,-1,-1,,,-1,50,50,0,0,1,,86.11,
P000,Day,76.201,21.702,1,E_Red_R,Practice,Expected,Amber,Left,97.903,21.665,-1.361,0.87,461.348,,60.632,0,,-1,-1,,,-1,50,50,0,0,1,,86.11,
P000,Day,76.201,21.801,1,E_Red_R,Practice,Expected,Amber,Left,98.002,21.765,-1.141,0.869,464.024,,60.573,0,,-1,-1,,,-1,50,50,0,0,1,,86.11,
P000,Day,76.201,21.904,1,E_Red_R,Practice,Expected,Amber,Left,98.104,21.867,-0.911,0.868,466.786,,60.515,0,,-1,-1,,,-1,50,50,0,0,1,,86.11,
P000,Day,76.201,22.006,1,E_Red_R,Practice,Expected,Amber,Left,98.206,21.969,-0.692,0.868,469.535,,60.398,0,,-1,-1,,,-1,50,50,0,0,1,,86.11,
P000,Day,76.201,22.101,1,E_Red_R,Practice,Expected,Amber,Left,98.301,22.064,-0.521,0.868,472.094,,60.295,0,,-1,-1,,,-1,50,50,0,0,1,,86.11,
P000,Day,76.201,22.204,1,E_Red_R,Practice,Expected,Amber,Left,98.405,22.167,-0.347,0.868,474.871,,60.229,0,,-1,-1,,,-1,50,50,0,0,1,,86.11,
P000,Day,76.201,22.3,1,E_Red_R,Practice,Expected,Amber,Left,98.501,22.263,-0.204,0.868,477.415,,60.159,0,,-1,-1,,,-1,50,50,0,0,1,,86.11,
P000,Day,76.201,22.405,1,E_Red_R,Practice,Expected,Amber,Left,98.606,22.368,-0.068,0.868,480.27,,60.086,0,,-1,-1,,,-1,50,50,0,0,1,,86.11,
P000,Day,76.201,22.5,1,E_Red_R,Practice,Expected,Amber,Left,98.701,22.464,0.033,0.868,482.828,,60.014,0,,-1,-1,,,-1,50,50,0,0,1,,86.11,
P000,Day,76.201,22.609,1,E_Red_R,Practice,Expected,Amber,Left,98.81,22.573,0.123,0.868,485.709,,59.931,0,,-1,-1,,,-1,50,50,0,0,1,,86.11,
P000,Day,76.201,22.701,1,E_Red_R,Practice,Expected,Amber,Left,98.902,22.664,0.182,0.868,488.204,,59.874,0,,-1,-1,,,-1,50,50,0,0,1,,86.11,
P000,Day,76.201,22.81,1,E_Red_R,Practice,Expected,Amber,Left,99.01,22.773,0.231,0.868,491.072,,59.797,0,,-1,-1,,,-1,50,50,0,0,1,,86.11,
P000,Day,76.201,22.904,1,E_Red_R,Practice,Expected,Amber,Left,99.104,22.867,0.26,0.868,493.614,,59.744,0,,-1,-1,,,-1,50,50,0,0,1,,86.11,
P000,Day,76.201,23.009,1,E_Red_R,Practice,Expected,Amber,Left,99.21,22.973,0.278,0.868,496.402,,59.672,0,,-1,-1,,,-1,50,50,0,0,1,,86.11,
P000,Day,76.201,23.102,1,E_Red_R,Practice,Expected,Amber,Left,99.303,23.065,0.283,0.868,498.91,,59.621,0,,-1,-1,,,-1,50,50,0,0,1,,86.11,
P000,Day,76.201,23.2,1,E_Red_R,Practice,Expected,Amber,Left,99.401,23.164,0.28,0.868,501.529,,59.562,0,,-1,-1,,,-1,50,50,0,0,1,,86.11,
P000,Day,76.201,23.305,1,E_Red_R,Practice,Expected,Amber,Left,99.505,23.268,0.269,0.868,504.306,,59.503,0,,-1,-1,,,-1,50,50,0,0,1,,86.11,
P000,Day,76.201,23.408,1,E_Red_R,Practice,Expected,Amber,Left,99.609,23.371,0.251,0.868,507.017,,59.436,0,,-1,-1,,,-1,50,50,0,0,1,,86.11,
P000,Day,76.201,23.501,1,E_Red_R,Practice,Expected,Amber,Left,99.702,23.465,0.229,0.868,509.533,,59.388,0,,-1,-1,,,-1,50,50,0,0,1,,86.11,
P000,Day,76.201,23.609,1,E_Red_R,Practice,Expected,Amber,Left,99.809,23.572,0.2,0.868,512.341,,59.321,0,,-1,-1,,,-1,50,50,0,0,1,,86.11,
P000,Day,76.201,23.704,1,E_Red_R,Practice,Expected,Amber,Left,99.905,23.667,0.17,0.868,514.904,,59.274,0,,-1,-1,,,-1,50,50,0,0,1,,86.11,
P000,Day,76.201,23.81,1,E_Red_R,Practice,Expected,Amber,Left,100.011,23.774,0.135,0.868,517.689,,59.208,0,,-1,-1,,,-1,50,50,0,0,1,,86.11,
P000,Day,76.201,23.909,1,E_Red_R,Practice,Expected,Amber,Left,100.109,23.872,0.099,0.868,520.291,,59.151,0,,-1,-1,,,-1,50,50,0,0,1,,86.11,
P000,Day,76.201,24.004,1,E_Red_R,Practice,Expected,Amber,Left,100.205,23.967,0.061,0.868,522.842,,59.104,0,,-1,-1,,,-1,50,50,0,0,1,,86.11,
P000,Day,76.201,24.109,1,E_Red_R,Practice,Expected,Amber,Left,100.31,24.072,0.02,0.868,525.579,,59.038,0,,-1,-1,,,-1,50,50,0,0,1,,86.11,
P000,Day,76.201,24.204,1,E_Red_R,Practice,Expected,Amber,Left,100.405,24.168,-0.02,0.868,528.132,,58.992,0,,-1,-1,,,-1,50,50,0,0,1,,86.11,
P000,Day,76.201,24.3,1,E_Red_R,Practice,Expected,Amber,Left,100.501,24.263,-0.06,0.868,530.62,,58.935,0,,-1,-1,,,-1,50,50,0,0,1,,86.11,
P000,Day,76.201,24.405,1,E_Red_R,Practice,Expected,Amber,Left,100.606,24.368,-0.106,0.868,533.407,,58.879,0,,-1,-1,,,-1,50,50,0,0,1,,86.11,
P000,Day,76.201,24.504,1,E_Red_R,Practice,Expected,Amber,Left,100.705,24.467,-0.15,0.868,536.019,,58.823,0,,-1,-1,,,-1,50,50,0,0,1,,86.11,
P000,Day,76.201,24.601,1,E_Red_R,Practice,Expected,Amber,Left,100.802,24.564,-0.193,0.868,538.563,,58.767,0,,-1,-1,,,-1,50,50,0,0,1,,86.11,
P000,Day,76.201,24.711,1,E_Red_R,Practice,Expected,Amber,Left,100.911,24.674,-0.242,0.868,541.401,,58.702,0,,-1,-1,,,-1,50,50,0,0,1,,86.11,
P000,Day,76.201,24.811,1,E_Red_R,Practice,Expected,Amber,Left,101.011,24.774,-0.288,0.868,544.033,,58.646,0,,-1,-1,,,-1,50,50,0,0,1,,86.11,
P000,Day,76.201,24.909,1,E_Red_R,Practice,Expected,Amber,Left,101.109,24.872,-0.333,0.868,546.607,,58.629,0,,-1,-1,,,-1,50,50,0,0,1,,86.11,
P000,Day,76.201,25.005,1,E_Red_R,Practice,Expected,Amber,Left,101.205,24.968,-0.377,0.868,549.157,,58.951,0,,-1,-1,,,-1,50,50,0,0,1,,86.11,
P000,Day,76.201,25.102,1,E_Red_R,Practice,Expected,Amber,Left,101.303,25.065,-0.423,0.868,551.727,,59.131,0,,-1,-1,,,-1,50,50,0,0,1,,86.11,
P000,Day,76.201,25.2,1,E_Red_R,Practice,Expected,Amber,Left,101.401,25.163,-0.468,0.868,554.288,,59.132,0,,-1,-1,,,-1,50,50,0,0,1,,86.11,
P000,Day,76.201,25.302,1,E_Red_R,Practice,Expected,Amber,Left,101.503,25.266,-0.498,0.868,557.028,,58.997,0,,-1,-1,,,-1,50,50,0,0,1,,86.11,
P000,Day,76.201,25.402,1,E_Red_R,Practice,Expected,Amber,Left,101.602,25.365,-0.496,0.868,559.644,,58.92,0,,-1,-1,,,-1,50,50,0,0,1,,86.11,
P000,Day,76.201,25.502,1,E_Red_R,Practice,Expected,Amber,Left,101.703,25.465,-0.486,0.868,562.232,,58.859,0,,-1,-1,,,-1,50,50,0,0,1,,86.11,
P000,Day,76.201,25.611,1,E_Red_R,Practice,Expected,Amber,Left,101.812,25.574,-0.456,0.868,565.111,,58.781,0,,-1,-1,,,-1,50,50,0,0,1,,86.11,
P000,Day,76.201,25.705,1,E_Red_R,Practice,Expected,Amber,Left,101.906,25.668,-0.411,0.868,567.62,,58.724,0,,-1,-1,,,-1,50,50,0,0,1,,86.11,
P000,Day,76.201,25.803,1,E_Red_R,Practice,Expected,Amber,Left,102.003,25.766,-0.346,0.868,570.176,,58.654,0,,-1,-1,,,-1,50,50,0,0,1,,86.11,
P000,Day,76.201,25.909,1,E_Red_R,Practice,Expected,Amber,Left,102.11,25.872,-0.254,0.868,572.93,,58.576,0,,-1,-1,,,-1,50,50,0,0,1,,86.11,
P000,Day,76.201,26.003,1,E_Red_R,Practice,Expected,Amber,Left,102.204,25.966,-0.153,0.868,575.424,,58.521,0,,-1,-1,,,-1,50,50,0,0,1,,86.11,
P000,Day,76.201,26.108,1,E_Red_R,Practice,Expected,Amber,Left,102.309,26.071,-0.027,0.868,578.123,,58.447,0,,-1,-1,,,-1,50,50,0,0,1,,86.11,
P000,Day,76.201,26.2,1,E_Red_R,Practice,Expected,Amber,Left,102.401,26.164,0.099,0.868,580.567,,58.396,0,,-1,-1,,,-1,50,50,0,0,1,,86.11,
P000,Day,76.201,26.308,1,E_Red_R,Practice,Expected,Amber,Left,102.508,26.271,0.255,0.868,583.331,,58.327,0,,-1,-1,,,-1,50,50,0,0,1,,86.11,
P000,Day,76.201,26.4,1,E_Red_R,Practice,Expected,Amber,Left,102.601,26.364,0.403,0.868,585.778,,58.278,0,,-1,-1,,,-1,50,50,0,0,1,,86.11,
P000,Day,76.201,26.505,1,E_Red_R,Practice,Expected,Amber,Left,102.705,26.468,0.575,0.868,588.488,,58.22,0,,-1,-1,,,-1,50,50,0,0,1,,86.11,
P000,Day,76.201,26.603,1,E_Red_R,Practice,Expected,Amber,Left,102.804,26.566,0.729,0.868,590.999,,58.1,0,,-1,-1,,,-1,50,50,0,0,1,,86.11,
P000,Day,76.201,26.7,1,E_Red_R,Practice,Expected,Amber,Left,102.901,26.664,0.86,0.868,593.569,,58.009,0,,-1,-1,,,-1,50,50,0,0,1,,86.11,
P000,Day,76.201,26.811,1,E_Red_R,Practice,Expected,Amber,Left,103.012,26.775,0.999,0.868,596.389,,57.941,0,,-1,-1,,,-1,50,50,0,0,1,,86.11,
P000,Day,76.201,26.91,1,E_Red_R,Practice,Expected,Amber,Left,103.11,26.873,1.115,0.868,598.956,,57.879,0,,-1,-1,,,-1,50,50,0,0,1,,86.11,
P000,Day,76.201,27.005,1,E_Red_R,Practice,Expected,Amber,Left,103.206,26.968,1.212,0.868,601.449,,57.826,0,,-1,-1,,,-1,50,50,0,0,1,,86.11,
P000,Day,76.201,27.102,1,E_Red_R,Practice,Expected,Amber,Left,103.302,27.065,1.292,0.868,603.899,,57.761,0,,-1,-1,,,-1,50,50,0,0,1,,86.11,
P000,Day,76.201,27.21,1,E_Red_R,Practice,Expected,Amber,Left,103.411,27.174,1.364,0.868,606.702,,57.686,0,,-1,-1,,,-1,50,50,0,0,1,,86.11,
P000,Day,76.201,27.309,1,E_Red_R,Practice,Expected,Amber,Left,103.509,27.272,1.412,0.868,609.241,,57.623,0,,-1,-1,,,-1,50,50,0,0,1,,86.11,
P000,Day,76.201,27.409,1,E_Red_R,Practice,Expected,Amber,Left,103.609,27.372,1.446,0.868,611.814,,57.562,0,,-1,-1,,,-1,50,50,0,0,1,,86.11,
P000,Day,76.201,27.508,1,E_Red_R,Practice,Expected,Amber,Left,103.709,27.472,1.467,0.868,614.379,,57.479,0,,-1,-1,,,-1,50,50,0,0,1,,86.11,
P000,Day,76.201,27.61,1,E_Red_R,Practice,Expected,Amber,Left,103.811,27.574,1.449,0.869,617.007,,57.325,0,,-1,-1,,,-1,50,50,0,0,1,,86.11,
P000,Day,76.201,27.701,1,E_Red_R,Practice,Expected,Amber,Left,103.902,27.665,1.411,0.869,619.364,,57.27,0,,-1,-1,,,-1,50,50,0,0,1,,86.11,
P000,Day,76.201,27.811,1,E_Red_R,Practice,Expected,Amber,Left,104.012,27.775,1.348,0.868,622.143,,57.192,0,,-1,-1,,,-1,50,50,0,0,1,,86.11,
P000,Day,76.201,27.9,1,E_Red_R,Practice,Expected,Amber,Left,104.101,27.863,1.279,0.868,624.406,,57.135,0,,-1,-1,,,-1,50,50,0,0,1,,86.11,
P000,Day,76.201,28.005,1,E_Red_R,Practice,Expected,Amber,Left,104.206,27.969,1.173,0.868,627.128,,57.066,0,,-1,-1,,,-1,50,50,0,0,1,,86.11,
P000,Day,76.201,28.102,1,E_Red_R,Practice,Expected,Amber,Left,104.303,28.065,1.056,0.868,629.589,,56.999,0,,-1,-1,,,-1,50,50,0,0,1,,86.11,
P000,Day,76.201,28.2,1,E_Red_R,Practice,Expected,Amber,Left,104.401,28.163,0.92,0.868,632.08,,56.935,0,,-1,-1,,,-1,50,50,0,0,1,,86.11,
P000,Day,76.201,28.309,1,E_Red_R,Practice,Expected,Amber,Left,104.509,28.272,0.754,0.868,634.811,,56.862,0,,-1,-1,,,-1,50,50,0,0,1,,86.11,
P000,Day,76.201,28.405,1,E_Red_R,Practice,Expected,Amber,Left,104.606,28.369,0.588,0.868,637.288,,56.813,0,,-1,-1,,,-1,50,50,0,0,1,,86.11,
P000,Day,76.201,28.51,1,E_Red_R,Practice,Expected,Amber,Left,104.711,28.473,0.423,0.868,639.901,,56.675,0,,-1,-1,,,-1,50,50,0,0,1,,86.11,
P000,Day,76.201,28.608,1,E_Red_R,Practice,Expected,Amber,Left,104.809,28.572,0.275,0.868,642.388,,56.617,0,,-1,-1,,,-1,50,50,0,0,1,,86.11,
P000,Day,76.201,28.705,1,E_Red_R,Practice,Expected,Amber,Left,104.906,28.669,0.125,0.868,644.873,,56.571,0,,-1,-1,,,-1,50,50,0,0,1,,86.11,
P000,Day,76.201,28.802,1,E_Red_R,Practice,Expected,Amber,Left,105.003,28.765,-0.016,0.868,647.312,,56.515,0,,-1,-1,,,-1,50,50,0,0,1,,86.11,
P000,Day,76.201,28.908,1,E_Red_R,Practice,Expected,Amber,Left,105.108,28.871,-0.171,0.868,649.941,,56.378,0,,-1,-1,,,-1,50,50,0,0,1,,86.11,
P000,Day,76.201,29.008,1,E_Red_R,Practice,Expected,Amber,Left,105.208,28.971,-0.335,0.868,652.461,,56.316,0,,-1,-1,,,-1,50,50,0,0,1,,86.11,
P000,Day,76.201,29.104,1,E_Red_R,Practice,Expected,Amber,Left,105.305,29.067,-0.488,0.868,654.913,,56.27,0,,-1,-1,,,-1,50,50,0,0,1,,86.11,
P000,Day,76.201,29.209,1,E_Red_R,Practice,Expected,Amber,Left,105.41,29.173,-0.652,0.868,657.518,,56.299,0,,-1,-1,,,-1,50,50,0,0,1,,86.11,
P000,Day,76.201,29.306,1,E_Red_R,Practice,Expected,Amber,Left,105.507,29.269,-0.812,0.868,659.982,,56.686,0,,-1,-1,,,-1,50,50,0,0,1,,86.11,
P000,Day,76.201,29.41,1,E_Red_R,Practice,Expected,Amber,Left,105.61,29.373,-0.965,0.868,662.571,,56.886,0,,-1,-1,,,-1,50,50,0,0,1,,86.11,
P000,Day,76.201,29.51,1,E_Red_R,Practice,Expected,Amber,Left,105.711,29.474,-1.096,0.868,665.145,,56.883,0,,-1,-1,,,-1,50,50,0,0,1,,86.11,
P000,Day,76.201,29.605,1,E_Red_R,Practice,Expected,Amber,Left,105.806,29.569,-1.221,0.868,667.591,,56.849,0,,-1,-1,,,-1,50,50,0,0,1,,86.11,
P000,Day,76.201,29.702,1,E_Red_R,Practice,Expected,Amber,Left,105.903,29.665,-1.339,0.868,670.043,,56.796,0,,-1,-1,,,-1,50,50,0,0,1,,86.11,
P000,Day,76.201,29.809,1,E_Red_R,Practice,Expected,Amber,Left,106.01,29.772,-1.454,0.868,672.716,,56.727,0,,-1,-1,,,-1,50,50,0,0,1,,86.11,
P000,Day,76.201,29.903,1,E_Red_R,Practice,Expected,Amber,Left,106.103,29.866,-1.544,0.87,675.126,,56.677,0,,-1,-1,,,-1,50,50,0,0,1,,86.11,
P000,Day,76.201,30.004,1,E_Red_R,Practice,Expected,Amber,Left,106.205,29.967,-1.624,0.872,677.638,,56.617,0,,-1,-1,,,-1,50,50,0,0,1,,86.11,
P000,Day,76.201,30.101,1,E_Red_R,Practice,Expected,Amber,Left,106.302,30.064,-1.691,0.871,680.145,,56.877,0,,-1,-1,,,-1,50,50,0,0,1,,86.11,
P000,Day,76.201,30.211,1,E_Red_R,Practice,Expected,Amber,Left,106.411,30.174,-1.752,0.868,682.92,,57.565,0,,-1,-1,,,-1,50,50,0,0,1,,86.11,
P000,Day,76.201,30.305,1,E_Red_R,Practice,Expected,Amber,Left,106.506,30.269,-1.794,0.868,685.342,,58.06,0,,-1,-1,,,-1,50,50,0,0,1,,86.11,
P000,Day,76.201,30.409,1,E_Red_R,Practice,Expected,Amber,Left,106.61,30.373,-1.81,0.867,688.063,,58.101,0,,-1,-1,,,-1,50,50,0,0,1,,86.11,
P000,Day,76.201,30.505,1,E_Red_R,Practice,Expected,Amber,Left,106.706,30.469,-1.789,0.868,690.598,,58.083,0,,-1,-1,,,-1,50,50,0,0,1,,86.11,
P000,Day,76.201,30.604,1,E_Red_R,Practice,Expected,Amber,Left,106.804,30.567,-1.753,0.869,693.145,,58.028,0,,-1,-1,,,-1,50,50,0,0,1,,86.11,
P000,Day,76.201,30.701,1,E_Red_R,Practice,Expected,Amber,Left,106.901,30.664,-1.697,0.869,695.661,,57.95,0,,-1,-1,,,-1,50,50,0,0,1,,86.11,
P000,Day,76.201,30.805,1,E_Red_R,Practice,Expected,Amber,Left,107.006,30.769,-1.639,0.869,698.372,,57.849,0,,-1,-1,,,-1,50,50,0,0,1,,86.11,
P000,Day,76.201,30.91,1,E_Red_R,Practice,Expected,Amber,Left,107.111,30.873,-1.562,0.87,701.035,,57.771,0,,-1,-1,,,-1,50,50,0,0,1,,86.11,
P000,Day,76.201,31,1,E_Red_R,Practice,Expected,Amber,Left,107.201,30.963,-1.482,0.87,703.399,,57.721,0,,-1,-1,,,-1,50,50,0,0,1,,86.11,
P000,Day,76.201,31.102,1,E_Red_R,Practice,Expected,Amber,Left,107.303,31.066,-1.387,0.871,705.978,,57.665,0,,-1,-1,,,-1,50,50,0,0,1,,86.11,
P000,Day,76.201,31.201,1,E_Red_R,Practice,Expected,Amber,Left,107.402,31.165,-1.285,0.869,708.591,,57.934,0,,-1,-1,,,-1,50,50,0,0,1,,86.11,
P000,Day,76.201,31.31,1,E_Red_R,Practice,Expected,Amber,Left,107.511,31.274,-1.173,0.868,711.386,,58.614,0,,-1,-1,,,-1,50,50,0,0,1,,86.11,
P000,Day,76.201,31.409,1,E_Red_R,Practice,Expected,Amber,Left,107.61,31.372,-1.067,0.868,713.98,,59.218,0,,-1,-1,,,-1,50,50,0,0,1,,86.11,
P000,Day,76.201,31.506,1,E_Red_R,Practice,Expected,Amber,Left,107.707,31.469,-0.961,0.868,716.588,,59.385,0,,-1,-1,,,-1,50,50,0,0,1,,86.11,
P000,Day,76.201,31.609,1,E_Red_R,Practice,Expected,Amber,Left,107.81,31.572,-0.861,0.868,719.285,,59.319,0,,-1,-1,,,-1,50,50,0,0,1,,86.11,
P000,Day,76.201,31.7,1,E_Red_R,Practice,Expected,Amber,Left,107.901,31.663,-0.805,0.868,721.697,,59.243,0,,-1,-1,,,-1,50,50,0,0,1,,86.11,
P000,Day,76.201,31.809,1,E_Red_R,Practice,Expected,Amber,Left,108.01,31.772,-0.749,0.868,724.59,,59.175,0,,-1,-1,,,-1,50,50,0,0,1,,86.11,
P000,Day,76.201,31.901,1,E_Red_R,Practice,Expected,Amber,Left,108.101,31.864,-0.716,0.868,727.043,,59.12,0,,-1,-1,,,-1,50,50,0,0,1,,86.11,
P000,Day,76.201,32.003,1,E_Red_R,Practice,Expected,Amber,Left,108.204,31.966,-0.68,0.868,729.74,,59.001,0,,-1,-1,,,-1,50,50,0,0,1,,86.11,
P000,Day,76.201,32.108,1,E_Red_R,Practice,Expected,Amber,Left,108.309,32.071,-0.645,0.868,732.47,,58.918,0,,-1,-1,,,-1,50,50,0,0,1,,86.11,
P000,Day,76.201,32.205,1,E_Red_R,Practice,Expected,Amber,Left,108.405,32.168,-0.626,0.868,735.054,,58.868,0,,-1,-1,,,-1,50,50,0,0,1,,86.11,
P000,Day,76.201,32.303,1,E_Red_R,Practice,Expected,Amber,Left,108.504,32.266,-0.612,0.868,737.637,,58.811,0,,-1,-1,,,-1,50,50,0,0,1,,86.11,
P000,Day,76.201,32.401,1,E_Red_R,Practice,Expected,Amber,Left,108.601,32.364,-0.601,0.868,740.172,,58.755,0,,-1,-1,,,-1,50,50,0,0,1,,86.11,
P000,Day,76.201,32.511,1,E_Red_R,Practice,Expected,Amber,Left,108.712,32.474,-0.587,0.868,743.065,,58.689,0,,-1,-1,,,-1,50,50,0,0,1,,86.11,
P000,Day,76.201,32.6,1,E_Red_R,Practice,Expected,Amber,Left,108.801,32.564,-0.581,0.868,745.451,,58.59,0,,-1,-1,,,-1,50,50,0,0,1,,86.11,
P000,Day,76.201,32.708,1,E_Red_R,Practice,Expected,Amber,Left,108.909,32.671,-0.595,0.868,748.225,,58.502,0,,-1,-1,,,-1,50,50,0,0,1,,86.11,
P000,Day,76.201,32.805,1,E_Red_R,Practice,Expected,Amber,Left,109.006,32.768,-0.61,0.868,750.793,,58.454,0,,-1,-1,,,-1,50,50,0,0,1,,86.11,
P000,Day,76.201,32.909,1,E_Red_R,Practice,Expected,Amber,Left,109.109,32.872,-0.632,0.868,753.474,,58.621,0,,-1,-1,,,-1,50,50,0,0,1,,86.11,
P000,Day,76.201,33.008,1,E_Red_R,Practice,Expected,Amber,Left,109.209,32.971,-0.662,0.868,756.088,,59.165,0,,-1,-1,,,-1,50,50,0,0,1,,86.11,
P000,Day,76.201,33.106,1,E_Red_R,Practice,Expected,Amber,Left,109.307,33.069,-0.704,0.868,758.725,,59.688,0,,-1,-1,,,-1,50,50,0,1,1,,86.11,
P000,Day,76.201,33.2,1,E_Red_R,Practice,Expected,Amber,Left,109.401,33.164,-0.754,0.868,761.224,,60.335,0,,-1,-1,,,-1,50,50,0,0,1,,86.11,
P000,Day,76.201,33.304,1,E_Red_R,Practice,Expected,Amber,Left,109.505,33.267,-0.821,0.868,764.065,,60.832,0,,-1,-1,,,-1,50,50,0,0,1,,86.11,
P000,Day,76.201,33.409,1,E_Red_R,Practice,Expected,Amber,Left,109.61,33.372,-0.877,0.868,766.888,,60.85,0,,-1,-1,,,-1,50,50,0,0,1,,86.11,
P000,Day,76.201,33.508,1,E_Red_R,Practice,Expected,Amber,Left,109.709,33.471,-0.918,0.868,769.571,,60.819,0,,-1,-1,,,-1,50,50,0,0,1,,86.11,
P000,Day,76.201,33.6,1,E_Red_R,Practice,Expected,Amber,Left,109.801,33.563,-0.957,0.868,772.075,,60.777,0,,-1,-1,,,-1,50,50,0,0,1,109.786,86.11,-23.676
P000,Day,76.201,33.702,1,E_Red_R,Practice,Expected,Amber,Left,109.903,33.666,-0.992,0.868,774.897,,60.719,0,,-1,-1,,,-1,50,50,0,0,1,109.786,86.11,-23.676
P000,Day,76.201,33.804,1,E_Red_R,Practice,Expected,Amber,Left,110.004,33.767,-1.015,0.868,777.643,,60.746,0,,-1,-1,,,-1,50,50,0,0,1,109.786,86.11,-23.676
P000,Day,76.201,33.91,1,E_Red_R,Practice,Expected,Amber,Left,110.111,33.873,-1.025,0.868,780.5,,61.3,0,,-1,-1,,,-1,50,50,0,0,1,109.786,86.11,-23.676
P000,Day,76.201,34.009,1,E_Red_R,Practice,Expected,Amber,Left,110.21,33.972,-1.019,0.868,783.23,,61.916,0,,-1,-1,,,-1,50,50,0,0,1,109.786,86.11,-23.676
P000,Day,76.201,34.11,1,E_Red_R,Practice,Expected,Amber,Left,110.311,34.073,-1,0.868,786.032,,62.56,0,,-1,-1,,,-1,50,50,0,0,1,109.786,86.11,-23.676
P000,Day,76.201,34.209,1,E_Red_R,Practice,Expected,Amber,Left,110.41,34.172,-0.968,0.868,788.801,,62.896,0,,-1,-1,,,-1,50,50,0,0,1,109.786,86.11,-23.676
P000,Day,76.201,34.302,1,E_Red_R,Practice,Expected,Amber,Left,110.503,34.266,-0.929,0.868,791.43,,62.936,0,,-1,-1,,,-1,50,50,0,0,1,109.786,86.11,-23.676
P000,Day,76.201,34.405,1,E_Red_R,Practice,Expected,Amber,Left,110.606,34.368,-0.875,0.868,794.355,,62.909,0,,-1,-1,,,-1,50,50,0,0,1,109.786,86.11,-23.676
P000,Day,76.201,34.503,1,E_Red_R,Practice,Expected,Amber,Left,110.703,34.466,-0.816,0.868,797.112,,62.857,0,,-1,-1,,,-1,50,50,0,0,1,109.786,86.11,-23.676
P000,Day,76.201,34.601,1,E_Red_R,Practice,Expected,Amber,Left,110.801,34.564,-0.75,0.868,799.859,,62.798,0,,-1,-1,,,-1,50,50,0,0,1,109.786,86.11,-23.676
P000,Day,76.201,34.702,1,E_Red_R,Practice,Expected,Amber,Left,110.902,34.665,-0.677,0.868,802.643,,62.738,0,,-1,-1,,,-1,50,50,0,0,1,109.786,86.11,-23.676
P000,Day,76.201,34.802,1,E_Red_R,Practice,Expected,Amber,Left,111.002,34.765,-0.597,0.868,805.493,,62.678,0,,-1,-1,,,-1,50,50,0,0,1,109.786,86.11,-23.676
P000,Day,76.201,34.91,1,E_Red_R,Practice,Expected,Amber,Left,111.11,34.873,-0.518,0.868,808.471,,62.54,0,,-1,-1,,,-1,50,50,0,0,1,109.786,86.11,-23.676
P000,Day,76.201,35.011,1,E_Red_R,Practice,Expected,Amber,Left,111.212,34.974,-0.475,0.868,811.315,,62.442,0,,-1,-1,,,-1,50,50,0,0,1,109.786,86.11,-23.676
P000,Day,76.201,35.11,1,E_Red_R,Practice,Expected,Amber,Left,111.311,35.073,-0.44,0.868,814.073,,62.378,0,,-1,-1,,,-1,50,50,0,0,1,109.786,86.11,-23.676
P000,Day,76.201,35.201,1,E_Red_R,Practice,Expected,Amber,Left,111.401,35.164,-0.419,0.868,816.637,,62.321,0,,-1,-1,,,-1,50,50,0,0,1,109.786,86.11,-23.676
P000,Day,76.201,35.305,1,E_Red_R,Practice,Expected,Amber,Left,111.506,35.268,-0.413,0.868,819.542,,62.251,0,,-1,-1,,,-1,50,50,0,0,1,109.786,86.11,-23.676
P000,Day,76.201,35.408,1,E_Red_R,Practice,Expected,Amber,Left,111.609,35.372,-0.428,0.868,822.381,,62.166,0,,-1,-1,,,-1,50,50,0,0,1,109.786,86.11,-23.676
P000,Day,76.201,35.511,1,E_Red_R,Practice,Expected,Amber,Left,111.711,35.474,-0.451,0.868,825.226,,62.043,0,,-1,-1,,,-1,50,50,0,0,1,109.786,86.11,-23.676
P000,Day,76.201,35.601,1,E_Red_R,Practice,Expected,Amber,Left,111.802,35.564,-0.448,0.868,827.723,,61.944,0,,-1,-1,,,-1,50,50,0,0,1,109.786,86.11,-23.676
P000,Day,76.201,35.712,1,E_Red_R,Practice,Expected,Amber,Left,111.913,35.675,-0.441,0.868,830.795,,61.871,0,,-1,-1,,,-1,50,50,0,0,1,109.786,86.11,-23.676
P000,Day,76.201,35.809,1,E_Red_R,Practice,Expected,Amber,Left,112.009,35.772,-0.432,0.868,833.465,,61.78,0,,-1,-1,,,-1,50,50,0,0,1,109.786,86.11,-23.676
P000,Day,76.201,35.91,1,E_Red_R,Practice,Expected,Amber,Left,112.111,35.874,-0.439,0.868,836.277,,61.671,0,,-1,-1,,,-1,50,50,0,0,1,109.786,86.11,-23.676
P000,Day,76.201,36.009,1,E_Red_R,Practice,Expected,Amber,Left,112.21,35.972,-0.437,0.868,838.997,,61.604,0,,-1,-1,,,-1,50,50,0,0,1,109.786,86.11,-23.676
P000,Day,76.201,36.109,1,E_Red_R,Practice,Expected,Amber,Left,112.31,36.072,-0.424,0.868,841.748,,61.543,0,,-1,-1,,,-1,50,50,0,0,1,109.786,86.11,-23.676
P000,Day,76.201,36.21,1,E_Red_R,Practice,Expected,Amber,Left,112.411,36.173,-0.405,0.868,844.531,,61.483,0,,-1,-1,,,-1,50,50,0,0,1,109.786,86.11,-23.676
P000,Day,76.201,36.301,1,E_Red_R,Practice,Expected,Amber,Left,112.502,36.264,-0.385,0.868,847.057,,61.434,0,,-1,-1,,,-1,50,50,0,0,1,109.786,86.11,-23.676
P000,Day,76.201,36.401,1,E_Red_R,Practice,Expected,Amber,Left,112.601,36.364,-0.362,0.868,849.799,,61.376,0,,-1,-1,,,-1,50,50,0,0,1,109.786,86.11,-23.676
P000,Day,76.201,36.5,1,E_Red_R,Practice,Expected,Amber,Left,112.701,36.463,-0.339,0.868,852.487,,61.317,0,,-1,-1,,,-1,50,50,0,0,1,109.786,86.11,-23.676
P000,Day,76.201,36.603,1,E_Red_R,Practice,Expected,Amber,Left,112.804,36.566,-0.315,0.868,855.337,,61.411,0,,-1,-1,,,-1,50,50,0,0,1,109.786,86.11,-23.676
P000,Day,76.201,36.708,1,E_Red_R,Practice,Expected,Amber,Left,112.908,36.671,-0.293,0.868,858.188,,61.782,0,,-1,-1,,,-1,50,50,0,0,1,109.786,86.11,-23.676
P000,Day,76.201,36.806,1,E_Red_R,Practice,Expected,Amber,Left,113.007,36.769,-0.273,0.868,860.941,,61.908,0,,-1,-1,,,-1,50,50,0,0,1,109.786,86.11,-23.676
P000,Day,76.201,36.908,1,E_Red_R,Practice,Expected,Amber,Left,113.109,36.872,-0.254,0.868,863.758,,62.408,0,,-1,-1,,,-1,50,50,0,0,1,109.786,86.11,-23.676
P000,Day,76.201,37.011,1,E_Red_R,Practice,Expected,Amber,Left,113.212,36.974,-0.237,0.868,866.612,,62.669,0,,-1,-1,,,-1,50,50,0,0,1,109.786,86.11,-23.676
P000,Day,76.201,37.111,1,E_Red_R,Practice,Expected,Amber,Left,113.312,37.074,-0.221,0.868,869.437,,63.211,0,,-1,-1,,,-1,50,50,0,0,1,109.786,86.11,-23.676
P000,Day,76.201,37.201,1,E_Red_R,Practice,Expected,Amber,Left,113.401,37.164,-0.208,0.868,872.012,,63.733,0,,-1,-1,,,-1,50,50,0,0,1,109.786,86.11,-23.676
P000,Day,76.201,37.302,1,E_Red_R,Practice,Expected,Amber,Left,113.503,37.266,-0.195,0.868,874.928,,64.381,0,,-1,-1,,,-1,50,50,0,0,1,109.786,86.11,-23.676
P000,Day,76.201,37.406,1,E_Red_R,Practice,Expected,Amber,Left,113.607,37.369,-0.182,0.868,877.925,,65.036,0,,-1,-1,,,-1,50,50,0,0,1,109.786,86.11,-23.676
P000,Day,76.201,37.509,1,E_Red_R,Practice,Expected,Amber,Left,113.71,37.473,-0.171,0.868,880.919,,65.651,0,,-1,-1,,,-1,50,50,0,0,1,109.786,86.11,-23.676
P000,Day,76.201,37.609,1,E_Red_R,Practice,Expected,Amber,Left,113.81,37.572,-0.161,0.868,883.823,,65.759,0,,-1,-1,,,-1,50,50,0,0,1,109.786,86.11,-23.676
P000,Day,76.201,37.701,1,E_Red_R,Practice,Expected,Amber,Left,113.901,37.664,-0.152,0.868,886.534,,65.733,0,,-1,-1,,,-1,50,50,0,0,1,109.786,86.11,-23.676
P000,Day,76.201,37.805,1,E_Red_R,Practice,Expected,Amber,Left,114.006,37.768,-0.11,0.868,889.632,,65.612,0,,-1,-1,,,-1,50,50,0,0,1,109.786,86.11,-23.676
P000,Day,76.201,37.911,1,E_Red_R,Practice,Expected,Amber,Left,114.112,37.874,-0.055,0.868,892.701,,65.539,0,,-1,-1,,,-1,50,50,0,0,1,109.786,86.11,-23.676
P000,Day,76.201,38.012,1,E_Red_R,Practice,Expected,Amber,Left,114.213,37.975,0.009,0.868,895.658,,65.47,0,,-1,-1,,,-1,50,50,0,0,1,109.786,86.11,-23.676
P000,Day,76.201,38.101,1,E_Red_R,Practice,Expected,Amber,Left,114.302,38.064,0.079,0.868,898.256,,65.399,0,,-1,-1,,,-1,50,50,0,0,1,109.786,86.11,-23.676
P000,Day,76.201,38.201,1,E_Red_R,Practice,Expected,Amber,Left,114.402,38.165,0.147,0.868,901.228,,65.281,0,,-1,-1,,,-1,50,50,0,0,1,109.786,86.11,-23.676
P000,Day,76.201,38.303,1,E_Red_R,Practice,Expected,Amber,Left,114.503,38.266,0.222,0.868,904.179,,65.211,0,,-1,-1,,,-1,50,50,0,0,1,109.786,86.11,-23.676
P000,Day,76.201,38.405,1,E_Red_R,Practice,Expected,Amber,Left,114.606,38.368,0.306,0.868,907.167,,65.147,0,,-1,-1,,,-1,50,50,0,0,1,109.786,86.11,-23.676
P000,Day,76.201,38.505,1,E_Red_R,Practice,Expected,Amber,Left,114.706,38.469,0.39,0.868,910.088,,65.085,0,,-1,-1,,,-1,50,50,0,0,1,109.786,86.11,-23.676
P000,Day,76.201,38.605,1,E_Red_R,Practice,Expected,Amber,Left,114.806,38.569,0.471,0.868,912.991,,65.022,0,,-1,-1,,,-1,50,50,0,0,1,109.786,86.11,-23.676
P000,Day,76.201,38.705,1,E_Red_R,Practice,Expected,Amber,Left,114.905,38.668,0.539,0.868,915.873,,64.896,0,,-1,-1,,,-1,50,50,0,0,1,109.786,86.11,-23.676
P000,Day,76.201,38.81,1,E_Red_R,Practice,Expected,Amber,Left,115.01,38.773,0.565,0.868,918.883,,64.75,0,,-1,-1,,,-1,50,50,0,0,1,109.786,86.11,-23.676
P000,Day,76.201,38.912,1,E_Red_R,Practice,Expected,Amber,Left,115.112,38.875,0.571,0.868,921.825,,64.674,0,,-1,-1,,,-1,50,50,0,0,1,109.786,86.11,-23.676
P000,Day,76.201,39.005,1,E_Red_R,Practice,Expected,Amber,Left,115.205,38.968,0.569,0.868,924.551,,64.572,0,,-1,-1,,,-1,50,50,0,0,1,109.786,86.11,-23.676
P000,Day,76.201,39.108,1,E_Red_R,Practice,Expected,Amber,Left,115.309,39.071,0.565,0.868,927.493,,64.466,0,,-1,-1,,,-1,50,50,0,0,1,109.786,86.11,-23.676
P000,Day,76.201,39.208,1,E_Red_R,Practice,Expected,Amber,Left,115.409,39.171,0.54,0.868,930.369,,64.394,0,,-1,-1,,,-1,50,50,0,0,1,109.786,86.11,-23.676
P000,Day,76.201,39.308,1,E_Red_R,Practice,Expected,Amber,Left,115.509,39.271,0.502,0.868,933.244,,64.328,0,,-1,-1,,,-1,50,50,0,0,1,109.786,86.11,-23.676
P000,Day,76.201,39.4,1,E_Red_R,Practice,Expected,Amber,Left,115.601,39.363,0.458,0.868,935.899,,64.276,0,,-1,-1,,,-1,50,50,0,0,1,109.786,86.11,-23.676
P000,Day,76.201,39.505,1,E_Red_R,Practice,Expected,Amber,Left,115.706,39.469,0.402,0.868,938.958,,64.214,0,,-1,-1,,,-1,50,50,0,0,1,109.786,86.11,-23.676
P000,Day,76.201,39.602,1,E_Red_R,Practice,Expected,Amber,Left,115.803,39.566,0.349,0.868,941.743,,64.152,0,,-1,-1,,,-1,50,50,0,0,1,109.786,86.11,-23.676
P000,Day,76.201,39.703,1,E_Red_R,Practice,Expected,Amber,Left,115.903,39.666,0.292,0.868,944.612,,64.091,0,,-1,-1,,,-1,50,50,0,0,1,109.786,86.11,-23.676
P000,Day,76.201,39.805,1,E_Red_R,Practice,Expected,Amber,Left,116.005,39.768,0.209,0.868,947.533,,63.951,0,,-1,-1,,,-1,50,50,0,0,1,109.786,86.11,-23.676
P000,Day,76.201,39.902,1,E_Red_R,Practice,Expected,Amber,Left,116.103,39.866,0.12,0.868,950.324,,63.886,0,,-1,-1,,,-1,50,50,0,0,1,109.786,86.11,-23.676
P000,Day,76.201,40.006,1,E_Red_R,Practice,Expected,Amber,Left,116.206,39.969,0.038,0.868,953.27,,63.76,0,,-1,-1,,,-1,50,50,0,0,1,109.786,86.11,-23.676
P000,Day,76.201,40.101,1,E_Red_R,Practice,Expected,Amber,Left,116.301,40.064,-0.036,0.868,955.976,,63.692,0,,-1,-1,,,-1,50,50,0,0,1,109.786,86.11,-23.676
P000,Day,76.201,40.21,1,E_Red_R,Practice,Expected,Amber,Left,116.41,40.173,-0.125,0.868,959.032,,63.62,0,,-1,-1,,,-1,50,50,0,0,1,109.786,86.11,-23.676
P000,Day,76.201,40.305,1,E_Red_R,Practice,Expected,Amber,Left,116.506,40.268,-0.208,0.868,961.777,,63.569,0,,-1,-1,,,-1,50,50,0,0,1,109.786,86.11,-23.676
P000,Day,76.201,40.405,1,E_Red_R,Practice,Expected,Amber,Left,116.605,40.368,-0.284,0.868,964.559,,63.45,0,,-1,-1,,,-1,50,50,0,0,1,109.786,86.11,-23.676
P000,Day,76.201,40.505,1,E_Red_R,Practice,Expected,Amber,Left,116.705,40.468,-0.336,0.868,967.442,,63.365,0,,-1,-1,,,-1,50,50,0,0,1,109.786,86.11,-23.676
P000,Day,76.201,40.601,1,E_Red_R,Practice,Expected,Amber,Left,116.802,40.564,-0.377,0.868,970.182,,63.299,0,,-1,-1,,,-1,50,50,0,0,1,109.786,86.11,-23.676
P000,Day,76.201,40.702,1,E_Red_R,Practice,Expected,Amber,Left,116.903,40.665,-0.406,0.868,973.03,,63.23,0,,-1,-1,,,-1,50,50,0,0,1,109.786,86.11,-23.676
P000,Day,76.201,40.803,1,E_Red_R,Practice,Expected,Amber,Left,117.004,40.766,-0.417,0.868,975.881,,63.159,0,,-1,-1,,,-1,50,50,0,0,1,109.786,86.11,-23.676
P000,Day,76.201,40.903,1,E_Red_R,Practice,Expected,Amber,Left,117.104,40.867,-0.409,0.868,978.719,,63.088,0,,-1,-1,,,-1,50,50,0,0,1,109.786,86.11,-23.676
P000,Day,76.201,41.003,1,E_Red_R,Practice,Expected,Amber,Left,117.204,40.966,-0.382,0.868,981.524,,63.018,0,,-1,-1,,,-1,50,50,0,0,1,109.786,86.11,-23.676
P000,Day,76.201,41.108,1,E_Red_R,Practice,Expected,Amber,Left,117.308,41.071,-0.337,0.868,984.433,,62.938,0,,-1,-1,,,-1,50,50,0,0,1,109.786,86.11,-23.676
P000,Day,76.201,41.21,1,E_Red_R,Practice,Expected,Amber,Left,117.41,41.173,-0.276,0.868,987.305,,62.91,0,,-1,-1,,,-1,50,50,0,0,1,109.786,86.11,-23.676
P000,Day,76.201,41.31,1,E_Red_R,Practice,Expected,Amber,Left,117.51,41.273,-0.204,0.868,990.101,,63.306,0,,-1,-1,,,-1,50,50,0,0,1,109.786,86.11,-23.676
P000,Day,76.201,41.409,1,E_Red_R,Practice,Expected,Amber,Left,117.61,41.372,-0.118,0.868,992.939,,63.582,0,,-1,-1,,,-1,50,50,0,0,1,109.786,86.11,-23.676
P000,Day,76.201,41.508,1,E_Red_R,Practice,Expected,Amber,Left,117.709,41.472,-0.022,0.868,995.758,,63.607,0,,-1,-1,,,-1,50,50,0,0,1,109.786,86.11,-23.676
P000,Day,76.201,41.6,1,E_Red_R,Practice,Expected,Amber,Left,117.801,41.564,0.074,0.868,998.368,,63.586,0,,-1,-1,,,-1,50,50,0,0,1,109.786,86.11,-23.676
P000,Day,76.201,41.704,1,E_Red_R,Practice,Expected,Amber,Left,117.905,41.668,0.192,0.868,1001.372,,63.916,0,,-1,-1,,,-1,50,50,0,0,1,109.786,86.11,-23.676
P000,Day,76.201,41.802,1,E_Red_R,Practice,Expected,Amber,Left,118.002,41.765,0.308,0.868,1004.157,,64.098,0,,-1,-1,,,-1,50,50,0,0,1,109.786,86.11,-23.676
P000,Day,76.201,41.902,1,E_Red_R,Practice,Expected,Amber,Left,118.103,41.865,0.432,0.868,1007.023,,64.101,0,,-1,-1,,,-1,50,50,0,0,1,109.786,86.11,-23.676
P000,Day,76.201,42,1,E_Red_R,Practice,Expected,Amber,Left,118.201,41.964,0.558,0.868,1009.813,,64.058,0,,-1,-1,,,-1,50,50,0,0,1,109.786,86.11,-23.676
P000,Day,76.201,42.103,1,E_Red_R,Practice,Expected,Amber,Left,118.303,42.066,0.69,0.868,1012.763,,63.968,0,,-1,-1,,,-1,50,50,0,0,1,109.786,86.11,-23.676
P000,Day,76.201,42.203,1,E_Red_R,Practice,Expected,Amber,Left,118.403,42.166,0.782,0.868,1015.622,,63.803,0,,-1,-1,,,-1,50,50,0,0,1,109.786,86.11,-23.676
P000,Day,76.201,42.301,1,E_Red_R,Practice,Expected,Amber,Left,118.501,42.264,0.849,0.868,1018.378,,63.735,0,,-1,-1,,,-1,50,50,0,0,1,109.786,86.11,-23.676
P000,Day,76.201,42.4,1,E_Red_R,Practice,Expected,Amber,Left,118.601,42.363,0.903,0.868,1021.21,,63.662,0,,-1,-1,,,-1,50,50,0,0,1,109.786,86.11,-23.676
P000,Day,76.201,42.503,1,E_Red_R,Practice,Expected,Amber,Left,118.704,42.466,0.938,0.868,1024.177,,63.564,0,,-1,-1,,,-1,50,50,0,0,1,109.786,86.11,-23.676
P000,Day,76.201,42.609,1,E_Red_R,Practice,Expected,Amber,Left,118.81,42.572,0.97,0.868,1027.142,,63.449,0,,-1,-1,,,-1,50,50,0,0,1,109.786,86.11,-23.676
P000,Day,76.201,42.705,1,E_Red_R,Practice,Expected,Amber,Left,118.906,42.668,0.977,0.868,1029.908,,63.386,0,,-1,-1,,,-1,50,50,0,0,1,109.786,86.11,-23.676
P000,Day,76.201,42.81,1,E_Red_R,Practice,Expected,Amber,Left,119.01,42.773,0.951,0.868,1032.829,,63.182,0,,-1,-1,,,-1,50,50,0,0,1,109.786,86.11,-23.676
P000,Day,76.201,42.91,1,E_Red_R,Practice,Expected,Amber,Left,119.111,42.874,0.886,0.868,1035.668,,63.107,0,,-1,-1,,,-1,50,50,0,0,1,109.786,86.11,-23.676
P000,Day,76.201,43,1,E_Red_R,Practice,Expected,Amber,Left,119.201,42.963,0.815,0.868,1038.197,,63.046,0,,-1,-1,,,-1,50,50,0,0,1,109.786,86.11,-23.676
P000,Day,76.201,43.111,1,E_Red_R,Practice,Expected,Amber,Left,119.312,43.075,0.705,0.868,1041.326,,62.949,0,,-1,-1,,,-1,50,50,0,0,1,109.786,86.11,-23.676
P000,Day,76.201,43.202,1,E_Red_R,Practice,Expected,Amber,Left,119.402,43.165,0.619,0.868,1043.906,,62.84,0,,-1,-1,,,-1,50,50,0,0,1,109.786,86.11,-23.676
P000,Day,76.201,43.303,1,E_Red_R,Practice,Expected,Amber,Left,119.504,43.267,0.533,0.868,1046.762,,62.759,0,,-1,-1,,,-1,50,50,0,0,1,109.786,86.11,-23.676
P000,Day,76.201,43.4,1,E_Red_R,Practice,Expected,Amber,Left,119.601,43.364,0.443,0.868,1049.48,,62.697,0,,-1,-1,,,-1,50,50,0,0,1,109.786,86.11,-23.676
P000,Day,76.201,43.512,1,E_Red_R,Practice,Expected,Amber,Left,119.712,43.475,0.344,0.868,1052.559,,62.626,0,,-1,-1,,,-1,50,50,0,0,1,109.786,86.11,-23.676
P000,Day,76.201,43.609,1,E_Red_R,Practice,Expected,Amber,Left,119.81,43.573,0.263,0.868,1055.295,,62.563,0,,-1,-1,,,-1,50,50,0,0,1,109.786,86.11,-23.676
P000,Day,76.201,43.71,1,E_Red_R,Practice,Expected,Amber,Left,119.911,43.674,0.192,0.868,1058.102,,62.498,0,,-1,-1,,,-1,50,50,0,0,1,109.786,86.11,-23.676
P000,Day,76.201,43.801,1,E_Red_R,Practice,Expected,Amber,Left,120.001,43.764,0.14,0.868,1060.639,,62.444,0,,-1,-1,,,-1,50,50,0,0,1,109.786,86.11,-23.676
P000,Day,76.201,43.912,1,E_Red_R,Practice,Expected,Amber,Left,120.112,43.875,0.091,0.868,1063.724,,62.368,0,,-1,-1,,,-1,50,50,0,0,1,109.786,86.11,-23.676
P000,Day,76.201,44.001,1,E_Red_R,Practice,Expected,Amber,Left,120.202,43.964,0.063,0.868,1066.261,,62.314,0,,-1,-1,,,-1,50,50,0,0,1,109.786,86.11,-23.676
P000,Day,76.201,44.11,1,E_Red_R,Practice,Expected,Amber,Left,120.311,44.073,0.042,0.868,1069.261,,62.24,0,,-1,-1,,,-1,50,50,0,0,1,109.786,86.11,-23.676
P000,Day,76.201,44.212,1,E_Red_R,Practice,Expected,Amber,Left,120.412,44.175,0.033,0.868,1072.085,,62.177,0,,-1,-1,,,-1,50,50,0,0,1,109.786,86.11,-23.676
P000,Day,76.201,44.301,1,E_Red_R,Practice,Expected,Amber,Left,120.502,44.264,0.034,0.868,1074.559,,62.134,0,,-1,-1,,,-1,50,50,0,0,1,109.786,86.11,-23.676
P000,Day,76.201,44.403,1,E_Red_R,Practice,Expected,Amber,Left,120.603,44.366,0.042,0.868,1077.364,,61.753,0,,-1,-1,,,-1,50,50,0,0,1,109.786,86.11,-23.676
P000,Day,76.201,44.508,1,E_Red_R,Practice,Expected,Amber,Left,120.709,44.471,0.058,0.868,1080.271,,61.004,0,,-1,-1,,,-1,50,50,0,0,1,109.786,86.11,-23.676
P000,Day,76.201,44.605,1,E_Red_R,Practice,Expected,Amber,Left,120.806,44.568,0.079,0.868,1082.941,,60.431,0,,-1,-1,,,-1,50,50,0,0,1,109.786,86.11,-23.676
P000,Day,76.201,44.704,1,E_Red_R,Practice,Expected,Amber,Left,120.905,44.667,0.104,0.868,1085.595,,59.735,0,,-1,-1,,,-1,50,50,0,0,1,109.786,86.11,-23.676
P000,Day,76.201,44.809,1,E_Red_R,Practice,Expected,Amber,Left,121.01,44.773,0.135,0.868,1088.346,,58.921,0,,-1,-1,,,-1,50,50,0,0,1,109.786,86.11,-23.676
P000,Day,76.201,44.912,1,E_Red_R,Practice,Expected,Amber,Left,121.112,44.875,0.169,0.868,1091.029,,58.224,0,,-1,-1,,,-1,50,50,0,0,1,109.786,86.11,-23.676
P000,Day,76.201,45.004,1,E_Red_R,Practice,Expected,Amber,Left,121.205,44.967,0.19,0.868,1093.465,,57.577,0,,-1,-1,,,-1,50,50,0,0,1,109.786,86.11,-23.676
P000,Day,76.201,45.106,1,E_Red_R,Practice,Expected,Amber,Left,121.307,45.069,0.177,0.868,1096.066,,56.823,0,,-1,-1,,,-1,50,50,0,0,1,109.786,86.11,-23.676
P000,Day,76.201,45.202,1,E_Red_R,Practice,Expected,Amber,Left,121.403,45.165,0.158,0.868,1098.491,,56.122,0,,-1,-1,,,-1,50,50,0,0,1,109.786,86.11,-23.676
P000,Day,76.201,45.31,1,E_Red_R,Practice,Expected,Amber,Left,121.511,45.274,0.122,0.868,1101.149,,55.299,0,,-1,-1,,,-1,50,50,0,0,1,109.786,86.11,-23.676
P000,Day,76.201,45.408,1,E_Red_R,Practice,Expected,Amber,Left,121.609,45.372,0.092,0.868,1103.558,,54.531,0,,-1,-1,,,-1,50,50,0,0,1,109.786,86.11,-23.676
P000,Day,76.201,45.509,1,E_Red_R,Practice,Expected,Amber,Left,121.71,45.473,0.066,0.868,1106.009,,53.82,0,,-1,-1,,,-1,50,50,0,0,1,109.786,86.11,-23.676
P000,Day,76.201,45.6,1,E_Red_R,Practice,Expected,Amber,Left,121.8,45.563,0.032,0.868,1108.169,,53.303,0,,-1,-1,,,-1,50,50,0,0,1,109.786,86.11,-23.676
P000,Day,76.201,45.709,1,E_Red_R,Practice,Expected,Amber,Left,121.91,45.672,-0.014,0.868,1110.763,,53.091,0,,-1,-1,,,-1,50,50,0,0,1,109.786,86.11,-23.676
P000,Day,76.201,45.808,1,E_Red_R,Practice,Expected,Amber,Left,122.009,45.772,-0.056,0.868,1113.129,,53.019,0,,-1,-1,,,-1,50,50,0,0,1,109.786,86.11,-23.676
P000,Day,76.201,45.909,1,E_Red_R,Practice,Expected,Amber,Left,122.109,45.872,-0.096,0.868,1115.5,,52.95,0,,-1,-1,,,-1,50,50,0,0,1,109.786,86.11,-23.676
P000,Day,76.201,46.005,1,E_Red_R,Practice,Expected,Amber,Left,122.205,45.968,-0.131,0.868,1117.795,,52.557,0,,-1,-1,,,-1,50,50,0,0,1,109.786,86.11,-23.676
P000,Day,76.201,46.102,1,E_Red_R,Practice,Expected,Amber,Left,122.303,46.066,-0.161,0.868,1120.076,,51.9,0,,-1,-1,,,-1,50,50,0,0,1,109.786,86.11,-23.676
P000,Day,76.201,46.2,1,E_Red_R,Practice,Expected,Amber,Left,122.401,46.164,-0.186,0.868,1122.334,,51.209,0,,-1,-1,,,-1,50,50,0,0,1,109.786,86.11,-23.676
P000,Day,76.201,46.305,1,E_Red_R,Practice,Expected,Amber,Left,122.506,46.268,-0.209,0.868,1124.71,,50.514,0,,-1,-1,,,-1,50,50,0,0,1,109.786,86.11,-23.676
P000,Day,76.201,46.404,1,E_Red_R,Practice,Expected,Amber,Left,122.605,46.368,-0.225,0.868,1126.935,,49.818,0,,-1,-1,,,-1,50,50,0,0,1,109.786,86.11,-23.676
P000,Day,76.201,46.505,1,E_Red_R,Practice,Expected,Amber,Left,122.706,46.469,-0.239,0.868,1129.167,,49.123,0,,-1,-1,,,-1,50,50,0,0,1,109.786,86.11,-23.676
P000,Day,76.201,46.61,1,E_Red_R,Practice,Expected,Amber,Left,122.811,46.573,-0.249,0.868,1131.396,,48.312,0,,-1,-1,,,-1,50,50,0,0,1,109.786,86.11,-23.676
P000,Day,76.201,46.71,1,E_Red_R,Practice,Expected,Amber,Left,122.911,46.674,-0.256,0.868,1133.579,,47.617,0,,-1,-1,,,-1,50,50,0,0,1,109.786,86.11,-23.676
P000,Day,76.201,46.8,1,E_Red_R,Practice,Expected,Amber,Left,123.001,46.764,-0.26,0.868,1135.483,,47.038,0,,-1,-1,,,-1,50,50,0,0,1,109.786,86.11,-23.676
P000,Day,76.201,46.905,1,E_Red_R,Practice,Expected,Amber,Left,123.106,46.868,-0.264,0.868,1137.685,,46.344,0,,-1,-1,,,-1,50,50,0,0,1,109.786,86.11,-23.676
P000,Day,76.201,47.009,1,E_Red_R,Practice,Expected,Amber,Left,123.21,46.972,-0.265,0.868,1139.799,,45.534,0,,-1,-1,,,-1,50,50,0,0,1,109.786,86.11,-23.676
P000,Day,76.201,47.11,1,E_Red_R,Practice,Expected,Amber,Left,123.311,47.074,-0.266,0.868,1141.851,,44.995,0,,-1,-1,,,-1,50,50,0,0,1,109.786,86.11,-23.676
P000,Day,76.201,47.208,1,E_Red_R,Practice,Expected,Amber,Left,123.409,47.171,-0.265,0.868,1143.811,,44.875,0,,-1,-1,,,-1,50,50,0,0,1,109.786,86.11,-23.676
P000,Day,76.201,47.308,1,E_Red_R,Practice,Expected,Amber,Left,123.509,47.272,-0.264,0.868,1145.812,,45.09,0,,-1,-1,,,-1,50,50,0,0,1,109.786,86.11,-23.676
P000,Day,76.201,47.409,1,E_Red_R,Practice,Expected,Amber,Left,123.61,47.372,-0.261,0.868,1147.863,,45.689,0,,-1,-1,,,-1,50,50,0,0,1,109.786,86.11,-23.676
P000,Day,76.201,47.506,1,E_Red_R,Practice,Expected,Amber,Left,123.706,47.469,-0.259,0.868,1149.876,,46.232,0,,-1,-1,,,-1,50,50,0,0,1,109.786,86.11,-23.676
P000,Day,76.201,47.605,1,E_Red_R,Practice,Expected,Amber,Left,123.805,47.568,-0.256,0.868,1151.939,,46.892,0,,-1,-1,,,-1,50,50,0,0,1,109.786,86.11,-23.676
P000,Day,76.201,47.702,1,E_Red_R,Practice,Expected,Amber,Left,123.902,47.665,-0.252,0.868,1153.983,,47.553,0,,-1,-1,,,-1,50,50,0,0,1,109.786,86.11,-23.676
P000,Day,76.201,47.802,1,E_Red_R,Practice,Expected,Amber,Left,124.002,47.765,-0.249,0.868,1156.126,,48.215,0,,-1,-1,,,-1,50,50,0,0,1,109.786,86.11,-23.676
P000,Day,76.201,47.91,1,E_Red_R,Practice,Expected,Amber,Left,124.11,47.873,-0.244,0.868,1158.441,,48.986,0,,-1,-1,,,-1,50,50,0,0,1,109.786,86.11,-23.676
P000,Day,76.201,48.011,1,E_Red_R,Practice,Expected,Amber,Left,124.212,47.975,-0.24,0.868,1160.687,,49.648,0,,-1,-1,,,-1,50,50,0,0,1,109.786,86.11,-23.676
P000,Day,76.201,48.1,1,E_Red_R,Practice,Expected,Amber,Left,124.301,48.063,-0.236,0.868,1162.665,,50.198,0,,-1,-1,,,-1,50,50,0,0,1,109.786,86.11,-23.676
P000,Day,76.201,48.205,1,E_Red_R,Practice,Expected,Amber,Left,124.406,48.169,-0.232,0.868,1165.074,,50.859,0,,-1,-1,,,-1,50,50,0,0,1,109.786,86.11,-23.676
P000,Day,76.201,48.307,1,E_Red_R,Practice,Expected,Amber,Left,124.508,48.271,-0.227,0.868,1167.384,,51.63,0,,-1,-1,,,-1,50,50,0,0,1,109.786,86.11,-23.676
P000,Day,76.201,48.402,1,E_Red_R,Practice,Expected,Amber,Left,124.602,48.365,-0.223,0.868,1169.561,,52.181,0,,-1,-1,,,-1,50,50,0,0,1,109.786,86.11,-23.676
P000,Day,76.201,48.501,1,E_Red_R,Practice,Expected,Amber,Left,124.702,48.464,-0.219,0.868,1171.896,,52.498,0,,-1,-1,,,-1,50,50,0,0,1,109.786,86.11,-23.676
P000,Day,76.201,48.6,1,E_Red_R,Practice,Expected,Amber,Left,124.801,48.563,-0.214,0.868,1174.216,,52.518,0,,-1,-1,,,-1,50,50,0,0,1,109.786,86.11,-23.676
P000,Day,76.201,48.709,1,E_Red_R,Practice,Expected,Amber,Left,124.909,48.672,-0.21,0.868,1176.768,,52.476,0,,-1,-1,,,-1,50,50,0,0,1,109.786,86.11,-23.676
P000,Day,76.201,48.805,1,E_Red_R,Practice,Expected,Amber,Left,125.006,48.769,-0.205,0.868,1179.065,,52.437,0,,-1,-1,,,-1,50,50,0,0,1,109.786,86.11,-23.676
P000,Day,76.201,48.907,1,E_Red_R,Practice,Expected,Amber,Left,125.108,48.871,-0.197,0.868,1181.43,,52.324,0,,-1,-1,,,-1,50,50,0,0,1,109.786,86.11,-23.676
P000,Day,76.201,49.011,1,E_Red_R,Practice,Expected,Amber,Left,125.212,48.974,-0.161,0.868,1183.852,,52.25,0,,-1,-1,,,-1,50,50,0,0,1,109.786,86.11,-23.676
P000,Day,76.201,49.108,1,E_Red_R,Practice,Expected,Amber,Left,125.309,49.072,-0.124,0.868,1186.114,,52.198,0,,-1,-1,,,-1,50,50,0,0,1,109.786,86.11,-23.676
P000,Day,76.201,49.209,1,E_Red_R,Practice,Expected,Amber,Left,125.41,49.173,-0.077,0.868,1188.468,,52.027,0,,-1,-1,,,-1,50,50,0,0,1,109.786,86.11,-23.676
P000,Day,76.201,49.306,1,E_Red_R,Practice,Expected,Amber,Left,125.507,49.269,-0.021,0.868,1190.743,,51.54,0,,-1,-1,,,-1,50,50,0,0,1,109.786,86.11,-23.676
P000,Day,76.201,49.408,1,E_Red_R,Practice,Expected,Amber,Left,125.608,49.371,0.046,0.868,1193.041,,50.743,0,,-1,-1,,,-1,50,50,0,0,1,109.786,86.11,-23.676
P000,Day,76.201,49.508,1,E_Red_R,Practice,Expected,Amber,Left,125.709,49.471,0.104,0.868,1195.299,,49.967,0,,-1,-1,,,-1,50,50,0,0,1,109.786,86.11,-23.676
P000,Day,76.201,49.61,1,E_Red_R,Practice,Expected,Amber,Left,125.811,49.573,0.14,0.868,1197.561,,49.252,0,,-1,-1,,,-1,50,50,0,0,1,109.786,86.11,-23.676
P000,Day,76.201,49.709,1,E_Red_R,Practice,Expected,Amber,Left,125.91,49.672,0.177,0.868,1199.72,,48.556,0,,-1,-1,,,-1,50,50,0,0,1,109.786,86.11,-23.676
P000,Day,76.201,49.808,1,E_Red_R,Practice,Expected,Amber,Left,126.008,49.771,0.207,0.868,1201.857,,47.859,0,,-1,-1,,,-1,50,50,0,0,1,109.786,86.11,-23.676
P000,Day,76.201,49.903,1,E_Red_R,Practice,Expected,Amber,Left,126.104,49.867,0.228,0.868,1203.917,,47.277,0,,-1,-1,,,-1,50,50,0,0,1,109.786,86.11,-23.676
P000,Day,76.201,50.009,1,E_Red_R,Practice,Expected,Amber,Left,126.21,49.972,0.237,0.868,1206.101,,46.461,0,,-1,-1,,,-1,50,50,0,0,1,109.786,86.11,-23.676
P000,Day,76.201,50.105,1,E_Red_R,Practice,Expected,Amber,Left,126.306,50.068,0.234,0.868,1208.118,,45.879,0,,-1,-1,,,-1,50,50,0,0,1,109.786,86.11,-23.676
P000,Day,76.201,50.206,1,E_Red_R,Practice,Expected,Amber,Left,126.407,50.169,0.22,0.868,1210.169,,45.174,0,,-1,-1,,,-1,50,50,0,0,1,109.786,86.11,-23.676
P000,Day,76.201,50.304,1,E_Red_R,Practice,Expected,Amber,Left,126.505,50.267,0.198,0.868,1212.137,,44.909,0,,-1,-1,,,-1,50,50,0,0,1,109.786,86.11,-23.676
P000,Day,76.201,50.405,1,E_Red_R,Practice,Expected,Amber,Left,126.606,50.368,0.175,0.868,1214.163,,44.789,0,,-1,-1,,,-1,50,50,0,0,1,109.786,86.11,-23.676
P000,Day,76.201,50.509,1,E_Red_R,Practice,Expected,Amber,Left,126.71,50.473,0.18,0.868,1216.215,,44.687,0,,-1,-1,,,-1,50,50,0,0,1,109.786,86.11,-23.676
P000,Day,76.201,50.608,1,E_Red_R,Practice,Expected,Amber,Left,126.808,50.571,0.184,0.868,1218.183,,44.642,0,,-1,-1,,,-1,50,50,0,0,1,109.786,86.11,-23.676
P000,Day,76.201,50.701,1,E_Red_R,Practice,Expected,Amber,Left,126.901,50.664,0.193,0.868,1220.066,,44.605,0,,-1,-1,,,-1,50,50,0,0,1,109.786,86.11,-23.676
P000,Day,76.201,50.803,1,E_Red_R,Practice,Expected,Amber,Left,127.004,50.766,0.212,0.868,1222.102,,44.559,0,,-1,-1,,,-1,50,50,0,0,1,109.786,86.11,-23.676
P000,Day,76.201,50.911,1,E_Red_R,Practice,Expected,Amber,Left,127.111,50.874,0.245,0.868,1224.226,,44.432,0,,-1,-1,,,-1,50,50,0,0,1,109.786,86.11,-23.676
P000,Day,76.201,51.002,1,E_Red_R,Practice,Expected,Amber,Left,127.202,50.965,0.281,0.868,1226.02,,43.95,0,,-1,-1,,,-1,50,50,0,0,1,109.786,86.11,-23.676
P000,Day,76.201,51.108,1,E_Red_R,Practice,Expected,Amber,Left,127.308,51.071,0.333,0.868,1228.096,,43.59,0,,-1,-1,,,-1,50,50,0,0,1,109.786,86.11,-23.676
P000,Day,76.201,51.208,1,E_Red_R,Practice,Expected,Amber,Left,127.409,51.171,0.39,0.868,1230.038,,43.091,0,,-1,-1,,,-1,50,50,0,0,1,109.786,86.11,-23.676
P000,Day,76.201,51.31,1,E_Red_R,Practice,Expected,Amber,Left,127.511,51.274,0.45,0.868,1232,,42.706,0,,-1,-1,,,-1,50,50,0,0,1,109.786,86.11,-23.676
P000,Day,76.201,51.4,1,E_Red_R,Practice,Expected,Amber,Left,127.601,51.363,0.481,0.868,1233.734,,42.607,0,,-1,-1,,,-1,50,50,0,0,1,109.786,86.11,-23.676
P000,Day,76.201,51.502,1,E_Red_R,Practice,Expected,Amber,Left,127.703,51.465,0.517,0.868,1235.672,,42.564,0,,-1,-1,,,-1,50,50,0,0,1,109.786,86.11,-23.676
P000,Day,76.201,51.608,1,E_Red_R,Practice,Expected,Amber,Left,127.809,51.571,0.55,0.868,1237.658,,42.066,0,,-1,-1,,,-1,50,50,0,0,1,109.786,86.11,-23.676
P000,Day,76.201,51.708,1,E_Red_R,Practice,Expected,Amber,Left,127.909,51.672,0.575,0.868,1239.539,,41.785,0,,-1,-1,,,-1,50,50,0,0,1,109.786,86.11,-23.676
P000,Day,76.201,51.799,1,E_Red_R,Practice,Expected,Amber,Left,128,51.763,0.59,0.868,1241.233,,41.282,0,,-1,-1,,,-1,50,50,0,0,1,109.786,86.11,-23.676
P000,Day,76.201,51.901,1,E_Red_R,Practice,Expected,Amber,Left,128.101,51.864,0.611,0.868,1243.116,,41.055,0,,-1,-1,,,-1,50,50,0,0,1,109.786,86.11,-23.676
P000,Day,76.201,52.001,1,E_Red_R,Practice,Expected,Amber,Left,128.202,51.964,0.654,0.868,1244.953,,40.969,0,,-1,-1,,,-1,50,50,0,0,1,109.786,86.11,-23.676
P000,Day,76.201,52.102,1,E_Red_R,Practice,Expected,Amber,Left,128.303,52.066,0.695,0.868,1246.777,,40.927,0,,-1,-1,,,-1,50,50,0,0,1,109.786,86.11,-23.676
P000,Day,76.201,52.203,1,E_Red_R,Practice,Expected,Amber,Left,128.404,52.166,0.715,0.868,1248.651,,40.803,0,,-1,-1,,,-1,50,50,0,0,1,109.786,86.11,-23.676
P000,Day,76.201,52.301,1,E_Red_R,Practice,Expected,Amber,Left,128.501,52.264,0.729,0.868,1250.428,,40.758,0,,-1,-1,,,-1,50,50,0,0,1,109.786,86.11,-23.676
P000,Day,76.201,52.401,1,E_Red_R,Practice,Expected,Amber,Left,128.602,52.364,0.747,0.868,1252.25,,40.561,0,,-1,-1,,,-1,50,50,0,0,1,109.786,86.11,-23.676
P000,Day,76.201,52.502,1,E_Red_R,Practice,Expected,Amber,Left,128.703,52.465,0.765,0.868,1254.069,,39.953,0,,-1,-1,,,-1,50,50,0,0,1,109.786,86.11,-23.676
P000,Day,76.201,52.611,1,E_Red_R,Practice,Expected,Amber,Left,128.812,52.575,0.781,0.868,1255.988,,39.781,0,,-1,-1,,,-1,50,50,0,0,1,109.786,86.11,-23.676
P000,Day,76.201,52.702,1,E_Red_R,Practice,Expected,Amber,Left,128.902,52.665,0.792,0.868,1257.625,,39.935,0,,-1,-1,,,-1,50,50,0,0,1,109.786,86.11,-23.676
P000,Day,76.201,52.803,1,E_Red_R,Practice,Expected,Amber,Left,129.004,52.766,0.8,0.868,1259.443,,40.336,0,,-1,-1,,,-1,50,50,0,0,1,109.786,86.11,-23.676
P000,Day,76.201,52.909,1,E_Red_R,Practice,Expected,Amber,Left,129.11,52.872,0.806,0.868,1261.346,,40.743,0,,-1,-1,,,-1,50,50,0,0,1,109.786,86.11,-23.676
P000,Day,76.201,53.002,1,E_Red_R,Practice,Expected,Amber,Left,129.202,52.965,0.809,0.868,1263.036,,41.159,0,,-1,-1,,,-1,50,50,0,0,1,109.786,86.11,-23.676
P000,Day,76.201,53.103,1,E_Red_R,Practice,Expected,Amber,Left,129.304,53.066,0.809,0.868,1264.932,,41.603,0,,-1,-1,,,-1,50,50,0,0,1,109.786,86.11,-23.676
P000,Day,76.201,53.208,1,E_Red_R,Practice,Expected,Amber,Left,129.409,53.172,0.799,0.868,1266.884,,42.233,0,,-1,-1,,,-1,50,50,0,0,1,109.786,86.11,-23.676
P000,Day,76.201,53.309,1,E_Red_R,Practice,Expected,Amber,Left,129.51,53.273,0.748,0.868,1268.793,,42.292,0,,-1,-1,,,-1,50,50,0,0,1,109.786,86.11,-23.676
P000,Day,76.201,53.406,1,E_Red_R,Practice,Expected,Amber,Left,129.606,53.369,0.69,0.868,1270.639,,42.274,0,,-1,-1,,,-1,50,50,0,0,1,109.786,86.11,-23.676
P000,Day,76.201,53.502,1,E_Red_R,Practice,Expected,Amber,Left,129.703,53.465,0.622,0.868,1272.457,,42.233,0,,-1,-1,,,-1,50,50,0,0,1,109.786,86.11,-23.676
P000,Day,76.201,53.61,1,E_Red_R,Practice,Expected,Amber,Left,129.811,53.574,0.531,0.868,1274.476,,42.178,0,,-1,-1,,,-1,50,50,0,0,1,109.786,86.11,-23.676
P000,Day,76.201,53.709,1,E_Red_R,Practice,Expected,Amber,Left,129.91,53.673,0.432,0.868,1276.333,,42.131,0,,-1,-1,,,-1,50,50,0,0,1,109.786,86.11,-23.676
P000,Day,76.201,53.806,1,E_Red_R,Practice,Expected,Amber,Left,130.007,53.769,0.321,0.868,1278.175,,42.093,0,,-1,-1,,,-1,50,50,0,0,1,109.786,86.11,-23.676
P000,Day,76.201,53.905,1,E_Red_R,Practice,Expected,Amber,Left,130.106,53.868,0.21,0.868,1280.035,,41.995,0,,-1,-1,,,-1,50,50,0,0,1,109.786,86.11,-23.676
P000,Day,76.201,54.006,1,E_Red_R,Practice,Expected,Amber,Left,130.207,53.969,0.117,0.868,1281.924,,41.924,0,,-1,-1,,,-1,50,50,0,0,1,109.786,86.11,-23.676
P000,Day,76.201,54.106,1,E_Red_R,Practice,Expected,Amber,Left,130.306,54.069,0.021,0.868,1283.787,,41.883,0,,-1,-1,,,-1,50,50,0,0,1,109.786,86.11,-23.676
P000,Day,76.201,54.211,1,E_Red_R,Practice,Expected,Amber,Left,130.412,54.174,-0.046,0.868,1285.734,,41.722,0,,-1,-1,,,-1,50,50,0,0,1,109.786,86.11,-23.676
P000,Day,76.201,54.31,1,E_Red_R,Practice,Expected,Amber,Left,130.511,54.273,-0.087,0.868,1287.584,,41.676,0,,-1,-1,,,-1,50,50,0,0,1,109.786,86.11,-23.676
P000,Day,76.201,54.409,1,E_Red_R,Practice,Expected,Amber,Left,130.61,54.372,-0.114,0.868,1289.422,,41.627,0,,-1,-1,,,-1,50,50,0,0,1,109.786,86.11,-23.676
P000,Day,76.201,54.512,1,E_Red_R,Practice,Expected,Amber,Left,130.712,54.475,-0.122,0.868,1291.33,,41.621,0,,-1,-1,,,-1,50,50,0,0,1,109.786,86.11,-23.676
P000,Day,76.201,54.616,1,E_Red_R,Practice,Expected,Amber,Left,130.817,54.58,-0.111,0.868,1293.281,,42.121,0,,-1,-1,,,-1,50,50,0,0,1,109.786,86.11,-23.676
P000,Day,76.201,54.709,1,E_Red_R,Practice,Expected,Amber,Left,130.91,54.673,-0.084,0.868,1295.051,,42.379,0,,-1,-1,,,-1,50,50,0,0,1,109.786,86.11,-23.676
P000,Day,76.201,54.811,1,E_Red_R,Practice,Expected,Amber,Left,131.012,54.774,-0.041,0.868,1296.977,,42.371,0,,-1,-1,,,-1,50,50,0,0,1,109.786,86.11,-23.676
P000,Day,76.201,54.911,1,E_Red_R,Practice,Expected,Amber,Left,131.111,54.874,-0.009,0.868,1298.855,,42.254,0,,-1,-1,,,-1,50,50,0,0,1,109.786,86.11,-23.676
P000,Day,76.201,55.012,1,E_Red_R,Practice,Expected,Amber,Left,131.212,54.975,0.004,0.868,1300.766,,42.197,0,,-1,-1,,,-1,50,50,0,0,1,109.786,86.11,-23.676
P000,Day,76.201,55.101,1,E_Red_R,Practice,Expected,Amber,Left,131.302,55.064,0.017,0.868,1302.47,,42.27,0,,-1,-1,,,-1,50,50,0,0,1,109.786,86.11,-23.676
P000,Day,76.201,55.201,1,E_Red_R,Practice,Expected,Amber,Left,131.402,55.165,0.028,0.868,1304.38,,42.634,0,,-1,-1,,,-1,50,50,0,0,1,109.786,86.11,-23.676
P000,Day,76.201,55.304,1,E_Red_R,Practice,Expected,Amber,Left,131.505,55.267,0.029,0.868,1306.335,,42.657,0,,-1,-1,,,-1,50,50,0,0,1,109.786,86.11,-23.676
P000,Day,76.201,55.403,1,E_Red_R,Practice,Expected,Amber,Left,131.604,55.366,0.045,0.868,1308.218,,42.542,0,,-1,-1,,,-1,50,50,0,0,1,109.786,86.11,-23.676
P000,Day,76.201,55.511,1,E_Red_R,Practice,Expected,Amber,Left,131.712,55.475,0.079,0.868,1310.249,,42.478,0,,-1,-1,,,-1,50,50,0,0,1,109.786,86.11,-23.676
P000,Day,76.201,55.61,1,E_Red_R,Practice,Expected,Amber,Left,131.81,55.573,0.107,0.868,1312.122,,42.436,0,,-1,-1,,,-1,50,50,0,0,1,109.786,86.11,-23.676
P000,Day,76.201,55.705,1,E_Red_R,Practice,Expected,Amber,Left,131.906,55.669,0.138,0.868,1313.963,,42.402,0,,-1,-1,,,-1,50,50,0,0,1,109.786,86.11,-23.676
P000,Day,76.201,55.811,1,E_Red_R,Practice,Expected,Amber,Left,132.012,55.774,0.18,0.868,1315.942,,42.729,0,,-1,-1,,,-1,50,50,0,0,1,109.786,86.11,-23.676
P000,Day,76.201,55.901,1,E_Red_R,Practice,Expected,Amber,Left,132.102,55.865,0.218,0.868,1317.701,,43.2,0,,-1,-1,,,-1,50,50,0,0,1,109.786,86.11,-23.676
P000,Day,76.201,56.006,1,E_Red_R,Practice,Expected,Amber,Left,132.206,55.969,0.241,0.868,1319.734,,43.822,0,,-1,-1,,,-1,50,50,0,0,1,109.786,86.11,-23.676
P000,Day,76.201,56.106,1,E_Red_R,Practice,Expected,Amber,Left,132.306,56.069,0.268,0.868,1321.711,,44.482,0,,-1,-1,,,-1,50,50,0,0,1,109.786,86.11,-23.676
P000,Day,76.201,56.205,1,E_Red_R,Practice,Expected,Amber,Left,132.406,56.168,0.293,0.868,1323.698,,45.143,0,,-1,-1,,,-1,50,50,0,0,1,109.786,86.11,-23.676
P000,Day,76.201,56.305,1,E_Red_R,Practice,Expected,Amber,Left,132.506,56.269,0.314,0.868,1325.746,,45.804,0,,-1,-1,,,-1,50,50,0,0,1,109.786,86.11,-23.676
P000,Day,76.201,56.405,1,E_Red_R,Practice,Expected,Amber,Left,132.606,56.368,0.328,0.868,1327.796,,46.465,0,,-1,-1,,,-1,50,50,0,0,1,109.786,86.11,-23.676
P000,Day,76.201,56.504,1,E_Red_R,Practice,Expected,Amber,Left,132.705,56.467,0.334,0.868,1329.873,,47.125,0,,-1,-1,,,-1,50,50,0,0,1,109.786,86.11,-23.676
P000,Day,76.201,56.601,1,E_Red_R,Practice,Expected,Amber,Left,132.802,56.565,0.334,0.868,1331.943,,47.785,0,,-1,-1,,,-1,50,50,0,0,1,109.786,86.11,-23.676
P000,Day,76.201,56.703,1,E_Red_R,Practice,Expected,Amber,Left,132.904,56.667,0.328,0.868,1334.133,,48.403,0,,-1,-1,,,-1,50,50,0,0,1,109.786,86.11,-23.676
P000,Day,76.201,56.813,1,E_Red_R,Practice,Expected,Amber,Left,133.014,56.776,0.337,0.868,1336.478,,48.465,0,,-1,-1,,,-1,50,50,0,0,1,109.786,86.11,-23.676
P000,Day,76.201,56.905,1,E_Red_R,Practice,Expected,Amber,Left,133.106,56.868,0.358,0.868,1338.498,,48.446,0,,-1,-1,,,-1,50,50,0,0,1,109.786,86.11,-23.676
P000,Day,76.201,57.003,1,E_Red_R,Practice,Expected,Amber,Left,133.203,56.966,0.382,0.868,1340.614,,48.404,0,,-1,-1,,,-1,50,50,0,0,1,109.786,86.11,-23.676
P000,Day,76.201,57.101,1,E_Red_R,Practice,Expected,Amber,Left,133.301,57.064,0.413,0.868,1342.737,,48.357,0,,-1,-1,,,-1,50,50,0,0,1,109.786,86.11,-23.676
P000,Day,76.201,57.211,1,E_Red_R,Practice,Expected,Amber,Left,133.411,57.174,0.458,0.868,1345.087,,48.299,0,,-1,-1,,,-1,50,50,0,0,1,109.786,86.11,-23.676
P000,Day,76.201,57.305,1,E_Red_R,Practice,Expected,Amber,Left,133.506,57.268,0.508,0.868,1347.148,,48.257,0,,-1,-1,,,-1,50,50,0,0,1,109.786,86.11,-23.676
P000,Day,76.201,57.405,1,E_Red_R,Practice,Expected,Amber,Left,133.605,57.368,0.571,0.868,1349.297,,48.208,0,,-1,-1,,,-1,50,50,0,0,1,109.786,86.11,-23.676
P000,Day,76.201,57.505,1,E_Red_R,Practice,Expected,Amber,Left,133.705,57.468,0.643,0.868,1351.449,,48.166,0,,-1,-1,,,-1,50,50,0,0,1,109.786,86.11,-23.676
P000,Day,76.201,57.624,1,E_Red_R,Practice,Expected,Amber,Left,133.825,57.587,0.735,0.868,1353.981,,48.633,0,,-1,-1,,,-1,50,50,0,0,1,109.786,86.11,-23.676
P000,Day,76.201,57.706,1,E_Red_R,Practice,Expected,Amber,Left,133.906,57.669,0.777,0.868,1355.817,,49.088,0,,-1,-1,,,-1,50,50,0,0,1,109.786,86.11,-23.676
P000,Day,76.201,57.804,1,E_Red_R,Practice,Expected,Amber,Left,134.005,57.767,0.822,0.868,1357.972,,49.291,0,,-1,-1,,,-1,50,50,0,0,1,109.786,86.11,-23.676
P000,Day,76.201,57.903,1,E_Red_R,Practice,Expected,Amber,Left,134.104,57.867,0.864,0.868,1360.171,,49.286,0,,-1,-1,,,-1,50,50,0,0,1,109.786,86.11,-23.676
P000,Day,76.201,58.004,1,E_Red_R,Practice,Expected,Amber,Left,134.205,57.967,0.896,0.868,1362.38,,49.227,0,,-1,-1,,,-1,50,50,0,0,1,109.786,86.11,-23.676
P000,Day,76.201,58.106,1,E_Red_R,Practice,Expected,Amber,Left,134.306,58.069,0.914,0.868,1364.605,,48.71,0,,-1,-1,,,-1,50,50,0,0,1,109.786,86.11,-23.676
P000,Day,76.201,58.208,1,E_Red_R,Practice,Expected,Amber,Left,134.408,58.171,0.919,0.868,1366.787,,47.915,0,,-1,-1,,,-1,50,50,0,0,1,109.786,86.11,-23.676
P000,Day,76.201,58.304,1,E_Red_R,Practice,Expected,Amber,Left,134.505,58.268,0.912,0.868,1368.873,,47.334,0,,-1,-1,,,-1,50,50,0,0,1,109.786,86.11,-23.676
P000,Day,76.201,58.408,1,E_Red_R,Practice,Expected,Amber,Left,134.609,58.371,0.894,0.868,1371.021,,46.52,0,,-1,-1,,,-1,50,50,0,0,1,109.786,86.11,-23.676
P000,Day,76.201,58.51,1,E_Red_R,Practice,Expected,Amber,Left,134.711,58.474,0.866,0.868,1373.138,,45.823,0,,-1,-1,,,-1,50,50,0,0,1,109.786,86.11,-23.676
P000,Day,76.201,58.601,1,E_Red_R,Practice,Expected,Amber,Left,134.801,58.564,0.835,0.868,1374.962,,45.243,0,,-1,-1,,,-1,50,50,0,0,1,109.786,86.11,-23.676
P000,Day,76.201,58.706,1,E_Red_R,Practice,Expected,Amber,Left,134.906,58.669,0.792,0.868,1377.102,,44.547,0,,-1,-1,,,-1,50,50,0,0,1,109.786,86.11,-23.676
P000,Day,76.201,58.809,1,E_Red_R,Practice,Expected,Amber,Left,135.01,58.773,0.747,0.868,1379.12,,43.737,0,,-1,-1,,,-1,50,50,0,0,1,109.786,86.11,-23.676
P000,Day,76.201,58.911,1,E_Red_R,Practice,Expected,Amber,Left,135.112,58.874,0.698,0.868,1381.099,,43.043,0,,-1,-1,,,-1,50,50,0,0,1,109.786,86.11,-23.676
P000,Day,76.201,59.009,1,E_Red_R,Practice,Expected,Amber,Left,135.21,58.973,0.649,0.868,1382.969,,42.349,0,,-1,-1,,,-1,50,50,0,0,1,109.786,86.11,-23.676
P000,Day,76.201,59.111,1,E_Red_R,Practice,Expected,Amber,Left,135.312,59.075,0.595,0.868,1384.889,,41.656,0,,-1,-1,,,-1,50,50,0,0,1,109.786,86.11,-23.676
P000,Day,76.201,59.203,1,E_Red_R,Practice,Expected,Amber,Left,135.404,59.167,0.546,0.868,1386.612,,41.078,0,,-1,-1,,,-1,50,50,0,0,1,109.786,86.11,-23.676
P000,Day,76.201,59.306,1,E_Red_R,Practice,Expected,Amber,Left,135.507,59.269,0.491,0.868,1388.478,,40.385,0,,-1,-1,,,-1,50,50,0,0,1,109.786,86.11,-23.676
P000,Day,76.201,59.409,1,E_Red_R,Practice,Expected,Amber,Left,135.61,59.372,0.437,0.868,1390.297,,39.576,0,,-1,-1,,,-1,50,50,0,0,1,109.786,86.11,-23.676
P000,Day,76.201,59.503,1,E_Red_R,Practice,Expected,Amber,Left,135.703,59.466,0.386,0.868,1391.961,,38.999,0,,-1,-1,,,-1,50,50,0,0,1,109.786,86.11,-23.676
P000,Day,76.201,59.601,1,E_Red_R,Practice,Expected,Amber,Left,135.801,59.564,0.351,0.868,1393.634,,38.222,0,,-1,-1,,,-1,50,50,0,0,1,109.786,86.11,-23.676
P000,Day,76.201,59.701,1,E_Red_R,Practice,Expected,Amber,Left,135.901,59.664,0.332,0.868,1395.346,,37.524,0,,-1,-1,,,-1,50,50,0,0,1,109.786,86.11,-23.676
P000,Day,76.201,59.723,1,E_Red_R,Practice,Expected,Amber,Left,135.924,59.686,0.33,0.868,1395.52,,37.408,1,TrialEnd,135.924,59.686,,,-1,50,50,0,0,1,109.786,86.11,-23.676
P000,Day,76.201,59.808,1,E_Red_R,Practice,Expected,Amber,Left,136.009,59.771,0.33,0.868,1395.52,,37.408,1,TrialEnd,135.924,59.686,,,-1,50,50,0,0,1,109.786,86.11,-23.676
P000,Day,76.201,59.906,1,E_Red_R,Practice,Expected,Amber,Left,136.107,59.869,0.33,0.868,1395.52,,37.408,1,TrialEnd,135.924,59.686,,,-1,50,50,0,0,1,109.786,86.11,-23.676
P000,Day,76.201,60.001,1,E_Red_R,Practice,Expected,Amber,Left,136.202,59.964,0.33,0.868,1395.52,,37.408,1,TrialEnd,135.924,59.686,,,-1,50,50,0,0,1,109.786,86.11,-23.676
P000,Day,76.201,60.106,1,E_Red_R,Practice,Expected,Amber,Left,136.307,60.07,0.33,0.868,1395.52,,37.408,1,TrialEnd,135.924,59.686,,,-1,50,50,0,0,1,109.786,86.11,-23.676
P000,Day,76.201,60.207,1,E_Red_R,Practice,Expected,Amber,Left,136.408,60.171,0.33,0.868,1395.52,,37.408,1,TrialEnd,135.924,59.686,,,-1,50,50,0,0,1,109.786,86.11,-23.676
P000,Day,76.201,60.309,1,E_Red_R,Practice,Expected,Amber,Left,136.509,60.272,0.33,0.868,1395.52,,37.408,1,TrialEnd,135.924,59.686,,,-1,50,50,0,0,1,109.786,86.11,-23.676
P000,Day,76.201,60.407,1,E_Red_R,Practice,Expected,Amber,Left,136.608,60.37,0.33,0.868,1395.52,,37.408,1,TrialEnd,135.924,59.686,,,-1,50,50,0,0,1,109.786,86.11,-23.676
P000,Day,76.201,60.5,1,E_Red_R,Practice,Expected,Amber,Left,136.7,60.463,0.33,0.868,1395.52,,37.408,1,TrialEnd,135.924,59.686,,,-1,50,50,0,0,1,109.786,86.11,-23.676
P000,Day,76.201,60.6,1,E_Red_R,Practice,Expected,Amber,Left,136.801,60.564,0.33,0.868,1395.52,,37.408,1,TrialEnd,135.924,59.686,,,-1,50,50,0,0,1,109.786,86.11,-23.676
P000,Day,76.201,60.7,1,E_Red_R,Practice,Expected,Amber,Left,136.901,60.663,0.33,0.868,1395.52,,37.408,1,TrialEnd,135.924,59.686,,,-1,50,50,0,0,1,109.786,86.11,-23.676
P000,Day,76.201,60.8,1,E_Red_R,Practice,Expected,Amber,Left,137.001,60.763,0.33,0.868,1395.52,,37.408,1,TrialEnd,135.924,59.686,,,-1,50,50,0,0,1,109.786,86.11,-23.676
P000,Day,76.201,60.899,1,E_Red_R,Practice,Expected,Amber,Left,137.1,60.862,0.33,0.868,1395.52,,37.408,1,TrialEnd,135.924,59.686,,,-1,50,50,0,0,1,109.786,86.11,-23.676
P000,Day,76.201,61.002,1,E_Red_R,Practice,Expected,Amber,Left,137.203,60.966,0.33,0.868,1395.52,,37.408,1,TrialEnd,135.924,59.686,,,-1,50,50,0,0,1,109.786,86.11,-23.676
P000,Day,76.201,61.108,1,E_Red_R,Practice,Expected,Amber,Left,137.308,61.071,0.33,0.868,1395.52,,37.408,1,TrialEnd,135.924,59.686,,,-1,50,50,0,0,1,109.786,86.11,-23.676
P000,Day,76.201,61.208,1,E_Red_R,Practice,Expected,Amber,Left,137.409,61.171,0.33,0.868,1395.52,,37.408,1,TrialEnd,135.924,59.686,,,-1,50,50,0,0,1,109.786,86.11,-23.676
P000,Day,76.201,61.308,1,E_Red_R,Practice,Expected,Amber,Left,137.509,61.271,0.33,0.868,1395.52,,37.408,1,TrialEnd,135.924,59.686,,,-1,50,50,0,0,1,109.786,86.11,-23.676
P000,Day,76.201,61.407,1,E_Red_R,Practice,Expected,Amber,Left,137.608,61.37,0.33,0.868,1395.52,,37.408,1,TrialEnd,135.924,59.686,,,-1,50,50,0,0,1,109.786,86.11,-23.676
P000,Day,76.201,61.508,1,E_Red_R,Practice,Expected,Amber,Left,137.708,61.471,0.33,0.868,1395.52,,37.408,1,TrialEnd,135.924,59.686,,,-1,50,50,0,0,1,109.786,86.11,-23.676
P000,Day,76.201,61.599,1,E_Red_R,Practice,Expected,Amber,Left,137.8,61.563,0.33,0.868,1395.52,,37.408,1,TrialEnd,135.924,59.686,,,-1,50,50,0,0,1,109.786,86.11,-23.676
P000,Day,76.201,61.706,1,E_Red_R,Practice,Expected,Amber,Left,137.907,61.669,0.33,0.868,1395.52,,37.408,1,TrialEnd,135.924,59.686,,,-1,50,50,0,0,1,109.786,86.11,-23.676
P000,Day,76.201,61.806,1,E_Red_R,Practice,Expected,Amber,Left,138.007,61.77,0.33,0.868,1395.52,,37.408,1,TrialEnd,135.924,59.686,,,-1,50,50,0,0,1,109.786,86.11,-23.676
P000,Day,76.201,61.908,1,E_Red_R,Practice,Expected,Amber,Left,138.109,61.872,0.33,0.868,1395.52,,37.408,1,TrialEnd,135.924,59.686,,,-1,50,50,0,0,1,109.786,86.11,-23.676
P000,Day,76.201,62.01,1,E_Red_R,Practice,Expected,Amber,Left,138.21,61.973,0.33,0.868,1395.52,,37.408,1,TrialEnd,135.924,59.686,,,-1,50,50,0,0,1,109.786,86.11,-23.676
P000,Day,76.201,62.104,1,E_Red_R,Practice,Expected,Amber,Left,138.305,62.067,0.33,0.868,1395.52,,37.408,1,TrialEnd,135.924,59.686,,,-1,50,50,0,0,1,109.786,86.11,-23.676
P000,Day,76.201,62.203,1,E_Red_R,Practice,Expected,Amber,Left,138.404,62.166,0.33,0.868,1395.52,,37.408,1,TrialEnd,135.924,59.686,,,-1,50,50,0,0,1,109.786,86.11,-23.676
P000,Day,76.201,62.304,1,E_Red_R,Practice,Expected,Amber,Left,138.505,62.267,0.33,0.868,1395.52,,37.408,1,TrialEnd,135.924,59.686,,,-1,50,50,0,0,1,109.786,86.11,-23.676
P000,Day,76.201,62.404,1,E_Red_R,Practice,Expected,Amber,Left,138.604,62.367,0.33,0.868,1395.52,,37.408,1,TrialEnd,135.924,59.686,,,-1,50,50,0,0,1,109.786,86.11,-23.676
P000,Day,76.201,62.502,1,E_Red_R,Practice,Expected,Amber,Left,138.703,62.465,0.33,0.868,1395.52,,37.408,1,TrialEnd,135.924,59.686,,,-1,50,50,0,0,1,109.786,86.11,-23.676
P000,Day,76.201,62.609,1,E_Red_R,Practice,Expected,Amber,Left,138.81,62.573,0.33,0.868,1395.52,,37.408,1,TrialEnd,135.924,59.686,,,-1,50,50,0,0,1,109.786,86.11,-23.676
P000,Day,76.201,62.71,1,E_Red_R,Practice,Expected,Amber,Left,138.911,62.673,0.33,0.868,1395.52,,37.408,1,TrialEnd,135.924,59.686,,,-1,50,50,0,0,1,109.786,86.11,-23.676
P000,Day,76.201,62.808,1,E_Red_R,Practice,Expected,Amber,Left,139.009,62.771,0.33,0.868,1395.52,,37.408,1,TrialEnd,135.924,59.686,,,-1,50,50,0,0,1,109.786,86.11,-23.676
P000,Day,76.201,62.904,1,E_Red_R,Practice,Expected,Amber,Left,139.105,62.868,0.33,0.868,1395.52,,37.408,1,TrialEnd,135.924,59.686,,,-1,50,50,0,0,1,109.786,86.11,-23.676
P000,Day,76.201,63.003,1,E_Red_R,Practice,Expected,Amber,Left,139.203,62.966,0.33,0.868,1395.52,,37.408,1,TrialEnd,135.924,59.686,,,-1,50,50,0,0,1,109.786,86.11,-23.676
P000,Day,76.201,63.103,1,E_Red_R,Practice,Expected,Amber,Left,139.304,63.066,0.33,0.868,1395.52,,37.408,1,TrialEnd,135.924,59.686,,,-1,50,50,0,0,1,109.786,86.11,-23.676
P000,Day,76.201,63.203,1,E_Red_R,Practice,Expected,Amber,Left,139.403,63.166,0.33,0.868,1395.52,,37.408,1,TrialEnd,135.924,59.686,,,-1,50,50,0,0,1,109.786,86.11,-23.676
P000,Day,76.201,63.299,1,E_Red_R,Practice,Expected,Amber,Left,139.5,63.263,0.33,0.868,1395.52,,37.408,1,TrialEnd,135.924,59.686,,,-1,50,50,0,0,1,109.786,86.11,-23.676
P000,Day,76.201,63.409,1,E_Red_R,Practice,Expected,Amber,Left,139.61,63.372,0.33,0.868,1395.52,,37.408,1,TrialEnd,135.924,59.686,,,-1,50,50,0,0,1,109.786,86.11,-23.676
P000,Day,76.201,63.507,1,E_Red_R,Practice,Expected,Amber,Left,139.708,63.47,0.33,0.868,1395.52,,37.408,1,TrialEnd,135.924,59.686,,,-1,50,50,0,0,1,109.786,86.11,-23.676
P000,Day,76.201,63.609,1,E_Red_R,Practice,Expected,Amber,Left,139.809,63.572,0.33,0.868,1395.52,,37.408,1,TrialEnd,135.924,59.686,,,-1,50,50,0,0,1,109.786,86.11,-23.676
P000,Day,76.201,63.707,1,E_Red_R,Practice,Expected,Amber,Left,139.908,63.67,0.33,0.868,1395.52,,37.408,1,TrialEnd,135.924,59.686,,,-1,50,50,0,0,1,109.786,86.11,-23.676
P000,Day,76.201,63.8,1,E_Red_R,Practice,Expected,Amber,Left,140.001,63.763,0.33,0.868,1395.52,,37.408,1,TrialEnd,135.924,59.686,,,-1,50,50,0,0,1,109.786,86.11,-23.676
P000,Day,76.201,63.833,1,E_Red_R,Practice,Expected,Amber,Left,140.034,63.797,0.33,0.868,1395.52,,37.408,1,TrialEnd,135.924,59.686,Red,0,4.11,50,50,0,0,1,109.786,86.11,-23.676
P000,Day,76.201,63.905,1,E_Red_R,Practice,Expected,Amber,Left,140.105,63.868,0.33,0.868,1395.52,,37.408,1,TrialEnd,135.924,59.686,Red,0,4.11,50,50,0,0,1,109.786,86.11,-23.676
P000,Day,76.201,64.007,1,E_Red_R,Practice,Expected,Amber,Left,140.208,63.97,0.33,0.868,1395.52,,37.408,1,TrialEnd,135.924,59.686,Red,0,4.11,50,50,0,0,1,109.786,86.11,-23.676
P000,Day,76.201,64.109,1,E_Red_R,Practice,Expected,Amber,Left,140.31,64.073,0.33,0.868,1395.52,,37.408,1,TrialEnd,135.924,59.686,Red,0,4.11,50,50,0,0,1,109.786,86.11,-23.676
P000,Day,76.201,64.202,1,E_Red_R,Practice,Expected,Amber,Left,140.403,64.166,0.33,0.868,1395.52,,37.408,1,TrialEnd,135.924,59.686,Red,0,4.11,50,50,0,0,1,109.786,86.11,-23.676
P000,Day,76.201,64.303,1,E_Red_R,Practice,Expected,Amber,Left,140.504,64.267,0.33,0.868,1395.52,,37.408,1,TrialEnd,135.924,59.686,Red,0,4.11,50,50,0,0,1,109.786,86.11,-23.676
P000,Day,76.201,64.402,1,E_Red_R,Practice,Expected,Amber,Left,140.603,64.365,0.33,0.868,1395.52,,37.408,1,TrialEnd,135.924,59.686,Red,0,4.11,50,50,0,0,1,109.786,86.11,-23.676
P000,Day,76.201,64.509,1,E_Red_R,Practice,Expected,Amber,Left,140.71,64.472,0.33,0.868,1395.52,,37.408,1,TrialEnd,135.924,59.686,Red,0,4.11,50,50,0,0,1,109.786,86.11,-23.676
P000,Day,76.201,64.608,1,E_Red_R,Practice,Expected,Amber,Left,140.809,64.571,0.33,0.868,1395.52,,37.408,1,TrialEnd,135.924,59.686,Red,0,4.11,50,50,0,0,1,109.786,86.11,-23.676
P000,Day,76.201,64.701,1,E_Red_R,Practice,Expected,Amber,Left,140.902,64.664,0.33,0.868,1395.52,,37.408,1,TrialEnd,135.924,59.686,Red,0,4.11,50,50,0,0,1,109.786,86.11,-23.676
P000,Day,76.201,64.804,1,E_Red_R,Practice,Expected,Amber,Left,141.004,64.767,0.33,0.868,1395.52,,37.408,1,TrialEnd,135.924,59.686,Red,0,4.11,50,50,0,0,1,109.786,86.11,-23.676
P000,Day,76.201,64.903,1,E_Red_R,Practice,Expected,Amber,Left,141.104,64.867,0.33,0.868,1395.52,,37.408,1,TrialEnd,135.924,59.686,Red,0,4.11,50,50,0,0,1,109.786,86.11,-23.676
P000,Day,76.201,65.005,1,E_Red_R,Practice,Expected,Amber,Left,141.205,64.968,0.33,0.868,1395.52,,37.408,1,TrialEnd,135.924,59.686,Red,0,4.11,50,50,0,0,1,109.786,86.11,-23.676
P000,Day,76.201,65.107,1,E_Red_R,Practice,Expected,Amber,Left,141.308,65.07,0.33,0.868,1395.52,,37.408,1,TrialEnd,135.924,59.686,Red,0,4.11,50,50,0,0,1,109.786,86.11,-23.676
P000,Day,76.201,65.202,1,E_Red_R,Practice,Expected,Amber,Left,141.403,65.165,0.33,0.868,1395.52,,37.408,1,TrialEnd,135.924,59.686,Red,0,4.11,50,50,0,0,1,109.786,86.11,-23.676
P000,Day,76.201,65.304,1,E_Red_R,Practice,Expected,Amber,Left,141.504,65.267,0.33,0.868,1395.52,,37.408,1,TrialEnd,135.924,59.686,Red,0,4.11,50,50,0,0,1,109.786,86.11,-23.676
P000,Day,76.201,65.403,1,E_Red_R,Practice,Expected,Amber,Left,141.603,65.366,0.33,0.868,1395.52,,37.408,1,TrialEnd,135.924,59.686,Red,0,4.11,50,50,0,0,1,109.786,86.11,-23.676
P000,Day,76.201,65.502,1,E_Red_R,Practice,Expected,Amber,Left,141.702,65.465,0.33,0.868,1395.52,,37.408,1,TrialEnd,135.924,59.686,Red,0,4.11,50,50,0,0,1,109.786,86.11,-23.676
P000,Day,76.201,65.602,1,E_Red_R,Practice,Expected,Amber,Left,141.802,65.565,0.33,0.868,1395.52,,37.408,1,TrialEnd,135.924,59.686,Red,0,4.11,50,50,0,0,1,109.786,86.11,-23.676
P000,Day,76.201,65.706,1,E_Red_R,Practice,Expected,Amber,Left,141.907,65.669,0.33,0.868,1395.52,,37.408,1,TrialEnd,135.924,59.686,Red,0,4.11,50,50,0,0,1,109.786,86.11,-23.676
P000,Day,76.201,65.805,1,E_Red_R,Practice,Expected,Amber,Left,142.006,65.769,0.33,0.868,1395.52,,37.408,1,TrialEnd,135.924,59.686,Red,0,4.11,50,50,0,0,1,109.786,86.11,-23.676
P000,Day,76.201,65.905,1,E_Red_R,Practice,Expected,Amber,Left,142.106,65.868,0.33,0.868,1395.52,,37.408,1,TrialEnd,135.924,59.686,Red,0,4.11,50,50,0,0,1,109.786,86.11,-23.676
P000,Day,76.201,66.005,1,E_Red_R,Practice,Expected,Amber,Left,142.206,65.968,0.33,0.868,1395.52,,37.408,1,TrialEnd,135.924,59.686,Red,0,4.11,50,50,0,0,1,109.786,86.11,-23.676
P000,Day,76.201,66.104,1,E_Red_R,Practice,Expected,Amber,Left,142.305,66.067,0.33,0.868,1395.52,,37.408,1,TrialEnd,135.924,59.686,Red,0,4.11,50,50,0,0,1,109.786,86.11,-23.676
P000,Day,76.201,66.206,1,E_Red_R,Practice,Expected,Amber,Left,142.407,66.169,0.33,0.868,1395.52,,37.408,1,TrialEnd,135.924,59.686,Red,0,4.11,50,50,0,0,1,109.786,86.11,-23.676
P000,Day,76.201,66.308,1,E_Red_R,Practice,Expected,Amber,Left,142.509,66.271,0.33,0.868,1395.52,,37.408,1,TrialEnd,135.924,59.686,Red,0,4.11,50,50,0,0,1,109.786,86.11,-23.676
P000,Day,76.201,66.408,1,E_Red_R,Practice,Expected,Amber,Left,142.609,66.372,0.33,0.868,1395.52,,37.408,1,TrialEnd,135.924,59.686,Red,0,4.11,50,50,0,0,1,109.786,86.11,-23.676
P000,Day,76.201,66.5,1,E_Red_R,Practice,Expected,Amber,Left,142.7,66.463,0.33,0.868,1395.52,,37.408,1,TrialEnd,135.924,59.686,Red,0,4.11,50,50,0,0,1,109.786,86.11,-23.676
P000,Day,76.201,66.599,1,E_Red_R,Practice,Expected,Amber,Left,142.8,66.563,0.33,0.868,1395.52,,37.408,1,TrialEnd,135.924,59.686,Red,0,4.11,50,50,0,0,1,109.786,86.11,-23.676
P000,Day,76.201,66.701,1,E_Red_R,Practice,Expected,Amber,Left,142.902,66.665,0.33,0.868,1395.52,,37.408,1,TrialEnd,135.924,59.686,Red,0,4.11,50,50,0,0,1,109.786,86.11,-23.676
P000,Day,76.201,66.806,1,E_Red_R,Practice,Expected,Amber,Left,143.007,66.77,0.33,0.868,1395.52,,37.408,1,TrialEnd,135.924,59.686,Red,0,4.11,50,50,0,0,1,109.786,86.11,-23.676
P000,Day,76.201,66.907,1,E_Red_R,Practice,Expected,Amber,Left,143.108,66.871,0.33,0.868,1395.52,,37.408,1,TrialEnd,135.924,59.686,Red,0,4.11,50,50,0,0,1,109.786,86.11,-23.676
P000,Day,76.201,67.007,1,E_Red_R,Practice,Expected,Amber,Left,143.208,66.971,0.33,0.868,1395.52,,37.408,1,TrialEnd,135.924,59.686,Red,0,4.11,50,50,0,0,1,109.786,86.11,-23.676
P000,Day,76.201,67.107,1,E_Red_R,Practice,Expected,Amber,Left,143.308,67.07,0.33,0.868,1395.52,,37.408,1,TrialEnd,135.924,59.686,Red,0,4.11,50,50,0,0,1,109.786,86.11,-23.676
P000,Day,76.201,67.209,1,E_Red_R,Practice,Expected,Amber,Left,143.41,67.173,0.33,0.868,1395.52,,37.408,1,TrialEnd,135.924,59.686,Red,0,4.11,50,50,0,0,1,109.786,86.11,-23.676
P000,Day,76.201,67.301,1,E_Red_R,Practice,Expected,Amber,Left,143.502,67.264,0.33,0.868,1395.52,,37.408,1,TrialEnd,135.924,59.686,Red,0,4.11,50,50,0,0,1,109.786,86.11,-23.676
P000,Day,76.201,67.402,1,E_Red_R,Practice,Expected,Amber,Left,143.602,67.365,0.33,0.868,1395.52,,37.408,1,TrialEnd,135.924,59.686,Red,0,4.11,50,50,0,0,1,109.786,86.11,-23.676
P000,Day,76.201,67.502,1,E_Red_R,Practice,Expected,Amber,Left,143.702,67.465,0.33,0.868,1395.52,,37.408,1,TrialEnd,135.924,59.686,Red,0,4.11,50,50,0,0,1,109.786,86.11,-23.676
P000,Day,76.201,67.602,1,E_Red_R,Practice,Expected,Amber,Left,143.802,67.565,0.33,0.868,1395.52,,37.408,1,TrialEnd,135.924,59.686,Red,0,4.11,50,50,0,0,1,109.786,86.11,-23.676
P000,Day,76.201,67.703,1,E_Red_R,Practice,Expected,Amber,Left,143.903,67.666,0.33,0.868,1395.52,,37.408,1,TrialEnd,135.924,59.686,Red,0,4.11,50,50,0,0,1,109.786,86.11,-23.676
P000,Day,76.201,67.806,1,E_Red_R,Practice,Expected,Amber,Left,144.007,67.769,0.33,0.868,1395.52,,37.408,1,TrialEnd,135.924,59.686,Red,0,4.11,50,50,0,0,1,109.786,86.11,-23.676
P000,Day,76.201,67.902,1,E_Red_R,Practice,Expected,Amber,Left,144.102,67.865,0.33,0.868,1395.52,,37.408,1,TrialEnd,135.924,59.686,Red,0,4.11,50,50,0,0,1,109.786,86.11,-23.676
P000,Day,76.201,68,1,E_Red_R,Practice,Expected,Amber,Left,144.201,67.963,0.33,0.868,1395.52,,37.408,1,TrialEnd,135.924,59.686,Red,0,4.11,50,50,0,0,1,109.786,86.11,-23.676
P000,Day,76.201,68.105,1,E_Red_R,Practice,Expected,Amber,Left,144.306,68.068,0.33,0.868,1395.52,,37.408,1,TrialEnd,135.924,59.686,Red,0,4.11,50,50,0,0,1,109.786,86.11,-23.676
P000,Day,76.201,68.211,1,E_Red_R,Practice,Expected,Amber,Left,144.412,68.175,0.33,0.868,1395.52,,37.408,1,TrialEnd,135.924,59.686,Red,0,4.11,50,50,0,0,1,109.786,86.11,-23.676
P000,Day,76.201,68.307,1,E_Red_R,Practice,Expected,Amber,Left,144.507,68.27,0.33,0.868,1395.52,,37.408,1,TrialEnd,135.924,59.686,Red,0,4.11,50,50,0,0,1,109.786,86.11,-23.676
P000,Day,76.201,68.406,1,E_Red_R,Practice,Expected,Amber,Left,144.607,68.369,0.33,0.868,1395.52,,37.408,1,TrialEnd,135.924,59.686,Red,0,4.11,50,50,0,0,1,109.786,86.11,-23.676
P000,Day,76.201,68.507,1,E_Red_R,Practice,Expected,Amber,Left,144.708,68.47,0.33,0.868,1395.52,,37.408,1,TrialEnd,135.924,59.686,Red,0,4.11,50,50,0,0,1,109.786,86.11,-23.676
P000,Day,76.201,68.607,1,E_Red_R,Practice,Expected,Amber,Left,144.807,68.57,0.33,0.868,1395.52,,37.408,1,TrialEnd,135.924,59.686,Red,0,4.11,50,50,0,0,1,109.786,86.11,-23.676
P000,Day,76.201,68.707,1,E_Red_R,Practice,Expected,Amber,Left,144.908,68.67,0.33,0.868,1395.52,,37.408,1,TrialEnd,135.924,59.686,Red,0,4.11,50,50,0,0,1,109.786,86.11,-23.676
P000,Day,76.201,68.808,1,E_Red_R,Practice,Expected,Amber,Left,145.009,68.772,0.33,0.868,1395.52,,37.408,1,TrialEnd,135.924,59.686,Red,0,4.11,50,50,0,0,1,109.786,86.11,-23.676
P000,Day,145.307,0.036,2,U_Red_L,Practice,Unexpected,Red,Right,145.343,0,0,0.933,-0.002,,4.023,0,,-1,-1,,,-1,50,50,0,0,0,,,
P000,Day,145.307,0.082,2,U_Red_L,Practice,Unexpected,Red,Right,145.388,0.046,0,0.933,-0.002,,4.023,0,,-1,-1,,,-1,50,50,0,0,0,,,
P000,Day,145.307,0.095,2,U_Red_L,Practice,Unexpected,Red,Right,145.401,0.059,0,0.895,-0.002,,4.389,0,,-1,-1,,,-1,50,50,0,0,0,,,
P000,Day,145.307,0.105,2,U_Red_L,Practice,Unexpected,Red,Right,145.412,0.069,0,0.876,-0.002,,3.823,0,,-1,-1,,,-1,50,50,0,0,0,,,
P000,Day,145.307,0.196,2,U_Red_L,Practice,Unexpected,Red,Right,145.503,0.16,0,0.845,-0.002,,0.131,0,,-1,-1,,,-1,50,50,0,0,0,,,
P000,Day,145.307,0.302,2,U_Red_L,Practice,Unexpected,Red,Right,145.609,0.266,0,0.855,0.003,,0.479,0,,-1,-1,,,-1,50,50,0,0,0,,,
P000,Day,145.307,0.398,2,U_Red_L,Practice,Unexpected,Red,Right,145.705,0.362,0,0.864,0.035,,1.129,0,,-1,-1,,,-1,50,50,0,0,0,,,
P000,Day,145.307,0.502,2,U_Red_L,Practice,Unexpected,Red,Right,145.808,0.466,0,0.869,0.1,,1.791,0,,-1,-1,,,-1,50,50,0,0,0,,,
P000,Day,145.307,0.597,2,U_Red_L,Practice,Unexpected,Red,Right,145.903,0.561,0,0.871,0.189,,2.35,0,,-1,-1,,,-1,50,50,0,0,0,,,
P000,Day,145.307,0.702,2,U_Red_L,Practice,Unexpected,Red,Right,146.009,0.666,0,0.87,0.318,,3.134,0,,-1,-1,,,-1,50,50,0,0,0,,,
P000,Day,145.307,0.8,2,U_Red_L,Practice,Unexpected,Red,Right,146.107,0.764,0,0.869,0.469,,3.807,0,,-1,-1,,,-1,50,50,0,0,0,,,
P000,Day,145.307,0.902,2,U_Red_L,Practice,Unexpected,Red,Right,146.208,0.866,0,0.868,0.655,,4.479,0,,-1,-1,,,-1,50,50,0,0,0,,,
P000,Day,145.307,1.003,2,U_Red_L,Practice,Unexpected,Red,Right,146.31,0.967,0,0.867,0.872,,5.15,0,,-1,-1,,,-1,50,50,0,0,0,,,
P000,Day,145.307,1.103,2,U_Red_L,Practice,Unexpected,Red,Right,146.409,1.067,0,0.867,1.114,,5.822,0,,-1,-1,,,-1,50,50,0,0,0,,,
P000,Day,145.307,1.194,2,U_Red_L,Practice,Unexpected,Red,Right,146.501,1.158,0,0.867,1.367,,6.381,0,,-1,-1,,,-1,50,50,0,0,0,,,
P000,Day,145.307,1.301,2,U_Red_L,Practice,Unexpected,Red,Right,146.608,1.265,0,0.868,1.69,,7.165,0,,-1,-1,,,-1,50,50,0,0,0,,,
P000,Day,145.307,1.393,2,U_Red_L,Practice,Unexpected,Red,Right,146.7,1.357,0,0.868,1.998,,7.724,0,,-1,-1,,,-1,50,50,0,0,0,,,
P000,Day,145.307,1.501,2,U_Red_L,Practice,Unexpected,Red,Right,146.807,1.465,0,0.868,2.384,,8.507,0,,-1,-1,,,-1,50,50,0,0,0,,,
P000,Day,145.307,1.6,2,U_Red_L,Practice,Unexpected,Red,Right,146.907,1.564,0,0.868,2.777,,9.178,0,,-1,-1,,,-1,50,50,0,0,0,,,
P000,Day,145.307,1.696,2,U_Red_L,Practice,Unexpected,Red,Right,147.003,1.66,0,0.868,3.186,,9.737,0,,-1,-1,,,-1,50,50,0,0,0,,,
P000,Day,145.307,1.796,2,U_Red_L,Practice,Unexpected,Red,Right,147.103,1.761,0,0.868,3.64,,10.408,0,,-1,-1,,,-1,50,50,0,0,0,,,
P000,Day,145.307,1.899,2,U_Red_L,Practice,Unexpected,Red,Right,147.206,1.863,0,0.868,4.133,,11.19,0,,-1,-1,,,-1,50,50,0,0,0,,,
P000,Day,145.307,1.994,2,U_Red_L,Practice,Unexpected,Red,Right,147.301,1.958,0,0.868,4.622,,11.751,0,,-1,-1,,,-1,50,50,0,0,0,,,
P000,Day,145.307,2.099,2,U_Red_L,Practice,Unexpected,Red,Right,147.406,2.063,0,0.869,5.185,,12.533,0,,-1,-1,,,-1,50,50,0,0,0,,,
P000,Day,145.307,2.199,2,U_Red_L,Practice,Unexpected,Red,Right,147.506,2.163,0,0.868,5.764,,13.204,0,,-1,-1,,,-1,50,50,0,0,0,,,
P000,Day,145.307,2.301,2,U_Red_L,Practice,Unexpected,Red,Right,147.608,2.266,0,0.868,6.38,,13.874,0,,-1,-1,,,-1,50,50,0,0,0,,,
P000,Day,145.307,2.401,2,U_Red_L,Practice,Unexpected,Red,Right,147.708,2.365,0,0.868,7.009,,14.543,0,,-1,-1,,,-1,50,50,0,0,0,,,
P000,Day,145.307,2.5,2,U_Red_L,Practice,Unexpected,Red,Right,147.807,2.464,0,0.868,7.666,,15.213,0,,-1,-1,,,-1,50,50,0,0,0,,,
P000,Day,145.307,2.6,2,U_Red_L,Practice,Unexpected,Red,Right,147.906,2.564,0,0.868,8.357,,15.882,0,,-1,-1,,,-1,50,50,0,0,0,,,
P000,Day,145.307,2.7,2,U_Red_L,Practice,Unexpected,Red,Right,148.007,2.664,0,0.868,9.082,,16.551,0,,-1,-1,,,-1,50,50,0,0,0,,,
P000,Day,145.307,2.8,2,U_Red_L,Practice,Unexpected,Red,Right,148.106,2.764,0,0.868,9.832,,17.22,0,,-1,-1,,,-1,50,50,0,0,0,,,
P000,Day,145.307,2.901,2,U_Red_L,Practice,Unexpected,Red,Right,148.208,2.865,0,0.868,10.628,,17.889,0,,-1,-1,,,-1,50,50,0,0,0,,,
P000,Day,145.307,3.003,2,U_Red_L,Practice,Unexpected,Red,Right,148.31,2.967,0,0.868,11.459,,18.557,0,,-1,-1,,,-1,50,50,0,0,0,,,
P000,Day,145.307,3.094,2,U_Red_L,Practice,Unexpected,Red,Right,148.4,3.058,0,0.868,12.227,,19.115,0,,-1,-1,,,-1,50,50,0,0,0,,,
P000,Day,145.307,3.194,2,U_Red_L,Practice,Unexpected,Red,Right,148.501,3.158,0,0.868,13.103,,19.783,0,,-1,-1,,,-1,50,50,0,0,0,,,
P000,Day,145.307,3.303,2,U_Red_L,Practice,Unexpected,Red,Right,148.61,3.267,0,0.868,14.08,,20.563,0,,-1,-1,,,-1,50,50,0,0,0,,,
P000,Day,145.307,3.4,2,U_Red_L,Practice,Unexpected,Red,Right,148.707,3.364,0,0.868,14.986,,21.231,0,,-1,-1,,,-1,50,50,0,0,0,,,
P000,Day,145.307,3.498,2,U_Red_L,Practice,Unexpected,Red,Right,148.805,3.462,0,0.868,15.927,,21.898,0,,-1,-1,,,-1,50,50,0,0,0,,,
P000,Day,145.307,3.596,2,U_Red_L,Practice,Unexpected,Red,Right,148.902,3.56,-0.001,0.868,16.9,,22.455,0,,-1,-1,,,-1,50,50,0,0,0,,,
P000,Day,145.307,3.693,2,U_Red_L,Practice,Unexpected,Red,Right,149,3.658,-0.001,0.868,17.898,,23.122,0,,-1,-1,,,-1,50,50,0,0,0,,,
P000,Day,145.307,3.798,2,U_Red_L,Practice,Unexpected,Red,Right,149.105,3.762,-0.001,0.868,18.993,,23.901,0,,-1,-1,,,-1,50,50,0,0,0,,,
P000,Day,145.307,3.897,2,U_Red_L,Practice,Unexpected,Red,Right,149.203,3.861,-0.001,0.868,20.062,,24.457,0,,-1,-1,,,-1,50,50,0,0,0,,,
P000,Day,145.307,3.999,2,U_Red_L,Practice,Unexpected,Red,Right,149.306,3.964,-0.001,0.868,21.197,,25.235,0,,-1,-1,,,-1,50,50,0,0,0,,,
P000,Day,145.307,4.102,2,U_Red_L,Practice,Unexpected,Red,Right,149.409,4.066,-0.002,0.868,22.363,,25.902,0,,-1,-1,,,-1,50,50,0,0,0,,,
P000,Day,145.307,4.201,2,U_Red_L,Practice,Unexpected,Red,Right,149.508,4.165,-0.002,0.868,23.53,,26.569,0,,-1,-1,,,-1,50,50,0,0,0,,,
P000,Day,145.307,4.302,2,U_Red_L,Practice,Unexpected,Red,Right,149.609,4.266,-0.002,0.868,24.743,,27.236,0,,-1,-1,,,-1,50,50,0,0,0,,,
P000,Day,145.307,4.402,2,U_Red_L,Practice,Unexpected,Red,Right,149.709,4.366,-0.003,0.868,25.975,,27.902,0,,-1,-1,,,-1,50,50,0,0,0,,,
P000,Day,145.307,4.495,2,U_Red_L,Practice,Unexpected,Red,Right,149.802,4.459,-0.003,0.868,27.15,,28.457,0,,-1,-1,,,-1,50,50,0,0,0,,,
P000,Day,145.307,4.595,2,U_Red_L,Practice,Unexpected,Red,Right,149.902,4.559,-0.004,0.868,28.44,,29.123,0,,-1,-1,,,-1,50,50,0,0,0,,,
P000,Day,145.307,4.694,2,U_Red_L,Practice,Unexpected,Red,Right,150.001,4.658,-0.004,0.868,29.751,,29.789,0,,-1,-1,,,-1,50,50,0,0,0,,,
P000,Day,145.307,4.798,2,U_Red_L,Practice,Unexpected,Red,Right,150.105,4.762,-0.005,0.868,31.143,,30.566,0,,-1,-1,,,-1,50,50,0,0,0,,,
P000,Day,145.307,4.899,2,U_Red_L,Practice,Unexpected,Red,Right,150.206,4.863,-0.005,0.868,32.53,,31.232,0,,-1,-1,,,-1,50,50,0,0,0,,,
P000,Day,145.307,4.996,2,U_Red_L,Practice,Unexpected,Red,Right,150.303,4.96,-0.006,0.868,33.911,,31.786,0,,-1,-1,,,-1,50,50,0,0,0,,,
P000,Day,145.307,5.101,2,U_Red_L,Practice,Unexpected,Red,Right,150.408,5.065,-0.007,0.868,35.413,,32.562,0,,-1,-1,,,-1,50,50,0,0,0,,,
P000,Day,145.307,5.199,2,U_Red_L,Practice,Unexpected,Red,Right,150.506,5.163,-0.007,0.868,36.855,,33.228,0,,-1,-1,,,-1,50,50,0,0,0,,,
P000,Day,145.307,5.3,2,U_Red_L,Practice,Unexpected,Red,Right,150.607,5.264,-0.008,0.868,38.363,,33.893,0,,-1,-1,,,-1,50,50,0,0,0,,,
P000,Day,145.307,5.402,2,U_Red_L,Practice,Unexpected,Red,Right,150.709,5.366,-0.009,0.868,39.927,,34.557,0,,-1,-1,,,-1,50,50,0,0,0,,,
P000,Day,145.307,5.504,2,U_Red_L,Practice,Unexpected,Red,Right,150.811,5.468,-0.01,0.868,41.511,,35.222,0,,-1,-1,,,-1,50,50,0,0,0,,,
P000,Day,145.307,5.603,2,U_Red_L,Practice,Unexpected,Red,Right,150.909,5.567,-0.011,0.868,43.076,,35.887,0,,-1,-1,,,-1,50,50,0,0,0,,,
P000,Day,145.307,5.695,2,U_Red_L,Practice,Unexpected,Red,Right,151.002,5.659,-0.012,0.868,44.589,,36.44,0,,-1,-1,,,-1,50,50,0,0,0,,,
P000,Day,145.307,5.799,2,U_Red_L,Practice,Unexpected,Red,Right,151.106,5.763,-0.013,0.868,46.278,,37.215,0,,-1,-1,,,-1,50,50,0,0,0,,,
P000,Day,145.307,5.894,2,U_Red_L,Practice,Unexpected,Red,Right,151.201,5.858,-0.014,0.868,47.887,,37.768,0,,-1,-1,,,-1,50,50,0,0,0,,,
P000,Day,145.307,6.001,2,U_Red_L,Practice,Unexpected,Red,Right,151.307,5.965,-0.015,0.868,49.694,,38.543,0,,-1,-1,,,-1,50,50,0,0,0,,,
P000,Day,145.307,6.095,2,U_Red_L,Practice,Unexpected,Red,Right,151.402,6.059,-0.016,0.868,51.344,,39.096,0,,-1,-1,,,-1,50,50,0,0,0,,,
P000,Day,145.307,6.202,2,U_Red_L,Practice,Unexpected,Red,Right,151.509,6.166,-0.017,0.868,53.216,,39.87,0,,-1,-1,,,-1,50,50,0,0,0,,,
P000,Day,145.307,6.299,2,U_Red_L,Practice,Unexpected,Red,Right,151.606,6.263,-0.019,0.868,54.965,,40.534,0,,-1,-1,,,-1,50,50,0,0,0,,,
P000,Day,145.307,6.395,2,U_Red_L,Practice,Unexpected,Red,Right,151.702,6.359,-0.02,0.868,56.724,,41.086,0,,-1,-1,,,-1,50,50,0,0,0,,,
P000,Day,145.307,6.503,2,U_Red_L,Practice,Unexpected,Red,Right,151.809,6.467,-0.022,0.868,58.709,,41.86,0,,-1,-1,,,-1,50,50,0,0,0,,,
P000,Day,145.307,6.603,2,U_Red_L,Practice,Unexpected,Red,Right,151.909,6.567,-0.023,0.868,60.594,,42.523,0,,-1,-1,,,-1,50,50,0,0,0,,,
P000,Day,145.307,6.7,2,U_Red_L,Practice,Unexpected,Red,Right,152.007,6.664,-0.025,0.868,62.46,,43.186,0,,-1,-1,,,-1,50,50,0,0,0,,,
P000,Day,145.307,6.803,2,U_Red_L,Practice,Unexpected,Red,Right,152.11,6.767,-0.027,0.868,64.458,,43.848,0,,-1,-1,,,-1,50,50,0,0,0,,,
P000,Day,145.307,6.9,2,U_Red_L,Practice,Unexpected,Red,Right,152.207,6.864,-0.029,0.868,66.37,,44.511,0,,-1,-1,,,-1,50,50,0,0,0,,,
P000,Day,145.307,6.999,2,U_Red_L,Practice,Unexpected,Red,Right,152.306,6.963,-0.031,0.868,68.364,,45.173,0,,-1,-1,,,-1,50,50,0,0,0,,,
P000,Day,145.307,7.098,2,U_Red_L,Practice,Unexpected,Red,Right,152.405,7.063,-0.033,0.868,70.38,,45.835,0,,-1,-1,,,-1,50,50,0,0,0,,,
P000,Day,145.307,7.197,2,U_Red_L,Practice,Unexpected,Red,Right,152.504,7.161,-0.035,0.868,72.425,,46.387,0,,-1,-1,,,-1,50,50,0,0,0,,,
P000,Day,145.307,7.297,2,U_Red_L,Practice,Unexpected,Red,Right,152.604,7.261,-0.037,0.868,74.507,,47.048,0,,-1,-1,,,-1,50,50,0,0,0,,,
P000,Day,145.307,7.399,2,U_Red_L,Practice,Unexpected,Red,Right,152.706,7.363,-0.039,0.868,76.667,,47.82,0,,-1,-1,,,-1,50,50,0,0,0,,,
P000,Day,145.307,7.507,2,U_Red_L,Practice,Unexpected,Red,Right,152.814,7.471,-0.042,0.868,78.983,,48.482,0,,-1,-1,,,-1,50,50,0,0,0,,,
P000,Day,145.307,7.6,2,U_Red_L,Practice,Unexpected,Red,Right,152.907,7.564,-0.044,0.868,81.011,,49.143,0,,-1,-1,,,-1,50,50,0,0,0,,,
P000,Day,145.307,7.7,2,U_Red_L,Practice,Unexpected,Red,Right,153.007,7.664,-0.047,0.868,83.231,,49.804,0,,-1,-1,,,-1,50,50,0,0,0,,,
P000,Day,145.307,7.797,2,U_Red_L,Practice,Unexpected,Red,Right,153.104,7.761,-0.049,0.868,85.404,,50.355,0,,-1,-1,,,-1,50,50,0,0,0,,,
P000,Day,145.307,7.9,2,U_Red_L,Practice,Unexpected,Red,Right,153.207,7.864,-0.052,0.868,87.734,,51.126,0,,-1,-1,,,-1,50,50,0,0,0,,,
P000,Day,145.307,8.001,2,U_Red_L,Practice,Unexpected,Red,Right,153.308,7.965,-0.055,0.868,90.055,,51.787,0,,-1,-1,,,-1,50,50,0,0,0,,,
P000,Day,145.307,8.098,2,U_Red_L,Practice,Unexpected,Red,Right,153.405,8.062,-0.058,0.868,92.315,,52.447,0,,-1,-1,,,-1,50,50,0,0,0,,,
P000,Day,145.307,8.201,2,U_Red_L,Practice,Unexpected,Red,Right,153.507,8.165,-0.062,0.868,94.734,,53.108,0,,-1,-1,,,-1,50,50,0,0,0,,,
P000,Day,145.307,8.301,2,U_Red_L,Practice,Unexpected,Red,Right,153.608,8.265,-0.065,0.868,97.13,,53.768,0,,-1,-1,,,-1,50,50,0,0,0,,,
P000,Day,145.307,8.401,2,U_Red_L,Practice,Unexpected,Red,Right,153.708,8.365,-0.069,0.868,99.549,,54.428,0,,-1,-1,,,-1,50,50,0,0,0,,,
P000,Day,145.307,8.501,2,U_Red_L,Practice,Unexpected,Red,Right,153.808,8.465,-0.072,0.868,101.986,,55.088,0,,-1,-1,,,-1,50,50,0,0,0,,,
P000,Day,145.307,8.6,2,U_Red_L,Practice,Unexpected,Red,Right,153.907,8.564,-0.076,0.868,104.447,,55.748,0,,-1,-1,,,-1,50,50,0,0,0,,,
P000,Day,145.307,8.702,2,U_Red_L,Practice,Unexpected,Red,Right,154.009,8.666,-0.08,0.868,106.993,,56.407,0,,-1,-1,,,-1,50,50,0,0,0,,,
P000,Day,145.307,8.802,2,U_Red_L,Practice,Unexpected,Red,Right,154.109,8.766,-0.084,0.868,109.539,,57.067,0,,-1,-1,,,-1,50,50,0,0,0,,,
P000,Day,145.307,8.896,2,U_Red_L,Practice,Unexpected,Red,Right,154.202,8.86,-0.088,0.868,111.95,,57.616,0,,-1,-1,,,-1,50,50,0,0,0,,,
P000,Day,145.307,9.003,2,U_Red_L,Practice,Unexpected,Red,Right,154.31,8.967,-0.092,0.868,114.733,,58.385,0,,-1,-1,,,-1,50,50,0,0,0,,,
P000,Day,145.307,9.099,2,U_Red_L,Practice,Unexpected,Red,Right,154.406,9.063,-0.097,0.868,117.243,,58.952,0,,-1,-1,,,-1,50,50,0,0,0,,,
P000,Day,145.307,9.2,2,U_Red_L,Practice,Unexpected,Red,Right,154.507,9.164,-0.101,0.868,119.913,,59.082,0,,-1,-1,,,-1,50,50,0,0,0,,,
P000,Day,145.307,9.296,2,U_Red_L,Practice,Unexpected,Red,Right,154.603,9.26,-0.106,0.868,122.462,,59.076,0,,-1,-1,,,-1,50,50,0,0,0,,,
P000,Day,145.307,9.402,2,U_Red_L,Practice,Unexpected,Red,Right,154.709,9.366,-0.111,0.868,125.246,,59.026,0,,-1,-1,,,-1,50,50,0,0,0,,,
P000,Day,145.307,9.499,2,U_Red_L,Practice,Unexpected,Red,Right,154.806,9.463,-0.116,0.868,127.796,,58.974,0,,-1,-1,,,-1,50,50,0,0,0,,,
P000,Day,145.307,9.595,2,U_Red_L,Practice,Unexpected,Red,Right,154.902,9.559,-0.12,0.868,130.346,,58.928,0,,-1,-1,,,-1,50,50,0,0,0,,,
P000,Day,145.307,9.695,2,U_Red_L,Practice,Unexpected,Red,Right,155.002,9.659,-0.125,0.868,132.983,,58.911,0,,-1,-1,,,-1,50,50,0,0,0,,,
P000,Day,145.307,9.795,2,U_Red_L,Practice,Unexpected,Red,Right,155.101,9.759,-0.131,0.868,135.609,,59.33,0,,-1,-1,,,-1,50,50,0,0,0,,,
P000,Day,145.307,9.903,2,U_Red_L,Practice,Unexpected,Red,Right,155.21,9.867,-0.136,0.868,138.462,,59.805,0,,-1,-1,,,-1,50,50,0,0,1,,155.21,
P000,Day,145.307,9.999,2,U_Red_L,Practice,Unexpected,Red,Right,155.306,9.963,-0.141,0.868,141.03,,59.856,0,,-1,-1,,,-1,50,50,0,0,1,,155.21,
P000,Day,145.307,10.095,2,U_Red_L,Practice,Unexpected,Red,Right,155.402,10.059,-0.146,0.868,143.635,,59.833,0,,-1,-1,,,-1,50,50,0,0,1,,155.21,
P000,Day,145.307,10.204,2,U_Red_L,Practice,Unexpected,Red,Right,155.51,10.168,-0.152,0.868,146.5,,59.777,0,,-1,-1,,,-1,50,50,0,0,1,,155.21,
P000,Day,145.307,10.299,2,U_Red_L,Practice,Unexpected,Red,Right,155.606,10.263,-0.158,0.868,149.041,,59.722,0,,-1,-1,,,-1,50,50,0,0,1,,155.21,
P000,Day,145.307,10.4,2,U_Red_L,Practice,Unexpected,Red,Right,155.707,10.364,-0.163,0.868,151.743,,59.666,0,,-1,-1,,,-1,50,50,0,0,1,,155.21,
P000,Day,145.307,10.502,2,U_Red_L,Practice,Unexpected,Red,Right,155.809,10.466,-0.169,0.868,154.475,,59.609,0,,-1,-1,,,-1,50,50,0,0,1,,155.21,
P000,Day,145.307,10.595,2,U_Red_L,Practice,Unexpected,Red,Right,155.902,10.559,-0.174,0.868,156.981,,59.562,0,,-1,-1,,,-1,50,50,0,0,1,,155.21,
P000,Day,145.307,10.7,2,U_Red_L,Practice,Unexpected,Red,Right,156.006,10.664,-0.18,0.868,159.725,,59.496,0,,-1,-1,,,-1,50,50,0,0,1,,155.21,
P000,Day,145.307,10.794,2,U_Red_L,Practice,Unexpected,Red,Right,156.101,10.758,-0.185,0.868,162.272,,59.449,0,,-1,-1,,,-1,50,50,0,0,1,,155.21,
P000,Day,145.307,10.902,2,U_Red_L,Practice,Unexpected,Red,Right,156.209,10.866,-0.191,0.868,165.09,,59.382,0,,-1,-1,,,-1,50,50,0,0,1,,155.21,
P000,Day,145.307,10.995,2,U_Red_L,Practice,Unexpected,Red,Right,156.302,10.959,-0.197,0.868,167.607,,59.335,0,,-1,-1,,,-1,50,50,0,0,1,,155.21,
P000,Day,145.307,11.096,2,U_Red_L,Practice,Unexpected,Red,Right,156.403,11.06,-0.202,0.868,170.281,,59.279,0,,-1,-1,,,-1,50,50,0,0,1,,155.21,
P000,Day,145.307,11.2,2,U_Red_L,Practice,Unexpected,Red,Right,156.507,11.164,-0.208,0.868,173.004,,59.213,0,,-1,-1,,,-1,50,50,0,0,1,,155.21,
P000,Day,145.307,11.305,2,U_Red_L,Practice,Unexpected,Red,Right,156.612,11.269,-0.214,0.868,175.776,,59.157,0,,-1,-1,,,-1,50,50,0,0,1,,155.21,
P000,Day,145.307,11.397,2,U_Red_L,Practice,Unexpected,Red,Right,156.704,11.361,-0.219,0.868,178.249,,59.11,0,,-1,-1,,,-1,50,50,0,0,1,,155.21,
P000,Day,145.307,11.502,2,U_Red_L,Practice,Unexpected,Red,Right,156.809,11.466,-0.225,0.868,180.986,,59.044,0,,-1,-1,,,-1,50,50,0,0,1,,155.21,
P000,Day,145.307,11.595,2,U_Red_L,Practice,Unexpected,Red,Right,156.901,11.559,-0.231,0.868,183.467,,58.997,0,,-1,-1,,,-1,50,50,0,0,1,,155.21,
P000,Day,145.307,11.704,2,U_Red_L,Practice,Unexpected,Red,Right,157.01,11.668,-0.237,0.868,186.303,,58.932,0,,-1,-1,,,-1,50,50,0,0,1,,155.21,
P000,Day,145.307,11.763,2,U_Red_L,Practice,Unexpected,Red,Right,157.07,11.727,-0.24,0.868,187.593,,58.904,1,TrialEnd,157.07,11.727,,,-1,50,50,0,0,1,,155.21,
P000,Day,145.307,11.798,2,U_Red_L,Practice,Unexpected,Red,Right,157.105,11.762,-0.24,0.868,187.593,,58.904,1,TrialEnd,157.07,11.727,,,-1,50,50,0,0,1,,155.21,
P000,Day,145.307,11.896,2,U_Red_L,Practice,Unexpected,Red,Right,157.203,11.86,-0.24,0.868,187.593,,58.904,1,TrialEnd,157.07,11.727,,,-1,50,50,0,0,1,,155.21,
P000,Day,145.307,11.997,2,U_Red_L,Practice,Unexpected,Red,Right,157.304,11.961,-0.24,0.868,187.593,,58.904,1,TrialEnd,157.07,11.727,,,-1,50,50,0,0,1,,155.21,
P000,Day,145.307,12.097,2,U_Red_L,Practice,Unexpected,Red,Right,157.404,12.061,-0.24,0.868,187.593,,58.904,1,TrialEnd,157.07,11.727,,,-1,50,50,0,0,1,,155.21,
P000,Day,145.307,12.197,2,U_Red_L,Practice,Unexpected,Red,Right,157.504,12.161,-0.24,0.868,187.593,,58.904,1,TrialEnd,157.07,11.727,,,-1,50,50,0,0,1,,155.21,
P000,Day,145.307,12.295,2,U_Red_L,Practice,Unexpected,Red,Right,157.602,12.259,-0.24,0.868,187.593,,58.904,1,TrialEnd,157.07,11.727,,,-1,50,50,0,0,1,,155.21,
P000,Day,145.307,12.394,2,U_Red_L,Practice,Unexpected,Red,Right,157.701,12.358,-0.24,0.868,187.593,,58.904,1,TrialEnd,157.07,11.727,,,-1,50,50,0,0,1,,155.21,
P000,Day,145.307,12.495,2,U_Red_L,Practice,Unexpected,Red,Right,157.802,12.459,-0.24,0.868,187.593,,58.904,1,TrialEnd,157.07,11.727,,,-1,50,50,0,0,1,,155.21,
P000,Day,145.307,12.601,2,U_Red_L,Practice,Unexpected,Red,Right,157.908,12.565,-0.24,0.868,187.593,,58.904,1,TrialEnd,157.07,11.727,,,-1,50,50,0,0,1,,155.21,
P000,Day,145.307,12.684,2,U_Red_L,Practice,Unexpected,Red,Right,157.99,12.648,-0.24,0.868,187.593,,58.904,1,TrialEnd,157.07,11.727,Red,1,0.92,50,50,0,0,1,,155.21,
P000,Day,145.307,12.702,2,U_Red_L,Practice,Unexpected,Red,Right,158.008,12.666,-0.24,0.868,187.593,,58.904,1,TrialEnd,157.07,11.727,Red,1,0.92,50,50,0,0,1,,155.21,
P000,Day,145.307,12.795,2,U_Red_L,Practice,Unexpected,Red,Right,158.102,12.759,-0.24,0.868,187.593,,58.904,1,TrialEnd,157.07,11.727,Red,1,0.92,50,50,0,0,1,,155.21,
P000,Day,145.307,12.901,2,U_Red_L,Practice,Unexpected,Red,Right,158.208,12.865,-0.24,0.868,187.593,,58.904,1,TrialEnd,157.07,11.727,Red,1,0.92,50,50,0,0,1,,155.21,
P000,Day,145.307,12.998,2,U_Red_L,Practice,Unexpected,Red,Right,158.304,12.962,-0.24,0.868,187.593,,58.904,1,TrialEnd,157.07,11.727,Red,1,0.92,50,50,0,0,1,,155.21,
P000,Day,145.307,13.097,2,U_Red_L,Practice,Unexpected,Red,Right,158.404,13.061,-0.24,0.868,187.593,,58.904,1,TrialEnd,157.07,11.727,Red,1,0.92,50,50,0,0,1,,155.21,
P000,Day,145.307,13.198,2,U_Red_L,Practice,Unexpected,Red,Right,158.505,13.162,-0.24,0.868,187.593,,58.904,1,TrialEnd,157.07,11.727,Red,1,0.92,50,50,0,0,1,,155.21,
P000,Day,145.307,13.302,2,U_Red_L,Practice,Unexpected,Red,Right,158.609,13.266,-0.24,0.868,187.593,,58.904,1,TrialEnd,157.07,11.727,Red,1,0.92,50,50,0,0,1,,155.21,
P000,Day,145.307,13.402,2,U_Red_L,Practice,Unexpected,Red,Right,158.709,13.366,-0.24,0.868,187.593,,58.904,1,TrialEnd,157.07,11.727,Red,1,0.92,50,50,0,0,1,,155.21,
P000,Day,145.307,13.496,2,U_Red_L,Practice,Unexpected,Red,Right,158.803,13.46,-0.24,0.868,187.593,,58.904,1,TrialEnd,157.07,11.727,Red,1,0.92,50,50,0,0,1,,155.21,
P000,Day,145.307,13.599,2,U_Red_L,Practice,Unexpected,Red,Right,158.906,13.563,-0.24,0.868,187.593,,58.904,1,TrialEnd,157.07,11.727,Red,1,0.92,50,50,0,0,1,,155.21,
P000,Day,145.307,13.701,2,U_Red_L,Practice,Unexpected,Red,Right,159.007,13.665,-0.24,0.868,187.593,,58.904,1,TrialEnd,157.07,11.727,Red,1,0.92,50,50,0,0,1,,155.21,
P000,Day,145.307,13.795,2,U_Red_L,Practice,Unexpected,Red,Right,159.101,13.759,-0.24,0.868,187.593,,58.904,1,TrialEnd,157.07,11.727,Red,1,0.92,50,50,0,0,1,,155.21,
P000,Day,145.307,13.897,2,U_Red_L,Practice,Unexpected,Red,Right,159.204,13.861,-0.24,0.868,187.593,,58.904,1,TrialEnd,157.07,11.727,Red,1,0.92,50,50,0,0,1,,155.21,
P000,Day,145.307,14.003,2,U_Red_L,Practice,Unexpected,Red,Right,159.309,13.967,-0.24,0.868,187.593,,58.904,1,TrialEnd,157.07,11.727,Red,1,0.92,50,50,0,0,1,,155.21,
P000,Day,145.307,14.1,2,U_Red_L,Practice,Unexpected,Red,Right,159.407,14.064,-0.24,0.868,187.593,,58.904,1,TrialEnd,157.07,11.727,Red,1,0.92,50,50,0,0,1,,155.21,
P000,Day,145.307,14.203,2,U_Red_L,Practice,Unexpected,Red,Right,159.51,14.167,-0.24,0.868,187.593,,58.904,1,TrialEnd,157.07,11.727,Red,1,0.92,50,50,0,0,1,,155.21,
P000,Day,145.307,14.295,2,U_Red_L,Practice,Unexpected,Red,Right,159.602,14.259,-0.24,0.868,187.593,,58.904,1,TrialEnd,157.07,11.727,Red,1,0.92,50,50,0,0,1,,155.21,
P000,Day,145.307,14.397,2,U_Red_L,Practice,Unexpected,Red,Right,159.703,14.361,-0.24,0.868,187.593,,58.904,1,TrialEnd,157.07,11.727,Red,1,0.92,50,50,0,0,1,,155.21,
P000,Day,145.307,14.498,2,U_Red_L,Practice,Unexpected,Red,Right,159.805,14.462,-0.24,0.868,187.593,,58.904,1,TrialEnd,157.07,11.727,Red,1,0.92,50,50,0,0,1,,155.21,
P000,Day,145.307,14.602,2,U_Red_L,Practice,Unexpected,Red,Right,159.909,14.566,-0.24,0.868,187.593,,58.904,1,TrialEnd,157.07,11.727,Red,1,0.92,50,50,0,0,1,,155.21,
P000,Day,145.307,14.696,2,U_Red_L,Practice,Unexpected,Red,Right,160.003,14.66,-0.24,0.868,187.593,,58.904,1,TrialEnd,157.07,11.727,Red,1,0.92,50,50,0,0,1,,155.21,
P000,Day,145.307,14.801,2,U_Red_L,Practice,Unexpected,Red,Right,160.108,14.765,-0.24,0.868,187.593,,58.904,1,TrialEnd,157.07,11.727,Red,1,0.92,50,50,0,0,1,,155.21,
P000,Day,145.307,14.901,2,U_Red_L,Practice,Unexpected,Red,Right,160.208,14.865,-0.24,0.868,187.593,,58.904,1,TrialEnd,157.07,11.727,Red,1,0.92,50,50,0,0,1,,155.21,
P000,Day,145.307,15.003,2,U_Red_L,Practice,Unexpected,Red,Right,160.31,14.967,-0.24,0.868,187.593,,58.904,1,TrialEnd,157.07,11.727,Red,1,0.92,50,50,0,0,1,,155.21,
P000,Day,145.307,15.097,2,U_Red_L,Practice,Unexpected,Red,Right,160.404,15.061,-0.24,0.868,187.593,,58.904,1,TrialEnd,157.07,11.727,Red,1,0.92,50,50,0,0,1,,155.21,
P000,Day,145.307,15.197,2,U_Red_L,Practice,Unexpected,Red,Right,160.504,15.161,-0.24,0.868,187.593,,58.904,1,TrialEnd,157.07,11.727,Red,1,0.92,50,50,0,0,1,,155.21,
P000,Day,145.307,15.297,2,U_Red_L,Practice,Unexpected,Red,Right,160.604,15.261,-0.24,0.868,187.593,,58.904,1,TrialEnd,157.07,11.727,Red,1,0.92,50,50,0,0,1,,155.21,
P000,Day,145.307,15.396,2,U_Red_L,Practice,Unexpected,Red,Right,160.703,15.36,-0.24,0.868,187.593,,58.904,1,TrialEnd,157.07,11.727,Red,1,0.92,50,50,0,0,1,,155.21,
P000,Day,145.307,15.498,2,U_Red_L,Practice,Unexpected,Red,Right,160.805,15.462,-0.24,0.868,187.593,,58.904,1,TrialEnd,157.07,11.727,Red,1,0.92,50,50,0,0,1,,155.21,
P000,Day,145.307,15.602,2,U_Red_L,Practice,Unexpected,Red,Right,160.909,15.566,-0.24,0.868,187.593,,58.904,1,TrialEnd,157.07,11.727,Red,1,0.92,50,50,0,0,1,,155.21,
P000,Day,145.307,15.702,2,U_Red_L,Practice,Unexpected,Red,Right,161.009,15.666,-0.24,0.868,187.593,,58.904,1,TrialEnd,157.07,11.727,Red,1,0.92,50,50,0,0,1,,155.21,
P000,Day,145.307,15.802,2,U_Red_L,Practice,Unexpected,Red,Right,161.108,15.766,-0.24,0.868,187.593,,58.904,1,TrialEnd,157.07,11.727,Red,1,0.92,50,50,0,0,1,,155.21,
P000,Day,145.307,15.902,2,U_Red_L,Practice,Unexpected,Red,Right,161.209,15.866,-0.24,0.868,187.593,,58.904,1,TrialEnd,157.07,11.727,Red,1,0.92,50,50,0,0,1,,155.21,
P000,Day,145.307,15.999,2,U_Red_L,Practice,Unexpected,Red,Right,161.305,15.963,-0.24,0.868,187.593,,58.904,1,TrialEnd,157.07,11.727,Red,1,0.92,50,50,0,0,1,,155.21,
P000,Day,145.307,16.102,2,U_Red_L,Practice,Unexpected,Red,Right,161.408,16.066,-0.24,0.868,187.593,,58.904,1,TrialEnd,157.07,11.727,Red,1,0.92,50,50,0,0,1,,155.21,
P000,Day,145.307,16.196,2,U_Red_L,Practice,Unexpected,Red,Right,161.502,16.16,-0.24,0.868,187.593,,58.904,1,TrialEnd,157.07,11.727,Red,1,0.92,50,50,0,0,1,,155.21,
P000,Day,145.307,16.301,2,U_Red_L,Practice,Unexpected,Red,Right,161.608,16.265,-0.24,0.868,187.593,,58.904,1,TrialEnd,157.07,11.727,Red,1,0.92,50,50,0,0,1,,155.21,
P000,Day,145.307,16.402,2,U_Red_L,Practice,Unexpected,Red,Right,161.709,16.366,-0.24,0.868,187.593,,58.904,1,TrialEnd,157.07,11.727,Red,1,0.92,50,50,0,0,1,,155.21,
P000,Day,145.307,16.501,2,U_Red_L,Practice,Unexpected,Red,Right,161.808,16.465,-0.24,0.868,187.593,,58.904,1,TrialEnd,157.07,11.727,Red,1,0.92,50,50,0,0,1,,155.21,
P000,Day,145.307,16.596,2,U_Red_L,Practice,Unexpected,Red,Right,161.903,16.56,-0.24,0.868,187.593,,58.904,1,TrialEnd,157.07,11.727,Red,1,0.92,50,50,0,0,1,,155.21,
P000,Day,145.307,16.701,2,U_Red_L,Practice,Unexpected,Red,Right,162.008,16.665,-0.24,0.868,187.593,,58.904,1,TrialEnd,157.07,11.727,Red,1,0.92,50,50,0,0,1,,155.21,
P000,Day,145.307,16.801,2,U_Red_L,Practice,Unexpected,Red,Right,162.108,16.765,-0.24,0.868,187.593,,58.904,1,TrialEnd,157.07,11.727,Red,1,0.92,50,50,0,0,1,,155.21,
P000,Day,145.307,16.9,2,U_Red_L,Practice,Unexpected,Red,Right,162.207,16.864,-0.24,0.868,187.593,,58.904,1,TrialEnd,157.07,11.727,Red,1,0.92,50,50,0,0,1,,155.21,
P000,Day,145.307,17.002,2,U_Red_L,Practice,Unexpected,Red,Right,162.309,16.966,-0.24,0.868,187.593,,58.904,1,TrialEnd,157.07,11.727,Red,1,0.92,50,50,0,0,1,,155.21,
P000,Day,145.307,17.103,2,U_Red_L,Practice,Unexpected,Red,Right,162.41,17.067,-0.24,0.868,187.593,,58.904,1,TrialEnd,157.07,11.727,Red,1,0.92,50,50,0,0,1,,155.21,
P000,Day,145.307,17.195,2,U_Red_L,Practice,Unexpected,Red,Right,162.502,17.159,-0.24,0.868,187.593,,58.904,1,TrialEnd,157.07,11.727,Red,1,0.92,50,50,0,0,1,,155.21,
P000,Day,145.307,17.303,2,U_Red_L,Practice,Unexpected,Red,Right,162.61,17.267,-0.24,0.868,187.593,,58.904,1,TrialEnd,157.07,11.727,Red,1,0.92,50,50,0,0,1,,155.21,
P000,Day,145.307,17.403,2,U_Red_L,Practice,Unexpected,Red,Right,162.71,17.367,-0.24,0.868,187.593,,58.904,1,TrialEnd,157.07,11.727,Red,1,0.92,50,50,0,0,1,,155.21,
P000,Day,145.307,17.502,2,U_Red_L,Practice,Unexpected,Red,Right,162.809,17.466,-0.24,0.868,187.593,,58.904,1,TrialEnd,157.07,11.727,Red,1,0.92,50,50,0,0,1,,155.21,
P000,Day,145.307,17.603,2,U_Red_L,Practice,Unexpected,Red,Right,162.91,17.567,-0.24,0.868,187.593,,58.904,1,TrialEnd,157.07,11.727,Red,1,0.92,50,50,0,0,1,,155.21,
P000,Day,163.243,0.032,3,U_Amb_R,Practice,Unexpected,Amber,Left,163.274,0,0,0.936,-0.002,,4.023,0,,-1,-1,,,-1,50,50,0,0,0,,,
P000,Day,163.243,0.067,3,U_Amb_R,Practice,Unexpected,Amber,Left,163.31,0.035,0,0.936,-0.002,,4.023,0,,-1,-1,,,-1,50,50,0,0,0,,,
P000,Day,163.243,0.079,3,U_Amb_R,Practice,Unexpected,Amber,Left,163.322,0.048,0,0.898,-0.002,,4.389,0,,-1,-1,,,-1,50,50,0,0,0,,,
P000,Day,163.243,0.091,3,U_Amb_R,Practice,Unexpected,Amber,Left,163.333,0.059,0,0.878,-0.002,,3.823,0,,-1,-1,,,-1,50,50,0,0,0,,,
P000,Day,163.243,0.164,3,U_Amb_R,Practice,Unexpected,Amber,Left,163.407,0.133,0,0.844,-0.002,,0.089,0,,-1,-1,,,-1,50,50,0,0,0,,,
P000,Day,163.243,0.26,3,U_Amb_R,Practice,Unexpected,Amber,Left,163.502,0.228,0,0.852,-0.002,,0.23,0,,-1,-1,,,-1,50,50,0,0,0,,,
P000,Day,163.243,0.366,3,U_Amb_R,Practice,Unexpected,Amber,Left,163.608,0.334,0,0.862,0.014,,0.692,0,,-1,-1,,,-1,50,50,0,0,0,,,
P000,Day,163.243,0.462,3,U_Amb_R,Practice,Unexpected,Amber,Left,163.704,0.43,0,0.868,0.059,,1.345,0,,-1,-1,,,-1,50,50,0,0,0,,,
P000,Day,163.243,0.564,3,U_Amb_R,Practice,Unexpected,Amber,Left,163.807,0.533,0,0.871,0.137,,2.014,0,,-1,-1,,,-1,50,50,0,0,0,,,
P000,Day,163.243,0.661,3,U_Amb_R,Practice,Unexpected,Amber,Left,163.903,0.629,0,0.87,0.239,,2.686,0,,-1,-1,,,-1,50,50,0,0,0,,,
P000,Day,163.243,0.761,3,U_Amb_R,Practice,Unexpected,Amber,Left,164.004,0.73,0,0.869,0.375,,3.359,0,,-1,-1,,,-1,50,50,0,0,0,,,
P000,Day,163.243,0.861,3,U_Amb_R,Practice,Unexpected,Amber,Left,164.104,0.83,0,0.868,0.542,,4.031,0,,-1,-1,,,-1,50,50,0,0,0,,,
P000,Day,163.243,0.963,3,U_Amb_R,Practice,Unexpected,Amber,Left,164.205,0.931,0,0.867,0.741,,4.702,0,,-1,-1,,,-1,50,50,0,0,0,,,
P000,Day,163.243,1.064,3,U_Amb_R,Practice,Unexpected,Amber,Left,164.307,1.033,0,0.867,0.971,,5.374,0,,-1,-1,,,-1,50,50,0,0,0,,,
P000,Day,163.243,1.165,3,U_Amb_R,Practice,Unexpected,Amber,Left,164.408,1.134,0,0.867,1.23,,6.046,0,,-1,-1,,,-1,50,50,0,0,0,,,
P000,Day,163.243,1.269,3,U_Amb_R,Practice,Unexpected,Amber,Left,164.512,1.238,0,0.868,1.525,,6.829,0,,-1,-1,,,-1,50,50,0,0,0,,,
P000,Day,163.243,1.361,3,U_Amb_R,Practice,Unexpected,Amber,Left,164.603,1.329,0,0.868,1.819,,7.389,0,,-1,-1,,,-1,50,50,0,0,0,,,
P000,Day,163.243,1.46,3,U_Amb_R,Practice,Unexpected,Amber,Left,164.703,1.429,0,0.868,2.164,,8.06,0,,-1,-1,,,-1,50,50,0,0,0,,,
P000,Day,163.243,1.567,3,U_Amb_R,Practice,Unexpected,Amber,Left,164.81,1.536,0,0.868,2.565,,8.731,0,,-1,-1,,,-1,50,50,0,0,0,,,
P000,Day,163.243,1.666,3,U_Amb_R,Practice,Unexpected,Amber,Left,164.909,1.635,0,0.868,2.97,,9.402,0,,-1,-1,,,-1,50,50,0,0,0,,,
P000,Day,163.243,1.767,3,U_Amb_R,Practice,Unexpected,Amber,Left,165.01,1.736,0,0.868,3.41,,10.072,0,,-1,-1,,,-1,50,50,0,0,0,,,
P000,Day,163.243,1.862,3,U_Amb_R,Practice,Unexpected,Amber,Left,165.104,1.83,0,0.868,3.853,,10.743,0,,-1,-1,,,-1,50,50,0,0,0,,,
P000,Day,163.243,1.961,3,U_Amb_R,Practice,Unexpected,Amber,Left,165.203,1.929,0,0.868,4.345,,11.415,0,,-1,-1,,,-1,50,50,0,0,0,,,
P000,Day,163.243,2.061,3,U_Amb_R,Practice,Unexpected,Amber,Left,165.304,2.03,0,0.869,4.871,,12.086,0,,-1,-1,,,-1,50,50,0,0,0,,,
P000,Day,163.243,2.164,3,U_Amb_R,Practice,Unexpected,Amber,Left,165.407,2.133,0.001,0.869,5.446,,12.757,0,,-1,-1,,,-1,50,50,0,0,0,,,
P000,Day,163.243,2.27,3,U_Amb_R,Practice,Unexpected,Amber,Left,165.513,2.239,0.001,0.868,6.063,,13.539,0,,-1,-1,,,-1,50,50,0,0,0,,,
P000,Day,163.243,2.362,3,U_Amb_R,Practice,Unexpected,Amber,Left,165.604,2.33,0.001,0.868,6.634,,14.097,0,,-1,-1,,,-1,50,50,0,0,0,,,
P000,Day,163.243,2.463,3,U_Amb_R,Practice,Unexpected,Amber,Left,165.706,2.432,0.001,0.868,7.287,,14.766,0,,-1,-1,,,-1,50,50,0,0,0,,,
P000,Day,163.243,2.563,3,U_Amb_R,Practice,Unexpected,Amber,Left,165.806,2.532,0.001,0.868,7.967,,15.436,0,,-1,-1,,,-1,50,50,0,0,0,,,
P000,Day,163.243,2.663,3,U_Amb_R,Practice,Unexpected,Amber,Left,165.906,2.632,0.001,0.868,8.673,,16.105,0,,-1,-1,,,-1,50,50,0,0,0,,,
P000,Day,163.243,2.767,3,U_Amb_R,Practice,Unexpected,Amber,Left,166.01,2.736,0.001,0.868,9.438,,16.774,0,,-1,-1,,,-1,50,50,0,0,0,,,
P000,Day,163.243,2.863,3,U_Amb_R,Practice,Unexpected,Amber,Left,166.106,2.832,0.001,0.868,10.172,,17.443,0,,-1,-1,,,-1,50,50,0,0,0,,,
P000,Day,163.243,2.969,3,U_Amb_R,Practice,Unexpected,Amber,Left,166.211,2.937,0.001,0.868,11.008,,18.223,0,,-1,-1,,,-1,50,50,0,0,0,,,
P000,Day,163.243,3.066,3,U_Amb_R,Practice,Unexpected,Amber,Left,166.309,3.035,0,0.868,11.82,,18.78,0,,-1,-1,,,-1,50,50,0,0,0,,,
P000,Day,163.243,3.165,3,U_Amb_R,Practice,Unexpected,Amber,Left,166.407,3.133,0,0.868,12.666,,19.449,0,,-1,-1,,,-1,50,50,0,0,0,,,
P000,Day,163.243,3.266,3,U_Amb_R,Practice,Unexpected,Amber,Left,166.509,3.235,0,0.868,13.561,,20.117,0,,-1,-1,,,-1,50,50,0,0,0,,,
P000,Day,163.243,3.367,3,U_Amb_R,Practice,Unexpected,Amber,Left,166.61,3.336,0,0.868,14.489,,20.785,0,,-1,-1,,,-1,50,50,0,0,0,,,
P000,Day,163.243,3.465,3,U_Amb_R,Practice,Unexpected,Amber,Left,166.708,3.434,0,0.868,15.418,,21.453,0,,-1,-1,,,-1,50,50,0,0,0,,,
P000,Day,163.243,3.563,3,U_Amb_R,Practice,Unexpected,Amber,Left,166.806,3.532,0,0.868,16.373,,22.121,0,,-1,-1,,,-1,50,50,0,0,0,,,
P000,Day,163.243,3.659,3,U_Amb_R,Practice,Unexpected,Amber,Left,166.902,3.628,0,0.868,17.333,,22.789,0,,-1,-1,,,-1,50,50,0,0,0,,,
P000,Day,163.243,3.767,3,U_Amb_R,Practice,Unexpected,Amber,Left,167.01,3.736,0,0.868,18.456,,23.456,0,,-1,-1,,,-1,50,50,0,0,0,,,
P000,Day,163.243,3.867,3,U_Amb_R,Practice,Unexpected,Amber,Left,167.11,3.836,-0.001,0.868,19.517,,24.123,0,,-1,-1,,,-1,50,50,0,0,0,,,
P000,Day,163.243,3.969,3,U_Amb_R,Practice,Unexpected,Amber,Left,167.212,3.938,-0.001,0.868,20.628,,24.902,0,,-1,-1,,,-1,50,50,0,0,0,,,
P000,Day,163.243,4.067,3,U_Amb_R,Practice,Unexpected,Amber,Left,167.31,4.036,-0.001,0.868,21.739,,25.458,0,,-1,-1,,,-1,50,50,0,0,0,,,
P000,Day,163.243,4.169,3,U_Amb_R,Practice,Unexpected,Amber,Left,167.411,4.137,-0.001,0.868,22.907,,26.236,0,,-1,-1,,,-1,50,50,0,0,0,,,
P000,Day,163.243,4.267,3,U_Amb_R,Practice,Unexpected,Amber,Left,167.51,4.236,-0.002,0.868,24.08,,26.791,0,,-1,-1,,,-1,50,50,0,0,0,,,
P000,Day,163.243,4.367,3,U_Amb_R,Practice,Unexpected,Amber,Left,167.61,4.336,-0.002,0.868,25.294,,27.458,0,,-1,-1,,,-1,50,50,0,0,0,,,
P000,Day,163.243,4.469,3,U_Amb_R,Practice,Unexpected,Amber,Left,167.711,4.437,-0.002,0.868,26.545,,28.235,0,,-1,-1,,,-1,50,50,0,0,0,,,
P000,Day,163.243,4.566,3,U_Amb_R,Practice,Unexpected,Amber,Left,167.809,4.535,-0.003,0.868,27.804,,28.79,0,,-1,-1,,,-1,50,50,0,0,0,,,
P000,Day,163.243,4.664,3,U_Amb_R,Practice,Unexpected,Amber,Left,167.907,4.633,-0.003,0.868,29.084,,29.456,0,,-1,-1,,,-1,50,50,0,0,0,,,
P000,Day,163.243,4.763,3,U_Amb_R,Practice,Unexpected,Amber,Left,168.005,4.731,-0.004,0.868,30.396,,30.122,0,,-1,-1,,,-1,50,50,0,0,0,,,
P000,Day,163.243,4.863,3,U_Amb_R,Practice,Unexpected,Amber,Left,168.105,4.831,-0.004,0.868,31.759,,30.788,0,,-1,-1,,,-1,50,50,0,0,0,,,
P000,Day,163.243,4.964,3,U_Amb_R,Practice,Unexpected,Amber,Left,168.207,4.933,-0.005,0.868,33.172,,31.454,0,,-1,-1,,,-1,50,50,0,0,0,,,
P000,Day,163.243,5.065,3,U_Amb_R,Practice,Unexpected,Amber,Left,168.308,5.034,-0.005,0.868,34.61,,32.119,0,,-1,-1,,,-1,50,50,0,0,0,,,
P000,Day,163.243,5.164,3,U_Amb_R,Practice,Unexpected,Amber,Left,168.406,5.132,-0.006,0.868,36.038,,32.784,0,,-1,-1,,,-1,50,50,0,0,0,,,
P000,Day,163.243,5.261,3,U_Amb_R,Practice,Unexpected,Amber,Left,168.504,5.23,-0.007,0.868,37.482,,33.449,0,,-1,-1,,,-1,50,50,0,0,0,,,
P000,Day,163.243,5.364,3,U_Amb_R,Practice,Unexpected,Amber,Left,168.607,5.333,-0.007,0.868,39.038,,34.114,0,,-1,-1,,,-1,50,50,0,0,0,,,
P000,Day,163.243,5.464,3,U_Amb_R,Practice,Unexpected,Amber,Left,168.706,5.432,-0.008,0.868,40.571,,34.779,0,,-1,-1,,,-1,50,50,0,0,0,,,
P000,Day,163.243,5.567,3,U_Amb_R,Practice,Unexpected,Amber,Left,168.809,5.535,-0.009,0.868,42.191,,35.444,0,,-1,-1,,,-1,50,50,0,0,0,,,
P000,Day,163.243,5.666,3,U_Amb_R,Practice,Unexpected,Amber,Left,168.908,5.634,-0.01,0.868,43.776,,36.108,0,,-1,-1,,,-1,50,50,0,0,0,,,
P000,Day,163.243,5.764,3,U_Amb_R,Practice,Unexpected,Amber,Left,169.007,5.733,-0.011,0.868,45.378,,36.772,0,,-1,-1,,,-1,50,50,0,0,0,,,
P000,Day,163.243,5.865,3,U_Amb_R,Practice,Unexpected,Amber,Left,169.108,5.834,-0.012,0.868,47.065,,37.436,0,,-1,-1,,,-1,50,50,0,0,0,,,
P000,Day,163.243,5.964,3,U_Amb_R,Practice,Unexpected,Amber,Left,169.207,5.933,-0.013,0.868,48.733,,38.1,0,,-1,-1,,,-1,50,50,0,0,0,,,
P000,Day,163.243,6.062,3,U_Amb_R,Practice,Unexpected,Amber,Left,169.305,6.031,-0.014,0.868,50.419,,38.764,0,,-1,-1,,,-1,50,50,0,0,0,,,
P000,Day,163.243,6.161,3,U_Amb_R,Practice,Unexpected,Amber,Left,169.404,6.13,-0.015,0.868,52.152,,39.428,0,,-1,-1,,,-1,50,50,0,0,0,,,
P000,Day,163.243,6.26,3,U_Amb_R,Practice,Unexpected,Amber,Left,169.503,6.229,-0.016,0.868,53.897,,40.091,0,,-1,-1,,,-1,50,50,0,0,0,,,
P000,Day,163.243,6.37,3,U_Amb_R,Practice,Unexpected,Amber,Left,169.612,6.338,-0.018,0.868,55.874,,40.865,0,,-1,-1,,,-1,50,50,0,0,0,,,
P000,Day,163.243,6.46,3,U_Amb_R,Practice,Unexpected,Amber,Left,169.703,6.429,-0.019,0.868,57.552,,41.418,0,,-1,-1,,,-1,50,50,0,0,0,,,
P000,Day,163.243,6.563,3,U_Amb_R,Practice,Unexpected,Amber,Left,169.806,6.532,-0.021,0.868,59.482,,42.081,0,,-1,-1,,,-1,50,50,0,0,0,,,
P000,Day,163.243,6.663,3,U_Amb_R,Practice,Unexpected,Amber,Left,169.906,6.632,-0.022,0.868,61.379,,42.744,0,,-1,-1,,,-1,50,50,0,0,0,,,
P000,Day,163.243,6.762,3,U_Amb_R,Practice,Unexpected,Amber,Left,170.005,6.731,-0.024,0.868,63.276,,43.406,0,,-1,-1,,,-1,50,50,0,0,0,,,
P000,Day,163.243,6.863,3,U_Amb_R,Practice,Unexpected,Amber,Left,170.106,6.832,-0.026,0.868,65.264,,44.069,0,,-1,-1,,,-1,50,50,0,0,0,,,
P000,Day,163.243,6.963,3,U_Amb_R,Practice,Unexpected,Amber,Left,170.206,6.932,-0.028,0.868,67.246,,44.731,0,,-1,-1,,,-1,50,50,0,0,0,,,
P000,Day,163.243,7.06,3,U_Amb_R,Practice,Unexpected,Amber,Left,170.303,7.029,-0.03,0.868,69.194,,45.394,0,,-1,-1,,,-1,50,50,0,0,0,,,
P000,Day,163.243,7.163,3,U_Amb_R,Practice,Unexpected,Amber,Left,170.406,7.132,-0.032,0.868,71.299,,46.056,0,,-1,-1,,,-1,50,50,0,0,0,,,
P000,Day,163.243,7.263,3,U_Amb_R,Practice,Unexpected,Amber,Left,170.506,7.232,-0.034,0.868,73.375,,46.718,0,,-1,-1,,,-1,50,50,0,0,0,,,
P000,Day,163.243,7.361,3,U_Amb_R,Practice,Unexpected,Amber,Left,170.603,7.329,-0.036,0.868,75.434,,47.379,0,,-1,-1,,,-1,50,50,0,0,0,,,
P000,Day,163.243,7.463,3,U_Amb_R,Practice,Unexpected,Amber,Left,170.706,7.432,-0.038,0.868,77.622,,48.041,0,,-1,-1,,,-1,50,50,0,0,0,,,
P000,Day,163.243,7.562,3,U_Amb_R,Practice,Unexpected,Amber,Left,170.804,7.53,-0.041,0.868,79.751,,48.702,0,,-1,-1,,,-1,50,50,0,0,0,,,
P000,Day,163.243,7.665,3,U_Amb_R,Practice,Unexpected,Amber,Left,170.907,7.633,-0.043,0.868,82.008,,49.364,0,,-1,-1,,,-1,50,50,0,0,0,,,
P000,Day,163.243,7.763,3,U_Amb_R,Practice,Unexpected,Amber,Left,171.005,7.731,-0.046,0.868,84.185,,50.025,0,,-1,-1,,,-1,50,50,0,0,0,,,
P000,Day,163.243,7.862,3,U_Amb_R,Practice,Unexpected,Amber,Left,171.105,7.831,-0.048,0.868,86.422,,50.686,0,,-1,-1,,,-1,50,50,0,0,0,,,
P000,Day,163.243,7.964,3,U_Amb_R,Practice,Unexpected,Amber,Left,171.206,7.932,-0.051,0.868,88.741,,51.346,0,,-1,-1,,,-1,50,50,0,0,0,,,
P000,Day,163.243,8.064,3,U_Amb_R,Practice,Unexpected,Amber,Left,171.307,8.033,-0.054,0.868,91.06,,52.007,0,,-1,-1,,,-1,50,50,0,0,0,,,
P000,Day,163.243,8.169,3,U_Amb_R,Practice,Unexpected,Amber,Left,171.412,8.138,-0.058,0.868,93.511,,52.778,0,,-1,-1,,,-1,50,50,0,0,0,,,
P000,Day,163.243,8.267,3,U_Amb_R,Practice,Unexpected,Amber,Left,171.51,8.236,-0.061,0.868,95.847,,53.328,0,,-1,-1,,,-1,50,50,0,0,0,,,
P000,Day,163.243,8.364,3,U_Amb_R,Practice,Unexpected,Amber,Left,171.607,8.333,-0.064,0.868,98.175,,53.988,0,,-1,-1,,,-1,50,50,0,0,0,,,
P000,Day,163.243,8.463,3,U_Amb_R,Practice,Unexpected,Amber,Left,171.706,8.432,-0.067,0.868,100.577,,54.648,0,,-1,-1,,,-1,50,50,0,0,0,,,
P000,Day,163.243,8.561,3,U_Amb_R,Practice,Unexpected,Amber,Left,171.804,8.53,-0.071,0.868,102.997,,55.308,0,,-1,-1,,,-1,50,50,0,0,0,,,
P000,Day,163.243,8.667,3,U_Amb_R,Practice,Unexpected,Amber,Left,171.909,8.635,-0.075,0.868,105.623,,55.968,0,,-1,-1,,,-1,50,50,0,0,0,,,
P000,Day,163.243,8.766,3,U_Amb_R,Practice,Unexpected,Amber,Left,172.009,8.735,-0.079,0.868,108.125,,56.627,0,,-1,-1,,,-1,50,50,0,0,0,,,
P000,Day,163.243,8.865,3,U_Amb_R,Practice,Unexpected,Amber,Left,172.108,8.834,-0.083,0.868,110.643,,57.286,0,,-1,-1,,,-1,50,50,0,0,0,,,
P000,Day,163.243,8.963,3,U_Amb_R,Practice,Unexpected,Amber,Left,172.206,8.932,-0.087,0.868,113.177,,57.946,0,,-1,-1,,,-1,50,50,0,0,0,,,
P000,Day,163.243,9.062,3,U_Amb_R,Practice,Unexpected,Amber,Left,172.305,9.031,-0.091,0.868,115.758,,58.605,0,,-1,-1,,,-1,50,50,0,0,0,,,
P000,Day,163.243,9.16,3,U_Amb_R,Practice,Unexpected,Amber,Left,172.403,9.129,-0.095,0.868,118.344,,59.264,0,,-1,-1,,,-1,50,50,0,0,0,,,
P000,Day,163.243,9.261,3,U_Amb_R,Practice,Unexpected,Amber,Left,172.504,9.23,-0.1,0.868,121.028,,59.922,0,,-1,-1,,,-1,50,50,0,0,0,,,
P000,Day,163.243,9.366,3,U_Amb_R,Practice,Unexpected,Amber,Left,172.609,9.335,-0.105,0.868,123.859,,60.581,0,,-1,-1,,,-1,50,50,0,0,0,,,
P000,Day,163.243,9.464,3,U_Amb_R,Practice,Unexpected,Amber,Left,172.707,9.433,-0.11,0.868,126.522,,61.239,0,,-1,-1,,,-1,50,50,0,0,0,,,
P000,Day,163.243,9.563,3,U_Amb_R,Practice,Unexpected,Amber,Left,172.806,9.532,-0.115,0.868,129.251,,61.898,0,,-1,-1,,,-1,50,50,0,0,0,,,
P000,Day,163.243,9.661,3,U_Amb_R,Practice,Unexpected,Amber,Left,172.904,9.63,-0.12,0.868,131.97,,62.556,0,,-1,-1,,,-1,50,50,0,0,0,,,
P000,Day,163.243,9.765,3,U_Amb_R,Practice,Unexpected,Amber,Left,173.007,9.733,-0.126,0.868,134.893,,63.214,0,,-1,-1,,,-1,50,50,0,0,0,,,
P000,Day,163.243,9.862,3,U_Amb_R,Practice,Unexpected,Amber,Left,173.105,9.831,-0.131,0.868,137.672,,63.871,0,,-1,-1,,,-1,50,50,0,0,0,,,
P000,Day,163.243,9.961,3,U_Amb_R,Practice,Unexpected,Amber,Left,173.204,9.93,-0.137,0.868,140.506,,64.529,0,,-1,-1,,,-1,50,50,0,0,1,,173.136,
P000,Day,163.243,10.061,3,U_Amb_R,Practice,Unexpected,Amber,Left,173.304,10.03,-0.143,0.868,143.401,,65.186,0,,-1,-1,,,-1,50,50,0,0,1,,173.136,
P000,Day,163.243,10.164,3,U_Amb_R,Practice,Unexpected,Amber,Left,173.407,10.133,-0.149,0.868,146.425,,65.844,0,,-1,-1,,,-1,50,50,0,0,1,,173.136,
P000,Day,163.243,10.264,3,U_Amb_R,Practice,Unexpected,Amber,Left,173.507,10.233,-0.155,0.868,149.379,,66.501,0,,-1,-1,,,-1,50,50,0,0,1,,173.136,
P000,Day,163.243,10.362,3,U_Amb_R,Practice,Unexpected,Amber,Left,173.605,10.331,-0.162,0.868,152.307,,67.149,0,,-1,-1,,,-1,50,50,0,0,1,,173.136,
P000,Day,163.243,10.463,3,U_Amb_R,Practice,Unexpected,Amber,Left,173.705,10.431,-0.169,0.868,155.337,,67.42,0,,-1,-1,,,-1,50,50,0,0,1,,173.136,
P000,Day,163.243,10.565,3,U_Amb_R,Practice,Unexpected,Amber,Left,173.808,10.534,-0.176,0.868,158.434,,67.451,0,,-1,-1,,,-1,50,50,0,0,1,,173.136,
P000,Day,163.243,10.666,3,U_Amb_R,Practice,Unexpected,Amber,Left,173.909,10.634,-0.183,0.868,161.457,,67.417,0,,-1,-1,,,-1,50,50,0,0,1,,173.136,
P000,Day,163.243,10.762,3,U_Amb_R,Practice,Unexpected,Amber,Left,174.004,10.73,-0.189,0.868,164.283,,67.358,0,,-1,-1,,,-1,50,50,0,0,1,,173.136,
P000,Day,163.243,10.861,3,U_Amb_R,Practice,Unexpected,Amber,Left,174.104,10.83,-0.197,0.868,167.336,,66.931,0,,-1,-1,,,-1,50,50,0,0,1,,173.136,
P000,Day,163.243,10.964,3,U_Amb_R,Practice,Unexpected,Amber,Left,174.206,10.932,-0.204,0.868,170.384,,66.39,0,,-1,-1,,,-1,50,50,0,0,1,,173.136,
P000,Day,163.243,11.063,3,U_Amb_R,Practice,Unexpected,Amber,Left,174.305,11.031,-0.211,0.868,173.317,,66.184,0,,-1,-1,,,-1,50,50,0,0,1,,173.136,
P000,Day,163.243,11.164,3,U_Amb_R,Practice,Unexpected,Amber,Left,174.406,11.132,-0.219,0.868,176.304,,66.082,0,,-1,-1,,,-1,50,50,0,0,1,,173.136,
P000,Day,163.243,11.265,3,U_Amb_R,Practice,Unexpected,Amber,Left,174.508,11.234,-0.226,0.868,179.293,,66.007,0,,-1,-1,,,-1,50,50,0,0,1,,173.136,
P000,Day,163.243,11.371,3,U_Amb_R,Practice,Unexpected,Amber,Left,174.613,11.339,-0.234,0.868,182.369,,65.93,0,,-1,-1,,,-1,50,50,0,0,1,,173.136,
P000,Day,163.243,11.463,3,U_Amb_R,Practice,Unexpected,Amber,Left,174.706,11.431,-0.241,0.868,185.126,,65.732,0,,-1,-1,,,-1,50,50,0,0,1,,173.136,
P000,Day,163.243,11.566,3,U_Amb_R,Practice,Unexpected,Amber,Left,174.809,11.535,-0.249,0.868,188.158,,65.255,0,,-1,-1,,,-1,50,50,0,0,1,,173.136,
P000,Day,163.243,11.667,3,U_Amb_R,Practice,Unexpected,Amber,Left,174.909,11.635,-0.256,0.868,191.071,,65.066,0,,-1,-1,,,-1,50,50,0,0,1,,173.136,
P000,Day,163.243,11.767,3,U_Amb_R,Practice,Unexpected,Amber,Left,175.01,11.736,-0.264,0.868,193.985,,64.969,0,,-1,-1,,,-1,50,50,0,0,1,,173.136,
P000,Day,163.243,11.863,3,U_Amb_R,Practice,Unexpected,Amber,Left,175.105,11.831,-0.271,0.868,196.769,,64.897,0,,-1,-1,,,-1,50,50,0,0,1,,173.136,
P000,Day,163.243,11.966,3,U_Amb_R,Practice,Unexpected,Amber,Left,175.209,11.935,-0.279,0.868,199.772,,64.833,0,,-1,-1,,,-1,50,50,0,0,1,,173.136,
P000,Day,163.243,12.065,3,U_Amb_R,Practice,Unexpected,Amber,Left,175.308,12.034,-0.268,0.868,202.64,,64.693,0,,-1,-1,,,-1,50,50,0,0,1,,173.136,
P000,Day,163.243,12.169,3,U_Amb_R,Practice,Unexpected,Amber,Left,175.412,12.138,-0.241,0.868,205.603,,64.615,0,,-1,-1,,,-1,50,50,0,0,1,,173.136,
P000,Day,163.243,12.271,3,U_Amb_R,Practice,Unexpected,Amber,Left,175.514,12.24,-0.206,0.868,208.541,,64.549,0,,-1,-1,,,-1,50,50,0,0,1,,173.136,
P000,Day,163.243,12.366,3,U_Amb_R,Practice,Unexpected,Amber,Left,175.609,12.335,-0.161,0.868,211.326,,64.492,0,,-1,-1,,,-1,50,50,0,0,1,,173.136,
P000,Day,163.243,12.467,3,U_Amb_R,Practice,Unexpected,Amber,Left,175.709,12.435,-0.1,0.868,214.212,,64.423,0,,-1,-1,,,-1,50,50,0,0,1,,173.136,
P000,Day,163.243,12.571,3,U_Amb_R,Practice,Unexpected,Amber,Left,175.814,12.54,-0.02,0.868,217.179,,64.343,0,,-1,-1,,,-1,50,50,0,0,1,,173.136,
P000,Day,163.243,12.67,3,U_Amb_R,Practice,Unexpected,Amber,Left,175.913,12.639,0.053,0.868,220.016,,64.223,0,,-1,-1,,,-1,50,50,0,0,1,,173.136,
P000,Day,163.243,12.762,3,U_Amb_R,Practice,Unexpected,Amber,Left,176.005,12.731,0.122,0.868,222.708,,64.167,0,,-1,-1,,,-1,50,50,0,0,1,,173.136,
P000,Day,163.243,12.867,3,U_Amb_R,Practice,Unexpected,Amber,Left,176.11,12.836,0.205,0.868,225.721,,64.104,0,,-1,-1,,,-1,50,50,0,0,1,,173.136,
P000,Day,163.243,12.961,3,U_Amb_R,Practice,Unexpected,Amber,Left,176.204,12.93,0.278,0.868,228.36,,64.043,0,,-1,-1,,,-1,50,50,0,0,1,,173.136,
P000,Day,163.243,13.066,3,U_Amb_R,Practice,Unexpected,Amber,Left,176.309,13.035,0.359,0.868,231.418,,63.981,0,,-1,-1,,,-1,50,50,0,0,1,,173.136,
P000,Day,163.243,13.167,3,U_Amb_R,Practice,Unexpected,Amber,Left,176.409,13.135,0.428,0.868,234.286,,63.927,0,,-1,-1,,,-1,50,50,0,0,1,,173.136,
P000,Day,163.243,13.265,3,U_Amb_R,Practice,Unexpected,Amber,Left,176.507,13.233,0.487,0.868,237.026,,64.215,0,,-1,-1,,,-1,50,50,0,0,1,,173.136,
P000,Day,163.243,13.366,3,U_Amb_R,Practice,Unexpected,Amber,Left,176.608,13.334,0.543,0.868,240.002,,64.328,0,,-1,-1,,,-1,50,50,0,0,1,,173.136,
P000,Day,163.243,13.47,3,U_Amb_R,Practice,Unexpected,Amber,Left,176.713,13.439,0.591,0.868,242.936,,64.306,0,,-1,-1,,,-1,50,50,0,0,1,,173.136,
P000,Day,163.243,13.563,3,U_Amb_R,Practice,Unexpected,Amber,Left,176.805,13.531,0.645,0.868,245.654,,64.2,0,,-1,-1,,,-1,50,50,0,0,1,,173.136,
P000,Day,163.243,13.661,3,U_Amb_R,Practice,Unexpected,Amber,Left,176.904,13.63,0.71,0.868,248.439,,64.138,0,,-1,-1,,,-1,50,50,0,0,1,,173.136,
P000,Day,163.243,13.767,3,U_Amb_R,Practice,Unexpected,Amber,Left,177.01,13.736,0.782,0.868,251.519,,64.077,0,,-1,-1,,,-1,50,50,0,0,1,,173.136,
P000,Day,163.243,13.866,3,U_Amb_R,Practice,Unexpected,Amber,Left,177.109,13.835,0.851,0.868,254.352,,63.984,0,,-1,-1,,,-1,50,50,0,0,1,,173.136,
P000,Day,163.243,13.964,3,U_Amb_R,Practice,Unexpected,Amber,Left,177.207,13.933,0.903,0.868,257.14,,63.887,0,,-1,-1,,,-1,50,50,0,0,1,,173.136,
P000,Day,163.243,14.069,3,U_Amb_R,Practice,Unexpected,Amber,Left,177.312,14.038,0.965,0.868,260.116,,63.813,0,,-1,-1,,,-1,50,50,0,0,1,,173.136,
P000,Day,163.243,14.163,3,U_Amb_R,Practice,Unexpected,Amber,Left,177.406,14.132,1.022,0.868,262.821,,63.762,0,,-1,-1,,,-1,50,50,0,0,1,,173.136,
P000,Day,163.243,14.267,3,U_Amb_R,Practice,Unexpected,Amber,Left,177.509,14.235,1.084,0.868,265.772,,63.701,0,,-1,-1,,,-1,50,50,0,0,1,,173.136,
P000,Day,163.243,14.37,3,U_Amb_R,Practice,Unexpected,Amber,Left,177.612,14.338,1.119,0.868,268.66,,63.523,0,,-1,-1,,,-1,50,50,0,0,1,,173.136,
P000,Day,163.243,14.462,3,U_Amb_R,Practice,Unexpected,Amber,Left,177.705,14.431,1.126,0.868,271.284,,63.465,0,,-1,-1,,,-1,50,50,0,0,1,,173.136,
P000,Day,163.243,14.562,3,U_Amb_R,Practice,Unexpected,Amber,Left,177.805,14.531,1.119,0.868,274.172,,63.393,0,,-1,-1,,,-1,50,50,0,0,1,,173.136,
P000,Day,163.243,14.666,3,U_Amb_R,Practice,Unexpected,Amber,Left,177.909,14.635,1.09,0.868,277.101,,63.317,0,,-1,-1,,,-1,50,50,0,0,1,,173.136,
P000,Day,163.243,14.771,3,U_Amb_R,Practice,Unexpected,Amber,Left,178.014,14.74,1.062,0.868,280.037,,63.18,0,,-1,-1,,,-1,50,50,0,0,1,,173.136,
P000,Day,163.243,14.862,3,U_Amb_R,Practice,Unexpected,Amber,Left,178.104,14.83,1.03,0.868,282.637,,63.12,0,,-1,-1,,,-1,50,50,0,0,1,,173.136,
P000,Day,163.243,14.961,3,U_Amb_R,Practice,Unexpected,Amber,Left,178.204,14.93,0.983,0.868,285.402,,63.055,0,,-1,-1,,,-1,50,50,0,0,1,,173.136,
P000,Day,163.243,15.071,3,U_Amb_R,Practice,Unexpected,Amber,Left,178.313,15.039,0.923,0.868,288.485,,62.984,0,,-1,-1,,,-1,50,50,0,0,1,,173.136,
P000,Day,163.243,15.162,3,U_Amb_R,Practice,Unexpected,Amber,Left,178.405,15.13,0.873,0.868,291.056,,62.934,0,,-1,-1,,,-1,50,50,0,0,1,,173.136,
P000,Day,163.243,15.262,3,U_Amb_R,Practice,Unexpected,Amber,Left,178.505,15.231,0.818,0.868,293.911,,62.874,0,,-1,-1,,,-1,50,50,0,0,1,,173.136,
P000,Day,163.243,15.366,3,U_Amb_R,Practice,Unexpected,Amber,Left,178.608,15.334,0.765,0.868,296.817,,62.814,0,,-1,-1,,,-1,50,50,0,0,1,,173.136,
P000,Day,163.243,15.465,3,U_Amb_R,Practice,Unexpected,Amber,Left,178.708,15.434,0.718,0.868,299.604,,62.753,0,,-1,-1,,,-1,50,50,0,0,1,,173.136,
P000,Day,163.243,15.57,3,U_Amb_R,Practice,Unexpected,Amber,Left,178.813,15.539,0.675,0.868,302.508,,62.683,0,,-1,-1,,,-1,50,50,0,0,1,,173.136,
P000,Day,163.243,15.671,3,U_Amb_R,Practice,Unexpected,Amber,Left,178.913,15.639,0.637,0.868,305.312,,62.622,0,,-1,-1,,,-1,50,50,0,0,1,,173.136,
P000,Day,163.243,15.771,3,U_Amb_R,Practice,Unexpected,Amber,Left,179.014,15.74,0.604,0.868,308.13,,62.562,0,,-1,-1,,,-1,50,50,0,0,1,,173.136,
P000,Day,163.243,15.863,3,U_Amb_R,Practice,Unexpected,Amber,Left,179.105,15.831,0.577,0.868,310.742,,62.512,0,,-1,-1,,,-1,50,50,0,0,1,,173.136,
P000,Day,163.243,15.963,3,U_Amb_R,Practice,Unexpected,Amber,Left,179.206,15.932,0.552,0.868,313.54,,62.452,0,,-1,-1,,,-1,50,50,0,0,1,,173.136,
P000,Day,163.243,16.071,3,U_Amb_R,Practice,Unexpected,Amber,Left,179.314,16.04,0.529,0.868,316.506,,62.382,0,,-1,-1,,,-1,50,50,0,0,1,,173.136,
P000,Day,163.243,16.163,3,U_Amb_R,Practice,Unexpected,Amber,Left,179.406,16.132,0.511,0.868,319.129,,62.332,0,,-1,-1,,,-1,50,50,0,0,1,,173.136,
P000,Day,163.243,16.264,3,U_Amb_R,Practice,Unexpected,Amber,Left,179.506,16.232,0.495,0.868,321.924,,62.273,0,,-1,-1,,,-1,50,50,0,0,1,,173.136,
P000,Day,163.243,16.365,3,U_Amb_R,Practice,Unexpected,Amber,Left,179.608,16.334,0.481,0.868,324.743,,62.213,0,,-1,-1,,,-1,50,50,0,0,1,,173.136,
P000,Day,163.243,16.466,3,U_Amb_R,Practice,Unexpected,Amber,Left,179.709,16.435,0.469,0.868,327.558,,62.154,0,,-1,-1,,,-1,50,50,0,0,1,,173.136,
P000,Day,163.243,16.571,3,U_Amb_R,Practice,Unexpected,Amber,Left,179.813,16.539,0.458,0.868,330.403,,62.085,0,,-1,-1,,,-1,50,50,0,0,1,,173.136,
P000,Day,163.243,16.664,3,U_Amb_R,Practice,Unexpected,Amber,Left,179.907,16.633,0.45,0.868,333.042,,62.036,0,,-1,-1,,,-1,50,50,0,0,1,,173.136,
P000,Day,163.243,16.766,3,U_Amb_R,Practice,Unexpected,Amber,Left,180.008,16.734,0.442,0.868,335.863,,61.977,0,,-1,-1,,,-1,50,50,0,0,1,,173.136,
P000,Day,163.243,16.869,3,U_Amb_R,Practice,Unexpected,Amber,Left,180.112,16.838,0.435,0.868,338.685,,61.908,0,,-1,-1,,,-1,50,50,0,0,1,,173.136,
P000,Day,163.243,16.97,3,U_Amb_R,Practice,Unexpected,Amber,Left,180.213,16.939,0.43,0.868,341.478,,61.849,0,,-1,-1,,,-1,50,50,0,0,1,,173.136,
P000,Day,163.243,17.065,3,U_Amb_R,Practice,Unexpected,Amber,Left,180.308,17.034,0.425,0.868,344.148,,61.8,0,,-1,-1,,,-1,50,50,0,0,1,,173.136,
P000,Day,163.243,17.162,3,U_Amb_R,Practice,Unexpected,Amber,Left,180.404,17.13,0.421,0.868,346.77,,61.741,0,,-1,-1,,,-1,50,50,0,0,1,,173.136,
P000,Day,163.243,17.265,3,U_Amb_R,Practice,Unexpected,Amber,Left,180.507,17.233,0.416,0.868,349.653,,61.682,0,,-1,-1,,,-1,50,50,0,0,1,,173.136,
P000,Day,163.243,17.364,3,U_Amb_R,Practice,Unexpected,Amber,Left,180.607,17.333,0.413,0.868,352.401,,61.623,0,,-1,-1,,,-1,50,50,0,0,1,,173.136,
P000,Day,163.243,17.465,3,U_Amb_R,Practice,Unexpected,Amber,Left,180.707,17.433,0.41,0.868,355.16,,61.565,0,,-1,-1,,,-1,50,50,0,0,1,,173.136,
P000,Day,163.243,17.567,3,U_Amb_R,Practice,Unexpected,Amber,Left,180.809,17.535,0.407,0.868,357.971,,61.506,0,,-1,-1,,,-1,50,50,0,0,1,,173.136,
P000,Day,163.243,17.665,3,U_Amb_R,Practice,Unexpected,Amber,Left,180.907,17.633,0.404,0.868,360.662,,61.447,0,,-1,-1,,,-1,50,50,0,0,1,,173.136,
P000,Day,163.243,17.77,3,U_Amb_R,Practice,Unexpected,Amber,Left,181.013,17.739,0.402,0.868,363.509,,61.379,0,,-1,-1,,,-1,50,50,0,0,1,,173.136,
P000,Day,163.243,17.862,3,U_Amb_R,Practice,Unexpected,Amber,Left,181.104,17.83,0.4,0.868,366.028,,61.33,0,,-1,-1,,,-1,50,50,0,0,1,,173.136,
P000,Day,163.243,17.965,3,U_Amb_R,Practice,Unexpected,Amber,Left,181.207,17.933,0.397,0.868,368.892,,61.272,0,,-1,-1,,,-1,50,50,0,0,1,,173.136,
P000,Day,163.243,18.062,3,U_Amb_R,Practice,Unexpected,Amber,Left,181.304,18.03,0.395,0.868,371.513,,61.528,0,,-1,-1,,,-1,50,50,0,0,1,,173.136,
P000,Day,163.243,18.171,3,U_Amb_R,Practice,Unexpected,Amber,Left,181.414,18.14,0.393,0.868,374.539,,62.038,0,,-1,-1,,,-1,50,50,0,0,1,,173.136,
P000,Day,163.243,18.264,3,U_Amb_R,Practice,Unexpected,Amber,Left,181.506,18.232,0.391,0.868,377.139,,62.115,0,,-1,-1,,,-1,50,50,0,0,1,,173.136,
P000,Day,163.243,18.366,3,U_Amb_R,Practice,Unexpected,Amber,Left,181.609,18.335,0.39,0.868,379.981,,62.141,0,,-1,-1,,,-1,50,50,0,0,1,,173.136,
P000,Day,163.243,18.467,3,U_Amb_R,Practice,Unexpected,Amber,Left,181.71,18.436,0.388,0.868,382.798,,62.558,0,,-1,-1,,,-1,50,50,0,0,1,,173.136,
P000,Day,163.243,18.572,3,U_Amb_R,Practice,Unexpected,Amber,Left,181.814,18.54,0.386,0.868,385.694,,63.263,0,,-1,-1,,,-1,50,50,0,0,1,,173.136,
P000,Day,163.243,18.669,3,U_Amb_R,Practice,Unexpected,Amber,Left,181.912,18.638,0.384,0.868,388.472,,63.909,0,,-1,-1,,,-1,50,50,0,0,1,,173.136,
P000,Day,163.243,18.766,3,U_Amb_R,Practice,Unexpected,Amber,Left,182.009,18.735,0.382,0.868,391.291,,64.415,0,,-1,-1,,,-1,50,50,0,0,1,,173.136,
P000,Day,163.243,18.871,3,U_Amb_R,Practice,Unexpected,Amber,Left,182.114,18.84,0.38,0.868,394.287,,64.62,0,,-1,-1,,,-1,50,50,0,0,1,,173.136,
P000,Day,163.243,18.964,3,U_Amb_R,Practice,Unexpected,Amber,Left,182.207,18.933,0.378,0.868,397.017,,64.621,0,,-1,-1,,,-1,50,50,0,0,1,,173.136,
P000,Day,163.243,19.066,3,U_Amb_R,Practice,Unexpected,Amber,Left,182.309,19.035,0.376,0.868,399.952,,64.58,0,,-1,-1,,,-1,50,50,0,0,1,,173.136,
P000,Day,163.243,19.163,3,U_Amb_R,Practice,Unexpected,Amber,Left,182.406,19.132,0.375,0.868,402.718,,64.525,0,,-1,-1,,,-1,50,50,0,0,1,,173.136,
P000,Day,163.243,19.269,3,U_Amb_R,Practice,Unexpected,Amber,Left,182.512,19.238,0.372,0.868,405.765,,64.455,0,,-1,-1,,,-1,50,50,0,0,1,,173.136,
P000,Day,163.243,19.372,3,U_Amb_R,Practice,Unexpected,Amber,Left,182.614,19.34,0.37,0.868,408.719,,64.394,0,,-1,-1,,,-1,50,50,0,0,1,,173.136,
P000,Day,163.243,19.464,3,U_Amb_R,Practice,Unexpected,Amber,Left,182.707,19.433,0.368,0.868,411.434,,64.344,0,,-1,-1,,,-1,50,50,0,0,1,,173.136,
P000,Day,163.243,19.566,3,U_Amb_R,Practice,Unexpected,Amber,Left,182.809,19.534,0.366,0.868,414.353,,64.282,0,,-1,-1,,,-1,50,50,0,0,1,,173.136,
P000,Day,163.243,19.673,3,U_Amb_R,Practice,Unexpected,Amber,Left,182.916,19.642,0.364,0.868,417.374,,64.211,0,,-1,-1,,,-1,50,50,0,0,1,,173.136,
P000,Day,163.243,19.767,3,U_Amb_R,Practice,Unexpected,Amber,Left,183.01,19.736,0.362,0.868,420.126,,64.16,0,,-1,-1,,,-1,50,50,0,0,1,,173.136,
P000,Day,163.243,19.871,3,U_Amb_R,Practice,Unexpected,Amber,Left,183.113,19.839,0.36,0.868,423.055,,64.089,0,,-1,-1,,,-1,50,50,0,0,1,,173.136,
P000,Day,163.243,19.963,3,U_Amb_R,Practice,Unexpected,Amber,Left,183.206,19.932,0.357,0.868,425.747,,64.038,0,,-1,-1,,,-1,50,50,0,0,1,,173.136,
P000,Day,163.243,20.067,3,U_Amb_R,Practice,Unexpected,Amber,Left,183.31,20.036,0.355,0.868,428.727,,63.977,0,,-1,-1,,,-1,50,50,0,0,1,,173.136,
P000,Day,163.243,20.162,3,U_Amb_R,Practice,Unexpected,Amber,Left,183.404,20.13,0.353,0.868,431.388,,63.916,0,,-1,-1,,,-1,50,50,0,0,1,,173.136,
P000,Day,163.243,20.266,3,U_Amb_R,Practice,Unexpected,Amber,Left,183.509,20.235,0.351,0.868,434.406,,63.855,0,,-1,-1,,,-1,50,50,0,0,1,,173.136,
P000,Day,163.243,20.365,3,U_Amb_R,Practice,Unexpected,Amber,Left,183.608,20.334,0.348,0.868,437.235,,63.794,0,,-1,-1,,,-1,50,50,0,0,1,,173.136,
P000,Day,163.243,20.47,3,U_Amb_R,Practice,Unexpected,Amber,Left,183.713,20.439,0.346,0.868,440.167,,63.724,0,,-1,-1,,,-1,50,50,0,0,1,,173.136,
P000,Day,163.243,20.562,3,U_Amb_R,Practice,Unexpected,Amber,Left,183.805,20.531,0.344,0.868,442.851,,63.673,0,,-1,-1,,,-1,50,50,0,0,1,,173.136,
P000,Day,163.243,20.666,3,U_Amb_R,Practice,Unexpected,Amber,Left,183.909,20.635,0.341,0.868,445.809,,63.612,0,,-1,-1,,,-1,50,50,0,0,1,,173.136,
P000,Day,163.243,20.764,3,U_Amb_R,Practice,Unexpected,Amber,Left,184.007,20.733,0.339,0.868,448.585,,63.552,0,,-1,-1,,,-1,50,50,0,0,1,,173.136,
P000,Day,163.243,20.869,3,U_Amb_R,Practice,Unexpected,Amber,Left,184.112,20.838,0.337,0.868,451.524,,63.481,0,,-1,-1,,,-1,50,50,0,0,1,,173.136,
P000,Day,163.243,20.962,3,U_Amb_R,Practice,Unexpected,Amber,Left,184.204,20.93,0.334,0.868,454.156,,63.431,0,,-1,-1,,,-1,50,50,0,0,1,,173.136,
P000,Day,163.243,21.065,3,U_Amb_R,Practice,Unexpected,Amber,Left,184.308,21.034,0.332,0.868,457.129,,63.37,0,,-1,-1,,,-1,50,50,0,0,1,,173.136,
P000,Day,163.243,21.171,3,U_Amb_R,Practice,Unexpected,Amber,Left,184.414,21.14,0.329,0.868,460.092,,63.3,0,,-1,-1,,,-1,50,50,0,0,1,,173.136,
P000,Day,163.243,21.267,3,U_Amb_R,Practice,Unexpected,Amber,Left,184.51,21.236,0.327,0.868,462.846,,63.25,0,,-1,-1,,,-1,50,50,0,0,1,,173.136,
P000,Day,163.243,21.369,3,U_Amb_R,Practice,Unexpected,Amber,Left,184.612,21.338,0.325,0.868,465.691,,63.18,0,,-1,-1,,,-1,50,50,0,0,1,,173.136,
P000,Day,163.243,21.461,3,U_Amb_R,Practice,Unexpected,Amber,Left,184.704,21.43,0.323,0.868,468.294,,63.13,0,,-1,-1,,,-1,50,50,0,0,1,,173.136,
P000,Day,163.243,21.565,3,U_Amb_R,Practice,Unexpected,Amber,Left,184.808,21.534,0.32,0.868,471.256,,63.069,0,,-1,-1,,,-1,50,50,0,0,1,,173.136,
P000,Day,163.243,21.67,3,U_Amb_R,Practice,Unexpected,Amber,Left,184.913,21.639,0.318,0.868,474.177,,62.999,0,,-1,-1,,,-1,50,50,0,0,1,,173.136,
P000,Day,163.243,21.773,3,U_Amb_R,Practice,Unexpected,Amber,Left,185.016,21.742,0.315,0.868,477.06,,62.939,0,,-1,-1,,,-1,50,50,0,0,1,,173.136,
P000,Day,163.243,21.865,3,U_Amb_R,Practice,Unexpected,Amber,Left,185.108,21.834,0.313,0.868,479.715,,62.889,0,,-1,-1,,,-1,50,50,0,0,1,,173.136,
P000,Day,163.243,21.962,3,U_Amb_R,Practice,Unexpected,Amber,Left,185.205,21.931,0.311,0.868,482.389,,62.83,0,,-1,-1,,,-1,50,50,0,0,1,,173.136,
P000,Day,163.243,22.065,3,U_Amb_R,Practice,Unexpected,Amber,Left,185.307,22.033,0.309,0.868,485.313,,62.77,0,,-1,-1,,,-1,50,50,0,0,1,,173.136,
P000,Day,163.243,22.171,3,U_Amb_R,Practice,Unexpected,Amber,Left,185.413,22.139,0.306,0.868,488.236,,62.7,0,,-1,-1,,,-1,50,50,0,0,1,,173.136,
P000,Day,163.243,22.266,3,U_Amb_R,Practice,Unexpected,Amber,Left,185.509,22.235,0.304,0.868,490.952,,62.65,0,,-1,-1,,,-1,50,50,0,0,1,,173.136,
P000,Day,163.243,22.364,3,U_Amb_R,Practice,Unexpected,Amber,Left,185.606,22.332,0.302,0.868,493.686,,62.591,0,,-1,-1,,,-1,50,50,0,0,1,,173.136,
P000,Day,163.243,22.469,3,U_Amb_R,Practice,Unexpected,Amber,Left,185.712,22.438,0.299,0.868,496.603,,62.521,0,,-1,-1,,,-1,50,50,0,0,1,,173.136,
P000,Day,163.243,22.563,3,U_Amb_R,Practice,Unexpected,Amber,Left,185.806,22.532,0.297,0.868,499.265,,62.472,0,,-1,-1,,,-1,50,50,0,0,1,,173.136,
P000,Day,163.243,22.67,3,U_Amb_R,Practice,Unexpected,Amber,Left,185.913,22.638,0.295,0.868,502.202,,62.402,0,,-1,-1,,,-1,50,50,0,0,1,,173.136,
P000,Day,163.243,22.763,3,U_Amb_R,Practice,Unexpected,Amber,Left,186.006,22.732,0.293,0.868,504.849,,62.353,0,,-1,-1,,,-1,50,50,0,0,1,,173.136,
P000,Day,163.243,22.872,3,U_Amb_R,Practice,Unexpected,Amber,Left,186.114,22.84,0.29,0.868,507.822,,62.283,0,,-1,-1,,,-1,50,50,0,0,1,,173.136,
P000,Day,163.243,22.966,3,U_Amb_R,Practice,Unexpected,Amber,Left,186.208,22.934,0.288,0.868,510.487,,62.234,0,,-1,-1,,,-1,50,50,0,0,1,,173.136,
P000,Day,163.243,23.071,3,U_Amb_R,Practice,Unexpected,Amber,Left,186.313,23.039,0.286,0.868,513.352,,62.165,0,,-1,-1,,,-1,50,50,0,0,1,,173.136,
P000,Day,163.243,23.166,3,U_Amb_R,Practice,Unexpected,Amber,Left,186.409,23.134,0.283,0.868,516.045,,62.116,0,,-1,-1,,,-1,50,50,0,0,1,,173.136,
P000,Day,163.243,23.262,3,U_Amb_R,Practice,Unexpected,Amber,Left,186.505,23.231,0.281,0.868,518.726,,62.056,0,,-1,-1,,,-1,50,50,0,0,1,,173.136,
P000,Day,163.243,23.364,3,U_Amb_R,Practice,Unexpected,Amber,Left,186.607,23.333,0.279,0.868,521.54,,61.997,0,,-1,-1,,,-1,50,50,0,0,1,,173.136,
P000,Day,163.243,23.47,3,U_Amb_R,Practice,Unexpected,Amber,Left,186.713,23.439,0.276,0.868,524.452,,61.929,0,,-1,-1,,,-1,50,50,0,0,1,,173.136,
P000,Day,163.243,23.563,3,U_Amb_R,Practice,Unexpected,Amber,Left,186.806,23.532,0.274,0.868,527.061,,61.879,0,,-1,-1,,,-1,50,50,0,0,1,,173.136,
P000,Day,163.243,23.67,3,U_Amb_R,Practice,Unexpected,Amber,Left,186.913,23.639,0.272,0.868,529.98,,61.811,0,,-1,-1,,,-1,50,50,0,0,1,,173.136,
P000,Day,163.243,23.764,3,U_Amb_R,Practice,Unexpected,Amber,Left,187.007,23.733,0.27,0.868,532.612,,61.762,0,,-1,-1,,,-1,50,50,0,0,1,,173.136,
P000,Day,163.243,23.867,3,U_Amb_R,Practice,Unexpected,Amber,Left,187.11,23.836,0.268,0.868,535.446,,61.703,0,,-1,-1,,,-1,50,50,0,0,1,,173.136,
P000,Day,163.243,23.963,3,U_Amb_R,Practice,Unexpected,Amber,Left,187.206,23.932,0.265,0.868,538.107,,61.644,0,,-1,-1,,,-1,50,50,0,0,1,,173.136,
P000,Day,163.243,24.067,3,U_Amb_R,Practice,Unexpected,Amber,Left,187.31,24.036,0.263,0.868,540.959,,61.585,0,,-1,-1,,,-1,50,50,0,0,1,,173.136,
P000,Day,163.243,24.162,3,U_Amb_R,Practice,Unexpected,Amber,Left,187.405,24.131,0.261,0.868,543.54,,61.527,0,,-1,-1,,,-1,50,50,0,0,1,,173.136,
P000,Day,163.243,24.271,3,U_Amb_R,Practice,Unexpected,Amber,Left,187.513,24.239,0.259,0.868,546.517,,61.458,0,,-1,-1,,,-1,50,50,0,0,1,,173.136,
P000,Day,163.243,24.37,3,U_Amb_R,Practice,Unexpected,Amber,Left,187.613,24.339,0.256,0.868,549.247,,61.4,0,,-1,-1,,,-1,50,50,0,0,1,,173.136,
P000,Day,163.243,24.464,3,U_Amb_R,Practice,Unexpected,Amber,Left,187.707,24.433,0.254,0.868,551.872,,61.351,0,,-1,-1,,,-1,50,50,0,0,1,,173.136,
P000,Day,163.243,24.571,3,U_Amb_R,Practice,Unexpected,Amber,Left,187.814,24.54,0.252,0.868,554.757,,61.283,0,,-1,-1,,,-1,50,50,0,0,1,,173.136,
P000,Day,163.243,24.671,3,U_Amb_R,Practice,Unexpected,Amber,Left,187.914,24.64,0.25,0.868,557.497,,61.225,0,,-1,-1,,,-1,50,50,0,0,1,,173.136,
P000,Day,163.243,24.765,3,U_Amb_R,Practice,Unexpected,Amber,Left,188.008,24.734,0.248,0.868,560.115,,61.176,0,,-1,-1,,,-1,50,50,0,0,1,,173.136,
P000,Day,163.243,24.864,3,U_Amb_R,Practice,Unexpected,Amber,Left,188.106,24.832,0.245,0.868,562.807,,61.118,0,,-1,-1,,,-1,50,50,0,0,1,,173.136,
P000,Day,163.243,24.963,3,U_Amb_R,Practice,Unexpected,Amber,Left,188.205,24.931,0.243,0.868,565.51,,61.06,0,,-1,-1,,,-1,50,50,0,0,1,,173.136,
P000,Day,163.243,25.067,3,U_Amb_R,Practice,Unexpected,Amber,Left,188.309,25.035,0.241,0.868,568.351,,61.002,0,,-1,-1,,,-1,50,50,0,0,1,,173.136,
P000,Day,163.243,25.169,3,U_Amb_R,Practice,Unexpected,Amber,Left,188.412,25.138,0.239,0.868,571.11,,60.934,0,,-1,-1,,,-1,50,50,0,0,1,,173.136,
P000,Day,163.243,25.265,3,U_Amb_R,Practice,Unexpected,Amber,Left,188.508,25.234,0.237,0.868,573.763,,60.885,0,,-1,-1,,,-1,50,50,0,0,1,,173.136,
P000,Day,163.243,25.362,3,U_Amb_R,Practice,Unexpected,Amber,Left,188.605,25.331,0.234,0.868,576.402,,60.828,0,,-1,-1,,,-1,50,50,0,0,1,,173.136,
P000,Day,163.243,25.466,3,U_Amb_R,Practice,Unexpected,Amber,Left,188.709,25.435,0.232,0.868,579.225,,60.77,0,,-1,-1,,,-1,50,50,0,0,1,,173.136,
P000,Day,163.243,25.563,3,U_Amb_R,Practice,Unexpected,Amber,Left,188.805,25.531,0.23,0.868,581.84,,60.712,0,,-1,-1,,,-1,50,50,0,0,1,,173.136,
P000,Day,163.243,25.669,3,U_Amb_R,Practice,Unexpected,Amber,Left,188.912,25.638,0.228,0.868,584.701,,60.644,0,,-1,-1,,,-1,50,50,0,0,1,,173.136,
P000,Day,163.243,25.766,3,U_Amb_R,Practice,Unexpected,Amber,Left,189.008,25.734,0.226,0.868,587.344,,60.596,0,,-1,-1,,,-1,50,50,0,0,1,,173.136,
P000,Day,163.243,25.864,3,U_Amb_R,Practice,Unexpected,Amber,Left,189.107,25.833,0.223,0.868,590.021,,60.539,0,,-1,-1,,,-1,50,50,0,0,1,,173.136,
P000,Day,163.243,25.964,3,U_Amb_R,Practice,Unexpected,Amber,Left,189.207,25.933,0.221,0.868,592.722,,60.481,0,,-1,-1,,,-1,50,50,0,0,1,,173.136,
P000,Day,163.243,26.071,3,U_Amb_R,Practice,Unexpected,Amber,Left,189.314,26.04,0.219,0.868,595.573,,60.414,0,,-1,-1,,,-1,50,50,0,0,1,,173.136,
P000,Day,163.243,26.162,3,U_Amb_R,Practice,Unexpected,Amber,Left,189.405,26.131,0.217,0.868,598.026,,60.366,0,,-1,-1,,,-1,50,50,0,0,1,,173.136,
P000,Day,163.243,26.27,3,U_Amb_R,Practice,Unexpected,Amber,Left,189.512,26.238,0.215,0.868,600.933,,60.299,0,,-1,-1,,,-1,50,50,0,0,1,,173.136,
P000,Day,163.243,26.365,3,U_Amb_R,Practice,Unexpected,Amber,Left,189.607,26.333,0.213,0.868,603.529,,60.251,0,,-1,-1,,,-1,50,50,0,0,1,,173.136,
P000,Day,163.243,26.466,3,U_Amb_R,Practice,Unexpected,Amber,Left,189.709,26.435,0.21,0.868,606.258,,60.194,0,,-1,-1,,,-1,50,50,0,0,1,,173.136,
P000,Day,163.243,26.567,3,U_Amb_R,Practice,Unexpected,Amber,Left,189.809,26.535,0.208,0.868,608.964,,60.175,0,,-1,-1,,,-1,50,50,0,0,1,,173.136,
P000,Day,163.243,26.664,3,U_Amb_R,Practice,Unexpected,Amber,Left,189.907,26.633,0.206,0.868,611.585,,60.588,0,,-1,-1,,,-1,50,50,0,0,1,,173.136,
P000,Day,163.243,26.763,3,U_Amb_R,Practice,Unexpected,Amber,Left,190.006,26.732,0.204,0.868,614.281,,61.189,0,,-1,-1,,,-1,50,50,0,0,1,,173.136,
P000,Day,163.243,26.871,3,U_Amb_R,Practice,Unexpected,Amber,Left,190.114,26.84,0.202,0.868,617.221,,61.943,0,,-1,-1,,,-1,50,50,0,0,1,,173.136,
P000,Day,163.243,26.967,3,U_Amb_R,Practice,Unexpected,Amber,Left,190.21,26.935,0.2,0.868,619.923,,62.488,0,,-1,-1,,,-1,50,50,0,0,1,,173.136,
P000,Day,163.243,27.069,3,U_Amb_R,Practice,Unexpected,Amber,Left,190.312,27.038,0.197,0.868,622.752,,63.255,0,,-1,-1,,,-1,50,50,0,0,1,,173.136,
P000,Day,163.243,27.172,3,U_Amb_R,Practice,Unexpected,Amber,Left,190.415,27.141,0.195,0.868,625.669,,63.912,0,,-1,-1,,,-1,50,50,0,0,1,,173.136,
P000,Day,163.243,27.264,3,U_Amb_R,Practice,Unexpected,Amber,Left,190.507,27.233,0.193,0.868,628.356,,64.46,0,,-1,-1,,,-1,50,50,0,0,1,,173.136,
P000,Day,163.243,27.366,3,U_Amb_R,Practice,Unexpected,Amber,Left,190.609,27.335,0.19,0.868,631.315,,65.118,0,,-1,-1,,,-1,50,50,0,0,1,,173.136,
P000,Day,163.243,27.472,3,U_Amb_R,Practice,Unexpected,Amber,Left,190.715,27.441,0.188,0.868,634.371,,65.876,0,,-1,-1,,,-1,50,50,0,0,1,,173.136,
P000,Day,163.243,27.571,3,U_Amb_R,Practice,Unexpected,Amber,Left,190.813,27.539,0.185,0.868,637.282,,66.144,0,,-1,-1,,,-1,50,50,0,0,1,,173.136,
P000,Day,163.243,27.667,3,U_Amb_R,Practice,Unexpected,Amber,Left,190.909,27.635,0.182,0.868,640.174,,66.175,0,,-1,-1,,,-1,50,50,0,0,1,,173.136,
P000,Day,163.243,27.765,3,U_Amb_R,Practice,Unexpected,Amber,Left,191.007,27.733,0.18,0.868,643.076,,66.145,0,,-1,-1,,,-1,50,50,0,0,1,,173.136,
P000,Day,163.243,27.862,3,U_Amb_R,Practice,Unexpected,Amber,Left,191.105,27.831,0.177,0.868,645.952,,66.093,0,,-1,-1,,,-1,50,50,0,0,1,,173.136,
P000,Day,163.243,27.965,3,U_Amb_R,Practice,Unexpected,Amber,Left,191.208,27.934,0.174,0.868,648.989,,66.033,0,,-1,-1,,,-1,50,50,0,0,1,,173.136,
P000,Day,163.243,28.065,3,U_Amb_R,Practice,Unexpected,Amber,Left,191.307,28.033,0.171,0.868,651.929,,65.971,0,,-1,-1,,,-1,50,50,0,0,1,,173.136,
P000,Day,163.243,28.163,3,U_Amb_R,Practice,Unexpected,Amber,Left,191.406,28.132,0.168,0.868,654.83,,65.909,0,,-1,-1,,,-1,50,50,0,0,1,,173.136,
P000,Day,163.243,28.264,3,U_Amb_R,Practice,Unexpected,Amber,Left,191.507,28.233,0.164,0.868,657.807,,65.702,0,,-1,-1,,,-1,50,50,0,0,1,,173.136,
P000,Day,163.243,28.365,3,U_Amb_R,Practice,Unexpected,Amber,Left,191.607,28.333,0.161,0.868,660.747,,65.225,0,,-1,-1,,,-1,50,50,0,0,1,,173.136,
P000,Day,163.243,28.474,3,U_Amb_R,Practice,Unexpected,Amber,Left,191.717,28.443,0.158,0.868,663.872,,65.017,0,,-1,-1,,,-1,50,50,0,0,1,,173.136,
P000,Day,163.243,28.566,3,U_Amb_R,Practice,Unexpected,Amber,Left,191.809,28.535,0.155,0.868,666.597,,64.94,0,,-1,-1,,,-1,50,50,0,0,1,,173.136,
P000,Day,163.243,28.674,3,U_Amb_R,Practice,Unexpected,Amber,Left,191.917,28.643,0.151,0.868,669.684,,64.857,0,,-1,-1,,,-1,50,50,0,0,1,,173.136,
P000,Day,163.243,28.765,3,U_Amb_R,Practice,Unexpected,Amber,Left,192.007,28.733,0.148,0.868,672.364,,65.025,0,,-1,-1,,,-1,50,50,0,0,1,,173.136,
P000,Day,163.243,28.865,3,U_Amb_R,Practice,Unexpected,Amber,Left,192.108,28.834,0.145,0.868,675.302,,65.395,0,,-1,-1,,,-1,50,50,0,0,1,,173.136,
P000,Day,163.243,28.965,3,U_Amb_R,Practice,Unexpected,Amber,Left,192.208,28.934,0.141,0.868,678.22,,65.467,0,,-1,-1,,,-1,50,50,0,0,1,,173.136,
P000,Day,163.243,29.065,3,U_Amb_R,Practice,Unexpected,Amber,Left,192.308,29.034,0.138,0.868,681.152,,65.444,0,,-1,-1,,,-1,50,50,0,0,1,,173.136,
P000,Day,163.243,29.166,3,U_Amb_R,Practice,Unexpected,Amber,Left,192.408,29.134,0.134,0.868,684.083,,65.393,0,,-1,-1,,,-1,50,50,0,0,1,,173.136,
P000,Day,163.243,29.264,3,U_Amb_R,Practice,Unexpected,Amber,Left,192.507,29.233,0.131,0.868,686.963,,65.334,0,,-1,-1,,,-1,50,50,0,0,1,,173.136,
P000,Day,163.243,29.363,3,U_Amb_R,Practice,Unexpected,Amber,Left,192.606,29.332,0.127,0.868,689.807,,65.273,0,,-1,-1,,,-1,50,50,0,0,1,,173.136,
P000,Day,163.243,29.464,3,U_Amb_R,Practice,Unexpected,Amber,Left,192.707,29.433,0.124,0.868,692.804,,65.211,0,,-1,-1,,,-1,50,50,0,0,1,,173.136,
P000,Day,163.243,29.565,3,U_Amb_R,Practice,Unexpected,Amber,Left,192.808,29.534,0.12,0.868,695.733,,65.149,0,,-1,-1,,,-1,50,50,0,0,1,,173.136,
P000,Day,163.243,29.667,3,U_Amb_R,Practice,Unexpected,Amber,Left,192.91,29.636,0.117,0.868,698.705,,65.087,0,,-1,-1,,,-1,50,50,0,0,1,,173.136,
P000,Day,163.243,29.766,3,U_Amb_R,Practice,Unexpected,Amber,Left,193.009,29.735,0.113,0.868,701.582,,65.025,0,,-1,-1,,,-1,50,50,0,0,1,,173.136,
P000,Day,163.243,29.865,3,U_Amb_R,Practice,Unexpected,Amber,Left,193.108,29.834,0.11,0.868,704.463,,64.963,0,,-1,-1,,,-1,50,50,0,0,1,,173.136,
P000,Day,163.243,29.963,3,U_Amb_R,Practice,Unexpected,Amber,Left,193.206,29.932,0.106,0.868,707.307,,64.902,0,,-1,-1,,,-1,50,50,0,0,1,,173.136,
P000,Day,163.243,30.072,3,U_Amb_R,Practice,Unexpected,Amber,Left,193.314,30.04,0.102,0.868,710.408,,64.83,0,,-1,-1,,,-1,50,50,0,0,1,,173.136,
P000,Day,163.243,30.164,3,U_Amb_R,Practice,Unexpected,Amber,Left,193.406,30.132,0.099,0.868,713.119,,64.787,0,,-1,-1,,,-1,50,50,0,0,1,,173.136,
P000,Day,163.243,30.264,3,U_Amb_R,Practice,Unexpected,Amber,Left,193.507,30.233,0.096,0.868,716.044,,65.073,0,,-1,-1,,,-1,50,50,0,0,1,,173.136,
P000,Day,163.243,30.363,3,U_Amb_R,Practice,Unexpected,Amber,Left,193.606,30.332,0.092,0.868,718.929,,65.188,0,,-1,-1,,,-1,50,50,0,0,1,,173.136,
P000,Day,163.243,30.463,3,U_Amb_R,Practice,Unexpected,Amber,Left,193.705,30.431,0.089,0.868,721.821,,65.175,0,,-1,-1,,,-1,50,50,0,0,1,,173.136,
P000,Day,163.243,30.575,3,U_Amb_R,Practice,Unexpected,Amber,Left,193.818,30.544,0.085,0.868,725.025,,65.119,0,,-1,-1,,,-1,50,50,0,0,1,,173.136,
P000,Day,163.243,30.667,3,U_Amb_R,Practice,Unexpected,Amber,Left,193.909,30.635,0.081,0.868,727.759,,65.07,0,,-1,-1,,,-1,50,50,0,0,1,,173.136,
P000,Day,163.243,30.773,3,U_Amb_R,Practice,Unexpected,Amber,Left,194.016,30.742,0.077,0.868,730.801,,64.999,0,,-1,-1,,,-1,50,50,0,0,1,,173.136,
P000,Day,163.243,30.872,3,U_Amb_R,Practice,Unexpected,Amber,Left,194.115,30.841,0.074,0.868,733.689,,64.938,0,,-1,-1,,,-1,50,50,0,0,1,,173.136,
P000,Day,163.243,30.974,3,U_Amb_R,Practice,Unexpected,Amber,Left,194.217,30.943,0.08,0.868,736.648,,64.801,0,,-1,-1,,,-1,50,50,0,0,1,,173.136,
P000,Day,163.243,31.063,3,U_Amb_R,Practice,Unexpected,Amber,Left,194.306,31.032,0.106,0.868,739.231,,64.744,0,,-1,-1,,,-1,50,50,0,0,1,,173.136,
P000,Day,163.243,31.166,3,U_Amb_R,Practice,Unexpected,Amber,Left,194.408,31.134,0.142,0.868,742.236,,64.678,0,,-1,-1,,,-1,50,50,0,0,1,,173.136,
P000,Day,163.243,31.27,3,U_Amb_R,Practice,Unexpected,Amber,Left,194.513,31.239,0.189,0.868,745.222,,64.6,0,,-1,-1,,,-1,50,50,0,0,1,,173.136,
P000,Day,163.243,31.362,3,U_Amb_R,Practice,Unexpected,Amber,Left,194.605,31.331,0.233,0.868,747.868,,64.493,0,,-1,-1,,,-1,50,50,0,0,1,,173.136,
P000,Day,163.243,31.465,3,U_Amb_R,Practice,Unexpected,Amber,Left,194.708,31.434,0.263,0.868,750.877,,64.399,0,,-1,-1,,,-1,50,50,0,0,1,,173.136,
P000,Day,163.243,31.566,3,U_Amb_R,Practice,Unexpected,Amber,Left,194.808,31.534,0.298,0.868,753.764,,64.335,0,,-1,-1,,,-1,50,50,0,0,1,,173.136,
P000,Day,163.243,31.664,3,U_Amb_R,Practice,Unexpected,Amber,Left,194.907,31.633,0.331,0.868,756.59,,64.272,0,,-1,-1,,,-1,50,50,0,0,1,,173.136,
P000,Day,163.243,31.767,3,U_Amb_R,Practice,Unexpected,Amber,Left,195.01,31.736,0.358,0.868,759.545,,64.209,0,,-1,-1,,,-1,50,50,0,0,1,,173.136,
P000,Day,163.243,31.873,3,U_Amb_R,Practice,Unexpected,Amber,Left,195.116,31.842,0.375,0.868,762.544,,64.491,0,,-1,-1,,,-1,50,50,0,0,1,,173.136,
P000,Day,163.243,31.973,3,U_Amb_R,Practice,Unexpected,Amber,Left,195.216,31.942,0.379,0.868,765.438,,64.601,0,,-1,-1,,,-1,50,50,0,0,1,,173.136,
P000,Day,163.243,32.064,3,U_Amb_R,Practice,Unexpected,Amber,Left,195.307,32.033,0.371,0.868,768.121,,64.628,0,,-1,-1,,,-1,50,50,0,0,1,,173.136,
P000,Day,163.243,32.163,3,U_Amb_R,Practice,Unexpected,Amber,Left,195.406,32.132,0.352,0.868,770.955,,65.027,0,,-1,-1,,,-1,50,50,0,0,1,,173.136,
P000,Day,163.243,32.271,3,U_Amb_R,Practice,Unexpected,Amber,Left,195.513,32.239,0.346,0.868,774.068,,65.161,0,,-1,-1,,,-1,50,50,0,0,1,,173.136,
P000,Day,163.243,32.373,3,U_Amb_R,Practice,Unexpected,Amber,Left,195.616,32.342,0.347,0.868,777.035,,65.154,0,,-1,-1,,,-1,50,50,0,0,1,,173.136,
P000,Day,163.243,32.462,3,U_Amb_R,Practice,Unexpected,Amber,Left,195.705,32.431,0.349,0.868,779.653,,65.116,0,,-1,-1,,,-1,50,50,0,0,1,,173.136,
P000,Day,163.243,32.563,3,U_Amb_R,Practice,Unexpected,Amber,Left,195.805,32.531,0.358,0.868,782.578,,65.057,0,,-1,-1,,,-1,50,50,0,0,1,,173.136,
P000,Day,163.243,32.673,3,U_Amb_R,Practice,Unexpected,Amber,Left,195.915,32.641,0.382,0.868,785.735,,64.968,0,,-1,-1,,,-1,50,50,0,0,1,,173.136,
P000,Day,163.243,32.771,3,U_Amb_R,Practice,Unexpected,Amber,Left,196.014,32.74,0.397,0.868,788.62,,64.871,0,,-1,-1,,,-1,50,50,0,0,1,,173.136,
P000,Day,163.243,32.874,3,U_Amb_R,Practice,Unexpected,Amber,Left,196.117,32.843,0.422,0.868,791.599,,64.805,0,,-1,-1,,,-1,50,50,0,0,1,,173.136,
P000,Day,163.243,32.973,3,U_Amb_R,Practice,Unexpected,Amber,Left,196.216,32.942,0.454,0.868,794.478,,64.742,0,,-1,-1,,,-1,50,50,0,0,1,,173.136,
P000,Day,163.243,33.071,3,U_Amb_R,Practice,Unexpected,Amber,Left,196.314,33.04,0.488,0.868,797.328,,64.68,0,,-1,-1,,,-1,50,50,0,0,1,,173.136,
P000,Day,163.243,33.165,3,U_Amb_R,Practice,Unexpected,Amber,Left,196.408,33.134,0.529,0.868,800.069,,64.572,0,,-1,-1,,,-1,50,50,0,0,1,,173.136,
P000,Day,163.243,33.266,3,U_Amb_R,Practice,Unexpected,Amber,Left,196.508,33.234,0.589,0.868,802.979,,64.505,0,,-1,-1,,,-1,50,50,0,0,1,,173.136,
P000,Day,163.243,33.363,3,U_Amb_R,Practice,Unexpected,Amber,Left,196.606,33.332,0.65,0.868,805.781,,64.442,0,,-1,-1,,,-1,50,50,0,0,1,,173.136,
P000,Day,163.243,33.47,3,U_Amb_R,Practice,Unexpected,Amber,Left,196.712,33.438,0.722,0.868,808.803,,64.368,0,,-1,-1,,,-1,50,50,0,0,1,,173.136,
P000,Day,163.243,33.573,3,U_Amb_R,Practice,Unexpected,Amber,Left,196.816,33.542,0.781,0.868,811.783,,64.241,0,,-1,-1,,,-1,50,50,0,0,1,,173.136,
P000,Day,163.243,33.666,3,U_Amb_R,Practice,Unexpected,Amber,Left,196.908,33.634,0.83,0.868,814.472,,64.187,0,,-1,-1,,,-1,50,50,0,0,1,,173.136,
P000,Day,163.243,33.769,3,U_Amb_R,Practice,Unexpected,Amber,Left,197.012,33.738,0.885,0.868,817.411,,64.114,0,,-1,-1,,,-1,50,50,0,0,1,,173.136,
P000,Day,163.243,33.874,3,U_Amb_R,Practice,Unexpected,Amber,Left,197.116,33.842,0.938,0.868,820.386,,64.052,0,,-1,-1,,,-1,50,50,0,0,1,,173.136,
P000,Day,163.243,33.964,3,U_Amb_R,Practice,Unexpected,Amber,Left,197.206,33.932,0.979,0.868,823.009,,64,0,,-1,-1,,,-1,50,50,0,0,1,,173.136,
P000,Day,163.243,34.065,3,U_Amb_R,Practice,Unexpected,Amber,Left,197.307,34.033,1.017,0.868,825.902,,63.937,0,,-1,-1,,,-1,50,50,0,0,1,,173.136,
P000,Day,163.243,34.173,3,U_Amb_R,Practice,Unexpected,Amber,Left,197.416,34.142,1.048,0.868,828.956,,63.863,0,,-1,-1,,,-1,50,50,0,0,1,,173.136,
P000,Day,163.243,34.263,3,U_Amb_R,Practice,Unexpected,Amber,Left,197.506,34.232,1.066,0.868,831.561,,63.811,0,,-1,-1,,,-1,50,50,0,0,1,,173.136,
P000,Day,163.243,34.367,3,U_Amb_R,Practice,Unexpected,Amber,Left,197.61,34.336,1.064,0.868,834.537,,63.659,0,,-1,-1,,,-1,50,50,0,0,1,,173.136,
P000,Day,163.243,34.464,3,U_Amb_R,Practice,Unexpected,Amber,Left,197.707,34.432,1.028,0.868,837.281,,63.566,0,,-1,-1,,,-1,50,50,0,0,1,,173.136,
P000,Day,163.243,34.565,3,U_Amb_R,Practice,Unexpected,Amber,Left,197.808,34.534,0.976,0.868,840.161,,63.494,0,,-1,-1,,,-1,50,50,0,0,1,,173.136,
P000,Day,163.243,34.665,3,U_Amb_R,Practice,Unexpected,Amber,Left,197.908,34.634,0.904,0.868,842.998,,63.418,0,,-1,-1,,,-1,50,50,0,0,1,,173.136,
P000,Day,163.243,34.769,3,U_Amb_R,Practice,Unexpected,Amber,Left,198.012,34.738,0.814,0.868,845.901,,63.292,0,,-1,-1,,,-1,50,50,0,0,1,,173.136,
P000,Day,163.243,34.872,3,U_Amb_R,Practice,Unexpected,Amber,Left,198.115,34.841,0.738,0.868,848.785,,63.198,0,,-1,-1,,,-1,50,50,0,0,1,,173.136,
P000,Day,163.243,34.964,3,U_Amb_R,Practice,Unexpected,Amber,Left,198.206,34.932,0.656,0.868,851.437,,63.143,0,,-1,-1,,,-1,50,50,0,0,1,,173.136,
P000,Day,163.243,35.067,3,U_Amb_R,Practice,Unexpected,Amber,Left,198.31,35.036,0.56,0.868,854.351,,63.169,0,,-1,-1,,,-1,50,50,0,0,1,,173.136,
P000,Day,163.243,35.173,3,U_Amb_R,Practice,Unexpected,Amber,Left,198.416,35.142,0.465,0.868,857.301,,63.564,0,,-1,-1,,,-1,50,50,0,0,1,,173.136,
P000,Day,163.243,35.276,3,U_Amb_R,Practice,Unexpected,Amber,Left,198.519,35.245,0.376,0.868,860.228,,63.624,0,,-1,-1,,,-1,50,50,0,0,1,,173.136,
P000,Day,163.243,35.364,3,U_Amb_R,Practice,Unexpected,Amber,Left,198.607,35.333,0.306,0.868,862.781,,63.603,0,,-1,-1,,,-1,50,50,0,0,1,,173.136,
P000,Day,163.243,35.472,3,U_Amb_R,Practice,Unexpected,Amber,Left,198.714,35.44,0.232,0.868,865.802,,63.542,0,,-1,-1,,,-1,50,50,0,0,1,,173.136,
P000,Day,163.243,35.563,3,U_Amb_R,Practice,Unexpected,Amber,Left,198.806,35.532,0.178,0.868,868.398,,63.469,0,,-1,-1,,,-1,50,50,0,0,1,,173.136,
P000,Day,163.243,35.667,3,U_Amb_R,Practice,Unexpected,Amber,Left,198.91,35.636,0.157,0.868,871.367,,63.313,0,,-1,-1,,,-1,50,50,0,0,1,,173.136,
P000,Day,163.243,35.769,3,U_Amb_R,Practice,Unexpected,Amber,Left,199.012,35.738,0.159,0.868,874.233,,63.229,0,,-1,-1,,,-1,50,50,0,0,1,,173.136,
P000,Day,163.243,35.871,3,U_Amb_R,Practice,Unexpected,Amber,Left,199.114,35.84,0.181,0.868,877.111,,63.153,0,,-1,-1,,,-1,50,50,0,0,1,,173.136,
P000,Day,163.243,35.962,3,U_Amb_R,Practice,Unexpected,Amber,Left,199.205,35.931,0.221,0.868,879.675,,63.088,0,,-1,-1,,,-1,50,50,0,0,1,,173.136,
P000,Day,163.243,36.073,3,U_Amb_R,Practice,Unexpected,Amber,Left,199.316,36.042,0.297,0.868,882.781,,62.996,0,,-1,-1,,,-1,50,50,0,0,1,,173.136,
P000,Day,163.243,36.173,3,U_Amb_R,Practice,Unexpected,Amber,Left,199.416,36.142,0.389,0.868,885.604,,62.9,0,,-1,-1,,,-1,50,50,0,0,1,,173.136,
P000,Day,163.243,36.273,3,U_Amb_R,Practice,Unexpected,Amber,Left,199.515,36.241,0.471,0.868,888.401,,62.797,0,,-1,-1,,,-1,50,50,0,0,1,,173.136,
P000,Day,163.243,36.372,3,U_Amb_R,Practice,Unexpected,Amber,Left,199.614,36.34,0.562,0.868,891.176,,62.731,0,,-1,-1,,,-1,50,50,0,0,1,,173.136,
P000,Day,163.243,36.474,3,U_Amb_R,Practice,Unexpected,Amber,Left,199.717,36.442,0.662,0.868,894.035,,62.671,0,,-1,-1,,,-1,50,50,0,0,1,,173.136,
P000,Day,163.243,36.564,3,U_Amb_R,Practice,Unexpected,Amber,Left,199.807,36.533,0.751,0.868,896.61,,62.621,0,,-1,-1,,,-1,50,50,0,0,1,,173.136,
P000,Day,163.243,36.666,3,U_Amb_R,Practice,Unexpected,Amber,Left,199.908,36.634,0.845,0.868,899.453,,62.56,0,,-1,-1,,,-1,50,50,0,0,1,,173.136,
P000,Day,163.243,36.765,3,U_Amb_R,Practice,Unexpected,Amber,Left,200.008,36.734,0.93,0.868,902.237,,62.498,0,,-1,-1,,,-1,50,50,0,0,1,,173.136,
P000,Day,163.243,36.867,3,U_Amb_R,Practice,Unexpected,Amber,Left,200.11,36.835,1.008,0.868,905.071,,62.436,0,,-1,-1,,,-1,50,50,0,0,1,,173.136,
P000,Day,163.243,36.967,3,U_Amb_R,Practice,Unexpected,Amber,Left,200.21,36.936,1.076,0.868,907.877,,62.374,0,,-1,-1,,,-1,50,50,0,0,1,,173.136,
P000,Day,163.243,37.07,3,U_Amb_R,Practice,Unexpected,Amber,Left,200.313,37.039,1.136,0.868,910.707,,62.302,0,,-1,-1,,,-1,50,50,0,0,1,,173.136,
P000,Day,163.243,37.163,3,U_Amb_R,Practice,Unexpected,Amber,Left,200.406,37.132,1.183,0.868,913.284,,62.251,0,,-1,-1,,,-1,50,50,0,0,1,,173.136,
P000,Day,163.243,37.271,3,U_Amb_R,Practice,Unexpected,Amber,Left,200.514,37.24,1.226,0.868,916.282,,62.115,0,,-1,-1,,,-1,50,50,0,0,1,,173.136,
P000,Day,163.243,37.363,3,U_Amb_R,Practice,Unexpected,Amber,Left,200.606,37.332,1.223,0.868,918.849,,61.996,0,,-1,-1,,,-1,50,50,0,0,1,,173.136,
P000,Day,163.243,37.464,3,U_Amb_R,Practice,Unexpected,Amber,Left,200.706,37.432,1.201,0.868,921.671,,61.926,0,,-1,-1,,,-1,50,50,0,0,1,,173.136,
P000,Day,163.243,37.573,3,U_Amb_R,Practice,Unexpected,Amber,Left,200.816,37.542,1.157,0.868,924.64,,62.152,0,,-1,-1,,,-1,50,50,0,0,1,,173.136,
P000,Day,163.243,37.675,3,U_Amb_R,Practice,Unexpected,Amber,Left,200.918,37.644,1.088,0.868,927.477,,62.376,0,,-1,-1,,,-1,50,50,0,0,1,,173.136,
P000,Day,163.243,37.77,3,U_Amb_R,Practice,Unexpected,Amber,Left,201.013,37.739,0.999,0.868,930.142,,62.688,0,,-1,-1,,,-1,50,50,0,0,1,,173.136,
P000,Day,163.243,37.874,3,U_Amb_R,Practice,Unexpected,Amber,Left,201.116,37.842,0.876,0.868,933.049,,62.942,0,,-1,-1,,,-1,50,50,0,0,1,,173.136,
P000,Day,163.243,37.974,3,U_Amb_R,Practice,Unexpected,Amber,Left,201.216,37.942,0.733,0.868,935.865,,63.346,0,,-1,-1,,,-1,50,50,0,0,1,,173.136,
P000,Day,163.243,38.067,3,U_Amb_R,Practice,Unexpected,Amber,Left,201.31,38.036,0.577,0.868,938.571,,63.731,0,,-1,-1,,,-1,50,50,0,0,1,,173.136,
P000,Day,163.243,38.174,3,U_Amb_R,Practice,Unexpected,Amber,Left,201.416,38.142,0.423,0.868,941.544,,63.792,0,,-1,-1,,,-1,50,50,0,0,1,,173.136,
P000,Day,163.243,38.262,3,U_Amb_R,Practice,Unexpected,Amber,Left,201.505,38.231,0.292,0.868,944.082,,63.774,0,,-1,-1,,,-1,50,50,0,0,1,,173.136,
P000,Day,163.243,38.364,3,U_Amb_R,Practice,Unexpected,Amber,Left,201.606,38.332,0.139,0.868,947.009,,63.726,0,,-1,-1,,,-1,50,50,0,0,1,,173.136,
P000,Day,163.243,38.463,3,U_Amb_R,Practice,Unexpected,Amber,Left,201.706,38.432,0.001,0.868,949.808,,63.967,0,,-1,-1,,,-1,50,50,0,0,1,,173.136,
P000,Day,163.243,38.564,3,U_Amb_R,Practice,Unexpected,Amber,Left,201.807,38.533,-0.131,0.868,952.73,,64.121,0,,-1,-1,,,-1,50,50,0,0,1,,173.136,
P000,Day,163.243,38.671,3,U_Amb_R,Practice,Unexpected,Amber,Left,201.914,38.64,-0.252,0.868,955.757,,64.414,0,,-1,-1,,,-1,50,50,0,0,1,,173.136,
P000,Day,163.243,38.773,3,U_Amb_R,Practice,Unexpected,Amber,Left,202.016,38.741,-0.352,0.868,958.697,,64.745,0,,-1,-1,,,-1,50,50,0,0,1,,173.136,
P000,Day,163.243,38.864,3,U_Amb_R,Practice,Unexpected,Amber,Left,202.107,38.833,-0.429,0.868,961.38,,64.876,0,,-1,-1,,,-1,50,50,0,0,1,,173.136,
P000,Day,163.243,38.97,3,U_Amb_R,Practice,Unexpected,Amber,Left,202.212,38.938,-0.488,0.868,964.416,,65.323,0,,-1,-1,,,-1,50,50,0,0,1,,173.136,
P000,Day,163.243,39.072,3,U_Amb_R,Practice,Unexpected,Amber,Left,202.314,39.04,-0.488,0.868,967.388,,65.486,0,,-1,-1,,,-1,50,50,0,0,1,,173.136,
P000,Day,163.243,39.163,3,U_Amb_R,Practice,Unexpected,Amber,Left,202.406,39.132,-0.466,0.868,970.113,,65.486,0,,-1,-1,,,-1,50,50,0,0,1,,173.136,
P000,Day,163.243,39.274,3,U_Amb_R,Practice,Unexpected,Amber,Left,202.516,39.242,-0.412,0.868,973.292,,65.39,0,,-1,-1,,,-1,50,50,0,0,1,,173.136,
P000,Day,163.243,39.372,3,U_Amb_R,Practice,Unexpected,Amber,Left,202.614,39.34,-0.353,0.868,976.164,,65.294,0,,-1,-1,,,-1,50,50,0,0,1,,173.136,
P000,Day,163.243,39.466,3,U_Amb_R,Practice,Unexpected,Amber,Left,202.709,39.435,-0.269,0.868,978.957,,65.225,0,,-1,-1,,,-1,50,50,0,0,1,,173.136,
P000,Day,163.243,39.563,3,U_Amb_R,Practice,Unexpected,Amber,Left,202.805,39.531,-0.162,0.868,981.779,,65.15,0,,-1,-1,,,-1,50,50,0,0,1,,173.136,
P000,Day,163.243,39.663,3,U_Amb_R,Practice,Unexpected,Amber,Left,202.906,39.632,-0.034,0.868,984.7,,65.08,0,,-1,-1,,,-1,50,50,0,0,1,,173.136,
P000,Day,163.243,39.772,3,U_Amb_R,Practice,Unexpected,Amber,Left,203.015,39.741,0.115,0.868,987.811,,65.003,0,,-1,-1,,,-1,50,50,0,0,1,,173.136,
P000,Day,163.243,39.867,3,U_Amb_R,Practice,Unexpected,Amber,Left,203.11,39.836,0.259,0.868,990.621,,64.95,0,,-1,-1,,,-1,50,50,0,0,1,,173.136,
P000,Day,163.243,39.965,3,U_Amb_R,Practice,Unexpected,Amber,Left,203.208,39.934,0.411,0.868,993.449,,64.886,0,,-1,-1,,,-1,50,50,0,0,1,,173.136,
P000,Day,163.243,40.064,3,U_Amb_R,Practice,Unexpected,Amber,Left,203.306,40.032,0.57,0.868,996.305,,64.824,0,,-1,-1,,,-1,50,50,0,0,1,,173.136,
P000,Day,163.243,40.17,3,U_Amb_R,Practice,Unexpected,Amber,Left,203.413,40.139,0.743,0.868,999.349,,64.751,0,,-1,-1,,,-1,50,50,0,0,1,,173.136,
P000,Day,163.243,40.271,3,U_Amb_R,Practice,Unexpected,Amber,Left,203.514,40.24,0.912,0.868,1002.269,,64.689,0,,-1,-1,,,-1,50,50,0,0,1,,173.136,
P000,Day,163.243,40.371,3,U_Amb_R,Practice,Unexpected,Amber,Left,203.614,40.34,1.08,0.868,1005.141,,64.628,0,,-1,-1,,,-1,50,50,0,0,1,,173.136,
P000,Day,163.243,40.471,3,U_Amb_R,Practice,Unexpected,Amber,Left,203.714,40.44,1.251,0.868,1008.027,,64.566,0,,-1,-1,,,-1,50,50,0,0,1,,173.136,
P000,Day,163.243,40.57,3,U_Amb_R,Practice,Unexpected,Amber,Left,203.813,40.539,1.421,0.868,1010.874,,64.505,0,,-1,-1,,,-1,50,50,0,0,1,,173.136,
P000,Day,163.243,40.676,3,U_Amb_R,Practice,Unexpected,Amber,Left,203.919,40.645,1.603,0.868,1013.914,,64.42,0,,-1,-1,,,-1,50,50,0,0,1,,173.136,
P000,Day,163.243,40.767,3,U_Amb_R,Practice,Unexpected,Amber,Left,204.01,40.736,1.735,0.868,1016.58,,64.281,0,,-1,-1,,,-1,50,50,0,0,1,,173.136,
P000,Day,163.243,40.87,3,U_Amb_R,Practice,Unexpected,Amber,Left,204.112,40.838,1.859,0.869,1019.475,,64.201,0,,-1,-1,,,-1,50,50,0,0,1,,173.136,
P000,Day,163.243,40.971,3,U_Amb_R,Practice,Unexpected,Amber,Left,204.214,40.94,1.972,0.868,1022.4,,64.13,0,,-1,-1,,,-1,50,50,0,0,1,,173.136,
P000,Day,163.243,41.073,3,U_Amb_R,Practice,Unexpected,Amber,Left,204.316,41.042,2.065,0.868,1025.306,,64.055,0,,-1,-1,,,-1,50,50,0,0,1,,173.136,
P000,Day,163.243,41.162,3,U_Amb_R,Practice,Unexpected,Amber,Left,204.405,41.131,2.127,0.868,1027.874,,63.991,0,,-1,-1,,,-1,50,50,0,0,1,,173.136,
P000,Day,163.243,41.272,3,U_Amb_R,Practice,Unexpected,Amber,Left,204.514,41.24,2.169,0.868,1030.986,,63.791,0,,-1,-1,,,-1,50,50,0,0,1,,173.136,
P000,Day,163.243,41.364,3,U_Amb_R,Practice,Unexpected,Amber,Left,204.606,41.332,2.155,0.868,1033.662,,63.691,0,,-1,-1,,,-1,50,50,0,0,1,,173.136,
P000,Day,163.243,41.471,3,U_Amb_R,Practice,Unexpected,Amber,Left,204.713,41.439,2.109,0.868,1036.639,,63.584,0,,-1,-1,,,-1,50,50,0,0,1,,173.136,
P000,Day,163.243,41.572,3,U_Amb_R,Practice,Unexpected,Amber,Left,204.814,41.54,2.032,0.868,1039.509,,63.49,0,,-1,-1,,,-1,50,50,0,0,1,,173.136,
P000,Day,163.243,41.671,3,U_Amb_R,Practice,Unexpected,Amber,Left,204.914,41.64,1.921,0.868,1042.343,,63.396,0,,-1,-1,,,-1,50,50,0,0,1,,173.136,
P000,Day,163.243,41.772,3,U_Amb_R,Practice,Unexpected,Amber,Left,205.014,41.74,1.778,0.869,1045.185,,63.307,0,,-1,-1,,,-1,50,50,0,0,1,,173.136,
P000,Day,163.243,41.865,3,U_Amb_R,Practice,Unexpected,Amber,Left,205.108,41.834,1.615,0.869,1047.875,,63.237,0,,-1,-1,,,-1,50,50,0,0,1,,173.136,
P000,Day,163.243,41.972,3,U_Amb_R,Practice,Unexpected,Amber,Left,205.215,41.941,1.407,0.868,1050.846,,63.144,0,,-1,-1,,,-1,50,50,0,0,1,,173.136,
P000,Day,163.243,42.066,3,U_Amb_R,Practice,Unexpected,Amber,Left,205.309,42.035,1.198,0.868,1053.522,,63.082,0,,-1,-1,,,-1,50,50,0,0,1,,173.136,
P000,Day,163.243,42.164,3,U_Amb_R,Practice,Unexpected,Amber,Left,205.406,42.132,0.966,0.868,1056.258,,63.011,0,,-1,-1,,,-1,50,50,0,0,1,,173.136,
P000,Day,163.243,42.267,3,U_Amb_R,Practice,Unexpected,Amber,Left,205.509,42.235,0.73,0.868,1059.158,,62.883,0,,-1,-1,,,-1,50,50,0,0,1,,173.136,
P000,Day,163.243,42.371,3,U_Amb_R,Practice,Unexpected,Amber,Left,205.614,42.34,0.497,0.868,1062.037,,62.807,0,,-1,-1,,,-1,50,50,0,0,1,,173.136,
P000,Day,163.243,42.474,3,U_Amb_R,Practice,Unexpected,Amber,Left,205.717,42.443,0.262,0.868,1064.906,,62.746,0,,-1,-1,,,-1,50,50,0,0,1,,173.136,
P000,Day,163.243,42.562,3,U_Amb_R,Practice,Unexpected,Amber,Left,205.805,42.531,0.061,0.868,1067.431,,62.694,0,,-1,-1,,,-1,50,50,0,0,1,,173.136,
P000,Day,163.243,42.667,3,U_Amb_R,Practice,Unexpected,Amber,Left,205.91,42.636,-0.154,0.868,1070.358,,62.583,0,,-1,-1,,,-1,50,50,0,0,1,,173.136,
P000,Day,163.243,42.767,3,U_Amb_R,Practice,Unexpected,Amber,Left,206.01,42.736,-0.338,0.868,1073.137,,62.514,0,,-1,-1,,,-1,50,50,0,1,1,,173.136,
P000,Day,163.243,42.864,3,U_Amb_R,Practice,Unexpected,Amber,Left,206.106,42.832,-0.498,0.868,1075.784,,62.444,0,,-1,-1,,,-1,50,50,0,0,1,,173.136,
P000,Day,163.243,42.966,3,U_Amb_R,Practice,Unexpected,Amber,Left,206.208,42.934,-0.626,0.868,1078.67,,62.217,0,,-1,-1,,,-1,50,50,0,0,1,,173.136,
P000,Day,163.243,43.067,3,U_Amb_R,Practice,Unexpected,Amber,Left,206.31,43.036,-0.706,0.868,1081.486,,62.131,0,,-1,-1,,,-1,50,50,0,0,1,,173.136,
P000,Day,163.243,43.166,3,U_Amb_R,Practice,Unexpected,Amber,Left,206.409,43.135,-0.756,0.868,1084.239,,62.038,0,,-1,-1,,,-1,50,50,0,0,1,,173.136,
P000,Day,163.243,43.267,3,U_Amb_R,Practice,Unexpected,Amber,Left,206.509,43.235,-0.771,0.868,1087.028,,61.941,0,,-1,-1,,,-1,50,50,0,0,1,,173.136,
P000,Day,163.243,43.367,3,U_Amb_R,Practice,Unexpected,Amber,Left,206.61,43.336,-0.75,0.868,1089.811,,61.845,0,,-1,-1,,,-1,50,50,0,0,1,206.521,173.136,-33.385
P000,Day,163.243,43.467,3,U_Amb_R,Practice,Unexpected,Amber,Left,206.71,43.436,-0.696,0.868,1092.561,,61.754,0,,-1,-1,,,-1,50,50,0,0,1,206.521,173.136,-33.385
P000,Day,163.243,43.564,3,U_Amb_R,Practice,Unexpected,Amber,Left,206.807,43.533,-0.617,0.868,1095.232,,61.655,0,,-1,-1,,,-1,50,50,0,0,1,206.521,173.136,-33.385
P000,Day,163.243,43.672,3,U_Amb_R,Practice,Unexpected,Amber,Left,206.915,43.641,-0.54,0.868,1098.17,,61.534,0,,-1,-1,,,-1,50,50,0,0,1,206.521,173.136,-33.385
P000,Day,163.243,43.77,3,U_Amb_R,Practice,Unexpected,Amber,Left,207.013,43.739,-0.459,0.868,1100.866,,61.469,0,,-1,-1,,,-1,50,50,0,0,1,206.521,173.136,-33.385
P000,Day,163.243,43.863,3,U_Amb_R,Practice,Unexpected,Amber,Left,207.105,43.831,-0.375,0.868,1103.444,,61.419,0,,-1,-1,,,-1,50,50,0,0,1,206.521,173.136,-33.385
P000,Day,163.243,43.963,3,U_Amb_R,Practice,Unexpected,Amber,Left,207.205,43.931,-0.287,0.868,1106.188,,61.359,0,,-1,-1,,,-1,50,50,0,0,1,206.521,173.136,-33.385
P000,Day,163.243,44.064,3,U_Amb_R,Practice,Unexpected,Amber,Left,207.307,44.033,-0.205,0.868,1108.969,,61.299,0,,-1,-1,,,-1,50,50,0,0,1,206.521,173.136,-33.385
P000,Day,163.243,44.167,3,U_Amb_R,Practice,Unexpected,Amber,Left,207.41,44.136,-0.131,0.868,1111.788,,61.238,0,,-1,-1,,,-1,50,50,0,0,1,206.521,173.136,-33.385
P000,Day,163.243,44.273,3,U_Amb_R,Practice,Unexpected,Amber,Left,207.515,44.241,-0.067,0.868,1114.643,,61.532,0,,-1,-1,,,-1,50,50,0,0,1,206.521,173.136,-33.385
P000,Day,163.243,44.367,3,U_Amb_R,Practice,Unexpected,Amber,Left,207.609,44.335,-0.019,0.868,1117.27,,61.638,0,,-1,-1,,,-1,50,50,0,0,1,206.521,173.136,-33.385
P000,Day,163.243,44.476,3,U_Amb_R,Practice,Unexpected,Amber,Left,207.718,44.444,0.024,0.868,1120.234,,62.033,0,,-1,-1,,,-1,50,50,0,0,1,206.521,173.136,-33.385
P000,Day,163.243,44.567,3,U_Amb_R,Practice,Unexpected,Amber,Left,207.809,44.535,0.052,0.868,1122.812,,62.288,0,,-1,-1,,,-1,50,50,0,0,1,206.521,173.136,-33.385
P000,Day,163.243,44.669,3,U_Amb_R,Practice,Unexpected,Amber,Left,207.912,44.638,0.075,0.868,1125.629,,62.33,0,,-1,-1,,,-1,50,50,0,0,1,206.521,173.136,-33.385
P000,Day,163.243,44.771,3,U_Amb_R,Practice,Unexpected,Amber,Left,208.014,44.74,0.09,0.868,1128.469,,62.292,0,,-1,-1,,,-1,50,50,0,0,1,206.521,173.136,-33.385
P000,Day,163.243,44.872,3,U_Amb_R,Practice,Unexpected,Amber,Left,208.115,44.841,0.099,0.868,1131.261,,62.238,0,,-1,-1,,,-1,50,50,0,0,1,206.521,173.136,-33.385
P000,Day,163.243,44.962,3,U_Amb_R,Practice,Unexpected,Amber,Left,208.205,44.931,0.102,0.868,1133.825,,62.19,0,,-1,-1,,,-1,50,50,0,0,1,206.521,173.136,-33.385
P000,Day,163.243,45.064,3,U_Amb_R,Practice,Unexpected,Amber,Left,208.307,45.033,0.1,0.868,1136.646,,62.13,0,,-1,-1,,,-1,50,50,0,0,1,206.521,173.136,-33.385
P000,Day,163.243,45.165,3,U_Amb_R,Practice,Unexpected,Amber,Left,208.408,45.134,0.094,0.868,1139.461,,62.071,0,,-1,-1,,,-1,50,50,0,0,1,206.521,173.136,-33.385
P000,Day,163.243,45.266,3,U_Amb_R,Practice,Unexpected,Amber,Left,208.508,45.234,0.084,0.868,1142.246,,62.012,0,,-1,-1,,,-1,50,50,0,0,1,206.521,173.136,-33.385
P000,Day,163.243,45.369,3,U_Amb_R,Practice,Unexpected,Amber,Left,208.612,45.338,0.071,0.868,1145.074,,61.942,0,,-1,-1,,,-1,50,50,0,0,1,206.521,173.136,-33.385
P000,Day,163.243,45.464,3,U_Amb_R,Practice,Unexpected,Amber,Left,208.707,45.433,0.057,0.868,1147.739,,61.981,0,,-1,-1,,,-1,50,50,0,0,1,206.521,173.136,-33.385
P000,Day,163.243,45.566,3,U_Amb_R,Practice,Unexpected,Amber,Left,208.809,45.535,0.039,0.868,1150.587,,62.439,0,,-1,-1,,,-1,50,50,0,0,1,206.521,173.136,-33.385
P000,Day,163.243,45.67,3,U_Amb_R,Practice,Unexpected,Amber,Left,208.912,45.638,0.019,0.868,1153.446,,63.155,0,,-1,-1,,,-1,50,50,0,0,1,206.521,173.136,-33.385
P000,Day,163.243,45.771,3,U_Amb_R,Practice,Unexpected,Amber,Left,209.014,45.74,-0.003,0.868,1156.333,,63.802,0,,-1,-1,,,-1,50,50,0,0,1,206.521,173.136,-33.385
P000,Day,163.243,45.874,3,U_Amb_R,Practice,Unexpected,Amber,Left,209.117,45.843,-0.026,0.868,1159.261,,64.418,0,,-1,-1,,,-1,50,50,0,0,1,206.521,173.136,-33.385
P000,Day,163.243,45.965,3,U_Amb_R,Practice,Unexpected,Amber,Left,209.208,45.934,-0.048,0.868,1161.951,,64.602,0,,-1,-1,,,-1,50,50,0,0,1,206.521,173.136,-33.385
P000,Day,163.243,46.069,3,U_Amb_R,Practice,Unexpected,Amber,Left,209.312,46.038,-0.073,0.868,1164.906,,64.624,0,,-1,-1,,,-1,50,50,0,0,1,206.521,173.136,-33.385
P000,Day,163.243,46.17,3,U_Amb_R,Practice,Unexpected,Amber,Left,209.413,46.139,-0.099,0.868,1167.817,,64.584,0,,-1,-1,,,-1,50,50,0,0,1,206.521,173.136,-33.385
P000,Day,163.243,46.271,3,U_Amb_R,Practice,Unexpected,Amber,Left,209.513,46.239,-0.125,0.868,1170.718,,64.528,0,,-1,-1,,,-1,50,50,0,0,1,206.521,173.136,-33.385
P000,Day,163.243,46.367,3,U_Amb_R,Practice,Unexpected,Amber,Left,209.61,46.336,-0.152,0.868,1173.549,,64.479,0,,-1,-1,,,-1,50,50,0,0,1,206.521,173.136,-33.385
P000,Day,163.243,46.47,3,U_Amb_R,Practice,Unexpected,Amber,Left,209.713,46.439,-0.179,0.868,1176.461,,64.408,0,,-1,-1,,,-1,50,50,0,0,1,206.521,173.136,-33.385
P000,Day,163.243,46.571,3,U_Amb_R,Practice,Unexpected,Amber,Left,209.814,46.54,-0.207,0.868,1179.378,,64.347,0,,-1,-1,,,-1,50,50,0,0,1,206.521,173.136,-33.385
P000,Day,163.243,46.67,3,U_Amb_R,Practice,Unexpected,Amber,Left,209.912,46.638,-0.234,0.868,1182.208,,64.286,0,,-1,-1,,,-1,50,50,0,0,1,206.521,173.136,-33.385
P000,Day,163.243,46.767,3,U_Amb_R,Practice,Unexpected,Amber,Left,210.01,46.736,-0.262,0.868,1185.059,,64.235,0,,-1,-1,,,-1,50,50,0,0,1,206.521,173.136,-33.385
P000,Day,163.243,46.865,3,U_Amb_R,Practice,Unexpected,Amber,Left,210.108,46.834,-0.289,0.868,1187.86,,64.174,0,,-1,-1,,,-1,50,50,0,0,1,206.521,173.136,-33.385
P000,Day,163.243,46.971,3,U_Amb_R,Practice,Unexpected,Amber,Left,210.214,46.94,-0.304,0.868,1190.861,,64.009,0,,-1,-1,,,-1,50,50,0,0,1,206.521,173.136,-33.385
P000,Day,163.243,47.073,3,U_Amb_R,Practice,Unexpected,Amber,Left,210.316,47.042,-0.291,0.868,1193.759,,63.941,0,,-1,-1,,,-1,50,50,0,0,1,206.521,173.136,-33.385
P000,Day,163.243,47.171,3,U_Amb_R,Practice,Unexpected,Amber,Left,210.414,47.14,-0.271,0.868,1196.589,,63.874,0,,-1,-1,,,-1,50,50,0,0,1,206.521,173.136,-33.385
P000,Day,163.243,47.267,3,U_Amb_R,Practice,Unexpected,Amber,Left,210.51,47.236,-0.237,0.868,1199.363,,63.816,0,,-1,-1,,,-1,50,50,0,0,1,206.521,173.136,-33.385
P000,Day,163.243,47.366,3,U_Amb_R,Practice,Unexpected,Amber,Left,210.609,47.335,-0.185,0.868,1202.179,,63.745,0,,-1,-1,,,-1,50,50,0,0,1,206.521,173.136,-33.385
P000,Day,163.243,47.474,3,U_Amb_R,Practice,Unexpected,Amber,Left,210.716,47.442,-0.108,0.868,1205.199,,64.06,0,,-1,-1,,,-1,50,50,0,0,1,206.521,173.136,-33.385
P000,Day,163.243,47.564,3,U_Amb_R,Practice,Unexpected,Amber,Left,210.806,47.532,-0.023,0.868,1207.835,,64.523,0,,-1,-1,,,-1,50,50,0,0,1,206.521,173.136,-33.385
P000,Day,163.243,47.67,3,U_Amb_R,Practice,Unexpected,Amber,Left,210.913,47.639,0.084,0.868,1210.866,,64.802,0,,-1,-1,,,-1,50,50,0,0,1,206.521,173.136,-33.385
P000,Day,163.243,47.766,3,U_Amb_R,Practice,Unexpected,Amber,Left,211.009,47.735,0.165,0.868,1213.697,,64.794,0,,-1,-1,,,-1,50,50,0,0,1,206.521,173.136,-33.385
P000,Day,163.243,47.873,3,U_Amb_R,Practice,Unexpected,Amber,Left,211.116,47.842,0.256,0.868,1216.737,,64.75,0,,-1,-1,,,-1,50,50,0,0,1,206.521,173.136,-33.385
P000,Day,163.243,47.97,3,U_Amb_R,Practice,Unexpected,Amber,Left,211.213,47.939,0.338,0.868,1219.565,,64.693,0,,-1,-1,,,-1,50,50,0,0,1,206.521,173.136,-33.385
P000,Day,163.243,48.074,3,U_Amb_R,Practice,Unexpected,Amber,Left,211.317,48.042,0.414,0.868,1222.541,,64.778,0,,-1,-1,,,-1,50,50,0,0,1,206.521,173.136,-33.385
P000,Day,163.243,48.163,3,U_Amb_R,Practice,Unexpected,Amber,Left,211.406,48.132,0.47,0.868,1225.186,,65.016,0,,-1,-1,,,-1,50,50,0,0,1,206.521,173.136,-33.385
P000,Day,163.243,48.272,3,U_Amb_R,Practice,Unexpected,Amber,Left,211.514,48.24,0.518,0.868,1228.297,,65.058,0,,-1,-1,,,-1,50,50,0,0,1,206.521,173.136,-33.385
P000,Day,163.243,48.369,3,U_Amb_R,Practice,Unexpected,Amber,Left,211.612,48.338,0.547,0.868,1231.142,,65.015,0,,-1,-1,,,-1,50,50,0,0,1,206.521,173.136,-33.385
P000,Day,163.243,48.466,3,U_Amb_R,Practice,Unexpected,Amber,Left,211.709,48.435,0.561,0.868,1233.999,,64.965,0,,-1,-1,,,-1,50,50,0,0,1,206.521,173.136,-33.385
P000,Day,163.243,48.572,3,U_Amb_R,Practice,Unexpected,Amber,Left,211.815,48.541,0.562,0.868,1237.019,,64.889,0,,-1,-1,,,-1,50,50,0,0,1,206.521,173.136,-33.385
P000,Day,163.243,48.671,3,U_Amb_R,Practice,Unexpected,Amber,Left,211.913,48.639,0.55,0.868,1239.89,,64.823,0,,-1,-1,,,-1,50,50,0,0,1,206.521,173.136,-33.385
P000,Day,163.243,48.772,3,U_Amb_R,Practice,Unexpected,Amber,Left,212.015,48.741,0.526,0.868,1242.821,,64.767,0,,-1,-1,,,-1,50,50,0,0,1,206.521,173.136,-33.385
P000,Day,163.243,48.879,3,U_Amb_R,Practice,Unexpected,Amber,Left,212.122,48.848,0.49,0.868,1245.899,,65.09,0,,-1,-1,,,-1,50,50,0,0,1,206.521,173.136,-33.385
P000,Day,163.243,48.966,3,U_Amb_R,Practice,Unexpected,Amber,Left,212.209,48.935,0.452,0.868,1248.511,,65.332,0,,-1,-1,,,-1,50,50,0,0,1,206.521,173.136,-33.385
P000,Day,163.243,49.067,3,U_Amb_R,Practice,Unexpected,Amber,Left,212.31,49.036,0.403,0.868,1251.452,,65.377,0,,-1,-1,,,-1,50,50,0,0,1,206.521,173.136,-33.385
P000,Day,163.243,49.173,3,U_Amb_R,Practice,Unexpected,Amber,Left,212.415,49.141,0.345,0.868,1254.492,,65.337,0,,-1,-1,,,-1,50,50,0,0,1,206.521,173.136,-33.385
P000,Day,163.243,49.263,3,U_Amb_R,Practice,Unexpected,Amber,Left,212.506,49.232,0.289,0.868,1257.184,,65.439,0,,-1,-1,,,-1,50,50,0,0,1,206.521,173.136,-33.385
P000,Day,163.243,49.365,3,U_Amb_R,Practice,Unexpected,Amber,Left,212.608,49.334,0.222,0.868,1260.172,,65.777,0,,-1,-1,,,-1,50,50,0,0,1,206.521,173.136,-33.385
P000,Day,163.243,49.465,3,U_Amb_R,Practice,Unexpected,Amber,Left,212.707,49.433,0.152,0.868,1263.108,,65.85,0,,-1,-1,,,-1,50,50,0,0,1,206.521,173.136,-33.385
P000,Day,163.243,49.566,3,U_Amb_R,Practice,Unexpected,Amber,Left,212.809,49.535,0.078,0.868,1266.092,,66.21,0,,-1,-1,,,-1,50,50,0,0,1,206.521,173.136,-33.385
P000,Day,163.243,49.672,3,U_Amb_R,Practice,Unexpected,Amber,Left,212.915,49.641,-0.002,0.868,1269.192,,66.883,0,,-1,-1,,,-1,50,50,0,0,1,206.521,173.136,-33.385
P000,Day,163.243,49.773,3,U_Amb_R,Practice,Unexpected,Amber,Left,213.016,49.742,-0.082,0.868,1272.229,,67.223,0,,-1,-1,,,-1,50,50,0,0,1,206.521,173.136,-33.385
P000,Day,163.243,49.864,3,U_Amb_R,Practice,Unexpected,Amber,Left,213.107,49.833,-0.158,0.868,1275.019,,67.613,0,,-1,-1,,,-1,50,50,0,0,1,206.521,173.136,-33.385
P000,Day,163.243,49.964,3,U_Amb_R,Practice,Unexpected,Amber,Left,213.207,49.933,-0.242,0.868,1278.043,,67.776,0,,-1,-1,,,-1,50,50,0,0,1,206.521,173.136,-33.385
P000,Day,163.243,50.065,3,U_Amb_R,Practice,Unexpected,Amber,Left,213.307,50.033,-0.328,0.868,1281.089,,67.779,0,,-1,-1,,,-1,50,50,0,0,1,206.521,173.136,-33.385
P000,Day,163.243,50.17,3,U_Amb_R,Practice,Unexpected,Amber,Left,213.413,50.139,-0.414,0.868,1284.257,,67.67,0,,-1,-1,,,-1,50,50,0,0,1,206.521,173.136,-33.385
P000,Day,163.243,50.273,3,U_Amb_R,Practice,Unexpected,Amber,Left,213.516,50.242,-0.458,0.868,1287.35,,67.533,0,,-1,-1,,,-1,50,50,0,0,1,206.521,173.136,-33.385
P000,Day,163.243,50.372,3,U_Amb_R,Practice,Unexpected,Amber,Left,213.614,50.34,-0.483,0.868,1290.329,,67.463,0,,-1,-1,,,-1,50,50,0,0,1,206.521,173.136,-33.385
P000,Day,163.243,50.471,3,U_Amb_R,Practice,Unexpected,Amber,Left,213.713,50.439,-0.491,0.868,1293.312,,67.384,0,,-1,-1,,,-1,50,50,0,0,1,206.521,173.136,-33.385
P000,Day,163.243,50.564,3,U_Amb_R,Practice,Unexpected,Amber,Left,213.807,50.533,-0.477,0.868,1296.169,,67.398,0,,-1,-1,,,-1,50,50,0,0,1,206.521,173.136,-33.385
P000,Day,163.243,50.667,3,U_Amb_R,Practice,Unexpected,Amber,Left,213.909,50.635,-0.433,0.868,1299.269,,67.722,0,,-1,-1,,,-1,50,50,0,0,1,206.521,173.136,-33.385
P000,Day,163.243,50.764,3,U_Amb_R,Practice,Unexpected,Amber,Left,214.007,50.733,-0.362,0.868,1302.222,,67.793,0,,-1,-1,,,-1,50,50,0,0,1,206.521,173.136,-33.385
P000,Day,163.243,50.863,3,U_Amb_R,Practice,Unexpected,Amber,Left,214.105,50.831,-0.264,0.868,1305.205,,68.046,0,,-1,-1,,,-1,50,50,0,0,1,206.521,173.136,-33.385
P000,Day,163.243,50.973,3,U_Amb_R,Practice,Unexpected,Amber,Left,214.216,50.942,-0.149,0.868,1308.513,,68.151,0,,-1,-1,,,-1,50,50,0,0,1,206.521,173.136,-33.385
P000,Day,163.243,51.067,3,U_Amb_R,Practice,Unexpected,Amber,Left,214.31,51.036,-0.06,0.868,1311.425,,68.128,0,,-1,-1,,,-1,50,50,0,0,1,206.521,173.136,-33.385
P000,Day,163.243,51.172,3,U_Amb_R,Practice,Unexpected,Amber,Left,214.415,51.141,0.044,0.868,1314.577,,68.451,0,,-1,-1,,,-1,50,50,0,0,1,206.521,173.136,-33.385
P000,Day,163.243,51.266,3,U_Amb_R,Practice,Unexpected,Amber,Left,214.509,51.235,0.146,0.868,1317.508,,68.573,0,,-1,-1,,,-1,50,50,0,0,1,206.521,173.136,-33.385
P000,Day,163.243,51.367,3,U_Amb_R,Practice,Unexpected,Amber,Left,214.609,51.335,0.28,0.868,1320.593,,68.546,0,,-1,-1,,,-1,50,50,0,0,1,206.521,173.136,-33.385
P000,Day,163.243,51.464,3,U_Amb_R,Practice,Unexpected,Amber,Left,214.707,51.433,0.406,0.868,1323.574,,68.504,0,,-1,-1,,,-1,50,50,0,0,1,206.521,173.136,-33.385
P000,Day,163.243,51.564,3,U_Amb_R,Practice,Unexpected,Amber,Left,214.806,51.532,0.529,0.868,1326.621,,68.628,0,,-1,-1,,,-1,50,50,0,0,1,206.521,173.136,-33.385
P000,Day,163.243,51.673,3,U_Amb_R,Practice,Unexpected,Amber,Left,214.916,51.642,0.623,0.868,1329.934,,68.928,0,,-1,-1,,,-1,50,50,0,0,1,206.521,173.136,-33.385
P000,Day,163.243,51.763,3,U_Amb_R,Practice,Unexpected,Amber,Left,215.006,51.732,0.692,0.868,1332.771,,68.973,0,,-1,-1,,,-1,50,50,0,0,1,206.521,173.136,-33.385
P000,Day,163.243,51.867,3,U_Amb_R,Practice,Unexpected,Amber,Left,215.109,51.835,0.761,0.868,1335.951,,68.945,0,,-1,-1,,,-1,50,50,0,0,1,206.521,173.136,-33.385
P000,Day,163.243,51.965,3,U_Amb_R,Practice,Unexpected,Amber,Left,215.208,51.934,0.811,0.868,1338.996,,68.883,0,,-1,-1,,,-1,50,50,0,0,1,206.521,173.136,-33.385
P000,Day,163.243,52.072,3,U_Amb_R,Practice,Unexpected,Amber,Left,215.315,52.041,0.843,0.868,1342.223,,68.795,0,,-1,-1,,,-1,50,50,0,0,1,206.521,173.136,-33.385
P000,Day,163.243,52.17,3,U_Amb_R,Practice,Unexpected,Amber,Left,215.412,52.138,0.851,0.868,1345.23,,68.717,0,,-1,-1,,,-1,50,50,0,0,1,206.521,173.136,-33.385
P000,Day,163.243,52.267,3,U_Amb_R,Practice,Unexpected,Amber,Left,215.51,52.236,0.838,0.868,1348.273,,68.651,0,,-1,-1,,,-1,50,50,0,0,1,206.521,173.136,-33.385
P000,Day,163.243,52.365,3,U_Amb_R,Practice,Unexpected,Amber,Left,215.607,52.333,0.805,0.868,1351.26,,68.573,0,,-1,-1,,,-1,50,50,0,0,1,206.521,173.136,-33.385
P000,Day,163.243,52.472,3,U_Amb_R,Practice,Unexpected,Amber,Left,215.715,52.441,0.75,0.868,1354.51,,68.485,0,,-1,-1,,,-1,50,50,0,0,1,206.521,173.136,-33.385
P000,Day,163.243,52.569,3,U_Amb_R,Practice,Unexpected,Amber,Left,215.811,52.537,0.683,0.868,1357.472,,68.412,0,,-1,-1,,,-1,50,50,0,0,1,206.521,173.136,-33.385
P000,Day,163.243,52.672,3,U_Amb_R,Practice,Unexpected,Amber,Left,215.915,52.641,0.597,0.868,1360.617,,68.341,0,,-1,-1,,,-1,50,50,0,0,1,206.521,173.136,-33.385
P000,Day,163.243,52.767,3,U_Amb_R,Practice,Unexpected,Amber,Left,216.009,52.735,0.504,0.868,1363.547,,68.282,0,,-1,-1,,,-1,50,50,0,0,1,206.521,173.136,-33.385
P000,Day,163.243,52.862,3,U_Amb_R,Practice,Unexpected,Amber,Left,216.105,52.831,0.401,0.868,1366.469,,68.213,0,,-1,-1,,,-1,50,50,0,0,1,206.521,173.136,-33.385
P000,Day,163.243,52.965,3,U_Amb_R,Practice,Unexpected,Amber,Left,216.208,52.934,0.281,0.868,1369.611,,68.146,0,,-1,-1,,,-1,50,50,0,0,1,206.521,173.136,-33.385
P000,Day,163.243,53.066,3,U_Amb_R,Practice,Unexpected,Amber,Left,216.308,53.034,0.155,0.868,1372.665,,68.079,0,,-1,-1,,,-1,50,50,0,0,1,206.521,173.136,-33.385
P000,Day,163.243,53.171,3,U_Amb_R,Practice,Unexpected,Amber,Left,216.414,53.14,0.018,0.868,1375.821,,68.001,0,,-1,-1,,,-1,50,50,0,0,1,206.521,173.136,-33.385
P000,Day,163.243,53.272,3,U_Amb_R,Practice,Unexpected,Amber,Left,216.515,53.241,-0.122,0.868,1378.884,,67.935,0,,-1,-1,,,-1,50,50,0,0,1,206.521,173.136,-33.385
P000,Day,163.243,53.373,3,U_Amb_R,Practice,Unexpected,Amber,Left,216.615,53.341,-0.265,0.868,1381.926,,67.87,0,,-1,-1,,,-1,50,50,0,0,1,206.521,173.136,-33.385
P000,Day,163.243,53.474,3,U_Amb_R,Practice,Unexpected,Amber,Left,216.717,53.443,-0.415,0.868,1385.005,,67.805,0,,-1,-1,,,-1,50,50,0,0,1,206.521,173.136,-33.385
P000,Day,163.243,53.569,3,U_Amb_R,Practice,Unexpected,Amber,Left,216.812,53.538,-0.558,0.868,1387.885,,67.74,0,,-1,-1,,,-1,50,50,0,0,1,206.521,173.136,-33.385
P000,Day,163.243,53.665,3,U_Amb_R,Practice,Unexpected,Amber,Left,216.907,53.633,-0.707,0.868,1390.819,,67.686,0,,-1,-1,,,-1,50,50,0,0,1,206.521,173.136,-33.385
P000,Day,163.243,53.765,3,U_Amb_R,Practice,Unexpected,Amber,Left,217.008,53.734,-0.864,0.868,1393.848,,67.621,0,,-1,-1,,,-1,50,50,0,0,1,206.521,173.136,-33.385
P000,Day,163.243,53.871,3,U_Amb_R,Practice,Unexpected,Amber,Left,217.114,53.84,-1.151,0.869,1396.202,,46.61,0,,-1,-1,,,-1,50,50,0,0,1,206.521,173.136,-33.385
P000,Day,163.243,53.965,3,U_Amb_R,Practice,Unexpected,Amber,Left,217.207,53.933,-1.396,0.87,1398.159,,46.242,0,,-1,-1,,,-1,50,50,0,0,1,206.521,173.136,-33.385
P000,Day,163.243,54.072,3,U_Amb_R,Practice,Unexpected,Amber,Left,217.314,54.04,-1.574,0.871,1400.29,,45.336,0,,-1,-1,,,-1,50,50,0,0,1,206.521,173.136,-33.385
P000,Day,163.243,54.163,3,U_Amb_R,Practice,Unexpected,Amber,Left,217.406,54.132,-1.654,0.87,1402.194,,44.854,0,,-1,-1,,,-1,50,50,0,0,1,206.521,173.136,-33.385
P000,Day,163.243,54.266,3,U_Amb_R,Practice,Unexpected,Amber,Left,217.509,54.235,-1.636,0.87,1404.238,,44.348,0,,-1,-1,,,-1,50,50,0,0,1,206.521,173.136,-33.385
P000,Day,163.243,54.372,3,U_Amb_R,Practice,Unexpected,Amber,Left,217.614,54.34,-1.521,0.871,1406.283,,44.22,0,,-1,-1,,,-1,50,50,0,0,1,206.521,173.136,-33.385
P000,Day,163.243,54.463,3,U_Amb_R,Practice,Unexpected,Amber,Left,217.705,54.431,-1.397,0.87,1408.11,,44.325,0,,-1,-1,,,-1,50,50,0,0,1,206.521,173.136,-33.385
