ParticipantID,Block,BlockStartAbs,BlockTimeRel,TrialIndex,Scene,Event,Expectancy,SignalColor,MergeSide,TimeAbs,TrialTimeRel,X,Y,Z,LaneDeviation,SpeedMPH,TrialEnded,TrialEndReason,TrialEndAbs,TrialEndRel,SurveyResponse,SurveyResponseCorrect,SurveyRT,BrakeInput,ThrottleInput,SteeringInput,Car2Marge
UNKNOWN,0,2.927,0.037,-1,SubBlock,,,,,2.964,-1,,,,,0,0,,-1,-1,,,-1,50,50,0,0
UNKNOWN,0,2.927,0.156,-1,SubBlock,,,,,3.083,-1,,,,,0,0,,-1,-1,,,-1,50,50,0,0
UNKNOWN,0,2.927,1.223,-1,SubBlock,,,,,4.15,-1,,,,,0,0,,-1,-1,,,-1,50,50,0,0
UNKNOWN,0,2.927,1.288,-1,SubBlock,,,,,4.215,-1,,,,,0,0,,-1,-1,,,-1,50,50,0,0
UNKNOWN,0,2.927,1.31,-1,SubBlock,,,,,4.237,-1,,,,,0,0,,-1,-1,,,-1,50,50,0,0
UNKNOWN,0,2.927,1.352,-1,SubBlock,,,,,4.278,-1,,,,,0,0,,-1,-1,,,-1,50,50,0,0
UNKNOWN,0,2.927,1.358,-1,SubBlock,,,,,4.285,-1,,,,,0,0,,-1,-1,,,-1,50,50,0,0
UNKNOWN,0,2.927,1.361,-1,SubBlock,,,,,4.288,-1,,,,,0,0,,-1,-1,,,-1,50,50,0,0
UNKNOWN,0,2.927,1.366,-1,SubBlock,,,,,4.293,-1,,,,,0,0,,-1,-1,,,-1,50,50,0,0
UNKNOWN,0,2.927,1.37,-1,SubBlock,,,,,4.297,-1,,,,,0,0,,-1,-1,,,-1,50,50,0,0
UNKNOWN,0,2.927,1.374,-1,SubBlock,,,,,4.301,-1,,,,,0,0,,-1,-1,,,-1,50,50,0,0
UNKNOWN,0,2.927,1.378,-1,SubBlock,,,,,4.304,-1,,,,,0,0,,-1,-1,,,-1,50,50,0,0
UNKNOWN,0,2.927,1.383,-1,SubBlock,,,,,4.31,-1,,,,,0,0,,-1,-1,,,-1,50,50,0,0
UNKNOWN,0,2.927,1.387,-1,SubBlock,,,,,4.314,-1,,,,,0,0,,-1,-1,,,-1,50,50,0,0
UNKNOWN,0,2.927,1.393,-1,SubBlock,,,,,4.32,-1,,,,,0,0,,-1,-1,,,-1,50,50,0,0
UNKNOWN,0,2.927,1.398,-1,SubBlock,,,,,4.325,-1,,,,,0,0,,-1,-1,,,-1,50,50,0,0
UNKNOWN,0,2.927,1.401,-1,SubBlock,,,,,4.328,-1,,,,,0,0,,-1,-1,,,-1,50,50,0,0
UNKNOWN,0,2.927,1.405,-1,SubBlock,,,,,4.331,-1,,,,,0,0,,-1,-1,,,-1,50,50,0,0
UNKNOWN,0,2.927,1.411,-1,SubBlock,,,,,4.337,-1,,,,,0,0,,-1,-1,,,-1,50,50,0,0
UNKNOWN,0,2.927,1.415,-1,SubBlock,,,,,4.342,-1,,,,,0,0,,-1,-1,,,-1,50,50,0,0
UNKNOWN,0,2.927,1.419,-1,SubBlock,,,,,4.346,-1,,,,,0,0,,-1,-1,,,-1,50,50,0,0
UNKNOWN,0,2.927,1.424,-1,SubBlock,,,,,4.351,-1,,,,,0,0,,-1,-1,,,-1,50,50,0,0
UNKNOWN,0,2.927,1.429,-1,SubBlock,,,,,4.356,-1,,,,,0,0,,-1,-1,,,-1,50,50,0,0
UNKNOWN,0,2.927,1.433,-1,SubBlock,,,,,4.36,-1,,,,,0,0,,-1,-1,,,-1,50,50,0,0
UNKNOWN,0,2.927,1.439,-1,SubBlock,,,,,4.366,-1,,,,,0,0,,-1,-1,,,-1,50,50,0,0
UNKNOWN,0,2.927,1.444,-1,SubBlock,,,,,4.371,-1,,,,,0,0,,-1,-1,,,-1,50,50,0,0
UNKNOWN,0,2.927,1.449,-1,SubBlock,,,,,4.376,-1,,,,,0,0,,-1,-1,,,-1,50,50,0,0
UNKNOWN,0,2.927,1.454,-1,SubBlock,,,,,4.381,-1,,,,,0,0,,-1,-1,,,-1,50,50,0,0
UNKNOWN,0,2.927,1.458,-1,SubBlock,,,,,4.385,-1,,,,,0,0,,-1,-1,,,-1,50,50,0,0
UNKNOWN,0,2.927,1.464,-1,SubBlock,,,,,4.391,-1,,,,,0,0,,-1,-1,,,-1,50,50,0,0
UNKNOWN,0,2.927,1.469,-1,SubBlock,,,,,4.396,-1,,,,,0,0,,-1,-1,,,-1,50,50,0,0
UNKNOWN,0,2.927,1.473,-1,SubBlock,,,,,4.4,-1,,,,,0,0,,-1,-1,,,-1,50,50,0,0
UNKNOWN,0,2.927,1.479,-1,SubBlock,,,,,4.406,-1,,,,,0,0,,-1,-1,,,-1,50,50,0,0
UNKNOWN,0,2.927,1.484,-1,SubBlock,,,,,4.41,-1,,,,,0,0,,-1,-1,,,-1,50,50,0,0
UNKNOWN,0,2.927,1.489,-1,SubBlock,,,,,4.416,-1,,,,,0,0,,-1,-1,,,-1,50,50,0,0
UNKNOWN,0,2.927,1.495,-1,SubBlock,,,,,4.422,-1,,,,,0,0,,-1,-1,,,-1,50,50,0,0
UNKNOWN,0,2.927,1.499,-1,SubBlock,,,,,4.425,-1,,,,,0,0,,-1,-1,,,-1,50,50,0,0
UNKNOWN,0,2.927,1.504,-1,SubBlock,,,,,4.431,-1,,,,,0,0,,-1,-1,,,-1,50,50,0,0
UNKNOWN,0,2.927,1.509,-1,SubBlock,,,,,4.436,-1,,,,,0,0,,-1,-1,,,-1,50,50,0,0
UNKNOWN,0,2.927,1.515,-1,SubBlock,,,,,4.442,-1,,,,,0,0,,-1,-1,,,-1,50,50,0,0
UNKNOWN,0,2.927,1.522,-1,SubBlock,,,,,4.448,-1,,,,,0,0,,-1,-1,,,-1,50,50,0,0
UNKNOWN,0,2.927,1.528,-1,SubBlock,,,,,4.455,-1,,,,,0,0,,-1,-1,,,-1,50,50,0,0
UNKNOWN,0,2.927,1.534,-1,SubBlock,,,,,4.461,-1,,,,,0,0,,-1,-1,,,-1,50,50,0,0
UNKNOWN,0,2.927,1.538,-1,SubBlock,,,,,4.465,-1,,,,,0,0,,-1,-1,,,-1,50,50,0,0
UNKNOWN,0,2.927,1.578,-1,SubBlock,,,,,4.505,-1,,,,,0,0,,-1,-1,,,-1,50,50,0,0
UNKNOWN,0,2.927,1.675,-1,SubBlock,,,,,4.602,-1,,,,,0,0,,-1,-1,,,-1,50,50,0,0
UNKNOWN,0,2.927,1.777,-1,SubBlock,,,,,4.704,-1,,,,,0,0,,-1,-1,,,-1,50,50,0,0
UNKNOWN,0,2.927,1.878,-1,SubBlock,,,,,4.804,-1,,,,,0,0,,-1,-1,,,-1,50,50,0,0
UNKNOWN,0,2.927,1.978,-1,SubBlock,,,,,4.904,-1,,,,,0,0,,-1,-1,,,-1,50,50,0,0
UNKNOWN,0,2.927,2.076,-1,SubBlock,,,,,5.003,-1,,,,,0,0,,-1,-1,,,-1,50,50,0,0
UNKNOWN,0,2.927,2.175,-1,SubBlock,,,,,5.101,-1,,,,,0,0,,-1,-1,,,-1,50,50,0,0
UNKNOWN,0,2.927,2.277,-1,SubBlock,,,,,5.204,-1,,,,,0,0,,-1,-1,,,-1,50,50,0,0
UNKNOWN,0,2.927,2.376,-1,SubBlock,,,,,5.302,-1,,,,,0,0,,-1,-1,,,-1,50,50,0,0
UNKNOWN,0,2.927,2.477,-1,SubBlock,,,,,5.404,-1,,,,,0,0,,-1,-1,,,-1,50,50,0,0
UNKNOWN,0,2.927,2.577,-1,SubBlock,,,,,5.504,-1,,,,,0,0,,-1,-1,,,-1,50,50,0,0
UNKNOWN,0,2.927,2.678,-1,SubBlock,,,,,5.604,-1,,,,,0,0,,-1,-1,,,-1,50,50,0,0
UNKNOWN,0,2.927,2.778,-1,SubBlock,,,,,5.705,-1,,,,,0,0,,-1,-1,,,-1,50,50,0,0
UNKNOWN,0,2.927,2.88,-1,SubBlock,,,,,5.807,-1,,,,,0,0,,-1,-1,,,-1,50,50,0,0
UNKNOWN,0,2.927,2.974,-1,SubBlock,,,,,5.901,-1,,,,,0,0,,-1,-1,,,-1,50,50,0,0
UNKNOWN,0,2.927,3.079,-1,SubBlock,,,,,6.005,-1,,,,,0,0,,-1,-1,,,-1,50,50,0,0
UNKNOWN,0,2.927,3.177,-1,SubBlock,,,,,6.104,-1,,,,,0,0,,-1,-1,,,-1,50,50,0,0
UNKNOWN,0,2.927,3.274,-1,SubBlock,,,,,6.201,-1,,,,,0,0,,-1,-1,,,-1,50,50,0,0
UNKNOWN,0,2.927,3.376,-1,SubBlock,,,,,6.303,-1,,,,,0,0,,-1,-1,,,-1,50,50,0,0
P000,Day,6.779,0.084,0,E_Amb_L,Practice,Expected,Red,Right,6.863,0.514,0,0.843,-0.002,,0.039,0,,-1,-1,,,-1,50,50,0,0
P000,Day,6.779,0.242,0,E_Amb_L,Practice,Expected,Red,Right,7.021,0.672,0,0.843,-0.002,,0.039,0,,-1,-1,,,-1,50,50,0,0
P000,Day,6.779,0.282,0,E_Amb_L,Practice,Expected,Red,Right,7.06,0.711,0,0.844,-0.002,,0.131,0,,-1,-1,,,-1,50,50,0,0
P000,Day,6.779,0.301,0,E_Amb_L,Practice,Expected,Red,Right,7.08,0.731,0,0.846,-0.002,,0.164,0,,-1,-1,,,-1,50,50,0,0
P000,Day,6.779,0.316,0,E_Amb_L,Practice,Expected,Red,Right,7.095,0.746,0,0.847,-0.002,,0.19,0,,-1,-1,,,-1,50,50,0,0
P000,Day,6.779,0.331,0,E_Amb_L,Practice,Expected,Red,Right,7.109,0.76,0,0.848,-0.002,,0.209,0,,-1,-1,,,-1,50,50,0,0
P000,Day,6.779,0.344,0,E_Amb_L,Practice,Expected,Red,Right,7.122,0.773,0,0.849,-0.002,,0.209,0,,-1,-1,,,-1,50,50,0,0
P000,Day,6.779,0.361,0,E_Amb_L,Practice,Expected,Red,Right,7.14,0.791,0,0.851,-0.002,,0.222,0,,-1,-1,,,-1,50,50,0,0
P000,Day,6.779,0.432,0,E_Amb_L,Practice,Expected,Red,Right,7.211,0.862,0,0.858,-0.002,,0.215,0,,-1,-1,,,-1,50,50,0,0
P000,Day,6.779,0.54,0,E_Amb_L,Practice,Expected,Red,Right,7.319,0.97,0,0.867,-0.002,,0.129,0,,-1,-1,,,-1,50,50,0,0
P000,Day,6.779,0.636,0,E_Amb_L,Practice,Expected,Red,Right,7.415,1.066,0,0.87,-0.002,,0.04,0,,-1,-1,,,-1,50,50,0,0
P000,Day,6.779,0.725,0,E_Amb_L,Practice,Expected,Red,Right,7.503,1.154,0,0.871,-0.002,,0.006,0,,-1,-1,,,-1,50,50,0,0
P000,Day,6.779,0.835,0,E_Amb_L,Practice,Expected,Red,Right,7.614,1.265,0,0.87,-0.002,,0.028,0,,-1,-1,,,-1,50,50,0,0
P000,Day,6.779,0.933,0,E_Amb_L,Practice,Expected,Red,Right,7.711,1.362,0,0.868,-0.002,,0.023,0,,-1,-1,,,-1,50,50,0,0
P000,Day,6.779,1.024,0,E_Amb_L,Practice,Expected,Red,Right,7.803,1.454,0,0.868,-0.002,,0.013,0,,-1,-1,,,-1,50,50,0,0
P000,Day,6.779,1.128,0,E_Amb_L,Practice,Expected,Red,Right,7.907,1.558,0,0.867,-0.002,,0.003,0,,-1,-1,,,-1,50,50,0,0
P000,Day,6.779,1.236,0,E_Amb_L,Practice,Expected,Red,Right,8.015,1.666,0,0.867,-0.002,,0.003,0,,-1,-1,,,-1,50,50,0,0
P000,Day,6.779,1.328,0,E_Amb_L,Practice,Expected,Red,Right,8.107,1.758,0,0.867,-0.002,,0.004,0,,-1,-1,,,-1,50,50,0,0
P000,Day,6.779,1.434,0,E_Amb_L,Practice,Expected,Red,Right,8.213,1.864,0,0.868,-0.002,,0.002,0,,-1,-1,,,-1,50,50,0,0
P000,Day,6.779,1.499,0,E_Amb_L,Practice,Expected,Red,Right,8.278,1.929,0,0.868,-0.002,,0.002,1,TrialEnd,8.278,1.929,,,-1,50,50,0,0
P000,Day,6.779,1.525,0,E_Amb_L,Practice,Expected,Red,Right,8.303,1.955,0,0.868,-0.002,,0.002,1,TrialEnd,8.278,1.929,,,-1,50,50,0,0
P000,Day,6.779,1.632,0,E_Amb_L,Practice,Expected,Red,Right,8.411,2.062,0,0.868,-0.002,,0.002,1,TrialEnd,8.278,1.929,,,-1,50,50,0,0
P000,Day,6.779,1.73,0,E_Amb_L,Practice,Expected,Red,Right,8.508,2.159,0,0.868,-0.002,,0.002,1,TrialEnd,8.278,1.929,,,-1,50,50,0,0
P000,Day,6.779,1.837,0,E_Amb_L,Practice,Expected,Red,Right,8.615,2.267,0,0.868,-0.002,,0.002,1,TrialEnd,8.278,1.929,,,-1,50,50,0,0
P000,Day,6.779,1.925,0,E_Amb_L,Practice,Expected,Red,Right,8.704,2.355,0,0.868,-0.002,,0.002,1,TrialEnd,8.278,1.929,,,-1,50,50,0,0
P000,Day,6.779,2.032,0,E_Amb_L,Practice,Expected,Red,Right,8.81,2.462,0,0.868,-0.002,,0.002,1,TrialEnd,8.278,1.929,,,-1,50,50,0,0
P000,Day,6.779,2.14,0,E_Amb_L,Practice,Expected,Red,Right,8.919,2.57,0,0.868,-0.002,,0.002,1,TrialEnd,8.278,1.929,,,-1,50,50,0,0
P000,Day,6.779,2.228,0,E_Amb_L,Practice,Expected,Red,Right,9.007,2.658,0,0.868,-0.002,,0.002,1,TrialEnd,8.278,1.929,,,-1,50,50,0,0
P000,Day,6.779,2.336,0,E_Amb_L,Practice,Expected,Red,Right,9.114,2.766,0,0.868,-0.002,,0.002,1,TrialEnd,8.278,1.929,,,-1,50,50,0,0
P000,Day,6.779,2.427,0,E_Amb_L,Practice,Expected,Red,Right,9.205,2.857,0,0.868,-0.002,,0.002,1,TrialEnd,8.278,1.929,,,-1,50,50,0,0
P000,Day,6.779,2.446,0,E_Amb_L,Practice,Expected,Red,Right,9.224,2.875,0,0.868,-0.002,,0.002,1,TrialEnd,8.278,1.929,Amber,0,0.946,50,50,0,0
P000,Day,6.779,2.532,0,E_Amb_L,Practice,Expected,Red,Right,9.31,2.962,0,0.868,-0.002,,0.002,1,TrialEnd,8.278,1.929,Amber,0,0.946,50,50,0,0
P000,Day,6.779,2.637,0,E_Amb_L,Practice,Expected,Red,Right,9.415,3.067,0,0.868,-0.002,,0.002,1,TrialEnd,8.278,1.929,Amber,0,0.946,50,50,0,0
P000,Day,6.779,2.724,0,E_Amb_L,Practice,Expected,Red,Right,9.503,3.154,0,0.868,-0.002,,0.002,1,TrialEnd,8.278,1.929,Amber,0,0.946,50,50,0,0
P000,Day,6.779,2.823,0,E_Amb_L,Practice,Expected,Red,Right,9.602,3.253,0,0.868,-0.002,,0.002,1,TrialEnd,8.278,1.929,Amber,0,0.946,50,50,0,0
P000,Day,6.779,2.93,0,E_Amb_L,Practice,Expected,Red,Right,9.709,3.36,0,0.868,-0.002,,0.002,1,TrialEnd,8.278,1.929,Amber,0,0.946,50,50,0,0
P000,Day,6.779,3.03,0,E_Amb_L,Practice,Expected,Red,Right,9.809,3.46,0,0.868,-0.002,,0.002,1,TrialEnd,8.278,1.929,Amber,0,0.946,50,50,0,0
P000,Day,6.779,3.123,0,E_Amb_L,Practice,Expected,Red,Right,9.901,3.552,0,0.868,-0.002,,0.002,1,TrialEnd,8.278,1.929,Amber,0,0.946,50,50,0,0
P000,Day,6.779,3.227,0,E_Amb_L,Practice,Expected,Red,Right,10.005,3.656,0,0.868,-0.002,,0.002,1,TrialEnd,8.278,1.929,Amber,0,0.946,50,50,0,0
P000,Day,6.779,3.322,0,E_Amb_L,Practice,Expected,Red,Right,10.101,3.752,0,0.868,-0.002,,0.002,1,TrialEnd,8.278,1.929,Amber,0,0.946,50,50,0,0
P000,Day,6.779,3.43,0,E_Amb_L,Practice,Expected,Red,Right,10.208,3.859,0,0.868,-0.002,,0.002,1,TrialEnd,8.278,1.929,Amber,0,0.946,50,50,0,0
P000,Day,6.779,3.523,0,E_Amb_L,Practice,Expected,Red,Right,10.302,3.953,0,0.868,-0.002,,0.002,1,TrialEnd,8.278,1.929,Amber,0,0.946,50,50,0,0
P000,Day,6.779,3.623,0,E_Amb_L,Practice,Expected,Red,Right,10.401,4.053,0,0.868,-0.002,,0.002,1,TrialEnd,8.278,1.929,Amber,0,0.946,50,50,0,0
P000,Day,6.779,3.729,0,E_Amb_L,Practice,Expected,Red,Right,10.507,4.158,0,0.868,-0.002,,0.002,1,TrialEnd,8.278,1.929,Amber,0,0.946,50,50,0,0
P000,Day,6.779,3.829,0,E_Amb_L,Practice,Expected,Red,Right,10.607,4.259,0,0.868,-0.002,,0.002,1,TrialEnd,8.278,1.929,Amber,0,0.946,50,50,0,0
P000,Day,6.779,3.925,0,E_Amb_L,Practice,Expected,Red,Right,10.704,4.355,0,0.868,-0.002,,0.002,1,TrialEnd,8.278,1.929,Amber,0,0.946,50,50,0,0
P000,Day,6.779,4.028,0,E_Amb_L,Practice,Expected,Red,Right,10.807,4.458,0,0.868,-0.002,,0.002,1,TrialEnd,8.278,1.929,Amber,0,0.946,50,50,0,0
P000,Day,6.779,4.125,0,E_Amb_L,Practice,Expected,Red,Right,10.904,4.555,0,0.868,-0.002,,0.002,1,TrialEnd,8.278,1.929,Amber,0,0.946,50,50,0,0
P000,Day,6.779,4.23,0,E_Amb_L,Practice,Expected,Red,Right,11.009,4.66,0,0.868,-0.002,,0.002,1,TrialEnd,8.278,1.929,Amber,0,0.946,50,50,0,0
P000,Day,6.779,4.331,0,E_Amb_L,Practice,Expected,Red,Right,11.109,4.76,0,0.868,-0.002,,0.002,1,TrialEnd,8.278,1.929,Amber,0,0.946,50,50,0,0
P000,Day,6.779,4.427,0,E_Amb_L,Practice,Expected,Red,Right,11.205,4.856,0,0.868,-0.002,,0.002,1,TrialEnd,8.278,1.929,Amber,0,0.946,50,50,0,0
P000,Day,6.779,4.524,0,E_Amb_L,Practice,Expected,Red,Right,11.302,4.953,0,0.868,-0.002,,0.002,1,TrialEnd,8.278,1.929,Amber,0,0.946,50,50,0,0
P000,Day,6.779,4.628,0,E_Amb_L,Practice,Expected,Red,Right,11.406,5.058,0,0.868,-0.002,,0.002,1,TrialEnd,8.278,1.929,Amber,0,0.946,50,50,0,0
P000,Day,6.779,4.728,0,E_Amb_L,Practice,Expected,Red,Right,11.506,5.157,0,0.868,-0.002,,0.002,1,TrialEnd,8.278,1.929,Amber,0,0.946,50,50,0,0
P000,Day,6.779,4.824,0,E_Amb_L,Practice,Expected,Red,Right,11.603,5.254,0,0.868,-0.002,,0.002,1,TrialEnd,8.278,1.929,Amber,0,0.946,50,50,0,0
P000,Day,6.779,4.93,0,E_Amb_L,Practice,Expected,Red,Right,11.709,5.36,0,0.868,-0.002,,0.002,1,TrialEnd,8.278,1.929,Amber,0,0.946,50,50,0,0
P000,Day,6.779,5.026,0,E_Amb_L,Practice,Expected,Red,Right,11.804,5.455,0,0.868,-0.002,,0.002,1,TrialEnd,8.278,1.929,Amber,0,0.946,50,50,0,0
P000,Day,6.779,5.123,0,E_Amb_L,Practice,Expected,Red,Right,11.901,5.552,0,0.868,-0.002,,0.002,1,TrialEnd,8.278,1.929,Amber,0,0.946,50,50,0,0
P000,Day,6.779,5.232,0,E_Amb_L,Practice,Expected,Red,Right,12.01,5.661,0,0.868,-0.002,,0.002,1,TrialEnd,8.278,1.929,Amber,0,0.946,50,50,0,0
P000,Day,6.779,5.326,0,E_Amb_L,Practice,Expected,Red,Right,12.105,5.756,0,0.868,-0.002,,0.002,1,TrialEnd,8.278,1.929,Amber,0,0.946,50,50,0,0
P000,Day,6.779,5.427,0,E_Amb_L,Practice,Expected,Red,Right,12.205,5.857,0,0.868,-0.002,,0.002,1,TrialEnd,8.278,1.929,Amber,0,0.946,50,50,0,0
P000,Day,6.779,5.523,0,E_Amb_L,Practice,Expected,Red,Right,12.301,5.952,0,0.868,-0.002,,0.002,1,TrialEnd,8.278,1.929,Amber,0,0.946,50,50,0,0
P000,Day,6.779,5.637,0,E_Amb_L,Practice,Expected,Red,Right,12.416,6.067,0,0.868,-0.002,,0.002,1,TrialEnd,8.278,1.929,Amber,0,0.946,50,50,0,0
P000,Day,6.779,5.728,0,E_Amb_L,Practice,Expected,Red,Right,12.507,6.158,0,0.868,-0.002,,0.002,1,TrialEnd,8.278,1.929,Amber,0,0.946,50,50,0,0
P000,Day,6.779,5.823,0,E_Amb_L,Practice,Expected,Red,Right,12.602,6.253,0,0.868,-0.002,,0.002,1,TrialEnd,8.278,1.929,Amber,0,0.946,50,50,0,0
P000,Day,6.779,5.924,0,E_Amb_L,Practice,Expected,Red,Right,12.702,6.353,0,0.868,-0.002,,0.002,1,TrialEnd,8.278,1.929,Amber,0,0.946,50,50,0,0
P000,Day,6.779,6.032,0,E_Amb_L,Practice,Expected,Red,Right,12.81,6.461,0,0.868,-0.002,,0.002,1,TrialEnd,8.278,1.929,Amber,0,0.946,50,50,0,0
P000,Day,6.779,6.131,0,E_Amb_L,Practice,Expected,Red,Right,12.909,6.561,0,0.868,-0.002,,0.002,1,TrialEnd,8.278,1.929,Amber,0,0.946,50,50,0,0
P000,Day,6.779,6.227,0,E_Amb_L,Practice,Expected,Red,Right,13.006,6.657,0,0.868,-0.002,,0.002,1,TrialEnd,8.278,1.929,Amber,0,0.946,50,50,0,0
P000,Day,6.779,6.322,0,E_Amb_L,Practice,Expected,Red,Right,13.101,6.752,0,0.868,-0.002,,0.002,1,TrialEnd,8.278,1.929,Amber,0,0.946,50,50,0,0
P000,Day,6.779,6.432,0,E_Amb_L,Practice,Expected,Red,Right,13.21,6.861,0,0.868,-0.002,,0.002,1,TrialEnd,8.278,1.929,Amber,0,0.946,50,50,0,0
P000,Day,6.779,6.528,0,E_Amb_L,Practice,Expected,Red,Right,13.306,6.958,0,0.868,-0.002,,0.002,1,TrialEnd,8.278,1.929,Amber,0,0.946,50,50,0,0
P000,Day,6.779,6.623,0,E_Amb_L,Practice,Expected,Red,Right,13.402,7.053,0,0.868,-0.002,,0.002,1,TrialEnd,8.278,1.929,Amber,0,0.946,50,50,0,0
P000,Day,6.779,6.731,0,E_Amb_L,Practice,Expected,Red,Right,13.509,7.16,0,0.868,-0.002,,0.002,1,TrialEnd,8.278,1.929,Amber,0,0.946,50,50,0,0
P000,Day,6.779,6.834,0,E_Amb_L,Practice,Expected,Red,Right,13.613,7.264,0,0.868,-0.002,,0.002,1,TrialEnd,8.278,1.929,Amber,0,0.946,50,50,0,0
P000,Day,6.779,6.931,0,E_Amb_L,Practice,Expected,Red,Right,13.71,7.361,0,0.868,-0.002,,0.002,1,TrialEnd,8.278,1.929,Amber,0,0.946,50,50,0,0
P000,Day,6.779,7.026,0,E_Amb_L,Practice,Expected,Red,Right,13.804,7.455,0,0.868,-0.002,,0.002,1,TrialEnd,8.278,1.929,Amber,0,0.946,50,50,0,0
P000,Day,6.779,7.13,0,E_Amb_L,Practice,Expected,Red,Right,13.909,7.56,0,0.868,-0.002,,0.002,1,TrialEnd,8.278,1.929,Amber,0,0.946,50,50,0,0
P000,Day,6.779,7.231,0,E_Amb_L,Practice,Expected,Red,Right,14.009,7.66,0,0.868,-0.002,,0.002,1,TrialEnd,8.278,1.929,Amber,0,0.946,50,50,0,0
P000,Day,6.779,7.331,0,E_Amb_L,Practice,Expected,Red,Right,14.109,7.76,0,0.868,-0.002,,0.002,1,TrialEnd,8.278,1.929,Amber,0,0.946,50,50,0,0
P000,Day,6.779,7.425,0,E_Amb_L,Practice,Expected,Red,Right,14.204,7.855,0,0.868,-0.002,,0.002,1,TrialEnd,8.278,1.929,Amber,0,0.946,50,50,0,0
P000,Day,14.479,0.035,1,U_Amb_R,Practice,Expected,Amber,Right,14.514,0,0,0.94,-0.002,,4.023,0,,-1,-1,,,-1,50,50,0,0
P000,Day,14.479,0.066,1,U_Amb_R,Practice,Expected,Amber,Right,14.545,0.032,0,0.94,-0.002,,4.023,0,,-1,-1,,,-1,50,50,0,0
P000,Day,14.479,0.095,1,U_Amb_R,Practice,Expected,Amber,Right,14.574,0.061,0,0.903,-0.002,,4.389,0,,-1,-1,,,-1,50,50,0,0
P000,Day,14.479,0.125,1,U_Amb_R,Practice,Expected,Amber,Right,14.604,0.09,0,0.852,-0.002,,3.354,0,,-1,-1,,,-1,50,50,0,0
P000,Day,14.479,0.229,1,U_Amb_R,Practice,Expected,Amber,Right,14.708,0.195,0,0.847,-0.002,,0.19,0,,-1,-1,,,-1,50,50,0,0
P000,Day,14.479,0.286,1,U_Amb_R,Practice,Expected,Amber,Right,14.765,0.251,0,0.851,-0.002,,0.222,1,TrialEnd,14.765,0.251,,,-1,50,50,0,0
P000,Day,14.479,0.332,1,U_Amb_R,Practice,Expected,Amber,Right,14.811,0.298,0,0.851,-0.002,,0.222,1,TrialEnd,14.765,0.251,,,-1,50,50,0,0
P000,Day,14.479,0.431,1,U_Amb_R,Practice,Expected,Amber,Right,14.91,0.396,0,0.851,-0.002,,0.222,1,TrialEnd,14.765,0.251,,,-1,50,50,0,0
P000,Day,14.479,0.526,1,U_Amb_R,Practice,Expected,Amber,Right,15.005,0.491,0,0.851,-0.002,,0.222,1,TrialEnd,14.765,0.251,,,-1,50,50,0,0
P000,Day,14.479,0.622,1,U_Amb_R,Practice,Expected,Amber,Right,15.101,0.587,0,0.851,-0.002,,0.222,1,TrialEnd,14.765,0.251,,,-1,50,50,0,0
P000,Day,14.479,0.665,1,U_Amb_R,Practice,Expected,Amber,Right,15.144,0.63,0,0.851,-0.002,,0.222,1,TrialEnd,14.765,0.251,Amber,1,0.379,50,50,0,0
P000,Day,14.479,0.728,1,U_Amb_R,Practice,Expected,Amber,Right,15.207,0.694,0,0.851,-0.002,,0.222,1,TrialEnd,14.765,0.251,Amber,1,0.379,50,50,0,0
P000,Day,14.479,0.826,1,U_Amb_R,Practice,Expected,Amber,Right,15.305,0.792,0,0.851,-0.002,,0.222,1,TrialEnd,14.765,0.251,Amber,1,0.379,50,50,0,0
P000,Day,14.479,0.923,1,U_Amb_R,Practice,Expected,Amber,Right,15.402,0.888,0,0.851,-0.002,,0.222,1,TrialEnd,14.765,0.251,Amber,1,0.379,50,50,0,0
P000,Day,14.479,1.03,1,U_Amb_R,Practice,Expected,Amber,Right,15.509,0.995,0,0.851,-0.002,,0.222,1,TrialEnd,14.765,0.251,Amber,1,0.379,50,50,0,0
P000,Day,14.479,1.123,1,U_Amb_R,Practice,Expected,Amber,Right,15.602,1.088,0,0.851,-0.002,,0.222,1,TrialEnd,14.765,0.251,Amber,1,0.379,50,50,0,0
P000,Day,14.479,1.226,1,U_Amb_R,Practice,Expected,Amber,Right,15.705,1.191,0,0.851,-0.002,,0.222,1,TrialEnd,14.765,0.251,Amber,1,0.379,50,50,0,0
P000,Day,14.479,1.324,1,U_Amb_R,Practice,Expected,Amber,Right,15.803,1.289,0,0.851,-0.002,,0.222,1,TrialEnd,14.765,0.251,Amber,1,0.379,50,50,0,0
P000,Day,14.479,1.427,1,U_Amb_R,Practice,Expected,Amber,Right,15.906,1.393,0,0.851,-0.002,,0.222,1,TrialEnd,14.765,0.251,Amber,1,0.379,50,50,0,0
P000,Day,14.479,1.53,1,U_Amb_R,Practice,Expected,Amber,Right,16.009,1.496,0,0.851,-0.002,,0.222,1,TrialEnd,14.765,0.251,Amber,1,0.379,50,50,0,0
P000,Day,14.479,1.623,1,U_Amb_R,Practice,Expected,Amber,Right,16.102,1.588,0,0.851,-0.002,,0.222,1,TrialEnd,14.765,0.251,Amber,1,0.379,50,50,0,0
P000,Day,14.479,1.73,1,U_Amb_R,Practice,Expected,Amber,Right,16.209,1.695,0,0.851,-0.002,,0.222,1,TrialEnd,14.765,0.251,Amber,1,0.379,50,50,0,0
P000,Day,14.479,1.824,1,U_Amb_R,Practice,Expected,Amber,Right,16.303,1.789,0,0.851,-0.002,,0.222,1,TrialEnd,14.765,0.251,Amber,1,0.379,50,50,0,0
P000,Day,14.479,1.928,1,U_Amb_R,Practice,Expected,Amber,Right,16.408,1.894,0,0.851,-0.002,,0.222,1,TrialEnd,14.765,0.251,Amber,1,0.379,50,50,0,0
P000,Day,14.479,2.024,1,U_Amb_R,Practice,Expected,Amber,Right,16.503,1.989,0,0.851,-0.002,,0.222,1,TrialEnd,14.765,0.251,Amber,1,0.379,50,50,0,0
P000,Day,14.479,2.123,1,U_Amb_R,Practice,Expected,Amber,Right,16.603,2.089,0,0.851,-0.002,,0.222,1,TrialEnd,14.765,0.251,Amber,1,0.379,50,50,0,0
P000,Day,14.479,2.222,1,U_Amb_R,Practice,Expected,Amber,Right,16.701,2.187,0,0.851,-0.002,,0.222,1,TrialEnd,14.765,0.251,Amber,1,0.379,50,50,0,0
P000,Day,14.479,2.323,1,U_Amb_R,Practice,Expected,Amber,Right,16.803,2.289,0,0.851,-0.002,,0.222,1,TrialEnd,14.765,0.251,Amber,1,0.379,50,50,0,0
P000,Day,14.479,2.425,1,U_Amb_R,Practice,Expected,Amber,Right,16.904,2.39,0,0.851,-0.002,,0.222,1,TrialEnd,14.765,0.251,Amber,1,0.379,50,50,0,0
P000,Day,14.479,2.523,1,U_Amb_R,Practice,Expected,Amber,Right,17.003,2.489,0,0.851,-0.002,,0.222,1,TrialEnd,14.765,0.251,Amber,1,0.379,50,50,0,0
P000,Day,14.479,2.626,1,U_Amb_R,Practice,Expected,Amber,Right,17.105,2.591,0,0.851,-0.002,,0.222,1,TrialEnd,14.765,0.251,Amber,1,0.379,50,50,0,0
P000,Day,14.479,2.722,1,U_Amb_R,Practice,Expected,Amber,Right,17.201,2.688,0,0.851,-0.002,,0.222,1,TrialEnd,14.765,0.251,Amber,1,0.379,50,50,0,0
P000,Day,14.479,2.829,1,U_Amb_R,Practice,Expected,Amber,Right,17.308,2.795,0,0.851,-0.002,,0.222,1,TrialEnd,14.765,0.251,Amber,1,0.379,50,50,0,0
P000,Day,14.479,2.933,1,U_Amb_R,Practice,Expected,Amber,Right,17.412,2.898,0,0.851,-0.002,,0.222,1,TrialEnd,14.765,0.251,Amber,1,0.379,50,50,0,0
P000,Day,14.479,3.031,1,U_Amb_R,Practice,Expected,Amber,Right,17.511,2.997,0,0.851,-0.002,,0.222,1,TrialEnd,14.765,0.251,Amber,1,0.379,50,50,0,0
P000,Day,14.479,3.128,1,U_Amb_R,Practice,Expected,Amber,Right,17.607,3.093,0,0.851,-0.002,,0.222,1,TrialEnd,14.765,0.251,Amber,1,0.379,50,50,0,0
P000,Day,14.479,3.224,1,U_Amb_R,Practice,Expected,Amber,Right,17.703,3.189,0,0.851,-0.002,,0.222,1,TrialEnd,14.765,0.251,Amber,1,0.379,50,50,0,0
P000,Day,14.479,3.329,1,U_Amb_R,Practice,Expected,Amber,Right,17.809,3.295,0,0.851,-0.002,,0.222,1,TrialEnd,14.765,0.251,Amber,1,0.379,50,50,0,0
P000,Day,14.479,3.423,1,U_Amb_R,Practice,Expected,Amber,Right,17.903,3.389,0,0.851,-0.002,,0.222,1,TrialEnd,14.765,0.251,Amber,1,0.379,50,50,0,0
P000,Day,14.479,3.531,1,U_Amb_R,Practice,Expected,Amber,Right,18.01,3.497,0,0.851,-0.002,,0.222,1,TrialEnd,14.765,0.251,Amber,1,0.379,50,50,0,0
P000,Day,14.479,3.629,1,U_Amb_R,Practice,Expected,Amber,Right,18.108,3.595,0,0.851,-0.002,,0.222,1,TrialEnd,14.765,0.251,Amber,1,0.379,50,50,0,0
P000,Day,14.479,3.729,1,U_Amb_R,Practice,Expected,Amber,Right,18.208,3.694,0,0.851,-0.002,,0.222,1,TrialEnd,14.765,0.251,Amber,1,0.379,50,50,0,0
P000,Day,14.479,3.824,1,U_Amb_R,Practice,Expected,Amber,Right,18.303,3.789,0,0.851,-0.002,,0.222,1,TrialEnd,14.765,0.251,Amber,1,0.379,50,50,0,0
P000,Day,14.479,3.922,1,U_Amb_R,Practice,Expected,Amber,Right,18.401,3.887,0,0.851,-0.002,,0.222,1,TrialEnd,14.765,0.251,Amber,1,0.379,50,50,0,0
P000,Day,14.479,4.024,1,U_Amb_R,Practice,Expected,Amber,Right,18.503,3.99,0,0.851,-0.002,,0.222,1,TrialEnd,14.765,0.251,Amber,1,0.379,50,50,0,0
P000,Day,14.479,4.129,1,U_Amb_R,Practice,Expected,Amber,Right,18.608,4.094,0,0.851,-0.002,,0.222,1,TrialEnd,14.765,0.251,Amber,1,0.379,50,50,0,0
P000,Day,14.479,4.228,1,U_Amb_R,Practice,Expected,Amber,Right,18.707,4.194,0,0.851,-0.002,,0.222,1,TrialEnd,14.765,0.251,Amber,1,0.379,50,50,0,0
P000,Day,14.479,4.323,1,U_Amb_R,Practice,Expected,Amber,Right,18.802,4.288,0,0.851,-0.002,,0.222,1,TrialEnd,14.765,0.251,Amber,1,0.379,50,50,0,0
P000,Day,14.479,4.426,1,U_Amb_R,Practice,Expected,Amber,Right,18.905,4.391,0,0.851,-0.002,,0.222,1,TrialEnd,14.765,0.251,Amber,1,0.379,50,50,0,0
P000,Day,14.479,4.528,1,U_Amb_R,Practice,Expected,Amber,Right,19.007,4.493,0,0.851,-0.002,,0.222,1,TrialEnd,14.765,0.251,Amber,1,0.379,50,50,0,0
P000,Day,14.479,4.626,1,U_Amb_R,Practice,Expected,Amber,Right,19.105,4.592,0,0.851,-0.002,,0.222,1,TrialEnd,14.765,0.251,Amber,1,0.379,50,50,0,0
P000,Day,14.479,4.726,1,U_Amb_R,Practice,Expected,Amber,Right,19.205,4.692,0,0.851,-0.002,,0.222,1,TrialEnd,14.765,0.251,Amber,1,0.379,50,50,0,0
P000,Day,14.479,4.828,1,U_Amb_R,Practice,Expected,Amber,Right,19.307,4.794,0,0.851,-0.002,,0.222,1,TrialEnd,14.765,0.251,Amber,1,0.379,50,50,0,0
P000,Day,14.479,4.927,1,U_Amb_R,Practice,Expected,Amber,Right,19.406,4.893,0,0.851,-0.002,,0.222,1,TrialEnd,14.765,0.251,Amber,1,0.379,50,50,0,0
P000,Day,14.479,5.028,1,U_Amb_R,Practice,Expected,Amber,Right,19.507,4.993,0,0.851,-0.002,,0.222,1,TrialEnd,14.765,0.251,Amber,1,0.379,50,50,0,0
P000,Day,14.479,5.13,1,U_Amb_R,Practice,Expected,Amber,Right,19.609,5.096,0,0.851,-0.002,,0.222,1,TrialEnd,14.765,0.251,Amber,1,0.379,50,50,0,0
P000,Day,14.479,5.232,1,U_Amb_R,Practice,Expected,Amber,Right,19.711,5.197,0,0.851,-0.002,,0.222,1,TrialEnd,14.765,0.251,Amber,1,0.379,50,50,0,0
P000,Day,14.479,5.322,1,U_Amb_R,Practice,Expected,Amber,Right,19.801,5.287,0,0.851,-0.002,,0.222,1,TrialEnd,14.765,0.251,Amber,1,0.379,50,50,0,0
P000,Day,14.479,5.426,1,U_Amb_R,Practice,Expected,Amber,Right,19.905,5.391,0,0.851,-0.002,,0.222,1,TrialEnd,14.765,0.251,Amber,1,0.379,50,50,0,0
P000,Day,14.479,5.524,1,U_Amb_R,Practice,Expected,Amber,Right,20.003,5.489,0,0.851,-0.002,,0.222,1,TrialEnd,14.765,0.251,Amber,1,0.379,50,50,0,0
P000,Day,14.479,5.625,1,U_Amb_R,Practice,Expected,Amber,Right,20.104,5.591,0,0.851,-0.002,,0.222,1,TrialEnd,14.765,0.251,Amber,1,0.379,50,50,0,0
P000,Day,20.405,0.037,2,U_Red_L,Practice,Unexpected,Red,Right,20.443,0,0,0.904,-0.002,,4.389,0,,-1,-1,,,-1,50,50,0,0
P000,Day,20.405,0.064,2,U_Red_L,Practice,Unexpected,Red,Right,20.47,0.027,0,0.904,-0.002,,4.389,0,,-1,-1,,,-1,50,50,0,0
P000,Day,20.405,0.097,2,U_Red_L,Practice,Unexpected,Red,Right,20.503,0.06,0,0.868,-0.002,,3.823,0,,-1,-1,,,-1,50,50,0,0
P000,Day,20.405,0.112,2,U_Red_L,Practice,Unexpected,Red,Right,20.518,0.075,0,0.844,-0.002,,3.354,0,,-1,-1,,,-1,50,50,0,0
P000,Day,20.405,0.198,2,U_Red_L,Practice,Unexpected,Red,Right,20.603,0.161,0,0.846,-0.002,,0.164,0,,-1,-1,,,-1,50,50,0,0
P000,Day,20.405,0.288,2,U_Red_L,Practice,Unexpected,Red,Right,20.693,0.251,0,0.853,-0.002,,0.232,1,TrialEnd,20.693,0.251,,,-1,50,50,0,0
P000,Day,20.405,0.298,2,U_Red_L,Practice,Unexpected,Red,Right,20.703,0.261,0,0.853,-0.002,,0.232,1,TrialEnd,20.693,0.251,,,-1,50,50,0,0
P000,Day,20.405,0.405,2,U_Red_L,Practice,Unexpected,Red,Right,20.811,0.369,0,0.853,-0.002,,0.232,1,TrialEnd,20.693,0.251,,,-1,50,50,0,0
P000,Day,20.405,0.505,2,U_Red_L,Practice,Unexpected,Red,Right,20.911,0.468,0,0.853,-0.002,,0.232,1,TrialEnd,20.693,0.251,,,-1,50,50,0,0
P000,Day,20.405,0.585,2,U_Red_L,Practice,Unexpected,Red,Right,20.991,0.548,0,0.853,-0.002,,0.232,1,TrialEnd,20.693,0.251,Amber,0,0.297,50,50,0,0
P000,Day,20.405,0.605,2,U_Red_L,Practice,Unexpected,Red,Right,21.01,0.568,0,0.853,-0.002,,0.232,1,TrialEnd,20.693,0.251,Amber,0,0.297,50,50,0,0
P000,Day,20.405,0.702,2,U_Red_L,Practice,Unexpected,Red,Right,21.108,0.665,0,0.853,-0.002,,0.232,1,TrialEnd,20.693,0.251,Amber,0,0.297,50,50,0,0
P000,Day,20.405,0.796,2,U_Red_L,Practice,Unexpected,Red,Right,21.201,0.759,0,0.853,-0.002,,0.232,1,TrialEnd,20.693,0.251,Amber,0,0.297,50,50,0,0
P000,Day,20.405,0.9,2,U_Red_L,Practice,Unexpected,Red,Right,21.306,0.863,0,0.853,-0.002,,0.232,1,TrialEnd,20.693,0.251,Amber,0,0.297,50,50,0,0
P000,Day,20.405,0.997,2,U_Red_L,Practice,Unexpected,Red,Right,21.403,0.96,0,0.853,-0.002,,0.232,1,TrialEnd,20.693,0.251,Amber,0,0.297,50,50,0,0
P000,Day,20.405,1.098,2,U_Red_L,Practice,Unexpected,Red,Right,21.503,1.061,0,0.853,-0.002,,0.232,1,TrialEnd,20.693,0.251,Amber,0,0.297,50,50,0,0
P000,Day,20.405,1.199,2,U_Red_L,Practice,Unexpected,Red,Right,21.604,1.162,0,0.853,-0.002,,0.232,1,TrialEnd,20.693,0.251,Amber,0,0.297,50,50,0,0
P000,Day,20.405,1.314,2,U_Red_L,Practice,Unexpected,Red,Right,21.719,1.277,0,0.853,-0.002,,0.232,1,TrialEnd,20.693,0.251,Amber,0,0.297,50,50,0,0
P000,Day,20.405,1.403,2,U_Red_L,Practice,Unexpected,Red,Right,21.809,1.366,0,0.853,-0.002,,0.232,1,TrialEnd,20.693,0.251,Amber,0,0.297,50,50,0,0
P000,Day,20.405,1.501,2,U_Red_L,Practice,Unexpected,Red,Right,21.907,1.464,0,0.853,-0.002,,0.232,1,TrialEnd,20.693,0.251,Amber,0,0.297,50,50,0,0
P000,Day,20.405,1.597,2,U_Red_L,Practice,Unexpected,Red,Right,22.002,1.56,0,0.853,-0.002,,0.232,1,TrialEnd,20.693,0.251,Amber,0,0.297,50,50,0,0
P000,Day,20.405,1.702,2,U_Red_L,Practice,Unexpected,Red,Right,22.108,1.665,0,0.853,-0.002,,0.232,1,TrialEnd,20.693,0.251,Amber,0,0.297,50,50,0,0
P000,Day,20.405,1.8,2,U_Red_L,Practice,Unexpected,Red,Right,22.205,1.763,0,0.853,-0.002,,0.232,1,TrialEnd,20.693,0.251,Amber,0,0.297,50,50,0,0
P000,Day,20.405,1.9,2,U_Red_L,Practice,Unexpected,Red,Right,22.306,1.863,0,0.853,-0.002,,0.232,1,TrialEnd,20.693,0.251,Amber,0,0.297,50,50,0,0
P000,Day,20.405,2.002,2,U_Red_L,Practice,Unexpected,Red,Right,22.407,1.965,0,0.853,-0.002,,0.232,1,TrialEnd,20.693,0.251,Amber,0,0.297,50,50,0,0
P000,Day,20.405,2.103,2,U_Red_L,Practice,Unexpected,Red,Right,22.508,2.066,0,0.853,-0.002,,0.232,1,TrialEnd,20.693,0.251,Amber,0,0.297,50,50,0,0
P000,Day,20.405,2.197,2,U_Red_L,Practice,Unexpected,Red,Right,22.602,2.16,0,0.853,-0.002,,0.232,1,TrialEnd,20.693,0.251,Amber,0,0.297,50,50,0,0
P000,Day,20.405,2.296,2,U_Red_L,Practice,Unexpected,Red,Right,22.702,2.259,0,0.853,-0.002,,0.232,1,TrialEnd,20.693,0.251,Amber,0,0.297,50,50,0,0
P000,Day,20.405,2.398,2,U_Red_L,Practice,Unexpected,Red,Right,22.803,2.361,0,0.853,-0.002,,0.232,1,TrialEnd,20.693,0.251,Amber,0,0.297,50,50,0,0
P000,Day,20.405,2.5,2,U_Red_L,Practice,Unexpected,Red,Right,22.906,2.463,0,0.853,-0.002,,0.232,1,TrialEnd,20.693,0.251,Amber,0,0.297,50,50,0,0
P000,Day,20.405,2.602,2,U_Red_L,Practice,Unexpected,Red,Right,23.007,2.565,0,0.853,-0.002,,0.232,1,TrialEnd,20.693,0.251,Amber,0,0.297,50,50,0,0
P000,Day,20.405,2.696,2,U_Red_L,Practice,Unexpected,Red,Right,23.101,2.659,0,0.853,-0.002,,0.232,1,TrialEnd,20.693,0.251,Amber,0,0.297,50,50,0,0
P000,Day,20.405,2.806,2,U_Red_L,Practice,Unexpected,Red,Right,23.212,2.769,0,0.853,-0.002,,0.232,1,TrialEnd,20.693,0.251,Amber,0,0.297,50,50,0,0
P000,Day,20.405,2.899,2,U_Red_L,Practice,Unexpected,Red,Right,23.304,2.862,0,0.853,-0.002,,0.232,1,TrialEnd,20.693,0.251,Amber,0,0.297,50,50,0,0
P000,Day,20.405,2.995,2,U_Red_L,Practice,Unexpected,Red,Right,23.401,2.958,0,0.853,-0.002,,0.232,1,TrialEnd,20.693,0.251,Amber,0,0.297,50,50,0,0
P000,Day,20.405,3.106,2,U_Red_L,Practice,Unexpected,Red,Right,23.511,3.069,0,0.853,-0.002,,0.232,1,TrialEnd,20.693,0.251,Amber,0,0.297,50,50,0,0
P000,Day,20.405,3.201,2,U_Red_L,Practice,Unexpected,Red,Right,23.606,3.164,0,0.853,-0.002,,0.232,1,TrialEnd,20.693,0.251,Amber,0,0.297,50,50,0,0
P000,Day,20.405,3.297,2,U_Red_L,Practice,Unexpected,Red,Right,23.703,3.26,0,0.853,-0.002,,0.232,1,TrialEnd,20.693,0.251,Amber,0,0.297,50,50,0,0
P000,Day,20.405,3.402,2,U_Red_L,Practice,Unexpected,Red,Right,23.807,3.365,0,0.853,-0.002,,0.232,1,TrialEnd,20.693,0.251,Amber,0,0.297,50,50,0,0
P000,Day,20.405,3.506,2,U_Red_L,Practice,Unexpected,Red,Right,23.911,3.469,0,0.853,-0.002,,0.232,1,TrialEnd,20.693,0.251,Amber,0,0.297,50,50,0,0
P000,Day,20.405,3.596,2,U_Red_L,Practice,Unexpected,Red,Right,24.002,3.559,0,0.853,-0.002,,0.232,1,TrialEnd,20.693,0.251,Amber,0,0.297,50,50,0,0
P000,Day,20.405,3.701,2,U_Red_L,Practice,Unexpected,Red,Right,24.106,3.664,0,0.853,-0.002,,0.232,1,TrialEnd,20.693,0.251,Amber,0,0.297,50,50,0,0
P000,Day,20.405,3.805,2,U_Red_L,Practice,Unexpected,Red,Right,24.21,3.768,0,0.853,-0.002,,0.232,1,TrialEnd,20.693,0.251,Amber,0,0.297,50,50,0,0
P000,Day,20.405,3.901,2,U_Red_L,Practice,Unexpected,Red,Right,24.307,3.864,0,0.853,-0.002,,0.232,1,TrialEnd,20.693,0.251,Amber,0,0.297,50,50,0,0
P000,Day,20.405,4.006,2,U_Red_L,Practice,Unexpected,Red,Right,24.412,3.97,0,0.853,-0.002,,0.232,1,TrialEnd,20.693,0.251,Amber,0,0.297,50,50,0,0
P000,Day,20.405,4.103,2,U_Red_L,Practice,Unexpected,Red,Right,24.508,4.066,0,0.853,-0.002,,0.232,1,TrialEnd,20.693,0.251,Amber,0,0.297,50,50,0,0
P000,Day,20.405,4.203,2,U_Red_L,Practice,Unexpected,Red,Right,24.609,4.166,0,0.853,-0.002,,0.232,1,TrialEnd,20.693,0.251,Amber,0,0.297,50,50,0,0
P000,Day,20.405,4.296,2,U_Red_L,Practice,Unexpected,Red,Right,24.701,4.259,0,0.853,-0.002,,0.232,1,TrialEnd,20.693,0.251,Amber,0,0.297,50,50,0,0
P000,Day,20.405,4.404,2,U_Red_L,Practice,Unexpected,Red,Right,24.809,4.367,0,0.853,-0.002,,0.232,1,TrialEnd,20.693,0.251,Amber,0,0.297,50,50,0,0
P000,Day,20.405,4.497,2,U_Red_L,Practice,Unexpected,Red,Right,24.902,4.46,0,0.853,-0.002,,0.232,1,TrialEnd,20.693,0.251,Amber,0,0.297,50,50,0,0
P000,Day,20.405,4.6,2,U_Red_L,Practice,Unexpected,Red,Right,25.005,4.563,0,0.853,-0.002,,0.232,1,TrialEnd,20.693,0.251,Amber,0,0.297,50,50,0,0
P000,Day,20.405,4.701,2,U_Red_L,Practice,Unexpected,Red,Right,25.106,4.664,0,0.853,-0.002,,0.232,1,TrialEnd,20.693,0.251,Amber,0,0.297,50,50,0,0
P000,Day,20.405,4.801,2,U_Red_L,Practice,Unexpected,Red,Right,25.207,4.765,0,0.853,-0.002,,0.232,1,TrialEnd,20.693,0.251,Amber,0,0.297,50,50,0,0
P000,Day,20.405,4.902,2,U_Red_L,Practice,Unexpected,Red,Right,25.308,4.865,0,0.853,-0.002,,0.232,1,TrialEnd,20.693,0.251,Amber,0,0.297,50,50,0,0
P000,Day,20.405,4.998,2,U_Red_L,Practice,Unexpected,Red,Right,25.403,4.961,0,0.853,-0.002,,0.232,1,TrialEnd,20.693,0.251,Amber,0,0.297,50,50,0,0
P000,Day,20.405,5.103,2,U_Red_L,Practice,Unexpected,Red,Right,25.508,5.066,0,0.853,-0.002,,0.232,1,TrialEnd,20.693,0.251,Amber,0,0.297,50,50,0,0
P000,Day,20.405,5.204,2,U_Red_L,Practice,Unexpected,Red,Right,25.609,5.167,0,0.853,-0.002,,0.232,1,TrialEnd,20.693,0.251,Amber,0,0.297,50,50,0,0
P000,Day,20.405,5.3,2,U_Red_L,Practice,Unexpected,Red,Right,25.706,5.263,0,0.853,-0.002,,0.232,1,TrialEnd,20.693,0.251,Amber,0,0.297,50,50,0,0
P000,Day,20.405,5.402,2,U_Red_L,Practice,Unexpected,Red,Right,25.808,5.365,0,0.853,-0.002,,0.232,1,TrialEnd,20.693,0.251,Amber,0,0.297,50,50,0,0
P000,Day,20.405,5.497,2,U_Red_L,Practice,Unexpected,Red,Right,25.903,5.46,0,0.853,-0.002,,0.232,1,TrialEnd,20.693,0.251,Amber,0,0.297,50,50,0,0
P000,Day,26.237,0.029,3,E_Red_R,Practice,Unexpected,Amber,Right,26.266,0,0,0.945,-0.002,,4.023,0,,-1,-1,,,-1,50,50,0,0
P000,Day,26.237,0.051,3,E_Red_R,Practice,Unexpected,Amber,Right,26.288,0.022,0,0.945,-0.002,,4.023,0,,-1,-1,,,-1,50,50,0,0
P000,Day,26.237,0.083,3,E_Red_R,Practice,Unexpected,Amber,Right,26.32,0.054,0,0.908,-0.002,,4.389,0,,-1,-1,,,-1,50,50,0,0
P000,Day,26.237,0.094,3,E_Red_R,Practice,Unexpected,Amber,Right,26.331,0.065,0,0.886,-0.002,,3.823,0,,-1,-1,,,-1,50,50,0,0
P000,Day,26.237,0.168,3,E_Red_R,Practice,Unexpected,Amber,Right,26.404,0.138,0,0.844,-0.002,,0.089,0,,-1,-1,,,-1,50,50,0,0
P000,Day,26.237,0.265,3,E_Red_R,Practice,Unexpected,Amber,Right,26.502,0.236,0,0.851,-0.002,,0.23,0,,-1,-1,,,-1,50,50,0,0
P000,Day,26.237,0.289,3,E_Red_R,Practice,Unexpected,Amber,Right,26.526,0.26,0,0.853,-0.002,,0.232,1,TrialEnd,26.526,0.26,,,-1,50,50,0,0
P000,Day,26.237,0.365,3,E_Red_R,Practice,Unexpected,Amber,Right,26.601,0.336,0,0.853,-0.002,,0.232,1,TrialEnd,26.526,0.26,,,-1,50,50,0,0
P000,Day,26.237,0.467,3,E_Red_R,Practice,Unexpected,Amber,Right,26.704,0.438,0,0.853,-0.002,,0.232,1,TrialEnd,26.526,0.26,,,-1,50,50,0,0
P000,Day,26.237,0.565,3,E_Red_R,Practice,Unexpected,Amber,Right,26.802,0.536,0,0.853,-0.002,,0.232,1,TrialEnd,26.526,0.26,,,-1,50,50,0,0
P000,Day,26.237,0.596,3,E_Red_R,Practice,Unexpected,Amber,Right,26.833,0.567,0,0.853,-0.002,,0.232,1,TrialEnd,26.526,0.26,Amber,1,0.307,50,50,0,0
P000,Day,26.237,0.665,3,E_Red_R,Practice,Unexpected,Amber,Right,26.902,0.636,0,0.853,-0.002,,0.232,1,TrialEnd,26.526,0.26,Amber,1,0.307,50,50,0,0
P000,Day,26.237,0.764,3,E_Red_R,Practice,Unexpected,Amber,Right,27.001,0.735,0,0.853,-0.002,,0.232,1,TrialEnd,26.526,0.26,Amber,1,0.307,50,50,0,0
P000,Day,26.237,0.869,3,E_Red_R,Practice,Unexpected,Amber,Right,27.106,0.84,0,0.853,-0.002,,0.232,1,TrialEnd,26.526,0.26,Amber,1,0.307,50,50,0,0
P000,Day,26.237,0.974,3,E_Red_R,Practice,Unexpected,Amber,Right,27.211,0.945,0,0.853,-0.002,,0.232,1,TrialEnd,26.526,0.26,Amber,1,0.307,50,50,0,0
P000,Day,26.237,1.072,3,E_Red_R,Practice,Unexpected,Amber,Right,27.308,1.043,0,0.853,-0.002,,0.232,1,TrialEnd,26.526,0.26,Amber,1,0.307,50,50,0,0
P000,Day,26.237,1.172,3,E_Red_R,Practice,Unexpected,Amber,Right,27.408,1.142,0,0.853,-0.002,,0.232,1,TrialEnd,26.526,0.26,Amber,1,0.307,50,50,0,0
P000,Day,26.237,1.269,3,E_Red_R,Practice,Unexpected,Amber,Right,27.505,1.24,0,0.853,-0.002,,0.232,1,TrialEnd,26.526,0.26,Amber,1,0.307,50,50,0,0
P000,Day,26.237,1.368,3,E_Red_R,Practice,Unexpected,Amber,Right,27.605,1.339,0,0.853,-0.002,,0.232,1,TrialEnd,26.526,0.26,Amber,1,0.307,50,50,0,0
P000,Day,26.237,1.472,3,E_Red_R,Practice,Unexpected,Amber,Right,27.708,1.443,0,0.853,-0.002,,0.232,1,TrialEnd,26.526,0.26,Amber,1,0.307,50,50,0,0
P000,Day,26.237,1.569,3,E_Red_R,Practice,Unexpected,Amber,Right,27.806,1.54,0,0.853,-0.002,,0.232,1,TrialEnd,26.526,0.26,Amber,1,0.307,50,50,0,0
P000,Day,26.237,1.665,3,E_Red_R,Practice,Unexpected,Amber,Right,27.902,1.636,0,0.853,-0.002,,0.232,1,TrialEnd,26.526,0.26,Amber,1,0.307,50,50,0,0
P000,Day,26.237,1.764,3,E_Red_R,Practice,Unexpected,Amber,Right,28.001,1.735,0,0.853,-0.002,,0.232,1,TrialEnd,26.526,0.26,Amber,1,0.307,50,50,0,0
P000,Day,26.237,1.868,3,E_Red_R,Practice,Unexpected,Amber,Right,28.105,1.839,0,0.853,-0.002,,0.232,1,TrialEnd,26.526,0.26,Amber,1,0.307,50,50,0,0
P000,Day,26.237,1.972,3,E_Red_R,Practice,Unexpected,Amber,Right,28.208,1.943,0,0.853,-0.002,,0.232,1,TrialEnd,26.526,0.26,Amber,1,0.307,50,50,0,0
P000,Day,26.237,2.072,3,E_Red_R,Practice,Unexpected,Amber,Right,28.309,2.043,0,0.853,-0.002,,0.232,1,TrialEnd,26.526,0.26,Amber,1,0.307,50,50,0,0
P000,Day,26.237,2.164,3,E_Red_R,Practice,Unexpected,Amber,Right,28.401,2.135,0,0.853,-0.002,,0.232,1,TrialEnd,26.526,0.26,Amber,1,0.307,50,50,0,0
P000,Day,26.237,2.268,3,E_Red_R,Practice,Unexpected,Amber,Right,28.505,2.239,0,0.853,-0.002,,0.232,1,TrialEnd,26.526,0.26,Amber,1,0.307,50,50,0,0
P000,Day,26.237,2.368,3,E_Red_R,Practice,Unexpected,Amber,Right,28.605,2.339,0,0.853,-0.002,,0.232,1,TrialEnd,26.526,0.26,Amber,1,0.307,50,50,0,0
P000,Day,26.237,2.472,3,E_Red_R,Practice,Unexpected,Amber,Right,28.709,2.443,0,0.853,-0.002,,0.232,1,TrialEnd,26.526,0.26,Amber,1,0.307,50,50,0,0
P000,Day,26.237,2.564,3,E_Red_R,Practice,Unexpected,Amber,Right,28.801,2.535,0,0.853,-0.002,,0.232,1,TrialEnd,26.526,0.26,Amber,1,0.307,50,50,0,0
P000,Day,26.237,2.664,3,E_Red_R,Practice,Unexpected,Amber,Right,28.901,2.635,0,0.853,-0.002,,0.232,1,TrialEnd,26.526,0.26,Amber,1,0.307,50,50,0,0
P000,Day,26.237,2.765,3,E_Red_R,Practice,Unexpected,Amber,Right,29.001,2.736,0,0.853,-0.002,,0.232,1,TrialEnd,26.526,0.26,Amber,1,0.307,50,50,0,0
P000,Day,26.237,2.871,3,E_Red_R,Practice,Unexpected,Amber,Right,29.108,2.842,0,0.853,-0.002,,0.232,1,TrialEnd,26.526,0.26,Amber,1,0.307,50,50,0,0
P000,Day,26.237,2.971,3,E_Red_R,Practice,Unexpected,Amber,Right,29.208,2.942,0,0.853,-0.002,,0.232,1,TrialEnd,26.526,0.26,Amber,1,0.307,50,50,0,0
P000,Day,26.237,3.072,3,E_Red_R,Practice,Unexpected,Amber,Right,29.308,3.043,0,0.853,-0.002,,0.232,1,TrialEnd,26.526,0.26,Amber,1,0.307,50,50,0,0
P000,Day,26.237,3.173,3,E_Red_R,Practice,Unexpected,Amber,Right,29.409,3.143,0,0.853,-0.002,,0.232,1,TrialEnd,26.526,0.26,Amber,1,0.307,50,50,0,0
P000,Day,26.237,3.266,3,E_Red_R,Practice,Unexpected,Amber,Right,29.503,3.237,0,0.853,-0.002,,0.232,1,TrialEnd,26.526,0.26,Amber,1,0.307,50,50,0,0
P000,Day,26.237,3.364,3,E_Red_R,Practice,Unexpected,Amber,Right,29.6,3.335,0,0.853,-0.002,,0.232,1,TrialEnd,26.526,0.26,Amber,1,0.307,50,50,0,0
P000,Day,26.237,3.466,3,E_Red_R,Practice,Unexpected,Amber,Right,29.703,3.437,0,0.853,-0.002,,0.232,1,TrialEnd,26.526,0.26,Amber,1,0.307,50,50,0,0
P000,Day,26.237,3.567,3,E_Red_R,Practice,Unexpected,Amber,Right,29.803,3.537,0,0.853,-0.002,,0.232,1,TrialEnd,26.526,0.26,Amber,1,0.307,50,50,0,0
P000,Day,26.237,3.668,3,E_Red_R,Practice,Unexpected,Amber,Right,29.905,3.639,0,0.853,-0.002,,0.232,1,TrialEnd,26.526,0.26,Amber,1,0.307,50,50,0,0
P000,Day,26.237,3.773,3,E_Red_R,Practice,Unexpected,Amber,Right,30.01,3.744,0,0.853,-0.002,,0.232,1,TrialEnd,26.526,0.26,Amber,1,0.307,50,50,0,0
P000,Day,26.237,3.868,3,E_Red_R,Practice,Unexpected,Amber,Right,30.105,3.839,0,0.853,-0.002,,0.232,1,TrialEnd,26.526,0.26,Amber,1,0.307,50,50,0,0
P000,Day,26.237,3.968,3,E_Red_R,Practice,Unexpected,Amber,Right,30.205,3.939,0,0.853,-0.002,,0.232,1,TrialEnd,26.526,0.26,Amber,1,0.307,50,50,0,0
P000,Day,26.237,4.064,3,E_Red_R,Practice,Unexpected,Amber,Right,30.301,4.035,0,0.853,-0.002,,0.232,1,TrialEnd,26.526,0.26,Amber,1,0.307,50,50,0,0
P000,Day,26.237,4.168,3,E_Red_R,Practice,Unexpected,Amber,Right,30.405,4.139,0,0.853,-0.002,,0.232,1,TrialEnd,26.526,0.26,Amber,1,0.307,50,50,0,0
P000,Day,26.237,4.271,3,E_Red_R,Practice,Unexpected,Amber,Right,30.508,4.242,0,0.853,-0.002,,0.232,1,TrialEnd,26.526,0.26,Amber,1,0.307,50,50,0,0
P000,Day,26.237,4.372,3,E_Red_R,Practice,Unexpected,Amber,Right,30.609,4.343,0,0.853,-0.002,,0.232,1,TrialEnd,26.526,0.26,Amber,1,0.307,50,50,0,0
P000,Day,26.237,4.467,3,E_Red_R,Practice,Unexpected,Amber,Right,30.704,4.438,0,0.853,-0.002,,0.232,1,TrialEnd,26.526,0.26,Amber,1,0.307,50,50,0,0
P000,Day,26.237,4.568,3,E_Red_R,Practice,Unexpected,Amber,Right,30.805,4.539,0,0.853,-0.002,,0.232,1,TrialEnd,26.526,0.26,Amber,1,0.307,50,50,0,0
P000,Day,26.237,4.668,3,E_Red_R,Practice,Unexpected,Amber,Right,30.905,4.639,0,0.853,-0.002,,0.232,1,TrialEnd,26.526,0.26,Amber,1,0.307,50,50,0,0
P000,Day,26.237,4.771,3,E_Red_R,Practice,Unexpected,Amber,Right,31.008,4.742,0,0.853,-0.002,,0.232,1,TrialEnd,26.526,0.26,Amber,1,0.307,50,50,0,0
P000,Day,26.237,4.871,3,E_Red_R,Practice,Unexpected,Amber,Right,31.108,4.842,0,0.853,-0.002,,0.232,1,TrialEnd,26.526,0.26,Amber,1,0.307,50,50,0,0
P000,Day,26.237,4.966,3,E_Red_R,Practice,Unexpected,Amber,Right,31.202,4.937,0,0.853,-0.002,,0.232,1,TrialEnd,26.526,0.26,Amber,1,0.307,50,50,0,0
P000,Day,26.237,5.07,3,E_Red_R,Practice,Unexpected,Amber,Right,31.307,5.041,0,0.853,-0.002,,0.232,1,TrialEnd,26.526,0.26,Amber,1,0.307,50,50,0,0
P000,Day,26.237,5.166,3,E_Red_R,Practice,Unexpected,Amber,Right,31.403,5.137,0,0.853,-0.002,,0.232,1,TrialEnd,26.526,0.26,Amber,1,0.307,50,50,0,0
P000,Day,26.237,5.265,3,E_Red_R,Practice,Unexpected,Amber,Right,31.502,5.236,0,0.853,-0.002,,0.232,1,TrialEnd,26.526,0.26,Amber,1,0.307,50,50,0,0
P000,Day,26.237,5.365,3,E_Red_R,Practice,Unexpected,Amber,Right,31.602,5.336,0,0.853,-0.002,,0.232,1,TrialEnd,26.526,0.26,Amber,1,0.307,50,50,0,0
P000,Day,26.237,5.466,3,E_Red_R,Practice,Unexpected,Amber,Right,31.703,5.437,0,0.853,-0.002,,0.232,1,TrialEnd,26.526,0.26,Amber,1,0.307,50,50,0,0
P000,Day,26.237,5.572,3,E_Red_R,Practice,Unexpected,Amber,Right,31.808,5.542,0,0.853,-0.002,,0.232,1,TrialEnd,26.526,0.26,Amber,1,0.307,50,50,0,0
P000,Day,31.88,0.032,4,SubBlock,,,,,31.912,0.019,,,,,0.232,0,,-1,-1,,,-1,50,50,0,0
P000,Day,31.88,0.124,4,SubBlock,,,,,32.004,0.11,,,,,0.232,0,,-1,-1,,,-1,50,50,0,0
P000,Day,31.88,0.222,4,SubBlock,,,,,32.102,0.208,,,,,0.232,0,,-1,-1,,,-1,50,50,0,0
P000,Day,31.88,0.323,4,SubBlock,,,,,32.203,0.31,,,,,0.232,0,,-1,-1,,,-1,50,50,0,0
P000,Day,31.88,0.421,4,SubBlock,,,,,32.301,0.407,,,,,0.232,0,,-1,-1,,,-1,50,50,0,0
P000,Day,31.88,0.522,4,SubBlock,,,,,32.402,0.509,,,,,0.232,0,,-1,-1,,,-1,50,50,0,0
P000,Day,31.88,0.624,4,SubBlock,,,,,32.503,0.61,,,,,0.232,0,,-1,-1,,,-1,50,50,0,0
P000,Day,31.88,0.724,4,SubBlock,,,,,32.604,0.71,,,,,0.232,0,,-1,-1,,,-1,50,50,0,0
P000,Day,31.88,0.824,4,SubBlock,,,,,32.704,0.811,,,,,0.232,0,,-1,-1,,,-1,50,50,0,0
P000,Day,31.88,0.922,4,SubBlock,,,,,32.802,0.909,,,,,0.232,0,,-1,-1,,,-1,50,50,0,0
P000,Day,31.88,1.021,4,SubBlock,,,,,32.901,1.007,,,,,0.232,0,,-1,-1,,,-1,50,50,0,0
P000,Day,31.88,1.124,4,SubBlock,,,,,33.004,1.11,,,,,0.232,0,,-1,-1,,,-1,50,50,0,0
P000,Day,31.88,1.222,4,SubBlock,,,,,33.102,1.209,,,,,0.232,0,,-1,-1,,,-1,50,50,0,0
P000,Day,31.88,1.321,4,SubBlock,,,,,33.201,1.308,,,,,0.232,0,,-1,-1,,,-1,50,50,0,0
P000,Day,31.88,1.425,4,SubBlock,,,,,33.305,1.411,,,,,0.232,0,,-1,-1,,,-1,50,50,0,0
P000,Day,31.88,1.522,4,SubBlock,,,,,33.402,1.508,,,,,0.232,0,,-1,-1,,,-1,50,50,0,0
P000,Day,31.88,1.621,4,SubBlock,,,,,33.501,1.608,,,,,0.232,0,,-1,-1,,,-1,50,50,0,0
P000,Day,31.88,1.724,4,SubBlock,,,,,33.604,1.711,,,,,0.232,0,,-1,-1,,,-1,50,50,0,0
P000,Day,31.88,1.824,4,SubBlock,,,,,33.704,1.811,,,,,0.232,0,,-1,-1,,,-1,50,50,0,0
P000,Day,31.88,1.921,4,SubBlock,,,,,33.801,1.907,,,,,0.232,0,,-1,-1,,,-1,50,50,0,0
P000,Day,31.88,2.024,4,SubBlock,,,,,33.904,2.01,,,,,0.232,0,,-1,-1,,,-1,50,50,0,0
P000,Day,31.88,2.121,4,SubBlock,,,,,34.001,2.107,,,,,0.232,0,,-1,-1,,,-1,50,50,0,0
P000,Day,31.88,2.221,4,SubBlock,,,,,34.101,2.208,,,,,0.232,0,,-1,-1,,,-1,50,50,0,0
P000,Day,31.88,2.323,4,SubBlock,,,,,34.203,2.309,,,,,0.232,0,,-1,-1,,,-1,50,50,0,0
P000,Day,31.88,2.422,4,SubBlock,,,,,34.302,2.408,,,,,0.232,0,,-1,-1,,,-1,50,50,0,0
P000,Day,31.88,2.523,4,SubBlock,,,,,34.403,2.51,,,,,0.232,0,,-1,-1,,,-1,50,50,0,0
P000,Day,31.88,2.621,4,SubBlock,,,,,34.501,2.607,,,,,0.232,0,,-1,-1,,,-1,50,50,0,0
P000,Day,31.88,2.723,4,SubBlock,,,,,34.603,2.71,,,,,0.232,0,,-1,-1,,,-1,50,50,0,0
P000,Day,31.88,2.821,4,SubBlock,,,,,34.701,2.807,,,,,0.232,0,,-1,-1,,,-1,50,50,0,0
P000,Day,31.88,2.923,4,SubBlock,,,,,34.803,2.91,,,,,0.232,0,,-1,-1,,,-1,50,50,0,0
P000,Day,31.88,3.023,4,SubBlock,,,,,34.903,3.01,,,,,0.232,0,,-1,-1,,,-1,50,50,0,0
P000,Day,31.88,3.123,4,SubBlock,,,,,35.003,3.11,,,,,0.232,0,,-1,-1,,,-1,50,50,0,0
P000,Day,31.88,3.221,4,SubBlock,,,,,35.101,3.207,,,,,0.232,0,,-1,-1,,,-1,50,50,0,0
P000,Day,31.88,3.329,4,SubBlock,,,,,35.209,3.315,,,,,0.232,0,,-1,-1,,,-1,50,50,0,0
P000,Day,31.88,3.421,4,SubBlock,,,,,35.301,3.408,,,,,0.232,0,,-1,-1,,,-1,50,50,0,0
P000,Day,31.88,3.524,4,SubBlock,,,,,35.404,3.51,,,,,0.232,0,,-1,-1,,,-1,50,50,0,0
P000,Day,31.88,3.621,4,SubBlock,,,,,35.501,3.608,,,,,0.232,0,,-1,-1,,,-1,50,50,0,0
P000,Day,31.88,3.724,4,SubBlock,,,,,35.604,3.71,,,,,0.232,0,,-1,-1,,,-1,50,50,0,0
P000,Day,31.88,3.823,4,SubBlock,,,,,35.703,3.81,,,,,0.232,0,,-1,-1,,,-1,50,50,0,0
P000,Day,31.88,3.922,4,SubBlock,,,,,35.802,3.908,,,,,0.232,0,,-1,-1,,,-1,50,50,0,0
P000,Day,31.88,4.021,4,SubBlock,,,,,35.901,4.007,,,,,0.232,0,,-1,-1,,,-1,50,50,0,0
P000,Day,31.88,4.124,4,SubBlock,,,,,36.004,4.11,,,,,0.232,0,,-1,-1,,,-1,50,50,0,0
P000,Day,31.88,4.221,4,SubBlock,,,,,36.101,4.207,,,,,0.232,0,,-1,-1,,,-1,50,50,0,0
P000,Day,31.88,4.322,4,SubBlock,,,,,36.202,4.309,,,,,0.232,0,,-1,-1,,,-1,50,50,0,0
P000,Day,31.88,4.423,4,SubBlock,,,,,36.303,4.409,,,,,0.232,0,,-1,-1,,,-1,50,50,0,0
P000,Day,31.88,4.524,4,SubBlock,,,,,36.404,4.51,,,,,0.232,0,,-1,-1,,,-1,50,50,0,0
P000,Day,31.88,4.623,4,SubBlock,,,,,36.503,4.609,,,,,0.232,0,,-1,-1,,,-1,50,50,0,0
P000,Day,31.88,4.724,4,SubBlock,,,,,36.603,4.71,,,,,0.232,0,,-1,-1,,,-1,50,50,0,0
P000,Day,31.88,4.822,4,SubBlock,,,,,36.702,4.808,,,,,0.232,0,,-1,-1,,,-1,50,50,0,0
P000,Day,31.88,4.922,4,SubBlock,,,,,36.802,4.908,,,,,0.232,0,,-1,-1,,,-1,50,50,0,0
P000,Day,31.88,5.021,4,SubBlock,,,,,36.901,5.008,,,,,0.232,0,,-1,-1,,,-1,50,50,0,0
P000,Day,31.88,5.136,4,SubBlock,,,,,37.016,5.123,,,,,0.232,0,,-1,-1,,,-1,50,50,0,0
P000,Day,31.88,5.223,4,SubBlock,,,,,37.103,5.209,,,,,0.232,0,,-1,-1,,,-1,50,50,0,0
P000,Day,31.88,5.322,4,SubBlock,,,,,37.202,5.309,,,,,0.232,0,,-1,-1,,,-1,50,50,0,0
P000,Day,31.88,5.421,4,SubBlock,,,,,37.301,5.407,,,,,0.232,0,,-1,-1,,,-1,50,50,0,0
P000,Day,31.88,5.523,4,SubBlock,,,,,37.403,5.51,,,,,0.232,0,,-1,-1,,,-1,50,50,0,0
P000,Day,31.88,5.62,4,SubBlock,,,,,37.5,5.607,,,,,0.232,0,,-1,-1,,,-1,50,50,0,0
P000,Day,31.88,5.722,4,SubBlock,,,,,37.602,5.709,,,,,0.232,0,,-1,-1,,,-1,50,50,0,0
P000,Day,31.88,5.823,4,SubBlock,,,,,37.703,5.809,,,,,0.232,0,,-1,-1,,,-1,50,50,0,0
P000,Day,31.88,5.921,4,SubBlock,,,,,37.801,5.907,,,,,0.232,0,,-1,-1,,,-1,50,50,0,0
P000,Day,31.88,6.021,4,SubBlock,,,,,37.901,6.008,,,,,0.232,0,,-1,-1,,,-1,50,50,0,0
P000,Day,31.88,6.121,4,SubBlock,,,,,38.001,6.107,,,,,0.232,0,,-1,-1,,,-1,50,50,0,0
P000,Day,31.88,6.22,4,SubBlock,,,,,38.1,6.207,,,,,0.232,0,,-1,-1,,,-1,50,50,0,0
P000,Day,31.88,6.323,4,SubBlock,,,,,38.203,6.31,,,,,0.232,0,,-1,-1,,,-1,50,50,0,0
P000,Day,31.88,6.421,4,SubBlock,,,,,38.301,6.408,,,,,0.232,0,,-1,-1,,,-1,50,50,0,0
P000,Day,31.88,6.52,4,SubBlock,,,,,38.4,6.507,,,,,0.232,0,,-1,-1,,,-1,50,50,0,0
P000,Day,31.88,6.623,4,SubBlock,,,,,38.503,6.61,,,,,0.232,0,,-1,-1,,,-1,50,50,0,0
P000,Day,31.88,6.724,4,SubBlock,,,,,38.604,6.71,,,,,0.232,0,,-1,-1,,,-1,50,50,0,0
P000,Day,38.903,0.065,4,U_Red_L,Main,Expected,Red,Left,38.968,7.074,0,0.955,-0.002,,3.657,0,,-1,-1,,,-1,50,50,0,0
P000,Day,38.903,0.104,4,U_Red_L,Main,Expected,Red,Left,39.007,7.113,0,0.955,-0.002,,3.657,0,,-1,-1,,,-1,50,50,0,0
P000,Day,38.903,0.126,4,U_Red_L,Main,Expected,Red,Left,39.029,7.136,0,0.919,-0.002,,4.389,0,,-1,-1,,,-1,50,50,0,0
P000,Day,38.903,0.138,4,U_Red_L,Main,Expected,Red,Left,39.041,7.147,0,0.893,-0.002,,4.389,0,,-1,-1,,,-1,50,50,0,0
P000,Day,38.903,0.2,4,U_Red_L,Main,Expected,Red,Left,39.103,7.21,0,0.843,-0.002,,0.039,0,,-1,-1,,,-1,50,50,0,0
P000,Day,38.903,0.309,4,U_Red_L,Main,Expected,Red,Left,39.212,7.318,0,0.851,-0.002,,0.23,0,,-1,-1,,,-1,50,50,0,0
P000,Day,38.903,0.398,4,U_Red_L,Main,Expected,Red,Left,39.301,7.408,0,0.86,-0.002,,0.204,0,,-1,-1,,,-1,50,50,0,0
P000,Day,38.903,0.507,4,U_Red_L,Main,Expected,Red,Left,39.41,7.516,0,0.868,-0.002,,0.112,0,,-1,-1,,,-1,50,50,0,0
P000,Day,38.903,0.603,4,U_Red_L,Main,Expected,Red,Left,39.506,7.613,0,0.87,-0.002,,0.029,0,,-1,-1,,,-1,50,50,0,0
P000,Day,38.903,0.707,4,U_Red_L,Main,Expected,Red,Left,39.61,7.717,0,0.87,-0.002,,0.017,0,,-1,-1,,,-1,50,50,0,0
P000,Day,38.903,0.803,4,U_Red_L,Main,Expected,Red,Left,39.706,7.812,0,0.869,-0.002,,0.028,0,,-1,-1,,,-1,50,50,0,0
P000,Day,38.903,0.908,4,U_Red_L,Main,Expected,Red,Left,39.811,7.918,0,0.868,-0.002,,0.019,0,,-1,-1,,,-1,50,50,0,0
P000,Day,38.903,1.001,4,U_Red_L,Main,Expected,Red,Left,39.904,8.01,0,0.867,-0.002,,0.009,0,,-1,-1,,,-1,50,50,0,0
P000,Day,38.903,1.105,4,U_Red_L,Main,Expected,Red,Left,40.008,8.114,0,0.867,-0.002,,0.001,0,,-1,-1,,,-1,50,50,0,0
P000,Day,38.903,1.2,4,U_Red_L,Main,Expected,Red,Left,40.103,8.21,0,0.867,-0.002,,0.003,0,,-1,-1,,,-1,50,50,0,0
P000,Day,38.903,1.302,4,U_Red_L,Main,Expected,Red,Left,40.205,8.311,0,0.867,-0.002,,0.003,0,,-1,-1,,,-1,50,50,0,0
P000,Day,38.903,1.404,4,U_Red_L,Main,Expected,Red,Left,40.307,8.414,0,0.868,-0.002,,0.002,0,,-1,-1,,,-1,50,50,0,0
P000,Day,38.903,1.498,4,U_Red_L,Main,Expected,Red,Left,40.401,8.508,0,0.868,-0.002,,0.001,0,,-1,-1,,,-1,50,50,0,0
P000,Day,38.903,1.599,4,U_Red_L,Main,Expected,Red,Left,40.503,8.609,0,0.868,-0.002,,0,0,,-1,-1,,,-1,50,50,0,0
P000,Day,38.903,1.709,4,U_Red_L,Main,Expected,Red,Left,40.612,8.718,0,0.868,-0.002,,0,0,,-1,-1,,,-1,50,50,0,0
P000,Day,38.903,1.802,4,U_Red_L,Main,Expected,Red,Left,40.705,8.812,0,0.868,-0.002,,0,0,,-1,-1,,,-1,50,50,0,0
P000,Day,38.903,1.907,4,U_Red_L,Main,Expected,Red,Left,40.81,8.917,0,0.868,-0.002,,0,0,,-1,-1,,,-1,50,50,0,0
P000,Day,38.903,2.011,4,U_Red_L,Main,Expected,Red,Left,40.914,9.021,0,0.868,-0.002,,0,0,,-1,-1,,,-1,50,50,0,0
P000,Day,38.903,2.103,4,U_Red_L,Main,Expected,Red,Left,41.006,9.113,0,0.868,-0.002,,0,0,,-1,-1,,,-1,50,50,0,0
P000,Day,38.903,2.209,4,U_Red_L,Main,Expected,Red,Left,41.112,9.219,0,0.868,-0.002,,0,0,,-1,-1,,,-1,50,50,0,0
P000,Day,38.903,2.299,4,U_Red_L,Main,Expected,Red,Left,41.202,9.309,0,0.868,-0.002,,0,0,,-1,-1,,,-1,50,50,0,0
P000,Day,38.903,2.403,4,U_Red_L,Main,Expected,Red,Left,41.306,9.413,0,0.868,-0.002,,0,0,,-1,-1,,,-1,50,50,0,0
P000,Day,38.903,2.505,4,U_Red_L,Main,Expected,Red,Left,41.408,9.514,0,0.868,-0.002,,0,0,,-1,-1,,,-1,50,50,0,0
P000,Day,38.903,2.603,4,U_Red_L,Main,Expected,Red,Left,41.506,9.612,0,0.868,-0.002,,0,0,,-1,-1,,,-1,50,50,0,0
P000,Day,38.903,2.701,4,U_Red_L,Main,Expected,Red,Left,41.604,9.711,0,0.868,-0.002,,0,0,,-1,-1,,,-1,50,50,0,0
P000,Day,38.903,2.83,4,U_Red_L,Main,Expected,Red,Left,41.733,9.84,0,0.868,-0.002,,0,0,,-1,-1,,,-1,50,50,0,0
P000,Day,38.903,2.907,4,U_Red_L,Main,Expected,Red,Left,41.81,9.916,0,0.868,-0.002,,0,0,,-1,-1,,,-1,50,50,0,0
P000,Day,38.903,3.012,4,U_Red_L,Main,Expected,Red,Left,41.915,10.022,0,0.868,-0.002,,0,0,,-1,-1,,,-1,50,50,0,0
P000,Day,38.903,3.1,4,U_Red_L,Main,Expected,Red,Left,42.003,10.109,0,0.868,-0.002,,0,0,,-1,-1,,,-1,50,50,0,0
P000,Day,38.903,3.207,4,U_Red_L,Main,Expected,Red,Left,42.11,10.216,0,0.868,-0.002,,0,0,,-1,-1,,,-1,50,50,0,0
P000,Day,38.903,3.299,4,U_Red_L,Main,Expected,Red,Left,42.202,10.309,0,0.868,-0.002,,0,0,,-1,-1,,,-1,50,50,0,0
P000,Day,38.903,3.405,4,U_Red_L,Main,Expected,Red,Left,42.308,10.414,0,0.868,-0.002,,0,0,,-1,-1,,,-1,50,50,0,0
P000,Day,38.903,3.499,4,U_Red_L,Main,Expected,Red,Left,42.402,10.509,0,0.868,-0.002,,0,0,,-1,-1,,,-1,50,50,0,0
P000,Day,38.903,3.606,4,U_Red_L,Main,Expected,Red,Left,42.509,10.615,0,0.868,-0.002,,0,0,,-1,-1,,,-1,50,50,0,0
P000,Day,38.903,3.706,4,U_Red_L,Main,Expected,Red,Left,42.61,10.716,0,0.868,-0.002,,0,0,,-1,-1,,,-1,50,50,0,0
P000,Day,38.903,3.805,4,U_Red_L,Main,Expected,Red,Left,42.708,10.814,0,0.868,-0.002,,0,0,,-1,-1,,,-1,50,50,0,0
P000,Day,38.903,3.904,4,U_Red_L,Main,Expected,Red,Left,42.807,10.913,0,0.868,-0.002,,0,0,,-1,-1,,,-1,50,50,0,0
P000,Day,38.903,4.004,4,U_Red_L,Main,Expected,Red,Left,42.908,11.014,0,0.868,-0.002,,0,0,,-1,-1,,,-1,50,50,0,0
P000,Day,38.903,4.104,4,U_Red_L,Main,Expected,Red,Left,43.007,11.113,0,0.868,-0.002,,0,0,,-1,-1,,,-1,50,50,0,0
P000,Day,38.903,4.209,4,U_Red_L,Main,Expected,Red,Left,43.113,11.219,0,0.868,-0.002,,0,0,,-1,-1,,,-1,50,50,0,0
P000,Day,38.903,4.308,4,U_Red_L,Main,Expected,Red,Left,43.211,11.318,0,0.868,-0.002,,0,0,,-1,-1,,,-1,50,50,0,0
P000,Day,38.903,4.403,4,U_Red_L,Main,Expected,Red,Left,43.306,11.412,0,0.868,-0.002,,0,0,,-1,-1,,,-1,50,50,0,0
P000,Day,38.903,4.498,4,U_Red_L,Main,Expected,Red,Left,43.401,11.508,0,0.868,-0.002,,0,0,,-1,-1,,,-1,50,50,0,0
P000,Day,38.903,4.604,4,U_Red_L,Main,Expected,Red,Left,43.507,11.613,0,0.868,-0.002,,0,0,,-1,-1,,,-1,50,50,0,0
P000,Day,38.903,4.703,4,U_Red_L,Main,Expected,Red,Left,43.606,11.712,0,0.868,-0.002,,0,0,,-1,-1,,,-1,50,50,0,0
P000,Day,38.903,4.8,4,U_Red_L,Main,Expected,Red,Left,43.703,11.809,0,0.868,-0.002,,0,0,,-1,-1,,,-1,50,50,0,0
P000,Day,38.903,4.903,4,U_Red_L,Main,Expected,Red,Left,43.806,11.913,0,0.868,-0.002,,0,0,,-1,-1,,,-1,50,50,0,0
P000,Day,38.903,5.005,4,U_Red_L,Main,Expected,Red,Left,43.908,12.015,0,0.868,-0.002,,0,0,,-1,-1,,,-1,50,50,0,0
P000,Day,38.903,5.098,4,U_Red_L,Main,Expected,Red,Left,44.001,12.108,0,0.868,-0.002,,0,0,,-1,-1,,,-1,50,50,0,0
P000,Day,38.903,5.207,4,U_Red_L,Main,Expected,Red,Left,44.11,12.217,0,0.868,-0.002,,0,0,,-1,-1,,,-1,50,50,0,0
P000,Day,38.903,5.303,4,U_Red_L,Main,Expected,Red,Left,44.206,12.312,0,0.868,-0.002,,0,0,,-1,-1,,,-1,50,50,0,0
P000,Day,38.903,5.398,4,U_Red_L,Main,Expected,Red,Left,44.301,12.408,0,0.868,-0.002,,0,0,,-1,-1,,,-1,50,50,0,0
P000,Day,38.903,5.503,4,U_Red_L,Main,Expected,Red,Left,44.406,12.512,0,0.868,-0.002,,0,0,,-1,-1,,,-1,50,50,0,0
P000,Day,38.903,5.598,4,U_Red_L,Main,Expected,Red,Left,44.502,12.608,0,0.868,-0.002,,0,0,,-1,-1,,,-1,50,50,0,0
P000,Day,38.903,5.701,4,U_Red_L,Main,Expected,Red,Left,44.604,12.71,0,0.868,-0.002,,0,0,,-1,-1,,,-1,50,50,0,0
P000,Day,38.903,5.8,4,U_Red_L,Main,Expected,Red,Left,44.703,12.809,0,0.868,-0.002,,0,0,,-1,-1,,,-1,50,50,0,0
P000,Day,38.903,5.9,4,U_Red_L,Main,Expected,Red,Left,44.803,12.91,0,0.868,-0.002,,0,0,,-1,-1,,,-1,50,50,0,0
P000,Day,38.903,6.062,4,U_Red_L,Main,Expected,Red,Left,44.965,13.072,0,0.868,-0.002,,0,0,,-1,-1,,,-1,50,50,0,0
P000,Day,38.903,6.111,4,U_Red_L,Main,Expected,Red,Left,45.014,13.121,0,0.868,-0.002,,0,0,,-1,-1,,,-1,50,50,0,0
P000,Day,38.903,6.199,4,U_Red_L,Main,Expected,Red,Left,45.102,13.209,0,0.868,-0.002,,0,0,,-1,-1,,,-1,50,50,0,0
P000,Day,38.903,6.299,4,U_Red_L,Main,Expected,Red,Left,45.202,13.309,0,0.868,-0.002,,0,0,,-1,-1,,,-1,50,50,0,0
P000,Day,38.903,6.404,4,U_Red_L,Main,Expected,Red,Left,45.307,13.414,0,0.868,-0.002,,0,0,,-1,-1,,,-1,50,50,0,0
P000,Day,38.903,6.5,4,U_Red_L,Main,Expected,Red,Left,45.403,13.509,0,0.868,-0.002,,0,0,,-1,-1,,,-1,50,50,0,0
P000,Day,38.903,6.605,4,U_Red_L,Main,Expected,Red,Left,45.508,13.614,0,0.868,-0.002,,0,0,,-1,-1,,,-1,50,50,0,0
P000,Day,38.903,6.701,4,U_Red_L,Main,Expected,Red,Left,45.604,13.71,0,0.868,-0.002,,0,0,,-1,-1,,,-1,50,50,0,0
P000,Day,38.903,6.799,4,U_Red_L,Main,Expected,Red,Left,45.702,13.808,0,0.868,-0.002,,0,0,,-1,-1,,,-1,50,50,0,0
P000,Day,38.903,6.905,4,U_Red_L,Main,Expected,Red,Left,45.808,13.915,0,0.868,-0.002,,0,0,,-1,-1,,,-1,50,50,0,0
P000,Day,38.903,7.009,4,U_Red_L,Main,Expected,Red,Left,45.912,14.018,0,0.868,-0.002,,0,0,,-1,-1,,,-1,50,50,0,0
P000,Day,38.903,7.099,4,U_Red_L,Main,Expected,Red,Left,46.002,14.108,0,0.868,-0.002,,0,0,,-1,-1,,,-1,50,50,0,0
P000,Day,38.903,7.198,4,U_Red_L,Main,Expected,Red,Left,46.101,14.208,0,0.868,-0.002,,0,0,,-1,-1,,,-1,50,50,0,0
P000,Day,38.903,7.305,4,U_Red_L,Main,Expected,Red,Left,46.209,14.315,0,0.868,-0.002,,0,0,,-1,-1,,,-1,50,50,0,0
P000,Day,38.903,7.406,4,U_Red_L,Main,Expected,Red,Left,46.309,14.416,0,0.868,-0.002,,0,0,,-1,-1,,,-1,50,50,0,0
P000,Day,38.903,7.499,4,U_Red_L,Main,Expected,Red,Left,46.402,14.508,0,0.868,-0.002,,0,0,,-1,-1,,,-1,50,50,0,0
P000,Day,38.903,7.601,4,U_Red_L,Main,Expected,Red,Left,46.504,14.611,0,0.868,-0.002,,0,0,,-1,-1,,,-1,50,50,0,0
P000,Day,38.903,7.706,4,U_Red_L,Main,Expected,Red,Left,46.609,14.715,0,0.868,-0.002,,0,0,,-1,-1,,,-1,50,50,0,0
P000,Day,38.903,7.799,4,U_Red_L,Main,Expected,Red,Left,46.702,14.809,0,0.868,-0.002,,0,0,,-1,-1,,,-1,50,50,0,0
P000,Day,38.903,7.9,4,U_Red_L,Main,Expected,Red,Left,46.803,14.91,0,0.868,-0.002,,0,0,,-1,-1,,,-1,50,50,0,0
P000,Day,38.903,8.006,4,U_Red_L,Main,Expected,Red,Left,46.909,15.015,0,0.868,-0.002,,0,0,,-1,-1,,,-1,50,50,0,0
P000,Day,38.903,8.099,4,U_Red_L,Main,Expected,Red,Left,47.002,15.109,0,0.868,-0.002,,0,0,,-1,-1,,,-1,50,50,0,0
P000,Day,38.903,8.2,4,U_Red_L,Main,Expected,Red,Left,47.103,15.209,0,0.868,-0.002,,0,0,,-1,-1,,,-1,50,50,0,0
P000,Day,38.903,8.301,4,U_Red_L,Main,Expected,Red,Left,47.204,15.31,0,0.868,-0.002,,0,0,,-1,-1,,,-1,50,50,0,0
P000,Day,38.903,8.407,4,U_Red_L,Main,Expected,Red,Left,47.31,15.417,0,0.868,-0.002,,0,0,,-1,-1,,,-1,50,50,0,0
P000,Day,38.903,8.499,4,U_Red_L,Main,Expected,Red,Left,47.402,15.509,0,0.868,-0.002,,0,0,,-1,-1,,,-1,50,50,0,0
P000,Day,38.903,8.599,4,U_Red_L,Main,Expected,Red,Left,47.502,15.609,0,0.868,-0.002,,0,0,,-1,-1,,,-1,50,50,0,0
P000,Day,38.903,8.704,4,U_Red_L,Main,Expected,Red,Left,47.607,15.714,0,0.868,-0.002,,0,0,,-1,-1,,,-1,50,50,0,0
P000,Day,38.903,8.809,4,U_Red_L,Main,Expected,Red,Left,47.712,15.818,0,0.868,-0.002,,0,0,,-1,-1,,,-1,50,50,0,0
P000,Day,38.903,8.901,4,U_Red_L,Main,Expected,Red,Left,47.804,15.911,0,0.868,-0.002,,0,0,,-1,-1,,,-1,50,50,0,0
P000,Day,38.903,9.008,4,U_Red_L,Main,Expected,Red,Left,47.911,16.018,0,0.868,-0.002,,0,0,,-1,-1,,,-1,50,50,0,0
P000,Day,38.903,9.103,4,U_Red_L,Main,Expected,Red,Left,48.006,16.113,0,0.868,-0.002,,0,0,,-1,-1,,,-1,50,50,0,0
P000,Day,38.903,9.199,4,U_Red_L,Main,Expected,Red,Left,48.102,16.209,0,0.868,-0.002,,0,0,,-1,-1,,,-1,50,50,0,0
P000,Day,38.903,9.304,4,U_Red_L,Main,Expected,Red,Left,48.207,16.314,0,0.868,-0.002,,0,0,,-1,-1,,,-1,50,50,0,0
P000,Day,38.903,9.404,4,U_Red_L,Main,Expected,Red,Left,48.307,16.414,0,0.868,-0.002,,0,0,,-1,-1,,,-1,50,50,0,0
P000,Day,38.903,9.502,4,U_Red_L,Main,Expected,Red,Left,48.405,16.512,0,0.868,-0.002,,0,0,,-1,-1,,,-1,50,50,0,0
P000,Day,38.903,9.6,4,U_Red_L,Main,Expected,Red,Left,48.503,16.61,0,0.868,-0.002,,0,0,,-1,-1,,,-1,50,50,0,0
P000,Day,38.903,9.703,4,U_Red_L,Main,Expected,Red,Left,48.606,16.713,0,0.868,-0.002,,0,0,,-1,-1,,,-1,50,50,0,0
P000,Day,38.903,9.805,4,U_Red_L,Main,Expected,Red,Left,48.708,16.815,0,0.868,-0.002,,0,0,,-1,-1,,,-1,50,50,0,0
P000,Day,38.903,9.899,4,U_Red_L,Main,Expected,Red,Left,48.802,16.909,0,0.868,-0.002,,0,0,,-1,-1,,,-1,50,50,0,0
P000,Day,38.903,10.002,4,U_Red_L,Main,Expected,Red,Left,48.905,17.011,0,0.868,-0.002,,0,0,,-1,-1,,,-1,50,50,0,0
P000,Day,38.903,10.106,4,U_Red_L,Main,Expected,Red,Left,49.009,17.116,0,0.868,-0.002,,0,0,,-1,-1,,,-1,50,50,0,0
P000,Day,38.903,10.206,4,U_Red_L,Main,Expected,Red,Left,49.109,17.216,0,0.868,-0.002,,0,0,,-1,-1,,,-1,50,50,0,0
P000,Day,38.903,10.305,4,U_Red_L,Main,Expected,Red,Left,49.208,17.314,0,0.868,-0.002,,0,0,,-1,-1,,,-1,50,50,0,0
P000,Day,38.903,10.405,4,U_Red_L,Main,Expected,Red,Left,49.308,17.415,0,0.868,-0.002,,0,0,,-1,-1,,,-1,50,50,0,0
P000,Day,38.903,10.504,4,U_Red_L,Main,Expected,Red,Left,49.407,17.514,0,0.868,-0.002,,0,0,,-1,-1,,,-1,50,50,0,0
P000,Day,38.903,10.599,4,U_Red_L,Main,Expected,Red,Left,49.502,17.608,0,0.868,-0.002,,0,0,,-1,-1,,,-1,50,50,0,0
P000,Day,38.903,10.707,4,U_Red_L,Main,Expected,Red,Left,49.61,17.716,0,0.868,-0.002,,0,0,,-1,-1,,,-1,50,50,0,0
P000,Day,38.903,10.802,4,U_Red_L,Main,Expected,Red,Left,49.705,17.812,0,0.868,-0.002,,0,0,,-1,-1,,,-1,50,50,0,0
P000,Day,38.903,10.901,4,U_Red_L,Main,Expected,Red,Left,49.804,17.911,0,0.868,-0.002,,0,0,,-1,-1,,,-1,50,50,0,0
P000,Day,38.903,11.007,4,U_Red_L,Main,Expected,Red,Left,49.91,18.017,0,0.868,-0.002,,0,0,,-1,-1,,,-1,50,50,0,0
P000,Day,38.903,11.109,4,U_Red_L,Main,Expected,Red,Left,50.012,18.119,0,0.868,-0.002,,0,0,,-1,-1,,,-1,50,50,0,0
P000,Day,38.903,11.201,4,U_Red_L,Main,Expected,Red,Left,50.104,18.211,0,0.868,-0.002,,0,0,,-1,-1,,,-1,50,50,0,0
P000,Day,38.903,11.303,4,U_Red_L,Main,Expected,Red,Left,50.206,18.312,0,0.868,-0.002,,0,0,,-1,-1,,,-1,50,50,0,0
P000,Day,38.903,11.405,4,U_Red_L,Main,Expected,Red,Left,50.309,18.415,0,0.868,-0.002,,0,0,,-1,-1,,,-1,50,50,0,0
P000,Day,38.903,11.506,4,U_Red_L,Main,Expected,Red,Left,50.409,18.515,0,0.868,-0.002,,0,0,,-1,-1,,,-1,50,50,0,0
P000,Day,38.903,11.599,4,U_Red_L,Main,Expected,Red,Left,50.502,18.608,0,0.868,-0.002,,0,0,,-1,-1,,,-1,50,50,0,0
P000,Day,38.903,11.703,4,U_Red_L,Main,Expected,Red,Left,50.606,18.713,0,0.868,-0.002,,0,0,,-1,-1,,,-1,50,50,0,0
P000,Day,38.903,11.805,4,U_Red_L,Main,Expected,Red,Left,50.708,18.815,0,0.868,-0.002,,0,0,,-1,-1,,,-1,50,50,0,0
P000,Day,38.903,11.905,4,U_Red_L,Main,Expected,Red,Left,50.808,18.915,0,0.868,-0.002,,0,0,,-1,-1,,,-1,50,50,0,0
P000,Day,38.903,12,4,U_Red_L,Main,Expected,Red,Left,50.903,19.01,0,0.868,-0.002,,0,0,,-1,-1,,,-1,50,50,0,0
P000,Day,38.903,12.107,4,U_Red_L,Main,Expected,Red,Left,51.01,19.117,0,0.868,-0.002,,0,0,,-1,-1,,,-1,50,50,0,0
P000,Day,38.903,12.208,4,U_Red_L,Main,Expected,Red,Left,51.111,19.218,0,0.868,-0.002,,0,0,,-1,-1,,,-1,50,50,0,0
P000,Day,38.903,12.309,4,U_Red_L,Main,Expected,Red,Left,51.212,19.318,0,0.868,-0.002,,0,0,,-1,-1,,,-1,50,50,0,0
P000,Day,38.903,12.404,4,U_Red_L,Main,Expected,Red,Left,51.307,19.414,0,0.868,-0.002,,0,0,,-1,-1,,,-1,50,50,0,0
P000,Day,38.903,12.505,4,U_Red_L,Main,Expected,Red,Left,51.408,19.515,0,0.868,-0.002,,0,0,,-1,-1,,,-1,50,50,0,0
P000,Day,38.903,12.602,4,U_Red_L,Main,Expected,Red,Left,51.505,19.611,0,0.868,-0.002,,0,0,,-1,-1,,,-1,50,50,0,0
P000,Day,38.903,12.703,4,U_Red_L,Main,Expected,Red,Left,51.606,19.713,0,0.868,-0.002,,0,0,,-1,-1,,,-1,50,50,0,0
P000,Day,38.903,12.805,4,U_Red_L,Main,Expected,Red,Left,51.708,19.815,0,0.868,-0.002,,0,0,,-1,-1,,,-1,50,50,0,0
P000,Day,38.903,12.905,4,U_Red_L,Main,Expected,Red,Left,51.808,19.914,0,0.868,-0.002,,0,0,,-1,-1,,,-1,50,50,0,0
P000,Day,38.903,13.002,4,U_Red_L,Main,Expected,Red,Left,51.905,20.011,0,0.868,-0.002,,0,0,,-1,-1,,,-1,50,50,0,0
P000,Day,38.903,13.102,4,U_Red_L,Main,Expected,Red,Left,52.005,20.112,0,0.868,-0.002,,0,0,,-1,-1,,,-1,50,50,0,0
P000,Day,38.903,13.206,4,U_Red_L,Main,Expected,Red,Left,52.109,20.216,0,0.868,-0.002,,0,0,,-1,-1,,,-1,50,50,0,0
P000,Day,38.903,13.307,4,U_Red_L,Main,Expected,Red,Left,52.21,20.317,0,0.868,-0.002,,0,0,,-1,-1,,,-1,50,50,0,0
P000,Day,38.903,13.402,4,U_Red_L,Main,Expected,Red,Left,52.305,20.412,0,0.868,-0.002,,0,0,,-1,-1,,,-1,50,50,0,0
P000,Day,38.903,13.503,4,U_Red_L,Main,Expected,Red,Left,52.407,20.513,0,0.868,-0.002,,0,0,,-1,-1,,,-1,50,50,0,0
P000,Day,38.903,13.607,4,U_Red_L,Main,Expected,Red,Left,52.51,20.617,0,0.868,-0.002,,0,0,,-1,-1,,,-1,50,50,0,0
P000,Day,38.903,13.699,4,U_Red_L,Main,Expected,Red,Left,52.603,20.709,0,0.868,-0.002,,0,0,,-1,-1,,,-1,50,50,0,0
P000,Day,38.903,13.805,4,U_Red_L,Main,Expected,Red,Left,52.708,20.814,0,0.868,-0.002,,0,0,,-1,-1,,,-1,50,50,0,0
P000,Day,38.903,13.902,4,U_Red_L,Main,Expected,Red,Left,52.805,20.911,0,0.868,-0.002,,0,0,,-1,-1,,,-1,50,50,0,0
P000,Day,38.903,14.009,4,U_Red_L,Main,Expected,Red,Left,52.912,21.019,0,0.868,-0.002,,0,0,,-1,-1,,,-1,50,50,0,0
P000,Day,38.903,14.105,4,U_Red_L,Main,Expected,Red,Left,53.008,21.114,0,0.868,-0.002,,0,0,,-1,-1,,,-1,50,50,0,0
P000,Day,38.903,14.198,4,U_Red_L,Main,Expected,Red,Left,53.101,21.208,0,0.868,-0.002,,0,0,,-1,-1,,,-1,50,50,0,0
P000,Day,38.903,14.3,4,U_Red_L,Main,Expected,Red,Left,53.203,21.31,0,0.868,-0.002,,0,0,,-1,-1,,,-1,50,50,0,0
P000,Day,38.903,14.403,4,U_Red_L,Main,Expected,Red,Left,53.307,21.413,0,0.868,-0.002,,0,0,,-1,-1,,,-1,50,50,0,0
P000,Day,38.903,14.505,4,U_Red_L,Main,Expected,Red,Left,53.408,21.515,0,0.868,-0.002,,0,0,,-1,-1,,,-1,50,50,0,0
P000,Day,38.903,14.601,4,U_Red_L,Main,Expected,Red,Left,53.504,21.611,0,0.868,-0.002,,0,0,,-1,-1,,,-1,50,50,0,0
P000,Day,38.903,14.706,4,U_Red_L,Main,Expected,Red,Left,53.609,21.715,0,0.868,-0.002,,0,0,,-1,-1,,,-1,50,50,0,0
P000,Day,38.903,14.805,4,U_Red_L,Main,Expected,Red,Left,53.709,21.815,0,0.868,-0.002,,0,0,,-1,-1,,,-1,50,50,0,0
P000,Day,38.903,14.905,4,U_Red_L,Main,Expected,Red,Left,53.808,21.915,0,0.868,-0.002,,0,0,,-1,-1,,,-1,50,50,0,0
P000,Day,38.903,15.005,4,U_Red_L,Main,Expected,Red,Left,53.908,22.015,0,0.868,-0.002,,0,0,,-1,-1,,,-1,50,50,0,0
P000,Day,38.903,15.099,4,U_Red_L,Main,Expected,Red,Left,54.002,22.108,0,0.868,-0.002,,0,0,,-1,-1,,,-1,50,50,0,0
P000,Day,38.903,15.204,4,U_Red_L,Main,Expected,Red,Left,54.107,22.213,0,0.868,-0.002,,0,0,,-1,-1,,,-1,50,50,0,0
P000,Day,38.903,15.309,4,U_Red_L,Main,Expected,Red,Left,54.212,22.318,0,0.868,-0.002,,0,0,,-1,-1,,,-1,50,50,0,0
P000,Day,38.903,15.404,4,U_Red_L,Main,Expected,Red,Left,54.307,22.413,0,0.868,-0.002,,0,0,,-1,-1,,,-1,50,50,0,0
P000,Day,38.903,15.5,4,U_Red_L,Main,Expected,Red,Left,54.403,22.509,0,0.868,-0.002,,0,0,,-1,-1,,,-1,50,50,0,0
P000,Day,38.903,15.599,4,U_Red_L,Main,Expected,Red,Left,54.502,22.608,0,0.868,-0.002,,0,0,,-1,-1,,,-1,50,50,0,0
P000,Day,38.903,15.703,4,U_Red_L,Main,Expected,Red,Left,54.606,22.712,0,0.868,-0.002,,0,0,,-1,-1,,,-1,50,50,0,0
P000,Day,38.903,15.804,4,U_Red_L,Main,Expected,Red,Left,54.707,22.813,0,0.868,-0.002,,0,0,,-1,-1,,,-1,50,50,0,0
P000,Day,38.903,15.905,4,U_Red_L,Main,Expected,Red,Left,54.808,22.914,0,0.868,-0.002,,0,0,,-1,-1,,,-1,50,50,0,0
P000,Day,38.903,16.007,4,U_Red_L,Main,Expected,Red,Left,54.91,23.016,0,0.868,-0.002,,0,0,,-1,-1,,,-1,50,50,0,0
P000,Day,38.903,16.1,4,U_Red_L,Main,Expected,Red,Left,55.003,23.11,0,0.868,-0.002,,0,0,,-1,-1,,,-1,50,50,0,0
P000,Day,38.903,16.202,4,U_Red_L,Main,Expected,Red,Left,55.105,23.211,0,0.868,-0.002,,0,0,,-1,-1,,,-1,50,50,0,0
P000,Day,38.903,16.302,4,U_Red_L,Main,Expected,Red,Left,55.205,23.312,0,0.868,-0.002,,0,0,,-1,-1,,,-1,50,50,0,0
P000,Day,38.903,16.41,4,U_Red_L,Main,Expected,Red,Left,55.313,23.42,0,0.868,-0.002,,0,0,,-1,-1,,,-1,50,50,0,0
P000,Day,38.903,16.509,4,U_Red_L,Main,Expected,Red,Left,55.412,23.519,0,0.868,-0.002,,0,0,,-1,-1,,,-1,50,50,0,0
P000,Day,38.903,16.606,4,U_Red_L,Main,Expected,Red,Left,55.509,23.615,0,0.868,-0.002,,0,0,,-1,-1,,,-1,50,50,0,0
P000,Day,38.903,16.705,4,U_Red_L,Main,Expected,Red,Left,55.608,23.714,0,0.868,-0.002,,0,0,,-1,-1,,,-1,50,50,0,0
P000,Day,38.903,16.799,4,U_Red_L,Main,Expected,Red,Left,55.702,23.808,0,0.868,-0.002,,0,0,,-1,-1,,,-1,50,50,0,0
P000,Day,38.903,16.902,4,U_Red_L,Main,Expected,Red,Left,55.805,23.912,0,0.868,-0.002,,0,0,,-1,-1,,,-1,50,50,0,0
P000,Day,38.903,17.002,4,U_Red_L,Main,Expected,Red,Left,55.905,24.011,0,0.868,-0.002,,0,0,,-1,-1,,,-1,50,50,0,0
P000,Day,38.903,17.098,4,U_Red_L,Main,Expected,Red,Left,56.002,24.108,0,0.868,-0.002,,0,0,,-1,-1,,,-1,50,50,0,0
P000,Day,38.903,17.201,4,U_Red_L,Main,Expected,Red,Left,56.105,24.211,0,0.868,-0.002,,0,0,,-1,-1,,,-1,50,50,0,0
P000,Day,38.903,17.303,4,U_Red_L,Main,Expected,Red,Left,56.206,24.312,0,0.868,-0.002,,0,0,,-1,-1,,,-1,50,50,0,0
P000,Day,38.903,17.399,4,U_Red_L,Main,Expected,Red,Left,56.302,24.408,0,0.868,-0.002,,0,0,,-1,-1,,,-1,50,50,0,0
P000,Day,38.903,17.504,4,U_Red_L,Main,Expected,Red,Left,56.407,24.513,0,0.868,-0.002,,0,0,,-1,-1,,,-1,50,50,0,0
P000,Day,38.903,17.611,4,U_Red_L,Main,Expected,Red,Left,56.514,24.62,0,0.868,-0.002,,0,0,,-1,-1,,,-1,50,50,0,0
P000,Day,38.903,17.705,4,U_Red_L,Main,Expected,Red,Left,56.608,24.715,0,0.868,-0.002,,0,0,,-1,-1,,,-1,50,50,0,0
P000,Day,38.903,17.803,4,U_Red_L,Main,Expected,Red,Left,56.706,24.812,0,0.868,-0.002,,0,0,,-1,-1,,,-1,50,50,0,0
P000,Day,38.903,17.907,4,U_Red_L,Main,Expected,Red,Left,56.81,24.916,0,0.868,-0.002,,0,0,,-1,-1,,,-1,50,50,0,0
P000,Day,38.903,18.003,4,U_Red_L,Main,Expected,Red,Left,56.906,25.013,0,0.868,-0.002,,0,0,,-1,-1,,,-1,50,50,0,0
P000,Day,38.903,18.102,4,U_Red_L,Main,Expected,Red,Left,57.005,25.111,0,0.868,-0.002,,0,0,,-1,-1,,,-1,50,50,0,0
P000,Day,38.903,18.205,4,U_Red_L,Main,Expected,Red,Left,57.108,25.215,0,0.868,-0.002,,0,0,,-1,-1,,,-1,50,50,0,0
P000,Day,38.903,18.304,4,U_Red_L,Main,Expected,Red,Left,57.207,25.314,0,0.868,-0.002,,0,0,,-1,-1,,,-1,50,50,0,0
P000,Day,38.903,18.399,4,U_Red_L,Main,Expected,Red,Left,57.302,25.409,0,0.868,-0.002,,0,0,,-1,-1,,,-1,50,50,0,0
P000,Day,38.903,18.505,4,U_Red_L,Main,Expected,Red,Left,57.408,25.515,0,0.868,-0.002,,0,0,,-1,-1,,,-1,50,50,0,0
P000,Day,38.903,18.603,4,U_Red_L,Main,Expected,Red,Left,57.506,25.613,0,0.868,-0.002,,0,0,,-1,-1,,,-1,50,50,0,0
P000,Day,38.903,18.703,4,U_Red_L,Main,Expected,Red,Left,57.606,25.712,0,0.868,-0.002,,0,0,,-1,-1,,,-1,50,50,0,0
P000,Day,38.903,18.805,4,U_Red_L,Main,Expected,Red,Left,57.708,25.814,0,0.868,-0.002,,0,0,,-1,-1,,,-1,50,50,0,0
P000,Day,38.903,18.901,4,U_Red_L,Main,Expected,Red,Left,57.804,25.911,0,0.868,-0.002,,0,0,,-1,-1,,,-1,50,50,0,0
P000,Day,38.903,19.003,4,U_Red_L,Main,Expected,Red,Left,57.906,26.012,0,0.868,-0.002,,0,0,,-1,-1,,,-1,50,50,0,0
P000,Day,38.903,19.098,4,U_Red_L,Main,Expected,Red,Left,58.001,26.108,0,0.868,-0.002,,0,0,,-1,-1,,,-1,50,50,0,0
P000,Day,38.903,19.204,4,U_Red_L,Main,Expected,Red,Left,58.107,26.214,0,0.868,-0.002,,0,0,,-1,-1,,,-1,50,50,0,0
P000,Day,38.903,19.305,4,U_Red_L,Main,Expected,Red,Left,58.208,26.315,0,0.868,-0.002,,0,0,,-1,-1,,,-1,50,50,0,0
P000,Day,38.903,19.406,4,U_Red_L,Main,Expected,Red,Left,58.309,26.416,0,0.868,-0.002,,0,0,,-1,-1,,,-1,50,50,0,0
P000,Day,38.903,19.5,4,U_Red_L,Main,Expected,Red,Left,58.403,26.509,0,0.868,-0.002,,0,0,,-1,-1,,,-1,50,50,0,0
P000,Day,38.903,19.603,4,U_Red_L,Main,Expected,Red,Left,58.506,26.612,0,0.868,-0.002,,0,0,,-1,-1,,,-1,50,50,0,0
P000,Day,38.903,19.7,4,U_Red_L,Main,Expected,Red,Left,58.603,26.709,0,0.868,-0.002,,0,0,,-1,-1,,,-1,50,50,0,0
P000,Day,38.903,19.805,4,U_Red_L,Main,Expected,Red,Left,58.708,26.815,0,0.868,-0.002,,0,0,,-1,-1,,,-1,50,50,0,0
P000,Day,38.903,19.905,4,U_Red_L,Main,Expected,Red,Left,58.808,26.914,0,0.868,-0.002,,0,0,,-1,-1,,,-1,50,50,0,0
P000,Day,38.903,20.001,4,U_Red_L,Main,Expected,Red,Left,58.904,27.011,0,0.868,-0.002,,0,0,,-1,-1,,,-1,50,50,0,0
P000,Day,38.903,20.106,4,U_Red_L,Main,Expected,Red,Left,59.009,27.116,0,0.868,-0.002,,0,0,,-1,-1,,,-1,50,50,0,0
P000,Day,38.903,20.201,4,U_Red_L,Main,Expected,Red,Left,59.105,27.211,0,0.868,-0.002,,0,0,,-1,-1,,,-1,50,50,0,0
P000,Day,38.903,20.305,4,U_Red_L,Main,Expected,Red,Left,59.208,27.314,0,0.868,-0.002,,0,0,,-1,-1,,,-1,50,50,0,0
P000,Day,38.903,20.403,4,U_Red_L,Main,Expected,Red,Left,59.306,27.412,0,0.868,-0.002,,0,0,,-1,-1,,,-1,50,50,0,0
P000,Day,38.903,20.506,4,U_Red_L,Main,Expected,Red,Left,59.409,27.516,0,0.868,-0.002,,0,0,,-1,-1,,,-1,50,50,0,0
P000,Day,38.903,20.605,4,U_Red_L,Main,Expected,Red,Left,59.508,27.615,0,0.868,-0.002,,0,0,,-1,-1,,,-1,50,50,0,0
P000,Day,38.903,20.701,4,U_Red_L,Main,Expected,Red,Left,59.604,27.71,0,0.868,-0.002,,0,0,,-1,-1,,,-1,50,50,0,0
P000,Day,38.903,20.799,4,U_Red_L,Main,Expected,Red,Left,59.702,27.808,0,0.868,-0.002,,0,0,,-1,-1,,,-1,50,50,0,0
P000,Day,38.903,20.906,4,U_Red_L,Main,Expected,Red,Left,59.809,27.916,0,0.868,-0.002,,0,0,,-1,-1,,,-1,50,50,0,0
P000,Day,38.903,21.001,4,U_Red_L,Main,Expected,Red,Left,59.904,28.011,0,0.868,-0.002,,0,0,,-1,-1,,,-1,50,50,0,0
P000,Day,38.903,21.106,4,U_Red_L,Main,Expected,Red,Left,60.009,28.116,0,0.868,-0.002,,0,0,,-1,-1,,,-1,50,50,0,0
P000,Day,38.903,21.201,4,U_Red_L,Main,Expected,Red,Left,60.104,28.21,0,0.868,-0.002,,0,0,,-1,-1,,,-1,50,50,0,0
P000,Day,38.903,21.306,4,U_Red_L,Main,Expected,Red,Left,60.209,28.315,0,0.868,-0.002,,0,0,,-1,-1,,,-1,50,50,0,0
P000,Day,38.903,21.409,4,U_Red_L,Main,Expected,Red,Left,60.312,28.418,0,0.868,-0.002,,0,0,,-1,-1,,,-1,50,50,0,0
P000,Day,38.903,21.503,4,U_Red_L,Main,Expected,Red,Left,60.406,28.512,0,0.868,-0.002,,0,0,,-1,-1,,,-1,50,50,0,0
P000,Day,38.903,21.599,4,U_Red_L,Main,Expected,Red,Left,60.502,28.609,0,0.868,-0.002,,0,0,,-1,-1,,,-1,50,50,0,0
P000,Day,38.903,21.703,4,U_Red_L,Main,Expected,Red,Left,60.606,28.713,0,0.868,-0.002,,0,0,,-1,-1,,,-1,50,50,0,0
P000,Day,38.903,21.807,4,U_Red_L,Main,Expected,Red,Left,60.71,28.817,0,0.868,-0.002,,0,0,,-1,-1,,,-1,50,50,0,0
P000,Day,38.903,21.906,4,U_Red_L,Main,Expected,Red,Left,60.809,28.916,0,0.868,-0.002,,0,0,,-1,-1,,,-1,50,50,0,0
P000,Day,38.903,22.003,4,U_Red_L,Main,Expected,Red,Left,60.906,29.012,0,0.868,-0.002,,0,0,,-1,-1,,,-1,50,50,0,0
P000,Day,38.903,22.112,4,U_Red_L,Main,Expected,Red,Left,61.015,29.122,0,0.868,-0.002,,0,0,,-1,-1,,,-1,50,50,0,0
P000,Day,38.903,22.205,4,U_Red_L,Main,Expected,Red,Left,61.108,29.214,0,0.868,-0.002,,0,0,,-1,-1,,,-1,50,50,0,0
P000,Day,38.903,22.309,4,U_Red_L,Main,Expected,Red,Left,61.212,29.318,0,0.868,-0.002,,0,0,,-1,-1,,,-1,50,50,0,0
P000,Day,38.903,22.404,4,U_Red_L,Main,Expected,Red,Left,61.307,29.413,0,0.868,-0.002,,0,0,,-1,-1,,,-1,50,50,0,0
P000,Day,38.903,22.513,4,U_Red_L,Main,Expected,Red,Left,61.416,29.522,0,0.868,-0.002,,0,0,,-1,-1,,,-1,50,50,0,0
P000,Day,38.903,22.6,4,U_Red_L,Main,Expected,Red,Left,61.503,29.61,0,0.868,-0.002,,0,0,,-1,-1,,,-1,50,50,0,0
P000,Day,38.903,22.7,4,U_Red_L,Main,Expected,Red,Left,61.603,29.709,0,0.868,-0.002,,0,0,,-1,-1,,,-1,50,50,0,0
P000,Day,38.903,22.803,4,U_Red_L,Main,Expected,Red,Left,61.706,29.813,0,0.868,-0.002,,0,0,,-1,-1,,,-1,50,50,0,0
P000,Day,38.903,22.913,4,U_Red_L,Main,Expected,Red,Left,61.816,29.922,0,0.868,-0.002,,0,0,,-1,-1,,,-1,50,50,0,0
P000,Day,38.903,22.998,4,U_Red_L,Main,Expected,Red,Left,61.901,30.008,0,0.868,-0.002,,0,0,,-1,-1,,,-1,50,50,0,0
P000,Day,38.903,23.105,4,U_Red_L,Main,Expected,Red,Left,62.008,30.115,0,0.868,-0.002,,0,0,,-1,-1,,,-1,50,50,0,0
P000,Day,38.903,23.201,4,U_Red_L,Main,Expected,Red,Left,62.105,30.211,0,0.868,-0.002,,0,0,,-1,-1,,,-1,50,50,0,0
P000,Day,38.903,23.302,4,U_Red_L,Main,Expected,Red,Left,62.205,30.311,0,0.868,-0.002,,0,0,,-1,-1,,,-1,50,50,0,0
P000,Day,38.903,23.403,4,U_Red_L,Main,Expected,Red,Left,62.306,30.412,0,0.868,-0.002,,0,0,,-1,-1,,,-1,50,50,0,0
P000,Day,38.903,23.505,4,U_Red_L,Main,Expected,Red,Left,62.409,30.515,0,0.868,-0.002,,0,0,,-1,-1,,,-1,50,50,0,0
P000,Day,38.903,23.602,4,U_Red_L,Main,Expected,Red,Left,62.505,30.611,0,0.868,-0.002,,0,0,,-1,-1,,,-1,50,50,0,0
P000,Day,38.903,23.707,4,U_Red_L,Main,Expected,Red,Left,62.61,30.716,0,0.868,-0.002,,0,0,,-1,-1,,,-1,50,50,0,0
P000,Day,38.903,23.805,4,U_Red_L,Main,Expected,Red,Left,62.708,30.815,0,0.868,-0.002,,0,0,,-1,-1,,,-1,50,50,0,0
P000,Day,38.903,23.918,4,U_Red_L,Main,Expected,Red,Left,62.821,30.927,0,0.868,-0.002,,0,0,,-1,-1,,,-1,50,50,0,0
P000,Day,38.903,24.005,4,U_Red_L,Main,Expected,Red,Left,62.908,31.014,0,0.868,-0.002,,0,0,,-1,-1,,,-1,50,50,0,0
P000,Day,38.903,24.111,4,U_Red_L,Main,Expected,Red,Left,63.014,31.12,0,0.868,-0.002,,0,0,,-1,-1,,,-1,50,50,0,0
P000,Day,38.903,24.205,4,U_Red_L,Main,Expected,Red,Left,63.108,31.214,0,0.868,-0.002,,0,0,,-1,-1,,,-1,50,50,0,0
P000,Day,38.903,24.301,4,U_Red_L,Main,Expected,Red,Left,63.204,31.311,0,0.868,-0.002,,0,0,,-1,-1,,,-1,50,50,0,0
P000,Day,38.903,24.399,4,U_Red_L,Main,Expected,Red,Left,63.302,31.408,0,0.868,-0.002,,0,0,,-1,-1,,,-1,50,50,0,0
P000,Day,38.903,24.505,4,U_Red_L,Main,Expected,Red,Left,63.408,31.515,0,0.868,-0.002,,0,0,,-1,-1,,,-1,50,50,0,0
P000,Day,38.903,24.603,4,U_Red_L,Main,Expected,Red,Left,63.506,31.613,0,0.868,-0.002,,0,0,,-1,-1,,,-1,50,50,0,0
P000,Day,38.903,24.704,4,U_Red_L,Main,Expected,Red,Left,63.607,31.713,0,0.868,-0.002,,0,0,,-1,-1,,,-1,50,50,0,0
P000,Day,38.903,24.8,4,U_Red_L,Main,Expected,Red,Left,63.703,31.809,0,0.868,-0.002,,0,0,,-1,-1,,,-1,50,50,0,0
P000,Day,38.903,24.907,4,U_Red_L,Main,Expected,Red,Left,63.81,31.916,0,0.868,-0.002,,0,0,,-1,-1,,,-1,50,50,0,0
P000,Day,38.903,25.002,4,U_Red_L,Main,Expected,Red,Left,63.905,32.011,0,0.868,-0.002,,0,0,,-1,-1,,,-1,50,50,0,0
P000,Day,38.903,25.098,4,U_Red_L,Main,Expected,Red,Left,64.001,32.108,0,0.868,-0.002,,0,0,,-1,-1,,,-1,50,50,0,0
P000,Day,38.903,25.204,4,U_Red_L,Main,Expected,Red,Left,64.107,32.214,0,0.868,-0.002,,0,0,,-1,-1,,,-1,50,50,0,0
P000,Day,38.903,25.304,4,U_Red_L,Main,Expected,Red,Left,64.207,32.314,0,0.868,-0.002,,0,0,,-1,-1,,,-1,50,50,0,0
P000,Day,38.903,25.399,4,U_Red_L,Main,Expected,Red,Left,64.302,32.408,0,0.868,-0.002,,0,0,,-1,-1,,,-1,50,50,0,0
P000,Day,38.903,25.509,4,U_Red_L,Main,Expected,Red,Left,64.412,32.519,0,0.868,-0.002,,0,0,,-1,-1,,,-1,50,50,0,0
P000,Day,38.903,25.6,4,U_Red_L,Main,Expected,Red,Left,64.503,32.61,0,0.868,-0.002,,0,0,,-1,-1,,,-1,50,50,0,0
P000,Day,38.903,25.701,4,U_Red_L,Main,Expected,Red,Left,64.604,32.711,0,0.868,-0.002,,0,0,,-1,-1,,,-1,50,50,0,0
P000,Day,38.903,25.802,4,U_Red_L,Main,Expected,Red,Left,64.705,32.812,0,0.868,-0.002,,0,0,,-1,-1,,,-1,50,50,0,0
P000,Day,38.903,25.903,4,U_Red_L,Main,Expected,Red,Left,64.806,32.912,0,0.868,-0.002,,0,0,,-1,-1,,,-1,50,50,0,0
P000,Day,38.903,26.002,4,U_Red_L,Main,Expected,Red,Left,64.906,33.012,0,0.868,-0.002,,0,0,,-1,-1,,,-1,50,50,0,0
P000,Day,38.903,26.099,4,U_Red_L,Main,Expected,Red,Left,65.002,33.109,0,0.868,-0.002,,0,0,,-1,-1,,,-1,50,50,0,0
P000,Day,38.903,26.202,4,U_Red_L,Main,Expected,Red,Left,65.105,33.211,0,0.868,-0.002,,0,0,,-1,-1,,,-1,50,50,0,0
P000,Day,38.903,26.299,4,U_Red_L,Main,Expected,Red,Left,65.202,33.309,0,0.868,-0.002,,0,0,,-1,-1,,,-1,50,50,0,0
P000,Day,38.903,26.409,4,U_Red_L,Main,Expected,Red,Left,65.312,33.419,0,0.868,-0.002,,0,0,,-1,-1,,,-1,50,50,0,0
P000,Day,38.903,26.504,4,U_Red_L,Main,Expected,Red,Left,65.407,33.514,0,0.868,-0.002,,0,0,,-1,-1,,,-1,50,50,0,0
P000,Day,38.903,26.602,4,U_Red_L,Main,Expected,Red,Left,65.505,33.611,0,0.868,-0.002,,0,0,,-1,-1,,,-1,50,50,0,0
P000,Day,38.903,26.704,4,U_Red_L,Main,Expected,Red,Left,65.607,33.714,0,0.868,-0.002,,0,0,,-1,-1,,,-1,50,50,0,0
P000,Day,38.903,26.799,4,U_Red_L,Main,Expected,Red,Left,65.702,33.808,0,0.868,-0.002,,0,0,,-1,-1,,,-1,50,50,0,0
P000,Day,38.903,26.898,4,U_Red_L,Main,Expected,Red,Left,65.801,33.907,0,0.868,-0.002,,0,0,,-1,-1,,,-1,50,50,0,0
P000,Day,38.903,27.001,4,U_Red_L,Main,Expected,Red,Left,65.904,34.011,0,0.868,-0.002,,0,0,,-1,-1,,,-1,50,50,0,0
P000,Day,38.903,27.106,4,U_Red_L,Main,Expected,Red,Left,66.009,34.115,0,0.868,-0.002,,0,0,,-1,-1,,,-1,50,50,0,0
P000,Day,38.903,27.205,4,U_Red_L,Main,Expected,Red,Left,66.108,34.215,0,0.868,-0.002,,0,0,,-1,-1,,,-1,50,50,0,0
P000,Day,38.903,27.299,4,U_Red_L,Main,Expected,Red,Left,66.202,34.308,0,0.868,-0.002,,0,0,,-1,-1,,,-1,50,50,0,0
P000,Day,38.903,27.404,4,U_Red_L,Main,Expected,Red,Left,66.307,34.414,0,0.868,-0.002,,0,0,,-1,-1,,,-1,50,50,0,0
P000,Day,38.903,27.499,4,U_Red_L,Main,Expected,Red,Left,66.402,34.509,0,0.868,-0.002,,0,0,,-1,-1,,,-1,50,50,0,0
P000,Day,38.903,27.604,4,U_Red_L,Main,Expected,Red,Left,66.507,34.613,0,0.868,-0.002,,0,0,,-1,-1,,,-1,50,50,0,0
P000,Day,38.903,27.702,4,U_Red_L,Main,Expected,Red,Left,66.605,34.712,0,0.868,-0.002,,0,0,,-1,-1,,,-1,50,50,0,0
P000,Day,38.903,27.806,4,U_Red_L,Main,Expected,Red,Left,66.709,34.815,0,0.868,-0.002,,0,0,,-1,-1,,,-1,50,50,0,0
P000,Day,38.903,27.902,4,U_Red_L,Main,Expected,Red,Left,66.805,34.912,0,0.868,-0.002,,0,0,,-1,-1,,,-1,50,50,0,0
P000,Day,38.903,28.007,4,U_Red_L,Main,Expected,Red,Left,66.91,35.016,0,0.868,-0.002,,0,0,,-1,-1,,,-1,50,50,0,0
P000,Day,38.903,28.102,4,U_Red_L,Main,Expected,Red,Left,67.005,35.112,0,0.868,-0.002,,0,0,,-1,-1,,,-1,50,50,0,0
P000,Day,38.903,28.206,4,U_Red_L,Main,Expected,Red,Left,67.109,35.216,0,0.868,-0.002,,0,0,,-1,-1,,,-1,50,50,0,0
P000,Day,38.903,28.303,4,U_Red_L,Main,Expected,Red,Left,67.206,35.313,0,0.868,-0.002,,0,0,,-1,-1,,,-1,50,50,0,0
P000,Day,38.903,28.407,4,U_Red_L,Main,Expected,Red,Left,67.31,35.417,0,0.868,-0.002,,0,0,,-1,-1,,,-1,50,50,0,0
P000,Day,38.903,28.502,4,U_Red_L,Main,Expected,Red,Left,67.405,35.511,0,0.868,-0.002,,0,0,,-1,-1,,,-1,50,50,0,0
P000,Day,38.903,28.607,4,U_Red_L,Main,Expected,Red,Left,67.51,35.616,0,0.868,-0.002,,0,0,,-1,-1,,,-1,50,50,0,0
P000,Day,38.903,28.701,4,U_Red_L,Main,Expected,Red,Left,67.604,35.711,0,0.868,-0.002,,0,0,,-1,-1,,,-1,50,50,0,0
P000,Day,38.903,28.798,4,U_Red_L,Main,Expected,Red,Left,67.701,35.807,0,0.868,-0.002,,0,0,,-1,-1,,,-1,50,50,0,0
P000,Day,38.903,28.902,4,U_Red_L,Main,Expected,Red,Left,67.806,35.912,0,0.868,-0.002,,0,0,,-1,-1,,,-1,50,50,0,0
P000,Day,38.903,28.999,4,U_Red_L,Main,Expected,Red,Left,67.902,36.009,0,0.868,-0.002,,0,0,,-1,-1,,,-1,50,50,0,0
P000,Day,38.903,29.099,4,U_Red_L,Main,Expected,Red,Left,68.002,36.108,0,0.868,-0.002,,0,0,,-1,-1,,,-1,50,50,0,0
P000,Day,38.903,29.205,4,U_Red_L,Main,Expected,Red,Left,68.108,36.214,0,0.868,-0.002,,0,0,,-1,-1,,,-1,50,50,0,0
P000,Day,38.903,29.305,4,U_Red_L,Main,Expected,Red,Left,68.208,36.314,0,0.868,-0.002,,0,0,,-1,-1,,,-1,50,50,0,0
P000,Day,38.903,29.407,4,U_Red_L,Main,Expected,Red,Left,68.31,36.417,0,0.868,-0.002,,0,0,,-1,-1,,,-1,50,50,0,0
P000,Day,38.903,29.503,4,U_Red_L,Main,Expected,Red,Left,68.406,36.513,0,0.868,-0.002,,0,0,,-1,-1,,,-1,50,50,0,0
P000,Day,38.903,29.612,4,U_Red_L,Main,Expected,Red,Left,68.515,36.621,0,0.868,-0.002,,0,0,,-1,-1,,,-1,50,50,0,0
P000,Day,38.903,29.706,4,U_Red_L,Main,Expected,Red,Left,68.609,36.715,0,0.868,-0.002,,0,0,,-1,-1,,,-1,50,50,0,0
P000,Day,38.903,29.803,4,U_Red_L,Main,Expected,Red,Left,68.706,36.812,0,0.868,-0.002,,0,0,,-1,-1,,,-1,50,50,0,0
P000,Day,38.903,29.901,4,U_Red_L,Main,Expected,Red,Left,68.805,36.911,0,0.868,-0.002,,0,0,,-1,-1,,,-1,50,50,0,0
P000,Day,38.903,30.003,4,U_Red_L,Main,Expected,Red,Left,68.906,37.012,0,0.868,-0.002,,0,0,,-1,-1,,,-1,50,50,0,0
P000,Day,38.903,30.102,4,U_Red_L,Main,Expected,Red,Left,69.005,37.112,0,0.868,-0.002,,0,0,,-1,-1,,,-1,50,50,0,0
P000,Day,38.903,30.204,4,U_Red_L,Main,Expected,Red,Left,69.107,37.214,0,0.868,-0.002,,0,0,,-1,-1,,,-1,50,50,0,0
P000,Day,38.903,30.304,4,U_Red_L,Main,Expected,Red,Left,69.208,37.314,0,0.868,-0.002,,0,0,,-1,-1,,,-1,50,50,0,0
P000,Day,38.903,30.398,4,U_Red_L,Main,Expected,Red,Left,69.302,37.408,0,0.868,-0.002,,0,0,,-1,-1,,,-1,50,50,0,0
P000,Day,38.903,30.5,4,U_Red_L,Main,Expected,Red,Left,69.403,37.51,0,0.868,-0.002,,0,0,,-1,-1,,,-1,50,50,0,0
P000,Day,38.903,30.607,4,U_Red_L,Main,Expected,Red,Left,69.51,37.616,0,0.868,-0.002,,0,0,,-1,-1,,,-1,50,50,0,0
P000,Day,38.903,30.709,4,U_Red_L,Main,Expected,Red,Left,69.612,37.718,0,0.868,-0.002,,0,0,,-1,-1,,,-1,50,50,0,0
P000,Day,38.903,30.805,4,U_Red_L,Main,Expected,Red,Left,69.708,37.814,0,0.868,-0.002,,0,0,,-1,-1,,,-1,50,50,0,0
P000,Day,38.903,30.903,4,U_Red_L,Main,Expected,Red,Left,69.806,37.912,0,0.868,-0.002,,0,0,,-1,-1,,,-1,50,50,0,0
P000,Day,38.903,31,4,U_Red_L,Main,Expected,Red,Left,69.903,38.01,0,0.868,-0.002,,0,0,,-1,-1,,,-1,50,50,0,0
P000,Day,38.903,31.104,4,U_Red_L,Main,Expected,Red,Left,70.007,38.114,0,0.868,-0.002,,0,0,,-1,-1,,,-1,50,50,0,0
P000,Day,38.903,31.204,4,U_Red_L,Main,Expected,Red,Left,70.107,38.213,0,0.868,-0.002,,0,0,,-1,-1,,,-1,50,50,0,0
P000,Day,38.903,31.303,4,U_Red_L,Main,Expected,Red,Left,70.206,38.313,0,0.868,-0.002,,0,0,,-1,-1,,,-1,50,50,0,0
P000,Day,38.903,31.399,4,U_Red_L,Main,Expected,Red,Left,70.302,38.408,0,0.868,-0.002,,0,0,,-1,-1,,,-1,50,50,0,0
P000,Day,38.903,31.501,4,U_Red_L,Main,Expected,Red,Left,70.404,38.51,0,0.868,-0.002,,0,0,,-1,-1,,,-1,50,50,0,0
P000,Day,38.903,31.602,4,U_Red_L,Main,Expected,Red,Left,70.505,38.611,0,0.868,-0.002,,0,0,,-1,-1,,,-1,50,50,0,0
P000,Day,38.903,31.698,4,U_Red_L,Main,Expected,Red,Left,70.601,38.708,0,0.868,-0.002,,0,0,,-1,-1,,,-1,50,50,0,0
P000,Day,38.903,31.804,4,U_Red_L,Main,Expected,Red,Left,70.707,38.814,0,0.868,-0.002,,0,0,,-1,-1,,,-1,50,50,0,0
P000,Day,38.903,31.909,4,U_Red_L,Main,Expected,Red,Left,70.812,38.918,0,0.868,-0.002,,0,0,,-1,-1,,,-1,50,50,0,0
P000,Day,38.903,31.999,4,U_Red_L,Main,Expected,Red,Left,70.902,39.008,0,0.868,-0.002,,0,0,,-1,-1,,,-1,50,50,0,0
P000,Day,38.903,32.104,4,U_Red_L,Main,Expected,Red,Left,71.007,39.113,0,0.868,-0.002,,0,0,,-1,-1,,,-1,50,50,0,0
P000,Day,38.903,32.203,4,U_Red_L,Main,Expected,Red,Left,71.106,39.212,0,0.868,-0.002,,0,0,,-1,-1,,,-1,50,50,0,0
P000,Day,38.903,32.299,4,U_Red_L,Main,Expected,Red,Left,71.202,39.308,0,0.868,-0.002,,0,0,,-1,-1,,,-1,50,50,0,0
P000,Day,38.903,32.412,4,U_Red_L,Main,Expected,Red,Left,71.315,39.421,0,0.868,-0.002,,0,0,,-1,-1,,,-1,50,50,0,0
P000,Day,38.903,32.51,4,U_Red_L,Main,Expected,Red,Left,71.413,39.519,0,0.868,-0.002,,0,0,,-1,-1,,,-1,50,50,0,0
P000,Day,38.903,32.606,4,U_Red_L,Main,Expected,Red,Left,71.51,39.616,0,0.868,-0.002,,0,0,,-1,-1,,,-1,50,50,0,0
P000,Day,38.903,32.7,4,U_Red_L,Main,Expected,Red,Left,71.603,39.709,0,0.868,-0.002,,0,0,,-1,-1,,,-1,50,50,0,0
P000,Day,38.903,32.801,4,U_Red_L,Main,Expected,Red,Left,71.704,39.81,0,0.868,-0.002,,0,0,,-1,-1,,,-1,50,50,0,0
P000,Day,38.903,32.905,4,U_Red_L,Main,Expected,Red,Left,71.809,39.915,0,0.868,-0.002,,0,0,,-1,-1,,,-1,50,50,0,0
P000,Day,38.903,33.001,4,U_Red_L,Main,Expected,Red,Left,71.904,40.01,0,0.868,-0.002,,0,0,,-1,-1,,,-1,50,50,0,0
P000,Day,38.903,33.104,4,U_Red_L,Main,Expected,Red,Left,72.007,40.113,0,0.868,-0.002,,0,0,,-1,-1,,,-1,50,50,0,0
P000,Day,38.903,33.204,4,U_Red_L,Main,Expected,Red,Left,72.107,40.213,0,0.868,-0.002,,0,0,,-1,-1,,,-1,50,50,0,0
P000,Day,38.903,33.309,4,U_Red_L,Main,Expected,Red,Left,72.212,40.318,0,0.868,-0.002,,0,0,,-1,-1,,,-1,50,50,0,0
P000,Day,38.903,33.399,4,U_Red_L,Main,Expected,Red,Left,72.302,40.409,0,0.868,-0.002,,0,0,,-1,-1,,,-1,50,50,0,0
P000,Day,38.903,33.503,4,U_Red_L,Main,Expected,Red,Left,72.406,40.512,0,0.868,-0.002,,0,0,,-1,-1,,,-1,50,50,0,0
P000,Day,38.903,33.604,4,U_Red_L,Main,Expected,Red,Left,72.507,40.613,0,0.868,-0.002,,0,0,,-1,-1,,,-1,50,50,0,0
P000,Day,38.903,33.704,4,U_Red_L,Main,Expected,Red,Left,72.607,40.713,0,0.868,-0.002,,0,0,,-1,-1,,,-1,50,50,0,0
P000,Day,38.903,33.804,4,U_Red_L,Main,Expected,Red,Left,72.708,40.814,0,0.868,-0.002,,0,0,,-1,-1,,,-1,50,50,0,0
P000,Day,38.903,33.909,4,U_Red_L,Main,Expected,Red,Left,72.812,40.919,0,0.868,-0.002,,0,0,,-1,-1,,,-1,50,50,0,0
P000,Day,38.903,34.002,4,U_Red_L,Main,Expected,Red,Left,72.905,41.012,0,0.868,-0.002,,0,0,,-1,-1,,,-1,50,50,0,0
P000,Day,38.903,34.104,4,U_Red_L,Main,Expected,Red,Left,73.007,41.113,0,0.868,-0.002,,0,0,,-1,-1,,,-1,50,50,0,0
P000,Day,38.903,34.206,4,U_Red_L,Main,Expected,Red,Left,73.109,41.216,0,0.868,-0.002,,0,0,,-1,-1,,,-1,50,50,0,0
P000,Day,38.903,34.302,4,U_Red_L,Main,Expected,Red,Left,73.205,41.311,0,0.868,-0.002,,0,0,,-1,-1,,,-1,50,50,0,0
P000,Day,38.903,34.404,4,U_Red_L,Main,Expected,Red,Left,73.307,41.414,0,0.868,-0.002,,0,0,,-1,-1,,,-1,50,50,0,0
P000,Day,38.903,34.503,4,U_Red_L,Main,Expected,Red,Left,73.406,41.512,0,0.868,-0.002,,0,0,,-1,-1,,,-1,50,50,0,0
P000,Day,38.903,34.606,4,U_Red_L,Main,Expected,Red,Left,73.509,41.616,0,0.868,-0.002,,0,0,,-1,-1,,,-1,50,50,0,0
P000,Day,38.903,34.698,4,U_Red_L,Main,Expected,Red,Left,73.602,41.708,0,0.868,-0.002,,0,0,,-1,-1,,,-1,50,50,0,0
P000,Day,38.903,34.799,4,U_Red_L,Main,Expected,Red,Left,73.702,41.809,0,0.868,-0.002,,0,0,,-1,-1,,,-1,50,50,0,0
P000,Day,38.903,34.901,4,U_Red_L,Main,Expected,Red,Left,73.804,41.91,0,0.868,-0.002,,0,0,,-1,-1,,,-1,50,50,0,0
P000,Day,38.903,35.002,4,U_Red_L,Main,Expected,Red,Left,73.905,42.012,0,0.868,-0.002,,0,0,,-1,-1,,,-1,50,50,0,0
P000,Day,38.903,35.106,4,U_Red_L,Main,Expected,Red,Left,74.009,42.116,0,0.868,-0.002,,0,0,,-1,-1,,,-1,50,50,0,0
P000,Day,38.903,35.199,4,U_Red_L,Main,Expected,Red,Left,74.102,42.209,0,0.868,-0.002,,0,0,,-1,-1,,,-1,50,50,0,0
P000,Day,38.903,35.301,4,U_Red_L,Main,Expected,Red,Left,74.204,42.311,0,0.868,-0.002,,0,0,,-1,-1,,,-1,50,50,0,0
P000,Day,38.903,35.403,4,U_Red_L,Main,Expected,Red,Left,74.306,42.413,0,0.868,-0.002,,0,0,,-1,-1,,,-1,50,50,0,0
P000,Day,38.903,35.505,4,U_Red_L,Main,Expected,Red,Left,74.408,42.514,0,0.868,-0.002,,0,0,,-1,-1,,,-1,50,50,0,0
P000,Day,38.903,35.599,4,U_Red_L,Main,Expected,Red,Left,74.502,42.609,0,0.868,-0.002,,0,0,,-1,-1,,,-1,50,50,0,1
P000,Day,38.903,35.699,4,U_Red_L,Main,Expected,Red,Left,74.602,42.709,0,0.868,-0.002,,0,0,,-1,-1,,,-1,50,50,0,0
P000,Day,38.903,35.8,4,U_Red_L,Main,Expected,Red,Left,74.703,42.81,0,0.868,-0.002,,0,0,,-1,-1,,,-1,50,50,0,0
P000,Day,38.903,35.901,4,U_Red_L,Main,Expected,Red,Left,74.805,42.911,0,0.868,-0.002,,0,0,,-1,-1,,,-1,50,50,0,0
P000,Day,38.903,36.002,4,U_Red_L,Main,Expected,Red,Left,74.905,43.012,0,0.868,-0.002,,0,0,,-1,-1,,,-1,50,50,0,0
P000,Day,38.903,36.102,4,U_Red_L,Main,Expected,Red,Left,75.005,43.111,0,0.868,-0.002,,0,0,,-1,-1,,,-1,50,50,0,0
P000,Day,38.903,36.204,4,U_Red_L,Main,Expected,Red,Left,75.107,43.214,0,0.868,-0.002,,0,0,,-1,-1,,,-1,50,50,0,0
P000,Day,38.903,36.304,4,U_Red_L,Main,Expected,Red,Left,75.207,43.313,0,0.868,-0.002,,0,0,,-1,-1,,,-1,50,50,0,0
P000,Day,38.903,36.404,4,U_Red_L,Main,Expected,Red,Left,75.307,43.413,0,0.868,-0.002,,0,0,,-1,-1,,,-1,50,50,0,0
P000,Day,38.903,36.503,4,U_Red_L,Main,Expected,Red,Left,75.406,43.513,0,0.868,-0.002,,0,0,,-1,-1,,,-1,50,50,0,0
P000,Day,38.903,36.603,4,U_Red_L,Main,Expected,Red,Left,75.506,43.613,0,0.868,-0.002,,0,0,,-1,-1,,,-1,50,50,0,0
P000,Day,38.903,36.704,4,U_Red_L,Main,Expected,Red,Left,75.608,43.714,0,0.868,-0.002,,0,0,,-1,-1,,,-1,50,50,0,0
P000,Day,38.903,36.805,4,U_Red_L,Main,Expected,Red,Left,75.708,43.814,0,0.868,-0.002,,0,0,,-1,-1,,,-1,50,50,0,0
P000,Day,38.903,36.903,4,U_Red_L,Main,Expected,Red,Left,75.806,43.913,0,0.868,-0.002,,0,0,,-1,-1,,,-1,50,50,0,0
P000,Day,38.903,37.003,4,U_Red_L,Main,Expected,Red,Left,75.906,44.013,0,0.868,-0.002,,0,0,,-1,-1,,,-1,50,50,0,0
P000,Day,38.903,37.103,4,U_Red_L,Main,Expected,Red,Left,76.006,44.112,0,0.868,-0.002,,0,0,,-1,-1,,,-1,50,50,0,0
P000,Day,38.903,37.204,4,U_Red_L,Main,Expected,Red,Left,76.107,44.213,0,0.868,-0.002,,0,0,,-1,-1,,,-1,50,50,0,0
P000,Day,38.903,37.303,4,U_Red_L,Main,Expected,Red,Left,76.206,44.312,0,0.868,-0.002,,0,0,,-1,-1,,,-1,50,50,0,0
P000,Day,38.903,37.401,4,U_Red_L,Main,Expected,Red,Left,76.304,44.411,0,0.868,-0.002,,0,0,,-1,-1,,,-1,50,50,0,0
P000,Day,38.903,37.499,4,U_Red_L,Main,Expected,Red,Left,76.402,44.508,0,0.868,-0.002,,0,0,,-1,-1,,,-1,50,50,0,0
P000,Day,38.903,37.598,4,U_Red_L,Main,Expected,Red,Left,76.501,44.607,0,0.868,-0.002,,0,0,,-1,-1,,,-1,50,50,0,0
P000,Day,38.903,37.699,4,U_Red_L,Main,Expected,Red,Left,76.602,44.708,0,0.868,-0.002,,0,0,,-1,-1,,,-1,50,50,0,0
P000,Day,38.903,37.804,4,U_Red_L,Main,Expected,Red,Left,76.707,44.814,0,0.868,-0.002,,0,0,,-1,-1,,,-1,50,50,0,0
P000,Day,38.903,37.902,4,U_Red_L,Main,Expected,Red,Left,76.806,44.912,0,0.868,-0.002,,0,0,,-1,-1,,,-1,50,50,0,0
P000,Day,38.903,38.002,4,U_Red_L,Main,Expected,Red,Left,76.905,45.011,0,0.868,-0.002,,0,0,,-1,-1,,,-1,50,50,0,0
P000,Day,38.903,38.104,4,U_Red_L,Main,Expected,Red,Left,77.007,45.113,0,0.868,-0.002,,0,0,,-1,-1,,,-1,50,50,0,0
P000,Day,38.903,38.202,4,U_Red_L,Main,Expected,Red,Left,77.106,45.212,0,0.868,-0.002,,0,0,,-1,-1,,,-1,50,50,0,0
P000,Day,38.903,38.3,4,U_Red_L,Main,Expected,Red,Left,77.203,45.309,0,0.868,-0.002,,0,0,,-1,-1,,,-1,50,50,0,0
P000,Day,38.903,38.407,4,U_Red_L,Main,Expected,Red,Left,77.31,45.416,0,0.868,-0.002,,0,0,,-1,-1,,,-1,50,50,0,0
P000,Day,38.903,38.506,4,U_Red_L,Main,Expected,Red,Left,77.409,45.516,0,0.868,-0.002,,0,0,,-1,-1,,,-1,50,50,0,0
P000,Day,38.903,38.598,4,U_Red_L,Main,Expected,Red,Left,77.501,45.608,0,0.868,-0.002,,0,0,,-1,-1,,,-1,50,50,0,0
P000,Day,38.903,38.7,4,U_Red_L,Main,Expected,Red,Left,77.603,45.709,0,0.868,-0.002,,0,0,,-1,-1,,,-1,50,50,0,0
P000,Day,38.903,38.799,4,U_Red_L,Main,Expected,Red,Left,77.703,45.809,0,0.868,-0.002,,0,0,,-1,-1,,,-1,50,50,0,0
P000,Day,38.903,38.907,4,U_Red_L,Main,Expected,Red,Left,77.81,45.917,0,0.868,-0.002,,0,0,,-1,-1,,,-1,50,50,0,0
P000,Day,38.903,39.008,4,U_Red_L,Main,Expected,Red,Left,77.911,46.018,0,0.868,-0.002,,0,0,,-1,-1,,,-1,50,50,0,0
P000,Day,38.903,39.115,4,U_Red_L,Main,Expected,Red,Left,78.018,46.125,0,0.868,-0.002,,0,0,,-1,-1,,,-1,50,50,0,0
P000,Day,38.903,39.2,4,U_Red_L,Main,Expected,Red,Left,78.103,46.21,0,0.868,-0.002,,0,0,,-1,-1,,,-1,50,50,0,0
P000,Day,38.903,39.299,4,U_Red_L,Main,Expected,Red,Left,78.202,46.309,0,0.868,-0.002,,0,0,,-1,-1,,,-1,50,50,0,0
P000,Day,38.903,39.404,4,U_Red_L,Main,Expected,Red,Left,78.307,46.414,0,0.868,-0.002,,0,0,,-1,-1,,,-1,50,50,0,0
P000,Day,38.903,39.5,4,U_Red_L,Main,Expected,Red,Left,78.403,46.509,0,0.868,-0.002,,0,0,,-1,-1,,,-1,50,50,0,0
P000,Day,38.903,39.599,4,U_Red_L,Main,Expected,Red,Left,78.502,46.608,0,0.868,-0.002,,0,0,,-1,-1,,,-1,50,50,0,0
P000,Day,38.903,39.706,4,U_Red_L,Main,Expected,Red,Left,78.609,46.715,0,0.868,-0.002,,0,0,,-1,-1,,,-1,50,50,0,0
P000,Day,38.903,39.803,4,U_Red_L,Main,Expected,Red,Left,78.706,46.813,0,0.868,-0.002,,0,0,,-1,-1,,,-1,50,50,0,0
P000,Day,38.903,39.9,4,U_Red_L,Main,Expected,Red,Left,78.803,46.91,0,0.868,-0.002,,0,0,,-1,-1,,,-1,50,50,0,0
P000,Day,38.903,40.01,4,U_Red_L,Main,Expected,Red,Left,78.913,47.02,0,0.868,-0.002,,0,0,,-1,-1,,,-1,50,50,0,0
P000,Day,38.903,40.109,4,U_Red_L,Main,Expected,Red,Left,79.012,47.119,0,0.868,-0.002,,0,0,,-1,-1,,,-1,50,50,0,0
P000,Day,38.903,40.207,4,U_Red_L,Main,Expected,Red,Left,79.11,47.216,0,0.868,-0.002,,0,0,,-1,-1,,,-1,50,50,0,0
P000,Day,38.903,40.303,4,U_Red_L,Main,Expected,Red,Left,79.206,47.313,0,0.868,-0.002,,0,0,,-1,-1,,,-1,50,50,0,0
P000,Day,38.903,40.409,4,U_Red_L,Main,Expected,Red,Left,79.313,47.419,0,0.868,-0.002,,0,0,,-1,-1,,,-1,50,50,0,0
P000,Day,38.903,40.499,4,U_Red_L,Main,Expected,Red,Left,79.402,47.508,0,0.868,-0.002,,0,0,,-1,-1,,,-1,50,50,0,0
P000,Day,38.903,40.598,4,U_Red_L,Main,Expected,Red,Left,79.502,47.608,0,0.868,-0.002,,0,0,,-1,-1,,,-1,50,50,0,0
P000,Day,38.903,40.707,4,U_Red_L,Main,Expected,Red,Left,79.61,47.717,0,0.868,-0.002,,0,0,,-1,-1,,,-1,50,50,0,0
P000,Day,38.903,40.805,4,U_Red_L,Main,Expected,Red,Left,79.708,47.815,0,0.868,-0.002,,0,0,,-1,-1,,,-1,50,50,0,0
P000,Day,38.903,40.901,4,U_Red_L,Main,Expected,Red,Left,79.804,47.91,0,0.868,-0.002,,0,0,,-1,-1,,,-1,50,50,0,0
P000,Day,38.903,41.004,4,U_Red_L,Main,Expected,Red,Left,79.907,48.014,0,0.868,-0.002,,0,0,,-1,-1,,,-1,50,50,0,0
P000,Day,38.903,41.102,4,U_Red_L,Main,Expected,Red,Left,80.005,48.111,0,0.868,-0.002,,0,0,,-1,-1,,,-1,50,50,0,0
P000,Day,38.903,41.201,4,U_Red_L,Main,Expected,Red,Left,80.104,48.211,0,0.868,-0.002,,0,0,,-1,-1,,,-1,50,50,0,0
P000,Day,38.903,41.3,4,U_Red_L,Main,Expected,Red,Left,80.203,48.31,0,0.868,-0.002,,0,0,,-1,-1,,,-1,50,50,0,0
P000,Day,38.903,41.401,4,U_Red_L,Main,Expected,Red,Left,80.304,48.411,0,0.868,-0.002,,0,0,,-1,-1,,,-1,50,50,0,0
P000,Day,38.903,41.501,4,U_Red_L,Main,Expected,Red,Left,80.404,48.511,0,0.868,-0.002,,0,0,,-1,-1,,,-1,50,50,0,0
P000,Day,38.903,41.601,4,U_Red_L,Main,Expected,Red,Left,80.504,48.61,0,0.868,-0.002,,0,0,,-1,-1,,,-1,50,50,0,0
P000,Day,38.903,41.7,4,U_Red_L,Main,Expected,Red,Left,80.603,48.71,0,0.868,-0.002,,0,0,,-1,-1,,,-1,50,50,0,0
P000,Day,38.903,41.801,4,U_Red_L,Main,Expected,Red,Left,80.704,48.81,0,0.868,-0.002,,0,0,,-1,-1,,,-1,50,50,0,0
P000,Day,38.903,41.9,4,U_Red_L,Main,Expected,Red,Left,80.803,48.909,0,0.868,-0.002,,0,0,,-1,-1,,,-1,50,50,0,0
P000,Day,38.903,42.006,4,U_Red_L,Main,Expected,Red,Left,80.909,49.015,0,0.868,-0.002,,0,0,,-1,-1,,,-1,50,50,0,0
P000,Day,38.903,42.104,4,U_Red_L,Main,Expected,Red,Left,81.007,49.114,0,0.868,-0.002,,0,0,,-1,-1,,,-1,50,50,0,0
P000,Day,38.903,42.2,4,U_Red_L,Main,Expected,Red,Left,81.103,49.21,0,0.868,-0.002,,0,0,,-1,-1,,,-1,50,50,0,0
P000,Day,38.903,42.306,4,U_Red_L,Main,Expected,Red,Left,81.209,49.316,0,0.868,-0.002,,0,0,,-1,-1,,,-1,50,50,0,0
P000,Day,38.903,42.405,4,U_Red_L,Main,Expected,Red,Left,81.308,49.414,0,0.868,-0.002,,0,0,,-1,-1,,,-1,50,50,0,0
P000,Day,38.903,42.506,4,U_Red_L,Main,Expected,Red,Left,81.409,49.515,0,0.868,-0.002,,0,0,,-1,-1,,,-1,50,50,0,0
P000,Day,38.903,42.602,4,U_Red_L,Main,Expected,Red,Left,81.505,49.611,0,0.868,-0.002,,0,0,,-1,-1,,,-1,50,50,0,0
P000,Day,38.903,42.71,4,U_Red_L,Main,Expected,Red,Left,81.613,49.719,0,0.868,-0.002,,0,0,,-1,-1,,,-1,50,50,0,0
P000,Day,38.903,42.805,4,U_Red_L,Main,Expected,Red,Left,81.708,49.815,0,0.868,-0.002,,0,0,,-1,-1,,,-1,50,50,0,0
P000,Day,38.903,42.901,4,U_Red_L,Main,Expected,Red,Left,81.804,49.911,0,0.868,-0.002,,0,0,,-1,-1,,,-1,50,50,0,0
P000,Day,38.903,43.004,4,U_Red_L,Main,Expected,Red,Left,81.907,50.013,0,0.868,-0.002,,0,0,,-1,-1,,,-1,50,50,0,0
P000,Day,38.903,43.102,4,U_Red_L,Main,Expected,Red,Left,82.005,50.112,0,0.868,-0.002,,0,0,,-1,-1,,,-1,50,50,0,0
P000,Day,38.903,43.2,4,U_Red_L,Main,Expected,Red,Left,82.104,50.21,0,0.868,-0.002,,0,0,,-1,-1,,,-1,50,50,0,0
P000,Day,38.903,43.298,4,U_Red_L,Main,Expected,Red,Left,82.202,50.308,0,0.868,-0.002,,0,0,,-1,-1,,,-1,50,50,0,0
P000,Day,38.903,43.4,4,U_Red_L,Main,Expected,Red,Left,82.303,50.41,0,0.868,-0.002,,0,0,,-1,-1,,,-1,50,50,0,0
P000,Day,38.903,43.499,4,U_Red_L,Main,Expected,Red,Left,82.402,50.509,0,0.868,-0.002,,0,0,,-1,-1,,,-1,50,50,0,0
P000,Day,38.903,43.601,4,U_Red_L,Main,Expected,Red,Left,82.504,50.61,0,0.868,-0.002,,0,0,,-1,-1,,,-1,50,50,0,0
P000,Day,38.903,43.701,4,U_Red_L,Main,Expected,Red,Left,82.604,50.71,0,0.868,-0.002,,0,0,,-1,-1,,,-1,50,50,0,0
P000,Day,38.903,43.799,4,U_Red_L,Main,Expected,Red,Left,82.702,50.809,0,0.868,-0.002,,0,0,,-1,-1,,,-1,50,50,0,0
P000,Day,38.903,43.906,4,U_Red_L,Main,Expected,Red,Left,82.809,50.916,0,0.868,-0.002,,0,0,,-1,-1,,,-1,50,50,0,0
P000,Day,38.903,44.006,4,U_Red_L,Main,Expected,Red,Left,82.909,51.015,0,0.868,-0.002,,0,0,,-1,-1,,,-1,50,50,0,0
P000,Day,38.903,44.105,4,U_Red_L,Main,Expected,Red,Left,83.008,51.114,0,0.868,-0.002,,0,0,,-1,-1,,,-1,50,50,0,0
P000,Day,38.903,44.202,4,U_Red_L,Main,Expected,Red,Left,83.106,51.212,0,0.868,-0.002,,0,0,,-1,-1,,,-1,50,50,0,0
P000,Day,38.903,44.299,4,U_Red_L,Main,Expected,Red,Left,83.202,51.309,0,0.868,-0.002,,0,0,,-1,-1,,,-1,50,50,0,0
P000,Day,38.903,44.406,4,U_Red_L,Main,Expected,Red,Left,83.309,51.415,0,0.868,-0.002,,0,0,,-1,-1,,,-1,50,50,0,0
P000,Day,38.903,44.506,4,U_Red_L,Main,Expected,Red,Left,83.409,51.516,0,0.868,-0.002,,0,0,,-1,-1,,,-1,50,50,0,0
P000,Day,38.903,44.606,4,U_Red_L,Main,Expected,Red,Left,83.509,51.616,0,0.868,-0.002,,0,0,,-1,-1,,,-1,50,50,0,0
P000,Day,38.903,44.702,4,U_Red_L,Main,Expected,Red,Left,83.605,51.712,0,0.868,-0.002,,0,0,,-1,-1,,,-1,50,50,0,0
P000,Day,38.903,44.804,4,U_Red_L,Main,Expected,Red,Left,83.707,51.814,0,0.868,-0.002,,0,0,,-1,-1,,,-1,50,50,0,0
P000,Day,38.903,44.904,4,U_Red_L,Main,Expected,Red,Left,83.807,51.913,0,0.868,-0.002,,0,0,,-1,-1,,,-1,50,50,0,0
P000,Day,38.903,45.001,4,U_Red_L,Main,Expected,Red,Left,83.904,52.01,0,0.868,-0.002,,0,0,,-1,-1,,,-1,50,50,0,0
P000,Day,38.903,45.101,4,U_Red_L,Main,Expected,Red,Left,84.004,52.11,0,0.868,-0.002,,0,0,,-1,-1,,,-1,50,50,0,0
P000,Day,38.903,45.2,4,U_Red_L,Main,Expected,Red,Left,84.103,52.209,0,0.868,-0.002,,0,0,,-1,-1,,,-1,50,50,0,0
P000,Day,38.903,45.31,4,U_Red_L,Main,Expected,Red,Left,84.213,52.319,0,0.868,-0.002,,0,0,,-1,-1,,,-1,50,50,0,0
P000,Day,38.903,45.407,4,U_Red_L,Main,Expected,Red,Left,84.31,52.417,0,0.868,-0.002,,0,0,,-1,-1,,,-1,50,50,0,0
P000,Day,38.903,45.504,4,U_Red_L,Main,Expected,Red,Left,84.407,52.514,0,0.868,-0.002,,0,0,,-1,-1,,,-1,50,50,0,0
P000,Day,38.903,45.604,4,U_Red_L,Main,Expected,Red,Left,84.507,52.613,0,0.868,-0.002,,0,0,,-1,-1,,,-1,50,50,0,0
P000,Day,38.903,45.705,4,U_Red_L,Main,Expected,Red,Left,84.608,52.715,0,0.868,-0.002,,0,0,,-1,-1,,,-1,50,50,0,0
P000,Day,38.903,45.804,4,U_Red_L,Main,Expected,Red,Left,84.707,52.813,0,0.868,-0.002,,0,0,,-1,-1,,,-1,50,50,0,0
P000,Day,38.903,45.901,4,U_Red_L,Main,Expected,Red,Left,84.804,52.91,0,0.868,-0.002,,0,0,,-1,-1,,,-1,50,50,0,0
P000,Day,38.903,46,4,U_Red_L,Main,Expected,Red,Left,84.903,53.01,0,0.868,-0.002,,0,0,,-1,-1,,,-1,50,50,0,0
P000,Day,38.903,46.098,4,U_Red_L,Main,Expected,Red,Left,85.001,53.108,0,0.868,-0.002,,0,0,,-1,-1,,,-1,50,50,0,0
P000,Day,38.903,46.204,4,U_Red_L,Main,Expected,Red,Left,85.107,53.213,0,0.868,-0.002,,0,0,,-1,-1,,,-1,50,50,0,0
P000,Day,38.903,46.312,4,U_Red_L,Main,Expected,Red,Left,85.215,53.321,0,0.868,-0.002,,0,0,,-1,-1,,,-1,50,50,0,0
P000,Day,38.903,46.405,4,U_Red_L,Main,Expected,Red,Left,85.308,53.414,0,0.868,-0.002,,0,0,,-1,-1,,,-1,50,50,0,0
P000,Day,38.903,46.5,4,U_Red_L,Main,Expected,Red,Left,85.403,53.509,0,0.868,-0.002,,0,0,,-1,-1,,,-1,50,50,0,0
P000,Day,38.903,46.604,4,U_Red_L,Main,Expected,Red,Left,85.507,53.614,0,0.868,-0.002,,0,0,,-1,-1,,,-1,50,50,0,0
P000,Day,38.903,46.703,4,U_Red_L,Main,Expected,Red,Left,85.606,53.713,0,0.868,-0.002,,0,0,,-1,-1,,,-1,50,50,0,0
P000,Day,38.903,46.804,4,U_Red_L,Main,Expected,Red,Left,85.707,53.813,0,0.868,-0.002,,0,0,,-1,-1,,,-1,50,50,0,0
P000,Day,38.903,46.91,4,U_Red_L,Main,Expected,Red,Left,85.813,53.92,0,0.868,-0.002,,0,0,,-1,-1,,,-1,50,50,0,0
P000,Day,38.903,47.006,4,U_Red_L,Main,Expected,Red,Left,85.909,54.015,0,0.868,-0.002,,0,0,,-1,-1,,,-1,50,50,0,0
P000,Day,38.903,47.105,4,U_Red_L,Main,Expected,Red,Left,86.008,54.115,0,0.868,-0.002,,0,0,,-1,-1,,,-1,50,50,0,0
P000,Day,38.903,47.205,4,U_Red_L,Main,Expected,Red,Left,86.108,54.214,0,0.868,-0.002,,0,0,,-1,-1,,,-1,50,50,0,0
P000,Day,38.903,47.304,4,U_Red_L,Main,Expected,Red,Left,86.207,54.314,0,0.868,-0.002,,0,0,,-1,-1,,,-1,50,50,0,0
P000,Day,38.903,47.403,4,U_Red_L,Main,Expected,Red,Left,86.306,54.413,0,0.868,-0.002,,0,0,,-1,-1,,,-1,50,50,0,0
P000,Day,38.903,47.506,4,U_Red_L,Main,Expected,Red,Left,86.409,54.515,0,0.868,-0.002,,0,0,,-1,-1,,,-1,50,50,0,0
P000,Day,38.903,47.61,4,U_Red_L,Main,Expected,Red,Left,86.513,54.62,0,0.868,-0.002,,0,0,,-1,-1,,,-1,50,50,0,0
P000,Day,38.903,47.698,4,U_Red_L,Main,Expected,Red,Left,86.601,54.708,0,0.868,-0.002,,0,0,,-1,-1,,,-1,50,50,0,0
P000,Day,38.903,47.811,4,U_Red_L,Main,Expected,Red,Left,86.714,54.821,0,0.868,-0.002,,0,0,,-1,-1,,,-1,50,50,0,0
P000,Day,38.903,47.914,4,U_Red_L,Main,Expected,Red,Left,86.817,54.924,0,0.868,-0.002,,0,0,,-1,-1,,,-1,50,50,0,0
P000,Day,38.903,48.004,4,U_Red_L,Main,Expected,Red,Left,86.907,55.014,0,0.868,-0.002,,0,0,,-1,-1,,,-1,50,50,0,0
P000,Day,38.903,48.105,4,U_Red_L,Main,Expected,Red,Left,87.008,55.114,0,0.868,-0.002,,0,0,,-1,-1,,,-1,50,50,0,0
P000,Day,38.903,48.243,4,U_Red_L,Main,Expected,Red,Left,87.146,55.253,0,0.868,-0.002,,0,0,,-1,-1,,,-1,50,50,0,0
P000,Day,38.903,48.314,4,U_Red_L,Main,Expected,Red,Left,87.217,55.324,0,0.868,-0.002,,0,0,,-1,-1,,,-1,50,50,0,0
P000,Day,38.903,48.412,4,U_Red_L,Main,Expected,Red,Left,87.315,55.422,0,0.868,-0.002,,0,0,,-1,-1,,,-1,50,50,0,0
P000,Day,38.903,48.51,4,U_Red_L,Main,Expected,Red,Left,87.414,55.52,0,0.868,-0.002,,0,0,,-1,-1,,,-1,50,50,0,0
P000,Day,38.903,48.613,4,U_Red_L,Main,Expected,Red,Left,87.516,55.623,0,0.868,-0.002,,0,0,,-1,-1,,,-1,50,50,0,0
P000,Day,38.903,48.709,4,U_Red_L,Main,Expected,Red,Left,87.612,55.719,0,0.868,-0.002,,0,0,,-1,-1,,,-1,50,50,0,0
P000,Day,38.903,48.801,4,U_Red_L,Main,Expected,Red,Left,87.704,55.81,0,0.868,-0.002,,0,0,,-1,-1,,,-1,50,50,0,0
P000,Day,38.903,48.911,4,U_Red_L,Main,Expected,Red,Left,87.814,55.921,0,0.868,-0.002,,0,0,,-1,-1,,,-1,50,50,0,0
P000,Day,38.903,49.004,4,U_Red_L,Main,Expected,Red,Left,87.907,56.014,0,0.868,-0.002,,0,0,,-1,-1,,,-1,50,50,0,0
P000,Day,38.903,49.101,4,U_Red_L,Main,Expected,Red,Left,88.004,56.111,0,0.868,-0.002,,0,0,,-1,-1,,,-1,50,50,0,0
P000,Day,38.903,49.202,4,U_Red_L,Main,Expected,Red,Left,88.105,56.212,0,0.868,-0.002,,0,0,,-1,-1,,,-1,50,50,0,0
P000,Day,38.903,49.3,4,U_Red_L,Main,Expected,Red,Left,88.203,56.31,0,0.868,-0.002,,0,0,,-1,-1,,,-1,50,50,0,0
P000,Day,38.903,49.406,4,U_Red_L,Main,Expected,Red,Left,88.309,56.416,0,0.868,-0.002,,0,0,,-1,-1,,,-1,50,50,0,0
P000,Day,38.903,49.501,4,U_Red_L,Main,Expected,Red,Left,88.404,56.51,0,0.868,-0.002,,0,0,,-1,-1,,,-1,50,50,0,0
P000,Day,38.903,49.603,4,U_Red_L,Main,Expected,Red,Left,88.506,56.612,0,0.868,-0.002,,0,0,,-1,-1,,,-1,50,50,0,0
P000,Day,38.903,49.702,4,U_Red_L,Main,Expected,Red,Left,88.605,56.712,0,0.868,-0.002,,0,0,,-1,-1,,,-1,50,50,0,0
P000,Day,38.903,49.799,4,U_Red_L,Main,Expected,Red,Left,88.702,56.808,0,0.868,-0.002,,0,0,,-1,-1,,,-1,50,50,0,0
P000,Day,38.903,49.898,4,U_Red_L,Main,Expected,Red,Left,88.801,56.908,0,0.868,-0.002,,0,0,,-1,-1,,,-1,50,50,0,0
P000,Day,38.903,50.006,4,U_Red_L,Main,Expected,Red,Left,88.909,57.015,0,0.868,-0.002,,0,0,,-1,-1,,,-1,50,50,0,0
P000,Day,38.903,50.111,4,U_Red_L,Main,Expected,Red,Left,89.014,57.121,0,0.868,-0.002,,0,0,,-1,-1,,,-1,50,50,0,0
P000,Day,38.903,50.205,4,U_Red_L,Main,Expected,Red,Left,89.108,57.214,0,0.868,-0.002,,0,0,,-1,-1,,,-1,50,50,0,0
P000,Day,38.903,50.301,4,U_Red_L,Main,Expected,Red,Left,89.204,57.311,0,0.868,-0.002,,0,0,,-1,-1,,,-1,50,50,0,0
P000,Day,38.903,50.41,4,U_Red_L,Main,Expected,Red,Left,89.314,57.42,0,0.868,-0.002,,0,0,,-1,-1,,,-1,50,50,0,0
P000,Day,38.903,50.51,4,U_Red_L,Main,Expected,Red,Left,89.413,57.52,0,0.868,-0.002,,0,0,,-1,-1,,,-1,50,50,0,0
P000,Day,38.903,50.612,4,U_Red_L,Main,Expected,Red,Left,89.515,57.621,0,0.868,-0.002,,0,0,,-1,-1,,,-1,50,50,0,0
P000,Day,38.903,50.71,4,U_Red_L,Main,Expected,Red,Left,89.613,57.72,0,0.868,-0.002,,0,0,,-1,-1,,,-1,50,50,0,0
P000,Day,38.903,50.8,4,U_Red_L,Main,Expected,Red,Left,89.703,57.81,0,0.868,-0.002,,0,0,,-1,-1,,,-1,50,50,0,0
P000,Day,38.903,50.911,4,U_Red_L,Main,Expected,Red,Left,89.814,57.921,0,0.868,-0.002,,0,0,,-1,-1,,,-1,50,50,0,0
P000,Day,38.903,51.008,4,U_Red_L,Main,Expected,Red,Left,89.911,58.017,0,0.868,-0.002,,0,0,,-1,-1,,,-1,50,50,0,0
P000,Day,38.903,51.107,4,U_Red_L,Main,Expected,Red,Left,90.01,58.117,0,0.868,-0.002,,0,0,,-1,-1,,,-1,50,50,0,0
P000,Day,38.903,51.214,4,U_Red_L,Main,Expected,Red,Left,90.117,58.223,0,0.868,-0.002,,0,0,,-1,-1,,,-1,50,50,0,0
P000,Day,38.903,51.31,4,U_Red_L,Main,Expected,Red,Left,90.213,58.32,0,0.868,-0.002,,0,0,,-1,-1,,,-1,50,50,0,0
P000,Day,38.903,51.403,4,U_Red_L,Main,Expected,Red,Left,90.306,58.412,0,0.868,-0.002,,0,0,,-1,-1,,,-1,50,50,0,0
P000,Day,38.903,51.502,4,U_Red_L,Main,Expected,Red,Left,90.405,58.512,0,0.868,-0.002,,0,0,,-1,-1,,,-1,50,50,0,0
P000,Day,38.903,51.605,4,U_Red_L,Main,Expected,Red,Left,90.508,58.614,0,0.868,-0.002,,0,0,,-1,-1,,,-1,50,50,0,0
P000,Day,38.903,51.704,4,U_Red_L,Main,Expected,Red,Left,90.607,58.714,0,0.868,-0.002,,0,0,,-1,-1,,,-1,50,50,0,0
P000,Day,38.903,51.801,4,U_Red_L,Main,Expected,Red,Left,90.704,58.811,0,0.868,-0.002,,0,0,,-1,-1,,,-1,50,50,0,0
P000,Day,38.903,51.906,4,U_Red_L,Main,Expected,Red,Left,90.809,58.916,0,0.868,-0.002,,0,0,,-1,-1,,,-1,50,50,0,0
P000,Day,38.903,52.006,4,U_Red_L,Main,Expected,Red,Left,90.909,59.016,0,0.868,-0.002,,0,0,,-1,-1,,,-1,50,50,0,0
P000,Day,38.903,52.106,4,U_Red_L,Main,Expected,Red,Left,91.009,59.116,0,0.868,-0.002,,0,0,,-1,-1,,,-1,50,50,0,0
P000,Day,38.903,52.207,4,U_Red_L,Main,Expected,Red,Left,91.11,59.217,0,0.868,-0.002,,0,0,,-1,-1,,,-1,50,50,0,0
P000,Day,38.903,52.305,4,U_Red_L,Main,Expected,Red,Left,91.208,59.314,0,0.868,-0.002,,0,0,,-1,-1,,,-1,50,50,0,0
P000,Day,38.903,52.401,4,U_Red_L,Main,Expected,Red,Left,91.304,59.411,0,0.868,-0.002,,0,0,,-1,-1,,,-1,50,50,0,0
P000,Day,38.903,52.499,4,U_Red_L,Main,Expected,Red,Left,91.403,59.509,0,0.868,-0.002,,0,0,,-1,-1,,,-1,50,50,0,0
P000,Day,38.903,52.604,4,U_Red_L,Main,Expected,Red,Left,91.507,59.614,0,0.868,-0.002,,0,0,,-1,-1,,,-1,50,50,0,0
P000,Day,38.903,52.7,4,U_Red_L,Main,Expected,Red,Left,91.603,59.709,0,0.868,-0.002,,0,0,,-1,-1,,,-1,50,50,0,0
P000,Day,38.903,52.803,4,U_Red_L,Main,Expected,Red,Left,91.706,59.813,0,0.868,-0.002,,0,0,,-1,-1,,,-1,50,50,0,0
P000,Day,38.903,52.913,4,U_Red_L,Main,Expected,Red,Left,91.816,59.922,0,0.868,-0.002,,0,0,,-1,-1,,,-1,50,50,0,0
P000,Day,38.903,53.001,4,U_Red_L,Main,Expected,Red,Left,91.904,60.011,0,0.868,-0.002,,0,0,,-1,-1,,,-1,50,50,0,0
P000,Day,38.903,53.11,4,U_Red_L,Main,Expected,Red,Left,92.014,60.12,0,0.868,-0.002,,0,0,,-1,-1,,,-1,50,50,0,0
P000,Day,38.903,53.211,4,U_Red_L,Main,Expected,Red,Left,92.114,60.221,0,0.868,-0.002,,0,0,,-1,-1,,,-1,50,50,0,0
P000,Day,38.903,53.302,4,U_Red_L,Main,Expected,Red,Left,92.205,60.311,0,0.868,-0.002,,0,0,,-1,-1,,,-1,50,50,0,0
P000,Day,38.903,53.4,4,U_Red_L,Main,Expected,Red,Left,92.303,60.41,0,0.868,-0.002,,0,0,,-1,-1,,,-1,50,50,0,0
P000,Day,38.903,53.514,4,U_Red_L,Main,Expected,Red,Left,92.417,60.524,0,0.868,-0.002,,0,0,,-1,-1,,,-1,50,50,0,0
P000,Day,38.903,53.611,4,U_Red_L,Main,Expected,Red,Left,92.514,60.62,0,0.868,-0.002,,0,0,,-1,-1,,,-1,50,50,0,0
P000,Day,38.903,53.703,4,U_Red_L,Main,Expected,Red,Left,92.606,60.712,0,0.868,-0.002,,0,0,,-1,-1,,,-1,50,50,0,0
P000,Day,38.903,53.81,4,U_Red_L,Main,Expected,Red,Left,92.713,60.819,0,0.868,-0.002,,0,0,,-1,-1,,,-1,50,50,0,0
P000,Day,38.903,53.899,4,U_Red_L,Main,Expected,Red,Left,92.802,60.909,0,0.868,-0.002,,0,0,,-1,-1,,,-1,50,50,0,0
P000,Day,38.903,54.015,4,U_Red_L,Main,Expected,Red,Left,92.918,61.024,0,0.868,-0.002,,0,0,,-1,-1,,,-1,50,50,0,0
P000,Day,38.903,54.113,4,U_Red_L,Main,Expected,Red,Left,93.016,61.123,0,0.868,-0.002,,0,0,,-1,-1,,,-1,50,50,0,0
P000,Day,38.903,54.205,4,U_Red_L,Main,Expected,Red,Left,93.108,61.215,0,0.868,-0.002,,0,0,,-1,-1,,,-1,50,50,0,0
P000,Day,38.903,54.301,4,U_Red_L,Main,Expected,Red,Left,93.204,61.311,0,0.868,-0.002,,0,0,,-1,-1,,,-1,50,50,0,0
P000,Day,38.903,54.411,4,U_Red_L,Main,Expected,Red,Left,93.314,61.42,0,0.868,-0.002,,0,0,,-1,-1,,,-1,50,50,0,0
P000,Day,38.903,54.501,4,U_Red_L,Main,Expected,Red,Left,93.404,61.51,0,0.868,-0.002,,0,0,,-1,-1,,,-1,50,50,0,0
P000,Day,38.903,54.601,4,U_Red_L,Main,Expected,Red,Left,93.504,61.61,0,0.868,-0.002,,0,0,,-1,-1,,,-1,50,50,0,0
P000,Day,38.903,54.706,4,U_Red_L,Main,Expected,Red,Left,93.609,61.715,0,0.868,-0.002,,0,0,,-1,-1,,,-1,50,50,0,0
P000,Day,38.903,54.801,4,U_Red_L,Main,Expected,Red,Left,93.704,61.811,0,0.868,-0.002,,0,0,,-1,-1,,,-1,50,50,0,0
P000,Day,38.903,54.914,4,U_Red_L,Main,Expected,Red,Left,93.817,61.923,0,0.868,-0.002,,0,0,,-1,-1,,,-1,50,50,0,0
P000,Day,38.903,55.012,4,U_Red_L,Main,Expected,Red,Left,93.915,62.021,0,0.868,-0.002,,0,0,,-1,-1,,,-1,50,50,0,0
P000,Day,38.903,55.11,4,U_Red_L,Main,Expected,Red,Left,94.013,62.12,0,0.868,-0.002,,0,0,,-1,-1,,,-1,50,50,0,0
P000,Day,38.903,55.201,4,U_Red_L,Main,Expected,Red,Left,94.105,62.211,0,0.868,-0.002,,0,0,,-1,-1,,,-1,50,50,0,0
P000,Day,38.903,55.31,4,U_Red_L,Main,Expected,Red,Left,94.213,62.319,0,0.868,-0.002,,0,0,,-1,-1,,,-1,50,50,0,0
P000,Day,38.903,55.404,4,U_Red_L,Main,Expected,Red,Left,94.307,62.414,0,0.868,-0.002,,0,0,,-1,-1,,,-1,50,50,0,0
P000,Day,38.903,55.503,4,U_Red_L,Main,Expected,Red,Left,94.406,62.512,0,0.868,-0.002,,0,0,,-1,-1,,,-1,50,50,0,0
P000,Day,38.903,55.611,4,U_Red_L,Main,Expected,Red,Left,94.514,62.621,0,0.868,-0.002,,0,0,,-1,-1,,,-1,50,50,0,0
P000,Day,38.903,55.702,4,U_Red_L,Main,Expected,Red,Left,94.605,62.712,0,0.868,-0.002,,0,0,,-1,-1,,,-1,50,50,0,0
P000,Day,38.903,55.827,4,U_Red_L,Main,Expected,Red,Left,94.73,62.836,0,0.868,-0.002,,0,0,,-1,-1,,,-1,50,50,0,0
P000,Day,38.903,55.903,4,U_Red_L,Main,Expected,Red,Left,94.806,62.912,0,0.868,-0.002,,0,0,,-1,-1,,,-1,50,50,0,0
P000,Day,38.903,56.005,4,U_Red_L,Main,Expected,Red,Left,94.908,63.014,0,0.868,-0.002,,0,0,,-1,-1,,,-1,50,50,0,0
P000,Day,38.903,56.101,4,U_Red_L,Main,Expected,Red,Left,95.004,63.111,0,0.868,-0.002,,0,0,,-1,-1,,,-1,50,50,0,0
P000,Day,38.903,56.209,4,U_Red_L,Main,Expected,Red,Left,95.112,63.219,0,0.868,-0.002,,0,0,,-1,-1,,,-1,50,50,0,0
P000,Day,38.903,56.301,4,U_Red_L,Main,Expected,Red,Left,95.204,63.311,0,0.868,-0.002,,0,0,,-1,-1,,,-1,50,50,0,0
P000,Day,38.903,56.414,4,U_Red_L,Main,Expected,Red,Left,95.317,63.423,0,0.868,-0.002,,0,0,,-1,-1,,,-1,50,50,0,0
P000,Day,38.903,56.51,4,U_Red_L,Main,Expected,Red,Left,95.413,63.52,0,0.868,-0.002,,0,0,,-1,-1,,,-1,50,50,0,0
P000,Day,38.903,56.603,4,U_Red_L,Main,Expected,Red,Left,95.506,63.613,0,0.868,-0.002,,0,0,,-1,-1,,,-1,50,50,0,0
P000,Day,38.903,56.711,4,U_Red_L,Main,Expected,Red,Left,95.614,63.72,0,0.868,-0.002,,0,0,,-1,-1,,,-1,50,50,0,0
P000,Day,38.903,56.806,4,U_Red_L,Main,Expected,Red,Left,95.71,63.816,0,0.868,-0.002,,0,0,,-1,-1,,,-1,50,50,0,0
P000,Day,38.903,56.904,4,U_Red_L,Main,Expected,Red,Left,95.807,63.913,0,0.868,-0.002,,0,0,,-1,-1,,,-1,50,50,0,0
P000,Day,38.903,57.002,4,U_Red_L,Main,Expected,Red,Left,95.905,64.011,0,0.868,-0.002,,0,0,,-1,-1,,,-1,50,50,0,0
P000,Day,38.903,57.101,4,U_Red_L,Main,Expected,Red,Left,96.004,64.111,0,0.868,-0.002,,0,0,,-1,-1,,,-1,50,50,0,0
P000,Day,38.903,57.211,4,U_Red_L,Main,Expected,Red,Left,96.114,64.221,0,0.868,-0.002,,0,0,,-1,-1,,,-1,50,50,0,0
P000,Day,38.903,57.31,4,U_Red_L,Main,Expected,Red,Left,96.213,64.32,0,0.868,-0.002,,0,0,,-1,-1,,,-1,50,50,0,0
P000,Day,38.903,57.404,4,U_Red_L,Main,Expected,Red,Left,96.307,64.413,0,0.868,-0.002,,0,0,,-1,-1,,,-1,50,50,0,0
P000,Day,38.903,57.505,4,U_Red_L,Main,Expected,Red,Left,96.408,64.515,0,0.868,-0.002,,0,0,,-1,-1,,,-1,50,50,0,0
P000,Day,38.903,57.598,4,U_Red_L,Main,Expected,Red,Left,96.501,64.608,0,0.868,-0.002,,0,0,,-1,-1,,,-1,50,50,0,0
P000,Day,38.903,57.701,4,U_Red_L,Main,Expected,Red,Left,96.604,64.71,0,0.868,-0.002,,0,0,,-1,-1,,,-1,50,50,0,0
P000,Day,38.903,57.8,4,U_Red_L,Main,Expected,Red,Left,96.703,64.81,0,0.868,-0.002,,0,0,,-1,-1,,,-1,50,50,0,0
P000,Day,38.903,57.902,4,U_Red_L,Main,Expected,Red,Left,96.806,64.912,0,0.868,-0.002,,0,0,,-1,-1,,,-1,50,50,0,0
P000,Day,38.903,58.01,4,U_Red_L,Main,Expected,Red,Left,96.913,65.02,0,0.868,-0.002,,0,0,,-1,-1,,,-1,50,50,0,0
P000,Day,38.903,58.101,4,U_Red_L,Main,Expected,Red,Left,97.004,65.111,0,0.868,-0.002,,0,0,,-1,-1,,,-1,50,50,0,0
P000,Day,38.903,58.211,4,U_Red_L,Main,Expected,Red,Left,97.114,65.221,0,0.868,-0.002,,0,0,,-1,-1,,,-1,50,50,0,0
P000,Day,38.903,58.306,4,U_Red_L,Main,Expected,Red,Left,97.209,65.315,0,0.868,-0.002,,0,0,,-1,-1,,,-1,50,50,0,0
P000,Day,38.903,58.404,4,U_Red_L,Main,Expected,Red,Left,97.308,65.414,0,0.868,-0.002,,0,0,,-1,-1,,,-1,50,50,0,0
P000,Day,38.903,58.506,4,U_Red_L,Main,Expected,Red,Left,97.409,65.515,0,0.868,-0.002,,0,0,,-1,-1,,,-1,50,50,0,0
P000,Day,38.903,58.604,4,U_Red_L,Main,Expected,Red,Left,97.507,65.613,0,0.868,-0.002,,0,0,,-1,-1,,,-1,50,50,0,0
P000,Day,38.903,58.71,4,U_Red_L,Main,Expected,Red,Left,97.614,65.72,0,0.868,-0.002,,0,0,,-1,-1,,,-1,50,50,0,0
P000,Day,38.903,58.8,4,U_Red_L,Main,Expected,Red,Left,97.703,65.81,0,0.868,-0.002,,0,0,,-1,-1,,,-1,50,50,0,0
P000,Day,38.903,58.899,4,U_Red_L,Main,Expected,Red,Left,97.802,65.909,0,0.868,-0.002,,0,0,,-1,-1,,,-1,50,50,0,0
P000,Day,38.903,59.012,4,U_Red_L,Main,Expected,Red,Left,97.915,66.021,0,0.868,-0.002,,0,0,,-1,-1,,,-1,50,50,0,0
P000,Day,38.903,59.1,4,U_Red_L,Main,Expected,Red,Left,98.003,66.109,0,0.868,-0.002,,0,0,,-1,-1,,,-1,50,50,0,0
P000,Day,38.903,59.204,4,U_Red_L,Main,Expected,Red,Left,98.107,66.214,0,0.868,-0.002,,0,0,,-1,-1,,,-1,50,50,0,0
P000,Day,38.903,59.3,4,U_Red_L,Main,Expected,Red,Left,98.203,66.309,0,0.868,-0.002,,0,0,,-1,-1,,,-1,50,50,0,0
P000,Day,38.903,59.399,4,U_Red_L,Main,Expected,Red,Left,98.303,66.409,0,0.868,-0.002,,0,0,,-1,-1,,,-1,50,50,0,0
P000,Day,38.903,59.504,4,U_Red_L,Main,Expected,Red,Left,98.407,66.514,0,0.868,-0.002,,0,0,,-1,-1,,,-1,50,50,0,0
P000,Day,38.903,59.601,4,U_Red_L,Main,Expected,Red,Left,98.504,66.611,0,0.868,-0.002,,0,0,,-1,-1,,,-1,50,50,0,0
P000,Day,38.903,59.707,4,U_Red_L,Main,Expected,Red,Left,98.61,66.716,0,0.868,-0.002,,0,0,,-1,-1,,,-1,50,50,0,0
P000,Day,38.903,59.759,4,U_Red_L,Main,Expected,Red,Left,98.662,66.768,0,0.868,-0.002,,0,1,TrialEnd,98.662,66.768,,,-1,50,50,0,0
P000,Day,38.903,59.798,4,U_Red_L,Main,Expected,Red,Left,98.701,66.808,0,0.868,-0.002,,0,1,TrialEnd,98.662,66.768,,,-1,50,50,0,0
P000,Day,38.903,59.899,4,U_Red_L,Main,Expected,Red,Left,98.802,66.908,0,0.868,-0.002,,0,1,TrialEnd,98.662,66.768,,,-1,50,50,0,0
P000,Day,38.903,60,4,U_Red_L,Main,Expected,Red,Left,98.903,67.009,0,0.868,-0.002,,0,1,TrialEnd,98.662,66.768,,,-1,50,50,0,0
P000,Day,38.903,60.102,4,U_Red_L,Main,Expected,Red,Left,99.005,67.111,0,0.868,-0.002,,0,1,TrialEnd,98.662,66.768,,,-1,50,50,0,0
P000,Day,38.903,60.198,4,U_Red_L,Main,Expected,Red,Left,99.101,67.207,0,0.868,-0.002,,0,1,TrialEnd,98.662,66.768,,,-1,50,50,0,0
P000,Day,38.903,60.297,4,U_Red_L,Main,Expected,Red,Left,99.2,67.306,0,0.868,-0.002,,0,1,TrialEnd,98.662,66.768,,,-1,50,50,0,0
P000,Day,38.903,60.397,4,U_Red_L,Main,Expected,Red,Left,99.3,67.407,0,0.868,-0.002,,0,1,TrialEnd,98.662,66.768,,,-1,50,50,0,0
P000,Day,38.903,60.5,4,U_Red_L,Main,Expected,Red,Left,99.403,67.509,0,0.868,-0.002,,0,1,TrialEnd,98.662,66.768,,,-1,50,50,0,0
P000,Day,38.903,60.6,4,U_Red_L,Main,Expected,Red,Left,99.503,67.61,0,0.868,-0.002,,0,1,TrialEnd,98.662,66.768,,,-1,50,50,0,0
P000,Day,38.903,60.701,4,U_Red_L,Main,Expected,Red,Left,99.604,67.71,0,0.868,-0.002,,0,1,TrialEnd,98.662,66.768,,,-1,50,50,0,0
P000,Day,38.903,60.803,4,U_Red_L,Main,Expected,Red,Left,99.706,67.813,0,0.868,-0.002,,0,1,TrialEnd,98.662,66.768,,,-1,50,50,0,0
P000,Day,38.903,60.906,4,U_Red_L,Main,Expected,Red,Left,99.809,67.916,0,0.868,-0.002,,0,1,TrialEnd,98.662,66.768,,,-1,50,50,0,0
P000,Day,38.903,61.009,4,U_Red_L,Main,Expected,Red,Left,99.912,68.018,0,0.868,-0.002,,0,1,TrialEnd,98.662,66.768,,,-1,50,50,0,0
P000,Day,38.903,61.098,4,U_Red_L,Main,Expected,Red,Left,100.001,68.108,0,0.868,-0.002,,0,1,TrialEnd,98.662,66.768,,,-1,50,50,0,0
P000,Day,38.903,61.204,4,U_Red_L,Main,Expected,Red,Left,100.107,68.213,0,0.868,-0.002,,0,1,TrialEnd,98.662,66.768,,,-1,50,50,0,0
P000,Day,38.903,61.304,4,U_Red_L,Main,Expected,Red,Left,100.207,68.314,0,0.868,-0.002,,0,1,TrialEnd,98.662,66.768,,,-1,50,50,0,0
P000,Day,38.903,61.406,4,U_Red_L,Main,Expected,Red,Left,100.309,68.415,0,0.868,-0.002,,0,1,TrialEnd,98.662,66.768,,,-1,50,50,0,0
P000,Day,38.903,61.498,4,U_Red_L,Main,Expected,Red,Left,100.401,68.508,0,0.868,-0.002,,0,1,TrialEnd,98.662,66.768,,,-1,50,50,0,0
P000,Day,38.903,61.606,4,U_Red_L,Main,Expected,Red,Left,100.509,68.616,0,0.868,-0.002,,0,1,TrialEnd,98.662,66.768,,,-1,50,50,0,0
P000,Day,38.903,61.708,4,U_Red_L,Main,Expected,Red,Left,100.612,68.718,0,0.868,-0.002,,0,1,TrialEnd,98.662,66.768,,,-1,50,50,0,0
P000,Day,38.903,61.808,4,U_Red_L,Main,Expected,Red,Left,100.711,68.817,0,0.868,-0.002,,0,1,TrialEnd,98.662,66.768,,,-1,50,50,0,0
P000,Day,38.903,61.898,4,U_Red_L,Main,Expected,Red,Left,100.802,68.908,0,0.868,-0.002,,0,1,TrialEnd,98.662,66.768,,,-1,50,50,0,0
P000,Day,38.903,62.005,4,U_Red_L,Main,Expected,Red,Left,100.908,69.014,0,0.868,-0.002,,0,1,TrialEnd,98.662,66.768,,,-1,50,50,0,0
P000,Day,38.903,62.103,4,U_Red_L,Main,Expected,Red,Left,101.006,69.113,0,0.868,-0.002,,0,1,TrialEnd,98.662,66.768,,,-1,50,50,0,0
P000,Day,38.903,62.202,4,U_Red_L,Main,Expected,Red,Left,101.105,69.211,0,0.868,-0.002,,0,1,TrialEnd,98.662,66.768,,,-1,50,50,0,0
P000,Day,38.903,62.304,4,U_Red_L,Main,Expected,Red,Left,101.207,69.314,0,0.868,-0.002,,0,1,TrialEnd,98.662,66.768,,,-1,50,50,0,0
P000,Day,38.903,62.406,4,U_Red_L,Main,Expected,Red,Left,101.309,69.415,0,0.868,-0.002,,0,1,TrialEnd,98.662,66.768,,,-1,50,50,0,0
P000,Day,38.903,62.503,4,U_Red_L,Main,Expected,Red,Left,101.406,69.513,0,0.868,-0.002,,0,1,TrialEnd,98.662,66.768,,,-1,50,50,0,0
P000,Day,38.903,62.604,4,U_Red_L,Main,Expected,Red,Left,101.507,69.613,0,0.868,-0.002,,0,1,TrialEnd,98.662,66.768,,,-1,50,50,0,0
P000,Day,38.903,62.706,4,U_Red_L,Main,Expected,Red,Left,101.61,69.716,0,0.868,-0.002,,0,1,TrialEnd,98.662,66.768,,,-1,50,50,0,0
P000,Day,38.903,62.804,4,U_Red_L,Main,Expected,Red,Left,101.707,69.813,0,0.868,-0.002,,0,1,TrialEnd,98.662,66.768,,,-1,50,50,0,0
P000,Day,38.903,62.898,4,U_Red_L,Main,Expected,Red,Left,101.802,69.908,0,0.868,-0.002,,0,1,TrialEnd,98.662,66.768,,,-1,50,50,0,0
P000,Day,38.903,63.008,4,U_Red_L,Main,Expected,Red,Left,101.911,70.018,0,0.868,-0.002,,0,1,TrialEnd,98.662,66.768,,,-1,50,50,0,0
P000,Day,38.903,63.101,4,U_Red_L,Main,Expected,Red,Left,102.004,70.11,0,0.868,-0.002,,0,1,TrialEnd,98.662,66.768,,,-1,50,50,0,0
P000,Day,38.903,63.209,4,U_Red_L,Main,Expected,Red,Left,102.112,70.219,0,0.868,-0.002,,0,1,TrialEnd,98.662,66.768,,,-1,50,50,0,0
P000,Day,38.903,63.309,4,U_Red_L,Main,Expected,Red,Left,102.212,70.318,0,0.868,-0.002,,0,1,TrialEnd,98.662,66.768,,,-1,50,50,0,0
P000,Day,38.903,63.407,4,U_Red_L,Main,Expected,Red,Left,102.31,70.416,0,0.868,-0.002,,0,1,TrialEnd,98.662,66.768,,,-1,50,50,0,0
P000,Day,38.903,63.507,4,U_Red_L,Main,Expected,Red,Left,102.41,70.516,0,0.868,-0.002,,0,1,TrialEnd,98.662,66.768,,,-1,50,50,0,0
P000,Day,38.903,63.597,4,U_Red_L,Main,Expected,Red,Left,102.5,70.607,0,0.868,-0.002,,0,1,TrialEnd,98.662,66.768,,,-1,50,50,0,0
P000,Day,38.903,63.701,4,U_Red_L,Main,Expected,Red,Left,102.604,70.71,0,0.868,-0.002,,0,1,TrialEnd,98.662,66.768,,,-1,50,50,0,0
P000,Day,38.903,63.804,4,U_Red_L,Main,Expected,Red,Left,102.707,70.814,0,0.868,-0.002,,0,1,TrialEnd,98.662,66.768,,,-1,50,50,0,0
P000,Day,38.903,63.902,4,U_Red_L,Main,Expected,Red,Left,102.805,70.911,0,0.868,-0.002,,0,1,TrialEnd,98.662,66.768,,,-1,50,50,0,0
P000,Day,38.903,64.009,4,U_Red_L,Main,Expected,Red,Left,102.912,71.018,0,0.868,-0.002,,0,1,TrialEnd,98.662,66.768,,,-1,50,50,0,0
P000,Day,38.903,64.105,4,U_Red_L,Main,Expected,Red,Left,103.008,71.115,0,0.868,-0.002,,0,1,TrialEnd,98.662,66.768,,,-1,50,50,0,0
P000,Day,38.903,64.234,4,U_Red_L,Main,Expected,Red,Left,103.137,71.244,0,0.868,-0.002,,0,1,TrialEnd,98.662,66.768,,,-1,50,50,0,0
P000,Day,38.903,64.304,4,U_Red_L,Main,Expected,Red,Left,103.207,71.314,0,0.868,-0.002,,0,1,TrialEnd,98.662,66.768,,,-1,50,50,0,0
P000,Day,38.903,64.4,4,U_Red_L,Main,Expected,Red,Left,103.303,71.409,0,0.868,-0.002,,0,1,TrialEnd,98.662,66.768,,,-1,50,50,0,0
P000,Day,38.903,64.508,4,U_Red_L,Main,Expected,Red,Left,103.411,71.517,0,0.868,-0.002,,0,1,TrialEnd,98.662,66.768,,,-1,50,50,0,0
P000,Day,38.903,64.606,4,U_Red_L,Main,Expected,Red,Left,103.51,71.616,0,0.868,-0.002,,0,1,TrialEnd,98.662,66.768,,,-1,50,50,0,0
P000,Day,38.903,64.701,4,U_Red_L,Main,Expected,Red,Left,103.604,71.71,0,0.868,-0.002,,0,1,TrialEnd,98.662,66.768,,,-1,50,50,0,0
P000,Day,38.903,64.806,4,U_Red_L,Main,Expected,Red,Left,103.709,71.816,0,0.868,-0.002,,0,1,TrialEnd,98.662,66.768,,,-1,50,50,0,0
P000,Day,38.903,64.897,4,U_Red_L,Main,Expected,Red,Left,103.8,71.907,0,0.868,-0.002,,0,1,TrialEnd,98.662,66.768,,,-1,50,50,0,0
P000,Day,38.903,65.004,4,U_Red_L,Main,Expected,Red,Left,103.907,72.014,0,0.868,-0.002,,0,1,TrialEnd,98.662,66.768,,,-1,50,50,0,0
P000,Day,38.903,65.108,4,U_Red_L,Main,Expected,Red,Left,104.011,72.118,0,0.868,-0.002,,0,1,TrialEnd,98.662,66.768,,,-1,50,50,0,0
P000,Day,38.903,65.204,4,U_Red_L,Main,Expected,Red,Left,104.107,72.213,0,0.868,-0.002,,0,1,TrialEnd,98.662,66.768,,,-1,50,50,0,0
P000,Day,38.903,65.299,4,U_Red_L,Main,Expected,Red,Left,104.203,72.309,0,0.868,-0.002,,0,1,TrialEnd,98.662,66.768,,,-1,50,50,0,0
P000,Day,38.903,65.406,4,U_Red_L,Main,Expected,Red,Left,104.309,72.415,0,0.868,-0.002,,0,1,TrialEnd,98.662,66.768,,,-1,50,50,0,0
P000,Day,38.903,65.501,4,U_Red_L,Main,Expected,Red,Left,104.404,72.51,0,0.868,-0.002,,0,1,TrialEnd,98.662,66.768,,,-1,50,50,0,0
P000,Day,38.903,65.605,4,U_Red_L,Main,Expected,Red,Left,104.508,72.614,0,0.868,-0.002,,0,1,TrialEnd,98.662,66.768,,,-1,50,50,0,0
P000,Day,38.903,65.709,4,U_Red_L,Main,Expected,Red,Left,104.612,72.718,0,0.868,-0.002,,0,1,TrialEnd,98.662,66.768,,,-1,50,50,0,0
P000,Day,38.903,65.797,4,U_Red_L,Main,Expected,Red,Left,104.7,72.807,0,0.868,-0.002,,0,1,TrialEnd,98.662,66.768,,,-1,50,50,0,0
P000,Day,38.903,65.908,4,U_Red_L,Main,Expected,Red,Left,104.811,72.918,0,0.868,-0.002,,0,1,TrialEnd,98.662,66.768,,,-1,50,50,0,0
P000,Day,38.903,65.997,4,U_Red_L,Main,Expected,Red,Left,104.901,73.007,0,0.868,-0.002,,0,1,TrialEnd,98.662,66.768,,,-1,50,50,0,0
P000,Day,38.903,66.103,4,U_Red_L,Main,Expected,Red,Left,105.006,73.112,0,0.868,-0.002,,0,1,TrialEnd,98.662,66.768,,,-1,50,50,0,0
P000,Day,38.903,66.208,4,U_Red_L,Main,Expected,Red,Left,105.111,73.218,0,0.868,-0.002,,0,1,TrialEnd,98.662,66.768,,,-1,50,50,0,0
P000,Day,38.903,66.298,4,U_Red_L,Main,Expected,Red,Left,105.201,73.307,0,0.868,-0.002,,0,1,TrialEnd,98.662,66.768,,,-1,50,50,0,0
P000,Day,38.903,66.402,4,U_Red_L,Main,Expected,Red,Left,105.305,73.412,0,0.868,-0.002,,0,1,TrialEnd,98.662,66.768,,,-1,50,50,0,0
P000,Day,38.903,66.503,4,U_Red_L,Main,Expected,Red,Left,105.406,73.512,0,0.868,-0.002,,0,1,TrialEnd,98.662,66.768,,,-1,50,50,0,0
P000,Day,38.903,66.604,4,U_Red_L,Main,Expected,Red,Left,105.507,73.613,0,0.868,-0.002,,0,1,TrialEnd,98.662,66.768,,,-1,50,50,0,0
P000,Day,38.903,66.705,4,U_Red_L,Main,Expected,Red,Left,105.608,73.714,0,0.868,-0.002,,0,1,TrialEnd,98.662,66.768,,,-1,50,50,0,0
P000,Day,38.903,66.797,4,U_Red_L,Main,Expected,Red,Left,105.7,73.807,0,0.868,-0.002,,0,1,TrialEnd,98.662,66.768,,,-1,50,50,0,0
P000,Day,38.903,66.899,4,U_Red_L,Main,Expected,Red,Left,105.802,73.909,0,0.868,-0.002,,0,1,TrialEnd,98.662,66.768,,,-1,50,50,0,0
P000,Day,38.903,67.001,4,U_Red_L,Main,Expected,Red,Left,105.904,74.01,0,0.868,-0.002,,0,1,TrialEnd,98.662,66.768,,,-1,50,50,0,0
P000,Day,38.903,67.099,4,U_Red_L,Main,Expected,Red,Left,106.002,74.109,0,0.868,-0.002,,0,1,TrialEnd,98.662,66.768,,,-1,50,50,0,0
P000,Day,38.903,67.209,4,U_Red_L,Main,Expected,Red,Left,106.112,74.219,0,0.868,-0.002,,0,1,TrialEnd,98.662,66.768,,,-1,50,50,0,0
P000,Day,38.903,67.302,4,U_Red_L,Main,Expected,Red,Left,106.205,74.311,0,0.868,-0.002,,0,1,TrialEnd,98.662,66.768,,,-1,50,50,0,0
P000,Day,38.903,67.404,4,U_Red_L,Main,Expected,Red,Left,106.307,74.414,0,0.868,-0.002,,0,1,TrialEnd,98.662,66.768,,,-1,50,50,0,0
P000,Day,38.903,67.503,4,U_Red_L,Main,Expected,Red,Left,106.406,74.512,0,0.868,-0.002,,0,1,TrialEnd,98.662,66.768,,,-1,50,50,0,0
P000,Day,38.903,67.601,4,U_Red_L,Main,Expected,Red,Left,106.504,74.61,0,0.868,-0.002,,0,1,TrialEnd,98.662,66.768,,,-1,50,50,0,0
P000,Day,38.903,67.7,4,U_Red_L,Main,Expected,Red,Left,106.604,74.71,0,0.868,-0.002,,0,1,TrialEnd,98.662,66.768,,,-1,50,50,0,0
P000,Day,38.903,67.8,4,U_Red_L,Main,Expected,Red,Left,106.703,74.81,0,0.868,-0.002,,0,1,TrialEnd,98.662,66.768,,,-1,50,50,0,0
P000,Day,38.903,67.902,4,U_Red_L,Main,Expected,Red,Left,106.805,74.911,0,0.868,-0.002,,0,1,TrialEnd,98.662,66.768,,,-1,50,50,0,0
P000,Day,38.903,68.002,4,U_Red_L,Main,Expected,Red,Left,106.905,75.012,0,0.868,-0.002,,0,1,TrialEnd,98.662,66.768,,,-1,50,50,0,0
P000,Day,38.903,68.101,4,U_Red_L,Main,Expected,Red,Left,107.004,75.111,0,0.868,-0.002,,0,1,TrialEnd,98.662,66.768,,,-1,50,50,0,0
P000,Day,38.903,68.202,4,U_Red_L,Main,Expected,Red,Left,107.106,75.212,0,0.868,-0.002,,0,1,TrialEnd,98.662,66.768,,,-1,50,50,0,0
P000,Day,38.903,68.304,4,U_Red_L,Main,Expected,Red,Left,107.207,75.313,0,0.868,-0.002,,0,1,TrialEnd,98.662,66.768,,,-1,50,50,0,0
P000,Day,38.903,68.399,4,U_Red_L,Main,Expected,Red,Left,107.302,75.409,0,0.868,-0.002,,0,1,TrialEnd,98.662,66.768,,,-1,50,50,0,0
P000,Day,38.903,68.496,4,U_Red_L,Main,Expected,Red,Left,107.4,75.506,0,0.868,-0.002,,0,1,TrialEnd,98.662,66.768,,,-1,50,50,0,0
P000,Day,38.903,68.597,4,U_Red_L,Main,Expected,Red,Left,107.5,75.607,0,0.868,-0.002,,0,1,TrialEnd,98.662,66.768,,,-1,50,50,0,0
P000,Day,38.903,68.704,4,U_Red_L,Main,Expected,Red,Left,107.607,75.714,0,0.868,-0.002,,0,1,TrialEnd,98.662,66.768,,,-1,50,50,0,0
P000,Day,38.903,68.806,4,U_Red_L,Main,Expected,Red,Left,107.709,75.816,0,0.868,-0.002,,0,1,TrialEnd,98.662,66.768,,,-1,50,50,0,0
P000,Day,38.903,68.898,4,U_Red_L,Main,Expected,Red,Left,107.801,75.908,0,0.868,-0.002,,0,1,TrialEnd,98.662,66.768,,,-1,50,50,0,0
P000,Day,38.903,69.001,4,U_Red_L,Main,Expected,Red,Left,107.905,76.011,0,0.868,-0.002,,0,1,TrialEnd,98.662,66.768,,,-1,50,50,0,0
P000,Day,38.903,69.102,4,U_Red_L,Main,Expected,Red,Left,108.005,76.112,0,0.868,-0.002,,0,1,TrialEnd,98.662,66.768,,,-1,50,50,0,0
P000,Day,38.903,69.204,4,U_Red_L,Main,Expected,Red,Left,108.107,76.213,0,0.868,-0.002,,0,1,TrialEnd,98.662,66.768,,,-1,50,50,0,0
P000,Day,38.903,69.3,4,U_Red_L,Main,Expected,Red,Left,108.203,76.31,0,0.868,-0.002,,0,1,TrialEnd,98.662,66.768,,,-1,50,50,0,0
P000,Day,38.903,69.399,4,U_Red_L,Main,Expected,Red,Left,108.302,76.408,0,0.868,-0.002,,0,1,TrialEnd,98.662,66.768,,,-1,50,50,0,0
P000,Day,38.903,69.505,4,U_Red_L,Main,Expected,Red,Left,108.408,76.514,0,0.868,-0.002,,0,1,TrialEnd,98.662,66.768,,,-1,50,50,0,0
P000,Day,38.903,69.602,4,U_Red_L,Main,Expected,Red,Left,108.505,76.611,0,0.868,-0.002,,0,1,TrialEnd,98.662,66.768,,,-1,50,50,0,0
P000,Day,38.903,69.7,4,U_Red_L,Main,Expected,Red,Left,108.603,76.71,0,0.868,-0.002,,0,1,TrialEnd,98.662,66.768,,,-1,50,50,0,0
P000,Day,38.903,69.798,4,U_Red_L,Main,Expected,Red,Left,108.701,76.808,0,0.868,-0.002,,0,1,TrialEnd,98.662,66.768,,,-1,50,50,0,0
P000,Day,38.903,69.906,4,U_Red_L,Main,Expected,Red,Left,108.809,76.916,0,0.868,-0.002,,0,1,TrialEnd,98.662,66.768,,,-1,50,50,0,0
P000,Day,38.903,70.005,4,U_Red_L,Main,Expected,Red,Left,108.908,77.015,0,0.868,-0.002,,0,1,TrialEnd,98.662,66.768,,,-1,50,50,0,0
P000,Day,38.903,70.104,4,U_Red_L,Main,Expected,Red,Left,109.007,77.114,0,0.868,-0.002,,0,1,TrialEnd,98.662,66.768,,,-1,50,50,0,0
P000,Day,38.903,70.197,4,U_Red_L,Main,Expected,Red,Left,109.1,77.206,0,0.868,-0.002,,0,1,TrialEnd,98.662,66.768,,,-1,50,50,0,0
P000,Day,38.903,70.306,4,U_Red_L,Main,Expected,Red,Left,109.209,77.316,0,0.868,-0.002,,0,1,TrialEnd,98.662,66.768,,,-1,50,50,0,0
P000,Day,38.903,70.403,4,U_Red_L,Main,Expected,Red,Left,109.306,77.413,0,0.868,-0.002,,0,1,TrialEnd,98.662,66.768,,,-1,50,50,0,0
P000,Day,38.903,70.502,4,U_Red_L,Main,Expected,Red,Left,109.405,77.511,0,0.868,-0.002,,0,1,TrialEnd,98.662,66.768,,,-1,50,50,0,0
P000,Day,38.903,70.597,4,U_Red_L,Main,Expected,Red,Left,109.5,77.606,0,0.868,-0.002,,0,1,TrialEnd,98.662,66.768,,,-1,50,50,0,0
P000,Day,38.903,70.704,4,U_Red_L,Main,Expected,Red,Left,109.607,77.713,0,0.868,-0.002,,0,1,TrialEnd,98.662,66.768,,,-1,50,50,0,0
P000,Day,38.903,70.801,4,U_Red_L,Main,Expected,Red,Left,109.704,77.811,0,0.868,-0.002,,0,1,TrialEnd,98.662,66.768,,,-1,50,50,0,0
P000,Day,38.903,70.898,4,U_Red_L,Main,Expected,Red,Left,109.801,77.907,0,0.868,-0.002,,0,1,TrialEnd,98.662,66.768,,,-1,50,50,0,0
P000,Day,38.903,71.006,4,U_Red_L,Main,Expected,Red,Left,109.909,78.016,0,0.868,-0.002,,0,1,TrialEnd,98.662,66.768,,,-1,50,50,0,0
P000,Day,38.903,71.1,4,U_Red_L,Main,Expected,Red,Left,110.003,78.109,0,0.868,-0.002,,0,1,TrialEnd,98.662,66.768,,,-1,50,50,0,0
P000,Day,38.903,71.206,4,U_Red_L,Main,Expected,Red,Left,110.109,78.215,0,0.868,-0.002,,0,1,TrialEnd,98.662,66.768,,,-1,50,50,0,0
P000,Day,38.903,71.3,4,U_Red_L,Main,Expected,Red,Left,110.203,78.309,0,0.868,-0.002,,0,1,TrialEnd,98.662,66.768,,,-1,50,50,0,0
P000,Day,38.903,71.405,4,U_Red_L,Main,Expected,Red,Left,110.308,78.414,0,0.868,-0.002,,0,1,TrialEnd,98.662,66.768,,,-1,50,50,0,0
P000,Day,38.903,71.518,4,U_Red_L,Main,Expected,Red,Left,110.421,78.527,0,0.868,-0.002,,0,1,TrialEnd,98.662,66.768,,,-1,50,50,0,0
P000,Day,38.903,71.598,4,U_Red_L,Main,Expected,Red,Left,110.501,78.607,0,0.868,-0.002,,0,1,TrialEnd,98.662,66.768,,,-1,50,50,0,0
P000,Day,38.903,71.705,4,U_Red_L,Main,Expected,Red,Left,110.608,78.714,0,0.868,-0.002,,0,1,TrialEnd,98.662,66.768,,,-1,50,50,0,0
P000,Day,38.903,71.801,4,U_Red_L,Main,Expected,Red,Left,110.704,78.81,0,0.868,-0.002,,0,1,TrialEnd,98.662,66.768,,,-1,50,50,0,0
P000,Day,38.903,71.902,4,U_Red_L,Main,Expected,Red,Left,110.805,78.911,0,0.868,-0.002,,0,1,TrialEnd,98.662,66.768,,,-1,50,50,0,0
P000,Day,38.903,72,4,U_Red_L,Main,Expected,Red,Left,110.903,79.009,0,0.868,-0.002,,0,1,TrialEnd,98.662,66.768,,,-1,50,50,0,0
P000,Day,38.903,72.107,4,U_Red_L,Main,Expected,Red,Left,111.011,79.117,0,0.868,-0.002,,0,1,TrialEnd,98.662,66.768,,,-1,50,50,0,0
P000,Day,38.903,72.208,4,U_Red_L,Main,Expected,Red,Left,111.111,79.218,0,0.868,-0.002,,0,1,TrialEnd,98.662,66.768,,,-1,50,50,0,0
P000,Day,38.903,72.302,4,U_Red_L,Main,Expected,Red,Left,111.205,79.311,0,0.868,-0.002,,0,1,TrialEnd,98.662,66.768,,,-1,50,50,0,0
P000,Day,38.903,72.414,4,U_Red_L,Main,Expected,Red,Left,111.317,79.424,0,0.868,-0.002,,0,1,TrialEnd,98.662,66.768,,,-1,50,50,0,0
P000,Day,38.903,72.51,4,U_Red_L,Main,Expected,Red,Left,111.413,79.52,0,0.868,-0.002,,0,1,TrialEnd,98.662,66.768,,,-1,50,50,0,0
P000,Day,38.903,72.599,4,U_Red_L,Main,Expected,Red,Left,111.502,79.608,0,0.868,-0.002,,0,1,TrialEnd,98.662,66.768,,,-1,50,50,0,0
P000,Day,38.903,72.707,4,U_Red_L,Main,Expected,Red,Left,111.61,79.717,0,0.868,-0.002,,0,1,TrialEnd,98.662,66.768,,,-1,50,50,0,0
P000,Day,38.903,72.801,4,U_Red_L,Main,Expected,Red,Left,111.704,79.81,0,0.868,-0.002,,0,1,TrialEnd,98.662,66.768,,,-1,50,50,0,0
P000,Day,38.903,72.906,4,U_Red_L,Main,Expected,Red,Left,111.809,79.916,0,0.868,-0.002,,0,1,TrialEnd,98.662,66.768,,,-1,50,50,0,0
P000,Day,38.903,73.02,4,U_Red_L,Main,Expected,Red,Left,111.923,80.029,0,0.868,-0.002,,0,1,TrialEnd,98.662,66.768,,,-1,50,50,0,0
P000,Day,38.903,73.1,4,U_Red_L,Main,Expected,Red,Left,112.003,80.109,0,0.868,-0.002,,0,1,TrialEnd,98.662,66.768,,,-1,50,50,0,0
P000,Day,38.903,73.218,4,U_Red_L,Main,Expected,Red,Left,112.121,80.227,0,0.868,-0.002,,0,1,TrialEnd,98.662,66.768,,,-1,50,50,0,0
P000,Day,38.903,73.297,4,U_Red_L,Main,Expected,Red,Left,112.201,80.307,0,0.868,-0.002,,0,1,TrialEnd,98.662,66.768,,,-1,50,50,0,0
P000,Day,38.903,73.405,4,U_Red_L,Main,Expected,Red,Left,112.308,80.415,0,0.868,-0.002,,0,1,TrialEnd,98.662,66.768,,,-1,50,50,0,0
P000,Day,38.903,73.496,4,U_Red_L,Main,Expected,Red,Left,112.399,80.506,0,0.868,-0.002,,0,1,TrialEnd,98.662,66.768,,,-1,50,50,0,0
P000,Day,38.903,73.604,4,U_Red_L,Main,Expected,Red,Left,112.507,80.613,0,0.868,-0.002,,0,1,TrialEnd,98.662,66.768,,,-1,50,50,0,0
P000,Day,38.903,73.698,4,U_Red_L,Main,Expected,Red,Left,112.601,80.707,0,0.868,-0.002,,0,1,TrialEnd,98.662,66.768,,,-1,50,50,0,0
P000,Day,38.903,73.807,4,U_Red_L,Main,Expected,Red,Left,112.71,80.816,0,0.868,-0.002,,0,1,TrialEnd,98.662,66.768,,,-1,50,50,0,0
P000,Day,38.903,73.905,4,U_Red_L,Main,Expected,Red,Left,112.809,80.915,0,0.868,-0.002,,0,1,TrialEnd,98.662,66.768,,,-1,50,50,0,0
P000,Day,38.903,74.006,4,U_Red_L,Main,Expected,Red,Left,112.909,81.015,0,0.868,-0.002,,0,1,TrialEnd,98.662,66.768,,,-1,50,50,0,0
P000,Day,38.903,74.103,4,U_Red_L,Main,Expected,Red,Left,113.006,81.113,0,0.868,-0.002,,0,1,TrialEnd,98.662,66.768,,,-1,50,50,0,0
P000,Day,38.903,74.202,4,U_Red_L,Main,Expected,Red,Left,113.105,81.211,0,0.868,-0.002,,0,1,TrialEnd,98.662,66.768,,,-1,50,50,0,0
P000,Day,38.903,74.304,4,U_Red_L,Main,Expected,Red,Left,113.207,81.314,0,0.868,-0.002,,0,1,TrialEnd,98.662,66.768,,,-1,50,50,0,0
P000,Day,38.903,74.398,4,U_Red_L,Main,Expected,Red,Left,113.301,81.408,0,0.868,-0.002,,0,1,TrialEnd,98.662,66.768,,,-1,50,50,0,0
P000,Day,38.903,74.505,4,U_Red_L,Main,Expected,Red,Left,113.408,81.514,0,0.868,-0.002,,0,1,TrialEnd,98.662,66.768,,,-1,50,50,0,0
P000,Day,38.903,74.604,4,U_Red_L,Main,Expected,Red,Left,113.507,81.613,0,0.868,-0.002,,0,1,TrialEnd,98.662,66.768,,,-1,50,50,0,0
P000,Day,38.903,74.706,4,U_Red_L,Main,Expected,Red,Left,113.609,81.716,0,0.868,-0.002,,0,1,TrialEnd,98.662,66.768,,,-1,50,50,0,0
P000,Day,38.903,74.8,4,U_Red_L,Main,Expected,Red,Left,113.703,81.809,0,0.868,-0.002,,0,1,TrialEnd,98.662,66.768,,,-1,50,50,0,0
P000,Day,38.903,74.9,4,U_Red_L,Main,Expected,Red,Left,113.803,81.91,0,0.868,-0.002,,0,1,TrialEnd,98.662,66.768,,,-1,50,50,0,0
P000,Day,38.903,75.001,4,U_Red_L,Main,Expected,Red,Left,113.904,82.01,0,0.868,-0.002,,0,1,TrialEnd,98.662,66.768,,,-1,50,50,0,0
P000,Day,38.903,75.105,4,U_Red_L,Main,Expected,Red,Left,114.008,82.115,0,0.868,-0.002,,0,1,TrialEnd,98.662,66.768,,,-1,50,50,0,0
P000,Day,38.903,75.202,4,U_Red_L,Main,Expected,Red,Left,114.105,82.211,0,0.868,-0.002,,0,1,TrialEnd,98.662,66.768,,,-1,50,50,0,0
P000,Day,38.903,75.301,4,U_Red_L,Main,Expected,Red,Left,114.204,82.311,0,0.868,-0.002,,0,1,TrialEnd,98.662,66.768,,,-1,50,50,0,0
P000,Day,38.903,75.397,4,U_Red_L,Main,Expected,Red,Left,114.3,82.407,0,0.868,-0.002,,0,1,TrialEnd,98.662,66.768,,,-1,50,50,0,0
P000,Day,38.903,75.503,4,U_Red_L,Main,Expected,Red,Left,114.406,82.513,0,0.868,-0.002,,0,1,TrialEnd,98.662,66.768,,,-1,50,50,0,0
P000,Day,38.903,75.602,4,U_Red_L,Main,Expected,Red,Left,114.505,82.611,0,0.868,-0.002,,0,1,TrialEnd,98.662,66.768,,,-1,50,50,0,0
P000,Day,38.903,75.707,4,U_Red_L,Main,Expected,Red,Left,114.61,82.716,0,0.868,-0.002,,0,1,TrialEnd,98.662,66.768,,,-1,50,50,0,0
P000,Day,38.903,75.815,4,U_Red_L,Main,Expected,Red,Left,114.718,82.825,0,0.868,-0.002,,0,1,TrialEnd,98.662,66.768,,,-1,50,50,0,0
P000,Day,38.903,75.902,4,U_Red_L,Main,Expected,Red,Left,114.805,82.912,0,0.868,-0.002,,0,1,TrialEnd,98.662,66.768,,,-1,50,50,0,0
P000,Day,38.903,76.003,4,U_Red_L,Main,Expected,Red,Left,114.906,83.012,0,0.868,-0.002,,0,1,TrialEnd,98.662,66.768,,,-1,50,50,0,0
P000,Day,38.903,76.099,4,U_Red_L,Main,Expected,Red,Left,115.002,83.108,0,0.868,-0.002,,0,1,TrialEnd,98.662,66.768,,,-1,50,50,0,0
P000,Day,38.903,76.205,4,U_Red_L,Main,Expected,Red,Left,115.108,83.215,0,0.868,-0.002,,0,1,TrialEnd,98.662,66.768,,,-1,50,50,0,0
P000,Day,38.903,76.303,4,U_Red_L,Main,Expected,Red,Left,115.206,83.313,0,0.868,-0.002,,0,1,TrialEnd,98.662,66.768,,,-1,50,50,0,0
P000,Day,38.903,76.402,4,U_Red_L,Main,Expected,Red,Left,115.305,83.412,0,0.868,-0.002,,0,1,TrialEnd,98.662,66.768,,,-1,50,50,0,0
P000,Day,38.903,76.503,4,U_Red_L,Main,Expected,Red,Left,115.406,83.513,0,0.868,-0.002,,0,1,TrialEnd,98.662,66.768,,,-1,50,50,0,0
P000,Day,38.903,76.607,4,U_Red_L,Main,Expected,Red,Left,115.51,83.617,0,0.868,-0.002,,0,1,TrialEnd,98.662,66.768,,,-1,50,50,0,0
P000,Day,38.903,76.699,4,U_Red_L,Main,Expected,Red,Left,115.602,83.709,0,0.868,-0.002,,0,1,TrialEnd,98.662,66.768,,,-1,50,50,0,0
P000,Day,38.903,76.805,4,U_Red_L,Main,Expected,Red,Left,115.708,83.814,0,0.868,-0.002,,0,1,TrialEnd,98.662,66.768,,,-1,50,50,0,0
P000,Day,38.903,76.902,4,U_Red_L,Main,Expected,Red,Left,115.805,83.911,0,0.868,-0.002,,0,1,TrialEnd,98.662,66.768,,,-1,50,50,0,0
P000,Day,38.903,77,4,U_Red_L,Main,Expected,Red,Left,115.903,84.009,0,0.868,-0.002,,0,1,TrialEnd,98.662,66.768,,,-1,50,50,0,0
P000,Day,38.903,77.106,4,U_Red_L,Main,Expected,Red,Left,116.009,84.115,0,0.868,-0.002,,0,1,TrialEnd,98.662,66.768,,,-1,50,50,0,0
P000,Day,38.903,77.199,4,U_Red_L,Main,Expected,Red,Left,116.103,84.209,0,0.868,-0.002,,0,1,TrialEnd,98.662,66.768,,,-1,50,50,0,0
P000,Day,38.903,77.298,4,U_Red_L,Main,Expected,Red,Left,116.201,84.307,0,0.868,-0.002,,0,1,TrialEnd,98.662,66.768,,,-1,50,50,0,0
P000,Day,38.903,77.397,4,U_Red_L,Main,Expected,Red,Left,116.3,84.406,0,0.868,-0.002,,0,1,TrialEnd,98.662,66.768,,,-1,50,50,0,0
P000,Day,38.903,77.496,4,U_Red_L,Main,Expected,Red,Left,116.399,84.506,0,0.868,-0.002,,0,1,TrialEnd,98.662,66.768,,,-1,50,50,0,0
P000,Day,38.903,77.597,4,U_Red_L,Main,Expected,Red,Left,116.5,84.607,0,0.868,-0.002,,0,1,TrialEnd,98.662,66.768,,,-1,50,50,0,0
P000,Day,38.903,77.705,4,U_Red_L,Main,Expected,Red,Left,116.608,84.715,0,0.868,-0.002,,0,1,TrialEnd,98.662,66.768,,,-1,50,50,0,0
P000,Day,38.903,77.802,4,U_Red_L,Main,Expected,Red,Left,116.705,84.811,0,0.868,-0.002,,0,1,TrialEnd,98.662,66.768,,,-1,50,50,0,0
P000,Day,38.903,77.902,4,U_Red_L,Main,Expected,Red,Left,116.805,84.911,0,0.868,-0.002,,0,1,TrialEnd,98.662,66.768,,,-1,50,50,0,0
P000,Day,38.903,78,4,U_Red_L,Main,Expected,Red,Left,116.903,85.01,0,0.868,-0.002,,0,1,TrialEnd,98.662,66.768,,,-1,50,50,0,0
P000,Day,38.903,78.099,4,U_Red_L,Main,Expected,Red,Left,117.002,85.108,0,0.868,-0.002,,0,1,TrialEnd,98.662,66.768,,,-1,50,50,0,0
P000,Day,38.903,78.204,4,U_Red_L,Main,Expected,Red,Left,117.107,85.214,0,0.868,-0.002,,0,1,TrialEnd,98.662,66.768,,,-1,50,50,0,0
P000,Day,38.903,78.301,4,U_Red_L,Main,Expected,Red,Left,117.204,85.311,0,0.868,-0.002,,0,1,TrialEnd,98.662,66.768,,,-1,50,50,0,0
P000,Day,38.903,78.401,4,U_Red_L,Main,Expected,Red,Left,117.304,85.41,0,0.868,-0.002,,0,1,TrialEnd,98.662,66.768,,,-1,50,50,0,0
P000,Day,38.903,78.498,4,U_Red_L,Main,Expected,Red,Left,117.401,85.507,0,0.868,-0.002,,0,1,TrialEnd,98.662,66.768,,,-1,50,50,0,0
P000,Day,38.903,78.606,4,U_Red_L,Main,Expected,Red,Left,117.509,85.616,0,0.868,-0.002,,0,1,TrialEnd,98.662,66.768,,,-1,50,50,0,0
P000,Day,38.903,78.7,4,U_Red_L,Main,Expected,Red,Left,117.603,85.71,0,0.868,-0.002,,0,1,TrialEnd,98.662,66.768,,,-1,50,50,0,0
P000,Day,38.903,78.797,4,U_Red_L,Main,Expected,Red,Left,117.7,85.807,0,0.868,-0.002,,0,1,TrialEnd,98.662,66.768,,,-1,50,50,0,0
P000,Day,38.903,78.898,4,U_Red_L,Main,Expected,Red,Left,117.801,85.908,0,0.868,-0.002,,0,1,TrialEnd,98.662,66.768,,,-1,50,50,0,0
P000,Day,38.903,79.003,4,U_Red_L,Main,Expected,Red,Left,117.906,86.012,0,0.868,-0.002,,0,1,TrialEnd,98.662,66.768,,,-1,50,50,0,0
P000,Day,38.903,79.096,4,U_Red_L,Main,Expected,Red,Left,117.999,86.106,0,0.868,-0.002,,0,1,TrialEnd,98.662,66.768,,,-1,50,50,0,0
P000,Day,38.903,79.204,4,U_Red_L,Main,Expected,Red,Left,118.107,86.214,0,0.868,-0.002,,0,1,TrialEnd,98.662,66.768,,,-1,50,50,0,0
P000,Day,38.903,79.302,4,U_Red_L,Main,Expected,Red,Left,118.205,86.312,0,0.868,-0.002,,0,1,TrialEnd,98.662,66.768,,,-1,50,50,0,0
P000,Day,38.903,79.397,4,U_Red_L,Main,Expected,Red,Left,118.3,86.406,0,0.868,-0.002,,0,1,TrialEnd,98.662,66.768,,,-1,50,50,0,0
P000,Day,38.903,79.504,4,U_Red_L,Main,Expected,Red,Left,118.407,86.514,0,0.868,-0.002,,0,1,TrialEnd,98.662,66.768,,,-1,50,50,0,0
P000,Day,38.903,79.605,4,U_Red_L,Main,Expected,Red,Left,118.509,86.615,0,0.868,-0.002,,0,1,TrialEnd,98.662,66.768,,,-1,50,50,0,0
P000,Day,38.903,79.704,4,U_Red_L,Main,Expected,Red,Left,118.607,86.713,0,0.868,-0.002,,0,1,TrialEnd,98.662,66.768,,,-1,50,50,0,0
P000,Day,38.903,79.808,4,U_Red_L,Main,Expected,Red,Left,118.711,86.817,0,0.868,-0.002,,0,1,TrialEnd,98.662,66.768,,,-1,50,50,0,0
P000,Day,38.903,79.9,4,U_Red_L,Main,Expected,Red,Left,118.803,86.91,0,0.868,-0.002,,0,1,TrialEnd,98.662,66.768,,,-1,50,50,0,0
P000,Day,38.903,80,4,U_Red_L,Main,Expected,Red,Left,118.903,87.009,0,0.868,-0.002,,0,1,TrialEnd,98.662,66.768,,,-1,50,50,0,0
P000,Day,38.903,80.098,4,U_Red_L,Main,Expected,Red,Left,119.001,87.107,0,0.868,-0.002,,0,1,TrialEnd,98.662,66.768,,,-1,50,50,0,0
P000,Day,38.903,80.201,4,U_Red_L,Main,Expected,Red,Left,119.104,87.21,0,0.868,-0.002,,0,1,TrialEnd,98.662,66.768,,,-1,50,50,0,0
P000,Day,38.903,80.304,4,U_Red_L,Main,Expected,Red,Left,119.207,87.314,0,0.868,-0.002,,0,1,TrialEnd,98.662,66.768,,,-1,50,50,0,0
P000,Day,38.903,80.396,4,U_Red_L,Main,Expected,Red,Left,119.299,87.406,0,0.868,-0.002,,0,1,TrialEnd,98.662,66.768,,,-1,50,50,0,0
P000,Day,38.903,80.501,4,U_Red_L,Main,Expected,Red,Left,119.404,87.511,0,0.868,-0.002,,0,1,TrialEnd,98.662,66.768,,,-1,50,50,0,0
P000,Day,38.903,80.599,4,U_Red_L,Main,Expected,Red,Left,119.502,87.609,0,0.868,-0.002,,0,1,TrialEnd,98.662,66.768,,,-1,50,50,0,0
P000,Day,38.903,80.703,4,U_Red_L,Main,Expected,Red,Left,119.606,87.713,0,0.868,-0.002,,0,1,TrialEnd,98.662,66.768,,,-1,50,50,0,0
P000,Day,38.903,80.807,4,U_Red_L,Main,Expected,Red,Left,119.71,87.816,0,0.868,-0.002,,0,1,TrialEnd,98.662,66.768,,,-1,50,50,0,0
P000,Day,38.903,80.898,4,U_Red_L,Main,Expected,Red,Left,119.801,87.907,0,0.868,-0.002,,0,1,TrialEnd,98.662,66.768,,,-1,50,50,0,0
P000,Day,38.903,81.006,4,U_Red_L,Main,Expected,Red,Left,119.909,88.016,0,0.868,-0.002,,0,1,TrialEnd,98.662,66.768,,,-1,50,50,0,0
P000,Day,38.903,81.106,4,U_Red_L,Main,Expected,Red,Left,120.009,88.116,0,0.868,-0.002,,0,1,TrialEnd,98.662,66.768,,,-1,50,50,0,0
P000,Day,38.903,81.203,4,U_Red_L,Main,Expected,Red,Left,120.106,88.213,0,0.868,-0.002,,0,1,TrialEnd,98.662,66.768,,,-1,50,50,0,0
P000,Day,38.903,81.306,4,U_Red_L,Main,Expected,Red,Left,120.21,88.316,0,0.868,-0.002,,0,1,TrialEnd,98.662,66.768,,,-1,50,50,0,0
P000,Day,38.903,81.4,4,U_Red_L,Main,Expected,Red,Left,120.304,88.41,0,0.868,-0.002,,0,1,TrialEnd,98.662,66.768,,,-1,50,50,0,0
P000,Day,38.903,81.5,4,U_Red_L,Main,Expected,Red,Left,120.403,88.51,0,0.868,-0.002,,0,1,TrialEnd,98.662,66.768,,,-1,50,50,0,0
P000,Day,38.903,81.604,4,U_Red_L,Main,Expected,Red,Left,120.507,88.614,0,0.868,-0.002,,0,1,TrialEnd,98.662,66.768,,,-1,50,50,0,0
P000,Day,38.903,81.702,4,U_Red_L,Main,Expected,Red,Left,120.605,88.712,0,0.868,-0.002,,0,1,TrialEnd,98.662,66.768,,,-1,50,50,0,0
P000,Day,38.903,81.806,4,U_Red_L,Main,Expected,Red,Left,120.709,88.815,0,0.868,-0.002,,0,1,TrialEnd,98.662,66.768,,,-1,50,50,0,0
P000,Day,38.903,81.905,4,U_Red_L,Main,Expected,Red,Left,120.808,88.914,0,0.868,-0.002,,0,1,TrialEnd,98.662,66.768,,,-1,50,50,0,0
P000,Day,38.903,82.002,4,U_Red_L,Main,Expected,Red,Left,120.905,89.012,0,0.868,-0.002,,0,1,TrialEnd,98.662,66.768,,,-1,50,50,0,0
P000,Day,38.903,82.314,4,U_Red_L,Main,Expected,Red,Left,121.218,89.324,0,0.868,-0.002,,0,1,TrialEnd,98.662,66.768,,,-1,50,50,0,0
P000,Day,38.903,82.356,4,U_Red_L,Main,Expected,Red,Left,121.259,89.365,0,0.868,-0.002,,0,1,TrialEnd,98.662,66.768,,,-1,50,50,0,0
P000,Day,38.903,82.368,4,U_Red_L,Main,Expected,Red,Left,121.271,89.377,0,0.868,-0.002,,0,1,TrialEnd,98.662,66.768,,,-1,50,50,0,0
P000,Day,38.903,82.402,4,U_Red_L,Main,Expected,Red,Left,121.306,89.412,0,0.868,-0.002,,0,1,TrialEnd,98.662,66.768,,,-1,50,50,0,0
P000,Day,38.903,82.496,4,U_Red_L,Main,Expected,Red,Left,121.399,89.506,0,0.868,-0.002,,0,1,TrialEnd,98.662,66.768,,,-1,50,50,0,0
P000,Day,38.903,82.602,4,U_Red_L,Main,Expected,Red,Left,121.505,89.611,0,0.868,-0.002,,0,1,TrialEnd,98.662,66.768,,,-1,50,50,0,0
P000,Day,38.903,82.706,4,U_Red_L,Main,Expected,Red,Left,121.609,89.715,0,0.868,-0.002,,0,1,TrialEnd,98.662,66.768,,,-1,50,50,0,0
P000,Day,38.903,82.807,4,U_Red_L,Main,Expected,Red,Left,121.71,89.817,0,0.868,-0.002,,0,1,TrialEnd,98.662,66.768,,,-1,50,50,0,0
P000,Day,38.903,82.9,4,U_Red_L,Main,Expected,Red,Left,121.803,89.91,0,0.868,-0.002,,0,1,TrialEnd,98.662,66.768,,,-1,50,50,0,0
P000,Day,38.903,83.004,4,U_Red_L,Main,Expected,Red,Left,121.907,90.013,0,0.868,-0.002,,0,1,TrialEnd,98.662,66.768,,,-1,50,50,0,0
P000,Day,38.903,83.106,4,U_Red_L,Main,Expected,Red,Left,122.009,90.116,0,0.868,-0.002,,0,1,TrialEnd,98.662,66.768,,,-1,50,50,0,0
P000,Day,38.903,83.21,4,U_Red_L,Main,Expected,Red,Left,122.113,90.219,0,0.868,-0.002,,0,1,TrialEnd,98.662,66.768,,,-1,50,50,0,0
P000,Day,38.903,83.299,4,U_Red_L,Main,Expected,Red,Left,122.202,90.308,0,0.868,-0.002,,0,1,TrialEnd,98.662,66.768,,,-1,50,50,0,0
P000,Day,38.903,83.402,4,U_Red_L,Main,Expected,Red,Left,122.306,90.412,0,0.868,-0.002,,0,1,TrialEnd,98.662,66.768,,,-1,50,50,0,0
P000,Day,38.903,83.498,4,U_Red_L,Main,Expected,Red,Left,122.401,90.507,0,0.868,-0.002,,0,1,TrialEnd,98.662,66.768,,,-1,50,50,0,0
P000,Day,38.903,83.597,4,U_Red_L,Main,Expected,Red,Left,122.501,90.607,0,0.868,-0.002,,0,1,TrialEnd,98.662,66.768,,,-1,50,50,0,0
P000,Day,38.903,83.707,4,U_Red_L,Main,Expected,Red,Left,122.61,90.716,0,0.868,-0.002,,0,1,TrialEnd,98.662,66.768,,,-1,50,50,0,0
P000,Day,38.903,83.805,4,U_Red_L,Main,Expected,Red,Left,122.709,90.815,0,0.868,-0.002,,0,1,TrialEnd,98.662,66.768,,,-1,50,50,0,0
P000,Day,38.903,83.906,4,U_Red_L,Main,Expected,Red,Left,122.81,90.916,0,0.868,-0.002,,0,1,TrialEnd,98.662,66.768,,,-1,50,50,0,0
P000,Day,38.903,84.002,4,U_Red_L,Main,Expected,Red,Left,122.905,91.012,0,0.868,-0.002,,0,1,TrialEnd,98.662,66.768,,,-1,50,50,0,0
P000,Day,38.903,84.096,4,U_Red_L,Main,Expected,Red,Left,122.999,91.106,0,0.868,-0.002,,0,1,TrialEnd,98.662,66.768,,,-1,50,50,0,0
P000,Day,38.903,84.206,4,U_Red_L,Main,Expected,Red,Left,123.109,91.216,0,0.868,-0.002,,0,1,TrialEnd,98.662,66.768,,,-1,50,50,0,0
P000,Day,38.903,84.304,4,U_Red_L,Main,Expected,Red,Left,123.207,91.313,0,0.868,-0.002,,0,1,TrialEnd,98.662,66.768,,,-1,50,50,0,0
P000,Day,38.903,84.402,4,U_Red_L,Main,Expected,Red,Left,123.305,91.411,0,0.868,-0.002,,0,1,TrialEnd,98.662,66.768,,,-1,50,50,0,0
