ParticipantID,Block,BlockStartAbs,BlockTimeRel,TrialIndex,Scene,Event,Expectancy,SignalColor,MergeSide,TimeAbs,TrialTimeRel,X,Y,Z,LaneDeviation,SpeedMPH,TrialEnded,TrialEndReason,TrialEndAbs,TrialEndRel,SurveyResponse,SurveyResponseCorrect,SurveyRT,BrakeInput,ThrottleInput,SteeringInput,Car2Marge
UNKNOWN,0,3.313,0.03,-1,SubBlock,,,,,3.343,-1,,,,,0,0,,-1,-1,,,-1,50,50,0,0
UNKNOWN,0,3.313,0.143,-1,SubBlock,,,,,3.456,-1,,,,,0,0,,-1,-1,,,-1,50,50,0,0
UNKNOWN,0,3.313,1.003,-1,SubBlock,,,,,4.317,-1,,,,,0,0,,-1,-1,,,-1,50,50,0,0
UNKNOWN,0,3.313,1.03,-1,SubBlock,,,,,4.344,-1,,,,,0,0,,-1,-1,,,-1,50,50,0,0
UNKNOWN,0,3.313,1.039,-1,SubBlock,,,,,4.353,-1,,,,,0,0,,-1,-1,,,-1,50,50,0,0
UNKNOWN,0,3.313,1.069,-1,SubBlock,,,,,4.383,-1,,,,,0,0,,-1,-1,,,-1,50,50,0,0
UNKNOWN,0,3.313,1.073,-1,SubBlock,,,,,4.387,-1,,,,,0,0,,-1,-1,,,-1,50,50,0,0
UNKNOWN,0,3.313,1.082,-1,SubBlock,,,,,4.396,-1,,,,,0,0,,-1,-1,,,-1,50,50,0,0
UNKNOWN,0,3.313,1.092,-1,SubBlock,,,,,4.405,-1,,,,,0,0,,-1,-1,,,-1,50,50,0,0
UNKNOWN,0,3.313,1.105,-1,SubBlock,,,,,4.418,-1,,,,,0,0,,-1,-1,,,-1,50,50,0,0
UNKNOWN,0,3.313,1.109,-1,SubBlock,,,,,4.423,-1,,,,,0,0,,-1,-1,,,-1,50,50,0,0
UNKNOWN,0,3.313,1.12,-1,SubBlock,,,,,4.433,-1,,,,,0,0,,-1,-1,,,-1,50,50,0,0
UNKNOWN,0,3.313,1.129,-1,SubBlock,,,,,4.443,-1,,,,,0,0,,-1,-1,,,-1,50,50,0,0
UNKNOWN,0,3.313,1.138,-1,SubBlock,,,,,4.452,-1,,,,,0,0,,-1,-1,,,-1,50,50,0,0
UNKNOWN,0,3.313,1.148,-1,SubBlock,,,,,4.462,-1,,,,,0,0,,-1,-1,,,-1,50,50,0,0
UNKNOWN,0,3.313,1.16,-1,SubBlock,,,,,4.474,-1,,,,,0,0,,-1,-1,,,-1,50,50,0,0
UNKNOWN,0,3.313,1.168,-1,SubBlock,,,,,4.481,-1,,,,,0,0,,-1,-1,,,-1,50,50,0,0
UNKNOWN,0,3.313,1.177,-1,SubBlock,,,,,4.49,-1,,,,,0,0,,-1,-1,,,-1,50,50,0,0
UNKNOWN,0,3.313,1.184,-1,SubBlock,,,,,4.498,-1,,,,,0,0,,-1,-1,,,-1,50,50,0,0
UNKNOWN,0,3.313,1.194,-1,SubBlock,,,,,4.508,-1,,,,,0,0,,-1,-1,,,-1,50,50,0,0
UNKNOWN,0,3.313,1.203,-1,SubBlock,,,,,4.516,-1,,,,,0,0,,-1,-1,,,-1,50,50,0,0
UNKNOWN,0,3.313,1.211,-1,SubBlock,,,,,4.525,-1,,,,,0,0,,-1,-1,,,-1,50,50,0,0
UNKNOWN,0,3.313,1.222,-1,SubBlock,,,,,4.535,-1,,,,,0,0,,-1,-1,,,-1,50,50,0,0
UNKNOWN,0,3.313,1.231,-1,SubBlock,,,,,4.544,-1,,,,,0,0,,-1,-1,,,-1,50,50,0,0
UNKNOWN,0,3.313,1.246,-1,SubBlock,,,,,4.56,-1,,,,,0,0,,-1,-1,,,-1,50,50,0,0
UNKNOWN,0,3.313,1.257,-1,SubBlock,,,,,4.57,-1,,,,,0,0,,-1,-1,,,-1,50,50,0,0
UNKNOWN,0,3.313,1.27,-1,SubBlock,,,,,4.583,-1,,,,,0,0,,-1,-1,,,-1,50,50,0,0
UNKNOWN,0,3.313,1.277,-1,SubBlock,,,,,4.59,-1,,,,,0,0,,-1,-1,,,-1,50,50,0,0
UNKNOWN,0,3.313,1.286,-1,SubBlock,,,,,4.6,-1,,,,,0,0,,-1,-1,,,-1,50,50,0,0
UNKNOWN,0,3.313,1.295,-1,SubBlock,,,,,4.609,-1,,,,,0,0,,-1,-1,,,-1,50,50,0,0
UNKNOWN,0,3.313,1.305,-1,SubBlock,,,,,4.618,-1,,,,,0,0,,-1,-1,,,-1,50,50,0,0
UNKNOWN,0,3.313,1.313,-1,SubBlock,,,,,4.627,-1,,,,,0,0,,-1,-1,,,-1,50,50,0,0
UNKNOWN,0,3.313,1.323,-1,SubBlock,,,,,4.637,-1,,,,,0,0,,-1,-1,,,-1,50,50,0,0
UNKNOWN,0,3.313,1.332,-1,SubBlock,,,,,4.645,-1,,,,,0,0,,-1,-1,,,-1,50,50,0,0
UNKNOWN,0,3.313,1.341,-1,SubBlock,,,,,4.655,-1,,,,,0,0,,-1,-1,,,-1,50,50,0,0
UNKNOWN,0,3.313,1.35,-1,SubBlock,,,,,4.664,-1,,,,,0,0,,-1,-1,,,-1,50,50,0,0
UNKNOWN,0,3.313,1.36,-1,SubBlock,,,,,4.674,-1,,,,,0,0,,-1,-1,,,-1,50,50,0,0
UNKNOWN,0,3.313,1.369,-1,SubBlock,,,,,4.682,-1,,,,,0,0,,-1,-1,,,-1,50,50,0,0
UNKNOWN,0,3.313,1.378,-1,SubBlock,,,,,4.691,-1,,,,,0,0,,-1,-1,,,-1,50,50,0,0
UNKNOWN,0,3.313,1.388,-1,SubBlock,,,,,4.701,-1,,,,,0,0,,-1,-1,,,-1,50,50,0,0
UNKNOWN,0,3.313,1.398,-1,SubBlock,,,,,4.711,-1,,,,,0,0,,-1,-1,,,-1,50,50,0,0
UNKNOWN,0,3.313,1.407,-1,SubBlock,,,,,4.721,-1,,,,,0,0,,-1,-1,,,-1,50,50,0,0
UNKNOWN,0,3.313,1.416,-1,SubBlock,,,,,4.73,-1,,,,,0,0,,-1,-1,,,-1,50,50,0,0
UNKNOWN,0,3.313,1.426,-1,SubBlock,,,,,4.74,-1,,,,,0,0,,-1,-1,,,-1,50,50,0,0
UNKNOWN,0,3.313,1.435,-1,SubBlock,,,,,4.748,-1,,,,,0,0,,-1,-1,,,-1,50,50,0,0
UNKNOWN,0,3.313,1.444,-1,SubBlock,,,,,4.758,-1,,,,,0,0,,-1,-1,,,-1,50,50,0,0
UNKNOWN,0,3.313,1.455,-1,SubBlock,,,,,4.769,-1,,,,,0,0,,-1,-1,,,-1,50,50,0,0
UNKNOWN,0,3.313,1.491,-1,SubBlock,,,,,4.805,-1,,,,,0,0,,-1,-1,,,-1,50,50,0,0
UNKNOWN,0,3.313,1.591,-1,SubBlock,,,,,4.905,-1,,,,,0,0,,-1,-1,,,-1,50,50,0,0
UNKNOWN,0,3.313,1.692,-1,SubBlock,,,,,5.006,-1,,,,,0,0,,-1,-1,,,-1,50,50,0,0
UNKNOWN,0,3.313,1.793,-1,SubBlock,,,,,5.106,-1,,,,,0,0,,-1,-1,,,-1,50,50,0,0
UNKNOWN,0,3.313,1.895,-1,SubBlock,,,,,5.208,-1,,,,,0,0,,-1,-1,,,-1,50,50,0,0
UNKNOWN,0,3.313,1.995,-1,SubBlock,,,,,5.309,-1,,,,,0,0,,-1,-1,,,-1,50,50,0,0
UNKNOWN,0,3.313,2.088,-1,SubBlock,,,,,5.401,-1,,,,,0,0,,-1,-1,,,-1,50,50,0,0
UNKNOWN,0,3.313,2.189,-1,SubBlock,,,,,5.503,-1,,,,,0,0,,-1,-1,,,-1,50,50,0,0
UNKNOWN,0,3.313,2.294,-1,SubBlock,,,,,5.607,-1,,,,,0,0,,-1,-1,,,-1,50,50,0,0
UNKNOWN,0,3.313,2.389,-1,SubBlock,,,,,5.703,-1,,,,,0,0,,-1,-1,,,-1,50,50,0,0
UNKNOWN,0,3.313,2.49,-1,SubBlock,,,,,5.804,-1,,,,,0,0,,-1,-1,,,-1,50,50,0,0
UNKNOWN,0,3.313,2.59,-1,SubBlock,,,,,5.904,-1,,,,,0,0,,-1,-1,,,-1,50,50,0,0
UNKNOWN,0,3.313,2.691,-1,SubBlock,,,,,6.005,-1,,,,,0,0,,-1,-1,,,-1,50,50,0,0
UNKNOWN,0,3.313,2.793,-1,SubBlock,,,,,6.106,-1,,,,,0,0,,-1,-1,,,-1,50,50,0,0
UNKNOWN,0,3.313,2.895,-1,SubBlock,,,,,6.208,-1,,,,,0,0,,-1,-1,,,-1,50,50,0,0
UNKNOWN,0,3.313,2.987,-1,SubBlock,,,,,6.3,-1,,,,,0,0,,-1,-1,,,-1,50,50,0,0
UNKNOWN,0,3.313,3.088,-1,SubBlock,,,,,6.402,-1,,,,,0,0,,-1,-1,,,-1,50,50,0,0
UNKNOWN,0,3.313,3.19,-1,SubBlock,,,,,6.504,-1,,,,,0,0,,-1,-1,,,-1,50,50,0,0
UNKNOWN,0,3.313,3.3,-1,SubBlock,,,,,6.613,-1,,,,,0,0,,-1,-1,,,-1,50,50,0,0
UNKNOWN,0,3.313,3.389,-1,SubBlock,,,,,6.702,-1,,,,,0,0,,-1,-1,,,-1,50,50,0,0
UNKNOWN,0,3.313,3.489,-1,SubBlock,,,,,6.803,-1,,,,,0,0,,-1,-1,,,-1,50,50,0,0
UNKNOWN,0,3.313,3.596,-1,SubBlock,,,,,6.909,-1,,,,,0,0,,-1,-1,,,-1,50,50,0,0
UNKNOWN,0,3.313,3.733,-1,SubBlock,,,,,7.046,-1,,,,,0,0,,-1,-1,,,-1,50,50,0,0
UNKNOWN,0,3.313,3.795,-1,SubBlock,,,,,7.109,-1,,,,,0,0,,-1,-1,,,-1,50,50,0,0
UNKNOWN,0,3.313,3.897,-1,SubBlock,,,,,7.211,-1,,,,,0,0,,-1,-1,,,-1,50,50,0,0
UNKNOWN,0,3.313,3.997,-1,SubBlock,,,,,7.311,-1,,,,,0,0,,-1,-1,,,-1,50,50,0,0
UNKNOWN,0,3.313,4.09,-1,SubBlock,,,,,7.403,-1,,,,,0,0,,-1,-1,,,-1,50,50,0,0
UNKNOWN,0,3.313,4.19,-1,SubBlock,,,,,7.504,-1,,,,,0,0,,-1,-1,,,-1,50,50,0,0
UNKNOWN,0,3.313,4.292,-1,SubBlock,,,,,7.605,-1,,,,,0,0,,-1,-1,,,-1,50,50,0,0
UNKNOWN,0,3.313,4.393,-1,SubBlock,,,,,7.706,-1,,,,,0,0,,-1,-1,,,-1,50,50,0,0
UNKNOWN,0,3.313,4.489,-1,SubBlock,,,,,7.802,-1,,,,,0,0,,-1,-1,,,-1,50,50,0,0
UNKNOWN,0,3.313,4.593,-1,SubBlock,,,,,7.907,-1,,,,,0,0,,-1,-1,,,-1,50,50,0,0
UNKNOWN,0,3.313,4.689,-1,SubBlock,,,,,8.003,-1,,,,,0,0,,-1,-1,,,-1,50,50,0,0
UNKNOWN,0,3.313,4.793,-1,SubBlock,,,,,8.107,-1,,,,,0,0,,-1,-1,,,-1,50,50,0,0
UNKNOWN,0,3.313,4.89,-1,SubBlock,,,,,8.203,-1,,,,,0,0,,-1,-1,,,-1,50,50,0,0
UNKNOWN,0,3.313,4.994,-1,SubBlock,,,,,8.308,-1,,,,,0,0,,-1,-1,,,-1,50,50,0,0
UNKNOWN,0,3.313,5.096,-1,SubBlock,,,,,8.409,-1,,,,,0,0,,-1,-1,,,-1,50,50,0,0
UNKNOWN,0,3.313,5.188,-1,SubBlock,,,,,8.502,-1,,,,,0,0,,-1,-1,,,-1,50,50,0,0
P000,Night,3.313,5.297,0,SubBlock,,,,,8.611,0,,,,,0,0,,-1,-1,,,-1,50,50,0,0
P000,Night,8.901,0.051,0,U_Red_L,Practice,Expected,Red,Right,8.952,0.341,0,0.878,-0.002,,3.823,0,,-1,-1,,,-1,50,50,0,0
P000,Night,8.901,0.143,0,U_Red_L,Practice,Expected,Red,Right,9.044,0.433,0,0.878,-0.002,,3.823,0,,-1,-1,,,-1,50,50,0,0
P000,Night,8.901,0.158,0,U_Red_L,Practice,Expected,Red,Right,9.059,0.448,0,0.846,-0.002,,3.354,0,,-1,-1,,,-1,50,50,0,0
P000,Night,8.901,0.177,0,U_Red_L,Practice,Expected,Red,Right,9.077,0.467,0,0.84,-0.002,,0,0,,-1,-1,,,-1,50,50,0,0
P000,Night,8.901,0.216,0,U_Red_L,Practice,Expected,Red,Right,9.117,0.506,0,0.844,-0.002,,0.131,0,,-1,-1,,,-1,50,50,0,0
P000,Night,8.901,0.308,0,U_Red_L,Practice,Expected,Red,Right,9.208,0.598,0,0.852,-0.002,,0.23,0,,-1,-1,,,-1,50,50,0,0
P000,Night,8.901,0.401,0,U_Red_L,Practice,Expected,Red,Right,9.302,0.691,0,0.861,-0.002,,0.191,0,,-1,-1,,,-1,50,50,0,0
P000,Night,8.901,0.518,0,U_Red_L,Practice,Expected,Red,Right,9.419,0.808,0,0.869,-0.002,,0.081,0,,-1,-1,,,-1,50,50,0,0
P000,Night,8.901,0.604,0,U_Red_L,Practice,Expected,Red,Right,9.504,0.894,0,0.87,-0.001,,0.194,0,,-1,-1,,,-1,50,50,0,0
P000,Night,8.901,0.707,0,U_Red_L,Practice,Expected,Red,Right,9.607,0.997,0,0.87,0.024,,0.906,0,,-1,-1,,,-1,50,50,0,0
P000,Night,8.901,0.81,0,U_Red_L,Practice,Expected,Red,Right,9.711,1.1,0,0.869,0.081,,1.567,0,,-1,-1,,,-1,50,50,0,0
P000,Night,8.901,0.906,0,U_Red_L,Practice,Expected,Red,Right,9.806,1.196,0,0.868,0.162,,2.239,0,,-1,-1,,,-1,50,50,0,0
P000,Night,8.901,1.01,0,U_Red_L,Practice,Expected,Red,Right,9.91,1.3,0,0.867,0.282,,2.911,0,,-1,-1,,,-1,50,50,0,0
P000,Night,8.901,1.113,0,U_Red_L,Practice,Expected,Red,Right,10.014,1.403,0,0.867,0.433,,3.582,0,,-1,-1,,,-1,50,50,0,0
P000,Night,8.901,1.211,0,U_Red_L,Practice,Expected,Red,Right,10.112,1.501,0,0.867,0.607,,4.254,0,,-1,-1,,,-1,50,50,0,0
P000,Night,8.901,1.309,0,U_Red_L,Practice,Expected,Red,Right,10.21,1.599,0.007,0.868,0.806,,4.836,0,,-1,-1,,,-1,50,50,100,0
P000,Night,8.901,1.413,0,U_Red_L,Practice,Expected,Red,Right,10.313,1.702,0.039,0.868,1.042,,5.477,0,,-1,-1,,,-1,50,50,0,0
P000,Night,8.901,1.504,0,U_Red_L,Practice,Expected,Red,Right,10.405,1.794,0.057,0.868,1.278,,6.111,0,,-1,-1,,,-1,50,50,0,0
P000,Night,8.901,1.607,0,U_Red_L,Practice,Expected,Red,Right,10.508,1.897,0.061,0.868,1.566,,6.226,0,,-1,-1,,,-1,50,50,0,0
P000,Night,8.901,1.624,0,U_Red_L,Practice,Expected,Red,Right,10.525,1.914,0.061,0.868,1.566,,6.226,1,TrialEnd,10.525,1.914,,,-1,50,50,0,0
P000,Night,8.901,1.715,0,U_Red_L,Practice,Expected,Red,Right,10.616,2.005,0.061,0.868,1.566,,6.226,1,TrialEnd,10.525,1.914,,,-1,50,50,0,0
P000,Night,8.901,1.803,0,U_Red_L,Practice,Expected,Red,Right,10.704,2.093,0.061,0.868,1.566,,6.226,1,TrialEnd,10.525,1.914,,,-1,50,50,0,0
P000,Night,8.901,1.913,0,U_Red_L,Practice,Expected,Red,Right,10.813,2.202,0.061,0.868,1.566,,6.226,1,TrialEnd,10.525,1.914,,,-1,50,50,0,0
P000,Night,8.901,2.006,0,U_Red_L,Practice,Expected,Red,Right,10.907,2.296,0.061,0.868,1.566,,6.226,1,TrialEnd,10.525,1.914,,,-1,50,50,0,0
P000,Night,8.901,2.108,0,U_Red_L,Practice,Expected,Red,Right,11.009,2.398,0.061,0.868,1.566,,6.226,1,TrialEnd,10.525,1.914,,,-1,50,50,0,0
P000,Night,8.901,2.21,0,U_Red_L,Practice,Expected,Red,Right,11.111,2.5,0.061,0.868,1.566,,6.226,1,TrialEnd,10.525,1.914,,,-1,50,50,0,0
P000,Night,8.901,2.302,0,U_Red_L,Practice,Expected,Red,Right,11.202,2.592,0.061,0.868,1.566,,6.226,1,TrialEnd,10.525,1.914,,,-1,50,50,0,0
P000,Night,8.901,2.412,0,U_Red_L,Practice,Expected,Red,Right,11.313,2.702,0.061,0.868,1.566,,6.226,1,TrialEnd,10.525,1.914,,,-1,50,50,0,0
P000,Night,8.901,2.512,0,U_Red_L,Practice,Expected,Red,Right,11.413,2.802,0.061,0.868,1.566,,6.226,1,TrialEnd,10.525,1.914,,,-1,50,50,0,0
P000,Night,8.901,2.6,0,U_Red_L,Practice,Expected,Red,Right,11.501,2.89,0.061,0.868,1.566,,6.226,1,TrialEnd,10.525,1.914,,,-1,50,50,0,0
P000,Night,8.901,2.668,0,U_Red_L,Practice,Expected,Red,Right,11.568,2.958,0.061,0.868,1.566,,6.226,1,TrialEnd,10.525,1.914,Red,1,1.043,50,50,0,0
P000,Night,8.901,2.702,0,U_Red_L,Practice,Expected,Red,Right,11.603,2.992,0.061,0.868,1.566,,6.226,1,TrialEnd,10.525,1.914,Red,1,1.043,50,50,0,0
P000,Night,8.901,2.804,0,U_Red_L,Practice,Expected,Red,Right,11.705,3.094,0.061,0.868,1.566,,6.226,1,TrialEnd,10.525,1.914,Red,1,1.043,50,50,0,0
P000,Night,8.901,2.903,0,U_Red_L,Practice,Expected,Red,Right,11.803,3.193,0.061,0.868,1.566,,6.226,1,TrialEnd,10.525,1.914,Red,1,1.043,50,50,0,0
P000,Night,8.901,3.002,0,U_Red_L,Practice,Expected,Red,Right,11.903,3.292,0.061,0.868,1.566,,6.226,1,TrialEnd,10.525,1.914,Red,1,1.043,50,50,0,0
P000,Night,8.901,3.103,0,U_Red_L,Practice,Expected,Red,Right,12.004,3.393,0.061,0.868,1.566,,6.226,1,TrialEnd,10.525,1.914,Red,1,1.043,50,50,0,0
P000,Night,8.901,3.202,0,U_Red_L,Practice,Expected,Red,Right,12.103,3.492,0.061,0.868,1.566,,6.226,1,TrialEnd,10.525,1.914,Red,1,1.043,50,50,0,0
P000,Night,8.901,3.312,0,U_Red_L,Practice,Expected,Red,Right,12.213,3.602,0.061,0.868,1.566,,6.226,1,TrialEnd,10.525,1.914,Red,1,1.043,50,50,0,0
P000,Night,8.901,3.4,0,U_Red_L,Practice,Expected,Red,Right,12.301,3.69,0.061,0.868,1.566,,6.226,1,TrialEnd,10.525,1.914,Red,1,1.043,50,50,0,0
P000,Night,8.901,3.51,0,U_Red_L,Practice,Expected,Red,Right,12.41,3.8,0.061,0.868,1.566,,6.226,1,TrialEnd,10.525,1.914,Red,1,1.043,50,50,0,0
P000,Night,8.901,3.608,0,U_Red_L,Practice,Expected,Red,Right,12.509,3.898,0.061,0.868,1.566,,6.226,1,TrialEnd,10.525,1.914,Red,1,1.043,50,50,0,0
P000,Night,8.901,3.708,0,U_Red_L,Practice,Expected,Red,Right,12.609,3.998,0.061,0.868,1.566,,6.226,1,TrialEnd,10.525,1.914,Red,1,1.043,50,50,0,0
P000,Night,8.901,3.81,0,U_Red_L,Practice,Expected,Red,Right,12.711,4.1,0.061,0.868,1.566,,6.226,1,TrialEnd,10.525,1.914,Red,1,1.043,50,50,0,0
P000,Night,8.901,3.909,0,U_Red_L,Practice,Expected,Red,Right,12.81,4.199,0.061,0.868,1.566,,6.226,1,TrialEnd,10.525,1.914,Red,1,1.043,50,50,0,0
P000,Night,8.901,4.009,0,U_Red_L,Practice,Expected,Red,Right,12.91,4.299,0.061,0.868,1.566,,6.226,1,TrialEnd,10.525,1.914,Red,1,1.043,50,50,0,0
P000,Night,8.901,4.107,0,U_Red_L,Practice,Expected,Red,Right,13.007,4.396,0.061,0.868,1.566,,6.226,1,TrialEnd,10.525,1.914,Red,1,1.043,50,50,0,0
P000,Night,8.901,4.206,0,U_Red_L,Practice,Expected,Red,Right,13.106,4.495,0.061,0.868,1.566,,6.226,1,TrialEnd,10.525,1.914,Red,1,1.043,50,50,0,0
P000,Night,8.901,4.303,0,U_Red_L,Practice,Expected,Red,Right,13.204,4.593,0.061,0.868,1.566,,6.226,1,TrialEnd,10.525,1.914,Red,1,1.043,50,50,0,0
P000,Night,8.901,4.406,0,U_Red_L,Practice,Expected,Red,Right,13.307,4.696,0.061,0.868,1.566,,6.226,1,TrialEnd,10.525,1.914,Red,1,1.043,50,50,0,0
P000,Night,8.901,4.504,0,U_Red_L,Practice,Expected,Red,Right,13.404,4.794,0.061,0.868,1.566,,6.226,1,TrialEnd,10.525,1.914,Red,1,1.043,50,50,0,0
P000,Night,8.901,4.603,0,U_Red_L,Practice,Expected,Red,Right,13.503,4.893,0.061,0.868,1.566,,6.226,1,TrialEnd,10.525,1.914,Red,1,1.043,50,50,0,0
P000,Night,8.901,4.707,0,U_Red_L,Practice,Expected,Red,Right,13.607,4.997,0.061,0.868,1.566,,6.226,1,TrialEnd,10.525,1.914,Red,1,1.043,50,50,0,0
P000,Night,8.901,4.811,0,U_Red_L,Practice,Expected,Red,Right,13.712,5.101,0.061,0.868,1.566,,6.226,1,TrialEnd,10.525,1.914,Red,1,1.043,50,50,0,0
P000,Night,8.901,4.902,0,U_Red_L,Practice,Expected,Red,Right,13.803,5.192,0.061,0.868,1.566,,6.226,1,TrialEnd,10.525,1.914,Red,1,1.043,50,50,0,0
P000,Night,8.901,5.001,0,U_Red_L,Practice,Expected,Red,Right,13.902,5.291,0.061,0.868,1.566,,6.226,1,TrialEnd,10.525,1.914,Red,1,1.043,50,50,0,0
P000,Night,8.901,5.104,0,U_Red_L,Practice,Expected,Red,Right,14.005,5.394,0.061,0.868,1.566,,6.226,1,TrialEnd,10.525,1.914,Red,1,1.043,50,50,0,0
P000,Night,8.901,5.203,0,U_Red_L,Practice,Expected,Red,Right,14.104,5.493,0.061,0.868,1.566,,6.226,1,TrialEnd,10.525,1.914,Red,1,1.043,50,50,0,0
P000,Night,8.901,5.302,0,U_Red_L,Practice,Expected,Red,Right,14.203,5.592,0.061,0.868,1.566,,6.226,1,TrialEnd,10.525,1.914,Red,1,1.043,50,50,0,0
P000,Night,8.901,5.402,0,U_Red_L,Practice,Expected,Red,Right,14.302,5.692,0.061,0.868,1.566,,6.226,1,TrialEnd,10.525,1.914,Red,1,1.043,50,50,0,0
P000,Night,8.901,5.509,0,U_Red_L,Practice,Expected,Red,Right,14.409,5.799,0.061,0.868,1.566,,6.226,1,TrialEnd,10.525,1.914,Red,1,1.043,50,50,0,0
P000,Night,8.901,5.606,0,U_Red_L,Practice,Expected,Red,Right,14.507,5.896,0.061,0.868,1.566,,6.226,1,TrialEnd,10.525,1.914,Red,1,1.043,50,50,0,0
P000,Night,8.901,5.712,0,U_Red_L,Practice,Expected,Red,Right,14.613,6.002,0.061,0.868,1.566,,6.226,1,TrialEnd,10.525,1.914,Red,1,1.043,50,50,0,0
P000,Night,8.901,5.804,0,U_Red_L,Practice,Expected,Red,Right,14.704,6.094,0.061,0.868,1.566,,6.226,1,TrialEnd,10.525,1.914,Red,1,1.043,50,50,0,0
P000,Night,8.901,5.901,0,U_Red_L,Practice,Expected,Red,Right,14.802,6.191,0.061,0.868,1.566,,6.226,1,TrialEnd,10.525,1.914,Red,1,1.043,50,50,0,0
P000,Night,8.901,6.006,0,U_Red_L,Practice,Expected,Red,Right,14.906,6.296,0.061,0.868,1.566,,6.226,1,TrialEnd,10.525,1.914,Red,1,1.043,50,50,0,0
P000,Night,8.901,6.102,0,U_Red_L,Practice,Expected,Red,Right,15.003,6.392,0.061,0.868,1.566,,6.226,1,TrialEnd,10.525,1.914,Red,1,1.043,50,50,0,0
P000,Night,8.901,6.206,0,U_Red_L,Practice,Expected,Red,Right,15.107,6.496,0.061,0.868,1.566,,6.226,1,TrialEnd,10.525,1.914,Red,1,1.043,50,50,0,0
P000,Night,8.901,6.312,0,U_Red_L,Practice,Expected,Red,Right,15.212,6.602,0.061,0.868,1.566,,6.226,1,TrialEnd,10.525,1.914,Red,1,1.043,50,50,0,0
P000,Night,8.901,6.401,0,U_Red_L,Practice,Expected,Red,Right,15.302,6.691,0.061,0.868,1.566,,6.226,1,TrialEnd,10.525,1.914,Red,1,1.043,50,50,0,0
P000,Night,8.901,6.502,0,U_Red_L,Practice,Expected,Red,Right,15.403,6.792,0.061,0.868,1.566,,6.226,1,TrialEnd,10.525,1.914,Red,1,1.043,50,50,0,0
P000,Night,8.901,6.602,0,U_Red_L,Practice,Expected,Red,Right,15.503,6.892,0.061,0.868,1.566,,6.226,1,TrialEnd,10.525,1.914,Red,1,1.043,50,50,0,0
P000,Night,8.901,6.706,0,U_Red_L,Practice,Expected,Red,Right,15.606,6.995,0.061,0.868,1.566,,6.226,1,TrialEnd,10.525,1.914,Red,1,1.043,50,50,0,0
P000,Night,8.901,6.807,0,U_Red_L,Practice,Expected,Red,Right,15.708,7.097,0.061,0.868,1.566,,6.226,1,TrialEnd,10.525,1.914,Red,1,1.043,50,50,0,0
P000,Night,8.901,6.901,0,U_Red_L,Practice,Expected,Red,Right,15.802,7.191,0.061,0.868,1.566,,6.226,1,TrialEnd,10.525,1.914,Red,1,1.043,50,50,0,0
P000,Night,8.901,7.009,0,U_Red_L,Practice,Expected,Red,Right,15.91,7.299,0.061,0.868,1.566,,6.226,1,TrialEnd,10.525,1.914,Red,1,1.043,50,50,0,0
P000,Night,8.901,7.111,0,U_Red_L,Practice,Expected,Red,Right,16.011,7.401,0.061,0.868,1.566,,6.226,1,TrialEnd,10.525,1.914,Red,1,1.043,50,50,0,0
P000,Night,8.901,7.208,0,U_Red_L,Practice,Expected,Red,Right,16.108,7.498,0.061,0.868,1.566,,6.226,1,TrialEnd,10.525,1.914,Red,1,1.043,50,50,0,0
P000,Night,8.901,7.3,0,U_Red_L,Practice,Expected,Red,Right,16.201,7.59,0.061,0.868,1.566,,6.226,1,TrialEnd,10.525,1.914,Red,1,1.043,50,50,0,0
P000,Night,8.901,7.407,0,U_Red_L,Practice,Expected,Red,Right,16.307,7.696,0.061,0.868,1.566,,6.226,1,TrialEnd,10.525,1.914,Red,1,1.043,50,50,0,0
P000,Night,8.901,7.508,0,U_Red_L,Practice,Expected,Red,Right,16.408,7.798,0.061,0.868,1.566,,6.226,1,TrialEnd,10.525,1.914,Red,1,1.043,50,50,0,0
P000,Night,8.901,7.609,0,U_Red_L,Practice,Expected,Red,Right,16.509,7.899,0.061,0.868,1.566,,6.226,1,TrialEnd,10.525,1.914,Red,1,1.043,50,50,0,0
P000,Night,16.814,0.029,1,E_Red_R,Practice,Expected,Amber,Left,16.843,0,0,0.942,-0.002,,4.023,0,,-1,-1,,,-1,50,50,0,0
P000,Night,16.814,0.087,1,E_Red_R,Practice,Expected,Amber,Left,16.901,0.059,0,0.942,-0.002,,4.023,0,,-1,-1,,,-1,50,50,0,0
P000,Night,16.814,0.098,1,E_Red_R,Practice,Expected,Amber,Left,16.912,0.069,0,0.905,-0.002,,4.389,0,,-1,-1,,,-1,50,50,0,0
P000,Night,16.814,0.112,1,E_Red_R,Practice,Expected,Amber,Left,16.926,0.083,0,0.881,-0.002,,3.823,0,,-1,-1,,,-1,50,50,0,0
P000,Night,16.814,0.192,1,E_Red_R,Practice,Expected,Amber,Left,17.007,0.164,0,0.844,-0.002,,0.131,0,,-1,-1,,,-1,50,50,0,0
P000,Night,16.814,0.302,1,E_Red_R,Practice,Expected,Amber,Left,17.116,0.274,0,0.854,-0.002,,0.232,0,,-1,-1,,,-1,50,50,0,0
P000,Night,16.814,0.395,1,E_Red_R,Practice,Expected,Amber,Left,17.209,0.366,0,0.863,-0.002,,0.177,0,,-1,-1,,,-1,50,50,0,0
P000,Night,16.814,0.487,1,E_Red_R,Practice,Expected,Amber,Left,17.302,0.459,0,0.868,-0.002,,0.096,0,,-1,-1,,,-1,50,50,0,0
P000,Night,16.814,0.603,1,E_Red_R,Practice,Expected,Amber,Left,17.418,0.575,0,0.87,-0.002,,0.018,1,TrialEnd,17.418,0.575,,,-1,50,50,0,0
P000,Night,16.814,0.603,1,E_Red_R,Practice,Expected,Amber,Left,17.418,0.575,0,0.87,-0.002,,0.018,1,TrialEnd,17.418,0.575,,,-1,50,50,0,0
P000,Night,16.814,0.692,1,E_Red_R,Practice,Expected,Amber,Left,17.506,0.663,0,0.87,-0.002,,0.018,1,TrialEnd,17.418,0.575,,,-1,50,50,0,0
P000,Night,16.814,0.792,1,E_Red_R,Practice,Expected,Amber,Left,17.607,0.764,0,0.87,-0.002,,0.018,1,TrialEnd,17.418,0.575,,,-1,50,50,0,0
P000,Night,16.814,0.89,1,E_Red_R,Practice,Expected,Amber,Left,17.704,0.861,0,0.87,-0.002,,0.018,1,TrialEnd,17.418,0.575,,,-1,50,50,0,0
P000,Night,16.814,0.988,1,E_Red_R,Practice,Expected,Amber,Left,17.803,0.96,0,0.87,-0.002,,0.018,1,TrialEnd,17.418,0.575,,,-1,50,50,0,0
P000,Night,16.814,1.05,1,E_Red_R,Practice,Expected,Amber,Left,17.864,1.021,0,0.87,-0.002,,0.018,1,TrialEnd,17.418,0.575,Red,0,0.447,50,50,0,0
P000,Night,16.814,1.094,1,E_Red_R,Practice,Expected,Amber,Left,17.908,1.065,0,0.87,-0.002,,0.018,1,TrialEnd,17.418,0.575,Red,0,0.447,50,50,0,0
P000,Night,16.814,1.188,1,E_Red_R,Practice,Expected,Amber,Left,18.003,1.16,0,0.87,-0.002,,0.018,1,TrialEnd,17.418,0.575,Red,0,0.447,50,50,0,0
P000,Night,16.814,1.296,1,E_Red_R,Practice,Expected,Amber,Left,18.111,1.268,0,0.87,-0.002,,0.018,1,TrialEnd,17.418,0.575,Red,0,0.447,50,50,0,0
P000,Night,16.814,1.39,1,E_Red_R,Practice,Expected,Amber,Left,18.204,1.362,0,0.87,-0.002,,0.018,1,TrialEnd,17.418,0.575,Red,0,0.447,50,50,0,0
P000,Night,16.814,1.499,1,E_Red_R,Practice,Expected,Amber,Left,18.313,1.471,0,0.87,-0.002,,0.018,1,TrialEnd,17.418,0.575,Red,0,0.447,50,50,0,0
P000,Night,16.814,1.588,1,E_Red_R,Practice,Expected,Amber,Left,18.403,1.56,0,0.87,-0.002,,0.018,1,TrialEnd,17.418,0.575,Red,0,0.447,50,50,0,0
P000,Night,16.814,1.696,1,E_Red_R,Practice,Expected,Amber,Left,18.51,1.667,0,0.87,-0.002,,0.018,1,TrialEnd,17.418,0.575,Red,0,0.447,50,50,0,0
P000,Night,16.814,1.791,1,E_Red_R,Practice,Expected,Amber,Left,18.605,1.763,0,0.87,-0.002,,0.018,1,TrialEnd,17.418,0.575,Red,0,0.447,50,50,0,0
P000,Night,16.814,1.9,1,E_Red_R,Practice,Expected,Amber,Left,18.714,1.871,0,0.87,-0.002,,0.018,1,TrialEnd,17.418,0.575,Red,0,0.447,50,50,0,0
P000,Night,16.814,1.988,1,E_Red_R,Practice,Expected,Amber,Left,18.803,1.96,0,0.87,-0.002,,0.018,1,TrialEnd,17.418,0.575,Red,0,0.447,50,50,0,0
P000,Night,16.814,2.092,1,E_Red_R,Practice,Expected,Amber,Left,18.906,2.063,0,0.87,-0.002,,0.018,1,TrialEnd,17.418,0.575,Red,0,0.447,50,50,0,0
P000,Night,16.814,2.196,1,E_Red_R,Practice,Expected,Amber,Left,19.011,2.168,0,0.87,-0.002,,0.018,1,TrialEnd,17.418,0.575,Red,0,0.447,50,50,0,0
P000,Night,16.814,2.287,1,E_Red_R,Practice,Expected,Amber,Left,19.101,2.258,0,0.87,-0.002,,0.018,1,TrialEnd,17.418,0.575,Red,0,0.447,50,50,0,0
P000,Night,16.814,2.391,1,E_Red_R,Practice,Expected,Amber,Left,19.206,2.363,0,0.87,-0.002,,0.018,1,TrialEnd,17.418,0.575,Red,0,0.447,50,50,0,0
P000,Night,16.814,2.495,1,E_Red_R,Practice,Expected,Amber,Left,19.309,2.467,0,0.87,-0.002,,0.018,1,TrialEnd,17.418,0.575,Red,0,0.447,50,50,0,0
P000,Night,16.814,2.598,1,E_Red_R,Practice,Expected,Amber,Left,19.413,2.57,0,0.87,-0.002,,0.018,1,TrialEnd,17.418,0.575,Red,0,0.447,50,50,0,0
P000,Night,16.814,2.688,1,E_Red_R,Practice,Expected,Amber,Left,19.502,2.66,0,0.87,-0.002,,0.018,1,TrialEnd,17.418,0.575,Red,0,0.447,50,50,0,0
P000,Night,16.814,2.793,1,E_Red_R,Practice,Expected,Amber,Left,19.608,2.765,0,0.87,-0.002,,0.018,1,TrialEnd,17.418,0.575,Red,0,0.447,50,50,0,0
P000,Night,16.814,2.887,1,E_Red_R,Practice,Expected,Amber,Left,19.702,2.859,0,0.87,-0.002,,0.018,1,TrialEnd,17.418,0.575,Red,0,0.447,50,50,0,0
P000,Night,16.814,2.993,1,E_Red_R,Practice,Expected,Amber,Left,19.808,2.965,0,0.87,-0.002,,0.018,1,TrialEnd,17.418,0.575,Red,0,0.447,50,50,0,0
P000,Night,16.814,3.098,1,E_Red_R,Practice,Expected,Amber,Left,19.912,3.07,0,0.87,-0.002,,0.018,1,TrialEnd,17.418,0.575,Red,0,0.447,50,50,0,0
P000,Night,16.814,3.186,1,E_Red_R,Practice,Expected,Amber,Left,20,3.158,0,0.87,-0.002,,0.018,1,TrialEnd,17.418,0.575,Red,0,0.447,50,50,0,0
P000,Night,16.814,3.288,1,E_Red_R,Practice,Expected,Amber,Left,20.102,3.26,0,0.87,-0.002,,0.018,1,TrialEnd,17.418,0.575,Red,0,0.447,50,50,0,0
P000,Night,16.814,3.391,1,E_Red_R,Practice,Expected,Amber,Left,20.206,3.363,0,0.87,-0.002,,0.018,1,TrialEnd,17.418,0.575,Red,0,0.447,50,50,0,0
P000,Night,16.814,3.492,1,E_Red_R,Practice,Expected,Amber,Left,20.306,3.463,0,0.87,-0.002,,0.018,1,TrialEnd,17.418,0.575,Red,0,0.447,50,50,0,0
P000,Night,16.814,3.593,1,E_Red_R,Practice,Expected,Amber,Left,20.407,3.564,0,0.87,-0.002,,0.018,1,TrialEnd,17.418,0.575,Red,0,0.447,50,50,0,0
P000,Night,16.814,3.693,1,E_Red_R,Practice,Expected,Amber,Left,20.508,3.665,0,0.87,-0.002,,0.018,1,TrialEnd,17.418,0.575,Red,0,0.447,50,50,0,0
P000,Night,16.814,3.798,1,E_Red_R,Practice,Expected,Amber,Left,20.613,3.77,0,0.87,-0.002,,0.018,1,TrialEnd,17.418,0.575,Red,0,0.447,50,50,0,0
P000,Night,16.814,3.886,1,E_Red_R,Practice,Expected,Amber,Left,20.701,3.858,0,0.87,-0.002,,0.018,1,TrialEnd,17.418,0.575,Red,0,0.447,50,50,0,0
P000,Night,16.814,3.988,1,E_Red_R,Practice,Expected,Amber,Left,20.802,3.96,0,0.87,-0.002,,0.018,1,TrialEnd,17.418,0.575,Red,0,0.447,50,50,0,0
P000,Night,16.814,4.09,1,E_Red_R,Practice,Expected,Amber,Left,20.905,4.062,0,0.87,-0.002,,0.018,1,TrialEnd,17.418,0.575,Red,0,0.447,50,50,0,0
P000,Night,16.814,4.192,1,E_Red_R,Practice,Expected,Amber,Left,21.006,4.163,0,0.87,-0.002,,0.018,1,TrialEnd,17.418,0.575,Red,0,0.447,50,50,0,0
P000,Night,16.814,4.292,1,E_Red_R,Practice,Expected,Amber,Left,21.107,4.264,0,0.87,-0.002,,0.018,1,TrialEnd,17.418,0.575,Red,0,0.447,50,50,0,0
P000,Night,16.814,4.395,1,E_Red_R,Practice,Expected,Amber,Left,21.21,4.367,0,0.87,-0.002,,0.018,1,TrialEnd,17.418,0.575,Red,0,0.447,50,50,0,0
P000,Night,16.814,4.499,1,E_Red_R,Practice,Expected,Amber,Left,21.314,4.471,0,0.87,-0.002,,0.018,1,TrialEnd,17.418,0.575,Red,0,0.447,50,50,0,0
P000,Night,16.814,4.599,1,E_Red_R,Practice,Expected,Amber,Left,21.414,4.571,0,0.87,-0.002,,0.018,1,TrialEnd,17.418,0.575,Red,0,0.447,50,50,0,0
P000,Night,16.814,4.687,1,E_Red_R,Practice,Expected,Amber,Left,21.501,4.658,0,0.87,-0.002,,0.018,1,TrialEnd,17.418,0.575,Red,0,0.447,50,50,0,0
P000,Night,16.814,4.789,1,E_Red_R,Practice,Expected,Amber,Left,21.603,4.76,0,0.87,-0.002,,0.018,1,TrialEnd,17.418,0.575,Red,0,0.447,50,50,0,0
P000,Night,16.814,4.888,1,E_Red_R,Practice,Expected,Amber,Left,21.703,4.86,0,0.87,-0.002,,0.018,1,TrialEnd,17.418,0.575,Red,0,0.447,50,50,0,0
P000,Night,16.814,4.992,1,E_Red_R,Practice,Expected,Amber,Left,21.807,4.964,0,0.87,-0.002,,0.018,1,TrialEnd,17.418,0.575,Red,0,0.447,50,50,0,0
P000,Night,16.814,5.093,1,E_Red_R,Practice,Expected,Amber,Left,21.908,5.065,0,0.87,-0.002,,0.018,1,TrialEnd,17.418,0.575,Red,0,0.447,50,50,0,0
P000,Night,16.814,5.193,1,E_Red_R,Practice,Expected,Amber,Left,22.007,5.164,0,0.87,-0.002,,0.018,1,TrialEnd,17.418,0.575,Red,0,0.447,50,50,0,0
P000,Night,16.814,5.294,1,E_Red_R,Practice,Expected,Amber,Left,22.109,5.266,0,0.87,-0.002,,0.018,1,TrialEnd,17.418,0.575,Red,0,0.447,50,50,0,0
P000,Night,16.814,5.397,1,E_Red_R,Practice,Expected,Amber,Left,22.212,5.369,0,0.87,-0.002,,0.018,1,TrialEnd,17.418,0.575,Red,0,0.447,50,50,0,0
P000,Night,16.814,5.5,1,E_Red_R,Practice,Expected,Amber,Left,22.315,5.472,0,0.87,-0.002,,0.018,1,TrialEnd,17.418,0.575,Red,0,0.447,50,50,0,0
P000,Night,16.814,5.601,1,E_Red_R,Practice,Expected,Amber,Left,22.416,5.573,0,0.87,-0.002,,0.018,1,TrialEnd,17.418,0.575,Red,0,0.447,50,50,0,0
P000,Night,16.814,5.688,1,E_Red_R,Practice,Expected,Amber,Left,22.502,5.659,0,0.87,-0.002,,0.018,1,TrialEnd,17.418,0.575,Red,0,0.447,50,50,0,0
P000,Night,16.814,5.789,1,E_Red_R,Practice,Expected,Amber,Left,22.603,5.76,0,0.87,-0.002,,0.018,1,TrialEnd,17.418,0.575,Red,0,0.447,50,50,0,0
P000,Night,16.814,5.888,1,E_Red_R,Practice,Expected,Amber,Left,22.702,5.859,0,0.87,-0.002,,0.018,1,TrialEnd,17.418,0.575,Red,0,0.447,50,50,0,0
P000,Night,16.814,5.988,1,E_Red_R,Practice,Expected,Amber,Left,22.802,5.959,0,0.87,-0.002,,0.018,1,TrialEnd,17.418,0.575,Red,0,0.447,50,50,0,0
P000,Night,23.091,0.028,2,U_Amb_R,Practice,Unexpected,Red,Right,23.119,0,0,0.948,-0.002,,4.023,0,,-1,-1,,,-1,50,50,0,0
P000,Night,23.091,0.075,2,U_Amb_R,Practice,Unexpected,Red,Right,23.166,0.047,0,0.948,-0.002,,4.023,0,,-1,-1,,,-1,50,50,0,0
P000,Night,23.091,0.088,2,U_Amb_R,Practice,Unexpected,Red,Right,23.179,0.06,0,0.911,-0.002,,4.389,0,,-1,-1,,,-1,50,50,0,0
P000,Night,23.091,0.112,2,U_Amb_R,Practice,Unexpected,Red,Right,23.203,0.084,0,0.866,-0.002,,3.823,0,,-1,-1,,,-1,50,50,0,0
P000,Night,23.091,0.225,2,U_Amb_R,Practice,Unexpected,Red,Right,23.316,0.197,0,0.847,-0.002,,0.19,0,,-1,-1,,,-1,50,50,0,0
P000,Night,23.091,0.319,2,U_Amb_R,Practice,Unexpected,Red,Right,23.41,0.291,0,0.856,-0.002,,0.224,0,,-1,-1,,,-1,50,50,0,0
P000,Night,23.091,0.421,2,U_Amb_R,Practice,Unexpected,Red,Right,23.513,0.394,0,0.864,-0.002,,0.161,1,TrialEnd,23.513,0.394,,,-1,50,50,0,0
P000,Night,23.091,0.421,2,U_Amb_R,Practice,Unexpected,Red,Right,23.513,0.394,0,0.864,-0.002,,0.161,1,TrialEnd,23.513,0.394,,,-1,50,50,0,0
P000,Night,23.091,0.523,2,U_Amb_R,Practice,Unexpected,Red,Right,23.614,0.495,0,0.864,-0.002,,0.161,1,TrialEnd,23.513,0.394,,,-1,50,50,0,0
P000,Night,23.091,0.613,2,U_Amb_R,Practice,Unexpected,Red,Right,23.704,0.585,0,0.864,-0.002,,0.161,1,TrialEnd,23.513,0.394,,,-1,50,50,0,0
P000,Night,23.091,0.71,2,U_Amb_R,Practice,Unexpected,Red,Right,23.802,0.682,0,0.864,-0.002,,0.161,1,TrialEnd,23.513,0.394,,,-1,50,50,0,0
P000,Night,23.091,0.822,2,U_Amb_R,Practice,Unexpected,Red,Right,23.913,0.794,0,0.864,-0.002,,0.161,1,TrialEnd,23.513,0.394,,,-1,50,50,0,0
P000,Night,23.091,0.917,2,U_Amb_R,Practice,Unexpected,Red,Right,24.008,0.889,0,0.864,-0.002,,0.161,1,TrialEnd,23.513,0.394,Red,1,0.495,50,50,0,0
P000,Night,23.091,0.917,2,U_Amb_R,Practice,Unexpected,Red,Right,24.008,0.889,0,0.864,-0.002,,0.161,1,TrialEnd,23.513,0.394,Red,1,0.495,50,50,0,0
P000,Night,23.091,1.011,2,U_Amb_R,Practice,Unexpected,Red,Right,24.102,0.983,0,0.864,-0.002,,0.161,1,TrialEnd,23.513,0.394,Red,1,0.495,50,50,0,0
P000,Night,23.091,1.123,2,U_Amb_R,Practice,Unexpected,Red,Right,24.215,1.096,0,0.864,-0.002,,0.161,1,TrialEnd,23.513,0.394,Red,1,0.495,50,50,0,0
P000,Night,23.091,1.218,2,U_Amb_R,Practice,Unexpected,Red,Right,24.309,1.19,0,0.864,-0.002,,0.161,1,TrialEnd,23.513,0.394,Red,1,0.495,50,50,0,0
P000,Night,23.091,1.314,2,U_Amb_R,Practice,Unexpected,Red,Right,24.405,1.286,0,0.864,-0.002,,0.161,1,TrialEnd,23.513,0.394,Red,1,0.495,50,50,0,0
P000,Night,23.091,1.413,2,U_Amb_R,Practice,Unexpected,Red,Right,24.504,1.385,0,0.864,-0.002,,0.161,1,TrialEnd,23.513,0.394,Red,1,0.495,50,50,0,0
P000,Night,23.091,1.519,2,U_Amb_R,Practice,Unexpected,Red,Right,24.61,1.491,0,0.864,-0.002,,0.161,1,TrialEnd,23.513,0.394,Red,1,0.495,50,50,0,0
P000,Night,23.091,1.622,2,U_Amb_R,Practice,Unexpected,Red,Right,24.714,1.594,0,0.864,-0.002,,0.161,1,TrialEnd,23.513,0.394,Red,1,0.495,50,50,0,0
P000,Night,23.091,1.71,2,U_Amb_R,Practice,Unexpected,Red,Right,24.802,1.683,0,0.864,-0.002,,0.161,1,TrialEnd,23.513,0.394,Red,1,0.495,50,50,0,0
P000,Night,23.091,1.816,2,U_Amb_R,Practice,Unexpected,Red,Right,24.907,1.788,0,0.864,-0.002,,0.161,1,TrialEnd,23.513,0.394,Red,1,0.495,50,50,0,0
P000,Night,23.091,1.92,2,U_Amb_R,Practice,Unexpected,Red,Right,25.011,1.892,0,0.864,-0.002,,0.161,1,TrialEnd,23.513,0.394,Red,1,0.495,50,50,0,0
P000,Night,23.091,2.021,2,U_Amb_R,Practice,Unexpected,Red,Right,25.112,1.993,0,0.864,-0.002,,0.161,1,TrialEnd,23.513,0.394,Red,1,0.495,50,50,0,0
P000,Night,23.091,2.11,2,U_Amb_R,Practice,Unexpected,Red,Right,25.201,2.082,0,0.864,-0.002,,0.161,1,TrialEnd,23.513,0.394,Red,1,0.495,50,50,0,0
P000,Night,23.091,2.214,2,U_Amb_R,Practice,Unexpected,Red,Right,25.305,2.186,0,0.864,-0.002,,0.161,1,TrialEnd,23.513,0.394,Red,1,0.495,50,50,0,0
P000,Night,23.091,2.316,2,U_Amb_R,Practice,Unexpected,Red,Right,25.407,2.288,0,0.864,-0.002,,0.161,1,TrialEnd,23.513,0.394,Red,1,0.495,50,50,0,0
P000,Night,23.091,2.417,2,U_Amb_R,Practice,Unexpected,Red,Right,25.509,2.39,0,0.864,-0.002,,0.161,1,TrialEnd,23.513,0.394,Red,1,0.495,50,50,0,0
P000,Night,23.091,2.518,2,U_Amb_R,Practice,Unexpected,Red,Right,25.61,2.491,0,0.864,-0.002,,0.161,1,TrialEnd,23.513,0.394,Red,1,0.495,50,50,0,0
P000,Night,23.091,2.622,2,U_Amb_R,Practice,Unexpected,Red,Right,25.713,2.594,0,0.864,-0.002,,0.161,1,TrialEnd,23.513,0.394,Red,1,0.495,50,50,0,0
P000,Night,23.091,2.725,2,U_Amb_R,Practice,Unexpected,Red,Right,25.816,2.697,0,0.864,-0.002,,0.161,1,TrialEnd,23.513,0.394,Red,1,0.495,50,50,0,0
P000,Night,23.091,2.81,2,U_Amb_R,Practice,Unexpected,Red,Right,25.901,2.782,0,0.864,-0.002,,0.161,1,TrialEnd,23.513,0.394,Red,1,0.495,50,50,0,0
P000,Night,23.091,2.913,2,U_Amb_R,Practice,Unexpected,Red,Right,26.004,2.885,0,0.864,-0.002,,0.161,1,TrialEnd,23.513,0.394,Red,1,0.495,50,50,0,0
P000,Night,23.091,3.018,2,U_Amb_R,Practice,Unexpected,Red,Right,26.109,2.99,0,0.864,-0.002,,0.161,1,TrialEnd,23.513,0.394,Red,1,0.495,50,50,0,0
P000,Night,23.091,3.119,2,U_Amb_R,Practice,Unexpected,Red,Right,26.211,3.091,0,0.864,-0.002,,0.161,1,TrialEnd,23.513,0.394,Red,1,0.495,50,50,0,0
P000,Night,23.091,3.221,2,U_Amb_R,Practice,Unexpected,Red,Right,26.312,3.193,0,0.864,-0.002,,0.161,1,TrialEnd,23.513,0.394,Red,1,0.495,50,50,0,0
P000,Night,23.091,3.326,2,U_Amb_R,Practice,Unexpected,Red,Right,26.417,3.298,0,0.864,-0.002,,0.161,1,TrialEnd,23.513,0.394,Red,1,0.495,50,50,0,0
P000,Night,23.091,3.411,2,U_Amb_R,Practice,Unexpected,Red,Right,26.502,3.383,0,0.864,-0.002,,0.161,1,TrialEnd,23.513,0.394,Red,1,0.495,50,50,0,0
P000,Night,23.091,3.522,2,U_Amb_R,Practice,Unexpected,Red,Right,26.613,3.494,0,0.864,-0.002,,0.161,1,TrialEnd,23.513,0.394,Red,1,0.495,50,50,0,0
P000,Night,23.091,3.61,2,U_Amb_R,Practice,Unexpected,Red,Right,26.701,3.582,0,0.864,-0.002,,0.161,1,TrialEnd,23.513,0.394,Red,1,0.495,50,50,0,0
P000,Night,23.091,3.713,2,U_Amb_R,Practice,Unexpected,Red,Right,26.804,3.685,0,0.864,-0.002,,0.161,1,TrialEnd,23.513,0.394,Red,1,0.495,50,50,0,0
P000,Night,23.091,3.817,2,U_Amb_R,Practice,Unexpected,Red,Right,26.908,3.789,0,0.864,-0.002,,0.161,1,TrialEnd,23.513,0.394,Red,1,0.495,50,50,0,0
P000,Night,23.091,3.92,2,U_Amb_R,Practice,Unexpected,Red,Right,27.011,3.892,0,0.864,-0.002,,0.161,1,TrialEnd,23.513,0.394,Red,1,0.495,50,50,0,0
P000,Night,23.091,4.023,2,U_Amb_R,Practice,Unexpected,Red,Right,27.114,3.995,0,0.864,-0.002,,0.161,1,TrialEnd,23.513,0.394,Red,1,0.495,50,50,0,0
P000,Night,23.091,4.111,2,U_Amb_R,Practice,Unexpected,Red,Right,27.203,4.084,0,0.864,-0.002,,0.161,1,TrialEnd,23.513,0.394,Red,1,0.495,50,50,0,0
P000,Night,23.091,4.217,2,U_Amb_R,Practice,Unexpected,Red,Right,27.308,4.189,0,0.864,-0.002,,0.161,1,TrialEnd,23.513,0.394,Red,1,0.495,50,50,0,0
P000,Night,23.091,4.32,2,U_Amb_R,Practice,Unexpected,Red,Right,27.411,4.292,0,0.864,-0.002,,0.161,1,TrialEnd,23.513,0.394,Red,1,0.495,50,50,0,0
P000,Night,23.091,4.42,2,U_Amb_R,Practice,Unexpected,Red,Right,27.511,4.392,0,0.864,-0.002,,0.161,1,TrialEnd,23.513,0.394,Red,1,0.495,50,50,0,0
P000,Night,23.091,4.51,2,U_Amb_R,Practice,Unexpected,Red,Right,27.601,4.482,0,0.864,-0.002,,0.161,1,TrialEnd,23.513,0.394,Red,1,0.495,50,50,0,0
P000,Night,23.091,4.616,2,U_Amb_R,Practice,Unexpected,Red,Right,27.707,4.588,0,0.864,-0.002,,0.161,1,TrialEnd,23.513,0.394,Red,1,0.495,50,50,0,0
P000,Night,23.091,4.719,2,U_Amb_R,Practice,Unexpected,Red,Right,27.81,4.691,0,0.864,-0.002,,0.161,1,TrialEnd,23.513,0.394,Red,1,0.495,50,50,0,0
P000,Night,23.091,4.82,2,U_Amb_R,Practice,Unexpected,Red,Right,27.912,4.793,0,0.864,-0.002,,0.161,1,TrialEnd,23.513,0.394,Red,1,0.495,50,50,0,0
P000,Night,23.091,4.921,2,U_Amb_R,Practice,Unexpected,Red,Right,28.013,4.893,0,0.864,-0.002,,0.161,1,TrialEnd,23.513,0.394,Red,1,0.495,50,50,0,0
P000,Night,23.091,5.011,2,U_Amb_R,Practice,Unexpected,Red,Right,28.102,4.983,0,0.864,-0.002,,0.161,1,TrialEnd,23.513,0.394,Red,1,0.495,50,50,0,0
P000,Night,23.091,5.112,2,U_Amb_R,Practice,Unexpected,Red,Right,28.203,5.084,0,0.864,-0.002,,0.161,1,TrialEnd,23.513,0.394,Red,1,0.495,50,50,0,0
P000,Night,23.091,5.213,2,U_Amb_R,Practice,Unexpected,Red,Right,28.304,5.185,0,0.864,-0.002,,0.161,1,TrialEnd,23.513,0.394,Red,1,0.495,50,50,0,0
P000,Night,23.091,5.318,2,U_Amb_R,Practice,Unexpected,Red,Right,28.409,5.29,0,0.864,-0.002,,0.161,1,TrialEnd,23.513,0.394,Red,1,0.495,50,50,0,0
P000,Night,23.091,5.42,2,U_Amb_R,Practice,Unexpected,Red,Right,28.511,5.392,0,0.864,-0.002,,0.161,1,TrialEnd,23.513,0.394,Red,1,0.495,50,50,0,0
P000,Night,23.091,5.524,2,U_Amb_R,Practice,Unexpected,Red,Right,28.615,5.496,0,0.864,-0.002,,0.161,1,TrialEnd,23.513,0.394,Red,1,0.495,50,50,0,0
P000,Night,23.091,5.609,2,U_Amb_R,Practice,Unexpected,Red,Right,28.701,5.582,0,0.864,-0.002,,0.161,1,TrialEnd,23.513,0.394,Red,1,0.495,50,50,0,0
P000,Night,23.091,5.714,2,U_Amb_R,Practice,Unexpected,Red,Right,28.806,5.686,0,0.864,-0.002,,0.161,1,TrialEnd,23.513,0.394,Red,1,0.495,50,50,0,0
P000,Night,23.091,5.82,2,U_Amb_R,Practice,Unexpected,Red,Right,28.911,5.792,0,0.864,-0.002,,0.161,1,TrialEnd,23.513,0.394,Red,1,0.495,50,50,0,0
P000,Night,29.288,0.031,3,E_Amb_L,Practice,Unexpected,Amber,Right,29.319,0,0,0.905,-0.002,,4.389,0,,-1,-1,,,-1,50,50,0,0
P000,Night,29.288,0.098,3,E_Amb_L,Practice,Unexpected,Amber,Right,29.386,0.067,0,0.905,-0.002,,4.389,0,,-1,-1,,,-1,50,50,0,0
P000,Night,29.288,0.111,3,E_Amb_L,Practice,Unexpected,Amber,Right,29.399,0.08,0,0.869,-0.002,,3.823,0,,-1,-1,,,-1,50,50,0,0
P000,Night,29.288,0.124,3,E_Amb_L,Practice,Unexpected,Amber,Right,29.412,0.093,0,0.847,-0.002,,3.354,0,,-1,-1,,,-1,50,50,0,0
P000,Night,29.288,0.139,3,E_Amb_L,Practice,Unexpected,Amber,Right,29.427,0.108,0,0.837,-0.002,,0,0,,-1,-1,,,-1,50,50,0,0
P000,Night,29.288,0.216,3,E_Amb_L,Practice,Unexpected,Amber,Right,29.504,0.185,0,0.846,-0.002,,0.19,0,,-1,-1,,,-1,50,50,0,0
P000,Night,29.288,0.328,3,E_Amb_L,Practice,Unexpected,Amber,Right,29.616,0.297,0,0.857,-0.002,,0.224,0,,-1,-1,,,-1,50,50,0,0
P000,Night,29.288,0.414,3,E_Amb_L,Practice,Unexpected,Amber,Right,29.702,0.383,0,0.865,-0.002,,0.161,0,,-1,-1,,,-1,50,50,0,0
P000,Night,29.288,0.517,3,E_Amb_L,Practice,Unexpected,Amber,Right,29.805,0.486,0,0.87,-0.002,,0.053,0,,-1,-1,,,-1,50,50,0,0
P000,Night,29.288,0.615,3,E_Amb_L,Practice,Unexpected,Amber,Right,29.903,0.584,0,0.871,-0.002,,0.001,0,,-1,-1,,,-1,50,50,0,0
P000,Night,29.288,0.724,3,E_Amb_L,Practice,Unexpected,Amber,Right,30.012,0.693,0,0.87,-0.002,,0.027,0,,-1,-1,,,-1,50,50,0,0
P000,Night,29.288,0.815,3,E_Amb_L,Practice,Unexpected,Amber,Right,30.103,0.784,0,0.869,-0.002,,0.026,0,,-1,-1,,,-1,50,50,0,0
P000,Night,29.288,0.917,3,E_Amb_L,Practice,Unexpected,Amber,Right,30.205,0.886,0,0.868,-0.002,,0.013,0,,-1,-1,,,-1,50,50,0,0
P000,Night,29.288,1.028,3,E_Amb_L,Practice,Unexpected,Amber,Right,30.316,0.997,0,0.867,-0.002,,0.004,1,TrialEnd,30.316,0.997,,,-1,50,50,0,0
P000,Night,29.288,1.028,3,E_Amb_L,Practice,Unexpected,Amber,Right,30.316,0.997,0,0.867,-0.002,,0.004,1,TrialEnd,30.316,0.997,,,-1,50,50,0,0
P000,Night,29.288,1.12,3,E_Amb_L,Practice,Unexpected,Amber,Right,30.408,1.089,0,0.867,-0.002,,0.004,1,TrialEnd,30.316,0.997,,,-1,50,50,0,0
P000,Night,29.288,1.223,3,E_Amb_L,Practice,Unexpected,Amber,Right,30.511,1.192,0,0.867,-0.002,,0.004,1,TrialEnd,30.316,0.997,,,-1,50,50,0,0
P000,Night,29.288,1.302,3,E_Amb_L,Practice,Unexpected,Amber,Right,30.59,1.271,0,0.867,-0.002,,0.004,1,TrialEnd,30.316,0.997,Red,0,0.274,50,50,0,0
P000,Night,29.288,1.315,3,E_Amb_L,Practice,Unexpected,Amber,Right,30.603,1.284,0,0.867,-0.002,,0.004,1,TrialEnd,30.316,0.997,Red,0,0.274,50,50,0,0
P000,Night,29.288,1.413,3,E_Amb_L,Practice,Unexpected,Amber,Right,30.701,1.382,0,0.867,-0.002,,0.004,1,TrialEnd,30.316,0.997,Red,0,0.274,50,50,0,0
P000,Night,29.288,1.524,3,E_Amb_L,Practice,Unexpected,Amber,Right,30.812,1.493,0,0.867,-0.002,,0.004,1,TrialEnd,30.316,0.997,Red,0,0.274,50,50,0,0
P000,Night,29.288,1.62,3,E_Amb_L,Practice,Unexpected,Amber,Right,30.909,1.589,0,0.867,-0.002,,0.004,1,TrialEnd,30.316,0.997,Red,0,0.274,50,50,0,0
P000,Night,29.288,1.726,3,E_Amb_L,Practice,Unexpected,Amber,Right,31.014,1.695,0,0.867,-0.002,,0.004,1,TrialEnd,30.316,0.997,Red,0,0.274,50,50,0,0
P000,Night,29.288,1.827,3,E_Amb_L,Practice,Unexpected,Amber,Right,31.115,1.796,0,0.867,-0.002,,0.004,1,TrialEnd,30.316,0.997,Red,0,0.274,50,50,0,0
P000,Night,29.288,1.924,3,E_Amb_L,Practice,Unexpected,Amber,Right,31.213,1.893,0,0.867,-0.002,,0.004,1,TrialEnd,30.316,0.997,Red,0,0.274,50,50,0,0
P000,Night,29.288,2.025,3,E_Amb_L,Practice,Unexpected,Amber,Right,31.314,1.995,0,0.867,-0.002,,0.004,1,TrialEnd,30.316,0.997,Red,0,0.274,50,50,0,0
P000,Night,29.288,2.122,3,E_Amb_L,Practice,Unexpected,Amber,Right,31.41,2.091,0,0.867,-0.002,,0.004,1,TrialEnd,30.316,0.997,Red,0,0.274,50,50,0,0
P000,Night,29.288,2.214,3,E_Amb_L,Practice,Unexpected,Amber,Right,31.502,2.183,0,0.867,-0.002,,0.004,1,TrialEnd,30.316,0.997,Red,0,0.274,50,50,0,0
P000,Night,29.288,2.327,3,E_Amb_L,Practice,Unexpected,Amber,Right,31.615,2.296,0,0.867,-0.002,,0.004,1,TrialEnd,30.316,0.997,Red,0,0.274,50,50,0,0
P000,Night,29.288,2.424,3,E_Amb_L,Practice,Unexpected,Amber,Right,31.713,2.393,0,0.867,-0.002,,0.004,1,TrialEnd,30.316,0.997,Red,0,0.274,50,50,0,0
P000,Night,29.288,2.525,3,E_Amb_L,Practice,Unexpected,Amber,Right,31.813,2.494,0,0.867,-0.002,,0.004,1,TrialEnd,30.316,0.997,Red,0,0.274,50,50,0,0
P000,Night,29.288,2.624,3,E_Amb_L,Practice,Unexpected,Amber,Right,31.912,2.593,0,0.867,-0.002,,0.004,1,TrialEnd,30.316,0.997,Red,0,0.274,50,50,0,0
P000,Night,29.288,2.719,3,E_Amb_L,Practice,Unexpected,Amber,Right,32.007,2.688,0,0.867,-0.002,,0.004,1,TrialEnd,30.316,0.997,Red,0,0.274,50,50,0,0
P000,Night,29.288,2.813,3,E_Amb_L,Practice,Unexpected,Amber,Right,32.101,2.782,0,0.867,-0.002,,0.004,1,TrialEnd,30.316,0.997,Red,0,0.274,50,50,0,0
P000,Night,29.288,2.924,3,E_Amb_L,Practice,Unexpected,Amber,Right,32.212,2.893,0,0.867,-0.002,,0.004,1,TrialEnd,30.316,0.997,Red,0,0.274,50,50,0,0
P000,Night,29.288,3.02,3,E_Amb_L,Practice,Unexpected,Amber,Right,32.308,2.989,0,0.867,-0.002,,0.004,1,TrialEnd,30.316,0.997,Red,0,0.274,50,50,0,0
P000,Night,29.288,3.118,3,E_Amb_L,Practice,Unexpected,Amber,Right,32.407,3.087,0,0.867,-0.002,,0.004,1,TrialEnd,30.316,0.997,Red,0,0.274,50,50,0,0
P000,Night,29.288,3.217,3,E_Amb_L,Practice,Unexpected,Amber,Right,32.505,3.186,0,0.867,-0.002,,0.004,1,TrialEnd,30.316,0.997,Red,0,0.274,50,50,0,0
P000,Night,29.288,3.316,3,E_Amb_L,Practice,Unexpected,Amber,Right,32.604,3.285,0,0.867,-0.002,,0.004,1,TrialEnd,30.316,0.997,Red,0,0.274,50,50,0,0
P000,Night,29.288,3.418,3,E_Amb_L,Practice,Unexpected,Amber,Right,32.706,3.387,0,0.867,-0.002,,0.004,1,TrialEnd,30.316,0.997,Red,0,0.274,50,50,0,0
P000,Night,29.288,3.518,3,E_Amb_L,Practice,Unexpected,Amber,Right,32.806,3.487,0,0.867,-0.002,,0.004,1,TrialEnd,30.316,0.997,Red,0,0.274,50,50,0,0
P000,Night,29.288,3.615,3,E_Amb_L,Practice,Unexpected,Amber,Right,32.904,3.584,0,0.867,-0.002,,0.004,1,TrialEnd,30.316,0.997,Red,0,0.274,50,50,0,0
P000,Night,29.288,3.714,3,E_Amb_L,Practice,Unexpected,Amber,Right,33.002,3.683,0,0.867,-0.002,,0.004,1,TrialEnd,30.316,0.997,Red,0,0.274,50,50,0,0
P000,Night,29.288,3.825,3,E_Amb_L,Practice,Unexpected,Amber,Right,33.113,3.794,0,0.867,-0.002,,0.004,1,TrialEnd,30.316,0.997,Red,0,0.274,50,50,0,0
P000,Night,29.288,3.922,3,E_Amb_L,Practice,Unexpected,Amber,Right,33.21,3.891,0,0.867,-0.002,,0.004,1,TrialEnd,30.316,0.997,Red,0,0.274,50,50,0,0
P000,Night,29.288,4.016,3,E_Amb_L,Practice,Unexpected,Amber,Right,33.304,3.985,0,0.867,-0.002,,0.004,1,TrialEnd,30.316,0.997,Red,0,0.274,50,50,0,0
P000,Night,29.288,4.114,3,E_Amb_L,Practice,Unexpected,Amber,Right,33.402,4.083,0,0.867,-0.002,,0.004,1,TrialEnd,30.316,0.997,Red,0,0.274,50,50,0,0
P000,Night,29.288,4.224,3,E_Amb_L,Practice,Unexpected,Amber,Right,33.512,4.193,0,0.867,-0.002,,0.004,1,TrialEnd,30.316,0.997,Red,0,0.274,50,50,0,0
P000,Night,29.288,4.322,3,E_Amb_L,Practice,Unexpected,Amber,Right,33.611,4.292,0,0.867,-0.002,,0.004,1,TrialEnd,30.316,0.997,Red,0,0.274,50,50,0,0
P000,Night,29.288,4.419,3,E_Amb_L,Practice,Unexpected,Amber,Right,33.707,4.388,0,0.867,-0.002,,0.004,1,TrialEnd,30.316,0.997,Red,0,0.274,50,50,0,0
P000,Night,29.288,4.514,3,E_Amb_L,Practice,Unexpected,Amber,Right,33.802,4.483,0,0.867,-0.002,,0.004,1,TrialEnd,30.316,0.997,Red,0,0.274,50,50,0,0
P000,Night,29.288,4.626,3,E_Amb_L,Practice,Unexpected,Amber,Right,33.914,4.595,0,0.867,-0.002,,0.004,1,TrialEnd,30.316,0.997,Red,0,0.274,50,50,0,0
P000,Night,29.288,4.724,3,E_Amb_L,Practice,Unexpected,Amber,Right,34.012,4.693,0,0.867,-0.002,,0.004,1,TrialEnd,30.316,0.997,Red,0,0.274,50,50,0,0
P000,Night,29.288,4.82,3,E_Amb_L,Practice,Unexpected,Amber,Right,34.108,4.789,0,0.867,-0.002,,0.004,1,TrialEnd,30.316,0.997,Red,0,0.274,50,50,0,0
P000,Night,29.288,4.913,3,E_Amb_L,Practice,Unexpected,Amber,Right,34.201,4.882,0,0.867,-0.002,,0.004,1,TrialEnd,30.316,0.997,Red,0,0.274,50,50,0,0
P000,Night,29.288,5.026,3,E_Amb_L,Practice,Unexpected,Amber,Right,34.314,4.995,0,0.867,-0.002,,0.004,1,TrialEnd,30.316,0.997,Red,0,0.274,50,50,0,0
P000,Night,29.288,5.125,3,E_Amb_L,Practice,Unexpected,Amber,Right,34.414,5.094,0,0.867,-0.002,,0.004,1,TrialEnd,30.316,0.997,Red,0,0.274,50,50,0,0
P000,Night,29.288,5.223,3,E_Amb_L,Practice,Unexpected,Amber,Right,34.511,5.192,0,0.867,-0.002,,0.004,1,TrialEnd,30.316,0.997,Red,0,0.274,50,50,0,0
P000,Night,29.288,5.319,3,E_Amb_L,Practice,Unexpected,Amber,Right,34.607,5.288,0,0.867,-0.002,,0.004,1,TrialEnd,30.316,0.997,Red,0,0.274,50,50,0,0
P000,Night,29.288,5.42,3,E_Amb_L,Practice,Unexpected,Amber,Right,34.708,5.389,0,0.867,-0.002,,0.004,1,TrialEnd,30.316,0.997,Red,0,0.274,50,50,0,0
P000,Night,29.288,5.516,3,E_Amb_L,Practice,Unexpected,Amber,Right,34.804,5.485,0,0.867,-0.002,,0.004,1,TrialEnd,30.316,0.997,Red,0,0.274,50,50,0,0
P000,Night,29.288,5.627,3,E_Amb_L,Practice,Unexpected,Amber,Right,34.915,5.596,0,0.867,-0.002,,0.004,1,TrialEnd,30.316,0.997,Red,0,0.274,50,50,0,0
P000,Night,29.288,5.723,3,E_Amb_L,Practice,Unexpected,Amber,Right,35.011,5.692,0,0.867,-0.002,,0.004,1,TrialEnd,30.316,0.997,Red,0,0.274,50,50,0,0
P000,Night,29.288,5.817,3,E_Amb_L,Practice,Unexpected,Amber,Right,35.105,5.786,0,0.867,-0.002,,0.004,1,TrialEnd,30.316,0.997,Red,0,0.274,50,50,0,0
P000,Night,29.288,5.913,3,E_Amb_L,Practice,Unexpected,Amber,Right,35.201,5.882,0,0.867,-0.002,,0.004,1,TrialEnd,30.316,0.997,Red,0,0.274,50,50,0,0
P000,Night,29.288,6.026,3,E_Amb_L,Practice,Unexpected,Amber,Right,35.314,5.995,0,0.867,-0.002,,0.004,1,TrialEnd,30.316,0.997,Red,0,0.274,50,50,0,0
P000,Night,29.288,6.126,3,E_Amb_L,Practice,Unexpected,Amber,Right,35.414,6.095,0,0.867,-0.002,,0.004,1,TrialEnd,30.316,0.997,Red,0,0.274,50,50,0,0
P000,Night,29.288,6.223,3,E_Amb_L,Practice,Unexpected,Amber,Right,35.511,6.192,0,0.867,-0.002,,0.004,1,TrialEnd,30.316,0.997,Red,0,0.274,50,50,0,0
P000,Night,35.628,0.048,4,SubBlock,,,,,35.676,0.034,,,,,0.004,0,,-1,-1,,,-1,50,50,0,0
P000,Night,35.628,0.075,4,SubBlock,,,,,35.703,0.062,,,,,0.004,0,,-1,-1,,,-1,50,50,0,0
P000,Night,35.628,0.177,4,SubBlock,,,,,35.804,0.163,,,,,0.004,0,,-1,-1,,,-1,50,50,0,0
P000,Night,35.628,0.277,4,SubBlock,,,,,35.904,0.263,,,,,0.004,0,,-1,-1,,,-1,50,50,0,0
P000,Night,35.628,0.376,4,SubBlock,,,,,36.004,0.363,,,,,0.004,0,,-1,-1,,,-1,50,50,0,0
P000,Night,35.628,0.476,4,SubBlock,,,,,36.103,0.462,,,,,0.004,0,,-1,-1,,,-1,50,50,0,0
P000,Night,35.628,0.575,4,SubBlock,,,,,36.203,0.561,,,,,0.004,0,,-1,-1,,,-1,50,50,0,0
P000,Night,35.628,0.675,4,SubBlock,,,,,36.303,0.662,,,,,0.004,0,,-1,-1,,,-1,50,50,0,0
P000,Night,35.628,0.776,4,SubBlock,,,,,36.404,0.763,,,,,0.004,0,,-1,-1,,,-1,50,50,0,0
P000,Night,35.628,0.873,4,SubBlock,,,,,36.501,0.86,,,,,0.004,0,,-1,-1,,,-1,50,50,0,0
P000,Night,35.628,0.975,4,SubBlock,,,,,36.603,0.961,,,,,0.004,0,,-1,-1,,,-1,50,50,0,0
P000,Night,35.628,1.073,4,SubBlock,,,,,36.701,1.06,,,,,0.004,0,,-1,-1,,,-1,50,50,0,0
P000,Night,35.628,1.173,4,SubBlock,,,,,36.801,1.16,,,,,0.004,0,,-1,-1,,,-1,50,50,0,0
P000,Night,35.628,1.275,4,SubBlock,,,,,36.903,1.262,,,,,0.004,0,,-1,-1,,,-1,50,50,0,0
P000,Night,35.628,1.373,4,SubBlock,,,,,37.001,1.359,,,,,0.004,0,,-1,-1,,,-1,50,50,0,0
P000,Night,35.628,1.473,4,SubBlock,,,,,37.101,1.46,,,,,0.004,0,,-1,-1,,,-1,50,50,0,0
P000,Night,35.628,1.577,4,SubBlock,,,,,37.204,1.563,,,,,0.004,0,,-1,-1,,,-1,50,50,0,0
P000,Night,35.628,1.677,4,SubBlock,,,,,37.305,1.663,,,,,0.004,0,,-1,-1,,,-1,50,50,0,0
P000,Night,35.628,1.775,4,SubBlock,,,,,37.403,1.762,,,,,0.004,0,,-1,-1,,,-1,50,50,0,0
P000,Night,35.628,1.877,4,SubBlock,,,,,37.505,1.863,,,,,0.004,0,,-1,-1,,,-1,50,50,0,0
P000,Night,35.628,1.975,4,SubBlock,,,,,37.602,1.961,,,,,0.004,0,,-1,-1,,,-1,50,50,0,0
P000,Night,35.628,2.074,4,SubBlock,,,,,37.702,2.06,,,,,0.004,0,,-1,-1,,,-1,50,50,0,0
P000,Night,35.628,2.173,4,SubBlock,,,,,37.801,2.16,,,,,0.004,0,,-1,-1,,,-1,50,50,0,0
P000,Night,35.628,2.275,4,SubBlock,,,,,37.903,2.262,,,,,0.004,0,,-1,-1,,,-1,50,50,0,0
P000,Night,35.628,2.376,4,SubBlock,,,,,38.004,2.363,,,,,0.004,0,,-1,-1,,,-1,50,50,0,0
P000,Night,35.628,2.477,4,SubBlock,,,,,38.104,2.463,,,,,0.004,0,,-1,-1,,,-1,50,50,0,0
P000,Night,35.628,2.576,4,SubBlock,,,,,38.203,2.562,,,,,0.004,0,,-1,-1,,,-1,50,50,0,0
P000,Night,35.628,2.676,4,SubBlock,,,,,38.304,2.663,,,,,0.004,0,,-1,-1,,,-1,50,50,0,0
P000,Night,35.628,2.776,4,SubBlock,,,,,38.403,2.762,,,,,0.004,0,,-1,-1,,,-1,50,50,0,0
P000,Night,35.628,2.876,4,SubBlock,,,,,38.504,2.862,,,,,0.004,0,,-1,-1,,,-1,50,50,0,0
P000,Night,35.628,2.976,4,SubBlock,,,,,38.604,2.963,,,,,0.004,0,,-1,-1,,,-1,50,50,0,0
P000,Night,35.628,3.075,4,SubBlock,,,,,38.703,3.062,,,,,0.004,0,,-1,-1,,,-1,50,50,0,0
P000,Night,35.628,3.175,4,SubBlock,,,,,38.803,3.162,,,,,0.004,0,,-1,-1,,,-1,50,50,0,0
P000,Night,35.628,3.275,4,SubBlock,,,,,38.902,3.261,,,,,0.004,0,,-1,-1,,,-1,50,50,0,0
P000,Night,35.628,3.374,4,SubBlock,,,,,39.001,3.36,,,,,0.004,0,,-1,-1,,,-1,50,50,0,0
P000,Night,35.628,3.476,4,SubBlock,,,,,39.103,3.462,,,,,0.004,0,,-1,-1,,,-1,50,50,0,0
P000,Night,35.628,3.575,4,SubBlock,,,,,39.203,3.562,,,,,0.004,0,,-1,-1,,,-1,50,50,0,0
P000,Night,35.628,3.673,4,SubBlock,,,,,39.301,3.66,,,,,0.004,0,,-1,-1,,,-1,50,50,0,0
P000,Night,35.628,3.777,4,SubBlock,,,,,39.404,3.763,,,,,0.004,0,,-1,-1,,,-1,50,50,0,0
P000,Night,35.628,3.876,4,SubBlock,,,,,39.503,3.862,,,,,0.004,0,,-1,-1,,,-1,50,50,0,0
P000,Night,35.628,3.978,4,SubBlock,,,,,39.605,3.964,,,,,0.004,0,,-1,-1,,,-1,50,50,0,0
P000,Night,35.628,4.073,4,SubBlock,,,,,39.701,4.06,,,,,0.004,0,,-1,-1,,,-1,50,50,0,0
P000,Night,35.628,4.178,4,SubBlock,,,,,39.805,4.164,,,,,0.004,0,,-1,-1,,,-1,50,50,0,0
P000,Night,35.628,4.275,4,SubBlock,,,,,39.903,4.262,,,,,0.004,0,,-1,-1,,,-1,50,50,0,0
P000,Night,35.628,4.373,4,SubBlock,,,,,40,4.359,,,,,0.004,0,,-1,-1,,,-1,50,50,0,0
P000,Night,35.628,4.476,4,SubBlock,,,,,40.104,4.462,,,,,0.004,0,,-1,-1,,,-1,50,50,0,0
P000,Night,35.628,4.575,4,SubBlock,,,,,40.202,4.561,,,,,0.004,0,,-1,-1,,,-1,50,50,0,0
P000,Night,35.628,4.673,4,SubBlock,,,,,40.301,4.66,,,,,0.004,0,,-1,-1,,,-1,50,50,0,0
P000,Night,35.628,4.776,4,SubBlock,,,,,40.403,4.762,,,,,0.004,0,,-1,-1,,,-1,50,50,0,0
P000,Night,35.628,4.875,4,SubBlock,,,,,40.503,4.862,,,,,0.004,0,,-1,-1,,,-1,50,50,0,0
P000,Night,35.628,4.975,4,SubBlock,,,,,40.603,4.961,,,,,0.004,0,,-1,-1,,,-1,50,50,0,0
P000,Night,35.628,5.074,4,SubBlock,,,,,40.701,5.06,,,,,0.004,0,,-1,-1,,,-1,50,50,0,0
P000,Night,35.628,5.174,4,SubBlock,,,,,40.802,5.161,,,,,0.004,0,,-1,-1,,,-1,50,50,0,0
P000,Night,35.628,5.275,4,SubBlock,,,,,40.903,5.262,,,,,0.004,0,,-1,-1,,,-1,50,50,0,0
P000,Night,35.628,5.374,4,SubBlock,,,,,41.001,5.36,,,,,0.004,0,,-1,-1,,,-1,50,50,0,0
P000,Night,35.628,5.474,4,SubBlock,,,,,41.102,5.46,,,,,0.004,0,,-1,-1,,,-1,50,50,0,0
P000,Night,35.628,5.577,4,SubBlock,,,,,41.204,5.563,,,,,0.004,0,,-1,-1,,,-1,50,50,0,0
P000,Night,35.628,5.675,4,SubBlock,,,,,41.303,5.662,,,,,0.004,0,,-1,-1,,,-1,50,50,0,0
P000,Night,35.628,5.775,4,SubBlock,,,,,41.403,5.761,,,,,0.004,0,,-1,-1,,,-1,50,50,0,0
P000,Night,35.628,5.876,4,SubBlock,,,,,41.504,5.862,,,,,0.004,0,,-1,-1,,,-1,50,50,0,0
P000,Night,35.628,5.975,4,SubBlock,,,,,41.603,5.962,,,,,0.004,0,,-1,-1,,,-1,50,50,0,0
P000,Night,35.628,6.074,4,SubBlock,,,,,41.702,6.061,,,,,0.004,0,,-1,-1,,,-1,50,50,0,0
P000,Night,35.628,6.177,4,SubBlock,,,,,41.805,6.163,,,,,0.004,0,,-1,-1,,,-1,50,50,0,0
P000,Night,35.628,6.274,4,SubBlock,,,,,41.902,6.26,,,,,0.004,0,,-1,-1,,,-1,50,50,0,0
P000,Night,35.628,6.375,4,SubBlock,,,,,42.003,6.361,,,,,0.004,0,,-1,-1,,,-1,50,50,0,0
P000,Night,35.628,6.476,4,SubBlock,,,,,42.104,6.462,,,,,0.004,0,,-1,-1,,,-1,50,50,0,0
P000,Night,35.628,6.573,4,SubBlock,,,,,42.2,6.559,,,,,0.004,0,,-1,-1,,,-1,50,50,0,0
P000,Night,35.628,6.674,4,SubBlock,,,,,42.302,6.661,,,,,0.004,0,,-1,-1,,,-1,50,50,0,0
P000,Night,35.628,6.774,4,SubBlock,,,,,42.402,6.761,,,,,0.004,0,,-1,-1,,,-1,50,50,0,0
P000,Night,35.628,6.877,4,SubBlock,,,,,42.504,6.863,,,,,0.004,0,,-1,-1,,,-1,50,50,0,0
P000,Night,35.628,6.974,4,SubBlock,,,,,42.602,6.961,,,,,0.004,0,,-1,-1,,,-1,50,50,0,0
P000,Night,35.628,7.075,4,SubBlock,,,,,42.703,7.061,,,,,0.004,0,,-1,-1,,,-1,50,50,0,0
P000,Night,35.628,7.178,4,SubBlock,,,,,42.806,7.164,,,,,0.004,0,,-1,-1,,,-1,50,50,0,0
P000,Night,35.628,7.274,4,SubBlock,,,,,42.902,7.261,,,,,0.004,0,,-1,-1,,,-1,50,50,0,0
P000,Night,35.628,7.376,4,SubBlock,,,,,43.004,7.363,,,,,0.004,0,,-1,-1,,,-1,50,50,0,0
P000,Night,35.628,7.476,4,SubBlock,,,,,43.103,7.462,,,,,0.004,0,,-1,-1,,,-1,50,50,0,0
P000,Night,35.628,7.576,4,SubBlock,,,,,43.203,7.562,,,,,0.004,0,,-1,-1,,,-1,50,50,0,0
P000,Night,35.628,7.674,4,SubBlock,,,,,43.302,7.661,,,,,0.004,0,,-1,-1,,,-1,50,50,0,0
P000,Night,35.628,7.774,4,SubBlock,,,,,43.402,7.761,,,,,0.004,0,,-1,-1,,,-1,50,50,0,0
P000,Night,35.628,7.874,4,SubBlock,,,,,43.502,7.861,,,,,0.004,0,,-1,-1,,,-1,50,50,0,0
P000,Night,35.628,7.974,4,SubBlock,,,,,43.602,7.96,,,,,0.004,0,,-1,-1,,,-1,50,50,0,0
P000,Night,35.628,8.076,4,SubBlock,,,,,43.704,8.062,,,,,0.004,0,,-1,-1,,,-1,50,50,0,0
P000,Night,35.628,8.173,4,SubBlock,,,,,43.801,8.16,,,,,0.004,0,,-1,-1,,,-1,50,50,0,0
P000,Night,35.628,8.276,4,SubBlock,,,,,43.904,8.262,,,,,0.004,0,,-1,-1,,,-1,50,50,0,0
P000,Night,35.628,8.374,4,SubBlock,,,,,44.002,8.36,,,,,0.004,0,,-1,-1,,,-1,50,50,0,0
P000,Night,35.628,8.476,4,SubBlock,,,,,44.103,8.462,,,,,0.004,0,,-1,-1,,,-1,50,50,0,0
P000,Night,35.628,8.574,4,SubBlock,,,,,44.202,8.561,,,,,0.004,0,,-1,-1,,,-1,50,50,0,0
P000,Night,35.628,8.677,4,SubBlock,,,,,44.304,8.663,,,,,0.004,0,,-1,-1,,,-1,50,50,0,0
P000,Night,35.628,8.775,4,SubBlock,,,,,44.403,8.762,,,,,0.004,0,,-1,-1,,,-1,50,50,0,0
P000,Night,35.628,8.876,4,SubBlock,,,,,44.504,8.863,,,,,0.004,0,,-1,-1,,,-1,50,50,0,0
P000,Night,35.628,8.973,4,SubBlock,,,,,44.601,8.96,,,,,0.004,0,,-1,-1,,,-1,50,50,0,0
P000,Night,35.628,9.076,4,SubBlock,,,,,44.704,9.063,,,,,0.004,0,,-1,-1,,,-1,50,50,0,0
P000,Night,35.628,9.174,4,SubBlock,,,,,44.801,9.16,,,,,0.004,0,,-1,-1,,,-1,50,50,0,0
P000,Night,35.628,9.273,4,SubBlock,,,,,44.9,9.259,,,,,0.004,0,,-1,-1,,,-1,50,50,0,0
P000,Night,35.628,9.375,4,SubBlock,,,,,45.003,9.362,,,,,0.004,0,,-1,-1,,,-1,50,50,0,0
P000,Night,35.628,9.475,4,SubBlock,,,,,45.102,9.461,,,,,0.004,0,,-1,-1,,,-1,50,50,0,0
P000,Night,35.628,9.575,4,SubBlock,,,,,45.202,9.561,,,,,0.004,0,,-1,-1,,,-1,50,50,0,0
P000,Night,35.628,9.674,4,SubBlock,,,,,45.301,9.66,,,,,0.004,0,,-1,-1,,,-1,50,50,0,0
P000,Night,35.628,9.776,4,SubBlock,,,,,45.403,9.762,,,,,0.004,0,,-1,-1,,,-1,50,50,0,0
P000,Night,35.628,9.875,4,SubBlock,,,,,45.503,9.862,,,,,0.004,0,,-1,-1,,,-1,50,50,0,0
P000,Night,35.628,9.974,4,SubBlock,,,,,45.602,9.961,,,,,0.004,0,,-1,-1,,,-1,50,50,0,0
P000,Night,35.628,10.076,4,SubBlock,,,,,45.704,10.063,,,,,0.004,0,,-1,-1,,,-1,50,50,0,0
P000,Night,35.628,10.176,4,SubBlock,,,,,45.804,10.162,,,,,0.004,0,,-1,-1,,,-1,50,50,0,0
P000,Night,35.628,10.276,4,SubBlock,,,,,45.904,10.263,,,,,0.004,0,,-1,-1,,,-1,50,50,0,0
P000,Night,35.628,10.375,4,SubBlock,,,,,46.002,10.361,,,,,0.004,0,,-1,-1,,,-1,50,50,0,0
P000,Night,35.628,10.475,4,SubBlock,,,,,46.103,10.461,,,,,0.004,0,,-1,-1,,,-1,50,50,0,0
P000,Night,35.628,10.576,4,SubBlock,,,,,46.204,10.563,,,,,0.004,0,,-1,-1,,,-1,50,50,0,0
P000,Night,35.628,10.673,4,SubBlock,,,,,46.301,10.659,,,,,0.004,0,,-1,-1,,,-1,50,50,0,0
P000,Night,35.628,10.781,4,SubBlock,,,,,46.409,10.767,,,,,0.004,0,,-1,-1,,,-1,50,50,0,0
P000,Night,35.628,10.873,4,SubBlock,,,,,46.5,10.859,,,,,0.004,0,,-1,-1,,,-1,50,50,0,0
P000,Night,35.628,10.974,4,SubBlock,,,,,46.602,10.961,,,,,0.004,0,,-1,-1,,,-1,50,50,0,0
P000,Night,35.628,11.075,4,SubBlock,,,,,46.703,11.061,,,,,0.004,0,,-1,-1,,,-1,50,50,0,0
P000,Night,35.628,11.174,4,SubBlock,,,,,46.802,11.161,,,,,0.004,0,,-1,-1,,,-1,50,50,0,0
P000,Night,35.628,11.274,4,SubBlock,,,,,46.901,11.26,,,,,0.004,0,,-1,-1,,,-1,50,50,0,0
P000,Night,35.628,11.376,4,SubBlock,,,,,47.004,11.362,,,,,0.004,0,,-1,-1,,,-1,50,50,0,0
P000,Night,35.628,11.475,4,SubBlock,,,,,47.102,11.461,,,,,0.004,0,,-1,-1,,,-1,50,50,0,0
P000,Night,35.628,11.574,4,SubBlock,,,,,47.202,11.561,,,,,0.004,0,,-1,-1,,,-1,50,50,0,0
P000,Night,35.628,11.674,4,SubBlock,,,,,47.302,11.66,,,,,0.004,0,,-1,-1,,,-1,50,50,0,0
P000,Night,35.628,11.777,4,SubBlock,,,,,47.405,11.763,,,,,0.004,0,,-1,-1,,,-1,50,50,0,0
P000,Night,35.628,11.873,4,SubBlock,,,,,47.501,11.859,,,,,0.004,0,,-1,-1,,,-1,50,50,0,0
P000,Night,35.628,11.975,4,SubBlock,,,,,47.603,11.961,,,,,0.004,0,,-1,-1,,,-1,50,50,0,0
P000,Night,35.628,12.076,4,SubBlock,,,,,47.703,12.062,,,,,0.004,0,,-1,-1,,,-1,50,50,0,0
P000,Night,35.628,12.174,4,SubBlock,,,,,47.802,12.16,,,,,0.004,0,,-1,-1,,,-1,50,50,0,0
P000,Night,35.628,12.277,4,SubBlock,,,,,47.905,12.264,,,,,0.004,0,,-1,-1,,,-1,50,50,0,0
P000,Night,35.628,12.376,4,SubBlock,,,,,48.004,12.362,,,,,0.004,0,,-1,-1,,,-1,50,50,0,0
P000,Night,35.628,12.473,4,SubBlock,,,,,48.1,12.459,,,,,0.004,0,,-1,-1,,,-1,50,50,0,0
P000,Night,35.628,12.573,4,SubBlock,,,,,48.201,12.559,,,,,0.004,0,,-1,-1,,,-1,50,50,0,0
P000,Night,35.628,12.676,4,SubBlock,,,,,48.304,12.662,,,,,0.004,0,,-1,-1,,,-1,50,50,0,0
P000,Night,35.628,12.774,4,SubBlock,,,,,48.401,12.76,,,,,0.004,0,,-1,-1,,,-1,50,50,0,0
P000,Night,35.628,12.873,4,SubBlock,,,,,48.501,12.859,,,,,0.004,0,,-1,-1,,,-1,50,50,0,0
P000,Night,35.628,12.975,4,SubBlock,,,,,48.602,12.961,,,,,0.004,0,,-1,-1,,,-1,50,50,0,0
P000,Night,35.628,13.073,4,SubBlock,,,,,48.701,13.059,,,,,0.004,0,,-1,-1,,,-1,50,50,0,0
P000,Night,35.628,13.175,4,SubBlock,,,,,48.803,13.162,,,,,0.004,0,,-1,-1,,,-1,50,50,0,0
P000,Night,35.628,13.273,4,SubBlock,,,,,48.901,13.259,,,,,0.004,0,,-1,-1,,,-1,50,50,0,0
P000,Night,35.628,13.375,4,SubBlock,,,,,49.003,13.362,,,,,0.004,0,,-1,-1,,,-1,50,50,0,0
P000,Night,35.628,13.476,4,SubBlock,,,,,49.104,13.462,,,,,0.004,0,,-1,-1,,,-1,50,50,0,0
P000,Night,35.628,13.576,4,SubBlock,,,,,49.203,13.562,,,,,0.004,0,,-1,-1,,,-1,50,50,0,0
P000,Night,35.628,13.674,4,SubBlock,,,,,49.302,13.661,,,,,0.004,0,,-1,-1,,,-1,50,50,0,0
P000,Night,35.628,13.775,4,SubBlock,,,,,49.402,13.761,,,,,0.004,0,,-1,-1,,,-1,50,50,0,0
P000,Night,35.628,13.874,4,SubBlock,,,,,49.502,13.861,,,,,0.004,0,,-1,-1,,,-1,50,50,0,0
P000,Night,35.628,13.974,4,SubBlock,,,,,49.602,13.961,,,,,0.004,0,,-1,-1,,,-1,50,50,0,0
P000,Night,35.628,14.075,4,SubBlock,,,,,49.703,14.062,,,,,0.004,0,,-1,-1,,,-1,50,50,0,0
P000,Night,35.628,14.175,4,SubBlock,,,,,49.803,14.162,,,,,0.004,0,,-1,-1,,,-1,50,50,0,0
P000,Night,35.628,14.274,4,SubBlock,,,,,49.901,14.26,,,,,0.004,0,,-1,-1,,,-1,50,50,0,0
P000,Night,35.628,14.376,4,SubBlock,,,,,50.003,14.362,,,,,0.004,0,,-1,-1,,,-1,50,50,0,0
P000,Night,35.628,14.473,4,SubBlock,,,,,50.101,14.459,,,,,0.004,0,,-1,-1,,,-1,50,50,0,0
P000,Night,35.628,14.576,4,SubBlock,,,,,50.204,14.562,,,,,0.004,0,,-1,-1,,,-1,50,50,0,0
P000,Night,35.628,14.674,4,SubBlock,,,,,50.302,14.661,,,,,0.004,0,,-1,-1,,,-1,50,50,0,0
P000,Night,35.628,14.777,4,SubBlock,,,,,50.404,14.763,,,,,0.004,0,,-1,-1,,,-1,50,50,0,0
P000,Night,35.628,14.873,4,SubBlock,,,,,50.501,14.86,,,,,0.004,0,,-1,-1,,,-1,50,50,0,0
P000,Night,35.628,14.975,4,SubBlock,,,,,50.603,14.962,,,,,0.004,0,,-1,-1,,,-1,50,50,0,0
P000,Night,35.628,15.075,4,SubBlock,,,,,50.703,15.061,,,,,0.004,0,,-1,-1,,,-1,50,50,0,0
P000,Night,35.628,15.175,4,SubBlock,,,,,50.803,15.162,,,,,0.004,0,,-1,-1,,,-1,50,50,0,0
P000,Night,35.628,15.275,4,SubBlock,,,,,50.903,15.262,,,,,0.004,0,,-1,-1,,,-1,50,50,0,0
P000,Night,35.628,15.374,4,SubBlock,,,,,51.002,15.36,,,,,0.004,0,,-1,-1,,,-1,50,50,0,0
P000,Night,35.628,15.475,4,SubBlock,,,,,51.103,15.462,,,,,0.004,0,,-1,-1,,,-1,50,50,0,0
P000,Night,35.628,15.575,4,SubBlock,,,,,51.202,15.561,,,,,0.004,0,,-1,-1,,,-1,50,50,0,0
P000,Night,35.628,15.674,4,SubBlock,,,,,51.302,15.66,,,,,0.004,0,,-1,-1,,,-1,50,50,0,0
P000,Night,35.628,15.774,4,SubBlock,,,,,51.402,15.761,,,,,0.004,0,,-1,-1,,,-1,50,50,0,0
P000,Night,35.628,15.873,4,SubBlock,,,,,51.501,15.859,,,,,0.004,0,,-1,-1,,,-1,50,50,0,0
P000,Night,35.628,15.976,4,SubBlock,,,,,51.604,15.962,,,,,0.004,0,,-1,-1,,,-1,50,50,0,0
P000,Night,35.628,16.073,4,SubBlock,,,,,51.7,16.059,,,,,0.004,0,,-1,-1,,,-1,50,50,0,0
P000,Night,35.628,16.176,4,SubBlock,,,,,51.804,16.163,,,,,0.004,0,,-1,-1,,,-1,50,50,0,0
P000,Night,35.628,16.274,4,SubBlock,,,,,51.902,16.261,,,,,0.004,0,,-1,-1,,,-1,50,50,0,0
P000,Night,35.628,16.375,4,SubBlock,,,,,52.003,16.361,,,,,0.004,0,,-1,-1,,,-1,50,50,0,0
P000,Night,35.628,16.476,4,SubBlock,,,,,52.104,16.462,,,,,0.004,0,,-1,-1,,,-1,50,50,0,0
P000,Night,35.628,16.574,4,SubBlock,,,,,52.202,16.56,,,,,0.004,0,,-1,-1,,,-1,50,50,0,0
P000,Night,35.628,16.676,4,SubBlock,,,,,52.304,16.662,,,,,0.004,0,,-1,-1,,,-1,50,50,0,0
P000,Night,35.628,16.774,4,SubBlock,,,,,52.402,16.76,,,,,0.004,0,,-1,-1,,,-1,50,50,0,0
P000,Night,35.628,16.876,4,SubBlock,,,,,52.504,16.863,,,,,0.004,0,,-1,-1,,,-1,50,50,0,0
P000,Night,35.628,16.974,4,SubBlock,,,,,52.602,16.96,,,,,0.004,0,,-1,-1,,,-1,50,50,0,0
P000,Night,35.628,17.074,4,SubBlock,,,,,52.702,17.06,,,,,0.004,0,,-1,-1,,,-1,50,50,0,0
P000,Night,35.628,17.177,4,SubBlock,,,,,52.804,17.163,,,,,0.004,0,,-1,-1,,,-1,50,50,0,0
P000,Night,35.628,17.275,4,SubBlock,,,,,52.903,17.262,,,,,0.004,0,,-1,-1,,,-1,50,50,0,0
P000,Night,35.628,17.375,4,SubBlock,,,,,53.003,17.362,,,,,0.004,0,,-1,-1,,,-1,50,50,0,0
P000,Night,35.628,17.476,4,SubBlock,,,,,53.103,17.462,,,,,0.004,0,,-1,-1,,,-1,50,50,0,0
P000,Night,35.628,17.575,4,SubBlock,,,,,53.203,17.562,,,,,0.004,0,,-1,-1,,,-1,50,50,0,0
P000,Night,35.628,17.676,4,SubBlock,,,,,53.304,17.662,,,,,0.004,0,,-1,-1,,,-1,50,50,0,0
P000,Night,35.628,17.774,4,SubBlock,,,,,53.401,17.76,,,,,0.004,0,,-1,-1,,,-1,50,50,0,0
P000,Night,35.628,17.873,4,SubBlock,,,,,53.5,17.859,,,,,0.004,0,,-1,-1,,,-1,50,50,0,0
P000,Night,35.628,17.976,4,SubBlock,,,,,53.603,17.962,,,,,0.004,0,,-1,-1,,,-1,50,50,0,0
P000,Night,35.628,18.073,4,SubBlock,,,,,53.701,18.06,,,,,0.004,0,,-1,-1,,,-1,50,50,0,0
P000,Night,35.628,18.174,4,SubBlock,,,,,53.802,18.161,,,,,0.004,0,,-1,-1,,,-1,50,50,0,0
P000,Night,35.628,18.274,4,SubBlock,,,,,53.902,18.26,,,,,0.004,0,,-1,-1,,,-1,50,50,0,0
P000,Night,35.628,18.374,4,SubBlock,,,,,54.002,18.361,,,,,0.004,0,,-1,-1,,,-1,50,50,0,0
P000,Night,35.628,18.473,4,SubBlock,,,,,54.1,18.459,,,,,0.004,0,,-1,-1,,,-1,50,50,0,0
P000,Night,35.628,18.574,4,SubBlock,,,,,54.202,18.56,,,,,0.004,0,,-1,-1,,,-1,50,50,0,0
P000,Night,35.628,18.676,4,SubBlock,,,,,54.303,18.662,,,,,0.004,0,,-1,-1,,,-1,50,50,0,0
P000,Night,35.628,18.774,4,SubBlock,,,,,54.401,18.76,,,,,0.004,0,,-1,-1,,,-1,50,50,0,0
P000,Night,35.628,18.874,4,SubBlock,,,,,54.502,18.86,,,,,0.004,0,,-1,-1,,,-1,50,50,0,0
P000,Night,35.628,18.975,4,SubBlock,,,,,54.603,18.961,,,,,0.004,0,,-1,-1,,,-1,50,50,0,0
P000,Night,35.628,19.074,4,SubBlock,,,,,54.702,19.061,,,,,0.004,0,,-1,-1,,,-1,50,50,0,0
P000,Night,35.628,19.174,4,SubBlock,,,,,54.801,19.16,,,,,0.004,0,,-1,-1,,,-1,50,50,0,0
P000,Night,35.628,19.274,4,SubBlock,,,,,54.901,19.26,,,,,0.004,0,,-1,-1,,,-1,50,50,0,0
P000,Night,35.628,19.386,4,SubBlock,,,,,55.014,19.373,,,,,0.004,0,,-1,-1,,,-1,50,50,0,0
P000,Night,35.628,19.476,4,SubBlock,,,,,55.103,19.462,,,,,0.004,0,,-1,-1,,,-1,50,50,0,0
P000,Night,35.628,19.575,4,SubBlock,,,,,55.202,19.561,,,,,0.004,0,,-1,-1,,,-1,50,50,0,0
P000,Night,35.628,19.674,4,SubBlock,,,,,55.302,19.661,,,,,0.004,0,,-1,-1,,,-1,50,50,0,0
P000,Night,35.628,19.775,4,SubBlock,,,,,55.402,19.761,,,,,0.004,0,,-1,-1,,,-1,50,50,0,0
P000,Night,35.628,19.875,4,SubBlock,,,,,55.502,19.861,,,,,0.004,0,,-1,-1,,,-1,50,50,0,0
P000,Night,35.628,19.974,4,SubBlock,,,,,55.602,19.961,,,,,0.004,0,,-1,-1,,,-1,50,50,0,0
P000,Night,35.628,20.075,4,SubBlock,,,,,55.703,20.062,,,,,0.004,0,,-1,-1,,,-1,50,50,0,0
P000,Night,35.628,20.174,4,SubBlock,,,,,55.802,20.161,,,,,0.004,0,,-1,-1,,,-1,50,50,0,0
P000,Night,35.628,20.273,4,SubBlock,,,,,55.901,20.26,,,,,0.004,0,,-1,-1,,,-1,50,50,0,0
P000,Night,35.628,20.375,4,SubBlock,,,,,56.003,20.362,,,,,0.004,0,,-1,-1,,,-1,50,50,0,0
P000,Night,35.628,20.474,4,SubBlock,,,,,56.102,20.461,,,,,0.004,0,,-1,-1,,,-1,50,50,0,0
P000,Night,35.628,20.576,4,SubBlock,,,,,56.204,20.563,,,,,0.004,0,,-1,-1,,,-1,50,50,0,0
P000,Night,35.628,20.674,4,SubBlock,,,,,56.301,20.66,,,,,0.004,0,,-1,-1,,,-1,50,50,0,0
P000,Night,35.628,20.774,4,SubBlock,,,,,56.402,20.761,,,,,0.004,0,,-1,-1,,,-1,50,50,0,0
P000,Night,35.628,20.874,4,SubBlock,,,,,56.502,20.861,,,,,0.004,0,,-1,-1,,,-1,50,50,0,0
P000,Night,35.628,20.974,4,SubBlock,,,,,56.601,20.96,,,,,0.004,0,,-1,-1,,,-1,50,50,0,0
P000,Night,35.628,21.076,4,SubBlock,,,,,56.704,21.062,,,,,0.004,0,,-1,-1,,,-1,50,50,0,0
P000,Night,35.628,21.174,4,SubBlock,,,,,56.802,21.161,,,,,0.004,0,,-1,-1,,,-1,50,50,0,0
P000,Night,35.628,21.274,4,SubBlock,,,,,56.902,21.26,,,,,0.004,0,,-1,-1,,,-1,50,50,0,0
P000,Night,35.628,21.376,4,SubBlock,,,,,57.003,21.362,,,,,0.004,0,,-1,-1,,,-1,50,50,0,0
P000,Night,35.628,21.474,4,SubBlock,,,,,57.102,21.461,,,,,0.004,0,,-1,-1,,,-1,50,50,0,0
P000,Night,35.628,21.574,4,SubBlock,,,,,57.202,21.56,,,,,0.004,0,,-1,-1,,,-1,50,50,0,0
P000,Night,35.628,21.674,4,SubBlock,,,,,57.302,21.661,,,,,0.004,0,,-1,-1,,,-1,50,50,0,0
P000,Night,35.628,21.775,4,SubBlock,,,,,57.402,21.761,,,,,0.004,0,,-1,-1,,,-1,50,50,0,0
P000,Night,35.628,21.875,4,SubBlock,,,,,57.502,21.861,,,,,0.004,0,,-1,-1,,,-1,50,50,0,0
P000,Night,35.628,21.972,4,SubBlock,,,,,57.6,21.959,,,,,0.004,0,,-1,-1,,,-1,50,50,0,0
P000,Night,35.628,22.074,4,SubBlock,,,,,57.701,22.06,,,,,0.004,0,,-1,-1,,,-1,50,50,0,0
P000,Night,35.628,22.173,4,SubBlock,,,,,57.801,22.159,,,,,0.004,0,,-1,-1,,,-1,50,50,0,0
P000,Night,35.628,22.274,4,SubBlock,,,,,57.902,22.261,,,,,0.004,0,,-1,-1,,,-1,50,50,0,0
P000,Night,35.628,22.375,4,SubBlock,,,,,58.003,22.362,,,,,0.004,0,,-1,-1,,,-1,50,50,0,0
P000,Night,35.628,22.475,4,SubBlock,,,,,58.103,22.461,,,,,0.004,0,,-1,-1,,,-1,50,50,0,0
P000,Night,35.628,22.573,4,SubBlock,,,,,58.201,22.559,,,,,0.004,0,,-1,-1,,,-1,50,50,0,0
P000,Night,35.628,22.674,4,SubBlock,,,,,58.302,22.661,,,,,0.004,0,,-1,-1,,,-1,50,50,0,0
P000,Night,35.628,22.773,4,SubBlock,,,,,58.401,22.759,,,,,0.004,0,,-1,-1,,,-1,50,50,0,0
P000,Night,35.628,22.875,4,SubBlock,,,,,58.503,22.862,,,,,0.004,0,,-1,-1,,,-1,50,50,0,0
P000,Night,35.628,22.975,4,SubBlock,,,,,58.603,22.961,,,,,0.004,0,,-1,-1,,,-1,50,50,0,0
P000,Night,35.628,23.075,4,SubBlock,,,,,58.703,23.061,,,,,0.004,0,,-1,-1,,,-1,50,50,0,0
P000,Night,35.628,23.174,4,SubBlock,,,,,58.801,23.16,,,,,0.004,0,,-1,-1,,,-1,50,50,0,0
P000,Night,35.628,23.274,4,SubBlock,,,,,58.902,23.261,,,,,0.004,0,,-1,-1,,,-1,50,50,0,0
P000,Night,35.628,23.374,4,SubBlock,,,,,59.002,23.36,,,,,0.004,0,,-1,-1,,,-1,50,50,0,0
P000,Night,35.628,23.475,4,SubBlock,,,,,59.103,23.462,,,,,0.004,0,,-1,-1,,,-1,50,50,0,0
P000,Night,35.628,23.577,4,SubBlock,,,,,59.204,23.563,,,,,0.004,0,,-1,-1,,,-1,50,50,0,0
P000,Night,35.628,23.674,4,SubBlock,,,,,59.302,23.661,,,,,0.004,0,,-1,-1,,,-1,50,50,0,0
P000,Night,35.628,23.775,4,SubBlock,,,,,59.403,23.762,,,,,0.004,0,,-1,-1,,,-1,50,50,0,0
P000,Night,35.628,23.874,4,SubBlock,,,,,59.502,23.86,,,,,0.004,0,,-1,-1,,,-1,50,50,0,0
P000,Night,35.628,23.976,4,SubBlock,,,,,59.603,23.962,,,,,0.004,0,,-1,-1,,,-1,50,50,0,0
P000,Night,35.628,24.074,4,SubBlock,,,,,59.702,24.061,,,,,0.004,0,,-1,-1,,,-1,50,50,0,0
P000,Night,35.628,24.175,4,SubBlock,,,,,59.803,24.161,,,,,0.004,0,,-1,-1,,,-1,50,50,0,0
P000,Night,35.628,24.275,4,SubBlock,,,,,59.903,24.262,,,,,0.004,0,,-1,-1,,,-1,50,50,0,0
P000,Night,35.628,24.373,4,SubBlock,,,,,60.001,24.359,,,,,0.004,0,,-1,-1,,,-1,50,50,0,0
P000,Night,35.628,24.474,4,SubBlock,,,,,60.102,24.46,,,,,0.004,0,,-1,-1,,,-1,50,50,0,0
P000,Night,35.628,24.575,4,SubBlock,,,,,60.203,24.561,,,,,0.004,0,,-1,-1,,,-1,50,50,0,0
P000,Night,35.628,24.675,4,SubBlock,,,,,60.303,24.662,,,,,0.004,0,,-1,-1,,,-1,50,50,0,0
P000,Night,35.628,24.774,4,SubBlock,,,,,60.402,24.761,,,,,0.004,0,,-1,-1,,,-1,50,50,0,0
P000,Night,35.628,24.874,4,SubBlock,,,,,60.502,24.86,,,,,0.004,0,,-1,-1,,,-1,50,50,0,0
P000,Night,35.628,24.975,4,SubBlock,,,,,60.603,24.962,,,,,0.004,0,,-1,-1,,,-1,50,50,0,0
P000,Night,35.628,25.074,4,SubBlock,,,,,60.702,25.06,,,,,0.004,0,,-1,-1,,,-1,50,50,0,0
P000,Night,35.628,25.173,4,SubBlock,,,,,60.801,25.16,,,,,0.004,0,,-1,-1,,,-1,50,50,0,0
P000,Night,35.628,25.274,4,SubBlock,,,,,60.901,25.26,,,,,0.004,0,,-1,-1,,,-1,50,50,0,0
P000,Night,35.628,25.374,4,SubBlock,,,,,61.001,25.36,,,,,0.004,0,,-1,-1,,,-1,50,50,0,0
P000,Night,35.628,25.473,4,SubBlock,,,,,61.1,25.459,,,,,0.004,0,,-1,-1,,,-1,50,50,0,0
P000,Night,35.628,25.573,4,SubBlock,,,,,61.201,25.56,,,,,0.004,0,,-1,-1,,,-1,50,50,0,0
P000,Night,35.628,25.677,4,SubBlock,,,,,61.304,25.663,,,,,0.004,0,,-1,-1,,,-1,50,50,0,0
P000,Night,35.628,25.774,4,SubBlock,,,,,61.402,25.761,,,,,0.004,0,,-1,-1,,,-1,50,50,0,0
P000,Night,35.628,25.873,4,SubBlock,,,,,61.501,25.859,,,,,0.004,0,,-1,-1,,,-1,50,50,0,0
P000,Night,35.628,25.974,4,SubBlock,,,,,61.602,25.96,,,,,0.004,0,,-1,-1,,,-1,50,50,0,0
P000,Night,35.628,26.074,4,SubBlock,,,,,61.702,26.061,,,,,0.004,0,,-1,-1,,,-1,50,50,0,0
P000,Night,35.628,26.174,4,SubBlock,,,,,61.802,26.16,,,,,0.004,0,,-1,-1,,,-1,50,50,0,0
P000,Night,35.628,26.273,4,SubBlock,,,,,61.901,26.26,,,,,0.004,0,,-1,-1,,,-1,50,50,0,0
P000,Night,35.628,26.376,4,SubBlock,,,,,62.004,26.363,,,,,0.004,0,,-1,-1,,,-1,50,50,0,0
P000,Night,35.628,26.475,4,SubBlock,,,,,62.102,26.461,,,,,0.004,0,,-1,-1,,,-1,50,50,0,0
P000,Night,35.628,26.576,4,SubBlock,,,,,62.204,26.563,,,,,0.004,0,,-1,-1,,,-1,50,50,0,0
P000,Night,35.628,26.676,4,SubBlock,,,,,62.304,26.663,,,,,0.004,0,,-1,-1,,,-1,50,50,0,0
P000,Night,35.628,26.774,4,SubBlock,,,,,62.402,26.761,,,,,0.004,0,,-1,-1,,,-1,50,50,0,0
P000,Night,35.628,26.876,4,SubBlock,,,,,62.503,26.862,,,,,0.004,0,,-1,-1,,,-1,50,50,0,0
P000,Night,35.628,26.973,4,SubBlock,,,,,62.601,26.96,,,,,0.004,0,,-1,-1,,,-1,50,50,0,0
P000,Night,35.628,27.075,4,SubBlock,,,,,62.703,27.062,,,,,0.004,0,,-1,-1,,,-1,50,50,0,0
P000,Night,35.628,27.176,4,SubBlock,,,,,62.804,27.162,,,,,0.004,0,,-1,-1,,,-1,50,50,0,0
P000,Night,35.628,27.273,4,SubBlock,,,,,62.9,27.259,,,,,0.004,0,,-1,-1,,,-1,50,50,0,0
P000,Night,35.628,27.374,4,SubBlock,,,,,63.002,27.361,,,,,0.004,0,,-1,-1,,,-1,50,50,0,0
P000,Night,35.628,27.473,4,SubBlock,,,,,63.101,27.46,,,,,0.004,0,,-1,-1,,,-1,50,50,0,0
P000,Night,35.628,27.574,4,SubBlock,,,,,63.202,27.561,,,,,0.004,0,,-1,-1,,,-1,50,50,0,0
P000,Night,35.628,27.675,4,SubBlock,,,,,63.303,27.662,,,,,0.004,0,,-1,-1,,,-1,50,50,0,0
P000,Night,35.628,27.773,4,SubBlock,,,,,63.401,27.759,,,,,0.004,0,,-1,-1,,,-1,50,50,0,0
P000,Night,35.628,27.873,4,SubBlock,,,,,63.501,27.86,,,,,0.004,0,,-1,-1,,,-1,50,50,0,0
P000,Night,35.628,27.975,4,SubBlock,,,,,63.603,27.962,,,,,0.004,0,,-1,-1,,,-1,50,50,0,0
P000,Night,35.628,28.074,4,SubBlock,,,,,63.702,28.061,,,,,0.004,0,,-1,-1,,,-1,50,50,0,0
P000,Night,35.628,28.174,4,SubBlock,,,,,63.802,28.161,,,,,0.004,0,,-1,-1,,,-1,50,50,0,0
P000,Night,35.628,28.275,4,SubBlock,,,,,63.903,28.262,,,,,0.004,0,,-1,-1,,,-1,50,50,0,0
P000,Night,35.628,28.375,4,SubBlock,,,,,64.002,28.361,,,,,0.004,0,,-1,-1,,,-1,50,50,0,0
P000,Night,35.628,28.474,4,SubBlock,,,,,64.102,28.461,,,,,0.004,0,,-1,-1,,,-1,50,50,0,0
P000,Night,35.628,28.575,4,SubBlock,,,,,64.203,28.561,,,,,0.004,0,,-1,-1,,,-1,50,50,0,0
P000,Night,35.628,28.677,4,SubBlock,,,,,64.305,28.664,,,,,0.004,0,,-1,-1,,,-1,50,50,0,0
P000,Night,35.628,28.773,4,SubBlock,,,,,64.401,28.759,,,,,0.004,0,,-1,-1,,,-1,50,50,0,0
P000,Night,35.628,28.874,4,SubBlock,,,,,64.502,28.861,,,,,0.004,0,,-1,-1,,,-1,50,50,0,0
P000,Night,35.628,28.975,4,SubBlock,,,,,64.603,28.962,,,,,0.004,0,,-1,-1,,,-1,50,50,0,0
P000,Night,35.628,29.076,4,SubBlock,,,,,64.704,29.063,,,,,0.004,0,,-1,-1,,,-1,50,50,0,0
P000,Night,35.628,29.173,4,SubBlock,,,,,64.801,29.16,,,,,0.004,0,,-1,-1,,,-1,50,50,0,0
P000,Night,35.628,29.275,4,SubBlock,,,,,64.902,29.261,,,,,0.004,0,,-1,-1,,,-1,50,50,0,0
P000,Night,35.628,29.375,4,SubBlock,,,,,65.003,29.362,,,,,0.004,0,,-1,-1,,,-1,50,50,0,0
P000,Night,35.628,29.476,4,SubBlock,,,,,65.104,29.462,,,,,0.004,0,,-1,-1,,,-1,50,50,0,0
P000,Night,35.628,29.573,4,SubBlock,,,,,65.201,29.56,,,,,0.004,0,,-1,-1,,,-1,50,50,0,0
P000,Night,35.628,29.675,4,SubBlock,,,,,65.303,29.661,,,,,0.004,0,,-1,-1,,,-1,50,50,0,0
P000,Night,35.628,29.773,4,SubBlock,,,,,65.4,29.759,,,,,0.004,0,,-1,-1,,,-1,50,50,0,0
P000,Night,35.628,29.876,4,SubBlock,,,,,65.504,29.862,,,,,0.004,0,,-1,-1,,,-1,50,50,0,0
P000,Night,35.628,29.974,4,SubBlock,,,,,65.602,29.96,,,,,0.004,0,,-1,-1,,,-1,50,50,0,0
P000,Night,35.628,30.073,4,SubBlock,,,,,65.701,30.06,,,,,0.004,0,,-1,-1,,,-1,50,50,0,0
P000,Night,35.628,30.173,4,SubBlock,,,,,65.8,30.159,,,,,0.004,0,,-1,-1,,,-1,50,50,0,0
P000,Night,35.628,30.274,4,SubBlock,,,,,65.902,30.26,,,,,0.004,0,,-1,-1,,,-1,50,50,0,0
P000,Night,35.628,30.374,4,SubBlock,,,,,66.002,30.361,,,,,0.004,0,,-1,-1,,,-1,50,50,0,0
P000,Night,35.628,30.474,4,SubBlock,,,,,66.102,30.46,,,,,0.004,0,,-1,-1,,,-1,50,50,0,0
P000,Night,35.628,30.574,4,SubBlock,,,,,66.201,30.56,,,,,0.004,0,,-1,-1,,,-1,50,50,0,0
P000,Night,35.628,30.676,4,SubBlock,,,,,66.303,30.662,,,,,0.004,0,,-1,-1,,,-1,50,50,0,0
P000,Night,35.628,30.773,4,SubBlock,,,,,66.401,30.759,,,,,0.004,0,,-1,-1,,,-1,50,50,0,0
P000,Night,35.628,30.874,4,SubBlock,,,,,66.502,30.861,,,,,0.004,0,,-1,-1,,,-1,50,50,0,0
P000,Night,35.628,30.973,4,SubBlock,,,,,66.601,30.96,,,,,0.004,0,,-1,-1,,,-1,50,50,0,0
P000,Night,35.628,31.076,4,SubBlock,,,,,66.704,31.062,,,,,0.004,0,,-1,-1,,,-1,50,50,0,0
P000,Night,35.628,31.174,4,SubBlock,,,,,66.802,31.161,,,,,0.004,0,,-1,-1,,,-1,50,50,0,0
P000,Night,35.628,31.275,4,SubBlock,,,,,66.903,31.262,,,,,0.004,0,,-1,-1,,,-1,50,50,0,0
P000,Night,35.628,31.375,4,SubBlock,,,,,67.002,31.361,,,,,0.004,0,,-1,-1,,,-1,50,50,0,0
P000,Night,35.628,31.474,4,SubBlock,,,,,67.102,31.461,,,,,0.004,0,,-1,-1,,,-1,50,50,0,0
P000,Night,35.628,31.573,4,SubBlock,,,,,67.201,31.56,,,,,0.004,0,,-1,-1,,,-1,50,50,0,0
P000,Night,35.628,31.674,4,SubBlock,,,,,67.302,31.66,,,,,0.004,0,,-1,-1,,,-1,50,50,0,0
P000,Night,35.628,31.774,4,SubBlock,,,,,67.402,31.761,,,,,0.004,0,,-1,-1,,,-1,50,50,0,0
P000,Night,35.628,31.874,4,SubBlock,,,,,67.502,31.861,,,,,0.004,0,,-1,-1,,,-1,50,50,0,0
P000,Night,35.628,31.976,4,SubBlock,,,,,67.603,31.962,,,,,0.004,0,,-1,-1,,,-1,50,50,0,0
P000,Night,35.628,32.075,4,SubBlock,,,,,67.703,32.061,,,,,0.004,0,,-1,-1,,,-1,50,50,0,0
P000,Night,35.628,32.175,4,SubBlock,,,,,67.803,32.162,,,,,0.004,0,,-1,-1,,,-1,50,50,0,0
P000,Night,35.628,32.272,4,SubBlock,,,,,67.9,32.259,,,,,0.004,0,,-1,-1,,,-1,50,50,0,0
P000,Night,35.628,32.373,4,SubBlock,,,,,68.001,32.36,,,,,0.004,0,,-1,-1,,,-1,50,50,0,0
P000,Night,35.628,32.473,4,SubBlock,,,,,68.101,32.46,,,,,0.004,0,,-1,-1,,,-1,50,50,0,0
P000,Night,35.628,32.576,4,SubBlock,,,,,68.203,32.562,,,,,0.004,0,,-1,-1,,,-1,50,50,0,0
P000,Night,35.628,32.674,4,SubBlock,,,,,68.302,32.661,,,,,0.004,0,,-1,-1,,,-1,50,50,0,0
P000,Night,35.628,32.774,4,SubBlock,,,,,68.402,32.76,,,,,0.004,0,,-1,-1,,,-1,50,50,0,0
P000,Night,35.628,32.875,4,SubBlock,,,,,68.503,32.862,,,,,0.004,0,,-1,-1,,,-1,50,50,0,0
P000,Night,35.628,32.973,4,SubBlock,,,,,68.601,32.959,,,,,0.004,0,,-1,-1,,,-1,50,50,0,0
P000,Night,35.628,33.072,4,SubBlock,,,,,68.7,33.059,,,,,0.004,0,,-1,-1,,,-1,50,50,0,0
P000,Night,35.628,33.173,4,SubBlock,,,,,68.801,33.16,,,,,0.004,0,,-1,-1,,,-1,50,50,0,0
P000,Night,35.628,33.275,4,SubBlock,,,,,68.903,33.262,,,,,0.004,0,,-1,-1,,,-1,50,50,0,0
P000,Night,35.628,33.375,4,SubBlock,,,,,69.003,33.362,,,,,0.004,0,,-1,-1,,,-1,50,50,0,0
P000,Night,35.628,33.476,4,SubBlock,,,,,69.103,33.462,,,,,0.004,0,,-1,-1,,,-1,50,50,0,0
P000,Night,35.628,33.573,4,SubBlock,,,,,69.201,33.559,,,,,0.004,0,,-1,-1,,,-1,50,50,0,0
P000,Night,35.628,33.675,4,SubBlock,,,,,69.303,33.661,,,,,0.004,0,,-1,-1,,,-1,50,50,0,0
P000,Night,35.628,33.773,4,SubBlock,,,,,69.401,33.76,,,,,0.004,0,,-1,-1,,,-1,50,50,0,0
P000,Night,35.628,33.875,4,SubBlock,,,,,69.502,33.861,,,,,0.004,0,,-1,-1,,,-1,50,50,0,0
P000,Night,35.628,33.975,4,SubBlock,,,,,69.603,33.961,,,,,0.004,0,,-1,-1,,,-1,50,50,0,0
P000,Night,35.628,34.074,4,SubBlock,,,,,69.702,34.061,,,,,0.004,0,,-1,-1,,,-1,50,50,0,0
P000,Night,35.628,34.175,4,SubBlock,,,,,69.803,34.162,,,,,0.004,0,,-1,-1,,,-1,50,50,0,0
P000,Night,35.628,34.274,4,SubBlock,,,,,69.902,34.261,,,,,0.004,0,,-1,-1,,,-1,50,50,0,0
P000,Night,35.628,34.373,4,SubBlock,,,,,70,34.359,,,,,0.004,0,,-1,-1,,,-1,50,50,0,0
P000,Night,35.628,34.473,4,SubBlock,,,,,70.101,34.46,,,,,0.004,0,,-1,-1,,,-1,50,50,0,0
P000,Night,35.628,34.575,4,SubBlock,,,,,70.203,34.562,,,,,0.004,0,,-1,-1,,,-1,50,50,0,0
P000,Night,35.628,34.673,4,SubBlock,,,,,70.301,34.66,,,,,0.004,0,,-1,-1,,,-1,50,50,0,0
P000,Night,35.628,34.774,4,SubBlock,,,,,70.402,34.76,,,,,0.004,0,,-1,-1,,,-1,50,50,0,0
P000,Night,35.628,34.873,4,SubBlock,,,,,70.5,34.859,,,,,0.004,0,,-1,-1,,,-1,50,50,0,0
P000,Night,35.628,34.972,4,SubBlock,,,,,70.6,34.959,,,,,0.004,0,,-1,-1,,,-1,50,50,0,0
P000,Night,35.628,35.075,4,SubBlock,,,,,70.703,35.061,,,,,0.004,0,,-1,-1,,,-1,50,50,0,0
P000,Night,35.628,35.176,4,SubBlock,,,,,70.803,35.162,,,,,0.004,0,,-1,-1,,,-1,50,50,0,0
P000,Night,35.628,35.273,4,SubBlock,,,,,70.9,35.259,,,,,0.004,0,,-1,-1,,,-1,50,50,0,0
P000,Night,35.628,35.374,4,SubBlock,,,,,71.001,35.36,,,,,0.004,0,,-1,-1,,,-1,50,50,0,0
P000,Night,35.628,35.474,4,SubBlock,,,,,71.102,35.46,,,,,0.004,0,,-1,-1,,,-1,50,50,0,0
P000,Night,35.628,35.575,4,SubBlock,,,,,71.203,35.562,,,,,0.004,0,,-1,-1,,,-1,50,50,0,0
P000,Night,35.628,35.674,4,SubBlock,,,,,71.302,35.661,,,,,0.004,0,,-1,-1,,,-1,50,50,0,0
P000,Night,35.628,35.773,4,SubBlock,,,,,71.401,35.759,,,,,0.004,0,,-1,-1,,,-1,50,50,0,0
P000,Night,35.628,35.876,4,SubBlock,,,,,71.504,35.863,,,,,0.004,0,,-1,-1,,,-1,50,50,0,0
P000,Night,35.628,35.973,4,SubBlock,,,,,71.6,35.959,,,,,0.004,0,,-1,-1,,,-1,50,50,0,0
P000,Night,35.628,36.074,4,SubBlock,,,,,71.702,36.061,,,,,0.004,0,,-1,-1,,,-1,50,50,0,0
P000,Night,35.628,36.173,4,SubBlock,,,,,71.801,36.16,,,,,0.004,0,,-1,-1,,,-1,50,50,0,0
P000,Night,35.628,36.275,4,SubBlock,,,,,71.903,36.261,,,,,0.004,0,,-1,-1,,,-1,50,50,0,0
P000,Night,35.628,36.374,4,SubBlock,,,,,72.002,36.361,,,,,0.004,0,,-1,-1,,,-1,50,50,0,0
P000,Night,35.628,36.473,4,SubBlock,,,,,72.1,36.459,,,,,0.004,0,,-1,-1,,,-1,50,50,0,0
P000,Night,35.628,36.573,4,SubBlock,,,,,72.201,36.56,,,,,0.004,0,,-1,-1,,,-1,50,50,0,0
P000,Night,35.628,36.673,4,SubBlock,,,,,72.301,36.66,,,,,0.004,0,,-1,-1,,,-1,50,50,0,0
P000,Night,35.628,36.774,4,SubBlock,,,,,72.402,36.761,,,,,0.004,0,,-1,-1,,,-1,50,50,0,0
P000,Night,35.628,36.872,4,SubBlock,,,,,72.5,36.859,,,,,0.004,0,,-1,-1,,,-1,50,50,0,0
P000,Night,35.628,36.973,4,SubBlock,,,,,72.601,36.959,,,,,0.004,0,,-1,-1,,,-1,50,50,0,0
P000,Night,35.628,37.075,4,SubBlock,,,,,72.703,37.062,,,,,0.004,0,,-1,-1,,,-1,50,50,0,0
P000,Night,35.628,37.175,4,SubBlock,,,,,72.803,37.162,,,,,0.004,0,,-1,-1,,,-1,50,50,0,0
P000,Night,35.628,37.275,4,SubBlock,,,,,72.903,37.262,,,,,0.004,0,,-1,-1,,,-1,50,50,0,0
P000,Night,35.628,37.373,4,SubBlock,,,,,73.001,37.36,,,,,0.004,0,,-1,-1,,,-1,50,50,0,0
P000,Night,35.628,37.475,4,SubBlock,,,,,73.103,37.462,,,,,0.004,0,,-1,-1,,,-1,50,50,0,0
P000,Night,35.628,37.574,4,SubBlock,,,,,73.202,37.561,,,,,0.004,0,,-1,-1,,,-1,50,50,0,0
P000,Night,35.628,37.674,4,SubBlock,,,,,73.301,37.66,,,,,0.004,0,,-1,-1,,,-1,50,50,0,0
P000,Night,35.628,37.774,4,SubBlock,,,,,73.402,37.761,,,,,0.004,0,,-1,-1,,,-1,50,50,0,0
P000,Night,35.628,37.874,4,SubBlock,,,,,73.502,37.86,,,,,0.004,0,,-1,-1,,,-1,50,50,0,0
P000,Night,35.628,37.974,4,SubBlock,,,,,73.602,37.96,,,,,0.004,0,,-1,-1,,,-1,50,50,0,0
P000,Night,35.628,38.074,4,SubBlock,,,,,73.702,38.061,,,,,0.004,0,,-1,-1,,,-1,50,50,0,0
P000,Night,35.628,38.172,4,SubBlock,,,,,73.8,38.159,,,,,0.004,0,,-1,-1,,,-1,50,50,0,0
P000,Night,35.628,38.275,4,SubBlock,,,,,73.903,38.262,,,,,0.004,0,,-1,-1,,,-1,50,50,0,0
P000,Night,35.628,38.375,4,SubBlock,,,,,74.003,38.362,,,,,0.004,0,,-1,-1,,,-1,50,50,0,0
P000,Night,35.628,38.475,4,SubBlock,,,,,74.102,38.461,,,,,0.004,0,,-1,-1,,,-1,50,50,0,0
P000,Night,35.628,38.575,4,SubBlock,,,,,74.203,38.561,,,,,0.004,0,,-1,-1,,,-1,50,50,0,0
P000,Night,35.628,38.674,4,SubBlock,,,,,74.301,38.66,,,,,0.004,0,,-1,-1,,,-1,50,50,0,0
P000,Night,35.628,38.772,4,SubBlock,,,,,74.4,38.759,,,,,0.004,0,,-1,-1,,,-1,50,50,0,0
P000,Night,35.628,38.872,4,SubBlock,,,,,74.5,38.859,,,,,0.004,0,,-1,-1,,,-1,50,50,0,0
P000,Night,35.628,38.974,4,SubBlock,,,,,74.601,38.96,,,,,0.004,0,,-1,-1,,,-1,50,50,0,0
P000,Night,35.628,39.075,4,SubBlock,,,,,74.702,39.061,,,,,0.004,0,,-1,-1,,,-1,50,50,0,0
P000,Night,35.628,39.174,4,SubBlock,,,,,74.802,39.16,,,,,0.004,0,,-1,-1,,,-1,50,50,0,0
P000,Night,35.628,39.275,4,SubBlock,,,,,74.903,39.262,,,,,0.004,0,,-1,-1,,,-1,50,50,0,0
P000,Night,35.628,39.373,4,SubBlock,,,,,75,39.359,,,,,0.004,0,,-1,-1,,,-1,50,50,0,0
P000,Night,35.628,39.474,4,SubBlock,,,,,75.101,39.46,,,,,0.004,0,,-1,-1,,,-1,50,50,0,0
P000,Night,35.628,39.574,4,SubBlock,,,,,75.202,39.561,,,,,0.004,0,,-1,-1,,,-1,50,50,0,0
P000,Night,35.628,39.674,4,SubBlock,,,,,75.302,39.661,,,,,0.004,0,,-1,-1,,,-1,50,50,0,0
P000,Night,35.628,39.773,4,SubBlock,,,,,75.401,39.759,,,,,0.004,0,,-1,-1,,,-1,50,50,0,0
P000,Night,35.628,39.875,4,SubBlock,,,,,75.503,39.862,,,,,0.004,0,,-1,-1,,,-1,50,50,0,0
P000,Night,35.628,39.974,4,SubBlock,,,,,75.602,39.96,,,,,0.004,0,,-1,-1,,,-1,50,50,0,0
P000,Night,35.628,40.075,4,SubBlock,,,,,75.703,40.061,,,,,0.004,0,,-1,-1,,,-1,50,50,0,0
P000,Night,35.628,40.174,4,SubBlock,,,,,75.802,40.161,,,,,0.004,0,,-1,-1,,,-1,50,50,0,0
P000,Night,35.628,40.275,4,SubBlock,,,,,75.903,40.262,,,,,0.004,0,,-1,-1,,,-1,50,50,0,0
P000,Night,35.628,40.382,4,SubBlock,,,,,76.009,40.368,,,,,0.004,0,,-1,-1,,,-1,50,50,0,0
P000,Night,35.628,40.49,4,SubBlock,,,,,76.118,40.477,,,,,0.004,0,,-1,-1,,,-1,50,50,0,0
P000,Night,35.628,40.574,4,SubBlock,,,,,76.201,40.56,,,,,0.004,0,,-1,-1,,,-1,50,50,0,0
P000,Night,35.628,40.673,4,SubBlock,,,,,76.3,40.659,,,,,0.004,0,,-1,-1,,,-1,50,50,0,0
P000,Night,35.628,40.773,4,SubBlock,,,,,76.401,40.76,,,,,0.004,0,,-1,-1,,,-1,50,50,0,0
P000,Night,35.628,40.874,4,SubBlock,,,,,76.502,40.861,,,,,0.004,0,,-1,-1,,,-1,50,50,0,0
P000,Night,35.628,40.972,4,SubBlock,,,,,76.6,40.959,,,,,0.004,0,,-1,-1,,,-1,50,50,0,0
P000,Night,35.628,41.073,4,SubBlock,,,,,76.701,41.059,,,,,0.004,0,,-1,-1,,,-1,50,50,0,0
P000,Night,35.628,41.175,4,SubBlock,,,,,76.803,41.161,,,,,0.004,0,,-1,-1,,,-1,50,50,0,0
P000,Night,35.628,41.273,4,SubBlock,,,,,76.9,41.259,,,,,0.004,0,,-1,-1,,,-1,50,50,0,0
P000,Night,35.628,41.374,4,SubBlock,,,,,77.002,41.361,,,,,0.004,0,,-1,-1,,,-1,50,50,0,0
P000,Night,35.628,41.476,4,SubBlock,,,,,77.104,41.463,,,,,0.004,0,,-1,-1,,,-1,50,50,0,0
P000,Night,35.628,41.575,4,SubBlock,,,,,77.202,41.561,,,,,0.004,0,,-1,-1,,,-1,50,50,0,0
P000,Night,35.628,41.674,4,SubBlock,,,,,77.302,41.661,,,,,0.004,0,,-1,-1,,,-1,50,50,0,0
P000,Night,35.628,41.776,4,SubBlock,,,,,77.404,41.763,,,,,0.004,0,,-1,-1,,,-1,50,50,0,0
P000,Night,35.628,41.874,4,SubBlock,,,,,77.501,41.86,,,,,0.004,0,,-1,-1,,,-1,50,50,0,0
P000,Night,35.628,41.974,4,SubBlock,,,,,77.602,41.96,,,,,0.004,0,,-1,-1,,,-1,50,50,0,0
P000,Night,35.628,42.075,4,SubBlock,,,,,77.703,42.061,,,,,0.004,0,,-1,-1,,,-1,50,50,0,0
P000,Night,35.628,42.173,4,SubBlock,,,,,77.801,42.16,,,,,0.004,0,,-1,-1,,,-1,50,50,0,0
P000,Night,35.628,42.274,4,SubBlock,,,,,77.902,42.261,,,,,0.004,0,,-1,-1,,,-1,50,50,0,0
P000,Night,35.628,42.372,4,SubBlock,,,,,78,42.359,,,,,0.004,0,,-1,-1,,,-1,50,50,0,0
P000,Night,35.628,42.475,4,SubBlock,,,,,78.102,42.461,,,,,0.004,0,,-1,-1,,,-1,50,50,0,0
P000,Night,35.628,42.573,4,SubBlock,,,,,78.2,42.559,,,,,0.004,0,,-1,-1,,,-1,50,50,0,0
P000,Night,35.628,42.676,4,SubBlock,,,,,78.304,42.662,,,,,0.004,0,,-1,-1,,,-1,50,50,0,0
P000,Night,35.628,42.773,4,SubBlock,,,,,78.401,42.759,,,,,0.004,0,,-1,-1,,,-1,50,50,0,0
P000,Night,35.628,42.873,4,SubBlock,,,,,78.501,42.859,,,,,0.004,0,,-1,-1,,,-1,50,50,0,0
P000,Night,35.628,42.974,4,SubBlock,,,,,78.601,42.96,,,,,0.004,0,,-1,-1,,,-1,50,50,0,0
P000,Night,35.628,43.073,4,SubBlock,,,,,78.701,43.06,,,,,0.004,0,,-1,-1,,,-1,50,50,0,0
P000,Night,35.628,43.172,4,SubBlock,,,,,78.8,43.159,,,,,0.004,0,,-1,-1,,,-1,50,50,0,0
P000,Night,35.628,43.274,4,SubBlock,,,,,78.902,43.26,,,,,0.004,0,,-1,-1,,,-1,50,50,0,0
P000,Night,35.628,43.373,4,SubBlock,,,,,79.001,43.359,,,,,0.004,0,,-1,-1,,,-1,50,50,0,0
P000,Night,35.628,43.475,4,SubBlock,,,,,79.103,43.461,,,,,0.004,0,,-1,-1,,,-1,50,50,0,0
P000,Night,35.628,43.572,4,SubBlock,,,,,79.2,43.559,,,,,0.004,0,,-1,-1,,,-1,50,50,0,0
P000,Night,35.628,43.676,4,SubBlock,,,,,79.304,43.662,,,,,0.004,0,,-1,-1,,,-1,50,50,0,0
P000,Night,35.628,43.774,4,SubBlock,,,,,79.402,43.761,,,,,0.004,0,,-1,-1,,,-1,50,50,0,0
P000,Night,35.628,43.875,4,SubBlock,,,,,79.503,43.861,,,,,0.004,0,,-1,-1,,,-1,50,50,0,0
P000,Night,35.628,43.975,4,SubBlock,,,,,79.603,43.961,,,,,0.004,0,,-1,-1,,,-1,50,50,0,0
P000,Night,35.628,44.074,4,SubBlock,,,,,79.702,44.06,,,,,0.004,0,,-1,-1,,,-1,50,50,0,0
P000,Night,35.628,44.173,4,SubBlock,,,,,79.801,44.16,,,,,0.004,0,,-1,-1,,,-1,50,50,0,0
P000,Night,35.628,44.273,4,SubBlock,,,,,79.901,44.259,,,,,0.004,0,,-1,-1,,,-1,50,50,0,0
P000,Night,35.628,44.376,4,SubBlock,,,,,80.003,44.362,,,,,0.004,0,,-1,-1,,,-1,50,50,0,0
P000,Night,35.628,44.473,4,SubBlock,,,,,80.101,44.46,,,,,0.004,0,,-1,-1,,,-1,50,50,0,0
P000,Night,35.628,44.575,4,SubBlock,,,,,80.203,44.561,,,,,0.004,0,,-1,-1,,,-1,50,50,0,0
P000,Night,35.628,44.675,4,SubBlock,,,,,80.303,44.662,,,,,0.004,0,,-1,-1,,,-1,50,50,0,0
P000,Night,35.628,44.775,4,SubBlock,,,,,80.403,44.762,,,,,0.004,0,,-1,-1,,,-1,50,50,0,0
P000,Night,35.628,44.876,4,SubBlock,,,,,80.503,44.862,,,,,0.004,0,,-1,-1,,,-1,50,50,0,0
P000,Night,35.628,44.974,4,SubBlock,,,,,80.602,44.96,,,,,0.004,0,,-1,-1,,,-1,50,50,0,0
P000,Night,35.628,45.074,4,SubBlock,,,,,80.701,45.06,,,,,0.004,0,,-1,-1,,,-1,50,50,0,0
P000,Night,35.628,45.174,4,SubBlock,,,,,80.802,45.161,,,,,0.004,0,,-1,-1,,,-1,50,50,0,0
P000,Night,35.628,45.273,4,SubBlock,,,,,80.901,45.26,,,,,0.004,0,,-1,-1,,,-1,50,50,0,0
P000,Night,35.628,45.373,4,SubBlock,,,,,81,45.359,,,,,0.004,0,,-1,-1,,,-1,50,50,0,0
P000,Night,35.628,45.474,4,SubBlock,,,,,81.102,45.461,,,,,0.004,0,,-1,-1,,,-1,50,50,0,0
P000,Night,35.628,45.575,4,SubBlock,,,,,81.203,45.562,,,,,0.004,0,,-1,-1,,,-1,50,50,0,0
P000,Night,35.628,45.673,4,SubBlock,,,,,81.3,45.659,,,,,0.004,0,,-1,-1,,,-1,50,50,0,0
P000,Night,35.628,45.774,4,SubBlock,,,,,81.402,45.76,,,,,0.004,0,,-1,-1,,,-1,50,50,0,0
P000,Night,35.628,45.873,4,SubBlock,,,,,81.5,45.859,,,,,0.004,0,,-1,-1,,,-1,50,50,0,0
P000,Night,35.628,45.973,4,SubBlock,,,,,81.601,45.96,,,,,0.004,0,,-1,-1,,,-1,50,50,0,0
P000,Night,35.628,46.075,4,SubBlock,,,,,81.703,46.061,,,,,0.004,0,,-1,-1,,,-1,50,50,0,0
P000,Night,35.628,46.173,4,SubBlock,,,,,81.801,46.16,,,,,0.004,0,,-1,-1,,,-1,50,50,0,0
P000,Night,35.628,46.275,4,SubBlock,,,,,81.903,46.261,,,,,0.004,0,,-1,-1,,,-1,50,50,0,0
P000,Night,35.628,46.373,4,SubBlock,,,,,82.001,46.36,,,,,0.004,0,,-1,-1,,,-1,50,50,0,0
P000,Night,35.628,46.473,4,SubBlock,,,,,82.101,46.46,,,,,0.004,0,,-1,-1,,,-1,50,50,0,0
P000,Night,35.628,46.575,4,SubBlock,,,,,82.203,46.562,,,,,0.004,0,,-1,-1,,,-1,50,50,0,0
P000,Night,35.628,46.674,4,SubBlock,,,,,82.302,46.66,,,,,0.004,0,,-1,-1,,,-1,50,50,0,0
P000,Night,35.628,46.777,4,SubBlock,,,,,82.405,46.764,,,,,0.004,0,,-1,-1,,,-1,50,50,0,0
P000,Night,35.628,46.874,4,SubBlock,,,,,82.502,46.861,,,,,0.004,0,,-1,-1,,,-1,50,50,0,0
P000,Night,35.628,46.972,4,SubBlock,,,,,82.6,46.959,,,,,0.004,0,,-1,-1,,,-1,50,50,0,0
P000,Night,35.628,47.073,4,SubBlock,,,,,82.701,47.059,,,,,0.004,0,,-1,-1,,,-1,50,50,0,0
P000,Night,35.628,47.177,4,SubBlock,,,,,82.804,47.163,,,,,0.004,0,,-1,-1,,,-1,50,50,0,0
P000,Night,35.628,47.275,4,SubBlock,,,,,82.903,47.261,,,,,0.004,0,,-1,-1,,,-1,50,50,0,0
P000,Night,35.628,47.374,4,SubBlock,,,,,83.002,47.361,,,,,0.004,0,,-1,-1,,,-1,50,50,0,0
P000,Night,35.628,47.473,4,SubBlock,,,,,83.101,47.46,,,,,0.004,0,,-1,-1,,,-1,50,50,0,0
P000,Night,35.628,47.574,4,SubBlock,,,,,83.202,47.561,,,,,0.004,0,,-1,-1,,,-1,50,50,0,0
P000,Night,35.628,47.675,4,SubBlock,,,,,83.303,47.662,,,,,0.004,0,,-1,-1,,,-1,50,50,0,0
P000,Night,35.628,47.774,4,SubBlock,,,,,83.401,47.76,,,,,0.004,0,,-1,-1,,,-1,50,50,0,0
P000,Night,35.628,47.872,4,SubBlock,,,,,83.5,47.859,,,,,0.004,0,,-1,-1,,,-1,50,50,0,0
P000,Night,35.628,47.972,4,SubBlock,,,,,83.6,47.959,,,,,0.004,0,,-1,-1,,,-1,50,50,0,0
P000,Night,35.628,48.074,4,SubBlock,,,,,83.701,48.06,,,,,0.004,0,,-1,-1,,,-1,50,50,0,0
P000,Night,35.628,48.174,4,SubBlock,,,,,83.802,48.16,,,,,0.004,0,,-1,-1,,,-1,50,50,0,0
P000,Night,35.628,48.275,4,SubBlock,,,,,83.902,48.261,,,,,0.004,0,,-1,-1,,,-1,50,50,0,0
P000,Night,35.628,48.377,4,SubBlock,,,,,84.005,48.363,,,,,0.004,0,,-1,-1,,,-1,50,50,0,0
P000,Night,35.628,48.473,4,SubBlock,,,,,84.101,48.46,,,,,0.004,0,,-1,-1,,,-1,50,50,0,0
P000,Night,35.628,48.573,4,SubBlock,,,,,84.201,48.559,,,,,0.004,0,,-1,-1,,,-1,50,50,0,0
P000,Night,35.628,48.674,4,SubBlock,,,,,84.302,48.661,,,,,0.004,0,,-1,-1,,,-1,50,50,0,0
P000,Night,35.628,48.773,4,SubBlock,,,,,84.401,48.76,,,,,0.004,0,,-1,-1,,,-1,50,50,0,0
P000,Night,35.628,48.874,4,SubBlock,,,,,84.501,48.86,,,,,0.004,0,,-1,-1,,,-1,50,50,0,0
P000,Night,35.628,48.978,4,SubBlock,,,,,84.606,48.964,,,,,0.004,0,,-1,-1,,,-1,50,50,0,0
P000,Night,35.628,49.075,4,SubBlock,,,,,84.703,49.061,,,,,0.004,0,,-1,-1,,,-1,50,50,0,0
P000,Night,35.628,49.177,4,SubBlock,,,,,84.805,49.164,,,,,0.004,0,,-1,-1,,,-1,50,50,0,0
P000,Night,35.628,49.274,4,SubBlock,,,,,84.901,49.26,,,,,0.004,0,,-1,-1,,,-1,50,50,0,0
P000,Night,35.628,49.373,4,SubBlock,,,,,85.001,49.36,,,,,0.004,0,,-1,-1,,,-1,50,50,0,0
P000,Night,35.628,49.472,4,SubBlock,,,,,85.1,49.459,,,,,0.004,0,,-1,-1,,,-1,50,50,0,0
P000,Night,35.628,49.573,4,SubBlock,,,,,85.201,49.56,,,,,0.004,0,,-1,-1,,,-1,50,50,0,0
P000,Night,35.628,49.676,4,SubBlock,,,,,85.304,49.662,,,,,0.004,0,,-1,-1,,,-1,50,50,0,0
P000,Night,35.628,49.774,4,SubBlock,,,,,85.401,49.76,,,,,0.004,0,,-1,-1,,,-1,50,50,0,0
P000,Night,35.628,49.875,4,SubBlock,,,,,85.503,49.861,,,,,0.004,0,,-1,-1,,,-1,50,50,0,0
P000,Night,35.628,49.973,4,SubBlock,,,,,85.601,49.96,,,,,0.004,0,,-1,-1,,,-1,50,50,0,0
P000,Night,35.628,50.074,4,SubBlock,,,,,85.701,50.06,,,,,0.004,0,,-1,-1,,,-1,50,50,0,0
P000,Night,35.628,50.176,4,SubBlock,,,,,85.804,50.163,,,,,0.004,0,,-1,-1,,,-1,50,50,0,0
P000,Night,35.628,50.274,4,SubBlock,,,,,85.901,50.26,,,,,0.004,0,,-1,-1,,,-1,50,50,0,0
P000,Night,35.628,50.373,4,SubBlock,,,,,86,50.359,,,,,0.004,0,,-1,-1,,,-1,50,50,0,0
P000,Night,35.628,50.474,4,SubBlock,,,,,86.102,50.46,,,,,0.004,0,,-1,-1,,,-1,50,50,0,0
P000,Night,35.628,50.573,4,SubBlock,,,,,86.201,50.56,,,,,0.004,0,,-1,-1,,,-1,50,50,0,0
P000,Night,35.628,50.672,4,SubBlock,,,,,86.3,50.658,,,,,0.004,0,,-1,-1,,,-1,50,50,0,0
P000,Night,35.628,50.773,4,SubBlock,,,,,86.4,50.759,,,,,0.004,0,,-1,-1,,,-1,50,50,0,0
P000,Night,35.628,50.874,4,SubBlock,,,,,86.502,50.861,,,,,0.004,0,,-1,-1,,,-1,50,50,0,0
P000,Night,35.628,50.975,4,SubBlock,,,,,86.603,50.961,,,,,0.004,0,,-1,-1,,,-1,50,50,0,0
P000,Night,35.628,51.074,4,SubBlock,,,,,86.701,51.06,,,,,0.004,0,,-1,-1,,,-1,50,50,0,0
P000,Night,35.628,51.173,4,SubBlock,,,,,86.801,51.16,,,,,0.004,0,,-1,-1,,,-1,50,50,0,0
P000,Night,35.628,51.278,4,SubBlock,,,,,86.906,51.265,,,,,0.004,0,,-1,-1,,,-1,50,50,0,0
P000,Night,35.628,51.375,4,SubBlock,,,,,87.002,51.361,,,,,0.004,0,,-1,-1,,,-1,50,50,0,0
P000,Night,35.628,51.473,4,SubBlock,,,,,87.101,51.46,,,,,0.004,0,,-1,-1,,,-1,50,50,0,0
P000,Night,35.628,51.575,4,SubBlock,,,,,87.202,51.561,,,,,0.004,0,,-1,-1,,,-1,50,50,0,0
P000,Night,35.628,51.673,4,SubBlock,,,,,87.3,51.659,,,,,0.004,0,,-1,-1,,,-1,50,50,0,0
P000,Night,35.628,51.784,4,SubBlock,,,,,87.411,51.77,,,,,0.004,0,,-1,-1,,,-1,50,50,0,0
P000,Night,35.628,51.876,4,SubBlock,,,,,87.504,51.863,,,,,0.004,0,,-1,-1,,,-1,50,50,0,0
P000,Night,35.628,51.972,4,SubBlock,,,,,87.6,51.958,,,,,0.004,0,,-1,-1,,,-1,50,50,0,0
P000,Night,35.628,52.074,4,SubBlock,,,,,87.702,52.06,,,,,0.004,0,,-1,-1,,,-1,50,50,0,0
P000,Night,35.628,52.175,4,SubBlock,,,,,87.802,52.161,,,,,0.004,0,,-1,-1,,,-1,50,50,0,0
P000,Night,35.628,52.273,4,SubBlock,,,,,87.901,52.259,,,,,0.004,0,,-1,-1,,,-1,50,50,0,0
P000,Night,35.628,52.374,4,SubBlock,,,,,88.001,52.36,,,,,0.004,0,,-1,-1,,,-1,50,50,0,0
P000,Night,35.628,52.473,4,SubBlock,,,,,88.101,52.459,,,,,0.004,0,,-1,-1,,,-1,50,50,0,0
P000,Night,35.628,52.575,4,SubBlock,,,,,88.203,52.562,,,,,0.004,0,,-1,-1,,,-1,50,50,0,0
P000,Night,35.628,52.677,4,SubBlock,,,,,88.305,52.664,,,,,0.004,0,,-1,-1,,,-1,50,50,0,0
P000,Night,35.628,52.773,4,SubBlock,,,,,88.401,52.76,,,,,0.004,0,,-1,-1,,,-1,50,50,0,0
P000,Night,35.628,52.874,4,SubBlock,,,,,88.502,52.861,,,,,0.004,0,,-1,-1,,,-1,50,50,0,0
P000,Night,35.628,52.974,4,SubBlock,,,,,88.601,52.96,,,,,0.004,0,,-1,-1,,,-1,50,50,0,0
P000,Night,35.628,53.074,4,SubBlock,,,,,88.701,53.06,,,,,0.004,0,,-1,-1,,,-1,50,50,0,0
P000,Night,35.628,53.172,4,SubBlock,,,,,88.8,53.158,,,,,0.004,0,,-1,-1,,,-1,50,50,0,0
P000,Night,35.628,53.273,4,SubBlock,,,,,88.9,53.259,,,,,0.004,0,,-1,-1,,,-1,50,50,0,0
P000,Night,35.628,53.373,4,SubBlock,,,,,89.001,53.36,,,,,0.004,0,,-1,-1,,,-1,50,50,0,0
P000,Night,35.628,53.472,4,SubBlock,,,,,89.1,53.459,,,,,0.004,0,,-1,-1,,,-1,50,50,0,0
P000,Night,35.628,53.574,4,SubBlock,,,,,89.202,53.56,,,,,0.004,0,,-1,-1,,,-1,50,50,0,0
P000,Night,35.628,53.673,4,SubBlock,,,,,89.301,53.66,,,,,0.004,0,,-1,-1,,,-1,50,50,0,0
P000,Night,35.628,53.772,4,SubBlock,,,,,89.4,53.759,,,,,0.004,0,,-1,-1,,,-1,50,50,0,0
P000,Night,35.628,53.872,4,SubBlock,,,,,89.5,53.858,,,,,0.004,0,,-1,-1,,,-1,50,50,0,0
P000,Night,35.628,53.975,4,SubBlock,,,,,89.603,53.961,,,,,0.004,0,,-1,-1,,,-1,50,50,0,0
P000,Night,35.628,54.073,4,SubBlock,,,,,89.701,54.059,,,,,0.004,0,,-1,-1,,,-1,50,50,0,0
P000,Night,35.628,54.176,4,SubBlock,,,,,89.804,54.163,,,,,0.004,0,,-1,-1,,,-1,50,50,0,0
P000,Night,35.628,54.274,4,SubBlock,,,,,89.902,54.26,,,,,0.004,0,,-1,-1,,,-1,50,50,0,0
P000,Night,35.628,54.375,4,SubBlock,,,,,90.003,54.361,,,,,0.004,0,,-1,-1,,,-1,50,50,0,0
P000,Night,35.628,54.474,4,SubBlock,,,,,90.102,54.46,,,,,0.004,0,,-1,-1,,,-1,50,50,0,0
P000,Night,35.628,54.573,4,SubBlock,,,,,90.201,54.559,,,,,0.004,0,,-1,-1,,,-1,50,50,0,0
P000,Night,35.628,54.676,4,SubBlock,,,,,90.304,54.663,,,,,0.004,0,,-1,-1,,,-1,50,50,0,0
P000,Night,35.628,54.774,4,SubBlock,,,,,90.401,54.76,,,,,0.004,0,,-1,-1,,,-1,50,50,0,0
P000,Night,35.628,54.873,4,SubBlock,,,,,90.501,54.859,,,,,0.004,0,,-1,-1,,,-1,50,50,0,0
P000,Night,35.628,54.974,4,SubBlock,,,,,90.602,54.96,,,,,0.004,0,,-1,-1,,,-1,50,50,0,0
P000,Night,35.628,55.072,4,SubBlock,,,,,90.7,55.059,,,,,0.004,0,,-1,-1,,,-1,50,50,0,0
P000,Night,35.628,55.172,4,SubBlock,,,,,90.8,55.159,,,,,0.004,0,,-1,-1,,,-1,50,50,0,0
P000,Night,35.628,55.272,4,SubBlock,,,,,90.9,55.259,,,,,0.004,0,,-1,-1,,,-1,50,50,0,0
P000,Night,35.628,55.373,4,SubBlock,,,,,91.001,55.36,,,,,0.004,0,,-1,-1,,,-1,50,50,0,0
P000,Night,35.628,55.475,4,SubBlock,,,,,91.102,55.461,,,,,0.004,0,,-1,-1,,,-1,50,50,0,0
P000,Night,35.628,55.572,4,SubBlock,,,,,91.2,55.559,,,,,0.004,0,,-1,-1,,,-1,50,50,0,0
P000,Night,35.628,55.673,4,SubBlock,,,,,91.301,55.659,,,,,0.004,0,,-1,-1,,,-1,50,50,0,0
P000,Night,35.628,55.775,4,SubBlock,,,,,91.403,55.761,,,,,0.004,0,,-1,-1,,,-1,50,50,0,0
P000,Night,35.628,55.874,4,SubBlock,,,,,91.502,55.86,,,,,0.004,0,,-1,-1,,,-1,50,50,0,0
P000,Night,35.628,55.974,4,SubBlock,,,,,91.602,55.961,,,,,0.004,0,,-1,-1,,,-1,50,50,0,0
P000,Night,35.628,56.074,4,SubBlock,,,,,91.702,56.06,,,,,0.004,0,,-1,-1,,,-1,50,50,0,0
P000,Night,35.628,56.173,4,SubBlock,,,,,91.8,56.159,,,,,0.004,0,,-1,-1,,,-1,50,50,0,0
P000,Night,35.628,56.273,4,SubBlock,,,,,91.901,56.26,,,,,0.004,0,,-1,-1,,,-1,50,50,0,0
P000,Night,35.628,56.378,4,SubBlock,,,,,92.006,56.364,,,,,0.004,0,,-1,-1,,,-1,50,50,0,0
P000,Night,35.628,56.475,4,SubBlock,,,,,92.102,56.461,,,,,0.004,0,,-1,-1,,,-1,50,50,0,0
P000,Night,35.628,56.573,4,SubBlock,,,,,92.201,56.56,,,,,0.004,0,,-1,-1,,,-1,50,50,0,0
P000,Night,35.628,56.673,4,SubBlock,,,,,92.301,56.66,,,,,0.004,0,,-1,-1,,,-1,50,50,0,0
P000,Night,35.628,56.772,4,SubBlock,,,,,92.4,56.759,,,,,0.004,0,,-1,-1,,,-1,50,50,0,0
P000,Night,35.628,56.874,4,SubBlock,,,,,92.502,56.86,,,,,0.004,0,,-1,-1,,,-1,50,50,0,0
P000,Night,35.628,56.973,4,SubBlock,,,,,92.601,56.96,,,,,0.004,0,,-1,-1,,,-1,50,50,0,0
P000,Night,35.628,57.072,4,SubBlock,,,,,92.7,57.058,,,,,0.004,0,,-1,-1,,,-1,50,50,0,0
P000,Night,35.628,57.175,4,SubBlock,,,,,92.803,57.162,,,,,0.004,0,,-1,-1,,,-1,50,50,0,0
P000,Night,35.628,57.272,4,SubBlock,,,,,92.9,57.258,,,,,0.004,0,,-1,-1,,,-1,50,50,0,0
P000,Night,35.628,57.373,4,SubBlock,,,,,93.001,57.36,,,,,0.004,0,,-1,-1,,,-1,50,50,0,0
P000,Night,35.628,57.474,4,SubBlock,,,,,93.101,57.46,,,,,0.004,0,,-1,-1,,,-1,50,50,0,0
P000,Night,35.628,57.573,4,SubBlock,,,,,93.2,57.559,,,,,0.004,0,,-1,-1,,,-1,50,50,0,0
P000,Night,35.628,57.673,4,SubBlock,,,,,93.301,57.66,,,,,0.004,0,,-1,-1,,,-1,50,50,0,0
P000,Night,35.628,57.773,4,SubBlock,,,,,93.401,57.759,,,,,0.004,0,,-1,-1,,,-1,50,50,0,0
P000,Night,35.628,57.873,4,SubBlock,,,,,93.501,57.859,,,,,0.004,0,,-1,-1,,,-1,50,50,0,0
P000,Night,35.628,57.973,4,SubBlock,,,,,93.601,57.96,,,,,0.004,0,,-1,-1,,,-1,50,50,0,0
P000,Night,35.628,58.077,4,SubBlock,,,,,93.704,58.063,,,,,0.004,0,,-1,-1,,,-1,50,50,0,0
P000,Night,35.628,58.183,4,SubBlock,,,,,93.81,58.169,,,,,0.004,0,,-1,-1,,,-1,50,50,0,0
P000,Night,35.628,58.277,4,SubBlock,,,,,93.905,58.264,,,,,0.004,0,,-1,-1,,,-1,50,50,0,0
P000,Night,35.628,58.374,4,SubBlock,,,,,94.001,58.36,,,,,0.004,0,,-1,-1,,,-1,50,50,0,0
P000,Night,35.628,58.472,4,SubBlock,,,,,94.1,58.459,,,,,0.004,0,,-1,-1,,,-1,50,50,0,0
P000,Night,35.628,58.573,4,SubBlock,,,,,94.201,58.559,,,,,0.004,0,,-1,-1,,,-1,50,50,0,0
P000,Night,35.628,58.673,4,SubBlock,,,,,94.3,58.659,,,,,0.004,0,,-1,-1,,,-1,50,50,0,0
P000,Night,35.628,58.773,4,SubBlock,,,,,94.401,58.76,,,,,0.004,0,,-1,-1,,,-1,50,50,0,0
P000,Night,35.628,58.875,4,SubBlock,,,,,94.503,58.861,,,,,0.004,0,,-1,-1,,,-1,50,50,0,0
P000,Night,35.628,58.977,4,SubBlock,,,,,94.605,58.964,,,,,0.004,0,,-1,-1,,,-1,50,50,0,0
P000,Night,35.628,59.077,4,SubBlock,,,,,94.705,59.063,,,,,0.004,0,,-1,-1,,,-1,50,50,0,0
P000,Night,35.628,59.177,4,SubBlock,,,,,94.805,59.163,,,,,0.004,0,,-1,-1,,,-1,50,50,0,0
P000,Night,35.628,59.274,4,SubBlock,,,,,94.902,59.26,,,,,0.004,0,,-1,-1,,,-1,50,50,0,0
P000,Night,35.628,59.372,4,SubBlock,,,,,95,59.358,,,,,0.004,0,,-1,-1,,,-1,50,50,0,0
P000,Night,35.628,59.474,4,SubBlock,,,,,95.102,59.461,,,,,0.004,0,,-1,-1,,,-1,50,50,0,0
P000,Night,35.628,59.572,4,SubBlock,,,,,95.2,59.559,,,,,0.004,0,,-1,-1,,,-1,50,50,0,0
P000,Night,35.628,59.674,4,SubBlock,,,,,95.302,59.661,,,,,0.004,0,,-1,-1,,,-1,50,50,0,0
P000,Night,35.628,59.774,4,SubBlock,,,,,95.402,59.761,,,,,0.004,0,,-1,-1,,,-1,50,50,0,0
P000,Night,35.628,59.877,4,SubBlock,,,,,95.505,59.864,,,,,0.004,0,,-1,-1,,,-1,50,50,0,0
P000,Night,35.628,59.974,4,SubBlock,,,,,95.602,59.961,,,,,0.004,0,,-1,-1,,,-1,50,50,0,0
P000,Night,35.628,60.072,4,SubBlock,,,,,95.7,60.059,,,,,0.004,0,,-1,-1,,,-1,50,50,0,0
P000,Night,35.628,60.176,4,SubBlock,,,,,95.804,60.163,,,,,0.004,0,,-1,-1,,,-1,50,50,0,0
P000,Night,35.628,60.274,4,SubBlock,,,,,95.902,60.261,,,,,0.004,0,,-1,-1,,,-1,50,50,0,0
P000,Night,35.628,60.374,4,SubBlock,,,,,96.002,60.361,,,,,0.004,0,,-1,-1,,,-1,50,50,0,0
P000,Night,35.628,60.474,4,SubBlock,,,,,96.102,60.461,,,,,0.004,0,,-1,-1,,,-1,50,50,0,0
P000,Night,35.628,60.575,4,SubBlock,,,,,96.203,60.561,,,,,0.004,0,,-1,-1,,,-1,50,50,0,0
P000,Night,35.628,60.673,4,SubBlock,,,,,96.301,60.66,,,,,0.004,0,,-1,-1,,,-1,50,50,0,0
P000,Night,35.628,60.773,4,SubBlock,,,,,96.401,60.76,,,,,0.004,0,,-1,-1,,,-1,50,50,0,0
P000,Night,35.628,60.872,4,SubBlock,,,,,96.5,60.858,,,,,0.004,0,,-1,-1,,,-1,50,50,0,0
P000,Night,35.628,60.975,4,SubBlock,,,,,96.603,60.961,,,,,0.004,0,,-1,-1,,,-1,50,50,0,0
P000,Night,35.628,61.072,4,SubBlock,,,,,96.7,61.058,,,,,0.004,0,,-1,-1,,,-1,50,50,0,0
P000,Night,35.628,61.174,4,SubBlock,,,,,96.802,61.161,,,,,0.004,0,,-1,-1,,,-1,50,50,0,0
P000,Night,35.628,61.274,4,SubBlock,,,,,96.902,61.261,,,,,0.004,0,,-1,-1,,,-1,50,50,0,0
P000,Night,35.628,61.375,4,SubBlock,,,,,97.002,61.361,,,,,0.004,0,,-1,-1,,,-1,50,50,0,0
P000,Night,35.628,61.474,4,SubBlock,,,,,97.101,61.46,,,,,0.004,0,,-1,-1,,,-1,50,50,0,0
P000,Night,35.628,61.574,4,SubBlock,,,,,97.201,61.56,,,,,0.004,0,,-1,-1,,,-1,50,50,0,0
P000,Night,35.628,61.675,4,SubBlock,,,,,97.303,61.661,,,,,0.004,0,,-1,-1,,,-1,50,50,0,0
P000,Night,35.628,61.774,4,SubBlock,,,,,97.402,61.761,,,,,0.004,0,,-1,-1,,,-1,50,50,0,0
P000,Night,35.628,61.872,4,SubBlock,,,,,97.5,61.858,,,,,0.004,0,,-1,-1,,,-1,50,50,0,0
P000,Night,35.628,61.974,4,SubBlock,,,,,97.602,61.961,,,,,0.004,0,,-1,-1,,,-1,50,50,0,0
P000,Night,35.628,62.073,4,SubBlock,,,,,97.701,62.059,,,,,0.004,0,,-1,-1,,,-1,50,50,0,0
P000,Night,35.628,62.174,4,SubBlock,,,,,97.802,62.161,,,,,0.004,0,,-1,-1,,,-1,50,50,0,0
P000,Night,35.628,62.274,4,SubBlock,,,,,97.902,62.261,,,,,0.004,0,,-1,-1,,,-1,50,50,0,0
P000,Night,35.628,62.377,4,SubBlock,,,,,98.004,62.363,,,,,0.004,0,,-1,-1,,,-1,50,50,0,0
P000,Night,35.628,62.474,4,SubBlock,,,,,98.102,62.46,,,,,0.004,0,,-1,-1,,,-1,50,50,0,0
P000,Night,35.628,62.572,4,SubBlock,,,,,98.2,62.559,,,,,0.004,0,,-1,-1,,,-1,50,50,0,0
P000,Night,35.628,62.672,4,SubBlock,,,,,98.3,62.659,,,,,0.004,0,,-1,-1,,,-1,50,50,0,0
P000,Night,35.628,62.775,4,SubBlock,,,,,98.403,62.761,,,,,0.004,0,,-1,-1,,,-1,50,50,0,0
P000,Night,35.628,62.873,4,SubBlock,,,,,98.501,62.86,,,,,0.004,0,,-1,-1,,,-1,50,50,0,0
P000,Night,35.628,62.975,4,SubBlock,,,,,98.602,62.961,,,,,0.004,0,,-1,-1,,,-1,50,50,0,0
P000,Night,35.628,63.072,4,SubBlock,,,,,98.699,63.058,,,,,0.004,0,,-1,-1,,,-1,50,50,0,0
P000,Night,35.628,63.174,4,SubBlock,,,,,98.801,63.16,,,,,0.004,0,,-1,-1,,,-1,50,50,0,0
P000,Night,35.628,63.274,4,SubBlock,,,,,98.902,63.26,,,,,0.004,0,,-1,-1,,,-1,50,50,0,0
P000,Night,35.628,63.373,4,SubBlock,,,,,99.001,63.359,,,,,0.004,0,,-1,-1,,,-1,50,50,0,0
P000,Night,35.628,63.473,4,SubBlock,,,,,99.101,63.459,,,,,0.004,0,,-1,-1,,,-1,50,50,0,0
P000,Night,35.628,63.574,4,SubBlock,,,,,99.202,63.561,,,,,0.004,0,,-1,-1,,,-1,50,50,0,0
P000,Night,35.628,63.675,4,SubBlock,,,,,99.302,63.661,,,,,0.004,0,,-1,-1,,,-1,50,50,0,0
P000,Night,35.628,63.774,4,SubBlock,,,,,99.402,63.76,,,,,0.004,0,,-1,-1,,,-1,50,50,0,0
P000,Night,35.628,63.873,4,SubBlock,,,,,99.501,63.86,,,,,0.004,0,,-1,-1,,,-1,50,50,0,0
P000,Night,35.628,63.972,4,SubBlock,,,,,99.6,63.958,,,,,0.004,0,,-1,-1,,,-1,50,50,0,0
P000,Night,35.628,64.073,4,SubBlock,,,,,99.701,64.059,,,,,0.004,0,,-1,-1,,,-1,50,50,0,0
P000,Night,35.628,64.178,4,SubBlock,,,,,99.805,64.164,,,,,0.004,0,,-1,-1,,,-1,50,50,0,0
P000,Night,35.628,64.273,4,SubBlock,,,,,99.901,64.259,,,,,0.004,0,,-1,-1,,,-1,50,50,0,0
P000,Night,35.628,64.372,4,SubBlock,,,,,100,64.359,,,,,0.004,0,,-1,-1,,,-1,50,50,0,0
P000,Night,35.628,64.474,4,SubBlock,,,,,100.102,64.461,,,,,0.004,0,,-1,-1,,,-1,50,50,0,0
P000,Night,35.628,64.575,4,SubBlock,,,,,100.202,64.561,,,,,0.004,0,,-1,-1,,,-1,50,50,0,0
P000,Night,35.628,64.675,4,SubBlock,,,,,100.303,64.662,,,,,0.004,0,,-1,-1,,,-1,50,50,0,0
P000,Night,35.628,64.772,4,SubBlock,,,,,100.4,64.759,,,,,0.004,0,,-1,-1,,,-1,50,50,0,0
P000,Night,35.628,64.875,4,SubBlock,,,,,100.503,64.862,,,,,0.004,0,,-1,-1,,,-1,50,50,0,0
P000,Night,35.628,64.973,4,SubBlock,,,,,100.601,64.959,,,,,0.004,0,,-1,-1,,,-1,50,50,0,0
P000,Night,35.628,65.074,4,SubBlock,,,,,100.702,65.06,,,,,0.004,0,,-1,-1,,,-1,50,50,0,0
P000,Night,35.628,65.172,4,SubBlock,,,,,100.8,65.158,,,,,0.004,0,,-1,-1,,,-1,50,50,0,0
P000,Night,35.628,65.272,4,SubBlock,,,,,100.9,65.258,,,,,0.004,0,,-1,-1,,,-1,50,50,0,0
P000,Night,35.628,65.377,4,SubBlock,,,,,101.005,65.364,,,,,0.004,0,,-1,-1,,,-1,50,50,0,0
P000,Night,35.628,65.477,4,SubBlock,,,,,101.105,65.464,,,,,0.004,0,,-1,-1,,,-1,50,50,0,0
P000,Night,35.628,65.573,4,SubBlock,,,,,101.2,65.559,,,,,0.004,0,,-1,-1,,,-1,50,50,0,0
P000,Night,35.628,65.676,4,SubBlock,,,,,101.304,65.662,,,,,0.004,0,,-1,-1,,,-1,50,50,0,0
P000,Night,35.628,65.773,4,SubBlock,,,,,101.401,65.76,,,,,0.004,0,,-1,-1,,,-1,50,50,0,0
P000,Night,35.628,65.875,4,SubBlock,,,,,101.503,65.861,,,,,0.004,0,,-1,-1,,,-1,50,50,0,0
P000,Night,35.628,65.974,4,SubBlock,,,,,101.602,65.961,,,,,0.004,0,,-1,-1,,,-1,50,50,0,0
P000,Night,35.628,66.073,4,SubBlock,,,,,101.7,66.059,,,,,0.004,0,,-1,-1,,,-1,50,50,0,0
P000,Night,35.628,66.174,4,SubBlock,,,,,101.802,66.161,,,,,0.004,0,,-1,-1,,,-1,50,50,0,0
P000,Night,35.628,66.273,4,SubBlock,,,,,101.901,66.26,,,,,0.004,0,,-1,-1,,,-1,50,50,0,0
P000,Night,35.628,66.373,4,SubBlock,,,,,102.001,66.36,,,,,0.004,0,,-1,-1,,,-1,50,50,0,0
P000,Night,35.628,66.474,4,SubBlock,,,,,102.102,66.46,,,,,0.004,0,,-1,-1,,,-1,50,50,0,0
P000,Night,35.628,66.578,4,SubBlock,,,,,102.206,66.564,,,,,0.004,0,,-1,-1,,,-1,50,50,0,0
P000,Night,35.628,66.677,4,SubBlock,,,,,102.305,66.663,,,,,0.004,0,,-1,-1,,,-1,50,50,0,0
P000,Night,35.628,66.772,4,SubBlock,,,,,102.4,66.759,,,,,0.004,0,,-1,-1,,,-1,50,50,0,0
P000,Night,35.628,66.874,4,SubBlock,,,,,102.502,66.861,,,,,0.004,0,,-1,-1,,,-1,50,50,0,0
P000,Night,35.628,66.978,4,SubBlock,,,,,102.606,66.964,,,,,0.004,0,,-1,-1,,,-1,50,50,0,0
P000,Night,35.628,67.074,4,SubBlock,,,,,102.702,67.06,,,,,0.004,0,,-1,-1,,,-1,50,50,0,0
P000,Night,35.628,67.173,4,SubBlock,,,,,102.801,67.159,,,,,0.004,0,,-1,-1,,,-1,50,50,0,0
P000,Night,35.628,67.273,4,SubBlock,,,,,102.901,67.259,,,,,0.004,0,,-1,-1,,,-1,50,50,0,0
P000,Night,35.628,67.373,4,SubBlock,,,,,103.001,67.359,,,,,0.004,0,,-1,-1,,,-1,50,50,0,0
P000,Night,35.628,67.478,4,SubBlock,,,,,103.106,67.464,,,,,0.004,0,,-1,-1,,,-1,50,50,0,0
P000,Night,35.628,67.572,4,SubBlock,,,,,103.2,67.558,,,,,0.004,0,,-1,-1,,,-1,50,50,0,0
P000,Night,35.628,67.673,4,SubBlock,,,,,103.3,67.659,,,,,0.004,0,,-1,-1,,,-1,50,50,0,0
P000,Night,35.628,67.777,4,SubBlock,,,,,103.404,67.763,,,,,0.004,0,,-1,-1,,,-1,50,50,0,0
P000,Night,35.628,67.872,4,SubBlock,,,,,103.5,67.858,,,,,0.004,0,,-1,-1,,,-1,50,50,0,0
P000,Night,35.628,67.977,4,SubBlock,,,,,103.604,67.963,,,,,0.004,0,,-1,-1,,,-1,50,50,0,0
P000,Night,35.628,68.076,4,SubBlock,,,,,103.704,68.063,,,,,0.004,0,,-1,-1,,,-1,50,50,0,0
P000,Night,35.628,68.174,4,SubBlock,,,,,103.802,68.161,,,,,0.004,0,,-1,-1,,,-1,50,50,0,0
P000,Night,35.628,68.278,4,SubBlock,,,,,103.906,68.264,,,,,0.004,0,,-1,-1,,,-1,50,50,0,0
P000,Night,35.628,68.373,4,SubBlock,,,,,104,68.359,,,,,0.004,0,,-1,-1,,,-1,50,50,0,0
P000,Night,35.628,68.476,4,SubBlock,,,,,104.104,68.462,,,,,0.004,0,,-1,-1,,,-1,50,50,0,0
P000,Night,35.628,68.573,4,SubBlock,,,,,104.201,68.559,,,,,0.004,0,,-1,-1,,,-1,50,50,0,0
P000,Night,35.628,68.674,4,SubBlock,,,,,104.302,68.661,,,,,0.004,0,,-1,-1,,,-1,50,50,0,0
P000,Night,35.628,68.775,4,SubBlock,,,,,104.403,68.761,,,,,0.004,0,,-1,-1,,,-1,50,50,0,0
P000,Night,35.628,68.872,4,SubBlock,,,,,104.5,68.858,,,,,0.004,0,,-1,-1,,,-1,50,50,0,0
P000,Night,35.628,68.974,4,SubBlock,,,,,104.602,68.96,,,,,0.004,0,,-1,-1,,,-1,50,50,0,0
P000,Night,35.628,69.073,4,SubBlock,,,,,104.701,69.06,,,,,0.004,0,,-1,-1,,,-1,50,50,0,0
P000,Night,35.628,69.172,4,SubBlock,,,,,104.8,69.159,,,,,0.004,0,,-1,-1,,,-1,50,50,0,0
P000,Night,35.628,69.272,4,SubBlock,,,,,104.9,69.259,,,,,0.004,0,,-1,-1,,,-1,50,50,0,0
P000,Night,35.628,69.374,4,SubBlock,,,,,105.002,69.36,,,,,0.004,0,,-1,-1,,,-1,50,50,0,0
P000,Night,35.628,69.474,4,SubBlock,,,,,105.102,69.461,,,,,0.004,0,,-1,-1,,,-1,50,50,0,0
P000,Night,35.628,69.572,4,SubBlock,,,,,105.2,69.559,,,,,0.004,0,,-1,-1,,,-1,50,50,0,0
P000,Night,35.628,69.674,4,SubBlock,,,,,105.302,69.661,,,,,0.004,0,,-1,-1,,,-1,50,50,0,0
P000,Night,35.628,69.778,4,SubBlock,,,,,105.405,69.764,,,,,0.004,0,,-1,-1,,,-1,50,50,0,0
P000,Night,35.628,69.874,4,SubBlock,,,,,105.502,69.86,,,,,0.004,0,,-1,-1,,,-1,50,50,0,0
P000,Night,35.628,69.975,4,SubBlock,,,,,105.603,69.962,,,,,0.004,0,,-1,-1,,,-1,50,50,0,0
P000,Night,35.628,70.076,4,SubBlock,,,,,105.703,70.062,,,,,0.004,0,,-1,-1,,,-1,50,50,0,0
P000,Night,35.628,70.177,4,SubBlock,,,,,105.805,70.164,,,,,0.004,0,,-1,-1,,,-1,50,50,0,0
P000,Night,35.628,70.275,4,SubBlock,,,,,105.903,70.261,,,,,0.004,0,,-1,-1,,,-1,50,50,0,0
P000,Night,35.628,70.373,4,SubBlock,,,,,106.001,70.36,,,,,0.004,0,,-1,-1,,,-1,50,50,0,0
P000,Night,35.628,70.474,4,SubBlock,,,,,106.102,70.46,,,,,0.004,0,,-1,-1,,,-1,50,50,0,0
P000,Night,35.628,70.574,4,SubBlock,,,,,106.202,70.561,,,,,0.004,0,,-1,-1,,,-1,50,50,0,0
P000,Night,35.628,70.672,4,SubBlock,,,,,106.3,70.658,,,,,0.004,0,,-1,-1,,,-1,50,50,0,0
P000,Night,35.628,70.777,4,SubBlock,,,,,106.405,70.764,,,,,0.004,0,,-1,-1,,,-1,50,50,0,0
P000,Night,35.628,70.874,4,SubBlock,,,,,106.502,70.86,,,,,0.004,0,,-1,-1,,,-1,50,50,0,0
P000,Night,35.628,70.974,4,SubBlock,,,,,106.602,70.96,,,,,0.004,0,,-1,-1,,,-1,50,50,0,0
P000,Night,35.628,71.072,4,SubBlock,,,,,106.699,71.058,,,,,0.004,0,,-1,-1,,,-1,50,50,0,0
P000,Night,35.628,71.173,4,SubBlock,,,,,106.8,71.159,,,,,0.004,0,,-1,-1,,,-1,50,50,0,0
P000,Night,35.628,71.273,4,SubBlock,,,,,106.9,71.259,,,,,0.004,0,,-1,-1,,,-1,50,50,0,0
P000,Night,35.628,71.375,4,SubBlock,,,,,107.003,71.362,,,,,0.004,0,,-1,-1,,,-1,50,50,0,0
P000,Night,35.628,71.472,4,SubBlock,,,,,107.1,71.459,,,,,0.004,0,,-1,-1,,,-1,50,50,0,0
P000,Night,35.628,71.572,4,SubBlock,,,,,107.2,71.559,,,,,0.004,0,,-1,-1,,,-1,50,50,0,0
P000,Night,35.628,71.673,4,SubBlock,,,,,107.301,71.659,,,,,0.004,0,,-1,-1,,,-1,50,50,0,0
P000,Night,35.628,71.775,4,SubBlock,,,,,107.403,71.762,,,,,0.004,0,,-1,-1,,,-1,50,50,0,0
P000,Night,35.628,71.873,4,SubBlock,,,,,107.501,71.859,,,,,0.004,0,,-1,-1,,,-1,50,50,0,0
P000,Night,35.628,71.975,4,SubBlock,,,,,107.603,71.962,,,,,0.004,0,,-1,-1,,,-1,50,50,0,0
P000,Night,35.628,72.072,4,SubBlock,,,,,107.7,72.058,,,,,0.004,0,,-1,-1,,,-1,50,50,0,0
P000,Night,35.628,72.172,4,SubBlock,,,,,107.8,72.159,,,,,0.004,0,,-1,-1,,,-1,50,50,0,0
P000,Night,35.628,72.275,4,SubBlock,,,,,107.903,72.261,,,,,0.004,0,,-1,-1,,,-1,50,50,0,0
P000,Night,35.628,72.372,4,SubBlock,,,,,108,72.358,,,,,0.004,0,,-1,-1,,,-1,50,50,0,0
P000,Night,35.628,72.476,4,SubBlock,,,,,108.104,72.462,,,,,0.004,0,,-1,-1,,,-1,50,50,0,0
P000,Night,35.628,72.575,4,SubBlock,,,,,108.203,72.562,,,,,0.004,0,,-1,-1,,,-1,50,50,0,0
P000,Night,35.628,72.674,4,SubBlock,,,,,108.302,72.66,,,,,0.004,0,,-1,-1,,,-1,50,50,0,0
P000,Night,35.628,72.772,4,SubBlock,,,,,108.399,72.758,,,,,0.004,0,,-1,-1,,,-1,50,50,0,0
P000,Night,35.628,72.872,4,SubBlock,,,,,108.5,72.859,,,,,0.004,0,,-1,-1,,,-1,50,50,0,0
P000,Night,35.628,72.972,4,SubBlock,,,,,108.6,72.958,,,,,0.004,0,,-1,-1,,,-1,50,50,0,0
P000,Night,35.628,73.076,4,SubBlock,,,,,108.704,73.063,,,,,0.004,0,,-1,-1,,,-1,50,50,0,0
P000,Night,35.628,73.174,4,SubBlock,,,,,108.802,73.16,,,,,0.004,0,,-1,-1,,,-1,50,50,0,0
P000,Night,35.628,73.278,4,SubBlock,,,,,108.906,73.264,,,,,0.004,0,,-1,-1,,,-1,50,50,0,0
P000,Night,35.628,73.372,4,SubBlock,,,,,109,73.359,,,,,0.004,0,,-1,-1,,,-1,50,50,0,0
P000,Night,35.628,73.474,4,SubBlock,,,,,109.102,73.461,,,,,0.004,0,,-1,-1,,,-1,50,50,0,0
P000,Night,35.628,73.573,4,SubBlock,,,,,109.201,73.56,,,,,0.004,0,,-1,-1,,,-1,50,50,0,0
P000,Night,35.628,73.674,4,SubBlock,,,,,109.302,73.66,,,,,0.004,0,,-1,-1,,,-1,50,50,0,0
P000,Night,35.628,73.777,4,SubBlock,,,,,109.404,73.763,,,,,0.004,0,,-1,-1,,,-1,50,50,0,0
P000,Night,35.628,73.874,4,SubBlock,,,,,109.502,73.861,,,,,0.004,0,,-1,-1,,,-1,50,50,0,0
P000,Night,35.628,73.974,4,SubBlock,,,,,109.602,73.96,,,,,0.004,0,,-1,-1,,,-1,50,50,0,0
P000,Night,35.628,74.076,4,SubBlock,,,,,109.704,74.063,,,,,0.004,0,,-1,-1,,,-1,50,50,0,0
P000,Night,35.628,74.174,4,SubBlock,,,,,109.802,74.161,,,,,0.004,0,,-1,-1,,,-1,50,50,0,0
P000,Night,35.628,74.272,4,SubBlock,,,,,109.9,74.259,,,,,0.004,0,,-1,-1,,,-1,50,50,0,0
P000,Night,35.628,74.373,4,SubBlock,,,,,110.001,74.36,,,,,0.004,0,,-1,-1,,,-1,50,50,0,0
P000,Night,35.628,74.474,4,SubBlock,,,,,110.102,74.461,,,,,0.004,0,,-1,-1,,,-1,50,50,0,0
P000,Night,35.628,74.574,4,SubBlock,,,,,110.202,74.561,,,,,0.004,0,,-1,-1,,,-1,50,50,0,0
P000,Night,35.628,74.674,4,SubBlock,,,,,110.301,74.66,,,,,0.004,0,,-1,-1,,,-1,50,50,0,0
P000,Night,35.628,74.772,4,SubBlock,,,,,110.4,74.759,,,,,0.004,0,,-1,-1,,,-1,50,50,0,0
P000,Night,35.628,74.875,4,SubBlock,,,,,110.503,74.861,,,,,0.004,0,,-1,-1,,,-1,50,50,0,0
P000,Night,35.628,74.972,4,SubBlock,,,,,110.6,74.958,,,,,0.004,0,,-1,-1,,,-1,50,50,0,0
P000,Night,35.628,75.074,4,SubBlock,,,,,110.702,75.061,,,,,0.004,0,,-1,-1,,,-1,50,50,0,0
P000,Night,35.628,75.175,4,SubBlock,,,,,110.803,75.162,,,,,0.004,0,,-1,-1,,,-1,50,50,0,0
P000,Night,35.628,75.274,4,SubBlock,,,,,110.902,75.261,,,,,0.004,0,,-1,-1,,,-1,50,50,0,0
P000,Night,35.628,75.374,4,SubBlock,,,,,111.001,75.36,,,,,0.004,0,,-1,-1,,,-1,50,50,0,0
P000,Night,35.628,75.474,4,SubBlock,,,,,111.101,75.46,,,,,0.004,0,,-1,-1,,,-1,50,50,0,0
P000,Night,35.628,75.574,4,SubBlock,,,,,111.202,75.56,,,,,0.004,0,,-1,-1,,,-1,50,50,0,0
P000,Night,35.628,75.676,4,SubBlock,,,,,111.303,75.662,,,,,0.004,0,,-1,-1,,,-1,50,50,0,0
P000,Night,35.628,75.772,4,SubBlock,,,,,111.4,75.758,,,,,0.004,0,,-1,-1,,,-1,50,50,0,0
P000,Night,35.628,75.873,4,SubBlock,,,,,111.5,75.859,,,,,0.004,0,,-1,-1,,,-1,50,50,0,0
P000,Night,35.628,75.974,4,SubBlock,,,,,111.602,75.961,,,,,0.004,0,,-1,-1,,,-1,50,50,0,0
P000,Night,35.628,76.072,4,SubBlock,,,,,111.7,76.059,,,,,0.004,0,,-1,-1,,,-1,50,50,0,0
P000,Night,35.628,76.172,4,SubBlock,,,,,111.8,76.159,,,,,0.004,0,,-1,-1,,,-1,50,50,0,0
P000,Night,35.628,76.275,4,SubBlock,,,,,111.902,76.261,,,,,0.004,0,,-1,-1,,,-1,50,50,0,0
P000,Night,35.628,76.375,4,SubBlock,,,,,112.002,76.361,,,,,0.004,0,,-1,-1,,,-1,50,50,0,0
P000,Night,35.628,76.472,4,SubBlock,,,,,112.1,76.459,,,,,0.004,0,,-1,-1,,,-1,50,50,0,0
P000,Night,35.628,76.572,4,SubBlock,,,,,112.2,76.559,,,,,0.004,0,,-1,-1,,,-1,50,50,0,0
P000,Night,35.628,76.676,4,SubBlock,,,,,112.304,76.662,,,,,0.004,0,,-1,-1,,,-1,50,50,0,0
P000,Night,35.628,76.774,4,SubBlock,,,,,112.402,76.761,,,,,0.004,0,,-1,-1,,,-1,50,50,0,0
P000,Night,35.628,76.872,4,SubBlock,,,,,112.499,76.858,,,,,0.004,0,,-1,-1,,,-1,50,50,0,0
P000,Night,35.628,76.976,4,SubBlock,,,,,112.603,76.962,,,,,0.004,0,,-1,-1,,,-1,50,50,0,0
P000,Night,35.628,77.072,4,SubBlock,,,,,112.7,77.058,,,,,0.004,0,,-1,-1,,,-1,50,50,0,0
P000,Night,35.628,77.173,4,SubBlock,,,,,112.801,77.159,,,,,0.004,0,,-1,-1,,,-1,50,50,0,0
P000,Night,35.628,77.272,4,SubBlock,,,,,112.9,77.258,,,,,0.004,0,,-1,-1,,,-1,50,50,0,0
P000,Night,35.628,77.374,4,SubBlock,,,,,113.001,77.36,,,,,0.004,0,,-1,-1,,,-1,50,50,0,0
P000,Night,35.628,77.475,4,SubBlock,,,,,113.103,77.462,,,,,0.004,0,,-1,-1,,,-1,50,50,0,0
P000,Night,35.628,77.577,4,SubBlock,,,,,113.205,77.563,,,,,0.004,0,,-1,-1,,,-1,50,50,0,0
P000,Night,35.628,77.673,4,SubBlock,,,,,113.301,77.659,,,,,0.004,0,,-1,-1,,,-1,50,50,0,0
P000,Night,35.628,77.773,4,SubBlock,,,,,113.4,77.759,,,,,0.004,0,,-1,-1,,,-1,50,50,0,0
P000,Night,35.628,77.872,4,SubBlock,,,,,113.499,77.858,,,,,0.004,0,,-1,-1,,,-1,50,50,0,0
P000,Night,35.628,77.978,4,SubBlock,,,,,113.606,77.964,,,,,0.004,0,,-1,-1,,,-1,50,50,0,0
P000,Night,35.628,78.074,4,SubBlock,,,,,113.701,78.06,,,,,0.004,0,,-1,-1,,,-1,50,50,0,0
P000,Night,35.628,78.175,4,SubBlock,,,,,113.803,78.161,,,,,0.004,0,,-1,-1,,,-1,50,50,0,0
P000,Night,35.628,78.272,4,SubBlock,,,,,113.9,78.258,,,,,0.004,0,,-1,-1,,,-1,50,50,0,0
P000,Night,35.628,78.373,4,SubBlock,,,,,114.001,78.359,,,,,0.004,0,,-1,-1,,,-1,50,50,0,0
P000,Night,35.628,78.474,4,SubBlock,,,,,114.102,78.46,,,,,0.004,0,,-1,-1,,,-1,50,50,0,0
P000,Night,35.628,78.575,4,SubBlock,,,,,114.203,78.562,,,,,0.004,0,,-1,-1,,,-1,50,50,0,0
P000,Night,35.628,78.672,4,SubBlock,,,,,114.299,78.658,,,,,0.004,0,,-1,-1,,,-1,50,50,0,0
P000,Night,35.628,78.773,4,SubBlock,,,,,114.401,78.759,,,,,0.004,0,,-1,-1,,,-1,50,50,0,0
P000,Night,35.628,78.875,4,SubBlock,,,,,114.503,78.861,,,,,0.004,0,,-1,-1,,,-1,50,50,0,0
P000,Night,35.628,78.973,4,SubBlock,,,,,114.601,78.959,,,,,0.004,0,,-1,-1,,,-1,50,50,0,0
P000,Night,35.628,79.075,4,SubBlock,,,,,114.703,79.061,,,,,0.004,0,,-1,-1,,,-1,50,50,0,0
P000,Night,35.628,79.172,4,SubBlock,,,,,114.799,79.158,,,,,0.004,0,,-1,-1,,,-1,50,50,0,0
P000,Night,35.628,79.272,4,SubBlock,,,,,114.9,79.258,,,,,0.004,0,,-1,-1,,,-1,50,50,0,0
P000,Night,35.628,79.373,4,SubBlock,,,,,115.001,79.36,,,,,0.004,0,,-1,-1,,,-1,50,50,0,0
P000,Night,35.628,79.473,4,SubBlock,,,,,115.101,79.459,,,,,0.004,0,,-1,-1,,,-1,50,50,0,0
P000,Night,35.628,79.577,4,SubBlock,,,,,115.205,79.564,,,,,0.004,0,,-1,-1,,,-1,50,50,0,0
P000,Night,35.628,79.675,4,SubBlock,,,,,115.303,79.662,,,,,0.004,0,,-1,-1,,,-1,50,50,0,0
P000,Night,35.628,79.774,4,SubBlock,,,,,115.401,79.76,,,,,0.004,0,,-1,-1,,,-1,50,50,0,0
P000,Night,35.628,79.877,4,SubBlock,,,,,115.504,79.863,,,,,0.004,0,,-1,-1,,,-1,50,50,0,0
P000,Night,35.628,79.973,4,SubBlock,,,,,115.601,79.96,,,,,0.004,0,,-1,-1,,,-1,50,50,0,0
P000,Night,35.628,80.074,4,SubBlock,,,,,115.702,80.061,,,,,0.004,0,,-1,-1,,,-1,50,50,0,0
P000,Night,35.628,80.172,4,SubBlock,,,,,115.8,80.158,,,,,0.004,0,,-1,-1,,,-1,50,50,0,0
P000,Night,35.628,80.273,4,SubBlock,,,,,115.901,80.259,,,,,0.004,0,,-1,-1,,,-1,50,50,0,0
P000,Night,35.628,80.376,4,SubBlock,,,,,116.003,80.362,,,,,0.004,0,,-1,-1,,,-1,50,50,0,0
P000,Night,35.628,80.472,4,SubBlock,,,,,116.099,80.458,,,,,0.004,0,,-1,-1,,,-1,50,50,0,0
P000,Night,35.628,80.572,4,SubBlock,,,,,116.2,80.559,,,,,0.004,0,,-1,-1,,,-1,50,50,0,0
P000,Night,35.628,80.674,4,SubBlock,,,,,116.301,80.66,,,,,0.004,0,,-1,-1,,,-1,50,50,0,0
P000,Night,35.628,80.773,4,SubBlock,,,,,116.401,80.76,,,,,0.004,0,,-1,-1,,,-1,50,50,0,0
P000,Night,35.628,80.874,4,SubBlock,,,,,116.502,80.86,,,,,0.004,0,,-1,-1,,,-1,50,50,0,0
P000,Night,35.628,80.975,4,SubBlock,,,,,116.603,80.962,,,,,0.004,0,,-1,-1,,,-1,50,50,0,0
P000,Night,35.628,81.075,4,SubBlock,,,,,116.703,81.062,,,,,0.004,0,,-1,-1,,,-1,50,50,0,0
P000,Night,35.628,81.173,4,SubBlock,,,,,116.801,81.159,,,,,0.004,0,,-1,-1,,,-1,50,50,0,0
P000,Night,35.628,81.271,4,SubBlock,,,,,116.899,81.258,,,,,0.004,0,,-1,-1,,,-1,50,50,0,0
P000,Night,35.628,81.375,4,SubBlock,,,,,117.003,81.361,,,,,0.004,0,,-1,-1,,,-1,50,50,0,0
P000,Night,35.628,81.473,4,SubBlock,,,,,117.1,81.459,,,,,0.004,0,,-1,-1,,,-1,50,50,0,0
P000,Night,35.628,81.574,4,SubBlock,,,,,117.202,81.561,,,,,0.004,0,,-1,-1,,,-1,50,50,0,0
P000,Night,35.628,81.672,4,SubBlock,,,,,117.3,81.658,,,,,0.004,0,,-1,-1,,,-1,50,50,0,0
P000,Night,35.628,81.777,4,SubBlock,,,,,117.404,81.763,,,,,0.004,0,,-1,-1,,,-1,50,50,0,0
P000,Night,35.628,81.877,4,SubBlock,,,,,117.504,81.863,,,,,0.004,0,,-1,-1,,,-1,50,50,0,0
P000,Night,35.628,81.974,4,SubBlock,,,,,117.602,81.961,,,,,0.004,0,,-1,-1,,,-1,50,50,0,0
P000,Night,35.628,82.073,4,SubBlock,,,,,117.701,82.06,,,,,0.004,0,,-1,-1,,,-1,50,50,0,0
P000,Night,35.628,82.173,4,SubBlock,,,,,117.801,82.16,,,,,0.004,0,,-1,-1,,,-1,50,50,0,0
P000,Night,35.628,82.276,4,SubBlock,,,,,117.904,82.262,,,,,0.004,0,,-1,-1,,,-1,50,50,0,0
P000,Night,35.628,82.372,4,SubBlock,,,,,118,82.358,,,,,0.004,0,,-1,-1,,,-1,50,50,0,0
P000,Night,35.628,82.472,4,SubBlock,,,,,118.099,82.458,,,,,0.004,0,,-1,-1,,,-1,50,50,0,0
P000,Night,35.628,82.573,4,SubBlock,,,,,118.201,82.559,,,,,0.004,0,,-1,-1,,,-1,50,50,0,0
P000,Night,35.628,82.672,4,SubBlock,,,,,118.3,82.659,,,,,0.004,0,,-1,-1,,,-1,50,50,0,0
P000,Night,35.628,82.772,4,SubBlock,,,,,118.4,82.758,,,,,0.004,0,,-1,-1,,,-1,50,50,0,0
P000,Night,35.628,82.873,4,SubBlock,,,,,118.501,82.859,,,,,0.004,0,,-1,-1,,,-1,50,50,0,0
P000,Night,35.628,82.974,4,SubBlock,,,,,118.602,82.961,,,,,0.004,0,,-1,-1,,,-1,50,50,0,0
P000,Night,35.628,83.074,4,SubBlock,,,,,118.702,83.06,,,,,0.004,0,,-1,-1,,,-1,50,50,0,0
P000,Night,35.628,83.173,4,SubBlock,,,,,118.8,83.159,,,,,0.004,0,,-1,-1,,,-1,50,50,0,0
P000,Night,35.628,83.274,4,SubBlock,,,,,118.902,83.26,,,,,0.004,0,,-1,-1,,,-1,50,50,0,0
P000,Night,35.628,83.373,4,SubBlock,,,,,119.001,83.36,,,,,0.004,0,,-1,-1,,,-1,50,50,0,0
P000,Night,35.628,83.475,4,SubBlock,,,,,119.103,83.461,,,,,0.004,0,,-1,-1,,,-1,50,50,0,0
P000,Night,35.628,83.577,4,SubBlock,,,,,119.204,83.563,,,,,0.004,0,,-1,-1,,,-1,50,50,0,0
P000,Night,35.628,83.672,4,SubBlock,,,,,119.3,83.659,,,,,0.004,0,,-1,-1,,,-1,50,50,0,0
P000,Night,35.628,83.774,4,SubBlock,,,,,119.401,83.76,,,,,0.004,0,,-1,-1,,,-1,50,50,0,0
P000,Night,35.628,83.873,4,SubBlock,,,,,119.501,83.86,,,,,0.004,0,,-1,-1,,,-1,50,50,0,0
P000,Night,35.628,83.973,4,SubBlock,,,,,119.6,83.959,,,,,0.004,0,,-1,-1,,,-1,50,50,0,0
P000,Night,35.628,84.076,4,SubBlock,,,,,119.704,84.063,,,,,0.004,0,,-1,-1,,,-1,50,50,0,0
P000,Night,35.628,84.176,4,SubBlock,,,,,119.804,84.162,,,,,0.004,0,,-1,-1,,,-1,50,50,0,0
P000,Night,35.628,84.274,4,SubBlock,,,,,119.902,84.26,,,,,0.004,0,,-1,-1,,,-1,50,50,0,0
P000,Night,35.628,84.372,4,SubBlock,,,,,120,84.358,,,,,0.004,0,,-1,-1,,,-1,50,50,0,0
P000,Night,35.628,84.473,4,SubBlock,,,,,120.101,84.459,,,,,0.004,0,,-1,-1,,,-1,50,50,0,0
P000,Night,35.628,84.572,4,SubBlock,,,,,120.2,84.559,,,,,0.004,0,,-1,-1,,,-1,50,50,0,0
P000,Night,35.628,84.675,4,SubBlock,,,,,120.303,84.662,,,,,0.004,0,,-1,-1,,,-1,50,50,0,0
P000,Night,35.628,84.773,4,SubBlock,,,,,120.4,84.759,,,,,0.004,0,,-1,-1,,,-1,50,50,0,0
P000,Night,35.628,84.875,4,SubBlock,,,,,120.503,84.862,,,,,0.004,0,,-1,-1,,,-1,50,50,0,0
P000,Night,35.628,84.972,4,SubBlock,,,,,120.6,84.958,,,,,0.004,0,,-1,-1,,,-1,50,50,0,0
P000,Night,35.628,85.073,4,SubBlock,,,,,120.701,85.059,,,,,0.004,0,,-1,-1,,,-1,50,50,0,0
P000,Night,35.628,85.175,4,SubBlock,,,,,120.803,85.162,,,,,0.004,0,,-1,-1,,,-1,50,50,0,0
P000,Night,35.628,85.275,4,SubBlock,,,,,120.903,85.261,,,,,0.004,0,,-1,-1,,,-1,50,50,0,0
P000,Night,35.628,85.375,4,SubBlock,,,,,121.003,85.361,,,,,0.004,0,,-1,-1,,,-1,50,50,0,0
P000,Night,35.628,85.476,4,SubBlock,,,,,121.104,85.462,,,,,0.004,0,,-1,-1,,,-1,50,50,0,0
P000,Night,35.628,85.572,4,SubBlock,,,,,121.2,85.558,,,,,0.004,0,,-1,-1,,,-1,50,50,0,0
P000,Night,35.628,85.673,4,SubBlock,,,,,121.301,85.659,,,,,0.004,0,,-1,-1,,,-1,50,50,0,0
P000,Night,35.628,85.773,4,SubBlock,,,,,121.401,85.76,,,,,0.004,0,,-1,-1,,,-1,50,50,0,0
P000,Night,35.628,85.872,4,SubBlock,,,,,121.499,85.858,,,,,0.004,0,,-1,-1,,,-1,50,50,0,0
P000,Night,35.628,85.974,4,SubBlock,,,,,121.602,85.961,,,,,0.004,0,,-1,-1,,,-1,50,50,0,0
P000,Night,35.628,86.073,4,SubBlock,,,,,121.701,86.06,,,,,0.004,0,,-1,-1,,,-1,50,50,0,0
P000,Night,35.628,86.174,4,SubBlock,,,,,121.802,86.161,,,,,0.004,0,,-1,-1,,,-1,50,50,0,0
P000,Night,35.628,86.275,4,SubBlock,,,,,121.903,86.261,,,,,0.004,0,,-1,-1,,,-1,50,50,0,0
P000,Night,35.628,86.376,4,SubBlock,,,,,122.004,86.363,,,,,0.004,0,,-1,-1,,,-1,50,50,0,0
P000,Night,35.628,86.472,4,SubBlock,,,,,122.099,86.458,,,,,0.004,0,,-1,-1,,,-1,50,50,0,0
P000,Night,35.628,86.572,4,SubBlock,,,,,122.2,86.558,,,,,0.004,0,,-1,-1,,,-1,50,50,0,0
P000,Night,35.628,86.672,4,SubBlock,,,,,122.3,86.659,,,,,0.004,0,,-1,-1,,,-1,50,50,0,0
P000,Night,35.628,86.773,4,SubBlock,,,,,122.401,86.759,,,,,0.004,0,,-1,-1,,,-1,50,50,0,0
P000,Night,35.628,86.874,4,SubBlock,,,,,122.502,86.86,,,,,0.004,0,,-1,-1,,,-1,50,50,0,0
P000,Night,35.628,86.972,4,SubBlock,,,,,122.6,86.959,,,,,0.004,0,,-1,-1,,,-1,50,50,0,0
P000,Night,35.628,87.074,4,SubBlock,,,,,122.702,87.06,,,,,0.004,0,,-1,-1,,,-1,50,50,0,0
P000,Night,35.628,87.172,4,SubBlock,,,,,122.8,87.159,,,,,0.004,0,,-1,-1,,,-1,50,50,0,0
P000,Night,35.628,87.274,4,SubBlock,,,,,122.902,87.26,,,,,0.004,0,,-1,-1,,,-1,50,50,0,0
P000,Night,35.628,87.372,4,SubBlock,,,,,122.999,87.358,,,,,0.004,0,,-1,-1,,,-1,50,50,0,0
P000,Night,35.628,87.472,4,SubBlock,,,,,123.1,87.458,,,,,0.004,0,,-1,-1,,,-1,50,50,0,0
P000,Night,35.628,87.574,4,SubBlock,,,,,123.202,87.561,,,,,0.004,0,,-1,-1,,,-1,50,50,0,0
P000,Night,35.628,87.673,4,SubBlock,,,,,123.301,87.659,,,,,0.004,0,,-1,-1,,,-1,50,50,0,0
P000,Night,35.628,87.773,4,SubBlock,,,,,123.401,87.76,,,,,0.004,0,,-1,-1,,,-1,50,50,0,0
P000,Night,35.628,87.872,4,SubBlock,,,,,123.5,87.858,,,,,0.004,0,,-1,-1,,,-1,50,50,0,0
P000,Night,35.628,87.972,4,SubBlock,,,,,123.599,87.958,,,,,0.004,0,,-1,-1,,,-1,50,50,0,0
P000,Night,35.628,88.074,4,SubBlock,,,,,123.701,88.06,,,,,0.004,0,,-1,-1,,,-1,50,50,0,0
P000,Night,35.628,88.173,4,SubBlock,,,,,123.801,88.16,,,,,0.004,0,,-1,-1,,,-1,50,50,0,0
P000,Night,35.628,88.273,4,SubBlock,,,,,123.901,88.259,,,,,0.004,0,,-1,-1,,,-1,50,50,0,0
P000,Night,35.628,88.372,4,SubBlock,,,,,124,88.359,,,,,0.004,0,,-1,-1,,,-1,50,50,0,0
P000,Night,35.628,88.475,4,SubBlock,,,,,124.103,88.461,,,,,0.004,0,,-1,-1,,,-1,50,50,0,0
P000,Night,35.628,88.574,4,SubBlock,,,,,124.202,88.561,,,,,0.004,0,,-1,-1,,,-1,50,50,0,0
P000,Night,35.628,88.673,4,SubBlock,,,,,124.3,88.659,,,,,0.004,0,,-1,-1,,,-1,50,50,0,0
P000,Night,35.628,88.774,4,SubBlock,,,,,124.402,88.761,,,,,0.004,0,,-1,-1,,,-1,50,50,0,0
P000,Night,35.628,88.872,4,SubBlock,,,,,124.5,88.858,,,,,0.004,0,,-1,-1,,,-1,50,50,0,0
P000,Night,35.628,88.973,4,SubBlock,,,,,124.601,88.959,,,,,0.004,0,,-1,-1,,,-1,50,50,0,0
P000,Night,35.628,89.073,4,SubBlock,,,,,124.701,89.06,,,,,0.004,0,,-1,-1,,,-1,50,50,0,0
P000,Night,35.628,89.176,4,SubBlock,,,,,124.804,89.163,,,,,0.004,0,,-1,-1,,,-1,50,50,0,0
P000,Night,35.628,89.275,4,SubBlock,,,,,124.902,89.261,,,,,0.004,0,,-1,-1,,,-1,50,50,0,0
P000,Night,35.628,89.371,4,SubBlock,,,,,124.999,89.358,,,,,0.004,0,,-1,-1,,,-1,50,50,0,0
P000,Night,35.628,89.475,4,SubBlock,,,,,125.103,89.461,,,,,0.004,0,,-1,-1,,,-1,50,50,0,0
P000,Night,35.628,89.572,4,SubBlock,,,,,125.199,89.558,,,,,0.004,0,,-1,-1,,,-1,50,50,0,0
P000,Night,35.628,89.672,4,SubBlock,,,,,125.3,89.659,,,,,0.004,0,,-1,-1,,,-1,50,50,0,0
P000,Night,35.628,89.776,4,SubBlock,,,,,125.404,89.763,,,,,0.004,0,,-1,-1,,,-1,50,50,0,0
P000,Night,35.628,89.872,4,SubBlock,,,,,125.5,89.859,,,,,0.004,0,,-1,-1,,,-1,50,50,0,0
P000,Night,35.628,89.976,4,SubBlock,,,,,125.604,89.963,,,,,0.004,0,,-1,-1,,,-1,50,50,0,0
P000,Night,35.628,90.072,4,SubBlock,,,,,125.7,90.059,,,,,0.004,0,,-1,-1,,,-1,50,50,0,0
P000,Night,35.628,90.171,4,SubBlock,,,,,125.799,90.158,,,,,0.004,0,,-1,-1,,,-1,50,50,0,0
P000,Night,35.628,90.273,4,SubBlock,,,,,125.901,90.26,,,,,0.004,0,,-1,-1,,,-1,50,50,0,0
P000,Night,35.628,90.371,4,SubBlock,,,,,125.999,90.358,,,,,0.004,0,,-1,-1,,,-1,50,50,0,0
P000,Night,35.628,90.472,4,SubBlock,,,,,126.1,90.459,,,,,0.004,0,,-1,-1,,,-1,50,50,0,0
P000,Night,35.628,90.572,4,SubBlock,,,,,126.2,90.558,,,,,0.004,0,,-1,-1,,,-1,50,50,0,0
P000,Night,35.628,90.675,4,SubBlock,,,,,126.303,90.662,,,,,0.004,0,,-1,-1,,,-1,50,50,0,0
P000,Night,35.628,90.773,4,SubBlock,,,,,126.401,90.76,,,,,0.004,0,,-1,-1,,,-1,50,50,0,0
P000,Night,35.628,90.873,4,SubBlock,,,,,126.501,90.859,,,,,0.004,0,,-1,-1,,,-1,50,50,0,0
P000,Night,35.628,90.971,4,SubBlock,,,,,126.599,90.958,,,,,0.004,0,,-1,-1,,,-1,50,50,0,0
P000,Night,35.628,91.074,4,SubBlock,,,,,126.702,91.061,,,,,0.004,0,,-1,-1,,,-1,50,50,0,0
P000,Night,35.628,91.174,4,SubBlock,,,,,126.801,91.16,,,,,0.004,0,,-1,-1,,,-1,50,50,0,0
P000,Night,35.628,91.274,4,SubBlock,,,,,126.901,91.26,,,,,0.004,0,,-1,-1,,,-1,50,50,0,0
P000,Night,35.628,91.371,4,SubBlock,,,,,126.999,91.358,,,,,0.004,0,,-1,-1,,,-1,50,50,0,0
P000,Night,35.628,91.474,4,SubBlock,,,,,127.102,91.46,,,,,0.004,0,,-1,-1,,,-1,50,50,0,0
P000,Night,35.628,91.576,4,SubBlock,,,,,127.204,91.563,,,,,0.004,0,,-1,-1,,,-1,50,50,0,0
P000,Night,35.628,91.673,4,SubBlock,,,,,127.301,91.66,,,,,0.004,0,,-1,-1,,,-1,50,50,0,0
P000,Night,35.628,91.773,4,SubBlock,,,,,127.401,91.76,,,,,0.004,0,,-1,-1,,,-1,50,50,0,0
P000,Night,35.628,91.874,4,SubBlock,,,,,127.502,91.861,,,,,0.004,0,,-1,-1,,,-1,50,50,0,0
P000,Night,35.628,91.972,4,SubBlock,,,,,127.6,91.959,,,,,0.004,0,,-1,-1,,,-1,50,50,0,0
P000,Night,35.628,92.074,4,SubBlock,,,,,127.702,92.061,,,,,0.004,0,,-1,-1,,,-1,50,50,0,0
P000,Night,35.628,92.173,4,SubBlock,,,,,127.8,92.159,,,,,0.004,0,,-1,-1,,,-1,50,50,0,0
P000,Night,35.628,92.271,4,SubBlock,,,,,127.899,92.258,,,,,0.004,0,,-1,-1,,,-1,50,50,0,0
P000,Night,35.628,92.376,4,SubBlock,,,,,128.003,92.362,,,,,0.004,0,,-1,-1,,,-1,50,50,0,0
P000,Night,35.628,92.476,4,SubBlock,,,,,128.104,92.462,,,,,0.004,0,,-1,-1,,,-1,50,50,0,0
P000,Night,35.628,92.574,4,SubBlock,,,,,128.202,92.561,,,,,0.004,0,,-1,-1,,,-1,50,50,0,0
P000,Night,35.628,92.677,4,SubBlock,,,,,128.305,92.663,,,,,0.004,0,,-1,-1,,,-1,50,50,0,0
P000,Night,35.628,92.776,4,SubBlock,,,,,128.403,92.762,,,,,0.004,0,,-1,-1,,,-1,50,50,0,0
P000,Night,35.628,92.874,4,SubBlock,,,,,128.502,92.861,,,,,0.004,0,,-1,-1,,,-1,50,50,0,0
P000,Night,35.628,92.973,4,SubBlock,,,,,128.601,92.96,,,,,0.004,0,,-1,-1,,,-1,50,50,0,0
P000,Night,35.628,93.073,4,SubBlock,,,,,128.701,93.06,,,,,0.004,0,,-1,-1,,,-1,50,50,0,0
P000,Night,35.628,93.171,4,SubBlock,,,,,128.799,93.158,,,,,0.004,0,,-1,-1,,,-1,50,50,0,0
P000,Night,35.628,93.275,4,SubBlock,,,,,128.903,93.261,,,,,0.004,0,,-1,-1,,,-1,50,50,0,0
P000,Night,35.628,93.372,4,SubBlock,,,,,129,93.359,,,,,0.004,0,,-1,-1,,,-1,50,50,0,0
P000,Night,35.628,93.472,4,SubBlock,,,,,129.1,93.458,,,,,0.004,0,,-1,-1,,,-1,50,50,0,0
P000,Night,35.628,93.573,4,SubBlock,,,,,129.201,93.56,,,,,0.004,0,,-1,-1,,,-1,50,50,0,0
P000,Night,35.628,93.675,4,SubBlock,,,,,129.303,93.661,,,,,0.004,0,,-1,-1,,,-1,50,50,0,0
P000,Night,35.628,93.773,4,SubBlock,,,,,129.401,93.76,,,,,0.004,0,,-1,-1,,,-1,50,50,0,0
P000,Night,35.628,93.872,4,SubBlock,,,,,129.5,93.858,,,,,0.004,0,,-1,-1,,,-1,50,50,0,0
P000,Night,35.628,93.976,4,SubBlock,,,,,129.604,93.963,,,,,0.004,0,,-1,-1,,,-1,50,50,0,0
P000,Night,35.628,94.073,4,SubBlock,,,,,129.701,94.06,,,,,0.004,0,,-1,-1,,,-1,50,50,0,0
P000,Night,35.628,94.172,4,SubBlock,,,,,129.799,94.158,,,,,0.004,0,,-1,-1,,,-1,50,50,0,0
P000,Night,35.628,94.274,4,SubBlock,,,,,129.901,94.26,,,,,0.004,0,,-1,-1,,,-1,50,50,0,0
P000,Night,35.628,94.375,4,SubBlock,,,,,130.003,94.362,,,,,0.004,0,,-1,-1,,,-1,50,50,0,0
P000,Night,35.628,94.474,4,SubBlock,,,,,130.102,94.46,,,,,0.004,0,,-1,-1,,,-1,50,50,0,0
P000,Night,35.628,94.571,4,SubBlock,,,,,130.199,94.558,,,,,0.004,0,,-1,-1,,,-1,50,50,0,0
P000,Night,35.628,94.674,4,SubBlock,,,,,130.302,94.66,,,,,0.004,0,,-1,-1,,,-1,50,50,0,0
P000,Night,35.628,94.775,4,SubBlock,,,,,130.403,94.761,,,,,0.004,0,,-1,-1,,,-1,50,50,0,0
P000,Night,35.628,94.875,4,SubBlock,,,,,130.503,94.862,,,,,0.004,0,,-1,-1,,,-1,50,50,0,0
P000,Night,35.628,94.973,4,SubBlock,,,,,130.6,94.959,,,,,0.004,0,,-1,-1,,,-1,50,50,0,0
P000,Night,35.628,95.073,4,SubBlock,,,,,130.701,95.06,,,,,0.004,0,,-1,-1,,,-1,50,50,0,0
P000,Night,35.628,95.174,4,SubBlock,,,,,130.802,95.161,,,,,0.004,0,,-1,-1,,,-1,50,50,0,0
P000,Night,35.628,95.272,4,SubBlock,,,,,130.9,95.259,,,,,0.004,0,,-1,-1,,,-1,50,50,0,0
P000,Night,35.628,95.372,4,SubBlock,,,,,131,95.359,,,,,0.004,0,,-1,-1,,,-1,50,50,0,0
P000,Night,35.628,95.475,4,SubBlock,,,,,131.103,95.461,,,,,0.004,0,,-1,-1,,,-1,50,50,0,0
P000,Night,35.628,95.573,4,SubBlock,,,,,131.201,95.56,,,,,0.004,0,,-1,-1,,,-1,50,50,0,0
P000,Night,35.628,95.676,4,SubBlock,,,,,131.304,95.663,,,,,0.004,0,,-1,-1,,,-1,50,50,0,0
P000,Night,35.628,95.774,4,SubBlock,,,,,131.402,95.76,,,,,0.004,0,,-1,-1,,,-1,50,50,0,0
P000,Night,35.628,95.874,4,SubBlock,,,,,131.502,95.861,,,,,0.004,0,,-1,-1,,,-1,50,50,0,0
P000,Night,35.628,95.973,4,SubBlock,,,,,131.6,95.959,,,,,0.004,0,,-1,-1,,,-1,50,50,0,0
P000,Night,35.628,96.076,4,SubBlock,,,,,131.704,96.062,,,,,0.004,0,,-1,-1,,,-1,50,50,0,0
P000,Night,35.628,96.174,4,SubBlock,,,,,131.802,96.16,,,,,0.004,0,,-1,-1,,,-1,50,50,0,0
P000,Night,35.628,96.277,4,SubBlock,,,,,131.904,96.263,,,,,0.004,0,,-1,-1,,,-1,50,50,0,0
P000,Night,35.628,96.376,4,SubBlock,,,,,132.004,96.362,,,,,0.004,0,,-1,-1,,,-1,50,50,0,0
P000,Night,35.628,96.474,4,SubBlock,,,,,132.102,96.461,,,,,0.004,0,,-1,-1,,,-1,50,50,0,0
P000,Night,35.628,96.571,4,SubBlock,,,,,132.199,96.558,,,,,0.004,0,,-1,-1,,,-1,50,50,0,0
P000,Night,35.628,96.675,4,SubBlock,,,,,132.303,96.661,,,,,0.004,0,,-1,-1,,,-1,50,50,0,0
P000,Night,35.628,96.776,4,SubBlock,,,,,132.404,96.762,,,,,0.004,0,,-1,-1,,,-1,50,50,0,0
P000,Night,35.628,96.873,4,SubBlock,,,,,132.501,96.86,,,,,0.004,0,,-1,-1,,,-1,50,50,0,0
P000,Night,35.628,96.973,4,SubBlock,,,,,132.601,96.96,,,,,0.004,0,,-1,-1,,,-1,50,50,0,0
P000,Night,35.628,97.072,4,SubBlock,,,,,132.699,97.058,,,,,0.004,0,,-1,-1,,,-1,50,50,0,0
P000,Night,35.628,97.172,4,SubBlock,,,,,132.8,97.158,,,,,0.004,0,,-1,-1,,,-1,50,50,0,0
P000,Night,35.628,97.274,4,SubBlock,,,,,132.902,97.261,,,,,0.004,0,,-1,-1,,,-1,50,50,0,0
P000,Night,35.628,97.376,4,SubBlock,,,,,133.004,97.363,,,,,0.004,0,,-1,-1,,,-1,50,50,0,0
P000,Night,35.628,97.472,4,SubBlock,,,,,133.1,97.459,,,,,0.004,0,,-1,-1,,,-1,50,50,0,0
P000,Night,35.628,97.573,4,SubBlock,,,,,133.201,97.559,,,,,0.004,0,,-1,-1,,,-1,50,50,0,0
P000,Night,35.628,97.673,4,SubBlock,,,,,133.301,97.659,,,,,0.004,0,,-1,-1,,,-1,50,50,0,0
P000,Night,35.628,97.774,4,SubBlock,,,,,133.402,97.761,,,,,0.004,0,,-1,-1,,,-1,50,50,0,0
P000,Night,35.628,97.874,4,SubBlock,,,,,133.502,97.861,,,,,0.004,0,,-1,-1,,,-1,50,50,0,0
P000,Night,35.628,97.974,4,SubBlock,,,,,133.602,97.961,,,,,0.004,0,,-1,-1,,,-1,50,50,0,0
P000,Night,35.628,98.075,4,SubBlock,,,,,133.703,98.062,,,,,0.004,0,,-1,-1,,,-1,50,50,0,0
P000,Night,35.628,98.176,4,SubBlock,,,,,133.803,98.162,,,,,0.004,0,,-1,-1,,,-1,50,50,0,0
P000,Night,35.628,98.274,4,SubBlock,,,,,133.902,98.261,,,,,0.004,0,,-1,-1,,,-1,50,50,0,0
P000,Night,35.628,98.378,4,SubBlock,,,,,134.006,98.364,,,,,0.004,0,,-1,-1,,,-1,50,50,0,0
P000,Night,35.628,98.472,4,SubBlock,,,,,134.1,98.459,,,,,0.004,0,,-1,-1,,,-1,50,50,0,0
P000,Night,35.628,98.577,4,SubBlock,,,,,134.204,98.563,,,,,0.004,0,,-1,-1,,,-1,50,50,0,0
P000,Night,35.628,98.674,4,SubBlock,,,,,134.302,98.661,,,,,0.004,0,,-1,-1,,,-1,50,50,0,0
P000,Night,35.628,98.776,4,SubBlock,,,,,134.404,98.763,,,,,0.004,0,,-1,-1,,,-1,50,50,0,0
P000,Night,35.628,98.873,4,SubBlock,,,,,134.5,98.859,,,,,0.004,0,,-1,-1,,,-1,50,50,0,0
P000,Night,35.628,98.973,4,SubBlock,,,,,134.601,98.959,,,,,0.004,0,,-1,-1,,,-1,50,50,0,0
P000,Night,35.628,99.077,4,SubBlock,,,,,134.705,99.064,,,,,0.004,0,,-1,-1,,,-1,50,50,0,0
P000,Night,35.628,99.173,4,SubBlock,,,,,134.801,99.16,,,,,0.004,0,,-1,-1,,,-1,50,50,0,0
P000,Night,35.628,99.273,4,SubBlock,,,,,134.9,99.259,,,,,0.004,0,,-1,-1,,,-1,50,50,0,0
P000,Night,35.628,99.374,4,SubBlock,,,,,135.001,99.36,,,,,0.004,0,,-1,-1,,,-1,50,50,0,0
P000,Night,35.628,99.476,4,SubBlock,,,,,135.103,99.462,,,,,0.004,0,,-1,-1,,,-1,50,50,0,0
P000,Night,35.628,99.573,4,SubBlock,,,,,135.201,99.559,,,,,0.004,0,,-1,-1,,,-1,50,50,0,0
P000,Night,35.628,99.673,4,SubBlock,,,,,135.3,99.659,,,,,0.004,0,,-1,-1,,,-1,50,50,0,0
P000,Night,35.628,99.775,4,SubBlock,,,,,135.403,99.761,,,,,0.004,0,,-1,-1,,,-1,50,50,0,0
P000,Night,35.628,99.872,4,SubBlock,,,,,135.5,99.859,,,,,0.004,0,,-1,-1,,,-1,50,50,0,0
P000,Night,35.628,99.972,4,SubBlock,,,,,135.6,99.959,,,,,0.004,0,,-1,-1,,,-1,50,50,0,0
P000,Night,35.628,100.072,4,SubBlock,,,,,135.7,100.059,,,,,0.004,0,,-1,-1,,,-1,50,50,0,0
P000,Night,35.628,100.176,4,SubBlock,,,,,135.804,100.163,,,,,0.004,0,,-1,-1,,,-1,50,50,0,0
P000,Night,35.628,100.275,4,SubBlock,,,,,135.902,100.261,,,,,0.004,0,,-1,-1,,,-1,50,50,0,0
P000,Night,35.628,100.374,4,SubBlock,,,,,136.002,100.36,,,,,0.004,0,,-1,-1,,,-1,50,50,0,0
P000,Night,35.628,100.476,4,SubBlock,,,,,136.104,100.463,,,,,0.004,0,,-1,-1,,,-1,50,50,0,0
P000,Night,35.628,100.577,4,SubBlock,,,,,136.205,100.564,,,,,0.004,0,,-1,-1,,,-1,50,50,0,0
P000,Night,35.628,100.672,4,SubBlock,,,,,136.3,100.659,,,,,0.004,0,,-1,-1,,,-1,50,50,0,0
P000,Night,35.628,100.775,4,SubBlock,,,,,136.402,100.761,,,,,0.004,0,,-1,-1,,,-1,50,50,0,0
P000,Night,35.628,100.874,4,SubBlock,,,,,136.501,100.86,,,,,0.004,0,,-1,-1,,,-1,50,50,0,0
P000,Night,35.628,100.973,4,SubBlock,,,,,136.601,100.96,,,,,0.004,0,,-1,-1,,,-1,50,50,0,0
P000,Night,35.628,101.075,4,SubBlock,,,,,136.703,101.062,,,,,0.004,0,,-1,-1,,,-1,50,50,0,0
P000,Night,35.628,101.173,4,SubBlock,,,,,136.801,101.159,,,,,0.004,0,,-1,-1,,,-1,50,50,0,0
P000,Night,35.628,101.275,4,SubBlock,,,,,136.903,101.261,,,,,0.004,0,,-1,-1,,,-1,50,50,0,0
P000,Night,35.628,101.372,4,SubBlock,,,,,137,101.359,,,,,0.004,0,,-1,-1,,,-1,50,50,0,0
P000,Night,35.628,101.474,4,SubBlock,,,,,137.101,101.46,,,,,0.004,0,,-1,-1,,,-1,50,50,0,0
P000,Night,35.628,101.573,4,SubBlock,,,,,137.201,101.56,,,,,0.004,0,,-1,-1,,,-1,50,50,0,0
P000,Night,35.628,101.675,4,SubBlock,,,,,137.303,101.661,,,,,0.004,0,,-1,-1,,,-1,50,50,0,0
P000,Night,35.628,101.772,4,SubBlock,,,,,137.4,101.759,,,,,0.004,0,,-1,-1,,,-1,50,50,0,0
P000,Night,35.628,101.873,4,SubBlock,,,,,137.501,101.86,,,,,0.004,0,,-1,-1,,,-1,50,50,0,0
P000,Night,35.628,101.977,4,SubBlock,,,,,137.604,101.963,,,,,0.004,0,,-1,-1,,,-1,50,50,0,0
P000,Night,35.628,102.073,4,SubBlock,,,,,137.701,102.059,,,,,0.004,0,,-1,-1,,,-1,50,50,0,0
P000,Night,35.628,102.173,4,SubBlock,,,,,137.801,102.16,,,,,0.004,0,,-1,-1,,,-1,50,50,0,0
P000,Night,35.628,102.276,4,SubBlock,,,,,137.903,102.262,,,,,0.004,0,,-1,-1,,,-1,50,50,0,0
P000,Night,35.628,102.372,4,SubBlock,,,,,138,102.359,,,,,0.004,0,,-1,-1,,,-1,50,50,0,0
P000,Night,35.628,102.472,4,SubBlock,,,,,138.1,102.459,,,,,0.004,0,,-1,-1,,,-1,50,50,0,0
P000,Night,35.628,102.575,4,SubBlock,,,,,138.203,102.562,,,,,0.004,0,,-1,-1,,,-1,50,50,0,0
P000,Night,35.628,102.675,4,SubBlock,,,,,138.303,102.662,,,,,0.004,0,,-1,-1,,,-1,50,50,0,0
P000,Night,35.628,102.774,4,SubBlock,,,,,138.402,102.76,,,,,0.004,0,,-1,-1,,,-1,50,50,0,0
P000,Night,35.628,102.873,4,SubBlock,,,,,138.5,102.859,,,,,0.004,0,,-1,-1,,,-1,50,50,0,0
P000,Night,35.628,102.974,4,SubBlock,,,,,138.602,102.961,,,,,0.004,0,,-1,-1,,,-1,50,50,0,0
P000,Night,35.628,103.078,4,SubBlock,,,,,138.705,103.064,,,,,0.004,0,,-1,-1,,,-1,50,50,0,0
P000,Night,35.628,103.176,4,SubBlock,,,,,138.804,103.163,,,,,0.004,0,,-1,-1,,,-1,50,50,0,0
P000,Night,35.628,103.275,4,SubBlock,,,,,138.903,103.262,,,,,0.004,0,,-1,-1,,,-1,50,50,0,0
P000,Night,35.628,103.374,4,SubBlock,,,,,139.002,103.361,,,,,0.004,0,,-1,-1,,,-1,50,50,0,0
P000,Night,35.628,103.475,4,SubBlock,,,,,139.103,103.462,,,,,0.004,0,,-1,-1,,,-1,50,50,0,0
P000,Night,35.628,103.576,4,SubBlock,,,,,139.204,103.563,,,,,0.004,0,,-1,-1,,,-1,50,50,0,0
P000,Night,35.628,103.673,4,SubBlock,,,,,139.301,103.66,,,,,0.004,0,,-1,-1,,,-1,50,50,0,0
P000,Night,35.628,103.778,4,SubBlock,,,,,139.406,103.764,,,,,0.004,0,,-1,-1,,,-1,50,50,0,0
P000,Night,35.628,103.874,4,SubBlock,,,,,139.502,103.861,,,,,0.004,0,,-1,-1,,,-1,50,50,0,0
P000,Night,35.628,103.975,4,SubBlock,,,,,139.603,103.962,,,,,0.004,0,,-1,-1,,,-1,50,50,0,0
P000,Night,35.628,104.075,4,SubBlock,,,,,139.703,104.062,,,,,0.004,0,,-1,-1,,,-1,50,50,0,0
P000,Night,35.628,104.175,4,SubBlock,,,,,139.803,104.162,,,,,0.004,0,,-1,-1,,,-1,50,50,0,0
P000,Night,35.628,104.273,4,SubBlock,,,,,139.901,104.259,,,,,0.004,0,,-1,-1,,,-1,50,50,0,0
P000,Night,35.628,104.373,4,SubBlock,,,,,140,104.359,,,,,0.004,0,,-1,-1,,,-1,50,50,0,0
P000,Night,35.628,104.472,4,SubBlock,,,,,140.1,104.459,,,,,0.004,0,,-1,-1,,,-1,50,50,0,0
P000,Night,35.628,104.573,4,SubBlock,,,,,140.2,104.559,,,,,0.004,0,,-1,-1,,,-1,50,50,0,0
P000,Night,35.628,104.677,4,SubBlock,,,,,140.304,104.663,,,,,0.004,0,,-1,-1,,,-1,50,50,0,0
P000,Night,35.628,104.775,4,SubBlock,,,,,140.403,104.762,,,,,0.004,0,,-1,-1,,,-1,50,50,0,0
P000,Night,35.628,104.877,4,SubBlock,,,,,140.505,104.863,,,,,0.004,0,,-1,-1,,,-1,50,50,0,0
P000,Night,35.628,104.973,4,SubBlock,,,,,140.601,104.96,,,,,0.004,0,,-1,-1,,,-1,50,50,0,0
P000,Night,35.628,105.073,4,SubBlock,,,,,140.701,105.059,,,,,0.004,0,,-1,-1,,,-1,50,50,0,0
P000,Night,35.628,105.176,4,SubBlock,,,,,140.804,105.162,,,,,0.004,0,,-1,-1,,,-1,50,50,0,0
P000,Night,35.628,105.273,4,SubBlock,,,,,140.9,105.259,,,,,0.004,0,,-1,-1,,,-1,50,50,0,0
P000,Night,35.628,105.376,4,SubBlock,,,,,141.004,105.363,,,,,0.004,0,,-1,-1,,,-1,50,50,0,0
P000,Night,35.628,105.474,4,SubBlock,,,,,141.102,105.46,,,,,0.004,0,,-1,-1,,,-1,50,50,0,0
P000,Night,35.628,105.576,4,SubBlock,,,,,141.204,105.562,,,,,0.004,0,,-1,-1,,,-1,50,50,0,0
P000,Night,35.628,105.675,4,SubBlock,,,,,141.303,105.661,,,,,0.004,0,,-1,-1,,,-1,50,50,0,0
P000,Night,35.628,105.776,4,SubBlock,,,,,141.404,105.762,,,,,0.004,0,,-1,-1,,,-1,50,50,0,0
P000,Night,35.628,105.877,4,SubBlock,,,,,141.505,105.864,,,,,0.004,0,,-1,-1,,,-1,50,50,0,0
P000,Night,35.628,105.977,4,SubBlock,,,,,141.605,105.964,,,,,0.004,0,,-1,-1,,,-1,50,50,0,0
P000,Night,35.628,106.073,4,SubBlock,,,,,141.7,106.059,,,,,0.004,0,,-1,-1,,,-1,50,50,0,0
P000,Night,35.628,106.173,4,SubBlock,,,,,141.801,106.159,,,,,0.004,0,,-1,-1,,,-1,50,50,0,0
P000,Night,35.628,106.275,4,SubBlock,,,,,141.903,106.262,,,,,0.004,0,,-1,-1,,,-1,50,50,0,0
P000,Night,35.628,106.379,4,SubBlock,,,,,142.007,106.365,,,,,0.004,0,,-1,-1,,,-1,50,50,0,0
P000,Night,35.628,106.474,4,SubBlock,,,,,142.102,106.46,,,,,0.004,0,,-1,-1,,,-1,50,50,0,0
P000,Night,35.628,106.576,4,SubBlock,,,,,142.204,106.562,,,,,0.004,0,,-1,-1,,,-1,50,50,0,0
P000,Night,35.628,106.674,4,SubBlock,,,,,142.302,106.661,,,,,0.004,0,,-1,-1,,,-1,50,50,0,0
P000,Night,35.628,106.775,4,SubBlock,,,,,142.403,106.762,,,,,0.004,0,,-1,-1,,,-1,50,50,0,0
P000,Night,35.628,106.875,4,SubBlock,,,,,142.503,106.861,,,,,0.004,0,,-1,-1,,,-1,50,50,0,0
P000,Night,35.628,106.978,4,SubBlock,,,,,142.605,106.964,,,,,0.004,0,,-1,-1,,,-1,50,50,0,0
P000,Night,35.628,107.074,4,SubBlock,,,,,142.701,107.06,,,,,0.004,0,,-1,-1,,,-1,50,50,0,0
P000,Night,35.628,107.172,4,SubBlock,,,,,142.8,107.159,,,,,0.004,0,,-1,-1,,,-1,50,50,0,0
P000,Night,35.628,107.276,4,SubBlock,,,,,142.904,107.263,,,,,0.004,0,,-1,-1,,,-1,50,50,0,0
P000,Night,35.628,107.372,4,SubBlock,,,,,143,107.359,,,,,0.004,0,,-1,-1,,,-1,50,50,0,0
P000,Night,35.628,107.475,4,SubBlock,,,,,143.103,107.462,,,,,0.004,0,,-1,-1,,,-1,50,50,0,0
P000,Night,35.628,107.573,4,SubBlock,,,,,143.201,107.56,,,,,0.004,0,,-1,-1,,,-1,50,50,0,0
P000,Night,35.628,107.676,4,SubBlock,,,,,143.304,107.663,,,,,0.004,0,,-1,-1,,,-1,50,50,0,0
P000,Night,35.628,107.775,4,SubBlock,,,,,143.403,107.761,,,,,0.004,0,,-1,-1,,,-1,50,50,0,0
P000,Night,35.628,107.877,4,SubBlock,,,,,143.505,107.863,,,,,0.004,0,,-1,-1,,,-1,50,50,0,0
P000,Night,35.628,107.973,4,SubBlock,,,,,143.601,107.959,,,,,0.004,0,,-1,-1,,,-1,50,50,0,0
P000,Night,35.628,108.075,4,SubBlock,,,,,143.703,108.062,,,,,0.004,0,,-1,-1,,,-1,50,50,0,0
P000,Night,35.628,108.18,4,SubBlock,,,,,143.808,108.167,,,,,0.004,0,,-1,-1,,,-1,50,50,0,0
P000,Night,35.628,108.275,4,SubBlock,,,,,143.903,108.262,,,,,0.004,0,,-1,-1,,,-1,50,50,0,0
P000,Night,35.628,108.373,4,SubBlock,,,,,144.001,108.36,,,,,0.004,0,,-1,-1,,,-1,50,50,0,0
P000,Night,35.628,108.475,4,SubBlock,,,,,144.103,108.462,,,,,0.004,0,,-1,-1,,,-1,50,50,0,0
P000,Night,35.628,108.575,4,SubBlock,,,,,144.203,108.561,,,,,0.004,0,,-1,-1,,,-1,50,50,0,0
P000,Night,35.628,108.672,4,SubBlock,,,,,144.3,108.659,,,,,0.004,0,,-1,-1,,,-1,50,50,0,0
P000,Night,35.628,108.777,4,SubBlock,,,,,144.405,108.764,,,,,0.004,0,,-1,-1,,,-1,50,50,0,0
P000,Night,35.628,108.874,4,SubBlock,,,,,144.502,108.861,,,,,0.004,0,,-1,-1,,,-1,50,50,0,0
P000,Night,35.628,108.977,4,SubBlock,,,,,144.605,108.964,,,,,0.004,0,,-1,-1,,,-1,50,50,0,0
P000,Night,35.628,109.075,4,SubBlock,,,,,144.703,109.061,,,,,0.004,0,,-1,-1,,,-1,50,50,0,0
P000,Night,35.628,109.175,4,SubBlock,,,,,144.803,109.161,,,,,0.004,0,,-1,-1,,,-1,50,50,0,0
P000,Night,35.628,109.277,4,SubBlock,,,,,144.905,109.263,,,,,0.004,0,,-1,-1,,,-1,50,50,0,0
P000,Night,35.628,109.378,4,SubBlock,,,,,145.006,109.364,,,,,0.004,0,,-1,-1,,,-1,50,50,0,0
P000,Night,35.628,109.474,4,SubBlock,,,,,145.102,109.46,,,,,0.004,0,,-1,-1,,,-1,50,50,0,0
P000,Night,35.628,109.573,4,SubBlock,,,,,145.201,109.56,,,,,0.004,0,,-1,-1,,,-1,50,50,0,0
P000,Night,35.628,109.677,4,SubBlock,,,,,145.304,109.663,,,,,0.004,0,,-1,-1,,,-1,50,50,0,0
P000,Night,35.628,109.774,4,SubBlock,,,,,145.402,109.76,,,,,0.004,0,,-1,-1,,,-1,50,50,0,0
P000,Night,35.628,109.875,4,SubBlock,,,,,145.502,109.861,,,,,0.004,0,,-1,-1,,,-1,50,50,0,0
P000,Night,35.628,109.973,4,SubBlock,,,,,145.601,109.96,,,,,0.004,0,,-1,-1,,,-1,50,50,0,0
P000,Night,35.628,110.075,4,SubBlock,,,,,145.703,110.062,,,,,0.004,0,,-1,-1,,,-1,50,50,0,0
P000,Night,35.628,110.174,4,SubBlock,,,,,145.802,110.161,,,,,0.004,0,,-1,-1,,,-1,50,50,0,0
P000,Night,35.628,110.277,4,SubBlock,,,,,145.905,110.264,,,,,0.004,0,,-1,-1,,,-1,50,50,0,0
P000,Night,35.628,110.378,4,SubBlock,,,,,146.006,110.365,,,,,0.004,0,,-1,-1,,,-1,50,50,0,0
P000,Night,35.628,110.476,4,SubBlock,,,,,146.104,110.462,,,,,0.004,0,,-1,-1,,,-1,50,50,0,0
P000,Night,35.628,110.573,4,SubBlock,,,,,146.201,110.56,,,,,0.004,0,,-1,-1,,,-1,50,50,0,0
P000,Night,35.628,110.674,4,SubBlock,,,,,146.302,110.66,,,,,0.004,0,,-1,-1,,,-1,50,50,0,0
P000,Night,35.628,110.776,4,SubBlock,,,,,146.404,110.763,,,,,0.004,0,,-1,-1,,,-1,50,50,0,0
P000,Night,35.628,110.876,4,SubBlock,,,,,146.504,110.863,,,,,0.004,0,,-1,-1,,,-1,50,50,0,0
P000,Night,35.628,110.972,4,SubBlock,,,,,146.6,110.959,,,,,0.004,0,,-1,-1,,,-1,50,50,0,0
P000,Night,35.628,111.074,4,SubBlock,,,,,146.702,111.061,,,,,0.004,0,,-1,-1,,,-1,50,50,0,0
P000,Night,35.628,111.175,4,SubBlock,,,,,146.803,111.162,,,,,0.004,0,,-1,-1,,,-1,50,50,0,0
P000,Night,35.628,111.278,4,SubBlock,,,,,146.905,111.264,,,,,0.004,0,,-1,-1,,,-1,50,50,0,0
P000,Night,35.628,111.373,4,SubBlock,,,,,147,111.359,,,,,0.004,0,,-1,-1,,,-1,50,50,0,0
P000,Night,35.628,111.474,4,SubBlock,,,,,147.102,111.461,,,,,0.004,0,,-1,-1,,,-1,50,50,0,0
P000,Night,35.628,111.573,4,SubBlock,,,,,147.201,111.56,,,,,0.004,0,,-1,-1,,,-1,50,50,0,0
P000,Night,35.628,111.675,4,SubBlock,,,,,147.303,111.662,,,,,0.004,0,,-1,-1,,,-1,50,50,0,0
P000,Night,35.628,111.776,4,SubBlock,,,,,147.404,111.763,,,,,0.004,0,,-1,-1,,,-1,50,50,0,0
P000,Night,35.628,111.873,4,SubBlock,,,,,147.5,111.859,,,,,0.004,0,,-1,-1,,,-1,50,50,0,0
P000,Night,35.628,111.975,4,SubBlock,,,,,147.603,111.962,,,,,0.004,0,,-1,-1,,,-1,50,50,0,0
P000,Night,35.628,112.077,4,SubBlock,,,,,147.705,112.063,,,,,0.004,0,,-1,-1,,,-1,50,50,0,0
P000,Night,35.628,112.176,4,SubBlock,,,,,147.804,112.163,,,,,0.004,0,,-1,-1,,,-1,50,50,0,0
P000,Night,35.628,112.277,4,SubBlock,,,,,147.905,112.264,,,,,0.004,0,,-1,-1,,,-1,50,50,0,0
P000,Night,35.628,112.374,4,SubBlock,,,,,148.002,112.361,,,,,0.004,0,,-1,-1,,,-1,50,50,0,0
P000,Night,35.628,112.476,4,SubBlock,,,,,148.104,112.462,,,,,0.004,0,,-1,-1,,,-1,50,50,0,0
P000,Night,35.628,112.574,4,SubBlock,,,,,148.202,112.561,,,,,0.004,0,,-1,-1,,,-1,50,50,0,0
P000,Night,35.628,112.677,4,SubBlock,,,,,148.305,112.664,,,,,0.004,0,,-1,-1,,,-1,50,50,0,0
P000,Night,35.628,112.775,4,SubBlock,,,,,148.403,112.762,,,,,0.004,0,,-1,-1,,,-1,50,50,0,0
P000,Night,35.628,112.875,4,SubBlock,,,,,148.503,112.861,,,,,0.004,0,,-1,-1,,,-1,50,50,0,0
P000,Night,35.628,112.974,4,SubBlock,,,,,148.601,112.96,,,,,0.004,0,,-1,-1,,,-1,50,50,0,0
P000,Night,35.628,113.076,4,SubBlock,,,,,148.703,113.062,,,,,0.004,0,,-1,-1,,,-1,50,50,0,0
P000,Night,35.628,113.178,4,SubBlock,,,,,148.806,113.164,,,,,0.004,0,,-1,-1,,,-1,50,50,0,0
P000,Night,35.628,113.273,4,SubBlock,,,,,148.901,113.26,,,,,0.004,0,,-1,-1,,,-1,50,50,0,0
P000,Night,35.628,113.378,4,SubBlock,,,,,149.005,113.364,,,,,0.004,0,,-1,-1,,,-1,50,50,0,0
P000,Night,35.628,113.475,4,SubBlock,,,,,149.103,113.461,,,,,0.004,0,,-1,-1,,,-1,50,50,0,0
P000,Night,35.628,113.574,4,SubBlock,,,,,149.202,113.561,,,,,0.004,0,,-1,-1,,,-1,50,50,0,0
P000,Night,35.628,113.674,4,SubBlock,,,,,149.302,113.661,,,,,0.004,0,,-1,-1,,,-1,50,50,0,0
P000,Night,35.628,113.775,4,SubBlock,,,,,149.403,113.762,,,,,0.004,0,,-1,-1,,,-1,50,50,0,0
P000,Night,35.628,113.877,4,SubBlock,,,,,149.505,113.864,,,,,0.004,0,,-1,-1,,,-1,50,50,0,0
P000,Night,35.628,113.975,4,SubBlock,,,,,149.602,113.961,,,,,0.004,0,,-1,-1,,,-1,50,50,0,0
P000,Night,35.628,114.074,4,SubBlock,,,,,149.702,114.06,,,,,0.004,0,,-1,-1,,,-1,50,50,0,0
P000,Night,35.628,114.175,4,SubBlock,,,,,149.803,114.161,,,,,0.004,0,,-1,-1,,,-1,50,50,0,0
P000,Night,35.628,114.275,4,SubBlock,,,,,149.902,114.261,,,,,0.004,0,,-1,-1,,,-1,50,50,0,0
P000,Night,35.628,114.375,4,SubBlock,,,,,150.002,114.361,,,,,0.004,0,,-1,-1,,,-1,50,50,0,0
P000,Night,35.628,114.474,4,SubBlock,,,,,150.102,114.46,,,,,0.004,0,,-1,-1,,,-1,50,50,0,0
P000,Night,35.628,114.573,4,SubBlock,,,,,150.201,114.56,,,,,0.004,0,,-1,-1,,,-1,50,50,0,0
P000,Night,35.628,114.676,4,SubBlock,,,,,150.304,114.662,,,,,0.004,0,,-1,-1,,,-1,50,50,0,0
P000,Night,35.628,114.774,4,SubBlock,,,,,150.402,114.761,,,,,0.004,0,,-1,-1,,,-1,50,50,0,0
P000,Night,35.628,114.875,4,SubBlock,,,,,150.502,114.861,,,,,0.004,0,,-1,-1,,,-1,50,50,0,0
P000,Night,35.628,114.978,4,SubBlock,,,,,150.606,114.964,,,,,0.004,0,,-1,-1,,,-1,50,50,0,0
P000,Night,35.628,115.075,4,SubBlock,,,,,150.702,115.061,,,,,0.004,0,,-1,-1,,,-1,50,50,0,0
P000,Night,35.628,115.175,4,SubBlock,,,,,150.802,115.161,,,,,0.004,0,,-1,-1,,,-1,50,50,0,0
P000,Night,35.628,115.274,4,SubBlock,,,,,150.902,115.26,,,,,0.004,0,,-1,-1,,,-1,50,50,0,0
P000,Night,35.628,115.373,4,SubBlock,,,,,151.001,115.36,,,,,0.004,0,,-1,-1,,,-1,50,50,0,0
P000,Night,35.628,115.475,4,SubBlock,,,,,151.103,115.461,,,,,0.004,0,,-1,-1,,,-1,50,50,0,0
P000,Night,35.628,115.576,4,SubBlock,,,,,151.204,115.563,,,,,0.004,0,,-1,-1,,,-1,50,50,0,0
P000,Night,35.628,115.676,4,SubBlock,,,,,151.304,115.663,,,,,0.004,0,,-1,-1,,,-1,50,50,0,0
P000,Night,35.628,115.777,4,SubBlock,,,,,151.405,115.764,,,,,0.004,0,,-1,-1,,,-1,50,50,0,0
P000,Night,35.628,115.876,4,SubBlock,,,,,151.504,115.863,,,,,0.004,0,,-1,-1,,,-1,50,50,0,0
P000,Night,35.628,115.974,4,SubBlock,,,,,151.602,115.961,,,,,0.004,0,,-1,-1,,,-1,50,50,0,0
P000,Night,35.628,116.077,4,SubBlock,,,,,151.704,116.063,,,,,0.004,0,,-1,-1,,,-1,50,50,0,0
P000,Night,35.628,116.176,4,SubBlock,,,,,151.804,116.162,,,,,0.004,0,,-1,-1,,,-1,50,50,0,0
P000,Night,35.628,116.286,4,SubBlock,,,,,151.914,116.273,,,,,0.004,0,,-1,-1,,,-1,50,50,0,0
P000,Night,35.628,116.374,4,SubBlock,,,,,152.001,116.36,,,,,0.004,0,,-1,-1,,,-1,50,50,0,0
P000,Night,35.628,116.476,4,SubBlock,,,,,152.104,116.463,,,,,0.004,0,,-1,-1,,,-1,50,50,0,0
P000,Night,35.628,116.574,4,SubBlock,,,,,152.201,116.56,,,,,0.004,0,,-1,-1,,,-1,50,50,0,0
P000,Night,35.628,116.677,4,SubBlock,,,,,152.304,116.663,,,,,0.004,0,,-1,-1,,,-1,50,50,0,0
P000,Night,35.628,116.777,4,SubBlock,,,,,152.404,116.763,,,,,0.004,0,,-1,-1,,,-1,50,50,0,0
P000,Night,35.628,116.875,4,SubBlock,,,,,152.502,116.861,,,,,0.004,0,,-1,-1,,,-1,50,50,0,0
P000,Night,35.628,116.977,4,SubBlock,,,,,152.605,116.964,,,,,0.004,0,,-1,-1,,,-1,50,50,0,0
P000,Night,35.628,117.074,4,SubBlock,,,,,152.702,117.06,,,,,0.004,0,,-1,-1,,,-1,50,50,0,0
P000,Night,35.628,117.174,4,SubBlock,,,,,152.802,117.161,,,,,0.004,0,,-1,-1,,,-1,50,50,0,0
P000,Night,35.628,117.273,4,SubBlock,,,,,152.901,117.26,,,,,0.004,0,,-1,-1,,,-1,50,50,0,0
P000,Night,35.628,117.376,4,SubBlock,,,,,153.004,117.363,,,,,0.004,0,,-1,-1,,,-1,50,50,0,0
P000,Night,35.628,117.477,4,SubBlock,,,,,153.105,117.464,,,,,0.004,0,,-1,-1,,,-1,50,50,0,0
P000,Night,35.628,117.575,4,SubBlock,,,,,153.203,117.561,,,,,0.004,0,,-1,-1,,,-1,50,50,0,0
P000,Night,35.628,117.676,4,SubBlock,,,,,153.304,117.663,,,,,0.004,0,,-1,-1,,,-1,50,50,0,0
P000,Night,35.628,117.775,4,SubBlock,,,,,153.402,117.761,,,,,0.004,0,,-1,-1,,,-1,50,50,0,0
P000,Night,35.628,117.874,4,SubBlock,,,,,153.501,117.86,,,,,0.004,0,,-1,-1,,,-1,50,50,0,0
P000,Night,35.628,117.976,4,SubBlock,,,,,153.604,117.963,,,,,0.004,0,,-1,-1,,,-1,50,50,0,0
P000,Night,35.628,118.074,4,SubBlock,,,,,153.702,118.061,,,,,0.004,0,,-1,-1,,,-1,50,50,0,0
P000,Night,35.628,118.176,4,SubBlock,,,,,153.804,118.163,,,,,0.004,0,,-1,-1,,,-1,50,50,0,0
P000,Night,35.628,118.276,4,SubBlock,,,,,153.904,118.263,,,,,0.004,0,,-1,-1,,,-1,50,50,0,0
P000,Night,35.628,118.375,4,SubBlock,,,,,154.003,118.362,,,,,0.004,0,,-1,-1,,,-1,50,50,0,0
P000,Night,35.628,118.474,4,SubBlock,,,,,154.102,118.461,,,,,0.004,0,,-1,-1,,,-1,50,50,0,0
P000,Night,35.628,118.577,4,SubBlock,,,,,154.205,118.563,,,,,0.004,0,,-1,-1,,,-1,50,50,0,0
P000,Night,35.628,118.674,4,SubBlock,,,,,154.302,118.661,,,,,0.004,0,,-1,-1,,,-1,50,50,0,0
P000,Night,35.628,118.777,4,SubBlock,,,,,154.405,118.764,,,,,0.004,0,,-1,-1,,,-1,50,50,0,0
P000,Night,35.628,118.876,4,SubBlock,,,,,154.504,118.863,,,,,0.004,0,,-1,-1,,,-1,50,50,0,0
P000,Night,35.628,118.979,4,SubBlock,,,,,154.606,118.965,,,,,0.004,0,,-1,-1,,,-1,50,50,0,0
P000,Night,35.628,119.077,4,SubBlock,,,,,154.704,119.063,,,,,0.004,0,,-1,-1,,,-1,50,50,0,0
P000,Night,35.628,119.177,4,SubBlock,,,,,154.805,119.163,,,,,0.004,0,,-1,-1,,,-1,50,50,0,0
P000,Night,35.628,119.276,4,SubBlock,,,,,154.904,119.263,,,,,0.004,0,,-1,-1,,,-1,50,50,0,0
P000,Night,35.628,119.374,4,SubBlock,,,,,155.001,119.36,,,,,0.004,0,,-1,-1,,,-1,50,50,0,0
P000,Night,35.628,119.477,4,SubBlock,,,,,155.105,119.463,,,,,0.004,0,,-1,-1,,,-1,50,50,0,0
P000,Night,35.628,119.574,4,SubBlock,,,,,155.201,119.56,,,,,0.004,0,,-1,-1,,,-1,50,50,0,0
P000,Night,35.628,119.674,4,SubBlock,,,,,155.302,119.66,,,,,0.004,0,,-1,-1,,,-1,50,50,0,0
P000,Night,35.628,119.776,4,SubBlock,,,,,155.404,119.763,,,,,0.004,0,,-1,-1,,,-1,50,50,0,0
P000,Night,35.628,119.874,4,SubBlock,,,,,155.501,119.86,,,,,0.004,0,,-1,-1,,,-1,50,50,0,0
P000,Night,35.628,119.975,4,SubBlock,,,,,155.603,119.962,,,,,0.004,0,,-1,-1,,,-1,50,50,0,0
P000,Night,35.628,120.076,4,SubBlock,,,,,155.703,120.062,,,,,0.004,0,,-1,-1,,,-1,50,50,0,0
P000,Night,35.628,120.177,4,SubBlock,,,,,155.805,120.164,,,,,0.004,0,,-1,-1,,,-1,50,50,0,0
P000,Night,35.628,120.275,4,SubBlock,,,,,155.903,120.261,,,,,0.004,0,,-1,-1,,,-1,50,50,0,0
P000,Night,35.628,120.374,4,SubBlock,,,,,156.002,120.361,,,,,0.004,0,,-1,-1,,,-1,50,50,0,0
P000,Night,35.628,120.478,4,SubBlock,,,,,156.105,120.464,,,,,0.004,0,,-1,-1,,,-1,50,50,0,0
P000,Night,35.628,120.577,4,SubBlock,,,,,156.204,120.563,,,,,0.004,0,,-1,-1,,,-1,50,50,0,0
P000,Night,35.628,120.676,4,SubBlock,,,,,156.304,120.663,,,,,0.004,0,,-1,-1,,,-1,50,50,0,0
P000,Night,35.628,120.776,4,SubBlock,,,,,156.403,120.762,,,,,0.004,0,,-1,-1,,,-1,50,50,0,0
P000,Night,35.628,120.875,4,SubBlock,,,,,156.502,120.861,,,,,0.004,0,,-1,-1,,,-1,50,50,0,0
P000,Night,35.628,120.974,4,SubBlock,,,,,156.602,120.96,,,,,0.004,0,,-1,-1,,,-1,50,50,0,0
P000,Night,35.628,121.075,4,SubBlock,,,,,156.703,121.062,,,,,0.004,0,,-1,-1,,,-1,50,50,0,0
P000,Night,35.628,121.177,4,SubBlock,,,,,156.805,121.164,,,,,0.004,0,,-1,-1,,,-1,50,50,0,0
P000,Night,35.628,121.275,4,SubBlock,,,,,156.903,121.262,,,,,0.004,0,,-1,-1,,,-1,50,50,0,0
P000,Night,35.628,121.374,4,SubBlock,,,,,157.002,121.361,,,,,0.004,0,,-1,-1,,,-1,50,50,0,0
P000,Night,35.628,121.478,4,SubBlock,,,,,157.105,121.464,,,,,0.004,0,,-1,-1,,,-1,50,50,0,0
P000,Night,35.628,121.574,4,SubBlock,,,,,157.202,121.56,,,,,0.004,0,,-1,-1,,,-1,50,50,0,0
P000,Night,35.628,121.681,4,SubBlock,,,,,157.308,121.667,,,,,0.004,0,,-1,-1,,,-1,50,50,0,0
P000,Night,35.628,121.777,4,SubBlock,,,,,157.404,121.763,,,,,0.004,0,,-1,-1,,,-1,50,50,0,0
P000,Night,35.628,121.876,4,SubBlock,,,,,157.504,121.862,,,,,0.004,0,,-1,-1,,,-1,50,50,0,0
P000,Night,35.628,121.976,4,SubBlock,,,,,157.604,121.962,,,,,0.004,0,,-1,-1,,,-1,50,50,0,0
P000,Night,35.628,122.075,4,SubBlock,,,,,157.702,122.061,,,,,0.004,0,,-1,-1,,,-1,50,50,0,0
P000,Night,35.628,122.176,4,SubBlock,,,,,157.803,122.162,,,,,0.004,0,,-1,-1,,,-1,50,50,0,0
P000,Night,35.628,122.276,4,SubBlock,,,,,157.904,122.262,,,,,0.004,0,,-1,-1,,,-1,50,50,0,0
P000,Night,35.628,122.374,4,SubBlock,,,,,158.002,122.361,,,,,0.004,0,,-1,-1,,,-1,50,50,0,0
P000,Night,35.628,122.477,4,SubBlock,,,,,158.104,122.463,,,,,0.004,0,,-1,-1,,,-1,50,50,0,0
P000,Night,35.628,122.574,4,SubBlock,,,,,158.202,122.561,,,,,0.004,0,,-1,-1,,,-1,50,50,0,0
P000,Night,35.628,122.676,4,SubBlock,,,,,158.304,122.662,,,,,0.004,0,,-1,-1,,,-1,50,50,0,0
P000,Night,35.628,122.775,4,SubBlock,,,,,158.403,122.762,,,,,0.004,0,,-1,-1,,,-1,50,50,0,0
P000,Night,35.628,122.877,4,SubBlock,,,,,158.504,122.863,,,,,0.004,0,,-1,-1,,,-1,50,50,0,0
P000,Night,35.628,122.977,4,SubBlock,,,,,158.605,122.963,,,,,0.004,0,,-1,-1,,,-1,50,50,0,0
P000,Night,35.628,123.074,4,SubBlock,,,,,158.702,123.061,,,,,0.004,0,,-1,-1,,,-1,50,50,0,0
P000,Night,35.628,123.175,4,SubBlock,,,,,158.803,123.161,,,,,0.004,0,,-1,-1,,,-1,50,50,0,0
P000,Night,35.628,123.277,4,SubBlock,,,,,158.905,123.264,,,,,0.004,0,,-1,-1,,,-1,50,50,0,0
P000,Night,35.628,123.377,4,SubBlock,,,,,159.004,123.363,,,,,0.004,0,,-1,-1,,,-1,50,50,0,0
P000,Night,35.628,123.477,4,SubBlock,,,,,159.105,123.463,,,,,0.004,0,,-1,-1,,,-1,50,50,0,0
P000,Night,35.628,123.577,4,SubBlock,,,,,159.205,123.564,,,,,0.004,0,,-1,-1,,,-1,50,50,0,0
P000,Night,35.628,123.677,4,SubBlock,,,,,159.305,123.663,,,,,0.004,0,,-1,-1,,,-1,50,50,0,0
P000,Night,35.628,123.774,4,SubBlock,,,,,159.402,123.76,,,,,0.004,0,,-1,-1,,,-1,50,50,0,0
P000,Night,35.628,123.874,4,SubBlock,,,,,159.502,123.861,,,,,0.004,0,,-1,-1,,,-1,50,50,0,0
P000,Night,35.628,123.977,4,SubBlock,,,,,159.605,123.963,,,,,0.004,0,,-1,-1,,,-1,50,50,0,0
P000,Night,35.628,124.074,4,SubBlock,,,,,159.702,124.061,,,,,0.004,0,,-1,-1,,,-1,50,50,0,0
P000,Night,35.628,124.176,4,SubBlock,,,,,159.804,124.163,,,,,0.004,0,,-1,-1,,,-1,50,50,0,0
P000,Night,35.628,124.277,4,SubBlock,,,,,159.904,124.263,,,,,0.004,0,,-1,-1,,,-1,50,50,0,0
P000,Night,35.628,124.379,4,SubBlock,,,,,160.006,124.365,,,,,0.004,0,,-1,-1,,,-1,50,50,0,0
P000,Night,35.628,124.475,4,SubBlock,,,,,160.103,124.462,,,,,0.004,0,,-1,-1,,,-1,50,50,0,0
P000,Night,35.628,124.576,4,SubBlock,,,,,160.204,124.562,,,,,0.004,0,,-1,-1,,,-1,50,50,0,0
P000,Night,35.628,124.677,4,SubBlock,,,,,160.304,124.663,,,,,0.004,0,,-1,-1,,,-1,50,50,0,0
P000,Night,35.628,124.775,4,SubBlock,,,,,160.403,124.762,,,,,0.004,0,,-1,-1,,,-1,50,50,0,0
P000,Night,35.628,124.877,4,SubBlock,,,,,160.505,124.864,,,,,0.004,0,,-1,-1,,,-1,50,50,0,0
P000,Night,35.628,124.978,4,SubBlock,,,,,160.606,124.964,,,,,0.004,0,,-1,-1,,,-1,50,50,0,0
P000,Night,35.628,125.076,4,SubBlock,,,,,160.704,125.063,,,,,0.004,0,,-1,-1,,,-1,50,50,0,0
P000,Night,35.628,125.175,4,SubBlock,,,,,160.803,125.161,,,,,0.004,0,,-1,-1,,,-1,50,50,0,0
P000,Night,35.628,125.276,4,SubBlock,,,,,160.904,125.262,,,,,0.004,0,,-1,-1,,,-1,50,50,0,0
P000,Night,35.628,125.375,4,SubBlock,,,,,161.003,125.362,,,,,0.004,0,,-1,-1,,,-1,50,50,0,0
P000,Night,35.628,125.476,4,SubBlock,,,,,161.104,125.463,,,,,0.004,0,,-1,-1,,,-1,50,50,0,0
P000,Night,35.628,125.577,4,SubBlock,,,,,161.205,125.563,,,,,0.004,0,,-1,-1,,,-1,50,50,0,0
P000,Night,35.628,125.676,4,SubBlock,,,,,161.304,125.663,,,,,0.004,0,,-1,-1,,,-1,50,50,0,0
P000,Night,35.628,125.775,4,SubBlock,,,,,161.402,125.761,,,,,0.004,0,,-1,-1,,,-1,50,50,0,0
P000,Night,35.628,125.876,4,SubBlock,,,,,161.504,125.862,,,,,0.004,0,,-1,-1,,,-1,50,50,0,0
P000,Night,35.628,125.977,4,SubBlock,,,,,161.605,125.963,,,,,0.004,0,,-1,-1,,,-1,50,50,0,0
P000,Night,35.628,126.076,4,SubBlock,,,,,161.703,126.062,,,,,0.004,0,,-1,-1,,,-1,50,50,0,0
P000,Night,35.628,126.175,4,SubBlock,,,,,161.803,126.161,,,,,0.004,0,,-1,-1,,,-1,50,50,0,0
P000,Night,35.628,126.275,4,SubBlock,,,,,161.903,126.261,,,,,0.004,0,,-1,-1,,,-1,50,50,0,0
P000,Night,35.628,126.377,4,SubBlock,,,,,162.005,126.364,,,,,0.004,0,,-1,-1,,,-1,50,50,0,0
P000,Night,35.628,126.476,4,SubBlock,,,,,162.104,126.463,,,,,0.004,0,,-1,-1,,,-1,50,50,0,0
P000,Night,35.628,126.575,4,SubBlock,,,,,162.202,126.561,,,,,0.004,0,,-1,-1,,,-1,50,50,0,0
P000,Night,35.628,126.677,4,SubBlock,,,,,162.304,126.663,,,,,0.004,0,,-1,-1,,,-1,50,50,0,0
P000,Night,35.628,126.774,4,SubBlock,,,,,162.402,126.76,,,,,0.004,0,,-1,-1,,,-1,50,50,0,0
P000,Night,35.628,126.874,4,SubBlock,,,,,162.501,126.86,,,,,0.004,0,,-1,-1,,,-1,50,50,0,0
P000,Night,35.628,126.975,4,SubBlock,,,,,162.603,126.962,,,,,0.004,0,,-1,-1,,,-1,50,50,0,0
P000,Night,35.628,127.076,4,SubBlock,,,,,162.703,127.062,,,,,0.004,0,,-1,-1,,,-1,50,50,0,0
P000,Night,35.628,127.175,4,SubBlock,,,,,162.803,127.161,,,,,0.004,0,,-1,-1,,,-1,50,50,0,0
P000,Night,35.628,127.278,4,SubBlock,,,,,162.906,127.265,,,,,0.004,0,,-1,-1,,,-1,50,50,0,0
P000,Night,35.628,127.377,4,SubBlock,,,,,163.005,127.364,,,,,0.004,0,,-1,-1,,,-1,50,50,0,0
P000,Night,35.628,127.476,4,SubBlock,,,,,163.104,127.463,,,,,0.004,0,,-1,-1,,,-1,50,50,0,0
P000,Night,35.628,127.575,4,SubBlock,,,,,163.203,127.561,,,,,0.004,0,,-1,-1,,,-1,50,50,0,0
P000,Night,35.628,127.674,4,SubBlock,,,,,163.301,127.66,,,,,0.004,0,,-1,-1,,,-1,50,50,0,0
P000,Night,35.628,127.775,4,SubBlock,,,,,163.403,127.762,,,,,0.004,0,,-1,-1,,,-1,50,50,0,0
P000,Night,35.628,127.874,4,SubBlock,,,,,163.502,127.861,,,,,0.004,0,,-1,-1,,,-1,50,50,0,0
P000,Night,35.628,127.974,4,SubBlock,,,,,163.602,127.961,,,,,0.004,0,,-1,-1,,,-1,50,50,0,0
P000,Night,35.628,128.076,4,SubBlock,,,,,163.704,128.062,,,,,0.004,0,,-1,-1,,,-1,50,50,0,0
P000,Night,35.628,128.175,4,SubBlock,,,,,163.803,128.161,,,,,0.004,0,,-1,-1,,,-1,50,50,0,0
P000,Night,35.628,128.276,4,SubBlock,,,,,163.904,128.262,,,,,0.004,0,,-1,-1,,,-1,50,50,0,0
P000,Night,35.628,128.377,4,SubBlock,,,,,164.005,128.364,,,,,0.004,0,,-1,-1,,,-1,50,50,0,0
P000,Night,35.628,128.475,4,SubBlock,,,,,164.103,128.462,,,,,0.004,0,,-1,-1,,,-1,50,50,0,0
P000,Night,35.628,128.576,4,SubBlock,,,,,164.204,128.563,,,,,0.004,0,,-1,-1,,,-1,50,50,0,0
P000,Night,35.628,128.679,4,SubBlock,,,,,164.307,128.666,,,,,0.004,0,,-1,-1,,,-1,50,50,0,0
P000,Night,35.628,128.775,4,SubBlock,,,,,164.403,128.761,,,,,0.004,0,,-1,-1,,,-1,50,50,0,0
P000,Night,35.628,128.876,4,SubBlock,,,,,164.504,128.863,,,,,0.004,0,,-1,-1,,,-1,50,50,0,0
P000,Night,35.628,128.974,4,SubBlock,,,,,164.602,128.96,,,,,0.004,0,,-1,-1,,,-1,50,50,0,0
P000,Night,35.628,129.075,4,SubBlock,,,,,164.703,129.062,,,,,0.004,0,,-1,-1,,,-1,50,50,0,0
P000,Night,35.628,129.174,4,SubBlock,,,,,164.802,129.16,,,,,0.004,0,,-1,-1,,,-1,50,50,0,0
P000,Night,35.628,129.277,4,SubBlock,,,,,164.905,129.264,,,,,0.004,0,,-1,-1,,,-1,50,50,0,0
P000,Night,35.628,129.376,4,SubBlock,,,,,165.003,129.362,,,,,0.004,0,,-1,-1,,,-1,50,50,0,0
P000,Night,35.628,129.474,4,SubBlock,,,,,165.102,129.46,,,,,0.004,0,,-1,-1,,,-1,50,50,0,0
P000,Night,35.628,129.576,4,SubBlock,,,,,165.204,129.562,,,,,0.004,0,,-1,-1,,,-1,50,50,0,0
P000,Night,35.628,129.675,4,SubBlock,,,,,165.303,129.661,,,,,0.004,0,,-1,-1,,,-1,50,50,0,0
P000,Night,35.628,129.777,4,SubBlock,,,,,165.404,129.763,,,,,0.004,0,,-1,-1,,,-1,50,50,0,0
P000,Night,35.628,129.875,4,SubBlock,,,,,165.503,129.862,,,,,0.004,0,,-1,-1,,,-1,50,50,0,0
P000,Night,35.628,129.977,4,SubBlock,,,,,165.604,129.963,,,,,0.004,0,,-1,-1,,,-1,50,50,0,0
P000,Night,35.628,130.076,4,SubBlock,,,,,165.704,130.062,,,,,0.004,0,,-1,-1,,,-1,50,50,0,0
P000,Night,35.628,130.178,4,SubBlock,,,,,165.806,130.164,,,,,0.004,0,,-1,-1,,,-1,50,50,0,0
P000,Night,35.628,130.278,4,SubBlock,,,,,165.905,130.264,,,,,0.004,0,,-1,-1,,,-1,50,50,0,0
P000,Night,35.628,130.375,4,SubBlock,,,,,166.003,130.362,,,,,0.004,0,,-1,-1,,,-1,50,50,0,0
P000,Night,35.628,130.477,4,SubBlock,,,,,166.105,130.464,,,,,0.004,0,,-1,-1,,,-1,50,50,0,0
P000,Night,35.628,130.575,4,SubBlock,,,,,166.203,130.562,,,,,0.004,0,,-1,-1,,,-1,50,50,0,0
P000,Night,35.628,130.676,4,SubBlock,,,,,166.304,130.663,,,,,0.004,0,,-1,-1,,,-1,50,50,0,0
P000,Night,35.628,130.776,4,SubBlock,,,,,166.404,130.762,,,,,0.004,0,,-1,-1,,,-1,50,50,0,0
P000,Night,35.628,130.878,4,SubBlock,,,,,166.506,130.864,,,,,0.004,0,,-1,-1,,,-1,50,50,0,0
P000,Night,35.628,130.976,4,SubBlock,,,,,166.604,130.962,,,,,0.004,0,,-1,-1,,,-1,50,50,0,0
P000,Night,35.628,131.076,4,SubBlock,,,,,166.704,131.063,,,,,0.004,0,,-1,-1,,,-1,50,50,0,0
P000,Night,35.628,131.178,4,SubBlock,,,,,166.806,131.164,,,,,0.004,0,,-1,-1,,,-1,50,50,0,0
P000,Night,35.628,131.275,4,SubBlock,,,,,166.902,131.261,,,,,0.004,0,,-1,-1,,,-1,50,50,0,0
P000,Night,35.628,131.374,4,SubBlock,,,,,167.002,131.361,,,,,0.004,0,,-1,-1,,,-1,50,50,0,0
P000,Night,35.628,131.477,4,SubBlock,,,,,167.105,131.464,,,,,0.004,0,,-1,-1,,,-1,50,50,0,0
P000,Night,35.628,131.577,4,SubBlock,,,,,167.205,131.564,,,,,0.004,0,,-1,-1,,,-1,50,50,0,0
P000,Night,35.628,131.676,4,SubBlock,,,,,167.303,131.662,,,,,0.004,0,,-1,-1,,,-1,50,50,0,0
P000,Night,35.628,131.777,4,SubBlock,,,,,167.405,131.764,,,,,0.004,0,,-1,-1,,,-1,50,50,0,0
P000,Night,35.628,131.878,4,SubBlock,,,,,167.506,131.864,,,,,0.004,0,,-1,-1,,,-1,50,50,0,0
P000,Night,35.628,131.977,4,SubBlock,,,,,167.604,131.963,,,,,0.004,0,,-1,-1,,,-1,50,50,0,0
P000,Night,35.628,132.075,4,SubBlock,,,,,167.703,132.062,,,,,0.004,0,,-1,-1,,,-1,50,50,0,0
P000,Night,35.628,132.174,4,SubBlock,,,,,167.802,132.161,,,,,0.004,0,,-1,-1,,,-1,50,50,0,0
P000,Night,35.628,132.276,4,SubBlock,,,,,167.904,132.262,,,,,0.004,0,,-1,-1,,,-1,50,50,0,0
P000,Night,35.628,132.376,4,SubBlock,,,,,168.004,132.363,,,,,0.004,0,,-1,-1,,,-1,50,50,0,0
P000,Night,35.628,132.479,4,SubBlock,,,,,168.107,132.465,,,,,0.004,0,,-1,-1,,,-1,50,50,0,0
P000,Night,35.628,132.577,4,SubBlock,,,,,168.204,132.563,,,,,0.004,0,,-1,-1,,,-1,50,50,0,0
P000,Night,35.628,132.676,4,SubBlock,,,,,168.304,132.663,,,,,0.004,0,,-1,-1,,,-1,50,50,0,0
P000,Night,35.628,132.774,4,SubBlock,,,,,168.402,132.76,,,,,0.004,0,,-1,-1,,,-1,50,50,0,0
P000,Night,35.628,132.877,4,SubBlock,,,,,168.505,132.864,,,,,0.004,0,,-1,-1,,,-1,50,50,0,0
P000,Night,35.628,132.976,4,SubBlock,,,,,168.604,132.963,,,,,0.004,0,,-1,-1,,,-1,50,50,0,0
P000,Night,35.628,133.077,4,SubBlock,,,,,168.705,133.064,,,,,0.004,0,,-1,-1,,,-1,50,50,0,0
P000,Night,35.628,133.174,4,SubBlock,,,,,168.802,133.161,,,,,0.004,0,,-1,-1,,,-1,50,50,0,0
P000,Night,35.628,133.276,4,SubBlock,,,,,168.903,133.262,,,,,0.004,0,,-1,-1,,,-1,50,50,0,0
P000,Night,35.628,133.374,4,SubBlock,,,,,169.002,133.361,,,,,0.004,0,,-1,-1,,,-1,50,50,0,0
P000,Night,35.628,133.478,4,SubBlock,,,,,169.106,133.464,,,,,0.004,0,,-1,-1,,,-1,50,50,0,0
P000,Night,35.628,133.576,4,SubBlock,,,,,169.204,133.563,,,,,0.004,0,,-1,-1,,,-1,50,50,0,0
P000,Night,35.628,133.677,4,SubBlock,,,,,169.305,133.664,,,,,0.004,0,,-1,-1,,,-1,50,50,0,0
P000,Night,35.628,133.775,4,SubBlock,,,,,169.403,133.762,,,,,0.004,0,,-1,-1,,,-1,50,50,0,0
P000,Night,35.628,133.878,4,SubBlock,,,,,169.505,133.864,,,,,0.004,0,,-1,-1,,,-1,50,50,0,0
P000,Night,35.628,133.977,4,SubBlock,,,,,169.604,133.963,,,,,0.004,0,,-1,-1,,,-1,50,50,0,0
P000,Night,35.628,134.075,4,SubBlock,,,,,169.703,134.061,,,,,0.004,0,,-1,-1,,,-1,50,50,0,0
P000,Night,35.628,134.176,4,SubBlock,,,,,169.803,134.162,,,,,0.004,0,,-1,-1,,,-1,50,50,0,0
P000,Night,35.628,134.277,4,SubBlock,,,,,169.904,134.263,,,,,0.004,0,,-1,-1,,,-1,50,50,0,0
P000,Night,35.628,134.375,4,SubBlock,,,,,170.003,134.362,,,,,0.004,0,,-1,-1,,,-1,50,50,0,0
P000,Night,35.628,134.479,4,SubBlock,,,,,170.106,134.465,,,,,0.004,0,,-1,-1,,,-1,50,50,0,0
P000,Night,35.628,134.577,4,SubBlock,,,,,170.204,134.563,,,,,0.004,0,,-1,-1,,,-1,50,50,0,0
P000,Night,35.628,134.678,4,SubBlock,,,,,170.306,134.665,,,,,0.004,0,,-1,-1,,,-1,50,50,0,0
P000,Night,35.628,134.776,4,SubBlock,,,,,170.404,134.763,,,,,0.004,0,,-1,-1,,,-1,50,50,0,0
P000,Night,35.628,134.874,4,SubBlock,,,,,170.502,134.861,,,,,0.004,0,,-1,-1,,,-1,50,50,0,0
P000,Night,35.628,134.977,4,SubBlock,,,,,170.605,134.964,,,,,0.004,0,,-1,-1,,,-1,50,50,0,0
P000,Night,35.628,135.077,4,SubBlock,,,,,170.705,135.064,,,,,0.004,0,,-1,-1,,,-1,50,50,0,0
P000,Night,35.628,135.176,4,SubBlock,,,,,170.803,135.162,,,,,0.004,0,,-1,-1,,,-1,50,50,0,0
P000,Night,35.628,135.278,4,SubBlock,,,,,170.905,135.264,,,,,0.004,0,,-1,-1,,,-1,50,50,0,0
P000,Night,35.628,135.376,4,SubBlock,,,,,171.004,135.362,,,,,0.004,0,,-1,-1,,,-1,50,50,0,0
P000,Night,35.628,135.477,4,SubBlock,,,,,171.105,135.464,,,,,0.004,0,,-1,-1,,,-1,50,50,0,0
P000,Night,35.628,135.576,4,SubBlock,,,,,171.204,135.563,,,,,0.004,0,,-1,-1,,,-1,50,50,0,0
P000,Night,35.628,135.675,4,SubBlock,,,,,171.303,135.661,,,,,0.004,0,,-1,-1,,,-1,50,50,0,0
P000,Night,35.628,135.776,4,SubBlock,,,,,171.404,135.763,,,,,0.004,0,,-1,-1,,,-1,50,50,0,0
P000,Night,35.628,135.875,4,SubBlock,,,,,171.503,135.862,,,,,0.004,0,,-1,-1,,,-1,50,50,0,0
P000,Night,35.628,135.977,4,SubBlock,,,,,171.604,135.963,,,,,0.004,0,,-1,-1,,,-1,50,50,0,0
P000,Night,35.628,136.075,4,SubBlock,,,,,171.703,136.061,,,,,0.004,0,,-1,-1,,,-1,50,50,0,0
P000,Night,35.628,136.179,4,SubBlock,,,,,171.807,136.165,,,,,0.004,0,,-1,-1,,,-1,50,50,0,0
P000,Night,35.628,136.277,4,SubBlock,,,,,171.905,136.263,,,,,0.004,0,,-1,-1,,,-1,50,50,0,0
P000,Night,35.628,136.379,4,SubBlock,,,,,172.006,136.365,,,,,0.004,0,,-1,-1,,,-1,50,50,0,0
P000,Night,35.628,136.477,4,SubBlock,,,,,172.105,136.463,,,,,0.004,0,,-1,-1,,,-1,50,50,0,0
P000,Night,35.628,136.578,4,SubBlock,,,,,172.206,136.565,,,,,0.004,0,,-1,-1,,,-1,50,50,0,0
P000,Night,35.628,136.676,4,SubBlock,,,,,172.304,136.663,,,,,0.004,0,,-1,-1,,,-1,50,50,0,0
P000,Night,35.628,136.777,4,SubBlock,,,,,172.405,136.764,,,,,0.004,0,,-1,-1,,,-1,50,50,0,0
P000,Night,35.628,136.876,4,SubBlock,,,,,172.504,136.863,,,,,0.004,0,,-1,-1,,,-1,50,50,0,0
P000,Night,35.628,136.976,4,SubBlock,,,,,172.604,136.963,,,,,0.004,0,,-1,-1,,,-1,50,50,0,0
P000,Night,35.628,137.074,4,SubBlock,,,,,172.702,137.061,,,,,0.004,0,,-1,-1,,,-1,50,50,0,0
P000,Night,35.628,137.177,4,SubBlock,,,,,172.805,137.163,,,,,0.004,0,,-1,-1,,,-1,50,50,0,0
P000,Night,35.628,137.276,4,SubBlock,,,,,172.904,137.263,,,,,0.004,0,,-1,-1,,,-1,50,50,0,0
P000,Night,35.628,137.376,4,SubBlock,,,,,173.003,137.362,,,,,0.004,0,,-1,-1,,,-1,50,50,0,0
P000,Night,35.628,137.477,4,SubBlock,,,,,173.104,137.463,,,,,0.004,0,,-1,-1,,,-1,50,50,0,0
P000,Night,35.628,137.575,4,SubBlock,,,,,173.203,137.561,,,,,0.004,0,,-1,-1,,,-1,50,50,0,0
P000,Night,35.628,137.678,4,SubBlock,,,,,173.305,137.664,,,,,0.004,0,,-1,-1,,,-1,50,50,0,0
P000,Night,35.628,137.778,4,SubBlock,,,,,173.406,137.764,,,,,0.004,0,,-1,-1,,,-1,50,50,0,0
P000,Night,35.628,137.876,4,SubBlock,,,,,173.504,137.862,,,,,0.004,0,,-1,-1,,,-1,50,50,0,0
P000,Night,35.628,137.977,4,SubBlock,,,,,173.604,137.963,,,,,0.004,0,,-1,-1,,,-1,50,50,0,0
P000,Night,35.628,138.079,4,SubBlock,,,,,173.707,138.065,,,,,0.004,0,,-1,-1,,,-1,50,50,0,0
P000,Night,35.628,138.178,4,SubBlock,,,,,173.806,138.164,,,,,0.004,0,,-1,-1,,,-1,50,50,0,0
P000,Night,35.628,138.277,4,SubBlock,,,,,173.905,138.263,,,,,0.004,0,,-1,-1,,,-1,50,50,0,0
P000,Night,35.628,138.376,4,SubBlock,,,,,174.004,138.362,,,,,0.004,0,,-1,-1,,,-1,50,50,0,0
P000,Night,35.628,138.476,4,SubBlock,,,,,174.104,138.462,,,,,0.004,0,,-1,-1,,,-1,50,50,0,0
P000,Night,35.628,138.574,4,SubBlock,,,,,174.202,138.561,,,,,0.004,0,,-1,-1,,,-1,50,50,0,0
P000,Night,35.628,138.677,4,SubBlock,,,,,174.305,138.664,,,,,0.004,0,,-1,-1,,,-1,50,50,0,0
P000,Night,35.628,138.777,4,SubBlock,,,,,174.405,138.763,,,,,0.004,0,,-1,-1,,,-1,50,50,0,0
P000,Night,35.628,138.875,4,SubBlock,,,,,174.502,138.861,,,,,0.004,0,,-1,-1,,,-1,50,50,0,0
P000,Night,35.628,138.975,4,SubBlock,,,,,174.603,138.962,,,,,0.004,0,,-1,-1,,,-1,50,50,0,0
P000,Night,35.628,139.075,4,SubBlock,,,,,174.703,139.061,,,,,0.004,0,,-1,-1,,,-1,50,50,0,0
P000,Night,35.628,139.175,4,SubBlock,,,,,174.803,139.161,,,,,0.004,0,,-1,-1,,,-1,50,50,0,0
P000,Night,35.628,139.276,4,SubBlock,,,,,174.904,139.262,,,,,0.004,0,,-1,-1,,,-1,50,50,0,0
P000,Night,35.628,139.374,4,SubBlock,,,,,175.002,139.361,,,,,0.004,0,,-1,-1,,,-1,50,50,0,0
P000,Night,35.628,139.478,4,SubBlock,,,,,175.105,139.464,,,,,0.004,0,,-1,-1,,,-1,50,50,0,0
P000,Night,35.628,139.579,4,SubBlock,,,,,175.207,139.565,,,,,0.004,0,,-1,-1,,,-1,50,50,0,0
P000,Night,35.628,139.677,4,SubBlock,,,,,175.305,139.663,,,,,0.004,0,,-1,-1,,,-1,50,50,0,0
P000,Night,35.628,139.776,4,SubBlock,,,,,175.404,139.762,,,,,0.004,0,,-1,-1,,,-1,50,50,0,0
P000,Night,35.628,139.877,4,SubBlock,,,,,175.505,139.863,,,,,0.004,0,,-1,-1,,,-1,50,50,0,0
P000,Night,35.628,139.979,4,SubBlock,,,,,175.607,139.966,,,,,0.004,0,,-1,-1,,,-1,50,50,0,0
P000,Night,35.628,140.076,4,SubBlock,,,,,175.704,140.062,,,,,0.004,0,,-1,-1,,,-1,50,50,0,0
P000,Night,35.628,140.177,4,SubBlock,,,,,175.805,140.164,,,,,0.004,0,,-1,-1,,,-1,50,50,0,0
P000,Night,35.628,140.276,4,SubBlock,,,,,175.903,140.262,,,,,0.004,0,,-1,-1,,,-1,50,50,0,0
P000,Night,35.628,140.378,4,SubBlock,,,,,176.005,140.364,,,,,0.004,0,,-1,-1,,,-1,50,50,0,0
P000,Night,35.628,140.478,4,SubBlock,,,,,176.105,140.464,,,,,0.004,0,,-1,-1,,,-1,50,50,0,0
P000,Night,35.628,140.578,4,SubBlock,,,,,176.205,140.564,,,,,0.004,0,,-1,-1,,,-1,50,50,0,0
P000,Night,35.628,140.677,4,SubBlock,,,,,176.305,140.664,,,,,0.004,0,,-1,-1,,,-1,50,50,0,0
P000,Night,35.628,140.778,4,SubBlock,,,,,176.405,140.764,,,,,0.004,0,,-1,-1,,,-1,50,50,0,0
P000,Night,35.628,140.876,4,SubBlock,,,,,176.504,140.863,,,,,0.004,0,,-1,-1,,,-1,50,50,0,0
P000,Night,35.628,140.977,4,SubBlock,,,,,176.605,140.964,,,,,0.004,0,,-1,-1,,,-1,50,50,0,0
P000,Night,35.628,141.077,4,SubBlock,,,,,176.705,141.063,,,,,0.004,0,,-1,-1,,,-1,50,50,0,0
P000,Night,35.628,141.178,4,SubBlock,,,,,176.806,141.165,,,,,0.004,0,,-1,-1,,,-1,50,50,0,0
P000,Night,35.628,141.277,4,SubBlock,,,,,176.905,141.264,,,,,0.004,0,,-1,-1,,,-1,50,50,0,0
P000,Night,35.628,141.377,4,SubBlock,,,,,177.005,141.364,,,,,0.004,0,,-1,-1,,,-1,50,50,0,0
P000,Night,35.628,141.475,4,SubBlock,,,,,177.103,141.462,,,,,0.004,0,,-1,-1,,,-1,50,50,0,0
P000,Night,35.628,141.577,4,SubBlock,,,,,177.205,141.563,,,,,0.004,0,,-1,-1,,,-1,50,50,0,0
P000,Night,35.628,141.677,4,SubBlock,,,,,177.304,141.663,,,,,0.004,0,,-1,-1,,,-1,50,50,0,0
P000,Night,35.628,141.775,4,SubBlock,,,,,177.403,141.761,,,,,0.004,0,,-1,-1,,,-1,50,50,0,0
P000,Night,35.628,141.876,4,SubBlock,,,,,177.503,141.862,,,,,0.004,0,,-1,-1,,,-1,50,50,0,0
P000,Night,35.628,141.975,4,SubBlock,,,,,177.602,141.961,,,,,0.004,0,,-1,-1,,,-1,50,50,0,0
P000,Night,35.628,142.076,4,SubBlock,,,,,177.704,142.063,,,,,0.004,0,,-1,-1,,,-1,50,50,0,0
P000,Night,35.628,142.175,4,SubBlock,,,,,177.803,142.161,,,,,0.004,0,,-1,-1,,,-1,50,50,0,0
P000,Night,35.628,142.276,4,SubBlock,,,,,177.903,142.262,,,,,0.004,0,,-1,-1,,,-1,50,50,0,0
P000,Night,35.628,142.376,4,SubBlock,,,,,178.003,142.362,,,,,0.004,0,,-1,-1,,,-1,50,50,0,0
P000,Night,35.628,142.478,4,SubBlock,,,,,178.106,142.465,,,,,0.004,0,,-1,-1,,,-1,50,50,0,0
P000,Night,35.628,142.575,4,SubBlock,,,,,178.203,142.562,,,,,0.004,0,,-1,-1,,,-1,50,50,0,0
P000,Night,35.628,142.675,4,SubBlock,,,,,178.303,142.662,,,,,0.004,0,,-1,-1,,,-1,50,50,0,0
P000,Night,35.628,142.778,4,SubBlock,,,,,178.405,142.764,,,,,0.004,0,,-1,-1,,,-1,50,50,0,0
P000,Night,35.628,142.877,4,SubBlock,,,,,178.504,142.863,,,,,0.004,0,,-1,-1,,,-1,50,50,0,0
P000,Night,35.628,142.977,4,SubBlock,,,,,178.605,142.964,,,,,0.004,0,,-1,-1,,,-1,50,50,0,0
P000,Night,35.628,143.078,4,SubBlock,,,,,178.706,143.064,,,,,0.004,0,,-1,-1,,,-1,50,50,0,0
P000,Night,35.628,143.178,4,SubBlock,,,,,178.806,143.165,,,,,0.004,0,,-1,-1,,,-1,50,50,0,0
P000,Night,35.628,143.274,4,SubBlock,,,,,178.902,143.261,,,,,0.004,0,,-1,-1,,,-1,50,50,0,0
P000,Night,35.628,143.376,4,SubBlock,,,,,179.004,143.363,,,,,0.004,0,,-1,-1,,,-1,50,50,0,0
P000,Night,35.628,143.477,4,SubBlock,,,,,179.105,143.463,,,,,0.004,0,,-1,-1,,,-1,50,50,0,0
P000,Night,35.628,143.576,4,SubBlock,,,,,179.203,143.562,,,,,0.004,0,,-1,-1,,,-1,50,50,0,0
P000,Night,35.628,143.678,4,SubBlock,,,,,179.305,143.664,,,,,0.004,0,,-1,-1,,,-1,50,50,0,0
P000,Night,35.628,143.776,4,SubBlock,,,,,179.403,143.762,,,,,0.004,0,,-1,-1,,,-1,50,50,0,0
P000,Night,35.628,143.876,4,SubBlock,,,,,179.504,143.862,,,,,0.004,0,,-1,-1,,,-1,50,50,0,0
P000,Night,35.628,143.975,4,SubBlock,,,,,179.602,143.961,,,,,0.004,0,,-1,-1,,,-1,50,50,0,0
P000,Night,35.628,144.076,4,SubBlock,,,,,179.704,144.062,,,,,0.004,0,,-1,-1,,,-1,50,50,0,0
P000,Night,35.628,144.175,4,SubBlock,,,,,179.803,144.161,,,,,0.004,0,,-1,-1,,,-1,50,50,0,0
P000,Night,35.628,144.277,4,SubBlock,,,,,179.904,144.263,,,,,0.004,0,,-1,-1,,,-1,50,50,0,0
P000,Night,35.628,144.378,4,SubBlock,,,,,180.006,144.364,,,,,0.004,0,,-1,-1,,,-1,50,50,0,0
P000,Night,35.628,144.476,4,SubBlock,,,,,180.104,144.462,,,,,0.004,0,,-1,-1,,,-1,50,50,0,0
P000,Night,35.628,144.576,4,SubBlock,,,,,180.204,144.562,,,,,0.004,0,,-1,-1,,,-1,50,50,0,0
P000,Night,35.628,144.675,4,SubBlock,,,,,180.302,144.661,,,,,0.004,0,,-1,-1,,,-1,50,50,0,0
P000,Night,35.628,144.78,4,SubBlock,,,,,180.407,144.766,,,,,0.004,0,,-1,-1,,,-1,50,50,0,0
P000,Night,35.628,144.876,4,SubBlock,,,,,180.504,144.863,,,,,0.004,0,,-1,-1,,,-1,50,50,0,0
P000,Night,35.628,144.977,4,SubBlock,,,,,180.605,144.964,,,,,0.004,0,,-1,-1,,,-1,50,50,0,0
P000,Night,35.628,145.075,4,SubBlock,,,,,180.703,145.062,,,,,0.004,0,,-1,-1,,,-1,50,50,0,0
P000,Night,35.628,145.178,4,SubBlock,,,,,180.806,145.165,,,,,0.004,0,,-1,-1,,,-1,50,50,0,0
P000,Night,35.628,145.28,4,SubBlock,,,,,180.908,145.266,,,,,0.004,0,,-1,-1,,,-1,50,50,0,0
P000,Night,35.628,145.377,4,SubBlock,,,,,181.004,145.363,,,,,0.004,0,,-1,-1,,,-1,50,50,0,0
P000,Night,35.628,145.476,4,SubBlock,,,,,181.103,145.462,,,,,0.004,0,,-1,-1,,,-1,50,50,0,0
P000,Night,35.628,145.576,4,SubBlock,,,,,181.204,145.562,,,,,0.004,0,,-1,-1,,,-1,50,50,0,0
P000,Night,35.628,145.675,4,SubBlock,,,,,181.303,145.662,,,,,0.004,0,,-1,-1,,,-1,50,50,0,0
P000,Night,35.628,145.776,4,SubBlock,,,,,181.404,145.762,,,,,0.004,0,,-1,-1,,,-1,50,50,0,0
P000,Night,35.628,145.876,4,SubBlock,,,,,181.504,145.862,,,,,0.004,0,,-1,-1,,,-1,50,50,0,0
P000,Night,35.628,145.976,4,SubBlock,,,,,181.604,145.962,,,,,0.004,0,,-1,-1,,,-1,50,50,0,0
P000,Night,35.628,146.079,4,SubBlock,,,,,181.707,146.065,,,,,0.004,0,,-1,-1,,,-1,50,50,0,0
P000,Night,35.628,146.175,4,SubBlock,,,,,181.803,146.162,,,,,0.004,0,,-1,-1,,,-1,50,50,0,0
P000,Night,35.628,146.278,4,SubBlock,,,,,181.906,146.265,,,,,0.004,0,,-1,-1,,,-1,50,50,0,0
P000,Night,35.628,146.379,4,SubBlock,,,,,182.006,146.365,,,,,0.004,0,,-1,-1,,,-1,50,50,0,0
P000,Night,35.628,146.476,4,SubBlock,,,,,182.104,146.463,,,,,0.004,0,,-1,-1,,,-1,50,50,0,0
P000,Night,35.628,146.577,4,SubBlock,,,,,182.205,146.563,,,,,0.004,0,,-1,-1,,,-1,50,50,0,0
P000,Night,35.628,146.676,4,SubBlock,,,,,182.304,146.662,,,,,0.004,0,,-1,-1,,,-1,50,50,0,0
P000,Night,35.628,146.776,4,SubBlock,,,,,182.404,146.762,,,,,0.004,0,,-1,-1,,,-1,50,50,0,0
P000,Night,35.628,146.878,4,SubBlock,,,,,182.506,146.865,,,,,0.004,0,,-1,-1,,,-1,50,50,0,0
P000,Night,35.628,146.979,4,SubBlock,,,,,182.607,146.965,,,,,0.004,0,,-1,-1,,,-1,50,50,0,0
P000,Night,35.628,147.076,4,SubBlock,,,,,182.703,147.062,,,,,0.004,0,,-1,-1,,,-1,50,50,0,0
P000,Night,35.628,147.177,4,SubBlock,,,,,182.805,147.164,,,,,0.004,0,,-1,-1,,,-1,50,50,0,0
P000,Night,35.628,147.276,4,SubBlock,,,,,182.904,147.262,,,,,0.004,0,,-1,-1,,,-1,50,50,0,0
P000,Night,35.628,147.377,4,SubBlock,,,,,183.004,147.363,,,,,0.004,0,,-1,-1,,,-1,50,50,0,0
P000,Night,35.628,147.477,4,SubBlock,,,,,183.104,147.463,,,,,0.004,0,,-1,-1,,,-1,50,50,0,0
P000,Night,35.628,147.579,4,SubBlock,,,,,183.207,147.565,,,,,0.004,0,,-1,-1,,,-1,50,50,0,0
P000,Night,35.628,147.675,4,SubBlock,,,,,183.303,147.662,,,,,0.004,0,,-1,-1,,,-1,50,50,0,0
P000,Night,35.628,147.777,4,SubBlock,,,,,183.405,147.763,,,,,0.004,0,,-1,-1,,,-1,50,50,0,0
P000,Night,35.628,147.876,4,SubBlock,,,,,183.504,147.862,,,,,0.004,0,,-1,-1,,,-1,50,50,0,0
P000,Night,35.628,147.977,4,SubBlock,,,,,183.604,147.963,,,,,0.004,0,,-1,-1,,,-1,50,50,0,0
P000,Night,35.628,148.079,4,SubBlock,,,,,183.706,148.065,,,,,0.004,0,,-1,-1,,,-1,50,50,0,0
P000,Night,35.628,148.175,4,SubBlock,,,,,183.802,148.161,,,,,0.004,0,,-1,-1,,,-1,50,50,0,0
P000,Night,35.628,148.279,4,SubBlock,,,,,183.906,148.265,,,,,0.004,0,,-1,-1,,,-1,50,50,0,0
P000,Night,35.628,148.375,4,SubBlock,,,,,184.003,148.362,,,,,0.004,0,,-1,-1,,,-1,50,50,0,0
P000,Night,35.628,148.478,4,SubBlock,,,,,184.106,148.464,,,,,0.004,0,,-1,-1,,,-1,50,50,0,0
P000,Night,35.628,148.577,4,SubBlock,,,,,184.205,148.564,,,,,0.004,0,,-1,-1,,,-1,50,50,0,0
P000,Night,35.628,148.676,4,SubBlock,,,,,184.304,148.662,,,,,0.004,0,,-1,-1,,,-1,50,50,0,0
P000,Night,35.628,148.777,4,SubBlock,,,,,184.405,148.764,,,,,0.004,0,,-1,-1,,,-1,50,50,0,0
P000,Night,35.628,148.878,4,SubBlock,,,,,184.506,148.865,,,,,0.004,0,,-1,-1,,,-1,50,50,0,0
P000,Night,35.628,148.976,4,SubBlock,,,,,184.604,148.963,,,,,0.004,0,,-1,-1,,,-1,50,50,0,0
P000,Night,35.628,149.075,4,SubBlock,,,,,184.703,149.061,,,,,0.004,0,,-1,-1,,,-1,50,50,0,0
P000,Night,35.628,149.177,4,SubBlock,,,,,184.805,149.163,,,,,0.004,0,,-1,-1,,,-1,50,50,0,0
P000,Night,35.628,149.278,4,SubBlock,,,,,184.906,149.264,,,,,0.004,0,,-1,-1,,,-1,50,50,0,0
P000,Night,35.628,149.378,4,SubBlock,,,,,185.006,149.364,,,,,0.004,0,,-1,-1,,,-1,50,50,0,0
P000,Night,35.628,149.478,4,SubBlock,,,,,185.106,149.464,,,,,0.004,0,,-1,-1,,,-1,50,50,0,0
P000,Night,35.628,149.578,4,SubBlock,,,,,185.206,149.565,,,,,0.004,0,,-1,-1,,,-1,50,50,0,0
P000,Night,35.628,149.679,4,SubBlock,,,,,185.306,149.665,,,,,0.004,0,,-1,-1,,,-1,50,50,0,0
P000,Night,35.628,149.777,4,SubBlock,,,,,185.405,149.763,,,,,0.004,0,,-1,-1,,,-1,50,50,0,0
P000,Night,35.628,149.877,4,SubBlock,,,,,185.504,149.863,,,,,0.004,0,,-1,-1,,,-1,50,50,0,0
P000,Night,35.628,149.975,4,SubBlock,,,,,185.603,149.962,,,,,0.004,0,,-1,-1,,,-1,50,50,0,0
P000,Night,35.628,150.078,4,SubBlock,,,,,185.705,150.064,,,,,0.004,0,,-1,-1,,,-1,50,50,0,0
P000,Night,35.628,150.175,4,SubBlock,,,,,185.803,150.162,,,,,0.004,0,,-1,-1,,,-1,50,50,0,0
P000,Night,35.628,150.278,4,SubBlock,,,,,185.906,150.264,,,,,0.004,0,,-1,-1,,,-1,50,50,0,0
P000,Night,35.628,150.378,4,SubBlock,,,,,186.005,150.364,,,,,0.004,0,,-1,-1,,,-1,50,50,0,0
P000,Night,35.628,150.479,4,SubBlock,,,,,186.107,150.466,,,,,0.004,0,,-1,-1,,,-1,50,50,0,0
P000,Night,35.628,150.575,4,SubBlock,,,,,186.203,150.561,,,,,0.004,0,,-1,-1,,,-1,50,50,0,0
P000,Night,35.628,150.677,4,SubBlock,,,,,186.305,150.663,,,,,0.004,0,,-1,-1,,,-1,50,50,0,0
P000,Night,35.628,150.776,4,SubBlock,,,,,186.404,150.762,,,,,0.004,0,,-1,-1,,,-1,50,50,0,0
P000,Night,35.628,150.875,4,SubBlock,,,,,186.503,150.862,,,,,0.004,0,,-1,-1,,,-1,50,50,0,0
P000,Night,35.628,150.975,4,SubBlock,,,,,186.603,150.962,,,,,0.004,0,,-1,-1,,,-1,50,50,0,0
P000,Night,35.628,151.075,4,SubBlock,,,,,186.703,151.062,,,,,0.004,0,,-1,-1,,,-1,50,50,0,0
P000,Night,35.628,151.178,4,SubBlock,,,,,186.806,151.165,,,,,0.004,0,,-1,-1,,,-1,50,50,0,0
P000,Night,35.628,151.277,4,SubBlock,,,,,186.904,151.263,,,,,0.004,0,,-1,-1,,,-1,50,50,0,0
P000,Night,35.628,151.375,4,SubBlock,,,,,187.003,151.362,,,,,0.004,0,,-1,-1,,,-1,50,50,0,0
P000,Night,35.628,151.475,4,SubBlock,,,,,187.103,151.461,,,,,0.004,0,,-1,-1,,,-1,50,50,0,0
P000,Night,35.628,151.58,4,SubBlock,,,,,187.208,151.566,,,,,0.004,0,,-1,-1,,,-1,50,50,0,0
P000,Night,35.628,151.678,4,SubBlock,,,,,187.306,151.665,,,,,0.004,0,,-1,-1,,,-1,50,50,0,0
P000,Night,35.628,151.777,4,SubBlock,,,,,187.404,151.763,,,,,0.004,0,,-1,-1,,,-1,50,50,0,0
P000,Night,35.628,151.875,4,SubBlock,,,,,187.503,151.861,,,,,0.004,0,,-1,-1,,,-1,50,50,0,0
P000,Night,35.628,151.979,4,SubBlock,,,,,187.607,151.965,,,,,0.004,0,,-1,-1,,,-1,50,50,0,0
P000,Night,35.628,152.077,4,SubBlock,,,,,187.705,152.064,,,,,0.004,0,,-1,-1,,,-1,50,50,0,0
P000,Night,35.628,152.177,4,SubBlock,,,,,187.805,152.164,,,,,0.004,0,,-1,-1,,,-1,50,50,0,0
P000,Night,35.628,152.276,4,SubBlock,,,,,187.904,152.263,,,,,0.004,0,,-1,-1,,,-1,50,50,0,0
P000,Night,35.628,152.379,4,SubBlock,,,,,188.007,152.366,,,,,0.004,0,,-1,-1,,,-1,50,50,0,0
P000,Night,35.628,152.481,4,SubBlock,,,,,188.109,152.467,,,,,0.004,0,,-1,-1,,,-1,50,50,0,0
P000,Night,35.628,152.575,4,SubBlock,,,,,188.203,152.562,,,,,0.004,0,,-1,-1,,,-1,50,50,0,0
P000,Night,35.628,152.679,4,SubBlock,,,,,188.307,152.666,,,,,0.004,0,,-1,-1,,,-1,50,50,0,0
P000,Night,35.628,152.775,4,SubBlock,,,,,188.403,152.761,,,,,0.004,0,,-1,-1,,,-1,50,50,0,0
P000,Night,35.628,152.877,4,SubBlock,,,,,188.505,152.863,,,,,0.004,0,,-1,-1,,,-1,50,50,0,0
P000,Night,35.628,152.978,4,SubBlock,,,,,188.606,152.965,,,,,0.004,0,,-1,-1,,,-1,50,50,0,0
P000,Night,35.628,153.08,4,SubBlock,,,,,188.708,153.067,,,,,0.004,0,,-1,-1,,,-1,50,50,0,0
P000,Night,35.628,153.178,4,SubBlock,,,,,188.806,153.165,,,,,0.004,0,,-1,-1,,,-1,50,50,0,0
P000,Night,35.628,153.276,4,SubBlock,,,,,188.904,153.263,,,,,0.004,0,,-1,-1,,,-1,50,50,0,0
P000,Night,35.628,153.376,4,SubBlock,,,,,189.004,153.363,,,,,0.004,0,,-1,-1,,,-1,50,50,0,0
P000,Night,35.628,153.476,4,SubBlock,,,,,189.104,153.462,,,,,0.004,0,,-1,-1,,,-1,50,50,0,0
P000,Night,35.628,153.578,4,SubBlock,,,,,189.206,153.565,,,,,0.004,0,,-1,-1,,,-1,50,50,0,0
P000,Night,35.628,153.677,4,SubBlock,,,,,189.305,153.664,,,,,0.004,0,,-1,-1,,,-1,50,50,0,0
P000,Night,35.628,153.777,4,SubBlock,,,,,189.405,153.764,,,,,0.004,0,,-1,-1,,,-1,50,50,0,0
P000,Night,35.628,153.88,4,SubBlock,,,,,189.507,153.866,,,,,0.004,0,,-1,-1,,,-1,50,50,0,0
P000,Night,35.628,153.977,4,SubBlock,,,,,189.604,153.963,,,,,0.004,0,,-1,-1,,,-1,50,50,0,0
P000,Night,35.628,154.079,4,SubBlock,,,,,189.706,154.065,,,,,0.004,0,,-1,-1,,,-1,50,50,0,0
P000,Night,35.628,154.181,4,SubBlock,,,,,189.809,154.167,,,,,0.004,0,,-1,-1,,,-1,50,50,0,0
P000,Night,35.628,154.279,4,SubBlock,,,,,189.907,154.266,,,,,0.004,0,,-1,-1,,,-1,50,50,0,0
P000,Night,35.628,154.376,4,SubBlock,,,,,190.004,154.362,,,,,0.004,0,,-1,-1,,,-1,50,50,0,0
P000,Night,35.628,154.478,4,SubBlock,,,,,190.106,154.465,,,,,0.004,0,,-1,-1,,,-1,50,50,0,0
P000,Night,35.628,154.576,4,SubBlock,,,,,190.203,154.562,,,,,0.004,0,,-1,-1,,,-1,50,50,0,0
P000,Night,35.628,154.676,4,SubBlock,,,,,190.304,154.663,,,,,0.004,0,,-1,-1,,,-1,50,50,0,0
P000,Night,35.628,154.779,4,SubBlock,,,,,190.407,154.765,,,,,0.004,0,,-1,-1,,,-1,50,50,0,0
P000,Night,35.628,154.88,4,SubBlock,,,,,190.508,154.866,,,,,0.004,0,,-1,-1,,,-1,50,50,0,0
P000,Night,35.628,154.977,4,SubBlock,,,,,190.604,154.963,,,,,0.004,0,,-1,-1,,,-1,50,50,0,0
P000,Night,35.628,155.079,4,SubBlock,,,,,190.707,155.065,,,,,0.004,0,,-1,-1,,,-1,50,50,0,0
P000,Night,35.628,155.177,4,SubBlock,,,,,190.805,155.163,,,,,0.004,0,,-1,-1,,,-1,50,50,0,0
P000,Night,35.628,155.277,4,SubBlock,,,,,190.905,155.264,,,,,0.004,0,,-1,-1,,,-1,50,50,0,0
P000,Night,35.628,155.376,4,SubBlock,,,,,191.004,155.363,,,,,0.004,0,,-1,-1,,,-1,50,50,0,0
P000,Night,35.628,155.477,4,SubBlock,,,,,191.105,155.463,,,,,0.004,0,,-1,-1,,,-1,50,50,0,0
P000,Night,35.628,155.58,4,SubBlock,,,,,191.207,155.566,,,,,0.004,0,,-1,-1,,,-1,50,50,0,0
P000,Night,35.628,155.677,4,SubBlock,,,,,191.305,155.664,,,,,0.004,0,,-1,-1,,,-1,50,50,0,0
P000,Night,35.628,155.781,4,SubBlock,,,,,191.408,155.767,,,,,0.004,0,,-1,-1,,,-1,50,50,0,0
P000,Night,35.628,155.879,4,SubBlock,,,,,191.506,155.865,,,,,0.004,0,,-1,-1,,,-1,50,50,0,0
P000,Night,35.628,155.977,4,SubBlock,,,,,191.604,155.963,,,,,0.004,0,,-1,-1,,,-1,50,50,0,0
P000,Night,35.628,156.075,4,SubBlock,,,,,191.703,156.062,,,,,0.004,0,,-1,-1,,,-1,50,50,0,0
P000,Night,35.628,156.177,4,SubBlock,,,,,191.805,156.164,,,,,0.004,0,,-1,-1,,,-1,50,50,0,0
P000,Night,35.628,156.281,4,SubBlock,,,,,191.909,156.267,,,,,0.004,0,,-1,-1,,,-1,50,50,0,0
P000,Night,35.628,156.377,4,SubBlock,,,,,192.005,156.363,,,,,0.004,0,,-1,-1,,,-1,50,50,0,0
P000,Night,35.628,156.476,4,SubBlock,,,,,192.104,156.463,,,,,0.004,0,,-1,-1,,,-1,50,50,0,0
P000,Night,35.628,156.575,4,SubBlock,,,,,192.203,156.562,,,,,0.004,0,,-1,-1,,,-1,50,50,0,0
P000,Night,35.628,156.677,4,SubBlock,,,,,192.305,156.664,,,,,0.004,0,,-1,-1,,,-1,50,50,0,0
P000,Night,35.628,156.775,4,SubBlock,,,,,192.403,156.762,,,,,0.004,0,,-1,-1,,,-1,50,50,0,0
P000,Night,35.628,156.876,4,SubBlock,,,,,192.503,156.862,,,,,0.004,0,,-1,-1,,,-1,50,50,0,0
P000,Night,35.628,156.982,4,SubBlock,,,,,192.609,156.968,,,,,0.004,0,,-1,-1,,,-1,50,50,0,0
P000,Night,35.628,157.079,4,SubBlock,,,,,192.707,157.066,,,,,0.004,0,,-1,-1,,,-1,50,50,0,0
P000,Night,35.628,157.177,4,SubBlock,,,,,192.804,157.163,,,,,0.004,0,,-1,-1,,,-1,50,50,0,0
P000,Night,35.628,157.275,4,SubBlock,,,,,192.903,157.262,,,,,0.004,0,,-1,-1,,,-1,50,50,0,0
P000,Night,35.628,157.382,4,SubBlock,,,,,193.01,157.368,,,,,0.004,0,,-1,-1,,,-1,50,50,0,0
P000,Night,35.628,157.48,4,SubBlock,,,,,193.108,157.467,,,,,0.004,0,,-1,-1,,,-1,50,50,0,0
P000,Night,35.628,157.581,4,SubBlock,,,,,193.208,157.567,,,,,0.004,0,,-1,-1,,,-1,50,50,0,0
P000,Night,35.628,157.677,4,SubBlock,,,,,193.305,157.663,,,,,0.004,0,,-1,-1,,,-1,50,50,0,0
P000,Night,35.628,157.778,4,SubBlock,,,,,193.406,157.765,,,,,0.004,0,,-1,-1,,,-1,50,50,0,0
P000,Night,35.628,157.876,4,SubBlock,,,,,193.504,157.862,,,,,0.004,0,,-1,-1,,,-1,50,50,0,0
P000,Night,35.628,157.983,4,SubBlock,,,,,193.61,157.969,,,,,0.004,0,,-1,-1,,,-1,50,50,0,0
P000,Night,35.628,158.076,4,SubBlock,,,,,193.704,158.063,,,,,0.004,0,,-1,-1,,,-1,50,50,0,0
P000,Night,35.628,158.176,4,SubBlock,,,,,193.804,158.162,,,,,0.004,0,,-1,-1,,,-1,50,50,0,0
P000,Night,35.628,158.277,4,SubBlock,,,,,193.904,158.263,,,,,0.004,0,,-1,-1,,,-1,50,50,0,0
P000,Night,35.628,158.378,4,SubBlock,,,,,194.006,158.365,,,,,0.004,0,,-1,-1,,,-1,50,50,0,0
P000,Night,35.628,158.479,4,SubBlock,,,,,194.107,158.465,,,,,0.004,0,,-1,-1,,,-1,50,50,0,0
P000,Night,35.628,158.577,4,SubBlock,,,,,194.205,158.564,,,,,0.004,0,,-1,-1,,,-1,50,50,0,0
P000,Night,35.628,158.676,4,SubBlock,,,,,194.303,158.662,,,,,0.004,0,,-1,-1,,,-1,50,50,0,0
P000,Night,35.628,158.78,4,SubBlock,,,,,194.408,158.767,,,,,0.004,0,,-1,-1,,,-1,50,50,0,0
P000,Night,35.628,158.878,4,SubBlock,,,,,194.506,158.865,,,,,0.004,0,,-1,-1,,,-1,50,50,0,0
P000,Night,35.628,158.981,4,SubBlock,,,,,194.608,158.967,,,,,0.004,0,,-1,-1,,,-1,50,50,0,0
P000,Night,35.628,159.079,4,SubBlock,,,,,194.707,159.066,,,,,0.004,0,,-1,-1,,,-1,50,50,0,0
P000,Night,35.628,159.18,4,SubBlock,,,,,194.807,159.166,,,,,0.004,0,,-1,-1,,,-1,50,50,0,0
P000,Night,35.628,159.281,4,SubBlock,,,,,194.909,159.268,,,,,0.004,0,,-1,-1,,,-1,50,50,0,0
P000,Night,35.628,159.375,4,SubBlock,,,,,195.003,159.362,,,,,0.004,0,,-1,-1,,,-1,50,50,0,0
P000,Night,35.628,159.478,4,SubBlock,,,,,195.106,159.464,,,,,0.004,0,,-1,-1,,,-1,50,50,0,0
P000,Night,35.628,159.579,4,SubBlock,,,,,195.207,159.565,,,,,0.004,0,,-1,-1,,,-1,50,50,0,0
P000,Night,35.628,159.678,4,SubBlock,,,,,195.306,159.665,,,,,0.004,0,,-1,-1,,,-1,50,50,0,0
P000,Night,35.628,159.782,4,SubBlock,,,,,195.409,159.768,,,,,0.004,0,,-1,-1,,,-1,50,50,0,0
P000,Night,35.628,159.878,4,SubBlock,,,,,195.505,159.864,,,,,0.004,0,,-1,-1,,,-1,50,50,0,0
P000,Night,35.628,159.976,4,SubBlock,,,,,195.604,159.963,,,,,0.004,0,,-1,-1,,,-1,50,50,0,0
P000,Night,35.628,160.077,4,SubBlock,,,,,195.705,160.063,,,,,0.004,0,,-1,-1,,,-1,50,50,0,0
P000,Night,35.628,160.177,4,SubBlock,,,,,195.804,160.163,,,,,0.004,0,,-1,-1,,,-1,50,50,0,0
P000,Night,35.628,160.275,4,SubBlock,,,,,195.903,160.262,,,,,0.004,0,,-1,-1,,,-1,50,50,0,0
P000,Night,35.628,160.378,4,SubBlock,,,,,196.006,160.365,,,,,0.004,0,,-1,-1,,,-1,50,50,0,0
P000,Night,35.628,160.479,4,SubBlock,,,,,196.107,160.465,,,,,0.004,0,,-1,-1,,,-1,50,50,0,0
P000,Night,35.628,160.579,4,SubBlock,,,,,196.207,160.566,,,,,0.004,0,,-1,-1,,,-1,50,50,0,0
P000,Night,35.628,160.681,4,SubBlock,,,,,196.309,160.667,,,,,0.004,0,,-1,-1,,,-1,50,50,0,0
P000,Night,35.628,160.776,4,SubBlock,,,,,196.404,160.762,,,,,0.004,0,,-1,-1,,,-1,50,50,0,0
P000,Night,35.628,160.877,4,SubBlock,,,,,196.505,160.863,,,,,0.004,0,,-1,-1,,,-1,50,50,0,0
P000,Night,35.628,160.979,4,SubBlock,,,,,196.607,160.966,,,,,0.004,0,,-1,-1,,,-1,50,50,0,0
P000,Night,35.628,161.08,4,SubBlock,,,,,196.707,161.066,,,,,0.004,0,,-1,-1,,,-1,50,50,0,0
P000,Night,35.628,161.182,4,SubBlock,,,,,196.81,161.169,,,,,0.004,0,,-1,-1,,,-1,50,50,0,0
P000,Night,35.628,161.279,4,SubBlock,,,,,196.906,161.265,,,,,0.004,0,,-1,-1,,,-1,50,50,0,0
P000,Night,35.628,161.379,4,SubBlock,,,,,197.007,161.365,,,,,0.004,0,,-1,-1,,,-1,50,50,0,0
P000,Night,35.628,161.478,4,SubBlock,,,,,197.106,161.464,,,,,0.004,0,,-1,-1,,,-1,50,50,0,0
P000,Night,35.628,161.577,4,SubBlock,,,,,197.205,161.564,,,,,0.004,0,,-1,-1,,,-1,50,50,0,0
P000,Night,35.628,161.676,4,SubBlock,,,,,197.304,161.663,,,,,0.004,0,,-1,-1,,,-1,50,50,0,0
P000,Night,35.628,161.779,4,SubBlock,,,,,197.407,161.766,,,,,0.004,0,,-1,-1,,,-1,50,50,0,0
P000,Night,35.628,161.876,4,SubBlock,,,,,197.504,161.863,,,,,0.004,0,,-1,-1,,,-1,50,50,0,0
P000,Night,35.628,161.977,4,SubBlock,,,,,197.604,161.963,,,,,0.004,0,,-1,-1,,,-1,50,50,0,0
P000,Night,35.628,162.078,4,SubBlock,,,,,197.706,162.064,,,,,0.004,0,,-1,-1,,,-1,50,50,0,0
P000,Night,35.628,162.176,4,SubBlock,,,,,197.804,162.163,,,,,0.004,0,,-1,-1,,,-1,50,50,0,0
P000,Night,35.628,162.277,4,SubBlock,,,,,197.905,162.263,,,,,0.004,0,,-1,-1,,,-1,50,50,0,0
P000,Night,35.628,162.376,4,SubBlock,,,,,198.004,162.363,,,,,0.004,0,,-1,-1,,,-1,50,50,0,0
P000,Night,35.628,162.479,4,SubBlock,,,,,198.107,162.466,,,,,0.004,0,,-1,-1,,,-1,50,50,0,0
P000,Night,35.628,162.578,4,SubBlock,,,,,198.206,162.564,,,,,0.004,0,,-1,-1,,,-1,50,50,0,0
P000,Night,35.628,162.677,4,SubBlock,,,,,198.305,162.663,,,,,0.004,0,,-1,-1,,,-1,50,50,0,0
P000,Night,35.628,162.776,4,SubBlock,,,,,198.404,162.762,,,,,0.004,0,,-1,-1,,,-1,50,50,0,0
P000,Night,35.628,162.877,4,SubBlock,,,,,198.505,162.864,,,,,0.004,0,,-1,-1,,,-1,50,50,0,0
P000,Night,35.628,162.976,4,SubBlock,,,,,198.604,162.963,,,,,0.004,0,,-1,-1,,,-1,50,50,0,0
P000,Night,35.628,163.08,4,SubBlock,,,,,198.707,163.066,,,,,0.004,0,,-1,-1,,,-1,50,50,0,0
P000,Night,35.628,163.176,4,SubBlock,,,,,198.803,163.162,,,,,0.004,0,,-1,-1,,,-1,50,50,0,0
P000,Night,35.628,163.281,4,SubBlock,,,,,198.909,163.267,,,,,0.004,0,,-1,-1,,,-1,50,50,0,0
P000,Night,35.628,163.378,4,SubBlock,,,,,199.006,163.364,,,,,0.004,0,,-1,-1,,,-1,50,50,0,0
P000,Night,35.628,163.476,4,SubBlock,,,,,199.104,163.462,,,,,0.004,0,,-1,-1,,,-1,50,50,0,0
P000,Night,35.628,163.58,4,SubBlock,,,,,199.208,163.566,,,,,0.004,0,,-1,-1,,,-1,50,50,0,0
P000,Night,35.628,163.68,4,SubBlock,,,,,199.307,163.666,,,,,0.004,0,,-1,-1,,,-1,50,50,0,0
P000,Night,35.628,163.778,4,SubBlock,,,,,199.406,163.765,,,,,0.004,0,,-1,-1,,,-1,50,50,0,0
P000,Night,35.628,163.876,4,SubBlock,,,,,199.504,163.862,,,,,0.004,0,,-1,-1,,,-1,50,50,0,0
P000,Night,35.628,163.977,4,SubBlock,,,,,199.605,163.963,,,,,0.004,0,,-1,-1,,,-1,50,50,0,0
P000,Night,35.628,164.076,4,SubBlock,,,,,199.703,164.062,,,,,0.004,0,,-1,-1,,,-1,50,50,0,0
P000,Night,35.628,164.179,4,SubBlock,,,,,199.806,164.165,,,,,0.004,0,,-1,-1,,,-1,50,50,0,0
P000,Night,35.628,164.281,4,SubBlock,,,,,199.909,164.267,,,,,0.004,0,,-1,-1,,,-1,50,50,0,0
P000,Night,35.628,164.376,4,SubBlock,,,,,200.004,164.363,,,,,0.004,0,,-1,-1,,,-1,50,50,0,0
P000,Night,35.628,164.478,4,SubBlock,,,,,200.106,164.465,,,,,0.004,0,,-1,-1,,,-1,50,50,0,0
P000,Night,35.628,164.579,4,SubBlock,,,,,200.207,164.566,,,,,0.004,0,,-1,-1,,,-1,50,50,0,0
P000,Night,35.628,164.676,4,SubBlock,,,,,200.304,164.663,,,,,0.004,0,,-1,-1,,,-1,50,50,0,0
P000,Night,35.628,164.781,4,SubBlock,,,,,200.409,164.767,,,,,0.004,0,,-1,-1,,,-1,50,50,0,0
P000,Night,35.628,164.878,4,SubBlock,,,,,200.506,164.865,,,,,0.004,0,,-1,-1,,,-1,50,50,0,0
P000,Night,35.628,164.981,4,SubBlock,,,,,200.609,164.968,,,,,0.004,0,,-1,-1,,,-1,50,50,0,0
P000,Night,35.628,165.078,4,SubBlock,,,,,200.706,165.065,,,,,0.004,0,,-1,-1,,,-1,50,50,0,0
P000,Night,35.628,165.176,4,SubBlock,,,,,200.804,165.163,,,,,0.004,0,,-1,-1,,,-1,50,50,0,0
P000,Night,35.628,165.278,4,SubBlock,,,,,200.906,165.264,,,,,0.004,0,,-1,-1,,,-1,50,50,0,0
P000,Night,35.628,165.377,4,SubBlock,,,,,201.004,165.363,,,,,0.004,0,,-1,-1,,,-1,50,50,0,0
P000,Night,35.628,165.482,4,SubBlock,,,,,201.11,165.469,,,,,0.004,0,,-1,-1,,,-1,50,50,0,0
P000,Night,35.628,165.578,4,SubBlock,,,,,201.206,165.565,,,,,0.004,0,,-1,-1,,,-1,50,50,0,0
P000,Night,35.628,165.679,4,SubBlock,,,,,201.307,165.666,,,,,0.004,0,,-1,-1,,,-1,50,50,0,0
P000,Night,35.628,165.776,4,SubBlock,,,,,201.404,165.763,,,,,0.004,0,,-1,-1,,,-1,50,50,0,0
P000,Night,35.628,165.88,4,SubBlock,,,,,201.508,165.866,,,,,0.004,0,,-1,-1,,,-1,50,50,0,0
P000,Night,35.628,165.98,4,SubBlock,,,,,201.608,165.966,,,,,0.004,0,,-1,-1,,,-1,50,50,0,0
P000,Night,35.628,166.078,4,SubBlock,,,,,201.705,166.064,,,,,0.004,0,,-1,-1,,,-1,50,50,0,0
P000,Night,35.628,166.181,4,SubBlock,,,,,201.809,166.167,,,,,0.004,0,,-1,-1,,,-1,50,50,0,0
P000,Night,35.628,166.278,4,SubBlock,,,,,201.905,166.264,,,,,0.004,0,,-1,-1,,,-1,50,50,0,0
P000,Night,35.628,166.378,4,SubBlock,,,,,202.005,166.364,,,,,0.004,0,,-1,-1,,,-1,50,50,0,0
P000,Night,35.628,166.478,4,SubBlock,,,,,202.105,166.464,,,,,0.004,0,,-1,-1,,,-1,50,50,0,0
P000,Night,35.628,166.581,4,SubBlock,,,,,202.209,166.567,,,,,0.004,0,,-1,-1,,,-1,50,50,0,0
P000,Night,35.628,166.677,4,SubBlock,,,,,202.305,166.664,,,,,0.004,0,,-1,-1,,,-1,50,50,0,0
P000,Night,35.628,166.778,4,SubBlock,,,,,202.406,166.765,,,,,0.004,0,,-1,-1,,,-1,50,50,0,0
P000,Night,35.628,166.879,4,SubBlock,,,,,202.507,166.865,,,,,0.004,0,,-1,-1,,,-1,50,50,0,0
P000,Night,35.628,166.98,4,SubBlock,,,,,202.607,166.966,,,,,0.004,0,,-1,-1,,,-1,50,50,0,0
P000,Night,35.628,167.078,4,SubBlock,,,,,202.706,167.065,,,,,0.004,0,,-1,-1,,,-1,50,50,0,0
P000,Night,35.628,167.181,4,SubBlock,,,,,202.809,167.168,,,,,0.004,0,,-1,-1,,,-1,50,50,0,0
P000,Night,35.628,167.277,4,SubBlock,,,,,202.905,167.263,,,,,0.004,0,,-1,-1,,,-1,50,50,0,0
P000,Night,35.628,167.378,4,SubBlock,,,,,203.006,167.365,,,,,0.004,0,,-1,-1,,,-1,50,50,0,0
P000,Night,35.628,167.48,4,SubBlock,,,,,203.108,167.466,,,,,0.004,0,,-1,-1,,,-1,50,50,0,0
P000,Night,35.628,167.582,4,SubBlock,,,,,203.21,167.569,,,,,0.004,0,,-1,-1,,,-1,50,50,0,0
P000,Night,35.628,167.678,4,SubBlock,,,,,203.306,167.665,,,,,0.004,0,,-1,-1,,,-1,50,50,0,0
P000,Night,35.628,167.779,4,SubBlock,,,,,203.406,167.765,,,,,0.004,0,,-1,-1,,,-1,50,50,0,0
P000,Night,35.628,167.88,4,SubBlock,,,,,203.507,167.866,,,,,0.004,0,,-1,-1,,,-1,50,50,0,0
P000,Night,35.628,167.978,4,SubBlock,,,,,203.606,167.965,,,,,0.004,0,,-1,-1,,,-1,50,50,0,0
P000,Night,35.628,168.08,4,SubBlock,,,,,203.708,168.067,,,,,0.004,0,,-1,-1,,,-1,50,50,0,0
P000,Night,35.628,168.179,4,SubBlock,,,,,203.807,168.165,,,,,0.004,0,,-1,-1,,,-1,50,50,0,0
P000,Night,35.628,168.279,4,SubBlock,,,,,203.907,168.266,,,,,0.004,0,,-1,-1,,,-1,50,50,0,0
P000,Night,35.628,168.376,4,SubBlock,,,,,204.004,168.363,,,,,0.004,0,,-1,-1,,,-1,50,50,0,0
P000,Night,35.628,168.482,4,SubBlock,,,,,204.11,168.469,,,,,0.004,0,,-1,-1,,,-1,50,50,0,0
P000,Night,35.628,168.577,4,SubBlock,,,,,204.205,168.564,,,,,0.004,0,,-1,-1,,,-1,50,50,0,0
P000,Night,35.628,168.68,4,SubBlock,,,,,204.307,168.666,,,,,0.004,0,,-1,-1,,,-1,50,50,0,0
P000,Night,35.628,168.779,4,SubBlock,,,,,204.407,168.765,,,,,0.004,0,,-1,-1,,,-1,50,50,0,0
P000,Night,35.628,168.879,4,SubBlock,,,,,204.507,168.865,,,,,0.004,0,,-1,-1,,,-1,50,50,0,0
P000,Night,35.628,168.981,4,SubBlock,,,,,204.609,168.968,,,,,0.004,0,,-1,-1,,,-1,50,50,0,0
P000,Night,35.628,169.078,4,SubBlock,,,,,204.706,169.064,,,,,0.004,0,,-1,-1,,,-1,50,50,0,0
P000,Night,35.628,169.177,4,SubBlock,,,,,204.805,169.164,,,,,0.004,0,,-1,-1,,,-1,50,50,0,0
P000,Night,35.628,169.279,4,SubBlock,,,,,204.907,169.266,,,,,0.004,0,,-1,-1,,,-1,50,50,0,0
P000,Night,35.628,169.38,4,SubBlock,,,,,205.008,169.366,,,,,0.004,0,,-1,-1,,,-1,50,50,0,0
P000,Night,35.628,169.477,4,SubBlock,,,,,205.104,169.463,,,,,0.004,0,,-1,-1,,,-1,50,50,0,0
P000,Night,35.628,169.579,4,SubBlock,,,,,205.206,169.565,,,,,0.004,0,,-1,-1,,,-1,50,50,0,0
P000,Night,35.628,169.678,4,SubBlock,,,,,205.306,169.665,,,,,0.004,0,,-1,-1,,,-1,50,50,0,0
P000,Night,35.628,169.778,4,SubBlock,,,,,205.406,169.765,,,,,0.004,0,,-1,-1,,,-1,50,50,0,0
P000,Night,35.628,169.878,4,SubBlock,,,,,205.506,169.864,,,,,0.004,0,,-1,-1,,,-1,50,50,0,0
P000,Night,35.628,169.98,4,SubBlock,,,,,205.608,169.966,,,,,0.004,0,,-1,-1,,,-1,50,50,0,0
P000,Night,35.628,170.081,4,SubBlock,,,,,205.709,170.067,,,,,0.004,0,,-1,-1,,,-1,50,50,0,0
P000,Night,35.628,170.18,4,SubBlock,,,,,205.808,170.167,,,,,0.004,0,,-1,-1,,,-1,50,50,0,0
P000,Night,35.628,170.28,4,SubBlock,,,,,205.908,170.267,,,,,0.004,0,,-1,-1,,,-1,50,50,0,0
P000,Night,35.628,170.377,4,SubBlock,,,,,206.005,170.363,,,,,0.004,0,,-1,-1,,,-1,50,50,0,0
P000,Night,35.628,170.479,4,SubBlock,,,,,206.106,170.465,,,,,0.004,0,,-1,-1,,,-1,50,50,0,0
P000,Night,35.628,170.58,4,SubBlock,,,,,206.207,170.566,,,,,0.004,0,,-1,-1,,,-1,50,50,0,0
P000,Night,35.628,170.68,4,SubBlock,,,,,206.308,170.667,,,,,0.004,0,,-1,-1,,,-1,50,50,0,0
P000,Night,35.628,170.781,4,SubBlock,,,,,206.409,170.767,,,,,0.004,0,,-1,-1,,,-1,50,50,0,0
P000,Night,35.628,170.878,4,SubBlock,,,,,206.506,170.864,,,,,0.004,0,,-1,-1,,,-1,50,50,0,0
P000,Night,35.628,170.977,4,SubBlock,,,,,206.605,170.963,,,,,0.004,0,,-1,-1,,,-1,50,50,0,0
P000,Night,35.628,171.08,4,SubBlock,,,,,206.708,171.067,,,,,0.004,0,,-1,-1,,,-1,50,50,0,0
P000,Night,35.628,171.181,4,SubBlock,,,,,206.809,171.167,,,,,0.004,0,,-1,-1,,,-1,50,50,0,0
P000,Night,35.628,171.279,4,SubBlock,,,,,206.907,171.266,,,,,0.004,0,,-1,-1,,,-1,50,50,0,0
P000,Night,35.628,171.38,4,SubBlock,,,,,207.008,171.367,,,,,0.004,0,,-1,-1,,,-1,50,50,0,0
P000,Night,35.628,171.478,4,SubBlock,,,,,207.106,171.464,,,,,0.004,0,,-1,-1,,,-1,50,50,0,0
P000,Night,35.628,171.576,4,SubBlock,,,,,207.204,171.563,,,,,0.004,0,,-1,-1,,,-1,50,50,0,0
P000,Night,35.628,171.677,4,SubBlock,,,,,207.305,171.664,,,,,0.004,0,,-1,-1,,,-1,50,50,0,0
P000,Night,35.628,171.781,4,SubBlock,,,,,207.409,171.768,,,,,0.004,0,,-1,-1,,,-1,50,50,0,0
P000,Night,35.628,171.88,4,SubBlock,,,,,207.508,171.866,,,,,0.004,0,,-1,-1,,,-1,50,50,0,0
P000,Night,35.628,171.978,4,SubBlock,,,,,207.606,171.964,,,,,0.004,0,,-1,-1,,,-1,50,50,0,0
P000,Night,35.628,172.08,4,SubBlock,,,,,207.708,172.067,,,,,0.004,0,,-1,-1,,,-1,50,50,0,0
P000,Night,35.628,172.179,4,SubBlock,,,,,207.807,172.166,,,,,0.004,0,,-1,-1,,,-1,50,50,0,0
P000,Night,35.628,172.277,4,SubBlock,,,,,207.905,172.264,,,,,0.004,0,,-1,-1,,,-1,50,50,0,0
P000,Night,35.628,172.378,4,SubBlock,,,,,208.006,172.365,,,,,0.004,0,,-1,-1,,,-1,50,50,0,0
P000,Night,35.628,172.48,4,SubBlock,,,,,208.107,172.466,,,,,0.004,0,,-1,-1,,,-1,50,50,0,0
P000,Night,35.628,172.577,4,SubBlock,,,,,208.205,172.563,,,,,0.004,0,,-1,-1,,,-1,50,50,0,0
P000,Night,35.628,172.679,4,SubBlock,,,,,208.307,172.666,,,,,0.004,0,,-1,-1,,,-1,50,50,0,0
P000,Night,35.628,172.781,4,SubBlock,,,,,208.409,172.768,,,,,0.004,0,,-1,-1,,,-1,50,50,0,0
P000,Night,35.628,172.88,4,SubBlock,,,,,208.508,172.866,,,,,0.004,0,,-1,-1,,,-1,50,50,0,0
P000,Night,35.628,172.979,4,SubBlock,,,,,208.607,172.965,,,,,0.004,0,,-1,-1,,,-1,50,50,0,0
P000,Night,35.628,173.08,4,SubBlock,,,,,208.707,173.066,,,,,0.004,0,,-1,-1,,,-1,50,50,0,0
P000,Night,35.628,173.179,4,SubBlock,,,,,208.806,173.165,,,,,0.004,0,,-1,-1,,,-1,50,50,0,0
P000,Night,35.628,173.279,4,SubBlock,,,,,208.906,173.265,,,,,0.004,0,,-1,-1,,,-1,50,50,0,0
P000,Night,35.628,173.378,4,SubBlock,,,,,209.006,173.364,,,,,0.004,0,,-1,-1,,,-1,50,50,0,0
P000,Night,35.628,173.48,4,SubBlock,,,,,209.107,173.466,,,,,0.004,0,,-1,-1,,,-1,50,50,0,0
P000,Night,35.628,173.58,4,SubBlock,,,,,209.207,173.566,,,,,0.004,0,,-1,-1,,,-1,50,50,0,0
P000,Night,35.628,173.682,4,SubBlock,,,,,209.309,173.668,,,,,0.004,0,,-1,-1,,,-1,50,50,0,0
P000,Night,35.628,173.777,4,SubBlock,,,,,209.405,173.763,,,,,0.004,0,,-1,-1,,,-1,50,50,0,0
P000,Night,35.628,173.878,4,SubBlock,,,,,209.506,173.865,,,,,0.004,0,,-1,-1,,,-1,50,50,0,0
P000,Night,35.628,173.976,4,SubBlock,,,,,209.604,173.963,,,,,0.004,0,,-1,-1,,,-1,50,50,0,0
P000,Night,35.628,174.077,4,SubBlock,,,,,209.705,174.063,,,,,0.004,0,,-1,-1,,,-1,50,50,0,0
P000,Night,35.628,174.177,4,SubBlock,,,,,209.804,174.163,,,,,0.004,0,,-1,-1,,,-1,50,50,0,0
P000,Night,35.628,174.28,4,SubBlock,,,,,209.907,174.266,,,,,0.004,0,,-1,-1,,,-1,50,50,0,0
P000,Night,35.628,174.378,4,SubBlock,,,,,210.006,174.364,,,,,0.004,0,,-1,-1,,,-1,50,50,0,0
P000,Night,35.628,174.476,4,SubBlock,,,,,210.104,174.463,,,,,0.004,0,,-1,-1,,,-1,50,50,0,0
P000,Night,35.628,174.578,4,SubBlock,,,,,210.206,174.564,,,,,0.004,0,,-1,-1,,,-1,50,50,0,0
P000,Night,35.628,174.679,4,SubBlock,,,,,210.307,174.666,,,,,0.004,0,,-1,-1,,,-1,50,50,0,0
P000,Night,35.628,174.779,4,SubBlock,,,,,210.407,174.766,,,,,0.004,0,,-1,-1,,,-1,50,50,0,0
P000,Night,35.628,174.879,4,SubBlock,,,,,210.507,174.865,,,,,0.004,0,,-1,-1,,,-1,50,50,0,0
P000,Night,35.628,174.979,4,SubBlock,,,,,210.607,174.965,,,,,0.004,0,,-1,-1,,,-1,50,50,0,0
P000,Night,35.628,175.077,4,SubBlock,,,,,210.705,175.063,,,,,0.004,0,,-1,-1,,,-1,50,50,0,0
P000,Night,35.628,175.179,4,SubBlock,,,,,210.807,175.166,,,,,0.004,0,,-1,-1,,,-1,50,50,0,0
P000,Night,35.628,175.279,4,SubBlock,,,,,210.907,175.266,,,,,0.004,0,,-1,-1,,,-1,50,50,0,0
P000,Night,35.628,175.378,4,SubBlock,,,,,211.006,175.364,,,,,0.004,0,,-1,-1,,,-1,50,50,0,0
P000,Night,35.628,175.48,4,SubBlock,,,,,211.107,175.466,,,,,0.004,0,,-1,-1,,,-1,50,50,0,0
P000,Night,35.628,175.577,4,SubBlock,,,,,211.205,175.563,,,,,0.004,0,,-1,-1,,,-1,50,50,0,0
P000,Night,35.628,175.681,4,SubBlock,,,,,211.309,175.668,,,,,0.004,0,,-1,-1,,,-1,50,50,0,0
P000,Night,35.628,175.777,4,SubBlock,,,,,211.404,175.763,,,,,0.004,0,,-1,-1,,,-1,50,50,0,0
P000,Night,35.628,175.881,4,SubBlock,,,,,211.508,175.867,,,,,0.004,0,,-1,-1,,,-1,50,50,0,0
P000,Night,35.628,175.982,4,SubBlock,,,,,211.61,175.969,,,,,0.004,0,,-1,-1,,,-1,50,50,0,0
P000,Night,35.628,176.08,4,SubBlock,,,,,211.708,176.067,,,,,0.004,0,,-1,-1,,,-1,50,50,0,0
P000,Night,35.628,176.177,4,SubBlock,,,,,211.805,176.164,,,,,0.004,0,,-1,-1,,,-1,50,50,0,0
P000,Night,35.628,176.281,4,SubBlock,,,,,211.909,176.267,,,,,0.004,0,,-1,-1,,,-1,50,50,0,0
P000,Night,35.628,176.378,4,SubBlock,,,,,212.006,176.365,,,,,0.004,0,,-1,-1,,,-1,50,50,0,0
P000,Night,35.628,176.479,4,SubBlock,,,,,212.107,176.466,,,,,0.004,0,,-1,-1,,,-1,50,50,0,0
P000,Night,35.628,176.578,4,SubBlock,,,,,212.206,176.564,,,,,0.004,0,,-1,-1,,,-1,50,50,0,0
P000,Night,35.628,176.678,4,SubBlock,,,,,212.306,176.664,,,,,0.004,0,,-1,-1,,,-1,50,50,0,0
P000,Night,35.628,176.777,4,SubBlock,,,,,212.405,176.764,,,,,0.004,0,,-1,-1,,,-1,50,50,0,0
P000,Night,35.628,176.881,4,SubBlock,,,,,212.508,176.867,,,,,0.004,0,,-1,-1,,,-1,50,50,0,0
P000,Night,35.628,176.982,4,SubBlock,,,,,212.61,176.968,,,,,0.004,0,,-1,-1,,,-1,50,50,0,0
P000,Night,35.628,177.077,4,SubBlock,,,,,212.705,177.064,,,,,0.004,0,,-1,-1,,,-1,50,50,0,0
P000,Night,35.628,177.18,4,SubBlock,,,,,212.807,177.166,,,,,0.004,0,,-1,-1,,,-1,50,50,0,0
P000,Night,35.628,177.277,4,SubBlock,,,,,212.905,177.263,,,,,0.004,0,,-1,-1,,,-1,50,50,0,0
P000,Night,35.628,177.377,4,SubBlock,,,,,213.005,177.364,,,,,0.004,0,,-1,-1,,,-1,50,50,0,0
P000,Night,35.628,177.477,4,SubBlock,,,,,213.105,177.464,,,,,0.004,0,,-1,-1,,,-1,50,50,0,0
P000,Night,35.628,177.577,4,SubBlock,,,,,213.205,177.564,,,,,0.004,0,,-1,-1,,,-1,50,50,0,0
P000,Night,35.628,177.68,4,SubBlock,,,,,213.308,177.667,,,,,0.004,0,,-1,-1,,,-1,50,50,0,0
P000,Night,35.628,177.781,4,SubBlock,,,,,213.409,177.767,,,,,0.004,0,,-1,-1,,,-1,50,50,0,0
P000,Night,35.628,177.878,4,SubBlock,,,,,213.505,177.864,,,,,0.004,0,,-1,-1,,,-1,50,50,0,0
P000,Night,35.628,177.977,4,SubBlock,,,,,213.605,177.964,,,,,0.004,0,,-1,-1,,,-1,50,50,0,0
P000,Night,35.628,178.082,4,SubBlock,,,,,213.71,178.069,,,,,0.004,0,,-1,-1,,,-1,50,50,0,0
P000,Night,35.628,178.18,4,SubBlock,,,,,213.807,178.166,,,,,0.004,0,,-1,-1,,,-1,50,50,0,0
P000,Night,35.628,178.278,4,SubBlock,,,,,213.906,178.265,,,,,0.004,0,,-1,-1,,,-1,50,50,0,0
P000,Night,35.628,178.377,4,SubBlock,,,,,214.005,178.364,,,,,0.004,0,,-1,-1,,,-1,50,50,0,0
P000,Night,35.628,178.48,4,SubBlock,,,,,214.108,178.466,,,,,0.004,0,,-1,-1,,,-1,50,50,0,0
P000,Night,35.628,178.577,4,SubBlock,,,,,214.205,178.563,,,,,0.004,0,,-1,-1,,,-1,50,50,0,0
P000,Night,35.628,178.677,4,SubBlock,,,,,214.305,178.664,,,,,0.004,0,,-1,-1,,,-1,50,50,0,0
P000,Night,35.628,178.782,4,SubBlock,,,,,214.41,178.769,,,,,0.004,0,,-1,-1,,,-1,50,50,0,0
P000,Night,35.628,178.884,4,SubBlock,,,,,214.512,178.871,,,,,0.004,0,,-1,-1,,,-1,50,50,0,0
P000,Night,35.628,178.978,4,SubBlock,,,,,214.605,178.964,,,,,0.004,0,,-1,-1,,,-1,50,50,0,0
P000,Night,35.628,179.081,4,SubBlock,,,,,214.708,179.067,,,,,0.004,0,,-1,-1,,,-1,50,50,0,0
P000,Night,35.628,179.181,4,SubBlock,,,,,214.808,179.167,,,,,0.004,0,,-1,-1,,,-1,50,50,0,0
P000,Night,35.628,179.28,4,SubBlock,,,,,214.908,179.267,,,,,0.004,0,,-1,-1,,,-1,50,50,0,0
P000,Night,35.628,179.381,4,SubBlock,,,,,215.008,179.367,,,,,0.004,0,,-1,-1,,,-1,50,50,0,0
P000,Night,35.628,179.48,4,SubBlock,,,,,215.108,179.467,,,,,0.004,0,,-1,-1,,,-1,50,50,0,0
P000,Night,35.628,179.579,4,SubBlock,,,,,215.207,179.565,,,,,0.004,0,,-1,-1,,,-1,50,50,0,0
P000,Night,35.628,179.679,4,SubBlock,,,,,215.306,179.665,,,,,0.004,0,,-1,-1,,,-1,50,50,0,0
P000,Night,35.628,179.777,4,SubBlock,,,,,215.405,179.764,,,,,0.004,0,,-1,-1,,,-1,50,50,0,0
P000,Night,35.628,179.878,4,SubBlock,,,,,215.506,179.865,,,,,0.004,0,,-1,-1,,,-1,50,50,0,0
P000,Night,35.628,179.981,4,SubBlock,,,,,215.608,179.967,,,,,0.004,0,,-1,-1,,,-1,50,50,0,0
P000,Night,35.628,180.079,4,SubBlock,,,,,215.707,180.066,,,,,0.004,0,,-1,-1,,,-1,50,50,0,0
P000,Night,35.628,180.178,4,SubBlock,,,,,215.805,180.164,,,,,0.004,0,,-1,-1,,,-1,50,50,0,0
P000,Night,35.628,180.278,4,SubBlock,,,,,215.905,180.264,,,,,0.004,0,,-1,-1,,,-1,50,50,0,0
P000,Night,35.628,180.379,4,SubBlock,,,,,216.007,180.365,,,,,0.004,0,,-1,-1,,,-1,50,50,0,0
P000,Night,35.628,180.483,4,SubBlock,,,,,216.11,180.469,,,,,0.004,0,,-1,-1,,,-1,50,50,0,0
P000,Night,35.628,180.581,4,SubBlock,,,,,216.208,180.567,,,,,0.004,0,,-1,-1,,,-1,50,50,0,0
P000,Night,35.628,180.68,4,SubBlock,,,,,216.307,180.666,,,,,0.004,0,,-1,-1,,,-1,50,50,0,0
P000,Night,35.628,180.778,4,SubBlock,,,,,216.405,180.764,,,,,0.004,0,,-1,-1,,,-1,50,50,0,0
P000,Night,35.628,180.88,4,SubBlock,,,,,216.507,180.866,,,,,0.004,0,,-1,-1,,,-1,50,50,0,0
P000,Night,35.628,180.978,4,SubBlock,,,,,216.606,180.964,,,,,0.004,0,,-1,-1,,,-1,50,50,0,0
P000,Night,35.628,181.079,4,SubBlock,,,,,216.706,181.065,,,,,0.004,0,,-1,-1,,,-1,50,50,0,0
P000,Night,35.628,181.179,4,SubBlock,,,,,216.807,181.166,,,,,0.004,0,,-1,-1,,,-1,50,50,0,0
P000,Night,35.628,181.279,4,SubBlock,,,,,216.907,181.266,,,,,0.004,0,,-1,-1,,,-1,50,50,0,0
P000,Night,35.628,181.383,4,SubBlock,,,,,217.011,181.369,,,,,0.004,0,,-1,-1,,,-1,50,50,0,0
P000,Night,35.628,181.479,4,SubBlock,,,,,217.106,181.465,,,,,0.004,0,,-1,-1,,,-1,50,50,0,0
P000,Night,35.628,181.579,4,SubBlock,,,,,217.207,181.565,,,,,0.004,0,,-1,-1,,,-1,50,50,0,0
P000,Night,35.628,181.679,4,SubBlock,,,,,217.307,181.666,,,,,0.004,0,,-1,-1,,,-1,50,50,0,0
P000,Night,35.628,181.781,4,SubBlock,,,,,217.409,181.767,,,,,0.004,0,,-1,-1,,,-1,50,50,0,0
P000,Night,35.628,181.886,4,SubBlock,,,,,217.514,181.872,,,,,0.004,0,,-1,-1,,,-1,50,50,0,0
P000,Night,35.628,181.98,4,SubBlock,,,,,217.608,181.966,,,,,0.004,0,,-1,-1,,,-1,50,50,0,0
P000,Night,35.628,182.081,4,SubBlock,,,,,217.709,182.067,,,,,0.004,0,,-1,-1,,,-1,50,50,0,0
P000,Night,35.628,182.181,4,SubBlock,,,,,217.809,182.167,,,,,0.004,0,,-1,-1,,,-1,50,50,0,0
P000,Night,35.628,182.279,4,SubBlock,,,,,217.907,182.265,,,,,0.004,0,,-1,-1,,,-1,50,50,0,0
P000,Night,35.628,182.38,4,SubBlock,,,,,218.008,182.367,,,,,0.004,0,,-1,-1,,,-1,50,50,0,0
P000,Night,35.628,182.478,4,SubBlock,,,,,218.106,182.464,,,,,0.004,0,,-1,-1,,,-1,50,50,0,0
P000,Night,35.628,182.578,4,SubBlock,,,,,218.206,182.565,,,,,0.004,0,,-1,-1,,,-1,50,50,0,0
P000,Night,35.628,182.679,4,SubBlock,,,,,218.307,182.666,,,,,0.004,0,,-1,-1,,,-1,50,50,0,0
P000,Night,35.628,182.78,4,SubBlock,,,,,218.408,182.767,,,,,0.004,0,,-1,-1,,,-1,50,50,0,0
P000,Night,35.628,182.879,4,SubBlock,,,,,218.507,182.865,,,,,0.004,0,,-1,-1,,,-1,50,50,0,0
P000,Night,35.628,182.98,4,SubBlock,,,,,218.608,182.967,,,,,0.004,0,,-1,-1,,,-1,50,50,0,0
P000,Night,35.628,183.08,4,SubBlock,,,,,218.707,183.066,,,,,0.004,0,,-1,-1,,,-1,50,50,0,0
P000,Night,35.628,183.18,4,SubBlock,,,,,218.808,183.167,,,,,0.004,0,,-1,-1,,,-1,50,50,0,0
P000,Night,35.628,183.28,4,SubBlock,,,,,218.908,183.267,,,,,0.004,0,,-1,-1,,,-1,50,50,0,0
P000,Night,35.628,183.379,4,SubBlock,,,,,219.007,183.366,,,,,0.004,0,,-1,-1,,,-1,50,50,0,0
P000,Night,35.628,183.479,4,SubBlock,,,,,219.107,183.466,,,,,0.004,0,,-1,-1,,,-1,50,50,0,0
P000,Night,35.628,183.579,4,SubBlock,,,,,219.207,183.565,,,,,0.004,0,,-1,-1,,,-1,50,50,0,0
P000,Night,35.628,183.677,4,SubBlock,,,,,219.305,183.663,,,,,0.004,0,,-1,-1,,,-1,50,50,0,0
P000,Night,35.628,183.78,4,SubBlock,,,,,219.407,183.766,,,,,0.004,0,,-1,-1,,,-1,50,50,0,0
P000,Night,35.628,183.879,4,SubBlock,,,,,219.506,183.865,,,,,0.004,0,,-1,-1,,,-1,50,50,0,0
P000,Night,35.628,183.98,4,SubBlock,,,,,219.608,183.966,,,,,0.004,0,,-1,-1,,,-1,50,50,0,0
P000,Night,35.628,184.081,4,SubBlock,,,,,219.709,184.067,,,,,0.004,0,,-1,-1,,,-1,50,50,0,0
P000,Night,35.628,184.18,4,SubBlock,,,,,219.807,184.166,,,,,0.004,0,,-1,-1,,,-1,50,50,0,0
P000,Night,35.628,184.281,4,SubBlock,,,,,219.909,184.267,,,,,0.004,0,,-1,-1,,,-1,50,50,0,0
P000,Night,35.628,184.378,4,SubBlock,,,,,220.006,184.365,,,,,0.004,0,,-1,-1,,,-1,50,50,0,0
P000,Night,35.628,184.477,4,SubBlock,,,,,220.105,184.464,,,,,0.004,0,,-1,-1,,,-1,50,50,0,0
P000,Night,35.628,184.577,4,SubBlock,,,,,220.205,184.564,,,,,0.004,0,,-1,-1,,,-1,50,50,0,0
P000,Night,35.628,184.68,4,SubBlock,,,,,220.308,184.666,,,,,0.004,0,,-1,-1,,,-1,50,50,0,0
P000,Night,35.628,184.78,4,SubBlock,,,,,220.407,184.766,,,,,0.004,0,,-1,-1,,,-1,50,50,0,0
P000,Night,35.628,184.878,4,SubBlock,,,,,220.506,184.864,,,,,0.004,0,,-1,-1,,,-1,50,50,0,0
P000,Night,35.628,184.981,4,SubBlock,,,,,220.609,184.967,,,,,0.004,0,,-1,-1,,,-1,50,50,0,0
P000,Night,35.628,185.08,4,SubBlock,,,,,220.708,185.067,,,,,0.004,0,,-1,-1,,,-1,50,50,0,0
P000,Night,35.628,185.179,4,SubBlock,,,,,220.807,185.166,,,,,0.004,0,,-1,-1,,,-1,50,50,0,0
P000,Night,35.628,185.28,4,SubBlock,,,,,220.908,185.267,,,,,0.004,0,,-1,-1,,,-1,50,50,0,0
P000,Night,35.628,185.381,4,SubBlock,,,,,221.008,185.367,,,,,0.004,0,,-1,-1,,,-1,50,50,0,0
P000,Night,35.628,185.479,4,SubBlock,,,,,221.106,185.465,,,,,0.004,0,,-1,-1,,,-1,50,50,0,0
P000,Night,35.628,185.58,4,SubBlock,,,,,221.208,185.567,,,,,0.004,0,,-1,-1,,,-1,50,50,0,0
P000,Night,35.628,185.678,4,SubBlock,,,,,221.306,185.665,,,,,0.004,0,,-1,-1,,,-1,50,50,0,0
P000,Night,35.628,185.78,4,SubBlock,,,,,221.408,185.767,,,,,0.004,0,,-1,-1,,,-1,50,50,0,0
P000,Night,35.628,185.88,4,SubBlock,,,,,221.508,185.867,,,,,0.004,0,,-1,-1,,,-1,50,50,0,0
P000,Night,35.628,185.98,4,SubBlock,,,,,221.608,185.966,,,,,0.004,0,,-1,-1,,,-1,50,50,0,0
P000,Night,35.628,186.08,4,SubBlock,,,,,221.708,186.066,,,,,0.004,0,,-1,-1,,,-1,50,50,0,0
P000,Night,35.628,186.177,4,SubBlock,,,,,221.805,186.164,,,,,0.004,0,,-1,-1,,,-1,50,50,0,0
P000,Night,35.628,186.278,4,SubBlock,,,,,221.906,186.265,,,,,0.004,0,,-1,-1,,,-1,50,50,0,0
P000,Night,35.628,186.379,4,SubBlock,,,,,222.006,186.365,,,,,0.004,0,,-1,-1,,,-1,50,50,0,0
P000,Night,35.628,186.481,4,SubBlock,,,,,222.108,186.467,,,,,0.004,0,,-1,-1,,,-1,50,50,0,0
P000,Night,35.628,186.578,4,SubBlock,,,,,222.205,186.564,,,,,0.004,0,,-1,-1,,,-1,50,50,0,0
P000,Night,35.628,186.679,4,SubBlock,,,,,222.307,186.666,,,,,0.004,0,,-1,-1,,,-1,50,50,0,0
P000,Night,35.628,186.78,4,SubBlock,,,,,222.408,186.767,,,,,0.004,0,,-1,-1,,,-1,50,50,0,0
P000,Night,35.628,186.879,4,SubBlock,,,,,222.506,186.865,,,,,0.004,0,,-1,-1,,,-1,50,50,0,0
P000,Night,35.628,186.98,4,SubBlock,,,,,222.608,186.967,,,,,0.004,0,,-1,-1,,,-1,50,50,0,0
P000,Night,35.628,187.079,4,SubBlock,,,,,222.706,187.065,,,,,0.004,0,,-1,-1,,,-1,50,50,0,0
P000,Night,35.628,187.179,4,SubBlock,,,,,222.806,187.165,,,,,0.004,0,,-1,-1,,,-1,50,50,0,0
P000,Night,35.628,187.279,4,SubBlock,,,,,222.907,187.266,,,,,0.004,0,,-1,-1,,,-1,50,50,0,0
P000,Night,35.628,187.381,4,SubBlock,,,,,223.009,187.368,,,,,0.004,0,,-1,-1,,,-1,50,50,0,0
P000,Night,35.628,187.48,4,SubBlock,,,,,223.107,187.466,,,,,0.004,0,,-1,-1,,,-1,50,50,0,0
P000,Night,35.628,187.58,4,SubBlock,,,,,223.208,187.567,,,,,0.004,0,,-1,-1,,,-1,50,50,0,0
P000,Night,35.628,187.68,4,SubBlock,,,,,223.307,187.666,,,,,0.004,0,,-1,-1,,,-1,50,50,0,0
P000,Night,35.628,187.781,4,SubBlock,,,,,223.408,187.767,,,,,0.004,0,,-1,-1,,,-1,50,50,0,0
P000,Night,35.628,187.881,4,SubBlock,,,,,223.509,187.867,,,,,0.004,0,,-1,-1,,,-1,50,50,0,0
P000,Night,35.628,187.979,4,SubBlock,,,,,223.607,187.966,,,,,0.004,0,,-1,-1,,,-1,50,50,0,0
P000,Night,35.628,188.08,4,SubBlock,,,,,223.707,188.066,,,,,0.004,0,,-1,-1,,,-1,50,50,0,0
P000,Night,35.628,188.18,4,SubBlock,,,,,223.808,188.167,,,,,0.004,0,,-1,-1,,,-1,50,50,0,0
P000,Night,35.628,188.278,4,SubBlock,,,,,223.906,188.265,,,,,0.004,0,,-1,-1,,,-1,50,50,0,0
P000,Night,35.628,188.384,4,SubBlock,,,,,224.011,188.37,,,,,0.004,0,,-1,-1,,,-1,50,50,0,0
P000,Night,35.628,188.48,4,SubBlock,,,,,224.108,188.467,,,,,0.004,0,,-1,-1,,,-1,50,50,0,0
P000,Night,35.628,188.58,4,SubBlock,,,,,224.207,188.566,,,,,0.004,0,,-1,-1,,,-1,50,50,0,0
P000,Night,35.628,188.68,4,SubBlock,,,,,224.307,188.666,,,,,0.004,0,,-1,-1,,,-1,50,50,0,0
P000,Night,35.628,188.781,4,SubBlock,,,,,224.409,188.768,,,,,0.004,0,,-1,-1,,,-1,50,50,0,0
P000,Night,35.628,188.878,4,SubBlock,,,,,224.506,188.865,,,,,0.004,0,,-1,-1,,,-1,50,50,0,0
P000,Night,35.628,188.979,4,SubBlock,,,,,224.607,188.966,,,,,0.004,0,,-1,-1,,,-1,50,50,0,0
P000,Night,35.628,189.081,4,SubBlock,,,,,224.708,189.067,,,,,0.004,0,,-1,-1,,,-1,50,50,0,0
P000,Night,35.628,189.179,4,SubBlock,,,,,224.806,189.165,,,,,0.004,0,,-1,-1,,,-1,50,50,0,0
P000,Night,35.628,189.279,4,SubBlock,,,,,224.906,189.265,,,,,0.004,0,,-1,-1,,,-1,50,50,0,0
P000,Night,35.628,189.378,4,SubBlock,,,,,225.006,189.365,,,,,0.004,0,,-1,-1,,,-1,50,50,0,0
P000,Night,35.628,189.477,4,SubBlock,,,,,225.105,189.464,,,,,0.004,0,,-1,-1,,,-1,50,50,0,0
P000,Night,35.628,189.578,4,SubBlock,,,,,225.206,189.564,,,,,0.004,0,,-1,-1,,,-1,50,50,0,0
P000,Night,35.628,189.68,4,SubBlock,,,,,225.308,189.667,,,,,0.004,0,,-1,-1,,,-1,50,50,0,0
P000,Night,35.628,189.779,4,SubBlock,,,,,225.406,189.765,,,,,0.004,0,,-1,-1,,,-1,50,50,0,0
P000,Night,35.628,189.88,4,SubBlock,,,,,225.508,189.867,,,,,0.004,0,,-1,-1,,,-1,50,50,0,0
P000,Night,35.628,189.979,4,SubBlock,,,,,225.607,189.965,,,,,0.004,0,,-1,-1,,,-1,50,50,0,0
P000,Night,35.628,190.079,4,SubBlock,,,,,225.707,190.065,,,,,0.004,0,,-1,-1,,,-1,50,50,0,0
P000,Night,35.628,190.179,4,SubBlock,,,,,225.807,190.166,,,,,0.004,0,,-1,-1,,,-1,50,50,0,0
P000,Night,35.628,190.281,4,SubBlock,,,,,225.908,190.267,,,,,0.004,0,,-1,-1,,,-1,50,50,0,0
P000,Night,35.628,190.378,4,SubBlock,,,,,226.006,190.364,,,,,0.004,0,,-1,-1,,,-1,50,50,0,0
P000,Night,35.628,190.48,4,SubBlock,,,,,226.108,190.467,,,,,0.004,0,,-1,-1,,,-1,50,50,0,0
P000,Night,35.628,190.581,4,SubBlock,,,,,226.209,190.567,,,,,0.004,0,,-1,-1,,,-1,50,50,0,0
P000,Night,35.628,190.681,4,SubBlock,,,,,226.309,190.668,,,,,0.004,0,,-1,-1,,,-1,50,50,0,0
P000,Night,35.628,190.78,4,SubBlock,,,,,226.408,190.767,,,,,0.004,0,,-1,-1,,,-1,50,50,0,0
P000,Night,35.628,190.881,4,SubBlock,,,,,226.509,190.868,,,,,0.004,0,,-1,-1,,,-1,50,50,0,0
P000,Night,35.628,190.978,4,SubBlock,,,,,226.606,190.964,,,,,0.004,0,,-1,-1,,,-1,50,50,0,0
P000,Night,35.628,191.08,4,SubBlock,,,,,226.707,191.066,,,,,0.004,0,,-1,-1,,,-1,50,50,0,0
P000,Night,35.628,191.18,4,SubBlock,,,,,226.808,191.166,,,,,0.004,0,,-1,-1,,,-1,50,50,0,0
P000,Night,35.628,191.278,4,SubBlock,,,,,226.905,191.264,,,,,0.004,0,,-1,-1,,,-1,50,50,0,0
P000,Night,35.628,191.381,4,SubBlock,,,,,227.008,191.367,,,,,0.004,0,,-1,-1,,,-1,50,50,0,0
P000,Night,35.628,191.479,4,SubBlock,,,,,227.107,191.466,,,,,0.004,0,,-1,-1,,,-1,50,50,0,0
P000,Night,35.628,191.583,4,SubBlock,,,,,227.211,191.57,,,,,0.004,0,,-1,-1,,,-1,50,50,0,0
P000,Night,35.628,191.681,4,SubBlock,,,,,227.309,191.668,,,,,0.004,0,,-1,-1,,,-1,50,50,0,0
P000,Night,35.628,191.781,4,SubBlock,,,,,227.408,191.767,,,,,0.004,0,,-1,-1,,,-1,50,50,0,0
P000,Night,35.628,191.879,4,SubBlock,,,,,227.507,191.865,,,,,0.004,0,,-1,-1,,,-1,50,50,0,0
P000,Night,35.628,191.978,4,SubBlock,,,,,227.606,191.964,,,,,0.004,0,,-1,-1,,,-1,50,50,0,0
P000,Night,35.628,192.081,4,SubBlock,,,,,227.708,192.067,,,,,0.004,0,,-1,-1,,,-1,50,50,0,0
P000,Night,35.628,192.18,4,SubBlock,,,,,227.808,192.166,,,,,0.004,0,,-1,-1,,,-1,50,50,0,0
P000,Night,35.628,192.28,4,SubBlock,,,,,227.907,192.266,,,,,0.004,0,,-1,-1,,,-1,50,50,0,0
P000,Night,35.628,192.377,4,SubBlock,,,,,228.005,192.364,,,,,0.004,0,,-1,-1,,,-1,50,50,0,0
P000,Night,35.628,192.48,4,SubBlock,,,,,228.108,192.466,,,,,0.004,0,,-1,-1,,,-1,50,50,0,0
P000,Night,35.628,192.579,4,SubBlock,,,,,228.207,192.566,,,,,0.004,0,,-1,-1,,,-1,50,50,0,0
P000,Night,35.628,192.68,4,SubBlock,,,,,228.308,192.667,,,,,0.004,0,,-1,-1,,,-1,50,50,0,0
P000,Night,35.628,192.779,4,SubBlock,,,,,228.406,192.765,,,,,0.004,0,,-1,-1,,,-1,50,50,0,0
P000,Night,35.628,192.881,4,SubBlock,,,,,228.509,192.868,,,,,0.004,0,,-1,-1,,,-1,50,50,0,0
P000,Night,35.628,192.982,4,SubBlock,,,,,228.609,192.968,,,,,0.004,0,,-1,-1,,,-1,50,50,0,0
P000,Night,35.628,193.081,4,SubBlock,,,,,228.709,193.068,,,,,0.004,0,,-1,-1,,,-1,50,50,0,0
P000,Night,35.628,193.18,4,SubBlock,,,,,228.808,193.167,,,,,0.004,0,,-1,-1,,,-1,50,50,0,0
P000,Night,35.628,193.28,4,SubBlock,,,,,228.908,193.266,,,,,0.004,0,,-1,-1,,,-1,50,50,0,0
P000,Night,35.628,193.379,4,SubBlock,,,,,229.007,193.366,,,,,0.004,0,,-1,-1,,,-1,50,50,0,0
P000,Night,35.628,193.48,4,SubBlock,,,,,229.108,193.467,,,,,0.004,0,,-1,-1,,,-1,50,50,0,0
P000,Night,35.628,193.578,4,SubBlock,,,,,229.206,193.565,,,,,0.004,0,,-1,-1,,,-1,50,50,0,0
P000,Night,35.628,193.679,4,SubBlock,,,,,229.307,193.665,,,,,0.004,0,,-1,-1,,,-1,50,50,0,0
P000,Night,35.628,193.779,4,SubBlock,,,,,229.407,193.766,,,,,0.004,0,,-1,-1,,,-1,50,50,0,0
P000,Night,35.628,193.879,4,SubBlock,,,,,229.507,193.865,,,,,0.004,0,,-1,-1,,,-1,50,50,0,0
P000,Night,35.628,193.978,4,SubBlock,,,,,229.606,193.965,,,,,0.004,0,,-1,-1,,,-1,50,50,0,0
P000,Night,35.628,194.079,4,SubBlock,,,,,229.707,194.065,,,,,0.004,0,,-1,-1,,,-1,50,50,0,0
P000,Night,35.628,194.181,4,SubBlock,,,,,229.809,194.168,,,,,0.004,0,,-1,-1,,,-1,50,50,0,0
P000,Night,35.628,194.278,4,SubBlock,,,,,229.906,194.264,,,,,0.004,0,,-1,-1,,,-1,50,50,0,0
P000,Night,35.628,194.379,4,SubBlock,,,,,230.006,194.365,,,,,0.004,0,,-1,-1,,,-1,50,50,0,0
P000,Night,35.628,194.478,4,SubBlock,,,,,230.105,194.464,,,,,0.004,0,,-1,-1,,,-1,50,50,0,0
P000,Night,35.628,194.579,4,SubBlock,,,,,230.207,194.566,,,,,0.004,0,,-1,-1,,,-1,50,50,0,0
P000,Night,35.628,194.679,4,SubBlock,,,,,230.306,194.665,,,,,0.004,0,,-1,-1,,,-1,50,50,0,0
P000,Night,35.628,194.781,4,SubBlock,,,,,230.409,194.767,,,,,0.004,0,,-1,-1,,,-1,50,50,0,0
P000,Night,35.628,194.878,4,SubBlock,,,,,230.505,194.864,,,,,0.004,0,,-1,-1,,,-1,50,50,0,0
P000,Night,35.628,194.979,4,SubBlock,,,,,230.606,194.965,,,,,0.004,0,,-1,-1,,,-1,50,50,0,0
P000,Night,35.628,195.078,4,SubBlock,,,,,230.706,195.064,,,,,0.004,0,,-1,-1,,,-1,50,50,0,0
P000,Night,35.628,195.181,4,SubBlock,,,,,230.808,195.167,,,,,0.004,0,,-1,-1,,,-1,50,50,0,0
P000,Night,35.628,195.279,4,SubBlock,,,,,230.907,195.266,,,,,0.004,0,,-1,-1,,,-1,50,50,0,0
P000,Night,35.628,195.38,4,SubBlock,,,,,231.007,195.366,,,,,0.004,0,,-1,-1,,,-1,50,50,0,0
P000,Night,35.628,195.48,4,SubBlock,,,,,231.107,195.466,,,,,0.004,0,,-1,-1,,,-1,50,50,0,0
P000,Night,35.628,195.579,4,SubBlock,,,,,231.207,195.566,,,,,0.004,0,,-1,-1,,,-1,50,50,0,0
P000,Night,35.628,195.681,4,SubBlock,,,,,231.309,195.667,,,,,0.004,0,,-1,-1,,,-1,50,50,0,0
P000,Night,35.628,195.779,4,SubBlock,,,,,231.406,195.765,,,,,0.004,0,,-1,-1,,,-1,50,50,0,0
P000,Night,35.628,195.878,4,SubBlock,,,,,231.506,195.865,,,,,0.004,0,,-1,-1,,,-1,50,50,0,0
P000,Night,35.628,195.981,4,SubBlock,,,,,231.609,195.967,,,,,0.004,0,,-1,-1,,,-1,50,50,0,0
P000,Night,35.628,196.08,4,SubBlock,,,,,231.708,196.067,,,,,0.004,0,,-1,-1,,,-1,50,50,0,0
P000,Night,35.628,196.178,4,SubBlock,,,,,231.805,196.164,,,,,0.004,0,,-1,-1,,,-1,50,50,0,0
P000,Night,35.628,196.28,4,SubBlock,,,,,231.908,196.266,,,,,0.004,0,,-1,-1,,,-1,50,50,0,0
P000,Night,35.628,196.38,4,SubBlock,,,,,232.008,196.366,,,,,0.004,0,,-1,-1,,,-1,50,50,0,0
P000,Night,35.628,196.481,4,SubBlock,,,,,232.109,196.468,,,,,0.004,0,,-1,-1,,,-1,50,50,0,0
P000,Night,35.628,196.581,4,SubBlock,,,,,232.208,196.567,,,,,0.004,0,,-1,-1,,,-1,50,50,0,0
P000,Night,35.628,196.679,4,SubBlock,,,,,232.307,196.666,,,,,0.004,0,,-1,-1,,,-1,50,50,0,0
P000,Night,35.628,196.781,4,SubBlock,,,,,232.408,196.767,,,,,0.004,0,,-1,-1,,,-1,50,50,0,0
