ParticipantID,Block,TrialIndex,TrialType,Expectancy,SignalColor,MergeSide,TimeAbsolute,TimeRelative,X,Y,Z,LaneDeviation,SpeedMPH,TrialEnded,TrialEndReason,TrialEndTimeAbs,TrialEndTimeRel,MergeCueTimeRel,DriverResponseTimeRel,ReactionTime,ResponseType,SurveyQuestion,SurveyResponse,SurveyRT
1,Night,0,Practice,Expected,Red,Left,13.48,0.00,0.0000,0.8583,-0.0025,0.0000,3.35,1,Manual_P,81.90,68.42,-1.000,-1.000,-1.000,None,What was the color of the REAR turn signal?,Amber,8.629
1,Night,0,Practice,Expected,Red,Left,13.48,0.00,0.0000,0.8583,-0.0025,0.0000,3.35,1,Manual_P,81.90,68.42,-1.000,-1.000,-1.000,None,What was the color of the REAR turn signal?,Amber,8.629
1,Night,0,Practice,Expected,Red,Left,13.59,0.10,0.0000,0.8467,-0.0025,0.0000,0.19,1,Manual_P,81.90,68.42,-1.000,-1.000,-1.000,None,What was the color of the REAR turn signal?,Amber,8.629
1,Night,0,Practice,Expected,Red,Left,13.70,0.21,0.0000,0.8576,-0.0025,0.0000,0.22,1,Manual_P,81.90,68.42,-1.000,-1.000,-1.000,None,What was the color of the REAR turn signal?,Amber,8.629
1,Night,0,Practice,Expected,Red,Left,13.80,0.32,0.0000,0.8660,-0.0025,0.0000,0.13,1,Manual_P,81.90,68.42,-1.000,-1.000,-1.000,None,What was the color of the REAR turn signal?,Amber,8.629
1,Night,0,Practice,Expected,Red,Left,13.90,0.42,0.0000,0.8700,-0.0025,0.0000,0.04,1,Manual_P,81.90,68.42,-1.000,-1.000,-1.000,None,What was the color of the REAR turn signal?,Amber,8.629
1,Night,0,Practice,Expected,Red,Left,14.01,0.52,0.0000,0.8706,-0.0025,0.0000,0.01,1,Manual_P,81.90,68.42,-1.000,-1.000,-1.000,None,What was the color of the REAR turn signal?,Amber,8.629
1,Night,0,Practice,Expected,Red,Left,14.11,0.63,0.0000,0.8695,-0.0025,0.0000,0.03,1,Manual_P,81.90,68.42,-1.000,-1.000,-1.000,None,What was the color of the REAR turn signal?,Amber,8.629
1,Night,0,Practice,Expected,Red,Left,14.22,0.74,0.0000,0.8682,-0.0025,0.0000,0.02,1,Manual_P,81.90,68.42,-1.000,-1.000,-1.000,None,What was the color of the REAR turn signal?,Amber,8.629
1,Night,0,Practice,Expected,Red,Left,14.33,0.85,0.0000,0.8675,-0.0025,0.0000,0.01,1,Manual_P,81.90,68.42,-1.000,-1.000,-1.000,None,What was the color of the REAR turn signal?,Amber,8.629
1,Night,0,Practice,Expected,Red,Left,14.44,0.96,0.0000,0.8673,-0.0025,0.0000,0.00,1,Manual_P,81.90,68.42,-1.000,-1.000,-1.000,None,What was the color of the REAR turn signal?,Amber,8.629
1,Night,0,Practice,Expected,Red,Left,14.54,1.06,0.0000,0.8674,-0.0025,0.0000,0.00,1,Manual_P,81.90,68.42,-1.000,-1.000,-1.000,None,What was the color of the REAR turn signal?,Amber,8.629
1,Night,0,Practice,Expected,Red,Left,14.65,1.17,0.0000,0.8675,-0.0025,0.0000,0.00,1,Manual_P,81.90,68.42,-1.000,-1.000,-1.000,None,What was the color of the REAR turn signal?,Amber,8.629
1,Night,0,Practice,Expected,Red,Left,14.76,1.27,0.0000,0.8676,-0.0025,0.0000,0.00,1,Manual_P,81.90,68.42,-1.000,-1.000,-1.000,None,What was the color of the REAR turn signal?,Amber,8.629
1,Night,0,Practice,Expected,Red,Left,14.86,1.38,0.0000,0.8677,-0.0025,0.0000,0.00,1,Manual_P,81.90,68.42,-1.000,-1.000,-1.000,None,What was the color of the REAR turn signal?,Amber,8.629
1,Night,0,Practice,Expected,Red,Left,14.97,1.48,0.0000,0.8677,-0.0025,0.0000,0.00,1,Manual_P,81.90,68.42,-1.000,-1.000,-1.000,None,What was the color of the REAR turn signal?,Amber,8.629
1,Night,0,Practice,Expected,Red,Left,15.07,1.59,0.0000,0.8677,-0.0025,0.0000,0.00,1,Manual_P,81.90,68.42,-1.000,-1.000,-1.000,None,What was the color of the REAR turn signal?,Amber,8.629
1,Night,0,Practice,Expected,Red,Left,15.17,1.69,0.0000,0.8677,-0.0016,0.0000,0.08,1,Manual_P,81.90,68.42,-1.000,-1.000,-1.000,None,What was the color of the REAR turn signal?,Amber,8.629
1,Night,0,Practice,Expected,Red,Left,15.28,1.79,0.0000,0.8676,0.0070,0.0000,0.34,1,Manual_P,81.90,68.42,-1.000,-1.000,-1.000,None,What was the color of the REAR turn signal?,Amber,8.629
1,Night,0,Practice,Expected,Red,Left,15.39,1.90,0.0000,0.8676,0.0358,0.0000,0.88,1,Manual_P,81.90,68.42,-1.000,-1.000,-1.000,None,What was the color of the REAR turn signal?,Amber,8.629
1,Night,0,Practice,Expected,Red,Left,15.50,2.01,0.0000,0.8676,0.0952,0.0000,1.56,1,Manual_P,81.90,68.42,-1.000,-1.000,-1.000,None,What was the color of the REAR turn signal?,Amber,8.629
1,Night,0,Practice,Expected,Red,Left,15.60,2.12,-0.0001,0.8676,0.1897,-0.0001,2.35,1,Manual_P,81.90,68.42,-1.000,-1.000,-1.000,None,What was the color of the REAR turn signal?,Amber,8.629
1,Night,0,Practice,Expected,Red,Left,15.72,2.23,-0.0001,0.8676,0.3288,-0.0001,3.13,1,Manual_P,81.90,68.42,-1.000,-1.000,-1.000,None,What was the color of the REAR turn signal?,Amber,8.629
1,Night,0,Practice,Expected,Red,Left,15.82,2.34,-0.0002,0.8676,0.4873,-0.0002,3.80,1,Manual_P,81.90,68.42,-1.000,-1.000,-1.000,None,What was the color of the REAR turn signal?,Amber,8.629
1,Night,0,Practice,Expected,Red,Left,15.93,2.45,-0.0002,0.8676,0.6937,-0.0002,4.47,1,Manual_P,81.90,68.42,-1.000,-1.000,-1.000,None,What was the color of the REAR turn signal?,Amber,8.629
1,Night,0,Practice,Expected,Red,Left,16.04,2.55,-0.0003,0.8676,0.9193,-0.0003,5.26,1,Manual_P,81.90,68.42,-1.000,-1.000,-1.000,None,What was the color of the REAR turn signal?,Amber,8.629
1,Night,0,Practice,Expected,Red,Left,16.14,2.66,-0.0004,0.8676,1.1854,-0.0004,5.93,1,Manual_P,81.90,68.42,-1.000,-1.000,-1.000,None,What was the color of the REAR turn signal?,Amber,8.629
1,Night,0,Practice,Expected,Red,Left,16.25,2.76,-0.0005,0.8676,1.4737,-0.0005,6.60,1,Manual_P,81.90,68.42,-1.000,-1.000,-1.000,None,What was the color of the REAR turn signal?,Amber,8.629
1,Night,0,Practice,Expected,Red,Left,16.35,2.87,-0.0006,0.8676,1.8051,-0.0006,7.38,1,Manual_P,81.90,68.42,-1.000,-1.000,-1.000,None,What was the color of the REAR turn signal?,Amber,8.629
1,Night,0,Practice,Expected,Red,Left,16.46,2.98,-0.0007,0.8676,2.1826,-0.0007,8.06,1,Manual_P,81.90,68.42,-1.000,-1.000,-1.000,None,What was the color of the REAR turn signal?,Amber,8.629
1,Night,0,Practice,Expected,Red,Left,16.57,3.08,-0.0008,0.8676,2.5811,-0.0008,8.84,1,Manual_P,81.90,68.42,-1.000,-1.000,-1.000,None,What was the color of the REAR turn signal?,Amber,8.629
1,Night,0,Practice,Expected,Red,Left,16.67,3.18,-0.0010,0.8676,2.9931,-0.0010,9.51,1,Manual_P,81.90,68.42,-1.000,-1.000,-1.000,None,What was the color of the REAR turn signal?,Amber,8.629
1,Night,0,Practice,Expected,Red,Left,16.77,3.29,-0.0011,0.8676,3.4423,-0.0011,10.18,1,Manual_P,81.90,68.42,-1.000,-1.000,-1.000,None,What was the color of the REAR turn signal?,Amber,8.629
1,Night,0,Practice,Expected,Red,Left,16.87,3.39,-0.0050,0.8676,3.9170,-0.0050,10.85,1,Manual_P,81.90,68.42,-1.000,-1.000,-1.000,None,What was the color of the REAR turn signal?,Amber,8.629
1,Night,0,Practice,Expected,Red,Left,16.97,3.49,-0.0106,0.8679,4.4240,-0.0106,11.52,1,Manual_P,81.90,68.42,-1.000,-1.000,-1.000,None,What was the color of the REAR turn signal?,Amber,8.629
1,Night,0,Practice,Expected,Red,Left,17.08,3.60,-0.0144,0.8686,4.9969,-0.0144,12.19,1,Manual_P,81.90,68.42,-1.000,-1.000,-1.000,None,What was the color of the REAR turn signal?,Amber,8.629
1,Night,0,Practice,Expected,Red,Left,17.19,3.71,-0.0180,0.8686,5.6063,-0.0180,12.97,1,Manual_P,81.90,68.42,-1.000,-1.000,-1.000,None,What was the color of the REAR turn signal?,Amber,8.629
1,Night,0,Practice,Expected,Red,Left,17.30,3.82,-0.0216,0.8684,6.2564,-0.0216,13.64,1,Manual_P,81.90,68.42,-1.000,-1.000,-1.000,None,What was the color of the REAR turn signal?,Amber,8.629
1,Night,0,Practice,Expected,Red,Left,17.41,3.92,-0.0255,0.8682,6.9451,-0.0255,14.42,1,Manual_P,81.90,68.42,-1.000,-1.000,-1.000,None,What was the color of the REAR turn signal?,Amber,8.629
1,Night,0,Practice,Expected,Red,Left,17.51,4.03,-0.0269,0.8681,7.6303,-0.0269,15.09,1,Manual_P,81.90,68.42,-1.000,-1.000,-1.000,None,What was the color of the REAR turn signal?,Amber,8.629
1,Night,0,Practice,Expected,Red,Left,17.61,4.13,-0.0119,0.8681,8.3209,-0.0119,15.73,1,Manual_P,81.90,68.42,-1.000,-1.000,-1.000,None,What was the color of the REAR turn signal?,Amber,8.629
1,Night,0,Practice,Expected,Red,Left,17.72,4.23,0.0127,0.8681,9.0729,0.0127,16.51,1,Manual_P,81.90,68.42,-1.000,-1.000,-1.000,None,What was the color of the REAR turn signal?,Amber,8.629
1,Night,0,Practice,Expected,Red,Left,17.83,4.34,0.0336,0.8681,9.9037,0.0336,17.18,1,Manual_P,81.90,68.42,-1.000,-1.000,-1.000,None,What was the color of the REAR turn signal?,Amber,8.629
1,Night,0,Practice,Expected,Red,Left,17.93,4.45,0.0526,0.8681,10.7142,0.0526,17.85,1,Manual_P,81.90,68.42,-1.000,-1.000,-1.000,None,What was the color of the REAR turn signal?,Amber,8.629
1,Night,0,Practice,Expected,Red,Left,18.03,4.55,0.0656,0.8681,11.5371,0.0656,18.51,1,Manual_P,81.90,68.42,-1.000,-1.000,-1.000,None,What was the color of the REAR turn signal?,Amber,8.629
1,Night,0,Practice,Expected,Red,Left,18.14,4.66,0.0655,0.8681,12.4617,0.0655,19.28,1,Manual_P,81.90,68.42,-1.000,-1.000,-1.000,None,What was the color of the REAR turn signal?,Amber,8.629
1,Night,0,Practice,Expected,Red,Left,18.25,4.77,0.0687,0.8681,13.4383,0.0687,20.06,1,Manual_P,81.90,68.42,-1.000,-1.000,-1.000,None,What was the color of the REAR turn signal?,Amber,8.629
1,Night,0,Practice,Expected,Red,Left,18.36,4.87,0.0673,0.8681,14.3860,0.0673,20.71,1,Manual_P,81.90,68.42,-1.000,-1.000,-1.000,None,What was the color of the REAR turn signal?,Amber,8.629
1,Night,0,Practice,Expected,Red,Left,18.46,4.97,0.0509,0.8681,15.3342,0.0509,21.38,1,Manual_P,81.90,68.42,-1.000,-1.000,-1.000,None,What was the color of the REAR turn signal?,Amber,8.629
1,Night,0,Practice,Expected,Red,Left,18.56,5.07,0.0344,0.8681,16.3138,0.0344,22.05,1,Manual_P,81.90,68.42,-1.000,-1.000,-1.000,None,What was the color of the REAR turn signal?,Amber,8.629
1,Night,0,Practice,Expected,Red,Left,18.66,5.18,0.0178,0.8681,17.3417,0.0178,22.71,1,Manual_P,81.90,68.42,-1.000,-1.000,-1.000,None,What was the color of the REAR turn signal?,Amber,8.629
1,Night,0,Practice,Expected,Red,Left,18.76,5.28,0.0075,0.8681,18.3874,0.0075,23.37,1,Manual_P,81.90,68.42,-1.000,-1.000,-1.000,None,What was the color of the REAR turn signal?,Amber,8.629
1,Night,0,Practice,Expected,Red,Left,18.87,5.38,-0.0061,0.8681,19.5099,-0.0061,24.15,1,Manual_P,81.90,68.42,-1.000,-1.000,-1.000,None,What was the color of the REAR turn signal?,Amber,8.629
1,Night,0,Practice,Expected,Red,Left,18.98,5.49,-0.0220,0.8681,20.6848,-0.0220,24.82,1,Manual_P,81.90,68.42,-1.000,-1.000,-1.000,None,What was the color of the REAR turn signal?,Amber,8.629
1,Night,0,Practice,Expected,Red,Left,19.09,5.60,-0.0392,0.8681,21.9362,-0.0392,25.60,1,Manual_P,81.90,68.42,-1.000,-1.000,-1.000,None,What was the color of the REAR turn signal?,Amber,8.629
1,Night,0,Practice,Expected,Red,Left,19.20,5.71,-0.0567,0.8681,23.2261,-0.0567,26.26,1,Manual_P,81.90,68.42,-1.000,-1.000,-1.000,None,What was the color of the REAR turn signal?,Amber,8.629
1,Night,0,Practice,Expected,Red,Left,19.30,5.82,-0.0672,0.8681,24.4554,-0.0672,27.03,1,Manual_P,81.90,68.42,-1.000,-1.000,-1.000,None,What was the color of the REAR turn signal?,Amber,8.629
1,Night,0,Practice,Expected,Red,Left,19.41,5.93,-0.0653,0.8681,25.7868,-0.0653,27.69,1,Manual_P,81.90,68.42,-1.000,-1.000,-1.000,None,What was the color of the REAR turn signal?,Amber,8.629
1,Night,0,Practice,Expected,Red,Left,19.51,6.03,-0.0636,0.8681,27.0749,-0.0636,28.36,1,Manual_P,81.90,68.42,-1.000,-1.000,-1.000,None,What was the color of the REAR turn signal?,Amber,8.629
1,Night,0,Practice,Expected,Red,Left,19.62,6.13,-0.0662,0.8681,28.4322,-0.0662,29.12,1,Manual_P,81.90,68.42,-1.000,-1.000,-1.000,None,What was the color of the REAR turn signal?,Amber,8.629
1,Night,0,Practice,Expected,Red,Left,19.72,6.24,-0.0843,0.8681,29.8168,-0.0843,29.78,1,Manual_P,81.90,68.42,-1.000,-1.000,-1.000,None,What was the color of the REAR turn signal?,Amber,8.629
1,Night,0,Practice,Expected,Red,Left,19.83,6.35,-0.1025,0.8681,31.3001,-0.1025,30.56,1,Manual_P,81.90,68.42,-1.000,-1.000,-1.000,None,What was the color of the REAR turn signal?,Amber,8.629
1,Night,0,Practice,Expected,Red,Left,19.94,6.45,-0.1202,0.8681,32.7158,-0.1202,31.22,1,Manual_P,81.90,68.42,-1.000,-1.000,-1.000,None,What was the color of the REAR turn signal?,Amber,8.629
1,Night,0,Practice,Expected,Red,Left,20.04,6.56,-0.1348,0.8681,34.1792,-0.1348,31.87,1,Manual_P,81.90,68.42,-1.000,-1.000,-1.000,None,What was the color of the REAR turn signal?,Amber,8.629
1,Night,0,Practice,Expected,Red,Left,20.15,6.67,-0.1283,0.8681,35.7879,-0.1283,32.63,1,Manual_P,81.90,68.42,-1.000,-1.000,-1.000,None,What was the color of the REAR turn signal?,Amber,8.629
1,Night,0,Practice,Expected,Red,Left,20.26,6.77,-0.1181,0.8681,37.3495,-0.1181,33.29,1,Manual_P,81.90,68.42,-1.000,-1.000,-1.000,None,What was the color of the REAR turn signal?,Amber,8.629
1,Night,0,Practice,Expected,Red,Left,20.36,6.88,-0.1066,0.8681,38.8744,-0.1066,33.96,1,Manual_P,81.90,68.42,-1.000,-1.000,-1.000,None,What was the color of the REAR turn signal?,Amber,8.629
1,Night,0,Practice,Expected,Red,Left,20.47,6.99,-0.0882,0.8681,40.5757,-0.0882,34.73,1,Manual_P,81.90,68.42,-1.000,-1.000,-1.000,None,What was the color of the REAR turn signal?,Amber,8.629
1,Night,0,Practice,Expected,Red,Left,20.57,7.09,-0.0657,0.8681,42.1854,-0.0657,35.40,1,Manual_P,81.90,68.42,-1.000,-1.000,-1.000,None,What was the color of the REAR turn signal?,Amber,8.629
1,Night,0,Practice,Expected,Red,Left,20.68,7.20,-0.0503,0.8681,43.9635,-0.0503,36.16,1,Manual_P,81.90,68.42,-1.000,-1.000,-1.000,None,What was the color of the REAR turn signal?,Amber,8.629
1,Night,0,Practice,Expected,Red,Left,20.79,7.30,-0.0367,0.8681,45.6118,-0.0367,36.82,1,Manual_P,81.90,68.42,-1.000,-1.000,-1.000,None,What was the color of the REAR turn signal?,Amber,8.629
1,Night,0,Practice,Expected,Red,Left,20.89,7.40,-0.0217,0.8681,47.2824,-0.0217,37.49,1,Manual_P,81.90,68.42,-1.000,-1.000,-1.000,None,What was the color of the REAR turn signal?,Amber,8.629
1,Night,0,Practice,Expected,Red,Left,20.99,7.51,-0.0074,0.8681,49.0574,-0.0074,38.15,1,Manual_P,81.90,68.42,-1.000,-1.000,-1.000,None,What was the color of the REAR turn signal?,Amber,8.629
1,Night,0,Practice,Expected,Red,Left,21.10,7.62,0.0048,0.8681,50.9436,0.0048,38.93,1,Manual_P,81.90,68.42,-1.000,-1.000,-1.000,None,What was the color of the REAR turn signal?,Amber,8.629
1,Night,0,Practice,Expected,Red,Left,21.20,7.72,0.0133,0.8681,52.6968,0.0133,39.59,1,Manual_P,81.90,68.42,-1.000,-1.000,-1.000,None,What was the color of the REAR turn signal?,Amber,8.629
1,Night,0,Practice,Expected,Red,Left,21.30,7.82,0.0192,0.8681,54.5022,0.0192,40.25,1,Manual_P,81.90,68.42,-1.000,-1.000,-1.000,None,What was the color of the REAR turn signal?,Amber,8.629
1,Night,0,Practice,Expected,Red,Left,21.41,7.93,0.0232,0.8681,56.5405,0.0232,40.92,1,Manual_P,81.90,68.42,-1.000,-1.000,-1.000,None,What was the color of the REAR turn signal?,Amber,8.629
1,Night,0,Practice,Expected,Red,Left,21.52,8.04,0.0248,0.8681,58.5553,0.0248,41.69,1,Manual_P,81.90,68.42,-1.000,-1.000,-1.000,None,What was the color of the REAR turn signal?,Amber,8.629
1,Night,0,Practice,Expected,Red,Left,21.63,8.15,0.0245,0.8681,60.6263,0.0245,42.46,1,Manual_P,81.90,68.42,-1.000,-1.000,-1.000,None,What was the color of the REAR turn signal?,Amber,8.629
1,Night,0,Practice,Expected,Red,Left,21.74,8.25,0.0228,0.8681,62.6050,0.0228,43.13,1,Manual_P,81.90,68.42,-1.000,-1.000,-1.000,None,What was the color of the REAR turn signal?,Amber,8.629
1,Night,0,Practice,Expected,Red,Left,21.84,8.36,0.0199,0.8681,64.6968,0.0199,43.79,1,Manual_P,81.90,68.42,-1.000,-1.000,-1.000,None,What was the color of the REAR turn signal?,Amber,8.629
1,Night,0,Practice,Expected,Red,Left,21.96,8.47,0.0157,0.8681,66.8963,0.0157,44.56,1,Manual_P,81.90,68.42,-1.000,-1.000,-1.000,None,What was the color of the REAR turn signal?,Amber,8.629
1,Night,0,Practice,Expected,Red,Left,22.06,8.58,0.0112,0.8681,68.9588,0.0112,45.22,1,Manual_P,81.90,68.42,-1.000,-1.000,-1.000,None,What was the color of the REAR turn signal?,Amber,8.629
1,Night,0,Practice,Expected,Red,Left,22.17,8.68,0.0057,0.8681,71.1719,0.0057,46.00,1,Manual_P,81.90,68.42,-1.000,-1.000,-1.000,None,What was the color of the REAR turn signal?,Amber,8.629
1,Night,0,Practice,Expected,Red,Left,22.27,8.79,-0.0002,0.8681,73.3308,-0.0002,46.66,1,Manual_P,81.90,68.42,-1.000,-1.000,-1.000,None,What was the color of the REAR turn signal?,Amber,8.629
1,Night,0,Practice,Expected,Red,Left,22.37,8.89,-0.0063,0.8681,75.4495,-0.0063,47.32,1,Manual_P,81.90,68.42,-1.000,-1.000,-1.000,None,What was the color of the REAR turn signal?,Amber,8.629
1,Night,0,Practice,Expected,Red,Left,22.48,9.00,-0.0134,0.8681,77.8266,-0.0134,48.09,1,Manual_P,81.90,68.42,-1.000,-1.000,-1.000,None,What was the color of the REAR turn signal?,Amber,8.629
1,Night,0,Practice,Expected,Red,Left,22.60,9.11,-0.0211,0.8681,80.2868,-0.0211,48.75,1,Manual_P,81.90,68.42,-1.000,-1.000,-1.000,None,What was the color of the REAR turn signal?,Amber,8.629
1,Night,0,Practice,Expected,Red,Left,22.70,9.21,-0.0282,0.8681,82.4899,-0.0282,49.41,1,Manual_P,81.90,68.42,-1.000,-1.000,-1.000,None,What was the color of the REAR turn signal?,Amber,8.629
1,Night,0,Practice,Expected,Red,Left,22.80,9.32,-0.0239,0.8681,84.8144,-0.0239,50.15,1,Manual_P,81.90,68.42,-1.000,-1.000,-1.000,None,What was the color of the REAR turn signal?,Amber,8.629
1,Night,0,Practice,Expected,Red,Left,22.90,9.42,0.0033,0.8681,87.1056,0.0033,50.81,1,Manual_P,81.90,68.42,-1.000,-1.000,-1.000,None,What was the color of the REAR turn signal?,Amber,8.629
1,Night,0,Practice,Expected,Red,Left,23.01,9.52,0.0383,0.8681,89.4358,0.0383,51.47,1,Manual_P,81.90,68.42,-1.000,-1.000,-1.000,None,What was the color of the REAR turn signal?,Amber,8.629
1,Night,0,Practice,Expected,Red,Left,23.11,9.62,0.0832,0.8681,91.7544,0.0832,52.12,1,Manual_P,81.90,68.42,-1.000,-1.000,-1.000,None,What was the color of the REAR turn signal?,Amber,8.629
1,Night,0,Practice,Expected,Red,Left,23.21,9.72,0.1342,0.8681,94.1275,0.1342,52.78,1,Manual_P,81.90,68.42,-1.000,-1.000,-1.000,None,What was the color of the REAR turn signal?,Amber,8.629
1,Night,0,Practice,Expected,Red,Left,23.31,9.83,0.1926,0.8681,96.5618,0.1926,53.40,1,Manual_P,81.90,68.42,-1.000,-1.000,-1.000,None,What was the color of the REAR turn signal?,Amber,8.629
1,Night,0,Practice,Expected,Red,Left,23.41,9.93,0.2630,0.8681,99.0486,0.2630,53.87,1,Manual_P,81.90,68.42,-1.000,-1.000,-1.000,None,What was the color of the REAR turn signal?,Amber,8.629
1,Night,0,Practice,Expected,Red,Left,23.52,10.04,0.3373,0.8681,101.7244,0.3373,54.16,1,Manual_P,81.90,68.42,-1.000,-1.000,-1.000,None,What was the color of the REAR turn signal?,Amber,8.629
1,Night,0,Practice,Expected,Red,Left,23.63,10.15,0.3997,0.8681,104.3409,0.3997,54.23,1,Manual_P,81.90,68.42,-1.000,-1.000,-1.000,None,What was the color of the REAR turn signal?,Amber,8.629
1,Night,0,Practice,Expected,Red,Left,23.74,10.26,0.4596,0.8681,106.9138,0.4596,54.24,1,Manual_P,81.90,68.42,-1.000,-1.000,-1.000,None,What was the color of the REAR turn signal?,Amber,8.629
1,Night,0,Practice,Expected,Red,Left,23.85,10.37,0.5119,0.8681,109.6879,0.5119,54.21,1,Manual_P,81.90,68.42,-1.000,-1.000,-1.000,None,What was the color of the REAR turn signal?,Amber,8.629
1,Night,0,Practice,Expected,Red,Left,23.97,10.48,0.5415,0.8681,112.4153,0.5415,54.19,1,Manual_P,81.90,68.42,-1.000,-1.000,-1.000,None,What was the color of the REAR turn signal?,Amber,8.629
1,Night,0,Practice,Expected,Red,Left,24.08,10.59,0.5568,0.8681,115.0920,0.5568,54.17,1,Manual_P,81.90,68.42,-1.000,-1.000,-1.000,None,What was the color of the REAR turn signal?,Amber,8.629
1,Night,0,Practice,Expected,Red,Left,24.19,10.70,0.5562,0.8681,117.7271,0.5562,54.15,1,Manual_P,81.90,68.42,-1.000,-1.000,-1.000,None,What was the color of the REAR turn signal?,Amber,8.629
1,Night,0,Practice,Expected,Red,Left,24.29,10.81,0.5401,0.8681,120.3468,0.5401,54.18,1,Manual_P,81.90,68.42,-1.000,-1.000,-1.000,None,What was the color of the REAR turn signal?,Amber,8.629
1,Night,0,Practice,Expected,Red,Left,24.40,10.92,0.5085,0.8681,123.0391,0.5085,54.31,1,Manual_P,81.90,68.42,-1.000,-1.000,-1.000,None,What was the color of the REAR turn signal?,Amber,8.629
1,Night,0,Practice,Expected,Red,Left,24.52,11.03,0.4644,0.8681,125.7338,0.4644,54.33,1,Manual_P,81.90,68.42,-1.000,-1.000,-1.000,None,What was the color of the REAR turn signal?,Amber,8.629
1,Night,0,Practice,Expected,Red,Left,24.62,11.14,0.4275,0.8681,128.2482,0.4275,54.32,1,Manual_P,81.90,68.42,-1.000,-1.000,-1.000,None,What was the color of the REAR turn signal?,Amber,8.629
1,Night,0,Practice,Expected,Red,Left,24.73,11.24,0.3929,0.8681,130.8427,0.3929,54.31,1,Manual_P,81.90,68.42,-1.000,-1.000,-1.000,None,What was the color of the REAR turn signal?,Amber,8.629
1,Night,0,Practice,Expected,Red,Left,24.84,11.35,0.3556,0.8681,133.5225,0.3556,54.29,1,Manual_P,81.90,68.42,-1.000,-1.000,-1.000,None,What was the color of the REAR turn signal?,Amber,8.629
1,Night,0,Practice,Expected,Red,Left,24.94,11.46,0.3237,0.8681,136.0519,0.3237,54.28,1,Manual_P,81.90,68.42,-1.000,-1.000,-1.000,None,What was the color of the REAR turn signal?,Amber,8.629
1,Night,0,Practice,Expected,Red,Left,25.04,11.56,0.2978,0.8681,138.5539,0.2978,54.27,1,Manual_P,81.90,68.42,-1.000,-1.000,-1.000,None,What was the color of the REAR turn signal?,Amber,8.629
1,Night,0,Practice,Expected,Red,Left,25.16,11.67,0.2774,0.8681,141.2729,0.2774,54.28,1,Manual_P,81.90,68.42,-1.000,-1.000,-1.000,None,What was the color of the REAR turn signal?,Amber,8.629
1,Night,0,Practice,Expected,Red,Left,25.26,11.77,0.2658,0.8681,143.7411,0.2658,54.41,1,Manual_P,81.90,68.42,-1.000,-1.000,-1.000,None,What was the color of the REAR turn signal?,Amber,8.629
1,Night,0,Practice,Expected,Red,Left,25.37,11.89,0.2605,0.8681,146.4665,0.2605,54.46,1,Manual_P,81.90,68.42,-1.000,-1.000,-1.000,None,What was the color of the REAR turn signal?,Amber,8.629
1,Night,0,Practice,Expected,Red,Left,25.47,11.99,0.2616,0.8681,148.9179,0.2616,54.46,1,Manual_P,81.90,68.42,-1.000,-1.000,-1.000,None,What was the color of the REAR turn signal?,Amber,8.629
1,Night,0,Practice,Expected,Red,Left,25.58,12.10,0.2685,0.8681,151.5917,0.2685,54.45,1,Manual_P,81.90,68.42,-1.000,-1.000,-1.000,None,What was the color of the REAR turn signal?,Amber,8.629
1,Night,0,Practice,Expected,Red,Left,25.69,12.20,0.2797,0.8681,154.1509,0.2797,54.44,1,Manual_P,81.90,68.42,-1.000,-1.000,-1.000,None,What was the color of the REAR turn signal?,Amber,8.629
1,Night,0,Practice,Expected,Red,Left,25.80,12.31,0.2960,0.8681,156.8668,0.2960,54.42,1,Manual_P,81.90,68.42,-1.000,-1.000,-1.000,None,What was the color of the REAR turn signal?,Amber,8.629
1,Night,0,Practice,Expected,Red,Left,25.90,12.42,0.3141,0.8681,159.3544,0.3141,54.41,1,Manual_P,81.90,68.42,-1.000,-1.000,-1.000,None,What was the color of the REAR turn signal?,Amber,8.629
1,Night,0,Practice,Expected,Red,Left,26.00,12.52,0.3354,0.8681,161.9105,0.3354,54.40,1,Manual_P,81.90,68.42,-1.000,-1.000,-1.000,None,What was the color of the REAR turn signal?,Amber,8.629
1,Night,0,Practice,Expected,Red,Left,26.11,12.62,0.3583,0.8681,164.4037,0.3583,54.38,1,Manual_P,81.90,68.42,-1.000,-1.000,-1.000,None,What was the color of the REAR turn signal?,Amber,8.629
1,Night,0,Practice,Expected,Red,Left,26.21,12.73,0.3828,0.8681,166.8882,0.3828,54.42,1,Manual_P,81.90,68.42,-1.000,-1.000,-1.000,None,What was the color of the REAR turn signal?,Amber,8.629
1,Night,0,Practice,Expected,Red,Left,26.31,12.83,0.4097,0.8681,169.4575,0.4097,54.50,1,Manual_P,81.90,68.42,-1.000,-1.000,-1.000,None,What was the color of the REAR turn signal?,Amber,8.629
1,Night,0,Practice,Expected,Red,Left,26.42,12.93,0.4372,0.8681,171.9647,0.4372,54.51,1,Manual_P,81.90,68.42,-1.000,-1.000,-1.000,None,What was the color of the REAR turn signal?,Amber,8.629
1,Night,0,Practice,Expected,Red,Left,26.52,13.04,0.4654,0.8681,174.4556,0.4654,54.50,1,Manual_P,81.90,68.42,-1.000,-1.000,-1.000,None,What was the color of the REAR turn signal?,Amber,8.629
1,Night,0,Practice,Expected,Red,Left,26.62,13.14,0.4947,0.8681,177.0124,0.4947,54.49,1,Manual_P,81.90,68.42,-1.000,-1.000,-1.000,None,What was the color of the REAR turn signal?,Amber,8.629
1,Night,0,Practice,Expected,Red,Left,26.73,13.25,0.5102,0.8681,179.5526,0.5102,54.45,1,Manual_P,81.90,68.42,-1.000,-1.000,-1.000,None,What was the color of the REAR turn signal?,Amber,8.629
1,Night,0,Practice,Expected,Red,Left,26.83,13.35,0.5100,0.8681,182.0475,0.5100,54.44,1,Manual_P,81.90,68.42,-1.000,-1.000,-1.000,None,What was the color of the REAR turn signal?,Amber,8.629
1,Night,0,Practice,Expected,Red,Left,26.94,13.45,0.5038,0.8681,184.6353,0.5038,54.42,1,Manual_P,81.90,68.42,-1.000,-1.000,-1.000,None,What was the color of the REAR turn signal?,Amber,8.629
1,Night,0,Practice,Expected,Red,Left,27.04,13.56,0.4875,0.8681,187.1876,0.4875,54.41,1,Manual_P,81.90,68.42,-1.000,-1.000,-1.000,None,What was the color of the REAR turn signal?,Amber,8.629
1,Night,0,Practice,Expected,Red,Left,27.15,13.66,0.4589,0.8681,189.7582,0.4589,54.39,1,Manual_P,81.90,68.42,-1.000,-1.000,-1.000,None,What was the color of the REAR turn signal?,Amber,8.629
1,Night,0,Practice,Expected,Red,Left,27.26,13.77,0.4165,0.8681,192.3800,0.4165,54.37,1,Manual_P,81.90,68.42,-1.000,-1.000,-1.000,None,What was the color of the REAR turn signal?,Amber,8.629
1,Night,0,Practice,Expected,Red,Left,27.37,13.88,0.3602,0.8681,195.0628,0.3602,54.35,1,Manual_P,81.90,68.42,-1.000,-1.000,-1.000,None,What was the color of the REAR turn signal?,Amber,8.629
1,Night,0,Practice,Expected,Red,Left,27.47,13.99,0.2966,0.8681,197.5840,0.2966,54.34,1,Manual_P,81.90,68.42,-1.000,-1.000,-1.000,None,What was the color of the REAR turn signal?,Amber,8.629
1,Night,0,Practice,Expected,Red,Left,27.57,14.09,0.2241,0.8681,200.0972,0.2241,54.32,1,Manual_P,81.90,68.42,-1.000,-1.000,-1.000,None,What was the color of the REAR turn signal?,Amber,8.629
1,Night,0,Practice,Expected,Red,Left,27.68,14.19,0.1450,0.8681,202.5822,0.1450,54.31,1,Manual_P,81.90,68.42,-1.000,-1.000,-1.000,None,What was the color of the REAR turn signal?,Amber,8.629
1,Night,0,Practice,Expected,Red,Left,27.79,14.30,0.0521,0.8681,205.2901,0.0521,54.29,1,Manual_P,81.90,68.42,-1.000,-1.000,-1.000,None,What was the color of the REAR turn signal?,Amber,8.629
1,Night,0,Practice,Expected,Red,Left,27.90,14.42,-0.0321,0.8681,207.9885,-0.0321,54.27,1,Manual_P,81.90,68.42,-1.000,-1.000,-1.000,None,What was the color of the REAR turn signal?,Amber,8.629
1,Night,0,Practice,Expected,Red,Left,28.00,14.52,-0.1051,0.8681,210.5182,-0.1051,54.25,1,Manual_P,81.90,68.42,-1.000,-1.000,-1.000,None,What was the color of the REAR turn signal?,Amber,8.629
1,Night,0,Practice,Expected,Red,Left,28.11,14.63,-0.1785,0.8681,213.1129,-0.1785,54.24,1,Manual_P,81.90,68.42,-1.000,-1.000,-1.000,None,What was the color of the REAR turn signal?,Amber,8.629
1,Night,0,Practice,Expected,Red,Left,28.21,14.73,-0.2438,0.8681,215.6034,-0.2438,54.22,1,Manual_P,81.90,68.42,-1.000,-1.000,-1.000,None,What was the color of the REAR turn signal?,Amber,8.629
1,Night,0,Practice,Expected,Red,Left,28.32,14.83,-0.3025,0.8681,218.1092,-0.3025,54.21,1,Manual_P,81.90,68.42,-1.000,-1.000,-1.000,None,What was the color of the REAR turn signal?,Amber,8.629
1,Night,0,Practice,Expected,Red,Left,28.42,14.94,-0.3547,0.8681,220.6763,-0.3547,54.22,1,Manual_P,81.90,68.42,-1.000,-1.000,-1.000,None,What was the color of the REAR turn signal?,Amber,8.629
1,Night,0,Practice,Expected,Red,Left,28.53,15.05,-0.3996,0.8681,223.2791,-0.3996,54.35,1,Manual_P,81.90,68.42,-1.000,-1.000,-1.000,None,What was the color of the REAR turn signal?,Amber,8.629
1,Night,0,Practice,Expected,Red,Left,28.63,15.15,-0.4361,0.8681,225.8148,-0.4361,54.43,1,Manual_P,81.90,68.42,-1.000,-1.000,-1.000,None,What was the color of the REAR turn signal?,Amber,8.629
1,Night,0,Practice,Expected,Red,Left,28.74,15.26,-0.4674,0.8681,228.4367,-0.4674,54.46,1,Manual_P,81.90,68.42,-1.000,-1.000,-1.000,None,What was the color of the REAR turn signal?,Amber,8.629
1,Night,0,Practice,Expected,Red,Left,28.85,15.37,-0.4936,0.8681,231.1559,-0.4936,54.61,1,Manual_P,81.90,68.42,-1.000,-1.000,-1.000,None,What was the color of the REAR turn signal?,Amber,8.629
1,Night,0,Practice,Expected,Red,Left,28.95,15.47,-0.5114,0.8681,233.6215,-0.5114,54.68,1,Manual_P,81.90,68.42,-1.000,-1.000,-1.000,None,What was the color of the REAR turn signal?,Amber,8.629
1,Night,0,Practice,Expected,Red,Left,29.07,15.58,-0.5075,0.8681,236.3848,-0.5075,54.67,1,Manual_P,81.90,68.42,-1.000,-1.000,-1.000,None,What was the color of the REAR turn signal?,Amber,8.629
1,Night,0,Practice,Expected,Red,Left,29.17,15.69,-0.4876,0.8681,239.0043,-0.4876,54.66,1,Manual_P,81.90,68.42,-1.000,-1.000,-1.000,None,What was the color of the REAR turn signal?,Amber,8.629
1,Night,0,Practice,Expected,Red,Left,29.28,15.80,-0.4581,0.8681,241.5672,-0.4581,54.64,1,Manual_P,81.90,68.42,-1.000,-1.000,-1.000,None,What was the color of the REAR turn signal?,Amber,8.629
1,Night,0,Practice,Expected,Red,Left,29.38,15.90,-0.4175,0.8681,244.0217,-0.4175,54.62,1,Manual_P,81.90,68.42,-1.000,-1.000,-1.000,None,What was the color of the REAR turn signal?,Amber,8.629
1,Night,0,Practice,Expected,Red,Left,29.50,16.01,-0.3531,0.8681,246.9112,-0.3531,54.62,1,Manual_P,81.90,68.42,-1.000,-1.000,-1.000,None,What was the color of the REAR turn signal?,Amber,8.629
1,Night,0,Practice,Expected,Red,Left,29.60,16.12,-0.2810,0.8681,249.4936,-0.2810,54.72,1,Manual_P,81.90,68.42,-1.000,-1.000,-1.000,None,What was the color of the REAR turn signal?,Amber,8.629
1,Night,0,Practice,Expected,Red,Left,29.72,16.23,-0.1915,0.8681,252.2180,-0.1915,54.75,1,Manual_P,81.90,68.42,-1.000,-1.000,-1.000,None,What was the color of the REAR turn signal?,Amber,8.629
1,Night,0,Practice,Expected,Red,Left,29.82,16.34,-0.0973,0.8681,254.8334,-0.0973,54.74,1,Manual_P,81.90,68.42,-1.000,-1.000,-1.000,None,What was the color of the REAR turn signal?,Amber,8.629
1,Night,0,Practice,Expected,Red,Left,29.93,16.45,-0.0056,0.8681,257.4870,-0.0056,54.73,1,Manual_P,81.90,68.42,-1.000,-1.000,-1.000,None,What was the color of the REAR turn signal?,Amber,8.629
1,Night,0,Practice,Expected,Red,Left,30.04,16.56,0.0917,0.8681,260.1722,0.0917,54.71,1,Manual_P,81.90,68.42,-1.000,-1.000,-1.000,None,What was the color of the REAR turn signal?,Amber,8.629
1,Night,0,Practice,Expected,Red,Left,30.15,16.66,0.1788,0.8681,262.7825,0.1788,54.69,1,Manual_P,81.90,68.42,-1.000,-1.000,-1.000,None,What was the color of the REAR turn signal?,Amber,8.629
1,Night,0,Practice,Expected,Red,Left,30.25,16.77,0.2531,0.8681,265.3234,0.2531,54.67,1,Manual_P,81.90,68.42,-1.000,-1.000,-1.000,None,What was the color of the REAR turn signal?,Amber,8.629
1,Night,0,Practice,Expected,Red,Left,30.36,16.87,0.3224,0.8681,267.9078,0.3224,54.66,1,Manual_P,81.90,68.42,-1.000,-1.000,-1.000,None,What was the color of the REAR turn signal?,Amber,8.629
1,Night,0,Practice,Expected,Red,Left,30.46,16.98,0.3820,0.8681,270.4928,0.3820,54.64,1,Manual_P,81.90,68.42,-1.000,-1.000,-1.000,None,What was the color of the REAR turn signal?,Amber,8.629
1,Night,0,Practice,Expected,Red,Left,30.57,17.09,0.4318,0.8681,273.1424,0.4318,54.62,1,Manual_P,81.90,68.42,-1.000,-1.000,-1.000,None,What was the color of the REAR turn signal?,Amber,8.629
1,Night,0,Practice,Expected,Red,Left,30.68,17.19,0.4693,0.8681,275.7214,0.4693,54.61,1,Manual_P,81.90,68.42,-1.000,-1.000,-1.000,None,What was the color of the REAR turn signal?,Amber,8.629
1,Night,0,Practice,Expected,Red,Left,30.79,17.30,0.4977,0.8681,278.3894,0.4977,54.59,1,Manual_P,81.90,68.42,-1.000,-1.000,-1.000,None,What was the color of the REAR turn signal?,Amber,8.629
1,Night,0,Practice,Expected,Red,Left,30.90,17.42,0.5220,0.8681,281.1924,0.5220,54.57,1,Manual_P,81.90,68.42,-1.000,-1.000,-1.000,None,What was the color of the REAR turn signal?,Amber,8.629
1,Night,0,Practice,Expected,Red,Left,31.00,17.52,0.5448,0.8681,283.6448,0.5448,54.56,1,Manual_P,81.90,68.42,-1.000,-1.000,-1.000,None,What was the color of the REAR turn signal?,Amber,8.629
1,Night,0,Practice,Expected,Red,Left,31.12,17.63,0.5659,0.8681,286.4095,0.5659,54.54,1,Manual_P,81.90,68.42,-1.000,-1.000,-1.000,None,What was the color of the REAR turn signal?,Amber,8.629
1,Night,0,Practice,Expected,Red,Left,31.22,17.74,0.5843,0.8681,288.9518,0.5843,54.53,1,Manual_P,81.90,68.42,-1.000,-1.000,-1.000,None,What was the color of the REAR turn signal?,Amber,8.629
1,Night,0,Practice,Expected,Red,Left,31.33,17.85,0.6053,0.8681,291.6993,0.6053,54.52,1,Manual_P,81.90,68.42,-1.000,-1.000,-1.000,None,What was the color of the REAR turn signal?,Amber,8.629
1,Night,0,Practice,Expected,Red,Left,31.44,17.96,0.6276,0.8681,294.3441,0.6276,54.50,1,Manual_P,81.90,68.42,-1.000,-1.000,-1.000,None,What was the color of the REAR turn signal?,Amber,8.629
1,Night,0,Practice,Expected,Red,Left,31.55,18.07,0.6528,0.8681,297.0244,0.6528,54.49,1,Manual_P,81.90,68.42,-1.000,-1.000,-1.000,None,What was the color of the REAR turn signal?,Amber,8.629
1,Night,0,Practice,Expected,Red,Left,31.66,18.18,0.6810,0.8681,299.7068,0.6810,54.48,1,Manual_P,81.90,68.42,-1.000,-1.000,-1.000,None,What was the color of the REAR turn signal?,Amber,8.629
1,Night,0,Practice,Expected,Red,Left,31.77,18.28,0.7107,0.8681,302.2906,0.7107,54.46,1,Manual_P,81.90,68.42,-1.000,-1.000,-1.000,None,What was the color of the REAR turn signal?,Amber,8.629
1,Night,0,Practice,Expected,Red,Left,31.88,18.39,0.7432,0.8681,304.9306,0.7432,54.45,1,Manual_P,81.90,68.42,-1.000,-1.000,-1.000,None,What was the color of the REAR turn signal?,Amber,8.629
1,Night,0,Practice,Expected,Red,Left,31.99,18.50,0.7656,0.8681,307.6252,0.7656,54.42,1,Manual_P,81.90,68.42,-1.000,-1.000,-1.000,None,What was the color of the REAR turn signal?,Amber,8.629
1,Night,0,Practice,Expected,Red,Left,32.10,18.62,0.7749,0.8681,310.3763,0.7749,54.40,1,Manual_P,81.90,68.42,-1.000,-1.000,-1.000,None,What was the color of the REAR turn signal?,Amber,8.629
1,Night,0,Practice,Expected,Red,Left,32.21,18.73,0.7795,0.8681,313.1204,0.7795,54.39,1,Manual_P,81.90,68.42,-1.000,-1.000,-1.000,None,What was the color of the REAR turn signal?,Amber,8.629
1,Night,0,Practice,Expected,Red,Left,32.32,18.84,0.7751,0.8681,315.7885,0.7751,54.37,1,Manual_P,81.90,68.42,-1.000,-1.000,-1.000,None,What was the color of the REAR turn signal?,Amber,8.629
1,Night,0,Practice,Expected,Red,Left,32.43,18.95,0.7598,0.8681,318.4903,0.7598,54.44,1,Manual_P,81.90,68.42,-1.000,-1.000,-1.000,None,What was the color of the REAR turn signal?,Amber,8.629
1,Night,0,Practice,Expected,Red,Left,32.54,19.06,0.7336,0.8681,321.1559,0.7336,54.49,1,Manual_P,81.90,68.42,-1.000,-1.000,-1.000,None,What was the color of the REAR turn signal?,Amber,8.629
1,Night,0,Practice,Expected,Red,Left,32.65,19.17,0.6971,0.8681,323.8314,0.6971,54.63,1,Manual_P,81.90,68.42,-1.000,-1.000,-1.000,None,What was the color of the REAR turn signal?,Amber,8.629
1,Night,0,Practice,Expected,Red,Left,32.76,19.28,0.6512,0.8681,326.5135,0.6512,54.69,1,Manual_P,81.90,68.42,-1.000,-1.000,-1.000,None,What was the color of the REAR turn signal?,Amber,8.629
1,Night,0,Practice,Expected,Red,Left,32.87,19.39,0.5959,0.8681,329.2624,0.5959,54.83,1,Manual_P,81.90,68.42,-1.000,-1.000,-1.000,None,What was the color of the REAR turn signal?,Amber,8.629
1,Night,0,Practice,Expected,Red,Left,32.98,19.50,0.5360,0.8681,331.9093,0.5360,54.90,1,Manual_P,81.90,68.42,-1.000,-1.000,-1.000,None,What was the color of the REAR turn signal?,Amber,8.629
1,Night,0,Practice,Expected,Red,Left,33.09,19.61,0.4701,0.8681,334.5769,0.4701,54.90,1,Manual_P,81.90,68.42,-1.000,-1.000,-1.000,None,What was the color of the REAR turn signal?,Amber,8.629
1,Night,0,Practice,Expected,Red,Left,33.20,19.72,0.3994,0.8681,337.2531,0.3994,54.89,1,Manual_P,81.90,68.42,-1.000,-1.000,-1.000,None,What was the color of the REAR turn signal?,Amber,8.629
1,Night,0,Practice,Expected,Red,Left,33.31,19.83,0.3257,0.8681,339.9298,0.3257,54.88,1,Manual_P,81.90,68.42,-1.000,-1.000,-1.000,None,What was the color of the REAR turn signal?,Amber,8.629
1,Night,0,Practice,Expected,Red,Left,33.42,19.94,0.2619,0.8681,342.6559,0.2619,54.85,1,Manual_P,81.90,68.42,-1.000,-1.000,-1.000,None,What was the color of the REAR turn signal?,Amber,8.629
1,Night,0,Practice,Expected,Red,Left,33.53,20.05,0.2023,0.8681,345.3553,0.2023,54.84,1,Manual_P,81.90,68.42,-1.000,-1.000,-1.000,None,What was the color of the REAR turn signal?,Amber,8.629
1,Night,0,Practice,Expected,Red,Left,33.64,20.16,0.1450,0.8681,348.1085,0.1450,54.83,1,Manual_P,81.90,68.42,-1.000,-1.000,-1.000,None,What was the color of the REAR turn signal?,Amber,8.629
1,Night,0,Practice,Expected,Red,Left,33.76,20.27,0.0934,0.8681,350.9074,0.0934,54.93,1,Manual_P,81.90,68.42,-1.000,-1.000,-1.000,None,What was the color of the REAR turn signal?,Amber,8.629
1,Night,0,Practice,Expected,Red,Left,33.87,20.38,0.0507,0.8681,353.6424,0.0507,54.98,1,Manual_P,81.90,68.42,-1.000,-1.000,-1.000,None,What was the color of the REAR turn signal?,Amber,8.629
1,Night,0,Practice,Expected,Red,Left,33.98,20.50,0.0156,0.8681,356.3812,0.0156,54.98,1,Manual_P,81.90,68.42,-1.000,-1.000,-1.000,None,What was the color of the REAR turn signal?,Amber,8.629
1,Night,0,Practice,Expected,Red,Left,34.09,20.61,-0.0122,0.8681,359.1274,-0.0122,54.96,1,Manual_P,81.90,68.42,-1.000,-1.000,-1.000,None,What was the color of the REAR turn signal?,Amber,8.629
1,Night,0,Practice,Expected,Red,Left,34.20,20.72,-0.0334,0.8681,361.8568,-0.0334,54.95,1,Manual_P,81.90,68.42,-1.000,-1.000,-1.000,None,What was the color of the REAR turn signal?,Amber,8.629
1,Night,0,Practice,Expected,Red,Left,34.32,20.83,-0.0514,0.8681,364.6367,-0.0514,54.93,1,Manual_P,81.90,68.42,-1.000,-1.000,-1.000,None,What was the color of the REAR turn signal?,Amber,8.629
1,Night,0,Practice,Expected,Red,Left,34.42,20.94,-0.0792,0.8681,367.2042,-0.0792,54.91,1,Manual_P,81.90,68.42,-1.000,-1.000,-1.000,None,What was the color of the REAR turn signal?,Amber,8.629
1,Night,0,Practice,Expected,Red,Left,34.53,21.05,-0.1107,0.8681,369.9776,-0.1107,54.89,1,Manual_P,81.90,68.42,-1.000,-1.000,-1.000,None,What was the color of the REAR turn signal?,Amber,8.629
1,Night,0,Practice,Expected,Red,Left,34.64,21.16,-0.1447,0.8681,372.7008,-0.1447,54.88,1,Manual_P,81.90,68.42,-1.000,-1.000,-1.000,None,What was the color of the REAR turn signal?,Amber,8.629
1,Night,0,Practice,Expected,Red,Left,34.76,21.28,-0.1863,0.8681,375.5016,-0.1863,54.87,1,Manual_P,81.90,68.42,-1.000,-1.000,-1.000,None,What was the color of the REAR turn signal?,Amber,8.629
1,Night,0,Practice,Expected,Red,Left,34.87,21.39,-0.2348,0.8681,378.2529,-0.2348,54.85,1,Manual_P,81.90,68.42,-1.000,-1.000,-1.000,None,What was the color of the REAR turn signal?,Amber,8.629
1,Night,0,Practice,Expected,Red,Left,34.97,21.49,-0.2851,0.8681,380.7185,-0.2851,54.84,1,Manual_P,81.90,68.42,-1.000,-1.000,-1.000,None,What was the color of the REAR turn signal?,Amber,8.629
1,Night,0,Practice,Expected,Red,Left,35.09,21.60,-0.3413,0.8681,383.4996,-0.3413,54.80,1,Manual_P,81.90,68.42,-1.000,-1.000,-1.000,None,What was the color of the REAR turn signal?,Amber,8.629
1,Night,0,Practice,Expected,Red,Left,35.20,21.71,-0.3776,0.8681,386.2509,-0.3776,54.78,1,Manual_P,81.90,68.42,-1.000,-1.000,-1.000,None,What was the color of the REAR turn signal?,Amber,8.629
1,Night,0,Practice,Expected,Red,Left,35.31,21.82,-0.4090,0.8681,388.9272,-0.4090,54.77,1,Manual_P,81.90,68.42,-1.000,-1.000,-1.000,None,What was the color of the REAR turn signal?,Amber,8.629
1,Night,0,Practice,Expected,Red,Left,35.42,21.93,-0.4339,0.8681,391.6505,-0.4339,54.75,1,Manual_P,81.90,68.42,-1.000,-1.000,-1.000,None,What was the color of the REAR turn signal?,Amber,8.629
1,Night,0,Practice,Expected,Red,Left,35.53,22.05,-0.4472,0.8681,394.4118,-0.4472,54.73,1,Manual_P,81.90,68.42,-1.000,-1.000,-1.000,None,What was the color of the REAR turn signal?,Amber,8.629
1,Night,0,Practice,Expected,Red,Left,35.64,22.16,-0.4468,0.8681,397.1239,-0.4468,54.72,1,Manual_P,81.90,68.42,-1.000,-1.000,-1.000,None,What was the color of the REAR turn signal?,Amber,8.629
1,Night,0,Practice,Expected,Red,Left,35.75,22.26,-0.4345,0.8681,399.6932,-0.4345,54.70,1,Manual_P,81.90,68.42,-1.000,-1.000,-1.000,None,What was the color of the REAR turn signal?,Amber,8.629
1,Night,0,Practice,Expected,Red,Left,35.86,22.37,-0.4094,0.8681,402.4153,-0.4094,54.68,1,Manual_P,81.90,68.42,-1.000,-1.000,-1.000,None,What was the color of the REAR turn signal?,Amber,8.629
1,Night,0,Practice,Expected,Red,Left,35.96,22.47,-0.3776,0.8681,404.8672,-0.3776,54.67,1,Manual_P,81.90,68.42,-1.000,-1.000,-1.000,None,What was the color of the REAR turn signal?,Amber,8.629
1,Night,0,Practice,Expected,Red,Left,36.07,22.59,-0.3332,0.8681,407.5992,-0.3332,54.65,1,Manual_P,81.90,68.42,-1.000,-1.000,-1.000,None,What was the color of the REAR turn signal?,Amber,8.629
1,Night,0,Practice,Expected,Red,Left,36.18,22.70,-0.2798,0.8681,410.3769,-0.2798,54.63,1,Manual_P,81.90,68.42,-1.000,-1.000,-1.000,None,What was the color of the REAR turn signal?,Amber,8.629
1,Night,0,Practice,Expected,Red,Left,36.30,22.81,-0.2198,0.8681,413.1482,-0.2198,54.62,1,Manual_P,81.90,68.42,-1.000,-1.000,-1.000,None,What was the color of the REAR turn signal?,Amber,8.629
1,Night,0,Practice,Expected,Red,Left,36.40,22.92,-0.1613,0.8681,415.6300,-0.1613,54.61,1,Manual_P,81.90,68.42,-1.000,-1.000,-1.000,None,What was the color of the REAR turn signal?,Amber,8.629
1,Night,0,Practice,Expected,Red,Left,36.51,23.03,-0.0930,0.8681,418.3488,-0.0930,54.59,1,Manual_P,81.90,68.42,-1.000,-1.000,-1.000,None,What was the color of the REAR turn signal?,Amber,8.629
1,Night,0,Practice,Expected,Red,Left,36.61,23.13,-0.0284,0.8681,420.7998,-0.0284,54.58,1,Manual_P,81.90,68.42,-1.000,-1.000,-1.000,None,What was the color of the REAR turn signal?,Amber,8.629
1,Night,0,Practice,Expected,Red,Left,36.71,23.23,0.0316,0.8681,423.2826,0.0316,54.56,1,Manual_P,81.90,68.42,-1.000,-1.000,-1.000,None,What was the color of the REAR turn signal?,Amber,8.629
1,Night,0,Practice,Expected,Red,Left,36.82,23.34,0.0851,0.8681,425.8734,0.0851,54.54,1,Manual_P,81.90,68.42,-1.000,-1.000,-1.000,None,What was the color of the REAR turn signal?,Amber,8.629
1,Night,0,Practice,Expected,Red,Left,36.93,23.44,0.1375,0.8681,428.4915,0.1375,54.53,1,Manual_P,81.90,68.42,-1.000,-1.000,-1.000,None,What was the color of the REAR turn signal?,Amber,8.629
1,Night,0,Practice,Expected,Red,Left,37.03,23.54,0.1972,0.8681,430.9521,0.1972,54.49,1,Manual_P,81.90,68.42,-1.000,-1.000,-1.000,None,What was the color of the REAR turn signal?,Amber,8.629
1,Night,0,Practice,Expected,Red,Left,37.13,23.65,0.2684,0.8681,433.5006,0.2684,54.48,1,Manual_P,81.90,68.42,-1.000,-1.000,-1.000,None,What was the color of the REAR turn signal?,Amber,8.629
1,Night,0,Practice,Expected,Red,Left,37.23,23.75,0.3374,0.8681,435.9930,0.3374,54.47,1,Manual_P,81.90,68.42,-1.000,-1.000,-1.000,None,What was the color of the REAR turn signal?,Amber,8.629
1,Night,0,Practice,Expected,Red,Left,37.35,23.86,0.4178,0.8681,438.7598,0.4178,54.45,1,Manual_P,81.90,68.42,-1.000,-1.000,-1.000,None,What was the color of the REAR turn signal?,Amber,8.629
1,Night,0,Practice,Expected,Red,Left,37.45,23.97,0.4978,0.8681,441.2914,0.4978,54.44,1,Manual_P,81.90,68.42,-1.000,-1.000,-1.000,None,What was the color of the REAR turn signal?,Amber,8.629
1,Night,0,Practice,Expected,Red,Left,37.56,24.07,0.5847,0.8681,443.8177,0.5847,54.42,1,Manual_P,81.90,68.42,-1.000,-1.000,-1.000,None,What was the color of the REAR turn signal?,Amber,8.629
1,Night,0,Practice,Expected,Red,Left,37.66,24.17,0.6694,0.8681,446.2864,0.6694,54.40,1,Manual_P,81.90,68.42,-1.000,-1.000,-1.000,None,What was the color of the REAR turn signal?,Amber,8.629
1,Night,0,Practice,Expected,Red,Left,37.76,24.28,0.7531,0.8681,448.7513,0.7531,54.39,1,Manual_P,81.90,68.42,-1.000,-1.000,-1.000,None,What was the color of the REAR turn signal?,Amber,8.629
1,Night,0,Practice,Expected,Red,Left,37.87,24.39,0.8525,0.8681,451.5551,0.8525,54.38,1,Manual_P,81.90,68.42,-1.000,-1.000,-1.000,None,What was the color of the REAR turn signal?,Amber,8.629
1,Night,0,Practice,Expected,Red,Left,37.98,24.50,0.9389,0.8681,454.1590,0.9389,54.35,1,Manual_P,81.90,68.42,-1.000,-1.000,-1.000,None,What was the color of the REAR turn signal?,Amber,8.629
1,Night,0,Practice,Expected,Red,Left,38.09,24.60,1.0083,0.8681,456.7188,1.0083,54.33,1,Manual_P,81.90,68.42,-1.000,-1.000,-1.000,None,What was the color of the REAR turn signal?,Amber,8.629
1,Night,0,Practice,Expected,Red,Left,38.20,24.72,1.0752,0.8681,459.4456,1.0752,54.32,1,Manual_P,81.90,68.42,-1.000,-1.000,-1.000,None,What was the color of the REAR turn signal?,Amber,8.629
1,Night,0,Practice,Expected,Red,Left,38.31,24.83,1.1312,0.8681,462.1581,1.1312,54.30,1,Manual_P,81.90,68.42,-1.000,-1.000,-1.000,None,What was the color of the REAR turn signal?,Amber,8.629
1,Night,0,Practice,Expected,Red,Left,38.43,24.94,1.1755,0.8681,464.9362,1.1755,54.28,1,Manual_P,81.90,68.42,-1.000,-1.000,-1.000,None,What was the color of the REAR turn signal?,Amber,8.629
1,Night,0,Practice,Expected,Red,Left,38.54,25.06,1.2063,0.8681,467.6785,1.2063,54.26,1,Manual_P,81.90,68.42,-1.000,-1.000,-1.000,None,What was the color of the REAR turn signal?,Amber,8.629
1,Night,0,Practice,Expected,Red,Left,38.65,25.17,1.2249,0.8681,470.3930,1.2249,54.25,1,Manual_P,81.90,68.42,-1.000,-1.000,-1.000,None,What was the color of the REAR turn signal?,Amber,8.629
1,Night,0,Practice,Expected,Red,Left,38.75,25.27,1.2328,0.8681,472.8283,1.2328,54.23,1,Manual_P,81.90,68.42,-1.000,-1.000,-1.000,None,What was the color of the REAR turn signal?,Amber,8.629
1,Night,0,Practice,Expected,Red,Left,38.86,25.38,1.2331,0.8681,475.5587,1.2331,54.22,1,Manual_P,81.90,68.42,-1.000,-1.000,-1.000,None,What was the color of the REAR turn signal?,Amber,8.629
1,Night,0,Practice,Expected,Red,Left,38.97,25.48,1.2266,0.8681,478.0607,1.2266,54.24,1,Manual_P,81.90,68.42,-1.000,-1.000,-1.000,None,What was the color of the REAR turn signal?,Amber,8.629
1,Night,0,Practice,Expected,Red,Left,39.07,25.59,1.2142,0.8681,480.6306,1.2142,54.34,1,Manual_P,81.90,68.42,-1.000,-1.000,-1.000,None,What was the color of the REAR turn signal?,Amber,8.629
1,Night,0,Practice,Expected,Red,Left,39.18,25.70,1.1903,0.8681,483.2286,1.1903,54.36,1,Manual_P,81.90,68.42,-1.000,-1.000,-1.000,None,What was the color of the REAR turn signal?,Amber,8.629
1,Night,0,Practice,Expected,Red,Left,39.28,25.80,1.1493,0.8681,485.7590,1.1493,54.36,1,Manual_P,81.90,68.42,-1.000,-1.000,-1.000,None,What was the color of the REAR turn signal?,Amber,8.629
1,Night,0,Practice,Expected,Red,Left,39.39,25.90,1.1025,0.8681,488.2326,1.1025,54.34,1,Manual_P,81.90,68.42,-1.000,-1.000,-1.000,None,What was the color of the REAR turn signal?,Amber,8.629
1,Night,0,Practice,Expected,Red,Left,39.50,26.02,1.0399,0.8681,491.0040,1.0399,54.33,1,Manual_P,81.90,68.42,-1.000,-1.000,-1.000,None,What was the color of the REAR turn signal?,Amber,8.629
1,Night,0,Practice,Expected,Red,Left,39.61,26.13,0.9665,0.8681,493.7226,0.9665,54.31,1,Manual_P,81.90,68.42,-1.000,-1.000,-1.000,None,What was the color of the REAR turn signal?,Amber,8.629
1,Night,0,Practice,Expected,Red,Left,39.72,26.23,0.8868,0.8681,496.2848,0.8868,54.29,1,Manual_P,81.90,68.42,-1.000,-1.000,-1.000,None,What was the color of the REAR turn signal?,Amber,8.629
1,Night,0,Practice,Expected,Red,Left,39.82,26.34,0.7995,0.8681,498.7946,0.7995,54.28,1,Manual_P,81.90,68.42,-1.000,-1.000,-1.000,None,What was the color of the REAR turn signal?,Amber,8.629
1,Night,0,Practice,Expected,Red,Left,39.94,26.45,0.6940,0.8681,501.5573,0.6940,54.26,1,Manual_P,81.90,68.42,-1.000,-1.000,-1.000,None,What was the color of the REAR turn signal?,Amber,8.629
1,Night,0,Practice,Expected,Red,Left,40.07,26.58,0.5621,0.8681,504.7641,0.5621,54.24,1,Manual_P,81.90,68.42,-1.000,-1.000,-1.000,None,What was the color of the REAR turn signal?,Amber,8.629
1,Night,0,Practice,Expected,Red,Left,40.18,26.69,0.4592,0.8681,507.4578,0.4592,54.22,1,Manual_P,81.90,68.42,-1.000,-1.000,-1.000,None,What was the color of the REAR turn signal?,Amber,8.629
1,Night,0,Practice,Expected,Red,Left,40.28,26.80,0.3684,0.8681,509.9020,0.3684,54.21,1,Manual_P,81.90,68.42,-1.000,-1.000,-1.000,None,What was the color of the REAR turn signal?,Amber,8.629
1,Night,0,Practice,Expected,Red,Left,40.38,26.90,0.2791,0.8681,512.3336,0.2791,54.20,1,Manual_P,81.90,68.42,-1.000,-1.000,-1.000,None,What was the color of the REAR turn signal?,Amber,8.629
1,Night,0,Practice,Expected,Red,Left,40.48,27.00,0.1933,0.8681,514.7737,0.1933,54.18,1,Manual_P,81.90,68.42,-1.000,-1.000,-1.000,None,What was the color of the REAR turn signal?,Amber,8.629
1,Night,0,Practice,Expected,Red,Left,40.59,27.10,0.1084,0.8681,517.3591,0.1084,54.17,1,Manual_P,81.90,68.42,-1.000,-1.000,-1.000,None,What was the color of the REAR turn signal?,Amber,8.629
1,Night,0,Practice,Expected,Red,Left,40.69,27.21,0.0325,0.8681,519.8749,0.0325,54.15,1,Manual_P,81.90,68.42,-1.000,-1.000,-1.000,None,What was the color of the REAR turn signal?,Amber,8.629
1,Night,0,Practice,Expected,Red,Left,40.80,27.32,-0.0412,0.8681,522.5470,-0.0412,54.14,1,Manual_P,81.90,68.42,-1.000,-1.000,-1.000,None,What was the color of the REAR turn signal?,Amber,8.629
1,Night,0,Practice,Expected,Red,Left,40.91,27.42,-0.1038,0.8681,525.0741,-0.1038,54.12,1,Manual_P,81.90,68.42,-1.000,-1.000,-1.000,None,What was the color of the REAR turn signal?,Amber,8.629
1,Night,0,Practice,Expected,Red,Left,41.02,27.53,-0.1467,0.8681,527.7435,-0.1467,54.07,1,Manual_P,81.90,68.42,-1.000,-1.000,-1.000,None,What was the color of the REAR turn signal?,Amber,8.629
1,Night,0,Practice,Expected,Red,Left,41.12,27.64,-0.1658,0.8681,530.2786,-0.1658,54.05,1,Manual_P,81.90,68.42,-1.000,-1.000,-1.000,None,What was the color of the REAR turn signal?,Amber,8.629
1,Night,0,Practice,Expected,Red,Left,41.22,27.74,-0.1738,0.8681,532.7604,-0.1738,54.04,1,Manual_P,81.90,68.42,-1.000,-1.000,-1.000,None,What was the color of the REAR turn signal?,Amber,8.629
1,Night,0,Practice,Expected,Red,Left,41.33,27.85,-0.1672,0.8681,535.3284,-0.1672,54.02,1,Manual_P,81.90,68.42,-1.000,-1.000,-1.000,None,What was the color of the REAR turn signal?,Amber,8.629
1,Night,0,Practice,Expected,Red,Left,41.43,27.95,-0.1451,0.8681,537.8165,-0.1451,54.00,1,Manual_P,81.90,68.42,-1.000,-1.000,-1.000,None,What was the color of the REAR turn signal?,Amber,8.629
1,Night,0,Practice,Expected,Red,Left,41.53,28.05,-0.1093,0.8681,540.2419,-0.1093,53.98,1,Manual_P,81.90,68.42,-1.000,-1.000,-1.000,None,What was the color of the REAR turn signal?,Amber,8.629
1,Night,0,Practice,Expected,Red,Left,41.64,28.16,-0.0562,0.8681,542.8582,-0.0562,53.96,1,Manual_P,81.90,68.42,-1.000,-1.000,-1.000,None,What was the color of the REAR turn signal?,Amber,8.629
1,Night,0,Practice,Expected,Red,Left,41.75,28.27,0.0096,0.8681,545.4596,0.0096,53.94,1,Manual_P,81.90,68.42,-1.000,-1.000,-1.000,None,What was the color of the REAR turn signal?,Amber,8.629
1,Night,0,Practice,Expected,Red,Left,41.86,28.37,0.0786,0.8681,548.0139,0.0786,53.93,1,Manual_P,81.90,68.42,-1.000,-1.000,-1.000,None,What was the color of the REAR turn signal?,Amber,8.629
1,Night,0,Practice,Expected,Red,Left,41.97,28.48,0.1563,0.8681,550.6881,0.1563,53.91,1,Manual_P,81.90,68.42,-1.000,-1.000,-1.000,None,What was the color of the REAR turn signal?,Amber,8.629
1,Night,0,Practice,Expected,Red,Left,42.07,28.59,0.2348,0.8681,553.2124,0.2348,53.90,1,Manual_P,81.90,68.42,-1.000,-1.000,-1.000,None,What was the color of the REAR turn signal?,Amber,8.629
1,Night,0,Practice,Expected,Red,Left,42.17,28.69,0.3133,0.8681,555.6567,0.3133,53.89,1,Manual_P,81.90,68.42,-1.000,-1.000,-1.000,None,What was the color of the REAR turn signal?,Amber,8.629
1,Night,0,Practice,Expected,Red,Left,42.28,28.80,0.3959,0.8681,558.1996,0.3959,53.89,1,Manual_P,81.90,68.42,-1.000,-1.000,-1.000,None,What was the color of the REAR turn signal?,Amber,8.629
1,Night,0,Practice,Expected,Red,Left,42.39,28.90,0.4807,0.8681,560.8068,0.4807,53.98,1,Manual_P,81.90,68.42,-1.000,-1.000,-1.000,None,What was the color of the REAR turn signal?,Amber,8.629
1,Night,0,Practice,Expected,Red,Left,42.49,29.01,0.5627,0.8681,563.3427,0.5627,54.01,1,Manual_P,81.90,68.42,-1.000,-1.000,-1.000,None,What was the color of the REAR turn signal?,Amber,8.629
1,Night,0,Practice,Expected,Red,Left,42.60,29.12,0.6456,0.8681,566.0038,0.6456,54.00,1,Manual_P,81.90,68.42,-1.000,-1.000,-1.000,None,What was the color of the REAR turn signal?,Amber,8.629
1,Night,0,Practice,Expected,Red,Left,42.71,29.23,0.7199,0.8681,568.5657,0.7199,53.99,1,Manual_P,81.90,68.42,-1.000,-1.000,-1.000,None,What was the color of the REAR turn signal?,Amber,8.629
1,Night,0,Practice,Expected,Red,Left,42.82,29.33,0.7941,0.8681,571.1946,0.7941,53.97,1,Manual_P,81.90,68.42,-1.000,-1.000,-1.000,None,What was the color of the REAR turn signal?,Amber,8.629
1,Night,0,Practice,Expected,Red,Left,42.92,29.44,0.8635,0.8681,573.7667,0.8635,53.96,1,Manual_P,81.90,68.42,-1.000,-1.000,-1.000,None,What was the color of the REAR turn signal?,Amber,8.629
1,Night,0,Practice,Expected,Red,Left,43.03,29.55,0.9306,0.8681,576.3878,0.9306,54.00,1,Manual_P,81.90,68.42,-1.000,-1.000,-1.000,None,What was the color of the REAR turn signal?,Amber,8.629
1,Night,0,Practice,Expected,Red,Left,43.14,29.65,0.9913,0.8681,578.8972,0.9913,54.05,1,Manual_P,81.90,68.42,-1.000,-1.000,-1.000,None,What was the color of the REAR turn signal?,Amber,8.629
1,Night,0,Practice,Expected,Red,Left,43.25,29.77,1.0529,0.8681,581.5933,1.0529,54.06,1,Manual_P,81.90,68.42,-1.000,-1.000,-1.000,None,What was the color of the REAR turn signal?,Amber,8.629
1,Night,0,Practice,Expected,Red,Left,43.35,29.87,1.0940,0.8681,584.1426,1.0940,54.14,1,Manual_P,81.90,68.42,-1.000,-1.000,-1.000,None,What was the color of the REAR turn signal?,Amber,8.629
1,Night,0,Practice,Expected,Red,Left,43.46,29.97,1.1056,0.8681,586.6186,1.1056,54.19,1,Manual_P,81.90,68.42,-1.000,-1.000,-1.000,None,What was the color of the REAR turn signal?,Amber,8.629
1,Night,0,Practice,Expected,Red,Left,43.56,30.07,1.1056,0.8681,589.0549,1.1056,54.19,1,Manual_P,81.90,68.42,-1.000,-1.000,-1.000,None,What was the color of the REAR turn signal?,Amber,8.629
1,Night,0,Practice,Expected,Red,Left,43.66,30.18,1.0904,0.8681,591.6404,1.0904,54.17,1,Manual_P,81.90,68.42,-1.000,-1.000,-1.000,None,What was the color of the REAR turn signal?,Amber,8.629
1,Night,0,Practice,Expected,Red,Left,43.77,30.29,1.0559,0.8681,594.2204,1.0559,54.24,1,Manual_P,81.90,68.42,-1.000,-1.000,-1.000,None,What was the color of the REAR turn signal?,Amber,8.629
1,Night,0,Practice,Expected,Red,Left,43.88,30.39,1.0048,0.8681,596.7542,1.0048,54.26,1,Manual_P,81.90,68.42,-1.000,-1.000,-1.000,None,What was the color of the REAR turn signal?,Amber,8.629
1,Night,0,Practice,Expected,Red,Left,43.98,30.50,0.9543,0.8681,599.2711,0.9543,54.24,1,Manual_P,81.90,68.42,-1.000,-1.000,-1.000,None,What was the color of the REAR turn signal?,Amber,8.629
1,Night,0,Practice,Expected,Red,Left,44.08,30.60,0.9016,0.8681,601.7671,0.9016,54.23,1,Manual_P,81.90,68.42,-1.000,-1.000,-1.000,None,What was the color of the REAR turn signal?,Amber,8.629
1,Night,0,Practice,Expected,Red,Left,44.19,30.71,0.8366,0.8681,604.5029,0.8366,54.21,1,Manual_P,81.90,68.42,-1.000,-1.000,-1.000,None,What was the color of the REAR turn signal?,Amber,8.629
1,Night,0,Practice,Expected,Red,Left,44.30,30.82,0.7748,0.8681,607.0704,0.7748,54.20,1,Manual_P,81.90,68.42,-1.000,-1.000,-1.000,None,What was the color of the REAR turn signal?,Amber,8.629
1,Night,0,Practice,Expected,Red,Left,44.40,30.92,0.7171,0.8681,609.5722,0.7171,54.19,1,Manual_P,81.90,68.42,-1.000,-1.000,-1.000,None,What was the color of the REAR turn signal?,Amber,8.629
1,Night,0,Practice,Expected,Red,Left,44.51,31.03,0.6627,0.8681,612.1217,0.6627,54.17,1,Manual_P,81.90,68.42,-1.000,-1.000,-1.000,None,What was the color of the REAR turn signal?,Amber,8.629
1,Night,0,Practice,Expected,Red,Left,44.62,31.14,0.6107,0.8681,614.8154,0.6107,54.16,1,Manual_P,81.90,68.42,-1.000,-1.000,-1.000,None,What was the color of the REAR turn signal?,Amber,8.629
1,Night,0,Practice,Expected,Red,Left,44.73,31.24,0.5670,0.8681,617.3569,0.5670,54.14,1,Manual_P,81.90,68.42,-1.000,-1.000,-1.000,None,What was the color of the REAR turn signal?,Amber,8.629
1,Night,0,Practice,Expected,Red,Left,44.84,31.35,0.5262,0.8681,620.0380,0.5262,54.13,1,Manual_P,81.90,68.42,-1.000,-1.000,-1.000,None,What was the color of the REAR turn signal?,Amber,8.629
1,Night,0,Practice,Expected,Red,Left,44.94,31.46,0.4923,0.8681,622.5657,0.4923,54.12,1,Manual_P,81.90,68.42,-1.000,-1.000,-1.000,None,What was the color of the REAR turn signal?,Amber,8.629
1,Night,0,Practice,Expected,Red,Left,45.05,31.57,0.4610,0.8681,625.2081,0.4610,54.10,1,Manual_P,81.90,68.42,-1.000,-1.000,-1.000,None,What was the color of the REAR turn signal?,Amber,8.629
1,Night,0,Practice,Expected,Red,Left,45.15,31.67,0.4349,0.8681,627.6887,0.4349,54.09,1,Manual_P,81.90,68.42,-1.000,-1.000,-1.000,None,What was the color of the REAR turn signal?,Amber,8.629
1,Night,0,Practice,Expected,Red,Left,45.26,31.77,0.4110,0.8681,630.2359,0.4110,54.08,1,Manual_P,81.90,68.42,-1.000,-1.000,-1.000,None,What was the color of the REAR turn signal?,Amber,8.629
1,Night,0,Practice,Expected,Red,Left,45.37,31.88,0.3891,0.8681,632.8310,0.3891,54.07,1,Manual_P,81.90,68.42,-1.000,-1.000,-1.000,None,What was the color of the REAR turn signal?,Amber,8.629
1,Night,0,Practice,Expected,Red,Left,45.47,31.99,0.3699,0.8681,635.3346,0.3699,54.05,1,Manual_P,81.90,68.42,-1.000,-1.000,-1.000,None,What was the color of the REAR turn signal?,Amber,8.629
1,Night,0,Practice,Expected,Red,Left,45.58,32.09,0.3518,0.8681,637.9042,0.3518,54.04,1,Manual_P,81.90,68.42,-1.000,-1.000,-1.000,None,What was the color of the REAR turn signal?,Amber,8.629
1,Night,0,Practice,Expected,Red,Left,45.68,32.20,0.3353,0.8681,640.4605,0.3353,54.03,1,Manual_P,81.90,68.42,-1.000,-1.000,-1.000,None,What was the color of the REAR turn signal?,Amber,8.629
1,Night,0,Practice,Expected,Red,Left,45.79,32.30,0.3196,0.8681,643.0547,0.3196,54.01,1,Manual_P,81.90,68.42,-1.000,-1.000,-1.000,None,What was the color of the REAR turn signal?,Amber,8.629
1,Night,0,Practice,Expected,Red,Left,45.89,32.41,0.3050,0.8681,645.6178,0.3050,54.00,1,Manual_P,81.90,68.42,-1.000,-1.000,-1.000,None,What was the color of the REAR turn signal?,Amber,8.629
1,Night,0,Practice,Expected,Red,Left,46.00,32.52,0.2912,0.8681,648.1733,0.2912,53.99,1,Manual_P,81.90,68.42,-1.000,-1.000,-1.000,None,What was the color of the REAR turn signal?,Amber,8.629
1,Night,0,Practice,Expected,Red,Left,46.10,32.62,0.2783,0.8681,650.6673,0.2783,53.97,1,Manual_P,81.90,68.42,-1.000,-1.000,-1.000,None,What was the color of the REAR turn signal?,Amber,8.629
1,Night,0,Practice,Expected,Red,Left,46.21,32.73,0.2655,0.8681,653.2208,0.2655,53.96,1,Manual_P,81.90,68.42,-1.000,-1.000,-1.000,None,What was the color of the REAR turn signal?,Amber,8.629
1,Night,0,Practice,Expected,Red,Left,46.32,32.84,0.2527,0.8681,655.8550,0.2527,53.95,1,Manual_P,81.90,68.42,-1.000,-1.000,-1.000,None,What was the color of the REAR turn signal?,Amber,8.629
1,Night,0,Practice,Expected,Red,Left,46.43,32.95,0.2430,0.8681,658.5074,0.2430,53.93,1,Manual_P,81.90,68.42,-1.000,-1.000,-1.000,None,What was the color of the REAR turn signal?,Amber,8.629
1,Night,0,Practice,Expected,Red,Left,46.54,33.06,0.2529,0.8681,661.1793,0.2529,53.90,1,Manual_P,81.90,68.42,-1.000,-1.000,-1.000,None,What was the color of the REAR turn signal?,Amber,8.629
1,Night,0,Practice,Expected,Red,Left,46.65,33.17,0.2682,0.8681,663.8116,0.2682,53.88,1,Manual_P,81.90,68.42,-1.000,-1.000,-1.000,None,What was the color of the REAR turn signal?,Amber,8.629
1,Night,0,Practice,Expected,Red,Left,46.76,33.27,0.2745,0.8681,666.4215,0.2745,53.86,1,Manual_P,81.90,68.42,-1.000,-1.000,-1.000,None,What was the color of the REAR turn signal?,Amber,8.629
1,Night,0,Practice,Expected,Red,Left,46.86,33.38,0.2831,0.8681,669.0019,0.2831,53.84,1,Manual_P,81.90,68.42,-1.000,-1.000,-1.000,None,What was the color of the REAR turn signal?,Amber,8.629
1,Night,0,Practice,Expected,Red,Left,46.97,33.49,0.2969,0.8681,671.6442,0.2969,53.83,1,Manual_P,81.90,68.42,-1.000,-1.000,-1.000,None,What was the color of the REAR turn signal?,Amber,8.629
1,Night,0,Practice,Expected,Red,Left,47.08,33.60,0.3124,0.8681,674.2861,0.3124,53.81,1,Manual_P,81.90,68.42,-1.000,-1.000,-1.000,None,What was the color of the REAR turn signal?,Amber,8.629
1,Night,0,Practice,Expected,Red,Left,47.19,33.71,0.3341,0.8681,676.7993,0.3341,53.78,1,Manual_P,81.90,68.42,-1.000,-1.000,-1.000,None,What was the color of the REAR turn signal?,Amber,8.629
1,Night,0,Practice,Expected,Red,Left,47.30,33.82,0.3855,0.8681,679.4755,0.3855,53.74,1,Manual_P,81.90,68.42,-1.000,-1.000,-1.000,None,What was the color of the REAR turn signal?,Amber,8.629
1,Night,0,Practice,Expected,Red,Left,47.41,33.93,0.4484,0.8681,682.0804,0.4484,53.73,1,Manual_P,81.90,68.42,-1.000,-1.000,-1.000,None,What was the color of the REAR turn signal?,Amber,8.629
1,Night,0,Practice,Expected,Red,Left,47.52,34.04,0.5212,0.8681,684.7859,0.5212,53.71,1,Manual_P,81.90,68.42,-1.000,-1.000,-1.000,None,What was the color of the REAR turn signal?,Amber,8.629
1,Night,0,Practice,Expected,Red,Left,47.63,34.14,0.5975,0.8681,687.3206,0.5975,53.69,1,Manual_P,81.90,68.42,-1.000,-1.000,-1.000,None,What was the color of the REAR turn signal?,Amber,8.629
1,Night,0,Practice,Expected,Red,Left,47.73,34.25,0.6889,0.8681,689.8723,0.6889,53.67,1,Manual_P,81.90,68.42,-1.000,-1.000,-1.000,None,What was the color of the REAR turn signal?,Amber,8.629
1,Night,0,Practice,Expected,Red,Left,47.84,34.36,0.7933,0.8681,692.4412,0.7933,53.65,1,Manual_P,81.90,68.42,-1.000,-1.000,-1.000,None,What was the color of the REAR turn signal?,Amber,8.629
1,Night,0,Practice,Expected,Red,Left,47.96,34.47,0.9166,0.8681,695.1993,0.9166,53.64,1,Manual_P,81.90,68.42,-1.000,-1.000,-1.000,None,What was the color of the REAR turn signal?,Amber,8.629
1,Night,0,Practice,Expected,Red,Left,48.06,34.58,1.0323,0.8681,697.6646,1.0323,53.62,1,Manual_P,81.90,68.42,-1.000,-1.000,-1.000,None,What was the color of the REAR turn signal?,Amber,8.629
1,Night,0,Practice,Expected,Red,Left,48.17,34.68,1.1592,0.8681,700.2401,1.1592,53.61,1,Manual_P,81.90,68.42,-1.000,-1.000,-1.000,None,What was the color of the REAR turn signal?,Amber,8.629
1,Night,0,Practice,Expected,Red,Left,48.27,34.79,1.2887,0.8681,702.7750,1.2887,53.60,1,Manual_P,81.90,68.42,-1.000,-1.000,-1.000,None,What was the color of the REAR turn signal?,Amber,8.629
1,Night,0,Practice,Expected,Red,Left,48.38,34.89,1.4204,0.8681,705.2952,1.4204,53.58,1,Manual_P,81.90,68.42,-1.000,-1.000,-1.000,None,What was the color of the REAR turn signal?,Amber,8.629
1,Night,0,Practice,Expected,Red,Left,48.49,35.01,1.5611,0.8687,707.9914,1.5611,53.57,1,Manual_P,81.90,68.42,-1.000,-1.000,-1.000,None,What was the color of the REAR turn signal?,Amber,8.629
1,Night,0,Practice,Expected,Red,Left,48.60,35.12,1.6948,0.8692,710.6689,1.6948,53.55,1,Manual_P,81.90,68.42,-1.000,-1.000,-1.000,None,What was the color of the REAR turn signal?,Amber,8.629
1,Night,0,Practice,Expected,Red,Left,48.71,35.23,1.8196,0.8697,713.2386,1.8196,53.54,1,Manual_P,81.90,68.42,-1.000,-1.000,-1.000,None,What was the color of the REAR turn signal?,Amber,8.629
1,Night,0,Practice,Expected,Red,Left,48.82,35.34,1.9371,0.8685,715.8840,1.9371,53.50,1,Manual_P,81.90,68.42,-1.000,-1.000,-1.000,None,What was the color of the REAR turn signal?,Amber,8.629
1,Night,0,Practice,Expected,Red,Left,48.93,35.45,2.0219,0.8679,718.4984,2.0219,53.47,1,Manual_P,81.90,68.42,-1.000,-1.000,-1.000,None,What was the color of the REAR turn signal?,Amber,8.629
1,Night,0,Practice,Expected,Red,Left,49.04,35.56,2.0917,0.8678,721.1217,2.0917,53.45,1,Manual_P,81.90,68.42,-1.000,-1.000,-1.000,None,What was the color of the REAR turn signal?,Amber,8.629
1,Night,0,Practice,Expected,Red,Left,49.15,35.67,2.1370,0.8680,723.8268,2.1370,53.38,1,Manual_P,81.90,68.42,-1.000,-1.000,-1.000,None,What was the color of the REAR turn signal?,Amber,8.629
1,Night,0,Practice,Expected,Red,Left,49.27,35.78,2.1388,0.8681,726.5601,2.1388,53.35,1,Manual_P,81.90,68.42,-1.000,-1.000,-1.000,None,What was the color of the REAR turn signal?,Amber,8.629
1,Night,0,Practice,Expected,Red,Left,49.38,35.89,2.1139,0.8682,729.1269,2.1139,53.32,1,Manual_P,81.90,68.42,-1.000,-1.000,-1.000,None,What was the color of the REAR turn signal?,Amber,8.629
1,Night,0,Practice,Expected,Red,Left,49.48,36.00,2.0605,0.8682,731.7344,2.0605,53.30,1,Manual_P,81.90,68.42,-1.000,-1.000,-1.000,None,What was the color of the REAR turn signal?,Amber,8.629
1,Night,0,Practice,Expected,Red,Left,49.59,36.11,1.9790,0.8682,734.3473,1.9790,53.40,1,Manual_P,81.90,68.42,-1.000,-1.000,-1.000,None,What was the color of the REAR turn signal?,Amber,8.629
1,Night,0,Practice,Expected,Red,Left,49.70,36.22,1.8731,0.8681,736.9489,1.8731,53.47,1,Manual_P,81.90,68.42,-1.000,-1.000,-1.000,None,What was the color of the REAR turn signal?,Amber,8.629
1,Night,0,Practice,Expected,Red,Left,49.81,36.33,1.7471,0.8685,739.5264,1.7471,53.59,1,Manual_P,81.90,68.42,-1.000,-1.000,-1.000,None,What was the color of the REAR turn signal?,Amber,8.629
1,Night,0,Practice,Expected,Red,Left,49.92,36.43,1.6084,0.8683,742.0239,1.6084,53.64,1,Manual_P,81.90,68.42,-1.000,-1.000,-1.000,None,What was the color of the REAR turn signal?,Amber,8.629
1,Night,0,Practice,Expected,Red,Left,50.02,36.54,1.4490,0.8682,744.6368,1.4490,53.64,1,Manual_P,81.90,68.42,-1.000,-1.000,-1.000,None,What was the color of the REAR turn signal?,Amber,8.629
1,Night,0,Practice,Expected,Red,Left,50.13,36.65,1.2798,0.8681,747.2162,1.2798,53.63,1,Manual_P,81.90,68.42,-1.000,-1.000,-1.000,None,What was the color of the REAR turn signal?,Amber,8.629
1,Night,0,Practice,Expected,Red,Left,50.24,36.75,1.1053,0.8681,749.7379,1.1053,53.61,1,Manual_P,81.90,68.42,-1.000,-1.000,-1.000,None,What was the color of the REAR turn signal?,Amber,8.629
1,Night,0,Practice,Expected,Red,Left,50.35,36.86,0.9198,0.8681,752.3173,0.9198,53.60,1,Manual_P,81.90,68.42,-1.000,-1.000,-1.000,None,What was the color of the REAR turn signal?,Amber,8.629
1,Night,0,Practice,Expected,Red,Left,50.46,36.97,0.7420,0.8681,754.9697,0.7420,53.55,1,Manual_P,81.90,68.42,-1.000,-1.000,-1.000,None,What was the color of the REAR turn signal?,Amber,8.629
1,Night,0,Practice,Expected,Red,Left,50.57,37.08,0.5846,0.8681,757.6423,0.5846,53.53,1,Manual_P,81.90,68.42,-1.000,-1.000,-1.000,None,What was the color of the REAR turn signal?,Amber,8.629
1,Night,0,Practice,Expected,Red,Left,50.68,37.20,0.4367,0.8681,760.2838,0.4367,53.52,1,Manual_P,81.90,68.42,-1.000,-1.000,-1.000,None,What was the color of the REAR turn signal?,Amber,8.629
1,Night,0,Practice,Expected,Red,Left,50.79,37.31,0.3020,0.8681,762.9314,0.3020,53.60,1,Manual_P,81.90,68.42,-1.000,-1.000,-1.000,None,What was the color of the REAR turn signal?,Amber,8.629
1,Night,0,Practice,Expected,Red,Left,50.90,37.42,0.1845,0.8681,765.5905,0.1845,53.80,1,Manual_P,81.90,68.42,-1.000,-1.000,-1.000,None,What was the color of the REAR turn signal?,Amber,8.629
1,Night,0,Practice,Expected,Red,Left,51.01,37.53,0.0836,0.8681,768.3015,0.0836,53.87,1,Manual_P,81.90,68.42,-1.000,-1.000,-1.000,None,What was the color of the REAR turn signal?,Amber,8.629
1,Night,0,Practice,Expected,Red,Left,51.12,37.63,0.0061,0.8681,770.8065,0.0061,54.04,1,Manual_P,81.90,68.42,-1.000,-1.000,-1.000,None,What was the color of the REAR turn signal?,Amber,8.629
1,Night,0,Practice,Expected,Red,Left,51.23,37.74,-0.0607,0.8681,773.4330,-0.0607,54.15,1,Manual_P,81.90,68.42,-1.000,-1.000,-1.000,None,What was the color of the REAR turn signal?,Amber,8.629
1,Night,0,Practice,Expected,Red,Left,51.33,37.84,-0.1115,0.8681,775.8744,-0.1115,54.18,1,Manual_P,81.90,68.42,-1.000,-1.000,-1.000,None,What was the color of the REAR turn signal?,Amber,8.629
1,Night,0,Practice,Expected,Red,Left,51.44,37.96,-0.1581,0.8681,778.6508,-0.1581,54.29,1,Manual_P,81.90,68.42,-1.000,-1.000,-1.000,None,What was the color of the REAR turn signal?,Amber,8.629
1,Night,0,Practice,Expected,Red,Left,51.56,38.07,-0.1914,0.8681,781.4108,-0.1914,54.32,1,Manual_P,81.90,68.42,-1.000,-1.000,-1.000,None,What was the color of the REAR turn signal?,Amber,8.629
1,Night,0,Practice,Expected,Red,Left,51.66,38.18,-0.2000,0.8681,784.0407,-0.2000,54.31,1,Manual_P,81.90,68.42,-1.000,-1.000,-1.000,None,What was the color of the REAR turn signal?,Amber,8.629
1,Night,0,Practice,Expected,Red,Left,51.77,38.29,-0.1980,0.8681,786.7281,-0.1980,54.30,1,Manual_P,81.90,68.42,-1.000,-1.000,-1.000,None,What was the color of the REAR turn signal?,Amber,8.629
1,Night,0,Practice,Expected,Red,Left,51.88,38.40,-0.1853,0.8681,789.3057,-0.1853,54.32,1,Manual_P,81.90,68.42,-1.000,-1.000,-1.000,None,What was the color of the REAR turn signal?,Amber,8.629
1,Night,0,Practice,Expected,Red,Left,51.99,38.51,-0.1596,0.8681,791.9860,-0.1596,54.43,1,Manual_P,81.90,68.42,-1.000,-1.000,-1.000,None,What was the color of the REAR turn signal?,Amber,8.629
1,Night,0,Practice,Expected,Red,Left,52.11,38.62,-0.1200,0.8681,794.7720,-0.1200,54.46,1,Manual_P,81.90,68.42,-1.000,-1.000,-1.000,None,What was the color of the REAR turn signal?,Amber,8.629
1,Night,0,Practice,Expected,Red,Left,52.21,38.72,-0.0748,0.8681,797.2875,-0.0748,54.57,1,Manual_P,81.90,68.42,-1.000,-1.000,-1.000,None,What was the color of the REAR turn signal?,Amber,8.629
1,Night,0,Practice,Expected,Red,Left,52.31,38.83,-0.0342,0.8681,799.8060,-0.0342,54.66,1,Manual_P,81.90,68.42,-1.000,-1.000,-1.000,None,What was the color of the REAR turn signal?,Amber,8.629
1,Night,0,Practice,Expected,Red,Left,52.43,38.94,0.0118,0.8681,802.5818,0.0118,54.67,1,Manual_P,81.90,68.42,-1.000,-1.000,-1.000,None,What was the color of the REAR turn signal?,Amber,8.629
1,Night,0,Practice,Expected,Red,Left,52.54,39.05,0.0588,0.8681,805.3130,0.0588,54.66,1,Manual_P,81.90,68.42,-1.000,-1.000,-1.000,None,What was the color of the REAR turn signal?,Amber,8.629
1,Night,0,Practice,Expected,Red,Left,52.65,39.16,0.1030,0.8681,808.0027,0.1030,54.65,1,Manual_P,81.90,68.42,-1.000,-1.000,-1.000,None,What was the color of the REAR turn signal?,Amber,8.629
1,Night,0,Practice,Expected,Red,Left,52.76,39.28,0.1442,0.8681,810.7783,0.1442,54.64,1,Manual_P,81.90,68.42,-1.000,-1.000,-1.000,None,What was the color of the REAR turn signal?,Amber,8.629
1,Night,0,Practice,Expected,Red,Left,52.88,39.39,0.1903,0.8681,813.6166,0.1903,54.60,1,Manual_P,81.90,68.42,-1.000,-1.000,-1.000,None,What was the color of the REAR turn signal?,Amber,8.629
1,Night,0,Practice,Expected,Red,Left,52.99,39.51,0.2523,0.8681,816.4908,0.2523,54.59,1,Manual_P,81.90,68.42,-1.000,-1.000,-1.000,None,What was the color of the REAR turn signal?,Amber,8.629
1,Night,0,Practice,Expected,Red,Left,53.09,39.61,0.3040,0.8681,818.9341,0.3040,54.57,1,Manual_P,81.90,68.42,-1.000,-1.000,-1.000,None,What was the color of the REAR turn signal?,Amber,8.629
1,Night,0,Practice,Expected,Red,Left,53.20,39.71,0.3431,0.8681,821.3807,0.3431,54.54,1,Manual_P,81.90,68.42,-1.000,-1.000,-1.000,None,What was the color of the REAR turn signal?,Amber,8.629
1,Night,0,Practice,Expected,Red,Left,53.31,39.82,0.3850,0.8681,824.1324,0.3850,54.53,1,Manual_P,81.90,68.42,-1.000,-1.000,-1.000,None,What was the color of the REAR turn signal?,Amber,8.629
1,Night,0,Practice,Expected,Red,Left,53.42,39.94,0.4288,0.8681,826.8849,0.4288,54.51,1,Manual_P,81.90,68.42,-1.000,-1.000,-1.000,None,What was the color of the REAR turn signal?,Amber,8.629
1,Night,0,Practice,Expected,Red,Left,53.53,40.05,0.4709,0.8681,829.6429,0.4709,54.50,1,Manual_P,81.90,68.42,-1.000,-1.000,-1.000,None,What was the color of the REAR turn signal?,Amber,8.629
1,Night,0,Practice,Expected,Red,Left,53.65,40.16,0.5083,0.8681,832.3544,0.5083,54.48,1,Manual_P,81.90,68.42,-1.000,-1.000,-1.000,None,What was the color of the REAR turn signal?,Amber,8.629
1,Night,0,Practice,Expected,Red,Left,53.76,40.28,0.5417,0.8681,835.1205,0.5417,54.47,1,Manual_P,81.90,68.42,-1.000,-1.000,-1.000,None,What was the color of the REAR turn signal?,Amber,8.629
1,Night,0,Practice,Expected,Red,Left,53.87,40.39,0.5701,0.8681,837.8979,0.5701,54.45,1,Manual_P,81.90,68.42,-1.000,-1.000,-1.000,None,What was the color of the REAR turn signal?,Amber,8.629
1,Night,0,Practice,Expected,Red,Left,53.99,40.50,0.5940,0.8681,840.7063,0.5940,54.44,1,Manual_P,81.90,68.42,-1.000,-1.000,-1.000,None,What was the color of the REAR turn signal?,Amber,8.629
1,Night,0,Practice,Expected,Red,Left,54.09,40.61,0.6061,0.8681,843.2800,0.6061,54.42,1,Manual_P,81.90,68.42,-1.000,-1.000,-1.000,None,What was the color of the REAR turn signal?,Amber,8.629
1,Night,0,Practice,Expected,Red,Left,54.20,40.72,0.6075,0.8681,845.9230,0.6075,54.40,1,Manual_P,81.90,68.42,-1.000,-1.000,-1.000,None,What was the color of the REAR turn signal?,Amber,8.629
1,Night,0,Practice,Expected,Red,Left,54.31,40.83,0.6031,0.8681,848.6151,0.6031,54.39,1,Manual_P,81.90,68.42,-1.000,-1.000,-1.000,None,What was the color of the REAR turn signal?,Amber,8.629
1,Night,0,Practice,Expected,Red,Left,54.43,40.95,0.5905,0.8681,851.4274,0.5905,54.37,1,Manual_P,81.90,68.42,-1.000,-1.000,-1.000,None,What was the color of the REAR turn signal?,Amber,8.629
1,Night,0,Practice,Expected,Red,Left,54.54,41.05,0.5714,0.8681,854.0040,0.5714,54.36,1,Manual_P,81.90,68.42,-1.000,-1.000,-1.000,None,What was the color of the REAR turn signal?,Amber,8.629
1,Night,0,Practice,Expected,Red,Left,54.64,41.15,0.5468,0.8681,856.4426,0.5468,54.34,1,Manual_P,81.90,68.42,-1.000,-1.000,-1.000,None,What was the color of the REAR turn signal?,Amber,8.629
1,Night,0,Practice,Expected,Red,Left,54.75,41.27,0.5105,0.8681,859.3070,0.5105,54.33,1,Manual_P,81.90,68.42,-1.000,-1.000,-1.000,None,What was the color of the REAR turn signal?,Amber,8.629
1,Night,0,Practice,Expected,Red,Left,54.87,41.39,0.4679,0.8681,862.1409,0.4679,54.31,1,Manual_P,81.90,68.42,-1.000,-1.000,-1.000,None,What was the color of the REAR turn signal?,Amber,8.629
1,Night,0,Practice,Expected,Red,Left,54.99,41.50,0.4199,0.8681,864.9513,0.4199,54.30,1,Manual_P,81.90,68.42,-1.000,-1.000,-1.000,None,What was the color of the REAR turn signal?,Amber,8.629
1,Night,0,Practice,Expected,Red,Left,55.10,41.62,0.3668,0.8681,867.7864,0.3668,54.28,1,Manual_P,81.90,68.42,-1.000,-1.000,-1.000,None,What was the color of the REAR turn signal?,Amber,8.629
1,Night,0,Practice,Expected,Red,Left,55.20,41.72,0.3181,0.8681,870.2169,0.3181,54.27,1,Manual_P,81.90,68.42,-1.000,-1.000,-1.000,None,What was the color of the REAR turn signal?,Amber,8.629
1,Night,0,Practice,Expected,Red,Left,55.31,41.82,0.2660,0.8681,872.6901,0.2660,54.26,1,Manual_P,81.90,68.42,-1.000,-1.000,-1.000,None,What was the color of the REAR turn signal?,Amber,8.629
1,Night,0,Practice,Expected,Red,Left,55.41,41.92,0.2114,0.8681,875.1818,0.2114,54.24,1,Manual_P,81.90,68.42,-1.000,-1.000,-1.000,None,What was the color of the REAR turn signal?,Amber,8.629
1,Night,0,Practice,Expected,Red,Left,55.52,42.04,0.1479,0.8681,877.9913,0.1479,54.23,1,Manual_P,81.90,68.42,-1.000,-1.000,-1.000,None,What was the color of the REAR turn signal?,Amber,8.629
1,Night,0,Practice,Expected,Red,Left,55.64,42.15,0.0833,0.8681,880.7659,0.0833,54.22,1,Manual_P,81.90,68.42,-1.000,-1.000,-1.000,None,What was the color of the REAR turn signal?,Amber,8.629
1,Night,0,Practice,Expected,Red,Left,55.76,42.27,0.0158,0.8681,883.6078,0.0158,54.20,1,Manual_P,81.90,68.42,-1.000,-1.000,-1.000,None,What was the color of the REAR turn signal?,Amber,8.629
1,Night,0,Practice,Expected,Red,Left,55.87,42.39,-0.0520,0.8681,886.4174,-0.0520,54.19,1,Manual_P,81.90,68.42,-1.000,-1.000,-1.000,None,What was the color of the REAR turn signal?,Amber,8.629
1,Night,0,Practice,Expected,Red,Left,55.99,42.50,-0.1203,0.8681,889.2084,-0.1203,54.17,1,Manual_P,81.90,68.42,-1.000,-1.000,-1.000,None,What was the color of the REAR turn signal?,Amber,8.629
1,Night,0,Practice,Expected,Red,Left,56.09,42.60,-0.1802,0.8681,891.6379,-0.1802,54.16,1,Manual_P,81.90,68.42,-1.000,-1.000,-1.000,None,What was the color of the REAR turn signal?,Amber,8.629
1,Night,0,Practice,Expected,Red,Left,56.20,42.72,-0.2502,0.8681,894.4512,-0.2502,54.15,1,Manual_P,81.90,68.42,-1.000,-1.000,-1.000,None,What was the color of the REAR turn signal?,Amber,8.629
1,Night,0,Practice,Expected,Red,Left,56.32,42.84,-0.3206,0.8681,897.2651,-0.3206,54.13,1,Manual_P,81.90,68.42,-1.000,-1.000,-1.000,None,What was the color of the REAR turn signal?,Amber,8.629
1,Night,0,Practice,Expected,Red,Left,56.42,42.94,-0.3818,0.8681,899.7018,-0.3818,54.12,1,Manual_P,81.90,68.42,-1.000,-1.000,-1.000,None,What was the color of the REAR turn signal?,Amber,8.629
1,Night,0,Practice,Expected,Red,Left,56.52,43.04,-0.4405,0.8681,902.1660,-0.4405,54.10,1,Manual_P,81.90,68.42,-1.000,-1.000,-1.000,None,What was the color of the REAR turn signal?,Amber,8.629
1,Night,0,Practice,Expected,Red,Left,56.64,43.16,-0.4805,0.8681,904.9990,-0.4805,54.05,1,Manual_P,81.90,68.42,-1.000,-1.000,-1.000,None,What was the color of the REAR turn signal?,Amber,8.629
1,Night,0,Practice,Expected,Red,Left,56.76,43.27,-0.5038,0.8681,907.8140,-0.5038,54.04,1,Manual_P,81.90,68.42,-1.000,-1.000,-1.000,None,What was the color of the REAR turn signal?,Amber,8.629
1,Night,0,Practice,Expected,Red,Left,56.87,43.39,-0.5140,0.8681,910.5948,-0.5140,54.02,1,Manual_P,81.90,68.42,-1.000,-1.000,-1.000,None,What was the color of the REAR turn signal?,Amber,8.629
1,Night,0,Practice,Expected,Red,Left,56.99,43.50,-0.5060,0.8681,913.3971,-0.5060,53.99,1,Manual_P,81.90,68.42,-1.000,-1.000,-1.000,None,What was the color of the REAR turn signal?,Amber,8.629
1,Night,0,Practice,Expected,Red,Left,57.10,43.62,-0.4787,0.8681,916.1830,-0.4787,53.97,1,Manual_P,81.90,68.42,-1.000,-1.000,-1.000,None,What was the color of the REAR turn signal?,Amber,8.629
1,Night,0,Practice,Expected,Red,Left,57.22,43.74,-0.4322,0.8681,919.0178,-0.4322,53.95,1,Manual_P,81.90,68.42,-1.000,-1.000,-1.000,None,What was the color of the REAR turn signal?,Amber,8.629
1,Night,0,Practice,Expected,Red,Left,57.34,43.86,-0.3650,0.8681,922.0105,-0.3650,53.93,1,Manual_P,81.90,68.42,-1.000,-1.000,-1.000,None,What was the color of the REAR turn signal?,Amber,8.629
1,Night,0,Practice,Expected,Red,Left,57.45,43.97,-0.2936,0.8681,924.6191,-0.2936,53.92,1,Manual_P,81.90,68.42,-1.000,-1.000,-1.000,None,What was the color of the REAR turn signal?,Amber,8.629
1,Night,0,Practice,Expected,Red,Left,57.56,44.08,-0.2097,0.8681,927.3000,-0.2097,53.90,1,Manual_P,81.90,68.42,-1.000,-1.000,-1.000,None,What was the color of the REAR turn signal?,Amber,8.629
1,Night,0,Practice,Expected,Red,Left,57.68,44.19,-0.1172,0.8681,929.9808,-0.1172,53.89,1,Manual_P,81.90,68.42,-1.000,-1.000,-1.000,None,What was the color of the REAR turn signal?,Amber,8.629
1,Night,0,Practice,Expected,Red,Left,57.79,44.30,-0.0170,0.8681,932.6767,-0.0170,53.87,1,Manual_P,81.90,68.42,-1.000,-1.000,-1.000,None,What was the color of the REAR turn signal?,Amber,8.629
1,Night,0,Practice,Expected,Red,Left,57.90,44.42,0.0884,0.8681,935.3561,0.0884,53.86,1,Manual_P,81.90,68.42,-1.000,-1.000,-1.000,None,What was the color of the REAR turn signal?,Amber,8.629
1,Night,0,Practice,Expected,Red,Left,58.01,44.53,0.1977,0.8681,938.0197,0.1977,53.84,1,Manual_P,81.90,68.42,-1.000,-1.000,-1.000,None,What was the color of the REAR turn signal?,Amber,8.629
1,Night,0,Practice,Expected,Red,Left,58.12,44.64,0.3110,0.8681,940.7650,0.3110,53.82,1,Manual_P,81.90,68.42,-1.000,-1.000,-1.000,None,What was the color of the REAR turn signal?,Amber,8.629
1,Night,0,Practice,Expected,Red,Left,58.23,44.75,0.4002,0.8681,943.3239,0.4002,53.80,1,Manual_P,81.90,68.42,-1.000,-1.000,-1.000,None,What was the color of the REAR turn signal?,Amber,8.629
1,Night,0,Practice,Expected,Red,Left,58.34,44.86,0.4856,0.8681,945.9329,0.4856,53.78,1,Manual_P,81.90,68.42,-1.000,-1.000,-1.000,None,What was the color of the REAR turn signal?,Amber,8.629
1,Night,0,Practice,Expected,Red,Left,58.46,44.97,0.5705,0.8681,948.7264,0.5705,53.76,1,Manual_P,81.90,68.42,-1.000,-1.000,-1.000,None,What was the color of the REAR turn signal?,Amber,8.629
1,Night,0,Practice,Expected,Red,Left,58.57,45.08,0.6412,0.8681,951.3838,0.6412,53.75,1,Manual_P,81.90,68.42,-1.000,-1.000,-1.000,None,What was the color of the REAR turn signal?,Amber,8.629
1,Night,0,Practice,Expected,Red,Left,58.68,45.19,0.7003,0.8681,954.0204,0.7003,53.73,1,Manual_P,81.90,68.42,-1.000,-1.000,-1.000,None,What was the color of the REAR turn signal?,Amber,8.629
1,Night,0,Practice,Expected,Red,Left,58.79,45.30,0.7499,0.8681,956.7232,0.7499,53.72,1,Manual_P,81.90,68.42,-1.000,-1.000,-1.000,None,What was the color of the REAR turn signal?,Amber,8.629
1,Night,0,Practice,Expected,Red,Left,58.90,45.42,0.8003,0.8681,959.4795,0.8003,53.69,1,Manual_P,81.90,68.42,-1.000,-1.000,-1.000,None,What was the color of the REAR turn signal?,Amber,8.629
1,Night,0,Practice,Expected,Red,Left,59.01,45.53,0.8556,0.8681,962.0929,0.8556,53.67,1,Manual_P,81.90,68.42,-1.000,-1.000,-1.000,None,What was the color of the REAR turn signal?,Amber,8.629
1,Night,0,Practice,Expected,Red,Left,59.12,45.64,0.9103,0.8681,964.7758,0.9103,53.66,1,Manual_P,81.90,68.42,-1.000,-1.000,-1.000,None,What was the color of the REAR turn signal?,Amber,8.629
1,Night,0,Practice,Expected,Red,Left,59.24,45.75,0.9683,0.8681,967.4794,0.9683,53.65,1,Manual_P,81.90,68.42,-1.000,-1.000,-1.000,None,What was the color of the REAR turn signal?,Amber,8.629
1,Night,0,Practice,Expected,Red,Left,59.35,45.87,1.0347,0.8681,970.2728,1.0347,53.63,1,Manual_P,81.90,68.42,-1.000,-1.000,-1.000,None,What was the color of the REAR turn signal?,Amber,8.629
1,Night,0,Practice,Expected,Red,Left,59.46,45.98,1.1055,0.8681,972.9399,1.1055,53.62,1,Manual_P,81.90,68.42,-1.000,-1.000,-1.000,None,What was the color of the REAR turn signal?,Amber,8.629
1,Night,0,Practice,Expected,Red,Left,59.57,46.09,1.1804,0.8681,975.5023,1.1804,53.60,1,Manual_P,81.90,68.42,-1.000,-1.000,-1.000,None,What was the color of the REAR turn signal?,Amber,8.629
1,Night,0,Practice,Expected,Red,Left,59.68,46.20,1.2640,0.8681,978.1337,1.2640,53.59,1,Manual_P,81.90,68.42,-1.000,-1.000,-1.000,None,What was the color of the REAR turn signal?,Amber,8.629
1,Night,0,Practice,Expected,Red,Left,59.80,46.31,1.3574,0.8681,980.8749,1.3574,53.57,1,Manual_P,81.90,68.42,-1.000,-1.000,-1.000,None,What was the color of the REAR turn signal?,Amber,8.629
1,Night,0,Practice,Expected,Red,Left,59.91,46.42,1.4552,0.8681,983.5798,1.4552,53.56,1,Manual_P,81.90,68.42,-1.000,-1.000,-1.000,None,What was the color of the REAR turn signal?,Amber,8.629
1,Night,0,Practice,Expected,Red,Left,60.03,46.54,1.5613,0.8681,986.3805,1.5613,53.66,1,Manual_P,81.90,68.42,-1.000,-1.000,-1.000,None,What was the color of the REAR turn signal?,Amber,8.629
1,Night,0,Practice,Expected,Red,Left,60.13,46.64,1.6583,0.8695,988.8494,1.6583,53.71,1,Manual_P,81.90,68.42,-1.000,-1.000,-1.000,None,What was the color of the REAR turn signal?,Amber,8.629
1,Night,0,Practice,Expected,Red,Left,60.23,46.75,1.7510,0.8698,991.3256,1.7510,53.70,1,Manual_P,81.90,68.42,-1.000,-1.000,-1.000,None,What was the color of the REAR turn signal?,Amber,8.629
1,Night,0,Practice,Expected,Red,Left,60.33,46.85,1.8187,0.8694,993.7387,1.8187,53.67,1,Manual_P,81.90,68.42,-1.000,-1.000,-1.000,None,What was the color of the REAR turn signal?,Amber,8.629
1,Night,0,Practice,Expected,Red,Left,60.44,46.96,1.8814,0.8682,996.3871,1.8814,53.64,1,Manual_P,81.90,68.42,-1.000,-1.000,-1.000,None,What was the color of the REAR turn signal?,Amber,8.629
1,Night,0,Practice,Expected,Red,Left,60.54,47.06,1.9112,0.8678,998.7992,1.9112,53.59,1,Manual_P,81.90,68.42,-1.000,-1.000,-1.000,None,What was the color of the REAR turn signal?,Amber,8.629
1,Night,0,Practice,Expected,Red,Left,60.66,47.17,1.9116,0.8678,1001.5240,1.9116,53.56,1,Manual_P,81.90,68.42,-1.000,-1.000,-1.000,None,What was the color of the REAR turn signal?,Amber,8.629
1,Night,0,Practice,Expected,Red,Left,60.76,47.28,1.8877,0.8680,1004.0010,1.8877,53.53,1,Manual_P,81.90,68.42,-1.000,-1.000,-1.000,None,What was the color of the REAR turn signal?,Amber,8.629
1,Night,0,Practice,Expected,Red,Left,60.88,47.39,1.8423,0.8681,1006.8070,1.8423,53.49,1,Manual_P,81.90,68.42,-1.000,-1.000,-1.000,None,What was the color of the REAR turn signal?,Amber,8.629
1,Night,0,Practice,Expected,Red,Left,60.98,47.50,1.8050,0.8682,1009.2300,1.8050,53.47,1,Manual_P,81.90,68.42,-1.000,-1.000,-1.000,None,What was the color of the REAR turn signal?,Amber,8.629
1,Night,0,Practice,Expected,Red,Left,61.08,47.60,1.7573,0.8682,1011.6760,1.7573,53.45,1,Manual_P,81.90,68.42,-1.000,-1.000,-1.000,None,What was the color of the REAR turn signal?,Amber,8.629
1,Night,0,Practice,Expected,Red,Left,61.18,47.70,1.7174,0.8690,1014.0970,1.7174,53.41,1,Manual_P,81.90,68.42,-1.000,-1.000,-1.000,None,What was the color of the REAR turn signal?,Amber,8.629
1,Night,0,Practice,Expected,Red,Left,61.29,47.80,1.7071,0.8689,1016.5760,1.7071,53.36,1,Manual_P,81.90,68.42,-1.000,-1.000,-1.000,None,What was the color of the REAR turn signal?,Amber,8.629
1,Night,0,Practice,Expected,Red,Left,61.39,47.91,1.7150,0.8700,1019.0540,1.7150,53.34,1,Manual_P,81.90,68.42,-1.000,-1.000,-1.000,None,What was the color of the REAR turn signal?,Amber,8.629
1,Night,0,Practice,Expected,Red,Left,61.49,48.01,1.7257,0.8710,1021.4680,1.7257,53.31,1,Manual_P,81.90,68.42,-1.000,-1.000,-1.000,None,What was the color of the REAR turn signal?,Amber,8.629
1,Night,0,Practice,Expected,Red,Left,61.59,48.11,1.7483,0.8692,1023.9070,1.7483,53.29,1,Manual_P,81.90,68.42,-1.000,-1.000,-1.000,None,What was the color of the REAR turn signal?,Amber,8.629
1,Night,0,Practice,Expected,Red,Left,61.71,48.23,1.7674,0.8678,1026.6740,1.7674,53.22,1,Manual_P,81.90,68.42,-1.000,-1.000,-1.000,None,What was the color of the REAR turn signal?,Amber,8.629
1,Night,0,Practice,Expected,Red,Left,61.81,48.33,1.7587,0.8676,1029.0630,1.7587,53.19,1,Manual_P,81.90,68.42,-1.000,-1.000,-1.000,None,What was the color of the REAR turn signal?,Amber,8.629
1,Night,0,Practice,Expected,Red,Left,61.91,48.43,1.7386,0.8677,1031.4730,1.7386,53.18,1,Manual_P,81.90,68.42,-1.000,-1.000,-1.000,None,What was the color of the REAR turn signal?,Amber,8.629
1,Night,0,Practice,Expected,Red,Left,62.01,48.53,1.7047,0.8701,1033.8800,1.7047,53.16,1,Manual_P,81.90,68.42,-1.000,-1.000,-1.000,None,What was the color of the REAR turn signal?,Amber,8.629
1,Night,0,Practice,Expected,Red,Left,62.13,48.65,1.6386,0.8706,1036.6450,1.6386,53.12,1,Manual_P,81.90,68.42,-1.000,-1.000,-1.000,None,What was the color of the REAR turn signal?,Amber,8.629
1,Night,0,Practice,Expected,Red,Left,62.23,48.75,1.5555,0.8688,1039.0300,1.5555,51.84,1,Manual_P,81.90,68.42,-1.000,-1.000,-1.000,None,What was the color of the REAR turn signal?,Amber,8.629
1,Night,0,Practice,Expected,Red,Left,62.35,48.86,1.4387,0.8678,1041.6370,1.4387,49.11,1,Manual_P,81.90,68.42,-1.000,-1.000,-1.000,None,What was the color of the REAR turn signal?,Amber,8.629
1,Night,0,Practice,Expected,Red,Left,62.45,48.96,1.3203,0.8676,1043.8020,1.3203,47.70,1,Manual_P,81.90,68.42,-1.000,-1.000,-1.000,None,What was the color of the REAR turn signal?,Amber,8.629
1,Night,0,Practice,Expected,Red,Left,62.56,49.08,1.1671,0.8678,1046.2170,1.1671,46.15,1,Manual_P,81.90,68.42,-1.000,-1.000,-1.000,None,What was the color of the REAR turn signal?,Amber,8.629
1,Night,0,Practice,Expected,Red,Left,62.67,49.18,1.0212,0.8681,1048.2780,1.0212,44.83,1,Manual_P,81.90,68.42,-1.000,-1.000,-1.000,None,What was the color of the REAR turn signal?,Amber,8.629
1,Night,0,Practice,Expected,Red,Left,62.77,49.28,0.8731,0.8682,1050.2470,0.8731,42.88,1,Manual_P,81.90,68.42,-1.000,-1.000,-1.000,None,What was the color of the REAR turn signal?,Amber,8.629
1,Night,0,Practice,Expected,Red,Left,62.87,49.38,0.7399,0.8682,1052.1620,0.7399,41.79,1,Manual_P,81.90,68.42,-1.000,-1.000,-1.000,None,What was the color of the REAR turn signal?,Amber,8.629
1,Night,0,Practice,Expected,Red,Left,62.97,49.49,0.6168,0.8682,1054.0590,0.6168,41.71,1,Manual_P,81.90,68.42,-1.000,-1.000,-1.000,None,What was the color of the REAR turn signal?,Amber,8.629
1,Night,0,Practice,Expected,Red,Left,63.07,49.59,0.5061,0.8682,1055.9320,0.5061,41.66,1,Manual_P,81.90,68.42,-1.000,-1.000,-1.000,None,What was the color of the REAR turn signal?,Amber,8.629
1,Night,0,Practice,Expected,Red,Left,63.17,49.69,0.4187,0.8681,1057.8490,0.4187,41.64,1,Manual_P,81.90,68.42,-1.000,-1.000,-1.000,None,What was the color of the REAR turn signal?,Amber,8.629
1,Night,0,Practice,Expected,Red,Left,63.29,49.81,0.3358,0.8681,1060.0190,0.3358,41.62,1,Manual_P,81.90,68.42,-1.000,-1.000,-1.000,None,What was the color of the REAR turn signal?,Amber,8.629
1,Night,0,Practice,Expected,Red,Left,63.39,49.91,0.2843,0.8681,1061.8880,0.2843,41.58,1,Manual_P,81.90,68.42,-1.000,-1.000,-1.000,None,What was the color of the REAR turn signal?,Amber,8.629
1,Night,0,Practice,Expected,Red,Left,63.50,50.01,0.2743,0.8681,1063.8490,0.2743,41.53,1,Manual_P,81.90,68.42,-1.000,-1.000,-1.000,None,What was the color of the REAR turn signal?,Amber,8.629
1,Night,0,Practice,Expected,Red,Left,63.60,50.11,0.2979,0.8681,1065.7290,0.2979,41.69,1,Manual_P,81.90,68.42,-1.000,-1.000,-1.000,None,What was the color of the REAR turn signal?,Amber,8.629
1,Night,0,Practice,Expected,Red,Left,63.70,50.22,0.3251,0.8681,1067.6330,0.3251,42.06,1,Manual_P,81.90,68.42,-1.000,-1.000,-1.000,None,What was the color of the REAR turn signal?,Amber,8.629
1,Night,0,Practice,Expected,Red,Left,63.80,50.32,0.3579,0.8681,1069.5430,0.3579,42.73,1,Manual_P,81.90,68.42,-1.000,-1.000,-1.000,None,What was the color of the REAR turn signal?,Amber,8.629
1,Night,0,Practice,Expected,Red,Left,63.90,50.42,0.4070,0.8681,1071.4810,0.4070,43.38,1,Manual_P,81.90,68.42,-1.000,-1.000,-1.000,None,What was the color of the REAR turn signal?,Amber,8.629
1,Night,0,Practice,Expected,Red,Left,64.00,50.52,0.4677,0.8681,1073.4710,0.4677,44.01,1,Manual_P,81.90,68.42,-1.000,-1.000,-1.000,None,What was the color of the REAR turn signal?,Amber,8.629
1,Night,0,Practice,Expected,Red,Left,64.10,50.62,0.5337,0.8681,1075.4490,0.5337,44.49,1,Manual_P,81.90,68.42,-1.000,-1.000,-1.000,None,What was the color of the REAR turn signal?,Amber,8.629
1,Night,0,Practice,Expected,Red,Left,64.21,50.72,0.6049,0.8681,1077.4940,0.6049,44.78,1,Manual_P,81.90,68.42,-1.000,-1.000,-1.000,None,What was the color of the REAR turn signal?,Amber,8.629
1,Night,0,Practice,Expected,Red,Left,64.31,50.83,0.6798,0.8681,1079.5970,0.6798,44.87,1,Manual_P,81.90,68.42,-1.000,-1.000,-1.000,None,What was the color of the REAR turn signal?,Amber,8.629
1,Night,0,Practice,Expected,Red,Left,64.41,50.93,0.7538,0.8681,1081.6600,0.7538,44.88,1,Manual_P,81.90,68.42,-1.000,-1.000,-1.000,None,What was the color of the REAR turn signal?,Amber,8.629
1,Night,0,Practice,Expected,Red,Left,64.52,51.04,0.8296,0.8681,1083.7720,0.8296,44.87,1,Manual_P,81.90,68.42,-1.000,-1.000,-1.000,None,What was the color of the REAR turn signal?,Amber,8.629
1,Night,0,Practice,Expected,Red,Left,64.63,51.15,0.9063,0.8681,1085.9820,0.9063,44.85,1,Manual_P,81.90,68.42,-1.000,-1.000,-1.000,None,What was the color of the REAR turn signal?,Amber,8.629
1,Night,0,Practice,Expected,Red,Left,64.73,51.25,0.9684,0.8681,1087.8850,0.9684,35.58,1,Manual_P,81.90,68.42,-1.000,-1.000,-1.000,None,What was the color of the REAR turn signal?,Amber,8.629
1,Night,0,Practice,Expected,Red,Left,64.84,51.36,1.0435,0.8681,1089.6450,1.0435,35.21,1,Manual_P,81.90,68.42,-1.000,-1.000,-1.000,None,What was the color of the REAR turn signal?,Amber,8.629
1,Night,0,Practice,Expected,Red,Left,64.96,51.48,1.0868,0.8681,1091.4690,1.0868,35.10,1,Manual_P,81.90,68.42,-1.000,-1.000,-1.000,None,What was the color of the REAR turn signal?,Amber,8.629
1,Night,0,Practice,Expected,Red,Left,65.08,51.59,1.0997,0.8681,1093.2870,1.0997,35.05,1,Manual_P,81.90,68.42,-1.000,-1.000,-1.000,None,What was the color of the REAR turn signal?,Amber,8.629
1,Night,0,Practice,Expected,Red,Left,65.19,51.70,1.0889,0.8681,1095.0590,1.0889,35.03,1,Manual_P,81.90,68.42,-1.000,-1.000,-1.000,None,What was the color of the REAR turn signal?,Amber,8.629
1,Night,0,Practice,Expected,Red,Left,65.30,51.82,1.0614,0.8681,1096.8420,1.0614,35.01,1,Manual_P,81.90,68.42,-1.000,-1.000,-1.000,None,What was the color of the REAR turn signal?,Amber,8.629
1,Night,0,Practice,Expected,Red,Left,65.42,51.93,1.0224,0.8682,1098.6110,1.0224,35.00,1,Manual_P,81.90,68.42,-1.000,-1.000,-1.000,None,What was the color of the REAR turn signal?,Amber,8.629
1,Night,0,Practice,Expected,Red,Left,65.52,52.03,0.9806,0.8682,1100.2000,0.9806,34.99,1,Manual_P,81.90,68.42,-1.000,-1.000,-1.000,None,What was the color of the REAR turn signal?,Amber,8.629
1,Night,0,Practice,Expected,Red,Left,65.62,52.13,0.9341,0.8682,1101.7890,0.9341,34.99,1,Manual_P,81.90,68.42,-1.000,-1.000,-1.000,None,What was the color of the REAR turn signal?,Amber,8.629
1,Night,0,Practice,Expected,Red,Left,65.73,52.25,0.8788,0.8682,1103.5510,0.8788,35.09,1,Manual_P,81.90,68.42,-1.000,-1.000,-1.000,None,What was the color of the REAR turn signal?,Amber,8.629
1,Night,0,Practice,Expected,Red,Left,65.85,52.36,0.8264,0.8682,1105.3670,0.8264,34.89,1,Manual_P,81.90,68.42,-1.000,-1.000,-1.000,None,What was the color of the REAR turn signal?,Amber,8.629
1,Night,0,Practice,Expected,Red,Left,65.96,52.48,0.7834,0.8681,1107.1720,0.7834,34.90,1,Manual_P,81.90,68.42,-1.000,-1.000,-1.000,None,What was the color of the REAR turn signal?,Amber,8.629
1,Night,0,Practice,Expected,Red,Left,66.08,52.59,0.7450,0.8681,1108.9380,0.7450,34.91,1,Manual_P,81.90,68.42,-1.000,-1.000,-1.000,None,What was the color of the REAR turn signal?,Amber,8.629
1,Night,0,Practice,Expected,Red,Left,66.19,52.71,0.7112,0.8682,1110.7560,0.7112,34.90,1,Manual_P,81.90,68.42,-1.000,-1.000,-1.000,None,What was the color of the REAR turn signal?,Amber,8.629
1,Night,0,Practice,Expected,Red,Left,66.31,52.82,0.6841,0.8682,1112.5630,0.6841,34.97,1,Manual_P,81.90,68.42,-1.000,-1.000,-1.000,None,What was the color of the REAR turn signal?,Amber,8.629
1,Night,0,Practice,Expected,Red,Left,66.42,52.93,0.6637,0.8682,1114.2890,0.6637,35.12,1,Manual_P,81.90,68.42,-1.000,-1.000,-1.000,None,What was the color of the REAR turn signal?,Amber,8.629
1,Night,0,Practice,Expected,Red,Left,66.53,53.05,0.6524,0.8682,1116.1010,0.6524,34.97,1,Manual_P,81.90,68.42,-1.000,-1.000,-1.000,None,What was the color of the REAR turn signal?,Amber,8.629
1,Night,0,Practice,Expected,Red,Left,66.64,53.15,0.6462,0.8682,1117.6810,0.6462,34.98,1,Manual_P,81.90,68.42,-1.000,-1.000,-1.000,None,What was the color of the REAR turn signal?,Amber,8.629
1,Night,0,Practice,Expected,Red,Left,66.75,53.27,0.6425,0.8682,1119.4800,0.6425,34.99,1,Manual_P,81.90,68.42,-1.000,-1.000,-1.000,None,What was the color of the REAR turn signal?,Amber,8.629
1,Night,0,Practice,Expected,Red,Left,66.86,53.38,0.6430,0.8682,1121.2660,0.6430,35.00,1,Manual_P,81.90,68.42,-1.000,-1.000,-1.000,None,What was the color of the REAR turn signal?,Amber,8.629
1,Night,0,Practice,Expected,Red,Left,66.98,53.50,0.6476,0.8683,1123.0820,0.6476,35.03,1,Manual_P,81.90,68.42,-1.000,-1.000,-1.000,None,What was the color of the REAR turn signal?,Amber,8.629
1,Night,0,Practice,Expected,Red,Left,67.08,53.60,0.6550,0.8683,1124.6720,0.6550,35.03,1,Manual_P,81.90,68.42,-1.000,-1.000,-1.000,None,What was the color of the REAR turn signal?,Amber,8.629
1,Night,0,Practice,Expected,Red,Left,67.18,53.70,0.6694,0.8682,1126.2680,0.6694,35.07,1,Manual_P,81.90,68.42,-1.000,-1.000,-1.000,None,What was the color of the REAR turn signal?,Amber,8.629
1,Night,0,Practice,Expected,Red,Left,67.30,53.82,0.6844,0.8682,1128.0790,0.6844,35.04,1,Manual_P,81.90,68.42,-1.000,-1.000,-1.000,None,What was the color of the REAR turn signal?,Amber,8.629
1,Night,0,Practice,Expected,Red,Left,67.40,53.92,0.6920,0.8682,1129.6800,0.6920,35.01,1,Manual_P,81.90,68.42,-1.000,-1.000,-1.000,None,What was the color of the REAR turn signal?,Amber,8.629
1,Night,0,Practice,Expected,Red,Left,67.50,54.02,0.6952,0.8681,1131.2510,0.6952,35.00,1,Manual_P,81.90,68.42,-1.000,-1.000,-1.000,None,What was the color of the REAR turn signal?,Amber,8.629
1,Night,0,Practice,Expected,Red,Left,67.60,54.12,0.6952,0.8681,1132.8250,0.6952,34.99,1,Manual_P,81.90,68.42,-1.000,-1.000,-1.000,None,What was the color of the REAR turn signal?,Amber,8.629
1,Night,0,Practice,Expected,Red,Left,67.72,54.23,0.6928,0.8680,1134.6090,0.6928,34.98,1,Manual_P,81.90,68.42,-1.000,-1.000,-1.000,None,What was the color of the REAR turn signal?,Amber,8.629
1,Night,0,Practice,Expected,Red,Left,67.82,54.33,0.6905,0.8680,1136.1800,0.6905,35.00,1,Manual_P,81.90,68.42,-1.000,-1.000,-1.000,None,What was the color of the REAR turn signal?,Amber,8.629
1,Night,0,Practice,Expected,Red,Left,67.92,54.44,0.6964,0.8679,1137.8070,0.6964,35.02,1,Manual_P,81.90,68.42,-1.000,-1.000,-1.000,None,What was the color of the REAR turn signal?,Amber,8.629
1,Night,0,Practice,Expected,Red,Left,68.04,54.55,0.7087,0.8678,1139.6220,0.7087,35.03,1,Manual_P,81.90,68.42,-1.000,-1.000,-1.000,None,What was the color of the REAR turn signal?,Amber,8.629
1,Night,0,Practice,Expected,Red,Left,68.14,54.66,0.7137,0.8677,1141.2230,0.7137,35.01,1,Manual_P,81.90,68.42,-1.000,-1.000,-1.000,None,What was the color of the REAR turn signal?,Amber,8.629
1,Night,0,Practice,Expected,Red,Left,68.24,54.76,0.7188,0.8675,1142.7990,0.7188,35.03,1,Manual_P,81.90,68.42,-1.000,-1.000,-1.000,None,What was the color of the REAR turn signal?,Amber,8.629
1,Night,0,Practice,Expected,Red,Left,68.34,54.86,0.7374,0.8672,1144.4090,0.7374,34.98,1,Manual_P,81.90,68.42,-1.000,-1.000,-1.000,None,What was the color of the REAR turn signal?,Amber,8.629
1,Night,0,Practice,Expected,Red,Left,68.46,54.97,0.7623,0.8664,1146.2150,0.7623,35.05,1,Manual_P,81.90,68.42,-1.000,-1.000,-1.000,None,What was the color of the REAR turn signal?,Amber,8.629
1,Night,0,Practice,Expected,Red,Left,68.56,55.07,0.7699,0.8662,1147.7810,0.7699,35.00,1,Manual_P,81.90,68.42,-1.000,-1.000,-1.000,None,What was the color of the REAR turn signal?,Amber,8.629
1,Night,0,Practice,Expected,Red,Left,68.67,55.19,0.7666,0.8659,1149.5780,0.7666,34.98,1,Manual_P,81.90,68.42,-1.000,-1.000,-1.000,None,What was the color of the REAR turn signal?,Amber,8.629
1,Night,0,Practice,Expected,Red,Left,68.77,55.29,0.7548,0.8667,1151.1440,0.7548,34.98,1,Manual_P,81.90,68.42,-1.000,-1.000,-1.000,None,What was the color of the REAR turn signal?,Amber,8.629
1,Night,0,Practice,Expected,Red,Left,68.89,55.41,0.7335,0.8681,1153.0350,0.7335,34.97,1,Manual_P,81.90,68.42,-1.000,-1.000,-1.000,None,What was the color of the REAR turn signal?,Amber,8.629
1,Night,0,Practice,Expected,Red,Left,69.02,55.54,0.7063,0.8689,1155.0370,0.7063,34.96,1,Manual_P,81.90,68.42,-1.000,-1.000,-1.000,None,What was the color of the REAR turn signal?,Amber,8.629
1,Night,0,Practice,Expected,Red,Left,69.14,55.65,0.6799,0.8691,1156.8230,0.6799,34.95,1,Manual_P,81.90,68.42,-1.000,-1.000,-1.000,None,What was the color of the REAR turn signal?,Amber,8.629
1,Night,0,Practice,Expected,Red,Left,69.25,55.77,0.6521,0.8690,1158.6310,0.6521,34.94,1,Manual_P,81.90,68.42,-1.000,-1.000,-1.000,None,What was the color of the REAR turn signal?,Amber,8.629
1,Night,0,Practice,Expected,Red,Left,69.37,55.89,0.6236,0.8703,1160.4490,0.6236,34.93,1,Manual_P,81.90,68.42,-1.000,-1.000,-1.000,None,What was the color of the REAR turn signal?,Amber,8.629
1,Night,0,Practice,Expected,Red,Left,69.49,56.00,0.5943,0.8711,1162.2820,0.5943,34.92,1,Manual_P,81.90,68.42,-1.000,-1.000,-1.000,None,What was the color of the REAR turn signal?,Amber,8.629
1,Night,0,Practice,Expected,Red,Left,69.59,56.11,0.5668,0.8741,1163.9680,0.5668,34.92,1,Manual_P,81.90,68.42,-1.000,-1.000,-1.000,None,What was the color of the REAR turn signal?,Amber,8.629
1,Night,0,Practice,Expected,Red,Left,69.70,56.21,0.5405,0.8755,1165.5540,0.5405,34.91,1,Manual_P,81.90,68.42,-1.000,-1.000,-1.000,None,What was the color of the REAR turn signal?,Amber,8.629
1,Night,0,Practice,Expected,Red,Left,69.80,56.31,0.5137,0.8777,1167.1430,0.5137,34.90,1,Manual_P,81.90,68.42,-1.000,-1.000,-1.000,None,What was the color of the REAR turn signal?,Amber,8.629
1,Night,0,Practice,Expected,Red,Left,69.90,56.41,0.4869,0.8773,1168.7060,0.4869,34.89,1,Manual_P,81.90,68.42,-1.000,-1.000,-1.000,None,What was the color of the REAR turn signal?,Amber,8.629
1,Night,0,Practice,Expected,Red,Left,70.00,56.52,0.4587,0.8807,1170.3050,0.4587,34.88,1,Manual_P,81.90,68.42,-1.000,-1.000,-1.000,None,What was the color of the REAR turn signal?,Amber,8.629
1,Night,0,Practice,Expected,Red,Left,70.10,56.62,0.4294,0.8799,1171.9280,0.4294,34.87,1,Manual_P,81.90,68.42,-1.000,-1.000,-1.000,None,What was the color of the REAR turn signal?,Amber,8.629
1,Night,0,Practice,Expected,Red,Left,70.21,56.72,0.3993,0.8836,1173.5430,0.3993,34.86,1,Manual_P,81.90,68.42,-1.000,-1.000,-1.000,None,What was the color of the REAR turn signal?,Amber,8.629
1,Night,0,Practice,Expected,Red,Left,70.32,56.84,0.3656,0.8861,1175.3120,0.3656,34.85,1,Manual_P,81.90,68.42,-1.000,-1.000,-1.000,None,What was the color of the REAR turn signal?,Amber,8.629
1,Night,0,Practice,Expected,Red,Left,70.43,56.95,0.3324,0.8847,1177.0310,0.3324,34.84,1,Manual_P,81.90,68.42,-1.000,-1.000,-1.000,None,What was the color of the REAR turn signal?,Amber,8.629
1,Night,0,Practice,Expected,Red,Left,70.54,57.06,0.2998,0.8894,1178.6920,0.2998,34.83,1,Manual_P,81.90,68.42,-1.000,-1.000,-1.000,None,What was the color of the REAR turn signal?,Amber,8.629
1,Night,0,Practice,Expected,Red,Left,70.64,57.16,0.2678,0.8900,1180.3150,0.2678,34.81,1,Manual_P,81.90,68.42,-1.000,-1.000,-1.000,None,What was the color of the REAR turn signal?,Amber,8.629
1,Night,0,Practice,Expected,Red,Left,70.75,57.26,0.2355,0.8923,1181.9500,0.2355,34.80,1,Manual_P,81.90,68.42,-1.000,-1.000,-1.000,None,What was the color of the REAR turn signal?,Amber,8.629
1,Night,0,Practice,Expected,Red,Left,70.86,57.37,0.2023,0.8947,1183.6350,0.2023,34.79,1,Manual_P,81.90,68.42,-1.000,-1.000,-1.000,None,What was the color of the REAR turn signal?,Amber,8.629
1,Night,0,Practice,Expected,Red,Left,70.96,57.48,0.1700,0.8941,1185.2920,0.1700,34.78,1,Manual_P,81.90,68.42,-1.000,-1.000,-1.000,None,What was the color of the REAR turn signal?,Amber,8.629
1,Night,0,Practice,Expected,Red,Left,71.07,57.58,0.1385,0.8983,1186.9080,0.1385,34.77,1,Manual_P,81.90,68.42,-1.000,-1.000,-1.000,None,What was the color of the REAR turn signal?,Amber,8.629
1,Night,0,Practice,Expected,Red,Left,71.17,57.69,0.1080,0.8976,1188.5010,0.1080,34.75,1,Manual_P,81.90,68.42,-1.000,-1.000,-1.000,None,What was the color of the REAR turn signal?,Amber,8.629
1,Night,0,Practice,Expected,Red,Left,71.27,57.79,0.0781,0.9014,1190.0770,0.0781,34.74,1,Manual_P,81.90,68.42,-1.000,-1.000,-1.000,None,What was the color of the REAR turn signal?,Amber,8.629
1,Night,0,Practice,Expected,Red,Left,71.37,57.89,0.0486,0.9015,1191.6580,0.0486,34.73,1,Manual_P,81.90,68.42,-1.000,-1.000,-1.000,None,What was the color of the REAR turn signal?,Amber,8.629
1,Night,0,Practice,Expected,Red,Left,71.47,57.99,0.0199,0.9011,1193.2190,0.0199,34.72,1,Manual_P,81.90,68.42,-1.000,-1.000,-1.000,None,What was the color of the REAR turn signal?,Amber,8.629
1,Night,0,Practice,Expected,Red,Left,71.59,58.11,-0.0129,0.9062,1195.0150,-0.0129,34.70,1,Manual_P,81.90,68.42,-1.000,-1.000,-1.000,None,What was the color of the REAR turn signal?,Amber,8.629
1,Night,0,Practice,Expected,Red,Left,71.69,58.21,-0.0406,0.9066,1196.5660,-0.0406,34.69,1,Manual_P,81.90,68.42,-1.000,-1.000,-1.000,None,What was the color of the REAR turn signal?,Amber,8.629
1,Night,0,Practice,Expected,Red,Left,71.81,58.32,-0.0723,0.9057,1198.3690,-0.0723,34.67,1,Manual_P,81.90,68.42,-1.000,-1.000,-1.000,None,What was the color of the REAR turn signal?,Amber,8.629
1,Night,0,Practice,Expected,Red,Left,71.92,58.44,-0.1038,0.9113,1200.1760,-0.1038,34.66,1,Manual_P,81.90,68.42,-1.000,-1.000,-1.000,None,What was the color of the REAR turn signal?,Amber,8.629
1,Night,0,Practice,Expected,Red,Left,72.04,58.55,-0.1340,0.9102,1201.9540,-0.1340,34.64,1,Manual_P,81.90,68.42,-1.000,-1.000,-1.000,None,What was the color of the REAR turn signal?,Amber,8.629
1,Night,0,Practice,Expected,Red,Left,72.15,58.67,-0.1639,0.9140,1203.7260,-0.1639,34.62,1,Manual_P,81.90,68.42,-1.000,-1.000,-1.000,None,What was the color of the REAR turn signal?,Amber,8.629
1,Night,0,Practice,Expected,Red,Left,72.25,58.77,-0.1903,0.9163,1205.3060,-0.1903,34.61,1,Manual_P,81.90,68.42,-1.000,-1.000,-1.000,None,What was the color of the REAR turn signal?,Amber,8.629
1,Night,0,Practice,Expected,Red,Left,72.36,58.87,-0.2164,0.9168,1206.8980,-0.2164,34.60,1,Manual_P,81.90,68.42,-1.000,-1.000,-1.000,None,What was the color of the REAR turn signal?,Amber,8.629
1,Night,0,Practice,Expected,Red,Left,72.46,58.98,-0.2434,0.9149,1208.5640,-0.2434,34.58,1,Manual_P,81.90,68.42,-1.000,-1.000,-1.000,None,What was the color of the REAR turn signal?,Amber,8.629
1,Night,0,Practice,Expected,Red,Left,72.58,59.10,-0.2725,0.9208,1210.3540,-0.2725,34.56,1,Manual_P,81.90,68.42,-1.000,-1.000,-1.000,None,What was the color of the REAR turn signal?,Amber,8.629
1,Night,0,Practice,Expected,Red,Left,72.70,59.21,-0.3012,0.9212,1212.1510,-0.3012,34.54,1,Manual_P,81.90,68.42,-1.000,-1.000,-1.000,None,What was the color of the REAR turn signal?,Amber,8.629
1,Night,0,Practice,Expected,Red,Left,72.80,59.32,-0.3265,0.9196,1213.7430,-0.3265,34.53,1,Manual_P,81.90,68.42,-1.000,-1.000,-1.000,None,What was the color of the REAR turn signal?,Amber,8.629
1,Night,0,Practice,Expected,Red,Left,72.90,59.42,-0.3516,0.9243,1215.3130,-0.3516,34.50,1,Manual_P,81.90,68.42,-1.000,-1.000,-1.000,None,What was the color of the REAR turn signal?,Amber,8.629
1,Night,0,Practice,Expected,Red,Left,73.01,59.52,-0.3771,0.9269,1216.9170,-0.3771,34.49,1,Manual_P,81.90,68.42,-1.000,-1.000,-1.000,None,What was the color of the REAR turn signal?,Amber,8.629
1,Night,0,Practice,Expected,Red,Left,73.11,59.62,-0.4023,0.9280,1218.5030,-0.4023,34.47,1,Manual_P,81.90,68.42,-1.000,-1.000,-1.000,None,What was the color of the REAR turn signal?,Amber,8.629
1,Night,0,Practice,Expected,Red,Left,73.22,59.74,-0.4306,0.9272,1220.2820,-0.4306,34.46,1,Manual_P,81.90,68.42,-1.000,-1.000,-1.000,None,What was the color of the REAR turn signal?,Amber,8.629
1,Night,0,Practice,Expected,Red,Left,73.34,59.86,-0.4593,0.9249,1222.0920,-0.4593,34.44,1,Manual_P,81.90,68.42,-1.000,-1.000,-1.000,None,What was the color of the REAR turn signal?,Amber,8.629
1,Night,0,Practice,Expected,Red,Left,73.46,59.97,-0.4887,0.9320,1223.8780,-0.4887,34.41,1,Manual_P,81.90,68.42,-1.000,-1.000,-1.000,None,What was the color of the REAR turn signal?,Amber,8.629
1,Night,0,Practice,Expected,Red,Left,73.57,60.09,-0.5190,0.9316,1225.6620,-0.5190,34.40,1,Manual_P,81.90,68.42,-1.000,-1.000,-1.000,None,What was the color of the REAR turn signal?,Amber,8.629
1,Night,0,Practice,Expected,Red,Left,73.69,60.21,-0.5515,0.9296,1227.4470,-0.5515,34.36,1,Manual_P,81.90,68.42,-1.000,-1.000,-1.000,None,What was the color of the REAR turn signal?,Amber,8.629
1,Night,0,Practice,Expected,Red,Left,73.81,60.32,-0.5867,0.9360,1229.2280,-0.5867,34.34,1,Manual_P,81.90,68.42,-1.000,-1.000,-1.000,None,What was the color of the REAR turn signal?,Amber,8.629
1,Night,0,Practice,Expected,Red,Left,73.92,60.44,-0.6241,0.9328,1230.9980,-0.6241,34.33,1,Manual_P,81.90,68.42,-1.000,-1.000,-1.000,None,What was the color of the REAR turn signal?,Amber,8.629
1,Night,0,Practice,Expected,Red,Left,74.04,60.55,-0.6653,0.9376,1232.7750,-0.6653,34.29,1,Manual_P,81.90,68.42,-1.000,-1.000,-1.000,None,What was the color of the REAR turn signal?,Amber,8.629
1,Night,0,Practice,Expected,Red,Left,74.15,60.67,-0.7105,0.9381,1234.5700,-0.7105,34.28,1,Manual_P,81.90,68.42,-1.000,-1.000,-1.000,None,What was the color of the REAR turn signal?,Amber,8.629
1,Night,0,Practice,Expected,Red,Left,74.26,60.78,-0.7550,0.9344,1236.2020,-0.7550,34.26,1,Manual_P,81.90,68.42,-1.000,-1.000,-1.000,None,What was the color of the REAR turn signal?,Amber,8.629
1,Night,0,Practice,Expected,Red,Left,74.36,60.88,-0.8020,0.9390,1237.7810,-0.8020,34.22,1,Manual_P,81.90,68.42,-1.000,-1.000,-1.000,None,What was the color of the REAR turn signal?,Amber,8.629
1,Night,0,Practice,Expected,Red,Left,74.47,60.99,-0.8554,0.9421,1239.4400,-0.8554,34.20,1,Manual_P,81.90,68.42,-1.000,-1.000,-1.000,None,What was the color of the REAR turn signal?,Amber,8.629
1,Night,0,Practice,Expected,Red,Left,74.59,61.10,-0.9172,0.9384,1241.2200,-0.9172,34.19,1,Manual_P,81.90,68.42,-1.000,-1.000,-1.000,None,What was the color of the REAR turn signal?,Amber,8.629
1,Night,0,Practice,Expected,Red,Left,74.70,61.22,-0.9831,0.9431,1242.9640,-0.9831,34.15,1,Manual_P,81.90,68.42,-1.000,-1.000,-1.000,None,What was the color of the REAR turn signal?,Amber,8.629
1,Night,0,Practice,Expected,Red,Left,74.80,61.32,-1.0461,0.9448,1244.5190,-1.0461,34.13,1,Manual_P,81.90,68.42,-1.000,-1.000,-1.000,None,What was the color of the REAR turn signal?,Amber,8.629
1,Night,0,Practice,Expected,Red,Left,74.92,61.44,-1.1220,0.9415,1246.2780,-1.1220,34.12,1,Manual_P,81.90,68.42,-1.000,-1.000,-1.000,None,What was the color of the REAR turn signal?,Amber,8.629
1,Night,0,Practice,Expected,Red,Left,75.04,61.55,-1.2038,0.9457,1248.0380,-1.2038,34.08,1,Manual_P,81.90,68.42,-1.000,-1.000,-1.000,None,What was the color of the REAR turn signal?,Amber,8.629
1,Night,0,Practice,Expected,Red,Left,75.14,61.66,-1.2829,0.9472,1249.6420,-1.2829,34.06,1,Manual_P,81.90,68.42,-1.000,-1.000,-1.000,None,What was the color of the REAR turn signal?,Amber,8.629
1,Night,0,Practice,Expected,Red,Left,75.25,61.77,-1.3722,0.9438,1251.3540,-1.3722,34.05,1,Manual_P,81.90,68.42,-1.000,-1.000,-1.000,None,What was the color of the REAR turn signal?,Amber,8.629
1,Night,0,Practice,Expected,Red,Left,75.36,61.87,-1.4597,0.9447,1252.9400,-1.4597,34.01,1,Manual_P,81.90,68.42,-1.000,-1.000,-1.000,None,What was the color of the REAR turn signal?,Amber,8.629
1,Night,0,Practice,Expected,Red,Left,75.46,61.98,-1.5507,0.9494,1254.5020,-1.5507,33.99,1,Manual_P,81.90,68.42,-1.000,-1.000,-1.000,None,What was the color of the REAR turn signal?,Amber,8.629
1,Night,0,Practice,Expected,Red,Left,75.58,62.09,-1.6575,0.9481,1256.2540,-1.6575,33.97,1,Manual_P,81.90,68.42,-1.000,-1.000,-1.000,None,What was the color of the REAR turn signal?,Amber,8.629
1,Night,0,Practice,Expected,Red,Left,75.69,62.21,-1.7697,0.9471,1258.0000,-1.7697,33.94,1,Manual_P,81.90,68.42,-1.000,-1.000,-1.000,None,What was the color of the REAR turn signal?,Amber,8.629
1,Night,0,Practice,Expected,Red,Left,75.79,62.31,-1.8723,0.9514,1259.5210,-1.8723,33.92,1,Manual_P,81.90,68.42,-1.000,-1.000,-1.000,None,What was the color of the REAR turn signal?,Amber,8.629
1,Night,0,Practice,Expected,Red,Left,75.91,62.42,-1.9949,0.9505,1261.2630,-1.9949,33.90,1,Manual_P,81.90,68.42,-1.000,-1.000,-1.000,None,What was the color of the REAR turn signal?,Amber,8.629
1,Night,0,Practice,Expected,Red,Left,76.02,62.54,-2.1225,0.9479,1262.9960,-2.1225,33.87,1,Manual_P,81.90,68.42,-1.000,-1.000,-1.000,None,What was the color of the REAR turn signal?,Amber,8.629
1,Night,0,Practice,Expected,Red,Left,76.14,62.65,-2.2554,0.9538,1264.7180,-2.2554,33.85,1,Manual_P,81.90,68.42,-1.000,-1.000,-1.000,None,What was the color of the REAR turn signal?,Amber,8.629
1,Night,0,Practice,Expected,Red,Left,76.24,62.75,-2.3764,0.9539,1266.2280,-2.3764,33.83,1,Manual_P,81.90,68.42,-1.000,-1.000,-1.000,None,What was the color of the REAR turn signal?,Amber,8.629
1,Night,0,Practice,Expected,Red,Left,76.35,62.87,-2.5167,0.9491,1267.9220,-2.5167,33.82,1,Manual_P,81.90,68.42,-1.000,-1.000,-1.000,None,What was the color of the REAR turn signal?,Amber,8.629
1,Night,0,Practice,Expected,Red,Left,76.46,62.98,-2.6672,0.9561,1269.6630,-2.6672,33.78,1,Manual_P,81.90,68.42,-1.000,-1.000,-1.000,None,What was the color of the REAR turn signal?,Amber,8.629
1,Night,0,Practice,Expected,Red,Left,76.57,63.09,-2.8145,0.9551,1271.3120,-2.8145,33.77,1,Manual_P,81.90,68.42,-1.000,-1.000,-1.000,None,What was the color of the REAR turn signal?,Amber,8.629
1,Night,0,Practice,Expected,Red,Left,76.68,63.20,-2.9617,0.9523,1272.9100,-2.9617,33.75,1,Manual_P,81.90,68.42,-1.000,-1.000,-1.000,None,What was the color of the REAR turn signal?,Amber,8.629
1,Night,0,Practice,Expected,Red,Left,76.80,63.31,-3.1274,0.9578,1274.6510,-3.1274,33.72,1,Manual_P,81.90,68.42,-1.000,-1.000,-1.000,None,What was the color of the REAR turn signal?,Amber,8.629
1,Night,0,Practice,Expected,Red,Left,76.91,63.43,-3.2940,0.9571,1276.3550,-3.2940,33.71,1,Manual_P,81.90,68.42,-1.000,-1.000,-1.000,None,What was the color of the REAR turn signal?,Amber,8.629
1,Night,0,Practice,Expected,Red,Left,77.03,63.54,-3.4669,0.9560,1278.0780,-3.4669,33.68,1,Manual_P,81.90,68.42,-1.000,-1.000,-1.000,None,What was the color of the REAR turn signal?,Amber,8.629
1,Night,0,Practice,Expected,Red,Left,77.14,63.66,-3.6428,0.9600,1279.7820,-3.6428,33.66,1,Manual_P,81.90,68.42,-1.000,-1.000,-1.000,None,What was the color of the REAR turn signal?,Amber,8.629
1,Night,0,Practice,Expected,Red,Left,77.25,63.77,-3.8207,0.9580,1281.4690,-3.8207,33.65,1,Manual_P,81.90,68.42,-1.000,-1.000,-1.000,None,What was the color of the REAR turn signal?,Amber,8.629
1,Night,0,Practice,Expected,Red,Left,77.37,63.88,-4.0045,0.9599,1283.1700,-4.0045,33.62,1,Manual_P,81.90,68.42,-1.000,-1.000,-1.000,None,What was the color of the REAR turn signal?,Amber,8.629
1,Night,0,Practice,Expected,Red,Left,77.47,63.98,-4.1719,0.9622,1284.6880,-4.1719,33.60,1,Manual_P,81.90,68.42,-1.000,-1.000,-1.000,None,What was the color of the REAR turn signal?,Amber,8.629
1,Night,0,Practice,Expected,Red,Left,77.58,64.10,-4.3616,0.9606,1286.3770,-4.3616,33.59,1,Manual_P,81.90,68.42,-1.000,-1.000,-1.000,None,What was the color of the REAR turn signal?,Amber,8.629
1,Night,0,Practice,Expected,Red,Left,77.69,64.21,-4.5487,0.9594,1288.0110,-4.5487,33.56,1,Manual_P,81.90,68.42,-1.000,-1.000,-1.000,None,What was the color of the REAR turn signal?,Amber,8.629
1,Night,0,Practice,Expected,Red,Left,77.80,64.32,-4.7459,0.9641,1289.6960,-4.7459,33.54,1,Manual_P,81.90,68.42,-1.000,-1.000,-1.000,None,What was the color of the REAR turn signal?,Amber,8.629
1,Night,0,Practice,Expected,Red,Left,77.91,64.43,-4.9370,0.9645,1291.3070,-4.9370,33.52,1,Manual_P,81.90,68.42,-1.000,-1.000,-1.000,None,What was the color of the REAR turn signal?,Amber,8.629
1,Night,0,Practice,Expected,Red,Left,78.02,64.54,-5.1299,0.9624,1292.9090,-5.1299,33.51,1,Manual_P,81.90,68.42,-1.000,-1.000,-1.000,None,What was the color of the REAR turn signal?,Amber,8.629
1,Night,0,Practice,Expected,Red,Left,78.13,64.64,-5.3252,0.9594,1294.5080,-5.3252,33.50,1,Manual_P,81.90,68.42,-1.000,-1.000,-1.000,None,What was the color of the REAR turn signal?,Amber,8.629
1,Night,0,Practice,Expected,Red,Left,78.24,64.75,-5.5273,0.9655,1296.1340,-5.5273,33.46,1,Manual_P,81.90,68.42,-1.000,-1.000,-1.000,None,What was the color of the REAR turn signal?,Amber,8.629
1,Night,0,Practice,Expected,Red,Left,78.35,64.86,-5.7367,0.9667,1297.7960,-5.7367,33.45,1,Manual_P,81.90,68.42,-1.000,-1.000,-1.000,None,What was the color of the REAR turn signal?,Amber,8.629
1,Night,0,Practice,Expected,Red,Left,78.46,64.98,-5.9522,0.9629,1299.4820,-5.9522,33.43,1,Manual_P,81.90,68.42,-1.000,-1.000,-1.000,None,What was the color of the REAR turn signal?,Amber,8.629
1,Night,0,Practice,Expected,Red,Left,78.57,65.09,-6.1668,0.9676,1301.1300,-6.1668,33.40,1,Manual_P,81.90,68.42,-1.000,-1.000,-1.000,None,What was the color of the REAR turn signal?,Amber,8.629
1,Night,0,Practice,Expected,Red,Left,78.68,65.20,-6.3779,0.9690,1302.7320,-6.3779,33.39,1,Manual_P,81.90,68.42,-1.000,-1.000,-1.000,None,What was the color of the REAR turn signal?,Amber,8.629
1,Night,0,Practice,Expected,Red,Left,78.79,65.31,-6.5958,0.9684,1304.3680,-6.5958,33.37,1,Manual_P,81.90,68.42,-1.000,-1.000,-1.000,None,What was the color of the REAR turn signal?,Amber,8.629
1,Night,0,Practice,Expected,Red,Left,78.90,65.42,-6.8126,0.9657,1305.9770,-6.8126,33.36,1,Manual_P,81.90,68.42,-1.000,-1.000,-1.000,None,What was the color of the REAR turn signal?,Amber,8.629
1,Night,0,Practice,Expected,Red,Left,79.01,65.53,-7.0410,0.9688,1307.6490,-7.0410,33.33,1,Manual_P,81.90,68.42,-1.000,-1.000,-1.000,None,What was the color of the REAR turn signal?,Amber,8.629
1,Night,0,Practice,Expected,Red,Left,79.12,65.64,-7.2632,0.9713,1309.2570,-7.2632,33.31,1,Manual_P,81.90,68.42,-1.000,-1.000,-1.000,None,What was the color of the REAR turn signal?,Amber,8.629
1,Night,0,Practice,Expected,Red,Left,79.23,65.75,-7.4902,0.9638,1310.8770,-7.4902,33.32,1,Manual_P,81.90,68.42,-1.000,-1.000,-1.000,None,What was the color of the REAR turn signal?,Amber,8.629
1,Night,0,Practice,Expected,Red,Left,79.34,65.86,-7.7222,0.9717,1312.4980,-7.7222,33.27,1,Manual_P,81.90,68.42,-1.000,-1.000,-1.000,None,What was the color of the REAR turn signal?,Amber,8.629
1,Night,0,Practice,Expected,Red,Left,79.46,65.98,-7.9799,0.9714,1314.2850,-7.9799,33.26,1,Manual_P,81.90,68.42,-1.000,-1.000,-1.000,None,What was the color of the REAR turn signal?,Amber,8.629
1,Night,0,Practice,Expected,Red,Left,79.58,66.09,-8.2233,0.9709,1315.9550,-8.2233,33.23,1,Manual_P,81.90,68.42,-1.000,-1.000,-1.000,None,What was the color of the REAR turn signal?,Amber,8.629
1,Night,0,Practice,Expected,Red,Left,79.69,66.20,-8.4595,0.9737,1317.5540,-8.4595,33.22,1,Manual_P,81.90,68.42,-1.000,-1.000,-1.000,None,What was the color of the REAR turn signal?,Amber,8.629
1,Night,0,Practice,Expected,Red,Left,79.80,66.31,-8.6990,0.9729,1319.1600,-8.6990,33.20,1,Manual_P,81.90,68.42,-1.000,-1.000,-1.000,None,What was the color of the REAR turn signal?,Amber,8.629
1,Night,0,Practice,Expected,Red,Left,79.90,66.42,-8.9368,0.9709,1320.7380,-8.9368,33.18,1,Manual_P,81.90,68.42,-1.000,-1.000,-1.000,None,What was the color of the REAR turn signal?,Amber,8.629
1,Night,0,Practice,Expected,Red,Left,80.01,66.53,-9.1828,0.9749,1322.3510,-9.1828,33.16,1,Manual_P,81.90,68.42,-1.000,-1.000,-1.000,None,What was the color of the REAR turn signal?,Amber,8.629
1,Night,0,Practice,Expected,Red,Left,80.12,66.64,-9.4245,0.9751,1323.9210,-9.4245,33.15,1,Manual_P,81.90,68.42,-1.000,-1.000,-1.000,None,What was the color of the REAR turn signal?,Amber,8.629
1,Night,0,Practice,Expected,Red,Left,80.23,66.75,-9.6713,0.9723,1325.5110,-9.6713,33.13,1,Manual_P,81.90,68.42,-1.000,-1.000,-1.000,None,What was the color of the REAR turn signal?,Amber,8.629
1,Night,0,Practice,Expected,Red,Left,80.34,66.86,-9.9288,0.9760,1327.1500,-9.9288,33.11,1,Manual_P,81.90,68.42,-1.000,-1.000,-1.000,None,What was the color of the REAR turn signal?,Amber,8.629
1,Night,0,Practice,Expected,Red,Left,80.46,66.97,-10.1918,0.9765,1328.8110,-10.1918,33.09,1,Manual_P,81.90,68.42,-1.000,-1.000,-1.000,None,What was the color of the REAR turn signal?,Amber,8.629
1,Night,0,Practice,Expected,Red,Left,80.56,67.08,-10.4362,0.9741,1330.3420,-10.4362,33.08,1,Manual_P,81.90,68.42,-1.000,-1.000,-1.000,None,What was the color of the REAR turn signal?,Amber,8.629
1,Night,0,Practice,Expected,Red,Left,80.67,67.18,-10.6916,0.9770,1331.9250,-10.6916,33.05,1,Manual_P,81.90,68.42,-1.000,-1.000,-1.000,None,What was the color of the REAR turn signal?,Amber,8.629
1,Night,0,Practice,Expected,Red,Left,80.78,67.29,-10.9442,0.9784,1333.4770,-10.9442,33.04,1,Manual_P,81.90,68.42,-1.000,-1.000,-1.000,None,What was the color of the REAR turn signal?,Amber,8.629
1,Night,0,Practice,Expected,Red,Left,80.88,67.40,-11.1952,0.9774,1335.0100,-11.1952,33.02,1,Manual_P,81.90,68.42,-1.000,-1.000,-1.000,None,What was the color of the REAR turn signal?,Amber,8.629
1,Night,0,Practice,Expected,Red,Left,80.99,67.50,-11.4477,0.9750,1336.5390,-11.4477,33.00,1,Manual_P,81.90,68.42,-1.000,-1.000,-1.000,None,What was the color of the REAR turn signal?,Amber,8.629
1,Night,0,Practice,Expected,Red,Left,81.09,67.61,-11.7050,0.9791,1338.0810,-11.7050,32.98,1,Manual_P,81.90,68.42,-1.000,-1.000,-1.000,None,What was the color of the REAR turn signal?,Amber,8.629
1,Night,0,Practice,Expected,Red,Left,81.20,67.71,-11.9627,0.9799,1339.6150,-11.9627,32.97,1,Manual_P,81.90,68.42,-1.000,-1.000,-1.000,None,What was the color of the REAR turn signal?,Amber,8.629
1,Night,0,Practice,Expected,Red,Left,81.30,67.82,-12.2232,0.9782,1341.1550,-12.2232,32.96,1,Manual_P,81.90,68.42,-1.000,-1.000,-1.000,None,What was the color of the REAR turn signal?,Amber,8.629
1,Night,0,Practice,Expected,Red,Left,81.41,67.92,-12.4832,0.9777,1342.6790,-12.4832,32.93,1,Manual_P,81.90,68.42,-1.000,-1.000,-1.000,None,What was the color of the REAR turn signal?,Amber,8.629
1,Night,0,Practice,Expected,Red,Left,81.52,68.03,-12.7557,0.9812,1344.2610,-12.7557,32.92,1,Manual_P,81.90,68.42,-1.000,-1.000,-1.000,None,What was the color of the REAR turn signal?,Amber,8.629
1,Night,0,Practice,Expected,Red,Left,81.62,68.14,-13.0217,0.9807,1345.7950,-13.0217,32.90,1,Manual_P,81.90,68.42,-1.000,-1.000,-1.000,None,What was the color of the REAR turn signal?,Amber,8.629
1,Night,0,Practice,Expected,Red,Left,81.73,68.25,-13.2935,0.9777,1347.3520,-13.2935,32.89,1,Manual_P,81.90,68.42,-1.000,-1.000,-1.000,None,What was the color of the REAR turn signal?,Amber,8.629
1,Night,0,Practice,Expected,Red,Left,81.84,68.36,-13.5714,0.9815,1348.9270,-13.5714,32.86,1,Manual_P,81.90,68.42,-1.000,-1.000,-1.000,None,What was the color of the REAR turn signal?,Amber,8.629
