ParticipantID,Block,TrialIndex,TrialType,Expectancy,SignalColor,MergeSide,TimeAbsolute,TimeRelative,X,Y,Z,LaneDeviation,SpeedMPH,TrialEnded,TrialEndReason,TrialEndTimeAbs,TrialEndTimeRel,MergeCueTimeRel,DriverResponseTimeRel,ReactionTime,ResponseType,SurveyQuestion,SurveyResponse,SurveyRT
95,Night,0,Practice,Expected,Red,Right,8.36,0.00,0.0000,0.8437,-0.0025,0.0000,0.09,1,Manual_P,106.04,97.68,-1.000,-1.000,-1.000,None,What was the color of the REAR turn signal?,Amber,1.321
95,Night,0,Practice,Expected,Red,Right,8.36,0.00,0.0000,0.8437,-0.0025,0.0000,0.09,1,Manual_P,106.04,97.68,-1.000,-1.000,-1.000,None,What was the color of the REAR turn signal?,Amber,1.321
95,Night,0,Practice,Expected,Red,Right,8.47,0.11,0.0000,0.8528,-0.0025,0.0000,0.23,1,Manual_P,106.04,97.68,-1.000,-1.000,-1.000,None,What was the color of the REAR turn signal?,Amber,1.321
95,Night,0,Practice,Expected,Red,Right,8.57,0.21,0.0000,0.8626,-0.0025,0.0000,0.18,1,Manual_P,106.04,97.68,-1.000,-1.000,-1.000,None,What was the color of the REAR turn signal?,Amber,1.321
95,Night,0,Practice,Expected,Red,Right,8.68,0.33,0.0000,0.8690,-0.0025,0.0000,0.07,1,Manual_P,106.04,97.68,-1.000,-1.000,-1.000,None,What was the color of the REAR turn signal?,Amber,1.321
95,Night,0,Practice,Expected,Red,Right,8.80,0.44,0.0000,0.8706,-0.0025,0.0000,0.00,1,Manual_P,106.04,97.68,-1.000,-1.000,-1.000,None,What was the color of the REAR turn signal?,Amber,1.321
95,Night,0,Practice,Expected,Red,Right,8.91,0.56,0.0000,0.8697,-0.0025,0.0000,0.03,1,Manual_P,106.04,97.68,-1.000,-1.000,-1.000,None,What was the color of the REAR turn signal?,Amber,1.321
95,Night,0,Practice,Expected,Red,Right,9.02,0.66,0.0000,0.8684,-0.0025,0.0000,0.02,1,Manual_P,106.04,97.68,-1.000,-1.000,-1.000,None,What was the color of the REAR turn signal?,Amber,1.321
95,Night,0,Practice,Expected,Red,Right,9.13,0.78,0.0000,0.8675,-0.0025,0.0000,0.01,1,Manual_P,106.04,97.68,-1.000,-1.000,-1.000,None,What was the color of the REAR turn signal?,Amber,1.321
95,Night,0,Practice,Expected,Red,Right,9.25,0.90,0.0000,0.8673,-0.0025,0.0000,0.00,1,Manual_P,106.04,97.68,-1.000,-1.000,-1.000,None,What was the color of the REAR turn signal?,Amber,1.321
95,Night,0,Practice,Expected,Red,Right,9.37,1.02,0.0000,0.8674,-0.0025,0.0000,0.00,1,Manual_P,106.04,97.68,-1.000,-1.000,-1.000,None,What was the color of the REAR turn signal?,Amber,1.321
95,Night,0,Practice,Expected,Red,Right,9.50,1.14,0.0000,0.8676,0.0011,0.0000,0.23,1,Manual_P,106.04,97.68,-1.000,-1.000,-1.000,None,What was the color of the REAR turn signal?,Amber,1.321
95,Night,0,Practice,Expected,Red,Right,9.60,1.25,0.0000,0.8677,0.0210,0.0000,0.68,1,Manual_P,106.04,97.68,-1.000,-1.000,-1.000,None,What was the color of the REAR turn signal?,Amber,1.321
95,Night,0,Practice,Expected,Red,Right,9.71,1.35,0.0000,0.8677,0.0666,0.0000,1.31,1,Manual_P,106.04,97.68,-1.000,-1.000,-1.000,None,What was the color of the REAR turn signal?,Amber,1.321
95,Night,0,Practice,Expected,Red,Right,9.81,1.45,0.0004,0.8677,0.1417,0.0004,1.98,1,Manual_P,106.04,97.68,-1.000,-1.000,-1.000,None,What was the color of the REAR turn signal?,Amber,1.321
95,Night,0,Practice,Expected,Red,Right,9.94,1.58,0.0065,0.8677,0.2766,0.0065,2.87,1,Manual_P,106.04,97.68,-1.000,-1.000,-1.000,None,What was the color of the REAR turn signal?,Amber,1.321
95,Night,0,Practice,Expected,Red,Right,10.05,1.69,0.0124,0.8676,0.4344,0.0124,3.54,1,Manual_P,106.04,97.68,-1.000,-1.000,-1.000,None,What was the color of the REAR turn signal?,Amber,1.321
95,Night,0,Practice,Expected,Red,Right,10.15,1.80,0.0142,0.8676,0.6224,0.0142,4.33,1,Manual_P,106.04,97.68,-1.000,-1.000,-1.000,None,What was the color of the REAR turn signal?,Amber,1.321
95,Night,0,Practice,Expected,Red,Right,10.26,1.91,0.0157,0.8676,0.8533,0.0157,5.00,1,Manual_P,106.04,97.68,-1.000,-1.000,-1.000,None,What was the color of the REAR turn signal?,Amber,1.321
95,Night,0,Practice,Expected,Red,Right,10.38,2.03,0.0174,0.8676,1.1478,0.0174,5.89,1,Manual_P,106.04,97.68,-1.000,-1.000,-1.000,None,What was the color of the REAR turn signal?,Amber,1.321
95,Night,0,Practice,Expected,Red,Right,10.50,2.14,0.0128,0.8676,1.4651,0.0128,6.56,1,Manual_P,106.04,97.68,-1.000,-1.000,-1.000,None,What was the color of the REAR turn signal?,Amber,1.321
95,Night,0,Practice,Expected,Red,Right,10.61,2.25,0.0084,0.8676,1.8090,0.0084,7.34,1,Manual_P,106.04,97.68,-1.000,-1.000,-1.000,None,What was the color of the REAR turn signal?,Amber,1.321
95,Night,0,Practice,Expected,Red,Right,10.72,2.36,0.0075,0.8676,2.1917,0.0075,8.13,1,Manual_P,106.04,97.68,-1.000,-1.000,-1.000,None,What was the color of the REAR turn signal?,Amber,1.321
95,Night,0,Practice,Expected,Red,Right,10.83,2.47,0.0072,0.8676,2.6109,0.0072,8.80,1,Manual_P,106.04,97.68,-1.000,-1.000,-1.000,None,What was the color of the REAR turn signal?,Amber,1.321
95,Night,0,Practice,Expected,Red,Right,10.94,2.59,0.0070,0.8676,3.0704,0.0070,9.58,1,Manual_P,106.04,97.68,-1.000,-1.000,-1.000,None,What was the color of the REAR turn signal?,Amber,1.321
95,Night,0,Practice,Expected,Red,Right,11.05,2.70,0.0068,0.8676,3.5638,0.0068,10.36,1,Manual_P,106.04,97.68,-1.000,-1.000,-1.000,None,What was the color of the REAR turn signal?,Amber,1.321
95,Night,0,Practice,Expected,Red,Right,11.16,2.80,0.0118,0.8676,4.0642,0.0118,11.02,1,Manual_P,106.04,97.68,-1.000,-1.000,-1.000,None,What was the color of the REAR turn signal?,Amber,1.321
95,Night,0,Practice,Expected,Red,Right,11.27,2.91,0.0259,0.8683,4.6210,0.0259,11.80,1,Manual_P,106.04,97.68,-1.000,-1.000,-1.000,None,What was the color of the REAR turn signal?,Amber,1.321
95,Night,0,Practice,Expected,Red,Right,11.38,3.02,0.0350,0.8686,5.2282,0.0350,12.47,1,Manual_P,106.04,97.68,-1.000,-1.000,-1.000,None,What was the color of the REAR turn signal?,Amber,1.321
95,Night,0,Practice,Expected,Red,Right,11.50,3.14,0.0433,0.8685,5.9003,0.0433,13.26,1,Manual_P,106.04,97.68,-1.000,-1.000,-1.000,None,What was the color of the REAR turn signal?,Amber,1.321
95,Night,0,Practice,Expected,Red,Right,11.62,3.26,0.0520,0.8682,6.6378,0.0520,14.04,1,Manual_P,106.04,97.68,-1.000,-1.000,-1.000,None,What was the color of the REAR turn signal?,Amber,1.321
95,Night,0,Practice,Expected,Red,Right,11.72,3.36,0.0599,0.8681,7.2993,0.0599,14.82,1,Manual_P,106.04,97.68,-1.000,-1.000,-1.000,None,What was the color of the REAR turn signal?,Amber,1.321
95,Night,0,Practice,Expected,Red,Right,11.83,3.48,0.0690,0.8681,8.0643,0.0690,15.49,1,Manual_P,106.04,97.68,-1.000,-1.000,-1.000,None,What was the color of the REAR turn signal?,Amber,1.321
95,Night,0,Practice,Expected,Red,Right,11.94,3.59,0.0783,0.8681,8.8442,0.0783,16.27,1,Manual_P,106.04,97.68,-1.000,-1.000,-1.000,None,What was the color of the REAR turn signal?,Amber,1.321
95,Night,0,Practice,Expected,Red,Right,12.06,3.71,0.0889,0.8681,9.7395,0.0889,17.05,1,Manual_P,106.04,97.68,-1.000,-1.000,-1.000,None,What was the color of the REAR turn signal?,Amber,1.321
95,Night,0,Practice,Expected,Red,Right,12.18,3.82,0.0996,0.8681,10.6318,0.0996,17.83,1,Manual_P,106.04,97.68,-1.000,-1.000,-1.000,None,What was the color of the REAR turn signal?,Amber,1.321
95,Night,0,Practice,Expected,Red,Right,12.28,3.93,0.1099,0.8681,11.5011,0.1099,18.50,1,Manual_P,106.04,97.68,-1.000,-1.000,-1.000,None,What was the color of the REAR turn signal?,Amber,1.321
95,Night,0,Practice,Expected,Red,Right,12.39,4.04,0.1209,0.8681,12.4208,0.1209,19.28,1,Manual_P,106.04,97.68,-1.000,-1.000,-1.000,None,What was the color of the REAR turn signal?,Amber,1.321
95,Night,0,Practice,Expected,Red,Right,12.49,4.14,0.1316,0.8681,13.3222,0.1316,19.95,1,Manual_P,106.04,97.68,-1.000,-1.000,-1.000,None,What was the color of the REAR turn signal?,Amber,1.321
95,Night,0,Practice,Expected,Red,Right,12.60,4.24,0.1398,0.8681,14.2509,0.1398,20.61,1,Manual_P,106.04,97.68,-1.000,-1.000,-1.000,None,What was the color of the REAR turn signal?,Amber,1.321
95,Night,0,Practice,Expected,Red,Right,12.71,4.36,0.1394,0.8681,15.3234,0.1394,21.39,1,Manual_P,106.04,97.68,-1.000,-1.000,-1.000,None,What was the color of the REAR turn signal?,Amber,1.321
95,Night,0,Practice,Expected,Red,Right,12.82,4.46,0.1406,0.8681,16.3444,0.1406,22.05,1,Manual_P,106.04,97.68,-1.000,-1.000,-1.000,None,What was the color of the REAR turn signal?,Amber,1.321
95,Night,0,Practice,Expected,Red,Right,12.93,4.57,0.1419,0.8681,17.4559,0.1419,22.83,1,Manual_P,106.04,97.68,-1.000,-1.000,-1.000,None,What was the color of the REAR turn signal?,Amber,1.321
95,Night,0,Practice,Expected,Red,Right,13.04,4.69,0.1422,0.8681,18.6515,0.1422,23.61,1,Manual_P,106.04,97.68,-1.000,-1.000,-1.000,None,What was the color of the REAR turn signal?,Amber,1.321
95,Night,0,Practice,Expected,Red,Right,13.16,4.80,0.1463,0.8681,19.8728,0.1463,24.38,1,Manual_P,106.04,97.68,-1.000,-1.000,-1.000,None,What was the color of the REAR turn signal?,Amber,1.321
95,Night,0,Practice,Expected,Red,Right,13.27,4.91,0.1639,0.8681,21.1240,0.1639,25.15,1,Manual_P,106.04,97.68,-1.000,-1.000,-1.000,None,What was the color of the REAR turn signal?,Amber,1.321
95,Night,0,Practice,Expected,Red,Right,13.38,5.02,0.1798,0.8681,22.3606,0.1798,25.82,1,Manual_P,106.04,97.68,-1.000,-1.000,-1.000,None,What was the color of the REAR turn signal?,Amber,1.321
95,Night,0,Practice,Expected,Red,Right,13.48,5.13,0.1947,0.8681,23.6031,0.1947,26.59,1,Manual_P,106.04,97.68,-1.000,-1.000,-1.000,None,What was the color of the REAR turn signal?,Amber,1.321
95,Night,0,Practice,Expected,Red,Right,13.58,5.23,0.1949,0.8681,24.8068,0.1949,27.24,1,Manual_P,106.04,97.68,-1.000,-1.000,-1.000,None,What was the color of the REAR turn signal?,Amber,1.321
95,Night,0,Practice,Expected,Red,Right,13.71,5.35,0.1897,0.8681,26.3148,0.1897,28.02,1,Manual_P,106.04,97.68,-1.000,-1.000,-1.000,None,What was the color of the REAR turn signal?,Amber,1.321
95,Night,0,Practice,Expected,Red,Right,13.82,5.47,0.1855,0.8681,27.8045,0.1855,28.80,1,Manual_P,106.04,97.68,-1.000,-1.000,-1.000,None,What was the color of the REAR turn signal?,Amber,1.321
95,Night,0,Practice,Expected,Red,Right,13.93,5.58,0.1854,0.8681,29.2370,0.1854,29.56,1,Manual_P,106.04,97.68,-1.000,-1.000,-1.000,None,What was the color of the REAR turn signal?,Amber,1.321
95,Night,0,Practice,Expected,Red,Right,14.03,5.68,0.1885,0.8681,30.5839,0.1885,30.08,1,Manual_P,106.04,97.68,-1.000,-1.000,-1.000,None,What was the color of the REAR turn signal?,Amber,1.321
95,Night,0,Practice,Expected,Red,Right,14.15,5.79,0.1892,0.8681,32.0783,0.1892,30.40,1,Manual_P,106.04,97.68,-1.000,-1.000,-1.000,None,What was the color of the REAR turn signal?,Amber,1.321
95,Night,0,Practice,Expected,Red,Right,14.27,5.91,0.1895,0.8681,33.7291,0.1895,30.52,1,Manual_P,106.04,97.68,-1.000,-1.000,-1.000,None,What was the color of the REAR turn signal?,Amber,1.321
95,Night,0,Practice,Expected,Red,Right,14.38,6.03,0.1993,0.8681,35.3515,0.1993,30.73,1,Manual_P,106.04,97.68,-1.000,-1.000,-1.000,None,What was the color of the REAR turn signal?,Amber,1.321
95,Night,0,Practice,Expected,Red,Right,14.49,6.14,0.2183,0.8681,36.8293,0.2183,30.91,1,Manual_P,106.04,97.68,-1.000,-1.000,-1.000,None,What was the color of the REAR turn signal?,Amber,1.321
95,Night,0,Practice,Expected,Red,Right,14.59,6.24,0.2342,0.8681,38.2277,0.2342,30.94,1,Manual_P,106.04,97.68,-1.000,-1.000,-1.000,None,What was the color of the REAR turn signal?,Amber,1.321
95,Night,0,Practice,Expected,Red,Right,14.71,6.35,0.2328,0.8681,39.8346,0.2328,30.91,1,Manual_P,106.04,97.68,-1.000,-1.000,-1.000,None,What was the color of the REAR turn signal?,Amber,1.321
95,Night,0,Practice,Expected,Red,Right,14.81,6.46,0.2280,0.8681,41.2842,0.2280,30.90,1,Manual_P,106.04,97.68,-1.000,-1.000,-1.000,None,What was the color of the REAR turn signal?,Amber,1.321
95,Night,0,Practice,Expected,Red,Right,14.92,6.56,0.2247,0.8681,42.6811,0.2247,30.89,1,Manual_P,106.04,97.68,-1.000,-1.000,-1.000,None,What was the color of the REAR turn signal?,Amber,1.321
95,Night,0,Practice,Expected,Red,Right,15.03,6.68,0.2328,0.8681,44.2810,0.2328,30.87,1,Manual_P,106.04,97.68,-1.000,-1.000,-1.000,None,What was the color of the REAR turn signal?,Amber,1.321
95,Night,0,Practice,Expected,Red,Right,15.13,6.78,0.2391,0.8681,45.6792,0.2391,30.86,1,Manual_P,106.04,97.68,-1.000,-1.000,-1.000,None,What was the color of the REAR turn signal?,Amber,1.321
95,Night,0,Practice,Expected,Red,Right,15.25,6.90,0.2340,0.8681,47.3437,0.2340,30.83,1,Manual_P,106.04,97.68,-1.000,-1.000,-1.000,None,What was the color of the REAR turn signal?,Amber,1.321
95,Night,0,Practice,Expected,Red,Right,15.37,7.01,0.2165,0.8681,48.8850,0.2165,30.83,1,Manual_P,106.04,97.68,-1.000,-1.000,-1.000,None,What was the color of the REAR turn signal?,Amber,1.321
95,Night,0,Practice,Expected,Red,Right,15.47,7.12,0.1996,0.8681,50.3941,0.1996,30.82,1,Manual_P,106.04,97.68,-1.000,-1.000,-1.000,None,What was the color of the REAR turn signal?,Amber,1.321
95,Night,0,Practice,Expected,Red,Right,15.58,7.22,0.1815,0.8681,51.8541,0.1815,30.81,1,Manual_P,106.04,97.68,-1.000,-1.000,-1.000,None,What was the color of the REAR turn signal?,Amber,1.321
95,Night,0,Practice,Expected,Red,Right,15.70,7.34,0.1711,0.8681,53.4380,0.1711,30.79,1,Manual_P,106.04,97.68,-1.000,-1.000,-1.000,None,What was the color of the REAR turn signal?,Amber,1.321
95,Night,0,Practice,Expected,Red,Right,15.81,7.45,0.1602,0.8681,54.9984,0.1602,30.78,1,Manual_P,106.04,97.68,-1.000,-1.000,-1.000,None,What was the color of the REAR turn signal?,Amber,1.321
95,Night,0,Practice,Expected,Red,Right,15.93,7.57,0.1478,0.8681,56.6261,0.1478,30.78,1,Manual_P,106.04,97.68,-1.000,-1.000,-1.000,None,What was the color of the REAR turn signal?,Amber,1.321
95,Night,0,Practice,Expected,Red,Right,16.03,7.67,0.1376,0.8681,58.0079,0.1376,30.77,1,Manual_P,106.04,97.68,-1.000,-1.000,-1.000,None,What was the color of the REAR turn signal?,Amber,1.321
95,Night,0,Practice,Expected,Red,Right,16.13,7.78,0.1164,0.8681,59.4680,0.1164,30.75,1,Manual_P,106.04,97.68,-1.000,-1.000,-1.000,None,What was the color of the REAR turn signal?,Amber,1.321
95,Night,0,Practice,Expected,Red,Right,16.26,7.90,0.0952,0.8681,61.1634,0.0952,30.72,1,Manual_P,106.04,97.68,-1.000,-1.000,-1.000,None,What was the color of the REAR turn signal?,Amber,1.321
95,Night,0,Practice,Expected,Red,Right,16.36,8.00,0.0938,0.8681,62.5371,0.0938,30.71,1,Manual_P,106.04,97.68,-1.000,-1.000,-1.000,None,What was the color of the REAR turn signal?,Amber,1.321
95,Night,0,Practice,Expected,Red,Right,16.48,8.12,0.0914,0.8681,64.1821,0.0914,30.70,1,Manual_P,106.04,97.68,-1.000,-1.000,-1.000,None,What was the color of the REAR turn signal?,Amber,1.321
95,Night,0,Practice,Expected,Red,Right,16.59,8.23,0.0898,0.8681,65.6847,0.0898,30.69,1,Manual_P,106.04,97.68,-1.000,-1.000,-1.000,None,What was the color of the REAR turn signal?,Amber,1.321
95,Night,0,Practice,Expected,Red,Right,16.69,8.34,0.0922,0.8681,67.1402,0.0922,30.68,1,Manual_P,106.04,97.68,-1.000,-1.000,-1.000,None,What was the color of the REAR turn signal?,Amber,1.321
95,Night,0,Practice,Expected,Red,Right,16.81,8.46,0.1164,0.8681,68.7581,0.1164,30.65,1,Manual_P,106.04,97.68,-1.000,-1.000,-1.000,None,What was the color of the REAR turn signal?,Amber,1.321
95,Night,0,Practice,Expected,Red,Right,16.92,8.56,0.1462,0.8681,70.2375,0.1462,30.64,1,Manual_P,106.04,97.68,-1.000,-1.000,-1.000,None,What was the color of the REAR turn signal?,Amber,1.321
95,Night,0,Practice,Expected,Red,Right,17.03,8.68,0.1817,0.8681,71.8014,0.1817,30.64,1,Manual_P,106.04,97.68,-1.000,-1.000,-1.000,None,What was the color of the REAR turn signal?,Amber,1.321
95,Night,0,Practice,Expected,Red,Right,17.16,8.81,0.2286,0.8681,73.5549,0.2286,30.63,1,Manual_P,106.04,97.68,-1.000,-1.000,-1.000,None,What was the color of the REAR turn signal?,Amber,1.321
95,Night,0,Practice,Expected,Red,Right,17.27,8.91,0.2720,0.8681,74.9887,0.2720,30.62,1,Manual_P,106.04,97.68,-1.000,-1.000,-1.000,None,What was the color of the REAR turn signal?,Amber,1.321
95,Night,0,Practice,Expected,Red,Right,17.38,9.02,0.3222,0.8681,76.5532,0.3222,30.61,1,Manual_P,106.04,97.68,-1.000,-1.000,-1.000,None,What was the color of the REAR turn signal?,Amber,1.321
95,Night,0,Practice,Expected,Red,Right,17.50,9.14,0.3559,0.8681,78.1452,0.3559,30.57,1,Manual_P,106.04,97.68,-1.000,-1.000,-1.000,None,What was the color of the REAR turn signal?,Amber,1.321
95,Night,0,Practice,Expected,Red,Right,17.63,9.27,0.3796,0.8681,79.9303,0.3796,30.56,1,Manual_P,106.04,97.68,-1.000,-1.000,-1.000,None,What was the color of the REAR turn signal?,Amber,1.321
95,Night,0,Practice,Expected,Red,Right,17.73,9.38,0.3972,0.8681,81.3518,0.3972,30.62,1,Manual_P,106.04,97.68,-1.000,-1.000,-1.000,None,What was the color of the REAR turn signal?,Amber,1.321
95,Night,0,Practice,Expected,Red,Right,17.83,9.48,0.4102,0.8681,82.7279,0.4102,30.71,1,Manual_P,106.04,97.68,-1.000,-1.000,-1.000,None,What was the color of the REAR turn signal?,Amber,1.321
95,Night,0,Practice,Expected,Red,Right,17.96,9.60,0.4199,0.8681,84.4207,0.4199,30.71,1,Manual_P,106.04,97.68,-1.000,-1.000,-1.000,None,What was the color of the REAR turn signal?,Amber,1.321
95,Night,0,Practice,Expected,Red,Right,18.07,9.71,0.4236,0.8681,85.9753,0.4236,30.79,1,Manual_P,106.04,97.68,-1.000,-1.000,-1.000,None,What was the color of the REAR turn signal?,Amber,1.321
95,Night,0,Practice,Expected,Red,Right,18.20,9.84,0.4229,0.8681,87.7225,0.4229,30.87,1,Manual_P,106.04,97.68,-1.000,-1.000,-1.000,None,What was the color of the REAR turn signal?,Amber,1.321
95,Night,0,Practice,Expected,Red,Right,18.31,9.95,0.4193,0.8681,89.2740,0.4193,31.00,1,Manual_P,106.04,97.68,-1.000,-1.000,-1.000,None,What was the color of the REAR turn signal?,Amber,1.321
95,Night,0,Practice,Expected,Red,Right,18.42,10.06,0.4145,0.8681,90.8025,0.4145,31.13,1,Manual_P,106.04,97.68,-1.000,-1.000,-1.000,None,What was the color of the REAR turn signal?,Amber,1.321
95,Night,0,Practice,Expected,Red,Right,18.52,10.17,0.4178,0.8681,92.2670,0.4178,31.13,1,Manual_P,106.04,97.68,-1.000,-1.000,-1.000,None,What was the color of the REAR turn signal?,Amber,1.321
95,Night,0,Practice,Expected,Red,Right,18.63,10.28,0.4214,0.8681,93.8126,0.4214,31.12,1,Manual_P,106.04,97.68,-1.000,-1.000,-1.000,None,What was the color of the REAR turn signal?,Amber,1.321
95,Night,0,Practice,Expected,Red,Right,18.75,10.40,0.4159,0.8681,95.4861,0.4159,31.09,1,Manual_P,106.04,97.68,-1.000,-1.000,-1.000,None,What was the color of the REAR turn signal?,Amber,1.321
95,Night,0,Practice,Expected,Red,Right,18.88,10.52,0.3960,0.8681,97.2256,0.3960,31.08,1,Manual_P,106.04,97.68,-1.000,-1.000,-1.000,None,What was the color of the REAR turn signal?,Amber,1.321
95,Night,0,Practice,Expected,Red,Right,18.99,10.64,0.3785,0.8681,98.8232,0.3785,31.21,1,Manual_P,106.04,97.68,-1.000,-1.000,-1.000,None,What was the color of the REAR turn signal?,Amber,1.321
95,Night,0,Practice,Expected,Red,Right,19.10,10.74,0.3597,0.8681,100.3196,0.3597,31.60,1,Manual_P,106.04,97.68,-1.000,-1.000,-1.000,None,What was the color of the REAR turn signal?,Amber,1.321
95,Night,0,Practice,Expected,Red,Right,19.22,10.86,0.3354,0.8681,101.9799,0.3354,32.26,1,Manual_P,106.04,97.68,-1.000,-1.000,-1.000,None,What was the color of the REAR turn signal?,Amber,1.321
95,Night,0,Practice,Expected,Red,Right,19.32,10.97,0.3137,0.8681,103.5159,0.3137,32.91,1,Manual_P,106.04,97.68,-1.000,-1.000,-1.000,None,What was the color of the REAR turn signal?,Amber,1.321
95,Night,0,Practice,Expected,Red,Right,19.42,11.07,0.3000,0.8681,105.0253,0.3000,33.58,1,Manual_P,106.04,97.68,-1.000,-1.000,-1.000,None,What was the color of the REAR turn signal?,Amber,1.321
95,Night,0,Practice,Expected,Red,Right,19.53,11.17,0.2840,0.8681,106.6072,0.2840,34.24,1,Manual_P,106.04,97.68,-1.000,-1.000,-1.000,None,What was the color of the REAR turn signal?,Amber,1.321
95,Night,0,Practice,Expected,Red,Right,19.63,11.27,0.2686,0.8681,108.1793,0.2686,34.91,1,Manual_P,106.04,97.68,-1.000,-1.000,-1.000,None,What was the color of the REAR turn signal?,Amber,1.321
95,Night,0,Practice,Expected,Red,Right,19.73,11.38,0.2545,0.8681,109.7982,0.2545,35.57,1,Manual_P,106.04,97.68,-1.000,-1.000,-1.000,None,What was the color of the REAR turn signal?,Amber,1.321
95,Night,0,Practice,Expected,Red,Right,19.84,11.48,0.2421,0.8681,111.4542,0.2421,36.35,1,Manual_P,106.04,97.68,-1.000,-1.000,-1.000,None,What was the color of the REAR turn signal?,Amber,1.321
95,Night,0,Practice,Expected,Red,Right,19.94,11.59,0.2313,0.8681,113.1759,0.2313,37.01,1,Manual_P,106.04,97.68,-1.000,-1.000,-1.000,None,What was the color of the REAR turn signal?,Amber,1.321
95,Night,0,Practice,Expected,Red,Right,20.06,11.70,0.2213,0.8681,115.0896,0.2213,37.78,1,Manual_P,106.04,97.68,-1.000,-1.000,-1.000,None,What was the color of the REAR turn signal?,Amber,1.321
95,Night,0,Practice,Expected,Red,Right,20.17,11.82,0.2037,0.8681,117.0975,0.2037,38.54,1,Manual_P,106.04,97.68,-1.000,-1.000,-1.000,None,What was the color of the REAR turn signal?,Amber,1.321
95,Night,0,Practice,Expected,Red,Right,20.29,11.93,0.1723,0.8681,119.0526,0.1723,39.31,1,Manual_P,106.04,97.68,-1.000,-1.000,-1.000,None,What was the color of the REAR turn signal?,Amber,1.321
95,Night,0,Practice,Expected,Red,Right,20.40,12.04,0.1390,0.8681,121.0139,0.1390,39.98,1,Manual_P,106.04,97.68,-1.000,-1.000,-1.000,None,What was the color of the REAR turn signal?,Amber,1.321
95,Night,0,Practice,Expected,Red,Right,20.51,12.15,0.1083,0.8681,123.0655,0.1083,40.74,1,Manual_P,106.04,97.68,-1.000,-1.000,-1.000,None,What was the color of the REAR turn signal?,Amber,1.321
95,Night,0,Practice,Expected,Red,Right,20.61,12.26,0.0879,0.8681,124.9177,0.0879,41.40,1,Manual_P,106.04,97.68,-1.000,-1.000,-1.000,None,What was the color of the REAR turn signal?,Amber,1.321
95,Night,0,Practice,Expected,Red,Right,20.73,12.37,0.0601,0.8681,127.1018,0.0601,42.17,1,Manual_P,106.04,97.68,-1.000,-1.000,-1.000,None,What was the color of the REAR turn signal?,Amber,1.321
95,Night,0,Practice,Expected,Red,Right,20.83,12.48,0.0353,0.8681,129.0699,0.0353,42.83,1,Manual_P,106.04,97.68,-1.000,-1.000,-1.000,None,What was the color of the REAR turn signal?,Amber,1.321
95,Night,0,Practice,Expected,Red,Right,20.94,12.58,0.0111,0.8681,131.1697,0.0111,43.61,1,Manual_P,106.04,97.68,-1.000,-1.000,-1.000,None,What was the color of the REAR turn signal?,Amber,1.321
95,Night,0,Practice,Expected,Red,Right,21.04,12.68,-0.0089,0.8681,133.1450,-0.0089,44.27,1,Manual_P,106.04,97.68,-1.000,-1.000,-1.000,None,What was the color of the REAR turn signal?,Amber,1.321
95,Night,0,Practice,Expected,Red,Right,21.16,12.81,-0.0297,0.8681,135.5570,-0.0297,45.04,1,Manual_P,106.04,97.68,-1.000,-1.000,-1.000,None,What was the color of the REAR turn signal?,Amber,1.321
95,Night,0,Practice,Expected,Red,Right,21.26,12.91,-0.0444,0.8681,137.5981,-0.0444,45.70,1,Manual_P,106.04,97.68,-1.000,-1.000,-1.000,None,What was the color of the REAR turn signal?,Amber,1.321
95,Night,0,Practice,Expected,Red,Right,21.37,13.01,-0.0579,0.8681,139.8049,-0.0579,46.48,1,Manual_P,106.04,97.68,-1.000,-1.000,-1.000,None,What was the color of the REAR turn signal?,Amber,1.321
95,Night,0,Practice,Expected,Red,Right,21.47,13.12,-0.0690,0.8681,141.9612,-0.0690,47.14,1,Manual_P,106.04,97.68,-1.000,-1.000,-1.000,None,What was the color of the REAR turn signal?,Amber,1.321
95,Night,0,Practice,Expected,Red,Right,21.58,13.23,-0.0793,0.8681,144.3465,-0.0793,47.91,1,Manual_P,106.04,97.68,-1.000,-1.000,-1.000,None,What was the color of the REAR turn signal?,Amber,1.321
95,Night,0,Practice,Expected,Red,Right,21.69,13.33,-0.0877,0.8681,146.6309,-0.0877,48.57,1,Manual_P,106.04,97.68,-1.000,-1.000,-1.000,None,What was the color of the REAR turn signal?,Amber,1.321
95,Night,0,Practice,Expected,Red,Right,21.80,13.44,-0.0953,0.8681,149.0312,-0.0953,49.34,1,Manual_P,106.04,97.68,-1.000,-1.000,-1.000,None,What was the color of the REAR turn signal?,Amber,1.321
95,Night,0,Practice,Expected,Red,Right,21.90,13.55,-0.1017,0.8681,151.3008,-0.1017,50.00,1,Manual_P,106.04,97.68,-1.000,-1.000,-1.000,None,What was the color of the REAR turn signal?,Amber,1.321
95,Night,0,Practice,Expected,Red,Right,22.02,13.66,-0.1079,0.8681,153.8299,-0.1079,50.66,1,Manual_P,106.04,97.68,-1.000,-1.000,-1.000,None,What was the color of the REAR turn signal?,Amber,1.321
95,Night,0,Practice,Expected,Red,Right,22.12,13.77,-0.1134,0.8681,156.2899,-0.1134,51.44,1,Manual_P,106.04,97.68,-1.000,-1.000,-1.000,None,What was the color of the REAR turn signal?,Amber,1.321
95,Night,0,Practice,Expected,Red,Right,22.23,13.87,-0.1185,0.8681,158.7588,-0.1185,52.10,1,Manual_P,106.04,97.68,-1.000,-1.000,-1.000,None,What was the color of the REAR turn signal?,Amber,1.321
95,Night,0,Practice,Expected,Red,Right,22.34,13.98,-0.1234,0.8681,161.2575,-0.1234,52.87,1,Manual_P,106.04,97.68,-1.000,-1.000,-1.000,None,What was the color of the REAR turn signal?,Amber,1.321
95,Night,0,Practice,Expected,Red,Right,22.45,14.09,-0.1282,0.8681,163.9025,-0.1282,53.53,1,Manual_P,106.04,97.68,-1.000,-1.000,-1.000,None,What was the color of the REAR turn signal?,Amber,1.321
95,Night,0,Practice,Expected,Red,Right,22.55,14.20,-0.1328,0.8681,166.4945,-0.1328,54.30,1,Manual_P,106.04,97.68,-1.000,-1.000,-1.000,None,What was the color of the REAR turn signal?,Amber,1.321
95,Night,0,Practice,Expected,Red,Right,22.66,14.31,-0.1374,0.8681,169.1290,-0.1374,54.96,1,Manual_P,106.04,97.68,-1.000,-1.000,-1.000,None,What was the color of the REAR turn signal?,Amber,1.321
95,Night,0,Practice,Expected,Red,Right,22.78,14.42,-0.1422,0.8681,171.9765,-0.1422,55.73,1,Manual_P,106.04,97.68,-1.000,-1.000,-1.000,None,What was the color of the REAR turn signal?,Amber,1.321
95,Night,0,Practice,Expected,Red,Right,22.89,14.54,-0.1471,0.8681,174.8677,-0.1471,56.49,1,Manual_P,106.04,97.68,-1.000,-1.000,-1.000,None,What was the color of the REAR turn signal?,Amber,1.321
95,Night,0,Practice,Expected,Red,Right,23.01,14.65,-0.1521,0.8681,177.8109,-0.1521,57.12,1,Manual_P,106.04,97.68,-1.000,-1.000,-1.000,None,What was the color of the REAR turn signal?,Amber,1.321
95,Night,0,Practice,Expected,Red,Right,23.12,14.77,-0.1571,0.8681,180.7074,-0.1571,57.51,1,Manual_P,106.04,97.68,-1.000,-1.000,-1.000,None,What was the color of the REAR turn signal?,Amber,1.321
95,Night,0,Practice,Expected,Red,Right,23.22,14.87,-0.1616,0.8681,183.3131,-0.1616,57.73,1,Manual_P,106.04,97.68,-1.000,-1.000,-1.000,None,What was the color of the REAR turn signal?,Amber,1.321
95,Night,0,Practice,Expected,Red,Right,23.33,14.98,-0.1665,0.8681,186.1369,-0.1665,58.05,1,Manual_P,106.04,97.68,-1.000,-1.000,-1.000,None,What was the color of the REAR turn signal?,Amber,1.321
95,Night,0,Practice,Expected,Red,Right,23.44,15.08,-0.1715,0.8681,188.9585,-0.1715,58.66,1,Manual_P,106.04,97.68,-1.000,-1.000,-1.000,None,What was the color of the REAR turn signal?,Amber,1.321
95,Night,0,Practice,Expected,Red,Right,23.55,15.20,-0.1769,0.8681,191.9671,-0.1769,59.31,1,Manual_P,106.04,97.68,-1.000,-1.000,-1.000,None,What was the color of the REAR turn signal?,Amber,1.321
95,Night,0,Practice,Expected,Red,Right,23.67,15.31,-0.1823,0.8681,194.9162,-0.1823,59.70,1,Manual_P,106.04,97.68,-1.000,-1.000,-1.000,None,What was the color of the REAR turn signal?,Amber,1.321
95,Night,0,Practice,Expected,Red,Right,23.78,15.43,-0.1882,0.8681,198.0784,-0.1882,59.92,1,Manual_P,106.04,97.68,-1.000,-1.000,-1.000,None,What was the color of the REAR turn signal?,Amber,1.321
95,Night,0,Practice,Expected,Red,Right,23.90,15.54,-0.1940,0.8681,201.1777,-0.1940,59.94,1,Manual_P,106.04,97.68,-1.000,-1.000,-1.000,None,What was the color of the REAR turn signal?,Amber,1.321
95,Night,0,Practice,Expected,Red,Right,24.01,15.66,-0.1999,0.8681,204.2423,-0.1999,59.94,1,Manual_P,106.04,97.68,-1.000,-1.000,-1.000,None,What was the color of the REAR turn signal?,Amber,1.321
95,Night,0,Practice,Expected,Red,Right,24.13,15.77,-0.2058,0.8681,207.2621,-0.2058,59.92,1,Manual_P,106.04,97.68,-1.000,-1.000,-1.000,None,What was the color of the REAR turn signal?,Amber,1.321
95,Night,0,Practice,Expected,Red,Right,24.23,15.87,-0.2112,0.8681,210.0266,-0.2112,59.91,1,Manual_P,106.04,97.68,-1.000,-1.000,-1.000,None,What was the color of the REAR turn signal?,Amber,1.321
95,Night,0,Practice,Expected,Red,Right,24.34,15.98,-0.2169,0.8681,212.8679,-0.2169,59.90,1,Manual_P,106.04,97.68,-1.000,-1.000,-1.000,None,What was the color of the REAR turn signal?,Amber,1.321
95,Night,0,Practice,Expected,Red,Right,24.45,16.10,-0.2233,0.8681,216.0407,-0.2233,59.88,1,Manual_P,106.04,97.68,-1.000,-1.000,-1.000,None,What was the color of the REAR turn signal?,Amber,1.321
95,Night,0,Practice,Expected,Red,Right,24.56,16.20,-0.2291,0.8681,218.8942,-0.2291,59.95,1,Manual_P,106.04,97.68,-1.000,-1.000,-1.000,None,What was the color of the REAR turn signal?,Amber,1.321
95,Night,0,Practice,Expected,Red,Right,24.67,16.31,-0.2349,0.8681,221.7311,-0.2349,60.11,1,Manual_P,106.04,97.68,-1.000,-1.000,-1.000,None,What was the color of the REAR turn signal?,Amber,1.321
95,Night,0,Practice,Expected,Red,Right,24.78,16.42,-0.2411,0.8681,224.7650,-0.2411,60.18,1,Manual_P,106.04,97.68,-1.000,-1.000,-1.000,None,What was the color of the REAR turn signal?,Amber,1.321
95,Night,0,Practice,Expected,Red,Right,24.90,16.54,-0.2451,0.8681,227.9169,-0.2451,60.17,1,Manual_P,106.04,97.68,-1.000,-1.000,-1.000,None,What was the color of the REAR turn signal?,Amber,1.321
95,Night,0,Practice,Expected,Red,Right,25.01,16.66,-0.2339,0.8681,231.1090,-0.2339,60.16,1,Manual_P,106.04,97.68,-1.000,-1.000,-1.000,None,What was the color of the REAR turn signal?,Amber,1.321
95,Night,0,Practice,Expected,Red,Right,25.13,16.77,-0.2184,0.8681,234.1925,-0.2184,60.14,1,Manual_P,106.04,97.68,-1.000,-1.000,-1.000,None,What was the color of the REAR turn signal?,Amber,1.321
95,Night,0,Practice,Expected,Red,Right,25.24,16.88,-0.1981,0.8681,237.0253,-0.1981,60.12,1,Manual_P,106.04,97.68,-1.000,-1.000,-1.000,None,What was the color of the REAR turn signal?,Amber,1.321
95,Night,0,Practice,Expected,Red,Right,25.35,17.00,-0.1660,0.8681,240.2172,-0.1660,60.14,1,Manual_P,106.04,97.68,-1.000,-1.000,-1.000,None,What was the color of the REAR turn signal?,Amber,1.321
95,Night,0,Practice,Expected,Red,Right,25.47,17.11,-0.1254,0.8681,243.2895,-0.1254,60.29,1,Manual_P,106.04,97.68,-1.000,-1.000,-1.000,None,What was the color of the REAR turn signal?,Amber,1.321
95,Night,0,Practice,Expected,Red,Right,25.58,17.23,-0.0753,0.8681,246.3781,-0.0753,60.35,1,Manual_P,106.04,97.68,-1.000,-1.000,-1.000,None,What was the color of the REAR turn signal?,Amber,1.321
95,Night,0,Practice,Expected,Red,Right,25.69,17.33,-0.0211,0.8681,249.2550,-0.0211,60.50,1,Manual_P,106.04,97.68,-1.000,-1.000,-1.000,None,What was the color of the REAR turn signal?,Amber,1.321
95,Night,0,Practice,Expected,Red,Right,25.80,17.44,0.0301,0.8681,252.2792,0.0301,60.75,1,Manual_P,106.04,97.68,-1.000,-1.000,-1.000,None,What was the color of the REAR turn signal?,Amber,1.321
95,Night,0,Practice,Expected,Red,Right,25.91,17.55,0.0788,0.8681,255.2627,0.0788,60.84,1,Manual_P,106.04,97.68,-1.000,-1.000,-1.000,None,What was the color of the REAR turn signal?,Amber,1.321
95,Night,0,Practice,Expected,Red,Right,26.03,17.67,0.1315,0.8681,258.5076,0.1315,60.86,1,Manual_P,106.04,97.68,-1.000,-1.000,-1.000,None,What was the color of the REAR turn signal?,Amber,1.321
95,Night,0,Practice,Expected,Red,Right,26.15,17.79,0.1782,0.8681,261.6566,0.1782,60.85,1,Manual_P,106.04,97.68,-1.000,-1.000,-1.000,None,What was the color of the REAR turn signal?,Amber,1.321
95,Night,0,Practice,Expected,Red,Right,26.27,17.91,0.2203,0.8681,264.9894,0.2203,60.83,1,Manual_P,106.04,97.68,-1.000,-1.000,-1.000,None,What was the color of the REAR turn signal?,Amber,1.321
95,Night,0,Practice,Expected,Red,Right,26.38,18.03,0.2521,0.8681,268.0972,0.2521,60.82,1,Manual_P,106.04,97.68,-1.000,-1.000,-1.000,None,What was the color of the REAR turn signal?,Amber,1.321
95,Night,0,Practice,Expected,Red,Right,26.50,18.14,0.2769,0.8681,271.2486,0.2769,60.80,1,Manual_P,106.04,97.68,-1.000,-1.000,-1.000,None,What was the color of the REAR turn signal?,Amber,1.321
95,Night,0,Practice,Expected,Red,Right,26.61,18.26,0.2948,0.8681,274.4195,0.2948,60.78,1,Manual_P,106.04,97.68,-1.000,-1.000,-1.000,None,What was the color of the REAR turn signal?,Amber,1.321
95,Night,0,Practice,Expected,Red,Right,26.73,18.37,0.3059,0.8681,277.4586,0.3059,60.76,1,Manual_P,106.04,97.68,-1.000,-1.000,-1.000,None,What was the color of the REAR turn signal?,Amber,1.321
95,Night,0,Practice,Expected,Red,Right,26.84,18.48,0.3119,0.8681,280.4762,0.3119,60.75,1,Manual_P,106.04,97.68,-1.000,-1.000,-1.000,None,What was the color of the REAR turn signal?,Amber,1.321
95,Night,0,Practice,Expected,Red,Right,26.95,18.60,0.3133,0.8681,283.6332,0.3133,60.73,1,Manual_P,106.04,97.68,-1.000,-1.000,-1.000,None,What was the color of the REAR turn signal?,Amber,1.321
95,Night,0,Practice,Expected,Red,Right,27.05,18.70,0.3144,0.8681,286.3481,0.3144,60.71,1,Manual_P,106.04,97.68,-1.000,-1.000,-1.000,None,What was the color of the REAR turn signal?,Amber,1.321
95,Night,0,Practice,Expected,Red,Right,27.16,18.80,0.3233,0.8681,289.1641,0.3233,60.70,1,Manual_P,106.04,97.68,-1.000,-1.000,-1.000,None,What was the color of the REAR turn signal?,Amber,1.321
95,Night,0,Practice,Expected,Red,Right,27.26,18.90,0.3318,0.8681,291.8922,0.3318,60.68,1,Manual_P,106.04,97.68,-1.000,-1.000,-1.000,None,What was the color of the REAR turn signal?,Amber,1.321
95,Night,0,Practice,Expected,Red,Right,27.37,19.02,0.3446,0.8681,295.0186,0.3446,60.67,1,Manual_P,106.04,97.68,-1.000,-1.000,-1.000,None,What was the color of the REAR turn signal?,Amber,1.321
95,Night,0,Practice,Expected,Red,Right,27.48,19.12,0.3606,0.8681,297.8164,0.3606,60.65,1,Manual_P,106.04,97.68,-1.000,-1.000,-1.000,None,What was the color of the REAR turn signal?,Amber,1.321
95,Night,0,Practice,Expected,Red,Right,27.59,19.23,0.3839,0.8681,300.8578,0.3839,60.63,1,Manual_P,106.04,97.68,-1.000,-1.000,-1.000,None,What was the color of the REAR turn signal?,Amber,1.321
95,Night,0,Practice,Expected,Red,Right,27.71,19.36,0.4158,0.8681,304.1598,0.4158,60.62,1,Manual_P,106.04,97.68,-1.000,-1.000,-1.000,None,What was the color of the REAR turn signal?,Amber,1.321
95,Night,0,Practice,Expected,Red,Right,27.83,19.47,0.4405,0.8681,307.3146,0.4405,60.59,1,Manual_P,106.04,97.68,-1.000,-1.000,-1.000,None,What was the color of the REAR turn signal?,Amber,1.321
95,Night,0,Practice,Expected,Red,Right,27.94,19.59,0.4646,0.8681,310.4344,0.4646,60.58,1,Manual_P,106.04,97.68,-1.000,-1.000,-1.000,None,What was the color of the REAR turn signal?,Amber,1.321
95,Night,0,Practice,Expected,Red,Right,28.06,19.71,0.4894,0.8681,313.6880,0.4894,60.56,1,Manual_P,106.04,97.68,-1.000,-1.000,-1.000,None,What was the color of the REAR turn signal?,Amber,1.321
95,Night,0,Practice,Expected,Red,Right,28.17,19.82,0.5090,0.8681,316.7093,0.5090,60.54,1,Manual_P,106.04,97.68,-1.000,-1.000,-1.000,None,What was the color of the REAR turn signal?,Amber,1.321
95,Night,0,Practice,Expected,Red,Right,28.30,19.94,0.5249,0.8681,319.9974,0.5249,60.53,1,Manual_P,106.04,97.68,-1.000,-1.000,-1.000,None,What was the color of the REAR turn signal?,Amber,1.321
95,Night,0,Practice,Expected,Red,Right,28.42,20.06,0.5411,0.8681,323.2915,0.5411,60.51,1,Manual_P,106.04,97.68,-1.000,-1.000,-1.000,None,What was the color of the REAR turn signal?,Amber,1.321
95,Night,0,Practice,Expected,Red,Right,28.53,20.18,0.5543,0.8681,326.3780,0.5543,60.49,1,Manual_P,106.04,97.68,-1.000,-1.000,-1.000,None,What was the color of the REAR turn signal?,Amber,1.321
95,Night,0,Practice,Expected,Red,Right,28.65,20.29,0.5651,0.8681,329.5026,0.5651,60.48,1,Manual_P,106.04,97.68,-1.000,-1.000,-1.000,None,What was the color of the REAR turn signal?,Amber,1.321
95,Night,0,Practice,Expected,Red,Right,28.76,20.40,0.5752,0.8681,332.5570,0.5752,60.46,1,Manual_P,106.04,97.68,-1.000,-1.000,-1.000,None,What was the color of the REAR turn signal?,Amber,1.321
95,Night,0,Practice,Expected,Red,Right,28.88,20.52,0.5861,0.8681,335.7459,0.5861,60.44,1,Manual_P,106.04,97.68,-1.000,-1.000,-1.000,None,What was the color of the REAR turn signal?,Amber,1.321
95,Night,0,Practice,Expected,Red,Right,28.99,20.64,0.5977,0.8681,338.8032,0.5977,60.43,1,Manual_P,106.04,97.68,-1.000,-1.000,-1.000,None,What was the color of the REAR turn signal?,Amber,1.321
95,Night,0,Practice,Expected,Red,Right,29.12,20.76,0.6120,0.8681,342.1766,0.6120,60.41,1,Manual_P,106.04,97.68,-1.000,-1.000,-1.000,None,What was the color of the REAR turn signal?,Amber,1.321
95,Night,0,Practice,Expected,Red,Right,29.22,20.86,0.6251,0.8681,344.9581,0.6251,60.40,1,Manual_P,106.04,97.68,-1.000,-1.000,-1.000,None,What was the color of the REAR turn signal?,Amber,1.321
95,Night,0,Practice,Expected,Red,Right,29.34,20.99,0.6422,0.8681,348.2665,0.6422,60.38,1,Manual_P,106.04,97.68,-1.000,-1.000,-1.000,None,What was the color of the REAR turn signal?,Amber,1.321
95,Night,0,Practice,Expected,Red,Right,29.46,21.10,0.6596,0.8681,351.3451,0.6596,60.37,1,Manual_P,106.04,97.68,-1.000,-1.000,-1.000,None,What was the color of the REAR turn signal?,Amber,1.321
95,Night,0,Practice,Expected,Red,Right,29.58,21.22,0.6796,0.8681,354.6680,0.6796,60.35,1,Manual_P,106.04,97.68,-1.000,-1.000,-1.000,None,What was the color of the REAR turn signal?,Amber,1.321
95,Night,0,Practice,Expected,Red,Right,29.69,21.33,0.6987,0.8681,357.6429,0.6987,60.33,1,Manual_P,106.04,97.68,-1.000,-1.000,-1.000,None,What was the color of the REAR turn signal?,Amber,1.321
95,Night,0,Practice,Expected,Red,Right,29.81,21.46,0.7198,0.8681,361.0094,0.7198,60.32,1,Manual_P,106.04,97.68,-1.000,-1.000,-1.000,None,What was the color of the REAR turn signal?,Amber,1.321
95,Night,0,Practice,Expected,Red,Right,29.93,21.57,0.7247,0.8681,364.1297,0.7247,60.29,1,Manual_P,106.04,97.68,-1.000,-1.000,-1.000,None,What was the color of the REAR turn signal?,Amber,1.321
95,Night,0,Practice,Expected,Red,Right,30.03,21.68,0.7250,0.8681,366.8631,0.7250,60.27,1,Manual_P,106.04,97.68,-1.000,-1.000,-1.000,None,What was the color of the REAR turn signal?,Amber,1.321
95,Night,0,Practice,Expected,Red,Right,30.15,21.79,0.7195,0.8681,369.9810,0.7195,60.26,1,Manual_P,106.04,97.68,-1.000,-1.000,-1.000,None,What was the color of the REAR turn signal?,Amber,1.321
95,Night,0,Practice,Expected,Red,Right,30.27,21.91,0.7042,0.8681,373.2688,0.7042,60.24,1,Manual_P,106.04,97.68,-1.000,-1.000,-1.000,None,What was the color of the REAR turn signal?,Amber,1.321
95,Night,0,Practice,Expected,Red,Right,30.39,22.03,0.6858,0.8681,376.5392,0.6858,60.22,1,Manual_P,106.04,97.68,-1.000,-1.000,-1.000,None,What was the color of the REAR turn signal?,Amber,1.321
95,Night,0,Practice,Expected,Red,Right,30.51,22.15,0.6659,0.8681,379.7659,0.6659,60.20,1,Manual_P,106.04,97.68,-1.000,-1.000,-1.000,None,What was the color of the REAR turn signal?,Amber,1.321
95,Night,0,Practice,Expected,Red,Right,30.61,22.25,0.6451,0.8681,382.4577,0.6451,60.18,1,Manual_P,106.04,97.68,-1.000,-1.000,-1.000,None,What was the color of the REAR turn signal?,Amber,1.321
95,Night,0,Practice,Expected,Red,Right,30.73,22.37,0.6193,0.8681,385.6035,0.6193,60.17,1,Manual_P,106.04,97.68,-1.000,-1.000,-1.000,None,What was the color of the REAR turn signal?,Amber,1.321
95,Night,0,Practice,Expected,Red,Right,30.85,22.50,0.5923,0.8681,388.9291,0.5923,60.15,1,Manual_P,106.04,97.68,-1.000,-1.000,-1.000,None,What was the color of the REAR turn signal?,Amber,1.321
95,Night,0,Practice,Expected,Red,Right,30.97,22.61,0.5687,0.8681,392.0367,0.5687,60.13,1,Manual_P,106.04,97.68,-1.000,-1.000,-1.000,None,What was the color of the REAR turn signal?,Amber,1.321
95,Night,0,Practice,Expected,Red,Right,31.08,22.72,0.5477,0.8681,395.0560,0.5477,60.12,1,Manual_P,106.04,97.68,-1.000,-1.000,-1.000,None,What was the color of the REAR turn signal?,Amber,1.321
95,Night,0,Practice,Expected,Red,Right,31.20,22.84,0.5281,0.8681,398.2250,0.5281,60.10,1,Manual_P,106.04,97.68,-1.000,-1.000,-1.000,None,What was the color of the REAR turn signal?,Amber,1.321
95,Night,0,Practice,Expected,Red,Right,31.31,22.95,0.5115,0.8681,401.2751,0.5115,60.09,1,Manual_P,106.04,97.68,-1.000,-1.000,-1.000,None,What was the color of the REAR turn signal?,Amber,1.321
95,Night,0,Practice,Expected,Red,Right,31.43,23.07,0.4968,0.8681,404.3831,0.4968,60.07,1,Manual_P,106.04,97.68,-1.000,-1.000,-1.000,None,What was the color of the REAR turn signal?,Amber,1.321
95,Night,0,Practice,Expected,Red,Right,31.54,23.18,0.4845,0.8681,407.3793,0.4845,60.06,1,Manual_P,106.04,97.68,-1.000,-1.000,-1.000,None,What was the color of the REAR turn signal?,Amber,1.321
95,Night,0,Practice,Expected,Red,Right,31.65,23.29,0.4740,0.8681,410.3280,0.4740,60.04,1,Manual_P,106.04,97.68,-1.000,-1.000,-1.000,None,What was the color of the REAR turn signal?,Amber,1.321
95,Night,0,Practice,Expected,Red,Right,31.76,23.41,0.4644,0.8681,413.4693,0.4644,60.03,1,Manual_P,106.04,97.68,-1.000,-1.000,-1.000,None,What was the color of the REAR turn signal?,Amber,1.321
95,Night,0,Practice,Expected,Red,Right,31.87,23.52,0.4568,0.8681,416.3504,0.4568,60.01,1,Manual_P,106.04,97.68,-1.000,-1.000,-1.000,None,What was the color of the REAR turn signal?,Amber,1.321
95,Night,0,Practice,Expected,Red,Right,31.97,23.62,0.4505,0.8681,419.0357,0.4505,60.00,1,Manual_P,106.04,97.68,-1.000,-1.000,-1.000,None,What was the color of the REAR turn signal?,Amber,1.321
95,Night,0,Practice,Expected,Red,Right,32.08,23.73,0.4445,0.8681,421.9865,0.4445,59.99,1,Manual_P,106.04,97.68,-1.000,-1.000,-1.000,None,What was the color of the REAR turn signal?,Amber,1.321
95,Night,0,Practice,Expected,Red,Right,32.19,23.83,0.4397,0.8681,424.8526,0.4397,59.97,1,Manual_P,106.04,97.68,-1.000,-1.000,-1.000,None,What was the color of the REAR turn signal?,Amber,1.321
95,Night,0,Practice,Expected,Red,Right,32.31,23.95,0.4531,0.8681,428.0954,0.4531,59.92,1,Manual_P,106.04,97.68,-1.000,-1.000,-1.000,None,What was the color of the REAR turn signal?,Amber,1.321
95,Night,0,Practice,Expected,Red,Right,32.43,24.08,0.4875,0.8681,431.4054,0.4875,59.90,1,Manual_P,106.04,97.68,-1.000,-1.000,-1.000,None,What was the color of the REAR turn signal?,Amber,1.321
95,Night,0,Practice,Expected,Red,Right,32.54,24.19,0.5149,0.8681,434.3183,0.5149,59.87,1,Manual_P,106.04,97.68,-1.000,-1.000,-1.000,None,What was the color of the REAR turn signal?,Amber,1.321
95,Night,0,Practice,Expected,Red,Right,32.66,24.30,0.5402,0.8681,437.3711,0.5402,59.85,1,Manual_P,106.04,97.68,-1.000,-1.000,-1.000,None,What was the color of the REAR turn signal?,Amber,1.321
95,Night,0,Practice,Expected,Red,Right,32.78,24.42,0.5766,0.8681,440.5923,0.5766,59.84,1,Manual_P,106.04,97.68,-1.000,-1.000,-1.000,None,What was the color of the REAR turn signal?,Amber,1.321
95,Night,0,Practice,Expected,Red,Right,32.89,24.54,0.6162,0.8681,443.7249,0.6162,59.82,1,Manual_P,106.04,97.68,-1.000,-1.000,-1.000,None,What was the color of the REAR turn signal?,Amber,1.321
95,Night,0,Practice,Expected,Red,Right,33.02,24.66,0.6580,0.8681,446.9574,0.6580,59.80,1,Manual_P,106.04,97.68,-1.000,-1.000,-1.000,None,What was the color of the REAR turn signal?,Amber,1.321
95,Night,0,Practice,Expected,Red,Right,33.12,24.76,0.6916,0.8681,449.6441,0.6916,59.79,1,Manual_P,106.04,97.68,-1.000,-1.000,-1.000,None,What was the color of the REAR turn signal?,Amber,1.321
95,Night,0,Practice,Expected,Red,Right,33.22,24.86,0.7243,0.8681,452.3860,0.7243,59.77,1,Manual_P,106.04,97.68,-1.000,-1.000,-1.000,None,What was the color of the REAR turn signal?,Amber,1.321
95,Night,0,Practice,Expected,Red,Right,33.32,24.97,0.7558,0.8681,455.2169,0.7558,59.76,1,Manual_P,106.04,97.68,-1.000,-1.000,-1.000,None,What was the color of the REAR turn signal?,Amber,1.321
95,Night,0,Practice,Expected,Red,Right,33.45,25.09,0.7901,0.8681,458.5847,0.7901,59.74,1,Manual_P,106.04,97.68,-1.000,-1.000,-1.000,None,What was the color of the REAR turn signal?,Amber,1.321
95,Night,0,Practice,Expected,Red,Right,33.56,25.21,0.8175,0.8681,461.5461,0.8175,59.73,1,Manual_P,106.04,97.68,-1.000,-1.000,-1.000,None,What was the color of the REAR turn signal?,Amber,1.321
95,Night,0,Practice,Expected,Red,Right,33.67,25.31,0.8414,0.8681,464.3682,0.8414,59.71,1,Manual_P,106.04,97.68,-1.000,-1.000,-1.000,None,What was the color of the REAR turn signal?,Amber,1.321
95,Night,0,Practice,Expected,Red,Right,33.78,25.42,0.8566,0.8681,467.4053,0.8566,59.68,1,Manual_P,106.04,97.68,-1.000,-1.000,-1.000,None,What was the color of the REAR turn signal?,Amber,1.321
95,Night,0,Practice,Expected,Red,Right,33.88,25.53,0.8567,0.8681,470.1714,0.8567,59.67,1,Manual_P,106.04,97.68,-1.000,-1.000,-1.000,None,What was the color of the REAR turn signal?,Amber,1.321
95,Night,0,Practice,Expected,Red,Right,34.00,25.64,0.8504,0.8681,473.2312,0.8504,59.65,1,Manual_P,106.04,97.68,-1.000,-1.000,-1.000,None,What was the color of the REAR turn signal?,Amber,1.321
95,Night,0,Practice,Expected,Red,Right,34.12,25.76,0.8335,0.8681,476.3369,0.8335,59.63,1,Manual_P,106.04,97.68,-1.000,-1.000,-1.000,None,What was the color of the REAR turn signal?,Amber,1.321
95,Night,0,Practice,Expected,Red,Right,34.23,25.87,0.8062,0.8681,479.2838,0.8062,59.61,1,Manual_P,106.04,97.68,-1.000,-1.000,-1.000,None,What was the color of the REAR turn signal?,Amber,1.321
95,Night,0,Practice,Expected,Red,Right,34.33,25.97,0.7703,0.8681,482.0637,0.7703,59.60,1,Manual_P,106.04,97.68,-1.000,-1.000,-1.000,None,What was the color of the REAR turn signal?,Amber,1.321
95,Night,0,Practice,Expected,Red,Right,34.44,26.08,0.7240,0.8681,484.9120,0.7240,59.58,1,Manual_P,106.04,97.68,-1.000,-1.000,-1.000,None,What was the color of the REAR turn signal?,Amber,1.321
95,Night,0,Practice,Expected,Red,Right,34.55,26.19,0.6756,0.8681,487.7976,0.6756,59.56,1,Manual_P,106.04,97.68,-1.000,-1.000,-1.000,None,What was the color of the REAR turn signal?,Amber,1.321
95,Night,0,Practice,Expected,Red,Right,34.67,26.32,0.6223,0.8681,491.1759,0.6223,59.54,1,Manual_P,106.04,97.68,-1.000,-1.000,-1.000,None,What was the color of the REAR turn signal?,Amber,1.321
95,Night,0,Practice,Expected,Red,Right,34.80,26.44,0.5672,0.8681,494.4770,0.5672,59.52,1,Manual_P,106.04,97.68,-1.000,-1.000,-1.000,None,What was the color of the REAR turn signal?,Amber,1.321
95,Night,0,Practice,Expected,Red,Right,34.92,26.56,0.5147,0.8681,497.7697,0.5147,59.50,1,Manual_P,106.04,97.68,-1.000,-1.000,-1.000,None,What was the color of the REAR turn signal?,Amber,1.321
95,Night,0,Practice,Expected,Red,Right,35.04,26.69,0.4674,0.8681,501.0553,0.4674,59.49,1,Manual_P,106.04,97.68,-1.000,-1.000,-1.000,None,What was the color of the REAR turn signal?,Amber,1.321
95,Night,0,Practice,Expected,Red,Right,35.15,26.80,0.4310,0.8681,503.9656,0.4310,59.47,1,Manual_P,106.04,97.68,-1.000,-1.000,-1.000,None,What was the color of the REAR turn signal?,Amber,1.321
95,Night,0,Practice,Expected,Red,Right,35.27,26.92,0.3982,0.8681,507.1786,0.3982,59.45,1,Manual_P,106.04,97.68,-1.000,-1.000,-1.000,None,What was the color of the REAR turn signal?,Amber,1.321
95,Night,0,Practice,Expected,Red,Right,35.38,27.02,0.3919,0.8681,509.8702,0.3919,59.41,1,Manual_P,106.04,97.68,-1.000,-1.000,-1.000,None,What was the color of the REAR turn signal?,Amber,1.321
95,Night,0,Practice,Expected,Red,Right,35.48,27.13,0.3975,0.8681,512.7118,0.3975,59.40,1,Manual_P,106.04,97.68,-1.000,-1.000,-1.000,None,What was the color of the REAR turn signal?,Amber,1.321
95,Night,0,Practice,Expected,Red,Right,35.59,27.23,0.4141,0.8681,515.5609,0.4141,59.38,1,Manual_P,106.04,97.68,-1.000,-1.000,-1.000,None,What was the color of the REAR turn signal?,Amber,1.321
95,Night,0,Practice,Expected,Red,Right,35.70,27.34,0.4440,0.8681,518.3881,0.4440,59.36,1,Manual_P,106.04,97.68,-1.000,-1.000,-1.000,None,What was the color of the REAR turn signal?,Amber,1.321
95,Night,0,Practice,Expected,Red,Right,35.81,27.45,0.4821,0.8681,521.2787,0.4821,59.34,1,Manual_P,106.04,97.68,-1.000,-1.000,-1.000,None,What was the color of the REAR turn signal?,Amber,1.321
95,Night,0,Practice,Expected,Red,Right,35.91,27.55,0.5208,0.8681,523.9526,0.5208,59.32,1,Manual_P,106.04,97.68,-1.000,-1.000,-1.000,None,What was the color of the REAR turn signal?,Amber,1.321
95,Night,0,Practice,Expected,Red,Right,36.03,27.68,0.5812,0.8681,527.3412,0.5812,59.30,1,Manual_P,106.04,97.68,-1.000,-1.000,-1.000,None,What was the color of the REAR turn signal?,Amber,1.321
95,Night,0,Practice,Expected,Red,Right,36.16,27.80,0.6353,0.8681,530.6130,0.6353,59.27,1,Manual_P,106.04,97.68,-1.000,-1.000,-1.000,None,What was the color of the REAR turn signal?,Amber,1.321
95,Night,0,Practice,Expected,Red,Right,36.27,27.92,0.6689,0.8681,533.6605,0.6689,59.25,1,Manual_P,106.04,97.68,-1.000,-1.000,-1.000,None,What was the color of the REAR turn signal?,Amber,1.321
95,Night,0,Practice,Expected,Red,Right,36.38,28.02,0.6943,0.8681,536.5023,0.6943,59.23,1,Manual_P,106.04,97.68,-1.000,-1.000,-1.000,None,What was the color of the REAR turn signal?,Amber,1.321
95,Night,0,Practice,Expected,Red,Right,36.48,28.13,0.7088,0.8681,539.2527,0.7088,59.21,1,Manual_P,106.04,97.68,-1.000,-1.000,-1.000,None,What was the color of the REAR turn signal?,Amber,1.321
95,Night,0,Practice,Expected,Red,Right,36.60,28.25,0.7103,0.8681,542.3469,0.7103,59.19,1,Manual_P,106.04,97.68,-1.000,-1.000,-1.000,None,What was the color of the REAR turn signal?,Amber,1.321
95,Night,0,Practice,Expected,Red,Right,36.71,28.36,0.6962,0.8681,545.3282,0.6962,59.17,1,Manual_P,106.04,97.68,-1.000,-1.000,-1.000,None,What was the color of the REAR turn signal?,Amber,1.321
95,Night,0,Practice,Expected,Red,Right,36.83,28.47,0.6670,0.8681,548.3585,0.6670,59.15,1,Manual_P,106.04,97.68,-1.000,-1.000,-1.000,None,What was the color of the REAR turn signal?,Amber,1.321
95,Night,0,Practice,Expected,Red,Right,36.94,28.58,0.6272,0.8681,551.2004,0.6272,59.13,1,Manual_P,106.04,97.68,-1.000,-1.000,-1.000,None,What was the color of the REAR turn signal?,Amber,1.321
95,Night,0,Practice,Expected,Red,Right,37.05,28.69,0.5730,0.8681,554.2386,0.5730,59.12,1,Manual_P,106.04,97.68,-1.000,-1.000,-1.000,None,What was the color of the REAR turn signal?,Amber,1.321
95,Night,0,Practice,Expected,Red,Right,37.16,28.81,0.5094,0.8681,557.2379,0.5094,59.10,1,Manual_P,106.04,97.68,-1.000,-1.000,-1.000,None,What was the color of the REAR turn signal?,Amber,1.321
95,Night,0,Practice,Expected,Red,Right,37.27,28.91,0.4436,0.8681,559.9845,0.4436,59.08,1,Manual_P,106.04,97.68,-1.000,-1.000,-1.000,None,What was the color of the REAR turn signal?,Amber,1.321
95,Night,0,Practice,Expected,Red,Right,37.39,29.03,0.3603,0.8681,563.1501,0.3603,59.07,1,Manual_P,106.04,97.68,-1.000,-1.000,-1.000,None,What was the color of the REAR turn signal?,Amber,1.321
95,Night,0,Practice,Expected,Red,Right,37.51,29.16,0.2654,0.8681,566.4916,0.2654,59.05,1,Manual_P,106.04,97.68,-1.000,-1.000,-1.000,None,What was the color of the REAR turn signal?,Amber,1.321
95,Night,0,Practice,Expected,Red,Right,37.63,29.28,0.1825,0.8681,569.6285,0.1825,59.01,1,Manual_P,106.04,97.68,-1.000,-1.000,-1.000,None,What was the color of the REAR turn signal?,Amber,1.321
95,Night,0,Practice,Expected,Red,Right,37.76,29.40,0.1145,0.8681,572.8988,0.1145,59.00,1,Manual_P,106.04,97.68,-1.000,-1.000,-1.000,None,What was the color of the REAR turn signal?,Amber,1.321
95,Night,0,Practice,Expected,Red,Right,37.86,29.50,0.0638,0.8681,575.5377,0.0638,58.98,1,Manual_P,106.04,97.68,-1.000,-1.000,-1.000,None,What was the color of the REAR turn signal?,Amber,1.321
95,Night,0,Practice,Expected,Red,Right,37.96,29.61,0.0226,0.8681,578.3035,0.0226,58.95,1,Manual_P,106.04,97.68,-1.000,-1.000,-1.000,None,What was the color of the REAR turn signal?,Amber,1.321
95,Night,0,Practice,Expected,Red,Right,38.07,29.71,0.0162,0.8681,581.1222,0.0162,58.89,1,Manual_P,106.04,97.68,-1.000,-1.000,-1.000,None,What was the color of the REAR turn signal?,Amber,1.321
95,Night,0,Practice,Expected,Red,Right,38.18,29.82,0.0347,0.8681,583.9867,0.0347,58.87,1,Manual_P,106.04,97.68,-1.000,-1.000,-1.000,None,What was the color of the REAR turn signal?,Amber,1.321
95,Night,0,Practice,Expected,Red,Right,38.29,29.93,0.0767,0.8681,586.8255,0.0767,58.89,1,Manual_P,106.04,97.68,-1.000,-1.000,-1.000,None,What was the color of the REAR turn signal?,Amber,1.321
95,Night,0,Practice,Expected,Red,Right,38.40,30.05,0.1511,0.8681,589.8535,0.1511,58.93,1,Manual_P,106.04,97.68,-1.000,-1.000,-1.000,None,What was the color of the REAR turn signal?,Amber,1.321
95,Night,0,Practice,Expected,Red,Right,38.51,30.16,0.2491,0.8681,592.7468,0.2491,58.92,1,Manual_P,106.04,97.68,-1.000,-1.000,-1.000,None,What was the color of the REAR turn signal?,Amber,1.321
95,Night,0,Practice,Expected,Red,Right,38.61,30.26,0.3466,0.8681,595.4486,0.3466,58.89,1,Manual_P,106.04,97.68,-1.000,-1.000,-1.000,None,What was the color of the REAR turn signal?,Amber,1.321
95,Night,0,Practice,Expected,Red,Right,38.72,30.36,0.4499,0.8681,598.1198,0.4499,58.88,1,Manual_P,106.04,97.68,-1.000,-1.000,-1.000,None,What was the color of the REAR turn signal?,Amber,1.321
95,Night,0,Practice,Expected,Red,Right,38.82,30.46,0.5661,0.8681,600.8635,0.5661,58.86,1,Manual_P,106.04,97.68,-1.000,-1.000,-1.000,None,What was the color of the REAR turn signal?,Amber,1.321
95,Night,0,Practice,Expected,Red,Right,38.93,30.57,0.6938,0.8681,603.6842,0.6938,58.83,1,Manual_P,106.04,97.68,-1.000,-1.000,-1.000,None,What was the color of the REAR turn signal?,Amber,1.321
95,Night,0,Practice,Expected,Red,Right,39.03,30.68,0.8293,0.8681,606.4090,0.8293,58.82,1,Manual_P,106.04,97.68,-1.000,-1.000,-1.000,None,What was the color of the REAR turn signal?,Amber,1.321
95,Night,0,Practice,Expected,Red,Right,39.14,30.78,0.9728,0.8681,609.2756,0.9728,58.80,1,Manual_P,106.04,97.68,-1.000,-1.000,-1.000,None,What was the color of the REAR turn signal?,Amber,1.321
95,Night,0,Practice,Expected,Red,Right,39.25,30.90,1.1232,0.8681,612.2343,1.1232,58.79,1,Manual_P,106.04,97.68,-1.000,-1.000,-1.000,None,What was the color of the REAR turn signal?,Amber,1.321
95,Night,0,Practice,Expected,Red,Right,39.38,31.02,1.2911,0.8681,615.4595,1.2911,58.77,1,Manual_P,106.04,97.68,-1.000,-1.000,-1.000,None,What was the color of the REAR turn signal?,Amber,1.321
95,Night,0,Practice,Expected,Red,Right,39.50,31.14,1.4629,0.8689,618.6998,1.4629,58.75,1,Manual_P,106.04,97.68,-1.000,-1.000,-1.000,None,What was the color of the REAR turn signal?,Amber,1.321
95,Night,0,Practice,Expected,Red,Right,39.60,31.25,1.5933,0.8708,621.4397,1.5933,58.71,1,Manual_P,106.04,97.68,-1.000,-1.000,-1.000,None,What was the color of the REAR turn signal?,Amber,1.321
95,Night,0,Practice,Expected,Red,Right,39.71,31.35,1.7129,0.8716,624.1893,1.7129,58.69,1,Manual_P,106.04,97.68,-1.000,-1.000,-1.000,None,What was the color of the REAR turn signal?,Amber,1.321
95,Night,0,Practice,Expected,Red,Right,39.82,31.46,1.8089,0.8698,626.9796,1.8089,58.64,1,Manual_P,106.04,97.68,-1.000,-1.000,-1.000,None,What was the color of the REAR turn signal?,Amber,1.321
95,Night,0,Practice,Expected,Red,Right,39.93,31.58,1.8863,0.8678,630.0557,1.8863,58.62,1,Manual_P,106.04,97.68,-1.000,-1.000,-1.000,None,What was the color of the REAR turn signal?,Amber,1.321
95,Night,0,Practice,Expected,Red,Right,40.06,31.70,1.9389,0.8674,633.3789,1.9389,58.58,1,Manual_P,106.04,97.68,-1.000,-1.000,-1.000,None,What was the color of the REAR turn signal?,Amber,1.321
95,Night,0,Practice,Expected,Red,Right,40.17,31.81,1.9537,0.8677,636.2249,1.9537,58.54,1,Manual_P,106.04,97.68,-1.000,-1.000,-1.000,None,What was the color of the REAR turn signal?,Amber,1.321
95,Night,0,Practice,Expected,Red,Right,40.28,31.92,1.9507,0.8680,639.0896,1.9507,58.52,1,Manual_P,106.04,97.68,-1.000,-1.000,-1.000,None,What was the color of the REAR turn signal?,Amber,1.321
95,Night,0,Practice,Expected,Red,Right,40.38,32.02,1.9306,0.8682,641.7550,1.9306,58.50,1,Manual_P,106.04,97.68,-1.000,-1.000,-1.000,None,What was the color of the REAR turn signal?,Amber,1.321
95,Night,0,Practice,Expected,Red,Right,40.50,32.14,1.8871,0.8682,644.8381,1.8871,58.47,1,Manual_P,106.04,97.68,-1.000,-1.000,-1.000,None,What was the color of the REAR turn signal?,Amber,1.321
95,Night,0,Practice,Expected,Red,Right,40.61,32.25,1.8309,0.8682,647.7731,1.8309,58.45,1,Manual_P,106.04,97.68,-1.000,-1.000,-1.000,None,What was the color of the REAR turn signal?,Amber,1.321
95,Night,0,Practice,Expected,Red,Right,40.72,32.37,1.7477,0.8682,650.7700,1.7477,58.41,1,Manual_P,106.04,97.68,-1.000,-1.000,-1.000,None,What was the color of the REAR turn signal?,Amber,1.321
95,Night,0,Practice,Expected,Red,Right,40.85,32.50,1.6353,0.8686,654.0759,1.6353,58.39,1,Manual_P,106.04,97.68,-1.000,-1.000,-1.000,None,What was the color of the REAR turn signal?,Amber,1.321
95,Night,0,Practice,Expected,Red,Right,40.96,32.60,1.5292,0.8696,656.8499,1.5292,58.37,1,Manual_P,106.04,97.68,-1.000,-1.000,-1.000,None,What was the color of the REAR turn signal?,Amber,1.321
95,Night,0,Practice,Expected,Red,Right,41.08,32.72,1.3905,0.8708,660.0577,1.3905,58.35,1,Manual_P,106.04,97.68,-1.000,-1.000,-1.000,None,What was the color of the REAR turn signal?,Amber,1.321
95,Night,0,Practice,Expected,Red,Right,41.18,32.83,1.2707,0.8693,662.6994,1.2707,58.33,1,Manual_P,106.04,97.68,-1.000,-1.000,-1.000,None,What was the color of the REAR turn signal?,Amber,1.321
95,Night,0,Practice,Expected,Red,Right,41.30,32.94,1.1390,0.8679,665.6520,1.1390,58.31,1,Manual_P,106.04,97.68,-1.000,-1.000,-1.000,None,What was the color of the REAR turn signal?,Amber,1.321
95,Night,0,Practice,Expected,Red,Right,41.41,33.05,1.0044,0.8676,668.5269,1.0044,58.29,1,Manual_P,106.04,97.68,-1.000,-1.000,-1.000,None,What was the color of the REAR turn signal?,Amber,1.321
95,Night,0,Practice,Expected,Red,Right,41.52,33.16,0.8670,0.8678,671.4583,0.8670,58.27,1,Manual_P,106.04,97.68,-1.000,-1.000,-1.000,None,What was the color of the REAR turn signal?,Amber,1.321
95,Night,0,Practice,Expected,Red,Right,41.62,33.27,0.7601,0.8680,674.2056,0.7601,58.22,1,Manual_P,106.04,97.68,-1.000,-1.000,-1.000,None,What was the color of the REAR turn signal?,Amber,1.321
95,Night,0,Practice,Expected,Red,Right,41.73,33.37,0.6741,0.8682,676.9214,0.6741,58.21,1,Manual_P,106.04,97.68,-1.000,-1.000,-1.000,None,What was the color of the REAR turn signal?,Amber,1.321
95,Night,0,Practice,Expected,Red,Right,41.83,33.48,0.5998,0.8682,679.6703,0.5998,58.18,1,Manual_P,106.04,97.68,-1.000,-1.000,-1.000,None,What was the color of the REAR turn signal?,Amber,1.321
95,Night,0,Practice,Expected,Red,Right,41.94,33.58,0.5334,0.8682,682.3997,0.5334,58.16,1,Manual_P,106.04,97.68,-1.000,-1.000,-1.000,None,What was the color of the REAR turn signal?,Amber,1.321
95,Night,0,Practice,Expected,Red,Right,42.04,33.69,0.4800,0.8682,685.0985,0.4800,58.14,1,Manual_P,106.04,97.68,-1.000,-1.000,-1.000,None,What was the color of the REAR turn signal?,Amber,1.321
95,Night,0,Practice,Expected,Red,Right,42.15,33.80,0.4321,0.8681,687.9755,0.4321,58.12,1,Manual_P,106.04,97.68,-1.000,-1.000,-1.000,None,What was the color of the REAR turn signal?,Amber,1.321
95,Night,0,Practice,Expected,Red,Right,42.28,33.92,0.3811,0.8681,691.1799,0.3811,58.10,1,Manual_P,106.04,97.68,-1.000,-1.000,-1.000,None,What was the color of the REAR turn signal?,Amber,1.321
95,Night,0,Practice,Expected,Red,Right,42.38,34.03,0.3435,0.8681,693.9216,0.3435,58.08,1,Manual_P,106.04,97.68,-1.000,-1.000,-1.000,None,What was the color of the REAR turn signal?,Amber,1.321
95,Night,0,Practice,Expected,Red,Right,42.49,34.13,0.3248,0.8681,696.6686,0.3248,58.04,1,Manual_P,106.04,97.68,-1.000,-1.000,-1.000,None,What was the color of the REAR turn signal?,Amber,1.321
95,Night,0,Practice,Expected,Red,Right,42.61,34.25,0.3173,0.8681,699.6885,0.3173,58.02,1,Manual_P,106.04,97.68,-1.000,-1.000,-1.000,None,What was the color of the REAR turn signal?,Amber,1.321
95,Night,0,Practice,Expected,Red,Right,42.72,34.37,0.3152,0.8681,702.7158,0.3152,58.01,1,Manual_P,106.04,97.68,-1.000,-1.000,-1.000,None,What was the color of the REAR turn signal?,Amber,1.321
95,Night,0,Practice,Expected,Red,Right,42.84,34.49,0.3239,0.8681,705.9065,0.3239,57.99,1,Manual_P,106.04,97.68,-1.000,-1.000,-1.000,None,What was the color of the REAR turn signal?,Amber,1.321
95,Night,0,Practice,Expected,Red,Right,42.97,34.62,0.3475,0.8681,709.2344,0.3475,57.97,1,Manual_P,106.04,97.68,-1.000,-1.000,-1.000,None,What was the color of the REAR turn signal?,Amber,1.321
95,Night,0,Practice,Expected,Red,Right,43.09,34.73,0.3710,0.8681,712.2443,0.3710,57.93,1,Manual_P,106.04,97.68,-1.000,-1.000,-1.000,None,What was the color of the REAR turn signal?,Amber,1.321
95,Night,0,Practice,Expected,Red,Right,43.20,34.85,0.3811,0.8681,715.2295,0.3811,57.91,1,Manual_P,106.04,97.68,-1.000,-1.000,-1.000,None,What was the color of the REAR turn signal?,Amber,1.321
95,Night,0,Practice,Expected,Red,Right,43.32,34.96,0.3922,0.8681,718.1812,0.3922,57.90,1,Manual_P,106.04,97.68,-1.000,-1.000,-1.000,None,What was the color of the REAR turn signal?,Amber,1.321
95,Night,0,Practice,Expected,Red,Right,43.44,35.09,0.3945,0.8681,721.3545,0.3945,57.86,1,Manual_P,106.04,97.68,-1.000,-1.000,-1.000,None,What was the color of the REAR turn signal?,Amber,1.321
95,Night,0,Practice,Expected,Red,Right,43.57,35.21,0.3486,0.8681,724.5942,0.3486,57.79,1,Manual_P,106.04,97.68,-1.000,-1.000,-1.000,None,What was the color of the REAR turn signal?,Amber,1.321
95,Night,0,Practice,Expected,Red,Right,43.67,35.32,0.2828,0.8681,727.3571,0.2828,57.76,1,Manual_P,106.04,97.68,-1.000,-1.000,-1.000,None,What was the color of the REAR turn signal?,Amber,1.321
95,Night,0,Practice,Expected,Red,Right,43.78,35.43,0.1897,0.8681,730.1976,0.1897,57.73,1,Manual_P,106.04,97.68,-1.000,-1.000,-1.000,None,What was the color of the REAR turn signal?,Amber,1.321
95,Night,0,Practice,Expected,Red,Right,43.90,35.55,0.0558,0.8681,733.2585,0.0558,57.69,1,Manual_P,106.04,97.68,-1.000,-1.000,-1.000,None,What was the color of the REAR turn signal?,Amber,1.321
95,Night,0,Practice,Expected,Red,Right,44.03,35.68,-0.1286,0.8681,736.6013,-0.1286,57.66,1,Manual_P,106.04,97.68,-1.000,-1.000,-1.000,None,What was the color of the REAR turn signal?,Amber,1.321
95,Night,0,Practice,Expected,Red,Right,44.16,35.81,-0.3230,0.8681,739.9583,-0.3230,57.62,1,Manual_P,106.04,97.68,-1.000,-1.000,-1.000,None,What was the color of the REAR turn signal?,Amber,1.321
95,Night,0,Practice,Expected,Red,Right,44.29,35.93,-0.5170,0.8681,743.1442,-0.5170,57.60,1,Manual_P,106.04,97.68,-1.000,-1.000,-1.000,None,What was the color of the REAR turn signal?,Amber,1.321
95,Night,0,Practice,Expected,Red,Right,44.39,36.03,-0.6802,0.8681,745.7491,-0.6802,57.58,1,Manual_P,106.04,97.68,-1.000,-1.000,-1.000,None,What was the color of the REAR turn signal?,Amber,1.321
95,Night,0,Practice,Expected,Red,Right,44.50,36.14,-0.8351,0.8681,748.5410,-0.8351,57.55,1,Manual_P,106.04,97.68,-1.000,-1.000,-1.000,None,What was the color of the REAR turn signal?,Amber,1.321
95,Night,0,Practice,Expected,Red,Right,44.63,36.27,-1.0011,0.8681,751.8370,-1.0011,57.52,1,Manual_P,106.04,97.68,-1.000,-1.000,-1.000,None,What was the color of the REAR turn signal?,Amber,1.321
95,Night,0,Practice,Expected,Red,Right,44.75,36.39,-1.1388,0.8681,754.9677,-1.1388,57.50,1,Manual_P,106.04,97.68,-1.000,-1.000,-1.000,None,What was the color of the REAR turn signal?,Amber,1.321
95,Night,0,Practice,Expected,Red,Right,44.87,36.51,-1.2470,0.8681,758.0001,-1.2470,57.47,1,Manual_P,106.04,97.68,-1.000,-1.000,-1.000,None,What was the color of the REAR turn signal?,Amber,1.321
95,Night,0,Practice,Expected,Red,Right,44.97,36.62,-1.3019,0.8681,760.8134,-1.3019,57.38,1,Manual_P,106.04,97.68,-1.000,-1.000,-1.000,None,What was the color of the REAR turn signal?,Amber,1.321
95,Night,0,Practice,Expected,Red,Right,45.08,36.73,-1.3203,0.8681,763.6111,-1.3203,57.34,1,Manual_P,106.04,97.68,-1.000,-1.000,-1.000,None,What was the color of the REAR turn signal?,Amber,1.321
95,Night,0,Practice,Expected,Red,Right,45.21,36.85,-1.3062,0.8681,766.8654,-1.3062,57.30,1,Manual_P,106.04,97.68,-1.000,-1.000,-1.000,None,What was the color of the REAR turn signal?,Amber,1.321
95,Night,0,Practice,Expected,Red,Right,45.33,36.97,-1.2571,0.8681,769.8325,-1.2571,57.27,1,Manual_P,106.04,97.68,-1.000,-1.000,-1.000,None,What was the color of the REAR turn signal?,Amber,1.321
95,Night,0,Practice,Expected,Red,Right,45.44,37.09,-1.1758,0.8681,772.7776,-1.1758,57.23,1,Manual_P,106.04,97.68,-1.000,-1.000,-1.000,None,What was the color of the REAR turn signal?,Amber,1.321
95,Night,0,Practice,Expected,Red,Right,45.55,37.20,-1.0684,0.8681,775.6512,-1.0684,57.20,1,Manual_P,106.04,97.68,-1.000,-1.000,-1.000,None,What was the color of the REAR turn signal?,Amber,1.321
95,Night,0,Practice,Expected,Red,Right,45.68,37.33,-0.9251,0.8681,778.8930,-0.9251,57.17,1,Manual_P,106.04,97.68,-1.000,-1.000,-1.000,None,What was the color of the REAR turn signal?,Amber,1.321
95,Night,0,Practice,Expected,Red,Right,45.79,37.43,-0.7999,0.8681,781.6884,-0.7999,57.15,1,Manual_P,106.04,97.68,-1.000,-1.000,-1.000,None,What was the color of the REAR turn signal?,Amber,1.321
95,Night,0,Practice,Expected,Red,Right,45.91,37.56,-0.6479,0.8681,784.8395,-0.6479,57.14,1,Manual_P,106.04,97.68,-1.000,-1.000,-1.000,None,What was the color of the REAR turn signal?,Amber,1.321
95,Night,0,Practice,Expected,Red,Right,46.02,37.67,-0.5113,0.8681,787.5935,-0.5113,57.12,1,Manual_P,106.04,97.68,-1.000,-1.000,-1.000,None,What was the color of the REAR turn signal?,Amber,1.321
95,Night,0,Practice,Expected,Red,Right,46.13,37.78,-0.3720,0.8681,790.4191,-0.3720,57.11,1,Manual_P,106.04,97.68,-1.000,-1.000,-1.000,None,What was the color of the REAR turn signal?,Amber,1.321
95,Night,0,Practice,Expected,Red,Right,46.24,37.88,-0.2411,0.8681,793.1365,-0.2411,57.09,1,Manual_P,106.04,97.68,-1.000,-1.000,-1.000,None,What was the color of the REAR turn signal?,Amber,1.321
95,Night,0,Practice,Expected,Red,Right,46.36,38.00,-0.1028,0.8681,796.1014,-0.1028,57.08,1,Manual_P,106.04,97.68,-1.000,-1.000,-1.000,None,What was the color of the REAR turn signal?,Amber,1.321
95,Night,0,Practice,Expected,Red,Right,46.48,38.12,0.0248,0.8681,799.1915,0.0248,57.04,1,Manual_P,106.04,97.68,-1.000,-1.000,-1.000,None,What was the color of the REAR turn signal?,Amber,1.321
95,Night,0,Practice,Expected,Red,Right,46.59,38.23,0.1210,0.8681,802.0517,0.1210,57.02,1,Manual_P,106.04,97.68,-1.000,-1.000,-1.000,None,What was the color of the REAR turn signal?,Amber,1.321
95,Night,0,Practice,Expected,Red,Right,46.71,38.35,0.2091,0.8681,805.0179,0.2091,57.00,1,Manual_P,106.04,97.68,-1.000,-1.000,-1.000,None,What was the color of the REAR turn signal?,Amber,1.321
95,Night,0,Practice,Expected,Red,Right,46.83,38.47,0.2855,0.8681,808.1568,0.2855,56.98,1,Manual_P,106.04,97.68,-1.000,-1.000,-1.000,None,What was the color of the REAR turn signal?,Amber,1.321
95,Night,0,Practice,Expected,Red,Right,46.94,38.58,0.3363,0.8681,810.8710,0.3363,56.96,1,Manual_P,106.04,97.68,-1.000,-1.000,-1.000,None,What was the color of the REAR turn signal?,Amber,1.321
95,Night,0,Practice,Expected,Red,Right,47.05,38.69,0.3751,0.8681,813.7279,0.3751,56.94,1,Manual_P,106.04,97.68,-1.000,-1.000,-1.000,None,What was the color of the REAR turn signal?,Amber,1.321
95,Night,0,Practice,Expected,Red,Right,47.16,38.80,0.4000,0.8681,816.5544,0.4000,56.92,1,Manual_P,106.04,97.68,-1.000,-1.000,-1.000,None,What was the color of the REAR turn signal?,Amber,1.321
95,Night,0,Practice,Expected,Red,Right,47.27,38.92,0.4121,0.8681,819.4103,0.4121,56.90,1,Manual_P,106.04,97.68,-1.000,-1.000,-1.000,None,What was the color of the REAR turn signal?,Amber,1.321
95,Night,0,Practice,Expected,Red,Right,47.38,39.03,0.3986,0.8681,822.2886,0.3986,56.86,1,Manual_P,106.04,97.68,-1.000,-1.000,-1.000,None,What was the color of the REAR turn signal?,Amber,1.321
95,Night,0,Practice,Expected,Red,Right,47.51,39.15,0.3666,0.8681,825.4398,0.3666,56.84,1,Manual_P,106.04,97.68,-1.000,-1.000,-1.000,None,What was the color of the REAR turn signal?,Amber,1.321
95,Night,0,Practice,Expected,Red,Right,47.63,39.27,0.3197,0.8681,828.4939,0.3197,56.82,1,Manual_P,106.04,97.68,-1.000,-1.000,-1.000,None,What was the color of the REAR turn signal?,Amber,1.321
95,Night,0,Practice,Expected,Red,Right,47.74,39.38,0.2513,0.8681,831.3018,0.2513,56.77,1,Manual_P,106.04,97.68,-1.000,-1.000,-1.000,None,What was the color of the REAR turn signal?,Amber,1.321
95,Night,0,Practice,Expected,Red,Right,47.85,39.49,0.1576,0.8681,834.0388,0.1576,56.75,1,Manual_P,106.04,97.68,-1.000,-1.000,-1.000,None,What was the color of the REAR turn signal?,Amber,1.321
95,Night,0,Practice,Expected,Red,Right,47.96,39.60,0.0440,0.8681,836.8424,0.0440,56.73,1,Manual_P,106.04,97.68,-1.000,-1.000,-1.000,None,What was the color of the REAR turn signal?,Amber,1.321
95,Night,0,Practice,Expected,Red,Right,48.08,39.72,-0.1051,0.8681,839.9460,-0.1051,56.70,1,Manual_P,106.04,97.68,-1.000,-1.000,-1.000,None,What was the color of the REAR turn signal?,Amber,1.321
95,Night,0,Practice,Expected,Red,Right,48.20,39.85,-0.2779,0.8681,843.0406,-0.2779,56.68,1,Manual_P,106.04,97.68,-1.000,-1.000,-1.000,None,What was the color of the REAR turn signal?,Amber,1.321
95,Night,0,Practice,Expected,Red,Right,48.33,39.98,-0.4843,0.8681,846.3294,-0.4843,56.66,1,Manual_P,106.04,97.68,-1.000,-1.000,-1.000,None,What was the color of the REAR turn signal?,Amber,1.321
95,Night,0,Practice,Expected,Red,Right,48.46,40.10,-0.6758,0.8681,849.4371,-0.6758,56.62,1,Manual_P,106.04,97.68,-1.000,-1.000,-1.000,None,What was the color of the REAR turn signal?,Amber,1.321
95,Night,0,Practice,Expected,Red,Right,48.57,40.21,-0.8491,0.8681,852.2755,-0.8491,56.60,1,Manual_P,106.04,97.68,-1.000,-1.000,-1.000,None,What was the color of the REAR turn signal?,Amber,1.321
95,Night,0,Practice,Expected,Red,Right,48.68,40.33,-1.0276,0.8681,855.2114,-1.0276,56.58,1,Manual_P,106.04,97.68,-1.000,-1.000,-1.000,None,What was the color of the REAR turn signal?,Amber,1.321
95,Night,0,Practice,Expected,Red,Right,48.82,40.46,-1.1987,0.8681,858.5377,-1.1987,56.54,1,Manual_P,106.04,97.68,-1.000,-1.000,-1.000,None,What was the color of the REAR turn signal?,Amber,1.321
95,Night,0,Practice,Expected,Red,Right,48.94,40.59,-1.3409,0.8681,861.7234,-1.3409,56.52,1,Manual_P,106.04,97.68,-1.000,-1.000,-1.000,None,What was the color of the REAR turn signal?,Amber,1.321
95,Night,0,Practice,Expected,Red,Right,49.07,40.72,-1.4623,0.8681,865.0343,-1.4623,56.49,1,Manual_P,106.04,97.68,-1.000,-1.000,-1.000,None,What was the color of the REAR turn signal?,Amber,1.321
95,Night,0,Practice,Expected,Red,Right,49.21,40.85,-1.5551,0.8698,868.3923,-1.5551,56.46,1,Manual_P,106.04,97.68,-1.000,-1.000,-1.000,None,What was the color of the REAR turn signal?,Amber,1.321
95,Night,0,Practice,Expected,Red,Right,49.33,40.97,-1.6146,0.8707,871.4211,-1.6146,56.44,1,Manual_P,106.04,97.68,-1.000,-1.000,-1.000,None,What was the color of the REAR turn signal?,Amber,1.321
95,Night,0,Practice,Expected,Red,Right,49.45,41.09,-1.6543,0.8720,874.5119,-1.6543,56.42,1,Manual_P,106.04,97.68,-1.000,-1.000,-1.000,None,What was the color of the REAR turn signal?,Amber,1.321
95,Night,0,Practice,Expected,Red,Right,49.55,41.20,-1.6828,0.8714,877.1415,-1.6828,56.38,1,Manual_P,106.04,97.68,-1.000,-1.000,-1.000,None,What was the color of the REAR turn signal?,Amber,1.321
95,Night,0,Practice,Expected,Red,Right,49.68,41.32,-1.7312,0.8682,880.3149,-1.7312,56.36,1,Manual_P,106.04,97.68,-1.000,-1.000,-1.000,None,What was the color of the REAR turn signal?,Amber,1.321
95,Night,0,Practice,Expected,Red,Right,49.78,41.42,-1.7697,0.8673,882.8475,-1.7697,56.35,1,Manual_P,106.04,97.68,-1.000,-1.000,-1.000,None,What was the color of the REAR turn signal?,Amber,1.321
95,Night,0,Practice,Expected,Red,Right,49.91,41.56,-1.8275,0.8675,886.2444,-1.8275,56.33,1,Manual_P,106.04,97.68,-1.000,-1.000,-1.000,None,What was the color of the REAR turn signal?,Amber,1.321
95,Night,0,Practice,Expected,Red,Right,50.02,41.66,-1.8786,0.8679,888.8760,-1.8786,56.31,1,Manual_P,106.04,97.68,-1.000,-1.000,-1.000,None,What was the color of the REAR turn signal?,Amber,1.321
95,Night,0,Practice,Expected,Red,Right,50.12,41.77,-1.9191,0.8681,891.4476,-1.9191,56.28,1,Manual_P,106.04,97.68,-1.000,-1.000,-1.000,None,What was the color of the REAR turn signal?,Amber,1.321
95,Night,0,Practice,Expected,Red,Right,50.25,41.89,-1.9695,0.8682,894.6325,-1.9695,56.27,1,Manual_P,106.04,97.68,-1.000,-1.000,-1.000,None,What was the color of the REAR turn signal?,Amber,1.321
95,Night,0,Practice,Expected,Red,Right,50.35,42.00,-2.0103,0.8682,897.2706,-2.0103,56.24,1,Manual_P,106.04,97.68,-1.000,-1.000,-1.000,None,What was the color of the REAR turn signal?,Amber,1.321
95,Night,0,Practice,Expected,Red,Right,50.48,42.13,-2.0198,0.8682,900.5679,-2.0198,56.16,1,Manual_P,106.04,97.68,-1.000,-1.000,-1.000,None,What was the color of the REAR turn signal?,Amber,1.321
95,Night,0,Practice,Expected,Red,Right,50.61,42.26,-1.9850,0.8681,903.8313,-1.9850,56.13,1,Manual_P,106.04,97.68,-1.000,-1.000,-1.000,None,What was the color of the REAR turn signal?,Amber,1.321
95,Night,0,Practice,Expected,Red,Right,50.74,42.38,-1.9204,0.8681,906.8976,-1.9204,56.09,1,Manual_P,106.04,97.68,-1.000,-1.000,-1.000,None,What was the color of the REAR turn signal?,Amber,1.321
95,Night,0,Practice,Expected,Red,Right,50.87,42.51,-1.8104,0.8681,910.1300,-1.8104,56.05,1,Manual_P,106.04,97.68,-1.000,-1.000,-1.000,None,What was the color of the REAR turn signal?,Amber,1.321
95,Night,0,Practice,Expected,Red,Right,50.98,42.62,-1.6797,0.8681,912.9397,-1.6797,56.01,1,Manual_P,106.04,97.68,-1.000,-1.000,-1.000,None,What was the color of the REAR turn signal?,Amber,1.321
95,Night,0,Practice,Expected,Red,Right,51.10,42.75,-1.5022,0.8681,916.0269,-1.5022,55.98,1,Manual_P,106.04,97.68,-1.000,-1.000,-1.000,None,What was the color of the REAR turn signal?,Amber,1.321
95,Night,0,Practice,Expected,Red,Right,51.21,42.85,-1.3217,0.8688,918.7260,-1.3217,55.95,1,Manual_P,106.04,97.68,-1.000,-1.000,-1.000,None,What was the color of the REAR turn signal?,Amber,1.321
95,Night,0,Practice,Expected,Red,Right,51.33,42.97,-1.1108,0.8688,921.6070,-1.1108,55.93,1,Manual_P,106.04,97.68,-1.000,-1.000,-1.000,None,What was the color of the REAR turn signal?,Amber,1.321
95,Night,0,Practice,Expected,Red,Right,51.45,43.09,-0.9000,0.8682,924.6010,-0.9000,55.90,1,Manual_P,106.04,97.68,-1.000,-1.000,-1.000,None,What was the color of the REAR turn signal?,Amber,1.321
95,Night,0,Practice,Expected,Red,Right,51.57,43.22,-0.6737,0.8680,927.7896,-0.6737,55.88,1,Manual_P,106.04,97.68,-1.000,-1.000,-1.000,None,What was the color of the REAR turn signal?,Amber,1.321
95,Night,0,Practice,Expected,Red,Right,51.69,43.34,-0.4618,0.8680,930.7913,-0.4618,55.86,1,Manual_P,106.04,97.68,-1.000,-1.000,-1.000,None,What was the color of the REAR turn signal?,Amber,1.321
95,Night,0,Practice,Expected,Red,Right,51.82,43.47,-0.2423,0.8681,934.0491,-0.2423,55.84,1,Manual_P,106.04,97.68,-1.000,-1.000,-1.000,None,What was the color of the REAR turn signal?,Amber,1.321
95,Night,0,Practice,Expected,Red,Right,51.95,43.59,-0.0650,0.8682,937.0717,-0.0650,55.81,1,Manual_P,106.04,97.68,-1.000,-1.000,-1.000,None,What was the color of the REAR turn signal?,Amber,1.321
95,Night,0,Practice,Expected,Red,Right,52.08,43.72,0.1042,0.8682,940.3016,0.1042,55.79,1,Manual_P,106.04,97.68,-1.000,-1.000,-1.000,None,What was the color of the REAR turn signal?,Amber,1.321
95,Night,0,Practice,Expected,Red,Right,52.18,43.82,0.2262,0.8682,942.9240,0.2262,55.77,1,Manual_P,106.04,97.68,-1.000,-1.000,-1.000,None,What was the color of the REAR turn signal?,Amber,1.321
95,Night,0,Practice,Expected,Red,Right,52.28,43.93,0.3327,0.8681,945.5135,0.3327,55.73,1,Manual_P,106.04,97.68,-1.000,-1.000,-1.000,None,What was the color of the REAR turn signal?,Amber,1.321
95,Night,0,Practice,Expected,Red,Right,52.41,44.05,0.4424,0.8681,948.5996,0.4424,55.50,1,Manual_P,106.04,97.68,-1.000,-1.000,-1.000,None,What was the color of the REAR turn signal?,Amber,1.321
95,Night,0,Practice,Expected,Red,Right,52.53,44.18,0.5354,0.8681,951.6712,0.5354,55.00,1,Manual_P,106.04,97.68,-1.000,-1.000,-1.000,None,What was the color of the REAR turn signal?,Amber,1.321
95,Night,0,Practice,Expected,Red,Right,52.65,44.29,0.6097,0.8681,954.5332,0.6097,54.14,1,Manual_P,106.04,97.68,-1.000,-1.000,-1.000,None,What was the color of the REAR turn signal?,Amber,1.321
95,Night,0,Practice,Expected,Red,Right,52.75,44.40,0.6652,0.8681,956.9895,0.6652,53.44,1,Manual_P,106.04,97.68,-1.000,-1.000,-1.000,None,What was the color of the REAR turn signal?,Amber,1.321
95,Night,0,Practice,Expected,Red,Right,52.89,44.53,0.7127,0.8681,960.1354,0.7127,52.46,1,Manual_P,106.04,97.68,-1.000,-1.000,-1.000,None,What was the color of the REAR turn signal?,Amber,1.321
95,Night,0,Practice,Expected,Red,Right,53.01,44.66,0.7094,0.8681,963.1067,0.7094,51.63,1,Manual_P,106.04,97.68,-1.000,-1.000,-1.000,None,What was the color of the REAR turn signal?,Amber,1.321
95,Night,0,Practice,Expected,Red,Right,53.15,44.79,0.6816,0.8681,966.1383,0.6816,50.69,1,Manual_P,106.04,97.68,-1.000,-1.000,-1.000,None,What was the color of the REAR turn signal?,Amber,1.321
95,Night,0,Practice,Expected,Red,Right,53.26,44.90,0.6593,0.8681,968.5100,0.6593,36.93,1,Manual_P,106.04,97.68,-1.000,-1.000,-1.000,None,What was the color of the REAR turn signal?,Amber,1.321
95,Night,0,Practice,Expected,Red,Right,53.38,45.03,0.6980,0.8681,970.5247,0.6980,35.16,1,Manual_P,106.04,97.68,-1.000,-1.000,-1.000,None,What was the color of the REAR turn signal?,Amber,1.321
95,Night,0,Practice,Expected,Red,Right,53.51,45.16,0.6694,0.8681,972.5188,0.6694,34.21,1,Manual_P,106.04,97.68,-1.000,-1.000,-1.000,None,What was the color of the REAR turn signal?,Amber,1.321
95,Night,0,Practice,Expected,Red,Right,53.65,45.29,0.6051,0.8681,974.5509,0.6051,33.26,1,Manual_P,106.04,97.68,-1.000,-1.000,-1.000,None,What was the color of the REAR turn signal?,Amber,1.321
95,Night,0,Practice,Expected,Red,Right,53.76,45.40,0.5580,0.8682,976.1978,0.5580,32.45,1,Manual_P,106.04,97.68,-1.000,-1.000,-1.000,None,What was the color of the REAR turn signal?,Amber,1.321
95,Night,0,Practice,Expected,Red,Right,53.88,45.52,0.5019,0.8682,977.8987,0.5019,31.64,1,Manual_P,106.04,97.68,-1.000,-1.000,-1.000,None,What was the color of the REAR turn signal?,Amber,1.321
95,Night,0,Practice,Expected,Red,Right,53.98,45.62,0.4531,0.8682,979.3317,0.4531,30.95,1,Manual_P,106.04,97.68,-1.000,-1.000,-1.000,None,What was the color of the REAR turn signal?,Amber,1.321
95,Night,0,Practice,Expected,Red,Right,54.11,45.75,0.3968,0.8682,981.1031,0.3968,30.03,1,Manual_P,106.04,97.68,-1.000,-1.000,-1.000,None,What was the color of the REAR turn signal?,Amber,1.321
95,Night,0,Practice,Expected,Red,Right,54.24,45.88,0.3495,0.8682,982.7686,0.3495,29.11,1,Manual_P,106.04,97.68,-1.000,-1.000,-1.000,None,What was the color of the REAR turn signal?,Amber,1.321
95,Night,0,Practice,Expected,Red,Right,54.34,45.98,0.3154,0.8682,984.1011,0.3154,28.41,1,Manual_P,106.04,97.68,-1.000,-1.000,-1.000,None,What was the color of the REAR turn signal?,Amber,1.321
95,Night,0,Practice,Expected,Red,Right,54.44,46.08,0.2857,0.8682,985.3588,0.2857,27.72,1,Manual_P,106.04,97.68,-1.000,-1.000,-1.000,None,What was the color of the REAR turn signal?,Amber,1.321
95,Night,0,Practice,Expected,Red,Right,54.55,46.19,0.2568,0.8682,986.6726,0.2568,27.03,1,Manual_P,106.04,97.68,-1.000,-1.000,-1.000,None,What was the color of the REAR turn signal?,Amber,1.321
95,Night,0,Practice,Expected,Red,Right,54.66,46.30,0.2293,0.8682,987.9983,0.2293,26.34,1,Manual_P,106.04,97.68,-1.000,-1.000,-1.000,None,What was the color of the REAR turn signal?,Amber,1.321
95,Night,0,Practice,Expected,Red,Right,54.78,46.42,0.2013,0.8682,989.4111,0.2013,25.92,1,Manual_P,106.04,97.68,-1.000,-1.000,-1.000,None,What was the color of the REAR turn signal?,Amber,1.321
95,Night,0,Practice,Expected,Red,Right,54.91,46.55,0.1731,0.8682,990.8789,0.1731,25.77,1,Manual_P,106.04,97.68,-1.000,-1.000,-1.000,None,What was the color of the REAR turn signal?,Amber,1.321
95,Night,0,Practice,Expected,Red,Right,55.02,46.66,0.1489,0.8682,992.1660,0.1489,25.76,1,Manual_P,106.04,97.68,-1.000,-1.000,-1.000,None,What was the color of the REAR turn signal?,Amber,1.321
95,Night,0,Practice,Expected,Red,Right,55.14,46.79,0.1225,0.8682,993.5858,0.1225,25.75,1,Manual_P,106.04,97.68,-1.000,-1.000,-1.000,None,What was the color of the REAR turn signal?,Amber,1.321
95,Night,0,Practice,Expected,Red,Right,55.28,46.92,0.0943,0.8682,995.1136,0.0943,25.75,1,Manual_P,106.04,97.68,-1.000,-1.000,-1.000,None,What was the color of the REAR turn signal?,Amber,1.321
95,Night,0,Practice,Expected,Red,Right,55.39,47.04,0.0697,0.8682,996.4587,0.0697,25.74,1,Manual_P,106.04,97.68,-1.000,-1.000,-1.000,None,What was the color of the REAR turn signal?,Amber,1.321
95,Night,0,Practice,Expected,Red,Right,55.51,47.15,0.0448,0.8682,997.8194,0.0448,25.73,1,Manual_P,106.04,97.68,-1.000,-1.000,-1.000,None,What was the color of the REAR turn signal?,Amber,1.321
95,Night,0,Practice,Expected,Red,Right,55.63,47.27,0.0197,0.8682,999.1919,0.0197,25.73,1,Manual_P,106.04,97.68,-1.000,-1.000,-1.000,None,What was the color of the REAR turn signal?,Amber,1.321
95,Night,0,Practice,Expected,Red,Right,55.76,47.40,-0.0071,0.8682,1000.6620,-0.0071,25.72,1,Manual_P,106.04,97.68,-1.000,-1.000,-1.000,None,What was the color of the REAR turn signal?,Amber,1.321
95,Night,0,Practice,Expected,Red,Right,55.87,47.51,-0.0306,0.8682,1001.9460,-0.0306,25.71,1,Manual_P,106.04,97.68,-1.000,-1.000,-1.000,None,What was the color of the REAR turn signal?,Amber,1.321
95,Night,0,Practice,Expected,Red,Right,55.99,47.63,-0.0559,0.8682,1003.3340,-0.0559,25.71,1,Manual_P,106.04,97.68,-1.000,-1.000,-1.000,None,What was the color of the REAR turn signal?,Amber,1.321
95,Night,0,Practice,Expected,Red,Right,56.13,47.77,-0.0850,0.8682,1004.9310,-0.0850,25.70,1,Manual_P,106.04,97.68,-1.000,-1.000,-1.000,None,What was the color of the REAR turn signal?,Amber,1.321
95,Night,0,Practice,Expected,Red,Right,56.23,47.88,-0.1068,0.8682,1006.1260,-0.1068,25.69,1,Manual_P,106.04,97.68,-1.000,-1.000,-1.000,None,What was the color of the REAR turn signal?,Amber,1.321
95,Night,0,Practice,Expected,Red,Right,56.34,47.98,-0.1284,0.8682,1007.3130,-0.1284,25.69,1,Manual_P,106.04,97.68,-1.000,-1.000,-1.000,None,What was the color of the REAR turn signal?,Amber,1.321
95,Night,0,Practice,Expected,Red,Right,56.46,48.10,-0.1532,0.8682,1008.6710,-0.1532,25.68,1,Manual_P,106.04,97.68,-1.000,-1.000,-1.000,None,What was the color of the REAR turn signal?,Amber,1.321
95,Night,0,Practice,Expected,Red,Right,56.58,48.22,-0.1792,0.8682,1010.0970,-0.1792,25.67,1,Manual_P,106.04,97.68,-1.000,-1.000,-1.000,None,What was the color of the REAR turn signal?,Amber,1.321
95,Night,0,Practice,Expected,Red,Right,56.71,48.35,-0.2061,0.8682,1011.5710,-0.2061,25.66,1,Manual_P,106.04,97.68,-1.000,-1.000,-1.000,None,What was the color of the REAR turn signal?,Amber,1.321
95,Night,0,Practice,Expected,Red,Right,56.81,48.45,-0.2272,0.8682,1012.7320,-0.2272,25.66,1,Manual_P,106.04,97.68,-1.000,-1.000,-1.000,None,What was the color of the REAR turn signal?,Amber,1.321
95,Night,0,Practice,Expected,Red,Right,56.91,48.56,-0.2491,0.8682,1013.9310,-0.2491,25.65,1,Manual_P,106.04,97.68,-1.000,-1.000,-1.000,None,What was the color of the REAR turn signal?,Amber,1.321
95,Night,0,Practice,Expected,Red,Right,57.04,48.69,-0.2764,0.8682,1015.4280,-0.2764,25.65,1,Manual_P,106.04,97.68,-1.000,-1.000,-1.000,None,What was the color of the REAR turn signal?,Amber,1.321
95,Night,0,Practice,Expected,Red,Right,57.18,48.82,-0.3038,0.8682,1016.9290,-0.3038,25.64,1,Manual_P,106.04,97.68,-1.000,-1.000,-1.000,None,What was the color of the REAR turn signal?,Amber,1.321
95,Night,0,Practice,Expected,Red,Right,57.28,48.93,-0.3263,0.8682,1018.1680,-0.3263,25.63,1,Manual_P,106.04,97.68,-1.000,-1.000,-1.000,None,What was the color of the REAR turn signal?,Amber,1.321
95,Night,0,Practice,Expected,Red,Right,57.41,49.05,-0.3518,0.8682,1019.5650,-0.3518,25.62,1,Manual_P,106.04,97.68,-1.000,-1.000,-1.000,None,What was the color of the REAR turn signal?,Amber,1.321
95,Night,0,Practice,Expected,Red,Right,57.51,49.15,-0.3731,0.8682,1020.7320,-0.3731,25.62,1,Manual_P,106.04,97.68,-1.000,-1.000,-1.000,None,What was the color of the REAR turn signal?,Amber,1.321
95,Night,0,Practice,Expected,Red,Right,57.63,49.27,-0.3982,0.8682,1022.1080,-0.3982,25.61,1,Manual_P,106.04,97.68,-1.000,-1.000,-1.000,None,What was the color of the REAR turn signal?,Amber,1.321
95,Night,0,Practice,Expected,Red,Right,57.73,49.37,-0.4191,0.8682,1023.2560,-0.4191,25.61,1,Manual_P,106.04,97.68,-1.000,-1.000,-1.000,None,What was the color of the REAR turn signal?,Amber,1.321
95,Night,0,Practice,Expected,Red,Right,57.85,49.49,-0.4441,0.8682,1024.6250,-0.4441,25.60,1,Manual_P,106.04,97.68,-1.000,-1.000,-1.000,None,What was the color of the REAR turn signal?,Amber,1.321
95,Night,0,Practice,Expected,Red,Right,57.97,49.62,-0.4706,0.8682,1026.0830,-0.4706,25.59,1,Manual_P,106.04,97.68,-1.000,-1.000,-1.000,None,What was the color of the REAR turn signal?,Amber,1.321
95,Night,0,Practice,Expected,Red,Right,58.10,49.75,-0.4977,0.8682,1027.5660,-0.4977,25.58,1,Manual_P,106.04,97.68,-1.000,-1.000,-1.000,None,What was the color of the REAR turn signal?,Amber,1.321
95,Night,0,Practice,Expected,Red,Right,58.20,49.85,-0.5185,0.8682,1028.7100,-0.5185,25.58,1,Manual_P,106.04,97.68,-1.000,-1.000,-1.000,None,What was the color of the REAR turn signal?,Amber,1.321
95,Night,0,Practice,Expected,Red,Right,58.31,49.95,-0.5402,0.8682,1029.8980,-0.5402,25.57,1,Manual_P,106.04,97.68,-1.000,-1.000,-1.000,None,What was the color of the REAR turn signal?,Amber,1.321
95,Night,0,Practice,Expected,Red,Right,58.44,50.08,-0.5669,0.8682,1031.3610,-0.5669,25.56,1,Manual_P,106.04,97.68,-1.000,-1.000,-1.000,None,What was the color of the REAR turn signal?,Amber,1.321
95,Night,0,Practice,Expected,Red,Right,58.54,50.18,-0.5886,0.8682,1032.5500,-0.5886,25.56,1,Manual_P,106.04,97.68,-1.000,-1.000,-1.000,None,What was the color of the REAR turn signal?,Amber,1.321
95,Night,0,Practice,Expected,Red,Right,58.64,50.29,-0.6101,0.8682,1033.7320,-0.6101,25.55,1,Manual_P,106.04,97.68,-1.000,-1.000,-1.000,None,What was the color of the REAR turn signal?,Amber,1.321
95,Night,0,Practice,Expected,Red,Right,58.75,50.39,-0.6313,0.8682,1034.8910,-0.6313,25.55,1,Manual_P,106.04,97.68,-1.000,-1.000,-1.000,None,What was the color of the REAR turn signal?,Amber,1.321
95,Night,0,Practice,Expected,Red,Right,58.85,50.49,-0.6531,0.8682,1036.0890,-0.6531,25.54,1,Manual_P,106.04,97.68,-1.000,-1.000,-1.000,None,What was the color of the REAR turn signal?,Amber,1.321
95,Night,0,Practice,Expected,Red,Right,58.96,50.60,-0.6755,0.8682,1037.3200,-0.6755,25.53,1,Manual_P,106.04,97.68,-1.000,-1.000,-1.000,None,What was the color of the REAR turn signal?,Amber,1.321
95,Night,0,Practice,Expected,Red,Right,59.08,50.72,-0.7007,0.8682,1038.6980,-0.7007,25.53,1,Manual_P,106.04,97.68,-1.000,-1.000,-1.000,None,What was the color of the REAR turn signal?,Amber,1.321
95,Night,0,Practice,Expected,Red,Right,59.20,50.84,-0.7249,0.8682,1040.0290,-0.7249,25.52,1,Manual_P,106.04,97.68,-1.000,-1.000,-1.000,None,What was the color of the REAR turn signal?,Amber,1.321
95,Night,0,Practice,Expected,Red,Right,59.32,50.96,-0.7509,0.8682,1041.4520,-0.7509,25.51,1,Manual_P,106.04,97.68,-1.000,-1.000,-1.000,None,What was the color of the REAR turn signal?,Amber,1.321
95,Night,0,Practice,Expected,Red,Right,59.44,51.08,-0.7758,0.8682,1042.8160,-0.7758,25.51,1,Manual_P,106.04,97.68,-1.000,-1.000,-1.000,None,What was the color of the REAR turn signal?,Amber,1.321
95,Night,0,Practice,Expected,Red,Right,59.56,51.20,-0.8001,0.8682,1044.1510,-0.8001,25.50,1,Manual_P,106.04,97.68,-1.000,-1.000,-1.000,None,What was the color of the REAR turn signal?,Amber,1.321
95,Night,0,Practice,Expected,Red,Right,59.67,51.31,-0.8225,0.8683,1045.3790,-0.8225,25.49,1,Manual_P,106.04,97.68,-1.000,-1.000,-1.000,None,What was the color of the REAR turn signal?,Amber,1.321
95,Night,0,Practice,Expected,Red,Right,59.79,51.44,-0.8487,0.8683,1046.8160,-0.8487,25.49,1,Manual_P,106.04,97.68,-1.000,-1.000,-1.000,None,What was the color of the REAR turn signal?,Amber,1.321
95,Night,0,Practice,Expected,Red,Right,59.91,51.56,-0.8739,0.8683,1048.1960,-0.8739,25.48,1,Manual_P,106.04,97.68,-1.000,-1.000,-1.000,None,What was the color of the REAR turn signal?,Amber,1.321
95,Night,0,Practice,Expected,Red,Right,60.04,51.68,-0.8998,0.8683,1049.6340,-0.8998,25.47,1,Manual_P,106.04,97.68,-1.000,-1.000,-1.000,None,What was the color of the REAR turn signal?,Amber,1.321
95,Night,0,Practice,Expected,Red,Right,60.17,51.81,-0.9096,0.8683,1051.0850,-0.9096,25.45,1,Manual_P,106.04,97.68,-1.000,-1.000,-1.000,None,What was the color of the REAR turn signal?,Amber,1.321
95,Night,0,Practice,Expected,Red,Right,60.28,51.93,-0.9120,0.8683,1052.4250,-0.9120,25.44,1,Manual_P,106.04,97.68,-1.000,-1.000,-1.000,None,What was the color of the REAR turn signal?,Amber,1.321
95,Night,0,Practice,Expected,Red,Right,60.39,52.03,-0.9115,0.8683,1053.6260,-0.9115,25.43,1,Manual_P,106.04,97.68,-1.000,-1.000,-1.000,None,What was the color of the REAR turn signal?,Amber,1.321
95,Night,0,Practice,Expected,Red,Right,60.50,52.14,-0.8921,0.8683,1054.8330,-0.8921,25.40,1,Manual_P,106.04,97.68,-1.000,-1.000,-1.000,None,What was the color of the REAR turn signal?,Amber,1.321
95,Night,0,Practice,Expected,Red,Right,60.63,52.27,-0.8613,0.8683,1056.3400,-0.8613,25.40,1,Manual_P,106.04,97.68,-1.000,-1.000,-1.000,None,What was the color of the REAR turn signal?,Amber,1.321
95,Night,0,Practice,Expected,Red,Right,60.74,52.38,-0.8424,0.8683,1057.5640,-0.8424,25.37,1,Manual_P,106.04,97.68,-1.000,-1.000,-1.000,None,What was the color of the REAR turn signal?,Amber,1.321
95,Night,0,Practice,Expected,Red,Right,60.84,52.48,-0.8357,0.8683,1058.7270,-0.8357,25.36,1,Manual_P,106.04,97.68,-1.000,-1.000,-1.000,None,What was the color of the REAR turn signal?,Amber,1.321
95,Night,0,Practice,Expected,Red,Right,60.94,52.59,-0.8252,0.8683,1059.8920,-0.8252,25.35,1,Manual_P,106.04,97.68,-1.000,-1.000,-1.000,None,What was the color of the REAR turn signal?,Amber,1.321
95,Night,0,Practice,Expected,Red,Right,61.04,52.69,-0.8139,0.8683,1061.0410,-0.8139,25.38,1,Manual_P,106.04,97.68,-1.000,-1.000,-1.000,None,What was the color of the REAR turn signal?,Amber,1.321
95,Night,0,Practice,Expected,Red,Right,61.15,52.79,-0.8029,0.8683,1062.2390,-0.8029,25.58,1,Manual_P,106.04,97.68,-1.000,-1.000,-1.000,None,What was the color of the REAR turn signal?,Amber,1.321
95,Night,0,Practice,Expected,Red,Right,61.26,52.90,-0.7931,0.8683,1063.4750,-0.7931,26.07,1,Manual_P,106.04,97.68,-1.000,-1.000,-1.000,None,What was the color of the REAR turn signal?,Amber,1.321
95,Night,0,Practice,Expected,Red,Right,61.36,53.01,-0.7841,0.8683,1064.7620,-0.7841,26.63,1,Manual_P,106.04,97.68,-1.000,-1.000,-1.000,None,What was the color of the REAR turn signal?,Amber,1.321
95,Night,0,Practice,Expected,Red,Right,61.47,53.11,-0.7677,0.8683,1065.9740,-0.7677,27.03,1,Manual_P,106.04,97.68,-1.000,-1.000,-1.000,None,What was the color of the REAR turn signal?,Amber,1.321
95,Night,0,Practice,Expected,Red,Right,61.60,53.25,-0.7099,0.8683,1067.6180,-0.7099,27.24,1,Manual_P,106.04,97.68,-1.000,-1.000,-1.000,None,What was the color of the REAR turn signal?,Amber,1.321
95,Night,0,Practice,Expected,Red,Right,61.73,53.37,-0.6465,0.8683,1069.1600,-0.6465,27.38,1,Manual_P,106.04,97.68,-1.000,-1.000,-1.000,None,What was the color of the REAR turn signal?,Amber,1.321
95,Night,0,Practice,Expected,Red,Right,61.85,53.49,-0.5804,0.8683,1070.6550,-0.5804,27.80,1,Manual_P,106.04,97.68,-1.000,-1.000,-1.000,None,What was the color of the REAR turn signal?,Amber,1.321
95,Night,0,Practice,Expected,Red,Right,61.97,53.62,-0.5066,0.8683,1072.1960,-0.5066,28.59,1,Manual_P,106.04,97.68,-1.000,-1.000,-1.000,None,What was the color of the REAR turn signal?,Amber,1.321
95,Night,0,Practice,Expected,Red,Right,62.07,53.72,-0.4528,0.8683,1073.5190,-0.4528,29.21,1,Manual_P,106.04,97.68,-1.000,-1.000,-1.000,None,What was the color of the REAR turn signal?,Amber,1.321
95,Night,0,Practice,Expected,Red,Right,62.20,53.84,-0.3845,0.8683,1075.1620,-0.3845,29.73,1,Manual_P,106.04,97.68,-1.000,-1.000,-1.000,None,What was the color of the REAR turn signal?,Amber,1.321
95,Night,0,Practice,Expected,Red,Right,62.30,53.95,-0.3331,0.8683,1076.5330,-0.3331,29.96,1,Manual_P,106.04,97.68,-1.000,-1.000,-1.000,None,What was the color of the REAR turn signal?,Amber,1.321
95,Night,0,Practice,Expected,Red,Right,62.40,54.05,-0.3075,0.8683,1077.8760,-0.3075,29.97,1,Manual_P,106.04,97.68,-1.000,-1.000,-1.000,None,What was the color of the REAR turn signal?,Amber,1.321
95,Night,0,Practice,Expected,Red,Right,62.53,54.17,-0.2933,0.8683,1079.6040,-0.2933,29.96,1,Manual_P,106.04,97.68,-1.000,-1.000,-1.000,None,What was the color of the REAR turn signal?,Amber,1.321
95,Night,0,Practice,Expected,Red,Right,62.65,54.30,-0.3165,0.8683,1081.2440,-0.3165,29.90,1,Manual_P,106.04,97.68,-1.000,-1.000,-1.000,None,What was the color of the REAR turn signal?,Amber,1.321
95,Night,0,Practice,Expected,Red,Right,62.78,54.42,-0.3661,0.8683,1082.8760,-0.3661,29.89,1,Manual_P,106.04,97.68,-1.000,-1.000,-1.000,None,What was the color of the REAR turn signal?,Amber,1.321
95,Night,0,Practice,Expected,Red,Right,62.88,54.53,-0.4253,0.8683,1084.3290,-0.4253,29.87,1,Manual_P,106.04,97.68,-1.000,-1.000,-1.000,None,What was the color of the REAR turn signal?,Amber,1.321
95,Night,0,Practice,Expected,Red,Right,62.99,54.64,-0.5172,0.8682,1085.7860,-0.5172,29.83,1,Manual_P,106.04,97.68,-1.000,-1.000,-1.000,None,What was the color of the REAR turn signal?,Amber,1.321
95,Night,0,Practice,Expected,Red,Right,63.10,54.74,-0.6190,0.8682,1087.2070,-0.6190,29.82,1,Manual_P,106.04,97.68,-1.000,-1.000,-1.000,None,What was the color of the REAR turn signal?,Amber,1.321
95,Night,0,Practice,Expected,Red,Right,63.21,54.86,-0.7262,0.8682,1088.6850,-0.7262,29.81,1,Manual_P,106.04,97.68,-1.000,-1.000,-1.000,None,What was the color of the REAR turn signal?,Amber,1.321
95,Night,0,Practice,Expected,Red,Right,63.32,54.97,-0.8439,0.8682,1090.1760,-0.8439,29.79,1,Manual_P,106.04,97.68,-1.000,-1.000,-1.000,None,What was the color of the REAR turn signal?,Amber,1.321
95,Night,0,Practice,Expected,Red,Right,63.44,55.08,-0.9526,0.8682,1091.6930,-0.9526,29.76,1,Manual_P,106.04,97.68,-1.000,-1.000,-1.000,None,What was the color of the REAR turn signal?,Amber,1.321
95,Night,0,Practice,Expected,Red,Right,63.55,55.19,-1.0463,0.8683,1093.1270,-1.0463,29.76,1,Manual_P,106.04,97.68,-1.000,-1.000,-1.000,None,What was the color of the REAR turn signal?,Amber,1.321
95,Night,0,Practice,Expected,Red,Right,63.68,55.32,-1.1453,0.8683,1094.8420,-1.1453,29.72,1,Manual_P,106.04,97.68,-1.000,-1.000,-1.000,None,What was the color of the REAR turn signal?,Amber,1.321
95,Night,0,Practice,Expected,Red,Right,63.80,55.45,-1.2211,0.8683,1096.5400,-1.2211,29.71,1,Manual_P,106.04,97.68,-1.000,-1.000,-1.000,None,What was the color of the REAR turn signal?,Amber,1.321
95,Night,0,Practice,Expected,Red,Right,63.93,55.58,-1.2839,0.8683,1098.2560,-1.2839,29.69,1,Manual_P,106.04,97.68,-1.000,-1.000,-1.000,None,What was the color of the REAR turn signal?,Amber,1.321
95,Night,0,Practice,Expected,Red,Right,64.06,55.71,-1.3013,0.8683,1099.9780,-1.3013,29.64,1,Manual_P,106.04,97.68,-1.000,-1.000,-1.000,None,What was the color of the REAR turn signal?,Amber,1.321
95,Night,0,Practice,Expected,Red,Right,64.20,55.84,-1.3007,0.8683,1101.7380,-1.3007,29.63,1,Manual_P,106.04,97.68,-1.000,-1.000,-1.000,None,What was the color of the REAR turn signal?,Amber,1.321
95,Night,0,Practice,Expected,Red,Right,64.31,55.95,-1.2890,0.8683,1103.2590,-1.2890,29.62,1,Manual_P,106.04,97.68,-1.000,-1.000,-1.000,None,What was the color of the REAR turn signal?,Amber,1.321
95,Night,0,Practice,Expected,Red,Right,64.43,56.07,-1.2663,0.8683,1104.8160,-1.2663,29.61,1,Manual_P,106.04,97.68,-1.000,-1.000,-1.000,None,What was the color of the REAR turn signal?,Amber,1.321
95,Night,0,Practice,Expected,Red,Right,64.54,56.18,-1.2372,0.8683,1106.2650,-1.2372,29.60,1,Manual_P,106.04,97.68,-1.000,-1.000,-1.000,None,What was the color of the REAR turn signal?,Amber,1.321
95,Night,0,Practice,Expected,Red,Right,64.66,56.30,-1.1978,0.8683,1107.8950,-1.1978,29.59,1,Manual_P,106.04,97.68,-1.000,-1.000,-1.000,None,What was the color of the REAR turn signal?,Amber,1.321
95,Night,0,Practice,Expected,Red,Right,64.76,56.41,-1.1606,0.8683,1109.2720,-1.1606,29.58,1,Manual_P,106.04,97.68,-1.000,-1.000,-1.000,None,What was the color of the REAR turn signal?,Amber,1.321
95,Night,0,Practice,Expected,Red,Right,64.88,56.52,-1.1179,0.8683,1110.7500,-1.1179,29.57,1,Manual_P,106.04,97.68,-1.000,-1.000,-1.000,None,What was the color of the REAR turn signal?,Amber,1.321
95,Night,0,Practice,Expected,Red,Right,64.99,56.64,-1.0719,0.8683,1112.2750,-1.0719,29.57,1,Manual_P,106.04,97.68,-1.000,-1.000,-1.000,None,What was the color of the REAR turn signal?,Amber,1.321
95,Night,0,Practice,Expected,Red,Right,65.13,56.77,-1.0168,0.8683,1114.0480,-1.0168,29.56,1,Manual_P,106.04,97.68,-1.000,-1.000,-1.000,None,What was the color of the REAR turn signal?,Amber,1.321
95,Night,0,Practice,Expected,Red,Right,65.23,56.88,-0.9720,0.8683,1115.4600,-0.9720,29.55,1,Manual_P,106.04,97.68,-1.000,-1.000,-1.000,None,What was the color of the REAR turn signal?,Amber,1.321
95,Night,0,Practice,Expected,Red,Right,65.35,57.00,-0.9220,0.8683,1117.0240,-0.9220,29.54,1,Manual_P,106.04,97.68,-1.000,-1.000,-1.000,None,What was the color of the REAR turn signal?,Amber,1.321
95,Night,0,Practice,Expected,Red,Right,65.47,57.11,-0.8722,0.8683,1118.5680,-0.8722,29.53,1,Manual_P,106.04,97.68,-1.000,-1.000,-1.000,None,What was the color of the REAR turn signal?,Amber,1.321
95,Night,0,Practice,Expected,Red,Right,65.58,57.22,-0.8249,0.8683,1120.0310,-0.8249,29.53,1,Manual_P,106.04,97.68,-1.000,-1.000,-1.000,None,What was the color of the REAR turn signal?,Amber,1.321
95,Night,0,Practice,Expected,Red,Right,65.69,57.34,-0.7764,0.8684,1121.5260,-0.7764,29.52,1,Manual_P,106.04,97.68,-1.000,-1.000,-1.000,None,What was the color of the REAR turn signal?,Amber,1.321
95,Night,0,Practice,Expected,Red,Right,65.80,57.44,-0.7306,0.8684,1122.9350,-0.7306,29.51,1,Manual_P,106.04,97.68,-1.000,-1.000,-1.000,None,What was the color of the REAR turn signal?,Amber,1.321
95,Night,0,Practice,Expected,Red,Right,65.92,57.56,-0.6793,0.8684,1124.5120,-0.6793,29.50,1,Manual_P,106.04,97.68,-1.000,-1.000,-1.000,None,What was the color of the REAR turn signal?,Amber,1.321
95,Night,0,Practice,Expected,Red,Right,66.02,57.67,-0.6350,0.8684,1125.8740,-0.6350,29.50,1,Manual_P,106.04,97.68,-1.000,-1.000,-1.000,None,What was the color of the REAR turn signal?,Amber,1.321
95,Night,0,Practice,Expected,Red,Right,66.14,57.78,-0.5847,0.8684,1127.4190,-0.5847,29.49,1,Manual_P,106.04,97.68,-1.000,-1.000,-1.000,None,What was the color of the REAR turn signal?,Amber,1.321
95,Night,0,Practice,Expected,Red,Right,66.26,57.90,-0.5349,0.8684,1128.9480,-0.5349,29.48,1,Manual_P,106.04,97.68,-1.000,-1.000,-1.000,None,What was the color of the REAR turn signal?,Amber,1.321
95,Night,0,Practice,Expected,Red,Right,66.37,58.01,-0.4871,0.8684,1130.4190,-0.4871,29.47,1,Manual_P,106.04,97.68,-1.000,-1.000,-1.000,None,What was the color of the REAR turn signal?,Amber,1.321
95,Night,0,Practice,Expected,Red,Right,66.48,58.12,-0.4403,0.8684,1131.8550,-0.4403,29.47,1,Manual_P,106.04,97.68,-1.000,-1.000,-1.000,None,What was the color of the REAR turn signal?,Amber,1.321
95,Night,0,Practice,Expected,Red,Right,66.60,58.24,-0.3882,0.8684,1133.4570,-0.3882,29.46,1,Manual_P,106.04,97.68,-1.000,-1.000,-1.000,None,What was the color of the REAR turn signal?,Amber,1.321
95,Night,0,Practice,Expected,Red,Right,66.73,58.37,-0.3335,0.8684,1135.1370,-0.3335,29.45,1,Manual_P,106.04,97.68,-1.000,-1.000,-1.000,None,What was the color of the REAR turn signal?,Amber,1.321
95,Night,0,Practice,Expected,Red,Right,66.83,58.47,-0.2900,0.8684,1136.4750,-0.2900,29.44,1,Manual_P,106.04,97.68,-1.000,-1.000,-1.000,None,What was the color of the REAR turn signal?,Amber,1.321
95,Night,0,Practice,Expected,Red,Right,66.95,58.59,-0.2387,0.8684,1138.0510,-0.2387,29.44,1,Manual_P,106.04,97.68,-1.000,-1.000,-1.000,None,What was the color of the REAR turn signal?,Amber,1.321
95,Night,0,Practice,Expected,Red,Right,67.07,58.72,-0.1848,0.8684,1139.7070,-0.1848,29.43,1,Manual_P,106.04,97.68,-1.000,-1.000,-1.000,None,What was the color of the REAR turn signal?,Amber,1.321
95,Night,0,Practice,Expected,Red,Right,67.19,58.84,-0.1343,0.8684,1141.2580,-0.1343,29.42,1,Manual_P,106.04,97.68,-1.000,-1.000,-1.000,None,What was the color of the REAR turn signal?,Amber,1.321
95,Night,0,Practice,Expected,Red,Right,67.30,58.94,-0.0900,0.8684,1142.6230,-0.0900,29.41,1,Manual_P,106.04,97.68,-1.000,-1.000,-1.000,None,What was the color of the REAR turn signal?,Amber,1.321
95,Night,0,Practice,Expected,Red,Right,67.42,59.06,-0.0380,0.8684,1144.2220,-0.0380,29.40,1,Manual_P,106.04,97.68,-1.000,-1.000,-1.000,None,What was the color of the REAR turn signal?,Amber,1.321
95,Night,0,Practice,Expected,Red,Right,67.54,59.18,0.0128,0.8684,1145.7820,0.0128,29.40,1,Manual_P,106.04,97.68,-1.000,-1.000,-1.000,None,What was the color of the REAR turn signal?,Amber,1.321
95,Night,0,Practice,Expected,Red,Right,67.64,59.29,0.0591,0.8684,1147.2080,0.0591,29.39,1,Manual_P,106.04,97.68,-1.000,-1.000,-1.000,None,What was the color of the REAR turn signal?,Amber,1.321
95,Night,0,Practice,Expected,Red,Right,67.75,59.39,0.1043,0.8684,1148.5970,0.1043,29.38,1,Manual_P,106.04,97.68,-1.000,-1.000,-1.000,None,What was the color of the REAR turn signal?,Amber,1.321
95,Night,0,Practice,Expected,Red,Right,67.87,59.51,0.1533,0.8684,1150.1050,0.1533,29.38,1,Manual_P,106.04,97.68,-1.000,-1.000,-1.000,None,What was the color of the REAR turn signal?,Amber,1.321
95,Night,0,Practice,Expected,Red,Right,67.99,59.63,0.2047,0.8684,1151.6970,0.2047,29.37,1,Manual_P,106.04,97.68,-1.000,-1.000,-1.000,None,What was the color of the REAR turn signal?,Amber,1.321
95,Night,0,Practice,Expected,Red,Right,68.09,59.73,0.2359,0.8684,1153.0200,0.2359,29.33,1,Manual_P,106.04,97.68,-1.000,-1.000,-1.000,None,What was the color of the REAR turn signal?,Amber,1.321
95,Night,0,Practice,Expected,Red,Right,68.21,59.85,0.2472,0.8684,1154.5770,0.2472,29.31,1,Manual_P,106.04,97.68,-1.000,-1.000,-1.000,None,What was the color of the REAR turn signal?,Amber,1.321
95,Night,0,Practice,Expected,Red,Right,68.33,59.97,0.2548,0.8683,1156.1420,0.2548,29.30,1,Manual_P,106.04,97.68,-1.000,-1.000,-1.000,None,What was the color of the REAR turn signal?,Amber,1.321
95,Night,0,Practice,Expected,Red,Right,68.44,60.08,0.2569,0.8683,1157.6330,0.2569,29.29,1,Manual_P,106.04,97.68,-1.000,-1.000,-1.000,None,What was the color of the REAR turn signal?,Amber,1.321
95,Night,0,Practice,Expected,Red,Right,68.57,60.21,0.2515,0.8683,1159.2870,0.2515,29.29,1,Manual_P,106.04,97.68,-1.000,-1.000,-1.000,None,What was the color of the REAR turn signal?,Amber,1.321
95,Night,0,Practice,Expected,Red,Right,68.68,60.32,0.2424,0.8683,1160.7700,0.2424,29.27,1,Manual_P,106.04,97.68,-1.000,-1.000,-1.000,None,What was the color of the REAR turn signal?,Amber,1.321
95,Night,0,Practice,Expected,Red,Right,68.80,60.44,0.2450,0.8683,1162.2980,0.2450,29.25,1,Manual_P,106.04,97.68,-1.000,-1.000,-1.000,None,What was the color of the REAR turn signal?,Amber,1.321
95,Night,0,Practice,Expected,Red,Right,68.93,60.57,0.2470,0.8684,1163.9860,0.2470,29.25,1,Manual_P,106.04,97.68,-1.000,-1.000,-1.000,None,What was the color of the REAR turn signal?,Amber,1.321
95,Night,0,Practice,Expected,Red,Right,69.05,60.69,0.2490,0.8684,1165.5890,0.2490,29.24,1,Manual_P,106.04,97.68,-1.000,-1.000,-1.000,None,What was the color of the REAR turn signal?,Amber,1.321
95,Night,0,Practice,Expected,Red,Right,69.17,60.81,0.2534,0.8684,1167.1990,0.2534,29.23,1,Manual_P,106.04,97.68,-1.000,-1.000,-1.000,None,What was the color of the REAR turn signal?,Amber,1.321
95,Night,0,Practice,Expected,Red,Right,69.29,60.94,0.2605,0.8684,1168.8210,0.2605,29.22,1,Manual_P,106.04,97.68,-1.000,-1.000,-1.000,None,What was the color of the REAR turn signal?,Amber,1.321
95,Night,0,Practice,Expected,Red,Right,69.41,61.06,0.2692,0.8684,1170.3690,0.2692,29.21,1,Manual_P,106.04,97.68,-1.000,-1.000,-1.000,None,What was the color of the REAR turn signal?,Amber,1.321
95,Night,0,Practice,Expected,Red,Right,69.53,61.18,0.2645,0.8684,1171.9420,0.2645,29.19,1,Manual_P,106.04,97.68,-1.000,-1.000,-1.000,None,What was the color of the REAR turn signal?,Amber,1.321
95,Night,0,Practice,Expected,Red,Right,69.65,61.29,0.2541,0.8684,1173.4440,0.2541,29.18,1,Manual_P,106.04,97.68,-1.000,-1.000,-1.000,None,What was the color of the REAR turn signal?,Amber,1.321
95,Night,0,Practice,Expected,Red,Right,69.77,61.41,0.2428,0.8683,1174.9950,0.2428,29.17,1,Manual_P,106.04,97.68,-1.000,-1.000,-1.000,None,What was the color of the REAR turn signal?,Amber,1.321
95,Night,0,Practice,Expected,Red,Right,69.89,61.54,0.2273,0.8683,1176.6340,0.2273,29.16,1,Manual_P,106.04,97.68,-1.000,-1.000,-1.000,None,What was the color of the REAR turn signal?,Amber,1.321
95,Night,0,Practice,Expected,Red,Right,70.01,61.65,0.2098,0.8683,1178.1360,0.2098,29.02,1,Manual_P,106.04,97.68,-1.000,-1.000,-1.000,None,What was the color of the REAR turn signal?,Amber,1.321
95,Night,0,Practice,Expected,Red,Right,70.14,61.78,0.1768,0.8683,1179.7830,0.1768,28.95,1,Manual_P,106.04,97.68,-1.000,-1.000,-1.000,None,What was the color of the REAR turn signal?,Amber,1.321
95,Night,0,Practice,Expected,Red,Right,70.25,61.89,0.1340,0.8683,1181.2560,0.1340,28.94,1,Manual_P,106.04,97.68,-1.000,-1.000,-1.000,None,What was the color of the REAR turn signal?,Amber,1.321
95,Night,0,Practice,Expected,Red,Right,70.37,62.02,0.1036,0.8683,1182.8190,0.1036,28.90,1,Manual_P,106.04,97.68,-1.000,-1.000,-1.000,None,What was the color of the REAR turn signal?,Amber,1.321
95,Night,0,Practice,Expected,Red,Right,70.48,62.12,0.0902,0.8683,1184.1890,0.0902,28.89,1,Manual_P,106.04,97.68,-1.000,-1.000,-1.000,None,What was the color of the REAR turn signal?,Amber,1.321
95,Night,0,Practice,Expected,Red,Right,70.59,62.24,0.0725,0.8684,1185.6950,0.0725,28.89,1,Manual_P,106.04,97.68,-1.000,-1.000,-1.000,None,What was the color of the REAR turn signal?,Amber,1.321
95,Night,0,Practice,Expected,Red,Right,70.71,62.35,0.0567,0.8684,1187.1410,0.0567,28.88,1,Manual_P,106.04,97.68,-1.000,-1.000,-1.000,None,What was the color of the REAR turn signal?,Amber,1.321
95,Night,0,Practice,Expected,Red,Right,70.82,62.47,0.0439,0.8684,1188.6560,0.0439,28.87,1,Manual_P,106.04,97.68,-1.000,-1.000,-1.000,None,What was the color of the REAR turn signal?,Amber,1.321
95,Night,0,Practice,Expected,Red,Right,70.95,62.59,0.0485,0.8684,1190.2820,0.0485,28.84,1,Manual_P,106.04,97.68,-1.000,-1.000,-1.000,None,What was the color of the REAR turn signal?,Amber,1.321
95,Night,0,Practice,Expected,Red,Right,71.07,62.71,0.0509,0.8684,1191.8420,0.0509,28.83,1,Manual_P,106.04,97.68,-1.000,-1.000,-1.000,None,What was the color of the REAR turn signal?,Amber,1.321
95,Night,0,Practice,Expected,Red,Right,71.17,62.82,0.0532,0.8684,1193.1510,0.0532,28.82,1,Manual_P,106.04,97.68,-1.000,-1.000,-1.000,None,What was the color of the REAR turn signal?,Amber,1.321
95,Night,0,Practice,Expected,Red,Right,71.28,62.92,0.0587,0.8684,1194.5320,0.0587,28.81,1,Manual_P,106.04,97.68,-1.000,-1.000,-1.000,None,What was the color of the REAR turn signal?,Amber,1.321
95,Night,0,Practice,Expected,Red,Right,71.38,63.03,0.0656,0.8684,1195.8510,0.0656,28.81,1,Manual_P,106.04,97.68,-1.000,-1.000,-1.000,None,What was the color of the REAR turn signal?,Amber,1.321
95,Night,0,Practice,Expected,Red,Right,71.50,63.14,0.0665,0.8684,1197.3620,0.0665,28.79,1,Manual_P,106.04,97.68,-1.000,-1.000,-1.000,None,What was the color of the REAR turn signal?,Amber,1.321
95,Night,0,Practice,Expected,Red,Right,71.60,63.24,0.0636,0.8684,1198.6600,0.0636,28.78,1,Manual_P,106.04,97.68,-1.000,-1.000,-1.000,None,What was the color of the REAR turn signal?,Amber,1.321
95,Night,0,Practice,Expected,Red,Right,71.71,63.36,0.0571,0.8684,1200.1290,0.0571,28.77,1,Manual_P,106.04,97.68,-1.000,-1.000,-1.000,None,What was the color of the REAR turn signal?,Amber,1.321
95,Night,0,Practice,Expected,Red,Right,71.83,63.48,0.0242,0.8684,1201.6500,0.0242,28.73,1,Manual_P,106.04,97.68,-1.000,-1.000,-1.000,None,What was the color of the REAR turn signal?,Amber,1.321
95,Night,0,Practice,Expected,Red,Right,71.95,63.59,-0.0154,0.8683,1203.1590,-0.0154,28.73,1,Manual_P,106.04,97.68,-1.000,-1.000,-1.000,None,What was the color of the REAR turn signal?,Amber,1.321
95,Night,0,Practice,Expected,Red,Right,72.07,63.71,-0.0605,0.8683,1204.6860,-0.0605,28.72,1,Manual_P,106.04,97.68,-1.000,-1.000,-1.000,None,What was the color of the REAR turn signal?,Amber,1.321
95,Night,0,Practice,Expected,Red,Right,72.19,63.83,-0.1115,0.8683,1206.1930,-0.1115,28.71,1,Manual_P,106.04,97.68,-1.000,-1.000,-1.000,None,What was the color of the REAR turn signal?,Amber,1.321
95,Night,0,Practice,Expected,Red,Right,72.31,63.95,-0.1713,0.8683,1207.7780,-0.1713,28.70,1,Manual_P,106.04,97.68,-1.000,-1.000,-1.000,None,What was the color of the REAR turn signal?,Amber,1.321
95,Night,0,Practice,Expected,Red,Right,72.42,64.07,-0.2312,0.8683,1209.2490,-0.2312,28.69,1,Manual_P,106.04,97.68,-1.000,-1.000,-1.000,None,What was the color of the REAR turn signal?,Amber,1.321
95,Night,0,Practice,Expected,Red,Right,72.54,64.18,-0.2928,0.8683,1210.6950,-0.2928,28.69,1,Manual_P,106.04,97.68,-1.000,-1.000,-1.000,None,What was the color of the REAR turn signal?,Amber,1.321
95,Night,0,Practice,Expected,Red,Right,72.66,64.30,-0.3617,0.8683,1212.2590,-0.3617,28.68,1,Manual_P,106.04,97.68,-1.000,-1.000,-1.000,None,What was the color of the REAR turn signal?,Amber,1.321
95,Night,0,Practice,Expected,Red,Right,72.78,64.42,-0.4287,0.8683,1213.7460,-0.4287,28.67,1,Manual_P,106.04,97.68,-1.000,-1.000,-1.000,None,What was the color of the REAR turn signal?,Amber,1.321
95,Night,0,Practice,Expected,Red,Right,72.90,64.54,-0.5003,0.8683,1215.3180,-0.5003,28.66,1,Manual_P,106.04,97.68,-1.000,-1.000,-1.000,None,What was the color of the REAR turn signal?,Amber,1.321
95,Night,0,Practice,Expected,Red,Right,73.01,64.66,-0.5666,0.8683,1216.7590,-0.5666,28.66,1,Manual_P,106.04,97.68,-1.000,-1.000,-1.000,None,What was the color of the REAR turn signal?,Amber,1.321
95,Night,0,Practice,Expected,Red,Right,73.14,64.78,-0.6418,0.8683,1218.3840,-0.6418,28.65,1,Manual_P,106.04,97.68,-1.000,-1.000,-1.000,None,What was the color of the REAR turn signal?,Amber,1.321
95,Night,0,Practice,Expected,Red,Right,73.27,64.91,-0.7203,0.8683,1220.0780,-0.7203,28.64,1,Manual_P,106.04,97.68,-1.000,-1.000,-1.000,None,What was the color of the REAR turn signal?,Amber,1.321
95,Night,0,Practice,Expected,Red,Right,73.38,65.03,-0.7878,0.8683,1221.5290,-0.7878,28.63,1,Manual_P,106.04,97.68,-1.000,-1.000,-1.000,None,What was the color of the REAR turn signal?,Amber,1.321
95,Night,0,Practice,Expected,Red,Right,73.51,65.15,-0.8607,0.8683,1223.0950,-0.8607,28.62,1,Manual_P,106.04,97.68,-1.000,-1.000,-1.000,None,What was the color of the REAR turn signal?,Amber,1.321
95,Night,0,Practice,Expected,Red,Right,73.63,65.27,-0.9327,0.8683,1224.6410,-0.9327,28.62,1,Manual_P,106.04,97.68,-1.000,-1.000,-1.000,None,What was the color of the REAR turn signal?,Amber,1.321
95,Night,0,Practice,Expected,Red,Right,73.75,65.39,-1.0050,0.8683,1226.1910,-1.0050,28.61,1,Manual_P,106.04,97.68,-1.000,-1.000,-1.000,None,What was the color of the REAR turn signal?,Amber,1.321
95,Night,0,Practice,Expected,Red,Right,73.87,65.52,-1.0786,0.8683,1227.7690,-1.0786,28.60,1,Manual_P,106.04,97.68,-1.000,-1.000,-1.000,None,What was the color of the REAR turn signal?,Amber,1.321
95,Night,0,Practice,Expected,Red,Right,73.97,65.62,-1.1382,0.8683,1229.0490,-1.1382,28.59,1,Manual_P,106.04,97.68,-1.000,-1.000,-1.000,None,What was the color of the REAR turn signal?,Amber,1.321
95,Night,0,Practice,Expected,Red,Right,74.10,65.75,-1.2161,0.8683,1230.7180,-1.2161,28.58,1,Manual_P,106.04,97.68,-1.000,-1.000,-1.000,None,What was the color of the REAR turn signal?,Amber,1.321
95,Night,0,Practice,Expected,Red,Right,74.23,65.87,-1.2907,0.8683,1232.3180,-1.2907,28.58,1,Manual_P,106.04,97.68,-1.000,-1.000,-1.000,None,What was the color of the REAR turn signal?,Amber,1.321
95,Night,0,Practice,Expected,Red,Right,74.35,65.99,-1.3600,0.8683,1233.8020,-1.3600,28.57,1,Manual_P,106.04,97.68,-1.000,-1.000,-1.000,None,What was the color of the REAR turn signal?,Amber,1.321
95,Night,0,Practice,Expected,Red,Right,74.47,66.11,-1.4326,0.8683,1235.3590,-1.4326,28.56,1,Manual_P,106.04,97.68,-1.000,-1.000,-1.000,None,What was the color of the REAR turn signal?,Amber,1.321
95,Night,0,Practice,Expected,Red,Right,74.60,66.24,-1.5092,0.8683,1236.9990,-1.5092,28.55,1,Manual_P,106.04,97.68,-1.000,-1.000,-1.000,None,What was the color of the REAR turn signal?,Amber,1.321
95,Night,0,Practice,Expected,Red,Right,74.70,66.35,-1.5729,0.8683,1238.3640,-1.5729,28.55,1,Manual_P,106.04,97.68,-1.000,-1.000,-1.000,None,What was the color of the REAR turn signal?,Amber,1.321
95,Night,0,Practice,Expected,Red,Right,74.81,66.45,-1.6350,0.8701,1239.6930,-1.6350,28.54,1,Manual_P,106.04,97.68,-1.000,-1.000,-1.000,None,What was the color of the REAR turn signal?,Amber,1.321
95,Night,0,Practice,Expected,Red,Right,74.93,66.57,-1.7016,0.8690,1241.2160,-1.7016,28.52,1,Manual_P,106.04,97.68,-1.000,-1.000,-1.000,None,What was the color of the REAR turn signal?,Amber,1.321
95,Night,0,Practice,Expected,Red,Right,75.05,66.69,-1.7420,0.8694,1242.7550,-1.7420,28.49,1,Manual_P,106.04,97.68,-1.000,-1.000,-1.000,None,What was the color of the REAR turn signal?,Amber,1.321
95,Night,0,Practice,Expected,Red,Right,75.17,66.82,-1.7779,0.8691,1244.3390,-1.7779,28.48,1,Manual_P,106.04,97.68,-1.000,-1.000,-1.000,None,What was the color of the REAR turn signal?,Amber,1.321
95,Night,0,Practice,Expected,Red,Right,75.29,66.93,-1.8073,0.8683,1245.7820,-1.8073,28.47,1,Manual_P,106.04,97.68,-1.000,-1.000,-1.000,None,What was the color of the REAR turn signal?,Amber,1.321
95,Night,0,Practice,Expected,Red,Right,75.41,67.06,-1.8336,0.8681,1247.3850,-1.8336,28.46,1,Manual_P,106.04,97.68,-1.000,-1.000,-1.000,None,What was the color of the REAR turn signal?,Amber,1.321
95,Night,0,Practice,Expected,Red,Right,75.52,67.16,-1.8513,0.8682,1248.7450,-1.8513,28.46,1,Manual_P,106.04,97.68,-1.000,-1.000,-1.000,None,What was the color of the REAR turn signal?,Amber,1.321
95,Night,0,Practice,Expected,Red,Right,75.63,67.27,-1.8661,0.8683,1250.1440,-1.8661,28.45,1,Manual_P,106.04,97.68,-1.000,-1.000,-1.000,None,What was the color of the REAR turn signal?,Amber,1.321
95,Night,0,Practice,Expected,Red,Right,75.74,67.39,-1.8786,0.8684,1251.5980,-1.8786,28.44,1,Manual_P,106.04,97.68,-1.000,-1.000,-1.000,None,What was the color of the REAR turn signal?,Amber,1.321
95,Night,0,Practice,Expected,Red,Right,75.87,67.51,-1.8857,0.8684,1253.1800,-1.8857,28.43,1,Manual_P,106.04,97.68,-1.000,-1.000,-1.000,None,What was the color of the REAR turn signal?,Amber,1.321
95,Night,0,Practice,Expected,Red,Right,75.98,67.62,-1.8844,0.8684,1254.5540,-1.8844,28.42,1,Manual_P,106.04,97.68,-1.000,-1.000,-1.000,None,What was the color of the REAR turn signal?,Amber,1.321
95,Night,0,Practice,Expected,Red,Right,76.10,67.74,-1.8824,0.8684,1256.0810,-1.8824,28.41,1,Manual_P,106.04,97.68,-1.000,-1.000,-1.000,None,What was the color of the REAR turn signal?,Amber,1.321
95,Night,0,Practice,Expected,Red,Right,76.22,67.87,-1.8763,0.8684,1257.6820,-1.8763,28.40,1,Manual_P,106.04,97.68,-1.000,-1.000,-1.000,None,What was the color of the REAR turn signal?,Amber,1.321
95,Night,0,Practice,Expected,Red,Right,76.33,67.97,-1.8627,0.8684,1259.0540,-1.8627,28.39,1,Manual_P,106.04,97.68,-1.000,-1.000,-1.000,None,What was the color of the REAR turn signal?,Amber,1.321
95,Night,0,Practice,Expected,Red,Right,76.45,68.09,-1.8421,0.8684,1260.5640,-1.8421,28.37,1,Manual_P,106.04,97.68,-1.000,-1.000,-1.000,None,What was the color of the REAR turn signal?,Amber,1.321
95,Night,0,Practice,Expected,Red,Right,76.56,68.21,-1.8054,0.8684,1262.0270,-1.8054,28.36,1,Manual_P,106.04,97.68,-1.000,-1.000,-1.000,None,What was the color of the REAR turn signal?,Amber,1.321
95,Night,0,Practice,Expected,Red,Right,76.68,68.32,-1.7656,0.8684,1263.5050,-1.7656,28.35,1,Manual_P,106.04,97.68,-1.000,-1.000,-1.000,None,What was the color of the REAR turn signal?,Amber,1.321
95,Night,0,Practice,Expected,Red,Right,76.79,68.44,-1.7228,0.8685,1264.9510,-1.7228,28.35,1,Manual_P,106.04,97.68,-1.000,-1.000,-1.000,None,What was the color of the REAR turn signal?,Amber,1.321
95,Night,0,Practice,Expected,Red,Right,76.90,68.55,-1.6791,0.8700,1266.3010,-1.6791,28.34,1,Manual_P,106.04,97.68,-1.000,-1.000,-1.000,None,What was the color of the REAR turn signal?,Amber,1.321
95,Night,0,Practice,Expected,Red,Right,77.02,68.66,-1.6295,0.8715,1267.7690,-1.6295,28.33,1,Manual_P,106.04,97.68,-1.000,-1.000,-1.000,None,What was the color of the REAR turn signal?,Amber,1.321
95,Night,0,Practice,Expected,Red,Right,77.14,68.78,-1.5901,0.8721,1269.2660,-1.5901,28.31,1,Manual_P,106.04,97.68,-1.000,-1.000,-1.000,None,What was the color of the REAR turn signal?,Amber,1.321
95,Night,0,Practice,Expected,Red,Right,77.24,68.88,-1.5564,0.8725,1270.5530,-1.5564,28.31,1,Manual_P,106.04,97.68,-1.000,-1.000,-1.000,None,What was the color of the REAR turn signal?,Amber,1.321
95,Night,0,Practice,Expected,Red,Right,77.35,69.00,-1.5145,0.8713,1271.9980,-1.5145,28.28,1,Manual_P,106.04,97.68,-1.000,-1.000,-1.000,None,What was the color of the REAR turn signal?,Amber,1.321
95,Night,0,Practice,Expected,Red,Right,77.47,69.12,-1.4490,0.8706,1273.5190,-1.4490,28.26,1,Manual_P,106.04,97.68,-1.000,-1.000,-1.000,None,What was the color of the REAR turn signal?,Amber,1.321
95,Night,0,Practice,Expected,Red,Right,77.58,69.23,-1.3857,0.8683,1274.9180,-1.3857,28.26,1,Manual_P,106.04,97.68,-1.000,-1.000,-1.000,None,What was the color of the REAR turn signal?,Amber,1.321
95,Night,0,Practice,Expected,Red,Right,77.70,69.35,-1.3103,0.8676,1276.4510,-1.3103,28.23,1,Manual_P,106.04,97.68,-1.000,-1.000,-1.000,None,What was the color of the REAR turn signal?,Amber,1.321
95,Night,0,Practice,Expected,Red,Right,77.82,69.46,-1.2213,0.8679,1277.8640,-1.2213,28.22,1,Manual_P,106.04,97.68,-1.000,-1.000,-1.000,None,What was the color of the REAR turn signal?,Amber,1.321
95,Night,0,Practice,Expected,Red,Right,77.93,69.57,-1.1300,0.8683,1279.2620,-1.1300,28.21,1,Manual_P,106.04,97.68,-1.000,-1.000,-1.000,None,What was the color of the REAR turn signal?,Amber,1.321
95,Night,0,Practice,Expected,Red,Right,78.05,69.70,-1.0284,0.8686,1280.8550,-1.0284,28.20,1,Manual_P,106.04,97.68,-1.000,-1.000,-1.000,None,What was the color of the REAR turn signal?,Amber,1.321
95,Night,0,Practice,Expected,Red,Right,78.17,69.82,-0.9314,0.8686,1282.3550,-0.9314,28.18,1,Manual_P,106.04,97.68,-1.000,-1.000,-1.000,None,What was the color of the REAR turn signal?,Amber,1.321
95,Night,0,Practice,Expected,Red,Right,78.29,69.93,-0.8487,0.8685,1283.7830,-0.8487,28.17,1,Manual_P,106.04,97.68,-1.000,-1.000,-1.000,None,What was the color of the REAR turn signal?,Amber,1.321
95,Night,0,Practice,Expected,Red,Right,78.40,70.05,-0.7621,0.8685,1285.2460,-0.7621,28.17,1,Manual_P,106.04,97.68,-1.000,-1.000,-1.000,None,What was the color of the REAR turn signal?,Amber,1.321
95,Night,0,Practice,Expected,Red,Right,78.52,70.17,-0.6755,0.8685,1286.7250,-0.6755,28.10,1,Manual_P,106.04,97.68,-1.000,-1.000,-1.000,None,What was the color of the REAR turn signal?,Amber,1.321
95,Night,0,Practice,Expected,Red,Right,78.62,70.27,-0.6019,0.8685,1288.0180,-0.6019,27.91,1,Manual_P,106.04,97.68,-1.000,-1.000,-1.000,None,What was the color of the REAR turn signal?,Amber,1.321
95,Night,0,Practice,Expected,Red,Right,78.74,70.38,-0.5239,0.8685,1289.4210,-0.5239,27.64,1,Manual_P,106.04,97.68,-1.000,-1.000,-1.000,None,What was the color of the REAR turn signal?,Amber,1.321
95,Night,0,Practice,Expected,Red,Right,78.87,70.51,-0.4391,0.8685,1290.9840,-0.4391,27.16,1,Manual_P,106.04,97.68,-1.000,-1.000,-1.000,None,What was the color of the REAR turn signal?,Amber,1.321
95,Night,0,Practice,Expected,Red,Right,78.98,70.62,-0.3661,0.8685,1292.3540,-0.3661,26.52,1,Manual_P,106.04,97.68,-1.000,-1.000,-1.000,None,What was the color of the REAR turn signal?,Amber,1.321
95,Night,0,Practice,Expected,Red,Right,79.10,70.74,-0.2935,0.8685,1293.7330,-0.2935,26.01,1,Manual_P,106.04,97.68,-1.000,-1.000,-1.000,None,What was the color of the REAR turn signal?,Amber,1.321
95,Night,0,Practice,Expected,Red,Right,79.20,70.84,-0.2320,0.8685,1294.9110,-0.2320,25.44,1,Manual_P,106.04,97.68,-1.000,-1.000,-1.000,None,What was the color of the REAR turn signal?,Amber,1.321
95,Night,0,Practice,Expected,Red,Right,79.31,70.95,-0.1751,0.8685,1296.1500,-0.1751,25.10,1,Manual_P,106.04,97.68,-1.000,-1.000,-1.000,None,What was the color of the REAR turn signal?,Amber,1.321
95,Night,0,Practice,Expected,Red,Right,79.43,71.08,-0.1311,0.8685,1297.5260,-0.1311,24.98,1,Manual_P,106.04,97.68,-1.000,-1.000,-1.000,None,What was the color of the REAR turn signal?,Amber,1.321
95,Night,0,Practice,Expected,Red,Right,79.55,71.19,-0.0890,0.8685,1298.8330,-0.0890,24.97,1,Manual_P,106.04,97.68,-1.000,-1.000,-1.000,None,What was the color of the REAR turn signal?,Amber,1.321
95,Night,0,Practice,Expected,Red,Right,79.67,71.32,-0.0293,0.8684,1300.2190,-0.0293,24.93,1,Manual_P,106.04,97.68,-1.000,-1.000,-1.000,None,What was the color of the REAR turn signal?,Amber,1.321
95,Night,0,Practice,Expected,Red,Right,79.78,71.42,0.0309,0.8685,1301.3830,0.0309,24.93,1,Manual_P,106.04,97.68,-1.000,-1.000,-1.000,None,What was the color of the REAR turn signal?,Amber,1.321
95,Night,0,Practice,Expected,Red,Right,79.90,71.54,0.0965,0.8685,1302.7200,0.0965,24.92,1,Manual_P,106.04,97.68,-1.000,-1.000,-1.000,None,What was the color of the REAR turn signal?,Amber,1.321
95,Night,0,Practice,Expected,Red,Right,80.02,71.67,0.1647,0.8685,1304.0890,0.1647,24.91,1,Manual_P,106.04,97.68,-1.000,-1.000,-1.000,None,What was the color of the REAR turn signal?,Amber,1.321
95,Night,0,Practice,Expected,Red,Right,80.14,71.78,0.2320,0.8685,1305.3920,0.2320,24.91,1,Manual_P,106.04,97.68,-1.000,-1.000,-1.000,None,What was the color of the REAR turn signal?,Amber,1.321
95,Night,0,Practice,Expected,Red,Right,80.26,71.90,0.3009,0.8685,1306.6880,0.3009,24.90,1,Manual_P,106.04,97.68,-1.000,-1.000,-1.000,None,What was the color of the REAR turn signal?,Amber,1.321
95,Night,0,Practice,Expected,Red,Right,80.38,72.02,0.3741,0.8685,1308.0340,0.3741,24.89,1,Manual_P,106.04,97.68,-1.000,-1.000,-1.000,None,What was the color of the REAR turn signal?,Amber,1.321
95,Night,0,Practice,Expected,Red,Right,80.50,72.14,0.4464,0.8685,1309.3430,0.4464,24.89,1,Manual_P,106.04,97.68,-1.000,-1.000,-1.000,None,What was the color of the REAR turn signal?,Amber,1.321
95,Night,0,Practice,Expected,Red,Right,80.61,72.25,0.5176,0.8685,1310.6220,0.5176,24.88,1,Manual_P,106.04,97.68,-1.000,-1.000,-1.000,None,What was the color of the REAR turn signal?,Amber,1.321
95,Night,0,Practice,Expected,Red,Right,80.73,72.38,0.5927,0.8685,1311.9620,0.5927,24.87,1,Manual_P,106.04,97.68,-1.000,-1.000,-1.000,None,What was the color of the REAR turn signal?,Amber,1.321
95,Night,0,Practice,Expected,Red,Right,80.85,72.49,0.6670,0.8685,1313.2830,0.6670,24.87,1,Manual_P,106.04,97.68,-1.000,-1.000,-1.000,None,What was the color of the REAR turn signal?,Amber,1.321
95,Night,0,Practice,Expected,Red,Right,80.96,72.61,0.7374,0.8685,1314.5340,0.7374,24.86,1,Manual_P,106.04,97.68,-1.000,-1.000,-1.000,None,What was the color of the REAR turn signal?,Amber,1.321
95,Night,0,Practice,Expected,Red,Right,81.08,72.72,0.8080,0.8685,1315.7860,0.8080,24.85,1,Manual_P,106.04,97.68,-1.000,-1.000,-1.000,None,What was the color of the REAR turn signal?,Amber,1.321
95,Night,0,Practice,Expected,Red,Right,81.18,72.83,0.8741,0.8685,1316.9580,0.8741,24.85,1,Manual_P,106.04,97.68,-1.000,-1.000,-1.000,None,What was the color of the REAR turn signal?,Amber,1.321
95,Night,0,Practice,Expected,Red,Right,81.30,72.94,0.9457,0.8685,1318.2280,0.9457,24.84,1,Manual_P,106.04,97.68,-1.000,-1.000,-1.000,None,What was the color of the REAR turn signal?,Amber,1.321
95,Night,0,Practice,Expected,Red,Right,81.41,73.05,1.0165,0.8685,1319.4820,1.0165,24.83,1,Manual_P,106.04,97.68,-1.000,-1.000,-1.000,None,What was the color of the REAR turn signal?,Amber,1.321
95,Night,0,Practice,Expected,Red,Right,81.53,73.17,1.0893,0.8685,1320.7730,1.0893,24.83,1,Manual_P,106.04,97.68,-1.000,-1.000,-1.000,None,What was the color of the REAR turn signal?,Amber,1.321
95,Night,0,Practice,Expected,Red,Right,81.63,73.28,1.1568,0.8685,1321.9690,1.1568,24.82,1,Manual_P,106.04,97.68,-1.000,-1.000,-1.000,None,What was the color of the REAR turn signal?,Amber,1.321
95,Night,0,Practice,Expected,Red,Right,81.74,73.38,1.2218,0.8685,1323.1220,1.2218,24.82,1,Manual_P,106.04,97.68,-1.000,-1.000,-1.000,None,What was the color of the REAR turn signal?,Amber,1.321
95,Night,0,Practice,Expected,Red,Right,81.86,73.50,1.2959,0.8685,1324.4350,1.2959,24.81,1,Manual_P,106.04,97.68,-1.000,-1.000,-1.000,None,What was the color of the REAR turn signal?,Amber,1.321
95,Night,0,Practice,Expected,Red,Right,81.96,73.60,1.3611,0.8685,1325.5910,1.3611,24.80,1,Manual_P,106.04,97.68,-1.000,-1.000,-1.000,None,What was the color of the REAR turn signal?,Amber,1.321
95,Night,0,Practice,Expected,Red,Right,82.08,73.72,1.4336,0.8685,1326.8780,1.4336,24.80,1,Manual_P,106.04,97.68,-1.000,-1.000,-1.000,None,What was the color of the REAR turn signal?,Amber,1.321
95,Night,0,Practice,Expected,Red,Right,82.19,73.84,1.5071,0.8685,1328.1810,1.5071,24.79,1,Manual_P,106.04,97.68,-1.000,-1.000,-1.000,None,What was the color of the REAR turn signal?,Amber,1.321
95,Night,0,Practice,Expected,Red,Right,82.31,73.96,1.5820,0.8703,1329.5100,1.5820,24.78,1,Manual_P,106.04,97.68,-1.000,-1.000,-1.000,None,What was the color of the REAR turn signal?,Amber,1.321
95,Night,0,Practice,Expected,Red,Right,82.42,74.07,1.6502,0.8699,1330.7210,1.6502,24.78,1,Manual_P,106.04,97.68,-1.000,-1.000,-1.000,None,What was the color of the REAR turn signal?,Amber,1.321
95,Night,0,Practice,Expected,Red,Right,82.53,74.18,1.7182,0.8687,1331.9270,1.7182,24.77,1,Manual_P,106.04,97.68,-1.000,-1.000,-1.000,None,What was the color of the REAR turn signal?,Amber,1.321
95,Night,0,Practice,Expected,Red,Right,82.65,74.29,1.7888,0.8702,1333.1790,1.7888,24.77,1,Manual_P,106.04,97.68,-1.000,-1.000,-1.000,None,What was the color of the REAR turn signal?,Amber,1.321
95,Night,0,Practice,Expected,Red,Right,82.76,74.40,1.8586,0.8696,1334.4190,1.8586,24.76,1,Manual_P,106.04,97.68,-1.000,-1.000,-1.000,None,What was the color of the REAR turn signal?,Amber,1.321
95,Night,0,Practice,Expected,Red,Right,82.88,74.52,1.9319,0.8684,1335.7200,1.9319,24.75,1,Manual_P,106.04,97.68,-1.000,-1.000,-1.000,None,What was the color of the REAR turn signal?,Amber,1.321
95,Night,0,Practice,Expected,Red,Right,83.01,74.65,2.0124,0.8681,1337.1500,2.0124,24.75,1,Manual_P,106.04,97.68,-1.000,-1.000,-1.000,None,What was the color of the REAR turn signal?,Amber,1.321
95,Night,0,Practice,Expected,Red,Right,83.12,74.77,2.0865,0.8682,1338.4670,2.0865,24.74,1,Manual_P,106.04,97.68,-1.000,-1.000,-1.000,None,What was the color of the REAR turn signal?,Amber,1.321
95,Night,0,Practice,Expected,Red,Right,83.23,74.88,2.1546,0.8684,1339.6760,2.1546,24.73,1,Manual_P,106.04,97.68,-1.000,-1.000,-1.000,None,What was the color of the REAR turn signal?,Amber,1.321
95,Night,0,Practice,Expected,Red,Right,83.37,75.01,2.2358,0.8685,1341.1200,2.2358,24.73,1,Manual_P,106.04,97.68,-1.000,-1.000,-1.000,None,What was the color of the REAR turn signal?,Amber,1.321
95,Night,0,Practice,Expected,Red,Right,83.48,75.12,2.3068,0.8685,1342.3810,2.3068,24.72,1,Manual_P,106.04,97.68,-1.000,-1.000,-1.000,None,What was the color of the REAR turn signal?,Amber,1.321
95,Night,0,Practice,Expected,Red,Right,83.62,75.26,2.3914,0.8685,1343.8850,2.3914,24.71,1,Manual_P,106.04,97.68,-1.000,-1.000,-1.000,None,What was the color of the REAR turn signal?,Amber,1.321
95,Night,0,Practice,Expected,Red,Right,83.74,75.38,2.4670,0.8685,1345.2290,2.4670,24.70,1,Manual_P,106.04,97.68,-1.000,-1.000,-1.000,None,What was the color of the REAR turn signal?,Amber,1.321
95,Night,0,Practice,Expected,Red,Right,83.85,75.50,2.5395,0.8685,1346.5180,2.5395,24.70,1,Manual_P,106.04,97.68,-1.000,-1.000,-1.000,None,What was the color of the REAR turn signal?,Amber,1.321
95,Night,0,Practice,Expected,Red,Right,83.98,75.62,2.6159,0.8685,1347.8770,2.6159,24.69,1,Manual_P,106.04,97.68,-1.000,-1.000,-1.000,None,What was the color of the REAR turn signal?,Amber,1.321
95,Night,0,Practice,Expected,Red,Right,84.08,75.73,2.6799,0.8685,1349.0150,2.6799,24.69,1,Manual_P,106.04,97.68,-1.000,-1.000,-1.000,None,What was the color of the REAR turn signal?,Amber,1.321
95,Night,0,Practice,Expected,Red,Right,84.20,75.84,2.7530,0.8685,1350.3160,2.7530,24.68,1,Manual_P,106.04,97.68,-1.000,-1.000,-1.000,None,What was the color of the REAR turn signal?,Amber,1.321
95,Night,0,Practice,Expected,Red,Right,84.33,75.97,2.8325,0.8685,1351.7300,2.8325,24.67,1,Manual_P,106.04,97.68,-1.000,-1.000,-1.000,None,What was the color of the REAR turn signal?,Amber,1.321
95,Night,0,Practice,Expected,Red,Right,84.44,76.09,2.9048,0.8685,1353.0180,2.9048,24.67,1,Manual_P,106.04,97.68,-1.000,-1.000,-1.000,None,What was the color of the REAR turn signal?,Amber,1.321
95,Night,0,Practice,Expected,Red,Right,84.57,76.21,2.9800,0.8685,1354.3570,2.9800,24.66,1,Manual_P,106.04,97.68,-1.000,-1.000,-1.000,None,What was the color of the REAR turn signal?,Amber,1.321
95,Night,0,Practice,Expected,Red,Right,84.67,76.31,3.0427,0.8685,1355.4730,3.0427,24.65,1,Manual_P,106.04,97.68,-1.000,-1.000,-1.000,None,What was the color of the REAR turn signal?,Amber,1.321
95,Night,0,Practice,Expected,Red,Right,84.80,76.44,3.1217,0.8685,1356.8800,3.1217,24.65,1,Manual_P,106.04,97.68,-1.000,-1.000,-1.000,None,What was the color of the REAR turn signal?,Amber,1.321
95,Night,0,Practice,Expected,Red,Right,84.93,76.57,3.2037,0.8685,1358.3390,3.2037,24.64,1,Manual_P,106.04,97.68,-1.000,-1.000,-1.000,None,What was the color of the REAR turn signal?,Amber,1.321
95,Night,0,Practice,Expected,Red,Right,85.05,76.69,3.2767,0.8685,1359.6400,3.2767,24.63,1,Manual_P,106.04,97.68,-1.000,-1.000,-1.000,None,What was the color of the REAR turn signal?,Amber,1.321
95,Night,0,Practice,Expected,Red,Right,85.18,76.82,3.3594,0.8685,1361.1130,3.3594,24.62,1,Manual_P,106.04,97.68,-1.000,-1.000,-1.000,None,What was the color of the REAR turn signal?,Amber,1.321
95,Night,0,Practice,Expected,Red,Right,85.28,76.93,3.4221,0.8685,1362.2310,3.4221,24.62,1,Manual_P,106.04,97.68,-1.000,-1.000,-1.000,None,What was the color of the REAR turn signal?,Amber,1.321
95,Night,0,Practice,Expected,Red,Right,85.41,77.05,3.4981,0.8685,1363.5850,3.4981,24.61,1,Manual_P,106.04,97.68,-1.000,-1.000,-1.000,None,What was the color of the REAR turn signal?,Amber,1.321
95,Night,0,Practice,Expected,Red,Right,85.53,77.17,3.5726,0.8685,1364.9140,3.5726,24.61,1,Manual_P,106.04,97.68,-1.000,-1.000,-1.000,None,What was the color of the REAR turn signal?,Amber,1.321
95,Night,0,Practice,Expected,Red,Right,85.64,77.29,3.6441,0.8685,1366.1880,3.6441,24.60,1,Manual_P,106.04,97.68,-1.000,-1.000,-1.000,None,What was the color of the REAR turn signal?,Amber,1.321
95,Night,0,Practice,Expected,Red,Right,85.75,77.39,3.7080,0.8685,1367.3280,3.7080,24.59,1,Manual_P,106.04,97.68,-1.000,-1.000,-1.000,None,What was the color of the REAR turn signal?,Amber,1.321
95,Night,0,Practice,Expected,Red,Right,85.87,77.52,3.7870,0.8710,1368.7350,3.7870,24.59,1,Manual_P,106.04,97.68,-1.000,-1.000,-1.000,None,What was the color of the REAR turn signal?,Amber,1.321
95,Night,0,Practice,Expected,Red,Right,86.00,77.65,3.8654,0.8693,1370.1350,3.8654,24.58,1,Manual_P,106.04,97.68,-1.000,-1.000,-1.000,None,What was the color of the REAR turn signal?,Amber,1.321
95,Night,0,Practice,Expected,Red,Right,86.14,77.79,3.9514,0.8696,1371.6680,3.9514,24.57,1,Manual_P,106.04,97.68,-1.000,-1.000,-1.000,None,What was the color of the REAR turn signal?,Amber,1.321
95,Night,0,Practice,Expected,Red,Right,86.27,77.92,4.0307,0.8699,1373.0840,4.0307,24.56,1,Manual_P,106.04,97.68,-1.000,-1.000,-1.000,None,What was the color of the REAR turn signal?,Amber,1.321
95,Night,0,Practice,Expected,Red,Right,86.39,78.04,4.1047,0.8686,1374.4040,4.1047,24.56,1,Manual_P,106.04,97.68,-1.000,-1.000,-1.000,None,What was the color of the REAR turn signal?,Amber,1.321
95,Night,0,Practice,Expected,Red,Right,86.53,78.17,4.1844,0.8681,1375.8660,4.1844,24.54,1,Manual_P,106.04,97.68,-1.000,-1.000,-1.000,None,What was the color of the REAR turn signal?,Amber,1.321
95,Night,0,Practice,Expected,Red,Right,86.64,78.29,4.2285,0.8682,1377.1590,4.2285,24.49,1,Manual_P,106.04,97.68,-1.000,-1.000,-1.000,None,What was the color of the REAR turn signal?,Amber,1.321
95,Night,0,Practice,Expected,Red,Right,86.77,78.41,4.2472,0.8684,1378.5420,4.2472,24.47,1,Manual_P,106.04,97.68,-1.000,-1.000,-1.000,None,What was the color of the REAR turn signal?,Amber,1.321
95,Night,0,Practice,Expected,Red,Right,86.88,78.53,4.2587,0.8685,1379.7720,4.2587,24.46,1,Manual_P,106.04,97.68,-1.000,-1.000,-1.000,None,What was the color of the REAR turn signal?,Amber,1.321
95,Night,0,Practice,Expected,Red,Right,86.98,78.63,4.2477,0.8685,1380.8830,4.2477,24.44,1,Manual_P,106.04,97.68,-1.000,-1.000,-1.000,None,What was the color of the REAR turn signal?,Amber,1.321
95,Night,0,Practice,Expected,Red,Right,87.11,78.75,4.2236,0.8684,1382.2300,4.2236,24.43,1,Manual_P,106.04,97.68,-1.000,-1.000,-1.000,None,What was the color of the REAR turn signal?,Amber,1.321
95,Night,0,Practice,Expected,Red,Right,87.22,78.86,4.1975,0.8684,1383.4280,4.1975,24.42,1,Manual_P,106.04,97.68,-1.000,-1.000,-1.000,None,What was the color of the REAR turn signal?,Amber,1.321
95,Night,0,Practice,Expected,Red,Right,87.32,78.96,4.1678,0.8684,1384.5620,4.1678,24.42,1,Manual_P,106.04,97.68,-1.000,-1.000,-1.000,None,What was the color of the REAR turn signal?,Amber,1.321
95,Night,0,Practice,Expected,Red,Right,87.43,79.08,4.1314,0.8684,1385.7800,4.1314,24.41,1,Manual_P,106.04,97.68,-1.000,-1.000,-1.000,None,What was the color of the REAR turn signal?,Amber,1.321
95,Night,0,Practice,Expected,Red,Right,87.53,79.18,4.0953,0.8684,1386.8870,4.0953,24.36,1,Manual_P,106.04,97.68,-1.000,-1.000,-1.000,None,What was the color of the REAR turn signal?,Amber,1.321
95,Night,0,Practice,Expected,Red,Right,87.66,79.30,4.0485,0.8684,1388.2450,4.0485,24.21,1,Manual_P,106.04,97.68,-1.000,-1.000,-1.000,None,What was the color of the REAR turn signal?,Amber,1.321
95,Night,0,Practice,Expected,Red,Right,87.76,79.40,4.0089,0.8684,1389.3370,4.0089,24.19,1,Manual_P,106.04,97.68,-1.000,-1.000,-1.000,None,What was the color of the REAR turn signal?,Amber,1.321
95,Night,0,Practice,Expected,Red,Right,87.89,79.53,3.9354,0.8684,1390.7310,3.9354,24.14,1,Manual_P,106.04,97.68,-1.000,-1.000,-1.000,None,What was the color of the REAR turn signal?,Amber,1.321
95,Night,0,Practice,Expected,Red,Right,88.02,79.67,3.8366,0.8684,1392.1520,3.8366,24.13,1,Manual_P,106.04,97.68,-1.000,-1.000,-1.000,None,What was the color of the REAR turn signal?,Amber,1.321
95,Night,0,Practice,Expected,Red,Right,88.12,79.77,3.7604,0.8683,1393.2580,3.7604,24.12,1,Manual_P,106.04,97.68,-1.000,-1.000,-1.000,None,What was the color of the REAR turn signal?,Amber,1.321
95,Night,0,Practice,Expected,Red,Right,88.26,79.90,3.6813,0.8683,1394.6810,3.6813,24.08,1,Manual_P,106.04,97.68,-1.000,-1.000,-1.000,None,What was the color of the REAR turn signal?,Amber,1.321
95,Night,0,Practice,Expected,Red,Right,88.38,80.02,3.6256,0.8684,1395.9780,3.6256,24.07,1,Manual_P,106.04,97.68,-1.000,-1.000,-1.000,None,What was the color of the REAR turn signal?,Amber,1.321
95,Night,0,Practice,Expected,Red,Right,88.50,80.15,3.5498,0.8684,1397.3480,3.5498,24.04,1,Manual_P,106.04,97.68,-1.000,-1.000,-1.000,None,What was the color of the REAR turn signal?,Amber,1.321
95,Night,0,Practice,Expected,Red,Right,88.63,80.28,3.4619,0.8684,1398.7440,3.4619,24.03,1,Manual_P,106.04,97.68,-1.000,-1.000,-1.000,None,What was the color of the REAR turn signal?,Amber,1.321
95,Night,0,Practice,Expected,Red,Right,88.76,80.40,3.3669,0.8684,1400.0430,3.3669,24.00,1,Manual_P,106.04,97.68,-1.000,-1.000,-1.000,None,What was the color of the REAR turn signal?,Amber,1.321
95,Night,0,Practice,Expected,Red,Right,88.88,80.53,3.2504,0.8683,1401.3960,3.2504,23.99,1,Manual_P,106.04,97.68,-1.000,-1.000,-1.000,None,What was the color of the REAR turn signal?,Amber,1.321
95,Night,0,Practice,Expected,Red,Right,88.98,80.63,3.1604,0.8683,1402.4690,3.1604,23.98,1,Manual_P,106.04,97.68,-1.000,-1.000,-1.000,None,What was the color of the REAR turn signal?,Amber,1.321
95,Night,0,Practice,Expected,Red,Right,89.09,80.73,3.0792,0.8683,1403.6110,3.0792,23.95,1,Manual_P,106.04,97.68,-1.000,-1.000,-1.000,None,What was the color of the REAR turn signal?,Amber,1.321
95,Night,0,Practice,Expected,Red,Right,89.23,80.88,2.9685,0.8683,1405.1300,2.9685,23.95,1,Manual_P,106.04,97.68,-1.000,-1.000,-1.000,None,What was the color of the REAR turn signal?,Amber,1.321
95,Night,0,Practice,Expected,Red,Right,89.34,80.98,2.8805,0.8683,1406.2660,2.8805,23.93,1,Manual_P,106.04,97.68,-1.000,-1.000,-1.000,None,What was the color of the REAR turn signal?,Amber,1.321
95,Night,0,Practice,Expected,Red,Right,89.46,81.10,2.7644,0.8683,1407.5230,2.7644,23.91,1,Manual_P,106.04,97.68,-1.000,-1.000,-1.000,None,What was the color of the REAR turn signal?,Amber,1.321
95,Night,0,Practice,Expected,Red,Right,89.58,81.23,2.6383,0.8683,1408.8820,2.6383,23.90,1,Manual_P,106.04,97.68,-1.000,-1.000,-1.000,None,What was the color of the REAR turn signal?,Amber,1.321
95,Night,0,Practice,Expected,Red,Right,89.68,81.33,2.5493,0.8683,1409.9500,2.5493,23.88,1,Manual_P,106.04,97.68,-1.000,-1.000,-1.000,None,What was the color of the REAR turn signal?,Amber,1.321
95,Night,0,Practice,Expected,Red,Right,89.81,81.46,2.4446,0.8683,1411.3030,2.4446,23.87,1,Manual_P,106.04,97.68,-1.000,-1.000,-1.000,None,What was the color of the REAR turn signal?,Amber,1.321
95,Night,0,Practice,Expected,Red,Right,89.94,81.58,2.3272,0.8683,1412.6300,2.3272,23.84,1,Manual_P,106.04,97.68,-1.000,-1.000,-1.000,None,What was the color of the REAR turn signal?,Amber,1.321
95,Night,0,Practice,Expected,Red,Right,90.07,81.71,2.1917,0.8683,1414.0290,2.1917,23.84,1,Manual_P,106.04,97.68,-1.000,-1.000,-1.000,None,What was the color of the REAR turn signal?,Amber,1.321
95,Night,0,Practice,Expected,Red,Right,90.17,81.82,2.0898,0.8683,1415.1220,2.0898,23.82,1,Manual_P,106.04,97.68,-1.000,-1.000,-1.000,None,What was the color of the REAR turn signal?,Amber,1.321
95,Night,0,Practice,Expected,Red,Right,90.30,81.95,1.9797,0.8683,1416.5200,1.9797,23.80,1,Manual_P,106.04,97.68,-1.000,-1.000,-1.000,None,What was the color of the REAR turn signal?,Amber,1.321
95,Night,0,Practice,Expected,Red,Right,90.43,82.08,1.8651,0.8683,1417.9010,1.8651,23.78,1,Manual_P,106.04,97.68,-1.000,-1.000,-1.000,None,What was the color of the REAR turn signal?,Amber,1.321
95,Night,0,Practice,Expected,Red,Right,90.56,82.20,1.7377,0.8700,1419.2260,1.7377,23.77,1,Manual_P,106.04,97.68,-1.000,-1.000,-1.000,None,What was the color of the REAR turn signal?,Amber,1.321
95,Night,0,Practice,Expected,Red,Right,90.68,82.33,1.6167,0.8710,1420.5380,1.6167,23.76,1,Manual_P,106.04,97.68,-1.000,-1.000,-1.000,None,What was the color of the REAR turn signal?,Amber,1.321
95,Night,0,Practice,Expected,Red,Right,90.82,82.46,1.5037,0.8687,1421.9790,1.5037,23.73,1,Manual_P,106.04,97.68,-1.000,-1.000,-1.000,None,What was the color of the REAR turn signal?,Amber,1.321
95,Night,0,Practice,Expected,Red,Right,90.94,82.59,1.3879,0.8703,1423.2870,1.3879,23.69,1,Manual_P,106.04,97.68,-1.000,-1.000,-1.000,None,What was the color of the REAR turn signal?,Amber,1.321
95,Night,0,Practice,Expected,Red,Right,91.07,82.71,1.2460,0.8702,1424.6110,1.2460,23.68,1,Manual_P,106.04,97.68,-1.000,-1.000,-1.000,None,What was the color of the REAR turn signal?,Amber,1.321
95,Night,0,Practice,Expected,Red,Right,91.18,82.82,1.1216,0.8685,1425.7290,1.1216,23.66,1,Manual_P,106.04,97.68,-1.000,-1.000,-1.000,None,What was the color of the REAR turn signal?,Amber,1.321
95,Night,0,Practice,Expected,Red,Right,91.28,82.93,0.9821,0.8678,1426.8680,0.9821,23.65,1,Manual_P,106.04,97.68,-1.000,-1.000,-1.000,None,What was the color of the REAR turn signal?,Amber,1.321
95,Night,0,Practice,Expected,Red,Right,91.40,83.04,0.8332,0.8678,1428.0730,0.8332,23.65,1,Manual_P,106.04,97.68,-1.000,-1.000,-1.000,None,What was the color of the REAR turn signal?,Amber,1.321
95,Night,0,Practice,Expected,Red,Right,91.52,83.17,0.6659,0.8681,1429.3950,0.6659,23.64,1,Manual_P,106.04,97.68,-1.000,-1.000,-1.000,None,What was the color of the REAR turn signal?,Amber,1.321
95,Night,0,Practice,Expected,Red,Right,91.65,83.30,0.4943,0.8683,1430.7580,0.4943,23.62,1,Manual_P,106.04,97.68,-1.000,-1.000,-1.000,None,What was the color of the REAR turn signal?,Amber,1.321
95,Night,0,Practice,Expected,Red,Right,91.78,83.43,0.3386,0.8684,1432.1160,0.3386,23.61,1,Manual_P,106.04,97.68,-1.000,-1.000,-1.000,None,What was the color of the REAR turn signal?,Amber,1.321
95,Night,0,Practice,Expected,Red,Right,91.89,83.53,0.2246,0.8683,1433.1870,0.2246,23.59,1,Manual_P,106.04,97.68,-1.000,-1.000,-1.000,None,What was the color of the REAR turn signal?,Amber,1.321
95,Night,0,Practice,Expected,Red,Right,92.01,83.66,0.0959,0.8683,1434.5050,0.0959,23.58,1,Manual_P,106.04,97.68,-1.000,-1.000,-1.000,None,What was the color of the REAR turn signal?,Amber,1.321
95,Night,0,Practice,Expected,Red,Right,92.12,83.76,-0.0078,0.8683,1435.6350,-0.0078,23.57,1,Manual_P,106.04,97.68,-1.000,-1.000,-1.000,None,What was the color of the REAR turn signal?,Amber,1.321
95,Night,0,Practice,Expected,Red,Right,92.24,83.89,-0.1197,0.8683,1436.9300,-0.1197,23.56,1,Manual_P,106.04,97.68,-1.000,-1.000,-1.000,None,What was the color of the REAR turn signal?,Amber,1.321
95,Night,0,Practice,Expected,Red,Right,92.35,83.99,-0.2061,0.8684,1438.0280,-0.2061,23.55,1,Manual_P,106.04,97.68,-1.000,-1.000,-1.000,None,What was the color of the REAR turn signal?,Amber,1.321
95,Night,0,Practice,Expected,Red,Right,92.48,84.12,-0.3043,0.8684,1439.3720,-0.3043,23.54,1,Manual_P,106.04,97.68,-1.000,-1.000,-1.000,None,What was the color of the REAR turn signal?,Amber,1.321
95,Night,0,Practice,Expected,Red,Right,92.58,84.22,-0.3798,0.8684,1440.4320,-0.3798,23.54,1,Manual_P,106.04,97.68,-1.000,-1.000,-1.000,None,What was the color of the REAR turn signal?,Amber,1.321
95,Night,0,Practice,Expected,Red,Right,92.70,84.34,-0.4680,0.8684,1441.7070,-0.4680,23.53,1,Manual_P,106.04,97.68,-1.000,-1.000,-1.000,None,What was the color of the REAR turn signal?,Amber,1.321
95,Night,0,Practice,Expected,Red,Right,92.83,84.48,-0.5612,0.8684,1443.1400,-0.5612,23.52,1,Manual_P,106.04,97.68,-1.000,-1.000,-1.000,None,What was the color of the REAR turn signal?,Amber,1.321
95,Night,0,Practice,Expected,Red,Right,92.94,84.58,-0.6132,0.8684,1444.1960,-0.6132,23.50,1,Manual_P,106.04,97.68,-1.000,-1.000,-1.000,None,What was the color of the REAR turn signal?,Amber,1.321
95,Night,0,Practice,Expected,Red,Right,93.07,84.71,-0.6776,0.8684,1445.5980,-0.6776,23.49,1,Manual_P,106.04,97.68,-1.000,-1.000,-1.000,None,What was the color of the REAR turn signal?,Amber,1.321
95,Night,0,Practice,Expected,Red,Right,93.18,84.82,-0.7287,0.8684,1446.7390,-0.7287,23.48,1,Manual_P,106.04,97.68,-1.000,-1.000,-1.000,None,What was the color of the REAR turn signal?,Amber,1.321
95,Night,0,Practice,Expected,Red,Right,93.30,84.94,-0.7691,0.8684,1447.9830,-0.7691,23.46,1,Manual_P,106.04,97.68,-1.000,-1.000,-1.000,None,What was the color of the REAR turn signal?,Amber,1.321
95,Night,0,Practice,Expected,Red,Right,93.43,85.07,-0.8098,0.8684,1449.3510,-0.8098,23.46,1,Manual_P,106.04,97.68,-1.000,-1.000,-1.000,None,What was the color of the REAR turn signal?,Amber,1.321
95,Night,0,Practice,Expected,Red,Right,93.53,85.17,-0.8329,0.8684,1450.4110,-0.8329,23.44,1,Manual_P,106.04,97.68,-1.000,-1.000,-1.000,None,What was the color of the REAR turn signal?,Amber,1.321
95,Night,0,Practice,Expected,Red,Right,93.64,85.28,-0.8422,0.8684,1451.5330,-0.8422,23.43,1,Manual_P,106.04,97.68,-1.000,-1.000,-1.000,None,What was the color of the REAR turn signal?,Amber,1.321
95,Night,0,Practice,Expected,Red,Right,93.74,85.38,-0.8568,0.8685,1452.5990,-0.8568,23.40,1,Manual_P,106.04,97.68,-1.000,-1.000,-1.000,None,What was the color of the REAR turn signal?,Amber,1.321
95,Night,0,Practice,Expected,Red,Right,93.84,85.49,-0.8861,0.8685,1453.6980,-0.8861,23.39,1,Manual_P,106.04,97.68,-1.000,-1.000,-1.000,None,What was the color of the REAR turn signal?,Amber,1.321
95,Night,0,Practice,Expected,Red,Right,93.97,85.62,-0.9134,0.8684,1455.0500,-0.9134,23.37,1,Manual_P,106.04,97.68,-1.000,-1.000,-1.000,None,What was the color of the REAR turn signal?,Amber,1.321
95,Night,0,Practice,Expected,Red,Right,94.07,85.72,-0.9283,0.8684,1456.1110,-0.9283,23.37,1,Manual_P,106.04,97.68,-1.000,-1.000,-1.000,None,What was the color of the REAR turn signal?,Amber,1.321
95,Night,0,Practice,Expected,Red,Right,94.19,85.84,-0.9518,0.8684,1457.3620,-0.9518,23.35,1,Manual_P,106.04,97.68,-1.000,-1.000,-1.000,None,What was the color of the REAR turn signal?,Amber,1.321
95,Night,0,Practice,Expected,Red,Right,94.31,85.95,-0.9845,0.8684,1458.5460,-0.9845,23.34,1,Manual_P,106.04,97.68,-1.000,-1.000,-1.000,None,What was the color of the REAR turn signal?,Amber,1.321
95,Night,0,Practice,Expected,Red,Right,94.43,86.08,-1.0081,0.8684,1459.8710,-1.0081,23.31,1,Manual_P,106.04,97.68,-1.000,-1.000,-1.000,None,What was the color of the REAR turn signal?,Amber,1.321
95,Night,0,Practice,Expected,Red,Right,94.56,86.21,-1.0060,0.8684,1461.2420,-1.0060,23.29,1,Manual_P,106.04,97.68,-1.000,-1.000,-1.000,None,What was the color of the REAR turn signal?,Amber,1.321
95,Night,0,Practice,Expected,Red,Right,94.69,86.33,-1.0055,0.8685,1462.5540,-1.0055,23.28,1,Manual_P,106.04,97.68,-1.000,-1.000,-1.000,None,What was the color of the REAR turn signal?,Amber,1.321
95,Night,0,Practice,Expected,Red,Right,94.79,86.44,-0.9978,0.8685,1463.6050,-0.9978,23.26,1,Manual_P,106.04,97.68,-1.000,-1.000,-1.000,None,What was the color of the REAR turn signal?,Amber,1.321
95,Night,0,Practice,Expected,Red,Right,94.91,86.56,-0.9715,0.8685,1464.8550,-0.9715,23.25,1,Manual_P,106.04,97.68,-1.000,-1.000,-1.000,None,What was the color of the REAR turn signal?,Amber,1.321
95,Night,0,Practice,Expected,Red,Right,95.03,86.67,-0.9450,0.8685,1466.0820,-0.9450,23.25,1,Manual_P,106.04,97.68,-1.000,-1.000,-1.000,None,What was the color of the REAR turn signal?,Amber,1.321
95,Night,0,Practice,Expected,Red,Right,95.14,86.78,-0.9362,0.8685,1467.2300,-0.9362,23.20,1,Manual_P,106.04,97.68,-1.000,-1.000,-1.000,None,What was the color of the REAR turn signal?,Amber,1.321
95,Night,0,Practice,Expected,Red,Right,95.28,86.92,-0.9574,0.8685,1468.6730,-0.9574,23.17,1,Manual_P,106.04,97.68,-1.000,-1.000,-1.000,None,What was the color of the REAR turn signal?,Amber,1.321
95,Night,0,Practice,Expected,Red,Right,95.38,87.03,-1.0013,0.8684,1469.7160,-1.0013,23.10,1,Manual_P,106.04,97.68,-1.000,-1.000,-1.000,None,What was the color of the REAR turn signal?,Amber,1.321
95,Night,0,Practice,Expected,Red,Right,95.50,87.15,-1.0914,0.8684,1470.9750,-1.0914,23.08,1,Manual_P,106.04,97.68,-1.000,-1.000,-1.000,None,What was the color of the REAR turn signal?,Amber,1.321
95,Night,0,Practice,Expected,Red,Right,95.63,87.27,-1.1760,0.8683,1472.2310,-1.1760,23.05,1,Manual_P,106.04,97.68,-1.000,-1.000,-1.000,None,What was the color of the REAR turn signal?,Amber,1.321
95,Night,0,Practice,Expected,Red,Right,95.74,87.39,-1.2479,0.8683,1473.4340,-1.2479,23.03,1,Manual_P,106.04,97.68,-1.000,-1.000,-1.000,None,What was the color of the REAR turn signal?,Amber,1.321
95,Night,0,Practice,Expected,Red,Right,95.87,87.52,-1.3288,0.8684,1474.7880,-1.3288,23.02,1,Manual_P,106.04,97.68,-1.000,-1.000,-1.000,None,What was the color of the REAR turn signal?,Amber,1.321
95,Night,0,Practice,Expected,Red,Right,95.98,87.62,-1.3880,0.8684,1475.8260,-1.3880,23.01,1,Manual_P,106.04,97.68,-1.000,-1.000,-1.000,None,What was the color of the REAR turn signal?,Amber,1.321
95,Night,0,Practice,Expected,Red,Right,96.10,87.75,-1.4576,0.8702,1477.1460,-1.4576,23.00,1,Manual_P,106.04,97.68,-1.000,-1.000,-1.000,None,What was the color of the REAR turn signal?,Amber,1.321
95,Night,0,Practice,Expected,Red,Right,96.21,87.85,-1.5088,0.8692,1478.2170,-1.5088,22.99,1,Manual_P,106.04,97.68,-1.000,-1.000,-1.000,None,What was the color of the REAR turn signal?,Amber,1.321
95,Night,0,Practice,Expected,Red,Right,96.32,87.96,-1.5623,0.8684,1479.3440,-1.5623,22.99,1,Manual_P,106.04,97.68,-1.000,-1.000,-1.000,None,What was the color of the REAR turn signal?,Amber,1.321
95,Night,0,Practice,Expected,Red,Right,96.42,88.06,-1.6104,0.8691,1480.3970,-1.6104,22.98,1,Manual_P,106.04,97.68,-1.000,-1.000,-1.000,None,What was the color of the REAR turn signal?,Amber,1.321
95,Night,0,Practice,Expected,Red,Right,96.54,88.18,-1.6639,0.8691,1481.6120,-1.6639,22.97,1,Manual_P,106.04,97.68,-1.000,-1.000,-1.000,None,What was the color of the REAR turn signal?,Amber,1.321
95,Night,0,Practice,Expected,Red,Right,96.66,88.31,-1.7172,0.8684,1482.8650,-1.7172,22.97,1,Manual_P,106.04,97.68,-1.000,-1.000,-1.000,None,What was the color of the REAR turn signal?,Amber,1.321
95,Night,0,Practice,Expected,Red,Right,96.78,88.43,-1.7649,0.8682,1484.1260,-1.7649,22.95,1,Manual_P,106.04,97.68,-1.000,-1.000,-1.000,None,What was the color of the REAR turn signal?,Amber,1.321
95,Night,0,Practice,Expected,Red,Right,96.88,88.53,-1.7913,0.8683,1485.1530,-1.7913,22.94,1,Manual_P,106.04,97.68,-1.000,-1.000,-1.000,None,What was the color of the REAR turn signal?,Amber,1.321
95,Night,0,Practice,Expected,Red,Right,97.02,88.66,-1.8277,0.8684,1486.5220,-1.8277,22.93,1,Manual_P,106.04,97.68,-1.000,-1.000,-1.000,None,What was the color of the REAR turn signal?,Amber,1.321
95,Night,0,Practice,Expected,Red,Right,97.12,88.77,-1.8561,0.8685,1487.6200,-1.8561,22.93,1,Manual_P,106.04,97.68,-1.000,-1.000,-1.000,None,What was the color of the REAR turn signal?,Amber,1.321
95,Night,0,Practice,Expected,Red,Right,97.24,88.88,-1.8849,0.8685,1488.8020,-1.8849,22.92,1,Manual_P,106.04,97.68,-1.000,-1.000,-1.000,None,What was the color of the REAR turn signal?,Amber,1.321
95,Night,0,Practice,Expected,Red,Right,97.34,88.99,-1.9071,0.8685,1489.8720,-1.9071,22.91,1,Manual_P,106.04,97.68,-1.000,-1.000,-1.000,None,What was the color of the REAR turn signal?,Amber,1.321
95,Night,0,Practice,Expected,Red,Right,97.45,89.09,-1.9127,0.8685,1490.9550,-1.9127,22.89,1,Manual_P,106.04,97.68,-1.000,-1.000,-1.000,None,What was the color of the REAR turn signal?,Amber,1.321
95,Night,0,Practice,Expected,Red,Right,97.55,89.20,-1.9148,0.8685,1492.0110,-1.9148,22.88,1,Manual_P,106.04,97.68,-1.000,-1.000,-1.000,None,What was the color of the REAR turn signal?,Amber,1.321
95,Night,0,Practice,Expected,Red,Right,97.69,89.33,-1.9177,0.8685,1493.3970,-1.9177,22.88,1,Manual_P,106.04,97.68,-1.000,-1.000,-1.000,None,What was the color of the REAR turn signal?,Amber,1.321
95,Night,0,Practice,Expected,Red,Right,97.80,89.44,-1.9178,0.8685,1494.5090,-1.9178,22.96,1,Manual_P,106.04,97.68,-1.000,-1.000,-1.000,None,What was the color of the REAR turn signal?,Amber,1.321
95,Night,0,Practice,Expected,Red,Right,97.92,89.56,-1.9157,0.8685,1495.7740,-1.9157,23.39,1,Manual_P,106.04,97.68,-1.000,-1.000,-1.000,None,What was the color of the REAR turn signal?,Amber,1.321
95,Night,0,Practice,Expected,Red,Right,98.04,89.68,-1.9118,0.8685,1497.0170,-1.9118,24.06,1,Manual_P,106.04,97.68,-1.000,-1.000,-1.000,None,What was the color of the REAR turn signal?,Amber,1.321
95,Night,0,Practice,Expected,Red,Right,98.16,89.81,-1.8963,0.8685,1498.4090,-1.8963,24.82,1,Manual_P,106.04,97.68,-1.000,-1.000,-1.000,None,What was the color of the REAR turn signal?,Amber,1.321
95,Night,0,Practice,Expected,Red,Right,98.28,89.92,-1.8694,0.8685,1499.7110,-1.8694,25.59,1,Manual_P,106.04,97.68,-1.000,-1.000,-1.000,None,What was the color of the REAR turn signal?,Amber,1.321
95,Night,0,Practice,Expected,Red,Right,98.39,90.03,-1.8439,0.8685,1500.9630,-1.8439,26.37,1,Manual_P,106.04,97.68,-1.000,-1.000,-1.000,None,What was the color of the REAR turn signal?,Amber,1.321
95,Night,0,Practice,Expected,Red,Right,98.50,90.14,-1.8148,0.8685,1502.2890,-1.8148,27.04,1,Manual_P,106.04,97.68,-1.000,-1.000,-1.000,None,What was the color of the REAR turn signal?,Amber,1.321
95,Night,0,Practice,Expected,Red,Right,98.62,90.26,-1.7795,0.8685,1503.7630,-1.7795,27.93,1,Manual_P,106.04,97.68,-1.000,-1.000,-1.000,None,What was the color of the REAR turn signal?,Amber,1.321
95,Night,0,Practice,Expected,Red,Right,98.73,90.37,-1.7447,0.8685,1505.1240,-1.7447,28.59,1,Manual_P,106.04,97.68,-1.000,-1.000,-1.000,None,What was the color of the REAR turn signal?,Amber,1.321
95,Night,0,Practice,Expected,Red,Right,98.83,90.48,-1.7082,0.8685,1506.4940,-1.7082,29.26,1,Manual_P,106.04,97.68,-1.000,-1.000,-1.000,None,What was the color of the REAR turn signal?,Amber,1.321
95,Night,0,Practice,Expected,Red,Right,98.96,90.60,-1.6633,0.8685,1508.1230,-1.6633,30.15,1,Manual_P,106.04,97.68,-1.000,-1.000,-1.000,None,What was the color of the REAR turn signal?,Amber,1.321
95,Night,0,Practice,Expected,Red,Right,99.07,90.71,-1.6198,0.8704,1509.6670,-1.6198,30.92,1,Manual_P,106.04,97.68,-1.000,-1.000,-1.000,None,What was the color of the REAR turn signal?,Amber,1.321
95,Night,0,Practice,Expected,Red,Right,99.18,90.83,-1.5741,0.8716,1511.2650,-1.5741,31.59,1,Manual_P,106.04,97.68,-1.000,-1.000,-1.000,None,What was the color of the REAR turn signal?,Amber,1.321
95,Night,0,Practice,Expected,Red,Right,99.30,90.94,-1.5268,0.8720,1512.9050,-1.5268,32.36,1,Manual_P,106.04,97.68,-1.000,-1.000,-1.000,None,What was the color of the REAR turn signal?,Amber,1.321
95,Night,0,Practice,Expected,Red,Right,99.40,91.05,-1.4814,0.8715,1514.4690,-1.4814,33.14,1,Manual_P,106.04,97.68,-1.000,-1.000,-1.000,None,What was the color of the REAR turn signal?,Amber,1.321
95,Night,0,Practice,Expected,Red,Right,99.53,91.18,-1.4249,0.8702,1516.4080,-1.4249,34.02,1,Manual_P,106.04,97.68,-1.000,-1.000,-1.000,None,What was the color of the REAR turn signal?,Amber,1.321
95,Night,0,Practice,Expected,Red,Right,99.64,91.29,-1.3761,0.8682,1518.0780,-1.3761,34.69,1,Manual_P,106.04,97.68,-1.000,-1.000,-1.000,None,What was the color of the REAR turn signal?,Amber,1.321
95,Night,0,Practice,Expected,Red,Right,99.76,91.40,-1.3236,0.8677,1519.8760,-1.3236,35.47,1,Manual_P,106.04,97.68,-1.000,-1.000,-1.000,None,What was the color of the REAR turn signal?,Amber,1.321
95,Night,0,Practice,Expected,Red,Right,99.86,91.50,-1.2770,0.8679,1521.4770,-1.2770,36.13,1,Manual_P,106.04,97.68,-1.000,-1.000,-1.000,None,What was the color of the REAR turn signal?,Amber,1.321
95,Night,0,Practice,Expected,Red,Right,99.97,91.62,-1.2217,0.8683,1523.3750,-1.2217,36.91,1,Manual_P,106.04,97.68,-1.000,-1.000,-1.000,None,What was the color of the REAR turn signal?,Amber,1.321
95,Night,0,Practice,Expected,Red,Right,100.08,91.73,-1.1696,0.8686,1525.1630,-1.1696,37.57,1,Manual_P,106.04,97.68,-1.000,-1.000,-1.000,None,What was the color of the REAR turn signal?,Amber,1.321
95,Night,0,Practice,Expected,Red,Right,100.19,91.83,-1.1158,0.8686,1527.0170,-1.1158,38.35,1,Manual_P,106.04,97.68,-1.000,-1.000,-1.000,None,What was the color of the REAR turn signal?,Amber,1.321
95,Night,0,Practice,Expected,Red,Right,100.31,91.95,-1.0556,0.8686,1529.0900,-1.0556,39.12,1,Manual_P,106.04,97.68,-1.000,-1.000,-1.000,None,What was the color of the REAR turn signal?,Amber,1.321
95,Night,0,Practice,Expected,Red,Right,100.42,92.06,-0.9996,0.8685,1531.0210,-0.9996,39.89,1,Manual_P,106.04,97.68,-1.000,-1.000,-1.000,None,What was the color of the REAR turn signal?,Amber,1.321
95,Night,0,Practice,Expected,Red,Right,100.53,92.18,-0.9413,0.8685,1533.0320,-0.9413,40.56,1,Manual_P,106.04,97.68,-1.000,-1.000,-1.000,None,What was the color of the REAR turn signal?,Amber,1.321
95,Night,0,Practice,Expected,Red,Right,100.66,92.30,-0.8759,0.8685,1535.2960,-0.8759,41.44,1,Manual_P,106.04,97.68,-1.000,-1.000,-1.000,None,What was the color of the REAR turn signal?,Amber,1.321
95,Night,0,Practice,Expected,Red,Right,100.78,92.42,-0.8080,0.8685,1537.6450,-0.8080,42.18,1,Manual_P,106.04,97.68,-1.000,-1.000,-1.000,None,What was the color of the REAR turn signal?,Amber,1.321
95,Night,0,Practice,Expected,Red,Right,100.89,92.54,-0.7474,0.8685,1539.7470,-0.7474,42.69,1,Manual_P,106.04,97.68,-1.000,-1.000,-1.000,None,What was the color of the REAR turn signal?,Amber,1.321
95,Night,0,Practice,Expected,Red,Right,101.02,92.66,-0.6800,0.8685,1542.1540,-0.6800,42.94,1,Manual_P,106.04,97.68,-1.000,-1.000,-1.000,None,What was the color of the REAR turn signal?,Amber,1.321
95,Night,0,Practice,Expected,Red,Right,101.13,92.78,-0.6429,0.8685,1544.3980,-0.6429,42.93,1,Manual_P,106.04,97.68,-1.000,-1.000,-1.000,None,What was the color of the REAR turn signal?,Amber,1.321
95,Night,0,Practice,Expected,Red,Right,101.24,92.88,-0.6277,0.8685,1546.3310,-0.6277,42.92,1,Manual_P,106.04,97.68,-1.000,-1.000,-1.000,None,What was the color of the REAR turn signal?,Amber,1.321
95,Night,0,Practice,Expected,Red,Right,101.35,92.99,-0.6187,0.8685,1548.4780,-0.6187,42.91,1,Manual_P,106.04,97.68,-1.000,-1.000,-1.000,None,What was the color of the REAR turn signal?,Amber,1.321
95,Night,0,Practice,Expected,Red,Right,101.46,93.11,-0.6226,0.8684,1550.6670,-0.6226,42.89,1,Manual_P,106.04,97.68,-1.000,-1.000,-1.000,None,What was the color of the REAR turn signal?,Amber,1.321
95,Night,0,Practice,Expected,Red,Right,101.59,93.23,-0.6381,0.8684,1553.0530,-0.6381,42.87,1,Manual_P,106.04,97.68,-1.000,-1.000,-1.000,None,What was the color of the REAR turn signal?,Amber,1.321
95,Night,0,Practice,Expected,Red,Right,101.70,93.34,-0.6381,0.8684,1555.2440,-0.6381,42.84,1,Manual_P,106.04,97.68,-1.000,-1.000,-1.000,None,What was the color of the REAR turn signal?,Amber,1.321
95,Night,0,Practice,Expected,Red,Right,101.82,93.46,-0.6374,0.8685,1557.4560,-0.6374,42.82,1,Manual_P,106.04,97.68,-1.000,-1.000,-1.000,None,What was the color of the REAR turn signal?,Amber,1.321
95,Night,0,Practice,Expected,Red,Right,101.92,93.57,-0.6365,0.8685,1559.5080,-0.6365,42.81,1,Manual_P,106.04,97.68,-1.000,-1.000,-1.000,None,What was the color of the REAR turn signal?,Amber,1.321
95,Night,0,Practice,Expected,Red,Right,102.03,93.67,-0.6306,0.8685,1561.5690,-0.6306,42.80,1,Manual_P,106.04,97.68,-1.000,-1.000,-1.000,None,What was the color of the REAR turn signal?,Amber,1.321
95,Night,0,Practice,Expected,Red,Right,102.15,93.79,-0.6109,0.8685,1563.8340,-0.6109,42.77,1,Manual_P,106.04,97.68,-1.000,-1.000,-1.000,None,What was the color of the REAR turn signal?,Amber,1.321
95,Night,0,Practice,Expected,Red,Right,102.27,93.91,-0.5528,0.8685,1566.0890,-0.5528,42.72,1,Manual_P,106.04,97.68,-1.000,-1.000,-1.000,None,What was the color of the REAR turn signal?,Amber,1.321
95,Night,0,Practice,Expected,Red,Right,102.38,94.02,-0.4909,0.8686,1568.1860,-0.4909,42.70,1,Manual_P,106.04,97.68,-1.000,-1.000,-1.000,None,What was the color of the REAR turn signal?,Amber,1.321
95,Night,0,Practice,Expected,Red,Right,102.51,94.15,-0.4078,0.8686,1570.6430,-0.4078,42.68,1,Manual_P,106.04,97.68,-1.000,-1.000,-1.000,None,What was the color of the REAR turn signal?,Amber,1.321
95,Night,0,Practice,Expected,Red,Right,102.63,94.27,-0.3139,0.8686,1572.9830,-0.3139,42.66,1,Manual_P,106.04,97.68,-1.000,-1.000,-1.000,None,What was the color of the REAR turn signal?,Amber,1.321
95,Night,0,Practice,Expected,Red,Right,102.75,94.39,-0.2346,0.8686,1575.3160,-0.2346,42.62,1,Manual_P,106.04,97.68,-1.000,-1.000,-1.000,None,What was the color of the REAR turn signal?,Amber,1.321
95,Night,0,Practice,Expected,Red,Right,102.86,94.50,-0.1785,0.8685,1577.3930,-0.1785,42.60,1,Manual_P,106.04,97.68,-1.000,-1.000,-1.000,None,What was the color of the REAR turn signal?,Amber,1.321
95,Night,0,Practice,Expected,Red,Right,102.98,94.62,-0.1615,0.8685,1579.6720,-0.1615,42.50,1,Manual_P,106.04,97.68,-1.000,-1.000,-1.000,None,What was the color of the REAR turn signal?,Amber,1.321
95,Night,0,Practice,Expected,Red,Right,103.09,94.73,-0.1845,0.8684,1581.7020,-0.1845,42.47,1,Manual_P,106.04,97.68,-1.000,-1.000,-1.000,None,What was the color of the REAR turn signal?,Amber,1.321
95,Night,0,Practice,Expected,Red,Right,103.21,94.86,-0.2433,0.8684,1584.1300,-0.2433,42.44,1,Manual_P,106.04,97.68,-1.000,-1.000,-1.000,None,What was the color of the REAR turn signal?,Amber,1.321
95,Night,0,Practice,Expected,Red,Right,103.34,94.98,-0.3303,0.8683,1586.4280,-0.3303,42.39,1,Manual_P,106.04,97.68,-1.000,-1.000,-1.000,None,What was the color of the REAR turn signal?,Amber,1.321
95,Night,0,Practice,Expected,Red,Right,103.45,95.09,-0.4039,0.8684,1588.5100,-0.4039,42.16,1,Manual_P,106.04,97.68,-1.000,-1.000,-1.000,None,What was the color of the REAR turn signal?,Amber,1.321
95,Night,0,Practice,Expected,Red,Right,103.56,95.21,-0.4312,0.8684,1590.6860,-0.4312,41.50,1,Manual_P,106.04,97.68,-1.000,-1.000,-1.000,None,What was the color of the REAR turn signal?,Amber,1.321
95,Night,0,Practice,Expected,Red,Right,103.67,95.31,-0.3956,0.8685,1592.5980,-0.3956,40.78,1,Manual_P,106.04,97.68,-1.000,-1.000,-1.000,None,What was the color of the REAR turn signal?,Amber,1.321
95,Night,0,Practice,Expected,Red,Right,103.79,95.43,-0.2921,0.8686,1594.8170,-0.2921,39.80,1,Manual_P,106.04,97.68,-1.000,-1.000,-1.000,None,What was the color of the REAR turn signal?,Amber,1.321
95,Night,0,Practice,Expected,Red,Right,103.91,95.56,-0.1371,0.8687,1596.9570,-0.1371,38.95,1,Manual_P,106.04,97.68,-1.000,-1.000,-1.000,None,What was the color of the REAR turn signal?,Amber,1.321
95,Night,0,Practice,Expected,Red,Right,104.02,95.67,0.0360,0.8687,1598.8660,0.0360,38.10,1,Manual_P,106.04,97.68,-1.000,-1.000,-1.000,None,What was the color of the REAR turn signal?,Amber,1.321
95,Night,0,Practice,Expected,Red,Right,104.15,95.79,0.2315,0.8687,1600.9630,0.2315,37.26,1,Manual_P,106.04,97.68,-1.000,-1.000,-1.000,None,What was the color of the REAR turn signal?,Amber,1.321
95,Night,0,Practice,Expected,Red,Right,104.25,95.90,0.4038,0.8687,1602.6770,0.4038,36.44,1,Manual_P,106.04,97.68,-1.000,-1.000,-1.000,None,What was the color of the REAR turn signal?,Amber,1.321
95,Night,0,Practice,Expected,Red,Right,104.37,96.01,0.6077,0.8686,1604.5630,0.6077,35.63,1,Manual_P,106.04,97.68,-1.000,-1.000,-1.000,None,What was the color of the REAR turn signal?,Amber,1.321
95,Night,0,Practice,Expected,Red,Right,104.47,96.12,0.7868,0.8686,1606.1960,0.7868,34.94,1,Manual_P,106.04,97.68,-1.000,-1.000,-1.000,None,What was the color of the REAR turn signal?,Amber,1.321
95,Night,0,Practice,Expected,Red,Right,104.59,96.23,0.9780,0.8686,1607.9600,0.9780,34.13,1,Manual_P,106.04,97.68,-1.000,-1.000,-1.000,None,What was the color of the REAR turn signal?,Amber,1.321
95,Night,0,Practice,Expected,Red,Right,104.70,96.34,1.1518,0.8686,1609.5980,1.1518,33.44,1,Manual_P,106.04,97.68,-1.000,-1.000,-1.000,None,What was the color of the REAR turn signal?,Amber,1.321
95,Night,0,Practice,Expected,Red,Right,104.83,96.47,1.3450,0.8686,1611.4660,1.3450,32.52,1,Manual_P,106.04,97.68,-1.000,-1.000,-1.000,None,What was the color of the REAR turn signal?,Amber,1.321
95,Night,0,Practice,Expected,Red,Right,104.93,96.57,1.4913,0.8692,1612.9090,1.4913,31.83,1,Manual_P,106.04,97.68,-1.000,-1.000,-1.000,None,What was the color of the REAR turn signal?,Amber,1.321
95,Night,0,Practice,Expected,Red,Right,105.03,96.68,1.6407,0.8688,1614.4070,1.6407,31.02,1,Manual_P,106.04,97.68,-1.000,-1.000,-1.000,None,What was the color of the REAR turn signal?,Amber,1.321
95,Night,0,Practice,Expected,Red,Right,105.16,96.81,1.8128,0.8696,1616.1570,1.8128,30.22,1,Manual_P,106.04,97.68,-1.000,-1.000,-1.000,None,What was the color of the REAR turn signal?,Amber,1.321
95,Night,0,Practice,Expected,Red,Right,105.28,96.92,1.9600,0.8689,1617.6690,1.9600,29.40,1,Manual_P,106.04,97.68,-1.000,-1.000,-1.000,None,What was the color of the REAR turn signal?,Amber,1.321
95,Night,0,Practice,Expected,Red,Right,105.39,97.03,2.0963,0.8685,1619.0760,2.0963,28.60,1,Manual_P,106.04,97.68,-1.000,-1.000,-1.000,None,What was the color of the REAR turn signal?,Amber,1.321
95,Night,0,Practice,Expected,Red,Right,105.51,97.16,2.2516,0.8684,1620.6880,2.2516,27.79,1,Manual_P,106.04,97.68,-1.000,-1.000,-1.000,None,What was the color of the REAR turn signal?,Amber,1.321
95,Night,0,Practice,Expected,Red,Right,105.62,97.26,2.3763,0.8685,1621.9870,2.3763,26.99,1,Manual_P,106.04,97.68,-1.000,-1.000,-1.000,None,What was the color of the REAR turn signal?,Amber,1.321
95,Night,0,Practice,Expected,Red,Right,105.74,97.38,2.5096,0.8686,1623.3770,2.5096,26.18,1,Manual_P,106.04,97.68,-1.000,-1.000,-1.000,None,What was the color of the REAR turn signal?,Amber,1.321
95,Night,0,Practice,Expected,Red,Right,105.85,97.50,2.6366,0.8686,1624.7020,2.6366,25.44,1,Manual_P,106.04,97.68,-1.000,-1.000,-1.000,None,What was the color of the REAR turn signal?,Amber,1.321
95,Night,0,Practice,Expected,Red,Right,105.97,97.62,2.7668,0.8686,1626.0610,2.7668,24.95,1,Manual_P,106.04,97.68,-1.000,-1.000,-1.000,None,What was the color of the REAR turn signal?,Amber,1.321
95,Night,1,Practice,Expected,Amber,Left,112.48,0.00,0.0000,1.0725,-0.0025,0.0000,1.83,1,Manual_P,115.47,2.99,-1.000,-1.000,-1.000,None,What was the color of the REAR turn signal?,Red,2.183
95,Night,1,Practice,Expected,Amber,Left,112.60,0.11,0.0000,0.9252,-0.0025,0.0000,4.02,1,Manual_P,115.47,2.99,-1.000,-1.000,-1.000,None,What was the color of the REAR turn signal?,Red,2.183
95,Night,1,Practice,Expected,Amber,Left,112.71,0.23,0.0000,0.8447,-0.0025,0.0000,0.13,1,Manual_P,115.47,2.99,-1.000,-1.000,-1.000,None,What was the color of the REAR turn signal?,Red,2.183
95,Night,1,Practice,Expected,Amber,Left,112.82,0.34,0.0000,0.8546,-0.0025,0.0000,0.23,1,Manual_P,115.47,2.99,-1.000,-1.000,-1.000,None,What was the color of the REAR turn signal?,Red,2.183
95,Night,1,Practice,Expected,Amber,Left,112.92,0.44,0.0000,0.8639,-0.0025,0.0000,0.16,1,Manual_P,115.47,2.99,-1.000,-1.000,-1.000,None,What was the color of the REAR turn signal?,Red,2.183
95,Night,1,Practice,Expected,Amber,Left,113.02,0.54,0.0000,0.8692,-0.0025,0.0000,0.07,1,Manual_P,115.47,2.99,-1.000,-1.000,-1.000,None,What was the color of the REAR turn signal?,Red,2.183
95,Night,1,Practice,Expected,Amber,Left,113.14,0.66,0.0000,0.8706,-0.0017,0.0000,0.05,1,Manual_P,115.47,2.99,-1.000,-1.000,-1.000,None,What was the color of the REAR turn signal?,Red,2.183
95,Night,1,Practice,Expected,Amber,Left,113.26,0.78,0.0000,0.8695,0.0077,0.0000,0.35,1,Manual_P,115.47,2.99,-1.000,-1.000,-1.000,None,What was the color of the REAR turn signal?,Red,2.183
95,Night,1,Practice,Expected,Amber,Left,113.38,0.90,0.0000,0.8681,0.0417,0.0000,0.93,1,Manual_P,115.47,2.99,-1.000,-1.000,-1.000,None,What was the color of the REAR turn signal?,Red,2.183
95,Night,1,Practice,Expected,Amber,Left,113.49,1.01,0.0000,0.8674,0.1096,0.0000,1.71,1,Manual_P,115.47,2.99,-1.000,-1.000,-1.000,None,What was the color of the REAR turn signal?,Red,2.183
95,Night,1,Practice,Expected,Amber,Left,113.61,1.13,0.0000,0.8673,0.2220,0.0000,2.50,1,Manual_P,115.47,2.99,-1.000,-1.000,-1.000,None,What was the color of the REAR turn signal?,Red,2.183
95,Night,1,Practice,Expected,Amber,Left,113.72,1.23,0.0000,0.8674,0.3543,0.0000,3.17,1,Manual_P,115.47,2.99,-1.000,-1.000,-1.000,None,What was the color of the REAR turn signal?,Red,2.183
95,Night,1,Practice,Expected,Amber,Left,113.83,1.35,0.0000,0.8676,0.5383,0.0000,3.95,1,Manual_P,115.47,2.99,-1.000,-1.000,-1.000,None,What was the color of the REAR turn signal?,Red,2.183
95,Night,1,Practice,Expected,Amber,Left,113.94,1.46,0.0000,0.8677,0.7510,0.0000,4.74,1,Manual_P,115.47,2.99,-1.000,-1.000,-1.000,None,What was the color of the REAR turn signal?,Red,2.183
95,Night,1,Practice,Expected,Amber,Left,114.05,1.56,0.0000,0.8677,1.0005,0.0000,5.41,1,Manual_P,115.47,2.99,-1.000,-1.000,-1.000,None,What was the color of the REAR turn signal?,Red,2.183
95,Night,1,Practice,Expected,Amber,Left,114.16,1.68,0.0000,0.8677,1.2898,0.0000,6.19,1,Manual_P,115.47,2.99,-1.000,-1.000,-1.000,None,What was the color of the REAR turn signal?,Red,2.183
95,Night,1,Practice,Expected,Amber,Left,114.26,1.78,-0.0010,0.8677,1.5877,-0.0010,6.86,1,Manual_P,115.47,2.99,-1.000,-1.000,-1.000,None,What was the color of the REAR turn signal?,Red,2.183
95,Night,1,Practice,Expected,Amber,Left,114.38,1.89,-0.0138,0.8676,1.9609,-0.0138,7.63,1,Manual_P,115.47,2.99,-1.000,-1.000,-1.000,None,What was the color of the REAR turn signal?,Red,2.183
95,Night,1,Practice,Expected,Amber,Left,114.48,2.00,-0.0230,0.8676,2.3283,-0.0230,8.28,1,Manual_P,115.47,2.99,-1.000,-1.000,-1.000,None,What was the color of the REAR turn signal?,Red,2.183
95,Night,1,Practice,Expected,Amber,Left,114.59,2.11,-0.0109,0.8676,2.7622,-0.0109,9.03,1,Manual_P,115.47,2.99,-1.000,-1.000,-1.000,None,What was the color of the REAR turn signal?,Red,2.183
95,Night,1,Practice,Expected,Amber,Left,114.69,2.21,0.0241,0.8676,3.1876,0.0241,9.65,1,Manual_P,115.47,2.99,-1.000,-1.000,-1.000,None,What was the color of the REAR turn signal?,Red,2.183
95,Night,1,Practice,Expected,Amber,Left,114.80,2.32,0.0932,0.8676,3.6769,0.0932,10.37,1,Manual_P,115.47,2.99,-1.000,-1.000,-1.000,None,What was the color of the REAR turn signal?,Red,2.183
95,Night,1,Practice,Expected,Amber,Left,114.91,2.42,0.1821,0.8676,4.1567,0.1821,11.02,1,Manual_P,115.47,2.99,-1.000,-1.000,-1.000,None,What was the color of the REAR turn signal?,Red,2.183
95,Night,1,Practice,Expected,Amber,Left,115.02,2.53,0.2937,0.8683,4.6999,0.2937,11.71,1,Manual_P,115.47,2.99,-1.000,-1.000,-1.000,None,What was the color of the REAR turn signal?,Red,2.183
95,Night,1,Practice,Expected,Amber,Left,115.12,2.64,0.4045,0.8686,5.2546,0.4045,12.52,1,Manual_P,115.47,2.99,-1.000,-1.000,-1.000,None,What was the color of the REAR turn signal?,Red,2.183
95,Night,1,Practice,Expected,Amber,Left,115.23,2.74,0.5154,0.8685,5.8647,0.5154,13.19,1,Manual_P,115.47,2.99,-1.000,-1.000,-1.000,None,What was the color of the REAR turn signal?,Red,2.183
95,Night,1,Practice,Expected,Amber,Left,115.34,2.85,0.6245,0.8683,6.5263,0.6245,13.97,1,Manual_P,115.47,2.99,-1.000,-1.000,-1.000,None,What was the color of the REAR turn signal?,Red,2.183
95,Night,1,Practice,Expected,Amber,Left,115.44,2.96,0.7333,0.8681,7.1981,0.7333,14.64,1,Manual_P,115.47,2.99,-1.000,-1.000,-1.000,None,What was the color of the REAR turn signal?,Red,2.183
