ParticipantID,Block,TrialIndex,TrialType,Expectancy,SignalColor,MergeSide,TimeAbsolute,TimeRelative,X,Y,Z,LaneDeviation,SpeedMPH,TrialEnded,TrialEndReason,TrialEndTimeAbs,TrialEndTimeRel,MergeCueTimeRel,DriverResponseTimeRel,ReactionTime,ResponseType,SurveyQuestion,SurveyResponse,SurveyRT
99,Day,0,Practice,Expected,Red,Right,8.43,0.00,0.0000,0.8432,-0.0025,0.0000,0.04,1,Manual_P,76.49,68.06,-1.000,-1.000,-1.000,None,What was the color of the REAR turn signal?,Red,1.520
99,Day,0,Practice,Expected,Red,Right,8.43,0.00,0.0000,0.8432,-0.0025,0.0000,0.04,1,Manual_P,76.49,68.06,-1.000,-1.000,-1.000,None,What was the color of the REAR turn signal?,Red,1.520
99,Day,0,Practice,Expected,Red,Right,8.54,0.11,0.0000,0.8499,-0.0025,0.0000,0.22,1,Manual_P,76.49,68.06,-1.000,-1.000,-1.000,None,What was the color of the REAR turn signal?,Red,1.520
99,Day,0,Practice,Expected,Red,Right,8.65,0.22,0.0000,0.8609,-0.0025,0.0000,0.19,1,Manual_P,76.49,68.06,-1.000,-1.000,-1.000,None,What was the color of the REAR turn signal?,Red,1.520
99,Day,0,Practice,Expected,Red,Right,8.76,0.32,0.0000,0.8681,-0.0025,0.0000,0.10,1,Manual_P,76.49,68.06,-1.000,-1.000,-1.000,None,What was the color of the REAR turn signal?,Red,1.520
99,Day,0,Practice,Expected,Red,Right,8.86,0.43,0.0000,0.8705,-0.0025,0.0000,0.02,1,Manual_P,76.49,68.06,-1.000,-1.000,-1.000,None,What was the color of the REAR turn signal?,Red,1.520
99,Day,0,Practice,Expected,Red,Right,8.97,0.54,0.0000,0.8702,-0.0025,0.0000,0.02,1,Manual_P,76.49,68.06,-1.000,-1.000,-1.000,None,What was the color of the REAR turn signal?,Red,1.520
99,Day,0,Practice,Expected,Red,Right,9.09,0.65,0.0000,0.8688,-0.0025,0.0000,0.03,1,Manual_P,76.49,68.06,-1.000,-1.000,-1.000,None,What was the color of the REAR turn signal?,Red,1.520
99,Day,0,Practice,Expected,Red,Right,9.19,0.75,0.0000,0.8678,-0.0025,0.0000,0.02,1,Manual_P,76.49,68.06,-1.000,-1.000,-1.000,None,What was the color of the REAR turn signal?,Red,1.520
99,Day,0,Practice,Expected,Red,Right,9.30,0.87,0.0000,0.8673,-0.0022,0.0000,0.03,1,Manual_P,76.49,68.06,-1.000,-1.000,-1.000,None,What was the color of the REAR turn signal?,Red,1.520
99,Day,0,Practice,Expected,Red,Right,9.40,0.97,0.0000,0.8673,0.0016,0.0000,0.22,1,Manual_P,76.49,68.06,-1.000,-1.000,-1.000,None,What was the color of the REAR turn signal?,Red,1.520
99,Day,0,Practice,Expected,Red,Right,9.51,1.08,0.0000,0.8674,0.0194,0.0000,0.60,1,Manual_P,76.49,68.06,-1.000,-1.000,-1.000,None,What was the color of the REAR turn signal?,Red,1.520
99,Day,0,Practice,Expected,Red,Right,9.61,1.18,0.0000,0.8676,0.0589,0.0000,1.18,1,Manual_P,76.49,68.06,-1.000,-1.000,-1.000,None,What was the color of the REAR turn signal?,Red,1.520
99,Day,0,Practice,Expected,Red,Right,9.72,1.28,0.0000,0.8677,0.1325,0.0000,1.85,1,Manual_P,76.49,68.06,-1.000,-1.000,-1.000,None,What was the color of the REAR turn signal?,Red,1.520
99,Day,0,Practice,Expected,Red,Right,9.83,1.39,0.0001,0.8677,0.2434,0.0001,2.64,1,Manual_P,76.49,68.06,-1.000,-1.000,-1.000,None,What was the color of the REAR turn signal?,Red,1.520
99,Day,0,Practice,Expected,Red,Right,9.93,1.49,0.0001,0.8677,0.3773,0.0001,3.31,1,Manual_P,76.49,68.06,-1.000,-1.000,-1.000,None,What was the color of the REAR turn signal?,Red,1.520
99,Day,0,Practice,Expected,Red,Right,10.04,1.60,0.0002,0.8677,0.5596,0.0002,4.09,1,Manual_P,76.49,68.06,-1.000,-1.000,-1.000,None,What was the color of the REAR turn signal?,Red,1.520
99,Day,0,Practice,Expected,Red,Right,10.14,1.71,0.0002,0.8676,0.7723,0.0002,4.77,1,Manual_P,76.49,68.06,-1.000,-1.000,-1.000,None,What was the color of the REAR turn signal?,Red,1.520
99,Day,0,Practice,Expected,Red,Right,10.25,1.82,0.0003,0.8676,1.0158,0.0003,5.55,1,Manual_P,76.49,68.06,-1.000,-1.000,-1.000,None,What was the color of the REAR turn signal?,Red,1.520
99,Day,0,Practice,Expected,Red,Right,10.36,1.93,0.0003,0.8676,1.3042,0.0003,6.22,1,Manual_P,76.49,68.06,-1.000,-1.000,-1.000,None,What was the color of the REAR turn signal?,Red,1.520
99,Day,0,Practice,Expected,Red,Right,10.47,2.03,0.0004,0.8676,1.6174,0.0004,6.89,1,Manual_P,76.49,68.06,-1.000,-1.000,-1.000,None,What was the color of the REAR turn signal?,Red,1.520
99,Day,0,Practice,Expected,Red,Right,10.57,2.14,0.0005,0.8676,1.9696,0.0005,7.68,1,Manual_P,76.49,68.06,-1.000,-1.000,-1.000,None,What was the color of the REAR turn signal?,Red,1.520
99,Day,0,Practice,Expected,Red,Right,10.68,2.25,0.0046,0.8676,2.3478,0.0046,8.34,1,Manual_P,76.49,68.06,-1.000,-1.000,-1.000,None,What was the color of the REAR turn signal?,Red,1.520
99,Day,0,Practice,Expected,Red,Right,10.79,2.35,0.0188,0.8676,2.7591,0.0188,9.12,1,Manual_P,76.49,68.06,-1.000,-1.000,-1.000,None,What was the color of the REAR turn signal?,Red,1.520
99,Day,0,Practice,Expected,Red,Right,10.89,2.45,0.0286,0.8676,3.1929,0.0286,9.79,1,Manual_P,76.49,68.06,-1.000,-1.000,-1.000,None,What was the color of the REAR turn signal?,Red,1.520
99,Day,0,Practice,Expected,Red,Right,10.99,2.56,0.0356,0.8676,3.6672,0.0356,10.46,1,Manual_P,76.49,68.06,-1.000,-1.000,-1.000,None,What was the color of the REAR turn signal?,Red,1.520
99,Day,0,Practice,Expected,Red,Right,11.10,2.67,0.0366,0.8676,4.2012,0.0366,11.23,1,Manual_P,76.49,68.06,-1.000,-1.000,-1.000,None,What was the color of the REAR turn signal?,Red,1.520
99,Day,0,Practice,Expected,Red,Right,11.21,2.77,0.0354,0.8684,4.7405,0.0354,11.91,1,Manual_P,76.49,68.06,-1.000,-1.000,-1.000,None,What was the color of the REAR turn signal?,Red,1.520
99,Day,0,Practice,Expected,Red,Right,11.32,2.88,0.0377,0.8686,5.3424,0.0377,12.69,1,Manual_P,76.49,68.06,-1.000,-1.000,-1.000,None,What was the color of the REAR turn signal?,Red,1.520
99,Day,0,Practice,Expected,Red,Right,11.42,2.99,0.0405,0.8685,5.9337,0.0405,13.36,1,Manual_P,76.49,68.06,-1.000,-1.000,-1.000,None,What was the color of the REAR turn signal?,Red,1.520
99,Day,0,Practice,Expected,Red,Right,11.52,3.09,0.0436,0.8683,6.5507,0.0436,14.03,1,Manual_P,76.49,68.06,-1.000,-1.000,-1.000,None,What was the color of the REAR turn signal?,Red,1.520
99,Day,0,Practice,Expected,Red,Right,11.62,3.19,0.0469,0.8681,7.1982,0.0469,14.70,1,Manual_P,76.49,68.06,-1.000,-1.000,-1.000,None,What was the color of the REAR turn signal?,Red,1.520
99,Day,0,Practice,Expected,Red,Right,11.73,3.29,0.0504,0.8681,7.9045,0.0504,15.37,1,Manual_P,76.49,68.06,-1.000,-1.000,-1.000,None,What was the color of the REAR turn signal?,Red,1.520
99,Day,0,Practice,Expected,Red,Right,11.83,3.40,0.0542,0.8681,8.6350,0.0542,16.04,1,Manual_P,76.49,68.06,-1.000,-1.000,-1.000,None,What was the color of the REAR turn signal?,Red,1.520
99,Day,0,Practice,Expected,Red,Right,11.94,3.50,0.0695,0.8681,9.4214,0.0695,16.80,1,Manual_P,76.49,68.06,-1.000,-1.000,-1.000,None,What was the color of the REAR turn signal?,Red,1.520
99,Day,0,Practice,Expected,Red,Right,12.04,3.61,0.0954,0.8681,10.2032,0.0954,17.47,1,Manual_P,76.49,68.06,-1.000,-1.000,-1.000,None,What was the color of the REAR turn signal?,Red,1.520
99,Day,0,Practice,Expected,Red,Right,12.15,3.72,0.1197,0.8681,11.0761,0.1197,18.13,1,Manual_P,76.49,68.06,-1.000,-1.000,-1.000,None,What was the color of the REAR turn signal?,Red,1.520
99,Day,0,Practice,Expected,Red,Right,12.25,3.82,0.1369,0.8681,11.9317,0.1369,18.90,1,Manual_P,76.49,68.06,-1.000,-1.000,-1.000,None,What was the color of the REAR turn signal?,Red,1.520
99,Day,0,Practice,Expected,Red,Right,12.36,3.92,0.1447,0.8681,12.8156,0.1447,19.57,1,Manual_P,76.49,68.06,-1.000,-1.000,-1.000,None,What was the color of the REAR turn signal?,Red,1.520
99,Day,0,Practice,Expected,Red,Right,12.46,4.03,0.1562,0.8681,13.7417,0.1562,20.24,1,Manual_P,76.49,68.06,-1.000,-1.000,-1.000,None,What was the color of the REAR turn signal?,Red,1.520
99,Day,0,Practice,Expected,Red,Right,12.56,4.13,0.1691,0.8681,14.6947,0.1691,20.91,1,Manual_P,76.49,68.06,-1.000,-1.000,-1.000,None,What was the color of the REAR turn signal?,Red,1.520
99,Day,0,Practice,Expected,Red,Right,12.67,4.23,0.1823,0.8681,15.6955,0.1823,21.68,1,Manual_P,76.49,68.06,-1.000,-1.000,-1.000,None,What was the color of the REAR turn signal?,Red,1.520
99,Day,0,Practice,Expected,Red,Right,12.77,4.34,0.1892,0.8681,16.7119,0.1892,22.34,1,Manual_P,76.49,68.06,-1.000,-1.000,-1.000,None,What was the color of the REAR turn signal?,Red,1.520
99,Day,0,Practice,Expected,Red,Right,12.88,4.44,0.1801,0.8681,17.7793,0.1801,23.00,1,Manual_P,76.49,68.06,-1.000,-1.000,-1.000,None,What was the color of the REAR turn signal?,Red,1.520
99,Day,0,Practice,Expected,Red,Right,12.98,4.54,0.1717,0.8681,18.8311,0.1717,23.67,1,Manual_P,76.49,68.06,-1.000,-1.000,-1.000,None,What was the color of the REAR turn signal?,Red,1.520
99,Day,0,Practice,Expected,Red,Right,13.08,4.65,0.1626,0.8681,19.9281,0.1626,24.33,1,Manual_P,76.49,68.06,-1.000,-1.000,-1.000,None,What was the color of the REAR turn signal?,Red,1.520
99,Day,0,Practice,Expected,Red,Right,13.18,4.75,0.1537,0.8681,21.0380,0.1537,25.00,1,Manual_P,76.49,68.06,-1.000,-1.000,-1.000,None,What was the color of the REAR turn signal?,Red,1.520
99,Day,0,Practice,Expected,Red,Right,13.28,4.85,0.1575,0.8681,22.2092,0.1575,25.76,1,Manual_P,76.49,68.06,-1.000,-1.000,-1.000,None,What was the color of the REAR turn signal?,Red,1.520
99,Day,0,Practice,Expected,Red,Right,13.39,4.95,0.1620,0.8681,23.3966,0.1620,26.43,1,Manual_P,76.49,68.06,-1.000,-1.000,-1.000,None,What was the color of the REAR turn signal?,Red,1.520
99,Day,0,Practice,Expected,Red,Right,13.49,5.05,0.1654,0.8681,24.6175,0.1654,27.10,1,Manual_P,76.49,68.06,-1.000,-1.000,-1.000,None,What was the color of the REAR turn signal?,Red,1.520
99,Day,0,Practice,Expected,Red,Right,13.59,5.16,0.1703,0.8681,25.8939,0.1703,27.76,1,Manual_P,76.49,68.06,-1.000,-1.000,-1.000,None,What was the color of the REAR turn signal?,Red,1.520
99,Day,0,Practice,Expected,Red,Right,13.70,5.26,0.1771,0.8681,27.1966,0.1771,28.43,1,Manual_P,76.49,68.06,-1.000,-1.000,-1.000,None,What was the color of the REAR turn signal?,Red,1.520
99,Day,0,Practice,Expected,Red,Right,13.80,5.37,0.1848,0.8681,28.5241,0.1848,29.09,1,Manual_P,76.49,68.06,-1.000,-1.000,-1.000,None,What was the color of the REAR turn signal?,Red,1.520
99,Day,0,Practice,Expected,Red,Right,13.90,5.47,0.1802,0.8681,29.8741,0.1802,29.86,1,Manual_P,76.49,68.06,-1.000,-1.000,-1.000,None,What was the color of the REAR turn signal?,Red,1.520
99,Day,0,Practice,Expected,Red,Right,14.00,5.57,0.1724,0.8681,31.2515,0.1724,30.52,1,Manual_P,76.49,68.06,-1.000,-1.000,-1.000,None,What was the color of the REAR turn signal?,Red,1.520
99,Day,0,Practice,Expected,Red,Right,14.11,5.68,0.1639,0.8681,32.7245,0.1639,31.19,1,Manual_P,76.49,68.06,-1.000,-1.000,-1.000,None,What was the color of the REAR turn signal?,Red,1.520
99,Day,0,Practice,Expected,Red,Right,14.22,5.79,0.1600,0.8681,34.2627,0.1600,31.95,1,Manual_P,76.49,68.06,-1.000,-1.000,-1.000,None,What was the color of the REAR turn signal?,Red,1.520
99,Day,0,Practice,Expected,Red,Right,14.32,5.89,0.1695,0.8681,35.7296,0.1695,32.61,1,Manual_P,76.49,68.06,-1.000,-1.000,-1.000,None,What was the color of the REAR turn signal?,Red,1.520
99,Day,0,Practice,Expected,Red,Right,14.42,5.99,0.1776,0.8681,37.2150,0.1776,33.27,1,Manual_P,76.49,68.06,-1.000,-1.000,-1.000,None,What was the color of the REAR turn signal?,Red,1.520
99,Day,0,Practice,Expected,Red,Right,14.52,6.09,0.1868,0.8681,38.7569,0.1868,33.94,1,Manual_P,76.49,68.06,-1.000,-1.000,-1.000,None,What was the color of the REAR turn signal?,Red,1.520
99,Day,0,Practice,Expected,Red,Right,14.63,6.19,0.1989,0.8681,40.3208,0.1989,34.60,1,Manual_P,76.49,68.06,-1.000,-1.000,-1.000,None,What was the color of the REAR turn signal?,Red,1.520
99,Day,0,Practice,Expected,Red,Right,14.73,6.30,0.2150,0.8681,41.9643,0.2150,35.27,1,Manual_P,76.49,68.06,-1.000,-1.000,-1.000,None,What was the color of the REAR turn signal?,Red,1.520
99,Day,0,Practice,Expected,Red,Right,14.84,6.40,0.2244,0.8681,43.6422,0.2244,36.03,1,Manual_P,76.49,68.06,-1.000,-1.000,-1.000,None,What was the color of the REAR turn signal?,Red,1.520
99,Day,0,Practice,Expected,Red,Right,14.94,6.51,0.2252,0.8681,45.3500,0.2252,36.69,1,Manual_P,76.49,68.06,-1.000,-1.000,-1.000,None,What was the color of the REAR turn signal?,Red,1.520
99,Day,0,Practice,Expected,Red,Right,15.04,6.61,0.2266,0.8681,47.0217,0.2266,37.36,1,Manual_P,76.49,68.06,-1.000,-1.000,-1.000,None,What was the color of the REAR turn signal?,Red,1.520
99,Day,0,Practice,Expected,Red,Right,15.15,6.72,0.2256,0.8681,48.8900,0.2256,38.13,1,Manual_P,76.49,68.06,-1.000,-1.000,-1.000,None,What was the color of the REAR turn signal?,Red,1.520
99,Day,0,Practice,Expected,Red,Right,15.26,6.82,0.2324,0.8681,50.6748,0.2324,38.78,1,Manual_P,76.49,68.06,-1.000,-1.000,-1.000,None,What was the color of the REAR turn signal?,Red,1.520
99,Day,0,Practice,Expected,Red,Right,15.36,6.93,0.2498,0.8681,52.5269,0.2498,39.44,1,Manual_P,76.49,68.06,-1.000,-1.000,-1.000,None,What was the color of the REAR turn signal?,Red,1.520
99,Day,0,Practice,Expected,Red,Right,15.47,7.03,0.2657,0.8681,54.3368,0.2657,40.10,1,Manual_P,76.49,68.06,-1.000,-1.000,-1.000,None,What was the color of the REAR turn signal?,Red,1.520
99,Day,0,Practice,Expected,Red,Right,15.57,7.14,0.2853,0.8681,56.3024,0.2853,40.87,1,Manual_P,76.49,68.06,-1.000,-1.000,-1.000,None,What was the color of the REAR turn signal?,Red,1.520
99,Day,0,Practice,Expected,Red,Right,15.68,7.25,0.2944,0.8681,58.2501,0.2944,41.51,1,Manual_P,76.49,68.06,-1.000,-1.000,-1.000,None,What was the color of the REAR turn signal?,Red,1.520
99,Day,0,Practice,Expected,Red,Right,15.78,7.35,0.2870,0.8681,60.1682,0.2870,42.17,1,Manual_P,76.49,68.06,-1.000,-1.000,-1.000,None,What was the color of the REAR turn signal?,Red,1.520
99,Day,0,Practice,Expected,Red,Right,15.89,7.45,0.2783,0.8681,62.1531,0.2783,42.94,1,Manual_P,76.49,68.06,-1.000,-1.000,-1.000,None,What was the color of the REAR turn signal?,Red,1.520
99,Day,0,Practice,Expected,Red,Right,15.99,7.56,0.2650,0.8681,64.1331,0.2650,43.60,1,Manual_P,76.49,68.06,-1.000,-1.000,-1.000,None,What was the color of the REAR turn signal?,Red,1.520
99,Day,0,Practice,Expected,Red,Right,16.10,7.66,0.2443,0.8681,66.2218,0.2443,44.26,1,Manual_P,76.49,68.06,-1.000,-1.000,-1.000,None,What was the color of the REAR turn signal?,Red,1.520
99,Day,0,Practice,Expected,Red,Right,16.20,7.77,0.2279,0.8681,68.3219,0.2279,45.03,1,Manual_P,76.49,68.06,-1.000,-1.000,-1.000,None,What was the color of the REAR turn signal?,Red,1.520
99,Day,0,Practice,Expected,Red,Right,16.30,7.87,0.2077,0.8681,70.4090,0.2077,45.69,1,Manual_P,76.49,68.06,-1.000,-1.000,-1.000,None,What was the color of the REAR turn signal?,Red,1.520
99,Day,0,Practice,Expected,Red,Right,16.41,7.97,0.1831,0.8681,72.5616,0.1831,46.35,1,Manual_P,76.49,68.06,-1.000,-1.000,-1.000,None,What was the color of the REAR turn signal?,Red,1.520
99,Day,0,Practice,Expected,Red,Right,16.52,8.08,0.1587,0.8681,74.7849,0.1587,47.01,1,Manual_P,76.49,68.06,-1.000,-1.000,-1.000,None,What was the color of the REAR turn signal?,Red,1.520
99,Day,0,Practice,Expected,Red,Right,16.62,8.18,0.1419,0.8681,76.9778,0.1419,47.78,1,Manual_P,76.49,68.06,-1.000,-1.000,-1.000,None,What was the color of the REAR turn signal?,Red,1.520
99,Day,0,Practice,Expected,Red,Right,16.72,8.29,0.1273,0.8681,79.1853,0.1273,48.44,1,Manual_P,76.49,68.06,-1.000,-1.000,-1.000,None,What was the color of the REAR turn signal?,Red,1.520
99,Day,0,Practice,Expected,Red,Right,16.83,8.39,0.1142,0.8681,81.4748,0.1142,49.10,1,Manual_P,76.49,68.06,-1.000,-1.000,-1.000,None,What was the color of the REAR turn signal?,Red,1.520
99,Day,0,Practice,Expected,Red,Right,16.94,8.50,0.0867,0.8681,83.9153,0.0867,49.85,1,Manual_P,76.49,68.06,-1.000,-1.000,-1.000,None,What was the color of the REAR turn signal?,Red,1.520
99,Day,0,Practice,Expected,Red,Right,17.04,8.60,0.0589,0.8681,86.1968,0.0589,50.51,1,Manual_P,76.49,68.06,-1.000,-1.000,-1.000,None,What was the color of the REAR turn signal?,Red,1.520
99,Day,0,Practice,Expected,Red,Right,17.15,8.71,0.0276,0.8681,88.6481,0.0276,51.18,1,Manual_P,76.49,68.06,-1.000,-1.000,-1.000,None,What was the color of the REAR turn signal?,Red,1.520
99,Day,0,Practice,Expected,Red,Right,17.25,8.82,-0.0077,0.8681,91.0457,-0.0077,51.95,1,Manual_P,76.49,68.06,-1.000,-1.000,-1.000,None,What was the color of the REAR turn signal?,Red,1.520
99,Day,0,Practice,Expected,Red,Right,17.36,8.92,-0.0441,0.8681,93.5415,-0.0441,52.59,1,Manual_P,76.49,68.06,-1.000,-1.000,-1.000,None,What was the color of the REAR turn signal?,Red,1.520
99,Day,0,Practice,Expected,Red,Right,17.46,9.03,-0.0643,0.8681,95.9813,-0.0643,53.24,1,Manual_P,76.49,68.06,-1.000,-1.000,-1.000,None,What was the color of the REAR turn signal?,Red,1.520
99,Day,0,Practice,Expected,Red,Right,17.56,9.13,-0.0840,0.8681,98.4603,-0.0840,53.90,1,Manual_P,76.49,68.06,-1.000,-1.000,-1.000,None,What was the color of the REAR turn signal?,Red,1.520
99,Day,0,Practice,Expected,Red,Right,17.67,9.23,-0.1008,0.8681,100.9654,-0.1008,54.67,1,Manual_P,76.49,68.06,-1.000,-1.000,-1.000,None,What was the color of the REAR turn signal?,Red,1.520
99,Day,0,Practice,Expected,Red,Right,17.77,9.34,-0.1108,0.8681,103.4804,-0.1108,55.33,1,Manual_P,76.49,68.06,-1.000,-1.000,-1.000,None,What was the color of the REAR turn signal?,Red,1.520
99,Day,0,Practice,Expected,Red,Right,17.87,9.44,-0.1123,0.8681,106.0417,-0.1123,55.99,1,Manual_P,76.49,68.06,-1.000,-1.000,-1.000,None,What was the color of the REAR turn signal?,Red,1.520
99,Day,0,Practice,Expected,Red,Right,17.98,9.54,-0.1046,0.8681,108.6578,-0.1046,56.64,1,Manual_P,76.49,68.06,-1.000,-1.000,-1.000,None,What was the color of the REAR turn signal?,Red,1.520
99,Day,0,Practice,Expected,Red,Right,18.08,9.65,-0.0875,0.8681,111.3524,-0.0875,57.30,1,Manual_P,76.49,68.06,-1.000,-1.000,-1.000,None,What was the color of the REAR turn signal?,Red,1.520
99,Day,0,Practice,Expected,Red,Right,18.19,9.75,-0.0662,0.8681,114.0988,-0.0662,58.06,1,Manual_P,76.49,68.06,-1.000,-1.000,-1.000,None,What was the color of the REAR turn signal?,Red,1.520
99,Day,0,Practice,Expected,Red,Right,18.29,9.86,-0.0519,0.8681,116.7746,-0.0519,58.62,1,Manual_P,76.49,68.06,-1.000,-1.000,-1.000,None,What was the color of the REAR turn signal?,Red,1.520
99,Day,0,Practice,Expected,Red,Right,18.40,9.96,-0.0346,0.8681,119.5246,-0.0346,59.01,1,Manual_P,76.49,68.06,-1.000,-1.000,-1.000,None,What was the color of the REAR turn signal?,Red,1.520
99,Day,0,Practice,Expected,Red,Right,18.50,10.07,-0.0176,0.8681,122.3382,-0.0176,59.23,1,Manual_P,76.49,68.06,-1.000,-1.000,-1.000,None,What was the color of the REAR turn signal?,Red,1.520
99,Day,0,Practice,Expected,Red,Right,18.60,10.17,-0.0048,0.8681,125.0131,-0.0048,59.26,1,Manual_P,76.49,68.06,-1.000,-1.000,-1.000,None,What was the color of the REAR turn signal?,Red,1.520
99,Day,0,Practice,Expected,Red,Right,18.71,10.27,0.0064,0.8681,127.7393,0.0064,59.26,1,Manual_P,76.49,68.06,-1.000,-1.000,-1.000,None,What was the color of the REAR turn signal?,Red,1.520
99,Day,0,Practice,Expected,Red,Right,18.81,10.37,0.0277,0.8681,130.4060,0.0277,59.24,1,Manual_P,76.49,68.06,-1.000,-1.000,-1.000,None,What was the color of the REAR turn signal?,Red,1.520
99,Day,0,Practice,Expected,Red,Right,18.92,10.48,0.0515,0.8681,133.3479,0.0515,59.22,1,Manual_P,76.49,68.06,-1.000,-1.000,-1.000,None,What was the color of the REAR turn signal?,Red,1.520
99,Day,0,Practice,Expected,Red,Right,19.03,10.60,0.0770,0.8681,136.3123,0.0770,59.21,1,Manual_P,76.49,68.06,-1.000,-1.000,-1.000,None,What was the color of the REAR turn signal?,Red,1.520
99,Day,0,Practice,Expected,Red,Right,19.13,10.70,0.1046,0.8681,139.0190,0.1046,59.21,1,Manual_P,76.49,68.06,-1.000,-1.000,-1.000,None,What was the color of the REAR turn signal?,Red,1.520
99,Day,0,Practice,Expected,Red,Right,19.24,10.81,0.1395,0.8681,141.8600,0.1395,59.36,1,Manual_P,76.49,68.06,-1.000,-1.000,-1.000,None,What was the color of the REAR turn signal?,Red,1.520
99,Day,0,Practice,Expected,Red,Right,19.35,10.91,0.1808,0.8681,144.6718,0.1808,59.59,1,Manual_P,76.49,68.06,-1.000,-1.000,-1.000,None,What was the color of the REAR turn signal?,Red,1.520
99,Day,0,Practice,Expected,Red,Right,19.45,11.01,0.2248,0.8681,147.4043,0.2248,59.71,1,Manual_P,76.49,68.06,-1.000,-1.000,-1.000,None,What was the color of the REAR turn signal?,Red,1.520
99,Day,0,Practice,Expected,Red,Right,19.55,11.12,0.2556,0.8681,150.1389,0.2556,59.71,1,Manual_P,76.49,68.06,-1.000,-1.000,-1.000,None,What was the color of the REAR turn signal?,Red,1.520
99,Day,0,Practice,Expected,Red,Right,19.65,11.22,0.2812,0.8681,152.8161,0.2812,59.71,1,Manual_P,76.49,68.06,-1.000,-1.000,-1.000,None,What was the color of the REAR turn signal?,Red,1.520
99,Day,0,Practice,Expected,Red,Right,19.75,11.32,0.3046,0.8681,155.5235,0.3046,59.69,1,Manual_P,76.49,68.06,-1.000,-1.000,-1.000,None,What was the color of the REAR turn signal?,Red,1.520
99,Day,0,Practice,Expected,Red,Right,19.85,11.42,0.3210,0.8681,158.2039,0.3210,59.68,1,Manual_P,76.49,68.06,-1.000,-1.000,-1.000,None,What was the color of the REAR turn signal?,Red,1.520
99,Day,0,Practice,Expected,Red,Right,19.96,11.52,0.3286,0.8681,160.9762,0.3286,59.67,1,Manual_P,76.49,68.06,-1.000,-1.000,-1.000,None,What was the color of the REAR turn signal?,Red,1.520
99,Day,0,Practice,Expected,Red,Right,20.06,11.63,0.3257,0.8681,163.7829,0.3257,59.74,1,Manual_P,76.49,68.06,-1.000,-1.000,-1.000,None,What was the color of the REAR turn signal?,Red,1.520
99,Day,0,Practice,Expected,Red,Right,20.17,11.74,0.3124,0.8681,166.7611,0.3124,59.82,1,Manual_P,76.49,68.06,-1.000,-1.000,-1.000,None,What was the color of the REAR turn signal?,Red,1.520
99,Day,0,Practice,Expected,Red,Right,20.28,11.85,0.3056,0.8681,169.6057,0.3056,59.82,1,Manual_P,76.49,68.06,-1.000,-1.000,-1.000,None,What was the color of the REAR turn signal?,Red,1.520
99,Day,0,Practice,Expected,Red,Right,20.38,11.95,0.3011,0.8681,172.3696,0.3011,59.81,1,Manual_P,76.49,68.06,-1.000,-1.000,-1.000,None,What was the color of the REAR turn signal?,Red,1.520
99,Day,0,Practice,Expected,Red,Right,20.49,12.05,0.2954,0.8681,175.1156,0.2954,59.80,1,Manual_P,76.49,68.06,-1.000,-1.000,-1.000,None,What was the color of the REAR turn signal?,Red,1.520
99,Day,0,Practice,Expected,Red,Right,20.59,12.16,0.2930,0.8681,177.8946,0.2930,59.78,1,Manual_P,76.49,68.06,-1.000,-1.000,-1.000,None,What was the color of the REAR turn signal?,Red,1.520
99,Day,0,Practice,Expected,Red,Right,20.70,12.26,0.2938,0.8681,180.7696,0.2938,59.76,1,Manual_P,76.49,68.06,-1.000,-1.000,-1.000,None,What was the color of the REAR turn signal?,Red,1.520
99,Day,0,Practice,Expected,Red,Right,20.80,12.37,0.2806,0.8681,183.5910,0.2806,59.73,1,Manual_P,76.49,68.06,-1.000,-1.000,-1.000,None,What was the color of the REAR turn signal?,Red,1.520
99,Day,0,Practice,Expected,Red,Right,20.91,12.47,0.2636,0.8681,186.4295,0.2636,59.71,1,Manual_P,76.49,68.06,-1.000,-1.000,-1.000,None,What was the color of the REAR turn signal?,Red,1.520
99,Day,0,Practice,Expected,Red,Right,21.01,12.58,0.2453,0.8681,189.2459,0.2453,59.70,1,Manual_P,76.49,68.06,-1.000,-1.000,-1.000,None,What was the color of the REAR turn signal?,Red,1.520
99,Day,0,Practice,Expected,Red,Right,21.12,12.69,0.2206,0.8681,192.0971,0.2206,59.68,1,Manual_P,76.49,68.06,-1.000,-1.000,-1.000,None,What was the color of the REAR turn signal?,Red,1.520
99,Day,0,Practice,Expected,Red,Right,21.22,12.79,0.1900,0.8681,194.7688,0.1900,59.67,1,Manual_P,76.49,68.06,-1.000,-1.000,-1.000,None,What was the color of the REAR turn signal?,Red,1.520
99,Day,0,Practice,Expected,Red,Right,21.33,12.89,0.1576,0.8681,197.6330,0.1576,59.65,1,Manual_P,76.49,68.06,-1.000,-1.000,-1.000,None,What was the color of the REAR turn signal?,Red,1.520
99,Day,0,Practice,Expected,Red,Right,21.44,13.00,0.1192,0.8681,200.5118,0.1192,59.63,1,Manual_P,76.49,68.06,-1.000,-1.000,-1.000,None,What was the color of the REAR turn signal?,Red,1.520
99,Day,0,Practice,Expected,Red,Right,21.55,13.12,0.0730,0.8681,203.5339,0.0730,59.62,1,Manual_P,76.49,68.06,-1.000,-1.000,-1.000,None,What was the color of the REAR turn signal?,Red,1.520
99,Day,0,Practice,Expected,Red,Right,21.65,13.22,0.0304,0.8681,206.2988,0.0304,59.60,1,Manual_P,76.49,68.06,-1.000,-1.000,-1.000,None,What was the color of the REAR turn signal?,Red,1.520
99,Day,0,Practice,Expected,Red,Right,21.76,13.33,-0.0072,0.8681,209.1608,-0.0072,59.58,1,Manual_P,76.49,68.06,-1.000,-1.000,-1.000,None,What was the color of the REAR turn signal?,Red,1.520
99,Day,0,Practice,Expected,Red,Right,21.87,13.43,-0.0432,0.8681,212.0178,-0.0432,59.57,1,Manual_P,76.49,68.06,-1.000,-1.000,-1.000,None,What was the color of the REAR turn signal?,Red,1.520
99,Day,0,Practice,Expected,Red,Right,21.98,13.55,-0.0761,0.8681,214.9618,-0.0761,59.55,1,Manual_P,76.49,68.06,-1.000,-1.000,-1.000,None,What was the color of the REAR turn signal?,Red,1.520
99,Day,0,Practice,Expected,Red,Right,22.09,13.66,-0.1037,0.8681,217.9193,-0.1037,59.54,1,Manual_P,76.49,68.06,-1.000,-1.000,-1.000,None,What was the color of the REAR turn signal?,Red,1.520
99,Day,0,Practice,Expected,Red,Right,22.19,13.76,-0.1344,0.8681,220.5999,-0.1344,59.51,1,Manual_P,76.49,68.06,-1.000,-1.000,-1.000,None,What was the color of the REAR turn signal?,Red,1.520
99,Day,0,Practice,Expected,Red,Right,22.29,13.86,-0.1762,0.8681,223.3429,-0.1762,59.49,1,Manual_P,76.49,68.06,-1.000,-1.000,-1.000,None,What was the color of the REAR turn signal?,Red,1.520
99,Day,0,Practice,Expected,Red,Right,22.40,13.97,-0.2210,0.8681,226.2290,-0.2210,59.48,1,Manual_P,76.49,68.06,-1.000,-1.000,-1.000,None,What was the color of the REAR turn signal?,Red,1.520
99,Day,0,Practice,Expected,Red,Right,22.52,14.08,-0.2659,0.8681,229.2396,-0.2659,59.45,1,Manual_P,76.49,68.06,-1.000,-1.000,-1.000,None,What was the color of the REAR turn signal?,Red,1.520
99,Day,0,Practice,Expected,Red,Right,22.62,14.18,-0.3007,0.8681,231.9152,-0.3007,59.44,1,Manual_P,76.49,68.06,-1.000,-1.000,-1.000,None,What was the color of the REAR turn signal?,Red,1.520
99,Day,0,Practice,Expected,Red,Right,22.72,14.29,-0.3430,0.8681,234.7716,-0.3430,59.42,1,Manual_P,76.49,68.06,-1.000,-1.000,-1.000,None,What was the color of the REAR turn signal?,Red,1.520
99,Day,0,Practice,Expected,Red,Right,22.83,14.40,-0.3874,0.8681,237.6140,-0.3874,59.41,1,Manual_P,76.49,68.06,-1.000,-1.000,-1.000,None,What was the color of the REAR turn signal?,Red,1.520
99,Day,0,Practice,Expected,Red,Right,22.94,14.51,-0.4339,0.8681,240.5809,-0.4339,59.39,1,Manual_P,76.49,68.06,-1.000,-1.000,-1.000,None,What was the color of the REAR turn signal?,Red,1.520
99,Day,0,Practice,Expected,Red,Right,23.06,14.62,-0.4804,0.8681,243.6397,-0.4804,59.37,1,Manual_P,76.49,68.06,-1.000,-1.000,-1.000,None,What was the color of the REAR turn signal?,Red,1.520
99,Day,0,Practice,Expected,Red,Right,23.17,14.74,-0.5160,0.8681,246.6198,-0.5160,59.35,1,Manual_P,76.49,68.06,-1.000,-1.000,-1.000,None,What was the color of the REAR turn signal?,Red,1.520
99,Day,0,Practice,Expected,Red,Right,23.28,14.85,-0.5375,0.8681,249.5025,-0.5375,59.33,1,Manual_P,76.49,68.06,-1.000,-1.000,-1.000,None,What was the color of the REAR turn signal?,Red,1.520
99,Day,0,Practice,Expected,Red,Right,23.39,14.95,-0.5525,0.8681,252.3410,-0.5525,59.31,1,Manual_P,76.49,68.06,-1.000,-1.000,-1.000,None,What was the color of the REAR turn signal?,Red,1.520
99,Day,0,Practice,Expected,Red,Right,23.49,15.06,-0.5587,0.8681,255.2169,-0.5587,59.30,1,Manual_P,76.49,68.06,-1.000,-1.000,-1.000,None,What was the color of the REAR turn signal?,Red,1.520
99,Day,0,Practice,Expected,Red,Right,23.60,15.17,-0.5548,0.8681,258.0907,-0.5548,59.28,1,Manual_P,76.49,68.06,-1.000,-1.000,-1.000,None,What was the color of the REAR turn signal?,Red,1.520
99,Day,0,Practice,Expected,Red,Right,23.71,15.28,-0.5403,0.8681,261.0212,-0.5403,59.26,1,Manual_P,76.49,68.06,-1.000,-1.000,-1.000,None,What was the color of the REAR turn signal?,Red,1.520
99,Day,0,Practice,Expected,Red,Right,23.82,15.39,-0.5162,0.8681,263.9188,-0.5162,59.25,1,Manual_P,76.49,68.06,-1.000,-1.000,-1.000,None,What was the color of the REAR turn signal?,Red,1.520
99,Day,0,Practice,Expected,Red,Right,23.93,15.50,-0.4833,0.8681,266.8271,-0.4833,59.23,1,Manual_P,76.49,68.06,-1.000,-1.000,-1.000,None,What was the color of the REAR turn signal?,Red,1.520
99,Day,0,Practice,Expected,Red,Right,24.04,15.61,-0.4426,0.8681,269.7322,-0.4426,59.21,1,Manual_P,76.49,68.06,-1.000,-1.000,-1.000,None,What was the color of the REAR turn signal?,Red,1.520
99,Day,0,Practice,Expected,Red,Right,24.15,15.72,-0.3958,0.8681,272.6060,-0.3958,59.20,1,Manual_P,76.49,68.06,-1.000,-1.000,-1.000,None,What was the color of the REAR turn signal?,Red,1.520
99,Day,0,Practice,Expected,Red,Right,24.26,15.83,-0.3433,0.8681,275.4836,-0.3433,59.18,1,Manual_P,76.49,68.06,-1.000,-1.000,-1.000,None,What was the color of the REAR turn signal?,Red,1.520
99,Day,0,Practice,Expected,Red,Right,24.37,15.94,-0.2850,0.8681,278.4175,-0.2850,59.17,1,Manual_P,76.49,68.06,-1.000,-1.000,-1.000,None,What was the color of the REAR turn signal?,Red,1.520
99,Day,0,Practice,Expected,Red,Right,24.48,16.05,-0.2238,0.8681,281.2978,-0.2238,59.15,1,Manual_P,76.49,68.06,-1.000,-1.000,-1.000,None,What was the color of the REAR turn signal?,Red,1.520
99,Day,0,Practice,Expected,Red,Right,24.58,16.15,-0.1640,0.8681,283.9759,-0.1640,59.14,1,Manual_P,76.49,68.06,-1.000,-1.000,-1.000,None,What was the color of the REAR turn signal?,Red,1.520
99,Day,0,Practice,Expected,Red,Right,24.68,16.25,-0.1019,0.8681,286.6476,-0.1019,59.13,1,Manual_P,76.49,68.06,-1.000,-1.000,-1.000,None,What was the color of the REAR turn signal?,Red,1.520
99,Day,0,Practice,Expected,Red,Right,24.79,16.36,-0.0330,0.8681,289.5211,-0.0330,59.11,1,Manual_P,76.49,68.06,-1.000,-1.000,-1.000,None,What was the color of the REAR turn signal?,Red,1.520
99,Day,0,Practice,Expected,Red,Right,24.90,16.47,0.0391,0.8681,292.4492,0.0391,59.10,1,Manual_P,76.49,68.06,-1.000,-1.000,-1.000,None,What was the color of the REAR turn signal?,Red,1.520
99,Day,0,Practice,Expected,Red,Right,25.01,16.58,0.1115,0.8681,295.3285,0.1115,59.08,1,Manual_P,76.49,68.06,-1.000,-1.000,-1.000,None,What was the color of the REAR turn signal?,Red,1.520
99,Day,0,Practice,Expected,Red,Right,25.12,16.69,0.1851,0.8681,298.2062,0.1851,59.07,1,Manual_P,76.49,68.06,-1.000,-1.000,-1.000,None,What was the color of the REAR turn signal?,Red,1.520
99,Day,0,Practice,Expected,Red,Right,25.23,16.80,0.2613,0.8681,301.1437,0.2613,59.05,1,Manual_P,76.49,68.06,-1.000,-1.000,-1.000,None,What was the color of the REAR turn signal?,Red,1.520
99,Day,0,Practice,Expected,Red,Right,25.34,16.91,0.3368,0.8681,304.0249,0.3368,59.04,1,Manual_P,76.49,68.06,-1.000,-1.000,-1.000,None,What was the color of the REAR turn signal?,Red,1.520
99,Day,0,Practice,Expected,Red,Right,25.45,17.02,0.4147,0.8681,306.9717,0.4147,59.02,1,Manual_P,76.49,68.06,-1.000,-1.000,-1.000,None,What was the color of the REAR turn signal?,Red,1.520
99,Day,0,Practice,Expected,Red,Right,25.56,17.13,0.4928,0.8681,309.9035,0.4928,59.01,1,Manual_P,76.49,68.06,-1.000,-1.000,-1.000,None,What was the color of the REAR turn signal?,Red,1.520
99,Day,0,Practice,Expected,Red,Right,25.68,17.24,0.5721,0.8681,312.8666,0.5721,58.99,1,Manual_P,76.49,68.06,-1.000,-1.000,-1.000,None,What was the color of the REAR turn signal?,Red,1.520
99,Day,0,Practice,Expected,Red,Right,25.79,17.35,0.6509,0.8681,315.7939,0.6509,58.98,1,Manual_P,76.49,68.06,-1.000,-1.000,-1.000,None,What was the color of the REAR turn signal?,Red,1.520
99,Day,0,Practice,Expected,Red,Right,25.89,17.45,0.7226,0.8681,318.4548,0.7226,58.96,1,Manual_P,76.49,68.06,-1.000,-1.000,-1.000,None,What was the color of the REAR turn signal?,Red,1.520
99,Day,0,Practice,Expected,Red,Right,25.99,17.55,0.7942,0.8681,321.1015,0.7942,58.95,1,Manual_P,76.49,68.06,-1.000,-1.000,-1.000,None,What was the color of the REAR turn signal?,Red,1.520
99,Day,0,Practice,Expected,Red,Right,26.09,17.66,0.8663,0.8681,323.7622,0.8663,58.94,1,Manual_P,76.49,68.06,-1.000,-1.000,-1.000,None,What was the color of the REAR turn signal?,Red,1.520
99,Day,0,Practice,Expected,Red,Right,26.21,17.77,0.9498,0.8681,326.8366,0.9498,58.92,1,Manual_P,76.49,68.06,-1.000,-1.000,-1.000,None,What was the color of the REAR turn signal?,Red,1.520
99,Day,0,Practice,Expected,Red,Right,26.31,17.88,1.0219,0.8681,329.6057,1.0219,58.91,1,Manual_P,76.49,68.06,-1.000,-1.000,-1.000,None,What was the color of the REAR turn signal?,Red,1.520
99,Day,0,Practice,Expected,Red,Right,26.42,17.98,1.0892,0.8681,332.4125,1.0892,58.89,1,Manual_P,76.49,68.06,-1.000,-1.000,-1.000,None,What was the color of the REAR turn signal?,Red,1.520
99,Day,0,Practice,Expected,Red,Right,26.53,18.10,1.1588,0.8681,335.3873,1.1588,58.88,1,Manual_P,76.49,68.06,-1.000,-1.000,-1.000,None,What was the color of the REAR turn signal?,Red,1.520
99,Day,0,Practice,Expected,Red,Right,26.64,18.21,1.2244,0.8681,338.3473,1.2244,58.86,1,Manual_P,76.49,68.06,-1.000,-1.000,-1.000,None,What was the color of the REAR turn signal?,Red,1.520
99,Day,0,Practice,Expected,Red,Right,26.76,18.32,1.2857,0.8681,341.3152,1.2857,58.84,1,Manual_P,76.49,68.06,-1.000,-1.000,-1.000,None,What was the color of the REAR turn signal?,Red,1.520
99,Day,0,Practice,Expected,Red,Right,26.87,18.44,1.3425,0.8681,344.2908,1.3425,58.83,1,Manual_P,76.49,68.06,-1.000,-1.000,-1.000,None,What was the color of the REAR turn signal?,Red,1.520
99,Day,0,Practice,Expected,Red,Right,26.97,18.54,1.3899,0.8681,347.0242,1.3899,58.81,1,Manual_P,76.49,68.06,-1.000,-1.000,-1.000,None,What was the color of the REAR turn signal?,Red,1.520
99,Day,0,Practice,Expected,Red,Right,27.08,18.65,1.4260,0.8681,349.8682,1.4260,58.79,1,Manual_P,76.49,68.06,-1.000,-1.000,-1.000,None,What was the color of the REAR turn signal?,Red,1.520
99,Day,0,Practice,Expected,Red,Right,27.19,18.76,1.4569,0.8681,352.8046,1.4569,58.78,1,Manual_P,76.49,68.06,-1.000,-1.000,-1.000,None,What was the color of the REAR turn signal?,Red,1.520
99,Day,0,Practice,Expected,Red,Right,27.31,18.87,1.4807,0.8681,355.7663,1.4807,58.76,1,Manual_P,76.49,68.06,-1.000,-1.000,-1.000,None,What was the color of the REAR turn signal?,Red,1.520
99,Day,0,Practice,Expected,Red,Right,27.42,18.98,1.4961,0.8681,358.7032,1.4961,58.74,1,Manual_P,76.49,68.06,-1.000,-1.000,-1.000,None,What was the color of the REAR turn signal?,Red,1.520
99,Day,0,Practice,Expected,Red,Right,27.53,19.10,1.5034,0.8696,361.6466,1.5034,58.73,1,Manual_P,76.49,68.06,-1.000,-1.000,-1.000,None,What was the color of the REAR turn signal?,Red,1.520
99,Day,0,Practice,Expected,Red,Right,27.63,19.20,1.5033,0.8710,364.3295,1.5033,58.71,1,Manual_P,76.49,68.06,-1.000,-1.000,-1.000,None,What was the color of the REAR turn signal?,Red,1.520
99,Day,0,Practice,Expected,Red,Right,27.73,19.30,1.4977,0.8692,366.9850,1.4977,58.70,1,Manual_P,76.49,68.06,-1.000,-1.000,-1.000,None,What was the color of the REAR turn signal?,Red,1.520
99,Day,0,Practice,Expected,Red,Right,27.84,19.41,1.4860,0.8687,369.8848,1.4860,58.68,1,Manual_P,76.49,68.06,-1.000,-1.000,-1.000,None,What was the color of the REAR turn signal?,Red,1.520
99,Day,0,Practice,Expected,Red,Right,27.96,19.52,1.4686,0.8703,372.8466,1.4686,58.67,1,Manual_P,76.49,68.06,-1.000,-1.000,-1.000,None,What was the color of the REAR turn signal?,Red,1.520
99,Day,0,Practice,Expected,Red,Right,28.07,19.64,1.4469,0.8689,375.8070,1.4469,58.65,1,Manual_P,76.49,68.06,-1.000,-1.000,-1.000,None,What was the color of the REAR turn signal?,Red,1.520
99,Day,0,Practice,Expected,Red,Right,28.17,19.74,1.4240,0.8680,378.4897,1.4240,58.64,1,Manual_P,76.49,68.06,-1.000,-1.000,-1.000,None,What was the color of the REAR turn signal?,Red,1.520
99,Day,0,Practice,Expected,Red,Right,28.28,19.85,1.3891,0.8677,381.4196,1.3891,58.61,1,Manual_P,76.49,68.06,-1.000,-1.000,-1.000,None,What was the color of the REAR turn signal?,Red,1.520
99,Day,0,Practice,Expected,Red,Right,28.40,19.96,1.3379,0.8679,384.3727,1.3379,58.59,1,Manual_P,76.49,68.06,-1.000,-1.000,-1.000,None,What was the color of the REAR turn signal?,Red,1.520
99,Day,0,Practice,Expected,Red,Right,28.51,20.08,1.2797,0.8681,387.3478,1.2797,58.57,1,Manual_P,76.49,68.06,-1.000,-1.000,-1.000,None,What was the color of the REAR turn signal?,Red,1.520
99,Day,0,Practice,Expected,Red,Right,28.61,20.18,1.2245,0.8682,389.9981,1.2245,58.56,1,Manual_P,76.49,68.06,-1.000,-1.000,-1.000,None,What was the color of the REAR turn signal?,Red,1.520
99,Day,0,Practice,Expected,Red,Right,28.71,20.28,1.1688,0.8682,392.6338,1.1688,58.54,1,Manual_P,76.49,68.06,-1.000,-1.000,-1.000,None,What was the color of the REAR turn signal?,Red,1.520
99,Day,0,Practice,Expected,Red,Right,28.82,20.38,1.1041,0.8682,395.3738,1.1041,58.52,1,Manual_P,76.49,68.06,-1.000,-1.000,-1.000,None,What was the color of the REAR turn signal?,Red,1.520
99,Day,0,Practice,Expected,Red,Right,28.93,20.49,1.0315,0.8682,398.2451,1.0315,58.51,1,Manual_P,76.49,68.06,-1.000,-1.000,-1.000,None,What was the color of the REAR turn signal?,Red,1.520
99,Day,0,Practice,Expected,Red,Right,29.03,20.59,0.9628,0.8681,400.8664,0.9628,58.50,1,Manual_P,76.49,68.06,-1.000,-1.000,-1.000,None,What was the color of the REAR turn signal?,Red,1.520
99,Day,0,Practice,Expected,Red,Right,29.13,20.70,0.8880,0.8681,403.6856,0.8880,58.48,1,Manual_P,76.49,68.06,-1.000,-1.000,-1.000,None,What was the color of the REAR turn signal?,Red,1.520
99,Day,0,Practice,Expected,Red,Right,29.24,20.80,0.8294,0.8681,406.3947,0.8294,58.45,1,Manual_P,76.49,68.06,-1.000,-1.000,-1.000,None,What was the color of the REAR turn signal?,Red,1.520
99,Day,0,Practice,Expected,Red,Right,29.34,20.91,0.7812,0.8681,409.0587,0.7812,58.44,1,Manual_P,76.49,68.06,-1.000,-1.000,-1.000,None,What was the color of the REAR turn signal?,Red,1.520
99,Day,0,Practice,Expected,Red,Right,29.45,21.02,0.7341,0.8681,412.0273,0.7341,58.42,1,Manual_P,76.49,68.06,-1.000,-1.000,-1.000,None,What was the color of the REAR turn signal?,Red,1.520
99,Day,0,Practice,Expected,Red,Right,29.55,21.12,0.7013,0.8681,414.6616,0.7013,58.40,1,Manual_P,76.49,68.06,-1.000,-1.000,-1.000,None,What was the color of the REAR turn signal?,Red,1.520
99,Day,0,Practice,Expected,Red,Right,29.66,21.23,0.6737,0.8681,417.4371,0.6737,58.38,1,Manual_P,76.49,68.06,-1.000,-1.000,-1.000,None,What was the color of the REAR turn signal?,Red,1.520
99,Day,0,Practice,Expected,Red,Right,29.76,21.33,0.6420,0.8681,420.0939,0.6420,58.36,1,Manual_P,76.49,68.06,-1.000,-1.000,-1.000,None,What was the color of the REAR turn signal?,Red,1.520
99,Day,0,Practice,Expected,Red,Right,29.86,21.43,0.6153,0.8681,422.7462,0.6153,58.35,1,Manual_P,76.49,68.06,-1.000,-1.000,-1.000,None,What was the color of the REAR turn signal?,Red,1.520
99,Day,0,Practice,Expected,Red,Right,29.97,21.53,0.5915,0.8681,425.3878,0.5915,58.34,1,Manual_P,76.49,68.06,-1.000,-1.000,-1.000,None,What was the color of the REAR turn signal?,Red,1.520
99,Day,0,Practice,Expected,Red,Right,30.07,21.64,0.5661,0.8681,428.1605,0.5661,58.32,1,Manual_P,76.49,68.06,-1.000,-1.000,-1.000,None,What was the color of the REAR turn signal?,Red,1.520
99,Day,0,Practice,Expected,Red,Right,30.18,21.75,0.5381,0.8681,430.9408,0.5381,58.34,1,Manual_P,76.49,68.06,-1.000,-1.000,-1.000,None,What was the color of the REAR turn signal?,Red,1.520
99,Day,0,Practice,Expected,Red,Right,30.29,21.86,0.5053,0.8681,433.8106,0.5053,58.47,1,Manual_P,76.49,68.06,-1.000,-1.000,-1.000,None,What was the color of the REAR turn signal?,Red,1.520
99,Day,0,Practice,Expected,Red,Right,30.39,21.96,0.4701,0.8681,436.5361,0.4701,58.58,1,Manual_P,76.49,68.06,-1.000,-1.000,-1.000,None,What was the color of the REAR turn signal?,Red,1.520
99,Day,0,Practice,Expected,Red,Right,30.50,22.06,0.4310,0.8681,439.2489,0.4310,58.76,1,Manual_P,76.49,68.06,-1.000,-1.000,-1.000,None,What was the color of the REAR turn signal?,Red,1.520
99,Day,0,Practice,Expected,Red,Right,30.60,22.17,0.3883,0.8681,441.9464,0.3883,58.84,1,Manual_P,76.49,68.06,-1.000,-1.000,-1.000,None,What was the color of the REAR turn signal?,Red,1.520
99,Day,0,Practice,Expected,Red,Right,30.70,22.27,0.3429,0.8681,444.6101,0.3429,58.86,1,Manual_P,76.49,68.06,-1.000,-1.000,-1.000,None,What was the color of the REAR turn signal?,Red,1.520
99,Day,0,Practice,Expected,Red,Right,30.80,22.37,0.2939,0.8681,447.3011,0.2939,58.96,1,Manual_P,76.49,68.06,-1.000,-1.000,-1.000,None,What was the color of the REAR turn signal?,Red,1.520
99,Day,0,Practice,Expected,Red,Right,30.91,22.48,0.2390,0.8681,450.1517,0.2390,59.18,1,Manual_P,76.49,68.06,-1.000,-1.000,-1.000,None,What was the color of the REAR turn signal?,Red,1.520
99,Day,0,Practice,Expected,Red,Right,31.02,22.58,0.1845,0.8681,452.9727,0.1845,59.34,1,Manual_P,76.49,68.06,-1.000,-1.000,-1.000,None,What was the color of the REAR turn signal?,Red,1.520
99,Day,0,Practice,Expected,Red,Right,31.12,22.69,0.1407,0.8681,455.7424,0.1407,59.36,1,Manual_P,76.49,68.06,-1.000,-1.000,-1.000,None,What was the color of the REAR turn signal?,Red,1.520
99,Day,0,Practice,Expected,Red,Right,31.22,22.79,0.0984,0.8681,458.4832,0.0984,59.36,1,Manual_P,76.49,68.06,-1.000,-1.000,-1.000,None,What was the color of the REAR turn signal?,Red,1.520
99,Day,0,Practice,Expected,Red,Right,31.33,22.90,0.0567,0.8681,461.4024,0.0567,59.34,1,Manual_P,76.49,68.06,-1.000,-1.000,-1.000,None,What was the color of the REAR turn signal?,Red,1.520
99,Day,0,Practice,Expected,Red,Right,31.44,23.00,0.0226,0.8681,464.1545,0.0226,59.39,1,Manual_P,76.49,68.06,-1.000,-1.000,-1.000,None,What was the color of the REAR turn signal?,Red,1.520
99,Day,0,Practice,Expected,Red,Right,31.54,23.11,-0.0063,0.8681,466.9615,-0.0063,59.58,1,Manual_P,76.49,68.06,-1.000,-1.000,-1.000,None,What was the color of the REAR turn signal?,Red,1.520
99,Day,0,Practice,Expected,Red,Right,31.65,23.21,-0.0284,0.8681,469.7071,-0.0284,59.77,1,Manual_P,76.49,68.06,-1.000,-1.000,-1.000,None,What was the color of the REAR turn signal?,Red,1.520
99,Day,0,Practice,Expected,Red,Right,31.75,23.32,-0.0451,0.8681,472.4804,-0.0451,59.82,1,Manual_P,76.49,68.06,-1.000,-1.000,-1.000,None,What was the color of the REAR turn signal?,Red,1.520
99,Day,0,Practice,Expected,Red,Right,31.86,23.43,-0.0568,0.8681,475.3732,-0.0568,59.85,1,Manual_P,76.49,68.06,-1.000,-1.000,-1.000,None,What was the color of the REAR turn signal?,Red,1.520
99,Day,0,Practice,Expected,Red,Right,31.97,23.53,-0.0634,0.8681,478.3170,-0.0634,59.95,1,Manual_P,76.49,68.06,-1.000,-1.000,-1.000,None,What was the color of the REAR turn signal?,Red,1.520
99,Day,0,Practice,Expected,Red,Right,32.08,23.64,-0.0653,0.8681,481.1854,-0.0653,60.00,1,Manual_P,76.49,68.06,-1.000,-1.000,-1.000,None,What was the color of the REAR turn signal?,Red,1.520
99,Day,0,Practice,Expected,Red,Right,32.18,23.75,-0.0634,0.8681,484.0984,-0.0634,60.17,1,Manual_P,76.49,68.06,-1.000,-1.000,-1.000,None,What was the color of the REAR turn signal?,Red,1.520
99,Day,0,Practice,Expected,Red,Right,32.29,23.86,-0.0581,0.8681,486.9652,-0.0581,60.23,1,Manual_P,76.49,68.06,-1.000,-1.000,-1.000,None,What was the color of the REAR turn signal?,Red,1.520
99,Day,0,Practice,Expected,Red,Right,32.40,23.96,-0.0502,0.8681,489.8286,-0.0502,60.24,1,Manual_P,76.49,68.06,-1.000,-1.000,-1.000,None,What was the color of the REAR turn signal?,Red,1.520
99,Day,0,Practice,Expected,Red,Right,32.51,24.07,-0.0394,0.8681,492.8206,-0.0394,60.32,1,Manual_P,76.49,68.06,-1.000,-1.000,-1.000,None,What was the color of the REAR turn signal?,Red,1.520
99,Day,0,Practice,Expected,Red,Right,32.61,24.18,-0.0275,0.8681,495.5962,-0.0275,60.37,1,Manual_P,76.49,68.06,-1.000,-1.000,-1.000,None,What was the color of the REAR turn signal?,Red,1.520
99,Day,0,Practice,Expected,Red,Right,32.72,24.29,-0.0134,0.8681,498.5176,-0.0134,60.37,1,Manual_P,76.49,68.06,-1.000,-1.000,-1.000,None,What was the color of the REAR turn signal?,Red,1.520
99,Day,0,Practice,Expected,Red,Right,32.82,24.39,0.0014,0.8681,501.2984,0.0014,60.36,1,Manual_P,76.49,68.06,-1.000,-1.000,-1.000,None,What was the color of the REAR turn signal?,Red,1.520
99,Day,0,Practice,Expected,Red,Right,32.93,24.50,0.0178,0.8681,504.2055,0.0178,60.35,1,Manual_P,76.49,68.06,-1.000,-1.000,-1.000,None,What was the color of the REAR turn signal?,Red,1.520
99,Day,0,Practice,Expected,Red,Right,33.04,24.60,0.0350,0.8681,507.0732,0.0350,60.40,1,Manual_P,76.49,68.06,-1.000,-1.000,-1.000,None,What was the color of the REAR turn signal?,Red,1.520
99,Day,0,Practice,Expected,Red,Right,33.15,24.71,0.0535,0.8681,510.0319,0.0535,60.59,1,Manual_P,76.49,68.06,-1.000,-1.000,-1.000,None,What was the color of the REAR turn signal?,Red,1.520
99,Day,0,Practice,Expected,Red,Right,33.25,24.82,0.0720,0.8681,512.8974,0.0720,60.74,1,Manual_P,76.49,68.06,-1.000,-1.000,-1.000,None,What was the color of the REAR turn signal?,Red,1.520
99,Day,0,Practice,Expected,Red,Right,33.36,24.92,0.0907,0.8681,515.7134,0.0907,60.76,1,Manual_P,76.49,68.06,-1.000,-1.000,-1.000,None,What was the color of the REAR turn signal?,Red,1.520
99,Day,0,Practice,Expected,Red,Right,33.46,25.03,0.1100,0.8681,518.5748,0.1100,60.76,1,Manual_P,76.49,68.06,-1.000,-1.000,-1.000,None,What was the color of the REAR turn signal?,Red,1.520
99,Day,0,Practice,Expected,Red,Right,33.57,25.13,0.1296,0.8681,521.5032,0.1296,60.74,1,Manual_P,76.49,68.06,-1.000,-1.000,-1.000,None,What was the color of the REAR turn signal?,Red,1.520
99,Day,0,Practice,Expected,Red,Right,33.68,25.25,0.1358,0.8681,524.5146,0.1358,60.71,1,Manual_P,76.49,68.06,-1.000,-1.000,-1.000,None,What was the color of the REAR turn signal?,Red,1.520
99,Day,0,Practice,Expected,Red,Right,33.79,25.35,0.1321,0.8681,527.4215,0.1321,60.70,1,Manual_P,76.49,68.06,-1.000,-1.000,-1.000,None,What was the color of the REAR turn signal?,Red,1.520
99,Day,0,Practice,Expected,Red,Right,33.89,25.46,0.1227,0.8681,530.3036,0.1227,60.68,1,Manual_P,76.49,68.06,-1.000,-1.000,-1.000,None,What was the color of the REAR turn signal?,Red,1.520
99,Day,0,Practice,Expected,Red,Right,34.00,25.57,0.1040,0.8681,533.2327,0.1040,60.66,1,Manual_P,76.49,68.06,-1.000,-1.000,-1.000,None,What was the color of the REAR turn signal?,Red,1.520
99,Day,0,Practice,Expected,Red,Right,34.11,25.68,0.0804,0.8681,536.2301,0.0804,60.65,1,Manual_P,76.49,68.06,-1.000,-1.000,-1.000,None,What was the color of the REAR turn signal?,Red,1.520
99,Day,0,Practice,Expected,Red,Right,34.22,25.78,0.0511,0.8681,539.0804,0.0511,60.63,1,Manual_P,76.49,68.06,-1.000,-1.000,-1.000,None,What was the color of the REAR turn signal?,Red,1.520
99,Day,0,Practice,Expected,Red,Right,34.33,25.89,0.0122,0.8681,542.0859,0.0122,60.61,1,Manual_P,76.49,68.06,-1.000,-1.000,-1.000,None,What was the color of the REAR turn signal?,Red,1.520
99,Day,0,Practice,Expected,Red,Right,34.43,26.00,-0.0300,0.8681,544.9343,-0.0300,60.60,1,Manual_P,76.49,68.06,-1.000,-1.000,-1.000,None,What was the color of the REAR turn signal?,Red,1.520
99,Day,0,Practice,Expected,Red,Right,34.54,26.10,-0.0761,0.8681,547.7960,-0.0761,60.58,1,Manual_P,76.49,68.06,-1.000,-1.000,-1.000,None,What was the color of the REAR turn signal?,Red,1.520
99,Day,0,Practice,Expected,Red,Right,34.64,26.21,-0.1248,0.8681,550.6555,-0.1248,60.57,1,Manual_P,76.49,68.06,-1.000,-1.000,-1.000,None,What was the color of the REAR turn signal?,Red,1.520
99,Day,0,Practice,Expected,Red,Right,34.75,26.32,-0.1742,0.8681,553.5942,-0.1742,60.54,1,Manual_P,76.49,68.06,-1.000,-1.000,-1.000,None,What was the color of the REAR turn signal?,Red,1.520
99,Day,0,Practice,Expected,Red,Right,34.86,26.42,-0.2106,0.8681,556.4625,-0.2106,60.53,1,Manual_P,76.49,68.06,-1.000,-1.000,-1.000,None,What was the color of the REAR turn signal?,Red,1.520
99,Day,0,Practice,Expected,Red,Right,34.96,26.53,-0.2443,0.8681,559.3079,-0.2443,60.51,1,Manual_P,76.49,68.06,-1.000,-1.000,-1.000,None,What was the color of the REAR turn signal?,Red,1.520
99,Day,0,Practice,Expected,Red,Right,35.07,26.64,-0.2734,0.8681,562.1802,-0.2734,60.50,1,Manual_P,76.49,68.06,-1.000,-1.000,-1.000,None,What was the color of the REAR turn signal?,Red,1.520
99,Day,0,Practice,Expected,Red,Right,35.18,26.75,-0.2969,0.8681,565.2372,-0.2969,60.48,1,Manual_P,76.49,68.06,-1.000,-1.000,-1.000,None,What was the color of the REAR turn signal?,Red,1.520
99,Day,0,Practice,Expected,Red,Right,35.29,26.86,-0.3110,0.8681,568.1492,-0.3110,60.46,1,Manual_P,76.49,68.06,-1.000,-1.000,-1.000,None,What was the color of the REAR turn signal?,Red,1.520
99,Day,0,Practice,Expected,Red,Right,35.40,26.96,-0.3170,0.8681,571.0015,-0.3170,60.45,1,Manual_P,76.49,68.06,-1.000,-1.000,-1.000,None,What was the color of the REAR turn signal?,Red,1.520
99,Day,0,Practice,Expected,Red,Right,35.51,27.07,-0.3156,0.8681,573.9500,-0.3156,60.43,1,Manual_P,76.49,68.06,-1.000,-1.000,-1.000,None,What was the color of the REAR turn signal?,Red,1.520
99,Day,0,Practice,Expected,Red,Right,35.61,27.18,-0.3073,0.8681,576.8191,-0.3073,60.42,1,Manual_P,76.49,68.06,-1.000,-1.000,-1.000,None,What was the color of the REAR turn signal?,Red,1.520
99,Day,0,Practice,Expected,Red,Right,35.72,27.28,-0.2932,0.8681,579.6672,-0.2932,60.40,1,Manual_P,76.49,68.06,-1.000,-1.000,-1.000,None,What was the color of the REAR turn signal?,Red,1.520
99,Day,0,Practice,Expected,Red,Right,35.82,27.39,-0.2737,0.8681,582.5553,-0.2737,60.38,1,Manual_P,76.49,68.06,-1.000,-1.000,-1.000,None,What was the color of the REAR turn signal?,Red,1.520
99,Day,0,Practice,Expected,Red,Right,35.93,27.50,-0.2497,0.8681,585.4232,-0.2497,60.37,1,Manual_P,76.49,68.06,-1.000,-1.000,-1.000,None,What was the color of the REAR turn signal?,Red,1.520
99,Day,0,Practice,Expected,Red,Right,36.04,27.60,-0.2216,0.8681,588.3172,-0.2216,60.35,1,Manual_P,76.49,68.06,-1.000,-1.000,-1.000,None,What was the color of the REAR turn signal?,Red,1.520
99,Day,0,Practice,Expected,Red,Right,36.14,27.71,-0.1904,0.8681,591.1948,-0.1904,60.34,1,Manual_P,76.49,68.06,-1.000,-1.000,-1.000,None,What was the color of the REAR turn signal?,Red,1.520
99,Day,0,Practice,Expected,Red,Right,36.25,27.82,-0.1565,0.8681,594.0640,-0.1565,60.32,1,Manual_P,76.49,68.06,-1.000,-1.000,-1.000,None,What was the color of the REAR turn signal?,Red,1.520
99,Day,0,Practice,Expected,Red,Right,36.36,27.92,-0.1203,0.8681,596.9364,-0.1203,60.31,1,Manual_P,76.49,68.06,-1.000,-1.000,-1.000,None,What was the color of the REAR turn signal?,Red,1.520
99,Day,0,Practice,Expected,Red,Right,36.47,28.03,-0.0833,0.8681,599.9203,-0.0833,60.29,1,Manual_P,76.49,68.06,-1.000,-1.000,-1.000,None,What was the color of the REAR turn signal?,Red,1.520
99,Day,0,Practice,Expected,Red,Right,36.58,28.14,-0.0639,0.8681,602.8614,-0.0639,60.26,1,Manual_P,76.49,68.06,-1.000,-1.000,-1.000,None,What was the color of the REAR turn signal?,Red,1.520
99,Day,0,Practice,Expected,Red,Right,36.69,28.25,-0.0502,0.8681,605.8054,-0.0502,60.24,1,Manual_P,76.49,68.06,-1.000,-1.000,-1.000,None,What was the color of the REAR turn signal?,Red,1.520
99,Day,0,Practice,Expected,Red,Right,36.80,28.36,-0.0436,0.8681,608.7732,-0.0436,60.23,1,Manual_P,76.49,68.06,-1.000,-1.000,-1.000,None,What was the color of the REAR turn signal?,Red,1.520
99,Day,0,Practice,Expected,Red,Right,36.91,28.47,-0.0469,0.8681,611.7759,-0.0469,60.21,1,Manual_P,76.49,68.06,-1.000,-1.000,-1.000,None,What was the color of the REAR turn signal?,Red,1.520
99,Day,0,Practice,Expected,Red,Right,37.02,28.59,-0.0524,0.8681,614.8033,-0.0524,60.19,1,Manual_P,76.49,68.06,-1.000,-1.000,-1.000,None,What was the color of the REAR turn signal?,Red,1.520
99,Day,0,Practice,Expected,Red,Right,37.13,28.69,-0.0661,0.8681,617.6993,-0.0661,60.17,1,Manual_P,76.49,68.06,-1.000,-1.000,-1.000,None,What was the color of the REAR turn signal?,Red,1.520
99,Day,0,Practice,Expected,Red,Right,37.24,28.80,-0.0868,0.8681,620.6174,-0.0868,60.16,1,Manual_P,76.49,68.06,-1.000,-1.000,-1.000,None,What was the color of the REAR turn signal?,Red,1.520
99,Day,0,Practice,Expected,Red,Right,37.35,28.91,-0.1127,0.8681,623.6349,-0.1127,60.14,1,Manual_P,76.49,68.06,-1.000,-1.000,-1.000,None,What was the color of the REAR turn signal?,Red,1.520
99,Day,0,Practice,Expected,Red,Right,37.46,29.03,-0.1324,0.8681,626.6050,-0.1324,60.12,1,Manual_P,76.49,68.06,-1.000,-1.000,-1.000,None,What was the color of the REAR turn signal?,Red,1.520
99,Day,0,Practice,Expected,Red,Right,37.57,29.13,-0.1487,0.8681,629.5267,-0.1487,60.11,1,Manual_P,76.49,68.06,-1.000,-1.000,-1.000,None,What was the color of the REAR turn signal?,Red,1.520
99,Day,0,Practice,Expected,Red,Right,37.68,29.24,-0.1626,0.8681,632.4756,-0.1626,60.09,1,Manual_P,76.49,68.06,-1.000,-1.000,-1.000,None,What was the color of the REAR turn signal?,Red,1.520
99,Day,0,Practice,Expected,Red,Right,37.78,29.35,-0.1712,0.8681,635.1985,-0.1712,60.08,1,Manual_P,76.49,68.06,-1.000,-1.000,-1.000,None,What was the color of the REAR turn signal?,Red,1.520
99,Day,0,Practice,Expected,Red,Right,37.89,29.46,-0.1749,0.8681,638.2301,-0.1749,60.06,1,Manual_P,76.49,68.06,-1.000,-1.000,-1.000,None,What was the color of the REAR turn signal?,Red,1.520
99,Day,0,Practice,Expected,Red,Right,38.00,29.57,-0.1811,0.8681,641.2089,-0.1811,60.04,1,Manual_P,76.49,68.06,-1.000,-1.000,-1.000,None,What was the color of the REAR turn signal?,Red,1.520
99,Day,0,Practice,Expected,Red,Right,38.11,29.68,-0.1848,0.8681,644.1529,-0.1848,60.03,1,Manual_P,76.49,68.06,-1.000,-1.000,-1.000,None,What was the color of the REAR turn signal?,Red,1.520
99,Day,0,Practice,Expected,Red,Right,38.22,29.79,-0.1863,0.8681,647.1194,-0.1863,60.01,1,Manual_P,76.49,68.06,-1.000,-1.000,-1.000,None,What was the color of the REAR turn signal?,Red,1.520
99,Day,0,Practice,Expected,Red,Right,38.34,29.90,-0.1862,0.8681,650.1627,-0.1862,59.99,1,Manual_P,76.49,68.06,-1.000,-1.000,-1.000,None,What was the color of the REAR turn signal?,Red,1.520
99,Day,0,Practice,Expected,Red,Right,38.45,30.01,-0.1770,0.8681,653.0919,-0.1770,59.97,1,Manual_P,76.49,68.06,-1.000,-1.000,-1.000,None,What was the color of the REAR turn signal?,Red,1.520
99,Day,0,Practice,Expected,Red,Right,38.55,30.12,-0.1672,0.8681,655.9772,-0.1672,59.96,1,Manual_P,76.49,68.06,-1.000,-1.000,-1.000,None,What was the color of the REAR turn signal?,Red,1.520
99,Day,0,Practice,Expected,Red,Right,38.66,30.23,-0.1552,0.8681,658.9293,-0.1552,59.94,1,Manual_P,76.49,68.06,-1.000,-1.000,-1.000,None,What was the color of the REAR turn signal?,Red,1.520
99,Day,0,Practice,Expected,Red,Right,38.77,30.34,-0.1401,0.8681,661.8070,-0.1401,59.93,1,Manual_P,76.49,68.06,-1.000,-1.000,-1.000,None,What was the color of the REAR turn signal?,Red,1.520
99,Day,0,Practice,Expected,Red,Right,38.89,30.45,-0.1211,0.8681,664.8922,-0.1211,59.91,1,Manual_P,76.49,68.06,-1.000,-1.000,-1.000,None,What was the color of the REAR turn signal?,Red,1.520
99,Day,0,Practice,Expected,Red,Right,38.99,30.55,-0.1099,0.8681,667.6429,-0.1099,59.89,1,Manual_P,76.49,68.06,-1.000,-1.000,-1.000,None,What was the color of the REAR turn signal?,Red,1.520
99,Day,0,Practice,Expected,Red,Right,39.10,30.67,-0.0956,0.8681,670.7473,-0.0956,59.88,1,Manual_P,76.49,68.06,-1.000,-1.000,-1.000,None,What was the color of the REAR turn signal?,Red,1.520
99,Day,0,Practice,Expected,Red,Right,39.22,30.79,-0.0820,0.8681,673.8340,-0.0820,59.86,1,Manual_P,76.49,68.06,-1.000,-1.000,-1.000,None,What was the color of the REAR turn signal?,Red,1.520
99,Day,0,Practice,Expected,Red,Right,39.32,30.89,-0.0712,0.8681,676.5583,-0.0712,59.85,1,Manual_P,76.49,68.06,-1.000,-1.000,-1.000,None,What was the color of the REAR turn signal?,Red,1.520
99,Day,0,Practice,Expected,Red,Right,39.43,31.00,-0.0512,0.8681,679.5468,-0.0512,59.82,1,Manual_P,76.49,68.06,-1.000,-1.000,-1.000,None,What was the color of the REAR turn signal?,Red,1.520
99,Day,0,Practice,Expected,Red,Right,39.54,31.11,-0.0313,0.8681,682.5045,-0.0313,59.81,1,Manual_P,76.49,68.06,-1.000,-1.000,-1.000,None,What was the color of the REAR turn signal?,Red,1.520
99,Day,0,Practice,Expected,Red,Right,39.66,31.22,-0.0101,0.8681,685.5132,-0.0101,59.80,1,Manual_P,76.49,68.06,-1.000,-1.000,-1.000,None,What was the color of the REAR turn signal?,Red,1.520
99,Day,0,Practice,Expected,Red,Right,39.77,31.34,0.0139,0.8681,688.5085,0.0139,59.78,1,Manual_P,76.49,68.06,-1.000,-1.000,-1.000,None,What was the color of the REAR turn signal?,Red,1.520
99,Day,0,Practice,Expected,Red,Right,39.88,31.44,0.0408,0.8681,691.3982,0.0408,59.77,1,Manual_P,76.49,68.06,-1.000,-1.000,-1.000,None,What was the color of the REAR turn signal?,Red,1.520
99,Day,0,Practice,Expected,Red,Right,40.00,31.56,0.0751,0.8681,694.5925,0.0751,59.75,1,Manual_P,76.49,68.06,-1.000,-1.000,-1.000,None,What was the color of the REAR turn signal?,Red,1.520
99,Day,0,Practice,Expected,Red,Right,40.11,31.68,0.1120,0.8681,697.6095,0.1120,59.73,1,Manual_P,76.49,68.06,-1.000,-1.000,-1.000,None,What was the color of the REAR turn signal?,Red,1.520
99,Day,0,Practice,Expected,Red,Right,40.22,31.79,0.1478,0.8681,700.6346,0.1478,59.70,1,Manual_P,76.49,68.06,-1.000,-1.000,-1.000,None,What was the color of the REAR turn signal?,Red,1.520
99,Day,0,Practice,Expected,Red,Right,40.33,31.90,0.1658,0.8681,703.5749,0.1658,59.68,1,Manual_P,76.49,68.06,-1.000,-1.000,-1.000,None,What was the color of the REAR turn signal?,Red,1.520
99,Day,0,Practice,Expected,Red,Right,40.44,32.01,0.1798,0.8681,706.4834,0.1798,59.67,1,Manual_P,76.49,68.06,-1.000,-1.000,-1.000,None,What was the color of the REAR turn signal?,Red,1.520
99,Day,0,Practice,Expected,Red,Right,40.55,32.12,0.1869,0.8681,709.4438,0.1869,59.65,1,Manual_P,76.49,68.06,-1.000,-1.000,-1.000,None,What was the color of the REAR turn signal?,Red,1.520
99,Day,0,Practice,Expected,Red,Right,40.67,32.23,0.1901,0.8681,712.5101,0.1901,59.63,1,Manual_P,76.49,68.06,-1.000,-1.000,-1.000,None,What was the color of the REAR turn signal?,Red,1.520
99,Day,0,Practice,Expected,Red,Right,40.78,32.35,0.1937,0.8681,715.4729,0.1937,59.61,1,Manual_P,76.49,68.06,-1.000,-1.000,-1.000,None,What was the color of the REAR turn signal?,Red,1.520
99,Day,0,Practice,Expected,Red,Right,40.89,32.45,0.1898,0.8681,718.3773,0.1898,59.59,1,Manual_P,76.49,68.06,-1.000,-1.000,-1.000,None,What was the color of the REAR turn signal?,Red,1.520
99,Day,0,Practice,Expected,Red,Right,41.00,32.57,0.1820,0.8681,721.3608,0.1820,59.58,1,Manual_P,76.49,68.06,-1.000,-1.000,-1.000,None,What was the color of the REAR turn signal?,Red,1.520
99,Day,0,Practice,Expected,Red,Right,41.11,32.68,0.1731,0.8681,724.2896,0.1731,59.56,1,Manual_P,76.49,68.06,-1.000,-1.000,-1.000,None,What was the color of the REAR turn signal?,Red,1.520
99,Day,0,Practice,Expected,Red,Right,41.22,32.79,0.1641,0.8681,727.3416,0.1641,59.55,1,Manual_P,76.49,68.06,-1.000,-1.000,-1.000,None,What was the color of the REAR turn signal?,Red,1.520
99,Day,0,Practice,Expected,Red,Right,41.33,32.90,0.1529,0.8681,730.1387,0.1529,59.53,1,Manual_P,76.49,68.06,-1.000,-1.000,-1.000,None,What was the color of the REAR turn signal?,Red,1.520
99,Day,0,Practice,Expected,Red,Right,41.44,33.01,0.1401,0.8681,733.0485,0.1401,59.52,1,Manual_P,76.49,68.06,-1.000,-1.000,-1.000,None,What was the color of the REAR turn signal?,Red,1.520
99,Day,0,Practice,Expected,Red,Right,41.55,33.12,0.1272,0.8681,735.9992,0.1272,59.50,1,Manual_P,76.49,68.06,-1.000,-1.000,-1.000,None,What was the color of the REAR turn signal?,Red,1.520
99,Day,0,Practice,Expected,Red,Right,41.66,33.23,0.1133,0.8681,738.9833,0.1133,59.49,1,Manual_P,76.49,68.06,-1.000,-1.000,-1.000,None,What was the color of the REAR turn signal?,Red,1.520
99,Day,0,Practice,Expected,Red,Right,41.77,33.34,0.0983,0.8681,741.8937,0.0983,59.47,1,Manual_P,76.49,68.06,-1.000,-1.000,-1.000,None,What was the color of the REAR turn signal?,Red,1.520
99,Day,0,Practice,Expected,Red,Right,41.89,33.45,0.0811,0.8681,744.9115,0.0811,59.46,1,Manual_P,76.49,68.06,-1.000,-1.000,-1.000,None,What was the color of the REAR turn signal?,Red,1.520
99,Day,0,Practice,Expected,Red,Right,41.99,33.55,0.0723,0.8681,747.6281,0.0723,59.44,1,Manual_P,76.49,68.06,-1.000,-1.000,-1.000,None,What was the color of the REAR turn signal?,Red,1.520
99,Day,0,Practice,Expected,Red,Right,42.10,33.67,0.0655,0.8681,750.6373,0.0655,59.42,1,Manual_P,76.49,68.06,-1.000,-1.000,-1.000,None,What was the color of the REAR turn signal?,Red,1.520
99,Day,0,Practice,Expected,Red,Right,42.21,33.78,0.0608,0.8681,753.6503,0.0608,59.41,1,Manual_P,76.49,68.06,-1.000,-1.000,-1.000,None,What was the color of the REAR turn signal?,Red,1.520
99,Day,0,Practice,Expected,Red,Right,42.33,33.89,0.0602,0.8681,756.6136,0.0602,59.39,1,Manual_P,76.49,68.06,-1.000,-1.000,-1.000,None,What was the color of the REAR turn signal?,Red,1.520
99,Day,0,Practice,Expected,Red,Right,42.44,34.00,0.0646,0.8681,759.5467,0.0646,59.37,1,Manual_P,76.49,68.06,-1.000,-1.000,-1.000,None,What was the color of the REAR turn signal?,Red,1.520
99,Day,0,Practice,Expected,Red,Right,42.55,34.12,0.0746,0.8681,762.5957,0.0746,59.36,1,Manual_P,76.49,68.06,-1.000,-1.000,-1.000,None,What was the color of the REAR turn signal?,Red,1.520
99,Day,0,Practice,Expected,Red,Right,42.66,34.23,0.0899,0.8681,765.6057,0.0899,59.34,1,Manual_P,76.49,68.06,-1.000,-1.000,-1.000,None,What was the color of the REAR turn signal?,Red,1.520
99,Day,0,Practice,Expected,Red,Right,42.77,34.33,0.1075,0.8681,768.2823,0.1075,59.33,1,Manual_P,76.49,68.06,-1.000,-1.000,-1.000,None,What was the color of the REAR turn signal?,Red,1.520
99,Day,0,Practice,Expected,Red,Right,42.87,34.44,0.1293,0.8681,771.0320,0.1293,59.31,1,Manual_P,76.49,68.06,-1.000,-1.000,-1.000,None,What was the color of the REAR turn signal?,Red,1.520
99,Day,0,Practice,Expected,Red,Right,42.98,34.55,0.1563,0.8681,773.9771,0.1563,59.30,1,Manual_P,76.49,68.06,-1.000,-1.000,-1.000,None,What was the color of the REAR turn signal?,Red,1.520
99,Day,0,Practice,Expected,Red,Right,43.10,34.66,0.1876,0.8681,777.0299,0.1876,59.28,1,Manual_P,76.49,68.06,-1.000,-1.000,-1.000,None,What was the color of the REAR turn signal?,Red,1.520
99,Day,0,Practice,Expected,Red,Right,43.21,34.78,0.2217,0.8681,780.0625,0.2217,59.27,1,Manual_P,76.49,68.06,-1.000,-1.000,-1.000,None,What was the color of the REAR turn signal?,Red,1.520
99,Day,0,Practice,Expected,Red,Right,43.31,34.88,0.2534,0.8681,782.7139,0.2534,59.26,1,Manual_P,76.49,68.06,-1.000,-1.000,-1.000,None,What was the color of the REAR turn signal?,Red,1.520
99,Day,0,Practice,Expected,Red,Right,43.41,34.98,0.2868,0.8681,785.3643,0.2868,59.24,1,Manual_P,76.49,68.06,-1.000,-1.000,-1.000,None,What was the color of the REAR turn signal?,Red,1.520
99,Day,0,Practice,Expected,Red,Right,43.53,35.09,0.3267,0.8681,788.4056,0.3267,59.23,1,Manual_P,76.49,68.06,-1.000,-1.000,-1.000,None,What was the color of the REAR turn signal?,Red,1.520
99,Day,0,Practice,Expected,Red,Right,43.64,35.21,0.3682,0.8681,791.4651,0.3682,59.21,1,Manual_P,76.49,68.06,-1.000,-1.000,-1.000,None,What was the color of the REAR turn signal?,Red,1.520
99,Day,0,Practice,Expected,Red,Right,43.75,35.32,0.4102,0.8681,794.4689,0.4102,59.20,1,Manual_P,76.49,68.06,-1.000,-1.000,-1.000,None,What was the color of the REAR turn signal?,Red,1.520
99,Day,0,Practice,Expected,Red,Right,43.87,35.43,0.4530,0.8681,797.4634,0.4530,59.18,1,Manual_P,76.49,68.06,-1.000,-1.000,-1.000,None,What was the color of the REAR turn signal?,Red,1.520
99,Day,0,Practice,Expected,Red,Right,43.98,35.55,0.4973,0.8681,800.5106,0.4973,59.17,1,Manual_P,76.49,68.06,-1.000,-1.000,-1.000,None,What was the color of the REAR turn signal?,Red,1.520
99,Day,0,Practice,Expected,Red,Right,44.08,35.65,0.5365,0.8681,803.1737,0.5365,59.15,1,Manual_P,76.49,68.06,-1.000,-1.000,-1.000,None,What was the color of the REAR turn signal?,Red,1.520
99,Day,0,Practice,Expected,Red,Right,44.19,35.76,0.5783,0.8681,805.9808,0.5783,59.14,1,Manual_P,76.49,68.06,-1.000,-1.000,-1.000,None,What was the color of the REAR turn signal?,Red,1.520
99,Day,0,Practice,Expected,Red,Right,44.29,35.86,0.6199,0.8681,808.7518,0.6199,59.12,1,Manual_P,76.49,68.06,-1.000,-1.000,-1.000,None,What was the color of the REAR turn signal?,Red,1.520
99,Day,0,Practice,Expected,Red,Right,44.40,35.97,0.6629,0.8681,811.5961,0.6629,59.11,1,Manual_P,76.49,68.06,-1.000,-1.000,-1.000,None,What was the color of the REAR turn signal?,Red,1.520
99,Day,0,Practice,Expected,Red,Right,44.51,36.08,0.7064,0.8681,814.4598,0.7064,59.10,1,Manual_P,76.49,68.06,-1.000,-1.000,-1.000,None,What was the color of the REAR turn signal?,Red,1.520
99,Day,0,Practice,Expected,Red,Right,44.61,36.18,0.7480,0.8681,817.1871,0.7480,59.08,1,Manual_P,76.49,68.06,-1.000,-1.000,-1.000,None,What was the color of the REAR turn signal?,Red,1.520
99,Day,0,Practice,Expected,Red,Right,44.72,36.29,0.7911,0.8681,819.9979,0.7911,59.07,1,Manual_P,76.49,68.06,-1.000,-1.000,-1.000,None,What was the color of the REAR turn signal?,Red,1.520
99,Day,0,Practice,Expected,Red,Right,44.82,36.39,0.8330,0.8681,822.7239,0.8330,59.05,1,Manual_P,76.49,68.06,-1.000,-1.000,-1.000,None,What was the color of the REAR turn signal?,Red,1.520
99,Day,0,Practice,Expected,Red,Right,44.93,36.49,0.8745,0.8681,825.4219,0.8745,59.04,1,Manual_P,76.49,68.06,-1.000,-1.000,-1.000,None,What was the color of the REAR turn signal?,Red,1.520
99,Day,0,Practice,Expected,Red,Right,45.03,36.59,0.9163,0.8681,828.1252,0.9163,59.03,1,Manual_P,76.49,68.06,-1.000,-1.000,-1.000,None,What was the color of the REAR turn signal?,Red,1.520
99,Day,0,Practice,Expected,Red,Right,45.13,36.70,0.9592,0.8681,830.9037,0.9592,59.01,1,Manual_P,76.49,68.06,-1.000,-1.000,-1.000,None,What was the color of the REAR turn signal?,Red,1.520
99,Day,0,Practice,Expected,Red,Right,45.24,36.80,1.0015,0.8681,833.6362,1.0015,59.00,1,Manual_P,76.49,68.06,-1.000,-1.000,-1.000,None,What was the color of the REAR turn signal?,Red,1.520
99,Day,0,Practice,Expected,Red,Right,45.34,36.91,1.0433,0.8681,836.3368,1.0433,58.98,1,Manual_P,76.49,68.06,-1.000,-1.000,-1.000,None,What was the color of the REAR turn signal?,Red,1.520
99,Day,0,Practice,Expected,Red,Right,45.44,37.01,1.0852,0.8681,839.0435,1.0852,58.97,1,Manual_P,76.49,68.06,-1.000,-1.000,-1.000,None,What was the color of the REAR turn signal?,Red,1.520
99,Day,0,Practice,Expected,Red,Right,45.55,37.11,1.1277,0.8681,841.7850,1.1277,58.96,1,Manual_P,76.49,68.06,-1.000,-1.000,-1.000,None,What was the color of the REAR turn signal?,Red,1.520
99,Day,0,Practice,Expected,Red,Right,45.65,37.22,1.1699,0.8681,844.5005,1.1699,58.94,1,Manual_P,76.49,68.06,-1.000,-1.000,-1.000,None,What was the color of the REAR turn signal?,Red,1.520
99,Day,0,Practice,Expected,Red,Right,45.76,37.33,1.2172,0.8681,847.5508,1.2172,58.93,1,Manual_P,76.49,68.06,-1.000,-1.000,-1.000,None,What was the color of the REAR turn signal?,Red,1.520
99,Day,0,Practice,Expected,Red,Right,45.88,37.45,1.2626,0.8681,850.6384,1.2626,58.91,1,Manual_P,76.49,68.06,-1.000,-1.000,-1.000,None,What was the color of the REAR turn signal?,Red,1.520
99,Day,0,Practice,Expected,Red,Right,45.99,37.56,1.2953,0.8681,853.6068,1.2953,58.89,1,Manual_P,76.49,68.06,-1.000,-1.000,-1.000,None,What was the color of the REAR turn signal?,Red,1.520
99,Day,0,Practice,Expected,Red,Right,46.11,37.67,1.3255,0.8681,856.6017,1.3255,58.87,1,Manual_P,76.49,68.06,-1.000,-1.000,-1.000,None,What was the color of the REAR turn signal?,Red,1.520
99,Day,0,Practice,Expected,Red,Right,46.22,37.79,1.3504,0.8681,859.5743,1.3504,58.86,1,Manual_P,76.49,68.06,-1.000,-1.000,-1.000,None,What was the color of the REAR turn signal?,Red,1.520
99,Day,0,Practice,Expected,Red,Right,46.34,37.90,1.3689,0.8681,862.5654,1.3689,58.84,1,Manual_P,76.49,68.06,-1.000,-1.000,-1.000,None,What was the color of the REAR turn signal?,Red,1.520
99,Day,0,Practice,Expected,Red,Right,46.45,38.01,1.3804,0.8681,865.5118,1.3804,58.83,1,Manual_P,76.49,68.06,-1.000,-1.000,-1.000,None,What was the color of the REAR turn signal?,Red,1.520
99,Day,0,Practice,Expected,Red,Right,46.56,38.13,1.3854,0.8681,868.4683,1.3854,58.81,1,Manual_P,76.49,68.06,-1.000,-1.000,-1.000,None,What was the color of the REAR turn signal?,Red,1.520
99,Day,0,Practice,Expected,Red,Right,46.68,38.24,1.3842,0.8681,871.5260,1.3842,58.79,1,Manual_P,76.49,68.06,-1.000,-1.000,-1.000,None,What was the color of the REAR turn signal?,Red,1.520
99,Day,0,Practice,Expected,Red,Right,46.79,38.36,1.3775,0.8681,874.5139,1.3775,58.78,1,Manual_P,76.49,68.06,-1.000,-1.000,-1.000,None,What was the color of the REAR turn signal?,Red,1.520
99,Day,0,Practice,Expected,Red,Right,46.90,38.47,1.3662,0.8681,877.4636,1.3662,58.76,1,Manual_P,76.49,68.06,-1.000,-1.000,-1.000,None,What was the color of the REAR turn signal?,Red,1.520
99,Day,0,Practice,Expected,Red,Right,47.00,38.57,1.3527,0.8681,880.1127,1.3527,58.75,1,Manual_P,76.49,68.06,-1.000,-1.000,-1.000,None,What was the color of the REAR turn signal?,Red,1.520
99,Day,0,Practice,Expected,Red,Right,47.10,38.67,1.3432,0.8681,882.7902,1.3432,58.73,1,Manual_P,76.49,68.06,-1.000,-1.000,-1.000,None,What was the color of the REAR turn signal?,Red,1.520
99,Day,0,Practice,Expected,Red,Right,47.22,38.78,1.3368,0.8681,885.7581,1.3368,58.71,1,Manual_P,76.49,68.06,-1.000,-1.000,-1.000,None,What was the color of the REAR turn signal?,Red,1.520
99,Day,0,Practice,Expected,Red,Right,47.33,38.90,1.3314,0.8681,888.7247,1.3314,58.70,1,Manual_P,76.49,68.06,-1.000,-1.000,-1.000,None,What was the color of the REAR turn signal?,Red,1.520
99,Day,0,Practice,Expected,Red,Right,47.45,39.01,1.3275,0.8681,891.7442,1.3275,58.68,1,Manual_P,76.49,68.06,-1.000,-1.000,-1.000,None,What was the color of the REAR turn signal?,Red,1.520
99,Day,0,Practice,Expected,Red,Right,47.56,39.13,1.3123,0.8681,894.7903,1.3123,58.66,1,Manual_P,76.49,68.06,-1.000,-1.000,-1.000,None,What was the color of the REAR turn signal?,Red,1.520
99,Day,0,Practice,Expected,Red,Right,47.68,39.24,1.2978,0.8681,897.7981,1.2978,58.64,1,Manual_P,76.49,68.06,-1.000,-1.000,-1.000,None,What was the color of the REAR turn signal?,Red,1.520
99,Day,0,Practice,Expected,Red,Right,47.79,39.35,1.2821,0.8681,900.7178,1.2821,58.63,1,Manual_P,76.49,68.06,-1.000,-1.000,-1.000,None,What was the color of the REAR turn signal?,Red,1.520
99,Day,0,Practice,Expected,Red,Right,47.89,39.46,1.2645,0.8681,903.4906,1.2645,58.61,1,Manual_P,76.49,68.06,-1.000,-1.000,-1.000,None,What was the color of the REAR turn signal?,Red,1.520
99,Day,0,Practice,Expected,Red,Right,48.01,39.57,1.2552,0.8681,906.4925,1.2552,58.59,1,Manual_P,76.49,68.06,-1.000,-1.000,-1.000,None,What was the color of the REAR turn signal?,Red,1.520
99,Day,0,Practice,Expected,Red,Right,48.12,39.69,1.2467,0.8681,909.4922,1.2467,58.57,1,Manual_P,76.49,68.06,-1.000,-1.000,-1.000,None,What was the color of the REAR turn signal?,Red,1.520
99,Day,0,Practice,Expected,Red,Right,48.23,39.80,1.2391,0.8681,912.4084,1.2391,58.55,1,Manual_P,76.49,68.06,-1.000,-1.000,-1.000,None,What was the color of the REAR turn signal?,Red,1.520
99,Day,0,Practice,Expected,Red,Right,48.35,39.91,1.2351,0.8681,915.3886,1.2351,58.54,1,Manual_P,76.49,68.06,-1.000,-1.000,-1.000,None,What was the color of the REAR turn signal?,Red,1.520
99,Day,0,Practice,Expected,Red,Right,48.45,40.02,1.2293,0.8681,918.0143,1.2293,58.52,1,Manual_P,76.49,68.06,-1.000,-1.000,-1.000,None,What was the color of the REAR turn signal?,Red,1.520
99,Day,0,Practice,Expected,Red,Right,48.56,40.13,1.2154,0.8681,920.9714,1.2154,58.50,1,Manual_P,76.49,68.06,-1.000,-1.000,-1.000,None,What was the color of the REAR turn signal?,Red,1.520
99,Day,0,Practice,Expected,Red,Right,48.68,40.24,1.2026,0.8681,923.9948,1.2026,58.49,1,Manual_P,76.49,68.06,-1.000,-1.000,-1.000,None,What was the color of the REAR turn signal?,Red,1.520
99,Day,0,Practice,Expected,Red,Right,48.79,40.36,1.1872,0.8681,927.0261,1.1872,58.47,1,Manual_P,76.49,68.06,-1.000,-1.000,-1.000,None,What was the color of the REAR turn signal?,Red,1.520
99,Day,0,Practice,Expected,Red,Right,48.91,40.48,1.1691,0.8681,930.0652,1.1691,58.45,1,Manual_P,76.49,68.06,-1.000,-1.000,-1.000,None,What was the color of the REAR turn signal?,Red,1.520
99,Day,0,Practice,Expected,Red,Right,49.02,40.59,1.1562,0.8681,933.0511,1.1562,58.43,1,Manual_P,76.49,68.06,-1.000,-1.000,-1.000,None,What was the color of the REAR turn signal?,Red,1.520
99,Day,0,Practice,Expected,Red,Right,49.13,40.70,1.1414,0.8681,935.8107,1.1414,58.42,1,Manual_P,76.49,68.06,-1.000,-1.000,-1.000,None,What was the color of the REAR turn signal?,Red,1.520
99,Day,0,Practice,Expected,Red,Right,49.24,40.81,1.1245,0.8681,938.7743,1.1245,58.40,1,Manual_P,76.49,68.06,-1.000,-1.000,-1.000,None,What was the color of the REAR turn signal?,Red,1.520
99,Day,0,Practice,Expected,Red,Right,49.36,40.92,1.1084,0.8681,941.7480,1.1084,58.39,1,Manual_P,76.49,68.06,-1.000,-1.000,-1.000,None,What was the color of the REAR turn signal?,Red,1.520
99,Day,0,Practice,Expected,Red,Right,49.47,41.04,1.0943,0.8681,944.6896,1.0943,58.37,1,Manual_P,76.49,68.06,-1.000,-1.000,-1.000,None,What was the color of the REAR turn signal?,Red,1.520
99,Day,0,Practice,Expected,Red,Right,49.58,41.15,1.0824,0.8681,947.6219,1.0824,58.36,1,Manual_P,76.49,68.06,-1.000,-1.000,-1.000,None,What was the color of the REAR turn signal?,Red,1.520
99,Day,0,Practice,Expected,Red,Right,49.70,41.26,1.0728,0.8681,950.6096,1.0728,58.34,1,Manual_P,76.49,68.06,-1.000,-1.000,-1.000,None,What was the color of the REAR turn signal?,Red,1.520
99,Day,0,Practice,Expected,Red,Right,49.81,41.38,1.0657,0.8681,953.5531,1.0657,58.33,1,Manual_P,76.49,68.06,-1.000,-1.000,-1.000,None,What was the color of the REAR turn signal?,Red,1.520
99,Day,0,Practice,Expected,Red,Right,49.92,41.49,1.0607,0.8681,956.5336,1.0607,58.31,1,Manual_P,76.49,68.06,-1.000,-1.000,-1.000,None,What was the color of the REAR turn signal?,Red,1.520
99,Day,0,Practice,Expected,Red,Right,50.04,41.61,1.0578,0.8681,959.5654,1.0578,58.30,1,Manual_P,76.49,68.06,-1.000,-1.000,-1.000,None,What was the color of the REAR turn signal?,Red,1.520
99,Day,0,Practice,Expected,Red,Right,50.14,41.71,1.0566,0.8681,962.2021,1.0566,58.28,1,Manual_P,76.49,68.06,-1.000,-1.000,-1.000,None,What was the color of the REAR turn signal?,Red,1.520
99,Day,0,Practice,Expected,Red,Right,50.26,41.82,1.0483,0.8681,965.2480,1.0483,58.26,1,Manual_P,76.49,68.06,-1.000,-1.000,-1.000,None,What was the color of the REAR turn signal?,Red,1.520
99,Day,0,Practice,Expected,Red,Right,50.36,41.93,1.0304,0.8681,967.8657,1.0304,58.24,1,Manual_P,76.49,68.06,-1.000,-1.000,-1.000,None,What was the color of the REAR turn signal?,Red,1.520
99,Day,0,Practice,Expected,Red,Right,50.46,42.03,1.0100,0.8681,970.4737,1.0100,58.23,1,Manual_P,76.49,68.06,-1.000,-1.000,-1.000,None,What was the color of the REAR turn signal?,Red,1.520
99,Day,0,Practice,Expected,Red,Right,50.57,42.14,0.9798,0.8681,973.4566,0.9798,58.21,1,Manual_P,76.49,68.06,-1.000,-1.000,-1.000,None,What was the color of the REAR turn signal?,Red,1.520
99,Day,0,Practice,Expected,Red,Right,50.68,42.24,0.9488,0.8681,976.0879,0.9488,58.19,1,Manual_P,76.49,68.06,-1.000,-1.000,-1.000,None,What was the color of the REAR turn signal?,Red,1.520
99,Day,0,Practice,Expected,Red,Right,50.79,42.36,0.9199,0.8681,979.0645,0.9199,58.17,1,Manual_P,76.49,68.06,-1.000,-1.000,-1.000,None,What was the color of the REAR turn signal?,Red,1.520
99,Day,0,Practice,Expected,Red,Right,50.90,42.47,0.8866,0.8681,981.9915,0.8866,58.16,1,Manual_P,76.49,68.06,-1.000,-1.000,-1.000,None,What was the color of the REAR turn signal?,Red,1.520
99,Day,0,Practice,Expected,Red,Right,51.01,42.58,0.8520,0.8681,984.9042,0.8520,58.14,1,Manual_P,76.49,68.06,-1.000,-1.000,-1.000,None,What was the color of the REAR turn signal?,Red,1.520
99,Day,0,Practice,Expected,Red,Right,51.13,42.69,0.8183,0.8681,987.8671,0.8183,58.13,1,Manual_P,76.49,68.06,-1.000,-1.000,-1.000,None,What was the color of the REAR turn signal?,Red,1.520
99,Day,0,Practice,Expected,Red,Right,51.24,42.81,0.7879,0.8681,990.8025,0.7879,58.11,1,Manual_P,76.49,68.06,-1.000,-1.000,-1.000,None,What was the color of the REAR turn signal?,Red,1.520
99,Day,0,Practice,Expected,Red,Right,51.36,42.92,0.7607,0.8681,993.7910,0.7607,58.10,1,Manual_P,76.49,68.06,-1.000,-1.000,-1.000,None,What was the color of the REAR turn signal?,Red,1.520
99,Day,0,Practice,Expected,Red,Right,51.46,43.03,0.7348,0.8681,996.4714,0.7348,58.08,1,Manual_P,76.49,68.06,-1.000,-1.000,-1.000,None,What was the color of the REAR turn signal?,Red,1.520
99,Day,0,Practice,Expected,Red,Right,51.57,43.14,0.7079,0.8681,999.3966,0.7079,58.07,1,Manual_P,76.49,68.06,-1.000,-1.000,-1.000,None,What was the color of the REAR turn signal?,Red,1.520
99,Day,0,Practice,Expected,Red,Right,51.69,43.25,0.6823,0.8681,1002.3390,0.6823,58.05,1,Manual_P,76.49,68.06,-1.000,-1.000,-1.000,None,What was the color of the REAR turn signal?,Red,1.520
99,Day,0,Practice,Expected,Red,Right,51.80,43.37,0.6559,0.8681,1005.3770,0.6559,58.03,1,Manual_P,76.49,68.06,-1.000,-1.000,-1.000,None,What was the color of the REAR turn signal?,Red,1.520
99,Day,0,Practice,Expected,Red,Right,51.91,43.48,0.6298,0.8681,1008.2790,0.6298,58.02,1,Manual_P,76.49,68.06,-1.000,-1.000,-1.000,None,What was the color of the REAR turn signal?,Red,1.520
99,Day,0,Practice,Expected,Red,Right,52.03,43.60,0.6017,0.8681,1011.2750,0.6017,58.01,1,Manual_P,76.49,68.06,-1.000,-1.000,-1.000,None,What was the color of the REAR turn signal?,Red,1.520
99,Day,0,Practice,Expected,Red,Right,52.15,43.71,0.5720,0.8681,1014.2700,0.5720,57.99,1,Manual_P,76.49,68.06,-1.000,-1.000,-1.000,None,What was the color of the REAR turn signal?,Red,1.520
99,Day,0,Practice,Expected,Red,Right,52.26,43.83,0.5412,0.8681,1017.2400,0.5412,57.98,1,Manual_P,76.49,68.06,-1.000,-1.000,-1.000,None,What was the color of the REAR turn signal?,Red,1.520
99,Day,0,Practice,Expected,Red,Right,52.37,43.94,0.5093,0.8681,1020.1760,0.5093,57.96,1,Manual_P,76.49,68.06,-1.000,-1.000,-1.000,None,What was the color of the REAR turn signal?,Red,1.520
99,Day,0,Practice,Expected,Red,Right,52.49,44.05,0.4766,0.8681,1023.0750,0.4766,57.95,1,Manual_P,76.49,68.06,-1.000,-1.000,-1.000,None,What was the color of the REAR turn signal?,Red,1.520
99,Day,0,Practice,Expected,Red,Right,52.60,44.16,0.4425,0.8681,1026.0060,0.4425,57.93,1,Manual_P,76.49,68.06,-1.000,-1.000,-1.000,None,What was the color of the REAR turn signal?,Red,1.520
99,Day,0,Practice,Expected,Red,Right,52.70,44.27,0.4107,0.8681,1028.6640,0.4107,57.92,1,Manual_P,76.49,68.06,-1.000,-1.000,-1.000,None,What was the color of the REAR turn signal?,Red,1.520
99,Day,0,Practice,Expected,Red,Right,52.80,44.37,0.3791,0.8681,1031.2570,0.3791,57.90,1,Manual_P,76.49,68.06,-1.000,-1.000,-1.000,None,What was the color of the REAR turn signal?,Red,1.520
99,Day,0,Practice,Expected,Red,Right,52.91,44.48,0.3521,0.8681,1034.1880,0.3521,57.88,1,Manual_P,76.49,68.06,-1.000,-1.000,-1.000,None,What was the color of the REAR turn signal?,Red,1.520
99,Day,0,Practice,Expected,Red,Right,53.03,44.59,0.3287,0.8681,1037.1310,0.3287,57.87,1,Manual_P,76.49,68.06,-1.000,-1.000,-1.000,None,What was the color of the REAR turn signal?,Red,1.520
99,Day,0,Practice,Expected,Red,Right,53.14,44.71,0.3085,0.8681,1040.0700,0.3085,57.85,1,Manual_P,76.49,68.06,-1.000,-1.000,-1.000,None,What was the color of the REAR turn signal?,Red,1.520
99,Day,0,Practice,Expected,Red,Right,53.25,44.82,0.2938,0.8681,1042.9510,0.2938,57.84,1,Manual_P,76.49,68.06,-1.000,-1.000,-1.000,None,What was the color of the REAR turn signal?,Red,1.520
99,Day,0,Practice,Expected,Red,Right,53.37,44.94,0.2843,0.8681,1045.9470,0.2843,57.82,1,Manual_P,76.49,68.06,-1.000,-1.000,-1.000,None,What was the color of the REAR turn signal?,Red,1.520
99,Day,0,Practice,Expected,Red,Right,53.48,45.04,0.2680,0.8681,1048.7130,0.2680,57.79,1,Manual_P,76.49,68.06,-1.000,-1.000,-1.000,None,What was the color of the REAR turn signal?,Red,1.520
99,Day,0,Practice,Expected,Red,Right,53.59,45.15,0.2372,0.8681,1051.5770,0.2372,57.77,1,Manual_P,76.49,68.06,-1.000,-1.000,-1.000,None,What was the color of the REAR turn signal?,Red,1.520
99,Day,0,Practice,Expected,Red,Right,53.71,45.27,0.2006,0.8681,1054.6620,0.2006,57.75,1,Manual_P,76.49,68.06,-1.000,-1.000,-1.000,None,What was the color of the REAR turn signal?,Red,1.520
99,Day,0,Practice,Expected,Red,Right,53.82,45.39,0.1571,0.8681,1057.5740,0.1571,57.73,1,Manual_P,76.49,68.06,-1.000,-1.000,-1.000,None,What was the color of the REAR turn signal?,Red,1.520
99,Day,0,Practice,Expected,Red,Right,53.94,45.50,0.1043,0.8681,1060.5900,0.1043,57.71,1,Manual_P,76.49,68.06,-1.000,-1.000,-1.000,None,What was the color of the REAR turn signal?,Red,1.520
99,Day,0,Practice,Expected,Red,Right,54.05,45.61,0.0557,0.8681,1063.4800,0.0557,57.70,1,Manual_P,76.49,68.06,-1.000,-1.000,-1.000,None,What was the color of the REAR turn signal?,Red,1.520
99,Day,0,Practice,Expected,Red,Right,54.16,45.73,-0.0021,0.8681,1066.4450,-0.0021,57.68,1,Manual_P,76.49,68.06,-1.000,-1.000,-1.000,None,What was the color of the REAR turn signal?,Red,1.520
99,Day,0,Practice,Expected,Red,Right,54.28,45.84,-0.0627,0.8681,1069.3430,-0.0627,57.66,1,Manual_P,76.49,68.06,-1.000,-1.000,-1.000,None,What was the color of the REAR turn signal?,Red,1.520
99,Day,0,Practice,Expected,Red,Right,54.39,45.96,-0.1247,0.8681,1072.2730,-0.1247,57.65,1,Manual_P,76.49,68.06,-1.000,-1.000,-1.000,None,What was the color of the REAR turn signal?,Red,1.520
99,Day,0,Practice,Expected,Red,Right,54.50,46.07,-0.1852,0.8681,1075.1720,-0.1852,57.63,1,Manual_P,76.49,68.06,-1.000,-1.000,-1.000,None,What was the color of the REAR turn signal?,Red,1.520
99,Day,0,Practice,Expected,Red,Right,54.61,46.18,-0.2434,0.8681,1078.0440,-0.2434,57.62,1,Manual_P,76.49,68.06,-1.000,-1.000,-1.000,None,What was the color of the REAR turn signal?,Red,1.520
99,Day,0,Practice,Expected,Red,Right,54.73,46.29,-0.3011,0.8681,1081.0140,-0.3011,57.60,1,Manual_P,76.49,68.06,-1.000,-1.000,-1.000,None,What was the color of the REAR turn signal?,Red,1.520
99,Day,0,Practice,Expected,Red,Right,54.83,46.40,-0.3406,0.8681,1083.6290,-0.3406,57.58,1,Manual_P,76.49,68.06,-1.000,-1.000,-1.000,None,What was the color of the REAR turn signal?,Red,1.520
99,Day,0,Practice,Expected,Red,Right,54.94,46.51,-0.3712,0.8681,1086.5460,-0.3712,57.56,1,Manual_P,76.49,68.06,-1.000,-1.000,-1.000,None,What was the color of the REAR turn signal?,Red,1.520
99,Day,0,Practice,Expected,Red,Right,55.06,46.63,-0.3949,0.8681,1089.5330,-0.3949,57.54,1,Manual_P,76.49,68.06,-1.000,-1.000,-1.000,None,What was the color of the REAR turn signal?,Red,1.520
99,Day,0,Practice,Expected,Red,Right,55.17,46.74,-0.4075,0.8681,1092.4550,-0.4075,57.52,1,Manual_P,76.49,68.06,-1.000,-1.000,-1.000,None,What was the color of the REAR turn signal?,Red,1.520
99,Day,0,Practice,Expected,Red,Right,55.28,46.85,-0.4086,0.8681,1095.3000,-0.4086,57.51,1,Manual_P,76.49,68.06,-1.000,-1.000,-1.000,None,What was the color of the REAR turn signal?,Red,1.520
99,Day,0,Practice,Expected,Red,Right,55.40,46.96,-0.3983,0.8681,1098.2310,-0.3983,57.49,1,Manual_P,76.49,68.06,-1.000,-1.000,-1.000,None,What was the color of the REAR turn signal?,Red,1.520
99,Day,0,Practice,Expected,Red,Right,55.52,47.08,-0.3767,0.8681,1101.2530,-0.3767,57.47,1,Manual_P,76.49,68.06,-1.000,-1.000,-1.000,None,What was the color of the REAR turn signal?,Red,1.520
99,Day,0,Practice,Expected,Red,Right,55.63,47.19,-0.3467,0.8681,1104.1280,-0.3467,57.46,1,Manual_P,76.49,68.06,-1.000,-1.000,-1.000,None,What was the color of the REAR turn signal?,Red,1.520
99,Day,0,Practice,Expected,Red,Right,55.74,47.31,-0.3084,0.8681,1107.0500,-0.3084,57.44,1,Manual_P,76.49,68.06,-1.000,-1.000,-1.000,None,What was the color of the REAR turn signal?,Red,1.520
99,Day,0,Practice,Expected,Red,Right,55.85,47.42,-0.2644,0.8681,1109.9040,-0.2644,57.42,1,Manual_P,76.49,68.06,-1.000,-1.000,-1.000,None,What was the color of the REAR turn signal?,Red,1.520
99,Day,0,Practice,Expected,Red,Right,55.96,47.53,-0.2147,0.8681,1112.7720,-0.2147,57.41,1,Manual_P,76.49,68.06,-1.000,-1.000,-1.000,None,What was the color of the REAR turn signal?,Red,1.520
99,Day,0,Practice,Expected,Red,Right,56.08,47.65,-0.1585,0.8681,1115.7610,-0.1585,57.39,1,Manual_P,76.49,68.06,-1.000,-1.000,-1.000,None,What was the color of the REAR turn signal?,Red,1.520
99,Day,0,Practice,Expected,Red,Right,56.20,47.76,-0.1134,0.8681,1118.6940,-0.1134,57.37,1,Manual_P,76.49,68.06,-1.000,-1.000,-1.000,None,What was the color of the REAR turn signal?,Red,1.520
99,Day,0,Practice,Expected,Red,Right,56.31,47.87,-0.0746,0.8681,1121.5350,-0.0746,57.35,1,Manual_P,76.49,68.06,-1.000,-1.000,-1.000,None,What was the color of the REAR turn signal?,Red,1.520
99,Day,0,Practice,Expected,Red,Right,56.42,47.99,-0.0373,0.8681,1124.5280,-0.0373,57.34,1,Manual_P,76.49,68.06,-1.000,-1.000,-1.000,None,What was the color of the REAR turn signal?,Red,1.520
99,Day,0,Practice,Expected,Red,Right,56.54,48.11,-0.0044,0.8681,1127.5040,-0.0044,57.32,1,Manual_P,76.49,68.06,-1.000,-1.000,-1.000,None,What was the color of the REAR turn signal?,Red,1.520
99,Day,0,Practice,Expected,Red,Right,56.65,48.22,0.0296,0.8681,1130.4500,0.0296,57.30,1,Manual_P,76.49,68.06,-1.000,-1.000,-1.000,None,What was the color of the REAR turn signal?,Red,1.520
99,Day,0,Practice,Expected,Red,Right,56.77,48.33,0.0574,0.8681,1133.3780,0.0574,57.28,1,Manual_P,76.49,68.06,-1.000,-1.000,-1.000,None,What was the color of the REAR turn signal?,Red,1.520
99,Day,0,Practice,Expected,Red,Right,56.88,48.45,0.0810,0.8681,1136.2240,0.0810,57.27,1,Manual_P,76.49,68.06,-1.000,-1.000,-1.000,None,What was the color of the REAR turn signal?,Red,1.520
99,Day,0,Practice,Expected,Red,Right,56.99,48.56,0.1038,0.8681,1139.1450,0.1038,57.26,1,Manual_P,76.49,68.06,-1.000,-1.000,-1.000,None,What was the color of the REAR turn signal?,Red,1.520
99,Day,0,Practice,Expected,Red,Right,57.11,48.67,0.1262,0.8681,1142.0660,0.1262,57.24,1,Manual_P,76.49,68.06,-1.000,-1.000,-1.000,None,What was the color of the REAR turn signal?,Red,1.520
99,Day,0,Practice,Expected,Red,Right,57.22,48.79,0.1483,0.8681,1144.9250,0.1483,57.23,1,Manual_P,76.49,68.06,-1.000,-1.000,-1.000,None,What was the color of the REAR turn signal?,Red,1.520
99,Day,0,Practice,Expected,Red,Right,57.33,48.90,0.1712,0.8681,1147.8680,0.1712,57.21,1,Manual_P,76.49,68.06,-1.000,-1.000,-1.000,None,What was the color of the REAR turn signal?,Red,1.520
99,Day,0,Practice,Expected,Red,Right,57.44,49.01,0.1803,0.8681,1150.5960,0.1803,57.18,1,Manual_P,76.49,68.06,-1.000,-1.000,-1.000,None,What was the color of the REAR turn signal?,Red,1.520
99,Day,0,Practice,Expected,Red,Right,57.55,49.12,0.1835,0.8681,1153.4300,0.1835,57.17,1,Manual_P,76.49,68.06,-1.000,-1.000,-1.000,None,What was the color of the REAR turn signal?,Red,1.520
99,Day,0,Practice,Expected,Red,Right,57.65,49.22,0.1855,0.8681,1156.0190,0.1855,57.15,1,Manual_P,76.49,68.06,-1.000,-1.000,-1.000,None,What was the color of the REAR turn signal?,Red,1.520
99,Day,0,Practice,Expected,Red,Right,57.77,49.33,0.1957,0.8681,1158.9160,0.1957,57.13,1,Manual_P,76.49,68.06,-1.000,-1.000,-1.000,None,What was the color of the REAR turn signal?,Red,1.520
99,Day,0,Practice,Expected,Red,Right,57.89,49.45,0.2021,0.8681,1161.9750,0.2021,57.11,1,Manual_P,76.49,68.06,-1.000,-1.000,-1.000,None,What was the color of the REAR turn signal?,Red,1.520
99,Day,0,Practice,Expected,Red,Right,58.00,49.57,0.2061,0.8681,1164.9180,0.2061,57.10,1,Manual_P,76.49,68.06,-1.000,-1.000,-1.000,None,What was the color of the REAR turn signal?,Red,1.520
99,Day,0,Practice,Expected,Red,Right,58.12,49.68,0.2136,0.8681,1167.8720,0.2136,57.07,1,Manual_P,76.49,68.06,-1.000,-1.000,-1.000,None,What was the color of the REAR turn signal?,Red,1.520
99,Day,0,Practice,Expected,Red,Right,58.22,49.78,0.2404,0.8681,1170.4410,0.2404,57.04,1,Manual_P,76.49,68.06,-1.000,-1.000,-1.000,None,What was the color of the REAR turn signal?,Red,1.520
99,Day,0,Practice,Expected,Red,Right,58.33,49.90,0.2818,0.8681,1173.2730,0.2818,57.03,1,Manual_P,76.49,68.06,-1.000,-1.000,-1.000,None,What was the color of the REAR turn signal?,Red,1.520
99,Day,0,Practice,Expected,Red,Right,58.43,50.00,0.3297,0.8681,1175.8720,0.3297,57.01,1,Manual_P,76.49,68.06,-1.000,-1.000,-1.000,None,What was the color of the REAR turn signal?,Red,1.520
99,Day,0,Practice,Expected,Red,Right,58.55,50.11,0.3982,0.8681,1178.7730,0.3982,56.99,1,Manual_P,76.49,68.06,-1.000,-1.000,-1.000,None,What was the color of the REAR turn signal?,Red,1.520
99,Day,0,Practice,Expected,Red,Right,58.66,50.23,0.4727,0.8681,1181.7030,0.4727,56.96,1,Manual_P,76.49,68.06,-1.000,-1.000,-1.000,None,What was the color of the REAR turn signal?,Red,1.520
99,Day,0,Practice,Expected,Red,Right,58.77,50.34,0.5452,0.8681,1184.5870,0.5452,56.94,1,Manual_P,76.49,68.06,-1.000,-1.000,-1.000,None,What was the color of the REAR turn signal?,Red,1.520
99,Day,0,Practice,Expected,Red,Right,58.89,50.45,0.6246,0.8681,1187.4410,0.6246,56.93,1,Manual_P,76.49,68.06,-1.000,-1.000,-1.000,None,What was the color of the REAR turn signal?,Red,1.520
99,Day,0,Practice,Expected,Red,Right,59.00,50.56,0.7058,0.8681,1190.2930,0.7058,56.92,1,Manual_P,76.49,68.06,-1.000,-1.000,-1.000,None,What was the color of the REAR turn signal?,Red,1.520
99,Day,0,Practice,Expected,Red,Right,59.11,50.68,0.7858,0.8681,1193.1700,0.7858,56.90,1,Manual_P,76.49,68.06,-1.000,-1.000,-1.000,None,What was the color of the REAR turn signal?,Red,1.520
99,Day,0,Practice,Expected,Red,Right,59.21,50.78,0.8557,0.8681,1195.8010,0.8557,56.89,1,Manual_P,76.49,68.06,-1.000,-1.000,-1.000,None,What was the color of the REAR turn signal?,Red,1.520
99,Day,0,Practice,Expected,Red,Right,59.33,50.90,0.9282,0.8681,1198.7070,0.9282,56.87,1,Manual_P,76.49,68.06,-1.000,-1.000,-1.000,None,What was the color of the REAR turn signal?,Red,1.520
99,Day,0,Practice,Expected,Red,Right,59.44,51.01,0.9965,0.8681,1201.6530,0.9965,56.86,1,Manual_P,76.49,68.06,-1.000,-1.000,-1.000,None,What was the color of the REAR turn signal?,Red,1.520
99,Day,0,Practice,Expected,Red,Right,59.56,51.12,1.0575,0.8681,1204.4910,1.0575,56.84,1,Manual_P,76.49,68.06,-1.000,-1.000,-1.000,None,What was the color of the REAR turn signal?,Red,1.520
99,Day,0,Practice,Expected,Red,Right,59.67,51.24,1.1153,0.8681,1207.3890,1.1153,56.83,1,Manual_P,76.49,68.06,-1.000,-1.000,-1.000,None,What was the color of the REAR turn signal?,Red,1.520
99,Day,0,Practice,Expected,Red,Right,59.79,51.35,1.1621,0.8681,1210.3100,1.1621,56.79,1,Manual_P,76.49,68.06,-1.000,-1.000,-1.000,None,What was the color of the REAR turn signal?,Red,1.520
99,Day,0,Practice,Expected,Red,Right,59.90,51.47,1.1912,0.8681,1213.2190,1.1912,56.78,1,Manual_P,76.49,68.06,-1.000,-1.000,-1.000,None,What was the color of the REAR turn signal?,Red,1.520
99,Day,0,Practice,Expected,Red,Right,60.01,51.58,1.2119,0.8681,1216.0260,1.2119,56.76,1,Manual_P,76.49,68.06,-1.000,-1.000,-1.000,None,What was the color of the REAR turn signal?,Red,1.520
99,Day,0,Practice,Expected,Red,Right,60.12,51.69,1.2226,0.8681,1218.8120,1.2226,56.74,1,Manual_P,76.49,68.06,-1.000,-1.000,-1.000,None,What was the color of the REAR turn signal?,Red,1.520
99,Day,0,Practice,Expected,Red,Right,60.24,51.80,1.2221,0.8681,1221.7160,1.2221,56.73,1,Manual_P,76.49,68.06,-1.000,-1.000,-1.000,None,What was the color of the REAR turn signal?,Red,1.520
99,Day,0,Practice,Expected,Red,Right,60.35,51.92,1.2192,0.8681,1224.6220,1.2192,56.71,1,Manual_P,76.49,68.06,-1.000,-1.000,-1.000,None,What was the color of the REAR turn signal?,Red,1.520
99,Day,0,Practice,Expected,Red,Right,60.45,52.02,1.2165,0.8681,1227.2090,1.2165,56.69,1,Manual_P,76.49,68.06,-1.000,-1.000,-1.000,None,What was the color of the REAR turn signal?,Red,1.520
99,Day,0,Practice,Expected,Red,Right,60.57,52.13,1.2085,0.8681,1230.1170,1.2085,56.68,1,Manual_P,76.49,68.06,-1.000,-1.000,-1.000,None,What was the color of the REAR turn signal?,Red,1.520
99,Day,0,Practice,Expected,Red,Right,60.68,52.25,1.1995,0.8681,1232.9930,1.1995,56.66,1,Manual_P,76.49,68.06,-1.000,-1.000,-1.000,None,What was the color of the REAR turn signal?,Red,1.520
99,Day,0,Practice,Expected,Red,Right,60.79,52.36,1.1831,0.8681,1235.8530,1.1831,56.64,1,Manual_P,76.49,68.06,-1.000,-1.000,-1.000,None,What was the color of the REAR turn signal?,Red,1.520
99,Day,0,Practice,Expected,Red,Right,60.90,52.47,1.1648,0.8681,1238.6540,1.1648,56.62,1,Manual_P,76.49,68.06,-1.000,-1.000,-1.000,None,What was the color of the REAR turn signal?,Red,1.520
99,Day,0,Practice,Expected,Red,Right,61.02,52.58,1.1457,0.8681,1241.5460,1.1457,56.61,1,Manual_P,76.49,68.06,-1.000,-1.000,-1.000,None,What was the color of the REAR turn signal?,Red,1.520
99,Day,0,Practice,Expected,Red,Right,61.13,52.69,1.1258,0.8681,1244.2790,1.1258,56.60,1,Manual_P,76.49,68.06,-1.000,-1.000,-1.000,None,What was the color of the REAR turn signal?,Red,1.520
99,Day,0,Practice,Expected,Red,Right,61.24,52.80,1.1028,0.8681,1247.0710,1.1028,56.58,1,Manual_P,76.49,68.06,-1.000,-1.000,-1.000,None,What was the color of the REAR turn signal?,Red,1.520
99,Day,0,Practice,Expected,Red,Right,61.35,52.91,1.0764,0.8681,1249.9060,1.0764,56.57,1,Manual_P,76.49,68.06,-1.000,-1.000,-1.000,None,What was the color of the REAR turn signal?,Red,1.520
99,Day,0,Practice,Expected,Red,Right,61.45,53.02,1.0496,0.8681,1252.4910,1.0496,56.55,1,Manual_P,76.49,68.06,-1.000,-1.000,-1.000,None,What was the color of the REAR turn signal?,Red,1.520
99,Day,0,Practice,Expected,Red,Right,61.57,53.13,1.0163,0.8681,1255.4160,1.0163,56.54,1,Manual_P,76.49,68.06,-1.000,-1.000,-1.000,None,What was the color of the REAR turn signal?,Red,1.520
99,Day,0,Practice,Expected,Red,Right,61.67,53.23,0.9910,0.8681,1257.9710,0.9910,56.51,1,Manual_P,76.49,68.06,-1.000,-1.000,-1.000,None,What was the color of the REAR turn signal?,Red,1.520
99,Day,0,Practice,Expected,Red,Right,61.78,53.35,0.9761,0.8681,1260.8480,0.9761,56.50,1,Manual_P,76.49,68.06,-1.000,-1.000,-1.000,None,What was the color of the REAR turn signal?,Red,1.520
99,Day,0,Practice,Expected,Red,Right,61.90,53.46,0.9641,0.8681,1263.7770,0.9641,56.48,1,Manual_P,76.49,68.06,-1.000,-1.000,-1.000,None,What was the color of the REAR turn signal?,Red,1.520
99,Day,0,Practice,Expected,Red,Right,62.00,53.56,0.9593,0.8681,1266.3270,0.9593,56.47,1,Manual_P,76.49,68.06,-1.000,-1.000,-1.000,None,What was the color of the REAR turn signal?,Red,1.520
99,Day,0,Practice,Expected,Red,Right,62.10,53.67,0.9613,0.8681,1268.9230,0.9613,56.45,1,Manual_P,76.49,68.06,-1.000,-1.000,-1.000,None,What was the color of the REAR turn signal?,Red,1.520
99,Day,0,Practice,Expected,Red,Right,62.20,53.77,0.9588,0.8681,1271.5160,0.9588,56.41,1,Manual_P,76.49,68.06,-1.000,-1.000,-1.000,None,What was the color of the REAR turn signal?,Red,1.520
99,Day,0,Practice,Expected,Red,Right,62.31,53.87,0.9407,0.8681,1274.0620,0.9407,56.39,1,Manual_P,76.49,68.06,-1.000,-1.000,-1.000,None,What was the color of the REAR turn signal?,Red,1.520
99,Day,0,Practice,Expected,Red,Right,62.41,53.97,0.9207,0.8681,1276.6390,0.9207,56.38,1,Manual_P,76.49,68.06,-1.000,-1.000,-1.000,None,What was the color of the REAR turn signal?,Red,1.520
99,Day,0,Practice,Expected,Red,Right,62.51,54.08,0.8957,0.8681,1279.2250,0.8957,56.37,1,Manual_P,76.49,68.06,-1.000,-1.000,-1.000,None,What was the color of the REAR turn signal?,Red,1.520
99,Day,0,Practice,Expected,Red,Right,62.62,54.18,0.8689,0.8681,1281.9050,0.8689,56.35,1,Manual_P,76.49,68.06,-1.000,-1.000,-1.000,None,What was the color of the REAR turn signal?,Red,1.520
99,Day,0,Practice,Expected,Red,Right,62.72,54.29,0.8343,0.8681,1284.5080,0.8343,56.33,1,Manual_P,76.49,68.06,-1.000,-1.000,-1.000,None,What was the color of the REAR turn signal?,Red,1.520
99,Day,0,Practice,Expected,Red,Right,62.82,54.39,0.7913,0.8681,1287.0710,0.7913,56.32,1,Manual_P,76.49,68.06,-1.000,-1.000,-1.000,None,What was the color of the REAR turn signal?,Red,1.520
99,Day,0,Practice,Expected,Red,Right,62.92,54.49,0.7409,0.8681,1289.6550,0.7409,56.30,1,Manual_P,76.49,68.06,-1.000,-1.000,-1.000,None,What was the color of the REAR turn signal?,Red,1.520
99,Day,0,Practice,Expected,Red,Right,63.03,54.60,0.6831,0.8681,1292.3180,0.6831,56.29,1,Manual_P,76.49,68.06,-1.000,-1.000,-1.000,None,What was the color of the REAR turn signal?,Red,1.520
99,Day,0,Practice,Expected,Red,Right,63.14,54.71,0.6155,0.8681,1295.1820,0.6155,56.27,1,Manual_P,76.49,68.06,-1.000,-1.000,-1.000,None,What was the color of the REAR turn signal?,Red,1.520
99,Day,0,Practice,Expected,Red,Right,63.25,54.81,0.5508,0.8681,1297.7680,0.5508,56.26,1,Manual_P,76.49,68.06,-1.000,-1.000,-1.000,None,What was the color of the REAR turn signal?,Red,1.520
99,Day,0,Practice,Expected,Red,Right,63.35,54.92,0.4822,0.8681,1300.3990,0.4822,56.24,1,Manual_P,76.49,68.06,-1.000,-1.000,-1.000,None,What was the color of the REAR turn signal?,Red,1.520
99,Day,0,Practice,Expected,Red,Right,63.46,55.03,0.4086,0.8681,1303.1280,0.4086,56.23,1,Manual_P,76.49,68.06,-1.000,-1.000,-1.000,None,What was the color of the REAR turn signal?,Red,1.520
99,Day,0,Practice,Expected,Red,Right,63.56,55.13,0.3451,0.8681,1305.7450,0.3451,56.21,1,Manual_P,76.49,68.06,-1.000,-1.000,-1.000,None,What was the color of the REAR turn signal?,Red,1.520
99,Day,0,Practice,Expected,Red,Right,63.67,55.23,0.2870,0.8681,1308.3270,0.2870,56.19,1,Manual_P,76.49,68.06,-1.000,-1.000,-1.000,None,What was the color of the REAR turn signal?,Red,1.520
99,Day,0,Practice,Expected,Red,Right,63.77,55.34,0.2306,0.8681,1310.9200,0.2306,56.18,1,Manual_P,76.49,68.06,-1.000,-1.000,-1.000,None,What was the color of the REAR turn signal?,Red,1.520
99,Day,0,Practice,Expected,Red,Right,63.87,55.44,0.1786,0.8681,1313.5000,0.1786,56.17,1,Manual_P,76.49,68.06,-1.000,-1.000,-1.000,None,What was the color of the REAR turn signal?,Red,1.520
99,Day,0,Practice,Expected,Red,Right,63.98,55.54,0.1260,0.8681,1316.0610,0.1260,56.14,1,Manual_P,76.49,68.06,-1.000,-1.000,-1.000,None,What was the color of the REAR turn signal?,Red,1.520
99,Day,0,Practice,Expected,Red,Right,64.09,55.65,0.0561,0.8681,1318.8830,0.0561,56.12,1,Manual_P,76.49,68.06,-1.000,-1.000,-1.000,None,What was the color of the REAR turn signal?,Red,1.520
99,Day,0,Practice,Expected,Red,Right,64.19,55.76,-0.0062,0.8681,1321.4330,-0.0062,56.11,1,Manual_P,76.49,68.06,-1.000,-1.000,-1.000,None,What was the color of the REAR turn signal?,Red,1.520
99,Day,0,Practice,Expected,Red,Right,64.30,55.86,-0.0746,0.8681,1324.1260,-0.0746,56.10,1,Manual_P,76.49,68.06,-1.000,-1.000,-1.000,None,What was the color of the REAR turn signal?,Red,1.520
99,Day,0,Practice,Expected,Red,Right,64.40,55.97,-0.1382,0.8681,1326.7350,-0.1382,56.06,1,Manual_P,76.49,68.06,-1.000,-1.000,-1.000,None,What was the color of the REAR turn signal?,Red,1.520
99,Day,0,Practice,Expected,Red,Right,64.51,56.08,-0.1899,0.8681,1329.5750,-0.1899,56.04,1,Manual_P,76.49,68.06,-1.000,-1.000,-1.000,None,What was the color of the REAR turn signal?,Red,1.520
99,Day,0,Practice,Expected,Red,Right,64.62,56.18,-0.2356,0.8681,1332.1250,-0.2356,56.03,1,Manual_P,76.49,68.06,-1.000,-1.000,-1.000,None,What was the color of the REAR turn signal?,Red,1.520
99,Day,0,Practice,Expected,Red,Right,64.72,56.29,-0.2795,0.8681,1334.7820,-0.2795,56.01,1,Manual_P,76.49,68.06,-1.000,-1.000,-1.000,None,What was the color of the REAR turn signal?,Red,1.520
99,Day,0,Practice,Expected,Red,Right,64.83,56.39,-0.3152,0.8681,1337.3830,-0.3152,56.00,1,Manual_P,76.49,68.06,-1.000,-1.000,-1.000,None,What was the color of the REAR turn signal?,Red,1.520
99,Day,0,Practice,Expected,Red,Right,64.93,56.49,-0.3417,0.8681,1339.9150,-0.3417,55.99,1,Manual_P,76.49,68.06,-1.000,-1.000,-1.000,None,What was the color of the REAR turn signal?,Red,1.520
99,Day,0,Practice,Expected,Red,Right,65.03,56.59,-0.3595,0.8681,1342.4560,-0.3595,55.97,1,Manual_P,76.49,68.06,-1.000,-1.000,-1.000,None,What was the color of the REAR turn signal?,Red,1.520
99,Day,0,Practice,Expected,Red,Right,65.13,56.70,-0.3691,0.8681,1345.0440,-0.3691,55.96,1,Manual_P,76.49,68.06,-1.000,-1.000,-1.000,None,What was the color of the REAR turn signal?,Red,1.520
99,Day,0,Practice,Expected,Red,Right,65.24,56.80,-0.3713,0.8681,1347.6790,-0.3713,55.94,1,Manual_P,76.49,68.06,-1.000,-1.000,-1.000,None,What was the color of the REAR turn signal?,Red,1.520
99,Day,0,Practice,Expected,Red,Right,65.34,56.91,-0.3797,0.8681,1350.2880,-0.3797,55.92,1,Manual_P,76.49,68.06,-1.000,-1.000,-1.000,None,What was the color of the REAR turn signal?,Red,1.520
99,Day,0,Practice,Expected,Red,Right,65.45,57.01,-0.3891,0.8681,1352.9360,-0.3891,55.90,1,Manual_P,76.49,68.06,-1.000,-1.000,-1.000,None,What was the color of the REAR turn signal?,Red,1.520
99,Day,0,Practice,Expected,Red,Right,65.55,57.12,-0.3975,0.8681,1355.4820,-0.3975,55.89,1,Manual_P,76.49,68.06,-1.000,-1.000,-1.000,None,What was the color of the REAR turn signal?,Red,1.520
99,Day,0,Practice,Expected,Red,Right,65.65,57.22,-0.4086,0.8681,1358.0460,-0.4086,55.87,1,Manual_P,76.49,68.06,-1.000,-1.000,-1.000,None,What was the color of the REAR turn signal?,Red,1.520
99,Day,0,Practice,Expected,Red,Right,65.75,57.32,-0.4239,0.8681,1360.5790,-0.4239,55.86,1,Manual_P,76.49,68.06,-1.000,-1.000,-1.000,None,What was the color of the REAR turn signal?,Red,1.520
99,Day,0,Practice,Expected,Red,Right,65.86,57.42,-0.4428,0.8681,1363.1650,-0.4428,55.84,1,Manual_P,76.49,68.06,-1.000,-1.000,-1.000,None,What was the color of the REAR turn signal?,Red,1.520
99,Day,0,Practice,Expected,Red,Right,65.96,57.52,-0.4523,0.8681,1365.6830,-0.4523,55.82,1,Manual_P,76.49,68.06,-1.000,-1.000,-1.000,None,What was the color of the REAR turn signal?,Red,1.520
99,Day,0,Practice,Expected,Red,Right,66.06,57.63,-0.4620,0.8681,1368.2430,-0.4620,55.81,1,Manual_P,76.49,68.06,-1.000,-1.000,-1.000,None,What was the color of the REAR turn signal?,Red,1.520
99,Day,0,Practice,Expected,Red,Right,66.17,57.73,-0.4716,0.8681,1370.8490,-0.4716,55.64,1,Manual_P,76.49,68.06,-1.000,-1.000,-1.000,None,What was the color of the REAR turn signal?,Red,1.520
99,Day,0,Practice,Expected,Red,Right,66.28,57.85,-0.4786,0.8681,1373.6150,-0.4786,52.87,1,Manual_P,76.49,68.06,-1.000,-1.000,-1.000,None,What was the color of the REAR turn signal?,Red,1.520
99,Day,0,Practice,Expected,Red,Right,66.39,57.96,-0.4806,0.8681,1376.2800,-0.4806,50.81,1,Manual_P,76.49,68.06,-1.000,-1.000,-1.000,None,What was the color of the REAR turn signal?,Red,1.520
99,Day,0,Practice,Expected,Red,Right,66.50,58.06,-0.4774,0.8681,1378.5760,-0.4774,49.50,1,Manual_P,76.49,68.06,-1.000,-1.000,-1.000,None,What was the color of the REAR turn signal?,Red,1.520
99,Day,0,Practice,Expected,Red,Right,66.61,58.18,-0.4687,0.8681,1381.0820,-0.4687,47.96,1,Manual_P,76.49,68.06,-1.000,-1.000,-1.000,None,What was the color of the REAR turn signal?,Red,1.520
99,Day,0,Practice,Expected,Red,Right,66.71,58.28,-0.4571,0.8681,1383.2100,-0.4571,46.64,1,Manual_P,76.49,68.06,-1.000,-1.000,-1.000,None,What was the color of the REAR turn signal?,Red,1.520
99,Day,0,Practice,Expected,Red,Right,66.83,58.40,-0.4403,0.8681,1385.5730,-0.4403,44.52,1,Manual_P,76.49,68.06,-1.000,-1.000,-1.000,None,What was the color of the REAR turn signal?,Red,1.520
99,Day,0,Practice,Expected,Red,Right,66.94,58.51,-0.4208,0.8681,1387.8300,-0.4208,43.42,1,Manual_P,76.49,68.06,-1.000,-1.000,-1.000,None,What was the color of the REAR turn signal?,Red,1.520
99,Day,0,Practice,Expected,Red,Right,67.05,58.61,-0.4006,0.8681,1389.8380,-0.4006,43.49,1,Manual_P,76.49,68.06,-1.000,-1.000,-1.000,None,What was the color of the REAR turn signal?,Red,1.520
99,Day,0,Practice,Expected,Red,Right,67.16,58.73,-0.3763,0.8681,1392.0330,-0.3763,43.51,1,Manual_P,76.49,68.06,-1.000,-1.000,-1.000,None,What was the color of the REAR turn signal?,Red,1.520
99,Day,0,Practice,Expected,Red,Right,67.27,58.84,-0.3505,0.8681,1394.2010,-0.3505,43.51,1,Manual_P,76.49,68.06,-1.000,-1.000,-1.000,None,What was the color of the REAR turn signal?,Red,1.520
99,Day,0,Practice,Expected,Red,Right,67.38,58.95,-0.3235,0.8681,1396.3540,-0.3235,43.50,1,Manual_P,76.49,68.06,-1.000,-1.000,-1.000,None,What was the color of the REAR turn signal?,Red,1.520
99,Day,0,Practice,Expected,Red,Right,67.48,59.05,-0.2980,0.8681,1398.3070,-0.2980,43.49,1,Manual_P,76.49,68.06,-1.000,-1.000,-1.000,None,What was the color of the REAR turn signal?,Red,1.520
99,Day,0,Practice,Expected,Red,Right,67.60,59.16,-0.2687,0.8681,1400.5010,-0.2687,43.56,1,Manual_P,76.49,68.06,-1.000,-1.000,-1.000,None,What was the color of the REAR turn signal?,Red,1.520
99,Day,0,Practice,Expected,Red,Right,67.71,59.28,-0.2377,0.8681,1402.7750,-0.2377,43.89,1,Manual_P,76.49,68.06,-1.000,-1.000,-1.000,None,What was the color of the REAR turn signal?,Red,1.520
99,Day,0,Practice,Expected,Red,Right,67.83,59.39,-0.2062,0.8681,1405.0430,-0.2062,44.49,1,Manual_P,76.49,68.06,-1.000,-1.000,-1.000,None,What was the color of the REAR turn signal?,Red,1.520
99,Day,0,Practice,Expected,Red,Right,67.94,59.51,-0.1740,0.8681,1407.3360,-0.1740,45.24,1,Manual_P,76.49,68.06,-1.000,-1.000,-1.000,None,What was the color of the REAR turn signal?,Red,1.520
99,Day,0,Practice,Expected,Red,Right,68.05,59.62,-0.1428,0.8681,1409.5450,-0.1428,46.01,1,Manual_P,76.49,68.06,-1.000,-1.000,-1.000,None,What was the color of the REAR turn signal?,Red,1.520
99,Day,0,Practice,Expected,Red,Right,68.15,59.72,-0.1131,0.8681,1411.6360,-0.1131,46.67,1,Manual_P,76.49,68.06,-1.000,-1.000,-1.000,None,What was the color of the REAR turn signal?,Red,1.520
99,Day,0,Practice,Expected,Red,Right,68.26,59.82,-0.0821,0.8681,1413.8190,-0.0821,47.33,1,Manual_P,76.49,68.06,-1.000,-1.000,-1.000,None,What was the color of the REAR turn signal?,Red,1.520
99,Day,0,Practice,Expected,Red,Right,68.37,59.93,-0.0477,0.8681,1416.2290,-0.0477,48.01,1,Manual_P,76.49,68.06,-1.000,-1.000,-1.000,None,What was the color of the REAR turn signal?,Red,1.520
99,Day,0,Practice,Expected,Red,Right,68.48,60.05,-0.0121,0.8681,1418.7230,-0.0121,48.46,1,Manual_P,76.49,68.06,-1.000,-1.000,-1.000,None,What was the color of the REAR turn signal?,Red,1.520
99,Day,0,Practice,Expected,Red,Right,68.60,60.16,0.0230,0.8681,1421.1780,0.0230,48.61,1,Manual_P,76.49,68.06,-1.000,-1.000,-1.000,None,What was the color of the REAR turn signal?,Red,1.520
99,Day,0,Practice,Expected,Red,Right,68.71,60.27,0.0568,0.8681,1423.5510,0.0568,48.67,1,Manual_P,76.49,68.06,-1.000,-1.000,-1.000,None,What was the color of the REAR turn signal?,Red,1.520
99,Day,0,Practice,Expected,Red,Right,68.81,60.37,0.0884,0.8681,1425.7670,0.0884,48.84,1,Manual_P,76.49,68.06,-1.000,-1.000,-1.000,None,What was the color of the REAR turn signal?,Red,1.520
99,Day,0,Practice,Expected,Red,Right,68.91,60.48,0.1142,0.8681,1428.0990,0.1142,49.17,1,Manual_P,76.49,68.06,-1.000,-1.000,-1.000,None,What was the color of the REAR turn signal?,Red,1.520
99,Day,0,Practice,Expected,Red,Right,69.02,60.58,0.1191,0.8681,1430.3250,0.1191,49.45,1,Manual_P,76.49,68.06,-1.000,-1.000,-1.000,None,What was the color of the REAR turn signal?,Red,1.520
99,Day,0,Practice,Expected,Red,Right,69.12,60.69,0.1185,0.8681,1432.6220,0.1185,49.57,1,Manual_P,76.49,68.06,-1.000,-1.000,-1.000,None,What was the color of the REAR turn signal?,Red,1.520
99,Day,0,Practice,Expected,Red,Right,69.22,60.79,0.1181,0.8681,1434.9230,0.1181,49.57,1,Manual_P,76.49,68.06,-1.000,-1.000,-1.000,None,What was the color of the REAR turn signal?,Red,1.520
99,Day,0,Practice,Expected,Red,Right,69.32,60.89,0.1184,0.8681,1437.1740,0.1184,49.56,1,Manual_P,76.49,68.06,-1.000,-1.000,-1.000,None,What was the color of the REAR turn signal?,Red,1.520
99,Day,0,Practice,Expected,Red,Right,69.43,61.00,0.1108,0.8681,1439.4980,0.1108,49.57,1,Manual_P,76.49,68.06,-1.000,-1.000,-1.000,None,What was the color of the REAR turn signal?,Red,1.520
99,Day,0,Practice,Expected,Red,Right,69.53,61.10,0.0985,0.8681,1441.7720,0.0985,49.73,1,Manual_P,76.49,68.06,-1.000,-1.000,-1.000,None,What was the color of the REAR turn signal?,Red,1.520
99,Day,0,Practice,Expected,Red,Right,69.64,61.20,0.0831,0.8681,1444.0910,0.0831,50.17,1,Manual_P,76.49,68.06,-1.000,-1.000,-1.000,None,What was the color of the REAR turn signal?,Red,1.520
99,Day,0,Practice,Expected,Red,Right,69.74,61.31,0.0660,0.8681,1446.4300,0.0660,50.73,1,Manual_P,76.49,68.06,-1.000,-1.000,-1.000,None,What was the color of the REAR turn signal?,Red,1.520
99,Day,0,Practice,Expected,Red,Right,69.84,61.41,0.0482,0.8681,1448.7570,0.0482,51.38,1,Manual_P,76.49,68.06,-1.000,-1.000,-1.000,None,What was the color of the REAR turn signal?,Red,1.520
99,Day,0,Practice,Expected,Red,Right,69.95,61.52,0.0285,0.8681,1451.3230,0.0285,52.14,1,Manual_P,76.49,68.06,-1.000,-1.000,-1.000,None,What was the color of the REAR turn signal?,Red,1.520
99,Day,0,Practice,Expected,Red,Right,70.06,61.63,0.0097,0.8681,1453.8540,0.0097,52.80,1,Manual_P,76.49,68.06,-1.000,-1.000,-1.000,None,What was the color of the REAR turn signal?,Red,1.520
99,Day,0,Practice,Expected,Red,Right,70.16,61.73,0.0047,0.8681,1456.3230,0.0047,53.45,1,Manual_P,76.49,68.06,-1.000,-1.000,-1.000,None,What was the color of the REAR turn signal?,Red,1.520
99,Day,0,Practice,Expected,Red,Right,70.27,61.83,0.0063,0.8681,1458.7810,0.0063,54.11,1,Manual_P,76.49,68.06,-1.000,-1.000,-1.000,None,What was the color of the REAR turn signal?,Red,1.520
99,Day,0,Practice,Expected,Red,Right,70.37,61.93,0.0125,0.8681,1461.2460,0.0125,54.88,1,Manual_P,76.49,68.06,-1.000,-1.000,-1.000,None,What was the color of the REAR turn signal?,Red,1.520
99,Day,0,Practice,Expected,Red,Right,70.47,62.04,0.0261,0.8681,1463.8150,0.0261,55.54,1,Manual_P,76.49,68.06,-1.000,-1.000,-1.000,None,What was the color of the REAR turn signal?,Red,1.520
99,Day,0,Practice,Expected,Red,Right,70.57,62.14,0.0474,0.8681,1466.3410,0.0474,56.19,1,Manual_P,76.49,68.06,-1.000,-1.000,-1.000,None,What was the color of the REAR turn signal?,Red,1.520
99,Day,0,Practice,Expected,Red,Right,70.68,62.24,0.0773,0.8681,1468.9380,0.0773,56.85,1,Manual_P,76.49,68.06,-1.000,-1.000,-1.000,None,What was the color of the REAR turn signal?,Red,1.520
99,Day,0,Practice,Expected,Red,Right,70.78,62.35,0.1154,0.8681,1471.5770,0.1154,57.51,1,Manual_P,76.49,68.06,-1.000,-1.000,-1.000,None,What was the color of the REAR turn signal?,Red,1.520
99,Day,0,Practice,Expected,Red,Right,70.88,62.45,0.1605,0.8681,1474.2250,0.1605,58.17,1,Manual_P,76.49,68.06,-1.000,-1.000,-1.000,None,What was the color of the REAR turn signal?,Red,1.520
99,Day,0,Practice,Expected,Red,Right,70.98,62.55,0.2124,0.8681,1476.9090,0.2124,58.93,1,Manual_P,76.49,68.06,-1.000,-1.000,-1.000,None,What was the color of the REAR turn signal?,Red,1.520
99,Day,0,Practice,Expected,Red,Right,71.09,62.66,0.2745,0.8681,1479.8160,0.2745,59.59,1,Manual_P,76.49,68.06,-1.000,-1.000,-1.000,None,What was the color of the REAR turn signal?,Red,1.520
99,Day,0,Practice,Expected,Red,Right,71.20,62.76,0.3366,0.8681,1482.6200,0.3366,60.13,1,Manual_P,76.49,68.06,-1.000,-1.000,-1.000,None,What was the color of the REAR turn signal?,Red,1.520
99,Day,0,Practice,Expected,Red,Right,71.30,62.87,0.3757,0.8681,1485.4060,0.3757,60.47,1,Manual_P,76.49,68.06,-1.000,-1.000,-1.000,None,What was the color of the REAR turn signal?,Red,1.520
99,Day,0,Practice,Expected,Red,Right,71.41,62.97,0.3747,0.8681,1488.2610,0.3747,60.57,1,Manual_P,76.49,68.06,-1.000,-1.000,-1.000,None,What was the color of the REAR turn signal?,Red,1.520
99,Day,0,Practice,Expected,Red,Right,71.51,63.08,0.3757,0.8681,1491.0810,0.3757,60.58,1,Manual_P,76.49,68.06,-1.000,-1.000,-1.000,None,What was the color of the REAR turn signal?,Red,1.520
99,Day,0,Practice,Expected,Red,Right,71.62,63.18,0.3729,0.8681,1493.9240,0.3729,59.41,1,Manual_P,76.49,68.06,-1.000,-1.000,-1.000,None,What was the color of the REAR turn signal?,Red,1.520
99,Day,0,Practice,Expected,Red,Right,71.72,63.29,0.3522,0.8681,1496.5860,0.3522,56.90,1,Manual_P,76.49,68.06,-1.000,-1.000,-1.000,None,What was the color of the REAR turn signal?,Red,1.520
99,Day,0,Practice,Expected,Red,Right,71.82,63.39,0.3164,0.8681,1499.1860,0.3164,55.23,1,Manual_P,76.49,68.06,-1.000,-1.000,-1.000,None,What was the color of the REAR turn signal?,Red,1.520
99,Day,0,Practice,Expected,Red,Right,71.93,63.49,0.2679,0.8681,1501.7200,0.2679,53.90,1,Manual_P,76.49,68.06,-1.000,-1.000,-1.000,None,What was the color of the REAR turn signal?,Red,1.520
99,Day,0,Practice,Expected,Red,Right,72.03,63.60,0.2110,0.8681,1504.2450,0.2110,52.58,1,Manual_P,76.49,68.06,-1.000,-1.000,-1.000,None,What was the color of the REAR turn signal?,Red,1.520
99,Day,0,Practice,Expected,Red,Right,72.14,63.70,0.1671,0.8681,1506.6740,0.1671,51.02,1,Manual_P,76.49,68.06,-1.000,-1.000,-1.000,None,What was the color of the REAR turn signal?,Red,1.520
99,Day,0,Practice,Expected,Red,Right,72.24,63.81,0.1294,0.8681,1508.9710,0.1294,49.71,1,Manual_P,76.49,68.06,-1.000,-1.000,-1.000,None,What was the color of the REAR turn signal?,Red,1.520
99,Day,0,Practice,Expected,Red,Right,72.34,63.91,0.0941,0.8681,1511.1950,0.0941,48.39,1,Manual_P,76.49,68.06,-1.000,-1.000,-1.000,None,What was the color of the REAR turn signal?,Red,1.520
99,Day,0,Practice,Expected,Red,Right,72.44,64.01,0.0645,0.8681,1513.3910,0.0645,47.07,1,Manual_P,76.49,68.06,-1.000,-1.000,-1.000,None,What was the color of the REAR turn signal?,Red,1.520
99,Day,0,Practice,Expected,Red,Right,72.55,64.12,0.0420,0.8681,1515.6760,0.0420,45.53,1,Manual_P,76.49,68.06,-1.000,-1.000,-1.000,None,What was the color of the REAR turn signal?,Red,1.520
99,Day,0,Practice,Expected,Red,Right,72.66,64.22,0.0297,0.8681,1517.7500,0.0297,44.21,1,Manual_P,76.49,68.06,-1.000,-1.000,-1.000,None,What was the color of the REAR turn signal?,Red,1.520
99,Day,0,Practice,Expected,Red,Right,72.76,64.32,0.0251,0.8681,1519.7160,0.0251,42.90,1,Manual_P,76.49,68.06,-1.000,-1.000,-1.000,None,What was the color of the REAR turn signal?,Red,1.520
99,Day,0,Practice,Expected,Red,Right,72.86,64.43,0.0272,0.8681,1521.7150,0.0272,41.58,1,Manual_P,76.49,68.06,-1.000,-1.000,-1.000,None,What was the color of the REAR turn signal?,Red,1.520
99,Day,0,Practice,Expected,Red,Right,72.97,64.53,0.0343,0.8681,1523.5600,0.0343,40.26,1,Manual_P,76.49,68.06,-1.000,-1.000,-1.000,None,What was the color of the REAR turn signal?,Red,1.520
99,Day,0,Practice,Expected,Red,Right,73.07,64.64,0.0458,0.8681,1525.3930,0.0458,38.72,1,Manual_P,76.49,68.06,-1.000,-1.000,-1.000,None,What was the color of the REAR turn signal?,Red,1.520
99,Day,0,Practice,Expected,Red,Right,73.17,64.74,0.0603,0.8681,1527.1630,0.0603,37.37,1,Manual_P,76.49,68.06,-1.000,-1.000,-1.000,None,What was the color of the REAR turn signal?,Red,1.520
99,Day,0,Practice,Expected,Red,Right,73.28,64.84,0.0765,0.8681,1528.8260,0.0765,36.05,1,Manual_P,76.49,68.06,-1.000,-1.000,-1.000,None,What was the color of the REAR turn signal?,Red,1.520
99,Day,0,Practice,Expected,Red,Right,73.38,64.94,0.0944,0.8681,1530.4630,0.0944,34.73,1,Manual_P,76.49,68.06,-1.000,-1.000,-1.000,None,What was the color of the REAR turn signal?,Red,1.520
99,Day,0,Practice,Expected,Red,Right,73.48,65.05,0.1131,0.8681,1532.0330,0.1131,33.40,1,Manual_P,76.49,68.06,-1.000,-1.000,-1.000,None,What was the color of the REAR turn signal?,Red,1.520
99,Day,0,Practice,Expected,Red,Right,73.58,65.15,0.1318,0.8681,1533.5150,0.1318,31.48,1,Manual_P,76.49,68.06,-1.000,-1.000,-1.000,None,What was the color of the REAR turn signal?,Red,1.520
99,Day,0,Practice,Expected,Red,Right,73.69,65.26,0.1512,0.8681,1534.9880,0.1512,31.08,1,Manual_P,76.49,68.06,-1.000,-1.000,-1.000,None,What was the color of the REAR turn signal?,Red,1.520
99,Day,0,Practice,Expected,Red,Right,73.79,65.36,0.1694,0.8681,1536.3330,0.1694,28.86,1,Manual_P,76.49,68.06,-1.000,-1.000,-1.000,None,What was the color of the REAR turn signal?,Red,1.520
99,Day,0,Practice,Expected,Red,Right,73.89,65.46,0.1875,0.8681,1537.6400,0.1875,27.53,1,Manual_P,76.49,68.06,-1.000,-1.000,-1.000,None,What was the color of the REAR turn signal?,Red,1.520
99,Day,0,Practice,Expected,Red,Right,73.99,65.56,0.2045,0.8681,1538.8510,0.2045,26.22,1,Manual_P,76.49,68.06,-1.000,-1.000,-1.000,None,What was the color of the REAR turn signal?,Red,1.520
99,Day,0,Practice,Expected,Red,Right,74.10,65.67,0.2214,0.8681,1540.0420,0.2214,24.90,1,Manual_P,76.49,68.06,-1.000,-1.000,-1.000,None,What was the color of the REAR turn signal?,Red,1.520
99,Day,0,Practice,Expected,Red,Right,74.21,65.77,0.2378,0.8681,1541.1890,0.2378,23.36,1,Manual_P,76.49,68.06,-1.000,-1.000,-1.000,None,What was the color of the REAR turn signal?,Red,1.520
99,Day,0,Practice,Expected,Red,Right,74.31,65.88,0.2532,0.8681,1542.2610,0.2532,22.05,1,Manual_P,76.49,68.06,-1.000,-1.000,-1.000,None,What was the color of the REAR turn signal?,Red,1.520
99,Day,0,Practice,Expected,Red,Right,74.42,65.98,0.2679,0.8681,1543.2830,0.2679,20.51,1,Manual_P,76.49,68.06,-1.000,-1.000,-1.000,None,What was the color of the REAR turn signal?,Red,1.520
99,Day,0,Practice,Expected,Red,Right,74.53,66.09,0.2815,0.8681,1544.2270,0.2815,19.19,1,Manual_P,76.49,68.06,-1.000,-1.000,-1.000,None,What was the color of the REAR turn signal?,Red,1.520
99,Day,0,Practice,Expected,Red,Right,74.63,66.20,0.2941,0.8681,1545.1040,0.2941,18.05,1,Manual_P,76.49,68.06,-1.000,-1.000,-1.000,None,What was the color of the REAR turn signal?,Red,1.520
99,Day,0,Practice,Expected,Red,Right,74.73,66.30,0.3059,0.8681,1545.9180,0.3059,18.04,1,Manual_P,76.49,68.06,-1.000,-1.000,-1.000,None,What was the color of the REAR turn signal?,Red,1.520
99,Day,0,Practice,Expected,Red,Right,74.84,66.40,0.3182,0.8681,1546.7690,0.3182,18.04,1,Manual_P,76.49,68.06,-1.000,-1.000,-1.000,None,What was the color of the REAR turn signal?,Red,1.520
99,Day,0,Practice,Expected,Red,Right,74.94,66.51,0.3302,0.8681,1547.5960,0.3302,18.03,1,Manual_P,76.49,68.06,-1.000,-1.000,-1.000,None,What was the color of the REAR turn signal?,Red,1.520
99,Day,0,Practice,Expected,Red,Right,75.04,66.61,0.3421,0.8681,1548.4190,0.3421,18.03,1,Manual_P,76.49,68.06,-1.000,-1.000,-1.000,None,What was the color of the REAR turn signal?,Red,1.520
99,Day,0,Practice,Expected,Red,Right,75.16,66.73,0.3559,0.8681,1549.3660,0.3559,18.02,1,Manual_P,76.49,68.06,-1.000,-1.000,-1.000,None,What was the color of the REAR turn signal?,Red,1.520
99,Day,0,Practice,Expected,Red,Right,75.27,66.84,0.3686,0.8681,1550.2480,0.3686,18.02,1,Manual_P,76.49,68.06,-1.000,-1.000,-1.000,None,What was the color of the REAR turn signal?,Red,1.520
99,Day,0,Practice,Expected,Red,Right,75.37,66.94,0.3805,0.8681,1551.0670,0.3805,18.01,1,Manual_P,76.49,68.06,-1.000,-1.000,-1.000,None,What was the color of the REAR turn signal?,Red,1.520
99,Day,0,Practice,Expected,Red,Right,75.48,67.04,0.3927,0.8681,1551.9070,0.3927,18.01,1,Manual_P,76.49,68.06,-1.000,-1.000,-1.000,None,What was the color of the REAR turn signal?,Red,1.520
99,Day,0,Practice,Expected,Red,Right,75.58,67.15,0.4048,0.8681,1552.7420,0.4048,18.01,1,Manual_P,76.49,68.06,-1.000,-1.000,-1.000,None,What was the color of the REAR turn signal?,Red,1.520
99,Day,0,Practice,Expected,Red,Right,75.69,67.25,0.4172,0.8681,1553.5990,0.4172,18.00,1,Manual_P,76.49,68.06,-1.000,-1.000,-1.000,None,What was the color of the REAR turn signal?,Red,1.520
99,Day,0,Practice,Expected,Red,Right,75.79,67.36,0.4294,0.8681,1554.4410,0.4294,18.00,1,Manual_P,76.49,68.06,-1.000,-1.000,-1.000,None,What was the color of the REAR turn signal?,Red,1.520
99,Day,0,Practice,Expected,Red,Right,75.90,67.46,0.4416,0.8681,1555.2810,0.4416,17.99,1,Manual_P,76.49,68.06,-1.000,-1.000,-1.000,None,What was the color of the REAR turn signal?,Red,1.520
99,Day,0,Practice,Expected,Red,Right,76.01,67.57,0.4548,0.8681,1556.1930,0.4548,17.99,1,Manual_P,76.49,68.06,-1.000,-1.000,-1.000,None,What was the color of the REAR turn signal?,Red,1.520
99,Day,0,Practice,Expected,Red,Right,76.12,67.68,0.4674,0.8681,1557.0580,0.4674,17.98,1,Manual_P,76.49,68.06,-1.000,-1.000,-1.000,None,What was the color of the REAR turn signal?,Red,1.520
99,Day,0,Practice,Expected,Red,Right,76.22,67.78,0.4792,0.8681,1557.8740,0.4792,17.98,1,Manual_P,76.49,68.06,-1.000,-1.000,-1.000,None,What was the color of the REAR turn signal?,Red,1.520
99,Day,0,Practice,Expected,Red,Right,76.32,67.89,0.4911,0.8681,1558.6950,0.4911,17.98,1,Manual_P,76.49,68.06,-1.000,-1.000,-1.000,None,What was the color of the REAR turn signal?,Red,1.520
99,Day,0,Practice,Expected,Red,Right,76.42,67.99,0.5031,0.8681,1559.5210,0.5031,17.97,1,Manual_P,76.49,68.06,-1.000,-1.000,-1.000,None,What was the color of the REAR turn signal?,Red,1.520
