ParticipantID,Block,BlockStartAbs,BlockTimeRel,TrialIndex,Scene,Event,Expectancy,SignalColor,MergeSide,TimeAbs,TrialTimeRel,X,Y,Z,LaneDeviation,SpeedMPH,TrialEnded,TrialEndReason,TrialEndAbs,TrialEndRel,SurveyResponse,SurveyRT
UNKNOWN,0,3.307,0.057,-1,SubBlock,Practice,Expected,Red,Left,3.364,-1,,,,,0,0,,-1,-1,,-1
UNKNOWN,0,3.307,0.165,-1,SubBlock,Practice,Expected,Red,Left,3.472,-1,,,,,0,0,,-1,-1,,-1
UNKNOWN,0,3.307,1.341,-1,SubBlock,Practice,Expected,Red,Left,4.649,-1,,,,,0,0,,-1,-1,,-1
UNKNOWN,0,3.307,1.377,-1,SubBlock,Practice,Expected,Red,Left,4.685,-1,,,,,0,0,,-1,-1,,-1
UNKNOWN,0,3.307,1.397,-1,SubBlock,Practice,Expected,Red,Left,4.704,-1,,,,,0,0,,-1,-1,,-1
UNKNOWN,0,3.307,1.438,-1,SubBlock,Practice,Expected,Red,Left,4.745,-1,,,,,0,0,,-1,-1,,-1
UNKNOWN,0,3.307,1.442,-1,SubBlock,Practice,Expected,Red,Left,4.749,-1,,,,,0,0,,-1,-1,,-1
UNKNOWN,0,3.307,1.444,-1,SubBlock,Practice,Expected,Red,Left,4.751,-1,,,,,0,0,,-1,-1,,-1
UNKNOWN,0,3.307,1.447,-1,SubBlock,Practice,Expected,Red,Left,4.754,-1,,,,,0,0,,-1,-1,,-1
UNKNOWN,0,3.307,1.45,-1,SubBlock,Practice,Expected,Red,Left,4.758,-1,,,,,0,0,,-1,-1,,-1
UNKNOWN,0,3.307,1.453,-1,SubBlock,Practice,Expected,Red,Left,4.761,-1,,,,,0,0,,-1,-1,,-1
UNKNOWN,0,3.307,1.456,-1,SubBlock,Practice,Expected,Red,Left,4.763,-1,,,,,0,0,,-1,-1,,-1
UNKNOWN,0,3.307,1.458,-1,SubBlock,Practice,Expected,Red,Left,4.765,-1,,,,,0,0,,-1,-1,,-1
UNKNOWN,0,3.307,1.461,-1,SubBlock,Practice,Expected,Red,Left,4.768,-1,,,,,0,0,,-1,-1,,-1
UNKNOWN,0,3.307,1.464,-1,SubBlock,Practice,Expected,Red,Left,4.771,-1,,,,,0,0,,-1,-1,,-1
UNKNOWN,0,3.307,1.466,-1,SubBlock,Practice,Expected,Red,Left,4.773,-1,,,,,0,0,,-1,-1,,-1
UNKNOWN,0,3.307,1.469,-1,SubBlock,Practice,Expected,Red,Left,4.776,-1,,,,,0,0,,-1,-1,,-1
UNKNOWN,0,3.307,1.471,-1,SubBlock,Practice,Expected,Red,Left,4.779,-1,,,,,0,0,,-1,-1,,-1
UNKNOWN,0,3.307,1.474,-1,SubBlock,Practice,Expected,Red,Left,4.781,-1,,,,,0,0,,-1,-1,,-1
UNKNOWN,0,3.307,1.476,-1,SubBlock,Practice,Expected,Red,Left,4.784,-1,,,,,0,0,,-1,-1,,-1
UNKNOWN,0,3.307,1.48,-1,SubBlock,Practice,Expected,Red,Left,4.787,-1,,,,,0,0,,-1,-1,,-1
UNKNOWN,0,3.307,1.483,-1,SubBlock,Practice,Expected,Red,Left,4.791,-1,,,,,0,0,,-1,-1,,-1
UNKNOWN,0,3.307,1.486,-1,SubBlock,Practice,Expected,Red,Left,4.793,-1,,,,,0,0,,-1,-1,,-1
UNKNOWN,0,3.307,1.489,-1,SubBlock,Practice,Expected,Red,Left,4.796,-1,,,,,0,0,,-1,-1,,-1
UNKNOWN,0,3.307,1.491,-1,SubBlock,Practice,Expected,Red,Left,4.798,-1,,,,,0,0,,-1,-1,,-1
UNKNOWN,0,3.307,1.493,-1,SubBlock,Practice,Expected,Red,Left,4.801,-1,,,,,0,0,,-1,-1,,-1
UNKNOWN,0,3.307,1.496,-1,SubBlock,Practice,Expected,Red,Left,4.803,-1,,,,,0,0,,-1,-1,,-1
UNKNOWN,0,3.307,1.498,-1,SubBlock,Practice,Expected,Red,Left,4.805,-1,,,,,0,0,,-1,-1,,-1
UNKNOWN,0,3.307,1.501,-1,SubBlock,Practice,Expected,Red,Left,4.808,-1,,,,,0,0,,-1,-1,,-1
UNKNOWN,0,3.307,1.503,-1,SubBlock,Practice,Expected,Red,Left,4.81,-1,,,,,0,0,,-1,-1,,-1
UNKNOWN,0,3.307,1.506,-1,SubBlock,Practice,Expected,Red,Left,4.813,-1,,,,,0,0,,-1,-1,,-1
UNKNOWN,0,3.307,1.509,-1,SubBlock,Practice,Expected,Red,Left,4.816,-1,,,,,0,0,,-1,-1,,-1
UNKNOWN,0,3.307,1.511,-1,SubBlock,Practice,Expected,Red,Left,4.818,-1,,,,,0,0,,-1,-1,,-1
UNKNOWN,0,3.307,1.515,-1,SubBlock,Practice,Expected,Red,Left,4.822,-1,,,,,0,0,,-1,-1,,-1
UNKNOWN,0,3.307,1.518,-1,SubBlock,Practice,Expected,Red,Left,4.825,-1,,,,,0,0,,-1,-1,,-1
UNKNOWN,0,3.307,1.521,-1,SubBlock,Practice,Expected,Red,Left,4.828,-1,,,,,0,0,,-1,-1,,-1
UNKNOWN,0,3.307,1.523,-1,SubBlock,Practice,Expected,Red,Left,4.831,-1,,,,,0,0,,-1,-1,,-1
UNKNOWN,0,3.307,1.527,-1,SubBlock,Practice,Expected,Red,Left,4.834,-1,,,,,0,0,,-1,-1,,-1
UNKNOWN,0,3.307,1.53,-1,SubBlock,Practice,Expected,Red,Left,4.837,-1,,,,,0,0,,-1,-1,,-1
UNKNOWN,0,3.307,1.533,-1,SubBlock,Practice,Expected,Red,Left,4.84,-1,,,,,0,0,,-1,-1,,-1
UNKNOWN,0,3.307,1.537,-1,SubBlock,Practice,Expected,Red,Left,4.844,-1,,,,,0,0,,-1,-1,,-1
UNKNOWN,0,3.307,1.54,-1,SubBlock,Practice,Expected,Red,Left,4.847,-1,,,,,0,0,,-1,-1,,-1
UNKNOWN,0,3.307,1.543,-1,SubBlock,Practice,Expected,Red,Left,4.85,-1,,,,,0,0,,-1,-1,,-1
UNKNOWN,0,3.307,1.547,-1,SubBlock,Practice,Expected,Red,Left,4.854,-1,,,,,0,0,,-1,-1,,-1
UNKNOWN,0,3.307,1.55,-1,SubBlock,Practice,Expected,Red,Left,4.858,-1,,,,,0,0,,-1,-1,,-1
UNKNOWN,0,3.307,1.554,-1,SubBlock,Practice,Expected,Red,Left,4.861,-1,,,,,0,0,,-1,-1,,-1
UNKNOWN,0,3.307,1.557,-1,SubBlock,Practice,Expected,Red,Left,4.864,-1,,,,,0,0,,-1,-1,,-1
UNKNOWN,0,3.307,1.56,-1,SubBlock,Practice,Expected,Red,Left,4.867,-1,,,,,0,0,,-1,-1,,-1
UNKNOWN,0,3.307,1.595,-1,SubBlock,Practice,Expected,Red,Left,4.902,-1,,,,,0,0,,-1,-1,,-1
UNKNOWN,0,3.307,1.694,-1,SubBlock,Practice,Expected,Red,Left,5.001,-1,,,,,0,0,,-1,-1,,-1
UNKNOWN,0,3.307,1.795,-1,SubBlock,Practice,Expected,Red,Left,5.102,-1,,,,,0,0,,-1,-1,,-1
UNKNOWN,0,3.307,1.894,-1,SubBlock,Practice,Expected,Red,Left,5.202,-1,,,,,0,0,,-1,-1,,-1
UNKNOWN,0,3.307,1.999,-1,SubBlock,Practice,Expected,Red,Left,5.306,-1,,,,,0,0,,-1,-1,,-1
UNKNOWN,0,3.307,2.095,-1,SubBlock,Practice,Expected,Red,Left,5.402,-1,,,,,0,0,,-1,-1,,-1
UNKNOWN,0,3.307,2.194,-1,SubBlock,Practice,Expected,Red,Left,5.502,-1,,,,,0,0,,-1,-1,,-1
UNKNOWN,0,3.307,2.294,-1,SubBlock,Practice,Expected,Red,Left,5.601,-1,,,,,0,0,,-1,-1,,-1
UNKNOWN,0,3.307,2.394,-1,SubBlock,Practice,Expected,Red,Left,5.701,-1,,,,,0,0,,-1,-1,,-1
UNKNOWN,0,3.307,2.493,-1,SubBlock,Practice,Expected,Red,Left,5.801,-1,,,,,0,0,,-1,-1,,-1
UNKNOWN,0,3.307,2.593,-1,SubBlock,Practice,Expected,Red,Left,5.901,-1,,,,,0,0,,-1,-1,,-1
UNKNOWN,0,3.307,2.694,-1,SubBlock,Practice,Expected,Red,Left,6.001,-1,,,,,0,0,,-1,-1,,-1
UNKNOWN,0,3.307,2.795,-1,SubBlock,Practice,Expected,Red,Left,6.102,-1,,,,,0,0,,-1,-1,,-1
UNKNOWN,0,3.307,2.895,-1,SubBlock,Practice,Expected,Red,Left,6.203,-1,,,,,0,0,,-1,-1,,-1
UNKNOWN,0,3.307,2.993,-1,SubBlock,Practice,Expected,Red,Left,6.3,-1,,,,,0,0,,-1,-1,,-1
UNKNOWN,0,3.307,3.095,-1,SubBlock,Practice,Expected,Red,Left,6.402,-1,,,,,0,0,,-1,-1,,-1
UNKNOWN,0,3.307,3.195,-1,SubBlock,Practice,Expected,Red,Left,6.502,-1,,,,,0,0,,-1,-1,,-1
UNKNOWN,0,3.307,3.297,-1,SubBlock,Practice,Expected,Red,Left,6.604,-1,,,,,0,0,,-1,-1,,-1
UNKNOWN,0,3.307,3.4,-1,SubBlock,Practice,Expected,Red,Left,6.707,-1,,,,,0,0,,-1,-1,,-1
UNKNOWN,0,3.307,3.496,-1,SubBlock,Practice,Expected,Red,Left,6.803,-1,,,,,0,0,,-1,-1,,-1
UNKNOWN,0,3.307,3.595,-1,SubBlock,Practice,Expected,Red,Left,6.902,-1,,,,,0,0,,-1,-1,,-1
UNKNOWN,0,3.307,3.696,-1,SubBlock,Practice,Expected,Red,Left,7.003,-1,,,,,0,0,,-1,-1,,-1
UNKNOWN,0,3.307,3.796,-1,SubBlock,Practice,Expected,Red,Left,7.104,-1,,,,,0,0,,-1,-1,,-1
UNKNOWN,0,3.307,3.894,-1,SubBlock,Practice,Expected,Red,Left,7.201,-1,,,,,0,0,,-1,-1,,-1
UNKNOWN,0,3.307,3.994,-1,SubBlock,Practice,Expected,Red,Left,7.301,-1,,,,,0,0,,-1,-1,,-1
UNKNOWN,0,3.307,4.095,-1,SubBlock,Practice,Expected,Red,Left,7.402,-1,,,,,0,0,,-1,-1,,-1
UNKNOWN,0,3.307,4.193,-1,SubBlock,Practice,Expected,Red,Left,7.5,-1,,,,,0,0,,-1,-1,,-1
UNKNOWN,0,3.307,4.295,-1,SubBlock,Practice,Expected,Red,Left,7.602,-1,,,,,0,0,,-1,-1,,-1
UNKNOWN,0,3.307,4.394,-1,SubBlock,Practice,Expected,Red,Left,7.701,-1,,,,,0,0,,-1,-1,,-1
UNKNOWN,0,3.307,4.496,-1,SubBlock,Practice,Expected,Red,Left,7.804,-1,,,,,0,0,,-1,-1,,-1
UNKNOWN,0,3.307,4.599,-1,SubBlock,Practice,Expected,Red,Left,7.906,-1,,,,,0,0,,-1,-1,,-1
UNKNOWN,0,3.307,4.693,-1,SubBlock,Practice,Expected,Red,Left,8,-1,,,,,0,0,,-1,-1,,-1
UNKNOWN,0,3.307,4.795,-1,SubBlock,Practice,Expected,Red,Left,8.102,-1,,,,,0,0,,-1,-1,,-1
UNKNOWN,0,3.307,4.895,-1,SubBlock,Practice,Expected,Red,Left,8.202,-1,,,,,0,0,,-1,-1,,-1
UNKNOWN,0,3.307,4.993,-1,SubBlock,Practice,Expected,Red,Left,8.3,-1,,,,,0,0,,-1,-1,,-1
UNKNOWN,0,3.307,5.094,-1,SubBlock,Practice,Expected,Red,Left,8.402,-1,,,,,0,0,,-1,-1,,-1
UNKNOWN,0,3.307,5.194,-1,SubBlock,Practice,Expected,Red,Left,8.502,-1,,,,,0,0,,-1,-1,,-1
UNKNOWN,0,3.307,5.294,-1,SubBlock,Practice,Expected,Red,Left,8.601,-1,,,,,0,0,,-1,-1,,-1
UNKNOWN,0,3.307,5.393,-1,SubBlock,Practice,Expected,Red,Left,8.7,-1,,,,,0,0,,-1,-1,,-1
UNKNOWN,0,3.307,5.494,-1,SubBlock,Practice,Expected,Red,Left,8.801,-1,,,,,0,0,,-1,-1,,-1
UNKNOWN,0,3.307,5.594,-1,SubBlock,Practice,Expected,Red,Left,8.901,-1,,,,,0,0,,-1,-1,,-1
UNKNOWN,0,3.307,5.693,-1,SubBlock,Practice,Expected,Red,Left,9,-1,,,,,0,0,,-1,-1,,-1
plz,Night,9.344,0.071,0,E_Red_R,Practice,Expected,Red,Left,9.415,0.393,0,0.836,-0.002,,3.354,0,,-1,-1,,-1
plz,Night,9.344,0.134,0,E_Red_R,Practice,Expected,Red,Left,9.478,0.455,0,0.836,-0.002,,3.354,0,,-1,-1,,-1
plz,Night,9.344,0.144,0,E_Red_R,Practice,Expected,Red,Left,9.488,0.465,0,0.843,-0.002,,0.039,0,,-1,-1,,-1
plz,Night,9.344,0.152,0,E_Red_R,Practice,Expected,Red,Left,9.496,0.474,0,0.843,-0.002,,0.039,0,,-1,-1,,-1
plz,Night,9.344,0.161,0,E_Red_R,Practice,Expected,Red,Left,9.505,0.482,0,0.844,-0.002,,0.089,0,,-1,-1,,-1
plz,Night,9.344,0.258,0,E_Red_R,Practice,Expected,Red,Left,9.602,0.58,0,0.851,-0.002,,0.23,0,,-1,-1,,-1
plz,Night,9.344,0.362,0,E_Red_R,Practice,Expected,Red,Left,9.706,0.683,0,0.861,-0.002,,0.191,0,,-1,-1,,-1
plz,Night,9.344,0.457,0,E_Red_R,Practice,Expected,Red,Left,9.801,0.779,0,0.868,-0.002,,0.096,0,,-1,-1,,-1
plz,Night,9.344,0.559,0,E_Red_R,Practice,Expected,Red,Left,9.903,0.88,0,0.87,-0.002,,0.018,0,,-1,-1,,-1
plz,Night,9.344,0.662,0,E_Red_R,Practice,Expected,Red,Left,10.006,0.983,0,0.87,-0.002,,0.021,0,,-1,-1,,-1
plz,Night,9.344,0.762,0,E_Red_R,Practice,Expected,Red,Left,10.106,1.083,0,0.869,-0.002,,0.039,0,,-1,-1,,-1
plz,Night,9.344,0.858,0,E_Red_R,Practice,Expected,Red,Left,10.202,1.179,0,0.868,-0.001,,0.157,0,,-1,-1,,-1
plz,Night,9.344,0.961,0,E_Red_R,Practice,Expected,Red,Left,10.305,1.283,0,0.867,0.013,,0.513,0,,-1,-1,,-1
plz,Night,9.344,1.059,0,E_Red_R,Practice,Expected,Red,Left,10.403,1.381,0,0.867,0.046,,1.069,0,,-1,-1,,-1
plz,Night,9.344,1.162,0,E_Red_R,Practice,Expected,Red,Left,10.506,1.483,0,0.867,0.108,,1.738,0,,-1,-1,,-1
plz,Night,9.344,1.259,0,E_Red_R,Practice,Expected,Red,Left,10.603,1.58,0,0.868,0.197,,2.41,0,,-1,-1,,-1
plz,Night,9.344,1.357,0,E_Red_R,Practice,Expected,Red,Left,10.701,1.679,0,0.868,0.316,,3.082,0,,-1,-1,,-1
plz,Night,9.344,1.462,0,E_Red_R,Practice,Expected,Red,Left,10.806,1.783,0,0.868,0.473,,3.754,0,,-1,-1,,-1
plz,Night,9.344,1.562,0,E_Red_R,Practice,Expected,Red,Left,10.906,1.883,0,0.868,0.655,,4.426,0,,-1,-1,,-1
plz,Night,9.344,1.662,0,E_Red_R,Practice,Expected,Red,Left,11.006,1.983,0,0.868,0.867,,5.098,0,,-1,-1,,-1
plz,Night,9.344,1.76,0,E_Red_R,Practice,Expected,Red,Left,11.104,2.081,0,0.868,1.103,,5.77,0,,-1,-1,,-1
plz,Night,9.344,1.856,0,E_Red_R,Practice,Expected,Red,Left,11.2,2.178,0,0.868,1.366,,6.329,0,,-1,-1,,-1
plz,Night,9.344,1.962,0,E_Red_R,Practice,Expected,Red,Left,11.306,2.284,0,0.868,1.683,,7.113,0,,-1,-1,,-1
plz,Night,9.344,2.057,0,E_Red_R,Practice,Expected,Red,Left,11.401,2.379,0,0.868,1.998,,7.784,0,,-1,-1,,-1
plz,Night,9.344,2.161,0,E_Red_R,Practice,Expected,Red,Left,11.505,2.482,0,0.868,2.373,,8.455,0,,-1,-1,,-1
plz,Night,9.344,2.261,0,E_Red_R,Practice,Expected,Red,Left,11.605,2.582,0,0.868,2.764,,9.126,0,,-1,-1,,-1
plz,Night,9.344,2.36,0,E_Red_R,Practice,Expected,Red,Left,11.703,2.681,0,0.868,3.179,,9.797,0,,-1,-1,,-1
plz,Night,9.344,2.459,0,E_Red_R,Practice,Expected,Red,Left,11.803,2.781,0,0.868,3.628,,10.467,0,,-1,-1,,-1
plz,Night,9.344,2.561,0,E_Red_R,Practice,Expected,Red,Left,11.905,2.882,0,0.868,4.118,,11.138,0,,-1,-1,,-1
plz,Night,9.344,2.661,0,E_Red_R,Practice,Expected,Red,Left,12.005,2.982,0,0.868,4.629,,11.811,0,,-1,-1,,-1
plz,Night,9.344,2.76,0,E_Red_R,Practice,Expected,Red,Left,12.104,3.082,0,0.869,5.168,,12.481,0,,-1,-1,,-1
plz,Night,9.344,2.863,0,E_Red_R,Practice,Expected,Red,Left,12.207,3.184,0.001,0.869,5.753,,13.152,0,,-1,-1,,-1
plz,Night,9.344,2.959,0,E_Red_R,Practice,Expected,Red,Left,12.303,3.28,0.001,0.868,6.33,,13.822,0,,-1,-1,,-1
plz,Night,9.344,3.064,0,E_Red_R,Practice,Expected,Red,Left,12.408,3.385,0.001,0.868,6.992,,14.491,0,,-1,-1,,-1
plz,Night,9.344,3.158,0,E_Red_R,Practice,Expected,Red,Left,12.502,3.48,0.001,0.868,7.62,,15.161,0,,-1,-1,,-1
plz,Night,9.344,3.26,0,E_Red_R,Practice,Expected,Red,Left,12.604,3.581,0.001,0.868,8.32,,15.83,0,,-1,-1,,-1
plz,Night,9.344,3.358,0,E_Red_R,Practice,Expected,Red,Left,12.702,3.679,0.001,0.868,9.026,,16.499,0,,-1,-1,,-1
plz,Night,9.344,3.46,0,E_Red_R,Practice,Expected,Red,Left,12.804,3.781,0.001,0.868,9.79,,17.168,0,,-1,-1,,-1
plz,Night,9.344,3.56,0,E_Red_R,Practice,Expected,Red,Left,12.904,3.881,0,0.868,10.571,,17.837,0,,-1,-1,,-1
plz,Night,9.344,3.664,0,E_Red_R,Practice,Expected,Red,Left,13.008,3.985,0,0.868,11.419,,18.506,0,,-1,-1,,-1
plz,Night,9.344,3.758,0,E_Red_R,Practice,Expected,Red,Left,13.102,4.079,0,0.868,12.209,,19.174,0,,-1,-1,,-1
plz,Night,9.344,3.863,0,E_Red_R,Practice,Expected,Red,Left,13.207,4.185,0,0.868,13.125,,19.842,0,,-1,-1,,-1
plz,Night,9.344,3.961,0,E_Red_R,Practice,Expected,Red,Left,13.305,4.282,0,0.868,14.002,,20.511,0,,-1,-1,,-1
plz,Night,9.344,4.063,0,E_Red_R,Practice,Expected,Red,Left,13.407,4.384,0,0.868,14.955,,21.179,0,,-1,-1,,-1
plz,Night,9.344,4.159,0,E_Red_R,Practice,Expected,Red,Left,13.503,4.481,0,0.868,15.881,,21.847,0,,-1,-1,,-1
plz,Night,9.344,4.261,0,E_Red_R,Practice,Expected,Red,Left,13.605,4.583,0,0.868,16.892,,22.514,0,,-1,-1,,-1
plz,Night,9.344,4.358,0,E_Red_R,Practice,Expected,Red,Left,13.702,4.68,0,0.868,17.879,,23.182,0,,-1,-1,,-1
plz,Night,9.344,4.46,0,E_Red_R,Practice,Expected,Red,Left,13.804,4.781,0,0.868,18.944,,23.849,0,,-1,-1,,-1
plz,Night,9.344,4.563,0,E_Red_R,Practice,Expected,Red,Left,13.907,4.884,-0.001,0.868,20.059,,24.517,0,,-1,-1,,-1
plz,Night,9.344,4.663,0,E_Red_R,Practice,Expected,Red,Left,14.007,4.984,-0.001,0.868,21.166,,25.184,0,,-1,-1,,-1
plz,Night,9.344,4.757,0,E_Red_R,Practice,Expected,Red,Left,14.101,5.079,-0.001,0.868,22.244,,25.85,0,,-1,-1,,-1
plz,Night,9.344,4.862,0,E_Red_R,Practice,Expected,Red,Left,14.206,5.184,-0.001,0.868,23.467,,26.517,0,,-1,-1,,-1
plz,Night,9.344,4.958,0,E_Red_R,Practice,Expected,Red,Left,14.302,5.279,-0.002,0.868,24.615,,27.184,0,,-1,-1,,-1
plz,Night,9.344,5.06,0,E_Red_R,Practice,Expected,Red,Left,14.404,5.381,-0.002,0.868,25.871,,27.85,0,,-1,-1,,-1
plz,Night,9.344,5.164,0,E_Red_R,Practice,Expected,Red,Left,14.508,5.485,-0.003,0.868,27.176,,28.517,0,,-1,-1,,-1
plz,Night,9.344,5.259,0,E_Red_R,Practice,Expected,Red,Left,14.603,5.58,-0.003,0.868,28.397,,29.183,0,,-1,-1,,-1
plz,Night,9.344,5.358,0,E_Red_R,Practice,Expected,Red,Left,14.702,5.68,-0.003,0.868,29.71,,29.849,0,,-1,-1,,-1
plz,Night,9.344,5.462,0,E_Red_R,Practice,Expected,Red,Left,14.806,5.784,-0.004,0.868,31.112,,30.514,0,,-1,-1,,-1
plz,Night,9.344,5.565,0,E_Red_R,Practice,Expected,Red,Left,14.908,5.886,-0.004,0.868,32.521,,31.18,0,,-1,-1,,-1
plz,Night,9.344,5.664,0,E_Red_R,Practice,Expected,Red,Left,15.008,5.985,-0.005,0.868,33.917,,31.846,0,,-1,-1,,-1
plz,Night,9.344,5.757,0,E_Red_R,Practice,Expected,Red,Left,15.101,6.079,-0.006,0.868,35.267,,32.511,0,,-1,-1,,-1
plz,Night,9.344,5.861,0,E_Red_R,Practice,Expected,Red,Left,15.205,6.183,-0.006,0.868,36.79,,33.176,0,,-1,-1,,-1
plz,Night,9.344,5.958,0,E_Red_R,Practice,Expected,Red,Left,15.301,6.279,-0.007,0.868,38.228,,33.841,0,,-1,-1,,-1
plz,Night,9.344,6.059,0,E_Red_R,Practice,Expected,Red,Left,15.403,6.381,-0.008,0.868,39.779,,34.506,0,,-1,-1,,-1
plz,Night,9.344,6.165,0,E_Red_R,Practice,Expected,Red,Left,15.509,6.486,-0.009,0.868,41.419,,35.17,0,,-1,-1,,-1
plz,Night,9.344,6.26,0,E_Red_R,Practice,Expected,Red,Left,15.604,6.582,-0.01,0.868,42.935,,35.835,0,,-1,-1,,-1
plz,Night,9.344,6.364,0,E_Red_R,Practice,Expected,Red,Left,15.708,6.685,-0.011,0.868,44.612,,36.499,0,,-1,-1,,-1
plz,Night,9.344,6.461,0,E_Red_R,Practice,Expected,Red,Left,15.805,6.782,-0.011,0.868,46.202,,37.164,0,,-1,-1,,-1
plz,Night,9.344,6.556,0,E_Red_R,Practice,Expected,Red,Left,15.9,6.878,-0.012,0.868,47.813,,37.717,0,,-1,-1,,-1
plz,Night,9.344,6.664,0,E_Red_R,Practice,Expected,Red,Left,16.008,6.985,-0.014,0.868,49.634,,38.491,0,,-1,-1,,-1
plz,Night,9.344,6.757,0,E_Red_R,Practice,Expected,Red,Left,16.101,7.078,-0.015,0.868,51.255,,39.045,0,,-1,-1,,-1
plz,Night,9.344,6.86,0,E_Red_R,Practice,Expected,Red,Left,16.204,7.181,-0.016,0.868,53.06,,39.819,0,,-1,-1,,-1
plz,Night,9.344,6.958,0,E_Red_R,Practice,Expected,Red,Left,16.302,7.279,-0.017,0.868,54.82,,40.482,0,,-1,-1,,-1
plz,Night,9.344,7.063,0,E_Red_R,Practice,Expected,Red,Left,16.407,7.384,-0.019,0.868,56.734,,41.145,0,,-1,-1,,-1
plz,Night,9.344,7.16,0,E_Red_R,Practice,Expected,Red,Left,16.504,7.482,-0.02,0.868,58.54,,41.808,0,,-1,-1,,-1
plz,Night,9.344,7.263,0,E_Red_R,Practice,Expected,Red,Left,16.607,7.584,-0.022,0.868,60.477,,42.471,0,,-1,-1,,-1
plz,Night,9.344,7.361,0,E_Red_R,Practice,Expected,Red,Left,16.705,7.682,-0.023,0.868,62.344,,43.134,0,,-1,-1,,-1
plz,Night,9.344,7.458,0,E_Red_R,Practice,Expected,Red,Left,16.802,7.78,-0.025,0.868,64.235,,43.797,0,,-1,-1,,-1
plz,Night,9.344,7.561,0,E_Red_R,Practice,Expected,Red,Left,16.905,7.882,-0.027,0.868,66.259,,44.459,0,,-1,-1,,-1
plz,Night,9.344,7.657,0,E_Red_R,Practice,Expected,Red,Left,17.001,7.978,-0.029,0.868,68.186,,45.011,0,,-1,-1,,-1
plz,Night,9.344,7.757,0,E_Red_R,Practice,Expected,Red,Left,17.101,8.078,-0.031,0.868,70.214,,45.673,0,,-1,-1,,-1
plz,Night,9.344,7.861,0,E_Red_R,Practice,Expected,Red,Left,17.205,8.183,-0.033,0.868,72.365,,46.446,0,,-1,-1,,-1
plz,Night,9.344,7.96,0,E_Red_R,Practice,Expected,Red,Left,17.304,8.281,-0.035,0.868,74.419,,47.107,0,,-1,-1,,-1
plz,Night,9.344,8.062,0,E_Red_R,Practice,Expected,Red,Left,17.406,8.383,-0.037,0.868,76.583,,47.769,0,,-1,-1,,-1
plz,Night,9.344,8.16,0,E_Red_R,Practice,Expected,Red,Left,17.504,8.482,-0.04,0.868,78.698,,48.431,0,,-1,-1,,-1
plz,Night,9.344,8.259,0,E_Red_R,Practice,Expected,Red,Left,17.603,8.581,-0.042,0.868,80.859,,49.092,0,,-1,-1,,-1
plz,Night,9.344,8.356,0,E_Red_R,Practice,Expected,Red,Left,17.7,8.678,-0.045,0.868,83.007,,49.643,0,,-1,-1,,-1
plz,Night,9.344,8.464,0,E_Red_R,Practice,Expected,Red,Left,17.808,8.785,-0.048,0.868,85.406,,50.414,0,,-1,-1,,-1
plz,Night,9.344,8.562,0,E_Red_R,Practice,Expected,Red,Left,17.906,8.884,-0.05,0.868,87.633,,51.075,0,,-1,-1,,-1
plz,Night,9.344,8.66,0,E_Red_R,Practice,Expected,Red,Left,18.004,8.982,-0.053,0.868,89.883,,51.736,0,,-1,-1,,-1
plz,Night,9.344,8.761,0,E_Red_R,Practice,Expected,Red,Left,18.105,9.083,-0.056,0.868,92.235,,52.396,0,,-1,-1,,-1
plz,Night,9.344,8.859,0,E_Red_R,Practice,Expected,Red,Left,18.203,9.18,-0.059,0.868,94.534,,53.057,0,,-1,-1,,-1
plz,Night,9.344,8.957,0,E_Red_R,Practice,Expected,Red,Left,18.301,9.279,-0.063,0.868,96.883,,53.717,0,,-1,-1,,-1
plz,Night,9.344,9.063,0,E_Red_R,Practice,Expected,Red,Left,18.407,9.384,-0.066,0.868,99.433,,54.377,0,,-1,-1,,-1
plz,Night,9.344,9.161,0,E_Red_R,Practice,Expected,Red,Left,18.504,9.482,-0.07,0.868,101.815,,55.037,0,,-1,-1,,-1
plz,Night,9.344,9.26,0,E_Red_R,Practice,Expected,Red,Left,18.604,9.582,-0.073,0.868,104.286,,55.696,0,,-1,-1,,-1
plz,Night,9.344,9.361,0,E_Red_R,Practice,Expected,Red,Left,18.705,9.682,-0.077,0.868,106.795,,56.356,0,,-1,-1,,-1
plz,Night,9.344,9.459,0,E_Red_R,Practice,Expected,Red,Left,18.803,9.78,-0.081,0.868,109.279,,57.015,0,,-1,-1,,-1
plz,Night,9.344,9.558,0,E_Red_R,Practice,Expected,Red,Left,18.902,9.879,-0.085,0.868,111.814,,57.675,0,,-1,-1,,-1
plz,Night,9.344,9.665,0,E_Red_R,Practice,Expected,Red,Left,19.009,9.987,-0.089,0.868,114.594,,58.334,0,,-1,-1,,-1
plz,Night,9.344,9.764,0,E_Red_R,Practice,Expected,Red,Left,19.108,10.085,-0.094,0.868,117.179,,58.993,0,,-1,-1,,-1
plz,Night,9.344,9.862,0,E_Red_R,Practice,Expected,Red,Left,19.206,10.183,-0.098,0.868,119.775,,59.652,0,,-1,-1,,-1
plz,Night,9.344,9.964,0,E_Red_R,Practice,Expected,Red,Left,19.307,10.285,-0.103,0.868,122.505,,60.31,0,,-1,-1,,-1
plz,Night,9.344,10.059,0,E_Red_R,Practice,Expected,Red,Left,19.403,10.38,-0.108,0.868,125.084,,60.918,0,,-1,-1,,-1
plz,Night,9.344,10.164,0,E_Red_R,Practice,Expected,Red,Left,19.508,10.485,-0.113,0.868,127.96,,61.372,0,,-1,-1,,-1
plz,Night,9.344,10.262,0,E_Red_R,Practice,Expected,Red,Left,19.606,10.583,-0.118,0.868,130.645,,61.635,0,,-1,-1,,-1
plz,Night,9.344,10.365,0,E_Red_R,Practice,Expected,Red,Left,19.709,10.687,-0.123,0.868,133.51,,61.723,0,,-1,-1,,-1
plz,Night,9.344,10.463,0,E_Red_R,Practice,Expected,Red,Left,19.807,10.784,-0.129,0.868,136.207,,61.736,0,,-1,-1,,-1
plz,Night,9.344,10.561,0,E_Red_R,Practice,Expected,Red,Left,19.905,10.882,-0.134,0.868,138.911,,61.73,0,,-1,-1,,-1
plz,Night,9.344,10.662,0,E_Red_R,Practice,Expected,Red,Left,20.006,10.984,-0.14,0.868,141.705,,61.718,0,,-1,-1,,-1
plz,Night,9.344,10.758,0,E_Red_R,Practice,Expected,Red,Left,20.102,11.079,-0.145,0.868,144.344,,61.705,0,,-1,-1,,-1
plz,Night,9.344,10.86,0,E_Red_R,Practice,Expected,Red,Left,20.204,11.181,-0.151,0.868,147.15,,61.691,0,,-1,-1,,-1
plz,Night,9.344,10.964,0,E_Red_R,Practice,Expected,Red,Left,20.308,11.285,-0.157,0.868,150.028,,61.678,0,,-1,-1,,-1
plz,Night,9.344,11.061,0,E_Red_R,Practice,Expected,Red,Left,20.405,11.383,-0.163,0.868,152.71,,61.664,0,,-1,-1,,-1
plz,Night,9.344,11.158,0,E_Red_R,Practice,Expected,Red,Left,20.502,11.479,-0.169,0.868,155.367,,61.65,0,,-1,-1,,-1
plz,Night,9.344,11.257,0,E_Red_R,Practice,Expected,Red,Left,20.601,11.578,-0.174,0.868,158.107,,61.638,0,,-1,-1,,-1
plz,Night,9.344,11.366,0,E_Red_R,Practice,Expected,Red,Left,20.71,11.688,-0.181,0.868,161.115,,61.56,0,,-1,-1,,-1
plz,Night,9.344,11.462,0,E_Red_R,Practice,Expected,Red,Left,20.806,11.783,-0.187,0.868,163.744,,61.325,0,,-1,-1,,-1
plz,Night,9.344,11.562,0,E_Red_R,Practice,Expected,Red,Left,20.906,11.883,-0.193,0.868,166.481,,61.065,0,,-1,-1,,-1
plz,Night,9.344,11.661,0,E_Red_R,Practice,Expected,Red,Left,21.005,11.982,-0.199,0.868,169.171,,60.941,0,,-1,-1,,-1
plz,Night,9.344,11.761,0,E_Red_R,Practice,Expected,Red,Left,21.105,12.082,-0.205,0.868,171.893,,60.898,0,,-1,-1,,-1
plz,Night,9.344,11.86,0,E_Red_R,Practice,Expected,Red,Left,21.204,12.181,-0.211,0.868,174.59,,60.877,0,,-1,-1,,-1
plz,Night,9.344,11.958,0,E_Red_R,Practice,Expected,Red,Left,21.302,12.28,-0.217,0.868,177.271,,60.862,0,,-1,-1,,-1
plz,Night,9.344,12.058,0,E_Red_R,Practice,Expected,Red,Left,21.402,12.379,-0.223,0.868,179.979,,60.847,0,,-1,-1,,-1
plz,Night,9.344,12.164,0,E_Red_R,Practice,Expected,Red,Left,21.508,12.486,-0.229,0.868,182.875,,60.833,0,,-1,-1,,-1
plz,Night,9.344,12.264,0,E_Red_R,Practice,Expected,Red,Left,21.607,12.585,-0.235,0.868,185.573,,60.82,0,,-1,-1,,-1
plz,Night,9.344,12.363,0,E_Red_R,Practice,Expected,Red,Left,21.707,12.684,-0.241,0.868,188.277,,60.806,0,,-1,-1,,-1
plz,Night,9.344,12.461,0,E_Red_R,Practice,Expected,Red,Left,21.805,12.782,-0.247,0.868,190.935,,60.792,0,,-1,-1,,-1
plz,Night,9.344,12.561,0,E_Red_R,Practice,Expected,Red,Left,21.904,12.882,-0.253,0.868,193.645,,60.779,0,,-1,-1,,-1
plz,Night,9.344,12.658,0,E_Red_R,Practice,Expected,Red,Left,22.002,12.98,-0.259,0.868,196.305,,60.765,0,,-1,-1,,-1
plz,Night,9.344,12.758,0,E_Red_R,Practice,Expected,Red,Left,22.102,13.079,-0.265,0.868,199.009,,60.751,0,,-1,-1,,-1
plz,Night,9.344,12.858,0,E_Red_R,Practice,Expected,Red,Left,22.202,13.179,-0.271,0.868,201.713,,60.738,0,,-1,-1,,-1
plz,Night,9.344,12.958,0,E_Red_R,Practice,Expected,Red,Left,22.302,13.279,-0.277,0.868,204.44,,60.724,0,,-1,-1,,-1
plz,Night,9.344,13.056,0,E_Red_R,Practice,Expected,Red,Left,22.4,13.378,-0.283,0.868,207.123,,60.729,0,,-1,-1,,-1
plz,Night,9.344,13.157,0,E_Red_R,Practice,Expected,Red,Left,22.501,13.478,-0.289,0.868,209.845,,60.833,0,,-1,-1,,-1
plz,Night,9.344,13.265,0,E_Red_R,Practice,Expected,Red,Left,22.609,13.586,-0.295,0.868,212.772,,60.903,0,,-1,-1,,-1
plz,Night,9.344,13.365,0,E_Red_R,Practice,Expected,Red,Left,22.709,13.687,-0.301,0.868,215.511,,60.906,0,,-1,-1,,-1
plz,Night,9.344,13.463,0,E_Red_R,Practice,Expected,Red,Left,22.807,13.785,-0.307,0.868,218.187,,60.897,0,,-1,-1,,-1
plz,Night,9.344,13.561,0,E_Red_R,Practice,Expected,Red,Left,22.905,13.882,-0.313,0.868,220.841,,60.885,0,,-1,-1,,-1
plz,Night,9.344,13.662,0,E_Red_R,Practice,Expected,Red,Left,23.006,13.983,-0.319,0.868,223.587,,60.872,0,,-1,-1,,-1
plz,Night,9.344,13.762,0,E_Red_R,Practice,Expected,Red,Left,23.106,14.084,-0.325,0.868,226.316,,60.858,0,,-1,-1,,-1
plz,Night,9.344,13.863,0,E_Red_R,Practice,Expected,Red,Left,23.207,14.184,-0.331,0.868,229.055,,60.844,0,,-1,-1,,-1
plz,Night,9.344,13.962,0,E_Red_R,Practice,Expected,Red,Left,23.306,14.284,-0.337,0.868,231.758,,60.831,0,,-1,-1,,-1
plz,Night,9.344,14.061,0,E_Red_R,Practice,Expected,Red,Left,23.405,14.383,-0.343,0.868,234.449,,60.817,0,,-1,-1,,-1
plz,Night,9.344,14.161,0,E_Red_R,Practice,Expected,Red,Left,23.505,14.482,-0.349,0.868,237.156,,60.803,0,,-1,-1,,-1
plz,Night,9.344,14.259,0,E_Red_R,Practice,Expected,Red,Left,23.603,14.58,-0.355,0.868,239.827,,60.79,0,,-1,-1,,-1
plz,Night,9.344,14.36,0,E_Red_R,Practice,Expected,Red,Left,23.704,14.681,-0.361,0.868,242.567,,60.776,0,,-1,-1,,-1
plz,Night,9.344,14.458,0,E_Red_R,Practice,Expected,Red,Left,23.802,14.779,-0.367,0.868,245.229,,60.762,0,,-1,-1,,-1
plz,Night,9.344,14.558,0,E_Red_R,Practice,Expected,Red,Left,23.902,14.879,-0.373,0.868,247.943,,60.749,0,,-1,-1,,-1
plz,Night,9.344,14.657,0,E_Red_R,Practice,Expected,Red,Left,24,14.978,-0.379,0.868,250.636,,60.737,0,,-1,-1,,-1
plz,Night,9.344,14.762,0,E_Red_R,Practice,Expected,Red,Left,24.106,15.083,-0.385,0.868,253.491,,60.721,0,,-1,-1,,-1
plz,Night,9.344,14.863,0,E_Red_R,Practice,Expected,Red,Left,24.207,15.184,-0.391,0.868,256.228,,60.708,0,,-1,-1,,-1
plz,Night,9.344,14.962,0,E_Red_R,Practice,Expected,Red,Left,24.305,15.283,-0.397,0.868,258.902,,60.694,0,,-1,-1,,-1
plz,Night,9.344,15.059,0,E_Red_R,Practice,Expected,Red,Left,24.403,15.38,-0.403,0.868,261.536,,60.68,0,,-1,-1,,-1
plz,Night,9.344,15.159,0,E_Red_R,Practice,Expected,Red,Left,24.503,15.481,-0.409,0.868,264.262,,60.667,0,,-1,-1,,-1
plz,Night,9.344,15.258,0,E_Red_R,Practice,Expected,Red,Left,24.602,15.579,-0.415,0.868,266.945,,60.653,0,,-1,-1,,-1
plz,Night,9.344,15.364,0,E_Red_R,Practice,Expected,Red,Left,24.708,15.686,-0.421,0.868,269.822,,60.639,0,,-1,-1,,-1
plz,Night,9.344,15.463,0,E_Red_R,Practice,Expected,Red,Left,24.807,15.785,-0.427,0.868,272.507,,60.626,0,,-1,-1,,-1
plz,Night,9.344,15.562,0,E_Red_R,Practice,Expected,Red,Left,24.906,15.883,-0.433,0.868,275.187,,60.612,0,,-1,-1,,-1
plz,Night,9.344,15.662,0,E_Red_R,Practice,Expected,Red,Left,25.006,15.983,-0.439,0.868,277.883,,60.599,0,,-1,-1,,-1
plz,Night,9.344,15.761,0,E_Red_R,Practice,Expected,Red,Left,25.104,16.082,-0.445,0.868,280.562,,60.585,0,,-1,-1,,-1
plz,Night,9.344,15.859,0,E_Red_R,Practice,Expected,Red,Left,25.203,16.181,-0.45,0.868,283.239,,60.571,0,,-1,-1,,-1
plz,Night,9.344,15.961,0,E_Red_R,Practice,Expected,Red,Left,25.305,16.282,-0.456,0.868,285.987,,60.558,0,,-1,-1,,-1
plz,Night,9.344,16.06,0,E_Red_R,Practice,Expected,Red,Left,25.404,16.382,-0.462,0.868,288.675,,60.544,0,,-1,-1,,-1
plz,Night,9.344,16.16,0,E_Red_R,Practice,Expected,Red,Left,25.504,16.481,-0.468,0.868,291.374,,60.531,0,,-1,-1,,-1
plz,Night,9.344,16.26,0,E_Red_R,Practice,Expected,Red,Left,25.604,16.581,-0.474,0.868,294.08,,60.517,0,,-1,-1,,-1
plz,Night,9.344,16.361,0,E_Red_R,Practice,Expected,Red,Left,25.705,16.682,-0.48,0.868,296.81,,60.503,0,,-1,-1,,-1
plz,Night,9.344,16.463,0,E_Red_R,Practice,Expected,Red,Left,25.807,16.785,-0.486,0.868,299.581,,60.49,0,,-1,-1,,-1
plz,Night,9.344,16.563,0,E_Red_R,Practice,Expected,Red,Left,25.907,16.885,-0.492,0.868,302.283,,60.476,0,,-1,-1,,-1
plz,Night,9.344,16.664,0,E_Red_R,Practice,Expected,Red,Left,26.008,16.986,-0.498,0.868,305.012,,60.463,0,,-1,-1,,-1
plz,Night,9.344,16.758,0,E_Red_R,Practice,Expected,Red,Left,26.102,17.08,-0.504,0.868,307.555,,60.449,0,,-1,-1,,-1
plz,Night,9.344,16.858,0,E_Red_R,Practice,Expected,Red,Left,26.202,17.18,-0.509,0.868,310.251,,60.435,0,,-1,-1,,-1
plz,Night,9.344,16.962,0,E_Red_R,Practice,Expected,Red,Left,26.306,17.283,-0.516,0.868,313.055,,60.422,0,,-1,-1,,-1
plz,Night,9.344,17.063,0,E_Red_R,Practice,Expected,Red,Left,26.407,17.385,-0.522,0.868,315.793,,60.408,0,,-1,-1,,-1
plz,Night,9.344,17.163,0,E_Red_R,Practice,Expected,Red,Left,26.507,17.485,-0.527,0.868,318.494,,60.395,0,,-1,-1,,-1
plz,Night,9.344,17.258,0,E_Red_R,Practice,Expected,Red,Left,26.602,17.579,-0.533,0.868,321.048,,60.381,0,,-1,-1,,-1
plz,Night,9.344,17.358,0,E_Red_R,Practice,Expected,Red,Left,26.702,17.679,-0.539,0.868,323.748,,60.367,0,,-1,-1,,-1
plz,Night,9.344,17.461,0,E_Red_R,Practice,Expected,Red,Left,26.805,17.782,-0.545,0.868,326.527,,60.354,0,,-1,-1,,-1
plz,Night,9.344,17.56,0,E_Red_R,Practice,Expected,Red,Left,26.904,17.881,-0.551,0.868,329.201,,60.34,0,,-1,-1,,-1
plz,Night,9.344,17.661,0,E_Red_R,Practice,Expected,Red,Left,27.005,17.982,-0.557,0.868,331.925,,60.327,0,,-1,-1,,-1
plz,Night,9.344,17.762,0,E_Red_R,Practice,Expected,Red,Left,27.106,18.083,-0.563,0.868,334.645,,60.313,0,,-1,-1,,-1
plz,Night,9.344,17.862,0,E_Red_R,Practice,Expected,Red,Left,27.206,18.183,-0.568,0.868,337.337,,60.3,0,,-1,-1,,-1
plz,Night,9.344,17.965,0,E_Red_R,Practice,Expected,Red,Left,27.309,18.286,-0.574,0.868,340.123,,60.286,0,,-1,-1,,-1
plz,Night,9.344,18.059,0,E_Red_R,Practice,Expected,Red,Left,27.402,18.38,-0.58,0.868,342.641,,60.272,0,,-1,-1,,-1
plz,Night,9.344,18.158,0,E_Red_R,Practice,Expected,Red,Left,27.502,18.48,-0.586,0.868,345.326,,60.259,0,,-1,-1,,-1
plz,Night,9.344,18.26,0,E_Red_R,Practice,Expected,Red,Left,27.604,18.581,-0.592,0.868,348.071,,60.245,0,,-1,-1,,-1
plz,Night,9.344,18.362,0,E_Red_R,Practice,Expected,Red,Left,27.706,18.683,-0.598,0.868,350.811,,60.232,0,,-1,-1,,-1
plz,Night,9.344,18.463,0,E_Red_R,Practice,Expected,Red,Left,27.807,18.784,-0.604,0.868,353.522,,60.218,0,,-1,-1,,-1
plz,Night,9.344,18.558,0,E_Red_R,Practice,Expected,Red,Left,27.902,18.88,-0.609,0.868,356.097,,60.205,0,,-1,-1,,-1
plz,Night,9.344,18.658,0,E_Red_R,Practice,Expected,Red,Left,28.002,18.979,-0.615,0.868,358.785,,60.191,0,,-1,-1,,-1
plz,Night,9.344,18.761,0,E_Red_R,Practice,Expected,Red,Left,28.105,19.083,-0.621,0.868,361.553,,60.178,0,,-1,-1,,-1
plz,Night,9.344,18.863,0,E_Red_R,Practice,Expected,Red,Left,28.207,19.184,-0.627,0.868,364.301,,60.164,0,,-1,-1,,-1
plz,Night,9.344,18.966,0,E_Red_R,Practice,Expected,Red,Left,28.31,19.287,-0.633,0.868,367.06,,60.151,0,,-1,-1,,-1
plz,Night,9.344,19.061,0,E_Red_R,Practice,Expected,Red,Left,28.405,19.382,-0.638,0.868,369.619,,60.137,0,,-1,-1,,-1
plz,Night,9.344,19.162,0,E_Red_R,Practice,Expected,Red,Left,28.506,19.484,-0.644,0.868,372.35,,60.124,0,,-1,-1,,-1
plz,Night,9.344,19.257,0,E_Red_R,Practice,Expected,Red,Left,28.601,19.579,-0.65,0.868,374.903,,60.11,0,,-1,-1,,-1
plz,Night,9.344,19.361,0,E_Red_R,Practice,Expected,Red,Left,28.705,19.682,-0.656,0.868,377.675,,60.097,0,,-1,-1,,-1
plz,Night,9.344,19.463,0,E_Red_R,Practice,Expected,Red,Left,28.807,19.784,-0.662,0.868,380.417,,60.083,0,,-1,-1,,-1
plz,Night,9.344,19.561,0,E_Red_R,Practice,Expected,Red,Left,28.905,19.882,-0.662,0.868,383.043,,60.054,0,,-1,-1,,-1
plz,Night,9.344,19.664,0,E_Red_R,Practice,Expected,Red,Left,29.008,19.986,-0.645,0.868,385.825,,60.032,0,,-1,-1,,-1
plz,Night,9.344,19.759,0,E_Red_R,Practice,Expected,Red,Left,29.103,20.08,-0.623,0.868,388.365,,60.017,0,,-1,-1,,-1
plz,Night,9.344,19.863,0,E_Red_R,Practice,Expected,Red,Left,29.207,20.185,-0.591,0.868,391.166,,60.001,0,,-1,-1,,-1
plz,Night,9.344,19.958,0,E_Red_R,Practice,Expected,Red,Left,29.302,20.28,-0.552,0.868,393.716,,59.983,0,,-1,-1,,-1
plz,Night,9.344,20.058,0,E_Red_R,Practice,Expected,Red,Left,29.402,20.379,-0.502,0.868,396.383,,59.965,0,,-1,-1,,-1
plz,Night,9.344,20.161,0,E_Red_R,Practice,Expected,Red,Left,29.505,20.482,-0.447,0.868,399.137,,59.948,0,,-1,-1,,-1
plz,Night,9.344,20.264,0,E_Red_R,Practice,Expected,Red,Left,29.608,20.586,-0.382,0.868,401.919,,59.932,0,,-1,-1,,-1
plz,Night,9.344,20.362,0,E_Red_R,Practice,Expected,Red,Left,29.706,20.683,-0.315,0.868,404.526,,59.918,0,,-1,-1,,-1
plz,Night,9.344,20.457,0,E_Red_R,Practice,Expected,Red,Left,29.801,20.779,-0.245,0.868,407.085,,59.904,0,,-1,-1,,-1
plz,Night,9.344,20.564,0,E_Red_R,Practice,Expected,Red,Left,29.908,20.885,-0.164,0.868,409.932,,59.89,0,,-1,-1,,-1
plz,Night,9.344,20.66,0,E_Red_R,Practice,Expected,Red,Left,30.004,20.982,-0.092,0.868,412.514,,59.872,0,,-1,-1,,-1
plz,Night,9.344,20.763,0,E_Red_R,Practice,Expected,Red,Left,30.107,21.085,-0.019,0.868,415.271,,59.858,0,,-1,-1,,-1
plz,Night,9.344,20.862,0,E_Red_R,Practice,Expected,Red,Left,30.206,21.183,0.049,0.868,417.903,,59.845,0,,-1,-1,,-1
plz,Night,9.344,20.958,0,E_Red_R,Practice,Expected,Red,Left,30.302,21.279,0.114,0.868,420.476,,59.831,0,,-1,-1,,-1
plz,Night,9.344,21.064,0,E_Red_R,Practice,Expected,Red,Left,30.408,21.386,0.181,0.868,423.316,,59.817,0,,-1,-1,,-1
plz,Night,9.344,21.16,0,E_Red_R,Practice,Expected,Red,Left,30.503,21.481,0.237,0.868,425.864,,59.803,0,,-1,-1,,-1
plz,Night,9.344,21.262,0,E_Red_R,Practice,Expected,Red,Left,30.606,21.584,0.293,0.868,428.615,,59.789,0,,-1,-1,,-1
plz,Night,9.344,21.361,0,E_Red_R,Practice,Expected,Red,Left,30.705,21.682,0.343,0.868,431.247,,59.775,0,,-1,-1,,-1
plz,Night,9.344,21.457,0,E_Red_R,Practice,Expected,Red,Left,30.8,21.778,0.389,0.868,433.814,,59.763,0,,-1,-1,,-1
plz,Night,9.344,21.564,0,E_Red_R,Practice,Expected,Red,Left,30.908,21.885,0.435,0.868,436.662,,59.747,0,,-1,-1,,-1
plz,Night,9.344,21.661,0,E_Red_R,Practice,Expected,Red,Left,31.005,21.982,0.474,0.868,439.263,,59.733,0,,-1,-1,,-1
plz,Night,9.344,21.757,0,E_Red_R,Practice,Expected,Red,Left,31.101,22.078,0.51,0.868,441.833,,59.722,0,,-1,-1,,-1
plz,Night,9.344,21.864,0,E_Red_R,Practice,Expected,Red,Left,31.208,22.185,0.547,0.868,444.67,,59.706,0,,-1,-1,,-1
plz,Night,9.344,21.961,0,E_Red_R,Practice,Expected,Red,Left,31.305,22.282,0.58,0.868,447.269,,59.692,0,,-1,-1,,-1
plz,Night,9.344,22.06,0,E_Red_R,Practice,Expected,Red,Left,31.404,22.382,0.611,0.868,449.916,,59.679,0,,-1,-1,,-1
plz,Night,9.344,22.166,0,E_Red_R,Practice,Expected,Red,Left,31.51,22.487,0.642,0.868,452.736,,59.666,0,,-1,-1,,-1
plz,Night,9.344,22.264,0,E_Red_R,Practice,Expected,Red,Left,31.608,22.585,0.67,0.868,455.347,,59.652,0,,-1,-1,,-1
plz,Night,9.344,22.362,0,E_Red_R,Practice,Expected,Red,Left,31.706,22.684,0.697,0.868,457.975,,59.639,0,,-1,-1,,-1
plz,Night,9.344,22.461,0,E_Red_R,Practice,Expected,Red,Left,31.805,22.783,0.723,0.868,460.593,,59.625,0,,-1,-1,,-1
plz,Night,9.344,22.563,0,E_Red_R,Practice,Expected,Red,Left,31.907,22.884,0.75,0.868,463.324,,59.612,0,,-1,-1,,-1
plz,Night,9.344,22.663,0,E_Red_R,Practice,Expected,Red,Left,32.006,22.984,0.775,0.868,465.972,,59.598,0,,-1,-1,,-1
plz,Night,9.344,22.762,0,E_Red_R,Practice,Expected,Red,Left,32.106,23.084,0.799,0.868,468.627,,59.585,0,,-1,-1,,-1
plz,Night,9.344,22.86,0,E_Red_R,Practice,Expected,Red,Left,32.204,23.182,0.823,0.868,471.247,,59.572,0,,-1,-1,,-1
plz,Night,9.344,22.964,0,E_Red_R,Practice,Expected,Red,Left,32.308,23.286,0.848,0.868,474.014,,59.558,0,,-1,-1,,-1
plz,Night,9.344,23.065,0,E_Red_R,Practice,Expected,Red,Left,32.409,23.386,0.872,0.868,476.681,,59.545,0,,-1,-1,,-1
plz,Night,9.344,32.235,0,E_Red_R,Practice,Expected,Red,Left,41.579,32.556,0.878,0.868,477.39,,59.54,0,,-1,-1,,-1
plz,Night,9.344,32.26,0,E_Red_R,Practice,Expected,Red,Left,41.604,32.582,0.884,0.868,478.062,,59.538,0,,-1,-1,,-1
plz,Night,9.344,32.287,0,E_Red_R,Practice,Expected,Red,Left,41.631,32.609,0.89,0.868,478.765,,59.534,0,,-1,-1,,-1
plz,Night,9.344,32.299,0,E_Red_R,Practice,Expected,Red,Left,41.643,32.62,0.893,0.868,479.101,,59.534,0,,-1,-1,,-1
plz,Night,9.344,32.314,0,E_Red_R,Practice,Expected,Red,Left,41.658,32.635,0.897,0.868,479.483,,59.531,0,,-1,-1,,-1
plz,Night,9.344,32.326,0,E_Red_R,Practice,Expected,Red,Left,41.67,32.647,0.899,0.868,479.803,,59.529,0,,-1,-1,,-1
plz,Night,9.344,32.34,0,E_Red_R,Practice,Expected,Red,Left,41.684,32.661,0.903,0.868,480.184,,59.527,0,,-1,-1,,-1
plz,Night,9.344,32.352,0,E_Red_R,Practice,Expected,Red,Left,41.696,32.673,0.905,0.868,480.496,,59.525,0,,-1,-1,,-1
plz,Night,9.344,32.363,0,E_Red_R,Practice,Expected,Red,Left,41.707,32.685,0.908,0.868,480.814,,59.525,0,,-1,-1,,-1
plz,Night,9.344,32.376,0,E_Red_R,Practice,Expected,Red,Left,41.72,32.698,0.911,0.868,481.146,,59.522,0,,-1,-1,,-1
plz,Night,9.344,32.389,0,E_Red_R,Practice,Expected,Red,Left,41.733,32.711,0.914,0.868,481.494,,59.52,0,,-1,-1,,-1
plz,Night,9.344,32.404,0,E_Red_R,Practice,Expected,Red,Left,41.748,32.725,0.917,0.868,481.874,,59.518,0,,-1,-1,,-1
plz,Night,9.344,32.416,0,E_Red_R,Practice,Expected,Red,Left,41.76,32.738,0.921,0.868,482.232,,59.518,0,,-1,-1,,-1
plz,Night,9.344,32.442,0,E_Red_R,Practice,Expected,Red,Left,41.786,32.763,0.926,0.868,482.876,,59.513,0,,-1,-1,,-1
plz,Night,9.344,32.454,0,E_Red_R,Practice,Expected,Red,Left,41.798,32.775,0.929,0.868,483.211,,59.511,0,,-1,-1,,-1
plz,Night,9.344,32.465,0,E_Red_R,Practice,Expected,Red,Left,41.809,32.787,0.932,0.868,483.527,,59.511,0,,-1,-1,,-1
plz,Night,9.344,32.478,0,E_Red_R,Practice,Expected,Red,Left,41.822,32.799,0.935,0.868,483.851,,59.509,0,,-1,-1,,-1
plz,Night,9.344,32.489,0,E_Red_R,Practice,Expected,Red,Left,41.833,32.81,0.937,0.868,484.15,,59.507,0,,-1,-1,,-1
plz,Night,9.344,32.502,0,E_Red_R,Practice,Expected,Red,Left,41.846,32.823,0.94,0.868,484.484,,59.505,0,,-1,-1,,-1
plz,Night,9.344,32.513,0,E_Red_R,Practice,Expected,Red,Left,41.857,32.834,0.943,0.868,484.794,,59.505,0,,-1,-1,,-1
plz,Night,9.344,32.523,0,E_Red_R,Practice,Expected,Red,Left,41.867,32.844,0.945,0.868,485.053,,59.502,0,,-1,-1,,-1
plz,Night,9.344,32.533,0,E_Red_R,Practice,Expected,Red,Left,41.877,32.854,0.947,0.868,485.323,,59.502,0,,-1,-1,,-1
plz,Night,9.344,32.544,0,E_Red_R,Practice,Expected,Red,Left,41.887,32.865,0.95,0.868,485.599,,59.5,0,,-1,-1,,-1
plz,Night,9.344,32.554,0,E_Red_R,Practice,Expected,Red,Left,41.898,32.876,0.952,0.868,485.885,,59.498,0,,-1,-1,,-1
plz,Night,9.344,32.564,0,E_Red_R,Practice,Expected,Red,Left,41.908,32.885,0.955,0.868,486.159,,59.498,0,,-1,-1,,-1
plz,Night,9.344,32.575,0,E_Red_R,Practice,Expected,Red,Left,41.919,32.897,0.957,0.868,486.446,,59.496,0,,-1,-1,,-1
plz,Night,9.344,32.596,0,E_Red_R,Practice,Expected,Red,Left,41.94,32.918,0.962,0.868,486.999,,59.493,0,,-1,-1,,-1
plz,Night,9.344,32.607,0,E_Red_R,Practice,Expected,Red,Left,41.951,32.929,0.964,0.868,487.297,,59.491,0,,-1,-1,,-1
plz,Night,9.344,32.618,0,E_Red_R,Practice,Expected,Red,Left,41.962,32.939,0.967,0.868,487.578,,59.489,0,,-1,-1,,-1
plz,Night,9.344,32.628,0,E_Red_R,Practice,Expected,Red,Left,41.972,32.949,0.969,0.868,487.857,,59.489,0,,-1,-1,,-1
plz,Night,9.344,32.639,0,E_Red_R,Practice,Expected,Red,Left,41.983,32.961,0.972,0.868,488.149,,59.487,0,,-1,-1,,-1
plz,Night,9.344,32.649,0,E_Red_R,Practice,Expected,Red,Left,41.993,32.97,0.974,0.868,488.418,,59.487,0,,-1,-1,,-1
plz,Night,9.344,32.66,0,E_Red_R,Practice,Expected,Red,Left,42.004,32.981,0.976,0.868,488.689,,59.484,0,,-1,-1,,-1
plz,Night,9.344,32.671,0,E_Red_R,Practice,Expected,Red,Left,42.015,32.993,0.979,0.868,488.998,,59.482,0,,-1,-1,,-1
plz,Night,9.344,32.682,0,E_Red_R,Practice,Expected,Red,Left,42.026,33.003,0.981,0.868,489.288,,59.482,0,,-1,-1,,-1
plz,Night,9.344,32.693,0,E_Red_R,Practice,Expected,Red,Left,42.037,33.014,0.984,0.868,489.567,,59.48,0,,-1,-1,,-1
plz,Night,9.344,32.705,0,E_Red_R,Practice,Expected,Red,Left,42.049,33.026,0.987,0.868,489.882,,59.478,0,,-1,-1,,-1
plz,Night,9.344,32.715,0,E_Red_R,Practice,Expected,Red,Left,42.059,33.036,0.989,0.868,490.168,,59.478,0,,-1,-1,,-1
plz,Night,9.344,32.726,0,E_Red_R,Practice,Expected,Red,Left,42.07,33.048,0.991,0.868,490.455,,59.476,0,,-1,-1,,-1
plz,Night,9.344,32.75,0,E_Red_R,Practice,Expected,Red,Left,42.094,33.072,0.997,0.868,491.095,,59.473,0,,-1,-1,,-1
plz,Night,9.344,32.761,0,E_Red_R,Practice,Expected,Red,Left,42.105,33.082,0.999,0.868,491.372,,59.471,0,,-1,-1,,-1
plz,Night,9.344,32.773,0,E_Red_R,Practice,Expected,Red,Left,42.117,33.094,1.002,0.868,491.699,,59.469,0,,-1,-1,,-1
plz,Night,9.344,32.783,0,E_Red_R,Practice,Expected,Red,Left,42.127,33.104,1.005,0.868,491.974,,59.469,0,,-1,-1,,-1
plz,Night,9.344,32.793,0,E_Red_R,Practice,Expected,Red,Left,42.137,33.115,1.007,0.868,492.236,,59.467,0,,-1,-1,,-1
plz,Night,9.344,32.805,0,E_Red_R,Practice,Expected,Red,Left,42.149,33.126,1.009,0.868,492.547,,59.464,0,,-1,-1,,-1
plz,Night,9.344,32.816,0,E_Red_R,Practice,Expected,Red,Left,42.16,33.138,1.012,0.868,492.867,,59.464,0,,-1,-1,,-1
plz,Night,9.344,32.827,0,E_Red_R,Practice,Expected,Red,Left,42.171,33.149,1.014,0.868,493.138,,59.462,0,,-1,-1,,-1
plz,Night,9.344,32.839,0,E_Red_R,Practice,Expected,Red,Left,42.183,33.16,1.017,0.868,493.457,,59.46,0,,-1,-1,,-1
plz,Night,9.344,32.849,0,E_Red_R,Practice,Expected,Red,Left,42.193,33.17,1.02,0.868,493.733,,59.46,0,,-1,-1,,-1
plz,Night,9.344,32.859,0,E_Red_R,Practice,Expected,Red,Left,42.203,33.18,1.022,0.868,493.986,,59.458,0,,-1,-1,,-1
plz,Night,9.344,32.87,0,E_Red_R,Practice,Expected,Red,Left,42.214,33.192,1.024,0.868,494.283,,59.455,0,,-1,-1,,-1
plz,Night,9.344,32.88,0,E_Red_R,Practice,Expected,Red,Left,42.224,33.201,1.027,0.868,494.561,,59.455,0,,-1,-1,,-1
plz,Night,9.344,32.909,0,E_Red_R,Practice,Expected,Red,Left,42.253,33.23,1.033,0.868,495.288,,59.451,0,,-1,-1,,-1
plz,Night,9.344,32.926,0,E_Red_R,Practice,Expected,Red,Left,42.27,33.247,1.037,0.868,495.755,,59.449,0,,-1,-1,,-1
plz,Night,9.344,32.937,0,E_Red_R,Practice,Expected,Red,Left,42.281,33.259,1.039,0.868,496.066,,59.447,0,,-1,-1,,-1
plz,Night,9.344,32.948,0,E_Red_R,Practice,Expected,Red,Left,42.292,33.269,1.042,0.868,496.356,,59.447,0,,-1,-1,,-1
plz,Night,9.344,32.958,0,E_Red_R,Practice,Expected,Red,Left,42.302,33.279,1.044,0.868,496.619,,59.444,0,,-1,-1,,-1
plz,Night,9.344,32.969,0,E_Red_R,Practice,Expected,Red,Left,42.313,33.291,1.047,0.868,496.916,,59.442,0,,-1,-1,,-1
plz,Night,9.344,32.98,0,E_Red_R,Practice,Expected,Red,Left,42.324,33.301,1.049,0.868,497.203,,59.442,0,,-1,-1,,-1
plz,Night,9.344,32.99,0,E_Red_R,Practice,Expected,Red,Left,42.334,33.312,1.051,0.868,497.461,,59.44,0,,-1,-1,,-1
plz,Night,9.344,33.001,0,E_Red_R,Practice,Expected,Red,Left,42.344,33.322,1.054,0.868,497.761,,59.44,0,,-1,-1,,-1
plz,Night,9.344,33.011,0,E_Red_R,Practice,Expected,Red,Left,42.355,33.332,1.056,0.868,498.024,,59.438,0,,-1,-1,,-1
plz,Night,9.344,33.022,0,E_Red_R,Practice,Expected,Red,Left,42.366,33.343,1.059,0.868,498.31,,59.435,0,,-1,-1,,-1
plz,Night,9.344,33.032,0,E_Red_R,Practice,Expected,Red,Left,42.376,33.353,1.061,0.868,498.589,,59.435,0,,-1,-1,,-1
plz,Night,9.344,33.055,0,E_Red_R,Practice,Expected,Red,Left,42.399,33.377,1.066,0.868,499.195,,59.431,0,,-1,-1,,-1
plz,Night,9.344,33.066,0,E_Red_R,Practice,Expected,Red,Left,42.41,33.388,1.069,0.868,499.508,,59.431,0,,-1,-1,,-1
plz,Night,9.344,33.076,0,E_Red_R,Practice,Expected,Red,Left,42.42,33.398,1.071,0.868,499.76,,59.429,0,,-1,-1,,-1
plz,Night,9.344,33.086,0,E_Red_R,Practice,Expected,Red,Left,42.43,33.408,1.073,0.868,500.027,,59.427,0,,-1,-1,,-1
plz,Night,9.344,33.097,0,E_Red_R,Practice,Expected,Red,Left,42.441,33.418,1.076,0.868,500.314,,59.427,0,,-1,-1,,-1
plz,Night,9.344,33.107,0,E_Red_R,Practice,Expected,Red,Left,42.451,33.429,1.078,0.868,500.584,,59.424,0,,-1,-1,,-1
plz,Night,9.344,33.118,0,E_Red_R,Practice,Expected,Red,Left,42.462,33.439,1.08,0.868,500.865,,59.422,0,,-1,-1,,-1
plz,Night,9.344,33.128,0,E_Red_R,Practice,Expected,Red,Left,42.472,33.45,1.083,0.868,501.151,,59.422,0,,-1,-1,,-1
plz,Night,9.344,33.139,0,E_Red_R,Practice,Expected,Red,Left,42.483,33.461,1.085,0.868,501.43,,59.42,0,,-1,-1,,-1
plz,Night,9.344,33.149,0,E_Red_R,Practice,Expected,Red,Left,42.493,33.47,1.087,0.868,501.699,,59.42,0,,-1,-1,,-1
plz,Night,9.344,33.159,0,E_Red_R,Practice,Expected,Red,Left,42.503,33.48,1.089,0.868,501.952,,59.418,0,,-1,-1,,-1
plz,Night,9.344,33.17,0,E_Red_R,Practice,Expected,Red,Left,42.514,33.491,1.092,0.868,502.241,,59.415,0,,-1,-1,,-1
plz,Night,9.344,33.18,0,E_Red_R,Practice,Expected,Red,Left,42.524,33.501,1.094,0.868,502.529,,59.415,0,,-1,-1,,-1
plz,Night,9.344,33.191,0,E_Red_R,Practice,Expected,Red,Left,42.535,33.513,1.097,0.868,502.818,,59.413,0,,-1,-1,,-1
plz,Night,9.344,33.213,0,E_Red_R,Practice,Expected,Red,Left,42.557,33.534,1.102,0.868,503.384,,59.411,0,,-1,-1,,-1
plz,Night,9.344,33.223,0,E_Red_R,Practice,Expected,Red,Left,42.567,33.545,1.104,0.868,503.663,,59.409,0,,-1,-1,,-1
plz,Night,9.344,33.235,0,E_Red_R,Practice,Expected,Red,Left,42.579,33.556,1.107,0.868,503.977,,59.406,0,,-1,-1,,-1
plz,Night,9.344,33.245,0,E_Red_R,Practice,Expected,Red,Left,42.589,33.566,1.109,0.868,504.254,,59.406,0,,-1,-1,,-1
plz,Night,9.344,33.255,0,E_Red_R,Practice,Expected,Red,Left,42.599,33.576,1.111,0.868,504.509,,59.404,0,,-1,-1,,-1
plz,Night,9.344,33.266,0,E_Red_R,Practice,Expected,Red,Left,42.61,33.588,1.114,0.868,504.818,,59.404,0,,-1,-1,,-1
plz,Night,9.344,33.277,0,E_Red_R,Practice,Expected,Red,Left,42.621,33.598,1.116,0.868,505.081,,59.402,0,,-1,-1,,-1
plz,Night,9.344,33.287,0,E_Red_R,Practice,Expected,Red,Left,42.631,33.608,1.118,0.868,505.354,,59.4,0,,-1,-1,,-1
plz,Night,9.344,33.298,0,E_Red_R,Practice,Expected,Red,Left,42.642,33.619,1.121,0.868,505.654,,59.4,0,,-1,-1,,-1
plz,Night,9.344,33.308,0,E_Red_R,Practice,Expected,Red,Left,42.652,33.629,1.123,0.868,505.911,,59.398,0,,-1,-1,,-1
plz,Night,9.344,33.319,0,E_Red_R,Practice,Expected,Red,Left,42.663,33.64,1.125,0.868,506.194,,59.395,0,,-1,-1,,-1
plz,Night,9.344,33.329,0,E_Red_R,Practice,Expected,Red,Left,42.673,33.65,1.128,0.868,506.486,,59.395,0,,-1,-1,,-1
plz,Night,9.344,33.339,0,E_Red_R,Practice,Expected,Red,Left,42.683,33.661,1.13,0.868,506.743,,59.393,0,,-1,-1,,-1
plz,Night,9.344,33.349,0,E_Red_R,Practice,Expected,Red,Left,42.693,33.67,1.132,0.868,507.016,,59.393,0,,-1,-1,,-1
plz,Night,9.344,33.371,0,E_Red_R,Practice,Expected,Red,Left,42.715,33.692,1.137,0.868,507.573,,59.389,0,,-1,-1,,-1
plz,Night,9.344,33.381,0,E_Red_R,Practice,Expected,Red,Left,42.725,33.702,1.14,0.868,507.865,,59.389,0,,-1,-1,,-1
plz,Night,9.344,33.391,0,E_Red_R,Practice,Expected,Red,Left,42.735,33.713,1.142,0.868,508.126,,59.386,0,,-1,-1,,-1
plz,Night,9.344,33.403,0,E_Red_R,Practice,Expected,Red,Left,42.747,33.725,1.144,0.868,508.439,,59.384,0,,-1,-1,,-1
plz,Night,9.344,33.414,0,E_Red_R,Practice,Expected,Red,Left,42.758,33.735,1.147,0.868,508.732,,59.384,0,,-1,-1,,-1
plz,Night,9.344,33.427,0,E_Red_R,Practice,Expected,Red,Left,42.77,33.748,1.149,0.868,509.044,,59.382,0,,-1,-1,,-1
plz,Night,9.344,33.437,0,E_Red_R,Practice,Expected,Red,Left,42.781,33.759,1.152,0.868,509.344,,59.379,0,,-1,-1,,-1
plz,Night,9.344,33.447,0,E_Red_R,Practice,Expected,Red,Left,42.791,33.768,1.154,0.868,509.614,,59.379,0,,-1,-1,,-1
plz,Night,9.344,33.459,0,E_Red_R,Practice,Expected,Red,Left,42.803,33.78,1.156,0.868,509.91,,59.375,0,,-1,-1,,-1
plz,Night,9.344,33.47,0,E_Red_R,Practice,Expected,Red,Left,42.814,33.791,1.158,0.868,510.213,,59.369,0,,-1,-1,,-1
plz,Night,9.344,33.479,0,E_Red_R,Practice,Expected,Red,Left,42.823,33.801,1.159,0.868,510.481,,59.369,0,,-1,-1,,-1
plz,Night,9.344,33.491,0,E_Red_R,Practice,Expected,Red,Left,42.835,33.813,1.16,0.868,510.77,,59.363,0,,-1,-1,,-1
plz,Night,9.344,33.558,0,E_Red_R,Practice,Expected,Red,Left,42.902,33.879,1.163,0.868,512.526,,59.371,0,,-1,-1,,-1
plz,Night,9.344,33.664,0,E_Red_R,Practice,Expected,Red,Left,43.007,33.985,1.162,0.868,515.366,,59.385,0,,-1,-1,,-1
plz,Night,9.344,33.762,0,E_Red_R,Practice,Expected,Red,Left,43.106,34.083,1.156,0.868,517.98,,59.377,0,,-1,-1,,-1
plz,Night,9.344,33.861,0,E_Red_R,Practice,Expected,Red,Left,43.205,34.183,1.141,0.868,520.62,,59.413,0,,-1,-1,,-1
plz,Night,9.344,33.961,0,E_Red_R,Practice,Expected,Red,Left,43.305,34.282,1.117,0.868,523.26,,59.606,0,,-1,-1,,-1
plz,Night,9.344,34.058,0,E_Red_R,Practice,Expected,Red,Left,43.402,34.379,1.085,0.868,525.843,,59.991,0,,-1,-1,,-1
plz,Night,9.344,34.16,0,E_Red_R,Practice,Expected,Red,Left,43.504,34.481,1.04,0.868,528.586,,60.462,0,,-1,-1,,-1
plz,Night,9.344,34.262,0,E_Red_R,Practice,Expected,Red,Left,43.606,34.584,0.984,0.868,531.386,,60.813,0,,-1,-1,,-1
plz,Night,9.344,34.364,0,E_Red_R,Practice,Expected,Red,Left,43.707,34.685,0.922,0.868,534.137,,60.984,0,,-1,-1,,-1
plz,Night,9.344,34.457,0,E_Red_R,Practice,Expected,Red,Left,43.801,34.778,0.858,0.868,536.663,,61.023,0,,-1,-1,,-1
plz,Night,9.344,34.566,0,E_Red_R,Practice,Expected,Red,Left,43.91,34.888,0.776,0.868,539.666,,61.023,0,,-1,-1,,-1
plz,Night,9.344,34.665,0,E_Red_R,Practice,Expected,Red,Left,44.009,34.987,0.696,0.868,542.366,,61.013,0,,-1,-1,,-1
plz,Night,9.344,34.761,0,E_Red_R,Practice,Expected,Red,Left,44.105,35.082,0.616,0.868,544.948,,61,0,,-1,-1,,-1
plz,Night,9.344,34.863,0,E_Red_R,Practice,Expected,Red,Left,44.207,35.185,0.525,0.868,547.766,,60.986,0,,-1,-1,,-1
plz,Night,9.344,34.961,0,E_Red_R,Practice,Expected,Red,Left,44.305,35.282,0.436,0.868,550.398,,60.972,0,,-1,-1,,-1
plz,Night,9.344,35.069,0,E_Red_R,Practice,Expected,Red,Left,44.413,35.39,0.334,0.868,553.336,,60.956,0,,-1,-1,,-1
plz,Night,9.344,35.161,0,E_Red_R,Practice,Expected,Red,Left,44.505,35.482,0.244,0.868,555.872,,60.944,0,,-1,-1,,-1
plz,Night,9.344,35.26,0,E_Red_R,Practice,Expected,Red,Left,44.604,35.581,0.147,0.868,558.545,,60.93,0,,-1,-1,,-1
plz,Night,9.344,35.368,0,E_Red_R,Practice,Expected,Red,Left,44.712,35.69,0.038,0.868,561.487,,60.914,0,,-1,-1,,-1
plz,Night,9.344,35.462,0,E_Red_R,Practice,Expected,Red,Left,44.806,35.784,-0.058,0.868,564.071,,60.903,0,,-1,-1,,-1
plz,Night,9.344,35.557,0,E_Red_R,Practice,Expected,Red,Left,44.901,35.879,-0.155,0.868,566.646,,60.889,0,,-1,-1,,-1
plz,Night,9.344,35.674,0,E_Red_R,Practice,Expected,Red,Left,45.018,35.995,-0.276,0.868,569.805,,60.873,0,,-1,-1,,-1
plz,Night,9.344,35.764,0,E_Red_R,Practice,Expected,Red,Left,45.108,36.085,-0.371,0.868,572.277,,60.861,0,,-1,-1,,-1
plz,Night,9.344,35.859,0,E_Red_R,Practice,Expected,Red,Left,45.203,36.18,-0.47,0.868,574.834,,60.848,0,,-1,-1,,-1
plz,Night,9.344,35.96,0,E_Red_R,Practice,Expected,Red,Left,45.304,36.282,-0.578,0.868,577.614,,60.834,0,,-1,-1,,-1
plz,Night,9.344,36.057,0,E_Red_R,Practice,Expected,Red,Left,45.401,36.378,-0.679,0.868,580.218,,60.82,0,,-1,-1,,-1
plz,Night,9.344,36.159,0,E_Red_R,Practice,Expected,Red,Left,45.503,36.48,-0.788,0.868,582.991,,60.807,0,,-1,-1,,-1
plz,Night,9.344,36.261,0,E_Red_R,Practice,Expected,Red,Left,45.605,36.582,-0.897,0.868,585.782,,60.793,0,,-1,-1,,-1
plz,Night,9.344,36.366,0,E_Red_R,Practice,Expected,Red,Left,45.71,36.687,-1.009,0.868,588.622,,60.779,0,,-1,-1,,-1
plz,Night,9.344,36.458,0,E_Red_R,Practice,Expected,Red,Left,45.802,36.779,-1.107,0.868,591.117,,60.766,0,,-1,-1,,-1
plz,Night,9.344,36.565,0,E_Red_R,Practice,Expected,Red,Left,45.909,36.886,-1.222,0.868,594.033,,60.752,0,,-1,-1,,-1
plz,Night,9.344,36.657,0,E_Red_R,Practice,Expected,Red,Left,46.001,36.978,-1.32,0.868,596.515,,60.738,0,,-1,-1,,-1
plz,Night,9.344,36.761,0,E_Red_R,Practice,Expected,Red,Left,46.105,37.082,-1.431,0.868,599.33,,60.725,0,,-1,-1,,-1
plz,Night,9.344,36.866,0,E_Red_R,Practice,Expected,Red,Left,46.21,37.187,-1.545,0.87,602.196,,60.711,0,,-1,-1,,-1
plz,Night,9.344,36.959,0,E_Red_R,Practice,Expected,Red,Left,46.303,37.281,-1.644,0.872,604.717,,60.698,0,,-1,-1,,-1
plz,Night,9.344,37.062,0,E_Red_R,Practice,Expected,Red,Left,46.406,37.384,-1.755,0.872,607.502,,60.684,0,,-1,-1,,-1
plz,Night,9.344,37.16,0,E_Red_R,Practice,Expected,Red,Left,46.503,37.481,-1.859,0.869,610.138,,60.67,0,,-1,-1,,-1
plz,Night,9.344,37.259,0,E_Red_R,Practice,Expected,Red,Left,46.603,37.58,-1.966,0.868,612.827,,60.656,0,,-1,-1,,-1
plz,Night,9.344,37.364,0,E_Red_R,Practice,Expected,Red,Left,46.708,37.685,-2.079,0.867,615.685,,60.643,0,,-1,-1,,-1
plz,Night,9.344,37.459,0,E_Red_R,Practice,Expected,Red,Left,46.803,37.78,-2.181,0.868,618.246,,60.629,0,,-1,-1,,-1
plz,Night,9.344,37.56,0,E_Red_R,Practice,Expected,Red,Left,46.904,37.881,-2.289,0.868,620.973,,60.616,0,,-1,-1,,-1
plz,Night,9.344,37.657,0,E_Red_R,Practice,Expected,Red,Left,47.001,37.979,-2.394,0.868,623.619,,60.602,0,,-1,-1,,-1
plz,Night,9.344,37.763,0,E_Red_R,Practice,Expected,Red,Left,47.107,38.085,-2.508,0.868,626.502,,60.588,0,,-1,-1,,-1
plz,Night,9.344,37.87,0,E_Red_R,Practice,Expected,Red,Left,47.214,38.192,-2.622,0.868,629.383,,60.572,0,,-1,-1,,-1
plz,Night,9.344,37.964,0,E_Red_R,Practice,Expected,Red,Left,47.308,38.286,-2.724,0.868,631.949,,60.561,0,,-1,-1,,-1
plz,Night,9.344,38.067,0,E_Red_R,Practice,Expected,Red,Left,47.411,38.388,-2.834,0.868,634.72,,60.548,0,,-1,-1,,-1
plz,Night,9.344,38.166,0,E_Red_R,Practice,Expected,Red,Left,47.51,38.487,-2.94,0.868,637.398,,60.534,0,,-1,-1,,-1
plz,Night,9.344,38.261,0,E_Red_R,Practice,Expected,Red,Left,47.605,38.582,-3.042,0.868,639.962,,60.52,0,,-1,-1,,-1
plz,Night,9.344,38.361,0,E_Red_R,Practice,Expected,Red,Left,47.705,38.682,-3.148,0.868,642.648,,60.506,0,,-1,-1,,-1
plz,Night,9.344,38.459,0,E_Red_R,Practice,Expected,Red,Left,47.803,38.781,-3.243,0.868,645.314,,60.476,0,,-1,-1,,-1
plz,Night,9.344,38.558,0,E_Red_R,Practice,Expected,Red,Left,47.902,38.88,-3.301,0.868,647.992,,60.5,0,,-1,-1,,-1
plz,Night,9.344,38.659,0,E_Red_R,Practice,Expected,Red,Left,48.003,38.981,-3.319,0.868,650.724,,60.705,0,,-1,-1,,-1
plz,Night,9.344,38.762,0,E_Red_R,Practice,Expected,Red,Left,48.106,39.083,-3.308,0.868,653.53,,60.837,0,,-1,-1,,-1
plz,Night,9.344,38.864,0,E_Red_R,Practice,Expected,Red,Left,48.208,39.185,-3.264,0.868,656.294,,60.836,0,,-1,-1,,-1
plz,Night,9.344,38.966,0,E_Red_R,Practice,Expected,Red,Left,48.309,39.287,-3.18,0.868,659.045,,60.79,0,,-1,-1,,-1
plz,Night,9.344,39.059,0,E_Red_R,Practice,Expected,Red,Left,48.403,39.381,-3.065,0.868,661.593,,60.735,0,,-1,-1,,-1
plz,Night,9.344,39.163,0,E_Red_R,Practice,Expected,Red,Left,48.507,39.485,-2.899,0.868,664.425,,60.684,0,,-1,-1,,-1
plz,Night,9.344,39.266,0,E_Red_R,Practice,Expected,Red,Left,48.61,39.588,-2.706,0.868,667.188,,60.648,0,,-1,-1,,-1
plz,Night,9.344,39.359,0,E_Red_R,Practice,Expected,Red,Left,48.703,39.681,-2.52,0.868,669.71,,60.62,0,,-1,-1,,-1
plz,Night,9.344,39.462,0,E_Red_R,Practice,Expected,Red,Left,48.806,39.784,-2.298,0.868,672.506,,60.597,0,,-1,-1,,-1
plz,Night,9.344,39.566,0,E_Red_R,Practice,Expected,Red,Left,48.91,39.887,-2.061,0.868,675.3,,60.579,0,,-1,-1,,-1
plz,Night,9.344,39.659,0,E_Red_R,Practice,Expected,Red,Left,49.003,39.98,-1.842,0.868,677.802,,60.564,0,,-1,-1,,-1
plz,Night,9.344,39.764,0,E_Red_R,Practice,Expected,Red,Left,49.108,40.085,-1.592,0.868,680.639,,60.55,0,,-1,-1,,-1
plz,Night,9.344,39.866,0,E_Red_R,Practice,Expected,Red,Left,49.21,40.187,-1.357,0.868,683.399,,60.529,0,,-1,-1,,-1
plz,Night,9.344,39.957,0,E_Red_R,Practice,Expected,Red,Left,49.301,40.278,-1.155,0.868,685.828,,60.515,0,,-1,-1,,-1
plz,Night,9.344,40.062,0,E_Red_R,Practice,Expected,Red,Left,49.406,40.383,-0.924,0.868,688.663,,60.5,0,,-1,-1,,-1
plz,Night,9.344,40.163,0,E_Red_R,Practice,Expected,Red,Left,49.507,40.484,-0.711,0.868,691.403,,60.473,0,,-1,-1,,-1
plz,Night,9.344,40.26,0,E_Red_R,Practice,Expected,Red,Left,49.604,40.582,-0.533,0.868,694.011,,60.436,0,,-1,-1,,-1
plz,Night,9.344,40.357,0,E_Red_R,Practice,Expected,Red,Left,49.701,40.679,-0.368,0.868,696.624,,60.416,0,,-1,-1,,-1
plz,Night,9.344,40.458,0,E_Red_R,Practice,Expected,Red,Left,49.802,40.779,-0.212,0.868,699.346,,60.395,0,,-1,-1,,-1
plz,Night,9.344,40.557,0,E_Red_R,Practice,Expected,Red,Left,49.901,40.879,-0.075,0.868,702.022,,60.372,0,,-1,-1,,-1
plz,Night,9.344,40.669,0,E_Red_R,Practice,Expected,Red,Left,50.013,40.99,0.059,0.868,705.022,,60.438,0,,-1,-1,,-1
plz,Night,9.344,40.762,0,E_Red_R,Practice,Expected,Red,Left,50.106,41.084,0.145,0.868,707.558,,60.589,0,,-1,-1,,-1
plz,Night,9.344,40.862,0,E_Red_R,Practice,Expected,Red,Left,50.206,41.184,0.205,0.868,710.279,,60.921,0,,-1,-1,,-1
plz,Night,9.344,40.961,0,E_Red_R,Practice,Expected,Red,Left,50.305,41.283,0.244,0.868,712.97,,61.182,0,,-1,-1,,-1
plz,Night,9.344,41.061,0,E_Red_R,Practice,Expected,Red,Left,50.405,41.383,0.261,0.868,715.71,,61.28,0,,-1,-1,,-1
plz,Night,9.344,41.164,0,E_Red_R,Practice,Expected,Red,Left,50.508,41.486,0.255,0.868,718.527,,61.286,0,,-1,-1,,-1
plz,Night,9.344,41.266,0,E_Red_R,Practice,Expected,Red,Left,50.61,41.588,0.226,0.868,721.337,,61.268,0,,-1,-1,,-1
plz,Night,9.344,41.357,0,E_Red_R,Practice,Expected,Red,Left,50.701,41.678,0.183,0.868,723.805,,61.298,0,,-1,-1,,-1
plz,Night,9.344,41.467,0,E_Red_R,Practice,Expected,Red,Left,50.811,41.788,0.11,0.868,726.834,,61.445,0,,-1,-1,,-1
plz,Night,9.344,41.564,0,E_Red_R,Practice,Expected,Red,Left,50.908,41.885,0.025,0.868,729.506,,61.519,0,,-1,-1,,-1
plz,Night,9.344,41.664,0,E_Red_R,Practice,Expected,Red,Left,51.008,41.986,-0.079,0.868,732.266,,61.527,0,,-1,-1,,-1
plz,Night,9.344,41.757,0,E_Red_R,Practice,Expected,Red,Left,51.101,42.078,-0.186,0.868,734.793,,61.516,0,,-1,-1,,-1
plz,Night,9.344,41.858,0,E_Red_R,Practice,Expected,Red,Left,51.202,42.179,-0.315,0.868,737.574,,61.499,0,,-1,-1,,-1
plz,Night,9.344,41.966,0,E_Red_R,Practice,Expected,Red,Left,51.31,42.287,-0.467,0.868,740.553,,61.482,0,,-1,-1,,-1
plz,Night,9.344,42.066,0,E_Red_R,Practice,Expected,Red,Left,51.41,42.387,-0.616,0.868,743.278,,61.465,0,,-1,-1,,-1
plz,Night,9.344,42.157,0,E_Red_R,Practice,Expected,Red,Left,51.501,42.479,-0.76,0.868,745.77,,61.449,0,,-1,-1,,-1
plz,Night,9.344,42.261,0,E_Red_R,Practice,Expected,Red,Left,51.605,42.582,-0.922,0.868,748.62,,61.419,0,,-1,-1,,-1
plz,Night,9.344,42.374,0,E_Red_R,Practice,Expected,Red,Left,51.718,42.695,-1.085,0.868,751.728,,61.398,0,,-1,-1,,-1
plz,Night,9.344,42.459,0,E_Red_R,Practice,Expected,Red,Left,51.803,42.781,-1.206,0.868,754.06,,61.386,0,,-1,-1,,-1
plz,Night,9.344,42.557,0,E_Red_R,Practice,Expected,Red,Left,51.901,42.879,-1.342,0.868,756.749,,61.374,0,,-1,-1,,-1
plz,Night,9.344,42.666,0,E_Red_R,Practice,Expected,Red,Left,52.01,42.988,-1.483,0.868,759.753,,61.441,0,,-1,-1,,-1
plz,Night,9.344,42.762,0,E_Red_R,Practice,Expected,Red,Left,52.106,43.083,-1.596,0.869,762.374,,61.498,0,,-1,-1,,-1
plz,Night,9.344,42.866,0,E_Red_R,Practice,Expected,Red,Left,52.21,43.187,-1.707,0.87,765.238,,61.509,0,,-1,-1,,-1
plz,Night,9.344,42.962,0,E_Red_R,Practice,Expected,Red,Left,52.306,43.283,-1.799,0.869,767.857,,61.6,0,,-1,-1,,-1
plz,Night,9.344,43.061,0,E_Red_R,Practice,Expected,Red,Left,52.405,43.383,-1.88,0.868,770.586,,61.689,0,,-1,-1,,-1
plz,Night,9.344,43.158,0,E_Red_R,Practice,Expected,Red,Left,52.502,43.479,-1.948,0.868,773.257,,61.708,0,,-1,-1,,-1
plz,Night,9.344,43.271,0,E_Red_R,Practice,Expected,Red,Left,52.615,43.592,-2.016,0.868,776.376,,61.698,0,,-1,-1,,-1
plz,Night,9.344,43.361,0,E_Red_R,Practice,Expected,Red,Left,52.705,43.682,-2.06,0.868,778.842,,61.686,0,,-1,-1,,-1
plz,Night,9.344,43.465,0,E_Red_R,Practice,Expected,Red,Left,52.808,43.786,-2.095,0.868,781.717,,61.646,0,,-1,-1,,-1
plz,Night,9.344,43.56,0,E_Red_R,Practice,Expected,Red,Left,52.904,43.882,-2.104,0.868,784.355,,61.621,0,,-1,-1,,-1
plz,Night,9.344,43.661,0,E_Red_R,Practice,Expected,Red,Left,53.005,43.982,-2.101,0.868,787.119,,61.601,0,,-1,-1,,-1
plz,Night,9.344,43.773,0,E_Red_R,Practice,Expected,Red,Left,53.117,44.094,-2.081,0.868,790.212,,61.577,0,,-1,-1,,-1
plz,Night,9.344,43.864,0,E_Red_R,Practice,Expected,Red,Left,53.208,44.186,-2.05,0.868,792.739,,61.559,0,,-1,-1,,-1
plz,Night,9.344,43.965,0,E_Red_R,Practice,Expected,Red,Left,53.309,44.286,-2.001,0.868,795.506,,61.541,0,,-1,-1,,-1
plz,Night,9.344,44.059,0,E_Red_R,Practice,Expected,Red,Left,53.402,44.38,-1.942,0.868,798.067,,61.614,0,,-1,-1,,-1
plz,Night,9.344,44.158,0,E_Red_R,Practice,Expected,Red,Left,53.502,44.48,-1.866,0.868,800.818,,61.864,0,,-1,-1,,-1
plz,Night,9.344,44.261,0,E_Red_R,Practice,Expected,Red,Left,53.605,44.582,-1.776,0.868,803.656,,62.313,0,,-1,-1,,-1
plz,Night,9.344,44.361,0,E_Red_R,Practice,Expected,Red,Left,53.705,44.682,-1.675,0.868,806.48,,62.909,0,,-1,-1,,-1
plz,Night,9.344,44.463,0,E_Red_R,Practice,Expected,Red,Left,53.807,44.784,-1.563,0.87,809.355,,63.538,0,,-1,-1,,-1
plz,Night,9.344,44.566,0,E_Red_R,Practice,Expected,Red,Left,53.91,44.888,-1.44,0.871,812.314,,64.203,0,,-1,-1,,-1
plz,Night,9.344,44.663,0,E_Red_R,Practice,Expected,Red,Left,54.007,44.984,-1.318,0.87,815.087,,64.848,0,,-1,-1,,-1
plz,Night,9.344,44.757,0,E_Red_R,Practice,Expected,Red,Left,54.101,45.078,-1.204,0.868,817.819,,65.489,0,,-1,-1,,-1
plz,Night,9.344,44.859,0,E_Red_R,Practice,Expected,Red,Left,54.203,45.181,-1.087,0.868,820.82,,66.021,0,,-1,-1,,-1
plz,Night,9.344,44.962,0,E_Red_R,Practice,Expected,Red,Left,54.306,45.284,-0.969,0.868,823.887,,66.371,0,,-1,-1,,-1
plz,Night,9.344,45.058,0,E_Red_R,Practice,Expected,Red,Left,54.402,45.379,-0.867,0.868,826.695,,66.535,0,,-1,-1,,-1
plz,Night,9.344,45.164,0,E_Red_R,Practice,Expected,Red,Left,54.508,45.485,-0.77,0.868,829.855,,66.622,0,,-1,-1,,-1
plz,Night,9.344,45.26,0,E_Red_R,Practice,Expected,Red,Left,54.604,45.581,-0.715,0.868,832.721,,66.71,0,,-1,-1,,-1
plz,Night,9.344,45.364,0,E_Red_R,Practice,Expected,Red,Left,54.708,45.685,-0.675,0.868,835.837,,66.727,0,,-1,-1,,-1
plz,Night,9.344,45.459,0,E_Red_R,Practice,Expected,Red,Left,54.803,45.781,-0.66,0.868,838.669,,66.708,0,,-1,-1,,-1
plz,Night,9.344,45.565,0,E_Red_R,Practice,Expected,Red,Left,54.909,45.887,-0.671,0.868,841.849,,66.71,0,,-1,-1,,-1
plz,Night,9.344,45.662,0,E_Red_R,Practice,Expected,Red,Left,55.006,45.984,-0.72,0.868,844.736,,66.78,0,,-1,-1,,-1
plz,Night,9.344,45.766,0,E_Red_R,Practice,Expected,Red,Left,55.11,46.088,-0.806,0.868,847.847,,66.819,0,,-1,-1,,-1
plz,Night,9.344,45.86,0,E_Red_R,Practice,Expected,Red,Left,55.204,46.182,-0.909,0.868,850.639,,66.802,0,,-1,-1,,-1
plz,Night,9.344,45.964,0,E_Red_R,Practice,Expected,Red,Left,55.308,46.285,-1.051,0.868,853.736,,66.775,0,,-1,-1,,-1
plz,Night,9.344,46.058,0,E_Red_R,Practice,Expected,Red,Left,55.402,46.379,-1.187,0.868,856.52,,66.742,0,,-1,-1,,-1
plz,Night,9.344,46.161,0,E_Red_R,Practice,Expected,Red,Left,55.505,46.482,-1.339,0.868,859.593,,66.721,0,,-1,-1,,-1
plz,Night,9.344,46.269,0,E_Red_R,Practice,Expected,Red,Left,55.613,46.59,-1.508,0.87,862.81,,66.7,0,,-1,-1,,-1
plz,Night,9.344,46.358,0,E_Red_R,Practice,Expected,Red,Left,55.702,46.679,-1.651,0.871,865.455,,66.688,0,,-1,-1,,-1
plz,Night,9.344,46.458,0,E_Red_R,Practice,Expected,Red,Left,55.802,46.78,-1.81,0.871,868.457,,66.672,0,,-1,-1,,-1
plz,Night,9.344,46.564,0,E_Red_R,Practice,Expected,Red,Left,55.908,46.885,-1.971,0.869,871.597,,66.655,0,,-1,-1,,-1
plz,Night,9.344,46.657,0,E_Red_R,Practice,Expected,Red,Left,56.001,46.979,-2.104,0.868,874.365,,66.637,0,,-1,-1,,-1
plz,Night,9.344,46.761,0,E_Red_R,Practice,Expected,Red,Left,56.105,47.083,-2.244,0.867,877.465,,66.619,0,,-1,-1,,-1
plz,Night,9.344,46.858,0,E_Red_R,Practice,Expected,Red,Left,56.202,47.179,-2.364,0.868,880.342,,66.601,0,,-1,-1,,-1
plz,Night,9.344,46.967,0,E_Red_R,Practice,Expected,Red,Left,56.311,47.288,-2.49,0.868,883.593,,66.584,0,,-1,-1,,-1
plz,Night,9.344,47.061,0,E_Red_R,Practice,Expected,Red,Left,56.405,47.383,-2.589,0.868,886.39,,66.566,0,,-1,-1,,-1
plz,Night,9.344,47.16,0,E_Red_R,Practice,Expected,Red,Left,56.504,47.482,-2.686,0.868,889.33,,66.549,0,,-1,-1,,-1
plz,Night,9.344,47.265,0,E_Red_R,Practice,Expected,Red,Left,56.609,47.586,-2.781,0.868,892.459,,66.533,0,,-1,-1,,-1
plz,Night,9.344,47.37,0,E_Red_R,Practice,Expected,Red,Left,56.714,47.692,-2.868,0.868,895.572,,66.514,0,,-1,-1,,-1
plz,Night,9.344,47.465,0,E_Red_R,Practice,Expected,Red,Left,56.809,47.786,-2.943,0.868,898.411,,66.5,0,,-1,-1,,-1
plz,Night,9.344,47.56,0,E_Red_R,Practice,Expected,Red,Left,56.904,47.881,-3.012,0.868,901.221,,66.485,0,,-1,-1,,-1
plz,Night,9.344,47.665,0,E_Red_R,Practice,Expected,Red,Left,57.009,47.987,-3.085,0.868,904.362,,66.469,0,,-1,-1,,-1
plz,Night,9.344,47.757,0,E_Red_R,Practice,Expected,Red,Left,57.101,48.078,-3.144,0.868,907.069,,66.454,0,,-1,-1,,-1
plz,Night,9.344,47.865,0,E_Red_R,Practice,Expected,Red,Left,57.209,48.186,-3.211,0.868,910.272,,66.438,0,,-1,-1,,-1
plz,Night,9.344,47.965,0,E_Red_R,Practice,Expected,Red,Left,57.309,48.286,-3.271,0.868,913.257,,66.423,0,,-1,-1,,-1
plz,Night,9.344,48.059,0,E_Red_R,Practice,Expected,Red,Left,57.403,48.38,-3.324,0.868,916.027,,66.408,0,,-1,-1,,-1
plz,Night,9.344,48.174,0,E_Red_R,Practice,Expected,Red,Left,57.518,48.496,-3.388,0.868,919.461,,66.391,0,,-1,-1,,-1
plz,Night,9.344,48.265,0,E_Red_R,Practice,Expected,Red,Left,57.609,48.587,-3.436,0.868,922.171,,66.378,0,,-1,-1,,-1
plz,Night,9.344,48.358,0,E_Red_R,Practice,Expected,Red,Left,57.702,48.68,-3.485,0.868,924.925,,66.363,0,,-1,-1,,-1
plz,Night,9.344,48.461,0,E_Red_R,Practice,Expected,Red,Left,57.805,48.783,-3.537,0.868,927.974,,66.348,0,,-1,-1,,-1
plz,Night,9.344,48.556,0,E_Red_R,Practice,Expected,Red,Left,57.9,48.878,-3.585,0.868,930.796,,66.333,0,,-1,-1,,-1
plz,Night,9.344,48.66,0,E_Red_R,Practice,Expected,Red,Left,58.004,48.981,-3.636,0.868,933.868,,66.318,0,,-1,-1,,-1
plz,Night,9.344,48.775,0,E_Red_R,Practice,Expected,Red,Left,58.119,49.096,-3.691,0.868,937.267,,66.301,0,,-1,-1,,-1
plz,Night,9.344,48.862,0,E_Red_R,Practice,Expected,Red,Left,58.206,49.183,-3.732,0.868,939.838,,66.289,0,,-1,-1,,-1
plz,Night,9.344,48.965,0,E_Red_R,Practice,Expected,Red,Left,58.309,49.287,-3.782,0.868,942.923,,66.274,0,,-1,-1,,-1
plz,Night,9.344,49.061,0,E_Red_R,Practice,Expected,Red,Left,58.405,49.382,-3.826,0.87,945.74,,66.259,0,,-1,-1,,-1
plz,Night,9.344,49.164,0,E_Red_R,Practice,Expected,Red,Left,58.508,49.485,-3.874,0.871,948.799,,66.244,0,,-1,-1,,-1
plz,Night,9.344,49.259,0,E_Red_R,Practice,Expected,Red,Left,58.603,49.581,-3.918,0.871,951.618,,66.229,0,,-1,-1,,-1
plz,Night,9.344,49.357,0,E_Red_R,Practice,Expected,Red,Left,58.701,49.678,-3.963,0.871,954.5,,66.214,0,,-1,-1,,-1
plz,Night,9.344,49.461,0,E_Red_R,Practice,Expected,Red,Left,58.805,49.783,-4.011,0.871,957.615,,66.199,0,,-1,-1,,-1
plz,Night,9.344,49.567,0,E_Red_R,Practice,Expected,Red,Left,58.911,49.888,-4.059,0.869,960.722,,66.184,0,,-1,-1,,-1
plz,Night,9.344,49.662,0,E_Red_R,Practice,Expected,Red,Left,59.006,49.984,-4.096,0.868,963.552,,66.153,0,,-1,-1,,-1
plz,Night,9.344,49.767,0,E_Red_R,Practice,Expected,Red,Left,59.111,50.088,-4.102,0.867,966.652,,66.06,0,,-1,-1,,-1
plz,Night,9.344,49.865,0,E_Red_R,Practice,Expected,Red,Left,59.208,50.186,-4.074,0.868,969.531,,66.017,0,,-1,-1,,-1
plz,Night,9.344,49.966,0,E_Red_R,Practice,Expected,Red,Left,59.31,50.288,-4.021,0.87,972.538,,66.021,0,,-1,-1,,-1
plz,Night,9.344,50.066,0,E_Red_R,Practice,Expected,Red,Left,59.41,50.387,-3.942,0.869,975.467,,66.152,0,,-1,-1,,-1
plz,Night,9.344,50.165,0,E_Red_R,Practice,Expected,Red,Left,59.509,50.487,-3.827,0.868,978.415,,66.466,0,,-1,-1,,-1
plz,Night,9.344,50.265,0,E_Red_R,Practice,Expected,Red,Left,59.609,50.587,-3.673,0.868,981.401,,66.965,0,,-1,-1,,-1
plz,Night,9.344,50.365,0,E_Red_R,Practice,Expected,Red,Left,59.709,50.686,-3.482,0.869,984.383,,67.547,0,,-1,-1,,-1
plz,Night,9.344,50.461,0,E_Red_R,Practice,Expected,Red,Left,59.805,50.782,-3.267,0.869,987.28,,68.172,0,,-1,-1,,-1
plz,Night,9.344,50.561,0,E_Red_R,Practice,Expected,Red,Left,59.905,50.883,-3.009,0.868,990.364,,68.768,0,,-1,-1,,-1
plz,Night,9.344,50.66,0,E_Red_R,Practice,Expected,Red,Left,60.004,50.981,-2.734,0.868,993.373,,69.227,0,,-1,-1,,-1
plz,Night,9.344,50.76,0,E_Red_R,Practice,Expected,Red,Left,60.104,51.081,-2.431,0.868,996.454,,69.509,0,,-1,-1,,-1
plz,Night,9.344,50.86,0,E_Red_R,Practice,Expected,Red,Left,60.204,51.181,-2.109,0.868,999.548,,69.614,0,,-1,-1,,-1
plz,Night,9.344,50.969,0,E_Red_R,Practice,Expected,Red,Left,60.313,51.29,-1.74,0.868,1002.931,,69.633,0,,-1,-1,,-1
plz,Night,9.344,51.058,0,E_Red_R,Practice,Expected,Red,Left,60.402,51.379,-1.429,0.868,1005.677,,69.627,0,,-1,-1,,-1
plz,Night,9.344,51.165,0,E_Red_R,Practice,Expected,Red,Left,60.509,51.486,-1.042,0.868,1009.004,,69.612,0,,-1,-1,,-1
plz,Night,9.344,51.262,0,E_Red_R,Practice,Expected,Red,Left,60.605,51.583,-0.687,0.868,1011.986,,69.596,0,,-1,-1,,-1
plz,Night,9.344,51.363,0,E_Red_R,Practice,Expected,Red,Left,60.707,51.685,-0.306,0.868,1015.125,,69.579,0,,-1,-1,,-1
plz,Night,9.344,51.465,0,E_Red_R,Practice,Expected,Red,Left,60.809,51.787,0.083,0.868,1018.273,,69.563,0,,-1,-1,,-1
plz,Night,9.344,51.56,0,E_Red_R,Practice,Expected,Red,Left,60.904,51.882,0.442,0.868,1021.192,,69.54,0,,-1,-1,,-1
plz,Night,9.344,51.658,0,E_Red_R,Practice,Expected,Red,Left,61.002,51.98,0.811,0.868,1024.223,,69.524,0,,-1,-1,,-1
plz,Night,9.344,51.764,0,E_Red_R,Practice,Expected,Red,Left,61.108,52.085,1.207,0.868,1027.48,,69.507,0,,-1,-1,,-1
plz,Night,9.344,51.862,0,E_Red_R,Practice,Expected,Red,Left,61.206,52.183,1.562,0.868,1030.501,,69.469,0,,-1,-1,,-1
plz,Night,9.344,51.962,0,E_Red_R,Practice,Expected,Red,Left,61.306,52.284,1.908,0.868,1033.607,,69.447,0,,-1,-1,,-1
plz,Night,9.344,52.06,0,E_Red_R,Practice,Expected,Red,Left,61.404,52.381,2.227,0.868,1036.614,,69.4,0,,-1,-1,,-1
plz,Night,9.344,52.164,0,E_Red_R,Practice,Expected,Red,Left,61.508,52.486,2.522,0.868,1039.847,,69.298,0,,-1,-1,,-1
plz,Night,9.344,52.267,0,E_Red_R,Practice,Expected,Red,Left,61.61,52.588,2.766,0.868,1043.003,,69.244,0,,-1,-1,,-1
plz,Night,9.344,52.359,0,E_Red_R,Practice,Expected,Red,Left,61.703,52.68,2.944,0.868,1045.835,,69.121,0,,-1,-1,,-1
plz,Night,9.344,52.458,0,E_Red_R,Practice,Expected,Red,Left,61.802,52.779,3.07,0.868,1048.898,,68.957,0,,-1,-1,,-1
plz,Night,9.344,52.563,0,E_Red_R,Practice,Expected,Red,Left,61.907,52.885,3.136,0.868,1052.148,,68.847,0,,-1,-1,,-1
plz,Night,9.344,52.666,0,E_Red_R,Practice,Expected,Red,Left,62.01,52.988,3.137,0.868,1055.295,,68.723,0,,-1,-1,,-1
plz,Night,9.344,52.757,0,E_Red_R,Practice,Expected,Red,Left,62.101,53.079,3.083,0.868,1058.095,,68.598,0,,-1,-1,,-1
plz,Night,9.344,52.858,0,E_Red_R,Practice,Expected,Red,Left,62.202,53.179,2.964,0.868,1061.179,,68.469,0,,-1,-1,,-1
plz,Night,9.344,52.96,0,E_Red_R,Practice,Expected,Red,Left,62.304,53.282,2.77,0.868,1064.29,,68.296,0,,-1,-1,,-1
plz,Night,9.344,53.062,0,E_Red_R,Practice,Expected,Red,Left,62.406,53.383,2.514,0.868,1067.383,,68.195,0,,-1,-1,,-1
plz,Night,9.344,53.167,0,E_Red_R,Practice,Expected,Red,Left,62.511,53.488,2.192,0.868,1070.587,,68.103,0,,-1,-1,,-1
plz,Night,9.344,53.266,0,E_Red_R,Practice,Expected,Red,Left,62.61,53.587,1.841,0.868,1073.575,,68.022,0,,-1,-1,,-1
plz,Night,9.344,53.361,0,E_Red_R,Practice,Expected,Red,Left,62.705,53.682,1.464,0.868,1076.431,,67.952,0,,-1,-1,,-1
plz,Night,9.344,63.41,0,E_Red_R,Practice,Expected,Red,Left,72.754,63.731,1.118,0.868,1078.843,,67.903,0,,-1,-1,,-1
plz,Night,9.344,63.444,0,E_Red_R,Practice,Expected,Red,Left,72.788,63.766,0.965,0.868,1079.855,,67.886,0,,-1,-1,,-1
plz,Night,9.344,63.46,0,E_Red_R,Practice,Expected,Red,Left,72.804,63.782,0.889,0.868,1080.35,,67.878,0,,-1,-1,,-1
plz,Night,9.344,63.472,0,E_Red_R,Practice,Expected,Red,Left,72.816,63.793,0.835,0.868,1080.703,,67.869,0,,-1,-1,,-1
plz,Night,9.344,63.483,0,E_Red_R,Practice,Expected,Red,Left,72.827,63.804,0.781,0.868,1081.047,,67.869,0,,-1,-1,,-1
plz,Night,9.344,63.496,0,E_Red_R,Practice,Expected,Red,Left,72.84,63.817,0.723,0.868,1081.411,,67.862,0,,-1,-1,,-1
plz,Night,9.344,63.517,0,E_Red_R,Practice,Expected,Red,Left,72.861,63.838,0.622,0.868,1082.048,,67.854,0,,-1,-1,,-1
plz,Night,9.344,63.529,0,E_Red_R,Practice,Expected,Red,Left,72.873,63.851,0.563,0.868,1082.411,,67.847,0,,-1,-1,,-1
plz,Night,9.344,63.54,0,E_Red_R,Practice,Expected,Red,Left,72.884,63.861,0.51,0.868,1082.741,,67.84,0,,-1,-1,,-1
plz,Night,9.344,63.551,0,E_Red_R,Practice,Expected,Red,Left,72.895,63.872,0.454,0.868,1083.082,,67.84,0,,-1,-1,,-1
plz,Night,9.344,63.565,0,E_Red_R,Practice,Expected,Red,Left,72.909,63.886,0.387,0.868,1083.488,,67.833,0,,-1,-1,,-1
plz,Night,9.344,63.577,0,E_Red_R,Practice,Expected,Red,Left,72.921,63.898,0.33,0.868,1083.834,,67.826,0,,-1,-1,,-1
plz,Night,9.344,63.589,0,E_Red_R,Practice,Expected,Red,Left,72.933,63.911,0.266,0.868,1084.215,,67.82,0,,-1,-1,,-1
plz,Night,9.344,63.601,0,E_Red_R,Practice,Expected,Red,Left,72.945,63.922,0.206,0.868,1084.571,,67.82,0,,-1,-1,,-1
plz,Night,9.344,63.612,0,E_Red_R,Practice,Expected,Red,Left,72.956,63.933,0.153,0.868,1084.886,,67.813,0,,-1,-1,,-1
plz,Night,9.344,63.624,0,E_Red_R,Practice,Expected,Red,Left,72.968,63.946,0.09,0.868,1085.258,,67.807,0,,-1,-1,,-1
plz,Night,9.344,63.635,0,E_Red_R,Practice,Expected,Red,Left,72.979,63.956,0.034,0.868,1085.586,,67.807,0,,-1,-1,,-1
plz,Night,9.344,63.646,0,E_Red_R,Practice,Expected,Red,Left,72.99,63.967,-0.021,0.868,1085.904,,67.801,0,,-1,-1,,-1
plz,Night,9.344,63.668,0,E_Red_R,Practice,Expected,Red,Left,73.012,63.989,-0.134,0.868,1086.557,,67.796,0,,-1,-1,,-1
plz,Night,9.344,63.68,0,E_Red_R,Practice,Expected,Red,Left,73.024,64.001,-0.196,0.868,1086.912,,67.79,0,,-1,-1,,-1
plz,Night,9.344,63.693,0,E_Red_R,Practice,Expected,Red,Left,73.037,64.014,-0.265,0.868,1087.304,,67.785,0,,-1,-1,,-1
plz,Night,9.344,63.704,0,E_Red_R,Practice,Expected,Red,Left,73.048,64.025,-0.324,0.868,1087.638,,67.78,0,,-1,-1,,-1
plz,Night,9.344,63.715,0,E_Red_R,Practice,Expected,Red,Left,73.059,64.036,-0.384,0.868,1087.975,,67.78,0,,-1,-1,,-1
plz,Night,9.344,63.727,0,E_Red_R,Practice,Expected,Red,Left,73.071,64.048,-0.446,0.868,1088.323,,67.774,0,,-1,-1,,-1
plz,Night,9.344,63.738,0,E_Red_R,Practice,Expected,Red,Left,73.082,64.059,-0.506,0.868,1088.655,,67.769,0,,-1,-1,,-1
plz,Night,9.344,63.751,0,E_Red_R,Practice,Expected,Red,Left,73.095,64.073,-0.579,0.868,1089.061,,67.769,0,,-1,-1,,-1
plz,Night,9.344,63.763,0,E_Red_R,Practice,Expected,Red,Left,73.107,64.084,-0.639,0.868,1089.392,,67.765,0,,-1,-1,,-1
plz,Night,9.344,63.774,0,E_Red_R,Practice,Expected,Red,Left,73.118,64.095,-0.7,0.868,1089.728,,67.76,0,,-1,-1,,-1
plz,Night,9.344,63.785,0,E_Red_R,Practice,Expected,Red,Left,73.129,64.107,-0.763,0.868,1090.075,,67.76,0,,-1,-1,,-1
plz,Night,9.344,63.797,0,E_Red_R,Practice,Expected,Red,Left,73.141,64.118,-0.823,0.868,1090.402,,67.755,0,,-1,-1,,-1
plz,Night,9.344,63.817,0,E_Red_R,Practice,Expected,Red,Left,73.161,64.139,-0.937,0.868,1091.017,,67.751,0,,-1,-1,,-1
plz,Night,9.344,63.83,0,E_Red_R,Practice,Expected,Red,Left,73.173,64.151,-1.004,0.868,1091.382,,67.746,0,,-1,-1,,-1
plz,Night,9.344,63.841,0,E_Red_R,Practice,Expected,Red,Left,73.185,64.163,-1.069,0.868,1091.727,,67.742,0,,-1,-1,,-1
plz,Night,9.344,63.852,0,E_Red_R,Practice,Expected,Red,Left,73.196,64.174,-1.134,0.868,1092.076,,67.742,0,,-1,-1,,-1
plz,Night,9.344,63.864,0,E_Red_R,Practice,Expected,Red,Left,73.208,64.185,-1.194,0.868,1092.397,,67.738,0,,-1,-1,,-1
plz,Night,9.344,63.875,0,E_Red_R,Practice,Expected,Red,Left,73.219,64.196,-1.257,0.868,1092.731,,67.734,0,,-1,-1,,-1
plz,Night,9.344,63.888,0,E_Red_R,Practice,Expected,Red,Left,73.232,64.209,-1.328,0.868,1093.11,,67.73,0,,-1,-1,,-1
plz,Night,9.344,63.899,0,E_Red_R,Practice,Expected,Red,Left,73.243,64.22,-1.394,0.868,1093.457,,67.73,0,,-1,-1,,-1
plz,Night,9.344,63.91,0,E_Red_R,Practice,Expected,Red,Left,73.254,64.231,-1.454,0.868,1093.775,,67.726,0,,-1,-1,,-1
plz,Night,9.344,63.922,0,E_Red_R,Practice,Expected,Red,Left,73.266,64.244,-1.524,0.868,1094.141,,67.722,0,,-1,-1,,-1
plz,Night,9.344,63.933,0,E_Red_R,Practice,Expected,Red,Left,73.277,64.255,-1.59,0.868,1094.483,,67.722,0,,-1,-1,,-1
plz,Night,9.344,63.944,0,E_Red_R,Practice,Expected,Red,Left,73.288,64.266,-1.65,0.868,1094.796,,67.718,0,,-1,-1,,-1
plz,Night,9.344,63.956,0,E_Red_R,Practice,Expected,Red,Left,73.3,64.278,-1.72,0.868,1095.159,,67.715,0,,-1,-1,,-1
plz,Night,9.344,63.978,0,E_Red_R,Practice,Expected,Red,Left,73.322,64.299,-1.84,0.868,1095.783,,67.711,0,,-1,-1,,-1
plz,Night,9.344,63.99,0,E_Red_R,Practice,Expected,Red,Left,73.333,64.311,-1.91,0.868,1096.142,,67.707,0,,-1,-1,,-1
plz,Night,9.344,64,0,E_Red_R,Practice,Expected,Red,Left,73.344,64.322,-1.976,0.868,1096.48,,67.707,0,,-1,-1,,-1
plz,Night,9.344,64.014,0,E_Red_R,Practice,Expected,Red,Left,73.358,64.336,-2.053,0.868,1096.874,,67.704,0,,-1,-1,,-1
plz,Night,9.344,64.028,0,E_Red_R,Practice,Expected,Red,Left,73.372,64.349,-2.133,0.868,1097.285,,67.7,0,,-1,-1,,-1
plz,Night,9.344,64.04,0,E_Red_R,Practice,Expected,Red,Left,73.384,64.361,-2.2,0.868,1097.629,,67.697,0,,-1,-1,,-1
plz,Night,9.344,64.052,0,E_Red_R,Practice,Expected,Red,Left,73.396,64.374,-2.277,0.868,1098.02,,67.697,0,,-1,-1,,-1
plz,Night,9.344,64.063,0,E_Red_R,Practice,Expected,Red,Left,73.407,64.385,-2.339,0.868,1098.334,,67.694,0,,-1,-1,,-1
plz,Night,9.344,64.075,0,E_Red_R,Practice,Expected,Red,Left,73.419,64.396,-2.406,0.868,1098.671,,67.69,0,,-1,-1,,-1
plz,Night,9.344,64.088,0,E_Red_R,Practice,Expected,Red,Left,73.432,64.409,-2.484,0.868,1099.063,,67.687,0,,-1,-1,,-1
plz,Night,9.344,64.951,0,E_Red_R,Practice,Expected,Red,Left,74.295,65.272,-2.486,0.868,1099.076,,67.687,0,,-1,-1,,-1
plz,Night,9.344,64.976,0,E_Red_R,Practice,Expected,Red,Left,74.32,65.298,-2.634,0.868,1099.819,,67.684,0,,-1,-1,,-1
plz,Night,9.344,64.991,0,E_Red_R,Practice,Expected,Red,Left,74.335,65.312,-2.718,0.868,1100.241,,67.68,0,,-1,-1,,-1
plz,Night,9.344,65.002,0,E_Red_R,Practice,Expected,Red,Left,74.346,65.323,-2.786,0.868,1100.577,,67.677,0,,-1,-1,,-1
plz,Night,9.344,65.014,0,E_Red_R,Practice,Expected,Red,Left,74.358,65.336,-2.864,0.868,1100.967,,67.677,0,,-1,-1,,-1
plz,Night,9.344,65.029,0,E_Red_R,Practice,Expected,Red,Left,74.373,65.35,-2.942,0.868,1101.355,,67.674,0,,-1,-1,,-1
plz,Night,9.344,65.043,0,E_Red_R,Practice,Expected,Red,Left,74.387,65.365,-3.035,0.868,1101.816,,67.671,0,,-1,-1,,-1
plz,Night,9.344,65.069,0,E_Red_R,Practice,Expected,Red,Left,74.412,65.39,-3.183,0.868,1102.55,,67.665,0,,-1,-1,,-1
plz,Night,9.344,65.082,0,E_Red_R,Practice,Expected,Red,Left,74.426,65.403,-3.267,0.868,1102.965,,67.665,0,,-1,-1,,-1
plz,Night,9.344,65.094,0,E_Red_R,Practice,Expected,Red,Left,74.438,65.416,-3.341,0.868,1103.326,,67.662,0,,-1,-1,,-1
plz,Night,9.344,65.11,0,E_Red_R,Practice,Expected,Red,Left,74.454,65.431,-3.434,0.868,1103.784,,67.659,0,,-1,-1,,-1
plz,Night,9.344,65.124,0,E_Red_R,Practice,Expected,Red,Left,74.468,65.446,-3.522,0.868,1104.213,,67.656,0,,-1,-1,,-1
plz,Night,9.344,65.137,0,E_Red_R,Practice,Expected,Red,Left,74.481,65.458,-3.597,0.869,1104.583,,67.653,0,,-1,-1,,-1
plz,Night,9.344,65.151,0,E_Red_R,Practice,Expected,Red,Left,74.495,65.472,-3.683,0.869,1105.001,,67.65,0,,-1,-1,,-1
plz,Night,9.344,65.163,0,E_Red_R,Practice,Expected,Red,Left,74.507,65.484,-3.76,0.869,1105.376,,67.65,0,,-1,-1,,-1
plz,Night,9.344,65.176,0,E_Red_R,Practice,Expected,Red,Left,74.52,65.498,-3.839,0.869,1105.76,,67.647,0,,-1,-1,,-1
plz,Night,9.344,65.189,0,E_Red_R,Practice,Expected,Red,Left,74.533,65.51,-3.915,0.869,1106.129,,67.645,0,,-1,-1,,-1
plz,Night,9.344,65.201,0,E_Red_R,Practice,Expected,Red,Left,74.545,65.522,-3.988,0.869,1106.484,,67.642,0,,-1,-1,,-1
plz,Night,9.344,65.225,0,E_Red_R,Practice,Expected,Red,Left,74.569,65.546,-4.133,0.869,1107.183,,67.639,0,,-1,-1,,-1
plz,Night,9.344,65.237,0,E_Red_R,Practice,Expected,Red,Left,74.581,65.559,-4.209,0.869,1107.55,,67.636,0,,-1,-1,,-1
plz,Night,9.344,65.249,0,E_Red_R,Practice,Expected,Red,Left,74.593,65.571,-4.285,0.869,1107.918,,67.633,0,,-1,-1,,-1
plz,Night,9.344,65.26,0,E_Red_R,Practice,Expected,Red,Left,74.604,65.581,-4.352,0.869,1108.245,,67.633,0,,-1,-1,,-1
plz,Night,9.344,65.271,0,E_Red_R,Practice,Expected,Red,Left,74.615,65.593,-4.419,0.869,1108.565,,67.629,0,,-1,-1,,-1
plz,Night,9.344,65.284,0,E_Red_R,Practice,Expected,Red,Left,74.628,65.605,-4.496,0.869,1108.939,,67.625,0,,-1,-1,,-1
plz,Night,9.344,65.296,0,E_Red_R,Practice,Expected,Red,Left,74.64,65.618,-4.575,0.869,1109.323,,67.625,0,,-1,-1,,-1
plz,Night,9.344,65.309,0,E_Red_R,Practice,Expected,Red,Left,74.653,65.63,-4.648,0.869,1109.68,,67.617,0,,-1,-1,,-1
plz,Night,9.344,65.32,0,E_Red_R,Practice,Expected,Red,Left,74.664,65.642,-4.716,0.869,1110.015,,67.61,0,,-1,-1,,-1
plz,Night,9.344,65.331,0,E_Red_R,Practice,Expected,Red,Left,74.675,65.653,-4.787,0.869,1110.364,,67.61,0,,-1,-1,,-1
plz,Night,9.344,65.344,0,E_Red_R,Practice,Expected,Red,Left,74.688,65.665,-4.857,0.869,1110.715,,67.6,0,,-1,-1,,-1
plz,Night,9.344,65.356,0,E_Red_R,Practice,Expected,Red,Left,74.7,65.677,-4.927,0.869,1111.065,,67.59,0,,-1,-1,,-1
plz,Night,9.344,65.378,0,E_Red_R,Practice,Expected,Red,Left,74.722,65.7,-5.058,0.869,1111.73,,67.581,0,,-1,-1,,-1
plz,Night,9.344,65.39,0,E_Red_R,Practice,Expected,Red,Left,74.734,65.711,-5.127,0.869,1112.083,,67.57,0,,-1,-1,,-1
plz,Night,9.344,65.402,0,E_Red_R,Practice,Expected,Red,Left,74.746,65.723,-5.193,0.869,1112.422,,67.56,0,,-1,-1,,-1
plz,Night,9.344,65.412,0,E_Red_R,Practice,Expected,Red,Left,74.756,65.734,-5.258,0.868,1112.765,,67.56,0,,-1,-1,,-1
plz,Night,9.344,65.424,0,E_Red_R,Practice,Expected,Red,Left,74.768,65.745,-5.317,0.868,1113.079,,67.549,0,,-1,-1,,-1
plz,Night,9.344,65.435,0,E_Red_R,Practice,Expected,Red,Left,74.779,65.757,-5.381,0.868,1113.423,,67.539,0,,-1,-1,,-1
plz,Night,9.344,65.447,0,E_Red_R,Practice,Expected,Red,Left,74.791,65.768,-5.447,0.868,1113.78,,67.539,0,,-1,-1,,-1
plz,Night,9.344,65.458,0,E_Red_R,Practice,Expected,Red,Left,74.802,65.78,-5.507,0.868,1114.111,,67.527,0,,-1,-1,,-1
plz,Night,9.344,65.471,0,E_Red_R,Practice,Expected,Red,Left,74.815,65.792,-5.573,0.868,1114.485,,67.517,0,,-1,-1,,-1
plz,Night,9.344,65.481,0,E_Red_R,Practice,Expected,Red,Left,74.825,65.802,-5.629,0.868,1114.805,,67.517,0,,-1,-1,,-1
plz,Night,9.344,65.492,0,E_Red_R,Practice,Expected,Red,Left,74.836,65.814,-5.683,0.868,1115.119,,67.507,0,,-1,-1,,-1
plz,Night,9.344,65.505,0,E_Red_R,Practice,Expected,Red,Left,74.849,65.827,-5.749,0.868,1115.509,,67.5,0,,-1,-1,,-1
plz,Night,9.344,65.517,0,E_Red_R,Practice,Expected,Red,Left,74.861,65.839,-5.808,0.868,1115.861,,67.498,0,,-1,-1,,-1
plz,Night,9.344,65.54,0,E_Red_R,Practice,Expected,Red,Left,74.884,65.861,-5.915,0.868,1116.532,,67.499,0,,-1,-1,,-1
plz,Night,9.344,65.552,0,E_Red_R,Practice,Expected,Red,Left,74.896,65.873,-5.971,0.868,1116.888,,67.506,0,,-1,-1,,-1
plz,Night,9.344,65.563,0,E_Red_R,Practice,Expected,Red,Left,74.907,65.884,-6.024,0.868,1117.239,,67.506,0,,-1,-1,,-1
plz,Night,9.344,65.575,0,E_Red_R,Practice,Expected,Red,Left,74.919,65.897,-6.076,0.868,1117.59,,67.521,0,,-1,-1,,-1
plz,Night,9.344,65.587,0,E_Red_R,Practice,Expected,Red,Left,74.931,65.908,-6.127,0.868,1117.938,,67.538,0,,-1,-1,,-1
plz,Night,9.344,65.598,0,E_Red_R,Practice,Expected,Red,Left,74.942,65.919,-6.176,0.868,1118.283,,67.538,0,,-1,-1,,-1
plz,Night,9.344,65.61,0,E_Red_R,Practice,Expected,Red,Left,74.954,65.932,-6.225,0.868,1118.642,,67.559,0,,-1,-1,,-1
plz,Night,9.344,65.624,0,E_Red_R,Practice,Expected,Red,Left,74.968,65.945,-6.279,0.868,1119.046,,67.58,0,,-1,-1,,-1
plz,Night,9.344,65.637,0,E_Red_R,Practice,Expected,Red,Left,74.981,65.958,-6.33,0.868,1119.437,,67.6,0,,-1,-1,,-1
plz,Night,9.344,65.648,0,E_Red_R,Practice,Expected,Red,Left,74.992,65.969,-6.375,0.868,1119.787,,67.6,0,,-1,-1,,-1
plz,Night,9.344,65.659,0,E_Red_R,Practice,Expected,Red,Left,75.003,65.981,-6.415,0.868,1120.116,,67.621,0,,-1,-1,,-1
plz,Night,9.344,65.672,0,E_Red_R,Practice,Expected,Red,Left,75.016,65.994,-6.46,0.868,1120.499,,67.638,0,,-1,-1,,-1
plz,Night,9.344,65.693,0,E_Red_R,Practice,Expected,Red,Left,75.037,66.015,-6.532,0.868,1121.134,,67.651,0,,-1,-1,,-1
plz,Night,9.344,65.706,0,E_Red_R,Practice,Expected,Red,Left,75.05,66.027,-6.573,0.868,1121.51,,67.663,0,,-1,-1,,-1
plz,Night,9.344,65.718,0,E_Red_R,Practice,Expected,Red,Left,75.062,66.039,-6.609,0.868,1121.861,,67.67,0,,-1,-1,,-1
plz,Night,9.344,65.728,0,E_Red_R,Practice,Expected,Red,Left,75.072,66.05,-6.644,0.868,1122.206,,67.67,0,,-1,-1,,-1
plz,Night,9.344,65.741,0,E_Red_R,Practice,Expected,Red,Left,75.085,66.062,-6.678,0.868,1122.556,,67.674,0,,-1,-1,,-1
plz,Night,9.344,65.754,0,E_Red_R,Practice,Expected,Red,Left,75.098,66.075,-6.714,0.868,1122.95,,67.674,0,,-1,-1,,-1
plz,Night,9.344,65.765,0,E_Red_R,Practice,Expected,Red,Left,75.109,66.086,-6.746,0.868,1123.301,,67.674,0,,-1,-1,,-1
plz,Night,9.344,65.777,0,E_Red_R,Practice,Expected,Red,Left,75.121,66.099,-6.776,0.868,1123.659,,67.671,0,,-1,-1,,-1
plz,Night,9.344,65.789,0,E_Red_R,Practice,Expected,Red,Left,75.133,66.11,-6.805,0.868,1124.012,,67.662,0,,-1,-1,,-1
plz,Night,9.344,65.803,0,E_Red_R,Practice,Expected,Red,Left,75.147,66.124,-6.838,0.868,1124.423,,67.647,0,,-1,-1,,-1
plz,Night,9.344,65.813,0,E_Red_R,Practice,Expected,Red,Left,75.157,66.135,-6.863,0.868,1124.765,,67.647,0,,-1,-1,,-1
plz,Night,9.344,65.825,0,E_Red_R,Practice,Expected,Red,Left,75.169,66.146,-6.886,0.868,1125.089,,67.624,0,,-1,-1,,-1
plz,Night,9.344,65.847,0,E_Red_R,Practice,Expected,Red,Left,75.191,66.168,-6.93,0.868,1125.754,,67.591,0,,-1,-1,,-1
plz,Night,9.344,65.858,0,E_Red_R,Practice,Expected,Red,Left,75.202,66.179,-6.949,0.869,1126.082,,67.555,0,,-1,-1,,-1
plz,Night,9.344,65.869,0,E_Red_R,Practice,Expected,Red,Left,75.213,66.191,-6.969,0.869,1126.437,,67.519,0,,-1,-1,,-1
plz,Night,9.344,65.88,0,E_Red_R,Practice,Expected,Red,Left,75.224,66.201,-6.987,0.869,1126.765,,67.519,0,,-1,-1,,-1
plz,Night,9.344,65.891,0,E_Red_R,Practice,Expected,Red,Left,75.235,66.212,-7.003,0.869,1127.089,,67.473,0,,-1,-1,,-1
plz,Night,9.344,65.961,0,E_Red_R,Practice,Expected,Red,Left,75.305,66.282,-7.077,0.869,1129.199,,67.257,0,,-1,-1,,-1
plz,Night,9.344,66.06,0,E_Red_R,Practice,Expected,Red,Left,75.404,66.381,-7.092,0.868,1132.176,,66.864,0,,-1,-1,,-1
plz,Night,9.344,66.162,0,E_Red_R,Practice,Expected,Red,Left,75.506,66.484,-6.994,0.868,1135.209,,66.423,0,,-1,-1,,-1
plz,Night,9.344,66.259,0,E_Red_R,Practice,Expected,Red,Left,75.603,66.58,-6.794,0.868,1138.049,,65.953,0,,-1,-1,,-1
plz,Night,9.344,66.36,0,E_Red_R,Practice,Expected,Red,Left,75.704,66.681,-6.472,0.868,1141.012,,65.468,0,,-1,-1,,-1
plz,Night,9.344,66.467,0,E_Red_R,Practice,Expected,Red,Left,75.811,66.789,-6.017,0.868,1144.094,,65.013,0,,-1,-1,,-1
plz,Night,9.344,66.564,0,E_Red_R,Practice,Expected,Red,Left,75.908,66.885,-5.521,0.868,1146.871,,64.776,0,,-1,-1,,-1
plz,Night,9.344,66.661,0,E_Red_R,Practice,Expected,Red,Left,76.005,66.983,-4.964,0.868,1149.632,,64.523,0,,-1,-1,,-1
plz,Night,9.344,66.77,0,E_Red_R,Practice,Expected,Red,Left,76.114,67.091,-4.268,0.869,1152.662,,64.267,0,,-1,-1,,-1
plz,Night,9.344,66.861,0,E_Red_R,Practice,Expected,Red,Left,76.205,67.183,-3.61,0.869,1155.225,,64.14,0,,-1,-1,,-1
plz,Night,9.344,66.959,0,E_Red_R,Practice,Expected,Red,Left,76.303,67.28,-2.877,0.869,1157.905,,64.085,0,,-1,-1,,-1
plz,Night,9.344,67.071,0,E_Red_R,Practice,Expected,Red,Left,76.415,67.392,-2.008,0.869,1160.988,,64.05,0,,-1,-1,,-1
plz,Night,9.344,67.165,0,E_Red_R,Practice,Expected,Red,Left,76.509,67.487,-1.258,0.869,1163.605,,64.036,0,,-1,-1,,-1
plz,Night,9.344,67.264,0,E_Red_R,Practice,Expected,Red,Left,76.608,67.586,-0.479,0.868,1166.332,,64.018,0,,-1,-1,,-1
plz,Night,9.344,67.364,0,E_Red_R,Practice,Expected,Red,Left,76.708,67.686,0.283,0.868,1169.087,,63.944,0,,-1,-1,,-1
plz,Night,9.344,67.462,0,E_Red_R,Practice,Expected,Red,Left,76.806,67.784,0.979,0.868,1171.8,,63.795,0,,-1,-1,,-1
plz,Night,9.344,67.56,0,E_Red_R,Practice,Expected,Red,Left,76.904,67.882,1.621,0.868,1174.522,,63.708,0,,-1,-1,,-1
plz,Night,9.344,67.665,0,E_Red_R,Practice,Expected,Red,Left,77.009,67.986,2.253,0.868,1177.425,,63.606,0,,-1,-1,,-1
plz,Night,9.344,67.764,0,E_Red_R,Practice,Expected,Red,Left,77.108,68.085,2.792,0.868,1180.179,,63.496,0,,-1,-1,,-1
plz,Night,9.344,67.864,0,E_Red_R,Practice,Expected,Red,Left,77.208,68.186,3.282,0.868,1182.994,,63.381,0,,-1,-1,,-1
plz,Night,9.344,67.958,0,E_Red_R,Practice,Expected,Red,Left,77.302,68.279,3.677,0.868,1185.594,,63.228,0,,-1,-1,,-1
plz,Night,9.344,68.06,0,E_Red_R,Practice,Expected,Red,Left,77.404,68.382,4.036,0.87,1188.481,,63.046,0,,-1,-1,,-1
plz,Night,9.344,68.162,0,E_Red_R,Practice,Expected,Red,Left,77.506,68.484,4.325,0.869,1191.314,,62.942,0,,-1,-1,,-1
plz,Night,9.344,68.258,0,E_Red_R,Practice,Expected,Red,Left,77.602,68.58,4.547,0.868,1194.004,,62.842,0,,-1,-1,,-1
plz,Night,9.344,68.363,0,E_Red_R,Practice,Expected,Red,Left,77.707,68.684,4.706,1.538,1196.154,,43.446,0,,-1,-1,,-1
plz,Night,9.344,68.461,0,E_Red_R,Practice,Expected,Red,Left,77.805,68.782,4.935,3.863,1196.667,,43.485,0,,-1,-1,,-1
plz,Night,9.344,68.558,0,E_Red_R,Practice,Expected,Red,Left,77.902,68.879,5.197,5.654,1197.068,,41.364,0,,-1,-1,,-1
plz,Night,9.344,68.664,0,E_Red_R,Practice,Expected,Red,Left,78.008,68.985,5.481,7.489,1197.502,,39.252,0,,-1,-1,,-1
plz,Night,9.344,68.764,0,E_Red_R,Practice,Expected,Red,Left,78.108,69.085,5.746,9.112,1197.909,,37.149,0,,-1,-1,,-1
plz,Night,9.344,68.86,0,E_Red_R,Practice,Expected,Red,Left,78.204,69.181,6.003,10.585,1198.301,,35.057,0,,-1,-1,,-1
plz,Night,9.344,68.961,0,E_Red_R,Practice,Expected,Red,Left,78.305,69.282,6.272,12.042,1198.714,,32.979,0,,-1,-1,,-1
plz,Night,9.344,69.067,0,E_Red_R,Practice,Expected,Red,Left,78.411,69.389,6.554,13.458,1199.146,,30.575,0,,-1,-1,,-1
plz,Night,9.344,69.159,0,E_Red_R,Practice,Expected,Red,Left,78.503,69.481,6.799,14.603,1199.522,,28.874,0,,-1,-1,,-1
plz,Night,9.344,69.262,0,E_Red_R,Practice,Expected,Red,Left,78.606,69.583,7.07,15.773,1199.938,,26.855,0,,-1,-1,,-1
plz,Night,9.344,69.359,0,E_Red_R,Practice,Expected,Red,Left,78.703,69.681,7.327,16.79,1200.335,,24.866,0,,-1,-1,,-1
plz,Night,9.344,69.461,0,E_Red_R,Practice,Expected,Red,Left,78.805,69.783,7.595,17.755,1200.749,,22.915,0,,-1,-1,,-1
plz,Night,9.344,69.563,0,E_Red_R,Practice,Expected,Red,Left,78.907,69.885,7.863,18.62,1201.165,,21.012,0,,-1,-1,,-1
plz,Night,9.344,69.665,0,E_Red_R,Practice,Expected,Red,Left,79.009,69.987,8.13,19.38,1201.579,,19.17,0,,-1,-1,,-1
plz,Night,9.344,69.764,0,E_Red_R,Practice,Expected,Red,Left,79.108,70.086,8.388,20.02,1201.982,,17.411,0,,-1,-1,,-1
plz,Night,9.344,69.863,0,E_Red_R,Practice,Expected,Red,Left,79.207,70.184,8.646,20.565,1202.385,,15.762,0,,-1,-1,,-1
plz,Night,9.344,69.959,0,E_Red_R,Practice,Expected,Red,Left,79.303,70.28,8.897,21.002,1202.777,,14.26,0,,-1,-1,,-1
plz,Night,9.344,70.066,0,E_Red_R,Practice,Expected,Red,Left,79.41,70.387,9.173,21.381,1203.212,,12.764,0,,-1,-1,,-1
plz,Night,9.344,70.161,0,E_Red_R,Practice,Expected,Red,Left,79.505,70.482,9.421,21.626,1203.602,,11.919,0,,-1,-1,,-1
plz,Night,9.344,70.259,0,E_Red_R,Practice,Expected,Red,Left,79.603,70.581,9.676,21.785,1204.004,,11.219,0,,-1,-1,,-1
plz,Night,9.344,70.36,0,E_Red_R,Practice,Expected,Red,Left,79.704,70.682,9.939,21.85,1204.419,,10.923,0,,-1,-1,,-1
plz,Night,9.344,70.466,0,E_Red_R,Practice,Expected,Red,Left,79.81,70.787,10.211,21.812,1204.851,,11.063,0,,-1,-1,,-1
plz,Night,9.344,70.563,0,E_Red_R,Practice,Expected,Red,Left,79.907,70.885,10.466,21.677,1205.254,,11.623,0,,-1,-1,,-1
plz,Night,9.344,70.657,0,E_Red_R,Practice,Expected,Red,Left,80.001,70.979,10.708,21.462,1205.639,,12.546,0,,-1,-1,,-1
plz,Night,9.344,70.769,0,E_Red_R,Practice,Expected,Red,Left,80.113,71.091,10.999,21.091,1206.1,,13.987,0,,-1,-1,,-1
plz,Night,9.344,70.858,0,E_Red_R,Practice,Expected,Red,Left,80.202,71.18,11.23,20.709,1206.467,,15.198,0,,-1,-1,,-1
plz,Night,9.344,70.961,0,E_Red_R,Practice,Expected,Red,Left,80.305,71.283,11.5,20.167,1206.895,,16.799,0,,-1,-1,,-1
plz,Night,9.344,71.059,0,E_Red_R,Practice,Expected,Red,Left,80.403,71.38,11.755,19.558,1207.299,,18.522,0,,-1,-1,,-1
plz,Night,9.344,71.162,0,E_Red_R,Practice,Expected,Red,Left,80.506,71.484,12.025,18.811,1207.728,,20.336,0,,-1,-1,,-1
plz,Night,9.344,71.259,0,E_Red_R,Practice,Expected,Red,Left,80.603,71.581,12.278,18.017,1208.129,,22.218,0,,-1,-1,,-1
plz,Night,9.344,71.356,0,E_Red_R,Practice,Expected,Red,Left,80.7,71.678,12.533,17.129,1208.531,,24.154,0,,-1,-1,,-1
plz,Night,9.344,71.46,0,E_Red_R,Practice,Expected,Red,Left,80.804,71.781,12.804,16.082,1208.96,,26.13,0,,-1,-1,,-1
plz,Night,9.344,71.559,0,E_Red_R,Practice,Expected,Red,Left,80.903,71.881,13.066,14.975,1209.372,,28.139,0,,-1,-1,,-1
plz,Night,9.344,71.66,0,E_Red_R,Practice,Expected,Red,Left,81.004,71.982,13.332,13.75,1209.791,,30.173,0,,-1,-1,,-1
plz,Night,9.344,71.763,0,E_Red_R,Practice,Expected,Red,Left,81.107,72.084,13.603,12.405,1210.217,,32.229,0,,-1,-1,,-1
plz,Night,9.344,71.857,0,E_Red_R,Practice,Expected,Red,Left,81.201,72.179,13.853,11.075,1210.608,,34.302,0,,-1,-1,,-1
plz,Night,9.344,71.96,0,E_Red_R,Practice,Expected,Red,Left,81.304,72.281,14.124,9.537,1211.032,,36.389,0,,-1,-1,,-1
plz,Night,9.344,72.061,0,E_Red_R,Practice,Expected,Red,Left,81.405,72.383,14.394,7.904,1211.453,,38.488,0,,-1,-1,,-1
plz,Night,9.344,72.157,0,E_Red_R,Practice,Expected,Red,Left,81.501,72.479,14.649,6.27,1211.851,,40.597,0,,-1,-1,,-1
plz,Night,9.344,72.259,0,E_Red_R,Practice,Expected,Red,Left,81.603,72.58,14.919,4.448,1212.27,,42.715,0,,-1,-1,,-1
plz,Night,9.344,72.363,0,E_Red_R,Practice,Expected,Red,Left,81.707,72.684,15.196,2.473,1212.699,,44.84,0,,-1,-1,,-1
plz,Night,9.344,72.464,0,E_Red_R,Practice,Expected,Red,Left,81.808,72.785,15.457,0.842,1213.115,,10.386,0,,-1,-1,,-1
plz,Night,9.344,72.562,0,E_Red_R,Practice,Expected,Red,Left,81.906,72.883,15.618,0.852,1213.517,,9.762,0,,-1,-1,,-1
plz,Night,9.344,72.664,0,E_Red_R,Practice,Expected,Red,Left,82.008,72.986,15.703,0.86,1213.979,,10.681,0,,-1,-1,,-1
plz,Night,9.344,72.768,0,E_Red_R,Practice,Expected,Red,Left,82.112,73.089,15.73,0.867,1214.494,,11.35,0,,-1,-1,,-1
plz,Night,9.344,72.864,0,E_Red_R,Practice,Expected,Red,Left,82.208,73.186,15.704,0.869,1214.984,,11.216,0,,-1,-1,,-1
plz,Night,9.344,72.96,0,E_Red_R,Practice,Expected,Red,Left,82.304,73.282,15.642,0.871,1215.46,,11.224,0,,-1,-1,,-1
plz,Night,9.344,73.075,0,E_Red_R,Practice,Expected,Red,Left,82.419,73.396,15.555,0.87,1216.031,,11.504,0,,-1,-1,,-1
plz,Night,9.344,73.165,0,E_Red_R,Practice,Expected,Red,Left,82.509,73.486,15.483,0.869,1216.499,,11.872,0,,-1,-1,,-1
plz,Night,9.344,73.263,0,E_Red_R,Practice,Expected,Red,Left,82.606,73.584,15.402,0.868,1217.025,,12.493,0,,-1,-1,,-1
plz,Night,9.344,73.362,0,E_Red_R,Practice,Expected,Red,Left,82.706,73.684,15.314,0.868,1217.592,,13.162,0,,-1,-1,,-1
plz,Night,9.344,73.461,0,E_Red_R,Practice,Expected,Red,Left,82.805,73.783,15.215,0.867,1218.183,,13.817,0,,-1,-1,,-1
plz,Night,9.344,73.561,0,E_Red_R,Practice,Expected,Red,Left,82.905,73.883,15.089,0.868,1218.803,,14.447,0,,-1,-1,,-1
plz,Night,9.344,73.659,0,E_Red_R,Practice,Expected,Red,Left,83.003,73.98,14.951,0.868,1219.429,,15.12,0,,-1,-1,,-1
plz,Night,9.344,73.757,0,E_Red_R,Practice,Expected,Red,Left,83.101,74.079,14.809,0.868,1220.095,,15.789,0,,-1,-1,,-1
plz,Night,9.344,73.858,0,E_Red_R,Practice,Expected,Red,Left,83.202,74.18,14.66,0.868,1220.807,,16.453,0,,-1,-1,,-1
plz,Night,9.344,73.959,0,E_Red_R,Practice,Expected,Red,Left,83.303,74.28,14.489,0.868,1221.542,,17.094,0,,-1,-1,,-1
plz,Night,9.344,74.057,0,E_Red_R,Practice,Expected,Red,Left,83.401,74.378,14.305,0.868,1222.281,,17.765,0,,-1,-1,,-1
plz,Night,9.344,74.162,0,E_Red_R,Practice,Expected,Red,Left,83.506,74.483,14.103,0.868,1223.11,,18.433,0,,-1,-1,,-1
plz,Night,9.344,74.261,0,E_Red_R,Practice,Expected,Red,Left,83.605,74.582,13.908,0.867,1223.919,,19.101,0,,-1,-1,,-1
plz,Night,9.344,74.357,0,E_Red_R,Practice,Expected,Red,Left,83.701,74.679,13.711,0.867,1224.73,,19.768,0,,-1,-1,,-1
plz,Night,9.344,74.458,0,E_Red_R,Practice,Expected,Red,Left,83.802,74.78,13.494,0.867,1225.614,,20.382,0,,-1,-1,,-1
plz,Night,9.344,74.558,0,E_Red_R,Practice,Expected,Red,Left,83.902,74.879,13.277,0.869,1226.501,,20.893,0,,-1,-1,,-1
plz,Night,9.344,74.664,0,E_Red_R,Practice,Expected,Red,Left,84.008,74.986,13.034,0.87,1227.487,,21.407,0,,-1,-1,,-1
plz,Night,9.344,74.763,0,E_Red_R,Practice,Expected,Red,Left,84.107,75.084,12.802,0.871,1228.415,,21.92,0,,-1,-1,,-1
plz,Night,9.344,74.858,0,E_Red_R,Practice,Expected,Red,Left,84.202,75.18,12.57,0.873,1229.332,,22.432,0,,-1,-1,,-1
plz,Night,9.344,74.957,0,E_Red_R,Practice,Expected,Red,Left,84.301,75.278,12.322,0.874,1230.294,,22.888,0,,-1,-1,,-1
plz,Night,9.344,75.062,0,E_Red_R,Practice,Expected,Red,Left,84.406,75.384,12.043,0.875,1231.352,,23.236,0,,-1,-1,,-1
plz,Night,9.344,75.16,0,E_Red_R,Practice,Expected,Red,Left,84.504,75.481,11.777,0.876,1232.332,,23.584,0,,-1,-1,,-1
plz,Night,9.344,75.257,0,E_Red_R,Practice,Expected,Red,Left,84.601,75.578,11.5,0.877,1233.323,,23.932,0,,-1,-1,,-1
plz,Night,9.344,75.361,0,E_Red_R,Practice,Expected,Red,Left,84.705,75.683,11.19,0.878,1234.415,,24.28,0,,-1,-1,,-1
plz,Night,9.344,75.461,0,E_Red_R,Practice,Expected,Red,Left,84.805,75.782,10.888,0.879,1235.461,,24.623,0,,-1,-1,,-1
plz,Night,9.344,75.57,0,E_Red_R,Practice,Expected,Red,Left,84.914,75.892,10.537,0.88,1236.614,,25.018,0,,-1,-1,,-1
plz,Night,9.344,75.662,0,E_Red_R,Practice,Expected,Red,Left,85.006,75.984,10.221,0.881,1237.608,,25.297,0,,-1,-1,,-1
plz,Night,9.344,84.052,0,E_Red_R,Practice,Expected,Red,Left,93.396,84.373,9.897,0.882,1238.589,,25.477,0,,-1,-1,,-1
plz,Night,9.344,84.075,0,E_Red_R,Practice,Expected,Red,Left,93.419,84.396,9.816,0.882,1238.828,,25.478,0,,-1,-1,,-1
plz,Night,9.344,84.091,0,E_Red_R,Practice,Expected,Red,Left,93.435,84.412,9.755,0.882,1239.008,,25.478,0,,-1,-1,,-1
plz,Night,9.344,84.103,0,E_Red_R,Practice,Expected,Red,Left,93.447,84.424,9.712,0.882,1239.133,,25.478,0,,-1,-1,,-1
plz,Night,9.344,84.125,0,E_Red_R,Practice,Expected,Red,Left,93.469,84.446,9.631,0.882,1239.368,,25.477,0,,-1,-1,,-1
plz,Night,9.344,84.136,0,E_Red_R,Practice,Expected,Red,Left,93.48,84.458,9.587,0.883,1239.495,,25.476,0,,-1,-1,,-1
plz,Night,9.344,84.148,0,E_Red_R,Practice,Expected,Red,Left,93.492,84.469,9.543,0.883,1239.62,,25.474,0,,-1,-1,,-1
plz,Night,9.344,84.159,0,E_Red_R,Practice,Expected,Red,Left,93.502,84.48,9.501,0.883,1239.74,,25.474,0,,-1,-1,,-1
plz,Night,9.344,84.169,0,E_Red_R,Practice,Expected,Red,Left,93.513,84.491,9.461,0.883,1239.852,,25.473,0,,-1,-1,,-1
plz,Night,9.344,84.181,0,E_Red_R,Practice,Expected,Red,Left,93.525,84.503,9.416,0.883,1239.98,,25.472,0,,-1,-1,,-1
plz,Night,9.344,84.193,0,E_Red_R,Practice,Expected,Red,Left,93.537,84.515,9.369,0.883,1240.112,,25.472,0,,-1,-1,,-1
plz,Night,9.344,84.207,0,E_Red_R,Practice,Expected,Red,Left,93.551,84.528,9.319,0.883,1240.253,,25.47,0,,-1,-1,,-1
plz,Night,9.344,84.221,0,E_Red_R,Practice,Expected,Red,Left,93.565,84.543,9.263,0.883,1240.408,,25.469,0,,-1,-1,,-1
plz,Night,9.344,84.236,0,E_Red_R,Practice,Expected,Red,Left,93.58,84.558,9.205,0.884,1240.569,,25.468,0,,-1,-1,,-1
plz,Night,9.344,84.253,0,E_Red_R,Practice,Expected,Red,Left,93.597,84.574,9.144,0.884,1240.74,,25.466,0,,-1,-1,,-1
plz,Night,9.344,84.266,0,E_Red_R,Practice,Expected,Red,Left,93.61,84.587,9.092,0.884,1240.884,,25.465,0,,-1,-1,,-1
plz,Night,9.344,84.29,0,E_Red_R,Practice,Expected,Red,Left,93.634,84.611,8.997,0.884,1241.141,,25.464,0,,-1,-1,,-1
plz,Night,9.344,84.303,0,E_Red_R,Practice,Expected,Red,Left,93.647,84.624,8.946,0.884,1241.28,,25.463,0,,-1,-1,,-1
plz,Night,9.344,84.317,0,E_Red_R,Practice,Expected,Red,Left,93.661,84.638,8.892,0.884,1241.427,,25.462,0,,-1,-1,,-1
plz,Night,9.344,84.327,0,E_Red_R,Practice,Expected,Red,Left,93.671,84.649,8.847,0.885,1241.549,,25.462,0,,-1,-1,,-1
plz,Night,9.344,84.339,0,E_Red_R,Practice,Expected,Red,Left,93.683,84.66,8.804,0.885,1241.664,,25.461,0,,-1,-1,,-1
plz,Night,9.344,84.351,0,E_Red_R,Practice,Expected,Red,Left,93.695,84.673,8.755,0.885,1241.796,,25.46,0,,-1,-1,,-1
plz,Night,9.344,84.361,0,E_Red_R,Practice,Expected,Red,Left,93.705,84.683,8.711,0.885,1241.912,,25.46,0,,-1,-1,,-1
plz,Night,9.344,84.373,0,E_Red_R,Practice,Expected,Red,Left,93.717,84.694,8.669,0.885,1242.026,,25.459,0,,-1,-1,,-1
plz,Night,9.344,84.385,0,E_Red_R,Practice,Expected,Red,Left,93.729,84.706,8.62,0.885,1242.155,,25.458,0,,-1,-1,,-1
plz,Night,9.344,84.396,0,E_Red_R,Practice,Expected,Red,Left,93.739,84.717,8.575,0.885,1242.275,,25.458,0,,-1,-1,,-1
plz,Night,9.344,84.407,0,E_Red_R,Practice,Expected,Red,Left,93.751,84.728,8.532,0.885,1242.387,,25.457,0,,-1,-1,,-1
plz,Night,9.344,84.419,0,E_Red_R,Practice,Expected,Red,Left,93.763,84.74,8.482,0.886,1242.519,,25.456,0,,-1,-1,,-1
plz,Night,9.344,84.44,0,E_Red_R,Practice,Expected,Red,Left,93.784,84.761,8.398,0.886,1242.74,,25.456,0,,-1,-1,,-1
plz,Night,9.344,84.452,0,E_Red_R,Practice,Expected,Red,Left,93.796,84.773,8.35,0.886,1242.867,,25.455,0,,-1,-1,,-1
plz,Night,9.344,84.462,0,E_Red_R,Practice,Expected,Red,Left,93.806,84.784,8.305,0.886,1242.983,,25.455,0,,-1,-1,,-1
plz,Night,9.344,84.474,0,E_Red_R,Practice,Expected,Red,Left,93.818,84.795,8.26,0.886,1243.099,,25.454,0,,-1,-1,,-1
plz,Night,9.344,84.486,0,E_Red_R,Practice,Expected,Red,Left,93.83,84.807,8.21,0.886,1243.229,,25.453,0,,-1,-1,,-1
plz,Night,9.344,84.498,0,E_Red_R,Practice,Expected,Red,Left,93.842,84.819,8.163,0.887,1243.352,,25.453,0,,-1,-1,,-1
plz,Night,9.344,84.508,0,E_Red_R,Practice,Expected,Red,Left,93.852,84.83,8.117,0.887,1243.47,,25.453,0,,-1,-1,,-1
plz,Night,9.344,84.52,0,E_Red_R,Practice,Expected,Red,Left,93.864,84.841,8.072,0.887,1243.586,,25.452,0,,-1,-1,,-1
plz,Night,9.344,84.532,0,E_Red_R,Practice,Expected,Red,Left,93.876,84.853,8.022,0.887,1243.715,,25.452,0,,-1,-1,,-1
plz,Night,9.344,84.545,0,E_Red_R,Practice,Expected,Red,Left,93.888,84.866,7.967,0.887,1243.856,,25.452,0,,-1,-1,,-1
plz,Night,9.344,84.559,0,E_Red_R,Practice,Expected,Red,Left,93.903,84.88,7.911,0.887,1244.001,,25.451,0,,-1,-1,,-1
plz,Night,9.344,84.571,0,E_Red_R,Practice,Expected,Red,Left,93.915,84.893,7.858,0.887,1244.135,,25.451,0,,-1,-1,,-1
plz,Night,9.344,84.594,0,E_Red_R,Practice,Expected,Red,Left,93.938,84.916,7.762,0.888,1244.379,,25.45,0,,-1,-1,,-1
plz,Night,9.344,84.606,0,E_Red_R,Practice,Expected,Red,Left,93.95,84.928,7.713,0.888,1244.505,,25.45,0,,-1,-1,,-1
plz,Night,9.344,84.618,0,E_Red_R,Practice,Expected,Red,Left,93.962,84.94,7.662,0.888,1244.633,,25.449,0,,-1,-1,,-1
plz,Night,9.344,84.629,0,E_Red_R,Practice,Expected,Red,Left,93.973,84.95,7.616,0.888,1244.749,,25.449,0,,-1,-1,,-1
plz,Night,9.344,84.641,0,E_Red_R,Practice,Expected,Red,Left,93.985,84.963,7.568,0.888,1244.872,,25.449,0,,-1,-1,,-1
plz,Night,9.344,84.653,0,E_Red_R,Practice,Expected,Red,Left,93.997,84.974,7.517,0.888,1244.999,,25.448,0,,-1,-1,,-1
plz,Night,9.344,84.664,0,E_Red_R,Practice,Expected,Red,Left,94.008,84.986,7.47,0.889,1245.119,,25.448,0,,-1,-1,,-1
plz,Night,9.344,84.676,0,E_Red_R,Practice,Expected,Red,Left,94.02,84.998,7.417,0.889,1245.251,,25.448,0,,-1,-1,,-1
plz,Night,9.344,84.688,0,E_Red_R,Practice,Expected,Red,Left,94.032,85.009,7.371,0.889,1245.366,,25.448,0,,-1,-1,,-1
plz,Night,9.344,84.699,0,E_Red_R,Practice,Expected,Red,Left,94.043,85.02,7.323,0.889,1245.486,,25.448,0,,-1,-1,,-1
plz,Night,9.344,84.71,0,E_Red_R,Practice,Expected,Red,Left,94.054,85.032,7.274,0.889,1245.609,,25.448,0,,-1,-1,,-1
plz,Night,9.344,84.722,0,E_Red_R,Practice,Expected,Red,Left,94.066,85.043,7.227,0.889,1245.728,,25.447,0,,-1,-1,,-1
plz,Night,9.344,84.844,0,E_Red_R,Practice,Expected,Red,Left,94.188,85.165,6.716,0.891,1246.996,,25.446,0,,-1,-1,,-1
plz,Night,9.344,84.855,0,E_Red_R,Practice,Expected,Red,Left,94.199,85.176,6.661,0.891,1247.13,,25.446,0,,-1,-1,,-1
plz,Night,9.344,84.866,0,E_Red_R,Practice,Expected,Red,Left,94.21,85.187,6.613,0.891,1247.247,,25.446,0,,-1,-1,,-1
plz,Night,9.344,84.879,0,E_Red_R,Practice,Expected,Red,Left,94.223,85.2,6.557,0.891,1247.385,,25.446,0,,-1,-1,,-1
plz,Night,9.344,84.9,0,E_Red_R,Practice,Expected,Red,Left,94.244,85.221,6.47,0.892,1247.599,,25.445,0,,-1,-1,,-1
plz,Night,9.344,84.911,0,E_Red_R,Practice,Expected,Red,Left,94.255,85.233,6.416,0.892,1247.732,,25.445,0,,-1,-1,,-1
plz,Night,9.344,84.923,0,E_Red_R,Practice,Expected,Red,Left,94.267,85.244,6.37,0.892,1247.846,,25.445,0,,-1,-1,,-1
plz,Night,9.344,84.934,0,E_Red_R,Practice,Expected,Red,Left,94.278,85.255,6.321,0.892,1247.964,,25.445,0,,-1,-1,,-1
plz,Night,9.344,84.945,0,E_Red_R,Practice,Expected,Red,Left,94.289,85.266,6.272,0.892,1248.085,,25.445,0,,-1,-1,,-1
plz,Night,9.344,84.956,0,E_Red_R,Practice,Expected,Red,Left,94.3,85.278,6.226,0.892,1248.196,,25.445,0,,-1,-1,,-1
plz,Night,9.344,84.967,0,E_Red_R,Practice,Expected,Red,Left,94.311,85.289,6.179,0.892,1248.313,,25.445,0,,-1,-1,,-1
plz,Night,9.344,84.979,0,E_Red_R,Practice,Expected,Red,Left,94.323,85.3,6.127,0.893,1248.44,,25.445,0,,-1,-1,,-1
plz,Night,9.344,84.99,0,E_Red_R,Practice,Expected,Red,Left,94.334,85.311,6.08,0.893,1248.552,,25.445,0,,-1,-1,,-1
plz,Night,9.344,85.001,0,E_Red_R,Practice,Expected,Red,Left,94.345,85.323,6.032,0.893,1248.67,,25.445,0,,-1,-1,,-1
plz,Night,9.344,85.013,0,E_Red_R,Practice,Expected,Red,Left,94.357,85.334,5.979,0.893,1248.799,,25.445,0,,-1,-1,,-1
plz,Night,9.344,85.024,0,E_Red_R,Practice,Expected,Red,Left,94.368,85.345,5.935,0.893,1248.906,,25.445,0,,-1,-1,,-1
plz,Night,9.344,85.035,0,E_Red_R,Practice,Expected,Red,Left,94.379,85.357,5.886,0.893,1249.026,,25.445,0,,-1,-1,,-1
plz,Night,9.344,85.056,0,E_Red_R,Practice,Expected,Red,Left,94.4,85.377,5.794,0.894,1249.248,,25.445,0,,-1,-1,,-1
plz,Night,9.344,85.067,0,E_Red_R,Practice,Expected,Red,Left,94.411,85.388,5.747,0.894,1249.363,,25.445,0,,-1,-1,,-1
plz,Night,9.344,85.079,0,E_Red_R,Practice,Expected,Red,Left,94.423,85.401,5.691,0.894,1249.498,,25.445,0,,-1,-1,,-1
plz,Night,9.344,85.091,0,E_Red_R,Practice,Expected,Red,Left,94.435,85.412,5.644,0.894,1249.612,,25.445,0,,-1,-1,,-1
plz,Night,9.344,85.104,0,E_Red_R,Practice,Expected,Red,Left,94.447,85.425,5.589,0.894,1249.745,,25.445,0,,-1,-1,,-1
plz,Night,9.344,85.115,0,E_Red_R,Practice,Expected,Red,Left,94.459,85.437,5.54,0.894,1249.863,,25.445,0,,-1,-1,,-1
plz,Night,9.344,85.127,0,E_Red_R,Practice,Expected,Red,Left,94.471,85.448,5.486,0.894,1249.996,,25.445,0,,-1,-1,,-1
plz,Night,9.344,85.139,0,E_Red_R,Practice,Expected,Red,Left,94.483,85.461,5.433,0.895,1250.124,,25.445,0,,-1,-1,,-1
plz,Night,9.344,85.152,0,E_Red_R,Practice,Expected,Red,Left,94.496,85.473,5.38,0.895,1250.251,,25.445,0,,-1,-1,,-1
plz,Night,9.344,85.165,0,E_Red_R,Practice,Expected,Red,Left,94.509,85.487,5.32,0.895,1250.395,,25.445,0,,-1,-1,,-1
plz,Night,9.344,85.181,0,E_Red_R,Practice,Expected,Red,Left,94.525,85.502,5.252,0.895,1250.56,,25.445,0,,-1,-1,,-1
plz,Night,9.344,85.194,0,E_Red_R,Practice,Expected,Red,Left,94.538,85.515,5.193,0.895,1250.701,,25.445,0,,-1,-1,,-1
plz,Night,9.344,85.218,0,E_Red_R,Practice,Expected,Red,Left,94.562,85.539,5.091,0.895,1250.947,,25.445,0,,-1,-1,,-1
plz,Night,9.344,85.231,0,E_Red_R,Practice,Expected,Red,Left,94.575,85.552,5.033,0.896,1251.087,,25.446,0,,-1,-1,,-1
plz,Night,9.344,85.245,0,E_Red_R,Practice,Expected,Red,Left,94.589,85.566,4.972,0.896,1251.234,,25.446,0,,-1,-1,,-1
plz,Night,9.344,85.258,0,E_Red_R,Practice,Expected,Red,Left,94.602,85.579,4.917,0.896,1251.366,,25.446,0,,-1,-1,,-1
plz,Night,9.344,85.272,0,E_Red_R,Practice,Expected,Red,Left,94.616,85.593,4.857,0.896,1251.511,,25.446,0,,-1,-1,,-1
plz,Night,9.344,85.286,0,E_Red_R,Practice,Expected,Red,Left,94.63,85.608,4.792,0.896,1251.666,,25.446,0,,-1,-1,,-1
plz,Night,9.344,85.299,0,E_Red_R,Practice,Expected,Red,Left,94.643,85.621,4.735,0.896,1251.802,,25.446,0,,-1,-1,,-1
plz,Night,9.344,85.315,0,E_Red_R,Practice,Expected,Red,Left,94.659,85.636,4.667,0.897,1251.965,,25.446,0,,-1,-1,,-1
plz,Night,9.344,85.328,0,E_Red_R,Practice,Expected,Red,Left,94.672,85.649,4.609,0.897,1252.105,,25.446,0,,-1,-1,,-1
plz,Night,9.344,85.342,0,E_Red_R,Practice,Expected,Red,Left,94.686,85.664,4.548,0.897,1252.253,,25.446,0,,-1,-1,,-1
plz,Night,9.344,85.354,0,E_Red_R,Practice,Expected,Red,Left,94.698,85.676,4.495,0.897,1252.378,,25.446,0,,-1,-1,,-1
plz,Night,9.344,85.376,0,E_Red_R,Practice,Expected,Red,Left,94.72,85.698,4.398,0.897,1252.611,,25.447,0,,-1,-1,,-1
plz,Night,9.344,85.388,0,E_Red_R,Practice,Expected,Red,Left,94.732,85.709,4.347,0.898,1252.733,,25.447,0,,-1,-1,,-1
plz,Night,9.344,85.399,0,E_Red_R,Practice,Expected,Red,Left,94.743,85.721,4.297,0.898,1252.853,,25.447,0,,-1,-1,,-1
plz,Night,9.344,85.41,0,E_Red_R,Practice,Expected,Red,Left,94.754,85.731,4.248,0.898,1252.969,,25.447,0,,-1,-1,,-1
plz,Night,9.344,85.421,0,E_Red_R,Practice,Expected,Red,Left,94.765,85.743,4.201,0.898,1253.083,,25.447,0,,-1,-1,,-1
plz,Night,9.344,85.468,0,E_Red_R,Practice,Expected,Red,Left,94.812,85.789,3.995,0.899,1253.574,,25.448,0,,-1,-1,,-1
plz,Night,9.344,85.557,0,E_Red_R,Practice,Expected,Red,Left,94.901,85.878,3.605,0.9,1254.504,,25.449,0,,-1,-1,,-1
plz,Night,9.344,85.666,0,E_Red_R,Practice,Expected,Red,Left,95.01,85.987,3.126,0.901,1255.645,,25.45,0,,-1,-1,,-1
plz,Night,9.344,85.771,0,E_Red_R,Practice,Expected,Red,Left,95.115,86.092,2.661,0.902,1256.748,,25.452,0,,-1,-1,,-1
plz,Night,9.344,85.858,0,E_Red_R,Practice,Expected,Red,Left,95.201,86.179,2.278,0.913,1257.658,,25.454,0,,-1,-1,,-1
plz,Night,9.344,85.967,0,E_Red_R,Practice,Expected,Red,Left,95.31,86.288,1.795,0.904,1258.8,,25.456,0,,-1,-1,,-1
plz,Night,9.344,86.061,0,E_Red_R,Practice,Expected,Red,Left,95.405,86.382,1.374,0.905,1259.794,,25.457,0,,-1,-1,,-1
plz,Night,9.344,86.164,0,E_Red_R,Practice,Expected,Red,Left,95.508,86.485,0.92,0.907,1260.866,,25.459,0,,-1,-1,,-1
plz,Night,9.344,86.266,0,E_Red_R,Practice,Expected,Red,Left,95.61,86.587,0.467,0.908,1261.934,,25.463,0,,-1,-1,,-1
