ParticipantID,Block,TrialIndex,TrialType,Expectancy,SignalColor,MergeSide,TimeAbsolute,TimeRelative,X,Y,Z,SpeedMPH
NA,NA,-1,Unknown,Unknown,Unknown,Unknown,0.35,0.35,0.0022,0.8588,-0.0074,0.35
NA,NA,-1,Unknown,Unknown,Unknown,Unknown,0.45,0.45,0.0034,0.8693,-0.0092,0.18
NA,NA,-1,Unknown,Unknown,Unknown,Unknown,0.55,0.55,0.0039,0.8733,-0.0071,0.15
NA,NA,-1,Unknown,Unknown,Unknown,Unknown,0.66,0.66,0.0038,0.8732,0.0085,0.48
NA,NA,-1,Unknown,Unknown,Unknown,Unknown,0.76,0.76,0.0050,0.8713,0.0478,1.04
NA,NA,-1,Unknown,Unknown,Unknown,Unknown,0.86,0.86,0.0085,0.8695,0.1294,1.84
NA,NA,-1,Unknown,Unknown,Unknown,Unknown,0.97,0.97,0.0182,0.8699,0.2284,2.49
NA,NA,-1,Unknown,Unknown,Unknown,Unknown,1.07,1.07,0.0355,0.8700,0.3567,3.15
NA,NA,-1,Unknown,Unknown,Unknown,Unknown,1.17,1.17,0.0591,0.8702,0.5134,3.81
NA,NA,-1,Unknown,Unknown,Unknown,Unknown,1.28,1.28,0.0909,0.8698,0.6993,4.49
NA,NA,-1,Unknown,Unknown,Unknown,Unknown,1.38,1.38,0.1393,0.8701,0.9598,5.27
NA,NA,-1,Unknown,Unknown,Unknown,Unknown,1.49,1.49,0.1901,0.8701,1.2078,5.93
NA,NA,-1,Unknown,Unknown,Unknown,Unknown,1.59,1.59,0.2528,0.8699,1.4839,6.60
NA,NA,-1,Unknown,Unknown,Unknown,Unknown,1.69,1.69,0.3270,0.8701,1.7868,7.25
NA,NA,-1,Unknown,Unknown,Unknown,Unknown,1.80,1.80,0.4164,0.8698,2.1166,7.91
NA,NA,-1,Unknown,Unknown,Unknown,Unknown,1.90,1.90,0.5445,0.8695,2.5461,8.70
NA,NA,-1,Unknown,Unknown,Unknown,Unknown,2.00,2.00,0.6706,0.8696,2.9314,9.34
NA,NA,-1,Unknown,Unknown,Unknown,Unknown,2.10,2.10,0.8182,0.8692,3.3405,10.00
NA,NA,-1,Unknown,Unknown,Unknown,Unknown,2.21,2.21,0.9869,0.8691,3.7718,10.64
NA,NA,-1,Unknown,Unknown,Unknown,Unknown,2.31,2.31,1.1575,0.8681,4.2366,11.28
NA,NA,-1,Unknown,Unknown,Unknown,Unknown,2.41,2.41,1.3177,0.8736,4.7293,11.82
NA,NA,-1,Unknown,Unknown,Unknown,Unknown,2.52,2.52,1.4595,0.8669,5.2483,12.44
NA,NA,-1,Unknown,Unknown,Unknown,Unknown,2.62,2.62,1.5994,0.8683,5.9210,13.08
NA,NA,-1,Unknown,Unknown,Unknown,Unknown,2.73,2.73,1.6873,0.8667,6.5154,13.76
NA,NA,-1,Unknown,Unknown,Unknown,Unknown,2.83,2.83,1.7470,0.8670,7.1412,14.28
NA,NA,-1,Unknown,Unknown,Unknown,Unknown,2.93,2.93,1.7785,0.8683,7.7982,14.96
NA,NA,-1,Unknown,Unknown,Unknown,Unknown,3.03,3.03,1.7828,0.8684,8.4834,15.62
NA,NA,-1,Unknown,Unknown,Unknown,Unknown,3.14,3.14,1.7588,0.8700,9.1940,16.22
NA,NA,-1,Unknown,Unknown,Unknown,Unknown,3.24,3.24,1.7495,0.8671,10.0955,16.95
NA,NA,-1,Unknown,Unknown,Unknown,Unknown,3.35,3.35,1.7496,0.8724,10.8651,17.47
NA,NA,-1,Unknown,Unknown,Unknown,Unknown,3.45,3.45,1.7911,0.8670,11.6536,18.02
NA,NA,-1,Unknown,Unknown,Unknown,Unknown,3.56,3.56,1.8724,0.8667,12.6313,18.63
NA,NA,-1,Unknown,Unknown,Unknown,Unknown,0.35,0.35,0.0022,0.8588,-0.0074,0.35
NA,NA,-1,Unknown,Unknown,Unknown,Unknown,0.46,0.46,0.0036,0.8706,-0.0089,0.15
NA,NA,-1,Unknown,Unknown,Unknown,Unknown,0.57,0.57,0.0039,0.8735,-0.0076,0.08
NA,NA,-1,Unknown,Unknown,Unknown,Unknown,0.68,0.68,0.0036,0.8723,-0.0054,0.10
NA,NA,-1,Unknown,Unknown,Unknown,Unknown,0.78,0.78,0.0029,0.8699,-0.0034,0.10
NA,NA,-1,Unknown,Unknown,Unknown,Unknown,0.88,0.88,0.0020,0.8674,-0.0018,0.06
NA,NA,-1,Unknown,Unknown,Unknown,Unknown,0.98,0.98,0.0014,0.8665,-0.0012,0.03
NA,NA,-1,Unknown,Unknown,Unknown,Unknown,1.08,1.08,0.0009,0.8663,-0.0013,0.02
NA,NA,-1,Unknown,Unknown,Unknown,Unknown,1.19,1.19,0.0006,0.8668,0.0022,0.09
NA,NA,-1,Unknown,Unknown,Unknown,Unknown,1.30,1.30,0.0004,0.8676,0.0155,0.35
NA,NA,-1,Unknown,Unknown,Unknown,Unknown,1.40,1.40,0.0005,0.8693,0.0601,1.02
NA,NA,-1,Unknown,Unknown,Unknown,Unknown,1.50,1.50,0.0011,0.8696,0.1246,1.70
NA,NA,-1,Unknown,Unknown,Unknown,Unknown,1.61,1.61,0.0008,0.8699,0.2183,2.36
NA,NA,-1,Unknown,Unknown,Unknown,Unknown,1.71,1.71,0.0017,0.8698,0.3418,3.03
NA,NA,-1,Unknown,Unknown,Unknown,Unknown,1.82,1.82,0.0009,0.8698,0.4953,3.70
NA,NA,-1,Unknown,Unknown,Unknown,Unknown,1.93,1.93,0.0012,0.8696,0.7193,4.51
NA,NA,-1,Unknown,Unknown,Unknown,Unknown,2.04,2.04,0.0011,0.8700,0.9388,5.19
NA,NA,-1,Unknown,Unknown,Unknown,Unknown,2.14,2.14,0.0011,0.8701,1.1881,5.85
NA,NA,-1,Unknown,Unknown,Unknown,Unknown,2.25,2.25,0.0012,0.8704,1.5270,6.65
NA,NA,-1,Unknown,Unknown,Unknown,Unknown,2.35,2.35,0.0012,0.8699,1.8423,7.32
NA,NA,-1,Unknown,Unknown,Unknown,Unknown,2.45,2.45,0.0011,0.8705,2.1877,8.00
NA,NA,-1,Unknown,Unknown,Unknown,Unknown,2.57,2.57,0.0005,0.8700,2.6415,8.80
NA,NA,-1,Unknown,Unknown,Unknown,Unknown,2.67,2.67,0.0012,0.8704,3.0526,9.47
NA,NA,-1,Unknown,Unknown,Unknown,Unknown,2.78,2.78,0.0010,0.8702,3.5851,10.26
NA,NA,-1,Unknown,Unknown,Unknown,Unknown,2.89,2.89,0.0010,0.8703,4.0622,10.95
NA,NA,-1,Unknown,Unknown,Unknown,Unknown,3.00,3.00,0.0009,0.8726,4.5700,11.62
NA,NA,-1,Unknown,Unknown,Unknown,Unknown,3.10,3.10,0.0009,0.8712,5.2179,12.42
NA,NA,-1,Unknown,Unknown,Unknown,Unknown,3.21,3.21,0.0009,0.8698,5.7904,13.11
NA,NA,-1,Unknown,Unknown,Unknown,Unknown,3.32,3.32,0.0009,0.8716,6.3926,13.68
NA,NA,-1,Unknown,Unknown,Unknown,Unknown,3.43,3.43,0.0010,0.8722,7.1569,14.57
NA,NA,-1,Unknown,Unknown,Unknown,Unknown,3.53,3.53,0.0011,0.8704,7.8249,15.22
NA,NA,-1,Unknown,Unknown,Unknown,Unknown,3.64,3.64,0.0020,0.8700,8.6668,16.04
NA,NA,-1,Unknown,Unknown,Unknown,Unknown,3.75,3.75,0.0006,0.8703,9.4008,16.63
NA,NA,-1,Unknown,Unknown,Unknown,Unknown,3.86,3.86,0.0000,0.8712,10.3222,17.49
NA,NA,-1,Unknown,Unknown,Unknown,Unknown,3.97,3.97,-0.0002,0.8699,11.1215,18.17
NA,NA,-1,Unknown,Unknown,Unknown,Unknown,4.08,4.08,-0.0004,0.8708,11.9500,18.84
NA,NA,-1,Unknown,Unknown,Unknown,Unknown,4.19,4.19,-0.0005,0.8732,12.9863,19.63
NA,NA,-1,Unknown,Unknown,Unknown,Unknown,4.30,4.30,-0.0005,0.8712,13.8809,20.30
NA,NA,-1,Unknown,Unknown,Unknown,Unknown,4.40,4.40,-0.0007,0.8694,14.9948,21.10
NA,NA,-1,Unknown,Unknown,Unknown,Unknown,4.52,4.52,-0.0009,0.8720,15.9547,21.69
NA,NA,-1,Unknown,Unknown,Unknown,Unknown,4.62,4.62,-0.0011,0.8722,16.9455,22.43
NA,NA,-1,Unknown,Unknown,Unknown,Unknown,4.72,4.72,-0.0013,0.8695,17.9660,23.10
NA,NA,-1,Unknown,Unknown,Unknown,Unknown,4.83,4.83,-0.0015,0.8717,19.2284,23.88
NA,NA,-1,Unknown,Unknown,Unknown,Unknown,4.94,4.94,-0.0017,0.8724,20.5342,24.62
NA,NA,-1,Unknown,Unknown,Unknown,Unknown,5.05,5.05,-0.0019,0.8700,21.6578,25.36
NA,NA,-1,Unknown,Unknown,Unknown,Unknown,5.16,5.16,-0.0021,0.8718,22.8067,26.03
NA,NA,-1,Unknown,Unknown,Unknown,Unknown,5.26,5.26,-0.0024,0.8720,24.2262,26.81
NA,NA,-1,Unknown,Unknown,Unknown,Unknown,5.38,5.38,-0.0028,0.8708,25.4455,27.48
NA,NA,-1,Unknown,Unknown,Unknown,Unknown,5.48,5.48,-0.0032,0.8717,26.9425,28.28
NA,NA,-1,Unknown,Unknown,Unknown,Unknown,5.59,5.59,-0.0037,0.8709,28.2233,28.95
NA,NA,-1,Unknown,Unknown,Unknown,Unknown,5.69,5.69,-0.0042,0.8721,29.5373,29.60
NA,NA,-1,Unknown,Unknown,Unknown,Unknown,5.80,5.80,-0.0049,0.8726,31.1485,30.41
NA,NA,-1,Unknown,Unknown,Unknown,Unknown,5.91,5.91,-0.0060,0.8706,32.5246,31.07
NA,NA,-1,Unknown,Unknown,Unknown,Unknown,6.01,6.01,-0.0066,0.8726,33.9310,31.66
NA,NA,-1,Unknown,Unknown,Unknown,Unknown,6.11,6.11,-0.0073,0.8731,35.3670,32.40
NA,NA,-1,Unknown,Unknown,Unknown,Unknown,6.21,6.21,-0.0079,0.8710,36.8323,33.06
NA,NA,-1,Unknown,Unknown,Unknown,Unknown,6.31,6.31,-0.0086,0.8740,38.3266,33.65
NA,NA,-1,Unknown,Unknown,Unknown,Unknown,6.42,6.42,-0.0094,0.8717,39.8533,34.39
NA,NA,-1,Unknown,Unknown,Unknown,Unknown,6.52,6.52,-0.0101,0.8716,41.4059,35.05
NA,NA,-1,Unknown,Unknown,Unknown,Unknown,6.62,6.62,-0.0109,0.8721,42.9907,35.64
NA,NA,-1,Unknown,Unknown,Unknown,Unknown,6.72,6.72,-0.0120,0.8721,44.9319,36.50
NA,NA,-1,Unknown,Unknown,Unknown,Unknown,6.83,6.83,-0.0129,0.8726,46.5788,37.17
NA,NA,-1,Unknown,Unknown,Unknown,Unknown,6.93,6.93,-0.0138,0.8712,48.2580,37.78
NA,NA,-1,Unknown,Unknown,Unknown,Unknown,7.04,7.04,-0.0147,0.8734,49.9607,38.31
NA,NA,-1,Unknown,Unknown,Unknown,Unknown,7.14,7.14,-0.0157,0.8749,51.6810,38.60
NA,NA,-1,Unknown,Unknown,Unknown,Unknown,7.25,7.25,-0.0170,0.8725,53.7538,38.71
NA,NA,-1,Unknown,Unknown,Unknown,Unknown,7.35,7.35,-0.0181,0.8699,55.4815,38.71
NA,NA,-1,Unknown,Unknown,Unknown,Unknown,7.46,7.46,-0.0192,0.8680,57.2097,38.70
NA,NA,-1,Unknown,Unknown,Unknown,Unknown,7.56,7.56,-0.0206,0.8672,59.2842,38.68
NA,NA,-1,Unknown,Unknown,Unknown,Unknown,7.66,7.66,-0.0217,0.8673,61.0130,38.67
NA,NA,-1,Unknown,Unknown,Unknown,Unknown,7.76,7.76,-0.0229,0.8677,62.7417,38.66
NA,NA,-1,Unknown,Unknown,Unknown,Unknown,7.87,7.87,-0.0240,0.8680,64.4699,38.65
NA,NA,-1,Unknown,Unknown,Unknown,Unknown,7.98,7.98,-0.0252,0.8682,66.1976,38.64
NA,NA,-1,Unknown,Unknown,Unknown,Unknown,8.08,8.08,-0.0266,0.8682,68.2703,38.63
NA,NA,-1,Unknown,Unknown,Unknown,Unknown,8.19,8.19,-0.0278,0.8681,69.9971,38.62
NA,NA,-1,Unknown,Unknown,Unknown,Unknown,8.29,8.29,-0.0290,0.8681,71.7235,38.62
NA,NA,-1,Unknown,Unknown,Unknown,Unknown,8.40,8.40,-0.0302,0.8681,73.4495,38.61
NA,NA,-1,Unknown,Unknown,Unknown,Unknown,8.50,8.50,-0.0316,0.8681,75.5202,38.60
NA,NA,-1,Unknown,Unknown,Unknown,Unknown,8.61,8.61,-0.0328,0.8681,77.2454,38.59
NA,NA,-1,Unknown,Unknown,Unknown,Unknown,8.71,8.71,-0.0340,0.8681,78.9702,38.58
NA,NA,-1,Unknown,Unknown,Unknown,Unknown,8.81,8.81,-0.0351,0.8681,80.6946,38.57
NA,NA,-1,Unknown,Unknown,Unknown,Unknown,8.92,8.92,-0.0363,0.8681,82.4186,38.56
NA,NA,-1,Unknown,Unknown,Unknown,Unknown,9.02,9.02,-0.0377,0.8681,84.4869,38.55
NA,NA,-1,Unknown,Unknown,Unknown,Unknown,9.12,9.12,-0.0389,0.8681,86.2103,38.55
NA,NA,-1,Unknown,Unknown,Unknown,Unknown,9.23,9.23,-0.0401,0.8682,87.9379,38.69
NA,NA,-1,Unknown,Unknown,Unknown,Unknown,9.34,9.34,-0.0413,0.8688,89.6786,39.01
NA,NA,-1,Unknown,Unknown,Unknown,Unknown,9.44,9.44,-0.0427,0.8704,91.7966,39.67
NA,NA,-1,Unknown,Unknown,Unknown,Unknown,9.55,9.55,-0.0440,0.8738,93.5847,40.32
NA,NA,-1,Unknown,Unknown,Unknown,Unknown,9.65,9.65,-0.0451,0.8695,95.4056,40.98
NA,NA,-1,Unknown,Unknown,Unknown,Unknown,9.76,9.76,-0.0464,0.8756,97.2546,41.65
NA,NA,-1,Unknown,Unknown,Unknown,Unknown,9.86,9.86,-0.0475,0.8713,99.1344,42.31
NA,NA,-1,Unknown,Unknown,Unknown,Unknown,9.96,9.96,-0.0491,0.8755,101.4275,43.10
NA,NA,-1,Unknown,Unknown,Unknown,Unknown,10.07,10.07,-0.0506,0.8696,103.3726,43.77
NA,NA,-1,Unknown,Unknown,Unknown,Unknown,10.17,10.17,-0.0522,0.8744,105.3429,44.39
NA,NA,-1,Unknown,Unknown,Unknown,Unknown,10.27,10.27,-0.0539,0.8717,107.3497,45.09
NA,NA,-1,Unknown,Unknown,Unknown,Unknown,10.37,10.37,-0.0546,0.8673,109.3792,45.75
NA,NA,-1,Unknown,Unknown,Unknown,Unknown,10.47,10.47,-0.0586,0.8715,111.4437,46.41
NA,NA,-1,Unknown,Unknown,Unknown,Unknown,10.58,10.58,-0.0588,0.8698,113.5329,47.04
NA,NA,-1,Unknown,Unknown,Unknown,Unknown,10.68,10.68,-0.0589,0.8726,116.0815,47.84
NA,NA,-1,Unknown,Unknown,Unknown,Unknown,10.79,10.79,-0.0590,0.8714,118.2390,48.46
NA,NA,-1,Unknown,Unknown,Unknown,Unknown,10.89,10.89,-0.0588,0.8754,120.4235,49.17
NA,NA,-1,Unknown,Unknown,Unknown,Unknown,11.00,11.00,-0.0580,0.8727,122.6387,49.83
NA,NA,-1,Unknown,Unknown,Unknown,Unknown,11.10,11.10,-0.0574,0.8732,124.8823,50.45
NA,NA,-1,Unknown,Unknown,Unknown,Unknown,11.20,11.20,-0.0567,0.8738,127.1582,51.15
NA,NA,-1,Unknown,Unknown,Unknown,Unknown,11.30,11.30,-0.0559,0.8739,129.9247,51.94
NA,NA,-1,Unknown,Unknown,Unknown,Unknown,11.40,11.40,-0.0554,0.8745,132.2630,52.55
NA,NA,-1,Unknown,Unknown,Unknown,Unknown,11.51,11.51,-0.0547,0.8731,134.6324,53.22
NA,NA,-1,Unknown,Unknown,Unknown,Unknown,11.61,11.61,-0.0546,0.8754,137.0282,53.84
NA,NA,-1,Unknown,Unknown,Unknown,Unknown,11.71,11.71,-0.0546,0.8702,139.4586,54.58
NA,NA,-1,Unknown,Unknown,Unknown,Unknown,11.82,11.82,-0.0547,0.8754,142.4053,55.34
NA,NA,-1,Unknown,Unknown,Unknown,Unknown,11.92,11.92,-0.0550,0.8702,144.8994,55.98
NA,NA,-1,Unknown,Unknown,Unknown,Unknown,12.03,12.03,-0.0554,0.8765,147.4187,56.67
NA,NA,-1,Unknown,Unknown,Unknown,Unknown,12.13,12.13,-0.0558,0.8728,149.9697,57.32
NA,NA,-1,Unknown,Unknown,Unknown,Unknown,12.23,12.23,-0.0563,0.8726,152.5474,57.97
NA,NA,-1,Unknown,Unknown,Unknown,Unknown,12.34,12.34,-0.0568,0.8753,155.1585,58.64
NA,NA,-1,Unknown,Unknown,Unknown,Unknown,12.45,12.45,-0.0574,0.8735,158.3280,59.43
NA,NA,-1,Unknown,Unknown,Unknown,Unknown,12.58,12.58,-0.0580,0.8749,162.0771,60.32
NA,NA,-1,Unknown,Unknown,Unknown,Unknown,12.69,12.69,-0.0580,0.8681,164.7909,60.87
NA,NA,-1,Unknown,Unknown,Unknown,Unknown,12.79,12.79,-0.0581,0.8744,167.5193,61.28
NA,NA,-1,Unknown,Unknown,Unknown,Unknown,12.89,12.89,-0.0580,0.8742,170.2641,61.47
NA,NA,-1,Unknown,Unknown,Unknown,Unknown,13.00,13.00,-0.0578,0.8718,173.0122,61.51
NA,NA,-1,Unknown,Unknown,Unknown,Unknown,13.10,13.10,-0.0575,0.8690,176.3103,61.52
NA,NA,-1,Unknown,Unknown,Unknown,Unknown,13.21,13.21,-0.0571,0.8676,179.0589,61.51
NA,NA,-1,Unknown,Unknown,Unknown,Unknown,13.31,13.31,-0.0567,0.8673,181.8075,61.49
NA,NA,-1,Unknown,Unknown,Unknown,Unknown,13.42,13.42,-0.0562,0.8674,184.5558,61.47
NA,NA,-1,Unknown,Unknown,Unknown,Unknown,13.53,13.53,-0.0555,0.8678,187.8547,61.52
NA,NA,-1,Unknown,Unknown,Unknown,Unknown,13.63,13.63,-0.0548,0.8684,190.6116,61.72
NA,NA,-1,Unknown,Unknown,Unknown,Unknown,13.73,13.73,-0.0541,0.8694,193.3844,62.11
NA,NA,-1,Unknown,Unknown,Unknown,Unknown,13.84,13.84,-0.0533,0.8707,196.1808,62.68
NA,NA,-1,Unknown,Unknown,Unknown,Unknown,13.94,13.94,-0.0524,0.8768,199.5619,63.43
NA,NA,-1,Unknown,Unknown,Unknown,Unknown,14.05,14.05,-0.0515,0.8707,202.4164,64.09
NA,NA,-1,Unknown,Unknown,Unknown,Unknown,14.16,14.16,-0.0505,0.8776,205.8739,64.82
NA,NA,-1,Unknown,Unknown,Unknown,Unknown,14.27,14.27,-0.0495,0.8742,208.7947,65.53
NA,NA,-1,Unknown,Unknown,Unknown,Unknown,14.38,14.38,-0.0487,0.8745,211.7383,66.18
NA,NA,-1,Unknown,Unknown,Unknown,Unknown,14.49,14.49,-0.0476,0.8754,215.3121,66.93
NA,NA,-1,Unknown,Unknown,Unknown,Unknown,14.59,14.59,-0.0493,0.8708,218.3241,67.58
NA,NA,-1,Unknown,Unknown,Unknown,Unknown,14.70,14.70,-0.0465,0.8696,221.3608,68.23
NA,NA,-1,Unknown,Unknown,Unknown,Unknown,14.80,14.80,-0.0445,0.8732,224.4236,68.65
NA,NA,-1,Unknown,Unknown,Unknown,Unknown,14.90,14.90,-0.0457,0.8728,228.1089,68.73
NA,NA,-1,Unknown,Unknown,Unknown,Unknown,15.01,15.01,-0.0466,0.8704,231.1708,68.50
NA,NA,-1,Unknown,Unknown,Unknown,Unknown,15.12,15.12,-0.0473,0.8674,234.2147,68.04
NA,NA,-1,Unknown,Unknown,Unknown,Unknown,15.22,15.22,-0.0480,0.8602,237.8385,67.41
NA,NA,-1,Unknown,Unknown,Unknown,Unknown,15.33,15.33,-0.0486,0.8580,240.8285,66.60
NA,NA,-1,Unknown,Unknown,Unknown,Unknown,15.43,15.43,-0.0490,0.8592,243.7876,65.97
NA,NA,-1,Unknown,Unknown,Unknown,Unknown,15.54,15.54,-0.0494,0.8585,246.7188,65.25
NA,NA,-1,Unknown,Unknown,Unknown,Unknown,15.64,15.64,-0.0498,0.8589,249.6175,64.58
NA,NA,-1,Unknown,Unknown,Unknown,Unknown,15.74,15.74,-0.0506,0.8586,253.0574,63.80
NA,NA,-1,Unknown,Unknown,Unknown,Unknown,15.85,15.85,-0.0513,0.8598,255.8950,63.31
NA,NA,-1,Unknown,Unknown,Unknown,Unknown,15.96,15.96,-0.0520,0.8593,258.7177,63.04
NA,NA,-1,Unknown,Unknown,Unknown,Unknown,16.06,16.06,-0.0529,0.8569,262.0947,62.82
NA,NA,-1,Unknown,Unknown,Unknown,Unknown,16.17,16.17,-0.0536,0.8566,264.8963,62.52
NA,NA,-1,Unknown,Unknown,Unknown,Unknown,16.27,16.27,-0.0543,0.8586,267.6783,62.05
NA,NA,-1,Unknown,Unknown,Unknown,Unknown,16.38,16.38,-0.0550,0.8593,270.4363,61.47
NA,NA,-1,Unknown,Unknown,Unknown,Unknown,16.48,16.48,-0.0556,0.8587,273.1668,60.82
NA,NA,-1,Unknown,Unknown,Unknown,Unknown,16.58,16.58,-0.0564,0.8601,276.4076,60.19
NA,NA,-1,Unknown,Unknown,Unknown,Unknown,16.69,16.69,-0.0569,0.8566,279.0922,59.88
NA,NA,-1,Unknown,Unknown,Unknown,Unknown,16.79,16.79,-0.0573,0.8550,281.7664,59.75
NA,NA,-1,Unknown,Unknown,Unknown,Unknown,16.90,16.90,-0.0576,0.8530,284.4395,59.80
NA,NA,-1,Unknown,Unknown,Unknown,Unknown,17.00,17.00,-0.0571,0.8540,287.1219,60.02
NA,NA,-1,Unknown,Unknown,Unknown,Unknown,17.10,17.10,-0.0568,0.8637,290.3575,60.29
NA,NA,-1,Unknown,Unknown,Unknown,Unknown,17.20,17.20,-0.0562,0.8697,293.0571,60.38
NA,NA,-1,Unknown,Unknown,Unknown,Unknown,17.31,17.31,-0.0551,0.8717,295.7559,60.41
NA,NA,-1,Unknown,Unknown,Unknown,Unknown,17.42,17.42,-0.0538,0.8709,298.4544,60.41
NA,NA,-1,Unknown,Unknown,Unknown,Unknown,17.53,17.53,-0.0519,0.8690,301.6929,60.39
NA,NA,-1,Unknown,Unknown,Unknown,Unknown,17.63,17.63,-0.0501,0.8679,304.3917,60.37
NA,NA,-1,Unknown,Unknown,Unknown,Unknown,17.74,17.74,-0.0482,0.8675,307.0902,60.36
NA,NA,-1,Unknown,Unknown,Unknown,Unknown,17.84,17.84,-0.0457,0.8676,310.3277,60.34
NA,NA,-1,Unknown,Unknown,Unknown,Unknown,17.95,17.95,-0.0437,0.8679,313.0249,60.33
NA,NA,-1,Unknown,Unknown,Unknown,Unknown,18.05,18.05,-0.0415,0.8680,315.7215,60.31
NA,NA,-1,Unknown,Unknown,Unknown,Unknown,18.16,18.16,-0.0394,0.8681,318.4175,60.30
NA,NA,-1,Unknown,Unknown,Unknown,Unknown,18.27,18.27,-0.0368,0.8681,321.6518,60.29
NA,NA,-1,Unknown,Unknown,Unknown,Unknown,18.37,18.37,-0.0347,0.8681,324.3464,60.27
NA,NA,-1,Unknown,Unknown,Unknown,Unknown,18.48,18.48,-0.0325,0.8680,327.0404,60.26
NA,NA,-1,Unknown,Unknown,Unknown,Unknown,18.58,18.58,-0.0300,0.8680,330.2724,60.24
NA,NA,-1,Unknown,Unknown,Unknown,Unknown,18.69,18.69,-0.0278,0.8680,332.9651,60.23
NA,NA,-1,Unknown,Unknown,Unknown,Unknown,18.80,18.80,-0.0257,0.8680,335.6572,60.21
NA,NA,-1,Unknown,Unknown,Unknown,Unknown,18.90,18.90,-0.0232,0.8680,338.8868,60.20
NA,NA,-1,Unknown,Unknown,Unknown,Unknown,19.00,19.00,-0.0211,0.8680,341.5776,60.18
NA,NA,-1,Unknown,Unknown,Unknown,Unknown,19.11,19.11,-0.0191,0.8680,344.2677,60.17
NA,NA,-1,Unknown,Unknown,Unknown,Unknown,19.22,19.22,-0.0170,0.8680,346.9572,60.16
NA,NA,-1,Unknown,Unknown,Unknown,Unknown,19.32,19.32,-0.0149,0.8680,349.6462,60.14
NA,NA,-1,Unknown,Unknown,Unknown,Unknown,19.43,19.43,-0.0124,0.8680,352.8721,60.13
NA,NA,-1,Unknown,Unknown,Unknown,Unknown,19.53,19.53,-0.0104,0.8680,355.5597,60.11
NA,NA,-1,Unknown,Unknown,Unknown,Unknown,19.63,19.63,-0.0083,0.8680,358.2467,60.10
NA,NA,-1,Unknown,Unknown,Unknown,Unknown,19.74,19.74,-0.0058,0.8680,361.4703,60.08
NA,NA,-1,Unknown,Unknown,Unknown,Unknown,19.84,19.84,-0.0038,0.8680,364.1559,60.07
NA,NA,-1,Unknown,Unknown,Unknown,Unknown,19.95,19.95,-0.0017,0.8680,366.8410,60.06
NA,NA,-1,Unknown,Unknown,Unknown,Unknown,20.05,20.05,0.0003,0.8680,369.5255,60.04
NA,NA,-1,Unknown,Unknown,Unknown,Unknown,20.16,20.16,0.0028,0.8680,372.7460,60.03
NA,NA,-1,Unknown,Unknown,Unknown,Unknown,20.27,20.27,0.0048,0.8680,375.4291,60.01
NA,NA,-1,Unknown,Unknown,Unknown,Unknown,20.38,20.38,0.0069,0.8680,378.1117,60.00
NA,NA,-1,Unknown,Unknown,Unknown,Unknown,20.49,20.49,0.0094,0.8680,381.3299,59.98
NA,NA,-1,Unknown,Unknown,Unknown,Unknown,20.59,20.59,0.0114,0.8680,384.0111,59.97
NA,NA,-1,Unknown,Unknown,Unknown,Unknown,20.70,20.70,0.0135,0.8680,386.6917,59.96
NA,NA,-1,Unknown,Unknown,Unknown,Unknown,20.80,20.80,0.0155,0.8680,389.3717,59.94
NA,NA,-1,Unknown,Unknown,Unknown,Unknown,20.90,20.90,0.0180,0.8680,392.5869,59.93
NA,NA,-1,Unknown,Unknown,Unknown,Unknown,21.01,21.01,0.0200,0.8680,395.2656,59.91
NA,NA,-1,Unknown,Unknown,Unknown,Unknown,21.11,21.11,0.0221,0.8680,397.9436,59.90
NA,NA,-1,Unknown,Unknown,Unknown,Unknown,21.22,21.22,0.0242,0.8680,400.6211,59.89
NA,NA,-1,Unknown,Unknown,Unknown,Unknown,21.32,21.32,0.0266,0.8680,403.8333,59.87
NA,NA,-1,Unknown,Unknown,Unknown,Unknown,21.43,21.43,0.0287,0.8680,406.5094,59.86
NA,NA,-1,Unknown,Unknown,Unknown,Unknown,21.54,21.54,0.0308,0.8680,409.1850,59.84
NA,NA,-1,Unknown,Unknown,Unknown,Unknown,21.64,21.64,0.0328,0.8680,411.8599,59.83
NA,NA,-1,Unknown,Unknown,Unknown,Unknown,21.74,21.74,0.0353,0.8680,415.0691,59.82
NA,NA,-1,Unknown,Unknown,Unknown,Unknown,21.85,21.85,0.0374,0.8680,417.7427,59.80
NA,NA,-1,Unknown,Unknown,Unknown,Unknown,21.96,21.96,0.0394,0.8680,420.4157,59.79
NA,NA,-1,Unknown,Unknown,Unknown,Unknown,22.06,22.06,0.0419,0.8680,423.6225,59.77
NA,NA,-1,Unknown,Unknown,Unknown,Unknown,22.16,22.16,0.0440,0.8680,426.2942,59.76
NA,NA,-1,Unknown,Unknown,Unknown,Unknown,22.27,22.27,0.0461,0.8680,428.9653,59.75
NA,NA,-1,Unknown,Unknown,Unknown,Unknown,22.38,22.38,0.0481,0.8680,431.6358,59.73
NA,NA,-1,Unknown,Unknown,Unknown,Unknown,22.48,22.48,0.0506,0.8680,434.8396,59.72
NA,NA,-1,Unknown,Unknown,Unknown,Unknown,22.59,22.59,0.0527,0.8680,437.5088,59.70
NA,NA,-1,Unknown,Unknown,Unknown,Unknown,22.69,22.69,0.0548,0.8680,440.1773,59.69
NA,NA,-1,Unknown,Unknown,Unknown,Unknown,22.80,22.80,0.0568,0.8680,442.8453,59.68
NA,NA,-1,Unknown,Unknown,Unknown,Unknown,22.90,22.90,0.0593,0.8680,446.0461,59.66
NA,NA,-1,Unknown,Unknown,Unknown,Unknown,23.01,23.01,0.0614,0.8680,448.7127,59.65
NA,NA,-1,Unknown,Unknown,Unknown,Unknown,23.11,23.11,0.0635,0.8680,451.3788,59.63
NA,NA,-1,Unknown,Unknown,Unknown,Unknown,23.22,23.22,0.0656,0.8680,454.0443,59.62
NA,NA,-1,Unknown,Unknown,Unknown,Unknown,23.32,23.32,0.0681,0.8680,457.2420,59.60
NA,NA,-1,Unknown,Unknown,Unknown,Unknown,23.43,23.43,0.0702,0.8680,459.9061,59.59
NA,NA,-1,Unknown,Unknown,Unknown,Unknown,23.53,23.53,0.0722,0.8680,462.5697,59.58
NA,NA,-1,Unknown,Unknown,Unknown,Unknown,23.64,23.64,0.0743,0.8680,465.2326,59.56
NA,NA,-1,Unknown,Unknown,Unknown,Unknown,23.74,23.74,0.0768,0.8680,468.4273,59.55
NA,NA,-1,Unknown,Unknown,Unknown,Unknown,23.84,23.84,0.0789,0.8680,471.0890,59.53
NA,NA,-1,Unknown,Unknown,Unknown,Unknown,23.95,23.95,0.0810,0.8680,473.7500,59.52
NA,NA,-1,Unknown,Unknown,Unknown,Unknown,24.05,24.05,0.0831,0.8680,476.4104,59.51
NA,NA,-1,Unknown,Unknown,Unknown,Unknown,24.16,24.16,0.0856,0.8680,479.6021,59.49
NA,NA,-1,Unknown,Unknown,Unknown,Unknown,24.27,24.27,0.0877,0.8680,482.2613,59.48
NA,NA,-1,Unknown,Unknown,Unknown,Unknown,24.38,24.38,0.0902,0.8680,485.4514,59.46
NA,NA,-1,Unknown,Unknown,Unknown,Unknown,24.48,24.48,0.0923,0.8680,488.1092,59.45
NA,NA,-1,Unknown,Unknown,Unknown,Unknown,24.58,24.58,0.0944,0.8680,490.7664,59.43
NA,NA,-1,Unknown,Unknown,Unknown,Unknown,24.69,24.69,0.0965,0.8680,493.4230,59.42
NA,NA,-1,Unknown,Unknown,Unknown,Unknown,24.79,24.79,0.0986,0.8680,496.0790,59.41
NA,NA,-1,Unknown,Unknown,Unknown,Unknown,24.90,24.90,0.1007,0.8680,498.7344,59.39
NA,NA,-1,Unknown,Unknown,Unknown,Unknown,25.00,25.00,0.1032,0.8680,501.9201,59.38
NA,NA,-1,Unknown,Unknown,Unknown,Unknown,25.11,25.11,0.1053,0.8680,504.5742,59.37
NA,NA,-1,Unknown,Unknown,Unknown,Unknown,25.22,25.22,0.1074,0.8680,507.2277,59.35
NA,NA,-1,Unknown,Unknown,Unknown,Unknown,25.32,25.32,0.1099,0.8680,510.4111,59.34
NA,NA,-1,Unknown,Unknown,Unknown,Unknown,25.43,25.43,0.1120,0.8680,513.0633,59.32
NA,NA,-1,Unknown,Unknown,Unknown,Unknown,25.54,25.54,0.1142,0.8680,515.7149,59.31
NA,NA,-1,Unknown,Unknown,Unknown,Unknown,25.64,25.64,0.1167,0.8680,518.8961,59.29
NA,NA,-1,Unknown,Unknown,Unknown,Unknown,25.74,25.74,0.1188,0.8680,521.5463,59.28
NA,NA,-1,Unknown,Unknown,Unknown,Unknown,25.85,25.85,0.1209,0.8680,524.1960,59.27
NA,NA,-1,Unknown,Unknown,Unknown,Unknown,25.96,25.96,0.1230,0.8680,526.8451,59.25
NA,NA,-1,Unknown,Unknown,Unknown,Unknown,26.06,26.06,0.1251,0.8680,529.4936,59.24
NA,NA,-1,Unknown,Unknown,Unknown,Unknown,26.17,26.17,0.1277,0.8680,532.6710,59.22
NA,NA,-1,Unknown,Unknown,Unknown,Unknown,26.27,26.27,0.1298,0.8680,535.3182,59.21
NA,NA,-1,Unknown,Unknown,Unknown,Unknown,26.37,26.37,0.1319,0.8680,537.9648,59.20
NA,NA,-1,Unknown,Unknown,Unknown,Unknown,26.48,26.48,0.1340,0.8680,540.6108,59.18
NA,NA,-1,Unknown,Unknown,Unknown,Unknown,26.58,26.58,0.1365,0.8680,543.7852,59.17
NA,NA,-1,Unknown,Unknown,Unknown,Unknown,26.68,26.68,0.1386,0.8680,546.4298,59.15
NA,NA,-1,Unknown,Unknown,Unknown,Unknown,26.78,26.78,0.1408,0.8680,549.0739,59.14
NA,NA,-1,Unknown,Unknown,Unknown,Unknown,26.89,26.89,0.1429,0.8681,551.7181,59.16
NA,NA,-1,Unknown,Unknown,Unknown,Unknown,26.99,26.99,0.1450,0.8683,554.3682,59.33
NA,NA,-1,Unknown,Unknown,Unknown,Unknown,27.09,27.09,0.1472,0.8690,557.0327,59.68
NA,NA,-1,Unknown,Unknown,Unknown,Unknown,27.20,27.20,0.1493,0.8703,559.7184,60.19
NA,NA,-1,Unknown,Unknown,Unknown,Unknown,27.30,27.30,0.1514,0.8743,562.4163,60.60
NA,NA,-1,Unknown,Unknown,Unknown,Unknown,27.40,27.40,0.1541,0.8739,565.6769,60.91
NA,NA,-1,Unknown,Unknown,Unknown,Unknown,27.50,27.50,0.1563,0.8714,568.4008,60.97
NA,NA,-1,Unknown,Unknown,Unknown,Unknown,27.61,27.61,0.1585,0.8691,571.1252,60.98
NA,NA,-1,Unknown,Unknown,Unknown,Unknown,27.71,27.71,0.1606,0.8678,573.8496,60.97
NA,NA,-1,Unknown,Unknown,Unknown,Unknown,27.82,27.82,0.1627,0.8673,576.5741,60.96
NA,NA,-1,Unknown,Unknown,Unknown,Unknown,27.92,27.92,0.1648,0.8674,579.2985,60.94
NA,NA,-1,Unknown,Unknown,Unknown,Unknown,28.02,28.02,0.1669,0.8677,582.0223,60.93
NA,NA,-1,Unknown,Unknown,Unknown,Unknown,28.12,28.12,0.1694,0.8680,585.2902,60.91
NA,NA,-1,Unknown,Unknown,Unknown,Unknown,28.22,28.22,0.1714,0.8681,588.0128,60.89
NA,NA,-1,Unknown,Unknown,Unknown,Unknown,28.33,28.33,0.1735,0.8681,590.7347,60.88
NA,NA,-1,Unknown,Unknown,Unknown,Unknown,28.44,28.44,0.1755,0.8681,593.4559,60.87
NA,NA,-1,Unknown,Unknown,Unknown,Unknown,28.54,28.54,0.1779,0.8681,596.7206,60.85
NA,NA,-1,Unknown,Unknown,Unknown,Unknown,28.64,28.64,0.1799,0.8680,599.4406,60.84
NA,NA,-1,Unknown,Unknown,Unknown,Unknown,28.75,28.75,0.1819,0.8680,602.1599,60.82
NA,NA,-1,Unknown,Unknown,Unknown,Unknown,28.85,28.85,0.1839,0.8680,604.8785,60.81
NA,NA,-1,Unknown,Unknown,Unknown,Unknown,28.95,28.95,0.1859,0.8680,607.5966,60.80
NA,NA,-1,Unknown,Unknown,Unknown,Unknown,29.05,29.05,0.1879,0.8680,610.3141,60.78
NA,NA,-1,Unknown,Unknown,Unknown,Unknown,29.16,29.16,0.1899,0.8680,613.0309,60.77
NA,NA,-1,Unknown,Unknown,Unknown,Unknown,29.26,29.26,0.1919,0.8680,615.7472,60.76
NA,NA,-1,Unknown,Unknown,Unknown,Unknown,29.36,29.36,0.1939,0.8680,618.4628,60.74
NA,NA,-1,Unknown,Unknown,Unknown,Unknown,29.46,29.46,0.1963,0.8680,621.7208,60.73
NA,NA,-1,Unknown,Unknown,Unknown,Unknown,29.57,29.57,0.1983,0.8680,624.4351,60.71
NA,NA,-1,Unknown,Unknown,Unknown,Unknown,29.67,29.67,0.2002,0.8680,627.1487,60.70
NA,NA,-1,Unknown,Unknown,Unknown,Unknown,29.78,29.78,0.2022,0.8680,629.8618,60.68
NA,NA,-1,Unknown,Unknown,Unknown,Unknown,29.88,29.88,0.2042,0.8680,632.5743,60.67
NA,NA,-1,Unknown,Unknown,Unknown,Unknown,29.98,29.98,0.2066,0.8680,635.8284,60.65
NA,NA,-1,Unknown,Unknown,Unknown,Unknown,30.09,30.09,0.2086,0.8680,638.5396,60.64
NA,NA,-1,Unknown,Unknown,Unknown,Unknown,30.19,30.19,0.2106,0.8680,641.2501,60.63
NA,NA,-1,Unknown,Unknown,Unknown,Unknown,30.30,30.30,0.2126,0.8680,643.9600,60.61
NA,NA,-1,Unknown,Unknown,Unknown,Unknown,30.40,30.40,0.2149,0.8680,647.2111,60.60
NA,NA,-1,Unknown,Unknown,Unknown,Unknown,30.50,30.50,0.2169,0.8680,649.9196,60.58
NA,NA,-1,Unknown,Unknown,Unknown,Unknown,30.61,30.61,0.2189,0.8680,652.6276,60.57
NA,NA,-1,Unknown,Unknown,Unknown,Unknown,30.71,30.71,0.2209,0.8680,655.3349,60.56
NA,NA,-1,Unknown,Unknown,Unknown,Unknown,30.82,30.82,0.2229,0.8680,658.0416,60.54
NA,NA,-1,Unknown,Unknown,Unknown,Unknown,30.92,30.92,0.2253,0.8680,661.2889,60.53
NA,NA,-1,Unknown,Unknown,Unknown,Unknown,31.02,31.02,0.2273,0.8680,663.9943,60.51
NA,NA,-1,Unknown,Unknown,Unknown,Unknown,31.13,31.13,0.2293,0.8680,666.6990,60.50
NA,NA,-1,Unknown,Unknown,Unknown,Unknown,31.23,31.23,0.2313,0.8680,669.4032,60.49
NA,NA,-1,Unknown,Unknown,Unknown,Unknown,31.33,31.33,0.2333,0.8680,672.1068,60.47
NA,NA,-1,Unknown,Unknown,Unknown,Unknown,31.44,31.44,0.2353,0.8680,674.8098,60.46
NA,NA,-1,Unknown,Unknown,Unknown,Unknown,31.55,31.55,0.2377,0.8680,678.0526,60.44
NA,NA,-1,Unknown,Unknown,Unknown,Unknown,31.65,31.65,0.2397,0.8680,680.7543,60.43
NA,NA,-1,Unknown,Unknown,Unknown,Unknown,31.76,31.76,0.2421,0.8680,683.9955,60.41
NA,NA,-1,Unknown,Unknown,Unknown,Unknown,31.87,31.87,0.2441,0.8680,686.6958,60.40
NA,NA,-1,Unknown,Unknown,Unknown,Unknown,31.97,31.97,0.2461,0.8680,689.3955,60.39
NA,NA,-1,Unknown,Unknown,Unknown,Unknown,32.07,32.07,0.2481,0.8680,692.0946,60.37
NA,NA,-1,Unknown,Unknown,Unknown,Unknown,32.18,32.18,0.2501,0.8680,694.7931,60.36
NA,NA,-1,Unknown,Unknown,Unknown,Unknown,32.29,32.29,0.2525,0.8680,698.0305,60.34
NA,NA,-1,Unknown,Unknown,Unknown,Unknown,32.39,32.39,0.2546,0.8680,700.7276,60.33
NA,NA,-1,Unknown,Unknown,Unknown,Unknown,32.50,32.50,0.2566,0.8680,703.4241,60.31
NA,NA,-1,Unknown,Unknown,Unknown,Unknown,32.61,32.61,0.2590,0.8680,706.6592,60.30
NA,NA,-1,Unknown,Unknown,Unknown,Unknown,32.71,32.71,0.2610,0.8680,709.3544,60.28
NA,NA,-1,Unknown,Unknown,Unknown,Unknown,32.82,32.82,0.2630,0.8680,712.0490,60.27
NA,NA,-1,Unknown,Unknown,Unknown,Unknown,32.92,32.92,0.2650,0.8680,714.7429,60.26
NA,NA,-1,Unknown,Unknown,Unknown,Unknown,33.03,33.03,0.2674,0.8680,717.9750,60.24
NA,NA,-1,Unknown,Unknown,Unknown,Unknown,33.13,33.13,0.2695,0.8680,720.6680,60.25
NA,NA,-1,Unknown,Unknown,Unknown,Unknown,33.24,33.24,0.2715,0.8682,723.3637,60.31
NA,NA,-1,Unknown,Unknown,Unknown,Unknown,33.34,33.34,0.2739,0.8684,726.5997,60.32
NA,NA,-1,Unknown,Unknown,Unknown,Unknown,33.45,33.45,0.2759,0.8684,729.2957,60.31
NA,NA,-1,Unknown,Unknown,Unknown,Unknown,33.56,33.56,0.2780,0.8682,731.9912,60.30
NA,NA,-1,Unknown,Unknown,Unknown,Unknown,33.67,33.67,0.2804,0.8681,735.2253,60.29
NA,NA,-1,Unknown,Unknown,Unknown,Unknown,33.77,33.77,0.2824,0.8680,737.9199,60.27
NA,NA,-1,Unknown,Unknown,Unknown,Unknown,33.88,33.88,0.2845,0.8680,740.6138,60.26
NA,NA,-1,Unknown,Unknown,Unknown,Unknown,33.98,33.98,0.2865,0.8680,743.3072,60.24
NA,NA,-1,Unknown,Unknown,Unknown,Unknown,34.09,34.09,0.2889,0.8680,746.5385,60.23
NA,NA,-1,Unknown,Unknown,Unknown,Unknown,34.19,34.19,0.2909,0.8680,749.2305,60.21
NA,NA,-1,Unknown,Unknown,Unknown,Unknown,34.30,34.30,0.2930,0.8681,751.9219,60.20
NA,NA,-1,Unknown,Unknown,Unknown,Unknown,34.40,34.40,0.2950,0.8681,754.6127,60.19
NA,NA,-1,Unknown,Unknown,Unknown,Unknown,34.50,34.50,0.2974,0.8680,757.8409,60.17
NA,NA,-1,Unknown,Unknown,Unknown,Unknown,34.61,34.61,0.2995,0.8680,760.5305,60.16
NA,NA,-1,Unknown,Unknown,Unknown,Unknown,34.72,34.72,0.3015,0.8680,763.2194,60.14
NA,NA,-1,Unknown,Unknown,Unknown,Unknown,34.82,34.82,0.3039,0.8680,766.4453,60.13
NA,NA,-1,Unknown,Unknown,Unknown,Unknown,34.93,34.93,0.3060,0.8680,769.1328,60.11
NA,NA,-1,Unknown,Unknown,Unknown,Unknown,35.04,35.04,0.3080,0.8680,771.8198,60.10
NA,NA,-1,Unknown,Unknown,Unknown,Unknown,35.15,35.15,0.3104,0.8680,775.0433,60.08
NA,NA,-1,Unknown,Unknown,Unknown,Unknown,35.25,35.25,0.3125,0.8680,777.7289,60.07
NA,NA,-1,Unknown,Unknown,Unknown,Unknown,35.36,35.36,0.3145,0.8680,780.4139,60.06
NA,NA,-1,Unknown,Unknown,Unknown,Unknown,35.46,35.46,0.3169,0.8680,783.6351,60.04
NA,NA,-1,Unknown,Unknown,Unknown,Unknown,35.56,35.56,0.3190,0.8680,786.3188,60.03
NA,NA,-1,Unknown,Unknown,Unknown,Unknown,35.67,35.67,0.3210,0.8680,789.0020,60.01
NA,NA,-1,Unknown,Unknown,Unknown,Unknown,35.77,35.77,0.3230,0.8680,791.6844,60.00
NA,NA,-1,Unknown,Unknown,Unknown,Unknown,35.88,35.88,0.3251,0.8680,794.3663,59.99
NA,NA,-1,Unknown,Unknown,Unknown,Unknown,35.99,35.99,0.3275,0.8680,797.5838,59.97
NA,NA,-1,Unknown,Unknown,Unknown,Unknown,36.09,36.09,0.3296,0.8680,800.2643,59.96
NA,NA,-1,Unknown,Unknown,Unknown,Unknown,36.20,36.20,0.3320,0.8680,803.4802,59.94
NA,NA,-1,Unknown,Unknown,Unknown,Unknown,36.31,36.31,0.3341,0.8680,806.1595,59.93
NA,NA,-1,Unknown,Unknown,Unknown,Unknown,36.42,36.42,0.3361,0.8680,808.8381,59.91
NA,NA,-1,Unknown,Unknown,Unknown,Unknown,36.52,36.52,0.3386,0.8680,812.0517,59.90
NA,NA,-1,Unknown,Unknown,Unknown,Unknown,36.63,36.63,0.3406,0.8680,814.7290,59.88
NA,NA,-1,Unknown,Unknown,Unknown,Unknown,36.74,36.74,0.3427,0.8680,817.4057,59.87
NA,NA,-1,Unknown,Unknown,Unknown,Unknown,36.84,36.84,0.3451,0.8680,820.6169,59.85
NA,NA,-1,Unknown,Unknown,Unknown,Unknown,36.95,36.95,0.3472,0.8680,823.2923,59.84
NA,NA,-1,Unknown,Unknown,Unknown,Unknown,37.06,37.06,0.3492,0.8680,825.9671,59.83
NA,NA,-1,Unknown,Unknown,Unknown,Unknown,37.16,37.16,0.3517,0.8680,829.1761,59.81
NA,NA,-1,Unknown,Unknown,Unknown,Unknown,37.27,37.27,0.3537,0.8680,831.8495,59.80
NA,NA,-1,Unknown,Unknown,Unknown,Unknown,37.38,37.38,0.3558,0.8680,834.5224,59.78
NA,NA,-1,Unknown,Unknown,Unknown,Unknown,37.48,37.48,0.3583,0.8680,837.7290,59.77
NA,NA,-1,Unknown,Unknown,Unknown,Unknown,37.59,37.59,0.3603,0.8680,840.4005,59.76
NA,NA,-1,Unknown,Unknown,Unknown,Unknown,37.70,37.70,0.3624,0.8680,843.0715,59.74
NA,NA,-1,Unknown,Unknown,Unknown,Unknown,37.80,37.80,0.3648,0.8680,846.2758,59.73
NA,NA,-1,Unknown,Unknown,Unknown,Unknown,37.91,37.91,0.3669,0.8680,848.9456,59.72
NA,NA,-1,Unknown,Unknown,Unknown,Unknown,38.02,38.02,0.3690,0.8681,851.6164,59.75
NA,NA,-1,Unknown,Unknown,Unknown,Unknown,38.13,38.13,0.3714,0.8682,854.8221,59.75
NA,NA,-1,Unknown,Unknown,Unknown,Unknown,38.23,38.23,0.3735,0.8682,857.4927,59.74
NA,NA,-1,Unknown,Unknown,Unknown,Unknown,38.34,38.34,0.3760,0.8682,860.6968,59.73
NA,NA,-1,Unknown,Unknown,Unknown,Unknown,38.44,38.44,0.3781,0.8681,863.3663,59.71
NA,NA,-1,Unknown,Unknown,Unknown,Unknown,38.54,38.54,0.3801,0.8680,866.0353,59.70
NA,NA,-1,Unknown,Unknown,Unknown,Unknown,38.65,38.65,0.3822,0.8680,868.7038,59.69
NA,NA,-1,Unknown,Unknown,Unknown,Unknown,38.76,38.76,0.3843,0.8680,871.3716,59.67
NA,NA,-1,Unknown,Unknown,Unknown,Unknown,38.86,38.86,0.3868,0.8680,874.5723,59.66
NA,NA,-1,Unknown,Unknown,Unknown,Unknown,38.97,38.97,0.3888,0.8680,877.2388,59.64
NA,NA,-1,Unknown,Unknown,Unknown,Unknown,39.08,39.08,0.3909,0.8680,879.9047,59.63
NA,NA,-1,Unknown,Unknown,Unknown,Unknown,39.18,39.18,0.3934,0.8680,883.1031,59.61
NA,NA,-1,Unknown,Unknown,Unknown,Unknown,39.29,39.29,0.3954,0.8680,885.7677,59.60
NA,NA,-1,Unknown,Unknown,Unknown,Unknown,39.39,39.39,0.3975,0.8680,888.4317,59.59
NA,NA,-1,Unknown,Unknown,Unknown,Unknown,39.50,39.50,0.3996,0.8680,891.0951,59.57
NA,NA,-1,Unknown,Unknown,Unknown,Unknown,39.60,39.60,0.4021,0.8681,894.2920,59.60
NA,NA,-1,Unknown,Unknown,Unknown,Unknown,39.71,39.71,0.4042,0.8682,896.9562,59.59
NA,NA,-1,Unknown,Unknown,Unknown,Unknown,39.81,39.81,0.4062,0.8682,899.6198,59.58
NA,NA,-1,Unknown,Unknown,Unknown,Unknown,39.91,39.91,0.4083,0.8681,902.2829,59.57
NA,NA,-1,Unknown,Unknown,Unknown,Unknown,40.02,40.02,0.4104,0.8681,904.9454,59.56
NA,NA,-1,Unknown,Unknown,Unknown,Unknown,40.12,40.12,0.4129,0.8680,908.1398,59.54
NA,NA,-1,Unknown,Unknown,Unknown,Unknown,40.23,40.23,0.4150,0.8680,910.8020,59.56
NA,NA,-1,Unknown,Unknown,Unknown,Unknown,40.34,40.34,0.4171,0.8682,913.4669,59.61
NA,NA,-1,Unknown,Unknown,Unknown,Unknown,40.45,40.45,0.4196,0.8684,916.6651,59.62
NA,NA,-1,Unknown,Unknown,Unknown,Unknown,40.55,40.55,0.4216,0.8684,919.3297,59.61
NA,NA,-1,Unknown,Unknown,Unknown,Unknown,40.66,40.66,0.4237,0.8682,921.9942,59.61
NA,NA,-1,Unknown,Unknown,Unknown,Unknown,40.76,40.76,0.4262,0.8681,925.1918,59.61
NA,NA,-1,Unknown,Unknown,Unknown,Unknown,40.87,40.87,0.4283,0.8681,927.8560,59.59
NA,NA,-1,Unknown,Unknown,Unknown,Unknown,40.97,40.97,0.4304,0.8680,930.5197,59.58
NA,NA,-1,Unknown,Unknown,Unknown,Unknown,41.08,41.08,0.4329,0.8680,933.7153,59.57
NA,NA,-1,Unknown,Unknown,Unknown,Unknown,41.19,41.19,0.4350,0.8680,936.3782,59.56
NA,NA,-1,Unknown,Unknown,Unknown,Unknown,41.29,41.29,0.4371,0.8681,939.0406,59.55
NA,NA,-1,Unknown,Unknown,Unknown,Unknown,41.40,41.40,0.4391,0.8681,941.7024,59.54
NA,NA,-1,Unknown,Unknown,Unknown,Unknown,41.50,41.50,0.4416,0.8681,944.8958,59.52
NA,NA,-1,Unknown,Unknown,Unknown,Unknown,41.61,41.61,0.4437,0.8681,947.5569,59.54
NA,NA,-1,Unknown,Unknown,Unknown,Unknown,41.71,41.71,0.4458,0.8681,950.2192,59.55
NA,NA,-1,Unknown,Unknown,Unknown,Unknown,41.82,41.82,0.4479,0.8682,952.8810,59.54
NA,NA,-1,Unknown,Unknown,Unknown,Unknown,41.92,41.92,0.4504,0.8682,956.0743,59.53
NA,NA,-1,Unknown,Unknown,Unknown,Unknown,42.03,42.03,0.4525,0.8681,958.7349,59.51
NA,NA,-1,Unknown,Unknown,Unknown,Unknown,42.14,42.14,0.4546,0.8680,961.3950,59.50
NA,NA,-1,Unknown,Unknown,Unknown,Unknown,42.25,42.25,0.4571,0.8680,964.5863,59.48
NA,NA,-1,Unknown,Unknown,Unknown,Unknown,42.35,42.35,0.4592,0.8680,967.2451,59.47
NA,NA,-1,Unknown,Unknown,Unknown,Unknown,42.46,42.46,0.4612,0.8680,969.9034,59.46
NA,NA,-1,Unknown,Unknown,Unknown,Unknown,42.56,42.56,0.4633,0.8680,972.5610,59.44
NA,NA,-1,Unknown,Unknown,Unknown,Unknown,42.66,42.66,0.4658,0.8680,975.7493,59.43
NA,NA,-1,Unknown,Unknown,Unknown,Unknown,42.77,42.77,0.4679,0.8680,978.4055,59.41
NA,NA,-1,Unknown,Unknown,Unknown,Unknown,42.87,42.87,0.4700,0.8680,981.0612,59.40
NA,NA,-1,Unknown,Unknown,Unknown,Unknown,42.98,42.98,0.4721,0.8680,983.7163,59.39
NA,NA,-1,Unknown,Unknown,Unknown,Unknown,43.08,43.08,0.4746,0.8681,986.9024,59.40
NA,NA,-1,Unknown,Unknown,Unknown,Unknown,43.18,43.18,0.4767,0.8683,989.5623,59.52
NA,NA,-1,Unknown,Unknown,Unknown,Unknown,43.29,43.29,0.4788,0.8687,992.2269,59.63
NA,NA,-1,Unknown,Unknown,Unknown,Unknown,43.40,43.40,0.4809,0.8691,994.9005,59.88
NA,NA,-1,Unknown,Unknown,Unknown,Unknown,43.50,43.50,0.4834,0.8699,998.1267,60.23
NA,NA,-1,Unknown,Unknown,Unknown,Unknown,43.61,43.61,0.4856,0.8702,1000.8240,60.38
NA,NA,-1,Unknown,Unknown,Unknown,Unknown,43.72,43.72,0.4877,0.8699,1003.5220,60.42
NA,NA,-1,Unknown,Unknown,Unknown,Unknown,43.82,43.82,0.4902,0.8688,1006.7600,60.42
NA,NA,-1,Unknown,Unknown,Unknown,Unknown,43.92,43.92,0.4923,0.8681,1009.4590,60.40
NA,NA,-1,Unknown,Unknown,Unknown,Unknown,44.03,44.03,0.4944,0.8677,1012.1590,60.39
NA,NA,-1,Unknown,Unknown,Unknown,Unknown,44.14,44.14,0.4965,0.8676,1014.8580,60.37
NA,NA,-1,Unknown,Unknown,Unknown,Unknown,44.24,44.24,0.4990,0.8678,1018.0960,60.35
NA,NA,-1,Unknown,Unknown,Unknown,Unknown,44.35,44.35,0.5010,0.8680,1020.7940,60.34
NA,NA,-1,Unknown,Unknown,Unknown,Unknown,44.46,44.46,0.5031,0.8681,1023.4910,60.33
NA,NA,-1,Unknown,Unknown,Unknown,Unknown,44.57,44.57,0.5056,0.8681,1026.7270,60.31
NA,NA,-1,Unknown,Unknown,Unknown,Unknown,44.67,44.67,0.5076,0.8681,1029.4230,60.30
NA,NA,-1,Unknown,Unknown,Unknown,Unknown,44.78,44.78,0.5097,0.8681,1032.1180,60.28
NA,NA,-1,Unknown,Unknown,Unknown,Unknown,44.88,44.88,0.5121,0.8680,1035.3510,60.27
NA,NA,-1,Unknown,Unknown,Unknown,Unknown,44.99,44.99,0.5142,0.8681,1038.0460,60.29
NA,NA,-1,Unknown,Unknown,Unknown,Unknown,45.09,45.09,0.5162,0.8683,1040.7460,60.45
NA,NA,-1,Unknown,Unknown,Unknown,Unknown,45.20,45.20,0.5182,0.8689,1043.4570,60.65
NA,NA,-1,Unknown,Unknown,Unknown,Unknown,45.30,45.30,0.5207,0.8694,1046.7130,60.73
NA,NA,-1,Unknown,Unknown,Unknown,Unknown,45.41,45.41,0.5227,0.8692,1049.4270,60.74
NA,NA,-1,Unknown,Unknown,Unknown,Unknown,45.52,45.52,0.5248,0.8686,1052.1400,60.73
NA,NA,-1,Unknown,Unknown,Unknown,Unknown,45.62,45.62,0.5272,0.8680,1055.3960,60.71
NA,NA,-1,Unknown,Unknown,Unknown,Unknown,45.73,45.73,0.5293,0.8678,1058.1100,60.70
NA,NA,-1,Unknown,Unknown,Unknown,Unknown,45.83,45.83,0.5313,0.8678,1060.8230,60.68
NA,NA,-1,Unknown,Unknown,Unknown,Unknown,45.94,45.94,0.5333,0.8679,1063.5350,60.67
NA,NA,-1,Unknown,Unknown,Unknown,Unknown,46.04,46.04,0.5357,0.8680,1066.7890,60.65
NA,NA,-1,Unknown,Unknown,Unknown,Unknown,46.15,46.15,0.5377,0.8681,1069.5000,60.64
NA,NA,-1,Unknown,Unknown,Unknown,Unknown,46.25,46.25,0.5397,0.8681,1072.2100,60.62
NA,NA,-1,Unknown,Unknown,Unknown,Unknown,46.36,46.36,0.5418,0.8681,1074.9200,60.61
NA,NA,-1,Unknown,Unknown,Unknown,Unknown,46.46,46.46,0.5442,0.8680,1078.1710,60.59
NA,NA,-1,Unknown,Unknown,Unknown,Unknown,46.57,46.57,0.5462,0.8680,1080.8790,60.58
NA,NA,-1,Unknown,Unknown,Unknown,Unknown,46.68,46.68,0.5482,0.8680,1083.5870,60.57
NA,NA,-1,Unknown,Unknown,Unknown,Unknown,46.78,46.78,0.5506,0.8680,1086.8350,60.55
NA,NA,-1,Unknown,Unknown,Unknown,Unknown,46.88,46.88,0.5526,0.8680,1089.5420,60.54
NA,NA,-1,Unknown,Unknown,Unknown,Unknown,46.99,46.99,0.5546,0.8680,1092.2480,60.52
NA,NA,-1,Unknown,Unknown,Unknown,Unknown,47.09,47.09,0.5566,0.8680,1094.9530,60.51
NA,NA,-1,Unknown,Unknown,Unknown,Unknown,47.20,47.20,0.5586,0.8680,1097.6570,60.49
NA,NA,-1,Unknown,Unknown,Unknown,Unknown,47.30,47.30,0.5610,0.8680,1100.9020,60.48
NA,NA,-1,Unknown,Unknown,Unknown,Unknown,47.41,47.41,0.5630,0.8680,1103.6050,60.47
NA,NA,-1,Unknown,Unknown,Unknown,Unknown,47.51,47.51,0.5650,0.8680,1106.3080,60.45
NA,NA,-1,Unknown,Unknown,Unknown,Unknown,47.62,47.62,0.5670,0.8680,1109.0100,60.44
NA,NA,-1,Unknown,Unknown,Unknown,Unknown,47.72,47.72,0.5694,0.8680,1112.2520,60.42
NA,NA,-1,Unknown,Unknown,Unknown,Unknown,47.82,47.82,0.5714,0.8680,1114.9520,60.41
NA,NA,-1,Unknown,Unknown,Unknown,Unknown,47.93,47.93,0.5734,0.8680,1117.6520,60.39
NA,NA,-1,Unknown,Unknown,Unknown,Unknown,48.03,48.03,0.5754,0.8680,1120.3520,60.38
NA,NA,-1,Unknown,Unknown,Unknown,Unknown,48.13,48.13,0.5774,0.8680,1123.0510,60.37
NA,NA,-1,Unknown,Unknown,Unknown,Unknown,48.24,48.24,0.5794,0.8680,1125.7490,60.35
NA,NA,-1,Unknown,Unknown,Unknown,Unknown,48.34,48.34,0.5819,0.8680,1128.9860,60.34
NA,NA,-1,Unknown,Unknown,Unknown,Unknown,48.45,48.45,0.5839,0.8680,1131.6830,60.32
NA,NA,-1,Unknown,Unknown,Unknown,Unknown,48.55,48.55,0.5859,0.8680,1134.3790,60.31
NA,NA,-1,Unknown,Unknown,Unknown,Unknown,48.65,48.65,0.5879,0.8680,1137.0750,60.30
NA,NA,-1,Unknown,Unknown,Unknown,Unknown,48.76,48.76,0.5903,0.8680,1140.3090,60.28
NA,NA,-1,Unknown,Unknown,Unknown,Unknown,48.87,48.87,0.5923,0.8680,1143.0040,60.27
NA,NA,-1,Unknown,Unknown,Unknown,Unknown,48.97,48.97,0.5944,0.8680,1145.6980,60.25
NA,NA,-1,Unknown,Unknown,Unknown,Unknown,49.07,49.07,0.5964,0.8680,1148.3910,60.24
NA,NA,-1,Unknown,Unknown,Unknown,Unknown,49.18,49.18,0.5988,0.8680,1151.6220,60.22
NA,NA,-1,Unknown,Unknown,Unknown,Unknown,49.28,49.28,0.6008,0.8680,1154.3140,60.21
NA,NA,-1,Unknown,Unknown,Unknown,Unknown,49.38,49.38,0.6028,0.8680,1157.0050,60.20
NA,NA,-1,Unknown,Unknown,Unknown,Unknown,49.48,49.48,0.6049,0.8680,1159.6960,60.18
NA,NA,-1,Unknown,Unknown,Unknown,Unknown,49.59,49.59,0.6069,0.8680,1162.3860,60.17
NA,NA,-1,Unknown,Unknown,Unknown,Unknown,49.70,49.70,0.6089,0.8680,1165.0750,60.16
NA,NA,-1,Unknown,Unknown,Unknown,Unknown,49.80,49.80,0.6110,0.8680,1167.7640,60.14
NA,NA,-1,Unknown,Unknown,Unknown,Unknown,49.90,49.90,0.6130,0.8680,1170.4520,60.13
NA,NA,-1,Unknown,Unknown,Unknown,Unknown,50.00,50.00,0.6154,0.8680,1173.6770,60.11
NA,NA,-1,Unknown,Unknown,Unknown,Unknown,50.10,50.10,0.6174,0.8680,1176.3640,60.10
NA,NA,-1,Unknown,Unknown,Unknown,Unknown,50.21,50.21,0.6195,0.8680,1179.0510,60.09
NA,NA,-1,Unknown,Unknown,Unknown,Unknown,50.31,50.31,0.6215,0.8680,1181.7360,60.07
NA,NA,-1,Unknown,Unknown,Unknown,Unknown,50.41,50.41,0.6235,0.8680,1184.4210,60.06
NA,NA,-1,Unknown,Unknown,Unknown,Unknown,50.51,50.51,0.6256,0.8680,1187.1060,60.05
NA,NA,-1,Unknown,Unknown,Unknown,Unknown,50.62,50.62,0.6276,0.8680,1189.7900,60.03
NA,NA,-1,Unknown,Unknown,Unknown,Unknown,50.72,50.72,0.6301,0.8680,1193.0090,60.02
NA,NA,-1,Unknown,Unknown,Unknown,Unknown,50.82,50.82,0.6321,0.8680,1195.6920,60.00
NA,NA,-1,Unknown,Unknown,Unknown,Unknown,50.93,50.93,0.6341,0.8680,1198.3740,59.99
NA,NA,-1,Unknown,Unknown,Unknown,Unknown,51.04,51.04,0.6362,0.8680,1201.0550,59.97
NA,NA,-1,Unknown,Unknown,Unknown,Unknown,51.14,51.14,0.6382,0.8680,1203.7360,59.96
NA,NA,-1,Unknown,Unknown,Unknown,Unknown,51.24,51.24,0.6407,0.8680,1206.9520,59.95
NA,NA,-1,Unknown,Unknown,Unknown,Unknown,51.35,51.35,0.6427,0.8680,1209.6320,59.93
NA,NA,-1,Unknown,Unknown,Unknown,Unknown,51.46,51.46,0.6448,0.8680,1212.3110,59.92
NA,NA,-1,Unknown,Unknown,Unknown,Unknown,51.56,51.56,0.6472,0.8680,1215.5240,59.90
NA,NA,-1,Unknown,Unknown,Unknown,Unknown,51.67,51.67,0.6493,0.8680,1218.2020,59.89
NA,NA,-1,Unknown,Unknown,Unknown,Unknown,51.78,51.78,0.6513,0.8680,1220.8790,59.88
NA,NA,-1,Unknown,Unknown,Unknown,Unknown,51.88,51.88,0.6534,0.8680,1223.5550,59.86
NA,NA,-1,Unknown,Unknown,Unknown,Unknown,51.98,51.98,0.6558,0.8680,1226.7660,59.85
NA,NA,-1,Unknown,Unknown,Unknown,Unknown,52.08,52.08,0.6579,0.8680,1229.4410,59.83
NA,NA,-1,Unknown,Unknown,Unknown,Unknown,52.19,52.19,0.6599,0.8680,1232.1150,59.82
NA,NA,-1,Unknown,Unknown,Unknown,Unknown,52.29,52.29,0.6620,0.8680,1234.7890,59.81
NA,NA,-1,Unknown,Unknown,Unknown,Unknown,52.40,52.40,0.6645,0.8680,1237.9970,59.79
NA,NA,-1,Unknown,Unknown,Unknown,Unknown,52.51,52.51,0.6665,0.8680,1240.6690,59.78
NA,NA,-1,Unknown,Unknown,Unknown,Unknown,52.61,52.61,0.6686,0.8680,1243.3410,59.76
NA,NA,-1,Unknown,Unknown,Unknown,Unknown,52.72,52.72,0.6706,0.8680,1246.0120,59.75
NA,NA,-1,Unknown,Unknown,Unknown,Unknown,52.83,52.83,0.6731,0.8680,1249.2170,59.73
NA,NA,-1,Unknown,Unknown,Unknown,Unknown,52.93,52.93,0.6752,0.8680,1251.8870,59.72
NA,NA,-1,Unknown,Unknown,Unknown,Unknown,53.03,53.03,0.6772,0.8680,1254.5560,59.71
NA,NA,-1,Unknown,Unknown,Unknown,Unknown,53.14,53.14,0.6793,0.8680,1257.2250,59.69
NA,NA,-1,Unknown,Unknown,Unknown,Unknown,53.24,53.24,0.6818,0.8680,1260.4270,59.68
NA,NA,-1,Unknown,Unknown,Unknown,Unknown,53.35,53.35,0.6838,0.8680,1263.0940,59.66
NA,NA,-1,Unknown,Unknown,Unknown,Unknown,53.45,53.45,0.6859,0.8680,1265.7610,59.65
NA,NA,-1,Unknown,Unknown,Unknown,Unknown,53.55,53.55,0.6880,0.8680,1268.4270,59.64
NA,NA,-1,Unknown,Unknown,Unknown,Unknown,53.66,53.66,0.6905,0.8680,1271.6260,59.62
NA,NA,-1,Unknown,Unknown,Unknown,Unknown,53.77,53.77,0.6925,0.8680,1274.2910,59.61
NA,NA,-1,Unknown,Unknown,Unknown,Unknown,53.87,53.87,0.6946,0.8680,1276.9550,59.59
NA,NA,-1,Unknown,Unknown,Unknown,Unknown,53.98,53.98,0.6967,0.8680,1279.6190,59.58
NA,NA,-1,Unknown,Unknown,Unknown,Unknown,54.09,54.09,0.6992,0.8680,1282.8140,59.56
NA,NA,-1,Unknown,Unknown,Unknown,Unknown,54.19,54.19,0.7012,0.8680,1285.4770,59.55
NA,NA,-1,Unknown,Unknown,Unknown,Unknown,54.30,54.30,0.7033,0.8680,1288.1380,59.54
NA,NA,-1,Unknown,Unknown,Unknown,Unknown,54.40,54.40,0.7058,0.8680,1291.3320,59.52
NA,NA,-1,Unknown,Unknown,Unknown,Unknown,54.51,54.51,0.7079,0.8680,1293.9920,59.51
NA,NA,-1,Unknown,Unknown,Unknown,Unknown,54.62,54.62,0.7100,0.8680,1296.6520,59.49
NA,NA,-1,Unknown,Unknown,Unknown,Unknown,54.72,54.72,0.7121,0.8680,1299.3110,59.48
NA,NA,-1,Unknown,Unknown,Unknown,Unknown,54.83,54.83,0.7145,0.8680,1302.5020,59.46
NA,NA,-1,Unknown,Unknown,Unknown,Unknown,54.93,54.93,0.7166,0.8680,1305.1600,59.45
NA,NA,-1,Unknown,Unknown,Unknown,Unknown,55.04,55.04,0.7191,0.8681,1308.3500,59.50
NA,NA,-1,Unknown,Unknown,Unknown,Unknown,55.15,55.15,0.7212,0.8684,1311.0170,59.71
NA,NA,-1,Unknown,Unknown,Unknown,Unknown,55.25,55.25,0.7233,0.8693,1313.7000,60.11
NA,NA,-1,Unknown,Unknown,Unknown,Unknown,55.36,55.36,0.7255,0.8706,1316.4030,60.56
NA,NA,-1,Unknown,Unknown,Unknown,Unknown,55.46,55.46,0.7276,0.8732,1319.1140,60.88
NA,NA,-1,Unknown,Unknown,Unknown,Unknown,55.56,55.56,0.7301,0.8722,1322.3830,61.04
NA,NA,-1,Unknown,Unknown,Unknown,Unknown,55.67,55.67,0.7323,0.8700,1325.1110,61.05
NA,NA,-1,Unknown,Unknown,Unknown,Unknown,55.78,55.78,0.7344,0.8683,1327.8400,61.05
NA,NA,-1,Unknown,Unknown,Unknown,Unknown,55.88,55.88,0.7369,0.8674,1331.1140,61.03
NA,NA,-1,Unknown,Unknown,Unknown,Unknown,55.99,55.99,0.7390,0.8675,1333.8420,61.02
NA,NA,-1,Unknown,Unknown,Unknown,Unknown,56.09,56.09,0.7410,0.8677,1336.5690,61.00
NA,NA,-1,Unknown,Unknown,Unknown,Unknown,56.20,56.20,0.7431,0.8680,1339.2960,60.99
NA,NA,-1,Unknown,Unknown,Unknown,Unknown,56.30,56.30,0.7455,0.8681,1342.5670,60.97
NA,NA,-1,Unknown,Unknown,Unknown,Unknown,56.41,56.41,0.7476,0.8681,1345.2920,60.96
NA,NA,-1,Unknown,Unknown,Unknown,Unknown,56.52,56.52,0.7496,0.8681,1348.0170,60.95
NA,NA,-1,Unknown,Unknown,Unknown,Unknown,56.62,56.62,0.7516,0.8681,1350.7410,60.93
NA,NA,-1,Unknown,Unknown,Unknown,Unknown,56.72,56.72,0.7539,0.8680,1354.0100,60.92
NA,NA,-1,Unknown,Unknown,Unknown,Unknown,56.83,56.83,0.7559,0.8680,1356.7320,60.90
NA,NA,-1,Unknown,Unknown,Unknown,Unknown,56.94,56.94,0.7579,0.8680,1359.4540,60.89
NA,NA,-1,Unknown,Unknown,Unknown,Unknown,57.04,57.04,0.7603,0.8680,1362.7200,60.87
NA,NA,-1,Unknown,Unknown,Unknown,Unknown,57.15,57.15,0.7623,0.8680,1365.4410,60.86
NA,NA,-1,Unknown,Unknown,Unknown,Unknown,57.25,57.25,0.7642,0.8680,1368.1610,60.84
NA,NA,-1,Unknown,Unknown,Unknown,Unknown,57.36,57.36,0.7662,0.8680,1370.8810,60.83
NA,NA,-1,Unknown,Unknown,Unknown,Unknown,57.46,57.46,0.7685,0.8680,1374.1440,60.81
NA,NA,-1,Unknown,Unknown,Unknown,Unknown,57.56,57.56,0.7705,0.8680,1376.8620,60.80
NA,NA,-1,Unknown,Unknown,Unknown,Unknown,57.67,57.67,0.7725,0.8680,1379.5790,60.79
NA,NA,-1,Unknown,Unknown,Unknown,Unknown,57.77,57.77,0.7744,0.8680,1382.2970,60.77
NA,NA,-1,Unknown,Unknown,Unknown,Unknown,57.88,57.88,0.7764,0.8680,1385.0130,60.76
NA,NA,-1,Unknown,Unknown,Unknown,Unknown,57.98,57.98,0.7787,0.8680,1388.2720,60.74
NA,NA,-1,Unknown,Unknown,Unknown,Unknown,58.09,58.09,0.7807,0.8680,1390.9870,60.73
NA,NA,-1,Unknown,Unknown,Unknown,Unknown,58.19,58.19,0.7827,0.8680,1393.7010,60.72
NA,NA,-1,Unknown,Unknown,Unknown,Unknown,58.30,58.30,0.7846,0.8680,1396.4150,60.70
NA,NA,-1,Unknown,Unknown,Unknown,Unknown,58.41,58.41,0.7870,0.8680,1399.6710,60.69
NA,NA,-1,Unknown,Unknown,Unknown,Unknown,58.51,58.51,0.7890,0.8680,1402.3840,60.67
NA,NA,-1,Unknown,Unknown,Unknown,Unknown,58.61,58.61,0.7909,0.8680,1405.0960,60.66
NA,NA,-1,Unknown,Unknown,Unknown,Unknown,58.71,58.71,0.7929,0.8680,1407.8070,60.64
NA,NA,-1,Unknown,Unknown,Unknown,Unknown,58.82,58.82,0.7949,0.8680,1410.5180,60.63
NA,NA,-1,Unknown,Unknown,Unknown,Unknown,58.92,58.92,0.7972,0.8680,1413.7700,60.61
NA,NA,-1,Unknown,Unknown,Unknown,Unknown,59.03,59.03,0.7992,0.8680,1416.4790,60.60
NA,NA,-1,Unknown,Unknown,Unknown,Unknown,59.14,59.14,0.8012,0.8680,1419.1880,60.59
NA,NA,-1,Unknown,Unknown,Unknown,Unknown,59.24,59.24,0.8035,0.8680,1422.4370,60.57
NA,NA,-1,Unknown,Unknown,Unknown,Unknown,59.35,59.35,0.8055,0.8680,1425.1450,60.56
NA,NA,-1,Unknown,Unknown,Unknown,Unknown,59.45,59.45,0.8075,0.8680,1427.8520,60.54
NA,NA,-1,Unknown,Unknown,Unknown,Unknown,59.55,59.55,0.8095,0.8680,1430.5580,60.53
NA,NA,-1,Unknown,Unknown,Unknown,Unknown,59.66,59.66,0.8114,0.8680,1433.2630,60.52
NA,NA,-1,Unknown,Unknown,Unknown,Unknown,59.76,59.76,0.8138,0.8680,1436.5090,60.50
NA,NA,-1,Unknown,Unknown,Unknown,Unknown,59.87,59.87,0.8158,0.8680,1439.2130,60.49
NA,NA,-1,Unknown,Unknown,Unknown,Unknown,59.97,59.97,0.8178,0.8680,1441.9170,60.47
NA,NA,-1,Unknown,Unknown,Unknown,Unknown,60.08,60.08,0.8198,0.8680,1444.6200,60.46
NA,NA,-1,Unknown,Unknown,Unknown,Unknown,60.19,60.19,0.8221,0.8680,1447.8630,60.44
NA,NA,-1,Unknown,Unknown,Unknown,Unknown,60.29,60.29,0.8241,0.8680,1450.5640,60.43
NA,NA,-1,Unknown,Unknown,Unknown,Unknown,60.40,60.40,0.8261,0.8680,1453.2660,60.42
NA,NA,-1,Unknown,Unknown,Unknown,Unknown,60.50,60.50,0.8285,0.8680,1456.5060,60.40
NA,NA,-1,Unknown,Unknown,Unknown,Unknown,60.61,60.61,0.8305,0.8680,1459.2060,60.39
NA,NA,-1,Unknown,Unknown,Unknown,Unknown,60.71,60.71,0.8325,0.8680,1461.9050,60.37
NA,NA,-1,Unknown,Unknown,Unknown,Unknown,60.82,60.82,0.8345,0.8680,1464.6030,60.36
NA,NA,-1,Unknown,Unknown,Unknown,Unknown,60.92,60.92,0.8369,0.8680,1467.8410,60.34
NA,NA,-1,Unknown,Unknown,Unknown,Unknown,61.03,61.03,0.8389,0.8680,1470.5380,60.33
NA,NA,-1,Unknown,Unknown,Unknown,Unknown,61.13,61.13,0.8408,0.8680,1473.2340,60.32
NA,NA,-1,Unknown,Unknown,Unknown,Unknown,61.24,61.24,0.8432,0.8680,1476.4690,60.30
NA,NA,-1,Unknown,Unknown,Unknown,Unknown,61.35,61.35,0.8452,0.8680,1479.1650,60.29
NA,NA,-1,Unknown,Unknown,Unknown,Unknown,61.45,61.45,0.8472,0.8680,1481.8590,60.27
NA,NA,-1,Unknown,Unknown,Unknown,Unknown,61.56,61.56,0.8492,0.8680,1484.5530,60.26
NA,NA,-1,Unknown,Unknown,Unknown,Unknown,61.66,61.66,0.8512,0.8680,1487.2470,60.25
NA,NA,-1,Unknown,Unknown,Unknown,Unknown,61.76,61.76,0.8536,0.8680,1490.4780,60.23
NA,NA,-1,Unknown,Unknown,Unknown,Unknown,61.87,61.87,0.8556,0.8680,1493.1700,60.22
NA,NA,-1,Unknown,Unknown,Unknown,Unknown,61.97,61.97,0.8576,0.8680,1495.8620,60.20
NA,NA,-1,Unknown,Unknown,Unknown,Unknown,62.08,62.08,0.8601,0.8680,1499.0910,60.19
NA,NA,-1,Unknown,Unknown,Unknown,Unknown,62.19,62.19,0.8621,0.8680,1501.7810,60.17
NA,NA,-1,Unknown,Unknown,Unknown,Unknown,62.30,62.30,0.8641,0.8680,1504.4710,60.16
NA,NA,-1,Unknown,Unknown,Unknown,Unknown,62.40,62.40,0.8665,0.8680,1507.6970,60.14
NA,NA,-1,Unknown,Unknown,Unknown,Unknown,62.50,62.50,0.8685,0.8680,1510.3850,60.13
NA,NA,-1,Unknown,Unknown,Unknown,Unknown,62.61,62.61,0.8705,0.8680,1513.0730,60.12
NA,NA,-1,Unknown,Unknown,Unknown,Unknown,62.72,62.72,0.8725,0.8680,1515.7600,60.10
NA,NA,-1,Unknown,Unknown,Unknown,Unknown,62.82,62.82,0.8745,0.8680,1518.4470,60.09
NA,NA,-1,Unknown,Unknown,Unknown,Unknown,62.92,62.92,0.8769,0.8680,1521.6690,60.07
NA,NA,-1,Unknown,Unknown,Unknown,Unknown,63.03,63.03,0.8790,0.8680,1524.3540,60.06
NA,NA,-1,Unknown,Unknown,Unknown,Unknown,63.13,63.13,0.8810,0.8680,1527.0390,60.04
NA,NA,-1,Unknown,Unknown,Unknown,Unknown,63.24,63.24,0.8830,0.8680,1529.7230,60.03
NA,NA,-1,Unknown,Unknown,Unknown,Unknown,63.34,63.34,0.8850,0.8680,1532.4060,60.02
NA,NA,-1,Unknown,Unknown,Unknown,Unknown,63.44,63.44,0.8874,0.8680,1535.6250,60.00
NA,NA,-1,Unknown,Unknown,Unknown,Unknown,63.55,63.55,0.8895,0.8680,1538.3070,59.99
NA,NA,-1,Unknown,Unknown,Unknown,Unknown,63.66,63.66,0.8915,0.8680,1540.9890,59.97
NA,NA,-1,Unknown,Unknown,Unknown,Unknown,63.76,63.76,0.8935,0.8680,1543.6690,59.96
NA,NA,-1,Unknown,Unknown,Unknown,Unknown,63.86,63.86,0.8959,0.8680,1546.8850,59.95
NA,NA,-1,Unknown,Unknown,Unknown,Unknown,63.97,63.97,0.8980,0.8680,1549.5650,59.93
NA,NA,-1,Unknown,Unknown,Unknown,Unknown,64.07,64.07,0.9000,0.8680,1552.2440,59.92
NA,NA,-1,Unknown,Unknown,Unknown,Unknown,64.17,64.17,0.9020,0.8680,1554.9220,59.90
NA,NA,-1,Unknown,Unknown,Unknown,Unknown,64.27,64.27,0.9041,0.8680,1557.6000,59.89
NA,NA,-1,Unknown,Unknown,Unknown,Unknown,64.37,64.37,0.9061,0.8680,1560.2770,59.88
NA,NA,-1,Unknown,Unknown,Unknown,Unknown,64.48,64.48,0.9085,0.8680,1563.4880,59.86
NA,NA,-1,Unknown,Unknown,Unknown,Unknown,64.58,64.58,0.9106,0.8680,1566.1640,59.85
NA,NA,-1,Unknown,Unknown,Unknown,Unknown,64.69,64.69,0.9126,0.8680,1568.8390,59.83
NA,NA,-1,Unknown,Unknown,Unknown,Unknown,64.79,64.79,0.9146,0.8680,1571.5130,59.82
NA,NA,-1,Unknown,Unknown,Unknown,Unknown,64.90,64.90,0.9167,0.8680,1574.1870,59.81
NA,NA,-1,Unknown,Unknown,Unknown,Unknown,65.00,65.00,0.9187,0.8680,1576.8600,59.79
NA,NA,-1,Unknown,Unknown,Unknown,Unknown,65.10,65.10,0.9211,0.8680,1580.0680,59.78
NA,NA,-1,Unknown,Unknown,Unknown,Unknown,65.21,65.21,0.9232,0.8680,1582.7400,59.76
NA,NA,-1,Unknown,Unknown,Unknown,Unknown,65.31,65.31,0.9252,0.8680,1585.4110,59.75
NA,NA,-1,Unknown,Unknown,Unknown,Unknown,65.41,65.41,0.9273,0.8680,1588.0820,59.74
NA,NA,-1,Unknown,Unknown,Unknown,Unknown,65.51,65.51,0.9293,0.8680,1590.7520,59.72
NA,NA,-1,Unknown,Unknown,Unknown,Unknown,65.62,65.62,0.9314,0.8680,1593.4220,59.71
NA,NA,-1,Unknown,Unknown,Unknown,Unknown,65.72,65.72,0.9338,0.8680,1596.6240,59.69
NA,NA,-1,Unknown,Unknown,Unknown,Unknown,65.83,65.83,0.9359,0.8680,1599.2920,59.68
NA,NA,-1,Unknown,Unknown,Unknown,Unknown,65.93,65.93,0.9379,0.8680,1601.9600,59.67
NA,NA,-1,Unknown,Unknown,Unknown,Unknown,66.03,66.03,0.9400,0.8680,1604.6270,59.65
NA,NA,-1,Unknown,Unknown,Unknown,Unknown,66.14,66.14,0.9420,0.8680,1607.2930,59.64
NA,NA,-1,Unknown,Unknown,Unknown,Unknown,66.24,66.24,0.9445,0.8680,1610.4920,59.63
NA,NA,-1,Unknown,Unknown,Unknown,Unknown,66.34,66.34,0.9465,0.8680,1613.1570,59.61
NA,NA,-1,Unknown,Unknown,Unknown,Unknown,66.45,66.45,0.9486,0.8681,1615.8230,59.62
NA,NA,-1,Unknown,Unknown,Unknown,Unknown,66.55,66.55,0.9506,0.8682,1618.4920,59.74
NA,NA,-1,Unknown,Unknown,Unknown,Unknown,66.66,66.66,0.9527,0.8686,1621.1660,59.80
NA,NA,-1,Unknown,Unknown,Unknown,Unknown,66.76,66.76,0.9548,0.8688,1623.8390,59.82
NA,NA,-1,Unknown,Unknown,Unknown,Unknown,66.87,66.87,0.9572,0.8685,1627.0470,59.81
NA,NA,-1,Unknown,Unknown,Unknown,Unknown,66.97,66.97,0.9593,0.8682,1629.7200,59.81
NA,NA,-1,Unknown,Unknown,Unknown,Unknown,67.08,67.08,0.9614,0.8681,1632.3950,59.84
NA,NA,-1,Unknown,Unknown,Unknown,Unknown,67.18,67.18,0.9638,0.8681,1635.6050,59.84
NA,NA,-1,Unknown,Unknown,Unknown,Unknown,67.28,67.28,0.9659,0.8682,1638.2800,59.83
NA,NA,-1,Unknown,Unknown,Unknown,Unknown,67.39,67.39,0.9680,0.8681,1640.9540,59.83
NA,NA,-1,Unknown,Unknown,Unknown,Unknown,67.49,67.49,0.9700,0.8681,1643.6290,59.83
NA,NA,-1,Unknown,Unknown,Unknown,Unknown,67.60,67.60,0.9721,0.8681,1646.3030,59.82
NA,NA,-1,Unknown,Unknown,Unknown,Unknown,67.70,67.70,0.9745,0.8681,1649.5140,59.86
NA,NA,-1,Unknown,Unknown,Unknown,Unknown,67.81,67.81,0.9766,0.8682,1652.1900,59.87
NA,NA,-1,Unknown,Unknown,Unknown,Unknown,67.91,67.91,0.9787,0.8683,1654.8660,59.87
NA,NA,-1,Unknown,Unknown,Unknown,Unknown,68.01,68.01,0.9807,0.8682,1657.5420,59.85
NA,NA,-1,Unknown,Unknown,Unknown,Unknown,68.12,68.12,0.9828,0.8681,1660.2170,59.84
NA,NA,-1,Unknown,Unknown,Unknown,Unknown,68.22,68.22,0.9852,0.8680,1663.4270,59.83
NA,NA,-1,Unknown,Unknown,Unknown,Unknown,68.33,68.33,0.9873,0.8680,1666.1010,59.81
NA,NA,-1,Unknown,Unknown,Unknown,Unknown,68.43,68.43,0.9893,0.8680,1668.7740,59.80
NA,NA,-1,Unknown,Unknown,Unknown,Unknown,68.54,68.54,0.9914,0.8680,1671.4470,59.78
NA,NA,-1,Unknown,Unknown,Unknown,Unknown,68.64,68.64,0.9938,0.8680,1674.6540,59.77
NA,NA,-1,Unknown,Unknown,Unknown,Unknown,68.75,68.75,0.9959,0.8680,1677.3250,59.75
NA,NA,-1,Unknown,Unknown,Unknown,Unknown,68.85,68.85,0.9979,0.8680,1679.9960,59.74
NA,NA,-1,Unknown,Unknown,Unknown,Unknown,68.95,68.95,1.0000,0.8680,1682.6670,59.73
NA,NA,-1,Unknown,Unknown,Unknown,Unknown,69.06,69.06,1.0020,0.8680,1685.3360,59.71
NA,NA,-1,Unknown,Unknown,Unknown,Unknown,69.16,69.16,1.0045,0.8680,1688.5390,59.70
NA,NA,-1,Unknown,Unknown,Unknown,Unknown,69.27,69.27,1.0065,0.8680,1691.2070,59.68
NA,NA,-1,Unknown,Unknown,Unknown,Unknown,69.37,69.37,1.0086,0.8680,1693.8750,59.67
NA,NA,-1,Unknown,Unknown,Unknown,Unknown,69.47,69.47,1.0106,0.8680,1696.5420,59.66
NA,NA,-1,Unknown,Unknown,Unknown,Unknown,69.57,69.57,1.0127,0.8680,1699.2090,59.64
NA,NA,-1,Unknown,Unknown,Unknown,Unknown,69.68,69.68,1.0147,0.8680,1701.8750,59.63
NA,NA,-1,Unknown,Unknown,Unknown,Unknown,69.78,69.78,1.0168,0.8680,1704.5410,59.62
NA,NA,-1,Unknown,Unknown,Unknown,Unknown,69.88,69.88,1.0188,0.8680,1707.2050,59.60
NA,NA,-1,Unknown,Unknown,Unknown,Unknown,69.98,69.98,1.0213,0.8680,1710.4020,59.59
NA,NA,-1,Unknown,Unknown,Unknown,Unknown,70.08,70.08,1.0234,0.8680,1713.0660,59.57
NA,NA,-1,Unknown,Unknown,Unknown,Unknown,70.19,70.19,1.0254,0.8680,1715.7290,59.56
NA,NA,-1,Unknown,Unknown,Unknown,Unknown,70.29,70.29,1.0275,0.8680,1718.3910,59.55
NA,NA,-1,Unknown,Unknown,Unknown,Unknown,70.39,70.39,1.0295,0.8680,1721.0520,59.53
NA,NA,-1,Unknown,Unknown,Unknown,Unknown,70.49,70.49,1.0316,0.8680,1723.7140,59.52
NA,NA,-1,Unknown,Unknown,Unknown,Unknown,70.60,70.60,1.0341,0.8680,1726.9060,59.51
NA,NA,-1,Unknown,Unknown,Unknown,Unknown,70.70,70.70,1.0361,0.8680,1729.5660,59.49
NA,NA,-1,Unknown,Unknown,Unknown,Unknown,70.80,70.80,1.0382,0.8680,1732.2250,59.48
NA,NA,-1,Unknown,Unknown,Unknown,Unknown,70.90,70.90,1.0403,0.8680,1734.8840,59.47
NA,NA,-1,Unknown,Unknown,Unknown,Unknown,71.01,71.01,1.0423,0.8680,1737.5420,59.45
NA,NA,-1,Unknown,Unknown,Unknown,Unknown,71.11,71.11,1.0444,0.8680,1740.1990,59.44
NA,NA,-1,Unknown,Unknown,Unknown,Unknown,71.22,71.22,1.0465,0.8680,1742.8560,59.43
NA,NA,-1,Unknown,Unknown,Unknown,Unknown,71.32,71.32,1.0485,0.8681,1745.5150,59.51
NA,NA,-1,Unknown,Unknown,Unknown,Unknown,71.42,71.42,1.0510,0.8687,1748.7190,59.83
NA,NA,-1,Unknown,Unknown,Unknown,Unknown,71.52,71.52,1.0531,0.8699,1751.4110,60.32
NA,NA,-1,Unknown,Unknown,Unknown,Unknown,71.63,71.63,1.0552,0.8743,1754.1210,60.84
NA,NA,-1,Unknown,Unknown,Unknown,Unknown,71.74,71.74,1.0573,0.8760,1756.8530,61.31
NA,NA,-1,Unknown,Unknown,Unknown,Unknown,71.84,71.84,1.0595,0.8740,1759.6020,61.56
NA,NA,-1,Unknown,Unknown,Unknown,Unknown,71.94,71.94,1.0617,0.8713,1762.3560,61.65
NA,NA,-1,Unknown,Unknown,Unknown,Unknown,72.04,72.04,1.0638,0.8691,1765.1100,61.67
NA,NA,-1,Unknown,Unknown,Unknown,Unknown,72.14,72.14,1.0659,0.8678,1767.8640,61.66
NA,NA,-1,Unknown,Unknown,Unknown,Unknown,72.25,72.25,1.0683,0.8673,1771.1700,61.64
NA,NA,-1,Unknown,Unknown,Unknown,Unknown,72.35,72.35,1.0704,0.8674,1773.9250,61.63
NA,NA,-1,Unknown,Unknown,Unknown,Unknown,72.45,72.45,1.0724,0.8677,1776.6790,61.59
NA,NA,-1,Unknown,Unknown,Unknown,Unknown,72.56,72.56,1.0748,0.8679,1779.9800,61.52
NA,NA,-1,Unknown,Unknown,Unknown,Unknown,72.66,72.66,1.0768,0.8679,1782.7300,61.49
NA,NA,-1,Unknown,Unknown,Unknown,Unknown,72.77,72.77,1.0787,0.8679,1785.4780,61.47
NA,NA,-1,Unknown,Unknown,Unknown,Unknown,72.87,72.87,1.0807,0.8680,1788.2260,61.46
NA,NA,-1,Unknown,Unknown,Unknown,Unknown,72.97,72.97,1.0826,0.8680,1790.9730,61.44
NA,NA,-1,Unknown,Unknown,Unknown,Unknown,73.07,73.07,1.0846,0.8681,1793.7200,61.43
NA,NA,-1,Unknown,Unknown,Unknown,Unknown,73.18,73.18,1.0865,0.8681,1796.4660,61.42
NA,NA,-1,Unknown,Unknown,Unknown,Unknown,73.29,73.29,1.0889,0.8681,1799.7600,61.40
NA,NA,-1,Unknown,Unknown,Unknown,Unknown,73.39,73.39,1.0908,0.8680,1802.5040,61.39
NA,NA,-1,Unknown,Unknown,Unknown,Unknown,73.49,73.49,1.0927,0.8680,1805.2480,61.37
NA,NA,-1,Unknown,Unknown,Unknown,Unknown,73.60,73.60,1.0947,0.8680,1807.9910,61.36
NA,NA,-1,Unknown,Unknown,Unknown,Unknown,73.71,73.71,1.0970,0.8680,1811.2820,61.34
NA,NA,-1,Unknown,Unknown,Unknown,Unknown,73.81,73.81,1.0989,0.8680,1814.0240,61.33
NA,NA,-1,Unknown,Unknown,Unknown,Unknown,73.91,73.91,1.1008,0.8680,1816.7650,61.31
NA,NA,-1,Unknown,Unknown,Unknown,Unknown,74.01,74.01,1.1028,0.8680,1819.5050,61.30
NA,NA,-1,Unknown,Unknown,Unknown,Unknown,74.12,74.12,1.1047,0.8680,1822.2450,61.29
NA,NA,-1,Unknown,Unknown,Unknown,Unknown,74.22,74.22,1.1066,0.8680,1824.9850,61.27
NA,NA,-1,Unknown,Unknown,Unknown,Unknown,74.32,74.32,1.1086,0.8680,1827.7240,61.26
NA,NA,-1,Unknown,Unknown,Unknown,Unknown,74.42,74.42,1.1105,0.8680,1830.4620,61.24
NA,NA,-1,Unknown,Unknown,Unknown,Unknown,74.52,74.52,1.1128,0.8680,1833.7470,61.23
NA,NA,-1,Unknown,Unknown,Unknown,Unknown,74.63,74.63,1.1148,0.8680,1836.4840,61.21
NA,NA,-1,Unknown,Unknown,Unknown,Unknown,74.73,74.73,1.1167,0.8680,1839.2200,61.20
NA,NA,-1,Unknown,Unknown,Unknown,Unknown,74.83,74.83,1.1187,0.8680,1841.9550,61.19
NA,NA,-1,Unknown,Unknown,Unknown,Unknown,74.94,74.94,1.1210,0.8680,1845.2370,61.17
NA,NA,-1,Unknown,Unknown,Unknown,Unknown,75.05,75.05,1.1229,0.8680,1847.9710,61.16
NA,NA,-1,Unknown,Unknown,Unknown,Unknown,75.15,75.15,1.1249,0.8680,1850.7050,61.14
NA,NA,-1,Unknown,Unknown,Unknown,Unknown,75.26,75.26,1.1268,0.8680,1853.4380,61.13
NA,NA,-1,Unknown,Unknown,Unknown,Unknown,75.36,75.36,1.1291,0.8680,1856.7170,61.11
NA,NA,-1,Unknown,Unknown,Unknown,Unknown,75.46,75.46,1.1311,0.8680,1859.4480,61.10
NA,NA,-1,Unknown,Unknown,Unknown,Unknown,75.57,75.57,1.1330,0.8680,1862.1790,61.09
NA,NA,-1,Unknown,Unknown,Unknown,Unknown,75.67,75.67,1.1350,0.8680,1864.9090,61.07
NA,NA,-1,Unknown,Unknown,Unknown,Unknown,75.78,75.78,1.1373,0.8338,1868.1710,61.09
NA,NA,-1,Unknown,Unknown,Unknown,Unknown,75.88,75.88,1.1392,0.7314,1870.8690,61.17
NA,NA,-1,Unknown,Unknown,Unknown,Unknown,75.99,75.99,1.1412,0.5337,1873.5680,61.32
NA,NA,-1,Unknown,Unknown,Unknown,Unknown,76.09,76.09,1.1431,0.2394,1876.2660,61.55
NA,NA,-1,Unknown,Unknown,Unknown,Unknown,76.20,0.10,1.1431,0.1806,1876.2660,2.19
NA,NA,-1,Unknown,Unknown,Unknown,Unknown,76.30,0.20,1.1431,-0.0195,1876.2660,4.83
NA,NA,-1,Unknown,Unknown,Unknown,Unknown,76.41,0.31,1.1431,-0.2942,1876.2660,7.02
NA,NA,-1,Unknown,Unknown,Unknown,Unknown,76.52,0.42,1.1431,-0.6670,1876.2660,9.22
NA,NA,-1,Unknown,Unknown,Unknown,Unknown,76.62,0.53,1.1431,-1.2438,1876.2660,11.85
NA,NA,-1,Unknown,Unknown,Unknown,Unknown,76.73,0.63,1.1431,-1.8324,1876.2660,14.04
NA,NA,-1,Unknown,Unknown,Unknown,Unknown,76.83,0.74,1.1431,-2.5191,1876.2660,16.24
NA,NA,-1,Unknown,Unknown,Unknown,Unknown,0.35,0.35,0.0022,0.8588,-0.0074,0.35
NA,NA,-1,Unknown,Unknown,Unknown,Unknown,0.46,0.46,0.0036,0.8706,-0.0093,0.15
NA,NA,-1,Unknown,Unknown,Unknown,Unknown,0.56,0.56,0.0041,0.8736,0.0012,0.33
NA,NA,-1,Unknown,Unknown,Unknown,Unknown,0.67,0.67,0.0039,0.8716,0.0330,0.90
NA,NA,-1,Unknown,Unknown,Unknown,Unknown,0.77,0.77,0.0007,0.8695,0.0927,1.59
NA,NA,-1,Unknown,Unknown,Unknown,Unknown,0.87,0.87,-0.0059,0.8701,0.1802,2.23
NA,NA,-1,Unknown,Unknown,Unknown,Unknown,0.98,0.98,-0.0189,0.8697,0.2971,2.89
NA,NA,-1,Unknown,Unknown,Unknown,Unknown,1.08,1.08,-0.0438,0.8699,0.4752,3.68
NA,NA,-1,Unknown,Unknown,Unknown,Unknown,1.19,1.19,-0.0723,0.8699,0.6551,4.34
NA,NA,-1,Unknown,Unknown,Unknown,Unknown,1.30,1.30,-0.1098,0.8699,0.8641,5.01
NA,NA,-1,Unknown,Unknown,Unknown,Unknown,1.40,1.40,-0.1661,0.8699,1.1519,5.80
NA,NA,-1,Unknown,Unknown,Unknown,Unknown,1.51,1.51,-0.2244,0.8702,1.4224,6.45
NA,NA,-1,Unknown,Unknown,Unknown,Unknown,1.61,1.61,-0.2959,0.8699,1.7205,7.13
NA,NA,-1,Unknown,Unknown,Unknown,Unknown,1.72,1.72,-0.3990,0.8696,2.1131,7.91
NA,NA,-1,Unknown,Unknown,Unknown,Unknown,1.83,1.83,-0.5021,0.8699,2.4689,8.55
NA,NA,-1,Unknown,Unknown,Unknown,Unknown,1.93,1.93,-0.6237,0.8693,2.8499,9.22
NA,NA,-1,Unknown,Unknown,Unknown,Unknown,2.03,2.03,-0.7629,0.8696,3.2559,9.88
NA,NA,-1,Unknown,Unknown,Unknown,Unknown,2.14,2.14,-0.9151,0.8696,3.6911,10.57
NA,NA,-1,Unknown,Unknown,Unknown,Unknown,2.24,2.24,-1.1087,0.8705,4.2527,11.43
NA,NA,-1,Unknown,Unknown,Unknown,Unknown,2.35,2.35,-1.2762,0.8696,4.7521,12.06
NA,NA,-1,Unknown,Unknown,Unknown,Unknown,2.45,2.45,-1.4585,0.8708,5.2774,12.69
NA,NA,-1,Unknown,Unknown,Unknown,Unknown,2.56,2.56,-1.6734,0.8697,5.8191,13.34
NA,NA,-1,Unknown,Unknown,Unknown,Unknown,2.66,2.66,-1.9732,0.8678,6.4843,13.98
NA,NA,-1,Unknown,Unknown,Unknown,Unknown,2.77,2.77,-2.2633,0.8674,7.0539,14.54
NA,NA,-1,Unknown,Unknown,Unknown,Unknown,2.87,2.87,-2.5953,0.8688,7.6346,15.25
NA,NA,-1,Unknown,Unknown,Unknown,Unknown,2.98,2.98,-2.9572,0.8679,8.2334,15.89
NA,NA,-1,Unknown,Unknown,Unknown,Unknown,3.08,3.08,-3.4234,0.8697,8.9831,16.71
NA,NA,-1,Unknown,Unknown,Unknown,Unknown,3.19,3.19,-3.8457,0.8706,9.6234,17.42
NA,NA,-1,Unknown,Unknown,Unknown,Unknown,3.29,3.29,-4.2889,0.8688,10.2861,18.09
NA,NA,-1,Unknown,Unknown,Unknown,Unknown,3.40,3.40,-4.8419,0.8738,11.1120,18.85
NA,NA,-1,Unknown,Unknown,Unknown,Unknown,3.51,3.51,-5.3240,0.8691,11.8282,19.55
NA,NA,-1,Unknown,Unknown,Unknown,Unknown,3.61,3.61,-5.8220,0.8720,12.5663,20.15
NA,NA,-1,Unknown,Unknown,Unknown,Unknown,3.72,3.72,-6.3465,0.8701,13.3226,20.88
NA,NA,-1,Unknown,Unknown,Unknown,Unknown,3.82,3.82,-7.0017,0.8712,14.2618,21.63
NA,NA,-1,Unknown,Unknown,Unknown,Unknown,3.92,3.92,-7.5745,0.8702,15.0635,22.34
NA,NA,-1,Unknown,Unknown,Unknown,Unknown,4.03,4.03,-8.1681,0.8709,15.8898,22.99
NA,NA,-1,Unknown,Unknown,Unknown,Unknown,4.13,4.13,-8.7863,0.8693,16.7282,23.62
NA,NA,-1,Unknown,Unknown,Unknown,Unknown,4.24,4.24,-9.4310,0.8692,17.5893,24.32
NA,NA,-1,Unknown,Unknown,Unknown,Unknown,4.34,4.34,-10.2412,0.8695,18.6395,25.07
NA,NA,-1,Unknown,Unknown,Unknown,Unknown,4.45,4.45,-10.9609,0.8724,19.5117,25.58
NA,NA,-1,Unknown,Unknown,Unknown,Unknown,4.55,4.55,-11.7158,0.8671,20.3865,26.22
NA,NA,-1,Unknown,Unknown,Unknown,Unknown,4.65,4.65,-12.5136,0.8682,21.2681,26.79
NA,NA,-1,Unknown,Unknown,Unknown,Unknown,4.75,4.75,-13.3550,0.8677,22.1450,27.47
NA,NA,-1,Unknown,Unknown,Unknown,Unknown,4.85,4.85,-14.2361,0.8663,23.0274,28.15
NA,NA,-1,Unknown,Unknown,Unknown,Unknown,4.96,4.96,-15.1508,0.8716,23.9221,28.80
NA,NA,-1,Unknown,Unknown,Unknown,Unknown,5.06,5.06,-16.2882,0.8703,25.0074,29.64
NA,NA,-1,Unknown,Unknown,Unknown,Unknown,5.17,5.17,-17.2739,0.8704,25.9182,30.28
NA,NA,-1,Unknown,Unknown,Unknown,Unknown,5.27,5.27,-18.2936,0.8698,26.8259,30.89
NA,NA,-1,Unknown,Unknown,Unknown,Unknown,5.37,5.37,-19.3478,0.8698,27.7442,31.53
NA,NA,-1,Unknown,Unknown,Unknown,Unknown,5.48,5.48,-20.4308,0.8697,28.6779,32.22
NA,NA,-1,Unknown,Unknown,Unknown,Unknown,5.58,5.58,-21.5459,0.8712,29.6174,32.85
NA,NA,-1,Unknown,Unknown,Unknown,Unknown,5.68,5.68,-22.9360,0.8734,30.7289,33.55
NA,NA,-1,Unknown,Unknown,Unknown,Unknown,5.79,5.79,-24.1331,0.8664,31.6434,34.03
NA,NA,-1,Unknown,Unknown,Unknown,Unknown,5.89,5.89,-25.3757,0.8672,32.5557,34.69
NA,NA,-1,Unknown,Unknown,Unknown,Unknown,5.99,5.99,-26.6558,0.8686,33.4713,35.39
NA,NA,-1,Unknown,Unknown,Unknown,Unknown,6.09,6.09,-27.9711,0.8698,34.3899,36.12
NA,NA,-1,Unknown,Unknown,Unknown,Unknown,6.19,6.19,-29.3104,0.8698,35.3299,36.75
NA,NA,-1,Unknown,Unknown,Unknown,Unknown,6.30,6.30,-30.6523,0.8759,36.2959,37.23
NA,NA,-1,Unknown,Unknown,Unknown,Unknown,6.40,6.40,-31.9810,0.8702,37.3004,37.51
NA,NA,-1,Unknown,Unknown,Unknown,Unknown,6.50,6.50,-33.5519,0.8685,38.5686,37.83
NA,NA,-1,Unknown,Unknown,Unknown,Unknown,6.60,6.60,-34.8284,0.8684,39.6808,37.92
NA,NA,-1,Unknown,Unknown,Unknown,Unknown,6.71,6.71,-36.0604,0.8740,40.8495,38.09
NA,NA,-1,Unknown,Unknown,Unknown,Unknown,6.82,6.82,-37.2472,0.8831,42.0679,38.10
NA,NA,-1,Unknown,Unknown,Unknown,Unknown,6.92,6.92,-38.3862,0.8904,43.3283,38.06
NA,NA,-1,Unknown,Unknown,Unknown,Unknown,7.02,7.02,-39.6949,0.8932,44.8887,38.06
NA,NA,-1,Unknown,Unknown,Unknown,Unknown,7.13,7.13,-40.7571,0.8776,46.2165,38.03
NA,NA,-1,Unknown,Unknown,Unknown,Unknown,7.23,7.23,-41.7827,0.8626,47.5806,38.41
NA,NA,-1,Unknown,Unknown,Unknown,Unknown,7.34,7.34,-42.7620,0.8685,48.9987,38.57
NA,NA,-1,Unknown,Unknown,Unknown,Unknown,7.44,7.44,-43.7120,0.8694,50.4485,38.86
NA,NA,-1,Unknown,Unknown,Unknown,Unknown,7.54,7.54,-44.7937,0.8686,52.2363,39.09
NA,NA,-1,Unknown,Unknown,Unknown,Unknown,7.64,7.64,-45.6406,0.8685,53.7698,39.24
NA,NA,-1,Unknown,Unknown,Unknown,Unknown,7.74,7.74,-46.4439,0.8665,55.3423,39.62
NA,NA,-1,Unknown,Unknown,Unknown,Unknown,7.85,7.85,-47.2335,0.8715,56.9701,40.77
NA,NA,-1,Unknown,Unknown,Unknown,Unknown,7.95,7.95,-48.0502,0.8737,58.6397,41.96
NA,NA,-1,Unknown,Unknown,Unknown,Unknown,8.05,8.05,-48.9086,0.8810,60.3225,42.58
NA,NA,-1,Unknown,Unknown,Unknown,Unknown,8.15,8.15,-49.8234,0.8848,61.9921,42.79
NA,NA,-1,Unknown,Unknown,Unknown,Unknown,8.26,8.26,-50.9861,0.8914,63.9705,42.91
NA,NA,-1,Unknown,Unknown,Unknown,Unknown,8.37,8.37,-51.9920,0.8762,65.6101,43.15
NA,NA,-1,Unknown,Unknown,Unknown,Unknown,8.47,8.47,-53.0504,0.8596,67.2448,44.02
NA,NA,-1,Unknown,Unknown,Unknown,Unknown,8.58,8.58,-54.1920,0.8755,68.8680,44.51
NA,NA,-1,Unknown,Unknown,Unknown,Unknown,8.68,8.68,-55.5894,0.8651,70.8077,44.71
NA,NA,-1,Unknown,Unknown,Unknown,Unknown,8.79,8.79,-56.7818,0.8654,72.4131,44.71
NA,NA,-1,Unknown,Unknown,Unknown,Unknown,8.89,8.89,-57.9416,0.8663,74.0384,44.59
NA,NA,-1,Unknown,Unknown,Unknown,Unknown,8.99,8.99,-59.0783,0.8724,75.6731,44.50
NA,NA,-1,Unknown,Unknown,Unknown,Unknown,9.09,9.09,-60.1865,0.8667,77.3194,44.37
NA,NA,-1,Unknown,Unknown,Unknown,Unknown,9.20,9.20,-61.2308,0.8760,78.9980,44.24
NA,NA,-1,Unknown,Unknown,Unknown,Unknown,9.30,9.30,-62.4345,0.8684,81.0335,44.00
NA,NA,-1,Unknown,Unknown,Unknown,Unknown,9.41,9.41,-63.3621,0.8719,82.7557,43.69
NA,NA,-1,Unknown,Unknown,Unknown,Unknown,9.51,9.51,-64.2265,0.8759,84.4944,43.36
NA,NA,-1,Unknown,Unknown,Unknown,Unknown,9.62,9.62,-65.1834,0.8782,86.5960,42.92
NA,NA,-1,Unknown,Unknown,Unknown,Unknown,9.73,9.73,-65.9153,0.8769,88.3554,42.51
NA,NA,-1,Unknown,Unknown,Unknown,Unknown,9.83,9.83,-66.5907,0.8709,90.1185,42.08
NA,NA,-1,Unknown,Unknown,Unknown,Unknown,9.93,9.93,-67.1978,0.8706,91.8839,41.61
NA,NA,-1,Unknown,Unknown,Unknown,Unknown,10.03,10.03,-67.7204,0.8872,93.6489,41.21
NA,NA,-1,Unknown,Unknown,Unknown,Unknown,10.14,10.14,-68.1972,0.8935,95.4115,40.84
NA,NA,-1,Unknown,Unknown,Unknown,Unknown,10.24,10.24,-68.7105,0.8876,97.5229,40.34
NA,NA,-1,Unknown,Unknown,Unknown,Unknown,10.34,10.34,-69.0832,0.8748,99.2749,39.83
NA,NA,-1,Unknown,Unknown,Unknown,Unknown,10.44,10.44,-69.3980,0.8634,101.0156,39.31
NA,NA,-1,Unknown,Unknown,Unknown,Unknown,10.55,10.55,-69.6255,0.8777,102.7283,38.66
NA,NA,-1,Unknown,Unknown,Unknown,Unknown,10.65,10.65,-69.8177,0.8778,104.4242,38.04
NA,NA,-1,Unknown,Unknown,Unknown,Unknown,10.75,10.75,-69.9724,0.8645,106.1051,37.44
NA,NA,-1,Unknown,Unknown,Unknown,Unknown,10.86,10.86,-70.0502,0.8693,107.7540,36.81
NA,NA,-1,Unknown,Unknown,Unknown,Unknown,10.96,10.96,-70.0781,0.8664,109.7004,36.03
NA,NA,-1,Unknown,Unknown,Unknown,Unknown,11.06,11.06,-70.0381,0.8705,111.2821,35.19
NA,NA,-1,Unknown,Unknown,Unknown,Unknown,11.17,11.17,-69.9458,0.8739,112.8257,34.49
NA,NA,-1,Unknown,Unknown,Unknown,Unknown,11.27,11.27,-69.8164,0.8623,114.3464,33.70
NA,NA,-1,Unknown,Unknown,Unknown,Unknown,11.37,11.37,-69.6333,0.8669,115.8030,32.61
NA,NA,-1,Unknown,Unknown,Unknown,Unknown,11.48,11.48,-69.4216,0.8639,117.2155,31.49
NA,NA,-1,Unknown,Unknown,Unknown,Unknown,11.58,11.58,-69.1908,0.8643,118.5672,30.34
NA,NA,-1,Unknown,Unknown,Unknown,Unknown,11.68,11.68,-68.9565,0.8657,119.8614,29.02
NA,NA,-1,Unknown,Unknown,Unknown,Unknown,11.78,11.78,-68.6825,0.8655,121.3417,27.48
NA,NA,-1,Unknown,Unknown,Unknown,Unknown,11.89,11.89,-68.4680,0.8654,122.5144,26.19
NA,NA,-1,Unknown,Unknown,Unknown,Unknown,11.99,11.99,-68.2731,0.8657,123.6335,24.93
NA,NA,-1,Unknown,Unknown,Unknown,Unknown,12.10,12.10,-68.1040,0.8669,124.7004,23.80
NA,NA,-1,Unknown,Unknown,Unknown,Unknown,12.20,12.20,-67.9440,0.8718,125.9152,22.37
NA,NA,-1,Unknown,Unknown,Unknown,Unknown,12.31,12.31,-67.8439,0.8663,126.8892,21.53
NA,NA,-1,Unknown,Unknown,Unknown,Unknown,12.41,12.41,-67.7897,0.8688,127.8164,20.48
NA,NA,-1,Unknown,Unknown,Unknown,Unknown,12.51,12.51,-67.7778,0.8682,128.7106,19.67
NA,NA,-1,Unknown,Unknown,Unknown,Unknown,12.61,12.61,-67.8171,0.8679,129.5729,19.05
NA,NA,-1,Unknown,Unknown,Unknown,Unknown,12.72,12.72,-67.9335,0.8678,130.5720,18.56
NA,NA,-1,Unknown,Unknown,Unknown,Unknown,12.83,12.83,-68.0768,0.8679,131.3779,18.13
NA,NA,-1,Unknown,Unknown,Unknown,Unknown,12.93,12.93,-68.2478,0.8678,132.1596,17.68
NA,NA,-1,Unknown,Unknown,Unknown,Unknown,13.03,13.03,-68.4248,0.8671,132.9145,17.18
NA,NA,-1,Unknown,Unknown,Unknown,Unknown,13.14,13.14,-68.6032,0.8688,133.6442,16.79
NA,NA,-1,Unknown,Unknown,Unknown,Unknown,13.24,13.24,-68.8362,0.8690,134.5022,16.45
NA,NA,-1,Unknown,Unknown,Unknown,Unknown,13.34,13.34,-69.0496,0.8678,135.2007,16.13
NA,NA,-1,Unknown,Unknown,Unknown,Unknown,13.44,13.44,-69.2760,0.8669,135.8803,15.84
NA,NA,-1,Unknown,Unknown,Unknown,Unknown,13.54,13.54,-69.5069,0.8682,136.5398,15.62
NA,NA,-1,Unknown,Unknown,Unknown,Unknown,13.65,13.65,-69.7309,0.8689,137.1992,15.58
NA,NA,-1,Unknown,Unknown,Unknown,Unknown,13.75,13.75,-69.9406,0.8689,137.8615,15.55
NA,NA,-1,Unknown,Unknown,Unknown,Unknown,13.85,13.85,-70.1359,0.8671,138.5258,15.50
NA,NA,-1,Unknown,Unknown,Unknown,Unknown,13.96,13.96,-70.2927,0.8694,139.1966,15.39
NA,NA,-1,Unknown,Unknown,Unknown,Unknown,14.06,14.06,-70.4151,0.8689,140.0082,15.26
NA,NA,-1,Unknown,Unknown,Unknown,Unknown,14.17,14.17,-70.4599,0.8670,140.6847,15.13
NA,NA,-1,Unknown,Unknown,Unknown,Unknown,14.27,14.27,-70.4560,0.8680,141.3576,15.04
NA,NA,-1,Unknown,Unknown,Unknown,Unknown,0.35,0.35,0.0022,0.8588,-0.0074,0.35
NA,NA,-1,Unknown,Unknown,Unknown,Unknown,0.46,0.46,0.0034,0.8693,-0.0089,0.18
NA,NA,-1,Unknown,Unknown,Unknown,Unknown,0.56,0.56,0.0039,0.8733,-0.0079,0.08
NA,NA,-1,Unknown,Unknown,Unknown,Unknown,0.66,0.66,0.0036,0.8723,-0.0054,0.10
NA,NA,-1,Unknown,Unknown,Unknown,Unknown,0.77,0.77,0.0029,0.8699,-0.0034,0.10
NA,NA,-1,Unknown,Unknown,Unknown,Unknown,0.87,0.87,0.0022,0.8677,-0.0019,0.07
NA,NA,-1,Unknown,Unknown,Unknown,Unknown,0.98,0.98,0.0015,0.8666,-0.0013,0.03
NA,NA,-1,Unknown,Unknown,Unknown,Unknown,1.09,1.09,0.0009,0.8663,-0.0013,0.02
NA,NA,-1,Unknown,Unknown,Unknown,Unknown,1.19,1.19,0.0006,0.8667,-0.0016,0.02
NA,NA,-1,Unknown,Unknown,Unknown,Unknown,1.30,1.30,0.0005,0.8671,-0.0013,0.01
NA,NA,-1,Unknown,Unknown,Unknown,Unknown,1.40,1.40,0.0005,0.8678,0.0103,0.31
NA,NA,-1,Unknown,Unknown,Unknown,Unknown,1.51,1.51,0.0006,0.8688,0.0381,0.74
NA,NA,-1,Unknown,Unknown,Unknown,Unknown,1.61,1.61,0.0007,0.8702,0.0912,1.34
NA,NA,-1,Unknown,Unknown,Unknown,Unknown,1.72,1.72,0.0010,0.8698,0.1713,2.07
NA,NA,-1,Unknown,Unknown,Unknown,Unknown,1.83,1.83,0.0013,0.8697,0.3065,2.86
NA,NA,-1,Unknown,Unknown,Unknown,Unknown,1.93,1.93,0.0017,0.8701,0.4526,3.54
NA,NA,-1,Unknown,Unknown,Unknown,Unknown,2.04,2.04,0.0013,0.8700,0.6285,4.21
NA,NA,-1,Unknown,Unknown,Unknown,Unknown,2.14,2.14,0.0020,0.8700,0.8344,4.87
NA,NA,-1,Unknown,Unknown,Unknown,Unknown,2.24,2.24,0.0015,0.8702,1.0703,5.55
NA,NA,-1,Unknown,Unknown,Unknown,Unknown,2.35,2.35,0.0022,0.9127,1.4062,6.32
NA,NA,-1,Unknown,Unknown,Unknown,Unknown,2.47,2.47,0.0036,0.9135,1.7626,6.88
NA,NA,-1,Unknown,Unknown,Unknown,Unknown,2.58,2.58,0.0041,0.8543,2.1314,7.95
NA,NA,-1,Unknown,Unknown,Unknown,Unknown,2.68,2.68,0.0043,0.8437,2.5035,8.64
NA,NA,-1,Unknown,Unknown,Unknown,Unknown,2.80,2.80,0.0053,0.8558,2.9108,9.29
NA,NA,-1,Unknown,Unknown,Unknown,Unknown,2.90,2.90,0.0063,0.8719,3.4389,10.06
NA,NA,-1,Unknown,Unknown,Unknown,Unknown,3.01,3.01,0.0068,0.8693,3.9058,10.77
NA,NA,-1,Unknown,Unknown,Unknown,Unknown,3.11,3.11,0.0072,0.8713,4.4062,11.48
NA,NA,-1,Unknown,Unknown,Unknown,Unknown,3.21,3.21,0.0079,0.9027,4.9161,12.17
NA,NA,-1,Unknown,Unknown,Unknown,Unknown,3.32,3.32,0.0100,0.9010,5.4795,12.63
NA,NA,-1,Unknown,Unknown,Unknown,Unknown,3.42,3.42,0.0107,0.8677,6.0742,13.44
NA,NA,-1,Unknown,Unknown,Unknown,Unknown,3.52,3.52,0.0115,0.8697,6.6944,14.12
NA,NA,-1,Unknown,Unknown,Unknown,Unknown,3.62,3.62,0.0125,0.8709,7.4771,14.93
NA,NA,-1,Unknown,Unknown,Unknown,Unknown,3.72,3.72,0.0134,0.8693,8.1605,15.60
NA,NA,-1,Unknown,Unknown,Unknown,Unknown,3.82,3.82,0.0144,0.8717,8.8763,16.25
NA,NA,-1,Unknown,Unknown,Unknown,Unknown,3.93,3.93,0.0154,0.8709,9.6201,16.92
NA,NA,-1,Unknown,Unknown,Unknown,Unknown,4.03,4.03,0.0164,0.8694,10.3943,17.60
NA,NA,-1,Unknown,Unknown,Unknown,Unknown,4.13,4.13,0.0179,0.8721,11.1990,18.25
NA,NA,-1,Unknown,Unknown,Unknown,Unknown,4.24,4.24,0.0195,0.8711,12.0319,18.93
NA,NA,-1,Unknown,Unknown,Unknown,Unknown,4.34,4.34,0.0215,0.8702,13.0716,19.72
NA,NA,-1,Unknown,Unknown,Unknown,Unknown,4.45,4.45,0.0229,0.8728,13.9681,20.22
NA,NA,-1,Unknown,Unknown,Unknown,Unknown,4.55,4.55,0.0245,0.8671,14.8792,20.55
NA,NA,-1,Unknown,Unknown,Unknown,Unknown,4.65,4.65,0.0259,0.8660,15.7994,20.66
NA,NA,-1,Unknown,Unknown,Unknown,Unknown,4.75,4.75,0.0274,0.8668,16.7201,20.66
NA,NA,-1,Unknown,Unknown,Unknown,Unknown,4.85,4.85,0.0288,0.8676,17.6416,20.65
NA,NA,-1,Unknown,Unknown,Unknown,Unknown,4.96,4.96,0.0302,0.8680,18.5638,20.64
NA,NA,-1,Unknown,Unknown,Unknown,Unknown,5.06,5.06,0.0319,0.8681,19.6708,20.63
NA,NA,-1,Unknown,Unknown,Unknown,Unknown,5.17,5.17,0.0333,0.8681,20.5933,20.63
NA,NA,-1,Unknown,Unknown,Unknown,Unknown,5.27,5.27,0.0346,0.8681,21.5155,20.62
NA,NA,-1,Unknown,Unknown,Unknown,Unknown,5.38,5.38,0.0360,0.8681,22.4374,20.62
NA,NA,-1,Unknown,Unknown,Unknown,Unknown,5.48,5.48,0.0374,0.8681,23.3591,20.62
NA,NA,-1,Unknown,Unknown,Unknown,Unknown,5.58,5.58,0.0391,0.8681,24.4649,20.61
NA,NA,-1,Unknown,Unknown,Unknown,Unknown,5.68,5.68,0.0405,0.8681,25.3861,20.61
NA,NA,-1,Unknown,Unknown,Unknown,Unknown,5.78,5.78,0.0419,0.8681,26.3071,20.60
NA,NA,-1,Unknown,Unknown,Unknown,Unknown,5.89,5.89,0.0433,0.8681,27.2279,20.60
NA,NA,-1,Unknown,Unknown,Unknown,Unknown,5.99,5.99,0.0447,0.8681,28.1485,20.59
NA,NA,-1,Unknown,Unknown,Unknown,Unknown,6.09,6.09,0.0461,0.8681,29.0689,20.59
NA,NA,-1,Unknown,Unknown,Unknown,Unknown,6.19,6.19,0.0475,0.8681,29.9891,20.58
NA,NA,-1,Unknown,Unknown,Unknown,Unknown,6.30,6.30,0.0489,0.8681,30.9091,20.58
NA,NA,-1,Unknown,Unknown,Unknown,Unknown,6.40,6.40,0.0506,0.8681,32.0128,20.57
NA,NA,-1,Unknown,Unknown,Unknown,Unknown,6.50,6.50,0.0520,0.8681,32.9324,20.57
NA,NA,-1,Unknown,Unknown,Unknown,Unknown,6.60,6.60,0.0534,0.8681,33.8517,20.56
NA,NA,-1,Unknown,Unknown,Unknown,Unknown,6.70,6.70,0.0548,0.8681,34.7708,20.56
NA,NA,-1,Unknown,Unknown,Unknown,Unknown,6.81,6.81,0.0562,0.8681,35.6897,20.55
NA,NA,-1,Unknown,Unknown,Unknown,Unknown,6.91,6.91,0.0576,0.8681,36.6084,20.55
NA,NA,-1,Unknown,Unknown,Unknown,Unknown,7.02,7.02,0.0593,0.8681,37.7106,20.54
NA,NA,-1,Unknown,Unknown,Unknown,Unknown,7.13,7.13,0.0607,0.8681,38.6289,20.54
NA,NA,-1,Unknown,Unknown,Unknown,Unknown,7.23,7.23,0.0621,0.8681,39.5469,20.53
NA,NA,-1,Unknown,Unknown,Unknown,Unknown,7.34,7.34,0.0635,0.8681,40.4647,20.53
NA,NA,-1,Unknown,Unknown,Unknown,Unknown,7.44,7.44,0.0651,0.8681,41.5659,20.52
NA,NA,-1,Unknown,Unknown,Unknown,Unknown,7.54,7.54,0.0665,0.8681,42.4832,20.52
NA,NA,-1,Unknown,Unknown,Unknown,Unknown,7.65,7.65,0.0679,0.8681,43.4004,20.51
NA,NA,-1,Unknown,Unknown,Unknown,Unknown,7.75,7.75,0.0775,0.8681,44.3171,20.50
NA,NA,-1,Unknown,Unknown,Unknown,Unknown,7.85,7.85,0.1103,0.8681,45.2313,20.44
NA,NA,-1,Unknown,Unknown,Unknown,Unknown,7.96,7.96,0.1622,0.8691,46.1407,20.32
NA,NA,-1,Unknown,Unknown,Unknown,Unknown,8.06,8.06,0.2831,0.8680,47.2165,20.11
NA,NA,-1,Unknown,Unknown,Unknown,Unknown,8.17,8.17,0.4379,0.8654,48.0970,19.97
NA,NA,-1,Unknown,Unknown,Unknown,Unknown,8.27,8.27,0.6324,0.8694,48.9635,19.84
NA,NA,-1,Unknown,Unknown,Unknown,Unknown,8.37,8.37,0.8751,0.8694,49.8116,19.71
NA,NA,-1,Unknown,Unknown,Unknown,Unknown,8.48,8.48,1.1206,0.8626,50.6568,19.69
NA,NA,-1,Unknown,Unknown,Unknown,Unknown,8.59,8.59,1.3996,0.8644,51.6722,19.59
NA,NA,-1,Unknown,Unknown,Unknown,Unknown,8.69,8.69,1.6096,0.8712,52.5202,19.45
NA,NA,-1,Unknown,Unknown,Unknown,Unknown,8.79,8.79,1.7914,0.8663,53.3656,19.31
NA,NA,-1,Unknown,Unknown,Unknown,Unknown,8.90,8.90,1.9462,0.8683,54.3813,19.16
NA,NA,-1,Unknown,Unknown,Unknown,Unknown,9.01,9.01,2.0334,0.8672,55.2318,19.10
NA,NA,-1,Unknown,Unknown,Unknown,Unknown,9.12,9.12,2.1063,0.8669,56.2540,19.12
NA,NA,-1,Unknown,Unknown,Unknown,Unknown,9.23,9.23,2.1710,0.8653,57.1052,19.09
NA,NA,-1,Unknown,Unknown,Unknown,Unknown,9.33,9.33,2.2515,0.8660,57.9529,19.02
NA,NA,-1,Unknown,Unknown,Unknown,Unknown,9.43,9.43,2.3532,0.8697,58.7958,18.89
NA,NA,-1,Unknown,Unknown,Unknown,Unknown,9.54,9.54,2.4802,0.8692,59.6245,18.75
NA,NA,-1,Unknown,Unknown,Unknown,Unknown,9.64,9.64,2.6825,0.8678,60.6070,18.71
NA,NA,-1,Unknown,Unknown,Unknown,Unknown,9.74,9.74,2.8620,0.8641,61.4189,18.54
NA,NA,-1,Unknown,Unknown,Unknown,Unknown,9.85,9.85,3.0252,0.8636,62.2174,18.14
NA,NA,-1,Unknown,Unknown,Unknown,Unknown,9.95,9.95,3.1696,0.8686,62.9989,17.55
NA,NA,-1,Unknown,Unknown,Unknown,Unknown,10.06,10.06,3.2764,0.8714,63.7609,16.85
NA,NA,-1,Unknown,Unknown,Unknown,Unknown,10.16,10.16,3.3487,0.8656,64.4948,16.19
NA,NA,-1,Unknown,Unknown,Unknown,Unknown,10.26,10.26,3.3864,0.8687,65.3326,15.42
NA,NA,-1,Unknown,Unknown,Unknown,Unknown,10.37,10.37,3.4015,0.8646,66.0081,14.95
NA,NA,-1,Unknown,Unknown,Unknown,Unknown,10.47,10.47,3.4101,0.8651,66.6623,14.57
NA,NA,-1,Unknown,Unknown,Unknown,Unknown,10.57,10.57,3.4202,0.8654,67.3030,14.33
NA,NA,-1,Unknown,Unknown,Unknown,Unknown,10.68,10.68,3.4271,0.8661,67.9457,14.31
NA,NA,-1,Unknown,Unknown,Unknown,Unknown,10.78,10.78,3.4331,0.8672,68.5883,14.31
NA,NA,-1,Unknown,Unknown,Unknown,Unknown,10.88,10.88,3.4400,0.8683,69.3552,14.21
NA,NA,-1,Unknown,Unknown,Unknown,Unknown,10.99,10.99,3.4454,0.8682,69.9810,13.92
NA,NA,-1,Unknown,Unknown,Unknown,Unknown,11.09,11.09,3.4408,0.8670,70.5854,13.40
NA,NA,-1,Unknown,Unknown,Unknown,Unknown,11.20,11.20,3.4259,0.8636,71.1699,12.82
NA,NA,-1,Unknown,Unknown,Unknown,Unknown,11.30,11.30,3.4047,0.8631,71.8217,11.88
NA,NA,-1,Unknown,Unknown,Unknown,Unknown,11.41,11.41,3.3874,0.8628,72.3339,11.08
NA,NA,-1,Unknown,Unknown,Unknown,Unknown,11.51,11.51,3.3735,0.8635,72.8144,10.50
NA,NA,-1,Unknown,Unknown,Unknown,Unknown,11.61,11.61,3.3612,0.8636,73.2656,9.81
NA,NA,-1,Unknown,Unknown,Unknown,Unknown,11.73,11.73,3.3398,0.8638,73.7660,9.00
NA,NA,-1,Unknown,Unknown,Unknown,Unknown,11.83,11.83,3.3079,0.8641,74.1536,8.47
NA,NA,-1,Unknown,Unknown,Unknown,Unknown,11.94,11.94,3.2597,0.8651,74.5225,8.13
NA,NA,-1,Unknown,Unknown,Unknown,Unknown,12.04,12.04,3.1967,0.8660,74.8800,8.02
NA,NA,-1,Unknown,Unknown,Unknown,Unknown,12.14,12.14,3.1216,0.8669,75.2324,8.00
NA,NA,-1,Unknown,Unknown,Unknown,Unknown,12.24,12.24,3.0184,0.8669,75.6488,7.99
NA,NA,-1,Unknown,Unknown,Unknown,Unknown,12.35,12.35,2.9194,0.8668,75.9912,7.98
NA,NA,-1,Unknown,Unknown,Unknown,Unknown,12.45,12.45,2.8100,0.8669,76.3300,7.97
NA,NA,-1,Unknown,Unknown,Unknown,Unknown,12.56,12.56,2.6914,0.8669,76.6652,7.96
NA,NA,-1,Unknown,Unknown,Unknown,Unknown,12.66,12.66,2.5646,0.8667,76.9970,7.96
NA,NA,-1,Unknown,Unknown,Unknown,Unknown,12.76,12.76,2.4350,0.8668,77.3283,7.97
NA,NA,-1,Unknown,Unknown,Unknown,Unknown,12.86,12.86,2.2829,0.8672,77.7280,7.98
NA,NA,-1,Unknown,Unknown,Unknown,Unknown,12.96,12.96,2.1634,0.8679,78.0639,7.97
NA,NA,-1,Unknown,Unknown,Unknown,Unknown,13.06,13.06,2.0483,0.8700,78.4015,7.97
NA,NA,-1,Unknown,Unknown,Unknown,Unknown,13.17,13.17,1.9369,0.8700,78.7394,7.96
NA,NA,-1,Unknown,Unknown,Unknown,Unknown,13.27,13.27,1.8298,0.8683,79.0782,7.96
NA,NA,-1,Unknown,Unknown,Unknown,Unknown,13.37,13.37,1.7258,0.8672,79.4180,7.96
NA,NA,-1,Unknown,Unknown,Unknown,Unknown,13.48,13.48,1.6237,0.8668,79.7585,7.95
NA,NA,-1,Unknown,Unknown,Unknown,Unknown,13.58,13.58,1.5027,0.8669,80.1676,7.95
NA,NA,-1,Unknown,Unknown,Unknown,Unknown,13.68,13.68,1.4022,0.8672,80.5086,7.95
NA,NA,-1,Unknown,Unknown,Unknown,Unknown,13.79,13.79,1.3014,0.8674,80.8494,7.95
NA,NA,-1,Unknown,Unknown,Unknown,Unknown,13.90,13.90,1.2000,0.8675,81.1899,7.95
NA,NA,-1,Unknown,Unknown,Unknown,Unknown,14.00,14.00,1.0775,0.8690,81.5975,7.95
NA,NA,-1,Unknown,Unknown,Unknown,Unknown,14.11,14.11,0.9741,0.8700,81.9368,7.94
NA,NA,-1,Unknown,Unknown,Unknown,Unknown,14.21,14.21,0.8701,0.8687,82.2768,7.94
NA,NA,-1,Unknown,Unknown,Unknown,Unknown,14.32,14.32,0.7665,0.8675,82.6167,7.94
NA,NA,-1,Unknown,Unknown,Unknown,Unknown,14.43,14.43,0.6422,0.8670,83.0241,7.94
NA,NA,-1,Unknown,Unknown,Unknown,Unknown,14.53,14.53,0.5387,0.8670,83.3634,7.93
NA,NA,-1,Unknown,Unknown,Unknown,Unknown,14.64,14.64,0.4146,0.8672,83.7704,7.93
NA,NA,-1,Unknown,Unknown,Unknown,Unknown,14.75,14.75,0.3113,0.8674,84.1096,7.93
NA,NA,-1,Unknown,Unknown,Unknown,Unknown,14.85,14.85,0.2080,0.8674,84.4487,7.93
NA,NA,-1,Unknown,Unknown,Unknown,Unknown,14.96,14.96,0.1048,0.8674,84.7877,7.93
NA,NA,-1,Unknown,Unknown,Unknown,Unknown,15.06,15.06,-0.0190,0.8674,85.1945,7.93
NA,NA,-1,Unknown,Unknown,Unknown,Unknown,15.17,15.17,-0.1255,0.8674,85.5323,7.92
NA,NA,-1,Unknown,Unknown,Unknown,Unknown,15.27,15.27,-0.2416,0.8674,85.8659,7.89
NA,NA,-1,Unknown,Unknown,Unknown,Unknown,15.38,15.38,-0.3702,0.8672,86.1930,7.85
NA,NA,-1,Unknown,Unknown,Unknown,Unknown,15.48,15.48,-0.5401,0.8667,86.5759,7.78
NA,NA,-1,Unknown,Unknown,Unknown,Unknown,15.59,15.59,-0.6977,0.8668,86.8852,7.79
NA,NA,-1,Unknown,Unknown,Unknown,Unknown,15.69,15.69,-0.8691,0.8671,87.1938,7.99
NA,NA,-1,Unknown,Unknown,Unknown,Unknown,15.80,15.80,-1.0568,0.8688,87.5111,8.40
NA,NA,-1,Unknown,Unknown,Unknown,Unknown,15.90,15.90,-1.2645,0.8695,87.8423,8.93
NA,NA,-1,Unknown,Unknown,Unknown,Unknown,16.00,16.00,-1.5005,0.8679,88.1907,9.67
NA,NA,-1,Unknown,Unknown,Unknown,Unknown,16.10,16.10,-1.8177,0.8686,88.6320,10.46
NA,NA,-1,Unknown,Unknown,Unknown,Unknown,16.20,16.20,-2.1120,0.8690,89.0161,11.09
NA,NA,-1,Unknown,Unknown,Unknown,Unknown,16.31,16.31,-2.4376,0.8695,89.4152,11.81
NA,NA,-1,Unknown,Unknown,Unknown,Unknown,16.42,16.42,-2.7851,0.8711,89.8369,12.47
NA,NA,-1,Unknown,Unknown,Unknown,Unknown,16.52,16.52,-3.2274,0.8699,90.3719,13.29
NA,NA,-1,Unknown,Unknown,Unknown,Unknown,16.62,16.62,-3.6031,0.8698,90.8518,13.93
NA,NA,-1,Unknown,Unknown,Unknown,Unknown,16.73,16.73,-3.9743,0.8681,91.3666,14.53
NA,NA,-1,Unknown,Unknown,Unknown,Unknown,16.84,16.84,-4.3371,0.8683,91.9165,15.02
NA,NA,-1,Unknown,Unknown,Unknown,Unknown,16.95,16.95,-4.7766,0.8683,92.6129,15.52
NA,NA,-1,Unknown,Unknown,Unknown,Unknown,17.06,17.06,-5.1613,0.8705,93.1989,15.69
NA,NA,-1,Unknown,Unknown,Unknown,Unknown,17.17,17.17,-5.6374,0.8680,93.8898,15.67
NA,NA,-1,Unknown,Unknown,Unknown,Unknown,17.27,17.27,-6.0393,0.8655,94.4608,15.65
NA,NA,-1,Unknown,Unknown,Unknown,Unknown,17.38,17.38,-6.5233,0.8664,95.1463,15.65
NA,NA,-1,Unknown,Unknown,Unknown,Unknown,17.48,17.48,-6.9290,0.8675,95.7161,15.64
NA,NA,-1,Unknown,Unknown,Unknown,Unknown,17.59,17.59,-7.3257,0.8682,96.2914,15.62
NA,NA,-1,Unknown,Unknown,Unknown,Unknown,17.69,17.69,-7.7037,0.8684,96.8742,15.49
NA,NA,-1,Unknown,Unknown,Unknown,Unknown,17.80,17.80,-8.0744,0.8662,97.4517,15.21
NA,NA,-1,Unknown,Unknown,Unknown,Unknown,17.90,17.90,-8.4287,0.8679,98.0144,14.76
NA,NA,-1,Unknown,Unknown,Unknown,Unknown,18.00,18.00,-8.8318,0.8649,98.6587,13.93
NA,NA,-1,Unknown,Unknown,Unknown,Unknown,18.11,18.11,-9.1467,0.8640,99.1738,13.32
NA,NA,-1,Unknown,Unknown,Unknown,Unknown,18.22,18.22,-9.4398,0.8643,99.6711,12.71
NA,NA,-1,Unknown,Unknown,Unknown,Unknown,18.32,18.32,-9.7574,0.8663,100.2607,12.25
NA,NA,-1,Unknown,Unknown,Unknown,Unknown,18.43,18.43,-9.9907,0.8687,100.7551,12.05
NA,NA,-1,Unknown,Unknown,Unknown,Unknown,18.53,18.53,-10.1988,0.8696,101.2492,12.03
NA,NA,-1,Unknown,Unknown,Unknown,Unknown,18.64,18.64,-10.3832,0.8666,101.7533,11.96
NA,NA,-1,Unknown,Unknown,Unknown,Unknown,18.74,18.74,-10.5690,0.8680,102.3656,11.93
NA,NA,-1,Unknown,Unknown,Unknown,Unknown,18.85,18.85,-10.7028,0.8671,102.8806,11.90
NA,NA,-1,Unknown,Unknown,Unknown,Unknown,18.96,18.96,-10.8354,0.8662,103.5036,11.87
NA,NA,-1,Unknown,Unknown,Unknown,Unknown,19.07,19.07,-10.9223,0.8667,104.0264,11.86
NA,NA,-1,Unknown,Unknown,Unknown,Unknown,19.18,19.18,-11.0010,0.8670,104.6561,11.82
NA,NA,-1,Unknown,Unknown,Unknown,Unknown,19.29,19.29,-11.0429,0.8667,105.1816,11.79
NA,NA,-1,Unknown,Unknown,Unknown,Unknown,19.39,19.39,-11.0654,0.8670,105.7113,11.93
NA,NA,-1,Unknown,Unknown,Unknown,Unknown,19.50,19.50,-11.0670,0.8689,106.2511,12.23
NA,NA,-1,Unknown,Unknown,Unknown,Unknown,19.60,19.60,-11.0495,0.8675,106.8098,12.71
NA,NA,-1,Unknown,Unknown,Unknown,Unknown,19.70,19.70,-11.0055,0.8669,107.3954,13.40
NA,NA,-1,Unknown,Unknown,Unknown,Unknown,19.80,19.80,-10.9398,0.8687,108.0054,13.98
NA,NA,-1,Unknown,Unknown,Unknown,Unknown,19.91,19.91,-10.8302,0.8680,108.7744,14.80
NA,NA,-1,Unknown,Unknown,Unknown,Unknown,20.01,20.01,-10.7226,0.8683,109.4499,15.52
NA,NA,-1,Unknown,Unknown,Unknown,Unknown,20.12,20.12,-10.6097,0.8703,110.1563,16.19
NA,NA,-1,Unknown,Unknown,Unknown,Unknown,20.22,20.22,-10.4681,0.8686,111.0380,17.02
NA,NA,-1,Unknown,Unknown,Unknown,Unknown,20.33,20.33,-10.3473,0.8713,111.8072,17.66
NA,NA,-1,Unknown,Unknown,Unknown,Unknown,20.43,20.43,-10.2207,0.8701,112.6033,18.29
NA,NA,-1,Unknown,Unknown,Unknown,Unknown,20.54,20.54,-10.0639,0.8714,113.4215,18.89
NA,NA,-1,Unknown,Unknown,Unknown,Unknown,20.64,20.64,-9.8269,0.8683,114.4208,19.47
NA,NA,-1,Unknown,Unknown,Unknown,Unknown,20.75,20.75,-9.5838,0.8757,115.2626,19.68
NA,NA,-1,Unknown,Unknown,Unknown,Unknown,20.85,20.85,-9.3096,0.8668,116.0966,19.66
NA,NA,-1,Unknown,Unknown,Unknown,Unknown,20.96,20.96,-8.9048,0.8664,117.0742,19.68
NA,NA,-1,Unknown,Unknown,Unknown,Unknown,21.07,21.07,-8.5272,0.8686,117.8623,19.49
NA,NA,-1,Unknown,Unknown,Unknown,Unknown,21.17,21.17,-8.1546,0.8623,118.6325,19.07
NA,NA,-1,Unknown,Unknown,Unknown,Unknown,21.29,21.29,-7.7318,0.8661,119.5405,18.50
NA,NA,-1,Unknown,Unknown,Unknown,Unknown,21.39,21.39,-7.4082,0.8690,120.2983,18.20
NA,NA,-1,Unknown,Unknown,Unknown,Unknown,21.50,21.50,-7.1166,0.8679,121.0546,18.06
NA,NA,-1,Unknown,Unknown,Unknown,Unknown,21.60,21.60,-6.7998,0.8659,121.9631,17.84
NA,NA,-1,Unknown,Unknown,Unknown,Unknown,21.71,21.71,-6.5494,0.8669,122.7078,17.49
NA,NA,-1,Unknown,Unknown,Unknown,Unknown,21.81,21.81,-6.3076,0.8650,123.4289,16.90
NA,NA,-1,Unknown,Unknown,Unknown,Unknown,21.92,21.92,-6.0790,0.8641,124.1243,16.16
NA,NA,-1,Unknown,Unknown,Unknown,Unknown,22.02,22.02,-5.8216,0.8642,124.9255,15.34
NA,NA,-1,Unknown,Unknown,Unknown,Unknown,22.12,22.12,-5.6177,0.8642,125.5613,14.65
NA,NA,-1,Unknown,Unknown,Unknown,Unknown,22.22,22.22,-5.4239,0.8639,126.1681,13.97
NA,NA,-1,Unknown,Unknown,Unknown,Unknown,22.33,22.33,-5.2399,0.8639,126.7458,13.27
NA,NA,-1,Unknown,Unknown,Unknown,Unknown,22.43,22.43,-5.0656,0.8635,127.2944,12.58
NA,NA,-1,Unknown,Unknown,Unknown,Unknown,22.54,22.54,-4.8933,0.8647,127.8114,11.91
NA,NA,-1,Unknown,Unknown,Unknown,Unknown,22.64,22.64,-4.6788,0.8650,128.3855,11.02
NA,NA,-1,Unknown,Unknown,Unknown,Unknown,22.75,22.75,-4.4909,0.8657,128.8211,10.28
NA,NA,-1,Unknown,Unknown,Unknown,Unknown,22.85,22.85,-4.3102,0.8642,129.2216,9.57
NA,NA,-1,Unknown,Unknown,Unknown,Unknown,22.96,22.96,-4.1530,0.8652,129.6019,9.02
NA,NA,-1,Unknown,Unknown,Unknown,Unknown,23.06,23.06,-4.0179,0.8654,129.9721,8.60
NA,NA,-1,Unknown,Unknown,Unknown,Unknown,23.16,23.16,-3.8863,0.8668,130.4106,8.39
NA,NA,-1,Unknown,Unknown,Unknown,Unknown,23.27,23.27,-3.7934,0.8662,130.7746,8.39
NA,NA,-1,Unknown,Unknown,Unknown,Unknown,23.37,23.37,-3.7047,0.8658,131.1392,8.41
NA,NA,-1,Unknown,Unknown,Unknown,Unknown,23.47,23.47,-3.6132,0.8663,131.5035,8.41
NA,NA,-1,Unknown,Unknown,Unknown,Unknown,23.57,23.57,-3.5165,0.8670,131.8665,8.42
NA,NA,-1,Unknown,Unknown,Unknown,Unknown,23.67,23.67,-3.4164,0.8676,132.2339,8.57
NA,NA,-1,Unknown,Unknown,Unknown,Unknown,23.78,23.78,-3.2875,0.8686,132.6928,9.02
NA,NA,-1,Unknown,Unknown,Unknown,Unknown,23.89,23.89,-3.1731,0.8690,133.0979,9.63
NA,NA,-1,Unknown,Unknown,Unknown,Unknown,23.99,23.99,-3.0506,0.8710,133.5308,10.25
NA,NA,-1,Unknown,Unknown,Unknown,Unknown,24.10,24.10,-2.9306,0.8697,133.9906,10.94
NA,NA,-1,Unknown,Unknown,Unknown,Unknown,24.20,24.20,-2.7809,0.8708,134.5823,11.63
NA,NA,-1,Unknown,Unknown,Unknown,Unknown,24.31,24.31,-2.6490,0.8701,135.0949,11.99
NA,NA,-1,Unknown,Unknown,Unknown,Unknown,24.41,24.41,-2.5130,0.8683,135.6145,12.11
NA,NA,-1,Unknown,Unknown,Unknown,Unknown,24.52,24.52,-2.3842,0.8678,136.1367,12.11
NA,NA,-1,Unknown,Unknown,Unknown,Unknown,24.62,24.62,-2.2717,0.8676,136.6620,12.06
NA,NA,-1,Unknown,Unknown,Unknown,Unknown,24.73,24.73,-2.1422,0.8673,137.2943,12.04
NA,NA,-1,Unknown,Unknown,Unknown,Unknown,24.83,24.83,-2.0353,0.8663,137.8224,12.04
NA,NA,-1,Unknown,Unknown,Unknown,Unknown,24.94,24.94,-1.9070,0.8671,138.4552,12.04
NA,NA,-1,Unknown,Unknown,Unknown,Unknown,25.04,25.04,-1.8007,0.8679,138.9824,12.04
NA,NA,-1,Unknown,Unknown,Unknown,Unknown,25.15,25.15,-1.6939,0.8683,139.5094,12.03
NA,NA,-1,Unknown,Unknown,Unknown,Unknown,25.25,25.25,-1.5860,0.8684,140.0361,12.03
NA,NA,-1,Unknown,Unknown,Unknown,Unknown,25.35,25.35,-1.4817,0.8683,140.5635,12.02
NA,NA,-1,Unknown,Unknown,Unknown,Unknown,25.45,25.45,-1.3817,0.8681,141.0912,12.01
NA,NA,-1,Unknown,Unknown,Unknown,Unknown,25.55,25.55,-1.2770,0.8681,141.6179,12.01
NA,NA,-1,Unknown,Unknown,Unknown,Unknown,25.65,25.65,-1.1740,0.8681,142.1449,12.01
NA,NA,-1,Unknown,Unknown,Unknown,Unknown,25.76,25.76,-1.0794,0.8681,142.6730,12.00
NA,NA,-1,Unknown,Unknown,Unknown,Unknown,25.86,25.86,-0.9830,0.8681,143.2005,11.99
NA,NA,-1,Unknown,Unknown,Unknown,Unknown,25.96,25.96,-0.8927,0.8681,143.7289,11.99
NA,NA,-1,Unknown,Unknown,Unknown,Unknown,26.06,26.06,-0.8032,0.8681,144.2571,11.98
NA,NA,-1,Unknown,Unknown,Unknown,Unknown,26.16,26.16,-0.7004,0.8681,144.8916,11.98
NA,NA,-1,Unknown,Unknown,Unknown,Unknown,26.26,26.26,-0.6200,0.8681,145.4207,11.97
NA,NA,-1,Unknown,Unknown,Unknown,Unknown,26.37,26.37,-0.5364,0.8681,145.9492,11.97
NA,NA,-1,Unknown,Unknown,Unknown,Unknown,26.47,26.47,-0.4584,0.8681,146.4784,11.96
NA,NA,-1,Unknown,Unknown,Unknown,Unknown,26.57,26.57,-0.3850,0.8681,147.0079,11.96
NA,NA,-1,Unknown,Unknown,Unknown,Unknown,26.68,26.68,-0.3077,0.8681,147.5367,11.95
NA,NA,-1,Unknown,Unknown,Unknown,Unknown,26.78,26.78,-0.2309,0.8681,148.0655,11.95
NA,NA,-1,Unknown,Unknown,Unknown,Unknown,26.88,26.88,-0.1466,0.8681,148.7007,11.94
NA,NA,-1,Unknown,Unknown,Unknown,Unknown,26.98,26.98,-0.0870,0.8681,149.2323,12.00
NA,NA,-1,Unknown,Unknown,Unknown,Unknown,27.08,27.08,-0.0216,0.8685,149.7743,12.28
NA,NA,-1,Unknown,Unknown,Unknown,Unknown,27.18,27.18,0.0462,0.8696,150.3354,12.75
NA,NA,-1,Unknown,Unknown,Unknown,Unknown,27.29,27.29,0.1164,0.8708,150.9207,13.38
NA,NA,-1,Unknown,Unknown,Unknown,Unknown,27.39,27.39,0.1884,0.8705,151.5337,14.09
NA,NA,-1,Unknown,Unknown,Unknown,Unknown,27.49,27.49,0.2658,0.8698,152.1761,14.77
NA,NA,-1,Unknown,Unknown,Unknown,Unknown,27.60,27.60,0.3385,0.8698,152.8477,15.35
NA,NA,-1,Unknown,Unknown,Unknown,Unknown,27.70,27.70,0.4096,0.8697,153.6947,16.19
NA,NA,-1,Unknown,Unknown,Unknown,Unknown,27.80,27.80,0.4734,0.8710,154.4350,16.85
NA,NA,-1,Unknown,Unknown,Unknown,Unknown,27.91,27.91,0.5373,0.8693,155.2034,17.53
NA,NA,-1,Unknown,Unknown,Unknown,Unknown,28.01,28.01,0.6027,0.8702,156.0012,18.15
NA,NA,-1,Unknown,Unknown,Unknown,Unknown,28.11,28.11,0.6738,0.8706,156.8304,18.86
NA,NA,-1,Unknown,Unknown,Unknown,Unknown,28.22,28.22,0.7605,0.8693,157.8617,19.67
NA,NA,-1,Unknown,Unknown,Unknown,Unknown,28.32,28.32,0.8359,0.8715,158.7553,20.32
NA,NA,-1,Unknown,Unknown,Unknown,Unknown,28.42,28.42,0.9138,0.8710,159.6774,21.00
NA,NA,-1,Unknown,Unknown,Unknown,Unknown,28.52,28.52,0.9941,0.8696,160.6304,21.66
NA,NA,-1,Unknown,Unknown,Unknown,Unknown,28.63,28.63,1.0769,0.8725,161.6130,22.32
NA,NA,-1,Unknown,Unknown,Unknown,Unknown,28.73,28.73,1.1621,0.8708,162.6241,22.99
NA,NA,-1,Unknown,Unknown,Unknown,Unknown,28.85,28.85,1.2678,0.8699,163.8777,23.79
NA,NA,-1,Unknown,Unknown,Unknown,Unknown,28.95,28.95,1.3597,0.8729,164.9544,24.42
NA,NA,-1,Unknown,Unknown,Unknown,Unknown,29.05,29.05,1.4522,0.8714,166.0613,25.12
NA,NA,-1,Unknown,Unknown,Unknown,Unknown,29.16,29.16,1.5482,0.8709,167.1969,25.79
NA,NA,-1,Unknown,Unknown,Unknown,Unknown,29.26,29.26,1.6668,0.8732,168.5992,26.51
NA,NA,-1,Unknown,Unknown,Unknown,Unknown,29.37,29.37,1.7699,0.8712,169.8021,27.24
NA,NA,-1,Unknown,Unknown,Unknown,Unknown,29.47,29.47,1.8731,0.8715,171.0327,27.88
NA,NA,-1,Unknown,Unknown,Unknown,Unknown,29.58,29.58,1.9758,0.8717,172.2925,28.58
NA,NA,-1,Unknown,Unknown,Unknown,Unknown,29.68,29.68,2.0836,0.8692,173.8403,29.24
NA,NA,-1,Unknown,Unknown,Unknown,Unknown,29.79,29.79,2.1445,0.8694,175.1600,29.80
NA,NA,-1,Unknown,Unknown,Unknown,Unknown,29.89,29.89,2.2025,0.8672,176.5000,30.14
NA,NA,-1,Unknown,Unknown,Unknown,Unknown,29.99,29.99,2.2411,0.8696,177.8487,30.24
NA,NA,-1,Unknown,Unknown,Unknown,Unknown,30.10,30.10,2.2641,0.8658,179.1986,30.24
NA,NA,-1,Unknown,Unknown,Unknown,Unknown,30.20,30.20,2.2762,0.8656,180.5508,30.26
NA,NA,-1,Unknown,Unknown,Unknown,Unknown,30.30,30.30,2.2777,0.8689,182.1829,30.53
NA,NA,-1,Unknown,Unknown,Unknown,Unknown,30.41,30.41,2.2709,0.8687,183.5601,30.95
NA,NA,-1,Unknown,Unknown,Unknown,Unknown,30.51,30.51,2.2543,0.8704,184.9633,31.56
NA,NA,-1,Unknown,Unknown,Unknown,Unknown,30.61,30.61,2.2311,0.8704,186.3950,32.25
NA,NA,-1,Unknown,Unknown,Unknown,Unknown,30.72,30.72,2.1993,0.8699,187.8551,32.90
NA,NA,-1,Unknown,Unknown,Unknown,Unknown,30.82,30.82,2.1597,0.8724,189.6436,33.68
NA,NA,-1,Unknown,Unknown,Unknown,Unknown,30.93,30.93,2.1260,0.8723,191.1692,34.38
NA,NA,-1,Unknown,Unknown,Unknown,Unknown,31.03,31.03,2.0925,0.8724,192.7219,35.04
NA,NA,-1,Unknown,Unknown,Unknown,Unknown,31.15,31.15,2.0515,0.8714,194.6253,35.84
NA,NA,-1,Unknown,Unknown,Unknown,Unknown,31.25,31.25,2.0086,0.8719,196.2431,36.42
NA,NA,-1,Unknown,Unknown,Unknown,Unknown,31.36,31.36,1.9318,0.8704,197.8816,36.96
NA,NA,-1,Unknown,Unknown,Unknown,Unknown,31.46,31.46,1.8116,0.8684,199.5365,37.27
NA,NA,-1,Unknown,Unknown,Unknown,Unknown,31.56,31.56,1.6088,0.8673,201.5346,37.55
NA,NA,-1,Unknown,Unknown,Unknown,Unknown,31.67,31.67,1.3740,0.8679,203.2081,37.91
NA,NA,-1,Unknown,Unknown,Unknown,Unknown,31.78,31.78,1.0838,0.8675,204.8921,38.40
NA,NA,-1,Unknown,Unknown,Unknown,Unknown,31.88,31.88,0.6659,0.8677,206.9351,39.28
NA,NA,-1,Unknown,Unknown,Unknown,Unknown,31.99,31.99,0.2694,0.8678,208.6660,40.09
NA,NA,-1,Unknown,Unknown,Unknown,Unknown,32.09,32.09,-0.1478,0.8673,210.4296,40.67
NA,NA,-1,Unknown,Unknown,Unknown,Unknown,32.20,32.20,-0.5349,0.8724,212.2151,40.95
NA,NA,-1,Unknown,Unknown,Unknown,Unknown,32.30,32.30,-0.8979,0.8741,214.0025,40.86
NA,NA,-1,Unknown,Unknown,Unknown,Unknown,32.40,32.40,-1.2290,0.8621,215.7964,40.85
NA,NA,-1,Unknown,Unknown,Unknown,Unknown,32.50,32.50,-1.5778,0.8676,217.9583,40.82
NA,NA,-1,Unknown,Unknown,Unknown,Unknown,32.61,32.61,-1.8387,0.8696,219.7603,40.75
NA,NA,-1,Unknown,Unknown,Unknown,Unknown,32.71,32.71,-2.0586,0.8688,221.5682,40.66
NA,NA,-1,Unknown,Unknown,Unknown,Unknown,32.81,32.81,-2.2386,0.8684,223.3750,40.57
NA,NA,-1,Unknown,Unknown,Unknown,Unknown,32.91,32.91,-2.3699,0.8687,225.1805,40.43
NA,NA,-1,Unknown,Unknown,Unknown,Unknown,33.02,33.02,-2.4449,0.8699,226.9799,40.22
NA,NA,-1,Unknown,Unknown,Unknown,Unknown,33.12,33.12,-2.4648,0.8691,229.1275,39.93
NA,NA,-1,Unknown,Unknown,Unknown,Unknown,33.22,33.22,-2.4198,0.8692,230.9086,39.86
NA,NA,-1,Unknown,Unknown,Unknown,Unknown,33.33,33.33,-2.3248,0.8688,232.6907,40.05
NA,NA,-1,Unknown,Unknown,Unknown,Unknown,33.44,33.44,-2.1864,0.8673,234.4836,40.39
NA,NA,-1,Unknown,Unknown,Unknown,Unknown,33.54,33.54,-1.9554,0.8702,236.6581,41.05
NA,NA,-1,Unknown,Unknown,Unknown,Unknown,33.65,33.65,-1.7157,0.8685,238.4906,41.68
NA,NA,-1,Unknown,Unknown,Unknown,Unknown,33.75,33.75,-1.4298,0.8688,240.3451,42.29
NA,NA,-1,Unknown,Unknown,Unknown,Unknown,33.85,33.85,-1.1125,0.8671,242.2261,42.96
NA,NA,-1,Unknown,Unknown,Unknown,Unknown,33.95,33.95,-0.7852,0.8713,244.1422,43.57
NA,NA,-1,Unknown,Unknown,Unknown,Unknown,34.05,34.05,-0.4502,0.8706,246.0751,43.98
NA,NA,-1,Unknown,Unknown,Unknown,Unknown,34.16,34.16,-0.0556,0.8740,248.4054,44.20
NA,NA,-1,Unknown,Unknown,Unknown,Unknown,34.27,34.27,0.2536,0.8675,250.3522,44.22
NA,NA,-1,Unknown,Unknown,Unknown,Unknown,34.39,34.39,0.6074,0.8674,252.6958,44.18
NA,NA,-1,Unknown,Unknown,Unknown,Unknown,34.49,34.49,0.8673,0.8678,254.6510,44.11
NA,NA,-1,Unknown,Unknown,Unknown,Unknown,34.60,34.60,1.1007,0.8665,256.6076,44.08
NA,NA,-1,Unknown,Unknown,Unknown,Unknown,34.70,34.70,1.3093,0.8674,258.5661,44.05
NA,NA,-1,Unknown,Unknown,Unknown,Unknown,34.80,34.80,1.5353,0.8694,260.9192,44.01
NA,NA,-1,Unknown,Unknown,Unknown,Unknown,34.91,34.91,1.6986,0.8708,262.8770,44.00
NA,NA,-1,Unknown,Unknown,Unknown,Unknown,35.01,35.01,1.8461,0.8686,264.8380,43.98
NA,NA,-1,Unknown,Unknown,Unknown,Unknown,35.11,35.11,1.9783,0.8667,266.7978,43.89
NA,NA,-1,Unknown,Unknown,Unknown,Unknown,35.21,35.21,2.1028,0.8677,268.7491,43.66
NA,NA,-1,Unknown,Unknown,Unknown,Unknown,35.32,35.32,2.2183,0.8658,270.6830,43.18
NA,NA,-1,Unknown,Unknown,Unknown,Unknown,35.42,35.42,2.3253,0.8645,272.5909,42.58
NA,NA,-1,Unknown,Unknown,Unknown,Unknown,35.52,35.52,2.4435,0.8630,274.8416,41.73
NA,NA,-1,Unknown,Unknown,Unknown,Unknown,35.63,35.63,2.5338,0.8620,276.6868,41.04
NA,NA,-1,Unknown,Unknown,Unknown,Unknown,35.73,35.73,2.6177,0.8617,278.5022,40.34
NA,NA,-1,Unknown,Unknown,Unknown,Unknown,35.83,35.83,2.6964,0.8614,280.2866,39.65
NA,NA,-1,Unknown,Unknown,Unknown,Unknown,35.94,35.94,2.7699,0.8615,282.0400,38.96
NA,NA,-1,Unknown,Unknown,Unknown,Unknown,36.04,36.04,2.8513,0.8616,284.1033,38.12
NA,NA,-1,Unknown,Unknown,Unknown,Unknown,36.15,36.15,2.9137,0.8616,285.7890,37.44
NA,NA,-1,Unknown,Unknown,Unknown,Unknown,36.25,36.25,2.9647,0.8620,287.4442,36.72
NA,NA,-1,Unknown,Unknown,Unknown,Unknown,36.36,36.36,2.9816,0.8675,289.0717,36.06
NA,NA,-1,Unknown,Unknown,Unknown,Unknown,36.46,36.46,2.9773,0.8646,290.6708,35.36
NA,NA,-1,Unknown,Unknown,Unknown,Unknown,36.56,36.56,2.9578,0.8655,292.5353,34.53
NA,NA,-1,Unknown,Unknown,Unknown,Unknown,36.67,36.67,2.9248,0.8655,294.0556,33.76
NA,NA,-1,Unknown,Unknown,Unknown,Unknown,36.78,36.78,2.8754,0.8653,295.5453,33.06
NA,NA,-1,Unknown,Unknown,Unknown,Unknown,36.88,36.88,2.8101,0.8650,297.0031,32.37
NA,NA,-1,Unknown,Unknown,Unknown,Unknown,36.99,36.99,2.7103,0.8659,298.7141,31.65
NA,NA,-1,Unknown,Unknown,Unknown,Unknown,37.10,37.10,2.5886,0.8664,300.3976,31.29
NA,NA,-1,Unknown,Unknown,Unknown,Unknown,0.35,0.35,0.0022,0.8588,-0.0074,0.35
NA,NA,-1,Unknown,Unknown,Unknown,Unknown,0.46,0.46,0.0034,0.8693,-0.0089,0.18
NA,NA,-1,Unknown,Unknown,Unknown,Unknown,0.56,0.56,0.0039,0.8735,-0.0076,0.08
NA,NA,-1,Unknown,Unknown,Unknown,Unknown,0.67,0.67,0.0036,0.8723,-0.0054,0.10
NA,NA,-1,Unknown,Unknown,Unknown,Unknown,0.77,0.77,0.0030,0.8700,-0.0001,0.17
NA,NA,-1,Unknown,Unknown,Unknown,Unknown,0.88,0.88,0.0022,0.8683,0.0173,0.48
NA,NA,-1,Unknown,Unknown,Unknown,Unknown,0.98,0.98,0.0015,0.8683,0.0540,0.94
NA,NA,-1,Unknown,Unknown,Unknown,Unknown,1.08,1.08,0.0006,0.8699,0.1326,1.73
NA,NA,-1,Unknown,Unknown,Unknown,Unknown,1.20,1.20,0.0003,0.8697,0.2298,2.44
NA,NA,-1,Unknown,Unknown,Unknown,Unknown,1.30,1.30,0.0003,0.8699,0.3560,3.10
NA,NA,-1,Unknown,Unknown,Unknown,Unknown,1.40,1.40,0.0004,0.8698,0.5478,3.90
NA,NA,-1,Unknown,Unknown,Unknown,Unknown,1.52,1.52,0.0005,0.8703,0.7823,4.70
NA,NA,-1,Unknown,Unknown,Unknown,Unknown,1.63,1.63,0.0007,0.8696,1.0109,5.38
NA,NA,-1,Unknown,Unknown,Unknown,Unknown,1.73,1.73,0.0009,0.9028,1.2799,6.03
NA,NA,-1,Unknown,Unknown,Unknown,Unknown,1.84,1.84,0.0015,0.9222,1.6303,6.66
NA,NA,-1,Unknown,Unknown,Unknown,Unknown,1.95,1.95,0.0019,0.8883,1.9246,7.16
NA,NA,-1,Unknown,Unknown,Unknown,Unknown,2.06,2.06,0.0022,0.8446,2.2582,8.23
NA,NA,-1,Unknown,Unknown,Unknown,Unknown,2.16,2.16,0.0026,0.8498,2.7259,8.99
NA,NA,-1,Unknown,Unknown,Unknown,Unknown,2.26,2.26,0.0029,0.8641,3.1505,9.65
NA,NA,-1,Unknown,Unknown,Unknown,Unknown,2.37,2.37,0.0033,0.8698,3.5997,10.24
NA,NA,-1,Unknown,Unknown,Unknown,Unknown,2.47,2.47,0.0032,0.8693,4.0804,11.01
NA,NA,-1,Unknown,Unknown,Unknown,Unknown,2.58,2.58,0.0033,0.8708,4.5895,11.61
NA,NA,-1,Unknown,Unknown,Unknown,Unknown,2.68,2.68,0.0044,0.9057,5.2237,12.48
NA,NA,-1,Unknown,Unknown,Unknown,Unknown,2.79,2.79,0.0060,0.8744,5.8082,13.21
NA,NA,-1,Unknown,Unknown,Unknown,Unknown,2.90,2.90,0.0058,0.8722,6.5392,13.94
NA,NA,-1,Unknown,Unknown,Unknown,Unknown,3.01,3.01,0.0061,0.8696,7.1805,14.62
NA,NA,-1,Unknown,Unknown,Unknown,Unknown,3.12,3.12,0.0064,0.8706,7.8511,15.31
NA,NA,-1,Unknown,Unknown,Unknown,Unknown,3.22,3.22,0.0068,0.8721,8.5530,15.95
NA,NA,-1,Unknown,Unknown,Unknown,Unknown,3.32,3.32,0.0072,0.8711,9.4331,16.76
NA,NA,-1,Unknown,Unknown,Unknown,Unknown,3.43,3.43,0.0077,0.8704,10.1992,17.43
NA,NA,-1,Unknown,Unknown,Unknown,Unknown,3.53,3.53,0.0081,0.8703,10.9960,18.02
NA,NA,-1,Unknown,Unknown,Unknown,Unknown,3.64,3.64,0.0086,0.8712,11.8227,18.76
NA,NA,-1,Unknown,Unknown,Unknown,Unknown,3.74,3.74,0.0097,0.8700,12.6784,19.43
NA,NA,-1,Unknown,Unknown,Unknown,Unknown,3.84,3.84,0.0101,0.8697,13.7449,20.23
NA,NA,-1,Unknown,Unknown,Unknown,Unknown,3.95,3.95,0.0104,0.8725,14.6676,20.89
NA,NA,-1,Unknown,Unknown,Unknown,Unknown,4.06,4.06,0.0105,0.8710,15.6184,21.56
NA,NA,-1,Unknown,Unknown,Unknown,Unknown,4.16,4.16,0.0108,0.8695,16.7998,22.36
NA,NA,-1,Unknown,Unknown,Unknown,Unknown,4.27,4.27,0.0110,0.8726,17.8156,22.95
NA,NA,-1,Unknown,Unknown,Unknown,Unknown,4.38,4.38,0.0115,0.8719,18.8631,23.68
NA,NA,-1,Unknown,Unknown,Unknown,Unknown,4.48,4.48,0.0119,0.8701,20.1585,24.49
NA,NA,-1,Unknown,Unknown,Unknown,Unknown,4.59,4.59,0.0123,0.8722,21.2689,25.14
NA,NA,-1,Unknown,Unknown,Unknown,Unknown,4.69,4.69,0.0129,0.8726,22.4123,25.81
NA,NA,-1,Unknown,Unknown,Unknown,Unknown,4.81,4.81,0.0133,0.8708,23.8215,26.61
NA,NA,-1,Unknown,Unknown,Unknown,Unknown,4.91,4.91,0.0136,0.8735,25.0284,27.28
NA,NA,-1,Unknown,Unknown,Unknown,Unknown,5.01,5.01,0.0140,0.8707,26.2645,27.94
NA,NA,-1,Unknown,Unknown,Unknown,Unknown,5.12,5.12,0.0141,0.8714,27.5306,28.59
NA,NA,-1,Unknown,Unknown,Unknown,Unknown,5.22,5.22,0.0143,0.8735,28.8276,29.27
NA,NA,-1,Unknown,Unknown,Unknown,Unknown,5.32,5.32,0.0145,0.8707,30.4228,30.07
NA,NA,-1,Unknown,Unknown,Unknown,Unknown,5.43,5.43,0.0151,0.8706,31.7826,30.74
NA,NA,-1,Unknown,Unknown,Unknown,Unknown,5.53,5.53,0.0156,0.8729,33.1732,31.32
NA,NA,-1,Unknown,Unknown,Unknown,Unknown,5.63,5.63,0.0161,0.8722,34.5954,32.06
NA,NA,-1,Unknown,Unknown,Unknown,Unknown,5.73,5.73,0.0164,0.8715,36.0443,32.73
NA,NA,-1,Unknown,Unknown,Unknown,Unknown,5.84,5.84,0.0169,0.8721,37.5254,33.31
NA,NA,-1,Unknown,Unknown,Unknown,Unknown,5.94,5.94,0.0174,0.8736,39.0346,34.05
NA,NA,-1,Unknown,Unknown,Unknown,Unknown,6.05,6.05,0.0179,0.8698,40.8865,34.85
NA,NA,-1,Unknown,Unknown,Unknown,Unknown,6.15,6.15,0.0183,0.8734,42.4590,35.48
NA,NA,-1,Unknown,Unknown,Unknown,Unknown,6.25,6.25,0.0187,0.8707,44.0670,36.17
NA,NA,-1,Unknown,Unknown,Unknown,Unknown,6.36,6.36,0.0191,0.8717,46.0292,36.96
NA,NA,-1,Unknown,Unknown,Unknown,Unknown,6.46,6.46,0.0197,0.8724,47.6971,37.62
NA,NA,-1,Unknown,Unknown,Unknown,Unknown,6.57,6.57,0.0200,0.8706,49.3979,38.22
NA,NA,-1,Unknown,Unknown,Unknown,Unknown,6.67,6.67,0.0204,0.8735,51.1255,38.95
NA,NA,-1,Unknown,Unknown,Unknown,Unknown,6.78,6.78,0.0208,0.8704,52.8846,39.60
NA,NA,-1,Unknown,Unknown,Unknown,Unknown,6.88,6.88,0.0221,0.8751,54.6712,40.23
NA,NA,-1,Unknown,Unknown,Unknown,Unknown,6.98,6.98,0.0215,0.8708,56.8580,41.06
NA,NA,-1,Unknown,Unknown,Unknown,Unknown,7.08,7.08,0.0222,0.8720,58.7080,41.73
NA,NA,-1,Unknown,Unknown,Unknown,Unknown,7.19,7.19,0.0228,0.8690,60.5922,42.36
NA,NA,-1,Unknown,Unknown,Unknown,Unknown,7.29,7.29,0.0233,0.8749,62.5027,43.04
NA,NA,-1,Unknown,Unknown,Unknown,Unknown,7.39,7.39,0.0238,0.8699,64.4451,43.71
NA,NA,-1,Unknown,Unknown,Unknown,Unknown,7.50,7.50,0.0246,0.8742,66.4144,44.36
NA,NA,-1,Unknown,Unknown,Unknown,Unknown,7.60,7.60,0.0260,0.8716,68.8184,45.16
NA,NA,-1,Unknown,Unknown,Unknown,Unknown,7.70,7.70,0.0274,0.8740,70.8527,45.78
NA,NA,-1,Unknown,Unknown,Unknown,Unknown,7.81,7.81,0.0281,0.8699,72.9211,46.45
NA,NA,-1,Unknown,Unknown,Unknown,Unknown,7.91,7.91,0.0309,0.8734,75.0127,47.13
NA,NA,-1,Unknown,Unknown,Unknown,Unknown,8.01,8.01,0.0330,0.8699,77.1387,47.77
NA,NA,-1,Unknown,Unknown,Unknown,Unknown,8.12,8.12,0.0349,0.8765,79.2909,48.45
NA,NA,-1,Unknown,Unknown,Unknown,Unknown,8.22,8.22,0.0373,0.8715,81.9156,49.24
NA,NA,-1,Unknown,Unknown,Unknown,Unknown,8.32,8.32,0.0408,0.8711,84.1321,49.89
NA,NA,-1,Unknown,Unknown,Unknown,Unknown,8.43,8.43,0.0576,0.8741,86.3787,50.53
NA,NA,-1,Unknown,Unknown,Unknown,Unknown,8.53,8.53,0.0785,0.8717,88.6552,51.13
NA,NA,-1,Unknown,Unknown,Unknown,Unknown,8.63,8.63,0.1024,0.8719,90.9502,51.54
NA,NA,-1,Unknown,Unknown,Unknown,Unknown,8.74,8.74,0.1385,0.8726,93.2594,51.76
NA,NA,-1,Unknown,Unknown,Unknown,Unknown,8.84,8.84,0.1793,0.8713,95.5725,51.81
NA,NA,-1,Unknown,Unknown,Unknown,Unknown,8.94,8.94,0.2339,0.8691,98.3493,51.84
NA,NA,-1,Unknown,Unknown,Unknown,Unknown,9.04,9.04,0.2849,0.8680,100.6694,51.97
NA,NA,-1,Unknown,Unknown,Unknown,Unknown,9.15,9.15,0.3409,0.8680,102.9952,52.05
NA,NA,-1,Unknown,Unknown,Unknown,Unknown,9.25,9.25,0.3931,0.8682,105.3212,52.06
NA,NA,-1,Unknown,Unknown,Unknown,Unknown,9.35,9.35,0.4308,0.8683,107.6464,52.04
NA,NA,-1,Unknown,Unknown,Unknown,Unknown,9.46,9.46,0.4762,0.8682,109.9713,52.03
NA,NA,-1,Unknown,Unknown,Unknown,Unknown,9.56,9.56,0.5223,0.8680,112.7613,52.02
NA,NA,-1,Unknown,Unknown,Unknown,Unknown,9.67,9.67,0.5519,0.8681,115.0905,52.15
NA,NA,-1,Unknown,Unknown,Unknown,Unknown,9.77,9.77,0.5754,0.8686,117.4310,52.43
NA,NA,-1,Unknown,Unknown,Unknown,Unknown,9.87,9.87,0.5906,0.8711,119.7908,52.96
NA,NA,-1,Unknown,Unknown,Unknown,Unknown,9.98,9.98,0.6067,0.8676,122.1764,53.58
NA,NA,-1,Unknown,Unknown,Unknown,Unknown,10.08,10.08,0.6354,0.8744,125.0715,54.23
NA,NA,-1,Unknown,Unknown,Unknown,Unknown,10.19,10.19,0.6652,0.8715,127.5111,54.73
NA,NA,-1,Unknown,Unknown,Unknown,Unknown,10.29,10.29,0.7013,0.8701,129.9621,54.99
NA,NA,-1,Unknown,Unknown,Unknown,Unknown,10.40,10.40,0.7381,0.8712,132.4196,55.06
NA,NA,-1,Unknown,Unknown,Unknown,Unknown,10.50,10.50,0.7619,0.8702,134.8782,55.04
NA,NA,-1,Unknown,Unknown,Unknown,Unknown,10.60,10.60,0.8052,0.8684,137.8290,55.03
NA,NA,-1,Unknown,Unknown,Unknown,Unknown,10.70,10.70,0.8369,0.8677,140.2881,55.01
NA,NA,-1,Unknown,Unknown,Unknown,Unknown,10.81,10.81,0.8629,0.8675,142.7469,55.00
NA,NA,-1,Unknown,Unknown,Unknown,Unknown,10.91,10.91,0.8832,0.8677,145.2052,54.99
NA,NA,-1,Unknown,Unknown,Unknown,Unknown,11.02,11.02,0.8975,0.8680,147.6668,55.09
NA,NA,-1,Unknown,Unknown,Unknown,Unknown,11.12,11.12,0.9061,0.8689,150.6362,55.46
NA,NA,-1,Unknown,Unknown,Unknown,Unknown,11.22,11.22,0.9122,0.8696,153.1307,55.98
NA,NA,-1,Unknown,Unknown,Unknown,Unknown,11.33,11.33,0.9237,0.8731,155.6522,56.56
NA,NA,-1,Unknown,Unknown,Unknown,Unknown,11.43,11.43,0.9282,0.8717,158.1962,57.14
NA,NA,-1,Unknown,Unknown,Unknown,Unknown,11.54,11.54,0.9339,0.8697,160.7578,57.54
NA,NA,-1,Unknown,Unknown,Unknown,Unknown,11.64,11.64,0.9281,0.8683,163.8511,57.74
NA,NA,-1,Unknown,Unknown,Unknown,Unknown,11.76,11.76,0.9254,0.8682,166.9472,57.77
NA,NA,-1,Unknown,Unknown,Unknown,Unknown,11.86,11.86,0.9226,0.8681,169.5278,57.76
NA,NA,-1,Unknown,Unknown,Unknown,Unknown,11.97,11.97,0.9146,0.8680,172.1087,57.75
NA,NA,-1,Unknown,Unknown,Unknown,Unknown,12.07,12.07,0.9017,0.8679,174.6901,57.76
NA,NA,-1,Unknown,Unknown,Unknown,Unknown,12.18,12.18,0.8836,0.8680,177.2743,57.81
NA,NA,-1,Unknown,Unknown,Unknown,Unknown,12.28,12.28,0.8552,0.8682,180.3759,57.82
NA,NA,-1,Unknown,Unknown,Unknown,Unknown,12.38,12.38,0.8260,0.8683,182.9597,57.81
NA,NA,-1,Unknown,Unknown,Unknown,Unknown,12.49,12.49,0.7990,0.8682,185.5431,57.79
NA,NA,-1,Unknown,Unknown,Unknown,Unknown,12.60,12.60,0.7655,0.8681,188.1259,57.78
NA,NA,-1,Unknown,Unknown,Unknown,Unknown,12.70,12.70,0.7224,0.8680,191.2245,57.76
NA,NA,-1,Unknown,Unknown,Unknown,Unknown,12.80,12.80,0.6856,0.8680,193.8062,57.75
NA,NA,-1,Unknown,Unknown,Unknown,Unknown,12.91,12.91,0.6482,0.8680,196.3882,57.77
NA,NA,-1,Unknown,Unknown,Unknown,Unknown,13.02,13.02,0.6107,0.8682,198.9717,57.79
NA,NA,-1,Unknown,Unknown,Unknown,Unknown,13.12,13.12,0.5734,0.8683,201.5549,57.80
NA,NA,-1,Unknown,Unknown,Unknown,Unknown,13.23,13.23,0.5294,0.8684,204.6588,57.90
NA,NA,-1,Unknown,Unknown,Unknown,Unknown,13.33,13.33,0.4936,0.8686,207.2483,57.94
NA,NA,-1,Unknown,Unknown,Unknown,Unknown,13.44,13.44,0.4586,0.8686,209.8402,58.02
NA,NA,-1,Unknown,Unknown,Unknown,Unknown,13.54,13.54,0.4177,0.8687,212.9545,58.07
NA,NA,-1,Unknown,Unknown,Unknown,Unknown,13.65,13.65,0.3943,0.8686,215.5495,58.07
NA,NA,-1,Unknown,Unknown,Unknown,Unknown,13.75,13.75,0.3693,0.8683,218.1442,58.06
NA,NA,-1,Unknown,Unknown,Unknown,Unknown,13.86,13.86,0.3477,0.8680,220.7391,58.06
NA,NA,-1,Unknown,Unknown,Unknown,Unknown,13.96,13.96,0.3279,0.8682,223.8602,58.25
NA,NA,-1,Unknown,Unknown,Unknown,Unknown,14.07,14.07,0.3163,0.8689,226.4767,58.61
NA,NA,-1,Unknown,Unknown,Unknown,Unknown,14.18,14.18,0.3053,0.8734,229.1127,59.13
NA,NA,-1,Unknown,Unknown,Unknown,Unknown,14.28,14.28,0.2992,0.8722,232.3112,59.92
NA,NA,-1,Unknown,Unknown,Unknown,Unknown,14.39,14.39,0.3036,0.8710,235.0051,60.55
NA,NA,-1,Unknown,Unknown,Unknown,Unknown,14.50,14.50,0.3034,0.8710,237.7258,61.04
NA,NA,-1,Unknown,Unknown,Unknown,Unknown,14.60,14.60,0.3005,0.8696,240.4637,61.40
NA,NA,-1,Unknown,Unknown,Unknown,Unknown,14.70,14.70,0.2954,0.8731,243.7593,61.55
NA,NA,-1,Unknown,Unknown,Unknown,Unknown,14.81,14.81,0.2854,0.8717,246.5097,61.56
NA,NA,-1,Unknown,Unknown,Unknown,Unknown,14.91,14.91,0.2825,0.8695,249.2603,61.55
NA,NA,-1,Unknown,Unknown,Unknown,Unknown,15.01,15.01,0.2789,0.8679,252.0106,61.53
NA,NA,-1,Unknown,Unknown,Unknown,Unknown,15.12,15.12,0.2708,0.8674,254.7604,61.50
NA,NA,-1,Unknown,Unknown,Unknown,Unknown,15.23,15.23,0.2643,0.8673,258.0542,61.35
NA,NA,-1,Unknown,Unknown,Unknown,Unknown,15.33,15.33,0.2617,0.8672,260.7926,61.24
NA,NA,-1,Unknown,Unknown,Unknown,Unknown,15.44,15.44,0.2619,0.8672,263.5271,61.12
NA,NA,-1,Unknown,Unknown,Unknown,Unknown,15.54,15.54,0.2663,0.8673,266.8038,61.05
NA,NA,-1,Unknown,Unknown,Unknown,Unknown,15.65,15.65,0.2737,0.8675,269.5331,61.02
NA,NA,-1,Unknown,Unknown,Unknown,Unknown,15.75,15.75,0.2847,0.8678,272.2612,61.00
NA,NA,-1,Unknown,Unknown,Unknown,Unknown,15.86,15.86,0.2992,0.8681,274.9883,60.99
NA,NA,-1,Unknown,Unknown,Unknown,Unknown,15.96,15.96,0.3172,0.8682,277.7145,60.98
NA,NA,-1,Unknown,Unknown,Unknown,Unknown,16.07,16.07,0.3428,0.8680,280.9812,60.84
NA,NA,-1,Unknown,Unknown,Unknown,Unknown,16.17,16.17,0.3666,0.8675,283.6942,60.67
NA,NA,-1,Unknown,Unknown,Unknown,Unknown,16.28,16.28,0.3833,0.8671,286.4033,60.58
NA,NA,-1,Unknown,Unknown,Unknown,Unknown,16.38,16.38,0.4101,0.8671,289.6530,60.54
NA,NA,-1,Unknown,Unknown,Unknown,Unknown,16.48,16.48,0.4310,0.8676,292.3600,60.53
NA,NA,-1,Unknown,Unknown,Unknown,Unknown,16.59,16.59,0.4500,0.8680,295.0659,60.51
NA,NA,-1,Unknown,Unknown,Unknown,Unknown,16.70,16.70,0.4698,0.8682,298.3103,60.44
NA,NA,-1,Unknown,Unknown,Unknown,Unknown,16.81,16.81,0.4839,0.8680,301.0076,60.33
NA,NA,-1,Unknown,Unknown,Unknown,Unknown,16.91,16.91,0.4954,0.8676,303.7028,60.28
NA,NA,-1,Unknown,Unknown,Unknown,Unknown,17.02,17.02,0.5043,0.8675,306.3972,60.25
NA,NA,-1,Unknown,Unknown,Unknown,Unknown,17.13,17.13,0.5120,0.8677,309.6295,60.23
NA,NA,-1,Unknown,Unknown,Unknown,Unknown,17.23,17.23,0.5243,0.8680,312.3220,60.22
NA,NA,-1,Unknown,Unknown,Unknown,Unknown,17.35,17.35,0.5336,0.8681,315.5519,60.20
NA,NA,-1,Unknown,Unknown,Unknown,Unknown,17.45,17.45,0.5422,0.8682,318.2428,60.19
NA,NA,-1,Unknown,Unknown,Unknown,Unknown,17.55,17.55,0.5496,0.8681,320.9330,60.17
NA,NA,-1,Unknown,Unknown,Unknown,Unknown,17.66,17.66,0.5578,0.8681,324.1605,60.16
NA,NA,-1,Unknown,Unknown,Unknown,Unknown,17.77,17.77,0.5669,0.8680,326.8493,60.14
NA,NA,-1,Unknown,Unknown,Unknown,Unknown,17.87,17.87,0.5756,0.8680,329.5375,60.13
NA,NA,-1,Unknown,Unknown,Unknown,Unknown,17.98,17.98,0.5859,0.8680,332.7626,60.11
NA,NA,-1,Unknown,Unknown,Unknown,Unknown,18.09,18.09,0.5942,0.8680,335.4496,60.10
NA,NA,-1,Unknown,Unknown,Unknown,Unknown,18.20,18.20,0.6022,0.8680,338.1359,60.09
NA,NA,-1,Unknown,Unknown,Unknown,Unknown,18.30,18.30,0.6114,0.8680,341.3587,60.07
NA,NA,-1,Unknown,Unknown,Unknown,Unknown,18.41,18.41,0.6185,0.8680,344.0437,60.06
NA,NA,-1,Unknown,Unknown,Unknown,Unknown,18.52,18.52,0.6250,0.8680,346.7280,60.04
NA,NA,-1,Unknown,Unknown,Unknown,Unknown,18.62,18.62,0.6322,0.8680,349.9485,60.03
NA,NA,-1,Unknown,Unknown,Unknown,Unknown,18.73,18.73,0.6376,0.8680,352.6315,60.01
NA,NA,-1,Unknown,Unknown,Unknown,Unknown,18.84,18.84,0.6425,0.8680,355.3140,60.00
NA,NA,-1,Unknown,Unknown,Unknown,Unknown,18.94,18.94,0.6469,0.8680,357.9958,59.99
NA,NA,-1,Unknown,Unknown,Unknown,Unknown,19.04,19.04,0.6517,0.8680,361.2133,59.97
NA,NA,-1,Unknown,Unknown,Unknown,Unknown,19.15,19.15,0.6553,0.8680,363.8938,59.96
NA,NA,-1,Unknown,Unknown,Unknown,Unknown,19.26,19.26,0.6586,0.8680,366.5737,59.94
NA,NA,-1,Unknown,Unknown,Unknown,Unknown,19.36,19.36,0.6622,0.8680,369.7888,59.93
NA,NA,-1,Unknown,Unknown,Unknown,Unknown,19.47,19.47,0.6649,0.8680,372.4674,59.91
NA,NA,-1,Unknown,Unknown,Unknown,Unknown,19.58,19.58,0.6680,0.8680,375.6810,59.90
NA,NA,-1,Unknown,Unknown,Unknown,Unknown,19.68,19.68,0.6703,0.8680,378.3582,59.88
NA,NA,-1,Unknown,Unknown,Unknown,Unknown,19.80,19.80,0.6726,0.8680,381.0349,59.87
NA,NA,-1,Unknown,Unknown,Unknown,Unknown,19.90,19.90,0.6747,0.8680,383.7110,59.86
NA,NA,-1,Unknown,Unknown,Unknown,Unknown,20.00,20.00,0.6768,0.8680,386.3865,59.84
NA,NA,-1,Unknown,Unknown,Unknown,Unknown,20.11,20.11,0.6792,0.8680,389.5963,59.83
NA,NA,-1,Unknown,Unknown,Unknown,Unknown,20.21,20.21,0.6811,0.8680,392.2704,59.81
NA,NA,-1,Unknown,Unknown,Unknown,Unknown,20.32,20.32,0.6830,0.8680,394.9440,59.80
NA,NA,-1,Unknown,Unknown,Unknown,Unknown,20.42,20.42,0.6852,0.8680,398.1514,59.78
NA,NA,-1,Unknown,Unknown,Unknown,Unknown,20.53,20.53,0.6870,0.8680,400.8236,59.77
NA,NA,-1,Unknown,Unknown,Unknown,Unknown,20.64,20.64,0.6892,0.8680,404.0295,59.75
NA,NA,-1,Unknown,Unknown,Unknown,Unknown,20.75,20.75,0.6910,0.8680,406.7004,59.74
NA,NA,-1,Unknown,Unknown,Unknown,Unknown,20.86,20.86,0.6927,0.8680,409.3707,59.73
NA,NA,-1,Unknown,Unknown,Unknown,Unknown,20.97,20.97,0.6949,0.8680,412.5743,59.71
NA,NA,-1,Unknown,Unknown,Unknown,Unknown,21.07,21.07,0.6966,0.8680,415.2433,59.70
NA,NA,-1,Unknown,Unknown,Unknown,Unknown,21.18,21.18,0.6987,0.8680,418.4453,59.68
NA,NA,-1,Unknown,Unknown,Unknown,Unknown,21.28,21.28,0.7141,0.8681,421.1125,59.66
NA,NA,-1,Unknown,Unknown,Unknown,Unknown,21.39,21.39,0.7308,0.8680,423.7788,59.64
NA,NA,-1,Unknown,Unknown,Unknown,Unknown,21.50,21.50,0.7495,0.8679,426.4446,59.63
NA,NA,-1,Unknown,Unknown,Unknown,Unknown,21.60,21.60,0.7736,0.8679,429.1097,59.61
NA,NA,-1,Unknown,Unknown,Unknown,Unknown,21.70,21.70,0.7947,0.8680,432.3068,59.59
NA,NA,-1,Unknown,Unknown,Unknown,Unknown,21.81,21.81,0.8227,0.8680,434.9702,59.58
NA,NA,-1,Unknown,Unknown,Unknown,Unknown,21.91,21.91,0.8512,0.8680,437.6330,59.56
NA,NA,-1,Unknown,Unknown,Unknown,Unknown,22.01,22.01,0.8795,0.8680,440.2952,59.55
NA,NA,-1,Unknown,Unknown,Unknown,Unknown,22.12,22.12,0.9074,0.8680,442.9568,59.54
NA,NA,-1,Unknown,Unknown,Unknown,Unknown,22.22,22.22,0.9338,0.8681,446.1498,59.51
NA,NA,-1,Unknown,Unknown,Unknown,Unknown,22.33,22.33,0.9524,0.8680,448.8099,59.50
NA,NA,-1,Unknown,Unknown,Unknown,Unknown,22.43,22.43,0.9685,0.8680,451.4694,59.49
NA,NA,-1,Unknown,Unknown,Unknown,Unknown,22.54,22.54,0.9795,0.8680,454.1283,59.47
NA,NA,-1,Unknown,Unknown,Unknown,Unknown,22.64,22.64,0.9885,0.8680,457.3181,59.46
NA,NA,-1,Unknown,Unknown,Unknown,Unknown,22.75,22.75,0.9898,0.8680,459.9756,59.44
NA,NA,-1,Unknown,Unknown,Unknown,Unknown,22.85,22.85,0.9871,0.8680,462.6325,59.43
NA,NA,-1,Unknown,Unknown,Unknown,Unknown,22.96,22.96,0.9807,0.8680,465.2888,59.41
NA,NA,-1,Unknown,Unknown,Unknown,Unknown,23.06,23.06,0.9685,0.8680,468.4754,59.40
NA,NA,-1,Unknown,Unknown,Unknown,Unknown,23.17,23.17,0.9551,0.8680,471.1303,59.38
NA,NA,-1,Unknown,Unknown,Unknown,Unknown,23.27,23.27,0.9392,0.8680,473.7838,59.34
NA,NA,-1,Unknown,Unknown,Unknown,Unknown,23.37,23.37,0.9212,0.8679,476.4344,59.29
NA,NA,-1,Unknown,Unknown,Unknown,Unknown,23.47,23.47,0.9013,0.8678,479.0840,59.26
NA,NA,-1,Unknown,Unknown,Unknown,Unknown,23.58,23.58,0.8756,0.8678,482.2604,59.19
NA,NA,-1,Unknown,Unknown,Unknown,Unknown,23.68,23.68,0.8529,0.8677,484.9052,59.15
NA,NA,-1,Unknown,Unknown,Unknown,Unknown,23.78,23.78,0.8292,0.8678,487.5493,59.13
NA,NA,-1,Unknown,Unknown,Unknown,Unknown,23.88,23.88,0.8047,0.8679,490.1927,59.12
NA,NA,-1,Unknown,Unknown,Unknown,Unknown,23.98,23.98,0.7796,0.8680,492.8352,59.11
NA,NA,-1,Unknown,Unknown,Unknown,Unknown,24.09,24.09,0.7539,0.8681,495.4771,59.09
NA,NA,-1,Unknown,Unknown,Unknown,Unknown,24.21,24.21,0.7226,0.8681,498.6465,59.08
NA,NA,-1,Unknown,Unknown,Unknown,Unknown,24.32,24.32,0.6961,0.8681,501.2870,59.06
NA,NA,-1,Unknown,Unknown,Unknown,Unknown,24.42,24.42,0.6694,0.8681,503.9269,59.05
NA,NA,-1,Unknown,Unknown,Unknown,Unknown,24.52,24.52,0.6370,0.8679,507.0908,58.93
NA,NA,-1,Unknown,Unknown,Unknown,Unknown,24.62,24.62,0.6099,0.8675,509.7184,58.76
NA,NA,-1,Unknown,Unknown,Unknown,Unknown,24.73,24.73,0.5828,0.8671,512.3421,58.67
NA,NA,-1,Unknown,Unknown,Unknown,Unknown,24.83,24.83,0.5556,0.8670,514.9613,58.53
NA,NA,-1,Unknown,Unknown,Unknown,Unknown,24.93,24.93,0.5283,0.8671,517.5751,58.44
NA,NA,-1,Unknown,Unknown,Unknown,Unknown,25.03,25.03,0.5009,0.8673,520.1875,58.40
NA,NA,-1,Unknown,Unknown,Unknown,Unknown,25.14,25.14,0.4735,0.8677,522.7988,58.39
NA,NA,-1,Unknown,Unknown,Unknown,Unknown,25.24,25.24,0.4461,0.8680,525.4090,58.37
NA,NA,-1,Unknown,Unknown,Unknown,Unknown,25.34,25.34,0.4131,0.8682,528.5399,58.36
NA,NA,-1,Unknown,Unknown,Unknown,Unknown,25.44,25.44,0.3856,0.8682,531.1467,58.29
NA,NA,-1,Unknown,Unknown,Unknown,Unknown,25.55,25.55,0.3582,0.8678,533.7443,58.05
NA,NA,-1,Unknown,Unknown,Unknown,Unknown,25.65,25.65,0.3309,0.8668,536.3245,57.63
NA,NA,-1,Unknown,Unknown,Unknown,Unknown,25.76,25.76,0.3038,0.8655,538.8864,57.23
NA,NA,-1,Unknown,Unknown,Unknown,Unknown,25.86,25.86,0.2714,0.8648,541.9469,56.95
NA,NA,-1,Unknown,Unknown,Unknown,Unknown,25.97,25.97,0.2445,0.8653,544.4908,56.78
NA,NA,-1,Unknown,Unknown,Unknown,Unknown,26.07,26.07,0.2176,0.8663,547.0238,56.55
NA,NA,-1,Unknown,Unknown,Unknown,Unknown,26.17,26.17,0.1909,0.8669,549.5490,56.43
NA,NA,-1,Unknown,Unknown,Unknown,Unknown,26.28,26.28,0.1642,0.8673,552.0688,56.29
NA,NA,-1,Unknown,Unknown,Unknown,Unknown,26.38,26.38,0.1535,0.8675,555.0828,56.12
NA,NA,-1,Unknown,Unknown,Unknown,Unknown,26.49,26.49,0.1614,0.8648,557.5933,56.05
NA,NA,-1,Unknown,Unknown,Unknown,Unknown,26.59,26.59,0.1748,0.8651,560.0983,56.04
NA,NA,-1,Unknown,Unknown,Unknown,Unknown,26.69,26.69,0.2040,0.8673,562.6023,56.02
NA,NA,-1,Unknown,Unknown,Unknown,Unknown,26.80,26.80,0.2449,0.8659,565.1058,56.00
NA,NA,-1,Unknown,Unknown,Unknown,Unknown,26.90,26.90,0.3169,0.8666,568.1081,55.98
NA,NA,-1,Unknown,Unknown,Unknown,Unknown,27.00,27.00,0.3960,0.8676,570.6086,55.95
NA,NA,-1,Unknown,Unknown,Unknown,Unknown,27.11,27.11,0.4872,0.8653,573.1077,55.93
NA,NA,-1,Unknown,Unknown,Unknown,Unknown,27.22,27.22,0.6085,0.8661,576.1051,55.91
NA,NA,-1,Unknown,Unknown,Unknown,Unknown,27.32,27.32,0.7215,0.8672,578.6015,55.90
NA,NA,-1,Unknown,Unknown,Unknown,Unknown,27.43,27.43,0.8370,0.8679,581.0974,55.88
NA,NA,-1,Unknown,Unknown,Unknown,Unknown,27.53,27.53,0.9267,0.8683,583.5926,55.83
NA,NA,-1,Unknown,Unknown,Unknown,Unknown,27.64,27.64,0.9911,0.8701,586.0844,55.70
NA,NA,-1,Unknown,Unknown,Unknown,Unknown,27.74,27.74,1.0302,0.8686,588.5679,55.49
NA,NA,-1,Unknown,Unknown,Unknown,Unknown,27.84,27.84,1.0366,0.8692,591.5317,55.05
NA,NA,-1,Unknown,Unknown,Unknown,Unknown,27.95,27.95,1.0075,0.8679,593.9786,54.45
NA,NA,-1,Unknown,Unknown,Unknown,Unknown,28.06,28.06,0.9433,0.8674,596.3949,53.83
NA,NA,-1,Unknown,Unknown,Unknown,Unknown,28.16,28.16,0.8539,0.8682,598.7780,53.13
NA,NA,-1,Unknown,Unknown,Unknown,Unknown,28.26,28.26,0.7522,0.8629,601.5958,52.37
NA,NA,-1,Unknown,Unknown,Unknown,Unknown,28.36,28.36,0.6619,0.8610,603.9250,52.08
NA,NA,-1,Unknown,Unknown,Unknown,Unknown,28.46,28.46,0.5574,0.8622,606.2500,51.96
NA,NA,-1,Unknown,Unknown,Unknown,Unknown,28.57,28.57,0.4539,0.8626,608.5719,51.93
NA,NA,-1,Unknown,Unknown,Unknown,Unknown,28.67,28.67,0.3604,0.8651,610.8931,51.91
NA,NA,-1,Unknown,Unknown,Unknown,Unknown,28.78,28.78,0.2754,0.8675,613.2128,51.89
NA,NA,-1,Unknown,Unknown,Unknown,Unknown,28.88,28.88,0.1863,0.8689,615.9944,51.85
NA,NA,-1,Unknown,Unknown,Unknown,Unknown,28.99,28.99,0.1213,0.8667,618.3070,51.67
NA,NA,-1,Unknown,Unknown,Unknown,Unknown,29.09,29.09,0.0685,0.8676,620.6046,51.29
NA,NA,-1,Unknown,Unknown,Unknown,Unknown,29.20,29.20,0.0276,0.8664,622.8792,50.71
NA,NA,-1,Unknown,Unknown,Unknown,Unknown,29.30,29.30,-0.0071,0.8635,625.5717,49.93
NA,NA,-1,Unknown,Unknown,Unknown,Unknown,29.41,29.41,-0.0243,0.8623,627.7820,49.24
NA,NA,-1,Unknown,Unknown,Unknown,Unknown,29.53,29.53,-0.0338,0.8611,630.3947,48.39
NA,NA,-1,Unknown,Unknown,Unknown,Unknown,29.63,29.63,-0.0330,0.8608,632.5382,47.69
NA,NA,-1,Unknown,Unknown,Unknown,Unknown,29.74,29.74,-0.0237,0.8607,635.0695,46.84
NA,NA,-1,Unknown,Unknown,Unknown,Unknown,29.85,29.85,-0.0074,0.8612,637.1450,46.15
NA,NA,-1,Unknown,Unknown,Unknown,Unknown,29.96,29.96,0.0199,0.8613,639.5944,45.28
NA,NA,-1,Unknown,Unknown,Unknown,Unknown,30.07,30.07,0.0502,0.8607,641.6016,44.68
NA,NA,-1,Unknown,Unknown,Unknown,Unknown,30.17,30.17,0.0882,0.8626,643.5752,43.89
NA,NA,-1,Unknown,Unknown,Unknown,Unknown,30.28,30.28,0.1325,0.8626,645.5192,43.20
NA,NA,-1,Unknown,Unknown,Unknown,Unknown,30.39,30.39,0.1940,0.8622,647.8104,42.36
NA,NA,-1,Unknown,Unknown,Unknown,Unknown,30.49,30.49,0.2528,0.8620,649.6863,41.69
NA,NA,-1,Unknown,Unknown,Unknown,Unknown,30.60,30.60,0.3163,0.8627,651.5294,40.96
NA,NA,-1,Unknown,Unknown,Unknown,Unknown,30.71,30.71,0.3995,0.8623,653.7001,40.13
NA,NA,-1,Unknown,Unknown,Unknown,Unknown,30.82,30.82,0.4665,0.8623,655.4751,39.43
NA,NA,-1,Unknown,Unknown,Unknown,Unknown,30.94,30.94,0.5114,0.8649,657.5674,38.60
NA,NA,-1,Unknown,Unknown,Unknown,Unknown,31.04,31.04,0.5309,0.8658,659.6105,37.67
NA,NA,-1,Unknown,Unknown,Unknown,Unknown,31.15,31.15,0.5429,0.8622,661.2769,36.98
NA,NA,-1,Unknown,Unknown,Unknown,Unknown,31.26,31.26,0.5404,0.8633,662.9114,36.30
NA,NA,-1,Unknown,Unknown,Unknown,Unknown,31.36,31.36,0.5173,0.8646,664.8338,35.48
NA,NA,-1,Unknown,Unknown,Unknown,Unknown,31.47,31.47,0.4807,0.8654,666.4018,34.73
NA,NA,-1,Unknown,Unknown,Unknown,Unknown,31.58,31.58,0.4296,0.8637,667.9395,34.07
NA,NA,-1,Unknown,Unknown,Unknown,Unknown,31.68,31.68,0.3621,0.8651,669.4422,33.43
NA,NA,-1,Unknown,Unknown,Unknown,Unknown,31.78,31.78,0.2640,0.8658,671.2020,32.49
NA,NA,-1,Unknown,Unknown,Unknown,Unknown,31.89,31.89,0.1693,0.8652,672.6333,31.83
NA,NA,-1,Unknown,Unknown,Unknown,Unknown,31.99,31.99,0.0645,0.8646,674.0319,31.09
NA,NA,-1,Unknown,Unknown,Unknown,Unknown,32.10,32.10,-0.0486,0.8635,675.3989,30.45
NA,NA,-1,Unknown,Unknown,Unknown,Unknown,32.20,32.20,-0.1687,0.8629,676.7335,29.75
NA,NA,-1,Unknown,Unknown,Unknown,Unknown,32.30,32.30,-0.3197,0.8630,678.2932,28.95
NA,NA,-1,Unknown,Unknown,Unknown,Unknown,32.41,32.41,-0.4511,0.8635,679.5643,28.40
NA,NA,-1,Unknown,Unknown,Unknown,Unknown,32.52,32.52,-0.5865,0.8626,680.8202,28.11
NA,NA,-1,Unknown,Unknown,Unknown,Unknown,32.62,32.62,-0.7241,0.8640,682.0612,27.76
NA,NA,-1,Unknown,Unknown,Unknown,Unknown,32.72,32.72,-0.8852,0.8638,683.5201,27.08
NA,NA,-1,Unknown,Unknown,Unknown,Unknown,32.82,32.82,-1.0018,0.8642,684.7072,26.40
NA,NA,-1,Unknown,Unknown,Unknown,Unknown,32.93,32.93,-1.0863,0.8669,685.8687,25.65
NA,NA,-1,Unknown,Unknown,Unknown,Unknown,33.04,33.04,-1.1233,0.8705,687.0023,25.03
NA,NA,-1,Unknown,Unknown,Unknown,Unknown,33.14,33.14,-1.1191,0.8687,688.3254,24.42
NA,NA,-1,Unknown,Unknown,Unknown,Unknown,33.26,33.26,-1.0406,0.8665,689.6187,24.05
NA,NA,-1,Unknown,Unknown,Unknown,Unknown,33.37,33.37,-0.9205,0.8678,690.6776,23.80
NA,NA,-1,Unknown,Unknown,Unknown,Unknown,33.48,33.48,-0.7643,0.8675,691.7271,23.75
NA,NA,-1,Unknown,Unknown,Unknown,Unknown,33.58,33.58,-0.5500,0.8675,692.9806,23.66
NA,NA,-1,Unknown,Unknown,Unknown,Unknown,33.69,33.69,-0.3741,0.8678,694.0218,23.60
NA,NA,-1,Unknown,Unknown,Unknown,Unknown,33.79,33.79,-0.2080,0.8680,695.0624,23.56
NA,NA,-1,Unknown,Unknown,Unknown,Unknown,33.90,33.90,-0.0348,0.8680,696.1016,23.56
NA,NA,-1,Unknown,Unknown,Unknown,Unknown,34.00,34.00,0.1416,0.8681,697.1401,23.55
NA,NA,-1,Unknown,Unknown,Unknown,Unknown,34.10,34.10,0.3479,0.8681,698.3867,23.55
NA,NA,-1,Unknown,Unknown,Unknown,Unknown,34.21,34.21,0.5163,0.8682,699.4257,23.54
NA,NA,-1,Unknown,Unknown,Unknown,Unknown,34.31,34.31,0.6698,0.8682,700.4662,23.52
NA,NA,-1,Unknown,Unknown,Unknown,Unknown,34.41,34.41,0.8027,0.8672,701.5070,23.44
NA,NA,-1,Unknown,Unknown,Unknown,Unknown,34.52,34.52,0.9079,0.8663,702.5477,23.38
NA,NA,-1,Unknown,Unknown,Unknown,Unknown,34.62,34.62,1.0067,0.8656,703.7973,23.38
NA,NA,-1,Unknown,Unknown,Unknown,Unknown,34.73,34.73,1.0670,0.8673,704.8391,23.34
NA,NA,-1,Unknown,Unknown,Unknown,Unknown,34.84,34.84,1.1112,0.8678,706.0890,23.31
NA,NA,-1,Unknown,Unknown,Unknown,Unknown,34.95,34.95,1.1265,0.8670,707.1299,23.29
NA,NA,-1,Unknown,Unknown,Unknown,Unknown,35.05,35.05,1.1173,0.8654,708.1698,23.25
NA,NA,-1,Unknown,Unknown,Unknown,Unknown,35.16,35.16,1.0889,0.8664,709.2085,23.25
NA,NA,-1,Unknown,Unknown,Unknown,Unknown,35.28,35.28,1.0281,0.8681,710.4521,23.20
NA,NA,-1,Unknown,Unknown,Unknown,Unknown,35.38,35.38,0.9609,0.8648,711.4867,23.20
NA,NA,-1,Unknown,Unknown,Unknown,Unknown,35.48,35.48,0.8758,0.8655,712.7277,23.18
NA,NA,-1,Unknown,Unknown,Unknown,Unknown,35.59,35.59,0.8225,0.8670,713.7614,23.13
NA,NA,-1,Unknown,Unknown,Unknown,Unknown,35.69,35.69,0.7887,0.8684,714.7936,23.05
NA,NA,-1,Unknown,Unknown,Unknown,Unknown,35.80,35.80,0.7616,0.8666,715.8228,23.06
NA,NA,-1,Unknown,Unknown,Unknown,Unknown,35.90,35.90,0.7408,0.8675,717.0588,23.05
NA,NA,-1,Unknown,Unknown,Unknown,Unknown,36.01,36.01,0.7317,0.8680,718.0888,23.04
NA,NA,-1,Unknown,Unknown,Unknown,Unknown,36.11,36.11,0.7291,0.8682,719.1187,23.03
NA,NA,-1,Unknown,Unknown,Unknown,Unknown,36.22,36.22,0.7237,0.8682,720.3541,23.02
NA,NA,-1,Unknown,Unknown,Unknown,Unknown,36.32,36.32,0.7190,0.8682,721.3832,23.03
NA,NA,-1,Unknown,Unknown,Unknown,Unknown,36.43,36.43,0.7183,0.8683,722.4182,23.20
NA,NA,-1,Unknown,Unknown,Unknown,Unknown,36.53,36.53,0.7165,0.8691,723.4684,23.58
NA,NA,-1,Unknown,Unknown,Unknown,Unknown,36.65,36.65,0.7152,0.8711,724.7587,24.25
NA,NA,-1,Unknown,Unknown,Unknown,Unknown,36.76,36.76,0.7104,0.8696,725.8622,24.96
NA,NA,-1,Unknown,Unknown,Unknown,Unknown,36.86,36.86,0.7045,0.8717,726.9941,25.59
NA,NA,-1,Unknown,Unknown,Unknown,Unknown,36.96,36.96,0.6971,0.8735,728.3945,26.43
NA,NA,-1,Unknown,Unknown,Unknown,Unknown,37.07,37.07,0.6908,0.8699,729.5940,27.10
NA,NA,-1,Unknown,Unknown,Unknown,Unknown,37.17,37.17,0.6848,0.8723,730.8224,27.76
NA,NA,-1,Unknown,Unknown,Unknown,Unknown,37.28,37.28,0.6851,0.8710,732.0792,28.42
NA,NA,-1,Unknown,Unknown,Unknown,Unknown,37.38,37.38,0.6871,0.8718,733.6283,29.18
NA,NA,-1,Unknown,Unknown,Unknown,Unknown,37.49,37.49,0.6911,0.8707,734.9520,29.81
NA,NA,-1,Unknown,Unknown,Unknown,Unknown,37.59,37.59,0.6959,0.8722,736.3045,30.55
NA,NA,-1,Unknown,Unknown,Unknown,Unknown,37.69,37.69,0.6965,0.8711,737.6866,31.18
NA,NA,-1,Unknown,Unknown,Unknown,Unknown,37.80,37.80,0.6911,0.8705,739.0992,31.79
NA,NA,-1,Unknown,Unknown,Unknown,Unknown,37.90,37.90,0.6850,0.8726,740.5401,32.53
NA,NA,-1,Unknown,Unknown,Unknown,Unknown,38.00,38.00,0.6777,0.8695,742.0121,33.18
NA,NA,-1,Unknown,Unknown,Unknown,Unknown,38.10,38.10,0.6669,0.8712,743.8166,33.98
NA,NA,-1,Unknown,Unknown,Unknown,Unknown,38.20,38.20,0.6575,0.8742,745.3522,34.64
NA,NA,-1,Unknown,Unknown,Unknown,Unknown,38.31,38.31,0.6451,0.8708,746.9183,35.31
NA,NA,-1,Unknown,Unknown,Unknown,Unknown,38.41,38.41,0.6326,0.8703,748.5126,35.97
NA,NA,-1,Unknown,Unknown,Unknown,Unknown,38.51,38.51,0.6203,0.8724,750.1393,36.60
NA,NA,-1,Unknown,Unknown,Unknown,Unknown,38.62,38.62,0.6064,0.8717,751.7938,37.29
NA,NA,-1,Unknown,Unknown,Unknown,Unknown,38.72,38.72,0.5878,0.8700,753.8189,38.09
NA,NA,-1,Unknown,Unknown,Unknown,Unknown,38.82,38.82,0.5751,0.8699,755.5364,38.76
NA,NA,-1,Unknown,Unknown,Unknown,Unknown,38.93,38.93,0.5618,0.8752,757.2874,39.40
NA,NA,-1,Unknown,Unknown,Unknown,Unknown,39.03,39.03,0.5484,0.8736,759.0652,40.07
NA,NA,-1,Unknown,Unknown,Unknown,Unknown,39.14,39.14,0.5349,0.8706,760.8730,40.73
NA,NA,-1,Unknown,Unknown,Unknown,Unknown,39.24,39.24,0.5187,0.8729,763.0825,41.47
NA,NA,-1,Unknown,Unknown,Unknown,Unknown,39.35,39.35,0.5046,0.8745,764.9561,42.19
NA,NA,-1,Unknown,Unknown,Unknown,Unknown,39.45,39.45,0.4907,0.8729,766.8582,42.84
NA,NA,-1,Unknown,Unknown,Unknown,Unknown,39.56,39.56,0.4737,0.8726,769.1797,43.63
NA,NA,-1,Unknown,Unknown,Unknown,Unknown,39.67,39.67,0.4593,0.8726,771.1511,44.30
NA,NA,-1,Unknown,Unknown,Unknown,Unknown,39.77,39.77,0.4447,0.8738,773.1456,44.96
NA,NA,-1,Unknown,Unknown,Unknown,Unknown,39.88,39.88,0.4298,0.8725,775.1732,45.58
NA,NA,-1,Unknown,Unknown,Unknown,Unknown,39.98,39.98,0.4116,0.8765,777.6444,46.40
NA,NA,-1,Unknown,Unknown,Unknown,Unknown,40.09,40.09,0.3963,0.8730,779.7358,47.07
NA,NA,-1,Unknown,Unknown,Unknown,Unknown,40.20,40.20,0.3809,0.8724,781.8556,47.72
NA,NA,-1,Unknown,Unknown,Unknown,Unknown,40.30,40.30,0.3618,0.8727,784.4415,48.45
NA,NA,-1,Unknown,Unknown,Unknown,Unknown,40.41,40.41,0.3457,0.8744,786.6266,49.18
NA,NA,-1,Unknown,Unknown,Unknown,Unknown,40.52,40.52,0.3293,0.8740,788.8384,49.73
NA,NA,-1,Unknown,Unknown,Unknown,Unknown,40.62,40.62,0.3094,0.8701,791.5236,50.19
NA,NA,-1,Unknown,Unknown,Unknown,Unknown,40.72,40.72,0.2927,0.8691,793.7710,50.35
NA,NA,-1,Unknown,Unknown,Unknown,Unknown,40.83,40.83,0.2760,0.8688,796.0197,50.38
NA,NA,-1,Unknown,Unknown,Unknown,Unknown,40.93,40.93,0.2592,0.8684,798.2690,50.38
NA,NA,-1,Unknown,Unknown,Unknown,Unknown,41.04,41.04,0.2424,0.8679,800.5191,50.36
NA,NA,-1,Unknown,Unknown,Unknown,Unknown,41.15,41.15,0.2221,0.8677,803.2197,50.34
NA,NA,-1,Unknown,Unknown,Unknown,Unknown,41.25,41.25,0.2053,0.8677,805.4700,50.33
NA,NA,-1,Unknown,Unknown,Unknown,Unknown,41.36,41.36,0.1884,0.8679,807.7198,50.32
NA,NA,-1,Unknown,Unknown,Unknown,Unknown,41.46,41.46,0.1682,0.8680,810.4187,50.31
NA,NA,-1,Unknown,Unknown,Unknown,Unknown,41.56,41.56,0.1513,0.8681,812.6673,50.29
NA,NA,-1,Unknown,Unknown,Unknown,Unknown,41.67,41.67,0.1344,0.8681,814.9153,50.28
NA,NA,-1,Unknown,Unknown,Unknown,Unknown,41.77,41.77,0.1176,0.8681,817.1633,50.29
NA,NA,-1,Unknown,Unknown,Unknown,Unknown,41.88,41.88,0.1018,0.8683,819.8672,50.46
NA,NA,-1,Unknown,Unknown,Unknown,Unknown,41.99,41.99,0.1007,0.8688,822.1277,50.57
NA,NA,-1,Unknown,Unknown,Unknown,Unknown,42.09,42.09,0.0964,0.8690,824.3887,50.59
NA,NA,-1,Unknown,Unknown,Unknown,Unknown,42.20,42.20,0.0974,0.8688,826.6492,50.59
NA,NA,-1,Unknown,Unknown,Unknown,Unknown,42.30,42.30,0.0936,0.8683,829.3616,50.58
NA,NA,-1,Unknown,Unknown,Unknown,Unknown,42.41,42.41,0.0981,0.8680,831.6217,50.56
NA,NA,-1,Unknown,Unknown,Unknown,Unknown,42.51,42.51,0.1072,0.8679,833.8815,50.55
NA,NA,-1,Unknown,Unknown,Unknown,Unknown,42.62,42.62,0.1335,0.8679,836.1400,50.52
NA,NA,-1,Unknown,Unknown,Unknown,Unknown,42.72,42.72,0.1582,0.8678,838.8497,50.51
NA,NA,-1,Unknown,Unknown,Unknown,Unknown,42.83,42.83,0.1697,0.8679,841.1068,50.48
NA,NA,-1,Unknown,Unknown,Unknown,Unknown,42.93,42.93,0.1920,0.8680,843.3633,50.47
NA,NA,-1,Unknown,Unknown,Unknown,Unknown,43.04,43.04,0.2152,0.8681,845.6194,50.46
NA,NA,-1,Unknown,Unknown,Unknown,Unknown,43.14,43.14,0.2418,0.8681,848.3262,50.46
NA,NA,-1,Unknown,Unknown,Unknown,Unknown,43.25,43.25,0.2628,0.8682,850.5853,50.56
NA,NA,-1,Unknown,Unknown,Unknown,Unknown,43.36,43.36,0.2825,0.8685,852.8486,50.63
NA,NA,-1,Unknown,Unknown,Unknown,Unknown,43.46,43.46,0.3008,0.8687,855.1119,50.64
NA,NA,-1,Unknown,Unknown,Unknown,Unknown,43.57,43.57,0.3084,0.8685,857.8270,50.62
NA,NA,-1,Unknown,Unknown,Unknown,Unknown,43.67,43.67,0.3054,0.8681,860.0887,50.61
NA,NA,-1,Unknown,Unknown,Unknown,Unknown,43.78,43.78,0.3012,0.8678,862.3503,50.59
NA,NA,-1,Unknown,Unknown,Unknown,Unknown,43.88,43.88,0.3050,0.8677,865.0634,50.56
NA,NA,-1,Unknown,Unknown,Unknown,Unknown,43.99,43.99,0.3011,0.8679,867.3235,50.55
NA,NA,-1,Unknown,Unknown,Unknown,Unknown,44.10,44.10,0.2859,0.8680,869.5829,50.53
NA,NA,-1,Unknown,Unknown,Unknown,Unknown,44.20,44.20,0.2661,0.8680,871.8413,50.52
NA,NA,-1,Unknown,Unknown,Unknown,Unknown,44.31,44.31,0.2383,0.8680,874.5505,50.50
NA,NA,-1,Unknown,Unknown,Unknown,Unknown,44.41,44.41,0.2036,0.8679,876.8071,50.48
NA,NA,-1,Unknown,Unknown,Unknown,Unknown,44.52,44.52,0.1805,0.8679,879.0632,50.46
NA,NA,-1,Unknown,Unknown,Unknown,Unknown,44.62,44.62,0.1445,0.8680,881.7695,50.44
NA,NA,-1,Unknown,Unknown,Unknown,Unknown,44.73,44.73,0.1230,0.8681,884.0239,50.42
NA,NA,-1,Unknown,Unknown,Unknown,Unknown,44.83,44.83,0.1070,0.8680,886.2775,50.41
NA,NA,-1,Unknown,Unknown,Unknown,Unknown,44.94,44.94,0.0909,0.8680,888.5305,50.40
NA,NA,-1,Unknown,Unknown,Unknown,Unknown,45.04,45.04,0.0829,0.8680,890.7830,50.38
NA,NA,-1,Unknown,Unknown,Unknown,Unknown,45.14,45.14,0.0839,0.8680,893.4852,50.37
NA,NA,-1,Unknown,Unknown,Unknown,Unknown,45.25,45.25,0.0933,0.8680,895.7363,50.35
NA,NA,-1,Unknown,Unknown,Unknown,Unknown,45.35,45.35,0.1069,0.8679,897.9869,50.34
NA,NA,-1,Unknown,Unknown,Unknown,Unknown,45.46,45.46,0.1120,0.8679,900.2366,50.32
NA,NA,-1,Unknown,Unknown,Unknown,Unknown,45.56,45.56,0.1314,0.8681,902.9355,50.30
NA,NA,-1,Unknown,Unknown,Unknown,Unknown,45.66,45.66,0.1470,0.8681,905.1840,50.29
NA,NA,-1,Unknown,Unknown,Unknown,Unknown,45.77,45.77,0.1661,0.8681,907.4329,50.32
NA,NA,-1,Unknown,Unknown,Unknown,Unknown,45.87,45.87,0.1927,0.8683,909.6881,50.50
NA,NA,-1,Unknown,Unknown,Unknown,Unknown,45.97,45.97,0.2142,0.8691,911.9586,50.88
NA,NA,-1,Unknown,Unknown,Unknown,Unknown,46.08,46.08,0.2341,0.8705,914.2523,51.44
NA,NA,-1,Unknown,Unknown,Unknown,Unknown,46.19,46.19,0.2401,0.8694,917.0292,52.12
NA,NA,-1,Unknown,Unknown,Unknown,Unknown,46.29,46.29,0.2376,0.8676,919.3726,52.65
NA,NA,-1,Unknown,Unknown,Unknown,Unknown,46.40,46.40,0.2276,0.8714,921.7347,52.96
NA,NA,-1,Unknown,Unknown,Unknown,Unknown,46.50,46.50,0.2098,0.8932,924.3450,24.66
NA,NA,-1,Unknown,Unknown,Unknown,Unknown,46.60,46.60,0.3100,1.2269,925.5154,25.44
NA,NA,-1,Unknown,Unknown,Unknown,Unknown,46.71,46.71,0.3296,1.4642,926.7036,25.11
NA,NA,-1,Unknown,Unknown,Unknown,Unknown,46.81,46.81,0.4323,1.6984,927.8192,24.39
NA,NA,-1,Unknown,Unknown,Unknown,Unknown,46.91,46.91,0.5595,1.8573,928.9232,24.07
NA,NA,-1,Unknown,Unknown,Unknown,Unknown,47.02,47.02,0.6838,1.9257,930.0278,23.96
NA,NA,-1,Unknown,Unknown,Unknown,Unknown,47.13,47.13,0.8247,1.8886,931.3539,24.16
NA,NA,-1,Unknown,Unknown,Unknown,Unknown,47.23,47.23,0.7476,1.8130,932.2175,22.24
NA,NA,-1,Unknown,Unknown,Unknown,Unknown,47.34,47.34,0.6764,1.6770,933.0643,22.43
NA,NA,-1,Unknown,Unknown,Unknown,Unknown,47.44,47.44,0.6046,1.4360,934.0689,22.94
NA,NA,-1,Unknown,Unknown,Unknown,Unknown,47.55,47.55,0.5922,1.1909,934.9703,23.76
NA,NA,-1,Unknown,Unknown,Unknown,Unknown,47.65,47.65,0.6877,1.0202,936.1239,23.90
NA,NA,-1,Unknown,Unknown,Unknown,Unknown,47.75,47.75,0.7621,0.8804,937.2487,23.25
NA,NA,-1,Unknown,Unknown,Unknown,Unknown,47.86,47.86,0.6848,0.8572,938.2634,22.10
NA,NA,-1,Unknown,Unknown,Unknown,Unknown,47.96,47.96,0.4681,0.8988,939.3817,21.38
NA,NA,-1,Unknown,Unknown,Unknown,Unknown,48.06,48.06,0.2507,0.9199,940.2848,20.90
NA,NA,-1,Unknown,Unknown,Unknown,Unknown,48.17,48.17,-0.0062,0.9319,941.1616,20.50
NA,NA,-1,Unknown,Unknown,Unknown,Unknown,48.28,48.28,-0.3058,0.9376,942.0088,20.12
NA,NA,-1,Unknown,Unknown,Unknown,Unknown,48.38,48.38,-0.7206,0.9364,942.9828,19.66
NA,NA,-1,Unknown,Unknown,Unknown,Unknown,48.48,48.48,-1.1087,0.9290,943.7547,19.18
NA,NA,-1,Unknown,Unknown,Unknown,Unknown,48.58,48.58,-1.5294,0.9171,944.4874,18.58
NA,NA,-1,Unknown,Unknown,Unknown,Unknown,48.69,48.69,-1.9714,0.8943,945.1715,17.84
NA,NA,-1,Unknown,Unknown,Unknown,Unknown,48.79,48.79,-2.4297,0.8635,945.8127,17.00
NA,NA,-1,Unknown,Unknown,Unknown,Unknown,48.90,48.90,-2.9058,0.8708,946.3512,15.86
NA,NA,-1,Unknown,Unknown,Unknown,Unknown,49.00,49.00,-3.4761,0.8773,946.9207,14.76
NA,NA,-1,Unknown,Unknown,Unknown,Unknown,49.11,49.11,-3.9454,0.8666,947.3519,13.86
NA,NA,-1,Unknown,Unknown,Unknown,Unknown,49.21,49.21,-4.4015,0.8693,947.7102,12.69
NA,NA,-1,Unknown,Unknown,Unknown,Unknown,49.32,49.32,-4.8467,0.8658,948.0161,11.72
NA,NA,-1,Unknown,Unknown,Unknown,Unknown,49.42,49.42,-5.2721,0.8668,948.2578,10.67
NA,NA,-1,Unknown,Unknown,Unknown,Unknown,49.52,49.52,-5.7500,0.8674,948.4727,9.32
NA,NA,-1,Unknown,Unknown,Unknown,Unknown,49.63,49.63,-6.1111,0.8676,948.5922,8.13
NA,NA,-1,Unknown,Unknown,Unknown,Unknown,49.73,49.73,-6.4304,0.8674,948.6625,6.96
NA,NA,-1,Unknown,Unknown,Unknown,Unknown,49.83,49.83,-6.7085,0.8670,948.6906,5.96
NA,NA,-1,Unknown,Unknown,Unknown,Unknown,49.94,49.94,-6.9465,0.8714,948.6794,5.03
NA,NA,-1,Unknown,Unknown,Unknown,Unknown,50.04,50.04,-7.1405,0.8726,948.6387,4.21
NA,NA,-1,Unknown,Unknown,Unknown,Unknown,50.14,50.14,-7.3165,0.8725,948.5540,3.38
NA,NA,-1,Unknown,Unknown,Unknown,Unknown,50.25,50.25,-7.4143,0.8684,948.4584,3.01
NA,NA,-1,Unknown,Unknown,Unknown,Unknown,50.35,50.35,-7.4678,0.8679,948.3368,3.07
NA,NA,-1,Unknown,Unknown,Unknown,Unknown,50.45,50.45,-7.4839,0.8676,948.1882,3.58
NA,NA,-1,Unknown,Unknown,Unknown,Unknown,50.56,50.56,-7.4861,0.8687,947.9568,4.63
NA,NA,-1,Unknown,Unknown,Unknown,Unknown,50.66,50.66,-7.4815,0.8705,947.7211,5.49
NA,NA,-1,Unknown,Unknown,Unknown,Unknown,50.77,50.77,-7.4813,0.8702,947.4465,6.55
NA,NA,-1,Unknown,Unknown,Unknown,Unknown,50.88,50.88,-7.4965,0.8703,947.0576,7.77
NA,NA,-1,Unknown,Unknown,Unknown,Unknown,51.00,51.00,-7.5258,0.8704,946.6799,8.89
NA,NA,-1,Unknown,Unknown,Unknown,Unknown,51.10,51.10,-7.5823,0.8700,946.1750,9.90
NA,NA,-1,Unknown,Unknown,Unknown,Unknown,51.22,51.22,-7.6445,0.8694,945.7173,10.62
NA,NA,-1,Unknown,Unknown,Unknown,Unknown,51.32,51.32,-7.7260,0.8700,945.1307,11.28
NA,NA,-1,Unknown,Unknown,Unknown,Unknown,51.43,51.43,-7.7936,0.8708,944.6212,11.58
NA,NA,-1,Unknown,Unknown,Unknown,Unknown,51.54,51.54,-7.8535,0.8686,944.1008,11.88
NA,NA,-1,Unknown,Unknown,Unknown,Unknown,51.64,51.64,-7.9274,0.8684,943.4571,12.23
NA,NA,-1,Unknown,Unknown,Unknown,Unknown,51.74,51.74,-7.9910,0.8692,942.9048,12.56
NA,NA,-1,Unknown,Unknown,Unknown,Unknown,51.84,51.84,-8.0583,0.8702,942.3337,13.04
NA,NA,-1,Unknown,Unknown,Unknown,Unknown,51.95,51.95,-8.1291,0.8708,941.7527,13.13
NA,NA,-1,Unknown,Unknown,Unknown,Unknown,52.05,52.05,-8.2008,0.8702,941.1741,13.13
NA,NA,-1,Unknown,Unknown,Unknown,Unknown,52.15,52.15,-8.2743,0.8689,940.5951,13.12
NA,NA,-1,Unknown,Unknown,Unknown,Unknown,52.26,52.26,-8.3646,0.8678,939.8989,13.11
NA,NA,-1,Unknown,Unknown,Unknown,Unknown,52.36,52.36,-8.4413,0.8674,939.3182,13.10
NA,NA,-1,Unknown,Unknown,Unknown,Unknown,52.46,52.46,-8.5189,0.8676,938.7375,13.10
NA,NA,-1,Unknown,Unknown,Unknown,Unknown,0.35,0.35,0.0022,0.8588,-0.0074,0.35
NA,NA,-1,Unknown,Unknown,Unknown,Unknown,0.46,0.46,0.0034,0.8693,-0.0089,0.18
NA,NA,-1,Unknown,Unknown,Unknown,Unknown,0.56,0.56,0.0039,0.8735,-0.0076,0.08
NA,NA,-1,Unknown,Unknown,Unknown,Unknown,0.67,0.67,0.0036,0.8723,-0.0054,0.10
NA,NA,-1,Unknown,Unknown,Unknown,Unknown,0.77,0.77,0.0029,0.8699,-0.0034,0.10
NA,NA,-1,Unknown,Unknown,Unknown,Unknown,0.88,0.88,0.0022,0.8677,-0.0019,0.07
NA,NA,-1,Unknown,Unknown,Unknown,Unknown,0.98,0.98,0.0014,0.8665,-0.0012,0.03
NA,NA,-1,Unknown,Unknown,Unknown,Unknown,1.09,1.09,0.0009,0.8663,-0.0013,0.02
NA,NA,-1,Unknown,Unknown,Unknown,Unknown,1.21,1.21,0.0005,0.8667,-0.0017,0.02
NA,NA,-1,Unknown,Unknown,Unknown,Unknown,1.32,1.32,0.0005,0.8672,-0.0015,0.03
NA,NA,-1,Unknown,Unknown,Unknown,Unknown,1.42,1.42,0.0006,0.8677,0.0048,0.21
NA,NA,-1,Unknown,Unknown,Unknown,Unknown,1.53,1.53,0.0007,0.8685,0.0256,0.60
NA,NA,-1,Unknown,Unknown,Unknown,Unknown,1.64,1.64,0.0009,0.8705,0.0845,1.31
NA,NA,-1,Unknown,Unknown,Unknown,Unknown,1.75,1.75,0.0013,0.8698,0.1626,2.02
NA,NA,-1,Unknown,Unknown,Unknown,Unknown,1.85,1.85,0.0015,0.8700,0.2700,2.68
NA,NA,-1,Unknown,Unknown,Unknown,Unknown,1.96,1.96,0.0017,0.8699,0.4081,3.36
NA,NA,-1,Unknown,Unknown,Unknown,Unknown,2.06,2.06,0.0013,0.8700,0.6130,4.16
NA,NA,-1,Unknown,Unknown,Unknown,Unknown,2.16,2.16,0.0017,0.8702,0.8169,4.83
NA,NA,-1,Unknown,Unknown,Unknown,Unknown,2.27,2.27,0.0014,0.8699,1.0507,5.49
NA,NA,-1,Unknown,Unknown,Unknown,Unknown,2.37,2.37,0.0014,0.9025,1.3249,6.15
NA,NA,-1,Unknown,Unknown,Unknown,Unknown,2.48,2.48,0.0017,0.9228,1.6219,6.71
NA,NA,-1,Unknown,Unknown,Unknown,Unknown,2.60,2.60,0.0020,0.8896,1.9825,7.28
NA,NA,-1,Unknown,Unknown,Unknown,Unknown,2.70,2.70,0.0023,0.8451,2.3207,8.35
NA,NA,-1,Unknown,Unknown,Unknown,Unknown,2.81,2.81,0.0028,0.8500,2.7942,9.11
NA,NA,-1,Unknown,Unknown,Unknown,Unknown,2.92,2.92,0.0031,0.8644,3.2241,9.77
NA,NA,-1,Unknown,Unknown,Unknown,Unknown,3.03,3.03,0.0033,0.8700,3.7737,10.58
NA,NA,-1,Unknown,Unknown,Unknown,Unknown,3.14,3.14,0.0030,0.8700,4.2653,11.25
NA,NA,-1,Unknown,Unknown,Unknown,Unknown,3.25,3.25,0.0028,0.9017,4.8740,12.08
NA,NA,-1,Unknown,Unknown,Unknown,Unknown,3.36,3.36,0.0039,0.9005,5.4363,12.59
NA,NA,-1,Unknown,Unknown,Unknown,Unknown,3.46,3.46,-0.0016,0.8679,6.1494,13.57
NA,NA,-1,Unknown,Unknown,Unknown,Unknown,3.57,3.57,-0.0166,0.8709,6.7703,14.15
NA,NA,-1,Unknown,Unknown,Unknown,Unknown,3.67,3.67,-0.0324,0.8690,7.4237,14.85
NA,NA,-1,Unknown,Unknown,Unknown,Unknown,3.78,3.78,-0.0506,0.8709,8.1043,15.48
NA,NA,-1,Unknown,Unknown,Unknown,Unknown,3.89,3.89,-0.0731,0.8696,8.9608,16.29
NA,NA,-1,Unknown,Unknown,Unknown,Unknown,4.00,4.00,-0.0947,0.8713,9.8621,17.12
NA,NA,-1,Unknown,Unknown,Unknown,Unknown,4.11,4.11,-0.1133,0.8710,10.6441,17.80
NA,NA,-1,Unknown,Unknown,Unknown,Unknown,4.22,4.22,-0.1320,0.8691,11.4567,18.47
NA,NA,-1,Unknown,Unknown,Unknown,Unknown,4.32,4.32,-0.1463,0.8707,12.4711,19.25
NA,NA,-1,Unknown,Unknown,Unknown,Unknown,4.43,4.43,-0.1574,0.8710,13.3494,19.91
NA,NA,-1,Unknown,Unknown,Unknown,Unknown,4.53,4.53,-0.1646,0.8710,14.2558,20.51
NA,NA,-1,Unknown,Unknown,Unknown,Unknown,4.63,4.63,-0.1735,0.8708,15.1938,21.24
NA,NA,-1,Unknown,Unknown,Unknown,Unknown,4.73,4.73,-0.1899,0.8709,16.1599,21.89
NA,NA,-1,Unknown,Unknown,Unknown,Unknown,4.84,4.84,-0.2093,0.8699,17.1563,22.58
NA,NA,-1,Unknown,Unknown,Unknown,Unknown,4.94,4.94,-0.2330,0.8706,18.3911,23.38
NA,NA,-1,Unknown,Unknown,Unknown,Unknown,5.05,5.05,-0.2534,0.8721,19.4521,23.95
NA,NA,-1,Unknown,Unknown,Unknown,Unknown,5.15,5.15,-0.2632,0.8710,20.5429,24.68
NA,NA,-1,Unknown,Unknown,Unknown,Unknown,5.25,5.25,-0.2742,0.8695,21.6653,25.35
NA,NA,-1,Unknown,Unknown,Unknown,Unknown,5.36,5.36,-0.2812,0.8731,22.8152,25.94
NA,NA,-1,Unknown,Unknown,Unknown,Unknown,5.46,5.46,-0.2879,0.8724,23.9966,26.68
NA,NA,-1,Unknown,Unknown,Unknown,Unknown,5.56,5.56,-0.2954,0.8706,25.4520,27.48
NA,NA,-1,Unknown,Unknown,Unknown,Unknown,5.66,5.66,-0.3058,0.8723,26.6979,28.14
NA,NA,-1,Unknown,Unknown,Unknown,Unknown,5.76,5.76,-0.3154,0.8707,27.9716,28.82
NA,NA,-1,Unknown,Unknown,Unknown,Unknown,5.87,5.87,-0.3252,0.8713,29.2776,29.40
NA,NA,-1,Unknown,Unknown,Unknown,Unknown,5.98,5.98,-0.3376,0.8739,30.8828,30.26
NA,NA,-1,Unknown,Unknown,Unknown,Unknown,6.09,6.09,-0.3488,0.8695,32.2538,30.93
NA,NA,-1,Unknown,Unknown,Unknown,Unknown,6.19,6.19,-0.3602,0.8729,33.6512,31.57
NA,NA,-1,Unknown,Unknown,Unknown,Unknown,6.30,6.30,-0.3722,0.8719,35.0818,32.22
NA,NA,-1,Unknown,Unknown,Unknown,Unknown,6.40,6.40,-0.3881,0.8710,36.8358,33.03
NA,NA,-1,Unknown,Unknown,Unknown,Unknown,6.51,6.51,-0.4016,0.8736,38.3307,33.71
NA,NA,-1,Unknown,Unknown,Unknown,Unknown,6.61,6.61,-0.4158,0.8708,39.8554,34.38
NA,NA,-1,Unknown,Unknown,Unknown,Unknown,6.71,6.71,-0.4252,0.8727,41.4075,34.98
NA,NA,-1,Unknown,Unknown,Unknown,Unknown,6.82,6.82,-0.4307,0.8706,43.3114,35.83
NA,NA,-1,Unknown,Unknown,Unknown,Unknown,6.93,6.93,-0.4295,0.8723,44.9301,36.43
NA,NA,-1,Unknown,Unknown,Unknown,Unknown,7.03,7.03,-0.4281,0.8714,46.5790,37.12
NA,NA,-1,Unknown,Unknown,Unknown,Unknown,7.14,7.14,-0.4226,0.8739,48.2548,37.74
NA,NA,-1,Unknown,Unknown,Unknown,Unknown,7.24,7.24,-0.4134,0.8705,50.3093,38.57
NA,NA,-1,Unknown,Unknown,Unknown,Unknown,7.35,7.35,-0.4048,0.8757,52.0516,39.26
NA,NA,-1,Unknown,Unknown,Unknown,Unknown,7.45,7.45,-0.3946,0.8682,53.8228,39.93
NA,NA,-1,Unknown,Unknown,Unknown,Unknown,7.55,7.55,-0.3865,0.8741,55.6254,40.58
NA,NA,-1,Unknown,Unknown,Unknown,Unknown,7.66,7.66,-0.3767,0.8716,57.4573,41.24
NA,NA,-1,Unknown,Unknown,Unknown,Unknown,7.76,7.76,-0.3676,0.8715,59.3161,41.91
NA,NA,-1,Unknown,Unknown,Unknown,Unknown,7.86,7.86,-0.3578,0.8704,61.2098,42.54
NA,NA,-1,Unknown,Unknown,Unknown,Unknown,7.96,7.96,-0.3481,0.8697,63.5151,43.37
NA,NA,-1,Unknown,Unknown,Unknown,Unknown,8.07,8.07,-0.3404,0.8733,65.4699,43.95
NA,NA,-1,Unknown,Unknown,Unknown,Unknown,8.17,8.17,-0.3216,0.8706,67.4540,44.60
NA,NA,-1,Unknown,Unknown,Unknown,Unknown,8.28,8.28,-0.3034,0.8709,69.4692,45.34
NA,NA,-1,Unknown,Unknown,Unknown,Unknown,8.38,8.38,-0.2786,0.8715,71.5130,45.95
NA,NA,-1,Unknown,Unknown,Unknown,Unknown,8.48,8.48,-0.2478,0.8719,73.5848,46.65
NA,NA,-1,Unknown,Unknown,Unknown,Unknown,8.58,8.58,-0.2207,0.8703,75.6873,47.30
NA,NA,-1,Unknown,Unknown,Unknown,Unknown,8.68,8.68,-0.1757,0.8718,78.2491,48.11
NA,NA,-1,Unknown,Unknown,Unknown,Unknown,8.78,8.78,-0.1371,0.8723,80.4161,48.73
NA,NA,-1,Unknown,Unknown,Unknown,Unknown,8.88,8.88,-0.0960,0.8742,82.6115,49.40
NA,NA,-1,Unknown,Unknown,Unknown,Unknown,8.98,8.98,-0.0528,0.8740,84.8369,50.02
NA,NA,-1,Unknown,Unknown,Unknown,Unknown,9.09,9.09,-0.0101,0.8719,87.0931,50.71
NA,NA,-1,Unknown,Unknown,Unknown,Unknown,9.20,9.20,0.0378,0.8696,89.3786,51.40
NA,NA,-1,Unknown,Unknown,Unknown,Unknown,9.30,9.30,0.0922,0.8762,92.1560,52.14
NA,NA,-1,Unknown,Unknown,Unknown,Unknown,9.40,9.40,0.1384,0.8713,94.5073,52.78
NA,NA,-1,Unknown,Unknown,Unknown,Unknown,9.50,9.50,0.1850,0.8744,96.8843,53.50
NA,NA,-1,Unknown,Unknown,Unknown,Unknown,9.61,9.61,0.2319,0.8739,99.2932,54.11
NA,NA,-1,Unknown,Unknown,Unknown,Unknown,9.71,9.71,0.2787,0.8718,101.7301,54.77
NA,NA,-1,Unknown,Unknown,Unknown,Unknown,9.82,9.82,0.3105,0.8696,104.1958,55.41
NA,NA,-1,Unknown,Unknown,Unknown,Unknown,9.92,9.92,0.3472,0.8704,106.6933,56.13
NA,NA,-1,Unknown,Unknown,Unknown,Unknown,10.02,10.02,0.3813,0.8700,109.7268,56.87
NA,NA,-1,Unknown,Unknown,Unknown,Unknown,10.13,10.13,0.3984,0.8710,112.2897,57.57
NA,NA,-1,Unknown,Unknown,Unknown,Unknown,10.24,10.24,0.4180,0.8756,114.8771,58.18
NA,NA,-1,Unknown,Unknown,Unknown,Unknown,10.34,10.34,0.4306,0.8715,117.4963,58.77
NA,NA,-1,Unknown,Unknown,Unknown,Unknown,10.44,10.44,0.4422,0.8707,120.6618,59.23
NA,NA,-1,Unknown,Unknown,Unknown,Unknown,10.55,10.55,0.4436,0.8700,123.3110,59.32
NA,NA,-1,Unknown,Unknown,Unknown,Unknown,10.66,10.66,0.4444,0.8691,125.9590,59.29
NA,NA,-1,Unknown,Unknown,Unknown,Unknown,10.77,10.77,0.4444,0.8680,129.1370,59.27
NA,NA,-1,Unknown,Unknown,Unknown,Unknown,10.88,10.88,0.4433,0.8675,131.7856,59.25
NA,NA,-1,Unknown,Unknown,Unknown,Unknown,10.98,10.98,0.4412,0.8675,134.4340,59.24
NA,NA,-1,Unknown,Unknown,Unknown,Unknown,11.08,11.08,0.4375,0.8678,137.6115,59.22
NA,NA,-1,Unknown,Unknown,Unknown,Unknown,11.19,11.19,0.4337,0.8680,140.2590,59.23
NA,NA,-1,Unknown,Unknown,Unknown,Unknown,11.30,11.30,0.4294,0.8682,142.9075,59.24
NA,NA,-1,Unknown,Unknown,Unknown,Unknown,11.40,11.40,0.4236,0.8683,146.0850,59.23
NA,NA,-1,Unknown,Unknown,Unknown,Unknown,11.50,11.50,0.4185,0.8682,148.7323,59.22
NA,NA,-1,Unknown,Unknown,Unknown,Unknown,11.61,11.61,0.4132,0.8681,151.3791,59.21
NA,NA,-1,Unknown,Unknown,Unknown,Unknown,11.71,11.71,0.4077,0.8680,154.0253,59.19
NA,NA,-1,Unknown,Unknown,Unknown,Unknown,11.82,11.82,0.4091,0.8680,156.6709,59.17
NA,NA,-1,Unknown,Unknown,Unknown,Unknown,11.92,11.92,0.4106,0.8680,159.8448,59.16
NA,NA,-1,Unknown,Unknown,Unknown,Unknown,12.03,12.03,0.4138,0.8680,162.4890,59.14
NA,NA,-1,Unknown,Unknown,Unknown,Unknown,12.14,12.14,0.4205,0.8680,165.1327,59.13
NA,NA,-1,Unknown,Unknown,Unknown,Unknown,12.24,12.24,0.4330,0.8680,168.3042,59.11
NA,NA,-1,Unknown,Unknown,Unknown,Unknown,12.34,12.34,0.4471,0.8680,170.9467,59.11
NA,NA,-1,Unknown,Unknown,Unknown,Unknown,12.44,12.44,0.4646,0.8681,173.5907,59.14
NA,NA,-1,Unknown,Unknown,Unknown,Unknown,12.55,12.55,0.4853,0.8682,176.2348,59.14
NA,NA,-1,Unknown,Unknown,Unknown,Unknown,12.66,12.66,0.5140,0.8682,179.4068,59.13
NA,NA,-1,Unknown,Unknown,Unknown,Unknown,12.77,12.77,0.5408,0.8681,182.0497,59.12
NA,NA,-1,Unknown,Unknown,Unknown,Unknown,12.87,12.87,0.5701,0.8680,184.6920,59.11
NA,NA,-1,Unknown,Unknown,Unknown,Unknown,12.97,12.97,0.6015,0.8681,187.3352,59.13
NA,NA,-1,Unknown,Unknown,Unknown,Unknown,13.09,13.09,0.6416,0.8681,190.5068,59.12
NA,NA,-1,Unknown,Unknown,Unknown,Unknown,13.20,13.20,0.6767,0.8681,193.1491,59.11
NA,NA,-1,Unknown,Unknown,Unknown,Unknown,13.30,13.30,0.7130,0.8681,195.7912,59.12
NA,NA,-1,Unknown,Unknown,Unknown,Unknown,13.41,13.41,0.7571,0.8682,198.9661,59.21
NA,NA,-1,Unknown,Unknown,Unknown,Unknown,13.51,13.51,0.7852,0.8685,201.6136,59.22
NA,NA,-1,Unknown,Unknown,Unknown,Unknown,13.61,13.61,0.8169,0.8685,204.2605,59.22
NA,NA,-1,Unknown,Unknown,Unknown,Unknown,13.71,13.71,0.8458,0.8683,206.9070,59.21
NA,NA,-1,Unknown,Unknown,Unknown,Unknown,13.81,13.81,0.8697,0.8681,209.5532,59.20
NA,NA,-1,Unknown,Unknown,Unknown,Unknown,13.91,13.91,0.8769,0.8680,212.1985,59.17
NA,NA,-1,Unknown,Unknown,Unknown,Unknown,14.02,14.02,0.8848,0.8678,215.3736,59.21
NA,NA,-1,Unknown,Unknown,Unknown,Unknown,14.13,14.13,0.8818,0.8681,218.0249,59.32
NA,NA,-1,Unknown,Unknown,Unknown,Unknown,14.23,14.23,0.8712,0.8685,220.6781,59.35
NA,NA,-1,Unknown,Unknown,Unknown,Unknown,14.33,14.33,0.8721,0.8685,223.3304,59.34
NA,NA,-1,Unknown,Unknown,Unknown,Unknown,14.44,14.44,0.8656,0.8684,225.9821,59.33
NA,NA,-1,Unknown,Unknown,Unknown,Unknown,14.54,14.54,0.8548,0.8683,229.1686,59.46
NA,NA,-1,Unknown,Unknown,Unknown,Unknown,14.64,14.64,0.8503,0.8687,231.8367,59.76
NA,NA,-1,Unknown,Unknown,Unknown,Unknown,14.74,14.74,0.8414,0.8698,234.5250,60.25
NA,NA,-1,Unknown,Unknown,Unknown,Unknown,14.85,14.85,0.8303,0.8736,237.2333,60.81
NA,NA,-1,Unknown,Unknown,Unknown,Unknown,14.95,14.95,0.8166,0.8694,239.9700,61.46
NA,NA,-1,Unknown,Unknown,Unknown,Unknown,15.05,15.05,0.8035,0.8748,242.7278,61.93
NA,NA,-1,Unknown,Unknown,Unknown,Unknown,15.16,15.16,0.7876,0.8756,245.5030,62.17
NA,NA,-1,Unknown,Unknown,Unknown,Unknown,15.26,15.26,0.7670,0.8728,248.2791,62.12
NA,NA,-1,Unknown,Unknown,Unknown,Unknown,15.37,15.37,0.7365,0.8688,251.6011,61.95
NA,NA,-1,Unknown,Unknown,Unknown,Unknown,15.47,15.47,0.7058,0.8667,254.3669,61.88
NA,NA,-1,Unknown,Unknown,Unknown,Unknown,15.57,15.57,0.6698,0.8661,257.1313,61.80
NA,NA,-1,Unknown,Unknown,Unknown,Unknown,15.67,15.67,0.6359,0.8664,259.8873,61.57
NA,NA,-1,Unknown,Unknown,Unknown,Unknown,15.78,15.78,0.5992,0.8665,262.6314,61.34
NA,NA,-1,Unknown,Unknown,Unknown,Unknown,15.88,15.88,0.5581,0.8666,265.3701,61.23
NA,NA,-1,Unknown,Unknown,Unknown,Unknown,15.98,15.98,0.5166,0.8669,268.1074,61.18
NA,NA,-1,Unknown,Unknown,Unknown,Unknown,16.08,16.08,0.4667,0.8676,271.3902,61.16
NA,NA,-1,Unknown,Unknown,Unknown,Unknown,16.18,16.18,0.4256,0.8681,274.1243,61.14
NA,NA,-1,Unknown,Unknown,Unknown,Unknown,16.28,16.28,0.3852,0.8683,276.8573,61.13
NA,NA,-1,Unknown,Unknown,Unknown,Unknown,16.39,16.39,0.3458,0.8683,279.5896,61.12
NA,NA,-1,Unknown,Unknown,Unknown,Unknown,16.49,16.49,0.3077,0.8682,282.3212,61.11
NA,NA,-1,Unknown,Unknown,Unknown,Unknown,16.59,16.59,0.2710,0.8681,285.0522,61.09
NA,NA,-1,Unknown,Unknown,Unknown,Unknown,16.70,16.70,0.2357,0.8680,287.7821,61.06
NA,NA,-1,Unknown,Unknown,Unknown,Unknown,16.80,16.80,0.1952,0.8679,291.0558,61.02
NA,NA,-1,Unknown,Unknown,Unknown,Unknown,16.90,16.90,0.1628,0.8679,293.7832,61.01
NA,NA,-1,Unknown,Unknown,Unknown,Unknown,17.01,17.01,0.1342,0.8679,296.5100,60.99
NA,NA,-1,Unknown,Unknown,Unknown,Unknown,17.11,17.11,0.1184,0.8680,299.2357,60.97
NA,NA,-1,Unknown,Unknown,Unknown,Unknown,17.21,17.21,0.0999,0.8680,301.9609,60.95
NA,NA,-1,Unknown,Unknown,Unknown,Unknown,17.32,17.32,0.0873,0.8680,304.6853,60.94
NA,NA,-1,Unknown,Unknown,Unknown,Unknown,17.42,17.42,0.0810,0.8680,307.4092,60.93
NA,NA,-1,Unknown,Unknown,Unknown,Unknown,17.52,17.52,0.0815,0.8680,310.6769,60.91
NA,NA,-1,Unknown,Unknown,Unknown,Unknown,17.63,17.63,0.0883,0.8680,313.3986,60.87
NA,NA,-1,Unknown,Unknown,Unknown,Unknown,17.73,17.73,0.1007,0.8679,316.1181,60.83
NA,NA,-1,Unknown,Unknown,Unknown,Unknown,17.84,17.84,0.1227,0.8678,319.3803,60.80
NA,NA,-1,Unknown,Unknown,Unknown,Unknown,17.95,17.95,0.1465,0.8678,322.0981,60.78
NA,NA,-1,Unknown,Unknown,Unknown,Unknown,18.05,18.05,0.1747,0.8679,324.8138,60.74
NA,NA,-1,Unknown,Unknown,Unknown,Unknown,18.16,18.16,0.2070,0.8679,327.5279,60.71
NA,NA,-1,Unknown,Unknown,Unknown,Unknown,18.26,18.26,0.2504,0.8679,330.7838,60.69
NA,NA,-1,Unknown,Unknown,Unknown,Unknown,18.37,18.37,0.2900,0.8680,333.4962,60.67
NA,NA,-1,Unknown,Unknown,Unknown,Unknown,18.47,18.47,0.3322,0.8680,336.2059,60.61
NA,NA,-1,Unknown,Unknown,Unknown,Unknown,18.58,18.58,0.3766,0.8679,338.9137,60.57
NA,NA,-1,Unknown,Unknown,Unknown,Unknown,18.68,18.68,0.4323,0.8678,342.1622,60.55
NA,NA,-1,Unknown,Unknown,Unknown,Unknown,18.79,18.79,0.4806,0.8679,344.8684,60.53
NA,NA,-1,Unknown,Unknown,Unknown,Unknown,18.89,18.89,0.5301,0.8680,347.5726,60.47
NA,NA,-1,Unknown,Unknown,Unknown,Unknown,19.00,19.00,0.5805,0.8678,350.2688,60.27
NA,NA,-1,Unknown,Unknown,Unknown,Unknown,19.10,19.10,0.6317,0.8672,352.9565,60.11
NA,NA,-1,Unknown,Unknown,Unknown,Unknown,19.20,19.20,0.6942,0.8669,356.1789,60.04
NA,NA,-1,Unknown,Unknown,Unknown,Unknown,19.31,19.31,0.7470,0.8672,358.8633,60.02
NA,NA,-1,Unknown,Unknown,Unknown,Unknown,19.41,19.41,0.7987,0.8677,361.5464,60.00
NA,NA,-1,Unknown,Unknown,Unknown,Unknown,19.52,19.52,0.8603,0.8682,364.7646,59.99
NA,NA,-1,Unknown,Unknown,Unknown,Unknown,19.63,19.63,0.9118,0.8683,367.4455,59.97
NA,NA,-1,Unknown,Unknown,Unknown,Unknown,19.73,19.73,0.9625,0.8682,370.1258,59.96
NA,NA,-1,Unknown,Unknown,Unknown,Unknown,19.84,19.84,1.0122,0.8681,372.8054,59.95
NA,NA,-1,Unknown,Unknown,Unknown,Unknown,19.94,19.94,1.0707,0.8680,376.0202,59.93
NA,NA,-1,Unknown,Unknown,Unknown,Unknown,20.05,20.05,1.1184,0.8680,378.6986,59.92
NA,NA,-1,Unknown,Unknown,Unknown,Unknown,20.15,20.15,1.1652,0.8680,381.3764,59.91
NA,NA,-1,Unknown,Unknown,Unknown,Unknown,20.26,20.26,1.2110,0.8680,384.0537,59.89
NA,NA,-1,Unknown,Unknown,Unknown,Unknown,20.36,20.36,1.2609,0.8680,387.2656,59.87
NA,NA,-1,Unknown,Unknown,Unknown,Unknown,20.47,20.47,1.2996,0.8680,389.9415,59.86
NA,NA,-1,Unknown,Unknown,Unknown,Unknown,20.57,20.57,1.3373,0.8680,392.6168,59.85
NA,NA,-1,Unknown,Unknown,Unknown,Unknown,20.68,20.68,1.3785,0.8680,395.8264,59.83
NA,NA,-1,Unknown,Unknown,Unknown,Unknown,20.79,20.79,1.4096,0.8680,398.5005,59.82
NA,NA,-1,Unknown,Unknown,Unknown,Unknown,20.90,20.90,1.4377,0.8680,401.1739,59.80
NA,NA,-1,Unknown,Unknown,Unknown,Unknown,21.00,21.00,1.4679,0.8680,404.3813,59.79
NA,NA,-1,Unknown,Unknown,Unknown,Unknown,21.11,21.11,1.4901,0.8680,407.0535,59.77
NA,NA,-1,Unknown,Unknown,Unknown,Unknown,21.22,21.22,1.5104,0.8685,409.7248,59.76
NA,NA,-1,Unknown,Unknown,Unknown,Unknown,21.32,21.32,1.5317,0.8705,412.9310,59.74
NA,NA,-1,Unknown,Unknown,Unknown,Unknown,21.43,21.43,1.5470,0.8724,415.6006,59.73
NA,NA,-1,Unknown,Unknown,Unknown,Unknown,21.54,21.54,1.5593,0.8716,418.2692,59.72
NA,NA,-1,Unknown,Unknown,Unknown,Unknown,21.64,21.64,1.5729,0.8704,421.4735,59.69
NA,NA,-1,Unknown,Unknown,Unknown,Unknown,21.75,21.75,1.5838,0.8715,424.1419,59.68
NA,NA,-1,Unknown,Unknown,Unknown,Unknown,21.88,21.88,1.5934,0.8708,427.3416,59.67
NA,NA,-1,Unknown,Unknown,Unknown,Unknown,21.98,21.98,1.6029,0.8698,430.5435,59.65
NA,NA,-1,Unknown,Unknown,Unknown,Unknown,22.09,22.09,1.6111,0.8714,433.2098,59.64
NA,NA,-1,Unknown,Unknown,Unknown,Unknown,22.19,22.19,1.6138,0.8711,435.8741,59.63
NA,NA,-1,Unknown,Unknown,Unknown,Unknown,22.30,22.30,1.6033,0.8698,439.0729,59.60
NA,NA,-1,Unknown,Unknown,Unknown,Unknown,22.41,22.41,1.5973,0.8709,441.7372,59.58
NA,NA,-1,Unknown,Unknown,Unknown,Unknown,22.52,22.52,1.5839,0.8708,444.3991,59.58
NA,NA,-1,Unknown,Unknown,Unknown,Unknown,22.62,22.62,1.5603,0.8696,447.5951,59.55
NA,NA,-1,Unknown,Unknown,Unknown,Unknown,22.73,22.73,1.5345,0.8703,450.2578,59.54
NA,NA,-1,Unknown,Unknown,Unknown,Unknown,22.83,22.83,1.5026,0.8705,452.9172,59.53
NA,NA,-1,Unknown,Unknown,Unknown,Unknown,22.95,22.95,1.4561,0.8690,456.1098,59.51
NA,NA,-1,Unknown,Unknown,Unknown,Unknown,23.06,23.06,1.4124,0.8675,458.7697,59.49
NA,NA,-1,Unknown,Unknown,Unknown,Unknown,23.16,23.16,1.3642,0.8672,461.4285,59.48
NA,NA,-1,Unknown,Unknown,Unknown,Unknown,23.26,23.26,1.3007,0.8676,464.6182,59.46
NA,NA,-1,Unknown,Unknown,Unknown,Unknown,23.37,23.37,1.2435,0.8679,467.2754,59.45
NA,NA,-1,Unknown,Unknown,Unknown,Unknown,23.47,23.47,1.1831,0.8681,469.9319,59.44
NA,NA,-1,Unknown,Unknown,Unknown,Unknown,23.57,23.57,1.1197,0.8681,472.5878,59.42
NA,NA,-1,Unknown,Unknown,Unknown,Unknown,23.68,23.68,1.0405,0.8681,475.7740,59.41
NA,NA,-1,Unknown,Unknown,Unknown,Unknown,23.79,23.79,0.9723,0.8681,478.4285,59.39
NA,NA,-1,Unknown,Unknown,Unknown,Unknown,23.90,23.90,0.9024,0.8680,481.0822,59.38
NA,NA,-1,Unknown,Unknown,Unknown,Unknown,24.00,24.00,0.8167,0.8680,484.2660,59.36
NA,NA,-1,Unknown,Unknown,Unknown,Unknown,24.11,24.11,0.7441,0.8680,486.9184,59.35
NA,NA,-1,Unknown,Unknown,Unknown,Unknown,24.22,24.22,0.6707,0.8680,489.5701,59.34
NA,NA,-1,Unknown,Unknown,Unknown,Unknown,24.32,24.32,0.5970,0.8680,492.2213,59.32
NA,NA,-1,Unknown,Unknown,Unknown,Unknown,24.42,24.42,0.5190,0.8680,495.4019,59.30
NA,NA,-1,Unknown,Unknown,Unknown,Unknown,24.53,24.53,0.4511,0.8680,498.0517,59.29
NA,NA,-1,Unknown,Unknown,Unknown,Unknown,24.63,24.63,0.3865,0.8680,500.7010,59.27
NA,NA,-1,Unknown,Unknown,Unknown,Unknown,24.74,24.74,0.3254,0.8680,503.3497,59.26
NA,NA,-1,Unknown,Unknown,Unknown,Unknown,24.84,24.84,0.2567,0.8680,506.5275,59.24
NA,NA,-1,Unknown,Unknown,Unknown,Unknown,24.95,24.95,0.2032,0.8680,509.1750,59.23
NA,NA,-1,Unknown,Unknown,Unknown,Unknown,25.05,25.05,0.1531,0.8680,511.8220,59.22
NA,NA,-1,Unknown,Unknown,Unknown,Unknown,25.15,25.15,0.1063,0.8680,514.4685,59.20
NA,NA,-1,Unknown,Unknown,Unknown,Unknown,25.25,25.25,0.0625,0.8680,517.1144,59.19
NA,NA,-1,Unknown,Unknown,Unknown,Unknown,25.35,25.35,0.0216,0.8680,519.7597,59.18
NA,NA,-1,Unknown,Unknown,Unknown,Unknown,25.46,25.46,-0.0167,0.8680,522.4045,59.16
NA,NA,-1,Unknown,Unknown,Unknown,Unknown,25.56,25.56,-0.0528,0.8680,525.0487,59.15
NA,NA,-1,Unknown,Unknown,Unknown,Unknown,25.66,25.66,-0.0869,0.8680,527.6923,59.14
NA,NA,-1,Unknown,Unknown,Unknown,Unknown,25.76,25.76,-0.1174,0.8680,530.8637,59.12
NA,NA,-1,Unknown,Unknown,Unknown,Unknown,25.87,25.87,-0.1429,0.8680,533.5060,59.10
NA,NA,-1,Unknown,Unknown,Unknown,Unknown,25.97,25.97,-0.1648,0.8680,536.1476,59.09
NA,NA,-1,Unknown,Unknown,Unknown,Unknown,26.08,26.08,-0.1829,0.8680,538.7888,59.08
NA,NA,-1,Unknown,Unknown,Unknown,Unknown,26.18,26.18,-0.1976,0.8680,541.4293,59.06
NA,NA,-1,Unknown,Unknown,Unknown,Unknown,26.28,26.28,-0.2108,0.8680,544.5970,59.05
NA,NA,-1,Unknown,Unknown,Unknown,Unknown,26.38,26.38,-0.2183,0.8680,547.2362,59.03
NA,NA,-1,Unknown,Unknown,Unknown,Unknown,26.48,26.48,-0.2230,0.8680,549.8748,59.02
NA,NA,-1,Unknown,Unknown,Unknown,Unknown,26.59,26.59,-0.2250,0.8680,552.5128,59.00
NA,NA,-1,Unknown,Unknown,Unknown,Unknown,26.69,26.69,-0.2186,0.8680,555.1501,58.99
NA,NA,-1,Unknown,Unknown,Unknown,Unknown,26.80,26.80,-0.2072,0.8680,557.7864,58.97
NA,NA,-1,Unknown,Unknown,Unknown,Unknown,26.90,26.90,-0.1938,0.8680,560.4223,58.96
NA,NA,-1,Unknown,Unknown,Unknown,Unknown,27.00,27.00,-0.1748,0.8680,563.0576,58.94
NA,NA,-1,Unknown,Unknown,Unknown,Unknown,27.10,27.10,-0.1449,0.8680,566.2189,58.93
NA,NA,-1,Unknown,Unknown,Unknown,Unknown,27.21,27.21,-0.1144,0.8680,568.8527,58.91
NA,NA,-1,Unknown,Unknown,Unknown,Unknown,27.31,27.31,-0.0856,0.8680,571.4857,58.90
NA,NA,-1,Unknown,Unknown,Unknown,Unknown,27.42,27.42,-0.0508,0.8680,574.1181,58.88
NA,NA,-1,Unknown,Unknown,Unknown,Unknown,27.52,27.52,-0.0136,0.8680,576.7498,58.87
NA,NA,-1,Unknown,Unknown,Unknown,Unknown,27.62,27.62,0.0324,0.8680,579.9071,58.85
NA,NA,-1,Unknown,Unknown,Unknown,Unknown,27.73,27.73,0.0716,0.8680,582.5375,58.84
NA,NA,-1,Unknown,Unknown,Unknown,Unknown,27.83,27.83,0.1110,0.8680,585.1672,58.83
NA,NA,-1,Unknown,Unknown,Unknown,Unknown,27.93,27.93,0.1505,0.8681,587.7965,58.81
NA,NA,-1,Unknown,Unknown,Unknown,Unknown,28.04,28.04,0.1896,0.8680,590.4251,58.80
NA,NA,-1,Unknown,Unknown,Unknown,Unknown,28.14,28.14,0.2360,0.8680,593.5786,58.79
NA,NA,-1,Unknown,Unknown,Unknown,Unknown,28.24,28.24,0.2739,0.8680,596.2059,58.77
NA,NA,-1,Unknown,Unknown,Unknown,Unknown,28.36,28.36,0.3112,0.8680,598.8327,58.76
NA,NA,-1,Unknown,Unknown,Unknown,Unknown,28.46,28.46,0.3550,0.8680,601.9840,58.74
NA,NA,-1,Unknown,Unknown,Unknown,Unknown,28.57,28.57,0.3908,0.8680,604.6094,58.73
NA,NA,-1,Unknown,Unknown,Unknown,Unknown,28.68,28.68,0.4260,0.8680,607.2343,58.72
NA,NA,-1,Unknown,Unknown,Unknown,Unknown,28.78,28.78,0.4675,0.8680,610.3834,58.70
NA,NA,-1,Unknown,Unknown,Unknown,Unknown,28.89,28.89,0.5016,0.8680,613.0070,58.69
NA,NA,-1,Unknown,Unknown,Unknown,Unknown,28.99,28.99,0.5353,0.8680,615.6300,58.67
NA,NA,-1,Unknown,Unknown,Unknown,Unknown,29.09,29.09,0.5687,0.8680,618.2524,58.66
NA,NA,-1,Unknown,Unknown,Unknown,Unknown,29.20,29.20,0.6018,0.8680,620.8743,58.65
NA,NA,-1,Unknown,Unknown,Unknown,Unknown,29.30,29.30,0.6411,0.8680,624.0197,58.63
NA,NA,-1,Unknown,Unknown,Unknown,Unknown,29.41,29.41,0.6737,0.8680,626.6403,58.62
NA,NA,-1,Unknown,Unknown,Unknown,Unknown,29.51,29.51,0.7062,0.8680,629.2602,58.61
NA,NA,-1,Unknown,Unknown,Unknown,Unknown,29.62,29.62,0.7384,0.8680,631.8796,58.59
NA,NA,-1,Unknown,Unknown,Unknown,Unknown,29.73,29.73,0.7770,0.8680,635.0220,58.58
NA,NA,-1,Unknown,Unknown,Unknown,Unknown,29.84,29.84,0.8155,0.8680,638.1637,58.56
NA,NA,-1,Unknown,Unknown,Unknown,Unknown,29.95,29.95,0.8475,0.8680,640.7811,58.55
NA,NA,-1,Unknown,Unknown,Unknown,Unknown,30.06,30.06,0.8795,0.8680,643.3978,58.53
NA,NA,-1,Unknown,Unknown,Unknown,Unknown,30.16,30.16,0.9177,0.8680,646.5372,58.52
NA,NA,-1,Unknown,Unknown,Unknown,Unknown,30.27,30.27,0.9496,0.8680,649.1527,58.51
NA,NA,-1,Unknown,Unknown,Unknown,Unknown,30.37,30.37,0.9814,0.8680,651.7676,58.49
NA,NA,-1,Unknown,Unknown,Unknown,Unknown,30.48,30.48,1.0132,0.8680,654.3820,58.48
NA,NA,-1,Unknown,Unknown,Unknown,Unknown,30.59,30.59,1.0513,0.8680,657.5184,58.46
NA,NA,-1,Unknown,Unknown,Unknown,Unknown,30.69,30.69,1.0831,0.8680,660.1314,58.45
NA,NA,-1,Unknown,Unknown,Unknown,Unknown,30.80,30.80,1.1212,0.8680,663.2662,58.44
NA,NA,-1,Unknown,Unknown,Unknown,Unknown,30.90,30.90,1.1529,0.8680,665.8780,58.42
NA,NA,-1,Unknown,Unknown,Unknown,Unknown,31.00,31.00,1.1846,0.8680,668.4891,58.41
NA,NA,-1,Unknown,Unknown,Unknown,Unknown,31.11,31.11,1.2163,0.8680,671.0997,58.40
NA,NA,-1,Unknown,Unknown,Unknown,Unknown,31.22,31.22,1.2543,0.8680,674.2316,58.38
NA,NA,-1,Unknown,Unknown,Unknown,Unknown,31.33,31.33,1.2860,0.8680,676.8409,58.37
NA,NA,-1,Unknown,Unknown,Unknown,Unknown,31.44,31.44,1.3240,0.8680,679.9713,58.35
NA,NA,-1,Unknown,Unknown,Unknown,Unknown,31.54,31.54,1.3557,0.8680,682.5792,58.34
NA,NA,-1,Unknown,Unknown,Unknown,Unknown,31.64,31.64,1.3873,0.8680,685.1866,58.32
NA,NA,-1,Unknown,Unknown,Unknown,Unknown,31.75,31.75,1.4190,0.8680,687.7935,58.31
NA,NA,-1,Unknown,Unknown,Unknown,Unknown,31.86,31.86,1.4570,0.8680,690.9208,58.30
NA,NA,-1,Unknown,Unknown,Unknown,Unknown,31.97,31.97,1.4895,0.8691,693.5268,58.28
NA,NA,-1,Unknown,Unknown,Unknown,Unknown,32.07,32.07,1.5201,0.8690,696.1315,58.27
NA,NA,-1,Unknown,Unknown,Unknown,Unknown,32.18,32.18,1.5518,0.8694,698.7353,58.26
NA,NA,-1,Unknown,Unknown,Unknown,Unknown,32.29,32.29,1.5904,0.8707,701.8610,58.24
NA,NA,-1,Unknown,Unknown,Unknown,Unknown,32.40,32.40,1.6218,0.8718,704.4627,58.23
NA,NA,-1,Unknown,Unknown,Unknown,Unknown,32.50,32.50,1.6581,0.8698,707.5855,58.21
NA,NA,-1,Unknown,Unknown,Unknown,Unknown,32.61,32.61,1.6895,0.8690,710.1882,58.20
NA,NA,-1,Unknown,Unknown,Unknown,Unknown,32.72,32.72,1.7277,0.8687,713.3088,58.19
NA,NA,-1,Unknown,Unknown,Unknown,Unknown,32.82,32.82,1.7589,0.8678,715.9095,58.17
NA,NA,-1,Unknown,Unknown,Unknown,Unknown,32.93,32.93,1.7908,0.8676,718.5096,58.16
NA,NA,-1,Unknown,Unknown,Unknown,Unknown,33.04,33.04,1.8228,0.8677,721.1089,58.14
NA,NA,-1,Unknown,Unknown,Unknown,Unknown,33.15,33.15,1.8612,0.8680,724.2272,58.13
NA,NA,-1,Unknown,Unknown,Unknown,Unknown,33.26,33.26,1.8932,0.8681,726.8253,58.12
NA,NA,-1,Unknown,Unknown,Unknown,Unknown,33.36,33.36,1.9316,0.8681,729.9421,58.10
NA,NA,-1,Unknown,Unknown,Unknown,Unknown,33.47,33.47,1.9635,0.8681,732.5389,58.09
NA,NA,-1,Unknown,Unknown,Unknown,Unknown,33.58,33.58,1.9954,0.8681,735.1350,58.07
NA,NA,-1,Unknown,Unknown,Unknown,Unknown,33.68,33.68,2.0272,0.8680,737.7306,58.06
NA,NA,-1,Unknown,Unknown,Unknown,Unknown,33.79,33.79,2.0654,0.8680,740.8445,58.04
NA,NA,-1,Unknown,Unknown,Unknown,Unknown,33.89,33.89,2.0972,0.8680,743.4388,58.03
NA,NA,-1,Unknown,Unknown,Unknown,Unknown,33.99,33.99,2.1290,0.8680,746.0325,58.02
NA,NA,-1,Unknown,Unknown,Unknown,Unknown,34.10,34.10,2.1671,0.8680,749.1442,58.00
NA,NA,-1,Unknown,Unknown,Unknown,Unknown,34.22,34.22,2.1989,0.8680,751.7366,57.99
NA,NA,-1,Unknown,Unknown,Unknown,Unknown,34.32,34.32,2.2306,0.8680,754.3285,57.98
NA,NA,-1,Unknown,Unknown,Unknown,Unknown,34.43,34.43,2.2687,0.8680,757.4379,57.96
NA,NA,-1,Unknown,Unknown,Unknown,Unknown,34.54,34.54,2.3004,0.8680,760.0285,57.95
NA,NA,-1,Unknown,Unknown,Unknown,Unknown,34.64,34.64,2.3321,0.8680,762.6185,57.94
NA,NA,-1,Unknown,Unknown,Unknown,Unknown,34.75,34.75,2.3701,0.8680,765.7257,57.92
NA,NA,-1,Unknown,Unknown,Unknown,Unknown,34.86,34.86,2.4018,0.8680,768.3144,57.91
NA,NA,-1,Unknown,Unknown,Unknown,Unknown,34.96,34.96,2.4329,0.8680,770.9025,57.89
NA,NA,-1,Unknown,Unknown,Unknown,Unknown,35.06,35.06,2.4457,0.8681,774.0069,57.86
NA,NA,-1,Unknown,Unknown,Unknown,Unknown,35.16,35.16,2.4554,0.8679,776.5927,57.84
NA,NA,-1,Unknown,Unknown,Unknown,Unknown,35.27,35.27,2.4591,0.8678,779.1781,57.83
NA,NA,-1,Unknown,Unknown,Unknown,Unknown,35.38,35.38,2.4521,0.8679,781.7629,57.81
NA,NA,-1,Unknown,Unknown,Unknown,Unknown,35.48,35.48,2.4297,0.8679,784.8635,57.79
NA,NA,-1,Unknown,Unknown,Unknown,Unknown,35.58,35.58,2.4017,0.8666,787.4470,57.77
NA,NA,-1,Unknown,Unknown,Unknown,Unknown,35.68,35.68,2.3611,0.8668,790.0287,57.76
NA,NA,-1,Unknown,Unknown,Unknown,Unknown,35.78,35.78,2.3111,0.8674,792.6094,57.74
NA,NA,-1,Unknown,Unknown,Unknown,Unknown,35.89,35.89,2.2528,0.8679,795.1912,57.79
NA,NA,-1,Unknown,Unknown,Unknown,Unknown,35.99,35.99,2.1871,0.8689,797.7802,57.99
NA,NA,-1,Unknown,Unknown,Unknown,Unknown,36.09,36.09,2.1260,0.8706,800.3855,58.38
NA,NA,-1,Unknown,Unknown,Unknown,Unknown,36.19,36.19,2.0639,0.8716,803.0101,58.80
NA,NA,-1,Unknown,Unknown,Unknown,Unknown,36.30,36.30,1.9966,0.8701,805.6458,59.08
NA,NA,-1,Unknown,Unknown,Unknown,Unknown,36.40,36.40,1.9358,0.8679,808.2867,59.19
NA,NA,-1,Unknown,Unknown,Unknown,Unknown,36.50,36.50,1.8803,0.8674,810.9295,59.21
NA,NA,-1,Unknown,Unknown,Unknown,Unknown,36.60,36.60,1.8206,0.8675,814.1022,59.19
NA,NA,-1,Unknown,Unknown,Unknown,Unknown,36.70,36.70,1.7772,0.8676,816.7466,59.17
NA,NA,-1,Unknown,Unknown,Unknown,Unknown,36.81,36.81,1.7534,0.8678,819.3906,59.14
NA,NA,-1,Unknown,Unknown,Unknown,Unknown,36.91,36.91,1.7429,0.8659,822.0336,59.10
NA,NA,-1,Unknown,Unknown,Unknown,Unknown,37.01,37.01,1.7531,0.8681,824.6746,59.08
NA,NA,-1,Unknown,Unknown,Unknown,Unknown,37.12,37.12,1.7651,0.8641,827.3179,59.16
NA,NA,-1,Unknown,Unknown,Unknown,Unknown,37.22,37.22,1.7631,0.8654,830.5027,59.46
NA,NA,-1,Unknown,Unknown,Unknown,Unknown,37.33,37.33,1.7694,0.8703,833.1763,59.95
NA,NA,-1,Unknown,Unknown,Unknown,Unknown,37.43,37.43,1.7582,0.8741,835.8696,60.45
NA,NA,-1,Unknown,Unknown,Unknown,Unknown,37.53,37.53,1.7277,0.8696,838.5901,61.12
NA,NA,-1,Unknown,Unknown,Unknown,Unknown,37.64,37.64,1.6803,0.8708,841.3375,61.76
NA,NA,-1,Unknown,Unknown,Unknown,Unknown,37.74,37.74,1.6203,0.8700,844.1176,62.41
NA,NA,-1,Unknown,Unknown,Unknown,Unknown,37.84,37.84,1.5455,0.8780,846.9248,63.09
NA,NA,-1,Unknown,Unknown,Unknown,Unknown,37.94,37.94,1.4367,0.8739,850.3299,63.85
NA,NA,-1,Unknown,Unknown,Unknown,Unknown,38.05,38.05,1.3402,0.8740,853.2024,64.51
NA,NA,-1,Unknown,Unknown,Unknown,Unknown,38.15,38.15,1.2476,0.8752,856.1010,65.18
NA,NA,-1,Unknown,Unknown,Unknown,Unknown,38.26,38.26,1.1490,0.8692,859.0325,65.84
NA,NA,-1,Unknown,Unknown,Unknown,Unknown,38.36,38.36,1.0634,0.8696,861.9890,66.48
NA,NA,-1,Unknown,Unknown,Unknown,Unknown,38.47,38.47,0.9508,0.8747,865.5796,67.24
NA,NA,-1,Unknown,Unknown,Unknown,Unknown,38.57,38.57,0.8584,0.8691,868.6007,67.92
NA,NA,-1,Unknown,Unknown,Unknown,Unknown,38.68,38.68,0.7710,0.8764,871.6490,68.49
NA,NA,-1,Unknown,Unknown,Unknown,Unknown,38.78,38.78,0.6545,0.8714,875.3495,69.35
NA,NA,-1,Unknown,Unknown,Unknown,Unknown,38.89,38.89,0.5673,0.8712,878.4641,69.90
NA,NA,-1,Unknown,Unknown,Unknown,Unknown,38.99,38.99,0.4799,0.8713,881.6091,70.64
NA,NA,-1,Unknown,Unknown,Unknown,Unknown,39.10,39.10,0.3771,0.8669,885.4185,71.41
NA,NA,-1,Unknown,Unknown,Unknown,Unknown,39.21,39.21,0.2929,0.8730,888.6290,72.07
NA,NA,-1,Unknown,Unknown,Unknown,Unknown,39.31,39.31,0.2161,0.8672,891.8662,72.71
NA,NA,-1,Unknown,Unknown,Unknown,Unknown,39.42,39.42,0.1520,0.8776,895.1290,73.32
NA,NA,-1,Unknown,Unknown,Unknown,Unknown,39.53,39.53,0.0781,0.8695,899.0879,74.14
NA,NA,-1,Unknown,Unknown,Unknown,Unknown,39.63,39.63,0.0348,0.8753,902.4166,74.71
NA,NA,-1,Unknown,Unknown,Unknown,Unknown,39.74,39.74,-0.0018,0.8686,905.7767,75.43
NA,NA,-1,Unknown,Unknown,Unknown,Unknown,39.84,39.84,-0.0209,0.8752,909.1628,76.00
NA,NA,-1,Unknown,Unknown,Unknown,Unknown,39.95,39.95,-0.0286,0.8738,913.2652,76.83
NA,NA,-1,Unknown,Unknown,Unknown,Unknown,40.06,40.06,-0.0031,0.8705,917.4030,77.43
NA,NA,-1,Unknown,Unknown,Unknown,Unknown,40.17,40.17,0.0371,0.8682,920.8849,78.13
NA,NA,-1,Unknown,Unknown,Unknown,Unknown,40.28,40.28,0.0942,0.8709,924.3884,78.49
NA,NA,-1,Unknown,Unknown,Unknown,Unknown,40.38,40.38,0.1648,0.8669,927.9003,78.73
NA,NA,-1,Unknown,Unknown,Unknown,Unknown,40.49,40.49,0.2738,0.8680,932.1243,78.81
NA,NA,-1,Unknown,Unknown,Unknown,Unknown,40.60,40.60,0.3728,0.8661,935.6449,78.81
NA,NA,-1,Unknown,Unknown,Unknown,Unknown,40.70,40.70,0.4839,0.8669,939.1661,78.80
NA,NA,-1,Unknown,Unknown,Unknown,Unknown,40.81,40.81,0.6283,0.8673,943.3901,78.78
NA,NA,-1,Unknown,Unknown,Unknown,Unknown,0.35,0.35,0.0022,0.8588,-0.0074,0.35
NA,NA,-1,Unknown,Unknown,Unknown,Unknown,0.46,0.46,0.0036,0.8706,-0.0089,0.15
NA,NA,-1,Unknown,Unknown,Unknown,Unknown,0.57,0.57,0.0039,0.8734,-0.0079,0.07
NA,NA,-1,Unknown,Unknown,Unknown,Unknown,0.67,0.67,0.0036,0.8726,0.0025,0.35
NA,NA,-1,Unknown,Unknown,Unknown,Unknown,0.77,0.77,0.0029,0.8709,0.0303,0.78
NA,NA,-1,Unknown,Unknown,Unknown,Unknown,0.88,0.88,0.0030,0.8698,0.0837,1.38
NA,NA,-1,Unknown,Unknown,Unknown,Unknown,0.98,0.98,0.0010,0.8697,0.1838,2.20
NA,NA,-1,Unknown,Unknown,Unknown,Unknown,1.09,1.09,-0.0005,0.8699,0.3001,2.87
NA,NA,-1,Unknown,Unknown,Unknown,Unknown,1.19,1.19,-0.0002,0.8699,0.4465,3.54
NA,NA,-1,Unknown,Unknown,Unknown,Unknown,1.29,1.29,-0.0011,0.8701,0.6228,4.21
NA,NA,-1,Unknown,Unknown,Unknown,Unknown,1.39,1.39,-0.0008,0.8701,0.8291,4.89
NA,NA,-1,Unknown,Unknown,Unknown,Unknown,1.50,1.50,-0.0016,0.8701,1.0654,5.56
NA,NA,-1,Unknown,Unknown,Unknown,Unknown,1.61,1.61,-0.0073,0.9126,1.4011,6.32
NA,NA,-1,Unknown,Unknown,Unknown,Unknown,1.71,1.71,-0.0172,0.9184,1.6989,6.79
NA,NA,-1,Unknown,Unknown,Unknown,Unknown,1.81,1.81,-0.0279,0.8755,1.9954,7.32
NA,NA,-1,Unknown,Unknown,Unknown,Unknown,1.92,1.92,-0.0396,0.8421,2.4208,8.53
NA,NA,-1,Unknown,Unknown,Unknown,Unknown,2.02,2.02,-0.0483,0.8502,2.8211,9.16
NA,NA,-1,Unknown,Unknown,Unknown,Unknown,2.12,2.12,-0.0567,0.8648,3.2531,9.82
NA,NA,-1,Unknown,Unknown,Unknown,Unknown,2.23,2.23,-0.0651,0.8701,3.7097,10.41
NA,NA,-1,Unknown,Unknown,Unknown,Unknown,2.33,2.33,-0.0740,0.8698,4.1978,11.18
NA,NA,-1,Unknown,Unknown,Unknown,Unknown,2.44,2.44,-0.0829,0.8698,4.7151,11.90
NA,NA,-1,Unknown,Unknown,Unknown,Unknown,2.54,2.54,-0.0927,0.9032,5.3588,12.58
NA,NA,-1,Unknown,Unknown,Unknown,Unknown,2.64,2.64,-0.1110,0.8670,5.9510,13.25
NA,NA,-1,Unknown,Unknown,Unknown,Unknown,2.75,2.75,-0.1308,0.8703,6.5622,13.97
NA,NA,-1,Unknown,Unknown,Unknown,Unknown,2.85,2.85,-0.1516,0.8699,7.2046,14.64
NA,NA,-1,Unknown,Unknown,Unknown,Unknown,2.95,2.95,-0.1730,0.8696,7.8757,15.34
NA,NA,-1,Unknown,Unknown,Unknown,Unknown,3.05,3.05,-0.1917,0.8712,8.5784,15.97
NA,NA,-1,Unknown,Unknown,Unknown,Unknown,3.16,3.16,-0.1962,0.8706,9.4566,16.75
NA,NA,-1,Unknown,Unknown,Unknown,Unknown,3.27,3.27,-0.1839,0.8686,10.2198,17.39
NA,NA,-1,Unknown,Unknown,Unknown,Unknown,3.37,3.37,-0.1679,0.8715,11.0172,18.04
NA,NA,-1,Unknown,Unknown,Unknown,Unknown,3.48,3.48,-0.1457,0.8697,12.0102,18.87
NA,NA,-1,Unknown,Unknown,Unknown,Unknown,3.59,3.59,-0.1261,0.8725,12.8716,19.52
NA,NA,-1,Unknown,Unknown,Unknown,Unknown,3.69,3.69,-0.1125,0.8690,13.7601,20.19
NA,NA,-1,Unknown,Unknown,Unknown,Unknown,3.79,3.79,-0.1171,0.8689,14.6770,20.82
NA,NA,-1,Unknown,Unknown,Unknown,Unknown,3.89,3.89,-0.1225,0.8703,15.6263,21.45
NA,NA,-1,Unknown,Unknown,Unknown,Unknown,4.00,4.00,-0.1325,0.8719,16.6055,22.11
NA,NA,-1,Unknown,Unknown,Unknown,Unknown,4.10,4.10,-0.1472,0.8701,17.8178,22.96
NA,NA,-1,Unknown,Unknown,Unknown,Unknown,4.20,4.20,-0.1611,0.8710,18.8614,23.54
NA,NA,-1,Unknown,Unknown,Unknown,Unknown,4.31,4.31,-0.1931,0.8713,19.9316,24.26
NA,NA,-1,Unknown,Unknown,Unknown,Unknown,4.41,4.41,-0.2393,0.8681,21.0290,24.90
NA,NA,-1,Unknown,Unknown,Unknown,Unknown,4.52,4.52,-0.2871,0.8682,22.1621,25.57
NA,NA,-1,Unknown,Unknown,Unknown,Unknown,4.62,4.62,-0.3283,0.8728,23.3208,26.14
NA,NA,-1,Unknown,Unknown,Unknown,Unknown,4.72,4.72,-0.3695,0.8694,24.5092,26.88
NA,NA,-1,Unknown,Unknown,Unknown,Unknown,4.82,4.82,-0.4285,0.8701,25.9712,27.60
NA,NA,-1,Unknown,Unknown,Unknown,Unknown,4.93,4.93,-0.5035,0.8703,27.2188,28.29
NA,NA,-1,Unknown,Unknown,Unknown,Unknown,5.03,5.03,-0.5728,0.8702,28.5008,28.93
NA,NA,-1,Unknown,Unknown,Unknown,Unknown,5.14,5.14,-0.6333,0.8722,29.8076,29.52
NA,NA,-1,Unknown,Unknown,Unknown,Unknown,5.24,5.24,-0.6614,0.8679,31.4012,30.06
NA,NA,-1,Unknown,Unknown,Unknown,Unknown,5.35,5.35,-0.6503,0.8685,32.7598,30.71
NA,NA,-1,Unknown,Unknown,Unknown,Unknown,5.45,5.45,-0.6096,0.8695,34.1489,31.36
NA,NA,-1,Unknown,Unknown,Unknown,Unknown,5.55,5.55,-0.5452,0.8686,35.5689,32.08
NA,NA,-1,Unknown,Unknown,Unknown,Unknown,5.66,5.66,-0.4603,0.8680,37.0173,32.72
NA,NA,-1,Unknown,Unknown,Unknown,Unknown,5.76,5.76,-0.3305,0.8694,38.7942,33.52
NA,NA,-1,Unknown,Unknown,Unknown,Unknown,5.86,5.86,-0.2075,0.8699,40.3054,34.18
NA,NA,-1,Unknown,Unknown,Unknown,Unknown,5.97,5.97,-0.0702,0.8724,41.8465,34.84
NA,NA,-1,Unknown,Unknown,Unknown,Unknown,6.08,6.08,0.0756,0.8721,43.4162,35.52
NA,NA,-1,Unknown,Unknown,Unknown,Unknown,6.18,6.18,0.2627,0.8722,45.3363,36.31
NA,NA,-1,Unknown,Unknown,Unknown,Unknown,6.29,6.29,0.4220,0.8721,46.9676,36.97
NA,NA,-1,Unknown,Unknown,Unknown,Unknown,6.39,6.39,0.5835,0.8724,48.6316,37.60
NA,NA,-1,Unknown,Unknown,Unknown,Unknown,6.49,6.49,0.7301,0.8706,50.3203,38.17
NA,NA,-1,Unknown,Unknown,Unknown,Unknown,6.59,6.59,0.8699,0.8700,52.0364,38.73
NA,NA,-1,Unknown,Unknown,Unknown,Unknown,6.69,6.69,1.0068,0.8687,53.7702,39.00
NA,NA,-1,Unknown,Unknown,Unknown,Unknown,6.80,6.80,1.1336,0.8677,55.5103,39.09
NA,NA,-1,Unknown,Unknown,Unknown,Unknown,6.90,6.90,1.2539,0.8687,57.2513,39.10
NA,NA,-1,Unknown,Unknown,Unknown,Unknown,7.00,7.00,1.3793,0.8686,59.3425,39.07
NA,NA,-1,Unknown,Unknown,Unknown,Unknown,7.11,7.11,1.4772,0.8682,61.0873,39.05
NA,NA,-1,Unknown,Unknown,Unknown,Unknown,7.22,7.22,1.5620,0.8696,62.8306,39.04
NA,NA,-1,Unknown,Unknown,Unknown,Unknown,7.32,7.32,1.6526,0.8714,64.9204,39.03
NA,NA,-1,Unknown,Unknown,Unknown,Unknown,7.42,7.42,1.7193,0.8706,66.6626,39.02
NA,NA,-1,Unknown,Unknown,Unknown,Unknown,7.53,7.53,1.7785,0.8686,68.4059,39.00
NA,NA,-1,Unknown,Unknown,Unknown,Unknown,7.63,7.63,1.8327,0.8672,70.1487,38.99
NA,NA,-1,Unknown,Unknown,Unknown,Unknown,7.74,7.74,1.8820,0.8671,71.8910,38.98
NA,NA,-1,Unknown,Unknown,Unknown,Unknown,7.84,7.84,1.9356,0.8676,73.9812,38.97
NA,NA,-1,Unknown,Unknown,Unknown,Unknown,7.95,7.95,1.9765,0.8680,75.7226,38.96
NA,NA,-1,Unknown,Unknown,Unknown,Unknown,8.05,8.05,2.0149,0.8682,77.4638,38.95
NA,NA,-1,Unknown,Unknown,Unknown,Unknown,8.15,8.15,2.0493,0.8682,79.2045,38.94
NA,NA,-1,Unknown,Unknown,Unknown,Unknown,8.26,8.26,2.0625,0.8681,80.9444,38.91
NA,NA,-1,Unknown,Unknown,Unknown,Unknown,8.36,8.36,2.0795,0.8679,83.0313,38.90
NA,NA,-1,Unknown,Unknown,Unknown,Unknown,8.46,8.46,2.0848,0.8679,84.7702,38.89
NA,NA,-1,Unknown,Unknown,Unknown,Unknown,8.57,8.57,2.0752,0.8679,86.5081,38.87
NA,NA,-1,Unknown,Unknown,Unknown,Unknown,8.68,8.68,2.0614,0.8678,88.2455,38.86
NA,NA,-1,Unknown,Unknown,Unknown,Unknown,8.78,8.78,2.0385,0.8679,89.9825,38.85
NA,NA,-1,Unknown,Unknown,Unknown,Unknown,8.88,8.88,2.0005,0.8680,92.0690,38.95
NA,NA,-1,Unknown,Unknown,Unknown,Unknown,8.98,8.98,1.9611,0.8685,93.8173,39.14
NA,NA,-1,Unknown,Unknown,Unknown,Unknown,9.09,9.09,1.9164,0.8702,95.5694,39.22
NA,NA,-1,Unknown,Unknown,Unknown,Unknown,9.19,9.19,1.8662,0.8701,97.3213,39.23
NA,NA,-1,Unknown,Unknown,Unknown,Unknown,9.30,9.30,1.8126,0.8692,99.0729,39.22
NA,NA,-1,Unknown,Unknown,Unknown,Unknown,9.40,9.40,1.7448,0.8681,101.1747,39.21
NA,NA,-1,Unknown,Unknown,Unknown,Unknown,9.51,9.51,1.6862,0.8677,102.9261,39.20
NA,NA,-1,Unknown,Unknown,Unknown,Unknown,9.62,9.62,1.6268,0.8683,104.6775,39.19
NA,NA,-1,Unknown,Unknown,Unknown,Unknown,9.73,9.73,1.5538,0.8708,106.7791,39.18
NA,NA,-1,Unknown,Unknown,Unknown,Unknown,9.83,9.83,1.4917,0.8707,108.5282,39.18
NA,NA,-1,Unknown,Unknown,Unknown,Unknown,9.93,9.93,1.4296,0.8708,110.2771,39.17
NA,NA,-1,Unknown,Unknown,Unknown,Unknown,10.03,10.03,1.3662,0.8688,112.0270,39.15
NA,NA,-1,Unknown,Unknown,Unknown,Unknown,10.14,10.14,1.3041,0.8675,113.7764,39.14
NA,NA,-1,Unknown,Unknown,Unknown,Unknown,10.24,10.24,1.2423,0.8674,115.5250,39.13
NA,NA,-1,Unknown,Unknown,Unknown,Unknown,10.34,10.34,1.1805,0.8676,117.2732,39.13
NA,NA,-1,Unknown,Unknown,Unknown,Unknown,10.44,10.44,1.1188,0.8679,119.0210,39.12
NA,NA,-1,Unknown,Unknown,Unknown,Unknown,10.54,10.54,1.0448,0.8681,121.1178,39.11
NA,NA,-1,Unknown,Unknown,Unknown,Unknown,10.64,10.64,0.9832,0.8682,122.8647,39.10
NA,NA,-1,Unknown,Unknown,Unknown,Unknown,10.75,10.75,0.9216,0.8681,124.6113,39.09
NA,NA,-1,Unknown,Unknown,Unknown,Unknown,10.85,10.85,0.8600,0.8681,126.3574,39.08
NA,NA,-1,Unknown,Unknown,Unknown,Unknown,10.96,10.96,0.7987,0.8681,128.1032,39.07
NA,NA,-1,Unknown,Unknown,Unknown,Unknown,11.06,11.06,0.7417,0.8681,130.1976,39.05
NA,NA,-1,Unknown,Unknown,Unknown,Unknown,11.17,11.17,0.6933,0.8680,131.9422,39.04
NA,NA,-1,Unknown,Unknown,Unknown,Unknown,11.27,11.27,0.6481,0.8680,133.6867,39.03
NA,NA,-1,Unknown,Unknown,Unknown,Unknown,11.37,11.37,0.6084,0.8680,135.4308,39.02
NA,NA,-1,Unknown,Unknown,Unknown,Unknown,11.48,11.48,0.5734,0.8681,137.1757,39.06
NA,NA,-1,Unknown,Unknown,Unknown,Unknown,11.58,11.58,0.5246,0.8685,139.2800,39.32
NA,NA,-1,Unknown,Unknown,Unknown,Unknown,11.69,11.69,0.4853,0.8695,141.0528,39.77
NA,NA,-1,Unknown,Unknown,Unknown,Unknown,11.79,11.79,0.4475,0.8734,142.8485,40.35
NA,NA,-1,Unknown,Unknown,Unknown,Unknown,11.90,11.90,0.4061,0.8716,144.6679,41.05
NA,NA,-1,Unknown,Unknown,Unknown,Unknown,12.00,12.00,0.3656,0.8722,146.5211,41.70
NA,NA,-1,Unknown,Unknown,Unknown,Unknown,12.11,12.11,0.3284,0.8722,148.7802,42.48
NA,NA,-1,Unknown,Unknown,Unknown,Unknown,12.21,12.21,0.2953,0.8716,150.6966,43.12
NA,NA,-1,Unknown,Unknown,Unknown,Unknown,12.32,12.32,0.2677,0.8726,152.6435,43.78
NA,NA,-1,Unknown,Unknown,Unknown,Unknown,12.42,12.42,0.2420,0.8716,154.6168,44.45
NA,NA,-1,Unknown,Unknown,Unknown,Unknown,12.52,12.52,0.2140,0.8713,157.0280,45.25
NA,NA,-1,Unknown,Unknown,Unknown,Unknown,12.63,12.63,0.1975,0.8712,159.0694,45.92
NA,NA,-1,Unknown,Unknown,Unknown,Unknown,12.73,12.73,0.1804,0.8694,161.1381,46.58
NA,NA,-1,Unknown,Unknown,Unknown,Unknown,12.84,12.84,0.1661,0.8762,163.2375,47.23
NA,NA,-1,Unknown,Unknown,Unknown,Unknown,12.95,12.95,0.1493,0.8720,165.7956,48.00
NA,NA,-1,Unknown,Unknown,Unknown,Unknown,13.05,13.05,0.1373,0.8767,167.9591,48.68
NA,NA,-1,Unknown,Unknown,Unknown,Unknown,13.16,13.16,0.1259,0.8732,170.1523,49.35
NA,NA,-1,Unknown,Unknown,Unknown,Unknown,13.26,13.26,0.1111,0.8728,172.8224,50.14
NA,NA,-1,Unknown,Unknown,Unknown,Unknown,13.37,13.37,0.1013,0.8742,175.0829,50.76
NA,NA,-1,Unknown,Unknown,Unknown,Unknown,13.48,13.48,0.0902,0.8725,177.3694,51.43
NA,NA,-1,Unknown,Unknown,Unknown,Unknown,13.58,13.58,0.0749,0.8729,180.1541,52.18
NA,NA,-1,Unknown,Unknown,Unknown,Unknown,13.69,13.69,0.0632,0.8744,182.5061,52.90
NA,NA,-1,Unknown,Unknown,Unknown,Unknown,13.79,13.79,0.0516,0.8744,184.8869,53.54
NA,NA,-1,Unknown,Unknown,Unknown,Unknown,13.89,13.89,0.0419,0.8708,187.2997,54.17
NA,NA,-1,Unknown,Unknown,Unknown,Unknown,14.00,14.00,0.0276,0.8702,189.7387,54.88
NA,NA,-1,Unknown,Unknown,Unknown,Unknown,14.10,14.10,0.0139,0.8753,192.7076,55.64
NA,NA,-1,Unknown,Unknown,Unknown,Unknown,14.21,14.21,0.0023,0.8745,195.2112,56.29
NA,NA,-1,Unknown,Unknown,Unknown,Unknown,14.31,14.31,-0.0072,0.8714,197.7480,56.92
NA,NA,-1,Unknown,Unknown,Unknown,Unknown,14.41,14.41,-0.0201,0.8676,200.3110,57.65
NA,NA,-1,Unknown,Unknown,Unknown,Unknown,14.52,14.52,-0.0357,0.8715,203.4276,58.36
NA,NA,-1,Unknown,Unknown,Unknown,Unknown,14.62,14.62,-0.0456,0.8742,206.0560,59.07
NA,NA,-1,Unknown,Unknown,Unknown,Unknown,14.72,14.72,-0.0474,0.8697,208.7122,59.69
NA,NA,-1,Unknown,Unknown,Unknown,Unknown,14.83,14.83,-0.0424,0.8719,211.3987,60.35
NA,NA,-1,Unknown,Unknown,Unknown,Unknown,14.93,14.93,-0.0367,0.8731,214.1164,61.00
NA,NA,-1,Unknown,Unknown,Unknown,Unknown,15.04,15.04,-0.0252,0.8727,216.8610,61.69
NA,NA,-1,Unknown,Unknown,Unknown,Unknown,15.14,15.14,-0.0067,0.8780,219.6343,62.32
NA,NA,-1,Unknown,Unknown,Unknown,Unknown,15.24,15.24,0.0158,0.8716,222.4395,62.98
NA,NA,-1,Unknown,Unknown,Unknown,Unknown,15.34,15.34,0.0478,0.8742,225.8383,63.77
NA,NA,-1,Unknown,Unknown,Unknown,Unknown,15.45,15.45,0.0741,0.8723,228.7104,64.41
NA,NA,-1,Unknown,Unknown,Unknown,Unknown,15.55,15.55,0.1011,0.8741,231.6037,65.07
NA,NA,-1,Unknown,Unknown,Unknown,Unknown,15.65,15.65,0.1279,0.8747,234.5337,65.75
NA,NA,-1,Unknown,Unknown,Unknown,Unknown,15.75,15.75,0.1542,0.8713,237.4881,66.38
NA,NA,-1,Unknown,Unknown,Unknown,Unknown,15.86,15.86,0.1769,0.8760,240.4731,67.05
NA,NA,-1,Unknown,Unknown,Unknown,Unknown,15.96,15.96,0.2082,0.8683,244.0952,67.82
NA,NA,-1,Unknown,Unknown,Unknown,Unknown,16.06,16.06,0.2280,0.8707,247.1411,68.39
NA,NA,-1,Unknown,Unknown,Unknown,Unknown,16.17,16.17,0.2529,0.8699,250.2111,68.79
NA,NA,-1,Unknown,Unknown,Unknown,Unknown,16.27,16.27,0.2777,0.8699,253.2917,68.99
NA,NA,-1,Unknown,Unknown,Unknown,Unknown,16.38,16.38,0.3032,0.8696,256.3737,69.01
NA,NA,-1,Unknown,Unknown,Unknown,Unknown,16.48,16.48,0.3298,0.8687,259.4492,68.81
NA,NA,-1,Unknown,Unknown,Unknown,Unknown,16.58,16.58,0.3576,0.8671,262.5095,68.40
NA,NA,-1,Unknown,Unknown,Unknown,Unknown,16.68,16.68,0.3910,0.8621,266.1530,67.71
NA,NA,-1,Unknown,Unknown,Unknown,Unknown,16.78,16.78,0.4219,0.8583,269.1604,67.05
NA,NA,-1,Unknown,Unknown,Unknown,Unknown,16.89,16.89,0.4548,0.8589,272.1381,66.40
NA,NA,-1,Unknown,Unknown,Unknown,Unknown,17.00,17.00,0.4883,0.8587,275.0862,65.71
NA,NA,-1,Unknown,Unknown,Unknown,Unknown,17.10,17.10,0.5231,0.8601,278.0032,65.00
NA,NA,-1,Unknown,Unknown,Unknown,Unknown,17.20,17.20,0.5601,0.8583,280.8975,64.52
NA,NA,-1,Unknown,Unknown,Unknown,Unknown,17.30,17.30,0.6077,0.8581,284.3467,64.18
NA,NA,-1,Unknown,Unknown,Unknown,Unknown,17.41,17.41,0.6491,0.8562,287.2138,64.07
NA,NA,-1,Unknown,Unknown,Unknown,Unknown,17.51,17.51,0.6935,0.8557,290.0786,64.02
NA,NA,-1,Unknown,Unknown,Unknown,Unknown,17.62,17.62,0.7411,0.8582,292.9417,63.99
NA,NA,-1,Unknown,Unknown,Unknown,Unknown,17.72,17.72,0.7905,0.8614,295.8030,63.96
NA,NA,-1,Unknown,Unknown,Unknown,Unknown,17.82,17.82,0.8532,0.8666,299.2352,63.94
NA,NA,-1,Unknown,Unknown,Unknown,Unknown,17.93,17.93,0.9099,0.8689,302.0937,63.93
NA,NA,-1,Unknown,Unknown,Unknown,Unknown,18.03,18.03,0.9702,0.8695,304.9509,63.92
NA,NA,-1,Unknown,Unknown,Unknown,Unknown,18.13,18.13,1.0337,0.8690,307.8071,63.91
NA,NA,-1,Unknown,Unknown,Unknown,Unknown,18.24,18.24,1.1077,0.8683,311.2337,63.89
NA,NA,-1,Unknown,Unknown,Unknown,Unknown,18.34,18.34,1.1627,0.8680,314.0884,63.87
NA,NA,-1,Unknown,Unknown,Unknown,Unknown,18.45,18.45,1.2215,0.8678,316.9425,63.85
NA,NA,-1,Unknown,Unknown,Unknown,Unknown,18.55,18.55,1.2762,0.8679,319.7961,63.84
NA,NA,-1,Unknown,Unknown,Unknown,Unknown,18.66,18.66,1.3260,0.8680,322.6491,63.82
NA,NA,-1,Unknown,Unknown,Unknown,Unknown,18.76,18.76,1.3708,0.8680,325.5015,63.81
NA,NA,-1,Unknown,Unknown,Unknown,Unknown,18.86,18.86,1.4178,0.8680,328.9235,63.79
NA,NA,-1,Unknown,Unknown,Unknown,Unknown,18.96,18.96,1.4511,0.8680,331.7745,63.77
NA,NA,-1,Unknown,Unknown,Unknown,Unknown,19.07,19.07,1.4723,0.8680,334.6247,63.75
NA,NA,-1,Unknown,Unknown,Unknown,Unknown,19.18,19.18,1.4891,0.8679,337.4742,63.74
NA,NA,-1,Unknown,Unknown,Unknown,Unknown,19.28,19.28,1.5006,0.8679,340.8926,63.72
NA,NA,-1,Unknown,Unknown,Unknown,Unknown,19.39,19.39,1.5027,0.8691,343.7378,63.63
NA,NA,-1,Unknown,Unknown,Unknown,Unknown,19.49,19.49,1.4978,0.8695,346.5783,63.54
NA,NA,-1,Unknown,Unknown,Unknown,Unknown,19.59,19.59,1.4859,0.8663,349.4186,63.48
NA,NA,-1,Unknown,Unknown,Unknown,Unknown,19.70,19.70,1.4707,0.8669,352.2557,63.46
NA,NA,-1,Unknown,Unknown,Unknown,Unknown,19.80,19.80,1.4433,0.8673,355.6599,63.44
NA,NA,-1,Unknown,Unknown,Unknown,Unknown,19.90,19.90,1.4304,0.8678,358.4954,63.41
NA,NA,-1,Unknown,Unknown,Unknown,Unknown,20.01,20.01,1.4269,0.8681,361.3295,63.39
NA,NA,-1,Unknown,Unknown,Unknown,Unknown,20.12,20.12,1.4192,0.8681,364.1630,63.38
NA,NA,-1,Unknown,Unknown,Unknown,Unknown,20.22,20.22,1.4215,0.8681,367.5621,63.35
NA,NA,-1,Unknown,Unknown,Unknown,Unknown,20.33,20.33,1.4299,0.8678,370.3896,63.21
NA,NA,-1,Unknown,Unknown,Unknown,Unknown,20.44,20.44,1.4324,0.8673,373.2075,63.01
NA,NA,-1,Unknown,Unknown,Unknown,Unknown,20.54,20.54,1.4530,0.8669,376.5834,62.90
NA,NA,-1,Unknown,Unknown,Unknown,Unknown,20.65,20.65,1.4738,0.8675,379.3958,62.86
NA,NA,-1,Unknown,Unknown,Unknown,Unknown,20.76,20.76,1.4744,0.8678,382.7679,62.81
NA,NA,-1,Unknown,Unknown,Unknown,Unknown,20.87,20.87,1.4510,0.8677,385.5749,62.74
NA,NA,-1,Unknown,Unknown,Unknown,Unknown,20.97,20.97,1.4142,0.8671,388.3782,62.72
NA,NA,-1,Unknown,Unknown,Unknown,Unknown,21.08,21.08,1.3577,0.8678,391.1806,62.70
NA,NA,-1,Unknown,Unknown,Unknown,Unknown,21.18,21.18,1.2591,0.8660,394.5400,62.62
NA,NA,-1,Unknown,Unknown,Unknown,Unknown,21.29,21.29,1.1417,0.8685,397.3338,62.53
NA,NA,-1,Unknown,Unknown,Unknown,Unknown,21.39,21.39,1.0011,0.8675,400.1240,62.48
NA,NA,-1,Unknown,Unknown,Unknown,Unknown,21.49,21.49,0.8384,0.8683,402.9113,62.44
NA,NA,-1,Unknown,Unknown,Unknown,Unknown,21.59,21.59,0.6540,0.8673,405.6957,62.41
NA,NA,-1,Unknown,Unknown,Unknown,Unknown,21.70,21.70,0.4470,0.8683,408.4769,62.38
NA,NA,-1,Unknown,Unknown,Unknown,Unknown,21.80,21.80,0.1812,0.8658,411.8113,62.32
NA,NA,-1,Unknown,Unknown,Unknown,Unknown,21.91,21.91,-0.0303,0.8663,414.5856,62.21
NA,NA,-1,Unknown,Unknown,Unknown,Unknown,22.01,22.01,-0.2320,0.8672,417.3575,62.16
NA,NA,-1,Unknown,Unknown,Unknown,Unknown,22.12,22.12,-0.4777,0.8678,420.6826,62.13
NA,NA,-1,Unknown,Unknown,Unknown,Unknown,22.23,22.23,-0.6573,0.8669,423.4541,62.09
NA,NA,-1,Unknown,Unknown,Unknown,Unknown,22.33,22.33,-0.8223,0.8664,426.2240,62.07
NA,NA,-1,Unknown,Unknown,Unknown,Unknown,22.43,22.43,-0.9587,0.8675,428.9937,62.01
NA,NA,-1,Unknown,Unknown,Unknown,Unknown,22.54,22.54,-1.0627,0.8656,431.7622,61.96
NA,NA,-1,Unknown,Unknown,Unknown,Unknown,22.64,22.64,-1.1471,0.8668,435.0822,61.85
NA,NA,-1,Unknown,Unknown,Unknown,Unknown,22.74,22.74,-1.1893,0.8661,437.8421,61.68
NA,NA,-1,Unknown,Unknown,Unknown,Unknown,22.84,22.84,-1.2081,0.8663,440.5964,61.59
NA,NA,-1,Unknown,Unknown,Unknown,Unknown,22.95,22.95,-1.2001,0.8682,443.3478,61.53
NA,NA,-1,Unknown,Unknown,Unknown,Unknown,23.05,23.05,-1.1707,0.8661,446.0972,61.48
NA,NA,-1,Unknown,Unknown,Unknown,Unknown,23.16,23.16,-1.1106,0.8672,448.8436,61.43
NA,NA,-1,Unknown,Unknown,Unknown,Unknown,23.26,23.26,-1.0138,0.8661,452.1366,61.40
NA,NA,-1,Unknown,Unknown,Unknown,Unknown,23.37,23.37,-0.9136,0.8662,454.8785,61.36
NA,NA,-1,Unknown,Unknown,Unknown,Unknown,23.48,23.48,-0.7952,0.8681,457.6142,61.18
NA,NA,-1,Unknown,Unknown,Unknown,Unknown,23.58,23.58,-0.6464,0.8674,460.8863,61.01
NA,NA,-1,Unknown,Unknown,Unknown,Unknown,23.69,23.69,-0.5138,0.8673,463.6087,60.96
NA,NA,-1,Unknown,Unknown,Unknown,Unknown,23.79,23.79,-0.3733,0.8674,466.3299,60.94
NA,NA,-1,Unknown,Unknown,Unknown,Unknown,23.90,23.90,-0.2442,0.8677,469.0507,60.91
NA,NA,-1,Unknown,Unknown,Unknown,Unknown,24.00,24.00,-0.0821,0.8680,472.3142,60.90
NA,NA,-1,Unknown,Unknown,Unknown,Unknown,24.10,24.10,0.0482,0.8682,475.0331,60.88
NA,NA,-1,Unknown,Unknown,Unknown,Unknown,24.20,24.20,0.1723,0.8682,477.7514,60.86
NA,NA,-1,Unknown,Unknown,Unknown,Unknown,24.30,24.30,0.2895,0.8680,480.4674,60.80
NA,NA,-1,Unknown,Unknown,Unknown,Unknown,24.41,24.41,0.3993,0.8678,483.1822,60.77
NA,NA,-1,Unknown,Unknown,Unknown,Unknown,24.51,24.51,0.5014,0.8677,485.8966,60.75
NA,NA,-1,Unknown,Unknown,Unknown,Unknown,24.61,24.61,0.5958,0.8677,488.6104,60.73
NA,NA,-1,Unknown,Unknown,Unknown,Unknown,24.72,24.72,0.6828,0.8678,491.3222,60.68
NA,NA,-1,Unknown,Unknown,Unknown,Unknown,24.82,24.82,0.7770,0.8678,494.5752,60.65
NA,NA,-1,Unknown,Unknown,Unknown,Unknown,24.92,24.92,0.8418,0.8678,497.2853,60.63
NA,NA,-1,Unknown,Unknown,Unknown,Unknown,25.03,25.03,0.9032,0.8678,499.9948,60.62
NA,NA,-1,Unknown,Unknown,Unknown,Unknown,25.13,25.13,0.9571,0.8679,502.7038,60.60
NA,NA,-1,Unknown,Unknown,Unknown,Unknown,25.23,25.23,1.0039,0.8680,505.4121,60.59
NA,NA,-1,Unknown,Unknown,Unknown,Unknown,25.34,25.34,1.0443,0.8680,508.1199,60.57
NA,NA,-1,Unknown,Unknown,Unknown,Unknown,25.44,25.44,1.0790,0.8680,510.8261,60.52
NA,NA,-1,Unknown,Unknown,Unknown,Unknown,25.54,25.54,1.1137,0.8678,514.0697,60.46
NA,NA,-1,Unknown,Unknown,Unknown,Unknown,25.64,25.64,1.1376,0.8677,516.7719,60.44
NA,NA,-1,Unknown,Unknown,Unknown,Unknown,25.75,25.75,1.1586,0.8678,519.4733,60.42
NA,NA,-1,Unknown,Unknown,Unknown,Unknown,25.85,25.85,1.1943,0.8679,522.1735,60.39
NA,NA,-1,Unknown,Unknown,Unknown,Unknown,25.96,25.96,1.2259,0.8680,524.8727,60.38
NA,NA,-1,Unknown,Unknown,Unknown,Unknown,26.06,26.06,1.2592,0.8681,527.5714,60.36
NA,NA,-1,Unknown,Unknown,Unknown,Unknown,26.16,26.16,1.3085,0.8681,530.8086,60.35
NA,NA,-1,Unknown,Unknown,Unknown,Unknown,26.27,26.27,1.3519,0.8680,533.5055,60.33
NA,NA,-1,Unknown,Unknown,Unknown,Unknown,26.37,26.37,1.3873,0.8680,536.2015,60.31
NA,NA,-1,Unknown,Unknown,Unknown,Unknown,26.47,26.47,1.4340,0.8680,538.8968,60.29
NA,NA,-1,Unknown,Unknown,Unknown,Unknown,26.58,26.58,1.4803,0.8680,541.5914,60.28
NA,NA,-1,Unknown,Unknown,Unknown,Unknown,26.68,26.68,1.5343,0.8685,544.8239,60.26
NA,NA,-1,Unknown,Unknown,Unknown,Unknown,26.79,26.79,1.5773,0.8702,547.5182,60.25
NA,NA,-1,Unknown,Unknown,Unknown,Unknown,26.89,26.89,1.6178,0.8724,550.2108,60.23
NA,NA,-1,Unknown,Unknown,Unknown,Unknown,27.00,27.00,1.6534,0.8718,552.9016,60.23
NA,NA,-1,Unknown,Unknown,Unknown,Unknown,27.10,27.10,1.6908,0.8701,556.1326,60.20
NA,NA,-1,Unknown,Unknown,Unknown,Unknown,27.21,27.21,1.7085,0.8698,558.8234,60.18
NA,NA,-1,Unknown,Unknown,Unknown,Unknown,27.32,27.32,1.7252,0.8680,561.5128,60.17
NA,NA,-1,Unknown,Unknown,Unknown,Unknown,27.42,27.42,1.7279,0.8704,564.7407,60.14
NA,NA,-1,Unknown,Unknown,Unknown,Unknown,27.52,27.52,1.7230,0.8707,567.4286,60.13
NA,NA,-1,Unknown,Unknown,Unknown,Unknown,27.63,27.63,1.7055,0.8667,570.1143,60.12
NA,NA,-1,Unknown,Unknown,Unknown,Unknown,27.73,27.73,1.6815,0.8685,572.8023,60.10
NA,NA,-1,Unknown,Unknown,Unknown,Unknown,27.84,27.84,1.6448,0.8704,575.4885,60.08
NA,NA,-1,Unknown,Unknown,Unknown,Unknown,27.94,27.94,1.5900,0.8718,578.7086,60.06
NA,NA,-1,Unknown,Unknown,Unknown,Unknown,28.05,28.05,1.5357,0.8679,581.3932,60.04
NA,NA,-1,Unknown,Unknown,Unknown,Unknown,28.15,28.15,1.4725,0.8657,584.0764,60.02
NA,NA,-1,Unknown,Unknown,Unknown,Unknown,28.25,28.25,1.4039,0.8667,586.7576,60.01
NA,NA,-1,Unknown,Unknown,Unknown,Unknown,28.36,28.36,1.3230,0.8670,589.9753,59.99
NA,NA,-1,Unknown,Unknown,Unknown,Unknown,28.47,28.47,1.2499,0.8677,592.6556,59.98
NA,NA,-1,Unknown,Unknown,Unknown,Unknown,28.57,28.57,1.1749,0.8681,595.3353,59.96
NA,NA,-1,Unknown,Unknown,Unknown,Unknown,28.68,28.68,1.1002,0.8682,598.0144,59.95
NA,NA,-1,Unknown,Unknown,Unknown,Unknown,28.78,28.78,1.0116,0.8682,601.2286,59.93
NA,NA,-1,Unknown,Unknown,Unknown,Unknown,28.89,28.89,0.9392,0.8681,603.9065,59.92
NA,NA,-1,Unknown,Unknown,Unknown,Unknown,29.00,29.00,0.8548,0.8680,607.1191,59.90
NA,NA,-1,Unknown,Unknown,Unknown,Unknown,29.11,29.11,0.7866,0.8680,609.7957,59.89
NA,NA,-1,Unknown,Unknown,Unknown,Unknown,29.21,29.21,0.7207,0.8680,612.4718,59.87
NA,NA,-1,Unknown,Unknown,Unknown,Unknown,29.32,29.32,0.6445,0.8680,615.6823,59.86
NA,NA,-1,Unknown,Unknown,Unknown,Unknown,29.43,29.43,0.5833,0.8680,618.3572,59.84
NA,NA,-1,Unknown,Unknown,Unknown,Unknown,29.54,29.54,0.5240,0.8680,621.0314,59.83
NA,NA,-1,Unknown,Unknown,Unknown,Unknown,29.64,29.64,0.4552,0.8680,624.2398,59.81
NA,NA,-1,Unknown,Unknown,Unknown,Unknown,29.74,29.74,0.3995,0.8680,626.9128,59.80
NA,NA,-1,Unknown,Unknown,Unknown,Unknown,29.85,29.85,0.3451,0.8680,629.5853,59.79
NA,NA,-1,Unknown,Unknown,Unknown,Unknown,29.96,29.96,0.2813,0.8680,632.7914,59.77
NA,NA,-1,Unknown,Unknown,Unknown,Unknown,30.07,30.07,0.2292,0.8680,635.4625,59.76
NA,NA,-1,Unknown,Unknown,Unknown,Unknown,30.17,30.17,0.1779,0.8680,638.1331,59.74
NA,NA,-1,Unknown,Unknown,Unknown,Unknown,30.28,30.28,0.1172,0.8680,641.3370,59.73
NA,NA,-1,Unknown,Unknown,Unknown,Unknown,30.39,30.39,0.0672,0.8680,644.0063,59.72
NA,NA,-1,Unknown,Unknown,Unknown,Unknown,30.49,30.49,0.0213,0.8680,646.6750,59.70
NA,NA,-1,Unknown,Unknown,Unknown,Unknown,30.60,30.60,-0.0209,0.8680,649.3430,59.69
NA,NA,-1,Unknown,Unknown,Unknown,Unknown,30.71,30.71,-0.0716,0.8680,652.5439,59.67
NA,NA,-1,Unknown,Unknown,Unknown,Unknown,30.82,30.82,-0.1103,0.8680,655.2107,59.66
NA,NA,-1,Unknown,Unknown,Unknown,Unknown,30.92,30.92,-0.1525,0.8680,658.4101,59.64
NA,NA,-1,Unknown,Unknown,Unknown,Unknown,31.03,31.03,-0.1767,0.8680,661.0756,59.62
NA,NA,-1,Unknown,Unknown,Unknown,Unknown,31.14,31.14,-0.2002,0.8680,663.7403,59.61
NA,NA,-1,Unknown,Unknown,Unknown,Unknown,31.25,31.25,-0.2215,0.8680,666.9373,59.59
NA,NA,-1,Unknown,Unknown,Unknown,Unknown,31.35,31.35,-0.2330,0.8680,669.6007,59.58
NA,NA,-1,Unknown,Unknown,Unknown,Unknown,31.46,31.46,-0.2398,0.8680,672.7960,59.56
NA,NA,-1,Unknown,Unknown,Unknown,Unknown,31.56,31.56,-0.2400,0.8680,675.4581,59.54
NA,NA,-1,Unknown,Unknown,Unknown,Unknown,31.67,31.67,-0.2355,0.8680,678.1195,59.53
NA,NA,-1,Unknown,Unknown,Unknown,Unknown,31.78,31.78,-0.2244,0.8680,681.3124,59.51
NA,NA,-1,Unknown,Unknown,Unknown,Unknown,31.89,31.89,-0.2110,0.8680,683.9725,59.50
NA,NA,-1,Unknown,Unknown,Unknown,Unknown,32.00,32.00,-0.1943,0.8680,686.6320,59.49
NA,NA,-1,Unknown,Unknown,Unknown,Unknown,32.11,32.11,-0.1703,0.8680,689.8224,59.47
NA,NA,-1,Unknown,Unknown,Unknown,Unknown,32.22,32.22,-0.1476,0.8680,692.4804,59.46
NA,NA,-1,Unknown,Unknown,Unknown,Unknown,32.32,32.32,-0.1228,0.8680,695.1378,59.44
NA,NA,-1,Unknown,Unknown,Unknown,Unknown,32.43,32.43,-0.0907,0.8680,698.3259,59.43
NA,NA,-1,Unknown,Unknown,Unknown,Unknown,32.53,32.53,-0.0623,0.8680,700.9820,59.41
NA,NA,-1,Unknown,Unknown,Unknown,Unknown,32.63,32.63,-0.0328,0.8680,703.6375,59.40
NA,NA,-1,Unknown,Unknown,Unknown,Unknown,32.73,32.73,-0.0023,0.8680,706.2923,59.39
NA,NA,-1,Unknown,Unknown,Unknown,Unknown,32.83,32.83,0.0290,0.8680,708.9465,59.37
NA,NA,-1,Unknown,Unknown,Unknown,Unknown,32.93,32.93,0.0610,0.8680,711.6002,59.36
NA,NA,-1,Unknown,Unknown,Unknown,Unknown,33.03,33.03,0.0935,0.8680,714.2532,59.35
NA,NA,-1,Unknown,Unknown,Unknown,Unknown,33.13,33.13,0.1264,0.8680,716.9056,59.33
NA,NA,-1,Unknown,Unknown,Unknown,Unknown,33.23,33.23,0.1597,0.8680,719.5574,59.32
NA,NA,-1,Unknown,Unknown,Unknown,Unknown,33.34,33.34,0.1932,0.8680,722.2086,59.31
NA,NA,-1,Unknown,Unknown,Unknown,Unknown,33.44,33.44,0.2270,0.8680,724.8593,59.29
NA,NA,-1,Unknown,Unknown,Unknown,Unknown,33.55,33.55,0.2678,0.8680,728.0392,59.28
NA,NA,-1,Unknown,Unknown,Unknown,Unknown,33.65,33.65,0.3019,0.8680,730.6885,59.26
NA,NA,-1,Unknown,Unknown,Unknown,Unknown,33.75,33.75,0.3361,0.8680,733.3372,59.25
NA,NA,-1,Unknown,Unknown,Unknown,Unknown,33.85,33.85,0.3704,0.8680,735.9853,59.24
NA,NA,-1,Unknown,Unknown,Unknown,Unknown,33.95,33.95,0.4048,0.8680,738.6328,59.22
NA,NA,-1,Unknown,Unknown,Unknown,Unknown,34.05,34.05,0.4392,0.8680,741.2797,59.21
NA,NA,-1,Unknown,Unknown,Unknown,Unknown,34.16,34.16,0.4737,0.8680,743.9260,59.20
NA,NA,-1,Unknown,Unknown,Unknown,Unknown,34.26,34.26,0.5151,0.8680,747.1008,59.18
NA,NA,-1,Unknown,Unknown,Unknown,Unknown,34.36,34.36,0.5496,0.8680,749.7458,59.17
NA,NA,-1,Unknown,Unknown,Unknown,Unknown,34.47,34.47,0.5841,0.8680,752.3902,59.15
NA,NA,-1,Unknown,Unknown,Unknown,Unknown,34.57,34.57,0.6187,0.8680,755.0340,59.14
NA,NA,-1,Unknown,Unknown,Unknown,Unknown,34.67,34.67,0.6532,0.8680,757.6772,59.13
NA,NA,-1,Unknown,Unknown,Unknown,Unknown,34.77,34.77,0.6878,0.8680,760.3199,59.11
NA,NA,-1,Unknown,Unknown,Unknown,Unknown,34.88,34.88,0.7224,0.8680,762.9619,59.10
NA,NA,-1,Unknown,Unknown,Unknown,Unknown,34.98,34.98,0.7569,0.8680,765.6033,59.09
NA,NA,-1,Unknown,Unknown,Unknown,Unknown,35.08,35.08,0.7915,0.8680,768.2442,59.07
NA,NA,-1,Unknown,Unknown,Unknown,Unknown,35.18,35.18,0.8330,0.8680,771.4124,59.06
NA,NA,-1,Unknown,Unknown,Unknown,Unknown,35.29,35.29,0.8669,0.8680,774.0519,59.04
NA,NA,-1,Unknown,Unknown,Unknown,Unknown,35.39,35.39,0.8917,0.8680,776.6908,59.03
NA,NA,-1,Unknown,Unknown,Unknown,Unknown,35.50,35.50,0.9195,0.8680,779.3290,59.01
NA,NA,-1,Unknown,Unknown,Unknown,Unknown,35.60,35.60,0.9443,0.8680,781.9667,59.00
NA,NA,-1,Unknown,Unknown,Unknown,Unknown,35.70,35.70,0.9654,0.8680,784.6038,58.99
NA,NA,-1,Unknown,Unknown,Unknown,Unknown,35.80,35.80,0.9862,0.8680,787.7675,58.97
NA,NA,-1,Unknown,Unknown,Unknown,Unknown,35.90,35.90,0.9996,0.8680,790.4033,58.96
NA,NA,-1,Unknown,Unknown,Unknown,Unknown,36.01,36.01,1.0097,0.8680,793.0385,58.94
NA,NA,-1,Unknown,Unknown,Unknown,Unknown,36.11,36.11,1.0165,0.8680,795.6731,58.93
NA,NA,-1,Unknown,Unknown,Unknown,Unknown,36.21,36.21,1.0203,0.8680,798.3071,58.92
NA,NA,-1,Unknown,Unknown,Unknown,Unknown,36.31,36.31,1.0213,0.8680,800.9404,58.90
NA,NA,-1,Unknown,Unknown,Unknown,Unknown,36.41,36.41,1.0198,0.8680,803.5732,58.89
NA,NA,-1,Unknown,Unknown,Unknown,Unknown,36.52,36.52,1.0161,0.8680,806.2054,58.88
NA,NA,-1,Unknown,Unknown,Unknown,Unknown,36.62,36.62,1.0104,0.8680,808.8370,58.86
NA,NA,-1,Unknown,Unknown,Unknown,Unknown,36.72,36.72,1.0030,0.8680,811.4680,58.85
NA,NA,-1,Unknown,Unknown,Unknown,Unknown,36.82,36.82,0.9951,0.8680,814.6244,58.83
NA,NA,-1,Unknown,Unknown,Unknown,Unknown,36.93,36.93,0.9928,0.8680,817.2539,58.82
NA,NA,-1,Unknown,Unknown,Unknown,Unknown,37.03,37.03,0.9880,0.8680,819.8829,58.80
NA,NA,-1,Unknown,Unknown,Unknown,Unknown,37.13,37.13,0.9855,0.8680,822.5113,58.79
NA,NA,-1,Unknown,Unknown,Unknown,Unknown,37.23,37.23,0.9854,0.8680,825.1390,58.78
NA,NA,-1,Unknown,Unknown,Unknown,Unknown,37.33,37.33,0.9879,0.8680,827.7661,58.76
NA,NA,-1,Unknown,Unknown,Unknown,Unknown,37.44,37.44,0.9929,0.8680,830.3927,58.75
NA,NA,-1,Unknown,Unknown,Unknown,Unknown,37.54,37.54,0.9938,0.8680,833.0186,58.73
NA,NA,-1,Unknown,Unknown,Unknown,Unknown,37.64,37.64,0.9777,0.8680,836.1680,58.70
NA,NA,-1,Unknown,Unknown,Unknown,Unknown,37.74,37.74,0.9692,0.8680,838.7919,58.69
NA,NA,-1,Unknown,Unknown,Unknown,Unknown,37.85,37.85,0.9531,0.8680,841.4152,58.68
NA,NA,-1,Unknown,Unknown,Unknown,Unknown,37.95,37.95,0.9206,0.8680,844.0373,58.65
NA,NA,-1,Unknown,Unknown,Unknown,Unknown,38.05,38.05,0.8796,0.8670,846.6586,58.63
NA,NA,-1,Unknown,Unknown,Unknown,Unknown,38.15,38.15,0.8272,0.8680,849.2786,58.61
NA,NA,-1,Unknown,Unknown,Unknown,Unknown,38.26,38.26,0.7692,0.8636,851.8976,58.60
NA,NA,-1,Unknown,Unknown,Unknown,Unknown,38.36,38.36,0.6788,0.8648,855.0390,58.58
NA,NA,-1,Unknown,Unknown,Unknown,Unknown,38.47,38.47,0.5932,0.8666,857.6556,58.56
NA,NA,-1,Unknown,Unknown,Unknown,Unknown,38.57,38.57,0.5007,0.8678,860.2714,58.54
NA,NA,-1,Unknown,Unknown,Unknown,Unknown,38.67,38.67,0.4015,0.8683,862.8863,58.53
NA,NA,-1,Unknown,Unknown,Unknown,Unknown,38.77,38.77,0.2963,0.8683,865.5003,58.51
NA,NA,-1,Unknown,Unknown,Unknown,Unknown,38.88,38.88,0.1929,0.8682,868.1137,58.50
NA,NA,-1,Unknown,Unknown,Unknown,Unknown,38.98,38.98,0.0613,0.8681,871.2486,58.48
NA,NA,-1,Unknown,Unknown,Unknown,Unknown,39.08,39.08,-0.0483,0.8680,873.8604,58.47
NA,NA,-1,Unknown,Unknown,Unknown,Unknown,39.19,39.19,-0.1409,0.8680,876.4716,58.44
NA,NA,-1,Unknown,Unknown,Unknown,Unknown,39.29,39.29,-0.2359,0.8680,879.0820,58.43
NA,NA,-1,Unknown,Unknown,Unknown,Unknown,39.39,39.39,-0.3247,0.8679,881.6921,58.41
NA,NA,-1,Unknown,Unknown,Unknown,Unknown,39.50,39.50,-0.4077,0.8679,884.3017,58.40
NA,NA,-1,Unknown,Unknown,Unknown,Unknown,39.60,39.60,-0.4889,0.8679,886.9107,58.38
NA,NA,-1,Unknown,Unknown,Unknown,Unknown,39.70,39.70,-0.5725,0.8680,890.0409,58.36
NA,NA,-1,Unknown,Unknown,Unknown,Unknown,39.80,39.80,-0.6373,0.8680,892.6489,58.35
NA,NA,-1,Unknown,Unknown,Unknown,Unknown,39.91,39.91,-0.6980,0.8680,895.2562,58.34
NA,NA,-1,Unknown,Unknown,Unknown,Unknown,40.01,40.01,-0.7519,0.8680,897.8631,58.32
NA,NA,-1,Unknown,Unknown,Unknown,Unknown,40.12,40.12,-0.7976,0.8680,900.4693,58.30
NA,NA,-1,Unknown,Unknown,Unknown,Unknown,40.22,40.22,-0.8424,0.8680,903.0750,58.29
NA,NA,-1,Unknown,Unknown,Unknown,Unknown,40.33,40.33,-0.8894,0.8680,906.2011,58.27
NA,NA,-1,Unknown,Unknown,Unknown,Unknown,40.43,40.43,-0.9236,0.8680,908.8056,58.26
NA,NA,-1,Unknown,Unknown,Unknown,Unknown,40.54,40.54,-0.9537,0.8680,911.4095,58.25
NA,NA,-1,Unknown,Unknown,Unknown,Unknown,40.64,40.64,-0.9821,0.8680,914.5334,58.23
NA,NA,-1,Unknown,Unknown,Unknown,Unknown,40.75,40.75,-0.9799,0.8684,917.1356,58.19
NA,NA,-1,Unknown,Unknown,Unknown,Unknown,40.85,40.85,-0.9770,0.8639,919.7363,58.17
NA,NA,-1,Unknown,Unknown,Unknown,Unknown,40.95,40.95,-0.9587,0.8645,922.3358,58.16
NA,NA,-1,Unknown,Unknown,Unknown,Unknown,41.05,41.05,-0.9277,0.8672,924.9348,58.14
NA,NA,-1,Unknown,Unknown,Unknown,Unknown,41.16,41.16,-0.8872,0.8652,927.5327,58.12
NA,NA,-1,Unknown,Unknown,Unknown,Unknown,41.26,41.26,-0.8303,0.8664,930.1296,58.10
NA,NA,-1,Unknown,Unknown,Unknown,Unknown,41.36,41.36,-0.7484,0.8655,933.2444,58.08
NA,NA,-1,Unknown,Unknown,Unknown,Unknown,41.47,41.47,-0.6671,0.8641,935.8389,58.06
NA,NA,-1,Unknown,Unknown,Unknown,Unknown,41.57,41.57,-0.5923,0.8654,938.4326,58.04
NA,NA,-1,Unknown,Unknown,Unknown,Unknown,41.67,41.67,-0.5057,0.8672,941.0253,58.02
NA,NA,-1,Unknown,Unknown,Unknown,Unknown,41.77,41.77,-0.4178,0.8682,943.6174,58.01
NA,NA,-1,Unknown,Unknown,Unknown,Unknown,41.88,41.88,-0.3309,0.8685,946.2090,58.00
NA,NA,-1,Unknown,Unknown,Unknown,Unknown,41.98,41.98,-0.2286,0.8684,949.3189,58.02
NA,NA,-1,Unknown,Unknown,Unknown,Unknown,42.08,42.08,-0.1458,0.8685,951.9164,58.18
NA,NA,-1,Unknown,Unknown,Unknown,Unknown,42.19,42.19,-0.0657,0.8690,954.5281,58.53
NA,NA,-1,Unknown,Unknown,Unknown,Unknown,42.29,42.29,0.0146,0.8716,957.1590,59.05
NA,NA,-1,Unknown,Unknown,Unknown,Unknown,42.40,42.40,0.0776,0.8726,959.8131,59.63
NA,NA,-1,Unknown,Unknown,Unknown,Unknown,42.50,42.50,0.1310,0.8704,962.4953,60.19
NA,NA,-1,Unknown,Unknown,Unknown,Unknown,42.60,42.60,0.1873,0.8735,965.7368,60.61
NA,NA,-1,Unknown,Unknown,Unknown,Unknown,42.70,42.70,0.2242,0.8714,968.4488,60.76
NA,NA,-1,Unknown,Unknown,Unknown,Unknown,42.81,42.81,0.2531,0.8679,971.1672,60.92
NA,NA,-1,Unknown,Unknown,Unknown,Unknown,42.91,42.91,0.2774,0.8683,973.8987,61.23
NA,NA,-1,Unknown,Unknown,Unknown,Unknown,43.01,43.01,0.2962,0.8707,976.6501,61.69
NA,NA,-1,Unknown,Unknown,Unknown,Unknown,43.12,43.12,0.3127,0.8703,979.4250,62.32
NA,NA,-1,Unknown,Unknown,Unknown,Unknown,43.22,43.22,0.3198,0.8714,982.7948,63.03
NA,NA,-1,Unknown,Unknown,Unknown,Unknown,43.32,43.32,0.3196,0.8742,985.6279,63.74
NA,NA,-1,Unknown,Unknown,Unknown,Unknown,43.43,43.43,0.3226,0.8735,988.4951,64.30
NA,NA,-1,Unknown,Unknown,Unknown,Unknown,43.53,43.53,0.3192,0.8708,991.3852,64.82
NA,NA,-1,Unknown,Unknown,Unknown,Unknown,43.63,43.63,0.3168,0.8737,994.2896,65.10
NA,NA,-1,Unknown,Unknown,Unknown,Unknown,43.73,43.73,0.3174,0.8728,997.2016,65.21
NA,NA,-1,Unknown,Unknown,Unknown,Unknown,43.84,43.84,0.3179,0.8706,1000.1150,65.23
NA,NA,-1,Unknown,Unknown,Unknown,Unknown,43.94,43.94,0.3187,0.8686,1003.0290,65.22
NA,NA,-1,Unknown,Unknown,Unknown,Unknown,44.04,44.04,0.3199,0.8675,1005.9430,65.21
NA,NA,-1,Unknown,Unknown,Unknown,Unknown,44.14,44.14,0.3218,0.8673,1008.8580,65.19
NA,NA,-1,Unknown,Unknown,Unknown,Unknown,44.24,44.24,0.3253,0.8675,1012.3540,65.17
NA,NA,-1,Unknown,Unknown,Unknown,Unknown,44.35,44.35,0.3292,0.8679,1015.2680,65.16
NA,NA,-1,Unknown,Unknown,Unknown,Unknown,44.46,44.46,0.3341,0.8681,1018.1800,65.14
NA,NA,-1,Unknown,Unknown,Unknown,Unknown,44.56,44.56,0.3412,0.8681,1021.6740,65.13
NA,NA,-1,Unknown,Unknown,Unknown,Unknown,44.66,44.66,0.3480,0.8681,1024.5850,65.11
NA,NA,-1,Unknown,Unknown,Unknown,Unknown,44.77,44.77,0.3557,0.8681,1027.4950,65.10
NA,NA,-1,Unknown,Unknown,Unknown,Unknown,44.87,44.87,0.3640,0.8680,1030.4050,65.08
NA,NA,-1,Unknown,Unknown,Unknown,Unknown,44.97,44.97,0.3730,0.8680,1033.3140,65.07
NA,NA,-1,Unknown,Unknown,Unknown,Unknown,45.08,45.08,0.3825,0.8680,1036.2220,65.05
NA,NA,-1,Unknown,Unknown,Unknown,Unknown,45.18,45.18,0.3945,0.8680,1039.7120,65.03
NA,NA,-1,Unknown,Unknown,Unknown,Unknown,45.29,45.29,0.4050,0.8680,1042.6180,65.02
NA,NA,-1,Unknown,Unknown,Unknown,Unknown,45.39,45.39,0.4159,0.8680,1045.5250,65.01
NA,NA,-1,Unknown,Unknown,Unknown,Unknown,45.50,45.50,0.4270,0.8680,1048.4300,64.99
NA,NA,-1,Unknown,Unknown,Unknown,Unknown,45.60,45.60,0.4384,0.8680,1051.3350,64.98
NA,NA,-1,Unknown,Unknown,Unknown,Unknown,45.70,45.70,0.4523,0.8680,1054.8200,64.96
NA,NA,-1,Unknown,Unknown,Unknown,Unknown,45.80,45.80,0.4641,0.8680,1057.7240,64.94
NA,NA,-1,Unknown,Unknown,Unknown,Unknown,45.90,45.90,0.4761,0.8680,1060.6270,64.93
NA,NA,-1,Unknown,Unknown,Unknown,Unknown,46.01,46.01,0.4881,0.8680,1063.5290,64.92
NA,NA,-1,Unknown,Unknown,Unknown,Unknown,46.11,46.11,0.5003,0.8680,1066.4300,64.90
NA,NA,-1,Unknown,Unknown,Unknown,Unknown,46.21,46.21,0.5125,0.8680,1069.3310,64.89
NA,NA,-1,Unknown,Unknown,Unknown,Unknown,46.32,46.32,0.5248,0.8680,1072.2320,64.87
NA,NA,-1,Unknown,Unknown,Unknown,Unknown,46.42,46.42,0.5372,0.8680,1075.1310,64.86
NA,NA,-1,Unknown,Unknown,Unknown,Unknown,46.52,46.52,0.5521,0.8680,1078.6100,64.84
NA,NA,-1,Unknown,Unknown,Unknown,Unknown,46.62,46.62,0.5646,0.8680,1081.5080,64.82
NA,NA,-1,Unknown,Unknown,Unknown,Unknown,46.73,46.73,0.5771,0.8680,1084.4050,64.81
NA,NA,-1,Unknown,Unknown,Unknown,Unknown,46.83,46.83,0.5896,0.8680,1087.3020,64.80
NA,NA,-1,Unknown,Unknown,Unknown,Unknown,46.93,46.93,0.6021,0.8680,1090.1980,64.78
NA,NA,-1,Unknown,Unknown,Unknown,Unknown,47.03,47.03,0.6147,0.8680,1093.0940,64.77
NA,NA,-1,Unknown,Unknown,Unknown,Unknown,47.14,47.14,0.6272,0.8680,1095.9890,64.75
NA,NA,-1,Unknown,Unknown,Unknown,Unknown,47.24,47.24,0.6398,0.8680,1098.8830,64.74
NA,NA,-1,Unknown,Unknown,Unknown,Unknown,47.34,47.34,0.6524,0.8680,1101.7770,64.72
NA,NA,-1,Unknown,Unknown,Unknown,Unknown,47.44,47.44,0.6650,0.8680,1104.6700,64.71
NA,NA,-1,Unknown,Unknown,Unknown,Unknown,47.55,47.55,0.6801,0.8680,1108.1400,64.69
NA,NA,-1,Unknown,Unknown,Unknown,Unknown,47.65,47.65,0.6927,0.8680,1111.0320,64.68
NA,NA,-1,Unknown,Unknown,Unknown,Unknown,47.76,47.76,0.7054,0.8680,1113.9230,64.66
NA,NA,-1,Unknown,Unknown,Unknown,Unknown,47.86,47.86,0.7205,0.8680,1117.3910,64.64
NA,NA,-1,Unknown,Unknown,Unknown,Unknown,47.96,47.96,0.7331,0.8680,1120.2800,64.63
NA,NA,-1,Unknown,Unknown,Unknown,Unknown,48.06,48.06,0.7457,0.8680,1123.1690,64.62
NA,NA,-1,Unknown,Unknown,Unknown,Unknown,48.17,48.17,0.7584,0.8680,1126.0570,64.60
NA,NA,-1,Unknown,Unknown,Unknown,Unknown,48.27,48.27,0.7710,0.8680,1128.9450,64.59
NA,NA,-1,Unknown,Unknown,Unknown,Unknown,48.37,48.37,0.7836,0.8680,1131.8320,64.57
NA,NA,-1,Unknown,Unknown,Unknown,Unknown,48.48,48.48,0.7962,0.8680,1134.7180,64.56
NA,NA,-1,Unknown,Unknown,Unknown,Unknown,48.58,48.58,0.8114,0.8680,1138.1800,64.54
NA,NA,-1,Unknown,Unknown,Unknown,Unknown,48.68,48.68,0.8240,0.8680,1141.0650,64.53
NA,NA,-1,Unknown,Unknown,Unknown,Unknown,48.78,48.78,0.8366,0.8680,1143.9490,64.51
NA,NA,-1,Unknown,Unknown,Unknown,Unknown,48.89,48.89,0.8492,0.8680,1146.8330,64.50
NA,NA,-1,Unknown,Unknown,Unknown,Unknown,48.99,48.99,0.8619,0.8680,1149.7150,64.48
NA,NA,-1,Unknown,Unknown,Unknown,Unknown,49.09,49.09,0.8745,0.8680,1152.5980,64.47
NA,NA,-1,Unknown,Unknown,Unknown,Unknown,49.20,49.20,0.8871,0.8680,1155.4790,64.45
NA,NA,-1,Unknown,Unknown,Unknown,Unknown,49.30,49.30,0.8997,0.8680,1158.3600,64.44
NA,NA,-1,Unknown,Unknown,Unknown,Unknown,49.40,49.40,0.9123,0.8680,1161.2400,64.42
NA,NA,-1,Unknown,Unknown,Unknown,Unknown,49.50,49.50,0.9249,0.8680,1164.1200,64.41
NA,NA,-1,Unknown,Unknown,Unknown,Unknown,49.60,49.60,0.9401,0.8680,1167.5740,64.39
NA,NA,-1,Unknown,Unknown,Unknown,Unknown,49.70,49.70,0.9527,0.8680,1170.4530,64.38
NA,NA,-1,Unknown,Unknown,Unknown,Unknown,49.81,49.81,0.9653,0.8680,1173.3300,64.36
NA,NA,-1,Unknown,Unknown,Unknown,Unknown,49.91,49.91,0.9779,0.8680,1176.2070,64.35
NA,NA,-1,Unknown,Unknown,Unknown,Unknown,50.01,50.01,0.9905,0.8680,1179.0830,64.33
NA,NA,-1,Unknown,Unknown,Unknown,Unknown,50.11,50.11,1.0032,0.8680,1181.9590,64.32
NA,NA,-1,Unknown,Unknown,Unknown,Unknown,50.22,50.22,1.0158,0.8680,1184.8340,64.31
NA,NA,-1,Unknown,Unknown,Unknown,Unknown,50.33,50.33,1.0309,0.8680,1188.2830,64.29
NA,NA,-1,Unknown,Unknown,Unknown,Unknown,50.43,50.43,1.0435,0.8680,1191.1560,64.27
NA,NA,-1,Unknown,Unknown,Unknown,Unknown,50.54,50.54,1.0586,0.8680,1194.6040,64.26
NA,NA,-1,Unknown,Unknown,Unknown,Unknown,50.64,50.64,1.0712,0.8680,1197.4760,64.24
NA,NA,-1,Unknown,Unknown,Unknown,Unknown,50.75,50.75,1.0838,0.8680,1200.3470,64.23
NA,NA,-1,Unknown,Unknown,Unknown,Unknown,50.85,50.85,1.0965,0.8680,1203.2180,64.21
NA,NA,-1,Unknown,Unknown,Unknown,Unknown,50.95,50.95,1.1091,0.8680,1206.0880,64.20
NA,NA,-1,Unknown,Unknown,Unknown,Unknown,51.05,51.05,1.1217,0.8680,1208.9580,64.18
NA,NA,-1,Unknown,Unknown,Unknown,Unknown,51.15,51.15,1.1343,0.8680,1211.8270,64.17
NA,NA,-1,Unknown,Unknown,Unknown,Unknown,51.25,51.25,1.1469,0.8680,1214.6950,64.15
NA,NA,-1,Unknown,Unknown,Unknown,Unknown,51.35,51.35,1.1595,0.8680,1217.5620,64.14
NA,NA,-1,Unknown,Unknown,Unknown,Unknown,51.45,51.45,1.1721,0.8680,1220.4290,64.13
NA,NA,-1,Unknown,Unknown,Unknown,Unknown,51.56,51.56,1.1847,0.8680,1223.2960,64.11
NA,NA,-1,Unknown,Unknown,Unknown,Unknown,51.66,51.66,1.1973,0.8680,1226.1610,64.10
NA,NA,-1,Unknown,Unknown,Unknown,Unknown,51.76,51.76,1.2099,0.8680,1229.0260,64.08
NA,NA,-1,Unknown,Unknown,Unknown,Unknown,51.86,51.86,1.2225,0.8680,1231.8910,64.07
NA,NA,-1,Unknown,Unknown,Unknown,Unknown,51.96,51.96,1.2351,0.8680,1234.7540,64.05
NA,NA,-1,Unknown,Unknown,Unknown,Unknown,52.06,52.06,1.2502,0.8680,1238.1900,64.04
NA,NA,-1,Unknown,Unknown,Unknown,Unknown,52.17,52.17,1.2628,0.8680,1241.0520,64.02
NA,NA,-1,Unknown,Unknown,Unknown,Unknown,52.27,52.27,1.2754,0.8680,1243.9140,64.01
NA,NA,-1,Unknown,Unknown,Unknown,Unknown,52.37,52.37,1.2879,0.8680,1246.7750,63.99
NA,NA,-1,Unknown,Unknown,Unknown,Unknown,52.47,52.47,1.3005,0.8680,1249.6350,63.98
NA,NA,-1,Unknown,Unknown,Unknown,Unknown,52.57,52.57,1.3131,0.8680,1252.4950,63.96
NA,NA,-1,Unknown,Unknown,Unknown,Unknown,52.67,52.67,1.3257,0.8680,1255.3540,63.95
NA,NA,-1,Unknown,Unknown,Unknown,Unknown,52.78,52.78,1.3307,0.8680,1258.2120,63.93
NA,NA,-1,Unknown,Unknown,Unknown,Unknown,52.88,52.88,1.3379,0.8680,1261.0700,63.92
NA,NA,-1,Unknown,Unknown,Unknown,Unknown,52.98,52.98,1.3429,0.8680,1263.9270,63.90
NA,NA,-1,Unknown,Unknown,Unknown,Unknown,53.08,53.08,1.3392,0.8680,1267.3540,63.88
NA,NA,-1,Unknown,Unknown,Unknown,Unknown,53.18,53.18,1.3169,0.8680,1270.2090,63.85
NA,NA,-1,Unknown,Unknown,Unknown,Unknown,53.28,53.28,1.2953,0.8678,1273.0630,63.84
NA,NA,-1,Unknown,Unknown,Unknown,Unknown,53.38,53.38,1.2628,0.8678,1275.9160,63.82
NA,NA,-1,Unknown,Unknown,Unknown,Unknown,53.49,53.49,1.2201,0.8666,1278.7690,63.80
NA,NA,-1,Unknown,Unknown,Unknown,Unknown,53.61,53.61,1.1521,0.8671,1282.1900,63.78
NA,NA,-1,Unknown,Unknown,Unknown,Unknown,53.71,53.71,1.0851,0.8665,1285.0400,63.76
NA,NA,-1,Unknown,Unknown,Unknown,Unknown,53.82,53.82,1.0059,0.8636,1287.8880,63.74
NA,NA,-1,Unknown,Unknown,Unknown,Unknown,53.92,53.92,0.9291,0.8646,1290.7360,63.72
NA,NA,-1,Unknown,Unknown,Unknown,Unknown,54.03,54.03,0.8271,0.8670,1294.1520,63.70
NA,NA,-1,Unknown,Unknown,Unknown,Unknown,54.13,54.13,0.7385,0.8682,1296.9990,63.69
NA,NA,-1,Unknown,Unknown,Unknown,Unknown,54.23,54.23,0.6569,0.8686,1299.8440,63.67
NA,NA,-1,Unknown,Unknown,Unknown,Unknown,54.33,54.33,0.5748,0.8685,1302.6890,63.66
NA,NA,-1,Unknown,Unknown,Unknown,Unknown,54.43,54.43,0.4969,0.8683,1305.5330,63.64
NA,NA,-1,Unknown,Unknown,Unknown,Unknown,54.54,54.54,0.4104,0.8680,1308.9450,63.62
NA,NA,-1,Unknown,Unknown,Unknown,Unknown,54.64,54.64,0.3448,0.8679,1311.7880,63.61
NA,NA,-1,Unknown,Unknown,Unknown,Unknown,54.74,54.74,0.2853,0.8679,1314.6310,63.59
NA,NA,-1,Unknown,Unknown,Unknown,Unknown,54.85,54.85,0.2319,0.8679,1317.4730,63.58
NA,NA,-1,Unknown,Unknown,Unknown,Unknown,54.95,54.95,0.1844,0.8679,1320.3140,63.56
NA,NA,-1,Unknown,Unknown,Unknown,Unknown,55.05,55.05,0.1425,0.8679,1323.1550,63.54
NA,NA,-1,Unknown,Unknown,Unknown,Unknown,55.15,55.15,0.1058,0.8680,1325.9950,63.53
NA,NA,-1,Unknown,Unknown,Unknown,Unknown,55.25,55.25,0.0737,0.8680,1328.8340,63.51
NA,NA,-1,Unknown,Unknown,Unknown,Unknown,55.35,55.35,0.0458,0.8680,1331.6730,63.50
NA,NA,-1,Unknown,Unknown,Unknown,Unknown,55.46,55.46,0.0169,0.8680,1335.0790,63.48
NA,NA,-1,Unknown,Unknown,Unknown,Unknown,55.56,55.56,-0.0037,0.8680,1337.9160,63.47
NA,NA,-1,Unknown,Unknown,Unknown,Unknown,55.66,55.66,-0.0217,0.8680,1340.7530,63.45
NA,NA,-1,Unknown,Unknown,Unknown,Unknown,55.76,55.76,-0.0376,0.8680,1343.5890,63.44
NA,NA,-1,Unknown,Unknown,Unknown,Unknown,55.86,55.86,-0.0515,0.8680,1346.4250,63.42
NA,NA,-1,Unknown,Unknown,Unknown,Unknown,55.96,55.96,-0.0639,0.8680,1349.2590,63.41
NA,NA,-1,Unknown,Unknown,Unknown,Unknown,56.07,56.07,-0.0750,0.8680,1352.0940,63.40
NA,NA,-1,Unknown,Unknown,Unknown,Unknown,56.18,56.18,-0.0850,0.8680,1354.9270,63.38
NA,NA,-1,Unknown,Unknown,Unknown,Unknown,56.28,56.28,-0.0941,0.8680,1357.7600,63.37
NA,NA,-1,Unknown,Unknown,Unknown,Unknown,56.38,56.38,-0.1024,0.8680,1360.5930,63.35
NA,NA,-1,Unknown,Unknown,Unknown,Unknown,56.48,56.48,-0.1117,0.8680,1363.9910,63.34
NA,NA,-1,Unknown,Unknown,Unknown,Unknown,56.58,56.58,-0.1188,0.8680,1366.8220,63.32
NA,NA,-1,Unknown,Unknown,Unknown,Unknown,56.68,56.68,-0.1255,0.8680,1369.6520,63.31
NA,NA,-1,Unknown,Unknown,Unknown,Unknown,56.79,56.79,-0.1319,0.8680,1372.4820,63.29
NA,NA,-1,Unknown,Unknown,Unknown,Unknown,56.89,56.89,-0.1380,0.8680,1375.3110,63.28
NA,NA,-1,Unknown,Unknown,Unknown,Unknown,56.99,56.99,-0.1439,0.8680,1378.1390,63.26
NA,NA,-1,Unknown,Unknown,Unknown,Unknown,57.10,57.10,-0.1496,0.8680,1380.9670,63.25
NA,NA,-1,Unknown,Unknown,Unknown,Unknown,57.20,57.20,-0.1552,0.8680,1383.7940,63.24
NA,NA,-1,Unknown,Unknown,Unknown,Unknown,57.30,57.30,-0.1606,0.8680,1386.6200,63.22
NA,NA,-1,Unknown,Unknown,Unknown,Unknown,57.40,57.40,-0.1659,0.8680,1389.4460,63.21
NA,NA,-1,Unknown,Unknown,Unknown,Unknown,57.50,57.50,-0.1711,0.8680,1392.2710,63.19
NA,NA,-1,Unknown,Unknown,Unknown,Unknown,57.60,57.60,-0.1763,0.8680,1395.0960,63.18
NA,NA,-1,Unknown,Unknown,Unknown,Unknown,57.70,57.70,-0.1814,0.8680,1397.9200,63.16
NA,NA,-1,Unknown,Unknown,Unknown,Unknown,57.80,57.80,-0.1875,0.8680,1401.3080,63.15
NA,NA,-1,Unknown,Unknown,Unknown,Unknown,57.90,57.90,-0.1925,0.8680,1404.1310,63.13
NA,NA,-1,Unknown,Unknown,Unknown,Unknown,58.01,58.01,-0.1961,0.8680,1406.9530,63.12
NA,NA,-1,Unknown,Unknown,Unknown,Unknown,58.11,58.11,-0.1828,0.8680,1409.7730,63.09
NA,NA,-1,Unknown,Unknown,Unknown,Unknown,58.21,58.21,-0.1727,0.8679,1412.5930,63.08
NA,NA,-1,Unknown,Unknown,Unknown,Unknown,58.31,58.31,-0.1572,0.8679,1415.4130,63.06
NA,NA,-1,Unknown,Unknown,Unknown,Unknown,58.41,58.41,-0.1337,0.8679,1418.2310,63.05
NA,NA,-1,Unknown,Unknown,Unknown,Unknown,58.52,58.52,-0.1022,0.8680,1421.0490,63.03
NA,NA,-1,Unknown,Unknown,Unknown,Unknown,58.62,58.62,-0.0629,0.8679,1423.8660,63.01
NA,NA,-1,Unknown,Unknown,Unknown,Unknown,58.72,58.72,-0.0082,0.8679,1427.2450,62.99
NA,NA,-1,Unknown,Unknown,Unknown,Unknown,58.82,58.82,0.0429,0.8679,1430.0610,62.98
NA,NA,-1,Unknown,Unknown,Unknown,Unknown,58.92,58.92,0.1013,0.8680,1432.8750,62.96
NA,NA,-1,Unknown,Unknown,Unknown,Unknown,59.03,59.03,0.1603,0.8680,1435.6890,62.95
NA,NA,-1,Unknown,Unknown,Unknown,Unknown,59.13,59.13,0.2224,0.8680,1438.5020,62.93
NA,NA,-1,Unknown,Unknown,Unknown,Unknown,59.23,59.23,0.2872,0.8680,1441.3140,62.92
NA,NA,-1,Unknown,Unknown,Unknown,Unknown,59.34,59.34,0.3459,0.8681,1444.1260,62.90
NA,NA,-1,Unknown,Unknown,Unknown,Unknown,59.44,59.44,0.4168,0.8681,1447.4990,62.88
NA,NA,-1,Unknown,Unknown,Unknown,Unknown,59.54,59.54,0.4717,0.8680,1450.3090,62.87
NA,NA,-1,Unknown,Unknown,Unknown,Unknown,59.65,59.65,0.5209,0.8680,1453.1190,62.85
NA,NA,-1,Unknown,Unknown,Unknown,Unknown,59.75,59.75,0.5658,0.8680,1455.9270,62.84
NA,NA,-1,Unknown,Unknown,Unknown,Unknown,59.85,59.85,0.6050,0.8680,1458.7360,62.82
NA,NA,-1,Unknown,Unknown,Unknown,Unknown,59.96,59.96,0.6299,0.8680,1462.1050,62.79
NA,NA,-1,Unknown,Unknown,Unknown,Unknown,60.07,60.07,0.6461,0.8662,1464.9120,62.77
NA,NA,-1,Unknown,Unknown,Unknown,Unknown,60.17,60.17,0.6504,0.8665,1467.7170,62.76
NA,NA,-1,Unknown,Unknown,Unknown,Unknown,60.27,60.27,0.6438,0.8673,1470.5220,62.74
NA,NA,-1,Unknown,Unknown,Unknown,Unknown,60.37,60.37,0.6283,0.8667,1473.3270,62.72
NA,NA,-1,Unknown,Unknown,Unknown,Unknown,60.48,60.48,0.6055,0.8666,1476.1300,62.70
NA,NA,-1,Unknown,Unknown,Unknown,Unknown,60.58,60.58,0.5635,0.8673,1479.4920,62.69
NA,NA,-1,Unknown,Unknown,Unknown,Unknown,60.68,60.68,0.5211,0.8678,1482.2940,62.67
NA,NA,-1,Unknown,Unknown,Unknown,Unknown,60.79,60.79,0.4728,0.8680,1485.0940,62.65
NA,NA,-1,Unknown,Unknown,Unknown,Unknown,60.90,60.90,0.4193,0.8681,1487.8940,62.64
NA,NA,-1,Unknown,Unknown,Unknown,Unknown,61.01,61.01,0.3493,0.8681,1491.2530,62.62
NA,NA,-1,Unknown,Unknown,Unknown,Unknown,61.11,61.11,0.2946,0.8680,1494.0520,62.60
NA,NA,-1,Unknown,Unknown,Unknown,Unknown,61.21,61.21,0.2395,0.8680,1496.8490,62.59
NA,NA,-1,Unknown,Unknown,Unknown,Unknown,61.32,61.32,0.1714,0.8680,1500.2050,62.57
NA,NA,-1,Unknown,Unknown,Unknown,Unknown,61.42,61.42,0.1180,0.8680,1503.0020,62.56
NA,NA,-1,Unknown,Unknown,Unknown,Unknown,61.52,61.52,0.0703,0.8680,1505.7970,62.54
NA,NA,-1,Unknown,Unknown,Unknown,Unknown,61.63,61.63,0.0288,0.8680,1508.5920,62.52
NA,NA,-1,Unknown,Unknown,Unknown,Unknown,61.73,61.73,-0.0092,0.8680,1511.3860,62.51
NA,NA,-1,Unknown,Unknown,Unknown,Unknown,61.83,61.83,-0.0411,0.8680,1514.1800,62.49
NA,NA,-1,Unknown,Unknown,Unknown,Unknown,61.93,61.93,-0.0670,0.8680,1516.9740,62.48
NA,NA,-1,Unknown,Unknown,Unknown,Unknown,62.04,62.04,-0.0860,0.8680,1519.7660,62.46
NA,NA,-1,Unknown,Unknown,Unknown,Unknown,62.15,62.15,-0.1017,0.8680,1523.1160,62.44
NA,NA,-1,Unknown,Unknown,Unknown,Unknown,62.25,62.25,-0.1088,0.8680,1525.9070,62.43
NA,NA,-1,Unknown,Unknown,Unknown,Unknown,62.35,62.35,-0.1107,0.8680,1528.6980,62.41
NA,NA,-1,Unknown,Unknown,Unknown,Unknown,62.45,62.45,-0.1079,0.8680,1531.4870,62.40
NA,NA,-1,Unknown,Unknown,Unknown,Unknown,62.55,62.55,-0.0961,0.8680,1534.2760,62.38
NA,NA,-1,Unknown,Unknown,Unknown,Unknown,62.66,62.66,-0.0818,0.8680,1537.0640,62.37
NA,NA,-1,Unknown,Unknown,Unknown,Unknown,62.76,62.76,-0.0629,0.8680,1539.8520,62.35
NA,NA,-1,Unknown,Unknown,Unknown,Unknown,62.86,62.86,-0.0390,0.8680,1542.6390,62.34
NA,NA,-1,Unknown,Unknown,Unknown,Unknown,62.96,62.96,-0.0107,0.8680,1545.4250,62.32
NA,NA,-1,Unknown,Unknown,Unknown,Unknown,63.07,63.07,0.0286,0.8680,1548.7680,62.31
NA,NA,-1,Unknown,Unknown,Unknown,Unknown,63.17,63.17,0.0654,0.8680,1551.5520,62.29
NA,NA,-1,Unknown,Unknown,Unknown,Unknown,63.28,63.28,0.1056,0.8680,1554.3360,62.28
NA,NA,-1,Unknown,Unknown,Unknown,Unknown,63.38,63.38,0.1487,0.8680,1557.1200,62.26
NA,NA,-1,Unknown,Unknown,Unknown,Unknown,63.48,63.48,0.1945,0.8680,1559.9020,62.25
NA,NA,-1,Unknown,Unknown,Unknown,Unknown,63.58,63.58,0.2465,0.8680,1563.2400,62.23
NA,NA,-1,Unknown,Unknown,Unknown,Unknown,63.68,63.68,0.2770,0.8680,1566.0210,62.21
NA,NA,-1,Unknown,Unknown,Unknown,Unknown,63.78,63.78,0.3129,0.8680,1568.8010,62.19
NA,NA,-1,Unknown,Unknown,Unknown,Unknown,63.89,63.89,0.3427,0.8680,1571.5810,62.18
NA,NA,-1,Unknown,Unknown,Unknown,Unknown,64.00,64.00,0.3690,0.8680,1574.9160,62.16
NA,NA,-1,Unknown,Unknown,Unknown,Unknown,64.11,64.11,0.3892,0.8680,1577.6940,62.14
NA,NA,-1,Unknown,Unknown,Unknown,Unknown,64.21,64.21,0.4054,0.8680,1580.4710,62.12
NA,NA,-1,Unknown,Unknown,Unknown,Unknown,64.31,64.31,0.4145,0.8680,1583.2480,62.11
NA,NA,-1,Unknown,Unknown,Unknown,Unknown,64.41,64.41,0.4209,0.8680,1586.0240,62.10
NA,NA,-1,Unknown,Unknown,Unknown,Unknown,64.52,64.52,0.4256,0.8680,1589.3550,62.08
NA,NA,-1,Unknown,Unknown,Unknown,Unknown,64.63,64.63,0.4230,0.8680,1592.1300,62.06
NA,NA,-1,Unknown,Unknown,Unknown,Unknown,64.73,64.73,0.4168,0.8680,1594.9030,62.05
NA,NA,-1,Unknown,Unknown,Unknown,Unknown,64.83,64.83,0.4098,0.8680,1597.6770,62.03
NA,NA,-1,Unknown,Unknown,Unknown,Unknown,64.94,64.94,0.4111,0.8680,1600.4490,62.01
NA,NA,-1,Unknown,Unknown,Unknown,Unknown,65.04,65.04,0.4089,0.8680,1603.2210,62.00
NA,NA,-1,Unknown,Unknown,Unknown,Unknown,65.14,65.14,0.4025,0.8680,1605.9920,61.98
NA,NA,-1,Unknown,Unknown,Unknown,Unknown,65.24,65.24,0.3830,0.8680,1609.3160,61.96
NA,NA,-1,Unknown,Unknown,Unknown,Unknown,65.34,65.34,0.3725,0.8680,1612.0850,61.94
NA,NA,-1,Unknown,Unknown,Unknown,Unknown,65.45,65.45,0.3587,0.8680,1614.8540,61.93
NA,NA,-1,Unknown,Unknown,Unknown,Unknown,65.55,65.55,0.3411,0.8680,1617.6220,61.91
NA,NA,-1,Unknown,Unknown,Unknown,Unknown,65.66,65.66,0.3250,0.8680,1620.3890,61.90
NA,NA,-1,Unknown,Unknown,Unknown,Unknown,65.76,65.76,0.3147,0.8680,1623.1560,61.88
NA,NA,-1,Unknown,Unknown,Unknown,Unknown,65.86,65.86,0.2978,0.8680,1625.9220,61.87
NA,NA,-1,Unknown,Unknown,Unknown,Unknown,65.96,65.96,0.2696,0.8680,1628.6870,61.84
NA,NA,-1,Unknown,Unknown,Unknown,Unknown,66.06,66.06,0.2473,0.8680,1631.4510,61.83
NA,NA,-1,Unknown,Unknown,Unknown,Unknown,66.16,66.16,0.2083,0.8680,1634.7670,61.80
NA,NA,-1,Unknown,Unknown,Unknown,Unknown,66.27,66.27,0.1678,0.8679,1637.5290,61.79
NA,NA,-1,Unknown,Unknown,Unknown,Unknown,66.37,66.37,0.1243,0.8679,1640.2900,61.77
NA,NA,-1,Unknown,Unknown,Unknown,Unknown,66.47,66.47,0.0810,0.8679,1643.0510,61.76
NA,NA,-1,Unknown,Unknown,Unknown,Unknown,66.58,66.58,0.0145,0.8680,1646.3620,61.74
NA,NA,-1,Unknown,Unknown,Unknown,Unknown,66.68,66.68,-0.0383,0.8680,1649.1210,61.72
NA,NA,-1,Unknown,Unknown,Unknown,Unknown,66.79,66.79,-0.0912,0.8680,1651.8800,61.70
NA,NA,-1,Unknown,Unknown,Unknown,Unknown,66.89,66.89,-0.1464,0.8680,1654.6370,61.69
NA,NA,-1,Unknown,Unknown,Unknown,Unknown,66.99,66.99,-0.1972,0.8681,1657.3940,61.67
NA,NA,-1,Unknown,Unknown,Unknown,Unknown,67.09,67.09,-0.2461,0.8681,1660.1500,61.66
NA,NA,-1,Unknown,Unknown,Unknown,Unknown,67.19,67.19,-0.2797,0.8681,1662.9050,61.64
NA,NA,-1,Unknown,Unknown,Unknown,Unknown,67.30,67.30,-0.3102,0.8679,1665.6600,61.62
NA,NA,-1,Unknown,Unknown,Unknown,Unknown,67.40,67.40,-0.3282,0.8679,1668.4140,61.60
NA,NA,-1,Unknown,Unknown,Unknown,Unknown,67.50,67.50,-0.3338,0.8663,1671.1670,61.57
NA,NA,-1,Unknown,Unknown,Unknown,Unknown,67.60,67.60,-0.3209,0.8680,1674.4690,61.55
NA,NA,-1,Unknown,Unknown,Unknown,Unknown,67.70,67.70,-0.2905,0.8686,1677.2200,61.51
NA,NA,-1,Unknown,Unknown,Unknown,Unknown,67.80,67.80,-0.2425,0.8656,1679.9680,61.49
NA,NA,-1,Unknown,Unknown,Unknown,Unknown,67.91,67.91,-0.1764,0.8670,1682.7160,61.47
NA,NA,-1,Unknown,Unknown,Unknown,Unknown,68.01,68.01,-0.1064,0.8678,1685.4630,61.45
NA,NA,-1,Unknown,Unknown,Unknown,Unknown,68.11,68.11,-0.0211,0.8670,1688.2080,61.43
NA,NA,-1,Unknown,Unknown,Unknown,Unknown,68.21,68.21,0.0701,0.8669,1690.9520,61.41
NA,NA,-1,Unknown,Unknown,Unknown,Unknown,68.31,68.31,0.1692,0.8674,1693.6950,61.40
NA,NA,-1,Unknown,Unknown,Unknown,Unknown,68.42,68.42,0.2701,0.8678,1696.4380,61.38
NA,NA,-1,Unknown,Unknown,Unknown,Unknown,68.52,68.52,0.3875,0.8681,1699.7280,61.36
NA,NA,-1,Unknown,Unknown,Unknown,Unknown,68.62,68.62,0.4884,0.8682,1702.4680,61.35
NA,NA,-1,Unknown,Unknown,Unknown,Unknown,68.72,68.72,0.5783,0.8682,1705.2090,61.33
NA,NA,-1,Unknown,Unknown,Unknown,Unknown,68.84,68.84,0.6672,0.8681,1707.9480,61.31
NA,NA,-1,Unknown,Unknown,Unknown,Unknown,68.94,68.94,0.7631,0.8680,1710.6870,61.29
NA,NA,-1,Unknown,Unknown,Unknown,Unknown,69.04,69.04,0.8586,0.8680,1713.4250,61.27
NA,NA,-1,Unknown,Unknown,Unknown,Unknown,69.14,69.14,0.9464,0.8680,1716.1620,61.26
NA,NA,-1,Unknown,Unknown,Unknown,Unknown,69.24,69.24,1.0699,0.8680,1719.4450,61.23
NA,NA,-1,Unknown,Unknown,Unknown,Unknown,69.34,69.34,1.1849,0.8680,1722.1790,61.21
NA,NA,-1,Unknown,Unknown,Unknown,Unknown,69.45,69.45,1.2997,0.8678,1724.9130,61.19
NA,NA,-1,Unknown,Unknown,Unknown,Unknown,69.56,69.56,1.4070,0.8678,1727.6460,61.17
NA,NA,-1,Unknown,Unknown,Unknown,Unknown,69.66,69.66,1.5292,0.8692,1730.3770,61.15
NA,NA,-1,Unknown,Unknown,Unknown,Unknown,69.76,69.76,1.6981,0.8693,1733.6510,61.12
NA,NA,-1,Unknown,Unknown,Unknown,Unknown,69.86,69.86,1.8418,0.8623,1736.3800,61.09
NA,NA,-1,Unknown,Unknown,Unknown,Unknown,69.96,69.96,1.9869,0.8621,1739.1060,61.07
NA,NA,-1,Unknown,Unknown,Unknown,Unknown,70.06,70.06,2.1120,0.8648,1741.8320,61.03
NA,NA,-1,Unknown,Unknown,Unknown,Unknown,70.16,70.16,2.2429,0.8672,1744.5570,61.02
NA,NA,-1,Unknown,Unknown,Unknown,Unknown,70.26,70.26,2.3595,0.8684,1747.2810,61.00
NA,NA,-1,Unknown,Unknown,Unknown,Unknown,70.37,70.37,2.4684,0.8670,1750.0060,60.98
NA,NA,-1,Unknown,Unknown,Unknown,Unknown,70.47,70.47,2.5555,0.8659,1752.7290,60.94
NA,NA,-1,Unknown,Unknown,Unknown,Unknown,70.57,70.57,2.6177,0.8676,1755.4510,60.91
NA,NA,-1,Unknown,Unknown,Unknown,Unknown,70.68,70.68,2.6587,0.8664,1758.1730,60.88
NA,NA,-1,Unknown,Unknown,Unknown,Unknown,70.78,70.78,2.6764,0.8671,1760.8930,60.84
NA,NA,-1,Unknown,Unknown,Unknown,Unknown,70.89,70.89,2.6675,0.8683,1764.1560,60.81
NA,NA,-1,Unknown,Unknown,Unknown,Unknown,70.99,70.99,2.6446,0.8649,1766.8730,60.78
NA,NA,-1,Unknown,Unknown,Unknown,Unknown,71.09,71.09,2.6090,0.8654,1769.5900,60.76
NA,NA,-1,Unknown,Unknown,Unknown,Unknown,71.20,71.20,2.5598,0.8678,1772.3050,60.74
NA,NA,-1,Unknown,Unknown,Unknown,Unknown,71.30,71.30,2.5145,0.8686,1775.0200,60.72
NA,NA,-1,Unknown,Unknown,Unknown,Unknown,71.41,71.41,2.4510,0.8686,1778.2760,60.71
NA,NA,-1,Unknown,Unknown,Unknown,Unknown,71.51,71.51,2.3977,0.8684,1780.9890,60.69
NA,NA,-1,Unknown,Unknown,Unknown,Unknown,71.61,71.61,2.3461,0.8681,1783.7010,60.68
NA,NA,-1,Unknown,Unknown,Unknown,Unknown,71.71,71.71,2.2859,0.8680,1786.4130,60.66
NA,NA,-1,Unknown,Unknown,Unknown,Unknown,71.81,71.81,2.2297,0.8680,1789.1240,60.65
NA,NA,-1,Unknown,Unknown,Unknown,Unknown,71.92,71.92,2.1756,0.8680,1791.8340,60.63
NA,NA,-1,Unknown,Unknown,Unknown,Unknown,72.02,72.02,2.1206,0.8680,1794.5430,60.62
NA,NA,-1,Unknown,Unknown,Unknown,Unknown,72.12,72.12,2.0648,0.8680,1797.2520,60.60
NA,NA,-1,Unknown,Unknown,Unknown,Unknown,72.22,72.22,2.0083,0.8681,1799.9610,60.59
NA,NA,-1,Unknown,Unknown,Unknown,Unknown,72.33,72.33,1.9390,0.8681,1803.2100,60.57
NA,NA,-1,Unknown,Unknown,Unknown,Unknown,72.44,72.44,1.8798,0.8680,1805.9170,60.56
NA,NA,-1,Unknown,Unknown,Unknown,Unknown,72.55,72.55,1.8069,0.8680,1809.1640,60.54
NA,NA,-1,Unknown,Unknown,Unknown,Unknown,72.65,72.65,1.7443,0.8680,1811.8700,60.53
NA,NA,-1,Unknown,Unknown,Unknown,Unknown,72.75,72.75,1.6802,0.8680,1814.5740,60.52
NA,NA,-1,Unknown,Unknown,Unknown,Unknown,72.85,72.85,1.6156,0.8703,1817.2800,60.50
NA,NA,-1,Unknown,Unknown,Unknown,Unknown,72.96,72.96,1.5346,0.8718,1820.5220,60.49
NA,NA,-1,Unknown,Unknown,Unknown,Unknown,73.07,73.07,1.4648,0.8707,1823.2250,60.48
NA,NA,-1,Unknown,Unknown,Unknown,Unknown,73.17,73.17,1.3941,0.8682,1825.9270,60.46
NA,NA,-1,Unknown,Unknown,Unknown,Unknown,73.28,73.28,1.3090,0.8672,1829.1690,60.44
NA,NA,-1,Unknown,Unknown,Unknown,Unknown,73.38,73.38,1.2374,0.8673,1831.8700,60.43
NA,NA,-1,Unknown,Unknown,Unknown,Unknown,73.49,73.49,1.1651,0.8677,1834.5700,60.42
NA,NA,-1,Unknown,Unknown,Unknown,Unknown,73.59,73.59,1.0935,0.8680,1837.2700,60.40
NA,NA,-1,Unknown,Unknown,Unknown,Unknown,73.70,73.70,1.0085,0.8681,1840.5080,60.39
NA,NA,-1,Unknown,Unknown,Unknown,Unknown,73.80,73.80,0.9371,0.8681,1843.2060,60.37
NA,NA,-1,Unknown,Unknown,Unknown,Unknown,73.91,73.91,0.8666,0.8681,1845.9040,60.36
NA,NA,-1,Unknown,Unknown,Unknown,Unknown,74.02,74.02,0.7970,0.8681,1848.6010,60.34
NA,NA,-1,Unknown,Unknown,Unknown,Unknown,74.12,74.12,0.7282,0.8680,1851.2970,60.33
NA,NA,-1,Unknown,Unknown,Unknown,Unknown,74.22,74.22,0.6528,0.8680,1854.5320,60.31
NA,NA,-1,Unknown,Unknown,Unknown,Unknown,74.32,74.32,0.5935,0.8680,1857.2270,60.30
NA,NA,-1,Unknown,Unknown,Unknown,Unknown,74.43,74.43,0.5357,0.8680,1859.9220,60.28
NA,NA,-1,Unknown,Unknown,Unknown,Unknown,74.53,74.53,0.4824,0.8680,1862.6160,60.27
NA,NA,-1,Unknown,Unknown,Unknown,Unknown,74.64,74.64,0.4334,0.8680,1865.3090,60.25
NA,NA,-1,Unknown,Unknown,Unknown,Unknown,74.75,74.75,0.3802,0.8680,1868.5400,60.24
NA,NA,-1,Unknown,Unknown,Unknown,Unknown,74.85,74.85,0.3467,0.8680,1871.2320,60.22
NA,NA,-1,Unknown,Unknown,Unknown,Unknown,74.96,74.96,0.3151,0.8680,1873.9240,60.21
NA,NA,-1,Unknown,Unknown,Unknown,Unknown,75.06,75.06,0.2891,0.8679,1876.6150,60.19
NA,NA,-1,Unknown,Unknown,Unknown,Unknown,75.16,75.16,0.2676,0.8680,1879.3050,60.18
NA,NA,-1,Unknown,Unknown,Unknown,Unknown,75.26,75.26,0.2426,0.8680,1882.5320,60.16
NA,NA,-1,Unknown,Unknown,Unknown,Unknown,75.36,75.36,0.2281,0.8680,1885.2210,60.14
NA,NA,-1,Unknown,Unknown,Unknown,Unknown,75.47,75.47,0.2159,0.8680,1887.9090,60.13
NA,NA,-1,Unknown,Unknown,Unknown,Unknown,75.57,75.57,0.2136,0.8680,1890.5970,60.11
NA,NA,-1,Unknown,Unknown,Unknown,Unknown,75.67,75.67,0.2096,0.8680,1893.2840,60.10
NA,NA,-1,Unknown,Unknown,Unknown,Unknown,75.77,75.77,0.2092,0.8680,1895.9700,60.08
NA,NA,-1,Unknown,Unknown,Unknown,Unknown,75.88,75.88,0.2222,0.8680,1899.1930,60.06
NA,NA,-1,Unknown,Unknown,Unknown,Unknown,75.98,75.98,0.2349,0.8680,1901.8770,60.05
NA,NA,-1,Unknown,Unknown,Unknown,Unknown,76.08,76.08,0.2532,0.8680,1904.5610,60.04
NA,NA,-1,Unknown,Unknown,Unknown,Unknown,76.18,76.18,0.2821,0.8680,1907.2440,60.02
NA,NA,-1,Unknown,Unknown,Unknown,Unknown,76.29,76.29,0.3153,0.8679,1909.9270,60.00
NA,NA,-1,Unknown,Unknown,Unknown,Unknown,76.39,76.39,0.3505,0.8679,1912.6080,59.99
NA,NA,-1,Unknown,Unknown,Unknown,Unknown,76.49,76.49,0.3838,0.8680,1915.2890,59.97
NA,NA,-1,Unknown,Unknown,Unknown,Unknown,76.59,76.59,0.4259,0.8680,1917.9700,59.96
NA,NA,-1,Unknown,Unknown,Unknown,Unknown,76.70,76.70,0.4688,0.8681,1920.6490,59.94
NA,NA,-1,Unknown,Unknown,Unknown,Unknown,76.80,76.80,0.5205,0.8681,1923.8640,59.93
NA,NA,-1,Unknown,Unknown,Unknown,Unknown,76.91,76.91,0.5633,0.8681,1926.5420,59.91
NA,NA,-1,Unknown,Unknown,Unknown,Unknown,77.02,77.02,0.6136,0.8681,1929.7550,59.90
NA,NA,-1,Unknown,Unknown,Unknown,Unknown,77.12,77.12,0.6540,0.8680,1932.4320,59.88
NA,NA,-1,Unknown,Unknown,Unknown,Unknown,77.22,77.22,0.6930,0.8681,1935.1090,59.89
NA,NA,-1,Unknown,Unknown,Unknown,Unknown,77.32,77.32,0.7302,0.8682,1937.7890,59.95
NA,NA,-1,Unknown,Unknown,Unknown,Unknown,77.43,77.43,0.7658,0.8684,1940.4690,59.97
NA,NA,-1,Unknown,Unknown,Unknown,Unknown,77.53,77.53,0.7959,0.8684,1943.1490,59.96
NA,NA,-1,Unknown,Unknown,Unknown,Unknown,77.64,77.64,0.8244,0.8682,1945.8290,59.95
NA,NA,-1,Unknown,Unknown,Unknown,Unknown,77.74,77.74,0.8508,0.8681,1948.5080,59.93
NA,NA,-1,Unknown,Unknown,Unknown,Unknown,77.84,77.84,0.8739,0.8680,1951.1860,59.92
NA,NA,-1,Unknown,Unknown,Unknown,Unknown,77.94,77.94,0.8947,0.8680,1954.4000,59.90
NA,NA,-1,Unknown,Unknown,Unknown,Unknown,78.04,78.04,0.9029,0.8679,1957.0770,59.88
NA,NA,-1,Unknown,Unknown,Unknown,Unknown,78.14,78.14,0.9099,0.8679,1959.7540,59.87
NA,NA,-1,Unknown,Unknown,Unknown,Unknown,78.24,78.24,0.8988,0.8680,1962.4290,59.84
NA,NA,-1,Unknown,Unknown,Unknown,Unknown,78.35,78.35,0.8760,0.8663,1965.1040,59.81
NA,NA,-1,Unknown,Unknown,Unknown,Unknown,78.45,78.45,0.8507,0.8662,1967.7770,59.79
NA,NA,-1,Unknown,Unknown,Unknown,Unknown,78.55,78.55,0.8199,0.8670,1970.4490,59.78
NA,NA,-1,Unknown,Unknown,Unknown,Unknown,78.66,78.66,0.7747,0.8678,1973.1200,59.76
NA,NA,-1,Unknown,Unknown,Unknown,Unknown,78.76,78.76,0.7130,0.8681,1976.3250,59.74
NA,NA,-1,Unknown,Unknown,Unknown,Unknown,78.86,78.86,0.6527,0.8681,1978.9950,59.72
NA,NA,-1,Unknown,Unknown,Unknown,Unknown,78.96,78.96,0.5748,0.8666,1981.6630,59.69
NA,NA,-1,Unknown,Unknown,Unknown,Unknown,79.07,79.07,0.4964,0.8660,1984.3300,59.68
NA,NA,-1,Unknown,Unknown,Unknown,Unknown,79.18,79.18,0.4311,0.8668,1986.9950,59.65
NA,NA,-1,Unknown,Unknown,Unknown,Unknown,79.28,79.28,0.3400,0.8678,1990.1930,59.63
NA,NA,-1,Unknown,Unknown,Unknown,Unknown,79.38,79.38,0.2741,0.8682,1992.8580,59.61
NA,NA,-1,Unknown,Unknown,Unknown,Unknown,79.49,79.49,0.2094,0.8682,1995.5210,59.60
NA,NA,-1,Unknown,Unknown,Unknown,Unknown,79.60,79.60,0.1431,0.8681,1998.7170,59.58
NA,NA,-1,Unknown,Unknown,Unknown,Unknown,79.70,79.70,0.0978,0.8680,2001.3800,59.56
NA,NA,-1,Unknown,Unknown,Unknown,Unknown,79.80,79.80,0.0618,0.8679,2004.0420,59.55
NA,NA,-1,Unknown,Unknown,Unknown,Unknown,79.91,79.91,0.0351,0.8678,2006.7030,59.54
NA,NA,-1,Unknown,Unknown,Unknown,Unknown,80.01,80.01,0.0147,0.8679,2009.3660,59.57
NA,NA,-1,Unknown,Unknown,Unknown,Unknown,80.11,80.11,0.0037,0.8680,2012.0290,59.57
NA,NA,-1,Unknown,Unknown,Unknown,Unknown,80.21,80.21,-0.0144,0.8681,2014.6910,59.55
NA,NA,-1,Unknown,Unknown,Unknown,Unknown,80.32,80.32,-0.0448,0.8682,2017.3520,59.53
NA,NA,-1,Unknown,Unknown,Unknown,Unknown,80.42,80.42,-0.0675,0.8682,2020.0160,59.63
NA,NA,-1,Unknown,Unknown,Unknown,Unknown,80.52,80.52,-0.0906,0.8686,2022.6920,59.90
NA,NA,-1,Unknown,Unknown,Unknown,Unknown,80.62,80.62,-0.1104,0.8698,2025.9220,60.33
NA,NA,-1,Unknown,Unknown,Unknown,Unknown,80.72,80.72,-0.1357,0.8706,2028.6270,60.56
NA,NA,-1,Unknown,Unknown,Unknown,Unknown,80.83,80.83,-0.1428,0.8697,2031.3330,60.62
NA,NA,-1,Unknown,Unknown,Unknown,Unknown,80.93,80.93,-0.1507,0.8665,2034.0400,60.64
NA,NA,-1,Unknown,Unknown,Unknown,Unknown,81.04,81.04,-0.1486,0.8659,2036.7480,60.62
NA,NA,-1,Unknown,Unknown,Unknown,Unknown,81.14,81.14,-0.1230,0.8682,2039.9990,60.58
NA,NA,-1,Unknown,Unknown,Unknown,Unknown,81.24,81.24,-0.0887,0.8656,2042.7070,60.56
NA,NA,-1,Unknown,Unknown,Unknown,Unknown,81.34,81.34,-0.0360,0.8676,2045.4120,60.54
NA,NA,-1,Unknown,Unknown,Unknown,Unknown,81.44,81.44,0.0337,0.8675,2048.1170,60.51
NA,NA,-1,Unknown,Unknown,Unknown,Unknown,81.55,81.55,0.1177,0.8658,2050.8210,60.49
NA,NA,-1,Unknown,Unknown,Unknown,Unknown,81.65,81.65,0.2201,0.8683,2053.5220,60.47
NA,NA,-1,Unknown,Unknown,Unknown,Unknown,81.75,81.75,0.3287,0.8643,2056.2220,60.45
NA,NA,-1,Unknown,Unknown,Unknown,Unknown,81.85,81.85,0.4491,0.8645,2058.9210,60.43
NA,NA,-1,Unknown,Unknown,Unknown,Unknown,81.95,81.95,0.5788,0.8661,2061.6190,60.42
NA,NA,-1,Unknown,Unknown,Unknown,Unknown,82.05,82.05,0.7134,0.8675,2064.3170,60.41
NA,NA,-1,Unknown,Unknown,Unknown,Unknown,82.16,82.16,0.8525,0.8683,2067.0160,60.47
NA,NA,-1,Unknown,Unknown,Unknown,Unknown,82.26,82.26,0.9954,0.8687,2069.7170,60.49
NA,NA,-1,Unknown,Unknown,Unknown,Unknown,82.36,82.36,1.1565,0.8687,2072.9590,60.55
NA,NA,-1,Unknown,Unknown,Unknown,Unknown,82.47,82.47,1.2796,0.8686,2075.6650,60.58
NA,NA,-1,Unknown,Unknown,Unknown,Unknown,82.57,82.57,1.4047,0.8684,2078.3690,60.58
NA,NA,-1,Unknown,Unknown,Unknown,Unknown,82.67,82.67,1.5197,0.8682,2081.0730,60.57
NA,NA,-1,Unknown,Unknown,Unknown,Unknown,82.78,82.78,1.6252,0.8697,2083.7770,60.55
NA,NA,-1,Unknown,Unknown,Unknown,Unknown,82.88,82.88,1.7207,0.8688,2086.4850,60.53
NA,NA,-1,Unknown,Unknown,Unknown,Unknown,82.98,82.98,1.8183,0.8647,2089.7270,60.52
NA,NA,-1,Unknown,Unknown,Unknown,Unknown,83.09,83.09,1.8881,0.8661,2092.4310,60.50
NA,NA,-1,Unknown,Unknown,Unknown,Unknown,83.19,83.19,1.9479,0.8672,2095.1340,60.48
NA,NA,-1,Unknown,Unknown,Unknown,Unknown,83.29,83.29,1.9995,0.8678,2097.8370,60.46
NA,NA,-1,Unknown,Unknown,Unknown,Unknown,83.40,83.40,2.0513,0.8681,2101.0790,60.44
NA,NA,-1,Unknown,Unknown,Unknown,Unknown,83.50,83.50,2.0868,0.8681,2103.7810,60.43
NA,NA,-1,Unknown,Unknown,Unknown,Unknown,83.61,83.61,2.1162,0.8681,2106.4810,60.41
NA,NA,-1,Unknown,Unknown,Unknown,Unknown,83.72,83.72,2.1404,0.8680,2109.1810,60.40
NA,NA,-1,Unknown,Unknown,Unknown,Unknown,83.83,83.83,2.1636,0.8680,2112.4210,60.38
NA,NA,-1,Unknown,Unknown,Unknown,Unknown,83.93,83.93,2.1789,0.8680,2115.1200,60.37
NA,NA,-1,Unknown,Unknown,Unknown,Unknown,84.04,84.04,2.1911,0.8680,2117.8180,60.35
NA,NA,-1,Unknown,Unknown,Unknown,Unknown,84.14,84.14,2.2026,0.8680,2121.0550,60.34
NA,NA,-1,Unknown,Unknown,Unknown,Unknown,84.25,84.25,2.2100,0.8680,2123.7510,60.32
NA,NA,-1,Unknown,Unknown,Unknown,Unknown,84.36,84.36,2.2167,0.8680,2126.9870,60.31
NA,NA,-1,Unknown,Unknown,Unknown,Unknown,84.46,84.46,2.2210,0.8680,2129.6820,60.29
NA,NA,-1,Unknown,Unknown,Unknown,Unknown,84.57,84.57,2.2243,0.8680,2132.3770,60.28
NA,NA,-1,Unknown,Unknown,Unknown,Unknown,84.68,84.68,2.2271,0.8680,2135.6100,60.26
NA,NA,-1,Unknown,Unknown,Unknown,Unknown,84.79,84.79,2.2288,0.8680,2138.3040,60.25
NA,NA,-1,Unknown,Unknown,Unknown,Unknown,84.90,84.90,2.2302,0.8680,2141.5350,60.23
NA,NA,-1,Unknown,Unknown,Unknown,Unknown,85.00,85.00,2.2309,0.8680,2144.2280,60.22
NA,NA,-1,Unknown,Unknown,Unknown,Unknown,85.11,85.11,2.2314,0.8680,2146.9190,60.21
NA,NA,-1,Unknown,Unknown,Unknown,Unknown,85.22,85.22,2.2316,0.8680,2150.1490,60.19
NA,NA,-1,Unknown,Unknown,Unknown,Unknown,85.33,85.33,2.2315,0.8680,2152.8390,60.18
NA,NA,-1,Unknown,Unknown,Unknown,Unknown,85.44,85.44,2.2313,0.8680,2156.0670,60.16
NA,NA,-1,Unknown,Unknown,Unknown,Unknown,85.54,85.54,2.2309,0.8680,2158.7560,60.15
NA,NA,-1,Unknown,Unknown,Unknown,Unknown,85.65,85.65,2.2255,0.8680,2161.4440,60.13
NA,NA,-1,Unknown,Unknown,Unknown,Unknown,85.75,85.75,2.2053,0.8680,2164.1310,60.10
NA,NA,-1,Unknown,Unknown,Unknown,Unknown,85.85,85.85,2.1891,0.8679,2166.8180,60.09
NA,NA,-1,Unknown,Unknown,Unknown,Unknown,85.95,85.95,2.1656,0.8679,2169.5030,60.08
NA,NA,-1,Unknown,Unknown,Unknown,Unknown,86.06,86.06,2.1270,0.8680,2172.7250,60.06
NA,NA,-1,Unknown,Unknown,Unknown,Unknown,86.16,86.16,2.0864,0.8680,2175.4090,60.04
NA,NA,-1,Unknown,Unknown,Unknown,Unknown,86.27,86.27,2.0382,0.8679,2178.0930,60.03
NA,NA,-1,Unknown,Unknown,Unknown,Unknown,86.37,86.37,1.9825,0.8680,2180.7780,60.11
NA,NA,-1,Unknown,Unknown,Unknown,Unknown,86.48,86.48,1.9063,0.8684,2184.0090,60.24
NA,NA,-1,Unknown,Unknown,Unknown,Unknown,86.59,86.59,1.8358,0.8687,2186.7010,60.27
NA,NA,-1,Unknown,Unknown,Unknown,Unknown,86.69,86.69,1.7598,0.8687,2189.3930,60.27
NA,NA,-1,Unknown,Unknown,Unknown,Unknown,86.80,86.80,1.6815,0.8684,2192.0870,60.30
NA,NA,-1,Unknown,Unknown,Unknown,Unknown,86.91,86.91,1.5825,0.8705,2195.3200,60.29
NA,NA,-1,Unknown,Unknown,Unknown,Unknown,87.01,87.01,1.4961,0.8714,2198.0120,60.28
NA,NA,-1,Unknown,Unknown,Unknown,Unknown,87.11,87.11,1.4073,0.8706,2200.7040,60.27
NA,NA,-1,Unknown,Unknown,Unknown,Unknown,87.21,87.21,1.3174,0.8682,2203.3970,60.25
NA,NA,-1,Unknown,Unknown,Unknown,Unknown,87.31,87.31,1.2277,0.8673,2206.0890,60.24
NA,NA,-1,Unknown,Unknown,Unknown,Unknown,87.41,87.41,1.1378,0.8673,2208.7800,60.22
NA,NA,-1,Unknown,Unknown,Unknown,Unknown,87.52,87.52,1.0479,0.8677,2211.4700,60.21
NA,NA,-1,Unknown,Unknown,Unknown,Unknown,87.62,87.62,0.9615,0.8680,2214.1600,60.19
NA,NA,-1,Unknown,Unknown,Unknown,Unknown,87.73,87.73,0.8623,0.8681,2217.3870,60.18
NA,NA,-1,Unknown,Unknown,Unknown,Unknown,87.84,87.84,0.7800,0.8681,2220.0750,60.16
NA,NA,-1,Unknown,Unknown,Unknown,Unknown,87.94,87.94,0.6954,0.8681,2223.3010,60.14
NA,NA,-1,Unknown,Unknown,Unknown,Unknown,88.04,88.04,0.6346,0.8680,2225.9870,60.12
NA,NA,-1,Unknown,Unknown,Unknown,Unknown,88.14,88.14,0.5796,0.8679,2228.6740,60.10
NA,NA,-1,Unknown,Unknown,Unknown,Unknown,88.24,88.24,0.5399,0.8654,2231.3600,60.08
NA,NA,-1,Unknown,Unknown,Unknown,Unknown,88.34,88.34,0.5114,0.8652,2234.0450,60.06
NA,NA,-1,Unknown,Unknown,Unknown,Unknown,88.45,88.45,0.4927,0.8671,2236.7290,60.04
NA,NA,-1,Unknown,Unknown,Unknown,Unknown,88.55,88.55,0.4645,0.8681,2239.4130,60.02
NA,NA,-1,Unknown,Unknown,Unknown,Unknown,88.65,88.65,0.4508,0.8686,2242.0950,60.00
NA,NA,-1,Unknown,Unknown,Unknown,Unknown,88.75,88.75,0.4268,0.8684,2244.7770,59.98
NA,NA,-1,Unknown,Unknown,Unknown,Unknown,88.86,88.86,0.3939,0.8682,2247.9930,59.96
NA,NA,-1,Unknown,Unknown,Unknown,Unknown,88.96,88.96,0.3697,0.8680,2250.6730,59.94
NA,NA,-1,Unknown,Unknown,Unknown,Unknown,89.06,89.06,0.3490,0.8679,2253.3520,59.92
NA,NA,-1,Unknown,Unknown,Unknown,Unknown,89.17,89.17,0.3114,0.8680,2256.0300,59.90
NA,NA,-1,Unknown,Unknown,Unknown,Unknown,89.27,89.27,0.2541,0.8670,2258.7070,59.86
NA,NA,-1,Unknown,Unknown,Unknown,Unknown,89.38,89.38,0.1962,0.8659,2261.3820,59.85
NA,NA,-1,Unknown,Unknown,Unknown,Unknown,89.48,89.48,0.1409,0.8664,2264.0560,59.83
NA,NA,-1,Unknown,Unknown,Unknown,Unknown,89.59,89.59,0.0695,0.8676,2267.2640,59.81
NA,NA,-1,Unknown,Unknown,Unknown,Unknown,89.69,89.69,0.0058,0.8681,2269.9360,59.79
NA,NA,-1,Unknown,Unknown,Unknown,Unknown,89.79,89.79,-0.0506,0.8683,2272.6080,59.77
NA,NA,-1,Unknown,Unknown,Unknown,Unknown,89.89,89.89,-0.1082,0.8682,2275.2790,59.76
NA,NA,-1,Unknown,Unknown,Unknown,Unknown,90.00,90.00,-0.1673,0.8681,2277.9490,59.75
NA,NA,-1,Unknown,Unknown,Unknown,Unknown,90.10,90.10,-0.2180,0.8680,2280.6190,59.73
NA,NA,-1,Unknown,Unknown,Unknown,Unknown,90.20,90.20,-0.2520,0.8681,2283.2880,59.70
NA,NA,-1,Unknown,Unknown,Unknown,Unknown,90.30,90.30,-0.2731,0.8664,2285.9560,59.66
NA,NA,-1,Unknown,Unknown,Unknown,Unknown,90.40,90.40,-0.2831,0.8659,2289.1560,59.65
NA,NA,-1,Unknown,Unknown,Unknown,Unknown,90.50,90.50,-0.2961,0.8668,2291.8220,59.62
NA,NA,-1,Unknown,Unknown,Unknown,Unknown,90.60,90.60,-0.3093,0.8677,2294.4860,59.59
NA,NA,-1,Unknown,Unknown,Unknown,Unknown,90.71,90.71,-0.2873,0.8683,2297.1490,59.55
NA,NA,-1,Unknown,Unknown,Unknown,Unknown,90.81,90.81,-0.2630,0.8657,2299.8110,59.52
NA,NA,-1,Unknown,Unknown,Unknown,Unknown,90.91,90.91,-0.2243,0.8658,2302.4700,59.50
NA,NA,-1,Unknown,Unknown,Unknown,Unknown,91.01,91.01,-0.1737,0.8680,2305.1290,59.48
NA,NA,-1,Unknown,Unknown,Unknown,Unknown,91.12,91.12,-0.1296,0.8682,2307.7870,59.45
NA,NA,-1,Unknown,Unknown,Unknown,Unknown,91.23,91.23,-0.0579,0.8683,2310.9740,59.44
NA,NA,-1,Unknown,Unknown,Unknown,Unknown,91.34,91.34,0.0095,0.8682,2313.6300,59.42
NA,NA,-1,Unknown,Unknown,Unknown,Unknown,91.44,91.44,0.0948,0.8680,2316.8160,59.41
NA,NA,-1,Unknown,Unknown,Unknown,Unknown,91.54,91.54,0.1694,0.8680,2319.4720,59.47
NA,NA,-1,Unknown,Unknown,Unknown,Unknown,91.65,91.65,0.2469,0.8684,2322.1370,59.70
NA,NA,-1,Unknown,Unknown,Unknown,Unknown,91.76,91.76,0.3430,0.8697,2325.3590,60.24
NA,NA,-1,Unknown,Unknown,Unknown,Unknown,91.87,91.87,0.4227,0.8754,2328.0680,60.80
NA,NA,-1,Unknown,Unknown,Unknown,Unknown,91.97,91.97,0.5079,0.8687,2330.8020,61.48
NA,NA,-1,Unknown,Unknown,Unknown,Unknown,92.07,92.07,0.5927,0.8700,2333.5640,62.11
NA,NA,-1,Unknown,Unknown,Unknown,Unknown,92.17,92.17,0.6804,0.8726,2336.3600,62.80
NA,NA,-1,Unknown,Unknown,Unknown,Unknown,92.27,92.27,0.7624,0.8710,2339.1820,63.44
NA,NA,-1,Unknown,Unknown,Unknown,Unknown,92.38,92.38,0.8484,0.8779,2342.0310,64.02
NA,NA,-1,Unknown,Unknown,Unknown,Unknown,92.48,92.48,0.9185,0.8717,2344.9070,64.62
NA,NA,-1,Unknown,Unknown,Unknown,Unknown,92.58,92.58,0.9666,0.8692,2347.8130,65.33
NA,NA,-1,Unknown,Unknown,Unknown,Unknown,92.68,92.68,1.0029,0.8680,2350.7510,65.97
NA,NA,-1,Unknown,Unknown,Unknown,Unknown,92.78,92.78,1.0240,0.8712,2353.7170,66.60
NA,NA,-1,Unknown,Unknown,Unknown,Unknown,92.88,92.88,1.0185,0.8699,2357.3120,67.35
NA,NA,-1,Unknown,Unknown,Unknown,Unknown,92.98,92.98,0.9925,0.8711,2360.3400,68.00
NA,NA,-1,Unknown,Unknown,Unknown,Unknown,93.08,93.08,0.9487,0.8678,2363.3950,68.63
NA,NA,-1,Unknown,Unknown,Unknown,Unknown,93.18,93.18,0.8883,0.8724,2366.4840,69.33
NA,NA,-1,Unknown,Unknown,Unknown,Unknown,93.29,93.29,0.8368,0.8716,2369.5990,69.93
NA,NA,-1,Unknown,Unknown,Unknown,Unknown,93.39,93.39,0.7940,0.8728,2372.7420,70.54
NA,NA,-1,Unknown,Unknown,Unknown,Unknown,93.49,93.49,0.7550,0.8703,2375.9140,71.26
NA,NA,-1,Unknown,Unknown,Unknown,Unknown,93.59,93.59,0.7364,0.8713,2379.1160,71.83
NA,NA,-1,Unknown,Unknown,Unknown,Unknown,93.69,93.69,0.7288,0.8708,2382.3480,72.55
NA,NA,-1,Unknown,Unknown,Unknown,Unknown,93.80,93.80,0.7324,0.8712,2385.6070,73.18
NA,NA,-1,Unknown,Unknown,Unknown,Unknown,93.90,93.90,0.7517,0.8748,2388.8940,73.78
NA,NA,-1,Unknown,Unknown,Unknown,Unknown,94.00,94.00,0.7831,0.8692,2392.2120,74.44
NA,NA,-1,Unknown,Unknown,Unknown,Unknown,94.10,94.10,0.8184,0.8729,2395.5590,75.14
NA,NA,-1,Unknown,Unknown,Unknown,Unknown,94.21,94.21,0.8665,0.8726,2399.6120,75.89
NA,NA,-1,Unknown,Unknown,Unknown,Unknown,94.31,94.31,0.9099,0.8704,2403.0220,76.58
NA,NA,-1,Unknown,Unknown,Unknown,Unknown,94.41,94.41,0.9503,0.8747,2406.4620,77.17
NA,NA,-1,Unknown,Unknown,Unknown,Unknown,94.51,94.51,0.9834,0.8701,2409.9320,77.88
NA,NA,-1,Unknown,Unknown,Unknown,Unknown,94.62,94.62,1.0160,0.8744,2413.4290,78.52
NA,NA,-1,Unknown,Unknown,Unknown,Unknown,94.72,94.72,1.0422,0.8705,2416.9590,79.15
NA,NA,-1,Unknown,Unknown,Unknown,Unknown,94.82,94.82,1.0627,0.8797,2420.5100,79.78
NA,NA,-1,Unknown,Unknown,Unknown,Unknown,94.92,94.92,1.0707,0.8706,2424.8160,80.58
NA,NA,-1,Unknown,Unknown,Unknown,Unknown,95.02,95.02,1.0748,0.8712,2428.4360,81.25
NA,NA,-1,Unknown,Unknown,Unknown,Unknown,95.13,95.13,1.0698,0.8748,2432.0840,81.86
NA,NA,-1,Unknown,Unknown,Unknown,Unknown,95.24,95.24,1.0530,0.8722,2435.7630,82.49
NA,NA,-1,Unknown,Unknown,Unknown,Unknown,95.34,95.34,1.0268,0.8739,2440.2140,83.31
NA,NA,-1,Unknown,Unknown,Unknown,Unknown,95.45,95.45,0.9958,0.8713,2443.9570,83.93
NA,NA,-1,Unknown,Unknown,Unknown,Unknown,95.55,95.55,0.9608,0.8784,2447.7250,84.62
NA,NA,-1,Unknown,Unknown,Unknown,Unknown,95.66,95.66,0.9245,0.8780,2451.5230,85.21
NA,NA,-1,Unknown,Unknown,Unknown,Unknown,95.77,95.77,0.8760,0.8718,2456.1230,86.02
NA,NA,-1,Unknown,Unknown,Unknown,Unknown,95.87,95.87,0.8327,0.8704,2459.9860,86.71
NA,NA,-1,Unknown,Unknown,Unknown,Unknown,95.97,95.97,0.7818,0.8725,2463.8780,87.32
NA,NA,-1,Unknown,Unknown,Unknown,Unknown,96.07,96.07,0.7416,0.8694,2467.8020,88.00
NA,NA,-1,Unknown,Unknown,Unknown,Unknown,96.18,96.18,0.6956,0.8725,2471.7480,88.62
NA,NA,-1,Unknown,Unknown,Unknown,Unknown,96.29,96.29,0.6450,0.8700,2476.5320,89.42
NA,NA,-1,Unknown,Unknown,Unknown,Unknown,96.39,96.39,0.5991,0.8824,2480.5390,89.98
NA,NA,-1,Unknown,Unknown,Unknown,Unknown,96.50,96.50,0.5605,0.8761,2484.5830,90.67
NA,NA,-1,Unknown,Unknown,Unknown,Unknown,96.60,96.60,0.5214,0.8679,2488.6540,91.37
NA,NA,-1,Unknown,Unknown,Unknown,Unknown,96.71,96.71,0.4917,0.8714,2493.5820,92.14
NA,NA,-1,Unknown,Unknown,Unknown,Unknown,96.81,96.81,0.4667,0.8726,2497.7150,92.77
NA,NA,-1,Unknown,Unknown,Unknown,Unknown,96.91,96.91,0.4590,0.8733,2501.8840,93.45
NA,NA,-1,Unknown,Unknown,Unknown,Unknown,97.01,97.01,0.4502,0.8718,2506.0710,94.03
NA,NA,-1,Unknown,Unknown,Unknown,Unknown,97.11,97.11,0.4562,0.8687,2510.2970,94.75
NA,NA,-1,Unknown,Unknown,Unknown,Unknown,97.22,97.22,0.4616,0.8746,2515.4020,95.47
NA,NA,-1,Unknown,Unknown,Unknown,Unknown,97.33,97.33,0.4746,0.8676,2519.6890,96.14
NA,NA,-1,Unknown,Unknown,Unknown,Unknown,97.43,97.43,0.4898,0.8715,2524.0000,96.76
NA,NA,-1,Unknown,Unknown,Unknown,Unknown,97.54,97.54,0.5120,0.8700,2528.3480,97.46
NA,NA,-1,Unknown,Unknown,Unknown,Unknown,97.64,97.64,0.5297,0.8746,2532.7160,98.02
NA,NA,-1,Unknown,Unknown,Unknown,Unknown,97.74,97.74,0.5533,0.8711,2538.0060,98.88
NA,NA,-1,Unknown,Unknown,Unknown,Unknown,97.84,97.84,0.5701,0.8782,2542.4330,99.46
NA,NA,-1,Unknown,Unknown,Unknown,Unknown,97.95,97.95,0.5846,0.8762,2546.9010,100.15
NA,NA,-1,Unknown,Unknown,Unknown,Unknown,98.05,98.05,0.5976,0.8721,2551.3960,100.80
NA,NA,-1,Unknown,Unknown,Unknown,Unknown,98.15,98.15,0.6109,0.8703,2555.9140,101.41
NA,NA,-1,Unknown,Unknown,Unknown,Unknown,98.25,98.25,0.6244,0.8724,2560.4690,102.11
NA,NA,-1,Unknown,Unknown,Unknown,Unknown,98.35,98.35,0.6276,0.8736,2565.0460,102.68
NA,NA,-1,Unknown,Unknown,Unknown,Unknown,98.45,98.45,0.6363,0.8722,2569.6570,103.36
NA,NA,-1,Unknown,Unknown,Unknown,Unknown,98.56,98.56,0.6413,0.8707,2574.2930,104.01
NA,NA,-1,Unknown,Unknown,Unknown,Unknown,98.66,98.66,0.6406,0.8748,2578.9630,104.69
NA,NA,-1,Unknown,Unknown,Unknown,Unknown,98.76,98.76,0.6556,0.8712,2584.5990,105.43
NA,NA,-1,Unknown,Unknown,Unknown,Unknown,98.86,98.86,0.6577,0.8760,2589.3300,106.07
NA,NA,-1,Unknown,Unknown,Unknown,Unknown,98.97,98.97,0.6712,0.8710,2594.0870,106.72
NA,NA,-1,Unknown,Unknown,Unknown,Unknown,99.07,99.07,0.6718,0.8748,2598.8770,107.36
NA,NA,-1,Unknown,Unknown,Unknown,Unknown,99.17,99.17,0.6832,0.8706,2603.6890,107.97
NA,NA,-1,Unknown,Unknown,Unknown,Unknown,99.27,99.27,0.6904,0.8713,2608.5380,108.69
NA,NA,-1,Unknown,Unknown,Unknown,Unknown,99.37,99.37,0.6887,0.8727,2613.4090,109.28
NA,NA,-1,Unknown,Unknown,Unknown,Unknown,99.47,99.47,0.6880,0.8711,2618.3180,109.98
NA,NA,-1,Unknown,Unknown,Unknown,Unknown,99.58,99.58,0.6895,0.8802,2623.2400,110.53
NA,NA,-1,Unknown,Unknown,Unknown,Unknown,99.68,99.68,0.6918,0.8779,2628.2040,111.22
NA,NA,-1,Unknown,Unknown,Unknown,Unknown,99.78,99.78,0.6957,0.8673,2633.1950,111.87
NA,NA,-1,Unknown,Unknown,Unknown,Unknown,99.88,99.88,0.7059,0.8829,2639.2150,112.62
NA,NA,-1,Unknown,Unknown,Unknown,Unknown,99.98,99.98,0.7149,0.8749,2644.2680,113.23
NA,NA,-1,Unknown,Unknown,Unknown,Unknown,100.08,100.08,0.7227,0.8741,2649.3500,113.92
NA,NA,-1,Unknown,Unknown,Unknown,Unknown,100.19,100.19,0.7419,0.8713,2654.4570,114.57
NA,NA,-1,Unknown,Unknown,Unknown,Unknown,100.29,100.29,0.7531,0.8737,2659.6010,115.25
NA,NA,-1,Unknown,Unknown,Unknown,Unknown,100.40,100.40,0.7644,0.8733,2664.7600,115.72
NA,NA,-1,Unknown,Unknown,Unknown,Unknown,100.50,100.50,0.7706,0.8658,2669.9580,116.51
NA,NA,-1,Unknown,Unknown,Unknown,Unknown,100.60,100.60,0.7707,0.8754,2676.2330,117.26
NA,NA,-1,Unknown,Unknown,Unknown,Unknown,100.71,100.71,0.7625,0.8683,2681.4920,117.87
NA,NA,-1,Unknown,Unknown,Unknown,Unknown,100.81,100.81,0.7446,0.8806,2686.7740,118.53
NA,NA,-1,Unknown,Unknown,Unknown,Unknown,100.91,100.91,0.7231,0.8791,2692.0900,119.12
NA,NA,-1,Unknown,Unknown,Unknown,Unknown,101.02,101.02,0.6958,0.8687,2697.4370,119.79
NA,NA,-1,Unknown,Unknown,Unknown,Unknown,101.12,101.12,0.6600,0.8822,2702.8040,120.44
NA,NA,-1,Unknown,Unknown,Unknown,Unknown,101.22,101.22,0.6220,0.8805,2708.2060,121.03
NA,NA,-1,Unknown,Unknown,Unknown,Unknown,101.32,101.32,0.5783,0.8717,2713.6400,121.73
NA,NA,-1,Unknown,Unknown,Unknown,Unknown,101.42,101.42,0.5206,0.8854,2720.1850,122.46
NA,NA,-1,Unknown,Unknown,Unknown,Unknown,101.53,101.53,0.4762,0.8806,2725.6790,123.07
NA,NA,-1,Unknown,Unknown,Unknown,Unknown,101.63,101.63,0.4359,0.8689,2731.2030,123.75
NA,NA,-1,Unknown,Unknown,Unknown,Unknown,101.74,101.74,0.3929,0.8708,2736.7410,124.21
NA,NA,-1,Unknown,Unknown,Unknown,Unknown,101.84,101.84,0.3637,0.8677,2743.4210,124.65
NA,NA,-1,Unknown,Unknown,Unknown,Unknown,101.95,101.95,0.3411,0.8733,2748.9960,124.81
NA,NA,-1,Unknown,Unknown,Unknown,Unknown,102.06,102.06,0.3327,0.8752,2754.5760,124.88
NA,NA,-1,Unknown,Unknown,Unknown,Unknown,102.16,102.16,0.3347,0.8698,2761.2750,124.91
NA,NA,-1,Unknown,Unknown,Unknown,Unknown,102.27,102.27,0.3504,0.8663,2766.8580,124.90
NA,NA,-1,Unknown,Unknown,Unknown,Unknown,102.38,102.38,0.3762,0.8676,2772.4420,124.88
NA,NA,-1,Unknown,Unknown,Unknown,Unknown,102.48,102.48,0.4199,0.8641,2779.1400,124.85
NA,NA,-1,Unknown,Unknown,Unknown,Unknown,102.58,102.58,0.4735,0.8662,2784.7180,124.75
NA,NA,-1,Unknown,Unknown,Unknown,Unknown,102.69,102.69,0.5361,0.8661,2790.2890,124.56
NA,NA,-1,Unknown,Unknown,Unknown,Unknown,102.79,102.79,0.6092,0.8651,2795.8440,124.14
NA,NA,-1,Unknown,Unknown,Unknown,Unknown,102.89,102.89,0.6895,0.8607,2801.3780,123.64
NA,NA,-1,Unknown,Unknown,Unknown,Unknown,102.99,102.99,0.7804,0.8608,2806.8840,123.02
NA,NA,-1,Unknown,Unknown,Unknown,Unknown,103.10,103.10,0.8774,0.8574,2812.3650,122.35
NA,NA,-1,Unknown,Unknown,Unknown,Unknown,103.20,103.20,1.0039,0.8561,2818.9010,121.55
NA,NA,-1,Unknown,Unknown,Unknown,Unknown,103.31,103.31,1.1157,0.8535,2824.3150,120.87
NA,NA,-1,Unknown,Unknown,Unknown,Unknown,103.42,103.42,1.2366,0.8533,2829.6990,120.18
NA,NA,-1,Unknown,Unknown,Unknown,Unknown,103.52,103.52,1.3913,0.8543,2836.1200,119.32
NA,NA,-1,Unknown,Unknown,Unknown,Unknown,103.63,103.63,1.5119,0.8522,2841.4360,118.62
NA,NA,-1,Unknown,Unknown,Unknown,Unknown,103.73,103.73,1.6093,0.8540,2846.7190,117.87
NA,NA,-1,Unknown,Unknown,Unknown,Unknown,103.83,103.83,1.7001,0.8538,2851.9680,117.20
NA,NA,-1,Unknown,Unknown,Unknown,Unknown,103.94,103.94,1.7868,0.8535,2857.1860,116.50
NA,NA,-1,Unknown,Unknown,Unknown,Unknown,104.04,104.04,1.8549,0.8570,2862.3760,115.72
NA,NA,-1,Unknown,Unknown,Unknown,Unknown,104.14,104.14,1.8943,0.8630,2867.5370,115.02
NA,NA,-1,Unknown,Unknown,Unknown,Unknown,104.25,104.25,1.9016,0.8674,2873.6900,114.26
NA,NA,-1,Unknown,Unknown,Unknown,Unknown,104.36,104.36,1.8704,0.8650,2878.7810,113.71
NA,NA,-1,Unknown,Unknown,Unknown,Unknown,104.46,104.46,1.7775,0.8705,2884.8410,112.78
NA,NA,-1,Unknown,Unknown,Unknown,Unknown,104.57,104.57,1.6959,0.8638,2889.8560,111.82
NA,NA,-1,Unknown,Unknown,Unknown,Unknown,104.67,104.67,1.5872,0.8608,2894.8270,111.10
NA,NA,-1,Unknown,Unknown,Unknown,Unknown,104.78,104.78,1.4582,0.8593,2899.7800,110.38
NA,NA,-1,Unknown,Unknown,Unknown,Unknown,104.88,104.88,1.2750,0.8636,2905.6720,109.59
NA,NA,-1,Unknown,Unknown,Unknown,Unknown,104.99,104.99,1.1124,0.8613,2910.5480,108.73
NA,NA,-1,Unknown,Unknown,Unknown,Unknown,105.09,105.09,0.9371,0.8598,2915.3860,108.13
NA,NA,-1,Unknown,Unknown,Unknown,Unknown,105.19,105.19,0.7532,0.8587,2920.1900,107.35
NA,NA,-1,Unknown,Unknown,Unknown,Unknown,105.29,105.29,0.5613,0.8584,2924.9620,106.51
NA,NA,-1,Unknown,Unknown,Unknown,Unknown,105.40,105.40,0.3650,0.8545,2929.7030,105.82
NA,NA,-1,Unknown,Unknown,Unknown,Unknown,105.50,105.50,0.1777,0.8552,2934.4090,105.06
NA,NA,-1,Unknown,Unknown,Unknown,Unknown,105.61,105.61,-0.0440,0.8559,2940.0140,104.17
NA,NA,-1,Unknown,Unknown,Unknown,Unknown,105.71,105.71,-0.2351,0.8560,2944.6490,103.45
NA,NA,-1,Unknown,Unknown,Unknown,Unknown,105.81,105.81,-0.4225,0.8561,2949.2530,102.73
NA,NA,-1,Unknown,Unknown,Unknown,Unknown,105.91,105.91,-0.5839,0.8555,2953.8240,102.01
NA,NA,-1,Unknown,Unknown,Unknown,Unknown,106.02,106.02,-0.7530,0.8552,2959.2690,101.23
NA,NA,-1,Unknown,Unknown,Unknown,Unknown,106.12,106.12,-0.8703,0.8606,2963.7810,100.68
NA,NA,-1,Unknown,Unknown,Unknown,Unknown,106.23,106.23,-0.9580,0.8673,2968.2770,100.28
NA,NA,-1,Unknown,Unknown,Unknown,Unknown,106.34,106.34,-1.0239,0.8651,2972.7560,100.15
NA,NA,-1,Unknown,Unknown,Unknown,Unknown,106.45,106.45,-1.0280,0.8711,2978.1150,99.79
NA,NA,-1,Unknown,Unknown,Unknown,Unknown,106.55,106.55,-0.9855,0.8671,2982.5680,99.43
NA,NA,-1,Unknown,Unknown,Unknown,Unknown,106.66,106.66,-0.8903,0.8675,2987.0060,99.24
NA,NA,-1,Unknown,Unknown,Unknown,Unknown,106.76,106.76,-0.7091,0.8703,2992.3160,98.97
NA,NA,-1,Unknown,Unknown,Unknown,Unknown,106.87,106.87,-0.5113,0.8664,2996.7320,98.78
NA,NA,-1,Unknown,Unknown,Unknown,Unknown,106.97,106.97,-0.2735,0.8629,3001.1390,98.70
NA,NA,-1,Unknown,Unknown,Unknown,Unknown,107.07,107.07,0.0036,0.8688,3005.5370,98.52
NA,NA,-1,Unknown,Unknown,Unknown,Unknown,107.17,107.17,0.3072,0.8647,3009.9290,98.45
NA,NA,-1,Unknown,Unknown,Unknown,Unknown,107.28,107.28,0.7180,0.8668,3015.1910,98.35
NA,NA,-1,Unknown,Unknown,Unknown,Unknown,107.38,107.38,1.0811,0.8656,3019.5720,98.30
NA,NA,-1,Unknown,Unknown,Unknown,Unknown,107.49,107.49,1.4595,0.8670,3023.9490,98.26
NA,NA,-1,Unknown,Unknown,Unknown,Unknown,107.59,107.59,1.8431,0.8691,3028.3230,98.23
NA,NA,-1,Unknown,Unknown,Unknown,Unknown,107.70,107.70,2.2267,0.8682,3032.6970,98.20
NA,NA,-1,Unknown,Unknown,Unknown,Unknown,107.81,107.81,2.6899,0.8674,3037.9440,98.17
NA,NA,-1,Unknown,Unknown,Unknown,Unknown,107.92,107.92,3.0652,0.8675,3042.3160,98.14
NA,NA,-1,Unknown,Unknown,Unknown,Unknown,108.02,108.02,3.4117,0.8693,3046.6870,98.06
NA,NA,-1,Unknown,Unknown,Unknown,Unknown,108.12,108.12,3.8116,0.8661,3051.9310,98.01
NA,NA,-1,Unknown,Unknown,Unknown,Unknown,108.23,108.23,4.1158,0.8691,3056.2990,97.98
NA,NA,-1,Unknown,Unknown,Unknown,Unknown,108.34,108.34,4.4436,0.8686,3061.5440,97.91
NA,NA,-1,Unknown,Unknown,Unknown,Unknown,108.44,108.44,4.6816,0.8673,3065.9130,97.85
NA,NA,-1,Unknown,Unknown,Unknown,Unknown,108.54,108.54,4.8849,0.8655,3070.2800,97.78
NA,NA,-1,Unknown,Unknown,Unknown,Unknown,108.65,108.65,5.0494,0.8670,3074.6450,97.70
NA,NA,-1,Unknown,Unknown,Unknown,Unknown,108.76,108.76,5.1801,0.8670,3079.0090,97.62
NA,NA,-1,Unknown,Unknown,Unknown,Unknown,108.86,108.86,5.2794,0.8640,3083.3690,97.51
NA,NA,-1,Unknown,Unknown,Unknown,Unknown,108.96,108.96,5.3402,0.8674,3087.7240,97.41
NA,NA,-1,Unknown,Unknown,Unknown,Unknown,109.06,109.06,5.3768,0.8671,3092.9450,97.28
NA,NA,-1,Unknown,Unknown,Unknown,Unknown,109.18,109.18,5.3754,0.8679,3097.2910,97.18
NA,NA,-1,Unknown,Unknown,Unknown,Unknown,109.29,109.29,5.3410,0.8671,3102.5010,97.08
NA,NA,-1,Unknown,Unknown,Unknown,Unknown,109.39,109.39,5.2861,0.8671,3106.8380,96.98
NA,NA,-1,Unknown,Unknown,Unknown,Unknown,109.49,109.49,5.2106,0.8665,3111.1710,96.91
NA,NA,-1,Unknown,Unknown,Unknown,Unknown,109.60,109.60,5.1161,0.8663,3115.5000,96.81
NA,NA,-1,Unknown,Unknown,Unknown,Unknown,109.70,109.70,4.9811,0.8660,3120.6880,96.71
NA,NA,-1,Unknown,Unknown,Unknown,Unknown,109.81,109.81,4.8511,0.8663,3125.0070,96.65
NA,NA,-1,Unknown,Unknown,Unknown,Unknown,109.92,109.92,4.7100,0.8666,3129.3250,96.62
NA,NA,-1,Unknown,Unknown,Unknown,Unknown,110.03,110.03,4.5253,0.8641,3134.5030,96.58
NA,NA,-1,Unknown,Unknown,Unknown,Unknown,110.13,110.13,4.3589,0.8654,3138.8160,96.55
NA,NA,-1,Unknown,Unknown,Unknown,Unknown,110.24,110.24,4.1492,0.8669,3143.9900,96.52
NA,NA,-1,Unknown,Unknown,Unknown,Unknown,110.35,110.35,3.9659,0.8683,3148.3020,96.50
NA,NA,-1,Unknown,Unknown,Unknown,Unknown,110.45,110.45,3.7759,0.8703,3152.6100,96.47
NA,NA,-1,Unknown,Unknown,Unknown,Unknown,110.55,110.55,3.5823,0.8690,3156.9180,96.45
NA,NA,-1,Unknown,Unknown,Unknown,Unknown,110.66,110.66,3.3812,0.8675,3161.2250,96.43
NA,NA,-1,Unknown,Unknown,Unknown,Unknown,110.77,110.77,3.1328,0.8672,3166.3910,96.40
NA,NA,-1,Unknown,Unknown,Unknown,Unknown,110.87,110.87,2.9210,0.8675,3170.6940,96.38
NA,NA,-1,Unknown,Unknown,Unknown,Unknown,110.98,110.98,2.6619,0.8678,3175.8570,96.35
NA,NA,-1,Unknown,Unknown,Unknown,Unknown,111.08,111.08,2.4421,0.8680,3180.1580,96.33
NA,NA,-1,Unknown,Unknown,Unknown,Unknown,111.19,111.19,2.2194,0.8681,3184.4580,96.31
NA,NA,-1,Unknown,Unknown,Unknown,Unknown,111.30,111.30,1.9939,0.8680,3188.7570,96.29
NA,NA,-1,Unknown,Unknown,Unknown,Unknown,111.40,111.40,1.7207,0.8685,3193.9150,96.26
NA,NA,-1,Unknown,Unknown,Unknown,Unknown,111.51,111.51,1.4949,0.8705,3198.2110,96.24
NA,NA,-1,Unknown,Unknown,Unknown,Unknown,111.61,111.61,1.2679,0.8697,3202.5060,96.22
NA,NA,-1,Unknown,Unknown,Unknown,Unknown,111.72,111.72,1.0400,0.8682,3206.8010,96.19
NA,NA,-1,Unknown,Unknown,Unknown,Unknown,111.82,111.82,0.8218,0.8676,3211.0950,96.16
NA,NA,-1,Unknown,Unknown,Unknown,Unknown,111.93,111.93,0.6007,0.8701,3216.2460,96.06
NA,NA,-1,Unknown,Unknown,Unknown,Unknown,112.04,112.04,0.4414,0.8676,3220.5350,96.00
NA,NA,-1,Unknown,Unknown,Unknown,Unknown,112.14,112.14,0.2895,0.8659,3225.6800,95.94
NA,NA,-1,Unknown,Unknown,Unknown,Unknown,112.25,112.25,0.2037,0.8684,3229.9660,95.88
NA,NA,-1,Unknown,Unknown,Unknown,Unknown,112.35,112.35,0.1533,0.8666,3234.2500,95.80
NA,NA,-1,Unknown,Unknown,Unknown,Unknown,112.46,112.46,0.1496,0.8689,3238.5290,95.70
NA,NA,-1,Unknown,Unknown,Unknown,Unknown,112.56,112.56,0.1951,0.8659,3243.6600,95.61
NA,NA,-1,Unknown,Unknown,Unknown,Unknown,112.67,112.67,0.2828,0.8679,3247.9300,95.52
NA,NA,-1,Unknown,Unknown,Unknown,Unknown,112.77,112.77,0.4119,0.8698,3252.1950,95.43
NA,NA,-1,Unknown,Unknown,Unknown,Unknown,112.88,112.88,0.5735,0.8649,3256.4570,95.35
NA,NA,-1,Unknown,Unknown,Unknown,Unknown,112.98,112.98,0.7681,0.8642,3260.7130,95.30
NA,NA,-1,Unknown,Unknown,Unknown,Unknown,113.08,113.08,0.9882,0.8681,3264.9660,95.24
NA,NA,-1,Unknown,Unknown,Unknown,Unknown,113.18,113.18,1.2710,0.8634,3270.0670,95.20
NA,NA,-1,Unknown,Unknown,Unknown,Unknown,113.29,113.29,1.5086,0.8643,3274.3150,95.17
NA,NA,-1,Unknown,Unknown,Unknown,Unknown,113.40,113.40,1.7521,0.8679,3278.5610,95.14
NA,NA,-1,Unknown,Unknown,Unknown,Unknown,113.50,113.50,2.0320,0.8687,3283.6570,95.11
NA,NA,-1,Unknown,Unknown,Unknown,Unknown,113.61,113.61,2.2526,0.8685,3287.9020,95.08
NA,NA,-1,Unknown,Unknown,Unknown,Unknown,113.72,113.72,2.4590,0.8673,3292.1470,95.04
NA,NA,-1,Unknown,Unknown,Unknown,Unknown,113.82,113.82,2.6766,0.8687,3297.2390,94.99
NA,NA,-1,Unknown,Unknown,Unknown,Unknown,113.93,113.93,2.8342,0.8655,3301.4810,94.95
NA,NA,-1,Unknown,Unknown,Unknown,Unknown,114.04,114.04,2.9622,0.8660,3305.7230,94.91
NA,NA,-1,Unknown,Unknown,Unknown,Unknown,114.14,114.14,3.0801,0.8656,3310.8110,94.85
NA,NA,-1,Unknown,Unknown,Unknown,Unknown,114.25,114.25,3.1393,0.8701,3315.0490,94.78
NA,NA,-1,Unknown,Unknown,Unknown,Unknown,114.36,114.36,3.1603,0.8700,3319.2820,94.67
NA,NA,-1,Unknown,Unknown,Unknown,Unknown,114.46,114.46,3.1405,0.8651,3324.3580,94.59
NA,NA,-1,Unknown,Unknown,Unknown,Unknown,114.57,114.57,3.0798,0.8675,3328.5840,94.54
NA,NA,-1,Unknown,Unknown,Unknown,Unknown,114.68,114.68,2.9833,0.8690,3332.8060,94.44
NA,NA,-1,Unknown,Unknown,Unknown,Unknown,114.78,114.78,2.8239,0.8651,3337.8670,94.31
NA,NA,-1,Unknown,Unknown,Unknown,Unknown,114.88,114.88,2.6443,0.8684,3342.0760,94.23
NA,NA,-1,Unknown,Unknown,Unknown,Unknown,114.98,114.98,2.4321,0.8686,3346.2800,94.10
NA,NA,-1,Unknown,Unknown,Unknown,Unknown,115.10,115.10,2.1884,0.8659,3350.4770,94.01
NA,NA,-1,Unknown,Unknown,Unknown,Unknown,115.20,115.20,1.9106,0.8650,3354.6680,93.94
NA,NA,-1,Unknown,Unknown,Unknown,Unknown,115.30,115.30,1.5367,0.8695,3359.6860,93.74
NA,NA,-1,Unknown,Unknown,Unknown,Unknown,115.41,115.41,1.1976,0.8643,3363.8610,93.63
NA,NA,-1,Unknown,Unknown,Unknown,Unknown,115.51,115.51,0.8343,0.8672,3368.0270,93.50
NA,NA,-1,Unknown,Unknown,Unknown,Unknown,115.61,115.61,0.4491,0.8668,3372.1860,93.39
NA,NA,-1,Unknown,Unknown,Unknown,Unknown,115.72,115.72,0.0418,0.8672,3376.3390,93.32
NA,NA,-1,Unknown,Unknown,Unknown,Unknown,115.82,115.82,-0.4555,0.8634,3381.3180,93.26
NA,NA,-1,Unknown,Unknown,Unknown,Unknown,115.92,115.92,-0.8451,0.8632,3385.4660,93.18
NA,NA,-1,Unknown,Unknown,Unknown,Unknown,116.02,116.02,-1.2363,0.8654,3389.6120,93.15
NA,NA,-1,Unknown,Unknown,Unknown,Unknown,116.13,116.13,-1.6228,0.8713,3393.7590,93.12
NA,NA,-1,Unknown,Unknown,Unknown,Unknown,116.24,116.24,-1.9831,0.8655,3397.9040,93.08
NA,NA,-1,Unknown,Unknown,Unknown,Unknown,116.34,116.34,-2.3717,0.8672,3402.8780,92.99
NA,NA,-1,Unknown,Unknown,Unknown,Unknown,116.45,116.45,-2.6557,0.8650,3407.0230,92.90
NA,NA,-1,Unknown,Unknown,Unknown,Unknown,116.56,116.56,-2.9377,0.8669,3411.9910,92.71
NA,NA,-1,Unknown,Unknown,Unknown,Unknown,116.67,116.67,-3.1278,0.8663,3416.1210,92.33
NA,NA,-1,Unknown,Unknown,Unknown,Unknown,116.77,116.77,-3.2716,0.8693,3420.2300,91.71
NA,NA,-1,Unknown,Unknown,Unknown,Unknown,116.88,116.88,-3.3990,0.8659,3425.1280,90.94
NA,NA,-1,Unknown,Unknown,Unknown,Unknown,116.99,116.99,-3.4588,0.8689,3429.1750,90.34
NA,NA,-1,Unknown,Unknown,Unknown,Unknown,117.10,117.10,-3.4872,0.8664,3433.1960,89.57
NA,NA,-1,Unknown,Unknown,Unknown,Unknown,117.20,117.20,-3.4796,0.8668,3437.9740,88.73
NA,NA,-1,Unknown,Unknown,Unknown,Unknown,117.31,117.31,-3.4359,0.8679,3441.9230,88.03
NA,NA,-1,Unknown,Unknown,Unknown,Unknown,117.41,117.41,-3.3636,0.8679,3445.8390,87.37
NA,NA,-1,Unknown,Unknown,Unknown,Unknown,117.52,117.52,-3.2605,0.8684,3449.7230,86.59
NA,NA,-1,Unknown,Unknown,Unknown,Unknown,117.62,117.62,-3.0959,0.8677,3454.3430,85.81
NA,NA,-1,Unknown,Unknown,Unknown,Unknown,117.73,117.73,-2.9241,0.8688,3458.1550,85.09
NA,NA,-1,Unknown,Unknown,Unknown,Unknown,117.83,117.83,-2.7195,0.8678,3461.9370,84.47
NA,NA,-1,Unknown,Unknown,Unknown,Unknown,117.93,117.93,-2.4846,0.8682,3465.6840,83.73
NA,NA,-1,Unknown,Unknown,Unknown,Unknown,118.04,118.04,-2.2274,0.8663,3469.3980,82.93
NA,NA,-1,Unknown,Unknown,Unknown,Unknown,118.15,118.15,-1.9211,0.8610,3473.8020,81.97
NA,NA,-1,Unknown,Unknown,Unknown,Unknown,118.25,118.25,-1.6466,0.8632,3477.4330,81.26
NA,NA,-1,Unknown,Unknown,Unknown,Unknown,118.36,118.36,-1.2979,0.8598,3481.7580,80.35
NA,NA,-1,Unknown,Unknown,Unknown,Unknown,118.47,118.47,-0.9966,0.8618,3485.3140,79.65
NA,NA,-1,Unknown,Unknown,Unknown,Unknown,118.57,118.57,-0.6905,0.8606,3488.8380,78.82
NA,NA,-1,Unknown,Unknown,Unknown,Unknown,118.68,118.68,-0.3168,0.8583,3493.0190,77.92
NA,NA,-1,Unknown,Unknown,Unknown,Unknown,118.78,118.78,-0.0047,0.8581,3496.4660,77.08
NA,NA,-1,Unknown,Unknown,Unknown,Unknown,118.88,118.88,0.2875,0.8589,3499.8780,76.29
NA,NA,-1,Unknown,Unknown,Unknown,Unknown,118.99,118.99,0.5706,0.8593,3503.2590,75.55
NA,NA,-1,Unknown,Unknown,Unknown,Unknown,119.09,119.09,0.8554,0.8592,3506.6060,74.84
NA,NA,-1,Unknown,Unknown,Unknown,Unknown,119.20,119.20,1.1840,0.8580,3510.5840,74.05
NA,NA,-1,Unknown,Unknown,Unknown,Unknown,119.31,119.31,1.4198,0.8616,3513.8680,73.31
NA,NA,-1,Unknown,Unknown,Unknown,Unknown,119.41,119.41,1.6403,0.8694,3517.1200,72.51
NA,NA,-1,Unknown,Unknown,Unknown,Unknown,119.52,119.52,1.8316,0.8683,3520.3410,71.94
NA,NA,-1,Unknown,Unknown,Unknown,Unknown,119.62,119.62,2.0240,0.8694,3524.1730,71.06
NA,NA,-1,Unknown,Unknown,Unknown,Unknown,119.73,119.73,2.1533,0.8662,3527.3320,70.33
NA,NA,-1,Unknown,Unknown,Unknown,Unknown,119.84,119.84,2.2399,0.8697,3530.4550,69.73
NA,NA,-1,Unknown,Unknown,Unknown,Unknown,119.94,119.94,2.2925,0.8670,3533.5560,69.07
NA,NA,-1,Unknown,Unknown,Unknown,Unknown,120.04,120.04,2.3066,0.8703,3537.2300,68.11
NA,NA,-1,Unknown,Unknown,Unknown,Unknown,120.15,120.15,2.2839,0.8661,3540.2610,67.53
NA,NA,-1,Unknown,Unknown,Unknown,Unknown,120.25,120.25,2.2204,0.8680,3543.2590,66.76
NA,NA,-1,Unknown,Unknown,Unknown,Unknown,120.35,120.35,2.1265,0.8675,3546.2230,66.12
NA,NA,-1,Unknown,Unknown,Unknown,Unknown,120.46,120.46,1.9672,0.8677,3549.7400,65.23
NA,NA,-1,Unknown,Unknown,Unknown,Unknown,120.56,120.56,1.8139,0.8687,3552.6330,64.51
NA,NA,-1,Unknown,Unknown,Unknown,Unknown,120.66,120.66,1.6552,0.8687,3555.4830,63.73
NA,NA,-1,Unknown,Unknown,Unknown,Unknown,120.77,120.77,1.4803,0.8621,3558.3060,63.00
NA,NA,-1,Unknown,Unknown,Unknown,Unknown,120.88,120.88,1.2949,0.8615,3561.0960,62.22
NA,NA,-1,Unknown,Unknown,Unknown,Unknown,120.98,120.98,1.0839,0.8581,3564.3960,61.21
NA,NA,-1,Unknown,Unknown,Unknown,Unknown,121.08,121.08,0.9017,0.8599,3567.1040,60.47
NA,NA,-1,Unknown,Unknown,Unknown,Unknown,121.19,121.19,0.7165,0.8574,3569.7890,60.02
NA,NA,-1,Unknown,Unknown,Unknown,Unknown,121.30,121.30,0.5301,0.8546,3572.4650,59.98
NA,NA,-1,Unknown,Unknown,Unknown,Unknown,121.40,121.40,0.3015,0.8538,3575.6870,60.28
NA,NA,-1,Unknown,Unknown,Unknown,Unknown,121.51,121.51,0.1139,0.8609,3578.3960,60.76
NA,NA,-1,Unknown,Unknown,Unknown,Unknown,121.61,121.61,-0.0540,0.8756,3581.1250,61.31
NA,NA,-1,Unknown,Unknown,Unknown,Unknown,121.72,121.72,-0.2224,0.8771,3584.4190,61.82
NA,NA,-1,Unknown,Unknown,Unknown,Unknown,121.83,121.83,-0.3369,0.8649,3587.1940,62.52
NA,NA,-1,Unknown,Unknown,Unknown,Unknown,121.93,121.93,-0.4218,0.8718,3590.0070,63.15
NA,NA,-1,Unknown,Unknown,Unknown,Unknown,122.04,122.04,-0.4790,0.8665,3592.8410,63.73
NA,NA,-1,Unknown,Unknown,Unknown,Unknown,122.14,122.14,-0.5047,0.8689,3596.2860,64.52
NA,NA,-1,Unknown,Unknown,Unknown,Unknown,122.25,122.25,-0.4888,0.8684,3599.1860,65.16
NA,NA,-1,Unknown,Unknown,Unknown,Unknown,122.35,122.35,-0.4496,0.8665,3602.1120,65.73
NA,NA,-1,Unknown,Unknown,Unknown,Unknown,122.46,122.46,-0.3853,0.8698,3605.0720,66.41
NA,NA,-1,Unknown,Unknown,Unknown,Unknown,122.57,122.57,-0.2916,0.8704,3608.6660,67.30
NA,NA,-1,Unknown,Unknown,Unknown,Unknown,122.67,122.67,-0.2192,0.8738,3611.6910,67.93
NA,NA,-1,Unknown,Unknown,Unknown,Unknown,122.78,122.78,-0.1524,0.8721,3614.7440,68.52
NA,NA,-1,Unknown,Unknown,Unknown,Unknown,122.88,122.88,-0.0968,0.8727,3617.8270,69.27
NA,NA,-1,Unknown,Unknown,Unknown,Unknown,122.99,122.99,-0.0554,0.8721,3621.5630,69.93
NA,NA,-1,Unknown,Unknown,Unknown,Unknown,123.09,123.09,-0.0303,0.8688,3624.7110,70.68
NA,NA,-1,Unknown,Unknown,Unknown,Unknown,123.20,123.20,0.0099,0.8765,3627.8840,71.20
NA,NA,-1,Unknown,Unknown,Unknown,Unknown,123.30,123.30,0.1129,0.8704,3631.7090,71.60
NA,NA,-1,Unknown,Unknown,Unknown,Unknown,123.41,123.41,0.2272,0.8664,3634.9190,72.13
NA,NA,-1,Unknown,Unknown,Unknown,Unknown,123.52,123.52,0.3875,0.8729,3638.1590,72.75
NA,NA,-1,Unknown,Unknown,Unknown,Unknown,123.62,123.62,0.5715,0.8636,3641.4190,73.35
NA,NA,-1,Unknown,Unknown,Unknown,Unknown,123.72,123.72,0.8208,0.8719,3645.3800,74.25
NA,NA,-1,Unknown,Unknown,Unknown,Unknown,123.83,123.83,1.0493,0.8688,3648.7070,74.83
NA,NA,-1,Unknown,Unknown,Unknown,Unknown,123.93,123.93,1.2857,0.8725,3652.0660,75.58
NA,NA,-1,Unknown,Unknown,Unknown,Unknown,124.04,124.04,1.5227,0.8737,3655.4520,76.20
NA,NA,-1,Unknown,Unknown,Unknown,Unknown,124.14,124.14,1.7718,0.8773,3659.5540,76.94
NA,NA,-1,Unknown,Unknown,Unknown,Unknown,124.25,124.25,1.9681,0.8654,3663.0040,77.59
NA,NA,-1,Unknown,Unknown,Unknown,Unknown,124.35,124.35,2.1563,0.8689,3666.4890,78.28
NA,NA,-1,Unknown,Unknown,Unknown,Unknown,124.46,124.46,2.3308,0.8741,3669.9980,78.83
NA,NA,-1,Unknown,Unknown,Unknown,Unknown,124.57,124.57,2.5317,0.8718,3674.2490,79.69
NA,NA,-1,Unknown,Unknown,Unknown,Unknown,124.67,124.67,2.6935,0.8717,3677.8250,80.31
NA,NA,-1,Unknown,Unknown,Unknown,Unknown,124.78,124.78,2.8576,0.8739,3681.4280,80.93
NA,NA,-1,Unknown,Unknown,Unknown,Unknown,124.89,124.89,3.0437,0.8711,3685.7870,81.71
NA,NA,-1,Unknown,Unknown,Unknown,Unknown,124.99,124.99,3.1938,0.8715,3689.4570,82.36
NA,NA,-1,Unknown,Unknown,Unknown,Unknown,125.10,125.10,3.3447,0.8733,3693.1540,83.03
NA,NA,-1,Unknown,Unknown,Unknown,Unknown,125.20,125.20,3.5028,0.8727,3697.6260,83.78
NA,NA,-1,Unknown,Unknown,Unknown,Unknown,125.30,125.30,3.6258,0.8740,3701.3880,84.42
NA,NA,-1,Unknown,Unknown,Unknown,Unknown,125.41,125.41,3.7421,0.8711,3705.1750,85.09
NA,NA,-1,Unknown,Unknown,Unknown,Unknown,125.52,125.52,3.8356,0.8727,3708.9980,85.74
NA,NA,-1,Unknown,Unknown,Unknown,Unknown,125.62,125.62,3.9438,0.8778,3713.6150,86.47
NA,NA,-1,Unknown,Unknown,Unknown,Unknown,125.73,125.73,4.0197,0.8801,3717.5000,87.13
NA,NA,-1,Unknown,Unknown,Unknown,Unknown,125.83,125.83,4.0880,0.8718,3721.4080,87.78
NA,NA,-1,Unknown,Unknown,Unknown,Unknown,125.93,125.93,4.1515,0.8745,3725.3530,88.46
NA,NA,-1,Unknown,Unknown,Unknown,Unknown,126.04,126.04,4.2145,0.8731,3730.1210,89.23
NA,NA,-1,Unknown,Unknown,Unknown,Unknown,126.15,126.15,4.2615,0.8735,3734.1230,89.83
NA,NA,-1,Unknown,Unknown,Unknown,Unknown,126.25,126.25,4.2756,0.8732,3738.1490,90.26
NA,NA,-1,Unknown,Unknown,Unknown,Unknown,126.36,126.36,4.2870,0.8653,3742.1940,90.68
NA,NA,-1,Unknown,Unknown,Unknown,Unknown,126.46,126.46,4.2717,0.8699,3747.0650,90.89
NA,NA,-1,Unknown,Unknown,Unknown,Unknown,126.56,126.56,4.2415,0.8668,3751.1270,90.93
NA,NA,-1,Unknown,Unknown,Unknown,Unknown,126.67,126.67,4.1923,0.8667,3755.1920,90.92
NA,NA,-1,Unknown,Unknown,Unknown,Unknown,126.77,126.77,4.1209,0.8666,3759.2560,90.90
NA,NA,-1,Unknown,Unknown,Unknown,Unknown,126.87,126.87,4.0264,0.8711,3763.3190,90.87
NA,NA,-1,Unknown,Unknown,Unknown,Unknown,126.98,126.98,3.9153,0.8632,3767.3770,90.84
NA,NA,-1,Unknown,Unknown,Unknown,Unknown,127.08,127.08,3.7471,0.8677,3772.2460,90.80
NA,NA,-1,Unknown,Unknown,Unknown,Unknown,127.19,127.19,3.5907,0.8657,3776.3010,90.77
NA,NA,-1,Unknown,Unknown,Unknown,Unknown,127.29,127.29,3.4123,0.8674,3780.3550,90.74
NA,NA,-1,Unknown,Unknown,Unknown,Unknown,127.40,127.40,3.2228,0.8652,3784.4060,90.71
NA,NA,-1,Unknown,Unknown,Unknown,Unknown,127.50,127.50,3.0052,0.8649,3789.2650,90.67
NA,NA,-1,Unknown,Unknown,Unknown,Unknown,127.61,127.61,2.8178,0.8664,3793.3130,90.64
NA,NA,-1,Unknown,Unknown,Unknown,Unknown,127.71,127.71,2.6304,0.8677,3797.3610,90.62
NA,NA,-1,Unknown,Unknown,Unknown,Unknown,127.82,127.82,2.4185,0.8684,3802.2170,90.60
NA,NA,-1,Unknown,Unknown,Unknown,Unknown,127.92,127.92,2.2554,0.8684,3806.2630,90.57
NA,NA,-1,Unknown,Unknown,Unknown,Unknown,128.03,128.03,2.1015,0.8661,3810.3080,90.54
NA,NA,-1,Unknown,Unknown,Unknown,Unknown,128.14,128.14,1.9645,0.8672,3814.3530,90.51
NA,NA,-1,Unknown,Unknown,Unknown,Unknown,128.24,128.24,1.8466,0.8680,3818.3960,90.48
NA,NA,-1,Unknown,Unknown,Unknown,Unknown,128.34,128.34,1.7182,0.8647,3823.2470,90.45
NA,NA,-1,Unknown,Unknown,Unknown,Unknown,128.45,128.45,1.6201,0.8673,3827.2880,90.42
NA,NA,-1,Unknown,Unknown,Unknown,Unknown,128.55,128.55,1.5326,0.8689,3831.3280,90.40
NA,NA,-1,Unknown,Unknown,Unknown,Unknown,128.66,128.66,1.4468,0.8667,3835.3690,90.37
NA,NA,-1,Unknown,Unknown,Unknown,Unknown,128.76,128.76,1.3480,0.8662,3840.2150,90.35
NA,NA,-1,Unknown,Unknown,Unknown,Unknown,128.87,128.87,1.2657,0.8670,3844.2520,90.33
NA,NA,-1,Unknown,Unknown,Unknown,Unknown,128.98,128.98,1.1814,0.8678,3848.2890,90.35
NA,NA,-1,Unknown,Unknown,Unknown,Unknown,129.08,129.08,1.0936,0.8683,3852.3290,90.39
NA,NA,-1,Unknown,Unknown,Unknown,Unknown,129.18,129.18,0.9823,0.8686,3857.1780,90.40
NA,NA,-1,Unknown,Unknown,Unknown,Unknown,129.28,129.28,0.8838,0.8684,3861.2170,90.39
NA,NA,-1,Unknown,Unknown,Unknown,Unknown,129.39,129.39,0.7868,0.8682,3865.2560,90.37
NA,NA,-1,Unknown,Unknown,Unknown,Unknown,129.49,129.49,0.6946,0.8680,3869.2940,90.35
NA,NA,-1,Unknown,Unknown,Unknown,Unknown,129.60,129.60,0.5956,0.8679,3873.3310,90.33
NA,NA,-1,Unknown,Unknown,Unknown,Unknown,129.70,129.70,0.4899,0.8679,3878.1750,90.30
NA,NA,-1,Unknown,Unknown,Unknown,Unknown,129.81,129.81,0.4045,0.8679,3882.2100,90.28
NA,NA,-1,Unknown,Unknown,Unknown,Unknown,129.91,129.91,0.3337,0.8680,3886.2440,90.25
NA,NA,-1,Unknown,Unknown,Unknown,Unknown,130.02,130.02,0.2721,0.8668,3890.2780,90.22
NA,NA,-1,Unknown,Unknown,Unknown,Unknown,130.12,130.12,0.2217,0.8668,3894.3100,90.20
NA,NA,-1,Unknown,Unknown,Unknown,Unknown,130.23,130.23,0.1822,0.8662,3899.1470,90.16
NA,NA,-1,Unknown,Unknown,Unknown,Unknown,130.33,130.33,0.1543,0.8672,3903.1770,90.14
NA,NA,-1,Unknown,Unknown,Unknown,Unknown,130.43,130.43,0.1441,0.8679,3907.2060,90.11
NA,NA,-1,Unknown,Unknown,Unknown,Unknown,130.54,130.54,0.1399,0.8664,3911.2340,90.09
NA,NA,-1,Unknown,Unknown,Unknown,Unknown,130.64,130.64,0.1453,0.8669,3916.0650,90.04
NA,NA,-1,Unknown,Unknown,Unknown,Unknown,130.74,130.74,0.1548,0.8674,3920.0860,89.90
NA,NA,-1,Unknown,Unknown,Unknown,Unknown,130.85,130.85,0.1679,0.8673,3924.0940,89.58
NA,NA,-1,Unknown,Unknown,Unknown,Unknown,130.95,130.95,0.1822,0.8649,3928.0830,89.08
NA,NA,-1,Unknown,Unknown,Unknown,Unknown,131.06,131.06,0.1979,0.8595,3932.0470,88.48
NA,NA,-1,Unknown,Unknown,Unknown,Unknown,131.16,131.16,0.2228,0.8563,3936.7670,87.70
NA,NA,-1,Unknown,Unknown,Unknown,Unknown,131.27,131.27,0.2435,0.8570,3940.6670,87.05
NA,NA,-1,Unknown,Unknown,Unknown,Unknown,131.37,131.37,0.2642,0.8565,3944.5400,86.37
NA,NA,-1,Unknown,Unknown,Unknown,Unknown,131.48,131.48,0.2846,0.8582,3948.3790,85.61
NA,NA,-1,Unknown,Unknown,Unknown,Unknown,131.58,131.58,0.3088,0.8568,3952.9480,84.85
NA,NA,-1,Unknown,Unknown,Unknown,Unknown,131.69,131.69,0.3276,0.8585,3956.7200,84.08
NA,NA,-1,Unknown,Unknown,Unknown,Unknown,131.79,131.79,0.3453,0.8583,3960.4620,83.39
NA,NA,-1,Unknown,Unknown,Unknown,Unknown,131.90,131.90,0.3620,0.8491,3964.1690,82.76
NA,NA,-1,Unknown,Unknown,Unknown,Unknown,132.00,132.00,0.3819,0.7236,3968.5710,82.70
NA,NA,-1,Unknown,Unknown,Unknown,Unknown,132.10,132.10,0.3981,0.5151,3972.2360,82.82
NA,NA,-1,Unknown,Unknown,Unknown,Unknown,132.21,132.21,0.4144,0.2097,3975.9000,83.00
NA,NA,-1,Unknown,Unknown,Unknown,Unknown,132.31,132.31,0.4306,-0.1927,3979.5650,83.23
NA,NA,-1,Unknown,Unknown,Unknown,Unknown,132.42,132.42,0.4469,-0.6920,3983.2300,83.52
NA,NA,-1,Unknown,Unknown,Unknown,Unknown,132.52,132.52,0.4664,-1.4194,3987.6290,83.94
NA,NA,-1,Unknown,Unknown,Unknown,Unknown,132.62,132.62,0.4827,-2.1322,3991.2950,84.36
NA,NA,-1,Unknown,Unknown,Unknown,Unknown,132.73,132.73,0.4990,-2.9421,3994.9610,84.83
NA,NA,-1,Unknown,Unknown,Unknown,Unknown,132.83,132.83,0.5153,-3.8492,3998.6280,85.35
NA,NA,-1,Unknown,Unknown,Unknown,Unknown,132.94,132.94,0.5348,-5.0659,4003.0290,86.05
NA,NA,-1,Unknown,Unknown,Unknown,Unknown,133.04,133.04,0.5511,-6.1866,4006.6970,86.69
NA,NA,-1,Unknown,Unknown,Unknown,Unknown,133.15,133.15,0.5673,-7.4046,4010.3650,87.37
NA,NA,-1,Unknown,Unknown,Unknown,Unknown,133.26,133.26,0.5836,-8.7198,4014.0340,88.11
NA,NA,-1,Unknown,Unknown,Unknown,Unknown,133.36,133.36,0.5999,-10.1323,4017.7040,88.90
NA,NA,-1,Unknown,Unknown,Unknown,Unknown,133.46,133.46,0.6194,-11.9556,4022.1080,89.90
NA,NA,-1,Unknown,Unknown,Unknown,Unknown,133.56,133.56,0.6357,-13.5822,4025.7800,90.79
NA,NA,-1,Unknown,Unknown,Unknown,Unknown,133.67,133.67,0.6520,-15.3061,4029.4510,91.72
NA,NA,-1,Unknown,Unknown,Unknown,Unknown,133.77,133.77,0.6682,-17.1274,4033.1240,92.69
NA,NA,-1,Unknown,Unknown,Unknown,Unknown,133.88,133.88,0.6878,-19.4415,4037.5320,93.91
NA,NA,-1,Unknown,Unknown,Unknown,Unknown,133.98,133.98,0.7040,-21.4772,4041.2060,94.98
NA,NA,-1,Unknown,Unknown,Unknown,Unknown,134.09,134.09,0.7203,-23.6104,4044.8810,96.08
NA,NA,-1,Unknown,Unknown,Unknown,Unknown,134.19,134.19,0.7365,-25.8411,4048.5560,97.21
NA,NA,-1,Unknown,Unknown,Unknown,Unknown,134.30,134.30,0.7528,-28.1694,4052.2330,98.39
NA,NA,-1,Unknown,Unknown,Unknown,Unknown,134.40,134.40,0.7690,-30.5953,4055.9100,99.60
NA,NA,-1,Unknown,Unknown,Unknown,Unknown,134.50,134.50,0.7885,-33.6352,4060.3230,101.09
NA,NA,-1,Unknown,Unknown,Unknown,Unknown,134.60,134.60,0.8047,-36.2759,4064.0020,102.37
NA,NA,-1,Unknown,Unknown,Unknown,Unknown,134.71,134.71,0.8209,-39.0143,4067.6820,103.68
NA,NA,-1,Unknown,Unknown,Unknown,Unknown,134.81,134.81,0.8372,-41.8505,4071.3630,105.02
NA,NA,-1,Unknown,Unknown,Unknown,Unknown,134.91,134.91,0.8534,-44.7844,4075.0440,106.39
NA,NA,-1,Unknown,Unknown,Unknown,Unknown,135.02,135.02,0.8696,-47.8162,4078.7270,107.78
NA,NA,-1,Unknown,Unknown,Unknown,Unknown,135.12,135.12,0.8858,-50.9458,4082.4100,109.21
NA,NA,-1,Unknown,Unknown,Unknown,Unknown,135.22,135.22,0.9052,-54.8304,4086.8310,110.95
NA,NA,-1,Unknown,Unknown,Unknown,Unknown,135.32,135.32,0.9214,-58.1754,4090.5150,112.42
NA,NA,-1,Unknown,Unknown,Unknown,Unknown,135.43,135.43,0.9375,-61.6182,4094.2010,113.92
NA,NA,-1,Unknown,Unknown,Unknown,Unknown,135.53,135.53,0.9537,-65.1590,4097.8880,115.44
NA,NA,-1,Unknown,Unknown,Unknown,Unknown,135.63,135.63,0.9698,-68.7978,4101.5750,116.99
NA,NA,-1,Unknown,Unknown,Unknown,Unknown,135.74,135.74,0.9860,-72.5347,4105.2640,118.55
NA,NA,-1,Unknown,Unknown,Unknown,Unknown,135.84,135.84,1.0021,-76.3696,4108.9530,120.13
NA,NA,-1,Unknown,Unknown,Unknown,Unknown,135.94,135.94,1.0215,-81.1009,4113.3800,122.06
NA,NA,-1,Unknown,Unknown,Unknown,Unknown,136.04,136.04,1.0376,-85.1516,4117.0710,123.68
NA,NA,-1,Unknown,Unknown,Unknown,Unknown,136.14,136.14,1.0537,-89.3004,4120.7630,125.32
NA,NA,-1,Unknown,Unknown,Unknown,Unknown,136.25,136.25,1.0698,-93.5474,4124.4550,126.98
NA,NA,-1,Unknown,Unknown,Unknown,Unknown,136.35,136.35,1.0859,-97.8925,4128.1480,128.66
NA,NA,-1,Unknown,Unknown,Unknown,Unknown,136.46,136.46,1.1020,-102.3359,4131.8420,130.34
NA,NA,-1,Unknown,Unknown,Unknown,Unknown,136.56,136.56,1.1180,-106.8775,4135.5370,132.05
NA,NA,-1,Unknown,Unknown,Unknown,Unknown,136.66,136.66,1.1373,-112.4572,4139.9710,134.11
NA,NA,-1,Unknown,Unknown,Unknown,Unknown,136.76,136.76,1.1534,-117.2150,4143.6670,135.85
NA,NA,-1,Unknown,Unknown,Unknown,Unknown,136.87,136.87,1.1694,-122.0710,4147.3640,137.60
NA,NA,-1,Unknown,Unknown,Unknown,Unknown,136.97,136.97,1.1854,-127.0255,4151.0620,139.36
NA,NA,-1,Unknown,Unknown,Unknown,Unknown,137.07,137.07,1.2015,-132.0782,4154.7600,141.13
NA,NA,-1,Unknown,Unknown,Unknown,Unknown,137.17,137.17,1.2175,-137.2293,4158.4590,142.92
NA,NA,-1,Unknown,Unknown,Unknown,Unknown,137.27,137.27,1.2335,-142.4788,4162.1590,144.71
NA,NA,-1,Unknown,Unknown,Unknown,Unknown,137.38,137.38,1.2495,-147.8267,4165.8590,146.52
NA,NA,-1,Unknown,Unknown,Unknown,Unknown,137.48,137.48,1.2655,-153.2730,4169.5600,148.34
NA,NA,-1,Unknown,Unknown,Unknown,Unknown,137.58,137.58,1.2815,-158.8177,4173.2610,150.16
NA,NA,-1,Unknown,Unknown,Unknown,Unknown,137.69,137.69,1.3006,-165.6013,4177.7040,152.37
NA,NA,-1,Unknown,Unknown,Unknown,Unknown,137.80,137.80,1.3166,-171.3627,4181.4070,154.22
NA,NA,-1,Unknown,Unknown,Unknown,Unknown,137.90,137.90,1.3325,-177.2225,4185.1100,156.07
NA,NA,-1,Unknown,Unknown,Unknown,Unknown,138.01,138.01,1.3517,-184.3842,4189.5550,158.31
NA,NA,-1,Unknown,Unknown,Unknown,Unknown,138.11,138.11,1.3676,-190.4607,4193.2590,160.19
NA,NA,-1,Unknown,Unknown,Unknown,Unknown,138.21,138.21,1.3835,-196.6357,4196.9640,162.07
NA,NA,-1,Unknown,Unknown,Unknown,Unknown,138.31,138.31,1.3995,-202.9091,4200.6690,163.97
NA,NA,-1,Unknown,Unknown,Unknown,Unknown,138.42,138.42,1.4154,-209.2812,4204.3750,165.87
NA,NA,-1,Unknown,Unknown,Unknown,Unknown,138.52,138.52,1.4313,-215.7517,4208.0820,167.77
NA,NA,-1,Unknown,Unknown,Unknown,Unknown,138.62,138.62,1.4503,-223.6465,4212.5300,170.07
NA,NA,-1,Unknown,Unknown,Unknown,Unknown,138.73,138.73,1.4662,-230.3338,4216.2370,171.99
NA,NA,-1,Unknown,Unknown,Unknown,Unknown,138.83,138.83,1.4821,-237.1198,4219.9440,173.92
NA,NA,-1,Unknown,Unknown,Unknown,Unknown,138.94,138.94,1.4980,-244.0043,4223.6520,175.85
NA,NA,-1,Unknown,Unknown,Unknown,Unknown,139.04,139.04,1.5170,-252.3958,4228.1030,178.18
NA,NA,-1,Unknown,Unknown,Unknown,Unknown,139.14,139.14,1.5329,-259.4972,4231.8110,180.13
NA,NA,-1,Unknown,Unknown,Unknown,Unknown,139.24,139.24,1.5487,-266.6971,4235.5200,182.08
NA,NA,-1,Unknown,Unknown,Unknown,Unknown,139.35,139.35,1.5646,-273.9957,4239.2290,184.04
NA,NA,-1,Unknown,Unknown,Unknown,Unknown,0.35,0.35,0.0022,0.8588,-0.0074,0.35
NA,NA,-1,Unknown,Unknown,Unknown,Unknown,0.46,0.46,0.0034,0.8693,-0.0089,0.18
NA,NA,-1,Unknown,Unknown,Unknown,Unknown,0.56,0.56,0.0039,0.8735,-0.0076,0.08
NA,NA,-1,Unknown,Unknown,Unknown,Unknown,0.66,0.66,0.0036,0.8723,-0.0054,0.10
NA,NA,-1,Unknown,Unknown,Unknown,Unknown,0.77,0.77,0.0030,0.8699,-0.0027,0.13
NA,NA,-1,Unknown,Unknown,Unknown,Unknown,0.88,0.88,0.0022,0.8680,0.0061,0.27
NA,NA,-1,Unknown,Unknown,Unknown,Unknown,0.98,0.98,0.0014,0.8677,0.0376,0.72
NA,NA,-1,Unknown,Unknown,Unknown,Unknown,1.08,1.08,0.0008,0.8689,0.0915,1.36
NA,NA,-1,Unknown,Unknown,Unknown,Unknown,1.19,1.19,0.0003,0.8701,0.1696,2.04
NA,NA,-1,Unknown,Unknown,Unknown,Unknown,1.29,1.29,0.0004,0.8698,0.2784,2.70
NA,NA,-1,Unknown,Unknown,Unknown,Unknown,1.40,1.40,0.0006,0.8702,0.4171,3.38
NA,NA,-1,Unknown,Unknown,Unknown,Unknown,1.50,1.50,0.0007,0.8699,0.6230,4.17
NA,NA,-1,Unknown,Unknown,Unknown,Unknown,1.61,1.61,0.0005,0.8698,0.8276,4.85
NA,NA,-1,Unknown,Unknown,Unknown,Unknown,1.71,1.71,0.0007,0.8698,1.0624,5.52
NA,NA,-1,Unknown,Unknown,Unknown,Unknown,1.82,1.82,0.0007,0.9075,1.3392,6.16
NA,NA,-1,Unknown,Unknown,Unknown,Unknown,1.92,1.92,0.0010,0.9195,1.6924,6.76
NA,NA,-1,Unknown,Unknown,Unknown,Unknown,2.03,2.03,0.0012,0.8764,1.9875,7.29
NA,NA,-1,Unknown,Unknown,Unknown,Unknown,2.13,2.13,0.0015,0.8421,2.3361,8.38
NA,NA,-1,Unknown,Unknown,Unknown,Unknown,2.24,2.24,0.0019,0.8500,2.7294,9.00
NA,NA,-1,Unknown,Unknown,Unknown,Unknown,2.35,2.35,0.0026,0.8673,3.2425,9.79
NA,NA,-1,Unknown,Unknown,Unknown,Unknown,2.45,2.45,0.0026,0.8684,3.6975,10.47
NA,NA,-1,Unknown,Unknown,Unknown,Unknown,2.56,2.56,0.0031,0.8704,4.1836,11.13
NA,NA,-1,Unknown,Unknown,Unknown,Unknown,2.66,2.66,0.0034,0.8695,4.8069,11.95
NA,NA,-1,Unknown,Unknown,Unknown,Unknown,2.76,2.76,0.0047,0.9045,5.3422,12.54
NA,NA,-1,Unknown,Unknown,Unknown,Unknown,2.86,2.86,0.0061,0.8674,5.9336,13.18
NA,NA,-1,Unknown,Unknown,Unknown,Unknown,2.97,2.97,0.0058,0.8722,6.5439,13.95
NA,NA,-1,Unknown,Unknown,Unknown,Unknown,3.08,3.08,0.0059,0.8696,7.1854,14.62
NA,NA,-1,Unknown,Unknown,Unknown,Unknown,3.18,3.18,0.0061,0.8697,7.9943,15.43
NA,NA,-1,Unknown,Unknown,Unknown,Unknown,3.28,3.28,0.0063,0.8707,8.7008,16.02
NA,NA,-1,Unknown,Unknown,Unknown,Unknown,3.39,3.39,0.0064,0.8711,9.4384,16.76
NA,NA,-1,Unknown,Unknown,Unknown,Unknown,3.50,3.50,0.0067,0.8704,10.2047,17.43
NA,NA,-1,Unknown,Unknown,Unknown,Unknown,3.60,3.60,0.0069,0.8690,11.1648,18.24
NA,NA,-1,Unknown,Unknown,Unknown,Unknown,3.72,3.72,0.0071,0.8715,11.9978,18.89
NA,NA,-1,Unknown,Unknown,Unknown,Unknown,3.83,3.83,0.0080,0.8706,13.0358,19.70
NA,NA,-1,Unknown,Unknown,Unknown,Unknown,3.93,3.93,0.0080,0.8693,13.9333,20.37
NA,NA,-1,Unknown,Unknown,Unknown,Unknown,4.03,4.03,0.0081,0.8715,14.8604,20.96
NA,NA,-1,Unknown,Unknown,Unknown,Unknown,4.14,4.14,0.0078,0.8720,15.8186,21.70
NA,NA,-1,Unknown,Unknown,Unknown,Unknown,4.24,4.24,0.0078,0.8691,17.0080,22.50
NA,NA,-1,Unknown,Unknown,Unknown,Unknown,4.34,4.34,0.0077,0.8716,18.0292,23.15
NA,NA,-1,Unknown,Unknown,Unknown,Unknown,4.45,4.45,0.0078,0.8731,19.0828,23.82
NA,NA,-1,Unknown,Unknown,Unknown,Unknown,4.55,4.55,0.0079,0.8701,20.1654,24.49
NA,NA,-1,Unknown,Unknown,Unknown,Unknown,4.65,4.65,0.0080,0.8722,21.2759,25.14
NA,NA,-1,Unknown,Unknown,Unknown,Unknown,4.75,4.75,0.0082,0.8726,22.4195,25.81
NA,NA,-1,Unknown,Unknown,Unknown,Unknown,4.86,4.86,0.0082,0.8709,23.5881,26.41
NA,NA,-1,Unknown,Unknown,Unknown,Unknown,4.96,4.96,0.0082,0.8702,25.0206,26.84
NA,NA,-1,Unknown,Unknown,Unknown,Unknown,5.07,5.07,0.0081,0.8701,26.2237,27.00
NA,NA,-1,Unknown,Unknown,Unknown,Unknown,5.17,5.17,0.0080,0.8696,27.4276,27.02
NA,NA,-1,Unknown,Unknown,Unknown,Unknown,5.28,5.28,0.0079,0.8687,28.6321,27.01
NA,NA,-1,Unknown,Unknown,Unknown,Unknown,5.38,5.38,0.0077,0.8679,29.8376,26.99
NA,NA,-1,Unknown,Unknown,Unknown,Unknown,5.48,5.48,0.0075,0.8676,31.0438,26.99
NA,NA,-1,Unknown,Unknown,Unknown,Unknown,5.59,5.59,0.0073,0.8679,32.4988,27.19
NA,NA,-1,Unknown,Unknown,Unknown,Unknown,5.70,5.70,0.0071,0.8692,33.9764,27.68
NA,NA,-1,Unknown,Unknown,Unknown,Unknown,5.81,5.81,0.0069,0.8732,35.2332,28.28
NA,NA,-1,Unknown,Unknown,Unknown,Unknown,5.91,5.91,0.0066,0.8734,36.5147,28.96
NA,NA,-1,Unknown,Unknown,Unknown,Unknown,6.01,6.01,0.0064,0.8712,37.8258,29.64
NA,NA,-1,Unknown,Unknown,Unknown,Unknown,6.12,6.12,0.0062,0.8698,39.4408,30.43
NA,NA,-1,Unknown,Unknown,Unknown,Unknown,6.22,6.22,0.0069,0.8739,40.8178,31.06
NA,NA,-1,Unknown,Unknown,Unknown,Unknown,6.33,6.33,0.0057,0.8701,42.2267,31.76
NA,NA,-1,Unknown,Unknown,Unknown,Unknown,6.43,6.43,0.0059,0.8725,43.6607,32.42
NA,NA,-1,Unknown,Unknown,Unknown,Unknown,6.54,6.54,0.0060,0.8714,45.4242,33.20
NA,NA,-1,Unknown,Unknown,Unknown,Unknown,6.64,6.64,0.0060,0.8712,46.9289,33.88
NA,NA,-1,Unknown,Unknown,Unknown,Unknown,6.75,6.75,0.0060,0.8721,48.4584,34.54
NA,NA,-1,Unknown,Unknown,Unknown,Unknown,6.86,6.86,0.0060,0.8687,50.0212,35.18
NA,NA,-1,Unknown,Unknown,Unknown,Unknown,6.96,6.96,0.0060,0.8735,51.6116,35.86
NA,NA,-1,Unknown,Unknown,Unknown,Unknown,7.06,7.06,0.0061,0.8719,53.5596,36.66
NA,NA,-1,Unknown,Unknown,Unknown,Unknown,7.17,7.17,0.0060,0.8728,55.2143,37.30
NA,NA,-1,Unknown,Unknown,Unknown,Unknown,7.27,7.27,0.0062,0.8714,56.9004,37.91
NA,NA,-1,Unknown,Unknown,Unknown,Unknown,7.39,7.39,0.0063,0.8716,58.9638,38.78
NA,NA,-1,Unknown,Unknown,Unknown,Unknown,7.49,7.49,0.0066,0.8728,60.7123,39.44
NA,NA,-1,Unknown,Unknown,Unknown,Unknown,7.59,7.59,0.0068,0.8708,62.4934,40.07
NA,NA,-1,Unknown,Unknown,Unknown,Unknown,7.69,7.69,0.0069,0.8747,64.3030,40.76
NA,NA,-1,Unknown,Unknown,Unknown,Unknown,7.80,7.80,0.0071,0.8719,66.1424,41.42
NA,NA,-1,Unknown,Unknown,Unknown,Unknown,7.90,7.90,0.0073,0.8744,68.0105,42.08
NA,NA,-1,Unknown,Unknown,Unknown,Unknown,8.01,8.01,0.0073,0.8702,70.2930,42.88
NA,NA,-1,Unknown,Unknown,Unknown,Unknown,8.11,8.11,0.0072,0.8750,72.2249,43.46
NA,NA,-1,Unknown,Unknown,Unknown,Unknown,8.21,8.21,0.0070,0.8720,74.1905,44.20
NA,NA,-1,Unknown,Unknown,Unknown,Unknown,8.32,8.32,0.0080,0.8678,76.1807,44.85
NA,NA,-1,Unknown,Unknown,Unknown,Unknown,8.42,8.42,0.0054,0.8714,78.6140,45.65
NA,NA,-1,Unknown,Unknown,Unknown,Unknown,8.53,8.53,0.0067,0.8697,80.6693,46.28
NA,NA,-1,Unknown,Unknown,Unknown,Unknown,8.63,8.63,0.0092,0.8719,82.7566,46.94
NA,NA,-1,Unknown,Unknown,Unknown,Unknown,8.74,8.74,0.0104,0.8728,84.8746,47.59
NA,NA,-1,Unknown,Unknown,Unknown,Unknown,8.84,8.84,0.0121,0.8753,87.4517,48.41
NA,NA,-1,Unknown,Unknown,Unknown,Unknown,8.94,8.94,0.0144,0.8727,89.6331,49.07
NA,NA,-1,Unknown,Unknown,Unknown,Unknown,9.05,9.05,0.0168,0.8731,91.8429,49.70
NA,NA,-1,Unknown,Unknown,Unknown,Unknown,9.16,9.16,0.0192,0.8737,94.0851,50.39
NA,NA,-1,Unknown,Unknown,Unknown,Unknown,9.26,9.26,0.0220,0.8738,96.8110,51.18
NA,NA,-1,Unknown,Unknown,Unknown,Unknown,9.36,9.36,0.0243,0.8744,99.1156,51.80
NA,NA,-1,Unknown,Unknown,Unknown,Unknown,9.47,9.47,0.0267,0.8730,101.4512,52.47
NA,NA,-1,Unknown,Unknown,Unknown,Unknown,9.58,9.58,0.0286,0.8753,103.8133,53.08
NA,NA,-1,Unknown,Unknown,Unknown,Unknown,9.68,9.68,0.0310,0.8736,106.6907,53.95
NA,NA,-1,Unknown,Unknown,Unknown,Unknown,9.79,9.79,0.0326,0.8753,109.1155,54.56
NA,NA,-1,Unknown,Unknown,Unknown,Unknown,9.90,9.90,0.0341,0.8730,111.5714,55.05
NA,NA,-1,Unknown,Unknown,Unknown,Unknown,10.00,10.00,0.0342,0.8715,114.5336,55.40
NA,NA,-1,Unknown,Unknown,Unknown,Unknown,10.11,10.11,0.0361,0.8716,117.0101,55.48
NA,NA,-1,Unknown,Unknown,Unknown,Unknown,10.21,10.21,0.0380,0.8701,119.4883,55.49
NA,NA,-1,Unknown,Unknown,Unknown,Unknown,10.33,10.33,0.0397,0.8683,122.4630,55.47
NA,NA,-1,Unknown,Unknown,Unknown,Unknown,10.43,10.43,0.0409,0.8676,124.9420,55.46
NA,NA,-1,Unknown,Unknown,Unknown,Unknown,10.54,10.54,0.0418,0.8674,127.4207,55.44
NA,NA,-1,Unknown,Unknown,Unknown,Unknown,10.64,10.64,0.0428,0.8677,130.3946,55.43
NA,NA,-1,Unknown,Unknown,Unknown,Unknown,10.75,10.75,0.0436,0.8680,132.8722,55.42
NA,NA,-1,Unknown,Unknown,Unknown,Unknown,10.85,10.85,0.0444,0.8681,135.3492,55.40
NA,NA,-1,Unknown,Unknown,Unknown,Unknown,10.95,10.95,0.0452,0.8681,137.8256,55.39
NA,NA,-1,Unknown,Unknown,Unknown,Unknown,11.06,11.06,0.0462,0.8681,140.7966,55.38
NA,NA,-1,Unknown,Unknown,Unknown,Unknown,11.17,11.17,0.0470,0.8682,143.2747,55.46
NA,NA,-1,Unknown,Unknown,Unknown,Unknown,11.27,11.27,0.0479,0.8686,145.7628,55.72
NA,NA,-1,Unknown,Unknown,Unknown,Unknown,11.38,11.38,0.0488,0.8696,148.2693,56.17
NA,NA,-1,Unknown,Unknown,Unknown,Unknown,11.48,11.48,0.0498,0.8745,151.3042,56.86
NA,NA,-1,Unknown,Unknown,Unknown,Unknown,11.58,11.58,0.0508,0.8762,153.8659,57.54
NA,NA,-1,Unknown,Unknown,Unknown,Unknown,11.69,11.69,0.0519,0.8692,156.4574,58.22
NA,NA,-1,Unknown,Unknown,Unknown,Unknown,11.79,11.79,0.0533,0.8774,159.0716,58.80
NA,NA,-1,Unknown,Unknown,Unknown,Unknown,11.90,11.90,0.0538,0.8734,161.7230,59.52
NA,NA,-1,Unknown,Unknown,Unknown,Unknown,12.00,12.00,0.0562,0.8752,164.9369,60.31
NA,NA,-1,Unknown,Unknown,Unknown,Unknown,12.11,12.11,0.0559,0.8741,167.6511,60.92
NA,NA,-1,Unknown,Unknown,Unknown,Unknown,12.22,12.22,0.0565,0.8730,170.9428,61.72
NA,NA,-1,Unknown,Unknown,Unknown,Unknown,12.33,12.33,0.0585,0.8735,173.7227,62.41
NA,NA,-1,Unknown,Unknown,Unknown,Unknown,12.43,12.43,0.0595,0.8726,176.5286,63.05
NA,NA,-1,Unknown,Unknown,Unknown,Unknown,12.54,12.54,0.0608,0.8782,179.3606,63.57
NA,NA,-1,Unknown,Unknown,Unknown,Unknown,12.65,12.65,0.0601,0.8709,182.7866,64.04
NA,NA,-1,Unknown,Unknown,Unknown,Unknown,12.75,12.75,0.0603,0.8683,185.6525,64.15
NA,NA,-1,Unknown,Unknown,Unknown,Unknown,12.86,12.86,0.0604,0.8674,189.0851,63.98
NA,NA,-1,Unknown,Unknown,Unknown,Unknown,12.97,12.97,0.0603,0.8667,191.9299,63.59
NA,NA,-1,Unknown,Unknown,Unknown,Unknown,13.07,13.07,0.0600,0.8654,194.7526,63.05
NA,NA,-1,Unknown,Unknown,Unknown,Unknown,13.17,13.17,0.0597,0.8593,197.5577,62.58
NA,NA,-1,Unknown,Unknown,Unknown,Unknown,13.28,13.28,0.0594,0.8583,200.9028,62.22
NA,NA,-1,Unknown,Unknown,Unknown,Unknown,13.39,13.39,0.0589,0.8574,203.6830,62.11
NA,NA,-1,Unknown,Unknown,Unknown,Unknown,13.50,13.50,0.0585,0.8621,206.4627,62.06
NA,NA,-1,Unknown,Unknown,Unknown,Unknown,13.60,13.60,0.0579,0.8679,209.7950,62.04
NA,NA,-1,Unknown,Unknown,Unknown,Unknown,13.71,13.71,0.0573,0.8698,212.5692,62.02
NA,NA,-1,Unknown,Unknown,Unknown,Unknown,13.82,13.82,0.0565,0.8698,215.3387,61.93
NA,NA,-1,Unknown,Unknown,Unknown,Unknown,13.92,13.92,0.0556,0.8688,218.1048,61.87
NA,NA,-1,Unknown,Unknown,Unknown,Unknown,14.03,14.03,0.0544,0.8678,221.4230,61.84
NA,NA,-1,Unknown,Unknown,Unknown,Unknown,14.13,14.13,0.0533,0.8676,224.1876,61.83
NA,NA,-1,Unknown,Unknown,Unknown,Unknown,14.23,14.23,0.0522,0.8677,226.9514,61.81
NA,NA,-1,Unknown,Unknown,Unknown,Unknown,14.34,14.34,0.0507,0.8680,230.2670,61.80
NA,NA,-1,Unknown,Unknown,Unknown,Unknown,14.44,14.44,0.0495,0.8681,233.0291,61.78
NA,NA,-1,Unknown,Unknown,Unknown,Unknown,14.55,14.55,0.0482,0.8681,235.7906,61.77
NA,NA,-1,Unknown,Unknown,Unknown,Unknown,14.65,14.65,0.0469,0.8681,238.5515,61.75
NA,NA,-1,Unknown,Unknown,Unknown,Unknown,14.76,14.76,0.0454,0.8681,241.8638,61.74
NA,NA,-1,Unknown,Unknown,Unknown,Unknown,14.86,14.86,0.0441,0.8680,244.6233,61.72
NA,NA,-1,Unknown,Unknown,Unknown,Unknown,14.96,14.96,0.0427,0.8680,247.3823,61.71
NA,NA,-1,Unknown,Unknown,Unknown,Unknown,15.07,15.07,0.0414,0.8680,250.1406,61.70
NA,NA,-1,Unknown,Unknown,Unknown,Unknown,15.17,15.17,0.0400,0.8680,252.8983,61.68
NA,NA,-1,Unknown,Unknown,Unknown,Unknown,15.27,15.27,0.0387,0.8680,255.6553,61.67
NA,NA,-1,Unknown,Unknown,Unknown,Unknown,15.37,15.37,0.0373,0.8680,258.4118,61.65
NA,NA,-1,Unknown,Unknown,Unknown,Unknown,15.48,15.48,0.0360,0.8680,261.1676,61.64
NA,NA,-1,Unknown,Unknown,Unknown,Unknown,15.58,15.58,0.0346,0.8680,263.9228,61.63
NA,NA,-1,Unknown,Unknown,Unknown,Unknown,15.68,15.68,0.0332,0.8680,266.6774,61.61
NA,NA,-1,Unknown,Unknown,Unknown,Unknown,15.78,15.78,0.0316,0.8680,269.9821,61.60
NA,NA,-1,Unknown,Unknown,Unknown,Unknown,15.88,15.88,0.0302,0.8680,272.7353,61.58
NA,NA,-1,Unknown,Unknown,Unknown,Unknown,15.99,15.99,0.0289,0.8680,275.4879,61.57
NA,NA,-1,Unknown,Unknown,Unknown,Unknown,16.09,16.09,0.0275,0.8680,278.2399,61.55
NA,NA,-1,Unknown,Unknown,Unknown,Unknown,16.19,16.19,0.0262,0.8680,280.9913,61.54
NA,NA,-1,Unknown,Unknown,Unknown,Unknown,16.29,16.29,0.0248,0.8680,283.7421,61.53
NA,NA,-1,Unknown,Unknown,Unknown,Unknown,16.40,16.40,0.0235,0.8680,286.4922,61.51
NA,NA,-1,Unknown,Unknown,Unknown,Unknown,16.50,16.50,0.0221,0.8680,289.2417,61.50
NA,NA,-1,Unknown,Unknown,Unknown,Unknown,16.60,16.60,0.0208,0.8680,291.9906,61.49
NA,NA,-1,Unknown,Unknown,Unknown,Unknown,16.70,16.70,0.0191,0.8680,295.2885,61.47
NA,NA,-1,Unknown,Unknown,Unknown,Unknown,16.81,16.81,0.0178,0.8680,298.0360,61.46
NA,NA,-1,Unknown,Unknown,Unknown,Unknown,16.91,16.91,0.0164,0.8680,300.7829,61.44
NA,NA,-1,Unknown,Unknown,Unknown,Unknown,17.01,17.01,0.0151,0.8680,303.5292,61.43
NA,NA,-1,Unknown,Unknown,Unknown,Unknown,17.12,17.12,0.0138,0.8680,306.2749,61.41
NA,NA,-1,Unknown,Unknown,Unknown,Unknown,17.22,17.22,0.0124,0.8680,309.0200,61.40
NA,NA,-1,Unknown,Unknown,Unknown,Unknown,17.32,17.32,0.0108,0.8680,312.3133,61.38
NA,NA,-1,Unknown,Unknown,Unknown,Unknown,17.43,17.43,0.0095,0.8680,315.0570,61.37
NA,NA,-1,Unknown,Unknown,Unknown,Unknown,17.53,17.53,0.0081,0.8680,317.8001,61.36
NA,NA,-1,Unknown,Unknown,Unknown,Unknown,17.63,17.63,0.0068,0.8680,320.5426,61.34
NA,NA,-1,Unknown,Unknown,Unknown,Unknown,17.74,17.74,0.0055,0.8680,323.2844,61.33
NA,NA,-1,Unknown,Unknown,Unknown,Unknown,17.84,17.84,0.0039,0.8680,326.5739,61.31
NA,NA,-1,Unknown,Unknown,Unknown,Unknown,17.95,17.95,0.0026,0.8680,329.3144,61.30
NA,NA,-1,Unknown,Unknown,Unknown,Unknown,18.05,18.05,0.0012,0.8680,332.0543,61.28
NA,NA,-1,Unknown,Unknown,Unknown,Unknown,18.15,18.15,-0.0001,0.8680,334.7935,61.27
NA,NA,-1,Unknown,Unknown,Unknown,Unknown,18.26,18.26,-0.0014,0.8680,337.5322,61.26
NA,NA,-1,Unknown,Unknown,Unknown,Unknown,18.36,18.36,-0.0030,0.8680,340.8178,61.24
NA,NA,-1,Unknown,Unknown,Unknown,Unknown,18.46,18.46,-0.0043,0.8680,343.5551,61.23
NA,NA,-1,Unknown,Unknown,Unknown,Unknown,18.57,18.57,-0.0056,0.8680,346.2918,61.21
NA,NA,-1,Unknown,Unknown,Unknown,Unknown,18.67,18.67,-0.0069,0.8680,349.0279,61.20
NA,NA,-1,Unknown,Unknown,Unknown,Unknown,18.78,18.78,-0.0082,0.8680,351.7633,61.19
NA,NA,-1,Unknown,Unknown,Unknown,Unknown,18.88,18.88,-0.0098,0.8680,355.0451,61.17
NA,NA,-1,Unknown,Unknown,Unknown,Unknown,18.98,18.98,-0.0111,0.8680,357.7792,61.15
NA,NA,-1,Unknown,Unknown,Unknown,Unknown,19.09,19.09,-0.0124,0.8680,360.5127,61.14
NA,NA,-1,Unknown,Unknown,Unknown,Unknown,19.19,19.19,-0.0137,0.8680,363.2455,61.13
NA,NA,-1,Unknown,Unknown,Unknown,Unknown,19.30,19.30,-0.0150,0.8680,365.9778,61.11
NA,NA,-1,Unknown,Unknown,Unknown,Unknown,19.40,19.40,-0.0166,0.8680,369.2557,61.10
NA,NA,-1,Unknown,Unknown,Unknown,Unknown,19.51,19.51,-0.0179,0.8680,371.9867,61.08
NA,NA,-1,Unknown,Unknown,Unknown,Unknown,19.61,19.61,-0.0192,0.8680,374.7169,61.07
NA,NA,-1,Unknown,Unknown,Unknown,Unknown,19.72,19.72,-0.0205,0.8680,377.4466,61.06
NA,NA,-1,Unknown,Unknown,Unknown,Unknown,19.82,19.82,-0.0220,0.8680,380.7214,61.04
NA,NA,-1,Unknown,Unknown,Unknown,Unknown,19.93,19.93,-0.0233,0.8680,383.4498,61.03
NA,NA,-1,Unknown,Unknown,Unknown,Unknown,20.03,20.03,-0.0246,0.8680,386.1775,61.01
NA,NA,-1,Unknown,Unknown,Unknown,Unknown,20.14,20.14,-0.0259,0.8680,388.9046,61.00
NA,NA,-1,Unknown,Unknown,Unknown,Unknown,20.24,20.24,-0.0274,0.8680,392.1763,60.98
NA,NA,-1,Unknown,Unknown,Unknown,Unknown,20.35,20.35,-0.0287,0.8680,394.9021,60.97
NA,NA,-1,Unknown,Unknown,Unknown,Unknown,20.46,20.46,-0.0300,0.8680,397.6273,60.95
NA,NA,-1,Unknown,Unknown,Unknown,Unknown,20.56,20.56,-0.0315,0.8680,400.8966,60.94
NA,NA,-1,Unknown,Unknown,Unknown,Unknown,20.67,20.67,-0.0328,0.8680,403.6205,60.92
NA,NA,-1,Unknown,Unknown,Unknown,Unknown,20.78,20.78,-0.0340,0.8680,406.3437,60.91
NA,NA,-1,Unknown,Unknown,Unknown,Unknown,20.88,20.88,-0.0356,0.8680,409.6107,60.89
NA,NA,-1,Unknown,Unknown,Unknown,Unknown,20.99,20.99,-0.0368,0.8680,412.3325,60.88
NA,NA,-1,Unknown,Unknown,Unknown,Unknown,21.09,21.09,-0.0381,0.8680,415.0537,60.87
NA,NA,-1,Unknown,Unknown,Unknown,Unknown,21.20,21.20,-0.0396,0.8680,418.3184,60.85
NA,NA,-1,Unknown,Unknown,Unknown,Unknown,21.30,21.30,-0.0409,0.8680,421.0382,60.84
NA,NA,-1,Unknown,Unknown,Unknown,Unknown,21.41,21.41,-0.0421,0.8680,423.7575,60.82
NA,NA,-1,Unknown,Unknown,Unknown,Unknown,21.52,21.52,-0.0434,0.8680,426.4762,60.81
NA,NA,-1,Unknown,Unknown,Unknown,Unknown,21.62,21.62,-0.0449,0.8680,429.7378,60.79
NA,NA,-1,Unknown,Unknown,Unknown,Unknown,21.73,21.73,-0.0462,0.8680,432.4551,60.78
NA,NA,-1,Unknown,Unknown,Unknown,Unknown,21.84,21.84,-0.0474,0.8680,435.1718,60.77
NA,NA,-1,Unknown,Unknown,Unknown,Unknown,21.94,21.94,-0.0487,0.8680,437.8879,60.75
NA,NA,-1,Unknown,Unknown,Unknown,Unknown,22.05,22.05,-0.0501,0.8680,441.1464,60.74
NA,NA,-1,Unknown,Unknown,Unknown,Unknown,22.16,22.16,-0.0514,0.8680,443.8611,60.72
NA,NA,-1,Unknown,Unknown,Unknown,Unknown,22.26,22.26,-0.0529,0.8680,447.1180,60.71
NA,NA,-1,Unknown,Unknown,Unknown,Unknown,22.37,22.37,-0.0541,0.8680,449.8315,60.69
NA,NA,-1,Unknown,Unknown,Unknown,Unknown,22.48,22.48,-0.0554,0.8680,452.5443,60.68
NA,NA,-1,Unknown,Unknown,Unknown,Unknown,22.58,22.58,-0.0566,0.8680,455.2564,60.66
NA,NA,-1,Unknown,Unknown,Unknown,Unknown,22.69,22.69,-0.0581,0.8680,458.5103,60.65
NA,NA,-1,Unknown,Unknown,Unknown,Unknown,22.79,22.79,-0.0593,0.8680,461.2211,60.63
NA,NA,-1,Unknown,Unknown,Unknown,Unknown,22.89,22.89,-0.0605,0.8680,463.9313,60.62
NA,NA,-1,Unknown,Unknown,Unknown,Unknown,23.00,23.00,-0.0618,0.8680,466.6410,60.61
NA,NA,-1,Unknown,Unknown,Unknown,Unknown,23.11,23.11,-0.0632,0.8680,469.8917,60.59
NA,NA,-1,Unknown,Unknown,Unknown,Unknown,23.22,23.22,-0.0647,0.8680,473.1416,60.57
NA,NA,-1,Unknown,Unknown,Unknown,Unknown,23.32,23.32,-0.0659,0.8680,475.8492,60.56
NA,NA,-1,Unknown,Unknown,Unknown,Unknown,23.42,23.42,-0.0672,0.8680,478.5561,60.55
NA,NA,-1,Unknown,Unknown,Unknown,Unknown,23.52,23.52,-0.0684,0.8680,481.2625,60.53
NA,NA,-1,Unknown,Unknown,Unknown,Unknown,23.63,23.63,-0.0696,0.8680,483.9682,60.52
NA,NA,-1,Unknown,Unknown,Unknown,Unknown,23.73,23.73,-0.0708,0.8680,486.6734,60.51
NA,NA,-1,Unknown,Unknown,Unknown,Unknown,23.83,23.83,-0.0720,0.8680,489.3779,60.49
NA,NA,-1,Unknown,Unknown,Unknown,Unknown,23.94,23.94,-0.0732,0.8680,492.0818,60.48
NA,NA,-1,Unknown,Unknown,Unknown,Unknown,24.04,24.04,-0.0747,0.8680,495.3257,60.46
NA,NA,-1,Unknown,Unknown,Unknown,Unknown,24.15,24.15,-0.0759,0.8680,498.0283,60.45
NA,NA,-1,Unknown,Unknown,Unknown,Unknown,24.25,24.25,-0.0771,0.8680,500.7303,60.44
NA,NA,-1,Unknown,Unknown,Unknown,Unknown,24.36,24.36,-0.0783,0.8680,503.4316,60.42
NA,NA,-1,Unknown,Unknown,Unknown,Unknown,24.46,24.46,-0.0795,0.8680,506.1324,60.41
NA,NA,-1,Unknown,Unknown,Unknown,Unknown,24.56,24.56,-0.0807,0.8680,508.8325,60.40
NA,NA,-1,Unknown,Unknown,Unknown,Unknown,24.67,24.67,-0.0821,0.8680,512.0719,60.38
NA,NA,-1,Unknown,Unknown,Unknown,Unknown,24.77,24.77,-0.0833,0.8680,514.7707,60.37
NA,NA,-1,Unknown,Unknown,Unknown,Unknown,24.88,24.88,-0.0845,0.8680,517.4689,60.35
NA,NA,-1,Unknown,Unknown,Unknown,Unknown,24.99,24.99,-0.0860,0.8680,520.7059,60.34
NA,NA,-1,Unknown,Unknown,Unknown,Unknown,25.09,25.09,-0.0872,0.8680,523.4028,60.32
NA,NA,-1,Unknown,Unknown,Unknown,Unknown,25.19,25.19,-0.0883,0.8680,526.0991,60.31
NA,NA,-1,Unknown,Unknown,Unknown,Unknown,25.30,25.30,-0.0898,0.8680,529.3339,60.29
NA,NA,-1,Unknown,Unknown,Unknown,Unknown,25.40,25.40,-0.0910,0.8680,532.0288,60.28
NA,NA,-1,Unknown,Unknown,Unknown,Unknown,25.51,25.51,-0.0921,0.8680,534.7231,60.27
NA,NA,-1,Unknown,Unknown,Unknown,Unknown,25.62,25.62,-0.0933,0.8680,537.4169,60.25
NA,NA,-1,Unknown,Unknown,Unknown,Unknown,25.72,25.72,-0.0947,0.8680,540.6486,60.24
NA,NA,-1,Unknown,Unknown,Unknown,Unknown,25.83,25.83,-0.0959,0.8680,543.3409,60.22
NA,NA,-1,Unknown,Unknown,Unknown,Unknown,25.93,25.93,-0.0971,0.8680,546.0327,60.21
NA,NA,-1,Unknown,Unknown,Unknown,Unknown,26.03,26.03,-0.0983,0.8680,548.7239,60.19
NA,NA,-1,Unknown,Unknown,Unknown,Unknown,26.14,26.14,-0.0994,0.8680,551.4144,60.18
NA,NA,-1,Unknown,Unknown,Unknown,Unknown,26.24,26.24,-0.1006,0.8680,554.1044,60.17
NA,NA,-1,Unknown,Unknown,Unknown,Unknown,26.34,26.34,-0.1020,0.8680,557.3315,60.15
NA,NA,-1,Unknown,Unknown,Unknown,Unknown,26.44,26.44,-0.1032,0.8680,560.0202,60.14
NA,NA,-1,Unknown,Unknown,Unknown,Unknown,26.55,26.55,-0.1043,0.8680,562.7083,60.12
NA,NA,-1,Unknown,Unknown,Unknown,Unknown,26.65,26.65,-0.1055,0.8680,565.3957,60.11
NA,NA,-1,Unknown,Unknown,Unknown,Unknown,26.76,26.76,-0.1066,0.8680,568.0825,60.10
NA,NA,-1,Unknown,Unknown,Unknown,Unknown,26.86,26.86,-0.1080,0.8680,571.3059,60.08
NA,NA,-1,Unknown,Unknown,Unknown,Unknown,26.97,26.97,-0.1092,0.8680,573.9914,60.07
NA,NA,-1,Unknown,Unknown,Unknown,Unknown,27.07,27.07,-0.1103,0.8680,576.6763,60.05
NA,NA,-1,Unknown,Unknown,Unknown,Unknown,27.18,27.18,-0.1115,0.8680,579.3605,60.04
NA,NA,-1,Unknown,Unknown,Unknown,Unknown,27.28,27.28,-0.1129,0.8680,582.5809,60.02
NA,NA,-1,Unknown,Unknown,Unknown,Unknown,27.39,27.39,-0.1140,0.8680,585.2639,60.01
NA,NA,-1,Unknown,Unknown,Unknown,Unknown,27.49,27.49,-0.1152,0.8680,587.9463,60.00
NA,NA,-1,Unknown,Unknown,Unknown,Unknown,27.60,27.60,-0.1163,0.8680,590.6281,59.98
NA,NA,-1,Unknown,Unknown,Unknown,Unknown,27.70,27.70,-0.1174,0.8680,593.3092,59.97
NA,NA,-1,Unknown,Unknown,Unknown,Unknown,27.81,27.81,-0.1188,0.8680,596.5258,59.95
NA,NA,-1,Unknown,Unknown,Unknown,Unknown,27.92,27.92,-0.1202,0.8680,599.7415,59.94
NA,NA,-1,Unknown,Unknown,Unknown,Unknown,28.03,28.03,-0.1213,0.8680,602.4206,59.92
NA,NA,-1,Unknown,Unknown,Unknown,Unknown,28.13,28.13,-0.1225,0.8680,605.0991,59.91
NA,NA,-1,Unknown,Unknown,Unknown,Unknown,28.24,28.24,-0.1236,0.8680,607.7770,59.90
NA,NA,-1,Unknown,Unknown,Unknown,Unknown,28.35,28.35,-0.1249,0.8680,610.9897,59.88
NA,NA,-1,Unknown,Unknown,Unknown,Unknown,28.45,28.45,-0.1261,0.8680,613.6663,59.87
NA,NA,-1,Unknown,Unknown,Unknown,Unknown,28.56,28.56,-0.1272,0.8680,616.3423,59.85
NA,NA,-1,Unknown,Unknown,Unknown,Unknown,28.67,28.67,-0.1285,0.8680,619.5526,59.84
NA,NA,-1,Unknown,Unknown,Unknown,Unknown,28.77,28.77,-0.1297,0.8680,622.2273,59.83
NA,NA,-1,Unknown,Unknown,Unknown,Unknown,28.88,28.88,-0.1308,0.8680,624.9014,59.81
NA,NA,-1,Unknown,Unknown,Unknown,Unknown,28.98,28.98,-0.1319,0.8680,627.5748,59.80
NA,NA,-1,Unknown,Unknown,Unknown,Unknown,29.08,29.08,-0.1332,0.8680,630.7822,59.78
NA,NA,-1,Unknown,Unknown,Unknown,Unknown,29.19,29.19,-0.1344,0.8680,633.4543,59.77
NA,NA,-1,Unknown,Unknown,Unknown,Unknown,29.30,29.30,-0.1355,0.8680,636.1258,59.76
NA,NA,-1,Unknown,Unknown,Unknown,Unknown,29.40,29.40,-0.1368,0.8680,639.3308,59.74
NA,NA,-1,Unknown,Unknown,Unknown,Unknown,29.51,29.51,-0.1379,0.8680,642.0010,59.73
NA,NA,-1,Unknown,Unknown,Unknown,Unknown,29.62,29.62,-0.1390,0.8680,644.6707,59.71
NA,NA,-1,Unknown,Unknown,Unknown,Unknown,29.73,29.73,-0.1404,0.8680,647.8734,59.70
NA,NA,-1,Unknown,Unknown,Unknown,Unknown,29.83,29.83,-0.1415,0.8680,650.5417,59.68
NA,NA,-1,Unknown,Unknown,Unknown,Unknown,29.95,29.95,-0.1428,0.8680,653.7428,59.67
NA,NA,-1,Unknown,Unknown,Unknown,Unknown,30.06,30.06,-0.1439,0.8680,656.4098,59.65
NA,NA,-1,Unknown,Unknown,Unknown,Unknown,30.16,30.16,-0.1452,0.8680,659.6094,59.64
NA,NA,-1,Unknown,Unknown,Unknown,Unknown,30.27,30.27,-0.1463,0.8680,662.2750,59.62
NA,NA,-1,Unknown,Unknown,Unknown,Unknown,30.38,30.38,-0.1476,0.8680,665.4730,59.61
NA,NA,-1,Unknown,Unknown,Unknown,Unknown,30.49,30.49,-0.1487,0.8680,668.1373,59.59
NA,NA,-1,Unknown,Unknown,Unknown,Unknown,30.59,30.59,-0.1498,0.8680,670.8011,59.58
NA,NA,-1,Unknown,Unknown,Unknown,Unknown,30.70,30.70,-0.1511,0.8680,673.9968,59.56
NA,NA,-1,Unknown,Unknown,Unknown,Unknown,30.81,30.81,-0.1522,0.8680,676.6592,59.55
NA,NA,-1,Unknown,Unknown,Unknown,Unknown,30.92,30.92,-0.1533,0.8680,679.3210,59.54
NA,NA,-1,Unknown,Unknown,Unknown,Unknown,31.02,31.02,-0.1543,0.8680,681.9822,59.52
NA,NA,-1,Unknown,Unknown,Unknown,Unknown,31.12,31.12,-0.1556,0.8680,685.1749,59.51
NA,NA,-1,Unknown,Unknown,Unknown,Unknown,31.23,31.23,-0.1567,0.8680,687.8348,59.50
NA,NA,-1,Unknown,Unknown,Unknown,Unknown,31.34,31.34,-0.1580,0.8680,691.0259,59.48
NA,NA,-1,Unknown,Unknown,Unknown,Unknown,31.45,31.45,-0.1591,0.8680,693.6845,59.47
NA,NA,-1,Unknown,Unknown,Unknown,Unknown,31.56,31.56,-0.1602,0.8680,696.3425,59.45
NA,NA,-1,Unknown,Unknown,Unknown,Unknown,31.67,31.67,-0.1615,0.8680,699.5313,59.44
NA,NA,-1,Unknown,Unknown,Unknown,Unknown,31.78,31.78,-0.1625,0.8680,702.1880,59.42
NA,NA,-1,Unknown,Unknown,Unknown,Unknown,31.88,31.88,-0.1638,0.8680,705.3752,59.41
NA,NA,-1,Unknown,Unknown,Unknown,Unknown,31.99,31.99,-0.1649,0.8680,708.0305,59.39
NA,NA,-1,Unknown,Unknown,Unknown,Unknown,32.10,32.10,-0.1661,0.8680,711.2162,59.38
NA,NA,-1,Unknown,Unknown,Unknown,Unknown,32.21,32.21,-0.1672,0.8680,713.8702,59.36
NA,NA,-1,Unknown,Unknown,Unknown,Unknown,32.32,32.32,-0.1683,0.8680,716.5237,59.35
NA,NA,-1,Unknown,Unknown,Unknown,Unknown,32.42,32.42,-0.1695,0.8680,719.7070,59.33
NA,NA,-1,Unknown,Unknown,Unknown,Unknown,32.52,32.52,-0.1706,0.8680,722.3592,59.32
NA,NA,-1,Unknown,Unknown,Unknown,Unknown,32.63,32.63,-0.1716,0.8680,725.0107,59.31
NA,NA,-1,Unknown,Unknown,Unknown,Unknown,32.74,32.74,-0.1729,0.8680,728.1918,59.29
NA,NA,-1,Unknown,Unknown,Unknown,Unknown,32.84,32.84,-0.1740,0.8680,730.8420,59.28
NA,NA,-1,Unknown,Unknown,Unknown,Unknown,32.95,32.95,-0.1750,0.8680,733.4917,59.27
NA,NA,-1,Unknown,Unknown,Unknown,Unknown,33.05,33.05,-0.1761,0.8680,736.1407,59.25
NA,NA,-1,Unknown,Unknown,Unknown,Unknown,33.15,33.15,-0.1771,0.8680,738.7892,59.24
NA,NA,-1,Unknown,Unknown,Unknown,Unknown,33.26,33.26,-0.1784,0.8680,741.9665,59.22
NA,NA,-1,Unknown,Unknown,Unknown,Unknown,33.36,33.36,-0.1794,0.8680,744.6136,59.21
NA,NA,-1,Unknown,Unknown,Unknown,Unknown,33.46,33.46,-0.1804,0.8680,747.2602,59.20
NA,NA,-1,Unknown,Unknown,Unknown,Unknown,33.56,33.56,-0.1815,0.8680,749.9061,59.18
NA,NA,-1,Unknown,Unknown,Unknown,Unknown,33.66,33.66,-0.1825,0.8680,752.5515,59.17
NA,NA,-1,Unknown,Unknown,Unknown,Unknown,33.76,33.76,-0.1835,0.8680,755.1963,59.16
NA,NA,-1,Unknown,Unknown,Unknown,Unknown,33.86,33.86,-0.1846,0.8680,757.8405,59.14
NA,NA,-1,Unknown,Unknown,Unknown,Unknown,33.97,33.97,-0.1856,0.8680,760.4840,59.13
NA,NA,-1,Unknown,Unknown,Unknown,Unknown,34.07,34.07,-0.1866,0.8680,763.1270,59.12
NA,NA,-1,Unknown,Unknown,Unknown,Unknown,34.18,34.18,-0.1877,0.8680,765.7694,59.10
NA,NA,-1,Unknown,Unknown,Unknown,Unknown,34.28,34.28,-0.1887,0.8680,768.4112,59.09
NA,NA,-1,Unknown,Unknown,Unknown,Unknown,34.38,34.38,-0.1899,0.8680,771.5805,59.07
NA,NA,-1,Unknown,Unknown,Unknown,Unknown,34.48,34.48,-0.1909,0.8680,774.2210,59.06
NA,NA,-1,Unknown,Unknown,Unknown,Unknown,34.58,34.58,-0.1920,0.8680,776.8609,59.05
NA,NA,-1,Unknown,Unknown,Unknown,Unknown,34.68,34.68,-0.1930,0.8680,779.5002,59.03
NA,NA,-1,Unknown,Unknown,Unknown,Unknown,34.79,34.79,-0.1940,0.8680,782.1389,59.02
NA,NA,-1,Unknown,Unknown,Unknown,Unknown,34.89,34.89,-0.1950,0.8680,784.7770,59.01
NA,NA,-1,Unknown,Unknown,Unknown,Unknown,34.99,34.99,-0.1960,0.8680,787.4146,58.99
NA,NA,-1,Unknown,Unknown,Unknown,Unknown,35.09,35.09,-0.1970,0.8680,790.0515,58.98
NA,NA,-1,Unknown,Unknown,Unknown,Unknown,35.20,35.20,-0.1980,0.8680,792.6878,58.97
NA,NA,-1,Unknown,Unknown,Unknown,Unknown,35.30,35.30,-0.1991,0.8680,795.3235,58.95
NA,NA,-1,Unknown,Unknown,Unknown,Unknown,35.40,35.40,-0.2001,0.8680,797.9587,58.94
NA,NA,-1,Unknown,Unknown,Unknown,Unknown,35.50,35.50,-0.2013,0.8680,801.1201,58.93
NA,NA,-1,Unknown,Unknown,Unknown,Unknown,35.60,35.60,-0.2023,0.8680,803.7540,58.91
NA,NA,-1,Unknown,Unknown,Unknown,Unknown,35.71,35.71,-0.2033,0.8680,806.3872,58.90
NA,NA,-1,Unknown,Unknown,Unknown,Unknown,35.81,35.81,-0.2043,0.8680,809.0198,58.89
NA,NA,-1,Unknown,Unknown,Unknown,Unknown,35.91,35.91,-0.2053,0.8680,811.6519,58.87
NA,NA,-1,Unknown,Unknown,Unknown,Unknown,36.02,36.02,-0.2063,0.8680,814.2834,58.86
NA,NA,-1,Unknown,Unknown,Unknown,Unknown,36.12,36.12,-0.2073,0.8680,816.9142,58.85
NA,NA,-1,Unknown,Unknown,Unknown,Unknown,36.22,36.22,-0.2083,0.8680,819.5446,58.83
NA,NA,-1,Unknown,Unknown,Unknown,Unknown,36.32,36.32,-0.2094,0.8680,822.7001,58.82
NA,NA,-1,Unknown,Unknown,Unknown,Unknown,36.43,36.43,-0.2104,0.8680,825.3291,58.80
NA,NA,-1,Unknown,Unknown,Unknown,Unknown,36.53,36.53,-0.2114,0.8680,827.9575,58.79
NA,NA,-1,Unknown,Unknown,Unknown,Unknown,36.63,36.63,-0.2124,0.8680,830.5853,58.78
NA,NA,-1,Unknown,Unknown,Unknown,Unknown,36.74,36.74,-0.2134,0.8680,833.2125,58.76
NA,NA,-1,Unknown,Unknown,Unknown,Unknown,36.84,36.84,-0.2144,0.8680,835.8392,58.75
NA,NA,-1,Unknown,Unknown,Unknown,Unknown,36.94,36.94,-0.2154,0.8680,838.4652,58.74
NA,NA,-1,Unknown,Unknown,Unknown,Unknown,37.04,37.04,-0.2165,0.8680,841.6157,58.72
NA,NA,-1,Unknown,Unknown,Unknown,Unknown,37.15,37.15,-0.2175,0.8680,844.2404,58.71
NA,NA,-1,Unknown,Unknown,Unknown,Unknown,37.26,37.26,-0.2185,0.8680,846.8646,58.70
NA,NA,-1,Unknown,Unknown,Unknown,Unknown,37.37,37.37,-0.2196,0.8680,850.0128,58.68
NA,NA,-1,Unknown,Unknown,Unknown,Unknown,37.47,37.47,-0.2206,0.8680,852.6356,58.67
NA,NA,-1,Unknown,Unknown,Unknown,Unknown,37.57,37.57,-0.2216,0.8680,855.2579,58.65
NA,NA,-1,Unknown,Unknown,Unknown,Unknown,37.67,37.67,-0.2226,0.8680,857.8795,58.64
NA,NA,-1,Unknown,Unknown,Unknown,Unknown,37.77,37.77,-0.2235,0.8680,860.5006,58.63
NA,NA,-1,Unknown,Unknown,Unknown,Unknown,37.88,37.88,-0.2245,0.8680,863.1211,58.61
NA,NA,-1,Unknown,Unknown,Unknown,Unknown,37.98,37.98,-0.2256,0.8680,866.2650,58.60
NA,NA,-1,Unknown,Unknown,Unknown,Unknown,38.08,38.08,-0.2266,0.8680,868.8842,58.58
NA,NA,-1,Unknown,Unknown,Unknown,Unknown,38.18,38.18,-0.2276,0.8680,871.5027,58.57
NA,NA,-1,Unknown,Unknown,Unknown,Unknown,38.29,38.29,-0.2285,0.8680,874.1208,58.56
NA,NA,-1,Unknown,Unknown,Unknown,Unknown,38.40,38.40,-0.2295,0.8680,876.7382,58.55
NA,NA,-1,Unknown,Unknown,Unknown,Unknown,38.50,38.50,-0.2306,0.8680,879.8784,58.53
NA,NA,-1,Unknown,Unknown,Unknown,Unknown,38.60,38.60,-0.2316,0.8680,882.4945,58.52
NA,NA,-1,Unknown,Unknown,Unknown,Unknown,38.71,38.71,-0.2325,0.8680,885.1100,58.50
NA,NA,-1,Unknown,Unknown,Unknown,Unknown,38.81,38.81,-0.2335,0.8680,887.7250,58.49
NA,NA,-1,Unknown,Unknown,Unknown,Unknown,38.91,38.91,-0.2344,0.8680,890.3394,58.48
NA,NA,-1,Unknown,Unknown,Unknown,Unknown,39.01,39.01,-0.2354,0.8680,892.9531,58.46
NA,NA,-1,Unknown,Unknown,Unknown,Unknown,39.12,39.12,-0.2363,0.8680,895.5663,58.45
NA,NA,-1,Unknown,Unknown,Unknown,Unknown,39.22,39.22,-0.2373,0.8680,898.1790,58.44
NA,NA,-1,Unknown,Unknown,Unknown,Unknown,39.32,39.32,-0.2382,0.8680,900.7910,58.42
NA,NA,-1,Unknown,Unknown,Unknown,Unknown,39.42,39.42,-0.2391,0.8680,903.4024,58.41
NA,NA,-1,Unknown,Unknown,Unknown,Unknown,39.52,39.52,-0.2403,0.8680,906.5353,58.40
NA,NA,-1,Unknown,Unknown,Unknown,Unknown,39.62,39.62,-0.2412,0.8680,909.1455,58.38
NA,NA,-1,Unknown,Unknown,Unknown,Unknown,39.73,39.73,-0.2421,0.8680,911.7551,58.37
NA,NA,-1,Unknown,Unknown,Unknown,Unknown,39.83,39.83,-0.2431,0.8680,914.3640,58.36
NA,NA,-1,Unknown,Unknown,Unknown,Unknown,39.93,39.93,-0.2440,0.8680,916.9724,58.34
NA,NA,-1,Unknown,Unknown,Unknown,Unknown,40.03,40.03,-0.2449,0.8680,919.5802,58.33
NA,NA,-1,Unknown,Unknown,Unknown,Unknown,40.14,40.14,-0.2459,0.8680,922.1874,58.32
NA,NA,-1,Unknown,Unknown,Unknown,Unknown,40.24,40.24,-0.2468,0.8680,924.7941,58.30
NA,NA,-1,Unknown,Unknown,Unknown,Unknown,40.34,40.34,-0.2479,0.8680,927.9212,58.29
NA,NA,-1,Unknown,Unknown,Unknown,Unknown,40.44,40.44,-0.2488,0.8680,930.5266,58.27
NA,NA,-1,Unknown,Unknown,Unknown,Unknown,40.54,40.54,-0.2497,0.8680,933.1313,58.26
NA,NA,-1,Unknown,Unknown,Unknown,Unknown,40.64,40.64,-0.2506,0.8680,935.7355,58.25
NA,NA,-1,Unknown,Unknown,Unknown,Unknown,40.74,40.74,-0.2516,0.8680,938.3391,58.24
NA,NA,-1,Unknown,Unknown,Unknown,Unknown,40.85,40.85,-0.2525,0.8680,940.9421,58.22
NA,NA,-1,Unknown,Unknown,Unknown,Unknown,40.95,40.95,-0.2534,0.8680,943.5445,58.21
NA,NA,-1,Unknown,Unknown,Unknown,Unknown,41.06,41.06,-0.2545,0.8680,946.6666,58.19
NA,NA,-1,Unknown,Unknown,Unknown,Unknown,41.16,41.16,-0.2554,0.8680,949.2678,58.18
NA,NA,-1,Unknown,Unknown,Unknown,Unknown,41.27,41.27,-0.2563,0.8680,951.8683,58.17
NA,NA,-1,Unknown,Unknown,Unknown,Unknown,41.37,41.37,-0.2572,0.8680,954.4683,58.15
NA,NA,-1,Unknown,Unknown,Unknown,Unknown,41.47,41.47,-0.2581,0.8680,957.0676,58.14
NA,NA,-1,Unknown,Unknown,Unknown,Unknown,41.57,41.57,-0.2590,0.8680,959.6664,58.13
NA,NA,-1,Unknown,Unknown,Unknown,Unknown,41.67,41.67,-0.2599,0.8680,962.2646,58.12
NA,NA,-1,Unknown,Unknown,Unknown,Unknown,41.78,41.78,-0.2608,0.8680,964.8622,58.10
NA,NA,-1,Unknown,Unknown,Unknown,Unknown,41.88,41.88,-0.2617,0.8680,967.4592,58.09
NA,NA,-1,Unknown,Unknown,Unknown,Unknown,41.99,41.99,-0.2628,0.8680,970.5749,58.07
NA,NA,-1,Unknown,Unknown,Unknown,Unknown,42.09,42.09,-0.2637,0.8680,973.1707,58.06
NA,NA,-1,Unknown,Unknown,Unknown,Unknown,42.19,42.19,-0.2646,0.8680,975.7658,58.05
NA,NA,-1,Unknown,Unknown,Unknown,Unknown,42.29,42.29,-0.2655,0.8680,978.3604,58.03
NA,NA,-1,Unknown,Unknown,Unknown,Unknown,42.39,42.39,-0.2664,0.8680,980.9544,58.02
NA,NA,-1,Unknown,Unknown,Unknown,Unknown,42.50,42.50,-0.2673,0.8680,983.5478,58.01
NA,NA,-1,Unknown,Unknown,Unknown,Unknown,42.60,42.60,-0.2683,0.8680,986.6591,57.99
NA,NA,-1,Unknown,Unknown,Unknown,Unknown,42.70,42.70,-0.2692,0.8680,989.2513,57.98
NA,NA,-1,Unknown,Unknown,Unknown,Unknown,42.80,42.80,-0.2701,0.8680,991.8428,57.97
NA,NA,-1,Unknown,Unknown,Unknown,Unknown,42.90,42.90,-0.2710,0.8680,994.4338,57.95
NA,NA,-1,Unknown,Unknown,Unknown,Unknown,43.01,43.01,-0.2719,0.8680,997.0242,57.94
NA,NA,-1,Unknown,Unknown,Unknown,Unknown,43.11,43.11,-0.2727,0.8680,999.6140,57.93
NA,NA,-1,Unknown,Unknown,Unknown,Unknown,43.22,43.22,-0.2736,0.8680,1002.2030,57.91
NA,NA,-1,Unknown,Unknown,Unknown,Unknown,43.32,43.32,-0.2747,0.8680,1005.3100,57.90
NA,NA,-1,Unknown,Unknown,Unknown,Unknown,43.42,43.42,-0.2756,0.8680,1007.8970,57.89
NA,NA,-1,Unknown,Unknown,Unknown,Unknown,43.52,43.52,-0.2764,0.8680,1010.4850,57.87
NA,NA,-1,Unknown,Unknown,Unknown,Unknown,43.63,43.63,-0.2773,0.8680,1013.0720,57.86
NA,NA,-1,Unknown,Unknown,Unknown,Unknown,43.73,43.73,-0.2782,0.8680,1015.6580,57.85
NA,NA,-1,Unknown,Unknown,Unknown,Unknown,43.83,43.83,-0.2790,0.8680,1018.2430,57.83
NA,NA,-1,Unknown,Unknown,Unknown,Unknown,43.93,43.93,-0.2799,0.8680,1020.8280,57.82
NA,NA,-1,Unknown,Unknown,Unknown,Unknown,44.03,44.03,-0.2808,0.8680,1023.4130,57.81
NA,NA,-1,Unknown,Unknown,Unknown,Unknown,44.13,44.13,-0.2816,0.8680,1025.9970,57.79
NA,NA,-1,Unknown,Unknown,Unknown,Unknown,44.24,44.24,-0.2825,0.8680,1028.5800,57.78
NA,NA,-1,Unknown,Unknown,Unknown,Unknown,44.34,44.34,-0.2833,0.8680,1031.1630,57.77
NA,NA,-1,Unknown,Unknown,Unknown,Unknown,44.44,44.44,-0.2842,0.8680,1033.7450,57.76
NA,NA,-1,Unknown,Unknown,Unknown,Unknown,44.54,44.54,-0.2852,0.8680,1036.8430,57.74
NA,NA,-1,Unknown,Unknown,Unknown,Unknown,44.64,44.64,-0.2861,0.8680,1039.4230,57.73
NA,NA,-1,Unknown,Unknown,Unknown,Unknown,44.74,44.74,-0.2869,0.8680,1042.0040,57.71
NA,NA,-1,Unknown,Unknown,Unknown,Unknown,44.84,44.84,-0.2878,0.8680,1044.5830,57.70
NA,NA,-1,Unknown,Unknown,Unknown,Unknown,44.95,44.95,-0.2886,0.8680,1047.1630,57.69
NA,NA,-1,Unknown,Unknown,Unknown,Unknown,45.06,45.06,-0.2895,0.8680,1049.7410,57.68
NA,NA,-1,Unknown,Unknown,Unknown,Unknown,45.16,45.16,-0.2905,0.8680,1052.8350,57.66
NA,NA,-1,Unknown,Unknown,Unknown,Unknown,45.26,45.26,-0.2914,0.8680,1055.4120,57.65
NA,NA,-1,Unknown,Unknown,Unknown,Unknown,45.36,45.36,-0.2922,0.8680,1057.9890,57.63
NA,NA,-1,Unknown,Unknown,Unknown,Unknown,45.46,45.46,-0.2930,0.8680,1060.5650,57.62
NA,NA,-1,Unknown,Unknown,Unknown,Unknown,45.56,45.56,-0.2939,0.8680,1063.1400,57.61
NA,NA,-1,Unknown,Unknown,Unknown,Unknown,45.67,45.67,-0.2947,0.8680,1065.7150,57.59
NA,NA,-1,Unknown,Unknown,Unknown,Unknown,45.77,45.77,-0.2956,0.8680,1068.2890,57.58
NA,NA,-1,Unknown,Unknown,Unknown,Unknown,45.87,45.87,-0.2964,0.8680,1070.8630,57.57
NA,NA,-1,Unknown,Unknown,Unknown,Unknown,45.98,45.98,-0.2974,0.8680,1073.9510,57.55
NA,NA,-1,Unknown,Unknown,Unknown,Unknown,46.08,46.08,-0.2982,0.8680,1076.5240,57.54
NA,NA,-1,Unknown,Unknown,Unknown,Unknown,46.18,46.18,-0.2991,0.8680,1079.0950,57.53
NA,NA,-1,Unknown,Unknown,Unknown,Unknown,46.29,46.29,-0.2999,0.8680,1081.6670,57.51
NA,NA,-1,Unknown,Unknown,Unknown,Unknown,46.39,46.39,-0.3007,0.8680,1084.2380,57.50
NA,NA,-1,Unknown,Unknown,Unknown,Unknown,46.49,46.49,-0.3015,0.8680,1086.8080,57.49
NA,NA,-1,Unknown,Unknown,Unknown,Unknown,46.60,46.60,-0.3024,0.8680,1089.3770,57.48
NA,NA,-1,Unknown,Unknown,Unknown,Unknown,46.71,46.71,-0.3033,0.8680,1092.4600,57.46
NA,NA,-1,Unknown,Unknown,Unknown,Unknown,46.81,46.81,-0.3042,0.8680,1095.0290,57.45
NA,NA,-1,Unknown,Unknown,Unknown,Unknown,46.91,46.91,-0.3050,0.8680,1097.5960,57.43
NA,NA,-1,Unknown,Unknown,Unknown,Unknown,47.02,47.02,-0.3060,0.8680,1100.6770,57.42
NA,NA,-1,Unknown,Unknown,Unknown,Unknown,47.13,47.13,-0.3068,0.8680,1103.2440,57.41
NA,NA,-1,Unknown,Unknown,Unknown,Unknown,47.23,47.23,-0.3076,0.8680,1105.8090,57.39
NA,NA,-1,Unknown,Unknown,Unknown,Unknown,47.33,47.33,-0.3084,0.8680,1108.3750,57.38
NA,NA,-1,Unknown,Unknown,Unknown,Unknown,47.43,47.43,-0.3092,0.8680,1110.9400,57.37
NA,NA,-1,Unknown,Unknown,Unknown,Unknown,47.53,47.53,-0.3100,0.8680,1113.5040,57.35
NA,NA,-1,Unknown,Unknown,Unknown,Unknown,47.64,47.64,-0.3110,0.8680,1116.5800,57.34
NA,NA,-1,Unknown,Unknown,Unknown,Unknown,47.74,47.74,-0.3118,0.8680,1119.1430,57.33
NA,NA,-1,Unknown,Unknown,Unknown,Unknown,47.85,47.85,-0.3126,0.8680,1121.7050,57.31
NA,NA,-1,Unknown,Unknown,Unknown,Unknown,47.95,47.95,-0.3134,0.8680,1124.2670,57.30
NA,NA,-1,Unknown,Unknown,Unknown,Unknown,48.05,48.05,-0.3142,0.8680,1126.8280,57.29
NA,NA,-1,Unknown,Unknown,Unknown,Unknown,48.16,48.16,-0.3150,0.8680,1129.3890,57.27
NA,NA,-1,Unknown,Unknown,Unknown,Unknown,48.26,48.26,-0.3158,0.8680,1131.9490,57.26
NA,NA,-1,Unknown,Unknown,Unknown,Unknown,48.36,48.36,-0.3168,0.8680,1135.0200,57.25
NA,NA,-1,Unknown,Unknown,Unknown,Unknown,48.47,48.47,-0.3176,0.8680,1137.5790,57.23
NA,NA,-1,Unknown,Unknown,Unknown,Unknown,48.57,48.57,-0.3184,0.8680,1140.1370,57.22
NA,NA,-1,Unknown,Unknown,Unknown,Unknown,48.68,48.68,-0.3193,0.8680,1143.2070,57.21
NA,NA,-1,Unknown,Unknown,Unknown,Unknown,48.78,48.78,-0.3201,0.8680,1145.7630,57.19
NA,NA,-1,Unknown,Unknown,Unknown,Unknown,48.88,48.88,-0.3209,0.8680,1148.3200,57.18
NA,NA,-1,Unknown,Unknown,Unknown,Unknown,48.98,48.98,-0.3217,0.8680,1150.8760,57.17
NA,NA,-1,Unknown,Unknown,Unknown,Unknown,49.08,49.08,-0.3225,0.8680,1153.4310,57.15
NA,NA,-1,Unknown,Unknown,Unknown,Unknown,49.19,49.19,-0.3232,0.8680,1155.9850,57.14
NA,NA,-1,Unknown,Unknown,Unknown,Unknown,49.30,49.30,-0.3242,0.8680,1159.0500,57.13
NA,NA,-1,Unknown,Unknown,Unknown,Unknown,49.41,49.41,-0.3250,0.8680,1161.6040,57.11
NA,NA,-1,Unknown,Unknown,Unknown,Unknown,49.52,49.52,-0.3259,0.8680,1164.6670,57.10
NA,NA,-1,Unknown,Unknown,Unknown,Unknown,49.63,49.63,-0.3267,0.8680,1167.2190,57.08
NA,NA,-1,Unknown,Unknown,Unknown,Unknown,49.73,49.73,-0.3275,0.8680,1169.7710,57.07
NA,NA,-1,Unknown,Unknown,Unknown,Unknown,49.83,49.83,-0.3282,0.8680,1172.3220,57.06
NA,NA,-1,Unknown,Unknown,Unknown,Unknown,49.95,49.95,-0.3292,0.8680,1175.3820,57.04
NA,NA,-1,Unknown,Unknown,Unknown,Unknown,50.05,50.05,-0.3299,0.8680,1177.9320,57.03
NA,NA,-1,Unknown,Unknown,Unknown,Unknown,50.16,50.16,-0.3307,0.8680,1180.4810,57.02
NA,NA,-1,Unknown,Unknown,Unknown,Unknown,50.26,50.26,-0.3316,0.8680,1183.5390,57.00
NA,NA,-1,Unknown,Unknown,Unknown,Unknown,50.36,50.36,-0.3324,0.8680,1186.0870,56.99
NA,NA,-1,Unknown,Unknown,Unknown,Unknown,50.46,50.46,-0.3332,0.8680,1188.6340,56.98
NA,NA,-1,Unknown,Unknown,Unknown,Unknown,50.57,50.57,-0.3339,0.8680,1191.1810,56.96
NA,NA,-1,Unknown,Unknown,Unknown,Unknown,50.68,50.68,-0.3347,0.8680,1193.7270,56.95
NA,NA,-1,Unknown,Unknown,Unknown,Unknown,50.78,50.78,-0.3354,0.8680,1196.2730,56.94
NA,NA,-1,Unknown,Unknown,Unknown,Unknown,50.88,50.88,-0.3362,0.8680,1198.8180,56.93
NA,NA,-1,Unknown,Unknown,Unknown,Unknown,50.98,50.98,-0.3370,0.8680,1201.3620,56.91
NA,NA,-1,Unknown,Unknown,Unknown,Unknown,51.09,51.09,-0.3379,0.8680,1204.4150,56.90
NA,NA,-1,Unknown,Unknown,Unknown,Unknown,51.19,51.19,-0.3386,0.8680,1206.9580,56.88
NA,NA,-1,Unknown,Unknown,Unknown,Unknown,51.29,51.29,-0.3394,0.8680,1209.5010,56.87
NA,NA,-1,Unknown,Unknown,Unknown,Unknown,51.40,51.40,-0.3401,0.8680,1212.0430,56.86
NA,NA,-1,Unknown,Unknown,Unknown,Unknown,51.50,51.50,-0.3410,0.8680,1215.0930,56.84
NA,NA,-1,Unknown,Unknown,Unknown,Unknown,51.61,51.61,-0.3418,0.8680,1217.6330,56.83
NA,NA,-1,Unknown,Unknown,Unknown,Unknown,51.72,51.72,-0.3427,0.8680,1220.6820,56.82
NA,NA,-1,Unknown,Unknown,Unknown,Unknown,51.83,51.83,-0.3434,0.8680,1223.2210,56.80
NA,NA,-1,Unknown,Unknown,Unknown,Unknown,51.94,51.94,-0.3443,0.8680,1226.2680,56.79
NA,NA,-1,Unknown,Unknown,Unknown,Unknown,52.04,52.04,-0.3450,0.8680,1228.8060,56.77
NA,NA,-1,Unknown,Unknown,Unknown,Unknown,52.14,52.14,-0.3458,0.8680,1231.3440,56.76
NA,NA,-1,Unknown,Unknown,Unknown,Unknown,52.25,52.25,-0.3465,0.8680,1233.8810,56.75
NA,NA,-1,Unknown,Unknown,Unknown,Unknown,52.36,52.36,-0.3473,0.8680,1236.4180,56.74
NA,NA,-1,Unknown,Unknown,Unknown,Unknown,52.47,52.47,-0.3481,0.8680,1239.4610,56.72
NA,NA,-1,Unknown,Unknown,Unknown,Unknown,52.58,52.58,-0.3489,0.8680,1241.9960,56.71
NA,NA,-1,Unknown,Unknown,Unknown,Unknown,52.68,52.68,-0.3497,0.8680,1245.0380,56.69
NA,NA,-1,Unknown,Unknown,Unknown,Unknown,52.79,52.79,-0.3505,0.8680,1247.5720,56.68
NA,NA,-1,Unknown,Unknown,Unknown,Unknown,52.90,52.90,-0.3512,0.8680,1250.1050,56.67
NA,NA,-1,Unknown,Unknown,Unknown,Unknown,53.00,53.00,-0.3519,0.8680,1252.6380,56.65
NA,NA,-1,Unknown,Unknown,Unknown,Unknown,53.11,53.11,-0.3528,0.8680,1255.6770,56.64
NA,NA,-1,Unknown,Unknown,Unknown,Unknown,53.22,53.22,-0.3535,0.8680,1258.2080,56.63
NA,NA,-1,Unknown,Unknown,Unknown,Unknown,53.32,53.32,-0.3543,0.8680,1260.7400,56.61
NA,NA,-1,Unknown,Unknown,Unknown,Unknown,53.43,53.43,-0.3551,0.8680,1263.7760,56.60
NA,NA,-1,Unknown,Unknown,Unknown,Unknown,53.54,53.54,-0.3558,0.8680,1266.3060,56.59
NA,NA,-1,Unknown,Unknown,Unknown,Unknown,53.66,53.66,-0.3567,0.8681,1269.3410,56.57
NA,NA,-1,Unknown,Unknown,Unknown,Unknown,53.76,53.76,-0.3574,0.8681,1271.8700,56.56
NA,NA,-1,Unknown,Unknown,Unknown,Unknown,53.87,53.87,-0.3583,0.8681,1274.9030,56.54
NA,NA,-1,Unknown,Unknown,Unknown,Unknown,53.97,53.97,-0.3590,0.8681,1277.4310,56.53
NA,NA,-1,Unknown,Unknown,Unknown,Unknown,54.08,54.08,-0.3597,0.8681,1279.9570,56.52
NA,NA,-1,Unknown,Unknown,Unknown,Unknown,54.18,54.18,-0.3604,0.8681,1282.4840,56.50
NA,NA,-1,Unknown,Unknown,Unknown,Unknown,54.29,54.29,-0.3613,0.8681,1285.5140,56.49
NA,NA,-1,Unknown,Unknown,Unknown,Unknown,54.39,54.39,-0.3620,0.8681,1288.0390,56.48
NA,NA,-1,Unknown,Unknown,Unknown,Unknown,54.50,54.50,-0.3628,0.8681,1291.0680,56.46
NA,NA,-1,Unknown,Unknown,Unknown,Unknown,54.60,54.60,-0.3635,0.8681,1293.5920,56.45
NA,NA,-1,Unknown,Unknown,Unknown,Unknown,54.71,54.71,-0.3642,0.8681,1296.1150,56.44
NA,NA,-1,Unknown,Unknown,Unknown,Unknown,54.82,54.82,-0.3649,0.8681,1298.6380,56.42
NA,NA,-1,Unknown,Unknown,Unknown,Unknown,54.93,54.93,-0.3658,0.8681,1301.6640,56.41
NA,NA,-1,Unknown,Unknown,Unknown,Unknown,55.04,55.04,-0.3664,0.8681,1304.1850,56.40
NA,NA,-1,Unknown,Unknown,Unknown,Unknown,55.14,55.14,-0.3671,0.8681,1306.7060,56.38
NA,NA,-1,Unknown,Unknown,Unknown,Unknown,55.25,55.25,-0.3680,0.8681,1309.7300,56.37
NA,NA,-1,Unknown,Unknown,Unknown,Unknown,55.36,55.36,-0.3687,0.8681,1312.2500,56.35
NA,NA,-1,Unknown,Unknown,Unknown,Unknown,55.47,55.47,-0.3695,0.8681,1315.2720,56.34
NA,NA,-1,Unknown,Unknown,Unknown,Unknown,55.58,55.58,-0.3702,0.8681,1317.7910,56.33
NA,NA,-1,Unknown,Unknown,Unknown,Unknown,55.69,55.69,-0.3710,0.8681,1320.8120,56.31
NA,NA,-1,Unknown,Unknown,Unknown,Unknown,55.80,55.80,-0.3717,0.8681,1323.3290,56.30
NA,NA,-1,Unknown,Unknown,Unknown,Unknown,55.90,55.90,-0.3724,0.8681,1325.8450,56.29
NA,NA,-1,Unknown,Unknown,Unknown,Unknown,56.02,56.02,-0.3732,0.8681,1328.8640,56.27
NA,NA,-1,Unknown,Unknown,Unknown,Unknown,56.12,56.12,-0.3739,0.8681,1331.3800,56.26
NA,NA,-1,Unknown,Unknown,Unknown,Unknown,56.22,56.22,-0.3746,0.8681,1333.8940,56.25
NA,NA,-1,Unknown,Unknown,Unknown,Unknown,56.32,56.32,-0.3752,0.8681,1336.4080,56.23
NA,NA,-1,Unknown,Unknown,Unknown,Unknown,56.43,56.43,-0.3761,0.8681,1339.4250,56.22
NA,NA,-1,Unknown,Unknown,Unknown,Unknown,56.54,56.54,-0.3767,0.8681,1341.9370,56.21
NA,NA,-1,Unknown,Unknown,Unknown,Unknown,56.65,56.65,-0.3775,0.8681,1344.9520,56.19
NA,NA,-1,Unknown,Unknown,Unknown,Unknown,56.75,56.75,-0.3782,0.8681,1347.4640,56.18
NA,NA,-1,Unknown,Unknown,Unknown,Unknown,56.86,56.86,-0.3790,0.8681,1350.4770,56.16
NA,NA,-1,Unknown,Unknown,Unknown,Unknown,56.97,56.97,-0.3797,0.8681,1352.9870,56.15
NA,NA,-1,Unknown,Unknown,Unknown,Unknown,57.07,57.07,-0.3804,0.8681,1355.4970,56.14
NA,NA,-1,Unknown,Unknown,Unknown,Unknown,57.17,57.17,-0.3810,0.8681,1358.0060,56.12
NA,NA,-1,Unknown,Unknown,Unknown,Unknown,57.28,57.28,-0.3818,0.8681,1361.0160,56.11
NA,NA,-1,Unknown,Unknown,Unknown,Unknown,57.38,57.38,-0.3825,0.8681,1363.5240,56.10
NA,NA,-1,Unknown,Unknown,Unknown,Unknown,57.49,57.49,-0.3831,0.8681,1366.0320,56.08
NA,NA,-1,Unknown,Unknown,Unknown,Unknown,57.60,57.60,-0.3838,0.8681,1368.5390,56.07
NA,NA,-1,Unknown,Unknown,Unknown,Unknown,57.70,57.70,-0.3845,0.8681,1371.0450,56.06
NA,NA,-1,Unknown,Unknown,Unknown,Unknown,57.81,57.81,-0.3853,0.8681,1374.0520,56.04
NA,NA,-1,Unknown,Unknown,Unknown,Unknown,57.92,57.92,-0.3859,0.8681,1376.5570,56.03
NA,NA,-1,Unknown,Unknown,Unknown,Unknown,58.02,58.02,-0.3866,0.8681,1379.0610,56.02
NA,NA,-1,Unknown,Unknown,Unknown,Unknown,58.12,58.12,-0.3872,0.8681,1381.5650,56.01
NA,NA,-1,Unknown,Unknown,Unknown,Unknown,58.23,58.23,-0.3880,0.8681,1384.5690,55.99
NA,NA,-1,Unknown,Unknown,Unknown,Unknown,58.34,58.34,-0.3887,0.8681,1387.0720,55.98
NA,NA,-1,Unknown,Unknown,Unknown,Unknown,58.44,58.44,-0.3894,0.8681,1390.0740,55.96
NA,NA,-1,Unknown,Unknown,Unknown,Unknown,58.56,58.56,-0.3901,0.8681,1392.5760,55.95
NA,NA,-1,Unknown,Unknown,Unknown,Unknown,58.66,58.66,-0.3907,0.8681,1395.0770,55.94
NA,NA,-1,Unknown,Unknown,Unknown,Unknown,58.76,58.76,-0.3914,0.8681,1397.5770,55.93
NA,NA,-1,Unknown,Unknown,Unknown,Unknown,58.86,58.86,-0.3920,0.8681,1400.0770,55.91
NA,NA,-1,Unknown,Unknown,Unknown,Unknown,58.97,58.97,-0.3928,0.8681,1403.0760,55.90
NA,NA,-1,Unknown,Unknown,Unknown,Unknown,59.08,59.08,-0.3934,0.8681,1405.5740,55.89
NA,NA,-1,Unknown,Unknown,Unknown,Unknown,59.18,59.18,-0.3941,0.8681,1408.0720,55.87
NA,NA,-1,Unknown,Unknown,Unknown,Unknown,59.28,59.28,-0.3948,0.8681,1411.0690,55.86
NA,NA,-1,Unknown,Unknown,Unknown,Unknown,59.38,59.38,-0.3955,0.8681,1413.5660,55.85
NA,NA,-1,Unknown,Unknown,Unknown,Unknown,59.49,59.49,-0.3961,0.8681,1416.0620,55.83
NA,NA,-1,Unknown,Unknown,Unknown,Unknown,59.61,59.61,-0.3968,0.8681,1419.0570,55.82
NA,NA,-1,Unknown,Unknown,Unknown,Unknown,59.72,59.72,-0.3976,0.8681,1422.0510,55.80
NA,NA,-1,Unknown,Unknown,Unknown,Unknown,59.82,59.82,-0.3982,0.8681,1424.5450,55.79
NA,NA,-1,Unknown,Unknown,Unknown,Unknown,59.92,59.92,-0.3989,0.8681,1427.0380,55.78
NA,NA,-1,Unknown,Unknown,Unknown,Unknown,60.03,60.03,-0.3995,0.8681,1429.5320,55.77
NA,NA,-1,Unknown,Unknown,Unknown,Unknown,60.13,60.13,-0.4001,0.8681,1432.0240,55.75
NA,NA,-1,Unknown,Unknown,Unknown,Unknown,60.24,60.24,-0.4007,0.8681,1434.5160,55.74
NA,NA,-1,Unknown,Unknown,Unknown,Unknown,60.34,60.34,-0.4014,0.8681,1437.0080,55.73
NA,NA,-1,Unknown,Unknown,Unknown,Unknown,60.44,60.44,-0.4020,0.8681,1439.4990,55.71
NA,NA,-1,Unknown,Unknown,Unknown,Unknown,60.54,60.54,-0.4026,0.8681,1441.9890,55.70
NA,NA,-1,Unknown,Unknown,Unknown,Unknown,60.64,60.64,-0.4033,0.8681,1444.9770,55.69
NA,NA,-1,Unknown,Unknown,Unknown,Unknown,60.75,60.75,-0.4040,0.8681,1447.4660,55.67
NA,NA,-1,Unknown,Unknown,Unknown,Unknown,60.85,60.85,-0.4046,0.8681,1449.9540,55.66
NA,NA,-1,Unknown,Unknown,Unknown,Unknown,60.95,60.95,-0.4052,0.8681,1452.4420,55.65
NA,NA,-1,Unknown,Unknown,Unknown,Unknown,61.06,61.06,-0.4058,0.8681,1454.9300,55.64
NA,NA,-1,Unknown,Unknown,Unknown,Unknown,61.17,61.17,-0.4065,0.8681,1457.9140,55.62
NA,NA,-1,Unknown,Unknown,Unknown,Unknown,61.28,61.28,-0.4073,0.8681,1460.8970,55.61
NA,NA,-1,Unknown,Unknown,Unknown,Unknown,61.38,61.38,-0.4079,0.8681,1463.3830,55.59
NA,NA,-1,Unknown,Unknown,Unknown,Unknown,61.49,61.49,-0.4085,0.8681,1465.8680,55.58
NA,NA,-1,Unknown,Unknown,Unknown,Unknown,61.60,61.60,-0.4091,0.8681,1468.3520,55.57
NA,NA,-1,Unknown,Unknown,Unknown,Unknown,61.70,61.70,-0.4098,0.8681,1471.3330,55.55
NA,NA,-1,Unknown,Unknown,Unknown,Unknown,61.80,61.80,-0.4104,0.8681,1473.8160,55.54
NA,NA,-1,Unknown,Unknown,Unknown,Unknown,61.91,61.91,-0.4110,0.8681,1476.2980,55.53
NA,NA,-1,Unknown,Unknown,Unknown,Unknown,62.01,62.01,-0.4116,0.8681,1478.7810,55.52
NA,NA,-1,Unknown,Unknown,Unknown,Unknown,62.11,62.11,-0.4122,0.8681,1481.2620,55.50
NA,NA,-1,Unknown,Unknown,Unknown,Unknown,62.21,62.21,-0.4128,0.8681,1483.7430,55.49
NA,NA,-1,Unknown,Unknown,Unknown,Unknown,62.31,62.31,-0.4134,0.8681,1486.2240,55.48
NA,NA,-1,Unknown,Unknown,Unknown,Unknown,62.42,62.42,-0.4140,0.8681,1488.7030,55.47
NA,NA,-1,Unknown,Unknown,Unknown,Unknown,62.52,62.52,-0.4146,0.8681,1491.1830,55.45
NA,NA,-1,Unknown,Unknown,Unknown,Unknown,62.63,62.63,-0.4153,0.8681,1494.1570,55.44
NA,NA,-1,Unknown,Unknown,Unknown,Unknown,62.74,62.74,-0.4159,0.8681,1496.6350,55.43
NA,NA,-1,Unknown,Unknown,Unknown,Unknown,62.84,62.84,-0.4165,0.8681,1499.1130,55.42
NA,NA,-1,Unknown,Unknown,Unknown,Unknown,62.94,62.94,-0.4170,0.8681,1501.5890,55.40
NA,NA,-1,Unknown,Unknown,Unknown,Unknown,63.06,63.06,-0.4179,0.8681,1505.0560,55.39
NA,NA,-1,Unknown,Unknown,Unknown,Unknown,63.16,63.16,-0.4184,0.8681,1507.5320,55.37
NA,NA,-1,Unknown,Unknown,Unknown,Unknown,63.27,63.27,-0.4190,0.8681,1510.0070,55.36
NA,NA,-1,Unknown,Unknown,Unknown,Unknown,63.38,63.38,-0.4196,0.8681,1512.4810,55.35
NA,NA,-1,Unknown,Unknown,Unknown,Unknown,63.48,63.48,-0.4202,0.8681,1514.9550,55.34
NA,NA,-1,Unknown,Unknown,Unknown,Unknown,63.58,63.58,-0.4209,0.8681,1517.9230,55.32
NA,NA,-1,Unknown,Unknown,Unknown,Unknown,63.68,63.68,-0.4215,0.8681,1520.3960,55.31
NA,NA,-1,Unknown,Unknown,Unknown,Unknown,63.79,63.79,-0.4220,0.8681,1522.8680,55.30
NA,NA,-1,Unknown,Unknown,Unknown,Unknown,63.90,63.90,-0.4226,0.8681,1525.3400,55.28
NA,NA,-1,Unknown,Unknown,Unknown,Unknown,64.00,64.00,-0.4233,0.8681,1528.3050,55.27
NA,NA,-1,Unknown,Unknown,Unknown,Unknown,64.11,64.11,-0.4239,0.8681,1530.7750,55.26
NA,NA,-1,Unknown,Unknown,Unknown,Unknown,64.22,64.22,-0.4245,0.8681,1533.7390,55.24
NA,NA,-1,Unknown,Unknown,Unknown,Unknown,64.32,64.32,-0.4251,0.8681,1536.2080,55.23
NA,NA,-1,Unknown,Unknown,Unknown,Unknown,64.42,64.42,-0.4257,0.8681,1538.6770,55.22
NA,NA,-1,Unknown,Unknown,Unknown,Unknown,64.52,64.52,-0.4262,0.8681,1541.1450,55.20
NA,NA,-1,Unknown,Unknown,Unknown,Unknown,64.62,64.62,-0.4268,0.8681,1543.6120,55.19
NA,NA,-1,Unknown,Unknown,Unknown,Unknown,64.73,64.73,-0.4274,0.8681,1546.0790,55.18
NA,NA,-1,Unknown,Unknown,Unknown,Unknown,64.83,64.83,-0.4279,0.8681,1548.5460,55.17
NA,NA,-1,Unknown,Unknown,Unknown,Unknown,64.93,64.93,-0.4285,0.8681,1551.0110,55.15
NA,NA,-1,Unknown,Unknown,Unknown,Unknown,65.04,65.04,-0.4290,0.8681,1553.4770,55.14
NA,NA,-1,Unknown,Unknown,Unknown,Unknown,65.14,65.14,-0.4296,0.8681,1555.9410,55.13
NA,NA,-1,Unknown,Unknown,Unknown,Unknown,65.24,65.24,-0.4302,0.8681,1558.4050,55.12
NA,NA,-1,Unknown,Unknown,Unknown,Unknown,65.35,65.35,-0.4308,0.8681,1561.3620,55.10
NA,NA,-1,Unknown,Unknown,Unknown,Unknown,65.46,65.46,-0.4314,0.8681,1563.8250,55.09
NA,NA,-1,Unknown,Unknown,Unknown,Unknown,65.57,65.57,-0.4320,0.8681,1566.7790,55.07
NA,NA,-1,Unknown,Unknown,Unknown,Unknown,65.68,65.68,-0.4326,0.8681,1569.2410,55.06
NA,NA,-1,Unknown,Unknown,Unknown,Unknown,65.79,65.79,-0.4332,0.8681,1572.1940,55.05
NA,NA,-1,Unknown,Unknown,Unknown,Unknown,65.90,65.90,-0.4339,0.8681,1575.1470,55.03
NA,NA,-1,Unknown,Unknown,Unknown,Unknown,66.01,66.01,-0.4344,0.8681,1577.6070,55.02
NA,NA,-1,Unknown,Unknown,Unknown,Unknown,66.11,66.11,-0.4350,0.8681,1580.0660,55.01
NA,NA,-1,Unknown,Unknown,Unknown,Unknown,66.22,66.22,-0.4356,0.8681,1583.0160,54.99
NA,NA,-1,Unknown,Unknown,Unknown,Unknown,66.33,66.33,-0.4362,0.8681,1585.4740,54.98
NA,NA,-1,Unknown,Unknown,Unknown,Unknown,66.43,66.43,-0.4367,0.8681,1587.9320,54.97
NA,NA,-1,Unknown,Unknown,Unknown,Unknown,66.54,66.54,-0.4372,0.8681,1590.3890,54.96
NA,NA,-1,Unknown,Unknown,Unknown,Unknown,66.65,66.65,-0.4379,0.8681,1593.3370,54.94
NA,NA,-1,Unknown,Unknown,Unknown,Unknown,66.76,66.76,-0.4384,0.8681,1595.7920,54.93
NA,NA,-1,Unknown,Unknown,Unknown,Unknown,66.86,66.86,-0.4391,0.8681,1598.7390,54.91
NA,NA,-1,Unknown,Unknown,Unknown,Unknown,66.96,66.96,-0.4396,0.8681,1601.1930,54.90
NA,NA,-1,Unknown,Unknown,Unknown,Unknown,67.07,67.07,-0.4401,0.8681,1603.6470,54.89
NA,NA,-1,Unknown,Unknown,Unknown,Unknown,67.18,67.18,-0.4407,0.8681,1606.1010,54.88
NA,NA,-1,Unknown,Unknown,Unknown,Unknown,67.28,67.28,-0.4413,0.8681,1609.0440,54.86
NA,NA,-1,Unknown,Unknown,Unknown,Unknown,67.39,67.39,-0.4418,0.8681,1611.4960,54.85
NA,NA,-1,Unknown,Unknown,Unknown,Unknown,67.50,67.50,-0.4423,0.8681,1613.9480,54.84
NA,NA,-1,Unknown,Unknown,Unknown,Unknown,67.61,67.61,-0.4430,0.8681,1616.8890,54.82
NA,NA,-1,Unknown,Unknown,Unknown,Unknown,67.71,67.71,-0.4435,0.8681,1619.3400,54.81
NA,NA,-1,Unknown,Unknown,Unknown,Unknown,67.81,67.81,-0.4440,0.8681,1621.7900,54.80
NA,NA,-1,Unknown,Unknown,Unknown,Unknown,67.92,67.92,-0.4446,0.8681,1624.7290,54.78
NA,NA,-1,Unknown,Unknown,Unknown,Unknown,68.04,68.04,-0.4452,0.8681,1627.1770,54.77
NA,NA,-1,Unknown,Unknown,Unknown,Unknown,68.14,68.14,-0.4457,0.8681,1629.6260,54.76
NA,NA,-1,Unknown,Unknown,Unknown,Unknown,68.24,68.24,-0.4462,0.8681,1632.0730,54.75
NA,NA,-1,Unknown,Unknown,Unknown,Unknown,68.35,68.35,-0.4468,0.8681,1635.0100,54.73
NA,NA,-1,Unknown,Unknown,Unknown,Unknown,68.46,68.46,-0.4473,0.8681,1637.4560,54.72
NA,NA,-1,Unknown,Unknown,Unknown,Unknown,68.56,68.56,-0.4479,0.8681,1640.3910,54.70
NA,NA,-1,Unknown,Unknown,Unknown,Unknown,68.68,68.68,-0.4484,0.8681,1642.8360,54.69
NA,NA,-1,Unknown,Unknown,Unknown,Unknown,68.78,68.78,-0.4491,0.8681,1645.7700,54.68
NA,NA,-1,Unknown,Unknown,Unknown,Unknown,68.89,68.89,-0.4496,0.8681,1648.2140,54.67
NA,NA,-1,Unknown,Unknown,Unknown,Unknown,69.00,69.00,-0.4502,0.8681,1651.1460,54.65
NA,NA,-1,Unknown,Unknown,Unknown,Unknown,69.11,69.11,-0.4507,0.8681,1653.5880,54.64
NA,NA,-1,Unknown,Unknown,Unknown,Unknown,69.21,69.21,-0.4512,0.8681,1656.0310,54.63
NA,NA,-1,Unknown,Unknown,Unknown,Unknown,69.31,69.31,-0.4517,0.8681,1658.4720,54.61
NA,NA,-1,Unknown,Unknown,Unknown,Unknown,69.41,69.41,-0.4522,0.8681,1660.9130,54.60
NA,NA,-1,Unknown,Unknown,Unknown,Unknown,69.51,69.51,-0.4527,0.8681,1663.3540,54.59
NA,NA,-1,Unknown,Unknown,Unknown,Unknown,69.62,69.62,-0.4533,0.8681,1666.2820,54.57
NA,NA,-1,Unknown,Unknown,Unknown,Unknown,69.73,69.73,-0.4538,0.8681,1668.7210,54.56
NA,NA,-1,Unknown,Unknown,Unknown,Unknown,69.83,69.83,-0.4543,0.8681,1671.1600,54.55
NA,NA,-1,Unknown,Unknown,Unknown,Unknown,69.94,69.94,-0.4549,0.8681,1674.0860,54.54
NA,NA,-1,Unknown,Unknown,Unknown,Unknown,70.04,70.04,-0.4554,0.8681,1676.5240,54.52
NA,NA,-1,Unknown,Unknown,Unknown,Unknown,70.15,70.15,-0.4558,0.8681,1678.9610,54.51
NA,NA,-1,Unknown,Unknown,Unknown,Unknown,70.25,70.25,-0.4563,0.8681,1681.3970,54.50
NA,NA,-1,Unknown,Unknown,Unknown,Unknown,70.36,70.36,-0.4569,0.8681,1684.3200,54.48
NA,NA,-1,Unknown,Unknown,Unknown,Unknown,70.46,70.46,-0.4574,0.8681,1686.7560,54.47
NA,NA,-1,Unknown,Unknown,Unknown,Unknown,70.56,70.56,-0.4579,0.8681,1689.1900,54.46
NA,NA,-1,Unknown,Unknown,Unknown,Unknown,70.67,70.67,-0.4584,0.8681,1691.6250,54.45
NA,NA,-1,Unknown,Unknown,Unknown,Unknown,70.77,70.77,-0.4589,0.8681,1694.0580,54.43
NA,NA,-1,Unknown,Unknown,Unknown,Unknown,70.88,70.88,-0.4594,0.8681,1696.9780,54.42
NA,NA,-1,Unknown,Unknown,Unknown,Unknown,70.98,70.98,-0.4599,0.8681,1699.4100,54.41
NA,NA,-1,Unknown,Unknown,Unknown,Unknown,71.09,71.09,-0.4604,0.8681,1701.8420,54.40
NA,NA,-1,Unknown,Unknown,Unknown,Unknown,71.20,71.20,-0.4610,0.8681,1704.7600,54.38
NA,NA,-1,Unknown,Unknown,Unknown,Unknown,71.30,71.30,-0.4614,0.8681,1707.1900,54.37
NA,NA,-1,Unknown,Unknown,Unknown,Unknown,71.41,71.41,-0.4619,0.8681,1709.6210,54.36
NA,NA,-1,Unknown,Unknown,Unknown,Unknown,71.52,71.52,-0.4624,0.8681,1712.0500,54.34
NA,NA,-1,Unknown,Unknown,Unknown,Unknown,71.63,71.63,-0.4630,0.8681,1714.9650,54.33
NA,NA,-1,Unknown,Unknown,Unknown,Unknown,71.74,71.74,-0.4634,0.8681,1717.3940,54.32
NA,NA,-1,Unknown,Unknown,Unknown,Unknown,71.84,71.84,-0.4640,0.8681,1720.3070,54.30
NA,NA,-1,Unknown,Unknown,Unknown,Unknown,71.95,71.95,-0.4645,0.8681,1722.7340,54.29
NA,NA,-1,Unknown,Unknown,Unknown,Unknown,72.06,72.06,-0.4649,0.8681,1725.1610,54.28
NA,NA,-1,Unknown,Unknown,Unknown,Unknown,72.17,72.17,-0.4655,0.8681,1728.0720,54.26
NA,NA,-1,Unknown,Unknown,Unknown,Unknown,72.29,72.29,-0.4660,0.8681,1730.9830,54.25
NA,NA,-1,Unknown,Unknown,Unknown,Unknown,72.39,72.39,-0.4665,0.8681,1733.4070,54.24
NA,NA,-1,Unknown,Unknown,Unknown,Unknown,72.50,72.50,-0.4670,0.8681,1735.8320,54.22
NA,NA,-1,Unknown,Unknown,Unknown,Unknown,72.60,72.60,-0.4675,0.8681,1738.7400,54.21
NA,NA,-1,Unknown,Unknown,Unknown,Unknown,72.71,72.71,-0.4680,0.8681,1741.1630,54.20
NA,NA,-1,Unknown,Unknown,Unknown,Unknown,72.82,72.82,-0.4685,0.8681,1744.0700,54.18
NA,NA,-1,Unknown,Unknown,Unknown,Unknown,72.93,72.93,-0.4690,0.8681,1746.4920,54.17
NA,NA,-1,Unknown,Unknown,Unknown,Unknown,73.03,73.03,-0.4694,0.8681,1748.9130,54.16
NA,NA,-1,Unknown,Unknown,Unknown,Unknown,73.14,73.14,-0.4700,0.8681,1751.8180,54.14
NA,NA,-1,Unknown,Unknown,Unknown,Unknown,73.25,73.25,-0.4704,0.8681,1754.2380,54.13
NA,NA,-1,Unknown,Unknown,Unknown,Unknown,73.36,73.36,-0.4709,0.8681,1756.6580,54.12
NA,NA,-1,Unknown,Unknown,Unknown,Unknown,73.46,73.46,-0.4714,0.8681,1759.5610,54.11
NA,NA,-1,Unknown,Unknown,Unknown,Unknown,73.57,73.57,-0.4719,0.8681,1761.9790,54.09
NA,NA,-1,Unknown,Unknown,Unknown,Unknown,73.68,73.68,-0.4724,0.8681,1764.8800,54.08
NA,NA,-1,Unknown,Unknown,Unknown,Unknown,73.79,73.79,-0.4729,0.8681,1767.2970,54.07
NA,NA,-1,Unknown,Unknown,Unknown,Unknown,73.90,73.90,-0.4733,0.8681,1769.7140,54.05
NA,NA,-1,Unknown,Unknown,Unknown,Unknown,74.01,74.01,-0.4738,0.8681,1772.6130,54.04
NA,NA,-1,Unknown,Unknown,Unknown,Unknown,74.12,74.12,-0.4743,0.8681,1775.0290,54.03
NA,NA,-1,Unknown,Unknown,Unknown,Unknown,74.23,74.23,-0.4748,0.8681,1777.9270,54.01
NA,NA,-1,Unknown,Unknown,Unknown,Unknown,74.34,74.34,-0.4752,0.8681,1780.3410,54.00
NA,NA,-1,Unknown,Unknown,Unknown,Unknown,74.44,74.44,-0.4758,0.8681,1783.2370,53.99
NA,NA,-1,Unknown,Unknown,Unknown,Unknown,74.55,74.55,-0.4762,0.8681,1785.6500,53.97
NA,NA,-1,Unknown,Unknown,Unknown,Unknown,74.66,74.66,-0.4767,0.8681,1788.5450,53.96
NA,NA,-1,Unknown,Unknown,Unknown,Unknown,74.76,74.76,-0.4772,0.8681,1790.9570,53.95
NA,NA,-1,Unknown,Unknown,Unknown,Unknown,74.87,74.87,-0.4776,0.8681,1793.3690,53.94
NA,NA,-1,Unknown,Unknown,Unknown,Unknown,74.97,74.97,-0.4780,0.8681,1795.7790,53.92
NA,NA,-1,Unknown,Unknown,Unknown,Unknown,75.08,75.08,-0.4785,0.8681,1798.6720,53.91
NA,NA,-1,Unknown,Unknown,Unknown,Unknown,75.19,75.19,-0.4790,0.8681,1801.0810,53.90
NA,NA,-1,Unknown,Unknown,Unknown,Unknown,75.29,75.29,-0.4794,0.8681,1803.4900,53.88
NA,NA,-1,Unknown,Unknown,Unknown,Unknown,75.41,75.41,-0.4799,0.8681,1806.3800,53.87
NA,NA,-1,Unknown,Unknown,Unknown,Unknown,75.51,75.51,-0.4803,0.8681,1808.7880,53.86
NA,NA,-1,Unknown,Unknown,Unknown,Unknown,75.62,75.62,-0.4807,0.8681,1811.1960,53.85
NA,NA,-1,Unknown,Unknown,Unknown,Unknown,75.73,75.73,-0.4812,0.8681,1814.0840,53.83
NA,NA,-1,Unknown,Unknown,Unknown,Unknown,75.83,75.83,-0.4817,0.8681,1816.4900,53.82
NA,NA,-1,Unknown,Unknown,Unknown,Unknown,75.94,75.94,-0.4821,0.8681,1818.8950,53.81
NA,NA,-1,Unknown,Unknown,Unknown,Unknown,76.05,76.05,-0.4826,0.8681,1821.7810,53.79
NA,NA,-1,Unknown,Unknown,Unknown,Unknown,76.15,76.15,-0.4830,0.8681,1824.1860,53.78
NA,NA,-1,Unknown,Unknown,Unknown,Unknown,76.26,76.26,-0.4834,0.8681,1826.5890,53.77
NA,NA,-1,Unknown,Unknown,Unknown,Unknown,76.37,76.37,-0.4839,0.8681,1829.4730,53.75
NA,NA,-1,Unknown,Unknown,Unknown,Unknown,76.47,76.47,-0.4843,0.8681,1831.8760,53.74
NA,NA,-1,Unknown,Unknown,Unknown,Unknown,76.58,76.58,-0.4847,0.8681,1834.2780,53.73
NA,NA,-1,Unknown,Unknown,Unknown,Unknown,76.69,76.69,-0.4852,0.8681,1837.1600,53.71
NA,NA,-1,Unknown,Unknown,Unknown,Unknown,76.79,76.79,-0.4856,0.8681,1839.5610,53.70
NA,NA,-1,Unknown,Unknown,Unknown,Unknown,76.90,76.90,-0.4860,0.8681,1841.9610,53.69
NA,NA,-1,Unknown,Unknown,Unknown,Unknown,77.01,77.01,-0.4865,0.8681,1844.8410,53.68
NA,NA,-1,Unknown,Unknown,Unknown,Unknown,77.11,77.11,-0.4869,0.8681,1847.2400,53.66
NA,NA,-1,Unknown,Unknown,Unknown,Unknown,77.22,77.22,-0.4873,0.8681,1849.6390,53.65
NA,NA,-1,Unknown,Unknown,Unknown,Unknown,77.32,77.32,-0.4877,0.8681,1852.0370,53.64
NA,NA,-1,Unknown,Unknown,Unknown,Unknown,77.42,77.42,-0.4881,0.8681,1854.4350,53.63
NA,NA,-1,Unknown,Unknown,Unknown,Unknown,77.52,77.52,-0.4886,0.8681,1857.3110,53.61
NA,NA,-1,Unknown,Unknown,Unknown,Unknown,77.62,77.62,-0.4890,0.8681,1859.7080,53.60
NA,NA,-1,Unknown,Unknown,Unknown,Unknown,77.73,77.73,-0.4894,0.8681,1862.1040,53.59
NA,NA,-1,Unknown,Unknown,Unknown,Unknown,77.84,77.84,-0.4898,0.8681,1864.4990,53.58
NA,NA,-1,Unknown,Unknown,Unknown,Unknown,77.94,77.94,-0.4903,0.8681,1867.3730,53.56
NA,NA,-1,Unknown,Unknown,Unknown,Unknown,78.04,78.04,-0.4907,0.8681,1869.7670,53.55
NA,NA,-1,Unknown,Unknown,Unknown,Unknown,78.15,78.15,-0.4911,0.8681,1872.1600,53.54
NA,NA,-1,Unknown,Unknown,Unknown,Unknown,78.26,78.26,-0.4915,0.8681,1874.5530,53.53
NA,NA,-1,Unknown,Unknown,Unknown,Unknown,78.37,78.37,-0.4919,0.8681,1877.4240,53.51
NA,NA,-1,Unknown,Unknown,Unknown,Unknown,78.48,78.48,-0.4923,0.8681,1879.8160,53.50
NA,NA,-1,Unknown,Unknown,Unknown,Unknown,78.58,78.58,-0.4927,0.8681,1882.2080,53.49
NA,NA,-1,Unknown,Unknown,Unknown,Unknown,78.68,78.68,-0.4931,0.8681,1884.5990,53.48
NA,NA,-1,Unknown,Unknown,Unknown,Unknown,78.79,78.79,-0.4936,0.8681,1887.4670,53.46
NA,NA,-1,Unknown,Unknown,Unknown,Unknown,78.89,78.89,-0.4939,0.8681,1889.8560,53.45
NA,NA,-1,Unknown,Unknown,Unknown,Unknown,78.99,78.99,-0.4943,0.8681,1892.2450,53.44
NA,NA,-1,Unknown,Unknown,Unknown,Unknown,79.10,79.10,-0.4947,0.8681,1894.6340,53.43
NA,NA,-1,Unknown,Unknown,Unknown,Unknown,79.20,79.20,-0.4951,0.8681,1897.0220,53.41
NA,NA,-1,Unknown,Unknown,Unknown,Unknown,79.30,79.30,-0.4955,0.8681,1899.4100,53.40
NA,NA,-1,Unknown,Unknown,Unknown,Unknown,79.41,79.41,-0.4959,0.8681,1902.2740,53.39
NA,NA,-1,Unknown,Unknown,Unknown,Unknown,79.52,79.52,-0.4963,0.8681,1904.6600,53.38
NA,NA,-1,Unknown,Unknown,Unknown,Unknown,79.63,79.63,-0.4967,0.8681,1907.5230,53.36
NA,NA,-1,Unknown,Unknown,Unknown,Unknown,79.73,79.73,-0.4971,0.8681,1909.9080,53.35
NA,NA,-1,Unknown,Unknown,Unknown,Unknown,79.83,79.83,-0.4975,0.8681,1912.2930,53.34
NA,NA,-1,Unknown,Unknown,Unknown,Unknown,79.95,79.95,-0.4979,0.8681,1915.1540,53.32
NA,NA,-1,Unknown,Unknown,Unknown,Unknown,80.06,80.06,-0.4983,0.8681,1917.5370,53.31
NA,NA,-1,Unknown,Unknown,Unknown,Unknown,80.16,80.16,-0.4987,0.8681,1919.9200,53.30
NA,NA,-1,Unknown,Unknown,Unknown,Unknown,80.26,80.26,-0.4990,0.8681,1922.3020,53.29
NA,NA,-1,Unknown,Unknown,Unknown,Unknown,80.36,80.36,-0.4994,0.8681,1924.6840,53.27
NA,NA,-1,Unknown,Unknown,Unknown,Unknown,80.47,80.47,-0.4998,0.8681,1927.5410,53.26
NA,NA,-1,Unknown,Unknown,Unknown,Unknown,80.57,80.57,-0.5002,0.8681,1929.9220,53.25
NA,NA,-1,Unknown,Unknown,Unknown,Unknown,80.67,80.67,-0.5006,0.8681,1932.3020,53.24
NA,NA,-1,Unknown,Unknown,Unknown,Unknown,80.77,80.77,-0.5009,0.8681,1934.6820,53.22
NA,NA,-1,Unknown,Unknown,Unknown,Unknown,80.88,80.88,-0.5014,0.8681,1937.5360,53.21
NA,NA,-1,Unknown,Unknown,Unknown,Unknown,80.98,80.98,-0.5017,0.8681,1939.9150,53.20
NA,NA,-1,Unknown,Unknown,Unknown,Unknown,81.09,81.09,-0.5021,0.8681,1942.2930,53.19
NA,NA,-1,Unknown,Unknown,Unknown,Unknown,81.20,81.20,-0.5024,0.8681,1944.6700,53.17
NA,NA,-1,Unknown,Unknown,Unknown,Unknown,81.30,81.30,-0.5028,0.8681,1947.0470,53.16
NA,NA,-1,Unknown,Unknown,Unknown,Unknown,81.40,81.40,-0.5031,0.8681,1949.4230,53.15
NA,NA,-1,Unknown,Unknown,Unknown,Unknown,81.51,81.51,-0.5036,0.8681,1952.2740,53.14
NA,NA,-1,Unknown,Unknown,Unknown,Unknown,81.62,81.62,-0.5039,0.8681,1954.6490,53.12
NA,NA,-1,Unknown,Unknown,Unknown,Unknown,81.72,81.72,-0.5043,0.8681,1957.0230,53.11
NA,NA,-1,Unknown,Unknown,Unknown,Unknown,81.83,81.83,-0.5047,0.8681,1959.8720,53.10
NA,NA,-1,Unknown,Unknown,Unknown,Unknown,81.93,81.93,-0.5050,0.8681,1962.2450,53.09
NA,NA,-1,Unknown,Unknown,Unknown,Unknown,82.04,82.04,-0.5054,0.8681,1964.6180,53.07
NA,NA,-1,Unknown,Unknown,Unknown,Unknown,82.15,82.15,-0.5058,0.8681,1967.4650,53.06
NA,NA,-1,Unknown,Unknown,Unknown,Unknown,82.25,82.25,-0.5061,0.8681,1969.8370,53.05
NA,NA,-1,Unknown,Unknown,Unknown,Unknown,82.36,82.36,-0.5065,0.8681,1972.2080,53.04
NA,NA,-1,Unknown,Unknown,Unknown,Unknown,82.46,82.46,-0.5068,0.8681,1974.5780,53.02
NA,NA,-1,Unknown,Unknown,Unknown,Unknown,82.57,82.57,-0.5072,0.8681,1977.4220,53.01
NA,NA,-1,Unknown,Unknown,Unknown,Unknown,82.67,82.67,-0.5076,0.8675,1979.7660,51.90
NA,NA,-1,Unknown,Unknown,Unknown,Unknown,82.77,82.77,-0.5079,0.8769,1982.0210,50.10
NA,NA,-1,Unknown,Unknown,Unknown,Unknown,82.88,82.88,-0.5088,0.8781,1984.6590,48.83
NA,NA,-1,Unknown,Unknown,Unknown,Unknown,82.98,82.98,-0.5099,0.8468,1986.8560,48.50
NA,NA,-1,Unknown,Unknown,Unknown,Unknown,83.08,83.08,-0.5117,0.8461,1989.0020,47.62
NA,NA,-1,Unknown,Unknown,Unknown,Unknown,83.19,83.19,-0.5134,0.8610,1991.0940,46.41
NA,NA,-1,Unknown,Unknown,Unknown,Unknown,83.29,83.29,-0.5154,0.8768,1993.1140,44.77
NA,NA,-1,Unknown,Unknown,Unknown,Unknown,83.39,83.39,-0.5178,0.8801,1995.0750,43.47
NA,NA,-1,Unknown,Unknown,Unknown,Unknown,83.50,83.50,-0.5208,0.8601,1997.0090,42.67
NA,NA,-1,Unknown,Unknown,Unknown,Unknown,83.61,83.61,-0.5257,0.8572,1999.2460,40.92
NA,NA,-1,Unknown,Unknown,Unknown,Unknown,83.71,83.71,-0.5307,0.8666,2001.0390,39.88
NA,NA,-1,Unknown,Unknown,Unknown,Unknown,83.81,83.81,-0.5363,0.8591,2002.8020,38.84
NA,NA,-1,Unknown,Unknown,Unknown,Unknown,83.92,83.92,-0.5431,0.8626,2004.5040,37.73
NA,NA,-1,Unknown,Unknown,Unknown,Unknown,84.02,84.02,-0.5524,0.8643,2006.4840,36.35
NA,NA,-1,Unknown,Unknown,Unknown,Unknown,84.12,84.12,-0.5613,0.8623,2008.0830,35.22
NA,NA,-1,Unknown,Unknown,Unknown,Unknown,84.22,84.22,-0.5712,0.8605,2009.6320,34.21
NA,NA,-1,Unknown,Unknown,Unknown,Unknown,84.33,84.33,-0.5822,0.8631,2011.1270,33.10
NA,NA,-1,Unknown,Unknown,Unknown,Unknown,84.44,84.44,-0.5941,0.8639,2012.5750,31.87
NA,NA,-1,Unknown,Unknown,Unknown,Unknown,84.54,84.54,-0.5967,0.8608,2014.1510,23.17
NA,NA,-1,Unknown,Unknown,Unknown,Unknown,84.64,84.64,-0.5778,0.9908,2015.0490,11.51
NA,NA,-1,Unknown,Unknown,Unknown,Unknown,84.74,84.74,-0.5100,1.2606,2015.6600,10.05
NA,NA,-1,Unknown,Unknown,Unknown,Unknown,84.85,84.85,-0.3298,1.4855,2016.0040,9.85
NA,NA,-1,Unknown,Unknown,Unknown,Unknown,84.95,84.95,0.0321,1.3925,2016.5290,10.26
NA,NA,-1,Unknown,Unknown,Unknown,Unknown,85.06,85.06,-0.1255,1.6428,2017.2510,7.32
NA,NA,-1,Unknown,Unknown,Unknown,Unknown,85.17,85.17,-0.2885,1.5279,2017.9690,8.47
NA,NA,-1,Unknown,Unknown,Unknown,Unknown,85.28,85.28,-0.3624,1.8037,2017.7680,21.75
NA,NA,-1,Unknown,Unknown,Unknown,Unknown,85.38,85.38,-0.3658,2.3571,2016.9910,20.60
NA,NA,-1,Unknown,Unknown,Unknown,Unknown,85.48,85.48,-0.4068,2.9373,2015.9780,19.46
NA,NA,-1,Unknown,Unknown,Unknown,Unknown,85.59,85.59,-0.4958,3.3356,2015.0790,18.73
NA,NA,-1,Unknown,Unknown,Unknown,Unknown,85.69,85.69,-0.6496,3.6399,2014.1440,18.25
NA,NA,-1,Unknown,Unknown,Unknown,Unknown,85.79,85.79,-0.8735,3.8347,2013.1940,18.02
NA,NA,-1,Unknown,Unknown,Unknown,Unknown,85.89,85.89,-1.1649,3.9061,2012.2490,18.06
NA,NA,-1,Unknown,Unknown,Unknown,Unknown,85.99,85.99,-1.5131,3.8436,2011.3280,18.36
NA,NA,-1,Unknown,Unknown,Unknown,Unknown,86.09,86.09,-1.9012,3.6409,2010.4470,18.91
NA,NA,-1,Unknown,Unknown,Unknown,Unknown,86.19,86.19,-2.3084,3.2967,2009.6180,19.69
NA,NA,-1,Unknown,Unknown,Unknown,Unknown,86.29,86.29,-2.7120,2.8147,2008.8450,20.68
NA,NA,-1,Unknown,Unknown,Unknown,Unknown,86.40,86.40,-3.2195,2.6315,2008.3760,14.63
NA,NA,-1,Unknown,Unknown,Unknown,Unknown,86.50,86.50,-3.7002,2.3080,2007.9530,14.90
NA,NA,-1,Unknown,Unknown,Unknown,Unknown,86.60,86.60,-3.9709,1.9972,2007.6660,15.38
NA,NA,-1,Unknown,Unknown,Unknown,Unknown,86.71,86.71,-4.1253,1.6817,2007.3730,16.00
NA,NA,-1,Unknown,Unknown,Unknown,Unknown,86.81,86.81,-4.1831,1.4607,2006.7560,15.29
NA,NA,-1,Unknown,Unknown,Unknown,Unknown,86.92,86.92,-4.2476,1.2229,2006.1010,15.23
NA,NA,-1,Unknown,Unknown,Unknown,Unknown,87.02,87.02,-4.5139,0.9737,2005.3060,14.35
NA,NA,-1,Unknown,Unknown,Unknown,Unknown,87.12,87.12,-4.8471,0.8328,2004.7410,12.07
NA,NA,-1,Unknown,Unknown,Unknown,Unknown,87.23,87.23,-5.0165,0.8593,2004.2990,10.37
NA,NA,-1,Unknown,Unknown,Unknown,Unknown,87.33,87.33,-5.1687,0.8782,2003.9010,9.32
NA,NA,-1,Unknown,Unknown,Unknown,Unknown,87.43,87.43,-5.3011,0.8764,2003.5330,8.30
NA,NA,-1,Unknown,Unknown,Unknown,Unknown,87.54,87.54,-5.4204,0.8674,2003.1450,6.90
NA,NA,-1,Unknown,Unknown,Unknown,Unknown,87.64,87.64,-5.4881,0.8698,2002.8800,5.77
NA,NA,-1,Unknown,Unknown,Unknown,Unknown,87.75,87.75,-5.5363,0.8700,2002.6590,4.66
NA,NA,-1,Unknown,Unknown,Unknown,Unknown,87.85,87.85,-5.5737,0.8700,2002.4850,3.54
NA,NA,-1,Unknown,Unknown,Unknown,Unknown,87.95,87.95,-5.6017,0.8703,2002.3590,2.43
NA,NA,-1,Unknown,Unknown,Unknown,Unknown,88.05,88.05,-5.6190,0.8700,2002.2810,1.33
NA,NA,-1,Unknown,Unknown,Unknown,Unknown,88.16,88.16,-5.6260,0.8694,2002.2500,0.43
NA,NA,-1,Unknown,Unknown,Unknown,Unknown,88.26,88.26,-5.6265,0.8705,2002.2480,0.10
NA,NA,-1,Unknown,Unknown,Unknown,Unknown,88.37,88.37,-5.6257,0.8702,2002.2510,0.17
NA,NA,-1,Unknown,Unknown,Unknown,Unknown,88.47,88.47,-5.6248,0.8690,2002.2550,0.16
NA,NA,-1,Unknown,Unknown,Unknown,Unknown,88.57,88.57,-5.6241,0.8677,2002.2580,0.11
NA,NA,-1,Unknown,Unknown,Unknown,Unknown,88.67,88.67,-5.6237,0.8668,2002.2600,0.05
NA,NA,-1,Unknown,Unknown,Unknown,Unknown,88.78,88.78,-5.6236,0.8664,2002.2600,0.00
NA,NA,-1,Unknown,Unknown,Unknown,Unknown,88.89,88.89,-5.6237,0.8665,2002.2600,0.03
NA,NA,-1,Unknown,Unknown,Unknown,Unknown,88.99,88.99,-5.6239,0.8669,2002.2590,0.03
NA,NA,-1,Unknown,Unknown,Unknown,Unknown,89.11,89.11,-5.6241,0.8673,2002.2580,0.02
NA,NA,-1,Unknown,Unknown,Unknown,Unknown,89.21,89.21,-5.6242,0.8676,2002.2580,0.01
NA,NA,-1,Unknown,Unknown,Unknown,Unknown,89.31,89.31,-5.6242,0.8676,2002.2580,0.00
NA,NA,-1,Unknown,Unknown,Unknown,Unknown,89.42,89.42,-5.6242,0.8676,2002.2580,0.00
NA,NA,-1,Unknown,Unknown,Unknown,Unknown,89.52,89.52,-5.6242,0.8675,2002.2580,0.01
NA,NA,-1,Unknown,Unknown,Unknown,Unknown,89.62,89.62,-5.6241,0.8674,2002.2580,0.01
NA,NA,-1,Unknown,Unknown,Unknown,Unknown,89.73,89.73,-5.6245,0.8673,2002.2560,0.05
NA,NA,-1,Unknown,Unknown,Unknown,Unknown,89.83,89.83,-5.6271,0.8669,2002.2450,0.36
NA,NA,-1,Unknown,Unknown,Unknown,Unknown,89.93,89.93,-5.6336,0.8660,2002.2160,0.80
NA,NA,-1,Unknown,Unknown,Unknown,Unknown,90.03,90.03,-5.6459,0.8643,2002.1620,1.39
NA,NA,-1,Unknown,Unknown,Unknown,Unknown,90.14,90.14,-5.6688,0.8644,2002.0620,2.25
NA,NA,-1,Unknown,Unknown,Unknown,Unknown,90.25,90.25,-5.6953,0.8644,2001.9460,2.93
NA,NA,-1,Unknown,Unknown,Unknown,Unknown,90.35,90.35,-5.7283,0.8643,2001.8020,3.59
NA,NA,-1,Unknown,Unknown,Unknown,Unknown,90.45,90.45,-5.7676,0.8645,2001.6280,4.25
NA,NA,-1,Unknown,Unknown,Unknown,Unknown,90.56,90.56,-5.8141,0.8645,2001.4250,4.92
NA,NA,-1,Unknown,Unknown,Unknown,Unknown,90.66,90.66,-5.8776,0.8647,2001.1470,5.55
NA,NA,-1,Unknown,Unknown,Unknown,Unknown,90.76,90.76,-5.9345,0.8649,2000.8970,5.85
NA,NA,-1,Unknown,Unknown,Unknown,Unknown,90.88,90.88,-5.9929,0.8652,2000.6410,5.95
NA,NA,-1,Unknown,Unknown,Unknown,Unknown,0.35,0.35,0.0022,0.8588,-0.0074,0.35
NA,NA,-1,Unknown,Unknown,Unknown,Unknown,0.46,0.46,0.0036,0.8706,-0.0089,0.15
NA,NA,-1,Unknown,Unknown,Unknown,Unknown,0.57,0.57,0.0039,0.8735,-0.0076,0.08
NA,NA,-1,Unknown,Unknown,Unknown,Unknown,0.68,0.68,0.0036,0.8723,-0.0054,0.10
NA,NA,-1,Unknown,Unknown,Unknown,Unknown,0.78,0.78,0.0028,0.8694,-0.0030,0.09
NA,NA,-1,Unknown,Unknown,Unknown,Unknown,0.89,0.89,0.0020,0.8674,-0.0018,0.06
NA,NA,-1,Unknown,Unknown,Unknown,Unknown,0.99,0.99,0.0014,0.8665,-0.0012,0.03
NA,NA,-1,Unknown,Unknown,Unknown,Unknown,1.10,1.10,0.0009,0.8664,0.0011,0.07
NA,NA,-1,Unknown,Unknown,Unknown,Unknown,1.20,1.20,0.0005,0.8672,0.0134,0.30
NA,NA,-1,Unknown,Unknown,Unknown,Unknown,1.31,1.31,0.0004,0.8686,0.0445,0.80
NA,NA,-1,Unknown,Unknown,Unknown,Unknown,1.42,1.42,0.0005,0.8702,0.1008,1.43
NA,NA,-1,Unknown,Unknown,Unknown,Unknown,1.53,1.53,0.0011,0.8700,0.2043,2.26
NA,NA,-1,Unknown,Unknown,Unknown,Unknown,1.63,1.63,0.0007,0.8699,0.3233,2.93
NA,NA,-1,Unknown,Unknown,Unknown,Unknown,1.73,1.73,0.0017,0.8698,0.4725,3.60
NA,NA,-1,Unknown,Unknown,Unknown,Unknown,1.84,1.84,0.0009,0.8700,0.6517,4.28
NA,NA,-1,Unknown,Unknown,Unknown,Unknown,1.94,1.94,0.0009,0.8700,0.9063,5.08
NA,NA,-1,Unknown,Unknown,Unknown,Unknown,2.04,2.04,0.0015,0.8703,1.1513,5.75
NA,NA,-1,Unknown,Unknown,Unknown,Unknown,2.15,2.15,0.0017,0.9118,1.4402,6.39
NA,NA,-1,Unknown,Unknown,Unknown,Unknown,2.25,2.25,0.0023,0.9192,1.7397,6.86
NA,NA,-1,Unknown,Unknown,Unknown,Unknown,2.35,2.35,0.0027,0.8759,2.0391,7.39
NA,NA,-1,Unknown,Unknown,Unknown,Unknown,2.45,2.45,0.0033,0.8419,2.3925,8.48
NA,NA,-1,Unknown,Unknown,Unknown,Unknown,2.56,2.56,0.0040,0.8528,2.8738,9.23
NA,NA,-1,Unknown,Unknown,Unknown,Unknown,2.67,2.67,0.0045,0.8673,3.3088,9.89
NA,NA,-1,Unknown,Unknown,Unknown,Unknown,2.77,2.77,0.0049,0.8701,3.7682,10.57
NA,NA,-1,Unknown,Unknown,Unknown,Unknown,2.88,2.88,0.0054,0.8706,4.2589,11.24
NA,NA,-1,Unknown,Unknown,Unknown,Unknown,2.98,2.98,0.0055,0.8696,4.7790,11.89
NA,NA,-1,Unknown,Unknown,Unknown,Unknown,3.09,3.09,0.0064,0.9012,5.4196,12.37
NA,NA,-1,Unknown,Unknown,Unknown,Unknown,3.19,3.19,0.0075,0.8683,5.9952,12.69
NA,NA,-1,Unknown,Unknown,Unknown,Unknown,3.29,3.29,0.0068,0.8657,6.5599,12.75
NA,NA,-1,Unknown,Unknown,Unknown,Unknown,3.40,3.40,0.0067,0.8655,7.1262,12.75
NA,NA,-1,Unknown,Unknown,Unknown,Unknown,3.50,3.50,0.0068,0.8666,7.8076,12.75
NA,NA,-1,Unknown,Unknown,Unknown,Unknown,3.60,3.60,0.0071,0.8677,8.3821,12.91
NA,NA,-1,Unknown,Unknown,Unknown,Unknown,3.70,3.70,0.0074,0.8689,8.9720,13.27
NA,NA,-1,Unknown,Unknown,Unknown,Unknown,3.81,3.81,0.0078,0.8705,9.5850,13.84
NA,NA,-1,Unknown,Unknown,Unknown,Unknown,3.92,3.92,0.0082,0.8707,10.2227,14.53
NA,NA,-1,Unknown,Unknown,Unknown,Unknown,4.02,4.02,0.0090,0.8693,10.8884,15.20
NA,NA,-1,Unknown,Unknown,Unknown,Unknown,4.12,4.12,0.0107,0.8703,11.7289,16.01
NA,NA,-1,Unknown,Unknown,Unknown,Unknown,4.22,4.22,0.0090,0.8707,12.4621,16.63
NA,NA,-1,Unknown,Unknown,Unknown,Unknown,4.33,4.33,0.0101,0.8697,13.2248,17.34
NA,NA,-1,Unknown,Unknown,Unknown,Unknown,4.43,4.43,0.0104,0.8705,14.0163,18.01
NA,NA,-1,Unknown,Unknown,Unknown,Unknown,4.53,4.53,0.0104,0.8729,14.8396,18.67
NA,NA,-1,Unknown,Unknown,Unknown,Unknown,4.63,4.63,0.0104,0.8709,15.6911,19.33
NA,NA,-1,Unknown,Unknown,Unknown,Unknown,4.74,4.74,0.0104,0.8697,16.5728,20.01
NA,NA,-1,Unknown,Unknown,Unknown,Unknown,4.84,4.84,0.0104,0.8719,17.6702,20.73
NA,NA,-1,Unknown,Unknown,Unknown,Unknown,4.94,4.94,0.0102,0.8722,18.6180,21.47
NA,NA,-1,Unknown,Unknown,Unknown,Unknown,5.04,5.04,0.0096,0.8689,19.5956,22.14
NA,NA,-1,Unknown,Unknown,Unknown,Unknown,5.15,5.15,0.0091,0.8720,20.6015,22.73
NA,NA,-1,Unknown,Unknown,Unknown,Unknown,5.26,5.26,0.0088,0.8731,21.8490,23.56
NA,NA,-1,Unknown,Unknown,Unknown,Unknown,5.36,5.36,0.0086,0.8693,22.9139,24.03
NA,NA,-1,Unknown,Unknown,Unknown,Unknown,5.46,5.46,0.0083,0.8675,23.9946,24.27
NA,NA,-1,Unknown,Unknown,Unknown,Unknown,5.57,5.57,0.0081,0.8677,25.0795,24.34
NA,NA,-1,Unknown,Unknown,Unknown,Unknown,5.68,5.68,0.0078,0.8681,26.1644,24.33
NA,NA,-1,Unknown,Unknown,Unknown,Unknown,5.78,5.78,0.0074,0.8681,27.4673,24.32
NA,NA,-1,Unknown,Unknown,Unknown,Unknown,5.89,5.89,0.0070,0.8680,28.5537,24.31
NA,NA,-1,Unknown,Unknown,Unknown,Unknown,6.00,6.00,0.0067,0.8679,29.6404,24.30
NA,NA,-1,Unknown,Unknown,Unknown,Unknown,0.35,0.35,0.0022,0.8588,-0.0074,0.35
NA,NA,-1,Unknown,Unknown,Unknown,Unknown,0.46,0.46,0.0036,0.8706,-0.0089,0.15
NA,NA,-1,Unknown,Unknown,Unknown,Unknown,0.57,0.57,0.0039,0.8735,-0.0076,0.08
NA,NA,-1,Unknown,Unknown,Unknown,Unknown,0.68,0.68,0.0035,0.8719,-0.0049,0.11
NA,NA,-1,Unknown,Unknown,Unknown,Unknown,0.79,0.79,0.0028,0.8696,0.0041,0.30
NA,NA,-1,Unknown,Unknown,Unknown,Unknown,0.89,0.89,0.0020,0.8685,0.0309,0.68
NA,NA,-1,Unknown,Unknown,Unknown,Unknown,1.00,1.00,0.0013,0.8689,0.0826,1.32
NA,NA,-1,Unknown,Unknown,Unknown,Unknown,1.10,1.10,0.0006,0.8698,0.1781,2.12
NA,NA,-1,Unknown,Unknown,Unknown,Unknown,1.21,1.21,0.0002,0.8702,0.2909,2.80
NA,NA,-1,Unknown,Unknown,Unknown,Unknown,1.31,1.31,0.0001,0.8701,0.4335,3.46
NA,NA,-1,Unknown,Unknown,Unknown,Unknown,1.42,1.42,0.0000,0.8699,0.6061,4.13
NA,NA,-1,Unknown,Unknown,Unknown,Unknown,1.52,1.52,0.0000,0.8700,0.8532,4.93
NA,NA,-1,Unknown,Unknown,Unknown,Unknown,1.63,1.63,0.0001,0.8701,1.0916,5.61
NA,NA,-1,Unknown,Unknown,Unknown,Unknown,1.73,1.73,-0.0001,0.9076,1.3726,6.25
NA,NA,-1,Unknown,Unknown,Unknown,Unknown,1.84,1.84,0.0000,0.9223,1.6707,6.77
NA,NA,-1,Unknown,Unknown,Unknown,Unknown,1.95,1.95,0.0001,0.8768,2.0297,7.38
NA,NA,-1,Unknown,Unknown,Unknown,Unknown,2.05,2.05,0.0003,0.8423,2.3822,8.47
NA,NA,-1,Unknown,Unknown,Unknown,Unknown,2.15,2.15,0.0006,0.8501,2.7794,9.09
NA,NA,-1,Unknown,Unknown,Unknown,Unknown,2.26,2.26,0.0008,0.8644,3.2081,9.74
NA,NA,-1,Unknown,Unknown,Unknown,Unknown,2.36,2.36,0.0010,0.8700,3.7565,10.56
NA,NA,-1,Unknown,Unknown,Unknown,Unknown,2.48,2.48,0.0006,0.8700,4.2469,11.22
NA,NA,-1,Unknown,Unknown,Unknown,Unknown,2.58,2.58,0.0004,0.9017,4.8544,12.06
NA,NA,-1,Unknown,Unknown,Unknown,Unknown,2.69,2.69,0.0013,0.9004,5.4134,12.49
NA,NA,-1,Unknown,Unknown,Unknown,Unknown,2.80,2.80,-0.0012,0.8659,5.9964,13.00
NA,NA,-1,Unknown,Unknown,Unknown,Unknown,2.91,2.91,0.0059,0.8632,6.6945,13.15
NA,NA,-1,Unknown,Unknown,Unknown,Unknown,3.01,3.01,0.0071,0.8646,7.2790,13.14
NA,NA,-1,Unknown,Unknown,Unknown,Unknown,3.12,3.12,0.0077,0.8666,7.8644,13.13
NA,NA,-1,Unknown,Unknown,Unknown,Unknown,3.23,3.23,0.0076,0.8681,8.5680,13.13
NA,NA,-1,Unknown,Unknown,Unknown,Unknown,3.34,3.34,0.0070,0.8684,9.1548,13.12
NA,NA,-1,Unknown,Unknown,Unknown,Unknown,3.44,3.44,0.0058,0.8684,9.8588,13.12
NA,NA,-1,Unknown,Unknown,Unknown,Unknown,3.55,3.55,0.0046,0.8683,10.4452,13.11
NA,NA,-1,Unknown,Unknown,Unknown,Unknown,3.66,3.66,0.0034,0.8682,11.0315,13.11
NA,NA,-1,Unknown,Unknown,Unknown,Unknown,3.76,3.76,0.0020,0.8681,11.7347,13.11
NA,NA,-1,Unknown,Unknown,Unknown,Unknown,3.86,3.86,0.0009,0.8681,12.3206,13.11
NA,NA,-1,Unknown,Unknown,Unknown,Unknown,3.97,3.97,0.0000,0.8681,12.9064,13.10
NA,NA,-1,Unknown,Unknown,Unknown,Unknown,4.07,4.07,-0.0010,0.8681,13.4920,13.10
NA,NA,-1,Unknown,Unknown,Unknown,Unknown,0.35,0.35,0.0022,0.8588,-0.0074,0.35
NA,NA,-1,Unknown,Unknown,Unknown,Unknown,0.45,0.45,0.0034,0.8693,-0.0089,0.18
NA,NA,-1,Unknown,Unknown,Unknown,Unknown,0.56,0.56,0.0039,0.8735,-0.0076,0.08
NA,NA,-1,Unknown,Unknown,Unknown,Unknown,0.66,0.66,0.0036,0.8723,-0.0054,0.10
NA,NA,-1,Unknown,Unknown,Unknown,Unknown,0.77,0.77,0.0029,0.8699,-0.0034,0.10
NA,NA,-1,Unknown,Unknown,Unknown,Unknown,0.87,0.87,0.0022,0.8677,-0.0019,0.07
NA,NA,-1,Unknown,Unknown,Unknown,Unknown,0.98,0.98,0.0015,0.8666,-0.0013,0.03
NA,NA,-1,Unknown,Unknown,Unknown,Unknown,1.08,1.08,0.0009,0.8663,-0.0012,0.02
NA,NA,-1,Unknown,Unknown,Unknown,Unknown,1.19,1.19,0.0006,0.8667,-0.0016,0.02
NA,NA,-1,Unknown,Unknown,Unknown,Unknown,1.29,1.29,0.0005,0.8671,-0.0020,0.02
NA,NA,-1,Unknown,Unknown,Unknown,Unknown,1.39,1.39,0.0005,0.8674,-0.0024,0.01
NA,NA,-1,Unknown,Unknown,Unknown,Unknown,1.49,1.49,0.0007,0.8676,-0.0026,0.01
NA,NA,-1,Unknown,Unknown,Unknown,Unknown,1.60,1.60,0.0009,0.8679,0.0073,0.25
NA,NA,-1,Unknown,Unknown,Unknown,Unknown,1.70,1.70,0.0010,0.8687,0.0344,0.73
NA,NA,-1,Unknown,Unknown,Unknown,Unknown,1.80,1.80,0.0012,0.8700,0.0990,1.45
NA,NA,-1,Unknown,Unknown,Unknown,Unknown,1.91,1.91,0.0015,0.8702,0.1832,2.14
NA,NA,-1,Unknown,Unknown,Unknown,Unknown,2.01,2.01,0.0018,0.8698,0.2975,2.82
NA,NA,-1,Unknown,Unknown,Unknown,Unknown,2.12,2.12,0.0016,0.8699,0.4412,3.49
NA,NA,-1,Unknown,Unknown,Unknown,Unknown,2.22,2.22,0.0018,0.8699,0.6539,4.30
NA,NA,-1,Unknown,Unknown,Unknown,Unknown,2.32,2.32,0.0014,0.8699,0.8637,4.96
NA,NA,-1,Unknown,Unknown,Unknown,Unknown,2.43,2.43,0.0014,0.8701,1.1012,5.51
NA,NA,-1,Unknown,Unknown,Unknown,Unknown,2.53,2.53,0.0014,0.9060,1.3687,5.84
NA,NA,-1,Unknown,Unknown,Unknown,Unknown,2.63,2.63,0.0016,0.9198,1.6373,5.99
NA,NA,-1,Unknown,Unknown,Unknown,Unknown,2.74,2.74,0.0017,0.8882,1.8898,6.16
NA,NA,-1,Unknown,Unknown,Unknown,Unknown,2.84,2.84,0.0020,0.8524,2.2024,6.03
NA,NA,-1,Unknown,Unknown,Unknown,Unknown,2.95,2.95,0.0017,0.8555,2.4776,6.19
NA,NA,-1,Unknown,Unknown,Unknown,Unknown,3.06,3.06,0.0015,0.8622,2.7684,6.56
NA,NA,-1,Unknown,Unknown,Unknown,Unknown,3.16,3.16,0.0013,0.8684,3.0823,7.13
NA,NA,-1,Unknown,Unknown,Unknown,Unknown,3.26,3.26,0.0011,0.8699,3.4902,7.96
NA,NA,-1,Unknown,Unknown,Unknown,Unknown,3.37,3.37,0.0011,0.8703,3.8639,8.61
NA,NA,-1,Unknown,Unknown,Unknown,Unknown,3.47,3.47,0.0016,0.8699,4.2668,9.28
NA,NA,-1,Unknown,Unknown,Unknown,Unknown,3.57,3.57,0.0009,0.8701,4.6999,9.96
NA,NA,-1,Unknown,Unknown,Unknown,Unknown,3.68,3.68,0.0014,0.9056,5.2372,10.61
NA,NA,-1,Unknown,Unknown,Unknown,Unknown,3.79,3.79,0.0023,0.8808,5.7297,10.89
NA,NA,-1,Unknown,Unknown,Unknown,Unknown,3.89,3.89,0.0022,0.8661,6.2245,11.06
NA,NA,-1,Unknown,Unknown,Unknown,Unknown,3.99,3.99,0.0022,0.8645,6.7162,11.08
NA,NA,-1,Unknown,Unknown,Unknown,Unknown,4.10,4.10,0.0022,0.8650,7.2082,11.07
NA,NA,-1,Unknown,Unknown,Unknown,Unknown,4.20,4.20,0.0021,0.8662,7.8001,11.07
NA,NA,-1,Unknown,Unknown,Unknown,Unknown,4.31,4.31,0.0019,0.8671,8.2985,11.20
NA,NA,-1,Unknown,Unknown,Unknown,Unknown,4.41,4.41,0.0017,0.8694,8.8110,11.54
NA,NA,-1,Unknown,Unknown,Unknown,Unknown,4.52,4.52,0.0015,0.8710,9.3458,12.08
NA,NA,-1,Unknown,Unknown,Unknown,Unknown,4.62,4.62,0.0013,0.8678,9.9024,12.84
NA,NA,-1,Unknown,Unknown,Unknown,Unknown,4.72,4.72,0.0011,0.8676,10.4916,13.44
NA,NA,-1,Unknown,Unknown,Unknown,Unknown,4.82,4.82,0.0010,0.8715,11.1101,14.03
NA,NA,-1,Unknown,Unknown,Unknown,Unknown,4.92,4.92,0.0009,0.8710,11.7575,14.71
NA,NA,-1,Unknown,Unknown,Unknown,Unknown,5.02,5.02,0.0007,0.8712,12.5761,15.57
NA,NA,-1,Unknown,Unknown,Unknown,Unknown,5.12,5.12,0.0005,0.8706,13.2895,16.25
NA,NA,-1,Unknown,Unknown,Unknown,Unknown,5.23,5.23,0.0003,0.8690,14.0337,16.92
NA,NA,-1,Unknown,Unknown,Unknown,Unknown,5.33,5.33,0.0000,0.8715,14.8078,17.57
NA,NA,-1,Unknown,Unknown,Unknown,Unknown,5.43,5.43,-0.0001,0.8708,15.6101,18.25
NA,NA,-1,Unknown,Unknown,Unknown,Unknown,5.53,5.53,-0.0012,0.8696,16.4434,18.92
NA,NA,-1,Unknown,Unknown,Unknown,Unknown,5.64,5.64,-0.0003,0.8704,17.4819,19.67
NA,NA,-1,Unknown,Unknown,Unknown,Unknown,5.74,5.74,-0.0007,0.8716,18.3815,20.38
NA,NA,-1,Unknown,Unknown,Unknown,Unknown,5.84,5.84,-0.0010,0.8694,19.3102,21.05
NA,NA,-1,Unknown,Unknown,Unknown,Unknown,5.95,5.95,-0.0017,0.8708,20.2671,21.71
NA,NA,-1,Unknown,Unknown,Unknown,Unknown,6.05,6.05,-0.0023,0.8728,21.2562,22.38
NA,NA,-1,Unknown,Unknown,Unknown,Unknown,6.15,6.15,-0.0028,0.8695,22.2744,23.05
NA,NA,-1,Unknown,Unknown,Unknown,Unknown,6.26,6.26,-0.0034,0.8711,23.3202,23.70
NA,NA,-1,Unknown,Unknown,Unknown,Unknown,6.36,6.36,-0.0038,0.8726,24.3985,24.37
NA,NA,-1,Unknown,Unknown,Unknown,Unknown,6.46,6.46,-0.0044,0.8699,25.7312,25.17
NA,NA,-1,Unknown,Unknown,Unknown,Unknown,6.57,6.57,-0.0049,0.8712,26.8718,25.84
NA,NA,-1,Unknown,Unknown,Unknown,Unknown,6.67,6.67,-0.0054,0.8737,28.0456,26.50
NA,NA,-1,Unknown,Unknown,Unknown,Unknown,6.77,6.77,-0.0061,0.8710,29.2475,27.17
NA,NA,-1,Unknown,Unknown,Unknown,Unknown,6.88,6.88,-0.0066,0.8717,30.4772,27.83
NA,NA,-1,Unknown,Unknown,Unknown,Unknown,6.98,6.98,-0.0073,0.8731,31.9962,28.59
NA,NA,-1,Unknown,Unknown,Unknown,Unknown,7.08,7.08,-0.0085,0.8683,33.2921,29.30
NA,NA,-1,Unknown,Unknown,Unknown,Unknown,7.18,7.18,-0.0089,0.8738,34.6196,29.95
NA,NA,-1,Unknown,Unknown,Unknown,Unknown,7.29,7.29,-0.0096,0.8702,35.9769,30.62
NA,NA,-1,Unknown,Unknown,Unknown,Unknown,7.39,7.39,-0.0103,0.8724,37.3601,31.28
NA,NA,-1,Unknown,Unknown,Unknown,Unknown,7.49,7.49,-0.0109,0.8713,38.7764,31.87
NA,NA,-1,Unknown,Unknown,Unknown,Unknown,7.60,7.60,-0.0117,0.8710,40.2228,32.61
NA,NA,-1,Unknown,Unknown,Unknown,Unknown,7.70,7.70,-0.0126,0.8719,41.6961,33.27
NA,NA,-1,Unknown,Unknown,Unknown,Unknown,7.80,7.80,-0.0121,0.8699,43.5061,34.04
NA,NA,-1,Unknown,Unknown,Unknown,Unknown,7.91,7.91,-0.0149,0.8729,45.0469,34.73
NA,NA,-1,Unknown,Unknown,Unknown,Unknown,8.01,8.01,-0.0164,0.8713,46.6158,35.39
NA,NA,-1,Unknown,Unknown,Unknown,Unknown,8.11,8.11,-0.0178,0.8725,48.2143,36.03
NA,NA,-1,Unknown,Unknown,Unknown,Unknown,8.22,8.22,-0.0191,0.8720,49.8442,36.68
NA,NA,-1,Unknown,Unknown,Unknown,Unknown,8.32,8.32,-0.0211,0.8716,51.8372,37.48
NA,NA,-1,Unknown,Unknown,Unknown,Unknown,8.42,8.42,-0.0226,0.8718,53.5310,38.16
NA,NA,-1,Unknown,Unknown,Unknown,Unknown,8.52,8.52,-0.0246,0.8713,55.2561,38.77
NA,NA,-1,Unknown,Unknown,Unknown,Unknown,8.63,8.63,-0.0262,0.8739,57.0080,39.50
NA,NA,-1,Unknown,Unknown,Unknown,Unknown,8.73,8.73,-0.0276,0.8716,58.7910,40.15
NA,NA,-1,Unknown,Unknown,Unknown,Unknown,8.83,8.83,-0.0280,0.8751,60.6026,40.78
NA,NA,-1,Unknown,Unknown,Unknown,Unknown,8.93,8.93,-0.0305,0.8722,62.4452,41.48
NA,NA,-1,Unknown,Unknown,Unknown,Unknown,9.03,9.03,-0.0316,0.8727,64.3146,42.13
NA,NA,-1,Unknown,Unknown,Unknown,Unknown,9.14,9.14,-0.0327,0.8727,66.2188,42.80
NA,NA,-1,Unknown,Unknown,Unknown,Unknown,9.24,9.24,-0.0339,0.8737,68.1463,43.46
NA,NA,-1,Unknown,Unknown,Unknown,Unknown,9.35,9.35,-0.0353,0.8710,70.5029,44.24
NA,NA,-1,Unknown,Unknown,Unknown,Unknown,9.45,9.45,-0.0366,0.8763,72.4977,44.91
NA,NA,-1,Unknown,Unknown,Unknown,Unknown,9.55,9.55,-0.0377,0.8728,74.5222,45.57
NA,NA,-1,Unknown,Unknown,Unknown,Unknown,9.65,9.65,-0.0388,0.8723,76.5750,46.22
NA,NA,-1,Unknown,Unknown,Unknown,Unknown,9.76,9.76,-0.0401,0.8741,78.6611,46.89
NA,NA,-1,Unknown,Unknown,Unknown,Unknown,9.86,9.86,-0.0413,0.8723,80.7733,47.55
NA,NA,-1,Unknown,Unknown,Unknown,Unknown,9.96,9.96,-0.0428,0.8748,82.9142,48.17
NA,NA,-1,Unknown,Unknown,Unknown,Unknown,10.06,10.06,-0.0431,0.8703,85.0895,48.84
NA,NA,-1,Unknown,Unknown,Unknown,Unknown,10.16,10.16,-0.0462,0.8697,87.7317,49.67
NA,NA,-1,Unknown,Unknown,Unknown,Unknown,10.26,10.26,-0.0482,0.8760,89.9703,50.31
NA,NA,-1,Unknown,Unknown,Unknown,Unknown,10.37,10.37,-0.0506,0.8753,92.2351,50.96
NA,NA,-1,Unknown,Unknown,Unknown,Unknown,10.47,10.47,-0.0531,0.8683,94.5327,51.64
NA,NA,-1,Unknown,Unknown,Unknown,Unknown,10.58,10.58,-0.0547,0.8765,96.8553,52.25
NA,NA,-1,Unknown,Unknown,Unknown,Unknown,10.68,10.68,-0.0583,0.8719,99.2117,52.95
NA,NA,-1,Unknown,Unknown,Unknown,Unknown,10.78,10.78,-0.0613,0.8737,102.0727,53.71
NA,NA,-1,Unknown,Unknown,Unknown,Unknown,10.89,10.89,-0.0620,0.8726,104.4889,54.19
NA,NA,-1,Unknown,Unknown,Unknown,Unknown,10.99,10.99,-0.0651,0.8699,106.9211,54.51
NA,NA,-1,Unknown,Unknown,Unknown,Unknown,11.09,11.09,-0.0684,0.8690,109.3597,54.63
NA,NA,-1,Unknown,Unknown,Unknown,Unknown,11.20,11.20,-0.0712,0.8686,111.7992,54.65
NA,NA,-1,Unknown,Unknown,Unknown,Unknown,11.34,11.34,-0.0747,0.8680,115.2161,54.64
NA,NA,-1,Unknown,Unknown,Unknown,Unknown,11.66,11.66,-0.0812,0.8678,123.0277,54.59
NA,NA,-1,Unknown,Unknown,Unknown,Unknown,11.76,11.76,-0.0829,0.8680,125.4678,54.58
NA,NA,-1,Unknown,Unknown,Unknown,Unknown,11.86,11.86,-0.0849,0.8681,128.3952,54.56
NA,NA,-1,Unknown,Unknown,Unknown,Unknown,11.97,11.97,-0.0864,0.8681,130.8341,54.55
NA,NA,-1,Unknown,Unknown,Unknown,Unknown,12.08,12.08,-0.0879,0.8681,133.2724,54.54
NA,NA,-1,Unknown,Unknown,Unknown,Unknown,12.18,12.18,-0.0893,0.8681,135.7101,54.53
NA,NA,-1,Unknown,Unknown,Unknown,Unknown,12.29,12.29,-0.0910,0.8681,138.6347,54.51
NA,NA,-1,Unknown,Unknown,Unknown,Unknown,12.40,12.40,-0.0923,0.8680,141.0712,54.50
NA,NA,-1,Unknown,Unknown,Unknown,Unknown,12.50,12.50,-0.0939,0.8680,143.9943,54.48
NA,NA,-1,Unknown,Unknown,Unknown,Unknown,12.61,12.61,-0.0952,0.8681,146.4297,54.47
NA,NA,-1,Unknown,Unknown,Unknown,Unknown,12.71,12.71,-0.0965,0.8681,148.8644,54.46
NA,NA,-1,Unknown,Unknown,Unknown,Unknown,12.82,12.82,-0.0977,0.8681,151.2987,54.45
NA,NA,-1,Unknown,Unknown,Unknown,Unknown,12.92,12.92,-0.0990,0.8681,153.7324,54.44
NA,NA,-1,Unknown,Unknown,Unknown,Unknown,13.02,13.02,-0.1004,0.8681,156.6521,54.42
NA,NA,-1,Unknown,Unknown,Unknown,Unknown,13.12,13.12,-0.1016,0.8681,159.0846,54.41
NA,NA,-1,Unknown,Unknown,Unknown,Unknown,13.23,13.23,-0.1029,0.8681,161.5165,54.40
NA,NA,-1,Unknown,Unknown,Unknown,Unknown,13.33,13.33,-0.1041,0.8681,163.9479,54.38
NA,NA,-1,Unknown,Unknown,Unknown,Unknown,13.44,13.44,-0.1055,0.8681,166.8648,54.37
NA,NA,-1,Unknown,Unknown,Unknown,Unknown,13.54,13.54,-0.1067,0.8681,169.2950,54.36
NA,NA,-1,Unknown,Unknown,Unknown,Unknown,13.65,13.65,-0.1079,0.8681,171.7247,54.34
NA,NA,-1,Unknown,Unknown,Unknown,Unknown,13.76,13.76,-0.1091,0.8681,174.1538,54.33
NA,NA,-1,Unknown,Unknown,Unknown,Unknown,13.86,13.86,-0.1105,0.8681,177.0680,54.32
NA,NA,-1,Unknown,Unknown,Unknown,Unknown,13.96,13.96,-0.1117,0.8681,179.4959,54.31
NA,NA,-1,Unknown,Unknown,Unknown,Unknown,14.07,14.07,-0.1129,0.8681,181.9232,54.29
NA,NA,-1,Unknown,Unknown,Unknown,Unknown,14.18,14.18,-0.1141,0.8681,184.3500,54.28
NA,NA,-1,Unknown,Unknown,Unknown,Unknown,14.29,14.29,-0.1155,0.8681,187.2615,54.27
NA,NA,-1,Unknown,Unknown,Unknown,Unknown,14.39,14.39,-0.1166,0.8681,189.6871,54.25
NA,NA,-1,Unknown,Unknown,Unknown,Unknown,14.49,14.49,-0.1178,0.8681,192.1121,54.24
NA,NA,-1,Unknown,Unknown,Unknown,Unknown,14.60,14.60,-0.1192,0.8681,195.0215,54.23
NA,NA,-1,Unknown,Unknown,Unknown,Unknown,14.71,14.71,-0.1204,0.8681,197.4453,54.22
NA,NA,-1,Unknown,Unknown,Unknown,Unknown,14.81,14.81,-0.1216,0.8681,199.8686,54.20
NA,NA,-1,Unknown,Unknown,Unknown,Unknown,14.92,14.92,-0.1227,0.8681,202.2914,54.19
NA,NA,-1,Unknown,Unknown,Unknown,Unknown,15.02,15.02,-0.1241,0.8681,205.1980,54.18
NA,NA,-1,Unknown,Unknown,Unknown,Unknown,15.13,15.13,-0.1253,0.8681,207.6196,54.16
NA,NA,-1,Unknown,Unknown,Unknown,Unknown,15.24,15.24,-0.1265,0.8681,210.0406,54.15
NA,NA,-1,Unknown,Unknown,Unknown,Unknown,15.34,15.34,-0.1276,0.8681,212.4611,54.14
NA,NA,-1,Unknown,Unknown,Unknown,Unknown,15.44,15.44,-0.1288,0.8681,214.8810,54.13
NA,NA,-1,Unknown,Unknown,Unknown,Unknown,15.54,15.54,-0.1302,0.8681,217.7842,54.11
NA,NA,-1,Unknown,Unknown,Unknown,Unknown,15.65,15.65,-0.1313,0.8681,220.2030,54.10
NA,NA,-1,Unknown,Unknown,Unknown,Unknown,15.75,15.75,-0.1325,0.8681,222.6212,54.09
NA,NA,-1,Unknown,Unknown,Unknown,Unknown,15.85,15.85,-0.1336,0.8681,225.0388,54.08
NA,NA,-1,Unknown,Unknown,Unknown,Unknown,15.96,15.96,-0.1348,0.8681,227.4572,54.11
NA,NA,-1,Unknown,Unknown,Unknown,Unknown,16.06,16.06,-0.1362,0.8685,230.3695,54.37
NA,NA,-1,Unknown,Unknown,Unknown,Unknown,16.17,16.17,-0.1374,0.8695,232.8150,54.80
NA,NA,-1,Unknown,Unknown,Unknown,Unknown,16.27,16.27,-0.1385,0.8745,235.2828,55.37
NA,NA,-1,Unknown,Unknown,Unknown,Unknown,16.37,16.37,-0.1398,0.8763,237.7671,55.86
NA,NA,-1,Unknown,Unknown,Unknown,Unknown,16.47,16.47,-0.1409,0.8741,240.2749,56.18
NA,NA,-1,Unknown,Unknown,Unknown,Unknown,16.58,16.58,-0.1422,0.8714,242.7899,56.32
NA,NA,-1,Unknown,Unknown,Unknown,Unknown,16.68,16.68,-0.1437,0.8690,245.8089,56.34
NA,NA,-1,Unknown,Unknown,Unknown,Unknown,16.79,16.79,-0.1449,0.8678,248.3253,56.34
NA,NA,-1,Unknown,Unknown,Unknown,Unknown,16.89,16.89,-0.1462,0.8674,250.8422,56.32
NA,NA,-1,Unknown,Unknown,Unknown,Unknown,17.00,17.00,-0.1475,0.8674,253.3592,56.31
NA,NA,-1,Unknown,Unknown,Unknown,Unknown,17.10,17.10,-0.1491,0.8677,256.3792,56.29
NA,NA,-1,Unknown,Unknown,Unknown,Unknown,17.21,17.21,-0.1505,0.8680,258.8962,56.31
NA,NA,-1,Unknown,Unknown,Unknown,Unknown,17.31,17.31,-0.1519,0.8684,261.4194,56.49
NA,NA,-1,Unknown,Unknown,Unknown,Unknown,17.41,17.41,-0.1533,0.8691,263.9545,56.74
NA,NA,-1,Unknown,Unknown,Unknown,Unknown,17.53,17.53,-0.1550,0.8698,267.0045,56.89
NA,NA,-1,Unknown,Unknown,Unknown,Unknown,17.63,17.63,-0.1564,0.8696,269.5465,56.91
NA,NA,-1,Unknown,Unknown,Unknown,Unknown,17.74,17.74,-0.1578,0.8689,272.0886,56.91
NA,NA,-1,Unknown,Unknown,Unknown,Unknown,17.84,17.84,-0.1593,0.8682,274.6311,56.89
NA,NA,-1,Unknown,Unknown,Unknown,Unknown,17.95,17.95,-0.1610,0.8677,277.6821,56.88
NA,NA,-1,Unknown,Unknown,Unknown,Unknown,18.05,18.05,-0.1625,0.8677,280.2243,56.86
NA,NA,-1,Unknown,Unknown,Unknown,Unknown,18.15,18.15,-0.1639,0.8678,282.7660,56.85
NA,NA,-1,Unknown,Unknown,Unknown,Unknown,18.26,18.26,-0.1654,0.8680,285.3079,56.87
NA,NA,-1,Unknown,Unknown,Unknown,Unknown,18.36,18.36,-0.1669,0.8683,287.8552,57.00
NA,NA,-1,Unknown,Unknown,Unknown,Unknown,18.46,18.46,-0.1684,0.8688,290.4066,57.07
NA,NA,-1,Unknown,Unknown,Unknown,Unknown,18.56,18.56,-0.1701,0.8689,293.4682,57.09
NA,NA,-1,Unknown,Unknown,Unknown,Unknown,18.67,18.67,-0.1716,0.8686,296.0213,57.16
NA,NA,-1,Unknown,Unknown,Unknown,Unknown,18.77,18.77,-0.1731,0.8686,298.5823,57.33
NA,NA,-1,Unknown,Unknown,Unknown,Unknown,18.87,18.87,-0.1746,0.8689,301.1480,57.40
NA,NA,-1,Unknown,Unknown,Unknown,Unknown,18.98,18.98,-0.1761,0.8689,303.7138,57.42
NA,NA,-1,Unknown,Unknown,Unknown,Unknown,19.08,19.08,-0.1777,0.8686,306.2793,57.41
NA,NA,-1,Unknown,Unknown,Unknown,Unknown,19.19,19.19,-0.1795,0.8682,309.3607,57.49
NA,NA,-1,Unknown,Unknown,Unknown,Unknown,19.29,19.29,-0.1810,0.8683,311.9338,57.56
NA,NA,-1,Unknown,Unknown,Unknown,Unknown,19.39,19.39,-0.1826,0.8685,314.5075,57.58
NA,NA,-1,Unknown,Unknown,Unknown,Unknown,19.49,19.49,-0.1841,0.8684,317.0807,57.57
NA,NA,-1,Unknown,Unknown,Unknown,Unknown,19.59,19.59,-0.1856,0.8683,319.6536,57.56
NA,NA,-1,Unknown,Unknown,Unknown,Unknown,19.70,19.70,-0.1872,0.8681,322.2262,57.55
NA,NA,-1,Unknown,Unknown,Unknown,Unknown,19.80,19.80,-0.1891,0.8680,325.3127,57.53
NA,NA,-1,Unknown,Unknown,Unknown,Unknown,19.90,19.90,-0.1906,0.8680,327.8850,57.55
NA,NA,-1,Unknown,Unknown,Unknown,Unknown,20.01,20.01,-0.1922,0.8682,330.4626,57.69
NA,NA,-1,Unknown,Unknown,Unknown,Unknown,20.11,20.11,-0.1937,0.8688,333.0469,57.81
NA,NA,-1,Unknown,Unknown,Unknown,Unknown,20.21,20.21,-0.1953,0.8691,335.6322,57.85
NA,NA,-1,Unknown,Unknown,Unknown,Unknown,20.31,20.31,-0.1969,0.8689,338.2170,57.85
NA,NA,-1,Unknown,Unknown,Unknown,Unknown,20.41,20.41,-0.1985,0.8685,340.8017,57.84
NA,NA,-1,Unknown,Unknown,Unknown,Unknown,20.51,20.51,-0.2001,0.8681,343.3863,57.82
NA,NA,-1,Unknown,Unknown,Unknown,Unknown,20.62,20.62,-0.2016,0.8679,345.9707,57.81
NA,NA,-1,Unknown,Unknown,Unknown,Unknown,20.72,20.72,-0.2032,0.8678,348.5547,57.80
NA,NA,-1,Unknown,Unknown,Unknown,Unknown,20.82,20.82,-0.2048,0.8680,351.1417,57.90
NA,NA,-1,Unknown,Unknown,Unknown,Unknown,20.92,20.92,-0.2068,0.8688,354.2612,58.25
NA,NA,-1,Unknown,Unknown,Unknown,Unknown,21.02,21.02,-0.2080,0.8701,356.8830,58.77
NA,NA,-1,Unknown,Unknown,Unknown,Unknown,21.13,21.13,-0.2034,0.8745,359.5237,59.34
NA,NA,-1,Unknown,Unknown,Unknown,Unknown,21.23,21.23,-0.2002,0.8711,362.1942,59.94
NA,NA,-1,Unknown,Unknown,Unknown,Unknown,21.34,21.34,-0.1938,0.8747,364.8836,60.35
NA,NA,-1,Unknown,Unknown,Unknown,Unknown,21.44,21.44,-0.1848,0.8783,367.5851,60.56
NA,NA,-1,Unknown,Unknown,Unknown,Unknown,21.54,21.54,-0.1738,0.8753,370.2924,60.61
NA,NA,-1,Unknown,Unknown,Unknown,Unknown,21.65,21.65,-0.1580,0.8702,373.5423,60.62
NA,NA,-1,Unknown,Unknown,Unknown,Unknown,21.75,21.75,-0.1426,0.8676,376.2507,60.60
NA,NA,-1,Unknown,Unknown,Unknown,Unknown,21.85,21.85,-0.1251,0.8668,378.9590,60.59
NA,NA,-1,Unknown,Unknown,Unknown,Unknown,21.97,21.97,-0.1014,0.8671,382.2086,60.57
NA,NA,-1,Unknown,Unknown,Unknown,Unknown,22.07,22.07,-0.0795,0.8676,384.9159,60.56
NA,NA,-1,Unknown,Unknown,Unknown,Unknown,22.17,22.17,-0.0558,0.8680,387.6226,60.54
NA,NA,-1,Unknown,Unknown,Unknown,Unknown,22.27,22.27,-0.0305,0.8682,390.3287,60.53
NA,NA,-1,Unknown,Unknown,Unknown,Unknown,22.38,22.38,-0.0093,0.8682,393.0341,60.51
NA,NA,-1,Unknown,Unknown,Unknown,Unknown,22.48,22.48,0.0195,0.8681,396.2797,60.50
NA,NA,-1,Unknown,Unknown,Unknown,Unknown,22.59,22.59,0.0428,0.8681,398.9836,60.48
NA,NA,-1,Unknown,Unknown,Unknown,Unknown,22.69,22.69,0.0648,0.8680,401.6870,60.47
NA,NA,-1,Unknown,Unknown,Unknown,Unknown,22.79,22.79,0.0853,0.8680,404.3899,60.46
NA,NA,-1,Unknown,Unknown,Unknown,Unknown,22.89,22.89,0.1044,0.8680,407.0921,60.44
NA,NA,-1,Unknown,Unknown,Unknown,Unknown,22.99,22.99,0.1218,0.8680,409.7937,60.43
NA,NA,-1,Unknown,Unknown,Unknown,Unknown,23.10,23.10,0.1376,0.8680,412.4947,60.42
NA,NA,-1,Unknown,Unknown,Unknown,Unknown,23.21,23.21,0.1545,0.8680,415.7350,60.40
NA,NA,-1,Unknown,Unknown,Unknown,Unknown,23.31,23.31,0.1669,0.8680,418.4347,60.39
NA,NA,-1,Unknown,Unknown,Unknown,Unknown,23.42,23.42,0.1779,0.8680,421.1338,60.37
NA,NA,-1,Unknown,Unknown,Unknown,Unknown,23.52,23.52,0.1982,0.8680,424.3717,60.35
NA,NA,-1,Unknown,Unknown,Unknown,Unknown,23.63,23.63,0.2120,0.8680,427.0692,60.34
NA,NA,-1,Unknown,Unknown,Unknown,Unknown,23.73,23.73,0.2275,0.8680,429.7662,60.32
NA,NA,-1,Unknown,Unknown,Unknown,Unknown,23.83,23.83,0.2452,0.8680,432.4626,60.31
NA,NA,-1,Unknown,Unknown,Unknown,Unknown,23.94,23.94,0.2633,0.8680,435.1583,60.30
NA,NA,-1,Unknown,Unknown,Unknown,Unknown,24.04,24.04,0.2794,0.8680,438.3922,60.28
NA,NA,-1,Unknown,Unknown,Unknown,Unknown,24.14,24.14,0.2969,0.8680,441.0864,60.26
NA,NA,-1,Unknown,Unknown,Unknown,Unknown,24.25,24.25,0.3132,0.8680,443.7801,60.25
NA,NA,-1,Unknown,Unknown,Unknown,Unknown,24.35,24.35,0.3281,0.8680,446.4731,60.24
NA,NA,-1,Unknown,Unknown,Unknown,Unknown,24.46,24.46,0.3417,0.8680,449.1656,60.22
NA,NA,-1,Unknown,Unknown,Unknown,Unknown,24.56,24.56,0.3538,0.8680,451.8574,60.21
NA,NA,-1,Unknown,Unknown,Unknown,Unknown,24.66,24.66,0.3660,0.8680,455.0868,60.19
NA,NA,-1,Unknown,Unknown,Unknown,Unknown,24.77,24.77,0.3742,0.8680,457.7773,60.18
NA,NA,-1,Unknown,Unknown,Unknown,Unknown,24.87,24.87,0.3808,0.8680,460.4671,60.17
NA,NA,-1,Unknown,Unknown,Unknown,Unknown,24.97,24.97,0.3856,0.8680,463.1564,60.15
NA,NA,-1,Unknown,Unknown,Unknown,Unknown,25.07,25.07,0.3888,0.8680,465.8451,60.14
NA,NA,-1,Unknown,Unknown,Unknown,Unknown,25.18,25.18,0.3906,0.8680,468.5332,60.13
NA,NA,-1,Unknown,Unknown,Unknown,Unknown,25.28,25.28,0.3911,0.8680,471.2206,60.11
NA,NA,-1,Unknown,Unknown,Unknown,Unknown,25.38,25.38,0.3902,0.8680,474.4448,60.10
NA,NA,-1,Unknown,Unknown,Unknown,Unknown,25.48,25.48,0.3884,0.8680,477.1309,60.08
NA,NA,-1,Unknown,Unknown,Unknown,Unknown,25.59,25.59,0.3857,0.8680,479.8164,60.07
NA,NA,-1,Unknown,Unknown,Unknown,Unknown,25.69,25.69,0.3824,0.8680,482.5013,60.05
NA,NA,-1,Unknown,Unknown,Unknown,Unknown,25.80,25.80,0.3784,0.8680,485.1857,60.04
NA,NA,-1,Unknown,Unknown,Unknown,Unknown,25.90,25.90,0.3739,0.8680,487.8694,60.03
NA,NA,-1,Unknown,Unknown,Unknown,Unknown,26.01,26.01,0.3681,0.8680,491.0891,60.01
NA,NA,-1,Unknown,Unknown,Unknown,Unknown,26.11,26.11,0.3628,0.8680,493.7714,60.00
NA,NA,-1,Unknown,Unknown,Unknown,Unknown,26.21,26.21,0.3573,0.8680,496.4532,59.98
NA,NA,-1,Unknown,Unknown,Unknown,Unknown,26.32,26.32,0.3515,0.8680,499.1344,59.97
NA,NA,-1,Unknown,Unknown,Unknown,Unknown,26.42,26.42,0.3444,0.8680,502.3510,59.95
NA,NA,-1,Unknown,Unknown,Unknown,Unknown,26.52,26.52,0.3383,0.8680,505.0309,59.94
NA,NA,-1,Unknown,Unknown,Unknown,Unknown,26.62,26.62,0.3321,0.8680,507.7101,59.93
NA,NA,-1,Unknown,Unknown,Unknown,Unknown,26.73,26.73,0.3258,0.8680,510.3888,59.91
NA,NA,-1,Unknown,Unknown,Unknown,Unknown,26.83,26.83,0.3194,0.8680,513.0668,59.90
NA,NA,-1,Unknown,Unknown,Unknown,Unknown,26.94,26.94,0.3130,0.8680,515.7443,59.89
NA,NA,-1,Unknown,Unknown,Unknown,Unknown,27.04,27.04,0.3065,0.8680,518.4211,59.87
NA,NA,-1,Unknown,Unknown,Unknown,Unknown,27.14,27.14,0.2987,0.8680,521.6324,59.86
NA,NA,-1,Unknown,Unknown,Unknown,Unknown,27.25,27.25,0.2922,0.8680,524.3080,59.84
NA,NA,-1,Unknown,Unknown,Unknown,Unknown,27.35,27.35,0.2856,0.8680,526.9829,59.83
NA,NA,-1,Unknown,Unknown,Unknown,Unknown,27.46,27.46,0.2790,0.8680,529.6572,59.82
NA,NA,-1,Unknown,Unknown,Unknown,Unknown,27.56,27.56,0.2711,0.8680,532.8656,59.80
NA,NA,-1,Unknown,Unknown,Unknown,Unknown,27.67,27.67,0.2645,0.8680,535.5386,59.79
NA,NA,-1,Unknown,Unknown,Unknown,Unknown,27.78,27.78,0.2579,0.8680,538.2109,59.77
NA,NA,-1,Unknown,Unknown,Unknown,Unknown,27.88,27.88,0.2500,0.8680,541.4171,59.76
NA,NA,-1,Unknown,Unknown,Unknown,Unknown,27.99,27.99,0.2434,0.8680,544.0881,59.74
NA,NA,-1,Unknown,Unknown,Unknown,Unknown,28.09,28.09,0.2367,0.8680,546.7586,59.73
NA,NA,-1,Unknown,Unknown,Unknown,Unknown,28.20,28.20,0.2301,0.8680,549.4285,59.72
NA,NA,-1,Unknown,Unknown,Unknown,Unknown,28.31,28.31,0.2222,0.8680,552.6315,59.70
NA,NA,-1,Unknown,Unknown,Unknown,Unknown,28.41,28.41,0.2156,0.8680,555.3000,59.69
NA,NA,-1,Unknown,Unknown,Unknown,Unknown,28.52,28.52,0.2089,0.8680,557.9680,59.68
NA,NA,-1,Unknown,Unknown,Unknown,Unknown,28.62,28.62,0.2010,0.8680,561.1688,59.66
NA,NA,-1,Unknown,Unknown,Unknown,Unknown,28.73,28.73,0.1944,0.8680,563.8354,59.65
NA,NA,-1,Unknown,Unknown,Unknown,Unknown,28.84,28.84,0.1878,0.8680,566.5014,59.63
NA,NA,-1,Unknown,Unknown,Unknown,Unknown,28.94,28.94,0.1799,0.8680,569.6998,59.62
NA,NA,-1,Unknown,Unknown,Unknown,Unknown,29.05,29.05,0.1733,0.8680,572.3646,59.60
NA,NA,-1,Unknown,Unknown,Unknown,Unknown,29.16,29.16,0.1667,0.8680,575.0287,59.59
NA,NA,-1,Unknown,Unknown,Unknown,Unknown,29.26,29.26,0.1587,0.8680,578.2249,59.57
NA,NA,-1,Unknown,Unknown,Unknown,Unknown,29.37,29.37,0.1521,0.8680,580.8876,59.56
NA,NA,-1,Unknown,Unknown,Unknown,Unknown,29.47,29.47,0.1456,0.8680,583.5498,59.55
NA,NA,-1,Unknown,Unknown,Unknown,Unknown,29.58,29.58,0.1376,0.8680,586.7437,59.53
NA,NA,-1,Unknown,Unknown,Unknown,Unknown,29.69,29.69,0.1311,0.8680,589.4045,59.52
NA,NA,-1,Unknown,Unknown,Unknown,Unknown,29.79,29.79,0.1245,0.8680,592.0648,59.50
NA,NA,-1,Unknown,Unknown,Unknown,Unknown,29.90,29.90,0.1166,0.8680,595.2563,59.49
NA,NA,-1,Unknown,Unknown,Unknown,Unknown,30.00,30.00,0.1100,0.8680,597.9153,59.47
NA,NA,-1,Unknown,Unknown,Unknown,Unknown,30.11,30.11,0.1034,0.8680,600.5737,59.46
NA,NA,-1,Unknown,Unknown,Unknown,Unknown,30.21,30.21,0.0969,0.8680,603.2315,59.45
NA,NA,-1,Unknown,Unknown,Unknown,Unknown,30.31,30.31,0.0903,0.8680,605.8887,59.43
NA,NA,-1,Unknown,Unknown,Unknown,Unknown,30.42,30.42,0.0824,0.8680,609.0765,59.42
NA,NA,-1,Unknown,Unknown,Unknown,Unknown,30.52,30.52,0.0759,0.8680,611.7323,59.40
NA,NA,-1,Unknown,Unknown,Unknown,Unknown,30.63,30.63,0.0693,0.8680,614.3876,59.39
NA,NA,-1,Unknown,Unknown,Unknown,Unknown,30.74,30.74,0.0627,0.8680,617.0422,59.38
NA,NA,-1,Unknown,Unknown,Unknown,Unknown,30.84,30.84,0.0549,0.8680,620.2271,59.36
NA,NA,-1,Unknown,Unknown,Unknown,Unknown,30.95,30.95,0.0483,0.8680,622.8804,59.35
NA,NA,-1,Unknown,Unknown,Unknown,Unknown,31.05,31.05,0.0418,0.8680,625.5332,59.34
NA,NA,-1,Unknown,Unknown,Unknown,Unknown,31.16,31.16,0.0352,0.8680,628.1854,59.32
NA,NA,-1,Unknown,Unknown,Unknown,Unknown,31.26,31.26,0.0274,0.8680,631.3671,59.31
NA,NA,-1,Unknown,Unknown,Unknown,Unknown,31.36,31.36,0.0209,0.8680,634.0180,59.29
NA,NA,-1,Unknown,Unknown,Unknown,Unknown,31.46,31.46,0.0143,0.8680,636.6683,59.28
NA,NA,-1,Unknown,Unknown,Unknown,Unknown,31.57,31.57,0.0078,0.8680,639.3179,59.27
NA,NA,-1,Unknown,Unknown,Unknown,Unknown,31.67,31.67,0.0013,0.8680,641.9670,59.25
NA,NA,-1,Unknown,Unknown,Unknown,Unknown,31.77,31.77,-0.0053,0.8680,644.6154,59.24
NA,NA,-1,Unknown,Unknown,Unknown,Unknown,31.87,31.87,-0.0118,0.8680,647.2633,59.23
NA,NA,-1,Unknown,Unknown,Unknown,Unknown,31.97,31.97,-0.0183,0.8680,649.9106,59.21
NA,NA,-1,Unknown,Unknown,Unknown,Unknown,32.08,32.08,-0.0248,0.8680,652.5573,59.20
NA,NA,-1,Unknown,Unknown,Unknown,Unknown,32.18,32.18,-0.0313,0.8680,655.2033,59.19
NA,NA,-1,Unknown,Unknown,Unknown,Unknown,32.29,32.29,-0.0391,0.8680,658.3779,59.17
NA,NA,-1,Unknown,Unknown,Unknown,Unknown,32.39,32.39,-0.0457,0.8680,661.0226,59.16
NA,NA,-1,Unknown,Unknown,Unknown,Unknown,32.49,32.49,-0.0522,0.8680,663.6668,59.14
NA,NA,-1,Unknown,Unknown,Unknown,Unknown,32.59,32.59,-0.0587,0.8680,666.3104,59.13
NA,NA,-1,Unknown,Unknown,Unknown,Unknown,32.70,32.70,-0.0652,0.8680,668.9534,59.12
NA,NA,-1,Unknown,Unknown,Unknown,Unknown,32.80,32.80,-0.0729,0.8680,672.1242,59.10
NA,NA,-1,Unknown,Unknown,Unknown,Unknown,32.90,32.90,-0.0794,0.8680,674.7659,59.09
NA,NA,-1,Unknown,Unknown,Unknown,Unknown,33.00,33.00,-0.0859,0.8680,677.4070,59.07
NA,NA,-1,Unknown,Unknown,Unknown,Unknown,33.10,33.10,-0.0924,0.8680,680.0475,59.06
NA,NA,-1,Unknown,Unknown,Unknown,Unknown,33.21,33.21,-0.0989,0.8680,682.6874,59.05
NA,NA,-1,Unknown,Unknown,Unknown,Unknown,33.31,33.31,-0.1054,0.8680,685.3267,59.03
NA,NA,-1,Unknown,Unknown,Unknown,Unknown,33.41,33.41,-0.1118,0.8680,687.9654,59.02
NA,NA,-1,Unknown,Unknown,Unknown,Unknown,33.52,33.52,-0.1183,0.8680,690.6035,59.01
NA,NA,-1,Unknown,Unknown,Unknown,Unknown,33.62,33.62,-0.1261,0.8680,693.7685,58.99
NA,NA,-1,Unknown,Unknown,Unknown,Unknown,33.72,33.72,-0.1326,0.8680,696.4053,58.98
NA,NA,-1,Unknown,Unknown,Unknown,Unknown,33.83,33.83,-0.1390,0.8680,699.0416,58.97
NA,NA,-1,Unknown,Unknown,Unknown,Unknown,33.93,33.93,-0.1455,0.8680,701.6772,58.95
NA,NA,-1,Unknown,Unknown,Unknown,Unknown,34.03,34.03,-0.1519,0.8680,704.3123,58.94
NA,NA,-1,Unknown,Unknown,Unknown,Unknown,34.14,34.14,-0.1584,0.8680,706.9467,58.93
NA,NA,-1,Unknown,Unknown,Unknown,Unknown,34.24,34.24,-0.1661,0.8680,710.1072,58.91
NA,NA,-1,Unknown,Unknown,Unknown,Unknown,34.34,34.34,-0.1726,0.8680,712.7404,58.90
NA,NA,-1,Unknown,Unknown,Unknown,Unknown,34.45,34.45,-0.1790,0.8680,715.3730,58.88
NA,NA,-1,Unknown,Unknown,Unknown,Unknown,34.55,34.55,-0.1855,0.8680,718.0049,58.87
NA,NA,-1,Unknown,Unknown,Unknown,Unknown,34.65,34.65,-0.1919,0.8680,720.6363,58.86
NA,NA,-1,Unknown,Unknown,Unknown,Unknown,34.75,34.75,-0.1983,0.8680,723.2671,58.84
NA,NA,-1,Unknown,Unknown,Unknown,Unknown,34.85,34.85,-0.2019,0.8680,725.8973,58.83
NA,NA,-1,Unknown,Unknown,Unknown,Unknown,34.96,34.96,-0.1905,0.8680,728.5263,58.81
NA,NA,-1,Unknown,Unknown,Unknown,Unknown,35.06,35.06,-0.1832,0.8679,731.1548,58.79
NA,NA,-1,Unknown,Unknown,Unknown,Unknown,35.17,35.17,-0.1665,0.8680,734.3082,58.78
NA,NA,-1,Unknown,Unknown,Unknown,Unknown,35.27,35.27,-0.1450,0.8680,736.9351,58.76
NA,NA,-1,Unknown,Unknown,Unknown,Unknown,35.38,35.38,-0.1252,0.8680,739.5615,58.75
NA,NA,-1,Unknown,Unknown,Unknown,Unknown,35.48,35.48,-0.0961,0.8680,742.1871,58.73
NA,NA,-1,Unknown,Unknown,Unknown,Unknown,35.58,35.58,-0.0563,0.8680,745.3369,58.71
NA,NA,-1,Unknown,Unknown,Unknown,Unknown,35.68,35.68,-0.0201,0.8680,747.9611,58.70
NA,NA,-1,Unknown,Unknown,Unknown,Unknown,35.78,35.78,0.0186,0.8680,750.5846,58.69
NA,NA,-1,Unknown,Unknown,Unknown,Unknown,35.88,35.88,0.0593,0.8680,753.2075,58.67
NA,NA,-1,Unknown,Unknown,Unknown,Unknown,35.99,35.99,0.1014,0.8680,755.8298,58.66
NA,NA,-1,Unknown,Unknown,Unknown,Unknown,36.09,36.09,0.1447,0.8681,758.4514,58.65
NA,NA,-1,Unknown,Unknown,Unknown,Unknown,36.20,36.20,0.1886,0.8681,761.0724,58.63
NA,NA,-1,Unknown,Unknown,Unknown,Unknown,36.30,36.30,0.2418,0.8681,764.2169,58.62
NA,NA,-1,Unknown,Unknown,Unknown,Unknown,36.41,36.41,0.2864,0.8681,766.8370,58.61
NA,NA,-1,Unknown,Unknown,Unknown,Unknown,36.51,36.51,0.3310,0.8681,769.4567,58.60
NA,NA,-1,Unknown,Unknown,Unknown,Unknown,36.62,36.62,0.3687,0.8681,772.0758,58.59
NA,NA,-1,Unknown,Unknown,Unknown,Unknown,36.72,36.72,0.4084,0.8681,774.6943,58.58
NA,NA,-1,Unknown,Unknown,Unknown,Unknown,36.82,36.82,0.4532,0.8680,777.8357,58.56
NA,NA,-1,Unknown,Unknown,Unknown,Unknown,36.92,36.92,0.4876,0.8680,780.4530,58.55
NA,NA,-1,Unknown,Unknown,Unknown,Unknown,37.03,37.03,0.5192,0.8680,783.0698,58.53
NA,NA,-1,Unknown,Unknown,Unknown,Unknown,37.13,37.13,0.5482,0.8680,785.6859,58.52
NA,NA,-1,Unknown,Unknown,Unknown,Unknown,37.23,37.23,0.5747,0.8680,788.3015,58.51
NA,NA,-1,Unknown,Unknown,Unknown,Unknown,37.34,37.34,0.5987,0.8680,790.9166,58.49
NA,NA,-1,Unknown,Unknown,Unknown,Unknown,37.44,37.44,0.6205,0.8680,793.5310,58.48
NA,NA,-1,Unknown,Unknown,Unknown,Unknown,37.54,37.54,0.6438,0.8680,796.6675,58.46
NA,NA,-1,Unknown,Unknown,Unknown,Unknown,37.64,37.64,0.6611,0.8680,799.2807,58.45
NA,NA,-1,Unknown,Unknown,Unknown,Unknown,37.75,37.75,0.6768,0.8680,801.8933,58.44
NA,NA,-1,Unknown,Unknown,Unknown,Unknown,37.85,37.85,0.6911,0.8680,804.5053,58.42
NA,NA,-1,Unknown,Unknown,Unknown,Unknown,37.95,37.95,0.7041,0.8680,807.1167,58.41
NA,NA,-1,Unknown,Unknown,Unknown,Unknown,38.05,38.05,0.7161,0.8680,809.7275,58.40
NA,NA,-1,Unknown,Unknown,Unknown,Unknown,38.16,38.16,0.7272,0.8680,812.3378,58.39
NA,NA,-1,Unknown,Unknown,Unknown,Unknown,38.26,38.26,0.7376,0.8680,814.9475,58.37
NA,NA,-1,Unknown,Unknown,Unknown,Unknown,38.36,38.36,0.7493,0.8680,818.0784,58.36
NA,NA,-1,Unknown,Unknown,Unknown,Unknown,38.47,38.47,0.7585,0.8681,820.6890,58.40
NA,NA,-1,Unknown,Unknown,Unknown,Unknown,38.57,38.57,0.7673,0.8682,823.3002,58.41
NA,NA,-1,Unknown,Unknown,Unknown,Unknown,38.67,38.67,0.7758,0.8683,825.9108,58.40
NA,NA,-1,Unknown,Unknown,Unknown,Unknown,38.78,38.78,0.7840,0.8682,828.5209,58.39
NA,NA,-1,Unknown,Unknown,Unknown,Unknown,38.88,38.88,0.7921,0.8681,831.1304,58.37
NA,NA,-1,Unknown,Unknown,Unknown,Unknown,38.98,38.98,0.7999,0.8680,834.2612,58.36
NA,NA,-1,Unknown,Unknown,Unknown,Unknown,39.09,39.09,0.7884,0.8680,836.8692,58.33
NA,NA,-1,Unknown,Unknown,Unknown,Unknown,39.19,39.19,0.7793,0.8679,839.4764,58.32
NA,NA,-1,Unknown,Unknown,Unknown,Unknown,39.29,39.29,0.7650,0.8679,842.0829,58.30
NA,NA,-1,Unknown,Unknown,Unknown,Unknown,39.39,39.39,0.7422,0.8679,844.6888,58.29
NA,NA,-1,Unknown,Unknown,Unknown,Unknown,39.50,39.50,0.7111,0.8680,847.2938,58.27
NA,NA,-1,Unknown,Unknown,Unknown,Unknown,39.60,39.60,0.6721,0.8679,849.8980,58.26
NA,NA,-1,Unknown,Unknown,Unknown,Unknown,39.71,39.71,0.6248,0.8679,853.0222,58.23
NA,NA,-1,Unknown,Unknown,Unknown,Unknown,39.82,39.82,0.5863,0.8680,855.6248,58.22
NA,NA,-1,Unknown,Unknown,Unknown,Unknown,39.92,39.92,0.5401,0.8681,858.2266,58.20
NA,NA,-1,Unknown,Unknown,Unknown,Unknown,40.02,40.02,0.4862,0.8681,861.3480,58.19
NA,NA,-1,Unknown,Unknown,Unknown,Unknown,40.13,40.13,0.4433,0.8681,863.9486,58.18
NA,NA,-1,Unknown,Unknown,Unknown,Unknown,40.23,40.23,0.4029,0.8681,866.5486,58.16
NA,NA,-1,Unknown,Unknown,Unknown,Unknown,40.33,40.33,0.3656,0.8681,869.1481,58.15
NA,NA,-1,Unknown,Unknown,Unknown,Unknown,40.44,40.44,0.3317,0.8680,871.7469,58.14
NA,NA,-1,Unknown,Unknown,Unknown,Unknown,40.54,40.54,0.3014,0.8680,874.3452,58.12
NA,NA,-1,Unknown,Unknown,Unknown,Unknown,40.64,40.64,0.2698,0.8680,877.4625,58.11
NA,NA,-1,Unknown,Unknown,Unknown,Unknown,40.74,40.74,0.2474,0.8680,880.0595,58.09
NA,NA,-1,Unknown,Unknown,Unknown,Unknown,40.85,40.85,0.2282,0.8680,882.6560,58.08
NA,NA,-1,Unknown,Unknown,Unknown,Unknown,40.95,40.95,0.2119,0.8680,885.2520,58.06
NA,NA,-1,Unknown,Unknown,Unknown,Unknown,41.05,41.05,0.1982,0.8680,887.8473,58.05
NA,NA,-1,Unknown,Unknown,Unknown,Unknown,41.16,41.16,0.1867,0.8681,890.4438,58.10
NA,NA,-1,Unknown,Unknown,Unknown,Unknown,41.26,41.26,0.1771,0.8683,893.0452,58.20
NA,NA,-1,Unknown,Unknown,Unknown,Unknown,41.36,41.36,0.1678,0.8687,896.1687,58.24
NA,NA,-1,Unknown,Unknown,Unknown,Unknown,41.47,41.47,0.1614,0.8688,898.7762,58.38
NA,NA,-1,Unknown,Unknown,Unknown,Unknown,41.57,41.57,0.1560,0.8690,901.3920,58.54
NA,NA,-1,Unknown,Unknown,Unknown,Unknown,41.67,41.67,0.1514,0.8692,904.0104,58.59
NA,NA,-1,Unknown,Unknown,Unknown,Unknown,41.78,41.78,0.1474,0.8689,906.6287,58.60
NA,NA,-1,Unknown,Unknown,Unknown,Unknown,41.88,41.88,0.1432,0.8684,909.7708,58.60
NA,NA,-1,Unknown,Unknown,Unknown,Unknown,41.99,41.99,0.1400,0.8681,912.3929,58.68
NA,NA,-1,Unknown,Unknown,Unknown,Unknown,42.09,42.09,0.1370,0.8682,915.0178,58.72
NA,NA,-1,Unknown,Unknown,Unknown,Unknown,42.19,42.19,0.1342,0.8683,917.6423,58.72
NA,NA,-1,Unknown,Unknown,Unknown,Unknown,42.29,42.29,0.1314,0.8683,920.2665,58.71
NA,NA,-1,Unknown,Unknown,Unknown,Unknown,42.39,42.39,0.1287,0.8682,922.8902,58.70
NA,NA,-1,Unknown,Unknown,Unknown,Unknown,42.50,42.50,0.1260,0.8680,925.5135,58.68
NA,NA,-1,Unknown,Unknown,Unknown,Unknown,42.60,42.60,0.1233,0.8680,928.1365,58.67
NA,NA,-1,Unknown,Unknown,Unknown,Unknown,42.70,42.70,0.1200,0.8680,931.2832,58.65
NA,NA,-1,Unknown,Unknown,Unknown,Unknown,42.80,42.80,0.1172,0.8680,933.9049,58.64
NA,NA,-1,Unknown,Unknown,Unknown,Unknown,42.91,42.91,0.1144,0.8681,936.5267,58.66
NA,NA,-1,Unknown,Unknown,Unknown,Unknown,43.01,43.01,0.1116,0.8682,939.1520,58.73
NA,NA,-1,Unknown,Unknown,Unknown,Unknown,43.12,43.12,0.1088,0.8685,941.7784,58.75
NA,NA,-1,Unknown,Unknown,Unknown,Unknown,43.22,43.22,0.1059,0.8685,944.4042,58.75
NA,NA,-1,Unknown,Unknown,Unknown,Unknown,43.32,43.32,0.1030,0.8683,947.0296,58.74
NA,NA,-1,Unknown,Unknown,Unknown,Unknown,43.42,43.42,0.0996,0.8681,950.1796,58.72
NA,NA,-1,Unknown,Unknown,Unknown,Unknown,43.53,43.53,0.0967,0.8680,952.8040,58.71
NA,NA,-1,Unknown,Unknown,Unknown,Unknown,43.63,43.63,0.0937,0.8680,955.4280,58.69
NA,NA,-1,Unknown,Unknown,Unknown,Unknown,43.74,43.74,0.0908,0.8680,958.0514,58.68
NA,NA,-1,Unknown,Unknown,Unknown,Unknown,43.84,43.84,0.0873,0.8680,961.1987,58.66
NA,NA,-1,Unknown,Unknown,Unknown,Unknown,43.94,43.94,0.0843,0.8681,963.8208,58.65
NA,NA,-1,Unknown,Unknown,Unknown,Unknown,44.04,44.04,0.0814,0.8681,966.4423,58.64
NA,NA,-1,Unknown,Unknown,Unknown,Unknown,44.15,44.15,0.0784,0.8681,969.0632,58.62
NA,NA,-1,Unknown,Unknown,Unknown,Unknown,44.25,44.25,0.0755,0.8681,971.6835,58.61
NA,NA,-1,Unknown,Unknown,Unknown,Unknown,44.35,44.35,0.0725,0.8680,974.3032,58.60
NA,NA,-1,Unknown,Unknown,Unknown,Unknown,44.46,44.46,0.0696,0.8680,976.9224,58.58
NA,NA,-1,Unknown,Unknown,Unknown,Unknown,44.56,44.56,0.0666,0.8680,979.5409,58.57
NA,NA,-1,Unknown,Unknown,Unknown,Unknown,44.66,44.66,0.0631,0.8681,982.6830,58.59
NA,NA,-1,Unknown,Unknown,Unknown,Unknown,44.77,44.77,0.0601,0.8683,985.3062,58.69
NA,NA,-1,Unknown,Unknown,Unknown,Unknown,44.87,44.87,0.0572,0.8686,987.9321,58.74
NA,NA,-1,Unknown,Unknown,Unknown,Unknown,44.97,44.97,0.0542,0.8687,990.5576,58.74
NA,NA,-1,Unknown,Unknown,Unknown,Unknown,45.08,45.08,0.0512,0.8685,993.1827,58.74
NA,NA,-1,Unknown,Unknown,Unknown,Unknown,45.18,45.18,0.0483,0.8682,995.8075,58.72
NA,NA,-1,Unknown,Unknown,Unknown,Unknown,45.28,45.28,0.0453,0.8680,998.4320,58.71
NA,NA,-1,Unknown,Unknown,Unknown,Unknown,45.38,45.38,0.0418,0.8679,1001.5810,58.69
NA,NA,-1,Unknown,Unknown,Unknown,Unknown,45.48,45.48,0.0388,0.8679,1004.2040,58.68
NA,NA,-1,Unknown,Unknown,Unknown,Unknown,45.59,45.59,0.0358,0.8680,1006.8270,58.67
NA,NA,-1,Unknown,Unknown,Unknown,Unknown,45.69,45.69,0.0329,0.8680,1009.4490,58.65
NA,NA,-1,Unknown,Unknown,Unknown,Unknown,45.79,45.79,0.0299,0.8681,1012.0710,58.64
NA,NA,-1,Unknown,Unknown,Unknown,Unknown,45.90,45.90,0.0270,0.8681,1014.6940,58.69
NA,NA,-1,Unknown,Unknown,Unknown,Unknown,46.00,46.00,0.0234,0.8685,1017.8490,58.84
NA,NA,-1,Unknown,Unknown,Unknown,Unknown,46.11,46.11,0.0204,0.8688,1020.4810,58.87
NA,NA,-1,Unknown,Unknown,Unknown,Unknown,46.21,46.21,0.0174,0.8688,1023.1120,58.87
NA,NA,-1,Unknown,Unknown,Unknown,Unknown,46.31,46.31,0.0145,0.8685,1025.7430,58.86
NA,NA,-1,Unknown,Unknown,Unknown,Unknown,46.41,46.41,0.0115,0.8681,1028.3730,58.85
NA,NA,-1,Unknown,Unknown,Unknown,Unknown,46.52,46.52,0.0085,0.8679,1031.0040,58.84
NA,NA,-1,Unknown,Unknown,Unknown,Unknown,46.62,46.62,0.0049,0.8679,1034.1600,58.86
NA,NA,-1,Unknown,Unknown,Unknown,Unknown,46.73,46.73,0.0020,0.8681,1036.7930,58.89
NA,NA,-1,Unknown,Unknown,Unknown,Unknown,46.83,46.83,-0.0010,0.8683,1039.4260,58.90
NA,NA,-1,Unknown,Unknown,Unknown,Unknown,46.93,46.93,-0.0040,0.8683,1042.0590,58.89
NA,NA,-1,Unknown,Unknown,Unknown,Unknown,47.03,47.03,-0.0070,0.8682,1044.6910,58.88
NA,NA,-1,Unknown,Unknown,Unknown,Unknown,47.14,47.14,-0.0100,0.8681,1047.3220,58.86
NA,NA,-1,Unknown,Unknown,Unknown,Unknown,47.24,47.24,-0.0130,0.8680,1049.9530,58.85
NA,NA,-1,Unknown,Unknown,Unknown,Unknown,47.34,47.34,-0.0166,0.8680,1053.1100,58.87
NA,NA,-1,Unknown,Unknown,Unknown,Unknown,47.45,47.45,-0.0196,0.8682,1055.7460,58.97
NA,NA,-1,Unknown,Unknown,Unknown,Unknown,47.55,47.55,-0.0226,0.8686,1058.3840,59.00
NA,NA,-1,Unknown,Unknown,Unknown,Unknown,47.66,47.66,-0.0256,0.8686,1061.0210,59.00
NA,NA,-1,Unknown,Unknown,Unknown,Unknown,47.76,47.76,-0.0286,0.8684,1063.6580,58.99
NA,NA,-1,Unknown,Unknown,Unknown,Unknown,47.87,47.87,-0.0322,0.8681,1066.8210,58.98
NA,NA,-1,Unknown,Unknown,Unknown,Unknown,47.98,47.98,-0.0358,0.8679,1069.9840,58.96
NA,NA,-1,Unknown,Unknown,Unknown,Unknown,48.09,48.09,-0.0388,0.8679,1072.6200,58.95
NA,NA,-1,Unknown,Unknown,Unknown,Unknown,48.19,48.19,-0.0418,0.8680,1075.2550,58.93
NA,NA,-1,Unknown,Unknown,Unknown,Unknown,48.29,48.29,-0.0448,0.8680,1077.8890,58.92
NA,NA,-1,Unknown,Unknown,Unknown,Unknown,48.39,48.39,-0.0478,0.8681,1080.5220,58.91
NA,NA,-1,Unknown,Unknown,Unknown,Unknown,48.49,48.49,-0.0508,0.8681,1083.1560,58.89
NA,NA,-1,Unknown,Unknown,Unknown,Unknown,48.60,48.60,-0.0538,0.8681,1085.7880,58.88
NA,NA,-1,Unknown,Unknown,Unknown,Unknown,48.70,48.70,-0.0568,0.8681,1088.4200,58.87
NA,NA,-1,Unknown,Unknown,Unknown,Unknown,48.80,48.80,-0.0598,0.8680,1091.0510,58.85
NA,NA,-1,Unknown,Unknown,Unknown,Unknown,48.91,48.91,-0.0634,0.8680,1094.2080,58.84
NA,NA,-1,Unknown,Unknown,Unknown,Unknown,49.01,49.01,-0.0664,0.8680,1096.8380,58.82
NA,NA,-1,Unknown,Unknown,Unknown,Unknown,49.11,49.11,-0.0694,0.8680,1099.4670,58.81
NA,NA,-1,Unknown,Unknown,Unknown,Unknown,49.21,49.21,-0.0724,0.8680,1102.0960,58.80
NA,NA,-1,Unknown,Unknown,Unknown,Unknown,49.32,49.32,-0.0753,0.8680,1104.7240,58.79
NA,NA,-1,Unknown,Unknown,Unknown,Unknown,49.42,49.42,-0.0783,0.8680,1107.3520,58.77
NA,NA,-1,Unknown,Unknown,Unknown,Unknown,49.53,49.53,-0.0819,0.8680,1110.5040,58.76
NA,NA,-1,Unknown,Unknown,Unknown,Unknown,49.63,49.63,-0.0849,0.8680,1113.1300,58.74
NA,NA,-1,Unknown,Unknown,Unknown,Unknown,49.73,49.73,-0.0879,0.8680,1115.7560,58.73
NA,NA,-1,Unknown,Unknown,Unknown,Unknown,49.84,49.84,-0.0915,0.8680,1118.9060,58.71
NA,NA,-1,Unknown,Unknown,Unknown,Unknown,49.94,49.94,-0.0945,0.8680,1121.5300,58.70
NA,NA,-1,Unknown,Unknown,Unknown,Unknown,50.05,50.05,-0.0974,0.8680,1124.1540,58.69
NA,NA,-1,Unknown,Unknown,Unknown,Unknown,50.15,50.15,-0.1004,0.8681,1126.7790,58.72
NA,NA,-1,Unknown,Unknown,Unknown,Unknown,50.25,50.25,-0.1034,0.8682,1129.4050,58.75
NA,NA,-1,Unknown,Unknown,Unknown,Unknown,50.35,50.35,-0.1064,0.8683,1132.0310,58.75
NA,NA,-1,Unknown,Unknown,Unknown,Unknown,50.46,50.46,-0.1093,0.8683,1134.6580,58.75
NA,NA,-1,Unknown,Unknown,Unknown,Unknown,50.56,50.56,-0.1123,0.8683,1137.2860,58.83
NA,NA,-1,Unknown,Unknown,Unknown,Unknown,50.66,50.66,-0.1153,0.8686,1139.9240,59.07
NA,NA,-1,Unknown,Unknown,Unknown,Unknown,50.76,50.76,-0.1189,0.8695,1143.1040,59.32
NA,NA,-1,Unknown,Unknown,Unknown,Unknown,50.86,50.86,-0.1219,0.8698,1145.7560,59.38
NA,NA,-1,Unknown,Unknown,Unknown,Unknown,50.97,50.97,-0.1249,0.8694,1148.4090,59.39
NA,NA,-1,Unknown,Unknown,Unknown,Unknown,51.07,51.07,-0.1229,0.8686,1151.0630,59.38
NA,NA,-1,Unknown,Unknown,Unknown,Unknown,51.17,51.17,-0.1187,0.8680,1153.7160,59.37
NA,NA,-1,Unknown,Unknown,Unknown,Unknown,51.28,51.28,-0.1144,0.8677,1156.3690,59.35
NA,NA,-1,Unknown,Unknown,Unknown,Unknown,51.39,51.39,-0.1049,0.8677,1159.5520,59.34
NA,NA,-1,Unknown,Unknown,Unknown,Unknown,51.49,51.49,-0.0933,0.8680,1162.2070,59.41
NA,NA,-1,Unknown,Unknown,Unknown,Unknown,51.59,51.59,-0.0783,0.8685,1164.8710,59.66
NA,NA,-1,Unknown,Unknown,Unknown,Unknown,51.70,51.70,-0.0558,0.8697,1168.0890,60.06
NA,NA,-1,Unknown,Unknown,Unknown,Unknown,51.80,51.80,-0.0367,0.8701,1170.7770,60.25
NA,NA,-1,Unknown,Unknown,Unknown,Unknown,51.91,51.91,-0.0106,0.8696,1173.4700,60.31
NA,NA,-1,Unknown,Unknown,Unknown,Unknown,52.01,52.01,0.0026,0.8688,1176.1640,60.30
NA,NA,-1,Unknown,Unknown,Unknown,Unknown,52.11,52.11,0.0178,0.8681,1178.8590,60.29
NA,NA,-1,Unknown,Unknown,Unknown,Unknown,52.22,52.22,0.0309,0.8677,1181.5530,60.27
NA,NA,-1,Unknown,Unknown,Unknown,Unknown,52.32,52.32,0.0377,0.8677,1184.2470,60.26
NA,NA,-1,Unknown,Unknown,Unknown,Unknown,52.42,52.42,0.0399,0.8678,1187.4790,60.24
NA,NA,-1,Unknown,Unknown,Unknown,Unknown,52.53,52.53,0.0350,0.8679,1190.1710,60.22
NA,NA,-1,Unknown,Unknown,Unknown,Unknown,52.64,52.64,0.0244,0.8680,1192.8630,60.21
NA,NA,-1,Unknown,Unknown,Unknown,Unknown,52.74,52.74,0.0087,0.8680,1195.5540,60.20
NA,NA,-1,Unknown,Unknown,Unknown,Unknown,52.84,52.84,-0.0118,0.8680,1198.2450,60.18
NA,NA,-1,Unknown,Unknown,Unknown,Unknown,52.94,52.94,-0.0421,0.8680,1201.4730,60.16
NA,NA,-1,Unknown,Unknown,Unknown,Unknown,53.05,53.05,-0.0652,0.8680,1204.1620,60.15
NA,NA,-1,Unknown,Unknown,Unknown,Unknown,53.15,53.15,-0.0932,0.8680,1206.8500,60.13
NA,NA,-1,Unknown,Unknown,Unknown,Unknown,53.25,53.25,-0.1222,0.8681,1209.5380,60.12
NA,NA,-1,Unknown,Unknown,Unknown,Unknown,53.35,53.35,-0.1509,0.8681,1212.2250,60.11
NA,NA,-1,Unknown,Unknown,Unknown,Unknown,53.45,53.45,-0.1789,0.8681,1214.9110,60.09
NA,NA,-1,Unknown,Unknown,Unknown,Unknown,53.55,53.55,-0.2059,0.8681,1217.5980,60.08
NA,NA,-1,Unknown,Unknown,Unknown,Unknown,53.66,53.66,-0.2315,0.8680,1220.2830,60.07
NA,NA,-1,Unknown,Unknown,Unknown,Unknown,53.76,53.76,-0.2603,0.8680,1223.5040,60.05
NA,NA,-1,Unknown,Unknown,Unknown,Unknown,53.86,53.86,-0.2825,0.8680,1226.1880,60.04
NA,NA,-1,Unknown,Unknown,Unknown,Unknown,53.97,53.97,-0.3032,0.8680,1228.8720,60.02
NA,NA,-1,Unknown,Unknown,Unknown,Unknown,54.07,54.07,-0.3223,0.8680,1231.5550,60.01
NA,NA,-1,Unknown,Unknown,Unknown,Unknown,54.17,54.17,-0.3399,0.8680,1234.2370,60.00
NA,NA,-1,Unknown,Unknown,Unknown,Unknown,54.28,54.28,-0.3563,0.8680,1236.9180,59.98
NA,NA,-1,Unknown,Unknown,Unknown,Unknown,54.38,54.38,-0.3714,0.8680,1239.5990,59.97
NA,NA,-1,Unknown,Unknown,Unknown,Unknown,54.49,54.49,-0.3883,0.8680,1242.8160,59.95
NA,NA,-1,Unknown,Unknown,Unknown,Unknown,54.59,54.59,-0.4014,0.8680,1245.4960,59.94
NA,NA,-1,Unknown,Unknown,Unknown,Unknown,54.69,54.69,-0.4138,0.8680,1248.1750,59.93
NA,NA,-1,Unknown,Unknown,Unknown,Unknown,54.79,54.79,-0.4255,0.8680,1250.8530,59.91
NA,NA,-1,Unknown,Unknown,Unknown,Unknown,54.89,54.89,-0.4367,0.8680,1253.5310,59.90
NA,NA,-1,Unknown,Unknown,Unknown,Unknown,55.00,55.00,-0.4475,0.8680,1256.2080,59.88
NA,NA,-1,Unknown,Unknown,Unknown,Unknown,55.10,55.10,-0.4600,0.8680,1259.4200,59.87
NA,NA,-1,Unknown,Unknown,Unknown,Unknown,55.21,55.21,-0.4701,0.8680,1262.0960,59.86
NA,NA,-1,Unknown,Unknown,Unknown,Unknown,55.31,55.31,-0.4799,0.8680,1264.7720,59.84
NA,NA,-1,Unknown,Unknown,Unknown,Unknown,55.42,55.42,-0.4896,0.8680,1267.4470,59.83
NA,NA,-1,Unknown,Unknown,Unknown,Unknown,55.53,55.53,-0.5010,0.8680,1270.6560,59.81
NA,NA,-1,Unknown,Unknown,Unknown,Unknown,55.63,55.63,-0.5103,0.8680,1273.3290,59.80
NA,NA,-1,Unknown,Unknown,Unknown,Unknown,55.73,55.73,-0.5196,0.8680,1276.0020,59.79
NA,NA,-1,Unknown,Unknown,Unknown,Unknown,55.84,55.84,-0.5287,0.8680,1278.6740,59.77
NA,NA,-1,Unknown,Unknown,Unknown,Unknown,55.94,55.94,-0.5396,0.8680,1281.8800,59.76
NA,NA,-1,Unknown,Unknown,Unknown,Unknown,56.04,56.04,-0.5487,0.8680,1284.5510,59.74
NA,NA,-1,Unknown,Unknown,Unknown,Unknown,56.14,56.14,-0.5577,0.8680,1287.2210,59.73
NA,NA,-1,Unknown,Unknown,Unknown,Unknown,56.25,56.25,-0.5666,0.8680,1289.8910,59.72
NA,NA,-1,Unknown,Unknown,Unknown,Unknown,56.35,56.35,-0.5756,0.8680,1292.5600,59.70
NA,NA,-1,Unknown,Unknown,Unknown,Unknown,56.46,56.46,-0.5845,0.8680,1295.2290,59.69
NA,NA,-1,Unknown,Unknown,Unknown,Unknown,56.56,56.56,-0.5934,0.8680,1297.8970,59.68
NA,NA,-1,Unknown,Unknown,Unknown,Unknown,56.66,56.66,-0.6040,0.8680,1301.0980,59.66
NA,NA,-1,Unknown,Unknown,Unknown,Unknown,56.77,56.77,-0.6129,0.8680,1303.7640,59.65
NA,NA,-1,Unknown,Unknown,Unknown,Unknown,56.87,56.87,-0.6217,0.8680,1306.4300,59.63
NA,NA,-1,Unknown,Unknown,Unknown,Unknown,56.97,56.97,-0.6306,0.8680,1309.0960,59.62
NA,NA,-1,Unknown,Unknown,Unknown,Unknown,57.07,57.07,-0.6394,0.8680,1311.7600,59.61
NA,NA,-1,Unknown,Unknown,Unknown,Unknown,57.18,57.18,-0.6482,0.8680,1314.4250,59.59
NA,NA,-1,Unknown,Unknown,Unknown,Unknown,57.28,57.28,-0.6570,0.8680,1317.0880,59.58
NA,NA,-1,Unknown,Unknown,Unknown,Unknown,57.38,57.38,-0.6676,0.8680,1320.2840,59.56
NA,NA,-1,Unknown,Unknown,Unknown,Unknown,57.48,57.48,-0.6764,0.8680,1322.9460,59.55
NA,NA,-1,Unknown,Unknown,Unknown,Unknown,57.58,57.58,-0.6852,0.8680,1325.6080,59.54
NA,NA,-1,Unknown,Unknown,Unknown,Unknown,57.68,57.68,-0.6940,0.8680,1328.2690,59.52
NA,NA,-1,Unknown,Unknown,Unknown,Unknown,57.79,57.79,-0.7028,0.8680,1330.9290,59.51
NA,NA,-1,Unknown,Unknown,Unknown,Unknown,57.90,57.90,-0.7115,0.8680,1333.5890,59.50
NA,NA,-1,Unknown,Unknown,Unknown,Unknown,58.00,58.00,-0.7161,0.8681,1336.7800,59.47
NA,NA,-1,Unknown,Unknown,Unknown,Unknown,58.10,58.10,-0.7002,0.8680,1339.4380,59.45
NA,NA,-1,Unknown,Unknown,Unknown,Unknown,58.21,58.21,-0.6881,0.8679,1342.0950,59.43
NA,NA,-1,Unknown,Unknown,Unknown,Unknown,58.31,58.31,-0.6676,0.8679,1344.7510,59.42
NA,NA,-1,Unknown,Unknown,Unknown,Unknown,58.42,58.42,-0.6367,0.8679,1347.4070,59.40
NA,NA,-1,Unknown,Unknown,Unknown,Unknown,58.52,58.52,-0.5991,0.8679,1350.5930,59.38
NA,NA,-1,Unknown,Unknown,Unknown,Unknown,58.62,58.62,-0.5612,0.8680,1353.2470,59.36
NA,NA,-1,Unknown,Unknown,Unknown,Unknown,58.73,58.73,-0.5158,0.8680,1355.9000,59.35
NA,NA,-1,Unknown,Unknown,Unknown,Unknown,58.83,58.83,-0.4686,0.8680,1358.5520,59.33
NA,NA,-1,Unknown,Unknown,Unknown,Unknown,58.93,58.93,-0.4201,0.8680,1361.2040,59.32
NA,NA,-1,Unknown,Unknown,Unknown,Unknown,59.04,59.04,-0.3709,0.8680,1363.8550,59.31
NA,NA,-1,Unknown,Unknown,Unknown,Unknown,59.14,59.14,-0.3217,0.8681,1366.5050,59.29
NA,NA,-1,Unknown,Unknown,Unknown,Unknown,59.25,59.25,-0.2635,0.8681,1369.6850,59.28
NA,NA,-1,Unknown,Unknown,Unknown,Unknown,59.35,59.35,-0.2163,0.8681,1372.3340,59.26
NA,NA,-1,Unknown,Unknown,Unknown,Unknown,59.45,59.45,-0.1706,0.8680,1374.9830,59.25
NA,NA,-1,Unknown,Unknown,Unknown,Unknown,59.55,59.55,-0.1266,0.8680,1377.6310,59.24
NA,NA,-1,Unknown,Unknown,Unknown,Unknown,59.66,59.66,-0.0788,0.8681,1380.2810,59.33
NA,NA,-1,Unknown,Unknown,Unknown,Unknown,59.76,59.76,-0.0229,0.8687,1383.4720,59.51
NA,NA,-1,Unknown,Unknown,Unknown,Unknown,59.87,59.87,0.0235,0.8690,1386.1330,59.56
NA,NA,-1,Unknown,Unknown,Unknown,Unknown,59.97,59.97,0.0716,0.8690,1388.7950,59.56
NA,NA,-1,Unknown,Unknown,Unknown,Unknown,60.07,60.07,0.1213,0.8685,1391.4550,59.55
NA,NA,-1,Unknown,Unknown,Unknown,Unknown,60.18,60.18,0.1639,0.8681,1394.1160,59.54
NA,NA,-1,Unknown,Unknown,Unknown,Unknown,60.28,60.28,0.2084,0.8679,1396.7770,59.52
NA,NA,-1,Unknown,Unknown,Unknown,Unknown,60.38,60.38,0.2620,0.8678,1399.9690,59.50
NA,NA,-1,Unknown,Unknown,Unknown,Unknown,60.49,60.49,0.3038,0.8679,1402.6280,59.49
NA,NA,-1,Unknown,Unknown,Unknown,Unknown,60.59,60.59,0.3431,0.8680,1405.2870,59.47
NA,NA,-1,Unknown,Unknown,Unknown,Unknown,60.70,60.70,0.3797,0.8681,1407.9450,59.46
NA,NA,-1,Unknown,Unknown,Unknown,Unknown,60.80,60.80,0.4137,0.8681,1410.6030,59.45
NA,NA,-1,Unknown,Unknown,Unknown,Unknown,60.90,60.90,0.4449,0.8681,1413.2600,59.43
NA,NA,-1,Unknown,Unknown,Unknown,Unknown,61.00,61.00,0.4862,0.8680,1416.4470,59.42
NA,NA,-1,Unknown,Unknown,Unknown,Unknown,61.10,61.10,0.5176,0.8680,1419.1020,59.40
NA,NA,-1,Unknown,Unknown,Unknown,Unknown,61.20,61.20,0.5486,0.8680,1421.7570,59.39
NA,NA,-1,Unknown,Unknown,Unknown,Unknown,61.31,61.31,0.5806,0.8680,1424.4120,59.37
NA,NA,-1,Unknown,Unknown,Unknown,Unknown,61.41,61.41,0.6118,0.8680,1427.0650,59.36
NA,NA,-1,Unknown,Unknown,Unknown,Unknown,61.51,61.51,0.6353,0.8680,1429.7180,59.34
NA,NA,-1,Unknown,Unknown,Unknown,Unknown,61.62,61.62,0.6634,0.8680,1432.3710,59.33
NA,NA,-1,Unknown,Unknown,Unknown,Unknown,61.72,61.72,0.6894,0.8680,1435.0220,59.32
NA,NA,-1,Unknown,Unknown,Unknown,Unknown,61.82,61.82,0.7117,0.8680,1437.6740,59.30
NA,NA,-1,Unknown,Unknown,Unknown,Unknown,61.92,61.92,0.7359,0.8680,1440.8540,59.29
NA,NA,-1,Unknown,Unknown,Unknown,Unknown,62.02,62.02,0.7530,0.8680,1443.5040,59.27
NA,NA,-1,Unknown,Unknown,Unknown,Unknown,62.13,62.13,0.7672,0.8680,1446.1530,59.26
NA,NA,-1,Unknown,Unknown,Unknown,Unknown,62.23,62.23,0.7785,0.8680,1448.8020,59.25
NA,NA,-1,Unknown,Unknown,Unknown,Unknown,62.34,62.34,0.7871,0.8680,1451.4500,59.23
NA,NA,-1,Unknown,Unknown,Unknown,Unknown,62.44,62.44,0.7930,0.8680,1454.0980,59.22
NA,NA,-1,Unknown,Unknown,Unknown,Unknown,62.54,62.54,0.7965,0.8680,1456.7450,59.20
NA,NA,-1,Unknown,Unknown,Unknown,Unknown,62.64,62.64,0.7978,0.8680,1459.3910,59.19
NA,NA,-1,Unknown,Unknown,Unknown,Unknown,62.74,62.74,0.7967,0.8680,1462.5660,59.17
NA,NA,-1,Unknown,Unknown,Unknown,Unknown,62.84,62.84,0.7939,0.8680,1465.2110,59.16
NA,NA,-1,Unknown,Unknown,Unknown,Unknown,62.95,62.95,0.7897,0.8680,1467.8550,59.15
NA,NA,-1,Unknown,Unknown,Unknown,Unknown,63.05,63.05,0.7842,0.8680,1470.4990,59.14
NA,NA,-1,Unknown,Unknown,Unknown,Unknown,63.16,63.16,0.7777,0.8681,1473.1440,59.18
NA,NA,-1,Unknown,Unknown,Unknown,Unknown,63.26,63.26,0.7703,0.8683,1475.7920,59.23
NA,NA,-1,Unknown,Unknown,Unknown,Unknown,63.36,63.36,0.7604,0.8685,1478.9700,59.24
NA,NA,-1,Unknown,Unknown,Unknown,Unknown,63.46,63.46,0.7516,0.8684,1481.6170,59.23
NA,NA,-1,Unknown,Unknown,Unknown,Unknown,63.57,63.57,0.7423,0.8682,1484.2660,59.27
NA,NA,-1,Unknown,Unknown,Unknown,Unknown,63.67,63.67,0.7326,0.8683,1486.9190,59.36
NA,NA,-1,Unknown,Unknown,Unknown,Unknown,63.77,63.77,0.7226,0.8685,1489.5730,59.37
NA,NA,-1,Unknown,Unknown,Unknown,Unknown,63.87,63.87,0.7124,0.8685,1492.2270,59.37
NA,NA,-1,Unknown,Unknown,Unknown,Unknown,63.98,63.98,0.7020,0.8683,1494.8800,59.36
NA,NA,-1,Unknown,Unknown,Unknown,Unknown,64.09,64.09,0.6894,0.8681,1498.0630,59.34
NA,NA,-1,Unknown,Unknown,Unknown,Unknown,64.19,64.19,0.6788,0.8680,1500.7160,59.33
NA,NA,-1,Unknown,Unknown,Unknown,Unknown,64.29,64.29,0.6681,0.8679,1503.3670,59.32
NA,NA,-1,Unknown,Unknown,Unknown,Unknown,64.40,64.40,0.6574,0.8680,1506.0190,59.32
NA,NA,-1,Unknown,Unknown,Unknown,Unknown,64.50,64.50,0.6444,0.8683,1509.2060,59.46
NA,NA,-1,Unknown,Unknown,Unknown,Unknown,64.60,64.60,0.6335,0.8687,1511.8690,59.56
NA,NA,-1,Unknown,Unknown,Unknown,Unknown,64.71,64.71,0.6227,0.8690,1514.5320,59.59
NA,NA,-1,Unknown,Unknown,Unknown,Unknown,64.81,64.81,0.6118,0.8688,1517.1970,59.67
NA,NA,-1,Unknown,Unknown,Unknown,Unknown,64.91,64.91,0.6008,0.8688,1519.8720,59.90
NA,NA,-1,Unknown,Unknown,Unknown,Unknown,65.02,65.02,0.5898,0.8694,1522.5630,60.27
NA,NA,-1,Unknown,Unknown,Unknown,Unknown,65.12,65.12,0.5787,0.8703,1525.2670,60.57
NA,NA,-1,Unknown,Unknown,Unknown,Unknown,65.22,65.22,0.5676,0.8706,1527.9780,60.71
NA,NA,-1,Unknown,Unknown,Unknown,Unknown,65.32,65.32,0.5542,0.8698,1531.2330,60.75
NA,NA,-1,Unknown,Unknown,Unknown,Unknown,65.43,65.43,0.5431,0.8687,1533.9460,60.74
NA,NA,-1,Unknown,Unknown,Unknown,Unknown,65.53,65.53,0.5319,0.8679,1536.6590,60.72
NA,NA,-1,Unknown,Unknown,Unknown,Unknown,65.64,65.64,0.5207,0.8676,1539.3730,60.71
NA,NA,-1,Unknown,Unknown,Unknown,Unknown,65.74,65.74,0.5096,0.8676,1542.0870,60.69
NA,NA,-1,Unknown,Unknown,Unknown,Unknown,65.84,65.84,0.4961,0.8678,1545.3420,60.67
NA,NA,-1,Unknown,Unknown,Unknown,Unknown,65.94,65.94,0.4850,0.8680,1548.0540,60.66
NA,NA,-1,Unknown,Unknown,Unknown,Unknown,66.05,66.05,0.4738,0.8681,1550.7650,60.65
NA,NA,-1,Unknown,Unknown,Unknown,Unknown,66.15,66.15,0.4626,0.8681,1553.4760,60.63
NA,NA,-1,Unknown,Unknown,Unknown,Unknown,66.26,66.26,0.4514,0.8681,1556.1860,60.62
NA,NA,-1,Unknown,Unknown,Unknown,Unknown,66.36,66.36,0.4379,0.8681,1559.4380,60.60
NA,NA,-1,Unknown,Unknown,Unknown,Unknown,66.47,66.47,0.4267,0.8680,1562.1460,60.59
NA,NA,-1,Unknown,Unknown,Unknown,Unknown,66.57,66.57,0.4155,0.8680,1564.8550,60.58
NA,NA,-1,Unknown,Unknown,Unknown,Unknown,66.67,66.67,0.4043,0.8680,1567.5620,60.56
NA,NA,-1,Unknown,Unknown,Unknown,Unknown,66.77,66.77,0.3931,0.8680,1570.2690,60.55
NA,NA,-1,Unknown,Unknown,Unknown,Unknown,66.87,66.87,0.3819,0.8680,1572.9760,60.54
NA,NA,-1,Unknown,Unknown,Unknown,Unknown,66.98,66.98,0.3685,0.8680,1576.2230,60.52
NA,NA,-1,Unknown,Unknown,Unknown,Unknown,67.08,67.08,0.3573,0.8680,1578.9280,60.51
NA,NA,-1,Unknown,Unknown,Unknown,Unknown,67.18,67.18,0.3461,0.8680,1581.6320,60.49
NA,NA,-1,Unknown,Unknown,Unknown,Unknown,67.29,67.29,0.3349,0.8680,1584.3360,60.48
NA,NA,-1,Unknown,Unknown,Unknown,Unknown,67.40,67.40,0.3237,0.8680,1587.0390,60.46
NA,NA,-1,Unknown,Unknown,Unknown,Unknown,67.50,67.50,0.3103,0.8680,1590.2820,60.45
NA,NA,-1,Unknown,Unknown,Unknown,Unknown,67.60,67.60,0.3027,0.8680,1592.9840,60.43
NA,NA,-1,Unknown,Unknown,Unknown,Unknown,67.71,67.71,0.2937,0.8680,1595.6860,60.42
NA,NA,-1,Unknown,Unknown,Unknown,Unknown,67.81,67.81,0.2859,0.8680,1598.3860,60.41
NA,NA,-1,Unknown,Unknown,Unknown,Unknown,67.92,67.92,0.2793,0.8680,1601.0860,60.39
NA,NA,-1,Unknown,Unknown,Unknown,Unknown,68.02,68.02,0.2740,0.8680,1603.7860,60.38
NA,NA,-1,Unknown,Unknown,Unknown,Unknown,68.12,68.12,0.2698,0.8680,1606.4850,60.37
NA,NA,-1,Unknown,Unknown,Unknown,Unknown,68.22,68.22,0.2665,0.8680,1609.7220,60.35
NA,NA,-1,Unknown,Unknown,Unknown,Unknown,68.33,68.33,0.2650,0.8680,1612.4200,60.34
NA,NA,-1,Unknown,Unknown,Unknown,Unknown,68.43,68.43,0.2646,0.8680,1615.1170,60.32
NA,NA,-1,Unknown,Unknown,Unknown,Unknown,68.54,68.54,0.2652,0.8680,1617.8130,60.31
NA,NA,-1,Unknown,Unknown,Unknown,Unknown,68.64,68.64,0.2667,0.8680,1620.5090,60.29
NA,NA,-1,Unknown,Unknown,Unknown,Unknown,68.74,68.74,0.2697,0.8680,1623.7430,60.28
NA,NA,-1,Unknown,Unknown,Unknown,Unknown,68.84,68.84,0.2729,0.8680,1626.4370,60.26
NA,NA,-1,Unknown,Unknown,Unknown,Unknown,68.95,68.95,0.2768,0.8680,1629.1310,60.25
NA,NA,-1,Unknown,Unknown,Unknown,Unknown,69.05,69.05,0.2812,0.8680,1631.8240,60.24
NA,NA,-1,Unknown,Unknown,Unknown,Unknown,69.15,69.15,0.2861,0.8680,1634.5160,60.22
NA,NA,-1,Unknown,Unknown,Unknown,Unknown,69.25,69.25,0.2914,0.8680,1637.2080,60.21
NA,NA,-1,Unknown,Unknown,Unknown,Unknown,69.35,69.35,0.2970,0.8680,1639.9000,60.20
NA,NA,-1,Unknown,Unknown,Unknown,Unknown,69.46,69.46,0.3028,0.8680,1642.5900,60.18
NA,NA,-1,Unknown,Unknown,Unknown,Unknown,69.56,69.56,0.3101,0.8680,1645.8180,60.17
NA,NA,-1,Unknown,Unknown,Unknown,Unknown,69.67,69.67,0.3164,0.8680,1648.5080,60.15
NA,NA,-1,Unknown,Unknown,Unknown,Unknown,69.77,69.77,0.3229,0.8680,1651.1960,60.14
NA,NA,-1,Unknown,Unknown,Unknown,Unknown,69.87,69.87,0.3294,0.8680,1653.8850,60.13
NA,NA,-1,Unknown,Unknown,Unknown,Unknown,69.97,69.97,0.3361,0.8680,1656.5720,60.11
NA,NA,-1,Unknown,Unknown,Unknown,Unknown,70.07,70.07,0.3428,0.8680,1659.2590,60.10
NA,NA,-1,Unknown,Unknown,Unknown,Unknown,70.17,70.17,0.3496,0.8680,1661.9450,60.09
NA,NA,-1,Unknown,Unknown,Unknown,Unknown,70.28,70.28,0.3579,0.8680,1665.1680,60.07
NA,NA,-1,Unknown,Unknown,Unknown,Unknown,70.38,70.38,0.3648,0.8680,1667.8530,60.06
NA,NA,-1,Unknown,Unknown,Unknown,Unknown,70.49,70.49,0.3717,0.8680,1670.5370,60.04
NA,NA,-1,Unknown,Unknown,Unknown,Unknown,70.59,70.59,0.3786,0.8680,1673.2210,60.03
NA,NA,-1,Unknown,Unknown,Unknown,Unknown,70.69,70.69,0.3856,0.8680,1675.9040,60.02
NA,NA,-1,Unknown,Unknown,Unknown,Unknown,70.79,70.79,0.3926,0.8680,1678.5870,60.00
NA,NA,-1,Unknown,Unknown,Unknown,Unknown,70.89,70.89,0.3996,0.8680,1681.2690,59.99
NA,NA,-1,Unknown,Unknown,Unknown,Unknown,70.99,70.99,0.4067,0.8680,1683.9500,59.98
NA,NA,-1,Unknown,Unknown,Unknown,Unknown,71.10,71.10,0.4137,0.8680,1686.6310,59.96
NA,NA,-1,Unknown,Unknown,Unknown,Unknown,71.20,71.20,0.4221,0.8680,1689.8470,59.95
NA,NA,-1,Unknown,Unknown,Unknown,Unknown,71.31,71.31,0.4292,0.8680,1692.5270,59.93
NA,NA,-1,Unknown,Unknown,Unknown,Unknown,71.41,71.41,0.4362,0.8680,1695.2060,59.92
NA,NA,-1,Unknown,Unknown,Unknown,Unknown,71.51,71.51,0.4433,0.8680,1697.8840,59.91
NA,NA,-1,Unknown,Unknown,Unknown,Unknown,71.62,71.62,0.4503,0.8680,1700.5610,59.89
NA,NA,-1,Unknown,Unknown,Unknown,Unknown,71.72,71.72,0.4574,0.8680,1703.2380,59.88
NA,NA,-1,Unknown,Unknown,Unknown,Unknown,71.83,71.83,0.4659,0.8680,1706.4500,59.86
NA,NA,-1,Unknown,Unknown,Unknown,Unknown,71.93,71.93,0.4729,0.8680,1709.1260,59.85
NA,NA,-1,Unknown,Unknown,Unknown,Unknown,72.03,72.03,0.4800,0.8680,1711.8010,59.84
NA,NA,-1,Unknown,Unknown,Unknown,Unknown,72.13,72.13,0.4870,0.8680,1714.4750,59.82
NA,NA,-1,Unknown,Unknown,Unknown,Unknown,72.23,72.23,0.4941,0.8680,1717.1490,59.81
NA,NA,-1,Unknown,Unknown,Unknown,Unknown,72.34,72.34,0.5012,0.8680,1719.8230,59.80
NA,NA,-1,Unknown,Unknown,Unknown,Unknown,72.44,72.44,0.5096,0.8680,1723.0300,59.78
NA,NA,-1,Unknown,Unknown,Unknown,Unknown,72.55,72.55,0.5167,0.8680,1725.7020,59.77
NA,NA,-1,Unknown,Unknown,Unknown,Unknown,72.66,72.66,0.5238,0.8680,1728.3730,59.75
NA,NA,-1,Unknown,Unknown,Unknown,Unknown,72.76,72.76,0.5322,0.8680,1731.5780,59.74
NA,NA,-1,Unknown,Unknown,Unknown,Unknown,72.87,72.87,0.5393,0.8680,1734.2480,59.72
NA,NA,-1,Unknown,Unknown,Unknown,Unknown,72.97,72.97,0.5464,0.8680,1736.9170,59.71
NA,NA,-1,Unknown,Unknown,Unknown,Unknown,73.07,73.07,0.5534,0.8680,1739.5860,59.70
NA,NA,-1,Unknown,Unknown,Unknown,Unknown,73.18,73.18,0.5605,0.8680,1742.2550,59.68
NA,NA,-1,Unknown,Unknown,Unknown,Unknown,73.28,73.28,0.5676,0.8680,1744.9220,59.67
NA,NA,-1,Unknown,Unknown,Unknown,Unknown,73.39,73.39,0.5760,0.8680,1748.1230,59.65
NA,NA,-1,Unknown,Unknown,Unknown,Unknown,73.49,73.49,0.5831,0.8680,1750.7890,59.64
NA,NA,-1,Unknown,Unknown,Unknown,Unknown,73.59,73.59,0.5902,0.8680,1753.4550,59.63
NA,NA,-1,Unknown,Unknown,Unknown,Unknown,73.70,73.70,0.5986,0.8680,1756.6530,59.61
NA,NA,-1,Unknown,Unknown,Unknown,Unknown,73.81,73.81,0.6057,0.8680,1759.3170,59.60
NA,NA,-1,Unknown,Unknown,Unknown,Unknown,73.91,73.91,0.6128,0.8680,1761.9810,59.58
NA,NA,-1,Unknown,Unknown,Unknown,Unknown,74.01,74.01,0.6198,0.8680,1764.6440,59.57
NA,NA,-1,Unknown,Unknown,Unknown,Unknown,74.12,74.12,0.6269,0.8680,1767.3070,59.56
NA,NA,-1,Unknown,Unknown,Unknown,Unknown,74.22,74.22,0.6340,0.8680,1769.9690,59.54
NA,NA,-1,Unknown,Unknown,Unknown,Unknown,74.33,74.33,0.6424,0.8680,1773.1620,59.53
NA,NA,-1,Unknown,Unknown,Unknown,Unknown,74.43,74.43,0.6495,0.8680,1775.8230,59.51
NA,NA,-1,Unknown,Unknown,Unknown,Unknown,74.54,74.54,0.6566,0.8680,1778.4830,59.50
NA,NA,-1,Unknown,Unknown,Unknown,Unknown,74.64,74.64,0.6636,0.8680,1781.1430,59.49
NA,NA,-1,Unknown,Unknown,Unknown,Unknown,74.74,74.74,0.6721,0.8680,1784.3340,59.47
NA,NA,-1,Unknown,Unknown,Unknown,Unknown,74.84,74.84,0.6792,0.8680,1786.9920,59.46
NA,NA,-1,Unknown,Unknown,Unknown,Unknown,74.95,74.95,0.6862,0.8680,1789.6500,59.45
NA,NA,-1,Unknown,Unknown,Unknown,Unknown,75.06,75.06,0.6933,0.8682,1792.3100,59.55
NA,NA,-1,Unknown,Unknown,Unknown,Unknown,75.17,75.17,0.7018,0.8689,1795.5180,59.91
NA,NA,-1,Unknown,Unknown,Unknown,Unknown,75.28,75.28,0.7090,0.8701,1798.2140,60.42
NA,NA,-1,Unknown,Unknown,Unknown,Unknown,75.38,75.38,0.7176,0.8760,1801.4750,61.15
NA,NA,-1,Unknown,Unknown,Unknown,Unknown,75.49,75.49,0.7250,0.8731,1804.2270,61.78
NA,NA,-1,Unknown,Unknown,Unknown,Unknown,75.59,75.59,0.7324,0.8763,1807.0070,62.47
NA,NA,-1,Unknown,Unknown,Unknown,Unknown,75.69,75.69,0.7398,0.8759,1809.8150,63.10
NA,NA,-1,Unknown,Unknown,Unknown,Unknown,75.80,75.80,0.7474,0.8698,1812.6560,63.75
NA,NA,-1,Unknown,Unknown,Unknown,Unknown,75.90,75.90,0.7563,0.8781,1816.0990,64.56
NA,NA,-1,Unknown,Unknown,Unknown,Unknown,76.00,76.00,0.7639,0.8729,1819.0040,65.21
NA,NA,-1,Unknown,Unknown,Unknown,Unknown,76.11,76.11,0.7709,0.8713,1821.9320,65.83
NA,NA,-1,Unknown,Unknown,Unknown,Unknown,76.22,76.22,0.7791,0.8714,1824.8920,66.38
NA,NA,-1,Unknown,Unknown,Unknown,Unknown,76.32,76.32,0.7876,0.8711,1828.4680,66.77
NA,NA,-1,Unknown,Unknown,Unknown,Unknown,76.43,76.43,0.7944,0.8706,1831.4550,66.89
NA,NA,-1,Unknown,Unknown,Unknown,Unknown,76.53,76.53,0.8010,0.8697,1834.4430,66.92
NA,NA,-1,Unknown,Unknown,Unknown,Unknown,76.64,76.64,0.8088,0.8684,1838.0300,66.92
NA,NA,-1,Unknown,Unknown,Unknown,Unknown,76.75,76.75,0.8151,0.8677,1841.0200,66.90
NA,NA,-1,Unknown,Unknown,Unknown,Unknown,76.85,76.85,0.8215,0.8675,1844.0100,66.88
NA,NA,-1,Unknown,Unknown,Unknown,Unknown,76.96,76.96,0.8278,0.8676,1847.0000,66.87
NA,NA,-1,Unknown,Unknown,Unknown,Unknown,77.06,77.06,0.8341,0.8678,1849.9890,66.85
NA,NA,-1,Unknown,Unknown,Unknown,Unknown,77.16,77.16,0.8417,0.8680,1853.5740,66.83
NA,NA,-1,Unknown,Unknown,Unknown,Unknown,77.27,77.27,0.8481,0.8681,1856.5620,66.82
NA,NA,-1,Unknown,Unknown,Unknown,Unknown,77.38,77.38,0.8545,0.8681,1859.5480,66.80
NA,NA,-1,Unknown,Unknown,Unknown,Unknown,77.48,77.48,0.8622,0.8681,1863.1310,66.79
NA,NA,-1,Unknown,Unknown,Unknown,Unknown,77.59,77.59,0.8687,0.8680,1866.1170,66.77
NA,NA,-1,Unknown,Unknown,Unknown,Unknown,77.69,77.69,0.8753,0.8680,1869.1010,66.76
NA,NA,-1,Unknown,Unknown,Unknown,Unknown,77.80,77.80,0.8832,0.8680,1872.6820,66.74
NA,NA,-1,Unknown,Unknown,Unknown,Unknown,77.91,77.91,0.8898,0.8680,1875.6650,66.72
NA,NA,-1,Unknown,Unknown,Unknown,Unknown,78.01,78.01,0.8965,0.8680,1878.6470,66.71
NA,NA,-1,Unknown,Unknown,Unknown,Unknown,78.13,78.13,0.9046,0.8680,1882.2250,66.69
NA,NA,-1,Unknown,Unknown,Unknown,Unknown,78.24,78.24,0.9113,0.8680,1885.2060,66.67
NA,NA,-1,Unknown,Unknown,Unknown,Unknown,78.35,78.35,0.9194,0.8680,1888.7820,66.66
NA,NA,-1,Unknown,Unknown,Unknown,Unknown,78.46,78.46,0.9262,0.8680,1891.7610,66.64
NA,NA,-1,Unknown,Unknown,Unknown,Unknown,78.56,78.56,0.9343,0.8680,1895.3360,66.62
NA,NA,-1,Unknown,Unknown,Unknown,Unknown,78.66,78.66,0.9411,0.8680,1898.3140,66.61
NA,NA,-1,Unknown,Unknown,Unknown,Unknown,78.76,78.76,0.9479,0.8680,1901.2910,66.59
NA,NA,-1,Unknown,Unknown,Unknown,Unknown,78.88,78.88,0.9547,0.8680,1904.2670,66.58
NA,NA,-1,Unknown,Unknown,Unknown,Unknown,78.98,78.98,0.9629,0.8680,1907.8380,66.56
NA,NA,-1,Unknown,Unknown,Unknown,Unknown,79.08,79.08,0.9698,0.8680,1910.8130,66.55
NA,NA,-1,Unknown,Unknown,Unknown,Unknown,79.19,79.19,0.9766,0.8680,1913.7880,66.53
NA,NA,-1,Unknown,Unknown,Unknown,Unknown,79.30,79.30,0.9835,0.8680,1916.7620,66.52
NA,NA,-1,Unknown,Unknown,Unknown,Unknown,79.40,79.40,0.9903,0.8680,1919.7350,66.50
NA,NA,-1,Unknown,Unknown,Unknown,Unknown,79.51,79.51,0.9986,0.8680,1923.3020,66.48
NA,NA,-1,Unknown,Unknown,Unknown,Unknown,79.61,79.61,1.0054,0.8680,1926.2730,66.47
NA,NA,-1,Unknown,Unknown,Unknown,Unknown,79.72,79.72,1.0123,0.8680,1929.2440,66.45
NA,NA,-1,Unknown,Unknown,Unknown,Unknown,79.82,79.82,1.0206,0.8680,1932.8090,66.44
NA,NA,-1,Unknown,Unknown,Unknown,Unknown,79.93,79.93,1.0274,0.8680,1935.7780,66.42
NA,NA,-1,Unknown,Unknown,Unknown,Unknown,80.04,80.04,1.0343,0.8680,1938.7470,66.41
NA,NA,-1,Unknown,Unknown,Unknown,Unknown,80.14,80.14,1.0426,0.8680,1942.3090,66.39
NA,NA,-1,Unknown,Unknown,Unknown,Unknown,80.24,80.24,1.0494,0.8680,1945.2760,66.37
NA,NA,-1,Unknown,Unknown,Unknown,Unknown,80.34,80.34,1.0563,0.8680,1948.2430,66.36
NA,NA,-1,Unknown,Unknown,Unknown,Unknown,80.45,80.45,1.0632,0.8680,1951.2090,66.34
NA,NA,-1,Unknown,Unknown,Unknown,Unknown,80.55,80.55,1.0701,0.8680,1954.1740,66.33
NA,NA,-1,Unknown,Unknown,Unknown,Unknown,80.66,80.66,1.0770,0.8680,1957.1390,66.31
NA,NA,-1,Unknown,Unknown,Unknown,Unknown,80.76,80.76,1.0852,0.8680,1960.6960,66.29
NA,NA,-1,Unknown,Unknown,Unknown,Unknown,80.87,80.87,1.0921,0.8680,1963.6590,66.28
NA,NA,-1,Unknown,Unknown,Unknown,Unknown,80.97,80.97,1.0990,0.8680,1966.6210,66.27
NA,NA,-1,Unknown,Unknown,Unknown,Unknown,81.07,81.07,1.1059,0.8680,1969.5830,66.25
NA,NA,-1,Unknown,Unknown,Unknown,Unknown,81.18,81.18,1.1128,0.8680,1972.5440,66.24
NA,NA,-1,Unknown,Unknown,Unknown,Unknown,81.28,81.28,1.1210,0.8680,1976.0970,66.22
NA,NA,-1,Unknown,Unknown,Unknown,Unknown,81.39,81.39,1.1279,0.8680,1979.0570,66.20
NA,NA,-1,Unknown,Unknown,Unknown,Unknown,81.49,81.49,1.1348,0.8680,1982.0160,66.19
NA,NA,-1,Unknown,Unknown,Unknown,Unknown,81.60,81.60,1.1417,0.8680,1984.9740,66.17
NA,NA,-1,Unknown,Unknown,Unknown,Unknown,81.71,81.71,1.1500,0.8680,1988.5240,66.15
NA,NA,-1,Unknown,Unknown,Unknown,Unknown,81.82,81.82,1.1568,0.8680,1991.4810,66.14
NA,NA,-1,Unknown,Unknown,Unknown,Unknown,81.93,81.93,1.1651,0.8680,1995.0280,66.12
NA,NA,-1,Unknown,Unknown,Unknown,Unknown,82.03,82.03,1.1720,0.8680,1997.9840,66.11
NA,NA,-1,Unknown,Unknown,Unknown,Unknown,82.14,82.14,1.1789,0.8680,2000.9390,66.09
NA,NA,-1,Unknown,Unknown,Unknown,Unknown,82.24,82.24,1.1858,0.8680,2003.8930,66.08
NA,NA,-1,Unknown,Unknown,Unknown,Unknown,82.34,82.34,1.1941,0.8680,2007.4370,66.06
NA,NA,-1,Unknown,Unknown,Unknown,Unknown,82.45,82.45,1.2010,0.8680,2010.3900,66.05
NA,NA,-1,Unknown,Unknown,Unknown,Unknown,82.55,82.55,1.2078,0.8680,2013.3420,66.03
NA,NA,-1,Unknown,Unknown,Unknown,Unknown,82.65,82.65,1.2147,0.8680,2016.2930,66.02
NA,NA,-1,Unknown,Unknown,Unknown,Unknown,82.75,82.75,1.2216,0.8680,2019.2440,66.00
NA,NA,-1,Unknown,Unknown,Unknown,Unknown,82.86,82.86,1.2285,0.8680,2022.1940,65.99
NA,NA,-1,Unknown,Unknown,Unknown,Unknown,82.96,82.96,1.2368,0.8680,2025.7330,65.97
NA,NA,-1,Unknown,Unknown,Unknown,Unknown,83.08,83.08,1.2451,0.8680,2029.2710,65.95
NA,NA,-1,Unknown,Unknown,Unknown,Unknown,83.18,83.18,1.2520,0.8680,2032.2190,65.94
NA,NA,-1,Unknown,Unknown,Unknown,Unknown,83.28,83.28,1.2589,0.8680,2035.1660,65.92
NA,NA,-1,Unknown,Unknown,Unknown,Unknown,83.39,83.39,1.2658,0.8680,2038.1130,65.91
NA,NA,-1,Unknown,Unknown,Unknown,Unknown,83.49,83.49,1.2727,0.8680,2041.0590,65.89
NA,NA,-1,Unknown,Unknown,Unknown,Unknown,83.60,83.60,1.2796,0.8680,2044.0040,65.88
NA,NA,-1,Unknown,Unknown,Unknown,Unknown,83.70,83.70,1.2865,0.8680,2046.9480,65.86
NA,NA,-1,Unknown,Unknown,Unknown,Unknown,83.80,83.80,1.2948,0.8680,2050.4810,65.84
NA,NA,-1,Unknown,Unknown,Unknown,Unknown,83.91,83.91,1.3017,0.8680,2053.4240,65.83
NA,NA,-1,Unknown,Unknown,Unknown,Unknown,84.02,84.02,1.3086,0.8680,2056.3660,65.81
NA,NA,-1,Unknown,Unknown,Unknown,Unknown,84.12,84.12,1.3155,0.8680,2059.3080,65.80
NA,NA,-1,Unknown,Unknown,Unknown,Unknown,84.23,84.23,1.3238,0.8680,2062.8370,65.78
NA,NA,-1,Unknown,Unknown,Unknown,Unknown,84.33,84.33,1.3307,0.8680,2065.7780,65.77
NA,NA,-1,Unknown,Unknown,Unknown,Unknown,84.43,84.43,1.3376,0.8680,2068.7170,65.75
NA,NA,-1,Unknown,Unknown,Unknown,Unknown,84.54,84.54,1.3445,0.8680,2071.6560,65.74
NA,NA,-1,Unknown,Unknown,Unknown,Unknown,84.64,84.64,1.3514,0.8680,2074.5940,65.72
NA,NA,-1,Unknown,Unknown,Unknown,Unknown,84.74,84.74,1.3597,0.8680,2078.1190,65.70
NA,NA,-1,Unknown,Unknown,Unknown,Unknown,84.84,84.84,1.3666,0.8680,2081.0560,65.69
NA,NA,-1,Unknown,Unknown,Unknown,Unknown,84.95,84.95,1.3735,0.8680,2083.9920,65.67
NA,NA,-1,Unknown,Unknown,Unknown,Unknown,85.05,85.05,1.3804,0.8680,2086.9280,65.66
NA,NA,-1,Unknown,Unknown,Unknown,Unknown,85.16,85.16,1.3873,0.8680,2089.8630,65.65
NA,NA,-1,Unknown,Unknown,Unknown,Unknown,85.26,85.26,1.3956,0.8680,2093.3840,65.63
NA,NA,-1,Unknown,Unknown,Unknown,Unknown,85.37,85.37,1.4025,0.8680,2096.3170,65.61
NA,NA,-1,Unknown,Unknown,Unknown,Unknown,85.48,85.48,1.4094,0.8680,2099.2500,65.60
NA,NA,-1,Unknown,Unknown,Unknown,Unknown,85.58,85.58,1.4177,0.8680,2102.7690,65.58
NA,NA,-1,Unknown,Unknown,Unknown,Unknown,85.68,85.68,1.4246,0.8680,2105.7000,65.57
NA,NA,-1,Unknown,Unknown,Unknown,Unknown,85.79,85.79,1.4315,0.8680,2108.6310,65.55
NA,NA,-1,Unknown,Unknown,Unknown,Unknown,85.90,85.90,1.4384,0.8680,2111.5600,65.54
NA,NA,-1,Unknown,Unknown,Unknown,Unknown,86.01,86.01,1.4467,0.8680,2115.0750,65.52
NA,NA,-1,Unknown,Unknown,Unknown,Unknown,86.11,86.11,1.4536,0.8680,2118.0040,65.50
NA,NA,-1,Unknown,Unknown,Unknown,Unknown,86.22,86.22,1.4605,0.8680,2120.9320,65.49
NA,NA,-1,Unknown,Unknown,Unknown,Unknown,86.32,86.32,1.4688,0.8680,2124.4450,65.47
NA,NA,-1,Unknown,Unknown,Unknown,Unknown,86.43,86.43,1.4758,0.8680,2127.3710,65.46
NA,NA,-1,Unknown,Unknown,Unknown,Unknown,86.53,86.53,1.4827,0.8680,2130.2970,65.44
NA,NA,-1,Unknown,Unknown,Unknown,Unknown,86.64,86.64,1.4910,0.8680,2133.8070,65.42
NA,NA,-1,Unknown,Unknown,Unknown,Unknown,86.74,86.74,1.4979,0.8684,2136.7310,65.41
NA,NA,-1,Unknown,Unknown,Unknown,Unknown,86.85,86.85,1.5058,0.8696,2139.6550,65.39
NA,NA,-1,Unknown,Unknown,Unknown,Unknown,86.96,86.96,1.5128,0.8710,2142.5780,65.35
NA,NA,-1,Unknown,Unknown,Unknown,Unknown,87.06,87.06,1.5207,0.8712,2146.0750,65.19
NA,NA,-1,Unknown,Unknown,Unknown,Unknown,87.17,87.17,1.5269,0.8694,2148.9870,65.10
NA,NA,-1,Unknown,Unknown,Unknown,Unknown,87.28,87.28,1.5345,0.8702,2151.8970,65.06
NA,NA,-1,Unknown,Unknown,Unknown,Unknown,87.39,87.39,1.5419,0.8705,2155.3850,65.00
NA,NA,-1,Unknown,Unknown,Unknown,Unknown,87.50,87.50,1.5486,0.8699,2158.2910,64.95
NA,NA,-1,Unknown,Unknown,Unknown,Unknown,87.60,87.60,1.5563,0.8708,2161.1940,64.91
NA,NA,-1,Unknown,Unknown,Unknown,Unknown,87.70,87.70,1.5641,0.8705,2164.6700,64.79
NA,NA,-1,Unknown,Unknown,Unknown,Unknown,87.81,87.81,1.5712,0.8693,2167.5650,64.71
NA,NA,-1,Unknown,Unknown,Unknown,Unknown,87.92,87.92,1.5701,0.8709,2170.4580,64.67
NA,NA,-1,Unknown,Unknown,Unknown,Unknown,88.02,88.02,1.5417,0.8689,2173.9250,64.63
NA,NA,-1,Unknown,Unknown,Unknown,Unknown,88.13,88.13,1.5167,0.8641,2176.8150,64.61
NA,NA,-1,Unknown,Unknown,Unknown,Unknown,88.24,88.24,1.4814,0.8678,2179.7010,64.58
NA,NA,-1,Unknown,Unknown,Unknown,Unknown,88.34,88.34,1.4204,0.8663,2183.1600,64.41
NA,NA,-1,Unknown,Unknown,Unknown,Unknown,88.45,88.45,1.3514,0.8676,2186.0360,64.30
NA,NA,-1,Unknown,Unknown,Unknown,Unknown,88.55,88.55,1.2731,0.8653,2188.9080,64.26
NA,NA,-1,Unknown,Unknown,Unknown,Unknown,88.66,88.66,1.1977,0.8648,2191.7790,64.23
NA,NA,-1,Unknown,Unknown,Unknown,Unknown,88.77,88.77,1.0903,0.8664,2195.2220,64.21
NA,NA,-1,Unknown,Unknown,Unknown,Unknown,88.87,88.87,0.9972,0.8676,2198.0900,64.19
NA,NA,-1,Unknown,Unknown,Unknown,Unknown,88.98,88.98,0.9053,0.8682,2200.9580,64.17
NA,NA,-1,Unknown,Unknown,Unknown,Unknown,89.08,89.08,0.8031,0.8684,2204.3990,64.15
NA,NA,-1,Unknown,Unknown,Unknown,Unknown,89.18,89.18,0.7438,0.8678,2207.2640,64.11
NA,NA,-1,Unknown,Unknown,Unknown,Unknown,89.29,89.29,0.6819,0.8639,2210.1290,64.09
NA,NA,-1,Unknown,Unknown,Unknown,Unknown,89.40,89.40,0.6406,0.8674,2212.9940,64.07
NA,NA,-1,Unknown,Unknown,Unknown,Unknown,89.50,89.50,0.6129,0.8670,2215.8570,64.05
NA,NA,-1,Unknown,Unknown,Unknown,Unknown,89.60,89.60,0.6036,0.8663,2218.7190,64.02
NA,NA,-1,Unknown,Unknown,Unknown,Unknown,89.70,89.70,0.6167,0.8659,2222.1530,63.99
NA,NA,-1,Unknown,Unknown,Unknown,Unknown,89.81,89.81,0.6463,0.8669,2225.0130,63.97
NA,NA,-1,Unknown,Unknown,Unknown,Unknown,89.91,89.91,0.6920,0.8663,2227.8710,63.95
NA,NA,-1,Unknown,Unknown,Unknown,Unknown,90.02,90.02,0.7502,0.8668,2230.7290,63.93
NA,NA,-1,Unknown,Unknown,Unknown,Unknown,90.12,90.12,0.8367,0.8646,2234.1560,63.90
NA,NA,-1,Unknown,Unknown,Unknown,Unknown,90.23,90.23,0.9212,0.8660,2237.0110,63.88
NA,NA,-1,Unknown,Unknown,Unknown,Unknown,90.33,90.33,1.0133,0.8673,2239.8650,63.87
NA,NA,-1,Unknown,Unknown,Unknown,Unknown,90.44,90.44,1.1125,0.8681,2242.7180,63.85
NA,NA,-1,Unknown,Unknown,Unknown,Unknown,90.54,90.54,1.2182,0.8683,2245.5700,63.84
NA,NA,-1,Unknown,Unknown,Unknown,Unknown,90.64,90.64,1.3524,0.8682,2248.9910,63.82
NA,NA,-1,Unknown,Unknown,Unknown,Unknown,90.75,90.75,1.4699,0.8686,2251.8410,63.80
NA,NA,-1,Unknown,Unknown,Unknown,Unknown,90.85,90.85,1.5907,0.8683,2254.6900,63.79
NA,NA,-1,Unknown,Unknown,Unknown,Unknown,90.95,90.95,1.7152,0.8680,2257.5390,63.77
NA,NA,-1,Unknown,Unknown,Unknown,Unknown,91.06,91.06,1.8426,0.8679,2260.3870,63.76
NA,NA,-1,Unknown,Unknown,Unknown,Unknown,91.16,91.16,1.9984,0.8680,2263.8030,63.74
NA,NA,-1,Unknown,Unknown,Unknown,Unknown,91.27,91.27,2.1303,0.8680,2266.6490,63.73
NA,NA,-1,Unknown,Unknown,Unknown,Unknown,91.38,91.38,2.2636,0.8680,2269.4940,63.71
NA,NA,-1,Unknown,Unknown,Unknown,Unknown,91.49,91.49,2.4252,0.8680,2272.9070,63.69
NA,NA,-1,Unknown,Unknown,Unknown,Unknown,91.59,91.59,2.5609,0.8680,2275.7510,63.68
NA,NA,-1,Unknown,Unknown,Unknown,Unknown,91.70,91.70,2.7248,0.8680,2279.1630,63.66
NA,NA,-1,Unknown,Unknown,Unknown,Unknown,91.80,91.80,2.8620,0.8680,2282.0060,63.65
NA,NA,-1,Unknown,Unknown,Unknown,Unknown,91.91,91.91,2.9996,0.8680,2284.8470,63.63
NA,NA,-1,Unknown,Unknown,Unknown,Unknown,92.01,92.01,3.1376,0.8680,2287.6880,63.62
NA,NA,-1,Unknown,Unknown,Unknown,Unknown,92.12,92.12,3.3037,0.8680,2291.0970,63.60
NA,NA,-1,Unknown,Unknown,Unknown,Unknown,92.22,92.22,3.4423,0.8680,2293.9360,63.59
NA,NA,-1,Unknown,Unknown,Unknown,Unknown,92.33,92.33,3.5811,0.8680,2296.7750,63.57
NA,NA,-1,Unknown,Unknown,Unknown,Unknown,92.44,92.44,3.7200,0.8680,2299.6130,63.56
NA,NA,-1,Unknown,Unknown,Unknown,Unknown,92.54,92.54,3.8858,0.8700,2303.0190,63.54
NA,NA,-1,Unknown,Unknown,Unknown,Unknown,92.64,92.64,4.0251,0.8712,2305.8550,63.53
NA,NA,-1,Unknown,Unknown,Unknown,Unknown,92.75,92.75,4.1656,0.8702,2308.6910,63.52
NA,NA,-1,Unknown,Unknown,Unknown,Unknown,92.85,92.85,4.3055,0.8682,2311.5270,63.50
NA,NA,-1,Unknown,Unknown,Unknown,Unknown,92.96,92.96,4.4448,0.8674,2314.3620,63.49
NA,NA,-1,Unknown,Unknown,Unknown,Unknown,93.06,93.06,4.6119,0.8675,2317.7630,63.47
NA,NA,-1,Unknown,Unknown,Unknown,Unknown,93.16,93.16,4.7511,0.8678,2320.5970,63.45
NA,NA,-1,Unknown,Unknown,Unknown,Unknown,93.27,93.27,4.8902,0.8680,2323.4300,63.44
NA,NA,-1,Unknown,Unknown,Unknown,Unknown,93.38,93.38,5.0294,0.8681,2326.2620,63.43
NA,NA,-1,Unknown,Unknown,Unknown,Unknown,93.48,93.48,5.1964,0.8681,2329.6600,63.41
NA,NA,-1,Unknown,Unknown,Unknown,Unknown,93.59,93.59,5.3356,0.8681,2332.4900,63.39
NA,NA,-1,Unknown,Unknown,Unknown,Unknown,93.70,93.70,5.5020,0.8680,2335.8860,63.38
NA,NA,-1,Unknown,Unknown,Unknown,Unknown,93.81,93.81,5.6199,0.8681,2338.7160,63.34
NA,NA,-1,Unknown,Unknown,Unknown,Unknown,93.91,93.91,5.7134,0.8683,2341.5430,63.24
NA,NA,-1,Unknown,Unknown,Unknown,Unknown,94.02,94.02,5.7825,0.8658,2344.3680,63.19
NA,NA,-1,Unknown,Unknown,Unknown,Unknown,94.12,94.12,5.8252,0.8668,2347.1910,63.17
NA,NA,-1,Unknown,Unknown,Unknown,Unknown,94.22,94.22,5.8412,0.8660,2350.5780,63.12
NA,NA,-1,Unknown,Unknown,Unknown,Unknown,94.33,94.33,5.8195,0.8664,2353.3980,63.07
NA,NA,-1,Unknown,Unknown,Unknown,Unknown,94.44,94.44,5.7583,0.8677,2356.2150,62.99
NA,NA,-1,Unknown,Unknown,Unknown,Unknown,94.54,94.54,5.6574,0.8695,2359.0260,62.91
NA,NA,-1,Unknown,Unknown,Unknown,Unknown,94.64,94.64,5.4967,0.8674,2362.3960,62.85
NA,NA,-1,Unknown,Unknown,Unknown,Unknown,94.75,94.75,5.3281,0.8644,2365.1990,62.80
NA,NA,-1,Unknown,Unknown,Unknown,Unknown,94.86,94.86,5.1240,0.8665,2367.9970,62.76
NA,NA,-1,Unknown,Unknown,Unknown,Unknown,94.96,94.96,4.8430,0.8673,2371.3500,62.70
NA,NA,-1,Unknown,Unknown,Unknown,Unknown,95.07,95.07,4.5812,0.8674,2374.1400,62.67
NA,NA,-1,Unknown,Unknown,Unknown,Unknown,95.17,95.17,4.2981,0.8671,2376.9270,62.64
NA,NA,-1,Unknown,Unknown,Unknown,Unknown,95.27,95.27,3.9965,0.8662,2379.7100,62.66
NA,NA,-1,Unknown,Unknown,Unknown,Unknown,95.37,95.37,3.6774,0.8672,2382.4970,62.83
NA,NA,-1,Unknown,Unknown,Unknown,Unknown,95.47,95.47,3.3452,0.8677,2385.2960,63.18
NA,NA,-1,Unknown,Unknown,Unknown,Unknown,95.57,95.57,2.9995,0.8693,2388.1170,63.71
NA,NA,-1,Unknown,Unknown,Unknown,Unknown,95.68,95.68,2.6481,0.8685,2390.9590,64.21
NA,NA,-1,Unknown,Unknown,Unknown,Unknown,95.78,95.78,2.2424,0.8737,2394.3900,64.55
NA,NA,-1,Unknown,Unknown,Unknown,Unknown,95.89,95.89,1.9118,0.8716,2397.2570,64.68
NA,NA,-1,Unknown,Unknown,Unknown,Unknown,95.99,95.99,1.5952,0.8693,2400.1310,64.70
NA,NA,-1,Unknown,Unknown,Unknown,Unknown,96.09,96.09,1.2899,0.8667,2403.0050,64.68
NA,NA,-1,Unknown,Unknown,Unknown,Unknown,96.20,96.20,1.0042,0.8674,2405.8820,64.66
NA,NA,-1,Unknown,Unknown,Unknown,Unknown,96.31,96.31,0.6892,0.8679,2409.3340,64.62
NA,NA,-1,Unknown,Unknown,Unknown,Unknown,96.42,96.42,0.4491,0.8680,2412.2130,64.59
NA,NA,-1,Unknown,Unknown,Unknown,Unknown,96.52,96.52,0.1949,0.8675,2415.6670,64.52
NA,NA,-1,Unknown,Unknown,Unknown,Unknown,96.62,96.62,0.0256,0.8682,2418.5430,64.43
NA,NA,-1,Unknown,Unknown,Unknown,Unknown,96.73,96.73,-0.1139,0.8675,2421.4190,64.39
NA,NA,-1,Unknown,Unknown,Unknown,Unknown,96.83,96.83,-0.2266,0.8674,2424.2940,64.35
NA,NA,-1,Unknown,Unknown,Unknown,Unknown,96.94,96.94,-0.3128,0.8659,2427.1680,64.31
NA,NA,-1,Unknown,Unknown,Unknown,Unknown,97.04,97.04,-0.3759,0.8666,2430.6160,64.26
NA,NA,-1,Unknown,Unknown,Unknown,Unknown,97.15,97.15,-0.3976,0.8674,2433.4870,64.22
NA,NA,-1,Unknown,Unknown,Unknown,Unknown,97.25,97.25,-0.3938,0.8671,2436.3570,64.18
NA,NA,-1,Unknown,Unknown,Unknown,Unknown,97.36,97.36,-0.3651,0.8681,2439.2250,64.15
NA,NA,-1,Unknown,Unknown,Unknown,Unknown,97.46,97.46,-0.3052,0.8669,2442.6650,64.12
NA,NA,-1,Unknown,Unknown,Unknown,Unknown,97.57,97.57,-0.2293,0.8693,2445.5290,64.08
NA,NA,-1,Unknown,Unknown,Unknown,Unknown,97.67,97.67,-0.1361,0.8648,2448.3920,64.05
NA,NA,-1,Unknown,Unknown,Unknown,Unknown,97.78,97.78,-0.0217,0.8673,2451.2520,64.03
NA,NA,-1,Unknown,Unknown,Unknown,Unknown,97.88,97.88,0.1037,0.8652,2454.1100,64.01
NA,NA,-1,Unknown,Unknown,Unknown,Unknown,97.98,97.98,0.2480,0.8654,2457.5390,63.96
NA,NA,-1,Unknown,Unknown,Unknown,Unknown,98.08,98.08,0.3655,0.8668,2460.3960,63.94
NA,NA,-1,Unknown,Unknown,Unknown,Unknown,98.19,98.19,0.4858,0.8679,2463.2510,63.93
NA,NA,-1,Unknown,Unknown,Unknown,Unknown,98.30,98.30,0.5777,0.8678,2466.1060,63.89
NA,NA,-1,Unknown,Unknown,Unknown,Unknown,98.40,98.40,0.6839,0.8667,2469.5310,63.86
NA,NA,-1,Unknown,Unknown,Unknown,Unknown,98.51,98.51,0.7480,0.8674,2472.3840,63.84
NA,NA,-1,Unknown,Unknown,Unknown,Unknown,98.62,98.62,0.7952,0.8661,2475.8070,63.79
NA,NA,-1,Unknown,Unknown,Unknown,Unknown,98.73,98.73,0.8086,0.8659,2478.6570,63.77
NA,NA,-1,Unknown,Unknown,Unknown,Unknown,98.83,98.83,0.7950,0.8671,2481.5070,63.73
NA,NA,-1,Unknown,Unknown,Unknown,Unknown,98.94,98.94,0.7639,0.8663,2484.3550,63.70
NA,NA,-1,Unknown,Unknown,Unknown,Unknown,99.04,99.04,0.7131,0.8631,2487.7700,63.67
NA,NA,-1,Unknown,Unknown,Unknown,Unknown,99.15,99.15,0.6542,0.8650,2490.6150,63.65
NA,NA,-1,Unknown,Unknown,Unknown,Unknown,99.25,99.25,0.5885,0.8669,2493.4600,63.63
NA,NA,-1,Unknown,Unknown,Unknown,Unknown,99.36,99.36,0.5195,0.8680,2496.3030,63.62
NA,NA,-1,Unknown,Unknown,Unknown,Unknown,99.46,99.46,0.4329,0.8684,2499.7140,63.59
NA,NA,-1,Unknown,Unknown,Unknown,Unknown,99.56,99.56,0.3589,0.8683,2502.5530,63.54
NA,NA,-1,Unknown,Unknown,Unknown,Unknown,99.67,99.67,0.2844,0.8681,2505.3920,63.51
NA,NA,-1,Unknown,Unknown,Unknown,Unknown,99.78,99.78,0.2104,0.8679,2508.2300,63.49
NA,NA,-1,Unknown,Unknown,Unknown,Unknown,99.88,99.88,0.1233,0.8679,2511.6340,63.47
NA,NA,-1,Unknown,Unknown,Unknown,Unknown,99.98,99.98,0.0527,0.8680,2514.4700,63.45
NA,NA,-1,Unknown,Unknown,Unknown,Unknown,100.09,100.09,-0.0177,0.8680,2517.3040,63.38
NA,NA,-1,Unknown,Unknown,Unknown,Unknown,100.19,100.19,-0.0912,0.8678,2520.1340,63.33
NA,NA,-1,Unknown,Unknown,Unknown,Unknown,100.31,100.31,-0.1748,0.8677,2523.5300,63.30
NA,NA,-1,Unknown,Unknown,Unknown,Unknown,100.41,100.41,-0.2452,0.8678,2526.3580,63.28
NA,NA,-1,Unknown,Unknown,Unknown,Unknown,100.52,100.52,-0.3166,0.8680,2529.1870,63.27
NA,NA,-1,Unknown,Unknown,Unknown,Unknown,100.62,100.62,-0.3964,0.8681,2532.5790,63.25
NA,NA,-1,Unknown,Unknown,Unknown,Unknown,100.73,100.73,-0.4640,0.8681,2535.4050,63.23
NA,NA,-1,Unknown,Unknown,Unknown,Unknown,100.83,100.83,-0.5314,0.8681,2538.2310,63.22
NA,NA,-1,Unknown,Unknown,Unknown,Unknown,100.94,100.94,-0.6078,0.8681,2541.6210,63.20
NA,NA,-1,Unknown,Unknown,Unknown,Unknown,101.04,101.04,-0.6462,0.8681,2544.4450,63.16
NA,NA,-1,Unknown,Unknown,Unknown,Unknown,101.15,101.15,-0.6839,0.8663,2547.2680,63.14
NA,NA,-1,Unknown,Unknown,Unknown,Unknown,101.25,101.25,-0.7115,0.8666,2550.0900,63.13
NA,NA,-1,Unknown,Unknown,Unknown,Unknown,101.36,101.36,-0.7278,0.8669,2552.9110,63.11
NA,NA,-1,Unknown,Unknown,Unknown,Unknown,101.46,101.46,-0.7262,0.8665,2556.2940,63.00
NA,NA,-1,Unknown,Unknown,Unknown,Unknown,101.57,101.57,-0.7086,0.8676,2559.1050,62.84
NA,NA,-1,Unknown,Unknown,Unknown,Unknown,101.67,101.67,-0.6782,0.8670,2561.9120,62.76
NA,NA,-1,Unknown,Unknown,Unknown,Unknown,101.78,101.78,-0.6360,0.8656,2564.7170,62.73
NA,NA,-1,Unknown,Unknown,Unknown,Unknown,101.89,101.89,-0.5655,0.8652,2568.0800,62.69
NA,NA,-1,Unknown,Unknown,Unknown,Unknown,102.00,102.00,-0.4948,0.8669,2570.8800,62.64
NA,NA,-1,Unknown,Unknown,Unknown,Unknown,102.10,102.10,-0.4001,0.8666,2574.2390,62.61
NA,NA,-1,Unknown,Unknown,Unknown,Unknown,102.20,102.20,-0.3107,0.8661,2577.0360,62.59
NA,NA,-1,Unknown,Unknown,Unknown,Unknown,102.31,102.31,-0.2263,0.8668,2579.8320,62.57
NA,NA,-1,Unknown,Unknown,Unknown,Unknown,102.42,102.42,-0.1407,0.8677,2582.6270,62.55
NA,NA,-1,Unknown,Unknown,Unknown,Unknown,102.52,102.52,-0.0326,0.8682,2585.9800,62.54
NA,NA,-1,Unknown,Unknown,Unknown,Unknown,102.63,102.63,0.0538,0.8683,2588.7740,62.52
NA,NA,-1,Unknown,Unknown,Unknown,Unknown,102.74,102.74,0.1360,0.8681,2591.5650,62.44
NA,NA,-1,Unknown,Unknown,Unknown,Unknown,102.84,102.84,0.2284,0.8677,2594.9100,62.37
NA,NA,-1,Unknown,Unknown,Unknown,Unknown,102.95,102.95,0.2996,0.8676,2597.6970,62.34
NA,NA,-1,Unknown,Unknown,Unknown,Unknown,103.05,103.05,0.3652,0.8677,2600.4830,62.32
NA,NA,-1,Unknown,Unknown,Unknown,Unknown,103.17,103.17,0.4363,0.8677,2603.8210,62.17
NA,NA,-1,Unknown,Unknown,Unknown,Unknown,103.27,103.27,0.4857,0.8668,2606.5930,61.99
NA,NA,-1,Unknown,Unknown,Unknown,Unknown,103.39,103.39,0.5385,0.8650,2609.9150,61.88
NA,NA,-1,Unknown,Unknown,Unknown,Unknown,103.50,103.50,0.5748,0.8658,2612.6800,61.85
NA,NA,-1,Unknown,Unknown,Unknown,Unknown,103.61,103.61,0.6107,0.8673,2615.9980,61.83
NA,NA,-1,Unknown,Unknown,Unknown,Unknown,103.71,103.71,0.6344,0.8681,2618.7620,61.81
NA,NA,-1,Unknown,Unknown,Unknown,Unknown,103.81,103.81,0.6531,0.8684,2621.5250,61.80
NA,NA,-1,Unknown,Unknown,Unknown,Unknown,103.91,103.91,0.6670,0.8683,2624.2880,61.78
NA,NA,-1,Unknown,Unknown,Unknown,Unknown,104.02,104.02,0.6766,0.8682,2627.0490,61.77
NA,NA,-1,Unknown,Unknown,Unknown,Unknown,104.12,104.12,0.6831,0.8680,2630.3620,61.75
NA,NA,-1,Unknown,Unknown,Unknown,Unknown,104.23,104.23,0.6849,0.8680,2633.1220,61.74
NA,NA,-1,Unknown,Unknown,Unknown,Unknown,104.34,104.34,0.6838,0.8680,2635.8820,61.72
NA,NA,-1,Unknown,Unknown,Unknown,Unknown,104.44,104.44,0.6802,0.8680,2638.6400,61.71
NA,NA,-1,Unknown,Unknown,Unknown,Unknown,104.54,104.54,0.6732,0.8680,2641.9500,61.69
NA,NA,-1,Unknown,Unknown,Unknown,Unknown,104.65,104.65,0.6654,0.8680,2644.7080,61.68
NA,NA,-1,Unknown,Unknown,Unknown,Unknown,104.75,104.75,0.6561,0.8680,2647.4650,61.66
NA,NA,-1,Unknown,Unknown,Unknown,Unknown,104.86,104.86,0.6456,0.8680,2650.2210,61.65
NA,NA,-1,Unknown,Unknown,Unknown,Unknown,104.96,104.96,0.6316,0.8680,2653.5280,61.63
NA,NA,-1,Unknown,Unknown,Unknown,Unknown,105.07,105.07,0.6191,0.8680,2656.2830,61.62
NA,NA,-1,Unknown,Unknown,Unknown,Unknown,105.18,105.18,0.6033,0.8680,2659.5870,61.60
NA,NA,-1,Unknown,Unknown,Unknown,Unknown,105.29,105.29,0.5895,0.8680,2662.3410,61.59
NA,NA,-1,Unknown,Unknown,Unknown,Unknown,105.39,105.39,0.5752,0.8680,2665.0940,61.58
NA,NA,-1,Unknown,Unknown,Unknown,Unknown,105.50,105.50,0.5606,0.8680,2667.8460,61.56
NA,NA,-1,Unknown,Unknown,Unknown,Unknown,105.60,105.60,0.5428,0.8680,2671.1480,61.55
NA,NA,-1,Unknown,Unknown,Unknown,Unknown,105.70,105.70,0.5276,0.8680,2673.8990,61.53
NA,NA,-1,Unknown,Unknown,Unknown,Unknown,105.81,105.81,0.5123,0.8680,2676.6490,61.52
NA,NA,-1,Unknown,Unknown,Unknown,Unknown,105.91,105.91,0.4968,0.8680,2679.3990,61.50
NA,NA,-1,Unknown,Unknown,Unknown,Unknown,106.02,106.02,0.4812,0.8680,2682.1480,61.49
NA,NA,-1,Unknown,Unknown,Unknown,Unknown,106.12,106.12,0.4624,0.8680,2685.4460,61.47
NA,NA,-1,Unknown,Unknown,Unknown,Unknown,106.23,106.23,0.4467,0.8680,2688.1940,61.46
NA,NA,-1,Unknown,Unknown,Unknown,Unknown,106.33,106.33,0.4308,0.8680,2690.9410,61.45
NA,NA,-1,Unknown,Unknown,Unknown,Unknown,106.44,106.44,0.4150,0.8680,2693.6880,61.43
NA,NA,-1,Unknown,Unknown,Unknown,Unknown,106.54,106.54,0.3959,0.8680,2696.9820,61.42
NA,NA,-1,Unknown,Unknown,Unknown,Unknown,106.65,106.65,0.3799,0.8680,2699.7280,61.40
NA,NA,-1,Unknown,Unknown,Unknown,Unknown,106.76,106.76,0.3608,0.8680,2703.0210,61.39
NA,NA,-1,Unknown,Unknown,Unknown,Unknown,106.87,106.87,0.3448,0.8680,2705.7640,61.37
NA,NA,-1,Unknown,Unknown,Unknown,Unknown,106.97,106.97,0.3288,0.8680,2708.5070,61.36
NA,NA,-1,Unknown,Unknown,Unknown,Unknown,107.08,107.08,0.3128,0.8680,2711.2500,61.34
NA,NA,-1,Unknown,Unknown,Unknown,Unknown,107.18,107.18,0.2936,0.8680,2714.5400,61.33
NA,NA,-1,Unknown,Unknown,Unknown,Unknown,107.29,107.29,0.2776,0.8680,2717.2810,61.31
NA,NA,-1,Unknown,Unknown,Unknown,Unknown,107.39,107.39,0.2616,0.8680,2720.0220,61.30
NA,NA,-1,Unknown,Unknown,Unknown,Unknown,107.49,107.49,0.2455,0.8680,2722.7620,61.29
NA,NA,-1,Unknown,Unknown,Unknown,Unknown,107.60,107.60,0.2295,0.8680,2725.5010,61.27
NA,NA,-1,Unknown,Unknown,Unknown,Unknown,107.70,107.70,0.2103,0.8680,2728.7870,61.26
NA,NA,-1,Unknown,Unknown,Unknown,Unknown,107.80,107.80,0.1943,0.8680,2731.5250,61.24
NA,NA,-1,Unknown,Unknown,Unknown,Unknown,107.91,107.91,0.1783,0.8680,2734.2630,61.23
NA,NA,-1,Unknown,Unknown,Unknown,Unknown,108.02,108.02,0.1623,0.8680,2737.0000,61.21
NA,NA,-1,Unknown,Unknown,Unknown,Unknown,108.12,108.12,0.1431,0.8680,2740.2830,61.20
NA,NA,-1,Unknown,Unknown,Unknown,Unknown,108.23,108.23,0.1271,0.8680,2743.0180,61.18
NA,NA,-1,Unknown,Unknown,Unknown,Unknown,108.33,108.33,0.1111,0.8680,2745.7530,61.17
NA,NA,-1,Unknown,Unknown,Unknown,Unknown,108.44,108.44,0.0952,0.8680,2748.4870,61.16
NA,NA,-1,Unknown,Unknown,Unknown,Unknown,108.54,108.54,0.0792,0.8680,2751.2210,61.14
NA,NA,-1,Unknown,Unknown,Unknown,Unknown,108.64,108.64,0.0600,0.8680,2754.5000,61.13
NA,NA,-1,Unknown,Unknown,Unknown,Unknown,108.75,108.75,0.0441,0.8680,2757.2320,61.11
NA,NA,-1,Unknown,Unknown,Unknown,Unknown,108.86,108.86,0.0281,0.8680,2759.9640,61.10
NA,NA,-1,Unknown,Unknown,Unknown,Unknown,108.96,108.96,0.0089,0.8680,2763.2410,61.08
NA,NA,-1,Unknown,Unknown,Unknown,Unknown,109.07,109.07,-0.0070,0.8680,2765.9710,61.07
NA,NA,-1,Unknown,Unknown,Unknown,Unknown,109.18,109.18,-0.0229,0.8680,2768.7000,61.05
NA,NA,-1,Unknown,Unknown,Unknown,Unknown,109.28,109.28,-0.0421,0.8680,2771.9750,61.04
NA,NA,-1,Unknown,Unknown,Unknown,Unknown,109.40,109.40,-0.0580,0.8680,2774.7030,61.02
NA,NA,-1,Unknown,Unknown,Unknown,Unknown,109.50,109.50,-0.0771,0.8680,2777.9760,61.01
NA,NA,-1,Unknown,Unknown,Unknown,Unknown,109.60,109.60,-0.0930,0.8680,2780.7030,60.99
NA,NA,-1,Unknown,Unknown,Unknown,Unknown,109.71,109.71,-0.1090,0.8680,2783.4290,60.98
NA,NA,-1,Unknown,Unknown,Unknown,Unknown,0.35,0.35,0.0022,0.8588,-0.0074,0.35
NA,NA,-1,Unknown,Unknown,Unknown,Unknown,0.47,0.47,0.0036,0.8706,-0.0089,0.15
NA,NA,-1,Unknown,Unknown,Unknown,Unknown,0.63,0.63,0.0037,0.8731,-0.0063,0.10
NA,NA,-1,Unknown,Unknown,Unknown,Unknown,0.96,0.96,0.0016,0.8667,-0.0014,0.04
NA,NA,-1,Unknown,Unknown,Unknown,Unknown,1.06,1.06,0.0010,0.8663,-0.0012,0.02
NA,NA,-1,Unknown,Unknown,Unknown,Unknown,1.16,1.16,0.0007,0.8665,-0.0015,0.02
NA,NA,-1,Unknown,Unknown,Unknown,Unknown,1.26,1.26,0.0005,0.8670,-0.0020,0.02
NA,NA,-1,Unknown,Unknown,Unknown,Unknown,1.36,1.36,0.0005,0.8673,-0.0023,0.02
NA,NA,-1,Unknown,Unknown,Unknown,Unknown,1.47,1.47,0.0007,0.8675,-0.0026,0.01
NA,NA,-1,Unknown,Unknown,Unknown,Unknown,1.57,1.57,0.0009,0.8676,-0.0027,0.01
NA,NA,-1,Unknown,Unknown,Unknown,Unknown,1.67,1.67,0.0010,0.8676,-0.0026,0.01
NA,NA,-1,Unknown,Unknown,Unknown,Unknown,1.78,1.78,0.0012,0.8675,-0.0026,0.01
NA,NA,-1,Unknown,Unknown,Unknown,Unknown,1.88,1.88,0.0013,0.8674,-0.0025,0.00
NA,NA,-1,Unknown,Unknown,Unknown,Unknown,1.99,1.99,0.0013,0.8674,-0.0024,0.00
NA,NA,-1,Unknown,Unknown,Unknown,Unknown,2.10,2.10,0.0013,0.8674,-0.0024,0.00
NA,NA,-1,Unknown,Unknown,Unknown,Unknown,2.20,2.20,0.0013,0.8674,-0.0024,0.00
NA,NA,-1,Unknown,Unknown,Unknown,Unknown,2.30,2.30,0.0012,0.8674,-0.0024,0.00
NA,NA,-1,Unknown,Unknown,Unknown,Unknown,2.41,2.41,0.0012,0.8674,-0.0024,0.00
NA,NA,-1,Unknown,Unknown,Unknown,Unknown,2.52,2.52,0.0011,0.8674,-0.0024,0.00
NA,NA,-1,Unknown,Unknown,Unknown,Unknown,2.62,2.62,0.0011,0.8674,-0.0024,0.00
NA,NA,-1,Unknown,Unknown,Unknown,Unknown,2.73,2.73,0.0011,0.8674,-0.0024,0.00
NA,NA,-1,Unknown,Unknown,Unknown,Unknown,2.83,2.83,0.0011,0.8674,-0.0024,0.00
NA,NA,-1,Unknown,Unknown,Unknown,Unknown,2.94,2.94,0.0011,0.8674,-0.0024,0.00
NA,NA,-1,Unknown,Unknown,Unknown,Unknown,3.05,3.05,0.0011,0.8674,-0.0024,0.00
NA,NA,-1,Unknown,Unknown,Unknown,Unknown,3.16,3.16,0.0011,0.8674,-0.0024,0.00
NA,NA,-1,Unknown,Unknown,Unknown,Unknown,3.26,3.26,0.0012,0.8674,-0.0024,0.00
NA,NA,-1,Unknown,Unknown,Unknown,Unknown,3.37,3.37,0.0012,0.8674,-0.0024,0.00
NA,NA,-1,Unknown,Unknown,Unknown,Unknown,3.47,3.47,0.0012,0.8674,-0.0024,0.00
NA,NA,-1,Unknown,Unknown,Unknown,Unknown,3.58,3.58,0.0012,0.8674,-0.0024,0.00
NA,NA,-1,Unknown,Unknown,Unknown,Unknown,3.69,3.69,0.0012,0.8674,-0.0024,0.00
NA,NA,-1,Unknown,Unknown,Unknown,Unknown,3.80,3.80,0.0012,0.8674,-0.0024,0.00
NA,NA,-1,Unknown,Unknown,Unknown,Unknown,3.90,3.90,0.0012,0.8674,-0.0024,0.00
NA,NA,-1,Unknown,Unknown,Unknown,Unknown,4.00,4.00,0.0011,0.8674,-0.0024,0.00
NA,NA,-1,Unknown,Unknown,Unknown,Unknown,4.10,4.10,0.0011,0.8674,-0.0024,0.00
NA,NA,-1,Unknown,Unknown,Unknown,Unknown,4.21,4.21,0.0011,0.8674,-0.0024,0.00
NA,NA,-1,Unknown,Unknown,Unknown,Unknown,4.31,4.31,0.0011,0.8674,-0.0024,0.00
NA,NA,-1,Unknown,Unknown,Unknown,Unknown,4.42,4.42,0.0011,0.8674,-0.0024,0.00
NA,NA,-1,Unknown,Unknown,Unknown,Unknown,4.52,4.52,0.0011,0.8674,-0.0024,0.00
NA,NA,-1,Unknown,Unknown,Unknown,Unknown,4.62,4.62,0.0012,0.8674,-0.0024,0.00
NA,NA,-1,Unknown,Unknown,Unknown,Unknown,4.72,4.72,0.0012,0.8674,-0.0013,0.08
NA,NA,-1,Unknown,Unknown,Unknown,Unknown,4.82,4.82,0.0012,0.8678,0.0117,0.38
NA,NA,-1,Unknown,Unknown,Unknown,Unknown,4.92,4.92,0.0012,0.8688,0.0423,0.79
NA,NA,-1,Unknown,Unknown,Unknown,Unknown,5.02,5.02,0.0011,0.8700,0.0988,1.46
NA,NA,-1,Unknown,Unknown,Unknown,Unknown,5.13,5.13,0.0012,0.8700,0.1820,2.13
NA,NA,-1,Unknown,Unknown,Unknown,Unknown,5.23,5.23,0.0014,0.8698,0.2957,2.82
NA,NA,-1,Unknown,Unknown,Unknown,Unknown,5.33,5.33,0.0014,0.8701,0.4389,3.47
NA,NA,-1,Unknown,Unknown,Unknown,Unknown,5.44,5.44,0.0015,0.8702,0.6124,4.16
NA,NA,-1,Unknown,Unknown,Unknown,Unknown,5.54,5.54,0.0015,0.8702,0.8157,4.81
NA,NA,-1,Unknown,Unknown,Unknown,Unknown,5.64,5.64,0.0017,0.8702,1.0994,5.63
NA,NA,-1,Unknown,Unknown,Unknown,Unknown,5.74,5.74,0.0018,0.9074,1.3810,6.27
NA,NA,-1,Unknown,Unknown,Unknown,Unknown,5.85,5.85,0.0024,0.9220,1.6797,6.78
NA,NA,-1,Unknown,Unknown,Unknown,Unknown,5.95,5.95,0.0027,0.8891,1.9797,7.28
NA,NA,-1,Unknown,Unknown,Unknown,Unknown,6.06,6.06,0.0033,0.8449,2.3177,8.34
NA,NA,-1,Unknown,Unknown,Unknown,Unknown,6.16,6.16,0.0039,0.8476,2.7087,8.97
NA,NA,-1,Unknown,Unknown,Unknown,Unknown,6.26,6.26,0.0044,0.8615,3.1322,9.63
NA,NA,-1,Unknown,Unknown,Unknown,Unknown,6.36,6.36,0.0049,0.8698,3.6746,10.34
NA,NA,-1,Unknown,Unknown,Unknown,Unknown,6.47,6.47,0.0048,0.8693,4.1602,11.12
NA,NA,-1,Unknown,Unknown,Unknown,Unknown,6.57,6.57,0.0049,0.8698,4.6752,11.84
NA,NA,-1,Unknown,Unknown,Unknown,Unknown,6.67,6.67,0.0053,0.9066,5.2017,12.45
NA,NA,-1,Unknown,Unknown,Unknown,Unknown,6.78,6.78,0.0062,0.8758,5.7843,13.15
NA,NA,-1,Unknown,Unknown,Unknown,Unknown,6.88,6.88,0.0048,0.8692,6.5138,13.94
NA,NA,-1,Unknown,Unknown,Unknown,Unknown,6.98,6.98,0.0046,0.8720,7.1549,14.61
NA,NA,-1,Unknown,Unknown,Unknown,Unknown,7.09,7.09,0.0046,0.8696,7.8242,15.28
NA,NA,-1,Unknown,Unknown,Unknown,Unknown,7.19,7.19,0.0046,0.8712,8.5243,15.85
NA,NA,-1,Unknown,Unknown,Unknown,Unknown,7.29,7.29,0.0048,0.8721,9.2547,16.60
NA,NA,-1,Unknown,Unknown,Unknown,Unknown,7.39,7.39,0.0050,0.8690,10.0146,17.27
NA,NA,-1,Unknown,Unknown,Unknown,Unknown,7.50,7.50,0.0053,0.8714,10.8032,17.86
NA,NA,-1,Unknown,Unknown,Unknown,Unknown,7.60,7.60,0.0056,0.8719,11.6228,18.60
NA,NA,-1,Unknown,Unknown,Unknown,Unknown,7.70,7.70,0.0060,0.8709,12.6448,19.41
NA,NA,-1,Unknown,Unknown,Unknown,Unknown,7.81,7.81,0.0063,0.8699,13.5301,20.06
NA,NA,-1,Unknown,Unknown,Unknown,Unknown,7.91,7.91,0.0066,0.8723,14.4453,20.73
NA,NA,-1,Unknown,Unknown,Unknown,Unknown,8.01,8.01,0.0068,0.8710,15.3884,21.41
NA,NA,-1,Unknown,Unknown,Unknown,Unknown,8.12,8.12,0.0071,0.8700,16.3630,22.06
NA,NA,-1,Unknown,Unknown,Unknown,Unknown,8.23,8.23,0.0075,0.8715,17.5705,22.80
NA,NA,-1,Unknown,Unknown,Unknown,Unknown,8.33,8.33,0.0078,0.8719,18.6105,23.53
NA,NA,-1,Unknown,Unknown,Unknown,Unknown,8.44,8.44,0.0081,0.8702,19.6800,24.20
NA,NA,-1,Unknown,Unknown,Unknown,Unknown,8.54,8.54,0.0086,0.8713,21.0014,24.99
NA,NA,-1,Unknown,Unknown,Unknown,Unknown,8.64,8.64,0.0089,0.8728,22.1372,25.66
NA,NA,-1,Unknown,Unknown,Unknown,Unknown,8.75,8.75,0.0091,0.8706,23.3016,26.33
NA,NA,-1,Unknown,Unknown,Unknown,Unknown,8.85,8.85,0.0094,0.8720,24.4941,26.98
NA,NA,-1,Unknown,Unknown,Unknown,Unknown,8.96,8.96,0.0096,0.8701,25.7195,27.58
NA,NA,-1,Unknown,Unknown,Unknown,Unknown,9.06,9.06,0.0109,0.8734,26.9614,28.00
NA,NA,-1,Unknown,Unknown,Unknown,Unknown,9.16,9.16,0.0098,0.8716,28.4702,28.23
NA,NA,-1,Unknown,Unknown,Unknown,Unknown,9.26,9.26,0.0093,0.8698,29.7303,28.25
NA,NA,-1,Unknown,Unknown,Unknown,Unknown,9.36,9.36,0.0092,0.8684,30.9907,28.24
NA,NA,-1,Unknown,Unknown,Unknown,Unknown,9.47,9.47,0.0092,0.8676,32.2522,28.26
NA,NA,-1,Unknown,Unknown,Unknown,Unknown,9.57,9.57,0.0094,0.8676,33.5208,28.44
NA,NA,-1,Unknown,Unknown,Unknown,Unknown,9.68,9.68,0.0096,0.8686,34.8046,28.78
NA,NA,-1,Unknown,Unknown,Unknown,Unknown,9.78,9.78,0.0098,0.8701,36.3603,29.05
NA,NA,-1,Unknown,Unknown,Unknown,Unknown,9.88,9.88,0.0100,0.8703,37.6588,29.10
NA,NA,-1,Unknown,Unknown,Unknown,Unknown,9.98,9.98,0.0102,0.8696,38.9569,29.10
NA,NA,-1,Unknown,Unknown,Unknown,Unknown,10.09,10.09,0.0103,0.8685,40.2555,29.09
NA,NA,-1,Unknown,Unknown,Unknown,Unknown,10.20,10.20,0.0104,0.8678,41.5548,29.08
NA,NA,-1,Unknown,Unknown,Unknown,Unknown,10.30,10.30,0.0104,0.8676,43.1142,29.07
NA,NA,-1,Unknown,Unknown,Unknown,Unknown,10.40,10.40,0.0105,0.8677,44.4135,29.06
NA,NA,-1,Unknown,Unknown,Unknown,Unknown,10.50,10.50,0.0105,0.8680,45.7126,29.05
NA,NA,-1,Unknown,Unknown,Unknown,Unknown,10.61,10.61,0.0105,0.8682,47.0134,29.13
NA,NA,-1,Unknown,Unknown,Unknown,Unknown,10.71,10.71,0.0105,0.8687,48.3246,29.39
NA,NA,-1,Unknown,Unknown,Unknown,Unknown,10.81,10.81,0.0104,0.8697,49.6549,29.86
NA,NA,-1,Unknown,Unknown,Unknown,Unknown,10.92,10.92,0.0104,0.8738,51.0072,30.42
NA,NA,-1,Unknown,Unknown,Unknown,Unknown,11.02,11.02,0.0104,0.8730,52.6638,31.10
NA,NA,-1,Unknown,Unknown,Unknown,Unknown,11.12,11.12,0.0104,0.8717,54.0628,31.39
NA,NA,-1,Unknown,Unknown,Unknown,Unknown,11.23,11.23,0.0104,0.8705,55.4676,31.53
NA,NA,-1,Unknown,Unknown,Unknown,Unknown,11.33,11.33,0.0103,0.8695,56.8814,31.77
NA,NA,-1,Unknown,Unknown,Unknown,Unknown,11.44,11.44,0.0102,0.8694,58.6037,32.31
NA,NA,-1,Unknown,Unknown,Unknown,Unknown,11.55,11.55,0.0101,0.8731,60.0646,32.87
NA,NA,-1,Unknown,Unknown,Unknown,Unknown,11.65,11.65,0.0100,0.8731,61.5563,33.61
NA,NA,-1,Unknown,Unknown,Unknown,Unknown,11.75,11.75,0.0099,0.8720,63.0746,34.28
NA,NA,-1,Unknown,Unknown,Unknown,Unknown,11.86,11.86,0.0099,0.8718,64.6242,34.91
NA,NA,-1,Unknown,Unknown,Unknown,Unknown,11.96,11.96,0.0097,0.8724,66.5226,35.73
NA,NA,-1,Unknown,Unknown,Unknown,Unknown,12.06,12.06,0.0098,0.8687,68.1381,36.40
NA,NA,-1,Unknown,Unknown,Unknown,Unknown,12.17,12.17,0.0101,0.8745,69.7823,37.05
NA,NA,-1,Unknown,Unknown,Unknown,Unknown,12.27,12.27,0.0105,0.8697,71.4572,37.72
NA,NA,-1,Unknown,Unknown,Unknown,Unknown,12.38,12.38,0.0109,0.8730,73.1570,38.37
NA,NA,-1,Unknown,Unknown,Unknown,Unknown,12.48,12.48,0.0117,0.8709,75.2410,39.15
NA,NA,-1,Unknown,Unknown,Unknown,Unknown,12.59,12.59,0.0121,0.8733,77.0106,39.83
NA,NA,-1,Unknown,Unknown,Unknown,Unknown,12.70,12.70,0.0127,0.8716,78.8077,40.49
NA,NA,-1,Unknown,Unknown,Unknown,Unknown,12.80,12.80,0.0133,0.8725,81.0035,41.27
NA,NA,-1,Unknown,Unknown,Unknown,Unknown,12.91,12.91,0.0140,0.8749,82.8674,41.95
NA,NA,-1,Unknown,Unknown,Unknown,Unknown,13.02,13.02,0.0147,0.8729,84.7589,42.61
NA,NA,-1,Unknown,Unknown,Unknown,Unknown,13.13,13.13,0.0157,0.8722,87.0681,43.40
NA,NA,-1,Unknown,Unknown,Unknown,Unknown,13.23,13.23,0.0164,0.8734,89.0264,44.00
NA,NA,-1,Unknown,Unknown,Unknown,Unknown,13.34,13.34,0.0180,0.8724,91.0130,44.69
NA,NA,-1,Unknown,Unknown,Unknown,Unknown,13.44,13.44,0.0170,0.8734,93.0300,45.35
NA,NA,-1,Unknown,Unknown,Unknown,Unknown,13.55,13.55,0.0190,0.8722,95.4870,46.16
NA,NA,-1,Unknown,Unknown,Unknown,Unknown,13.65,13.65,0.0204,0.8719,97.5697,46.77
NA,NA,-1,Unknown,Unknown,Unknown,Unknown,13.75,13.75,0.0215,0.8722,99.6788,47.48
NA,NA,-1,Unknown,Unknown,Unknown,Unknown,13.86,13.86,0.0217,0.8712,102.2525,48.24
NA,NA,-1,Unknown,Unknown,Unknown,Unknown,13.96,13.96,0.0230,0.8754,104.4267,48.94
NA,NA,-1,Unknown,Unknown,Unknown,Unknown,14.07,14.07,0.0241,0.8727,106.6316,49.60
NA,NA,-1,Unknown,Unknown,Unknown,Unknown,14.18,14.18,0.0251,0.8732,108.8649,50.22
NA,NA,-1,Unknown,Unknown,Unknown,Unknown,14.29,14.29,0.0264,0.8737,111.5878,51.05
NA,NA,-1,Unknown,Unknown,Unknown,Unknown,14.39,14.39,0.0274,0.8738,113.8847,51.71
NA,NA,-1,Unknown,Unknown,Unknown,Unknown,14.49,14.49,0.0284,0.8744,116.2127,52.33
NA,NA,-1,Unknown,Unknown,Unknown,Unknown,14.60,14.60,0.0295,0.8719,118.5712,52.96
NA,NA,-1,Unknown,Unknown,Unknown,Unknown,14.70,14.70,0.0304,0.8734,120.9583,53.68
NA,NA,-1,Unknown,Unknown,Unknown,Unknown,14.80,14.80,0.0315,0.8721,123.8625,54.47
NA,NA,-1,Unknown,Unknown,Unknown,Unknown,14.90,14.90,0.0323,0.8763,126.3134,55.05
NA,NA,-1,Unknown,Unknown,Unknown,Unknown,15.00,15.00,0.0332,0.8713,128.7978,55.79
NA,NA,-1,Unknown,Unknown,Unknown,Unknown,15.10,15.10,0.0340,0.8740,131.3044,56.44
NA,NA,-1,Unknown,Unknown,Unknown,Unknown,15.21,15.21,0.0348,0.8732,133.8473,57.03
NA,NA,-1,Unknown,Unknown,Unknown,Unknown,15.31,15.31,0.0330,0.8698,136.4135,57.70
NA,NA,-1,Unknown,Unknown,Unknown,Unknown,15.42,15.42,0.0355,0.8700,139.0060,58.12
NA,NA,-1,Unknown,Unknown,Unknown,Unknown,15.52,15.52,0.0367,0.8681,141.6110,58.38
NA,NA,-1,Unknown,Unknown,Unknown,Unknown,15.62,15.62,0.0361,0.8681,144.7426,58.45
NA,NA,-1,Unknown,Unknown,Unknown,Unknown,15.72,15.72,0.0355,0.8682,147.3532,58.46
NA,NA,-1,Unknown,Unknown,Unknown,Unknown,15.83,15.83,0.0350,0.8681,149.9645,58.44
NA,NA,-1,Unknown,Unknown,Unknown,Unknown,15.93,15.93,0.0346,0.8679,152.5761,58.43
NA,NA,-1,Unknown,Unknown,Unknown,Unknown,16.05,16.05,0.0341,0.8679,155.7118,58.48
NA,NA,-1,Unknown,Unknown,Unknown,Unknown,16.15,16.15,0.0340,0.8683,158.3337,58.70
NA,NA,-1,Unknown,Unknown,Unknown,Unknown,16.25,16.25,0.0339,0.8692,160.9693,59.00
NA,NA,-1,Unknown,Unknown,Unknown,Unknown,16.36,16.36,0.0340,0.8701,163.6130,59.18
NA,NA,-1,Unknown,Unknown,Unknown,Unknown,16.46,16.46,0.0343,0.8700,166.7874,59.23
NA,NA,-1,Unknown,Unknown,Unknown,Unknown,16.57,16.57,0.0347,0.8692,169.4330,59.23
NA,NA,-1,Unknown,Unknown,Unknown,Unknown,16.67,16.67,0.0351,0.8683,172.0790,59.22
NA,NA,-1,Unknown,Unknown,Unknown,Unknown,16.77,16.77,0.0357,0.8677,174.7253,59.20
NA,NA,-1,Unknown,Unknown,Unknown,Unknown,16.88,16.88,0.0363,0.8676,177.3714,59.19
NA,NA,-1,Unknown,Unknown,Unknown,Unknown,16.98,16.98,0.0370,0.8677,180.0171,59.17
NA,NA,-1,Unknown,Unknown,Unknown,Unknown,17.08,17.08,0.0377,0.8679,182.6621,59.16
NA,NA,-1,Unknown,Unknown,Unknown,Unknown,17.18,17.18,0.0384,0.8681,185.3072,59.17
NA,NA,-1,Unknown,Unknown,Unknown,Unknown,17.28,17.28,0.0392,0.8682,187.9525,59.17
NA,NA,-1,Unknown,Unknown,Unknown,Unknown,17.39,17.39,0.0402,0.8682,191.1259,59.15
NA,NA,-1,Unknown,Unknown,Unknown,Unknown,17.49,17.49,0.0410,0.8681,193.7699,59.14
NA,NA,-1,Unknown,Unknown,Unknown,Unknown,17.61,17.61,0.0419,0.8681,196.9419,59.13
NA,NA,-1,Unknown,Unknown,Unknown,Unknown,17.72,17.72,0.0429,0.8680,200.1131,59.11
NA,NA,-1,Unknown,Unknown,Unknown,Unknown,17.83,17.83,0.0438,0.8681,202.7569,59.16
NA,NA,-1,Unknown,Unknown,Unknown,Unknown,17.93,17.93,0.0446,0.8683,205.4056,59.25
NA,NA,-1,Unknown,Unknown,Unknown,Unknown,18.04,18.04,0.0456,0.8686,208.5853,59.28
NA,NA,-1,Unknown,Unknown,Unknown,Unknown,18.14,18.14,0.0465,0.8686,211.2345,59.27
NA,NA,-1,Unknown,Unknown,Unknown,Unknown,18.24,18.24,0.0473,0.8683,213.8833,59.26
NA,NA,-1,Unknown,Unknown,Unknown,Unknown,18.34,18.34,0.0481,0.8681,216.5318,59.25
NA,NA,-1,Unknown,Unknown,Unknown,Unknown,18.45,18.45,0.0490,0.8679,219.1800,59.23
NA,NA,-1,Unknown,Unknown,Unknown,Unknown,18.55,18.55,0.0498,0.8679,221.8277,59.22
NA,NA,-1,Unknown,Unknown,Unknown,Unknown,18.65,18.65,0.0506,0.8680,224.4747,59.21
NA,NA,-1,Unknown,Unknown,Unknown,Unknown,18.75,18.75,0.0515,0.8680,227.1213,59.20
NA,NA,-1,Unknown,Unknown,Unknown,Unknown,18.86,18.86,0.0525,0.8682,230.3018,59.34
NA,NA,-1,Unknown,Unknown,Unknown,Unknown,18.96,18.96,0.0533,0.8689,232.9654,59.66
NA,NA,-1,Unknown,Unknown,Unknown,Unknown,19.07,19.07,0.0542,0.8700,235.6487,60.12
NA,NA,-1,Unknown,Unknown,Unknown,Unknown,19.17,19.17,0.0550,0.8720,238.3463,60.46
NA,NA,-1,Unknown,Unknown,Unknown,Unknown,19.27,19.27,0.0559,0.8732,241.0523,60.73
NA,NA,-1,Unknown,Unknown,Unknown,Unknown,19.38,19.38,0.0567,0.8714,243.7674,60.78
NA,NA,-1,Unknown,Unknown,Unknown,Unknown,19.48,19.48,0.0575,0.8692,246.4837,60.78
NA,NA,-1,Unknown,Unknown,Unknown,Unknown,19.58,19.58,0.0585,0.8677,249.7433,60.77
NA,NA,-1,Unknown,Unknown,Unknown,Unknown,19.68,19.68,0.0593,0.8674,252.4593,60.76
NA,NA,-1,Unknown,Unknown,Unknown,Unknown,19.79,19.79,0.0601,0.8675,255.1749,60.74
NA,NA,-1,Unknown,Unknown,Unknown,Unknown,19.89,19.89,0.0609,0.8678,257.8899,60.73
NA,NA,-1,Unknown,Unknown,Unknown,Unknown,19.99,19.99,0.0616,0.8680,260.6043,60.71
NA,NA,-1,Unknown,Unknown,Unknown,Unknown,20.10,20.10,0.0624,0.8681,263.3181,60.70
NA,NA,-1,Unknown,Unknown,Unknown,Unknown,20.20,20.20,0.0633,0.8681,266.5739,60.68
NA,NA,-1,Unknown,Unknown,Unknown,Unknown,20.31,20.31,0.0640,0.8680,269.2848,60.63
NA,NA,-1,Unknown,Unknown,Unknown,Unknown,20.41,20.41,0.0647,0.8679,271.9942,60.60
NA,NA,-1,Unknown,Unknown,Unknown,Unknown,20.52,20.52,0.0654,0.8679,274.7029,60.58
NA,NA,-1,Unknown,Unknown,Unknown,Unknown,20.62,20.62,0.0661,0.8679,277.4110,60.57
NA,NA,-1,Unknown,Unknown,Unknown,Unknown,20.73,20.73,0.0670,0.8680,280.6598,60.55
NA,NA,-1,Unknown,Unknown,Unknown,Unknown,20.83,20.83,0.0676,0.8680,283.3644,60.48
NA,NA,-1,Unknown,Unknown,Unknown,Unknown,20.94,20.94,0.0683,0.8679,286.0665,60.44
NA,NA,-1,Unknown,Unknown,Unknown,Unknown,21.04,21.04,0.0692,0.8678,289.3081,60.41
NA,NA,-1,Unknown,Unknown,Unknown,Unknown,21.15,21.15,0.0698,0.8679,292.0087,60.40
NA,NA,-1,Unknown,Unknown,Unknown,Unknown,21.25,21.25,0.0705,0.8680,294.7085,60.38
NA,NA,-1,Unknown,Unknown,Unknown,Unknown,21.36,21.36,0.0712,0.8681,297.4076,60.37
NA,NA,-1,Unknown,Unknown,Unknown,Unknown,21.46,21.46,0.0721,0.8681,300.6457,60.35
NA,NA,-1,Unknown,Unknown,Unknown,Unknown,21.57,21.57,0.0727,0.8681,303.3434,60.34
NA,NA,-1,Unknown,Unknown,Unknown,Unknown,21.67,21.67,0.0734,0.8681,306.0405,60.33
NA,NA,-1,Unknown,Unknown,Unknown,Unknown,21.78,21.78,0.0741,0.8680,308.7369,60.31
NA,NA,-1,Unknown,Unknown,Unknown,Unknown,21.88,21.88,0.0750,0.8680,311.9719,60.30
NA,NA,-1,Unknown,Unknown,Unknown,Unknown,21.99,21.99,0.0757,0.8680,314.6671,60.28
NA,NA,-1,Unknown,Unknown,Unknown,Unknown,22.10,22.10,0.0764,0.8680,317.3616,60.27
NA,NA,-1,Unknown,Unknown,Unknown,Unknown,22.20,22.20,0.0772,0.8680,320.5943,60.25
NA,NA,-1,Unknown,Unknown,Unknown,Unknown,22.31,22.31,0.0779,0.8680,323.2876,60.24
NA,NA,-1,Unknown,Unknown,Unknown,Unknown,22.41,22.41,0.0786,0.8680,325.9802,60.23
NA,NA,-1,Unknown,Unknown,Unknown,Unknown,22.52,22.52,0.0793,0.8680,328.6722,60.21
NA,NA,-1,Unknown,Unknown,Unknown,Unknown,22.62,22.62,0.0802,0.8680,331.9018,60.20
NA,NA,-1,Unknown,Unknown,Unknown,Unknown,22.73,22.73,0.0809,0.8680,334.5925,60.18
NA,NA,-1,Unknown,Unknown,Unknown,Unknown,22.84,22.84,0.0816,0.8680,337.2826,60.17
NA,NA,-1,Unknown,Unknown,Unknown,Unknown,22.94,22.94,0.0824,0.8680,340.5099,60.15
NA,NA,-1,Unknown,Unknown,Unknown,Unknown,23.05,23.05,0.0832,0.8680,343.1986,60.14
NA,NA,-1,Unknown,Unknown,Unknown,Unknown,23.16,23.16,0.0839,0.8671,345.8463,58.65
NA,NA,-1,Unknown,Unknown,Unknown,Unknown,23.26,23.26,0.0845,0.8683,348.4336,57.85
NA,NA,-1,Unknown,Unknown,Unknown,Unknown,23.36,23.36,0.0853,0.8502,351.5295,56.89
NA,NA,-1,Unknown,Unknown,Unknown,Unknown,23.47,23.47,0.0856,0.8530,354.0610,56.58
NA,NA,-1,Unknown,Unknown,Unknown,Unknown,23.58,23.58,0.0861,0.8554,357.0924,56.49
NA,NA,-1,Unknown,Unknown,Unknown,Unknown,23.68,23.68,0.0865,0.8615,359.6195,56.45
NA,NA,-1,Unknown,Unknown,Unknown,Unknown,23.79,23.79,0.0870,0.8671,362.1473,56.50
NA,NA,-1,Unknown,Unknown,Unknown,Unknown,23.90,23.90,0.0875,0.8701,364.6824,56.73
NA,NA,-1,Unknown,Unknown,Unknown,Unknown,24.00,24.00,0.0881,0.8713,367.2283,56.97
NA,NA,-1,Unknown,Unknown,Unknown,Unknown,24.10,24.10,0.0890,0.8710,370.2889,57.09
NA,NA,-1,Unknown,Unknown,Unknown,Unknown,24.21,24.21,0.0898,0.8698,372.8394,57.11
NA,NA,-1,Unknown,Unknown,Unknown,Unknown,24.32,24.32,0.0906,0.8686,375.3903,57.10
NA,NA,-1,Unknown,Unknown,Unknown,Unknown,24.42,24.42,0.0914,0.8678,377.9415,57.09
NA,NA,-1,Unknown,Unknown,Unknown,Unknown,24.52,24.52,0.0924,0.8675,381.0031,57.07
NA,NA,-1,Unknown,Unknown,Unknown,Unknown,24.62,24.62,0.0933,0.8677,383.5552,57.10
NA,NA,-1,Unknown,Unknown,Unknown,Unknown,24.73,24.73,0.0942,0.8682,386.1137,57.26
NA,NA,-1,Unknown,Unknown,Unknown,Unknown,24.84,24.84,0.0951,0.8688,388.6780,57.37
NA,NA,-1,Unknown,Unknown,Unknown,Unknown,24.95,24.95,0.0962,0.8691,391.7556,57.39
NA,NA,-1,Unknown,Unknown,Unknown,Unknown,25.05,25.05,0.0970,0.8688,394.3199,57.39
NA,NA,-1,Unknown,Unknown,Unknown,Unknown,25.16,25.16,0.0981,0.8682,397.3969,57.37
NA,NA,-1,Unknown,Unknown,Unknown,Unknown,25.27,25.27,0.0990,0.8679,399.9608,57.36
NA,NA,-1,Unknown,Unknown,Unknown,Unknown,25.37,25.37,0.0998,0.8678,402.5245,57.34
NA,NA,-1,Unknown,Unknown,Unknown,Unknown,25.48,25.48,0.1007,0.8679,405.0884,57.36
NA,NA,-1,Unknown,Unknown,Unknown,Unknown,25.58,25.58,0.1015,0.8682,407.6587,57.54
NA,NA,-1,Unknown,Unknown,Unknown,Unknown,25.68,25.68,0.1026,0.8693,410.7633,58.01
NA,NA,-1,Unknown,Unknown,Unknown,Unknown,25.78,25.78,0.1034,0.8707,413.3763,58.58
NA,NA,-1,Unknown,Unknown,Unknown,Unknown,25.89,25.89,0.1042,0.8763,416.0067,59.21
NA,NA,-1,Unknown,Unknown,Unknown,Unknown,26.00,26.00,0.1052,0.8715,418.6723,59.86
NA,NA,-1,Unknown,Unknown,Unknown,Unknown,26.10,26.10,0.1060,0.8780,421.3647,60.52
NA,NA,-1,Unknown,Unknown,Unknown,Unknown,26.20,26.20,0.1069,0.8749,424.0863,61.16
NA,NA,-1,Unknown,Unknown,Unknown,Unknown,26.31,26.31,0.1080,0.8716,427.3804,61.47
NA,NA,-1,Unknown,Unknown,Unknown,Unknown,26.41,26.41,0.1088,0.8697,430.1269,61.52
NA,NA,-1,Unknown,Unknown,Unknown,Unknown,26.52,26.52,0.1095,0.8684,432.8739,61.53
NA,NA,-1,Unknown,Unknown,Unknown,Unknown,26.63,26.63,0.1104,0.8676,436.1716,61.51
NA,NA,-1,Unknown,Unknown,Unknown,Unknown,26.73,26.73,0.1110,0.8674,438.9203,61.49
NA,NA,-1,Unknown,Unknown,Unknown,Unknown,26.84,26.84,0.1118,0.8676,442.2185,61.47
NA,NA,-1,Unknown,Unknown,Unknown,Unknown,26.94,26.94,0.1124,0.8678,444.9663,61.46
NA,NA,-1,Unknown,Unknown,Unknown,Unknown,27.06,27.06,0.1132,0.8681,448.2628,61.44
NA,NA,-1,Unknown,Unknown,Unknown,Unknown,27.17,27.17,0.1138,0.8681,451.0092,61.43
NA,NA,-1,Unknown,Unknown,Unknown,Unknown,27.27,27.27,0.1143,0.8681,453.7548,61.41
NA,NA,-1,Unknown,Unknown,Unknown,Unknown,27.37,27.37,0.1149,0.8681,456.4999,61.40
NA,NA,-1,Unknown,Unknown,Unknown,Unknown,0.35,0.35,0.0022,0.8588,-0.0074,0.35
NA,NA,-1,Unknown,Unknown,Unknown,Unknown,0.45,0.45,0.0034,0.8693,-0.0089,0.18
NA,NA,-1,Unknown,Unknown,Unknown,Unknown,0.56,0.56,0.0039,0.8733,-0.0079,0.08
NA,NA,-1,Unknown,Unknown,Unknown,Unknown,0.67,0.67,0.0036,0.8723,-0.0054,0.10
NA,NA,-1,Unknown,Unknown,Unknown,Unknown,0.77,0.77,0.0029,0.8699,-0.0034,0.10
NA,NA,-1,Unknown,Unknown,Unknown,Unknown,0.87,0.87,0.0022,0.8677,-0.0019,0.07
NA,NA,-1,Unknown,Unknown,Unknown,Unknown,0.98,0.98,0.0015,0.8666,-0.0013,0.03
NA,NA,-1,Unknown,Unknown,Unknown,Unknown,1.08,1.08,0.0009,0.8663,-0.0012,0.02
NA,NA,-1,Unknown,Unknown,Unknown,Unknown,1.18,1.18,0.0006,0.8667,-0.0016,0.02
NA,NA,-1,Unknown,Unknown,Unknown,Unknown,1.29,1.29,0.0005,0.8671,-0.0015,0.04
NA,NA,-1,Unknown,Unknown,Unknown,Unknown,1.39,1.39,0.0005,0.8677,0.0059,0.20
NA,NA,-1,Unknown,Unknown,Unknown,Unknown,1.50,1.50,0.0006,0.8687,0.0332,0.72
NA,NA,-1,Unknown,Unknown,Unknown,Unknown,1.60,1.60,0.0008,0.8698,0.0976,1.46
NA,NA,-1,Unknown,Unknown,Unknown,Unknown,1.71,1.71,0.0014,0.8701,0.1812,2.14
NA,NA,-1,Unknown,Unknown,Unknown,Unknown,1.81,1.81,0.0020,0.8699,0.2951,2.82
NA,NA,-1,Unknown,Unknown,Unknown,Unknown,1.92,1.92,0.0018,0.8699,0.4709,3.61
NA,NA,-1,Unknown,Unknown,Unknown,Unknown,2.03,2.03,0.0019,0.8702,0.6507,4.28
NA,NA,-1,Unknown,Unknown,Unknown,Unknown,2.14,2.14,0.0019,0.8700,0.8604,4.96
NA,NA,-1,Unknown,Unknown,Unknown,Unknown,2.24,2.24,0.0020,0.8701,1.1516,5.76
NA,NA,-1,Unknown,Unknown,Unknown,Unknown,2.34,2.34,0.0021,0.9119,1.4410,6.40
NA,NA,-1,Unknown,Unknown,Unknown,Unknown,2.44,2.44,0.0026,0.9195,1.7409,6.87
NA,NA,-1,Unknown,Unknown,Unknown,Unknown,2.87,2.87,0.0029,0.8597,3.1114,7.56
NA,NA,-1,Unknown,Unknown,Unknown,Unknown,3.20,3.20,0.0025,0.8698,4.2598,7.55
NA,NA,-1,Unknown,Unknown,Unknown,Unknown,3.30,3.30,0.0024,0.8687,4.5972,7.55
NA,NA,-1,Unknown,Unknown,Unknown,Unknown,3.41,3.41,0.0023,0.8964,4.9192,7.57
NA,NA,-1,Unknown,Unknown,Unknown,Unknown,3.51,3.51,0.0022,0.9053,5.2540,7.56
NA,NA,-1,Unknown,Unknown,Unknown,Unknown,3.61,3.61,0.0021,0.8843,5.6028,7.56
NA,NA,-1,Unknown,Unknown,Unknown,Unknown,3.72,3.72,0.0020,0.8578,5.9488,7.49
NA,NA,-1,Unknown,Unknown,Unknown,Unknown,3.82,3.82,0.0019,0.8594,6.3512,7.55
NA,NA,-1,Unknown,Unknown,Unknown,Unknown,3.92,3.92,0.0019,0.8635,6.6864,7.54
NA,NA,-1,Unknown,Unknown,Unknown,Unknown,4.03,4.03,0.0018,0.8667,7.0229,7.57
NA,NA,-1,Unknown,Unknown,Unknown,Unknown,4.13,4.13,0.0017,0.8684,7.3672,7.77
NA,NA,-1,Unknown,Unknown,Unknown,Unknown,4.23,4.23,0.0015,0.8695,7.7282,8.17
NA,NA,-1,Unknown,Unknown,Unknown,Unknown,4.33,4.33,0.0014,0.8702,8.1139,8.76
NA,NA,-1,Unknown,Unknown,Unknown,Unknown,4.44,4.44,0.0013,0.8703,8.5237,9.44
NA,NA,-1,Unknown,Unknown,Unknown,Unknown,4.55,4.55,0.0016,0.8702,9.0563,10.26
NA,NA,-1,Unknown,Unknown,Unknown,Unknown,4.66,4.66,0.0008,0.8700,9.5325,10.92
NA,NA,-1,Unknown,Unknown,Unknown,Unknown,4.76,4.76,0.0007,0.8705,10.0388,11.54
NA,NA,-1,Unknown,Unknown,Unknown,Unknown,4.86,4.86,0.0006,0.8709,10.5765,12.28
NA,NA,-1,Unknown,Unknown,Unknown,Unknown,4.96,4.96,0.0005,0.8702,11.2600,13.08
NA,NA,-1,Unknown,Unknown,Unknown,Unknown,5.07,5.07,0.0005,0.8691,11.8624,13.75
NA,NA,-1,Unknown,Unknown,Unknown,Unknown,5.17,5.17,-0.0007,0.8712,12.4952,14.38
NA,NA,-1,Unknown,Unknown,Unknown,Unknown,5.27,5.27,-0.0003,0.8710,13.1573,15.09
NA,NA,-1,Unknown,Unknown,Unknown,Unknown,5.38,5.38,-0.0009,0.8702,13.8487,15.76
NA,NA,-1,Unknown,Unknown,Unknown,Unknown,5.48,5.48,-0.0015,0.8685,14.7194,16.58
NA,NA,-1,Unknown,Unknown,Unknown,Unknown,5.58,5.58,-0.0018,0.8711,15.4776,17.22
NA,NA,-1,Unknown,Unknown,Unknown,Unknown,5.69,5.69,-0.0021,0.8699,16.2646,17.90
NA,NA,-1,Unknown,Unknown,Unknown,Unknown,5.79,5.79,-0.0024,0.8709,17.0807,18.57
NA,NA,-1,Unknown,Unknown,Unknown,Unknown,5.90,5.90,-0.0027,0.8731,18.1023,19.35
NA,NA,-1,Unknown,Unknown,Unknown,Unknown,6.00,6.00,-0.0030,0.8711,18.9846,20.02
NA,NA,-1,Unknown,Unknown,Unknown,Unknown,6.10,6.10,-0.0034,0.8699,19.8970,20.70
NA,NA,-1,Unknown,Unknown,Unknown,Unknown,6.21,6.21,-0.0038,0.8731,20.8404,21.35
NA,NA,-1,Unknown,Unknown,Unknown,Unknown,6.31,6.31,-0.0043,0.8712,21.8118,22.02
NA,NA,-1,Unknown,Unknown,Unknown,Unknown,6.42,6.42,-0.0048,0.8701,22.8134,22.70
NA,NA,-1,Unknown,Unknown,Unknown,Unknown,6.52,6.52,-0.0054,0.8726,24.0547,23.42
NA,NA,-1,Unknown,Unknown,Unknown,Unknown,6.63,6.63,-0.0057,0.8719,25.1230,24.15
NA,NA,-1,Unknown,Unknown,Unknown,Unknown,6.73,6.73,-0.0063,0.8706,26.2195,24.82
NA,NA,-1,Unknown,Unknown,Unknown,Unknown,6.83,6.83,-0.0068,0.8730,27.3456,25.41
NA,NA,-1,Unknown,Unknown,Unknown,Unknown,6.94,6.94,-0.0074,0.8706,28.5043,26.15
NA,NA,-1,Unknown,Unknown,Unknown,Unknown,7.04,7.04,-0.0082,0.8710,29.9298,26.95
NA,NA,-1,Unknown,Unknown,Unknown,Unknown,7.15,7.15,-0.0089,0.8725,31.1502,27.59
NA,NA,-1,Unknown,Unknown,Unknown,Unknown,7.26,7.26,-0.0097,0.8714,32.4047,28.27
NA,NA,-1,Unknown,Unknown,Unknown,Unknown,7.36,7.36,-0.0109,0.8711,33.9449,29.07
NA,NA,-1,Unknown,Unknown,Unknown,Unknown,7.47,7.47,-0.0117,0.8712,35.2604,29.74
NA,NA,-1,Unknown,Unknown,Unknown,Unknown,7.57,7.57,-0.0129,0.8705,36.6084,30.33
NA,NA,-1,Unknown,Unknown,Unknown,Unknown,7.68,7.68,-0.0139,0.8728,37.9839,31.06
NA,NA,-1,Unknown,Unknown,Unknown,Unknown,7.78,7.78,-0.0150,0.8712,39.6744,31.86
NA,NA,-1,Unknown,Unknown,Unknown,Unknown,7.89,7.89,-0.0161,0.8721,41.1151,32.50
NA,NA,-1,Unknown,Unknown,Unknown,Unknown,7.99,7.99,-0.0170,0.8737,42.5873,33.18
NA,NA,-1,Unknown,Unknown,Unknown,Unknown,8.10,8.10,-0.0182,0.8718,44.0875,33.85
NA,NA,-1,Unknown,Unknown,Unknown,Unknown,8.20,8.20,-0.0193,0.8734,45.6176,34.51
NA,NA,-1,Unknown,Unknown,Unknown,Unknown,8.30,8.30,-0.0207,0.8700,47.1779,35.17
NA,NA,-1,Unknown,Unknown,Unknown,Unknown,8.40,8.40,-0.0225,0.8736,49.0880,35.90
NA,NA,-1,Unknown,Unknown,Unknown,Unknown,8.51,8.51,-0.0241,0.8700,50.7159,36.63
NA,NA,-1,Unknown,Unknown,Unknown,Unknown,8.61,8.61,-0.0258,0.8746,52.3689,37.29
NA,NA,-1,Unknown,Unknown,Unknown,Unknown,8.71,8.71,-0.0257,0.8705,54.0532,37.96
NA,NA,-1,Unknown,Unknown,Unknown,Unknown,8.81,8.81,-0.0294,0.8727,55.7671,38.61
NA,NA,-1,Unknown,Unknown,Unknown,Unknown,8.92,8.92,-0.0311,0.8713,57.5095,39.27
NA,NA,-1,Unknown,Unknown,Unknown,Unknown,9.02,9.02,-0.0329,0.8727,59.6402,40.04
NA,NA,-1,Unknown,Unknown,Unknown,Unknown,9.13,9.13,-0.0343,0.8746,61.4493,40.73
NA,NA,-1,Unknown,Unknown,Unknown,Unknown,9.24,9.24,-0.0358,0.8726,63.2863,41.39
NA,NA,-1,Unknown,Unknown,Unknown,Unknown,9.34,9.34,-0.0371,0.8727,65.5298,42.17
NA,NA,-1,Unknown,Unknown,Unknown,Unknown,9.45,9.45,-0.0382,0.8727,67.4360,42.84
NA,NA,-1,Unknown,Unknown,Unknown,Unknown,9.55,9.55,-0.0393,0.8737,69.3655,43.51
NA,NA,-1,Unknown,Unknown,Unknown,Unknown,9.65,9.65,-0.0403,0.8722,71.3281,44.13
NA,NA,-1,Unknown,Unknown,Unknown,Unknown,9.76,9.76,-0.0415,0.8748,73.3196,44.82
NA,NA,-1,Unknown,Unknown,Unknown,Unknown,9.86,9.86,-0.0428,0.8728,75.7480,45.61
NA,NA,-1,Unknown,Unknown,Unknown,Unknown,9.97,9.97,-0.0438,0.8723,77.8028,46.27
NA,NA,-1,Unknown,Unknown,Unknown,Unknown,10.08,10.08,-0.0450,0.8742,79.8909,46.93
NA,NA,-1,Unknown,Unknown,Unknown,Unknown,10.18,10.18,-0.0461,0.8723,82.0051,47.59
NA,NA,-1,Unknown,Unknown,Unknown,Unknown,10.28,10.28,-0.0475,0.8748,84.1481,48.21
NA,NA,-1,Unknown,Unknown,Unknown,Unknown,10.38,10.38,-0.0511,0.8704,86.7621,49.00
NA,NA,-1,Unknown,Unknown,Unknown,Unknown,10.49,10.49,-0.0508,0.8697,88.9701,49.71
NA,NA,-1,Unknown,Unknown,Unknown,Unknown,10.60,10.60,-0.0527,0.8760,91.2108,50.36
NA,NA,-1,Unknown,Unknown,Unknown,Unknown,10.71,10.71,-0.0555,0.8749,93.9355,51.14
NA,NA,-1,Unknown,Unknown,Unknown,Unknown,10.81,10.81,-0.0578,0.8706,96.2353,51.69
NA,NA,-1,Unknown,Unknown,Unknown,Unknown,10.91,10.91,-0.0603,0.8756,98.5548,52.06
NA,NA,-1,Unknown,Unknown,Unknown,Unknown,11.02,11.02,-0.0628,0.8747,100.8864,52.22
NA,NA,-1,Unknown,Unknown,Unknown,Unknown,11.15,11.15,-0.0663,0.8706,104.1538,52.26
NA,NA,-1,Unknown,Unknown,Unknown,Unknown,11.25,11.25,-0.0688,0.8683,106.4880,52.25
NA,NA,-1,Unknown,Unknown,Unknown,Unknown,11.36,11.36,-0.0713,0.8673,108.8225,52.24
NA,NA,-1,Unknown,Unknown,Unknown,Unknown,11.47,11.47,-0.0743,0.8672,111.6240,52.22
NA,NA,-1,Unknown,Unknown,Unknown,Unknown,11.57,11.57,-0.0768,0.8675,113.9583,52.21
NA,NA,-1,Unknown,Unknown,Unknown,Unknown,11.68,11.68,-0.0793,0.8679,116.2920,52.20
NA,NA,-1,Unknown,Unknown,Unknown,Unknown,11.78,11.78,-0.0823,0.8681,119.0917,52.18
NA,NA,-1,Unknown,Unknown,Unknown,Unknown,11.89,11.89,-0.0848,0.8682,121.4242,52.17
NA,NA,-1,Unknown,Unknown,Unknown,Unknown,11.99,11.99,-0.0873,0.8681,123.7561,52.16
NA,NA,-1,Unknown,Unknown,Unknown,Unknown,12.10,12.10,-0.0902,0.8681,126.5537,52.14
NA,NA,-1,Unknown,Unknown,Unknown,Unknown,12.20,12.20,-0.0927,0.8681,128.8844,52.13
NA,NA,-1,Unknown,Unknown,Unknown,Unknown,12.31,12.31,-0.0951,0.8680,131.2147,52.12
NA,NA,-1,Unknown,Unknown,Unknown,Unknown,12.41,12.41,-0.0976,0.8680,133.5444,52.11
NA,NA,-1,Unknown,Unknown,Unknown,Unknown,12.51,12.51,-0.1000,0.8681,135.8736,52.10
NA,NA,-1,Unknown,Unknown,Unknown,Unknown,12.62,12.62,-0.1024,0.8681,138.2023,52.09
NA,NA,-1,Unknown,Unknown,Unknown,Unknown,12.73,12.73,-0.1053,0.8681,140.9960,52.07
NA,NA,-1,Unknown,Unknown,Unknown,Unknown,12.83,12.83,-0.1077,0.8681,143.3235,52.06
NA,NA,-1,Unknown,Unknown,Unknown,Unknown,12.93,12.93,-0.1101,0.8681,145.6505,52.05
NA,NA,-1,Unknown,Unknown,Unknown,Unknown,13.04,13.04,-0.1125,0.8681,147.9770,52.04
NA,NA,-1,Unknown,Unknown,Unknown,Unknown,13.14,13.14,-0.1154,0.8681,150.7681,52.02
NA,NA,-1,Unknown,Unknown,Unknown,Unknown,13.24,13.24,-0.1178,0.8681,153.0934,52.01
NA,NA,-1,Unknown,Unknown,Unknown,Unknown,13.34,13.34,-0.1202,0.8681,155.4182,52.00
NA,NA,-1,Unknown,Unknown,Unknown,Unknown,13.44,13.44,-0.1226,0.8681,157.7425,51.99
NA,NA,-1,Unknown,Unknown,Unknown,Unknown,13.55,13.55,-0.1250,0.8681,160.0662,51.98
NA,NA,-1,Unknown,Unknown,Unknown,Unknown,13.66,13.66,-0.1274,0.8681,162.3895,51.96
NA,NA,-1,Unknown,Unknown,Unknown,Unknown,13.76,13.76,-0.1298,0.8681,164.7122,51.95
NA,NA,-1,Unknown,Unknown,Unknown,Unknown,13.87,13.87,-0.1327,0.8681,167.4987,51.94
NA,NA,-1,Unknown,Unknown,Unknown,Unknown,13.98,13.98,-0.1350,0.8681,169.8203,51.93
NA,NA,-1,Unknown,Unknown,Unknown,Unknown,14.08,14.08,-0.1379,0.8681,172.6055,51.91
NA,NA,-1,Unknown,Unknown,Unknown,Unknown,14.19,14.19,-0.1403,0.8681,174.9259,51.90
NA,NA,-1,Unknown,Unknown,Unknown,Unknown,14.30,14.30,-0.1427,0.8681,177.2458,51.89
NA,NA,-1,Unknown,Unknown,Unknown,Unknown,14.41,14.41,-0.1455,0.8681,180.0290,51.88
NA,NA,-1,Unknown,Unknown,Unknown,Unknown,14.52,14.52,-0.1479,0.8681,182.3477,51.86
NA,NA,-1,Unknown,Unknown,Unknown,Unknown,14.62,14.62,-0.1508,0.8681,185.1295,51.85
NA,NA,-1,Unknown,Unknown,Unknown,Unknown,14.73,14.73,-0.1531,0.8681,187.4471,51.84
NA,NA,-1,Unknown,Unknown,Unknown,Unknown,14.85,14.85,-0.1560,0.8681,190.2275,51.82
NA,NA,-1,Unknown,Unknown,Unknown,Unknown,14.95,14.95,-0.1584,0.8681,192.5440,51.81
NA,NA,-1,Unknown,Unknown,Unknown,Unknown,15.06,15.06,-0.1607,0.8681,194.8599,51.80
NA,NA,-1,Unknown,Unknown,Unknown,Unknown,15.16,15.16,-0.1631,0.8681,197.1753,51.79
NA,NA,-1,Unknown,Unknown,Unknown,Unknown,15.27,15.27,-0.1659,0.8681,199.9531,51.78
NA,NA,-1,Unknown,Unknown,Unknown,Unknown,15.37,15.37,-0.1683,0.8681,202.2674,51.76
NA,NA,-1,Unknown,Unknown,Unknown,Unknown,15.48,15.48,-0.1707,0.8681,204.5811,51.75
NA,NA,-1,Unknown,Unknown,Unknown,Unknown,15.58,15.58,-0.1730,0.8681,206.8944,51.74
NA,NA,-1,Unknown,Unknown,Unknown,Unknown,15.68,15.68,-0.1754,0.8681,209.2071,51.73
NA,NA,-1,Unknown,Unknown,Unknown,Unknown,15.79,15.79,-0.1782,0.8681,211.9816,51.72
NA,NA,-1,Unknown,Unknown,Unknown,Unknown,15.90,15.90,-0.1806,0.8681,214.2932,51.70
NA,NA,-1,Unknown,Unknown,Unknown,Unknown,16.00,16.00,-0.1829,0.8681,216.6042,51.69
NA,NA,-1,Unknown,Unknown,Unknown,Unknown,16.10,16.10,-0.1857,0.8681,219.3768,51.68
NA,NA,-1,Unknown,Unknown,Unknown,Unknown,16.21,16.21,-0.1881,0.8681,221.6867,51.67
NA,NA,-1,Unknown,Unknown,Unknown,Unknown,16.32,16.32,-0.1904,0.8681,223.9961,51.65
NA,NA,-1,Unknown,Unknown,Unknown,Unknown,16.42,16.42,-0.1933,0.8681,226.7666,51.64
NA,NA,-1,Unknown,Unknown,Unknown,Unknown,16.53,16.53,-0.1956,0.8681,229.0749,51.63
NA,NA,-1,Unknown,Unknown,Unknown,Unknown,16.63,16.63,-0.1980,0.8681,231.3826,51.62
NA,NA,-1,Unknown,Unknown,Unknown,Unknown,16.75,16.75,-0.2008,0.8681,234.1512,51.60
NA,NA,-1,Unknown,Unknown,Unknown,Unknown,16.86,16.86,-0.2036,0.8681,236.9190,51.59
NA,NA,-1,Unknown,Unknown,Unknown,Unknown,16.96,16.96,-0.2059,0.8681,239.2250,51.58
NA,NA,-1,Unknown,Unknown,Unknown,Unknown,17.08,17.08,-0.2083,0.8681,241.5304,51.57
NA,NA,-1,Unknown,Unknown,Unknown,Unknown,17.19,17.19,-0.2111,0.8681,244.2962,51.55
NA,NA,-1,Unknown,Unknown,Unknown,Unknown,17.29,17.29,-0.2134,0.8681,246.6005,51.54
NA,NA,-1,Unknown,Unknown,Unknown,Unknown,17.39,17.39,-0.2157,0.8681,248.9043,51.53
NA,NA,-1,Unknown,Unknown,Unknown,Unknown,17.49,17.49,-0.2181,0.8681,251.2076,51.52
NA,NA,-1,Unknown,Unknown,Unknown,Unknown,17.60,17.60,-0.2204,0.8681,253.5103,51.51
NA,NA,-1,Unknown,Unknown,Unknown,Unknown,17.70,17.70,-0.2227,0.8681,255.8125,51.49
NA,NA,-1,Unknown,Unknown,Unknown,Unknown,17.81,17.81,-0.2255,0.8681,258.5745,51.48
NA,NA,-1,Unknown,Unknown,Unknown,Unknown,17.91,17.91,-0.2279,0.8681,260.8756,51.47
NA,NA,-1,Unknown,Unknown,Unknown,Unknown,18.01,18.01,-0.2302,0.8681,263.1761,51.46
NA,NA,-1,Unknown,Unknown,Unknown,Unknown,18.11,18.11,-0.2325,0.8681,265.4762,51.45
NA,NA,-1,Unknown,Unknown,Unknown,Unknown,18.22,18.22,-0.2348,0.8681,267.7758,51.43
NA,NA,-1,Unknown,Unknown,Unknown,Unknown,18.32,18.32,-0.2371,0.8681,270.0748,51.42
NA,NA,-1,Unknown,Unknown,Unknown,Unknown,18.42,18.42,-0.2399,0.8681,272.8329,51.41
NA,NA,-1,Unknown,Unknown,Unknown,Unknown,18.53,18.53,-0.2422,0.8681,275.1308,51.40
NA,NA,-1,Unknown,Unknown,Unknown,Unknown,18.63,18.63,-0.2446,0.8681,277.4281,51.39
NA,NA,-1,Unknown,Unknown,Unknown,Unknown,18.74,18.74,-0.2469,0.8681,279.7250,51.37
NA,NA,-1,Unknown,Unknown,Unknown,Unknown,18.84,18.84,-0.2496,0.8681,282.4805,51.36
NA,NA,-1,Unknown,Unknown,Unknown,Unknown,18.94,18.94,-0.2520,0.8681,284.7762,51.35
NA,NA,-1,Unknown,Unknown,Unknown,Unknown,19.05,19.05,-0.2543,0.8681,287.0714,51.34
NA,NA,-1,Unknown,Unknown,Unknown,Unknown,19.15,19.15,-0.2566,0.8681,289.3661,51.33
NA,NA,-1,Unknown,Unknown,Unknown,Unknown,19.26,19.26,-0.2593,0.8681,292.1190,51.31
NA,NA,-1,Unknown,Unknown,Unknown,Unknown,19.37,19.37,-0.2616,0.8681,294.4126,51.30
NA,NA,-1,Unknown,Unknown,Unknown,Unknown,19.47,19.47,-0.2639,0.8681,296.7056,51.29
NA,NA,-1,Unknown,Unknown,Unknown,Unknown,19.58,19.58,-0.2662,0.8681,298.9981,51.28
NA,NA,-1,Unknown,Unknown,Unknown,Unknown,19.69,19.69,-0.2690,0.8681,301.7485,51.26
NA,NA,-1,Unknown,Unknown,Unknown,Unknown,19.79,19.79,-0.2713,0.8681,304.0398,51.25
NA,NA,-1,Unknown,Unknown,Unknown,Unknown,19.90,19.90,-0.2736,0.8681,306.3307,51.24
NA,NA,-1,Unknown,Unknown,Unknown,Unknown,20.00,20.00,-0.2764,0.8681,309.0790,51.23
NA,NA,-1,Unknown,Unknown,Unknown,Unknown,20.11,20.11,-0.2787,0.8681,311.3703,51.27
NA,NA,-1,Unknown,Unknown,Unknown,Unknown,20.21,20.21,-0.2810,0.8684,313.6697,51.49
NA,NA,-1,Unknown,Unknown,Unknown,Unknown,20.32,20.32,-0.2837,0.8696,316.4519,52.01
NA,NA,-1,Unknown,Unknown,Unknown,Unknown,20.43,20.43,-0.2861,0.8731,318.7938,52.55
NA,NA,-1,Unknown,Unknown,Unknown,Unknown,20.53,20.53,-0.2885,0.8757,321.1621,53.26
NA,NA,-1,Unknown,Unknown,Unknown,Unknown,20.64,20.64,-0.2910,0.8695,323.5620,53.93
NA,NA,-1,Unknown,Unknown,Unknown,Unknown,20.75,20.75,-0.2935,0.8759,326.4751,54.67
NA,NA,-1,Unknown,Unknown,Unknown,Unknown,20.85,20.85,-0.2957,0.8702,328.9404,55.31
NA,NA,-1,Unknown,Unknown,Unknown,Unknown,20.96,20.96,-0.2985,0.8753,331.9329,56.16
NA,NA,-1,Unknown,Unknown,Unknown,Unknown,21.06,21.06,-0.3007,0.8716,334.4620,56.80
NA,NA,-1,Unknown,Unknown,Unknown,Unknown,21.17,21.17,-0.3022,0.8773,337.0168,57.43
NA,NA,-1,Unknown,Unknown,Unknown,Unknown,21.27,21.27,-0.3056,0.8746,339.6031,58.12
NA,NA,-1,Unknown,Unknown,Unknown,Unknown,21.38,21.38,-0.3076,0.8717,342.2187,58.78
NA,NA,-1,Unknown,Unknown,Unknown,Unknown,21.48,21.48,-0.3099,0.8773,344.8640,59.43
NA,NA,-1,Unknown,Unknown,Unknown,Unknown,21.58,21.58,-0.3125,0.8705,348.0792,60.24
NA,NA,-1,Unknown,Unknown,Unknown,Unknown,21.69,21.69,-0.3148,0.8745,350.7834,60.88
NA,NA,-1,Unknown,Unknown,Unknown,Unknown,21.80,21.80,-0.3164,0.8717,353.5252,61.49
NA,NA,-1,Unknown,Unknown,Unknown,Unknown,21.90,21.90,-0.3190,0.8771,356.2910,62.19
NA,NA,-1,Unknown,Unknown,Unknown,Unknown,22.01,22.01,-0.3214,0.8740,359.6515,62.97
NA,NA,-1,Unknown,Unknown,Unknown,Unknown,22.11,22.11,-0.3215,0.8711,362.4822,63.59
NA,NA,-1,Unknown,Unknown,Unknown,Unknown,22.22,22.22,-0.3243,0.8721,365.3448,64.30
NA,NA,-1,Unknown,Unknown,Unknown,Unknown,22.33,22.33,-0.3278,0.8715,368.8166,65.04
NA,NA,-1,Unknown,Unknown,Unknown,Unknown,22.43,22.43,-0.3263,0.8740,371.7435,65.73
NA,NA,-1,Unknown,Unknown,Unknown,Unknown,22.53,22.53,-0.3255,0.8698,374.7014,66.38
NA,NA,-1,Unknown,Unknown,Unknown,Unknown,22.63,22.63,-0.3252,0.8796,377.6833,67.03
NA,NA,-1,Unknown,Unknown,Unknown,Unknown,22.73,22.73,-0.3247,0.8735,380.6978,67.69
NA,NA,-1,Unknown,Unknown,Unknown,Unknown,22.84,22.84,-0.3244,0.8734,383.7383,68.35
NA,NA,-1,Unknown,Unknown,Unknown,Unknown,22.94,22.94,-0.3239,0.8775,386.8126,69.00
NA,NA,-1,Unknown,Unknown,Unknown,Unknown,23.04,23.04,-0.3233,0.8709,389.9161,69.66
NA,NA,-1,Unknown,Unknown,Unknown,Unknown,23.14,23.14,-0.3241,0.8762,393.0397,70.22
NA,NA,-1,Unknown,Unknown,Unknown,Unknown,23.24,23.24,-0.3222,0.8739,396.8278,70.77
NA,NA,-1,Unknown,Unknown,Unknown,Unknown,23.35,23.35,-0.3199,0.8717,399.9991,71.00
NA,NA,-1,Unknown,Unknown,Unknown,Unknown,23.46,23.46,-0.3173,0.8697,403.8084,71.09
NA,NA,-1,Unknown,Unknown,Unknown,Unknown,23.56,23.56,-0.3152,0.8685,406.9830,71.06
NA,NA,-1,Unknown,Unknown,Unknown,Unknown,23.67,23.67,-0.3130,0.8675,410.1516,70.87
NA,NA,-1,Unknown,Unknown,Unknown,Unknown,23.78,23.78,-0.3103,0.8663,413.9337,70.37
NA,NA,-1,Unknown,Unknown,Unknown,Unknown,23.89,23.89,-0.3079,0.8637,417.0605,69.83
NA,NA,-1,Unknown,Unknown,Unknown,Unknown,24.00,24.00,-0.3052,0.8586,420.1620,69.10
NA,NA,-1,Unknown,Unknown,Unknown,Unknown,24.10,24.10,-0.3017,0.8587,423.2341,68.44
NA,NA,-1,Unknown,Unknown,Unknown,Unknown,24.20,24.20,-0.2971,0.8589,426.8807,67.61
NA,NA,-1,Unknown,Unknown,Unknown,Unknown,24.31,24.31,-0.2934,0.8589,429.8858,66.94
NA,NA,-1,Unknown,Unknown,Unknown,Unknown,24.42,24.42,-0.2902,0.8587,432.8605,66.24
NA,NA,-1,Unknown,Unknown,Unknown,Unknown,24.52,24.52,-0.2875,0.8590,435.8033,65.57
NA,NA,-1,Unknown,Unknown,Unknown,Unknown,24.62,24.62,-0.2848,0.8589,439.2945,64.71
NA,NA,-1,Unknown,Unknown,Unknown,Unknown,24.73,24.73,-0.2829,0.8586,442.1710,64.12
NA,NA,-1,Unknown,Unknown,Unknown,Unknown,24.83,24.83,-0.2813,0.8589,445.0238,63.64
NA,NA,-1,Unknown,Unknown,Unknown,Unknown,24.94,24.94,-0.2800,0.8584,447.8618,63.39
NA,NA,-1,Unknown,Unknown,Unknown,Unknown,25.04,25.04,-0.2784,0.8558,451.2601,63.27
NA,NA,-1,Unknown,Unknown,Unknown,Unknown,25.15,25.15,-0.2772,0.8539,454.0886,63.21
NA,NA,-1,Unknown,Unknown,Unknown,Unknown,25.26,25.26,-0.2760,0.8540,456.9102,63.03
NA,NA,-1,Unknown,Unknown,Unknown,Unknown,25.36,25.36,-0.2745,0.8578,459.7183,62.68
NA,NA,-1,Unknown,Unknown,Unknown,Unknown,25.46,25.46,-0.2732,0.8628,462.5104,62.34
NA,NA,-1,Unknown,Unknown,Unknown,Unknown,25.56,25.56,-0.2717,0.8670,465.8488,62.12
NA,NA,-1,Unknown,Unknown,Unknown,Unknown,25.66,25.66,-0.2702,0.8683,468.6271,62.06
NA,NA,-1,Unknown,Unknown,Unknown,Unknown,25.76,25.76,-0.2686,0.8686,471.4031,62.04
NA,NA,-1,Unknown,Unknown,Unknown,Unknown,25.87,25.87,-0.2668,0.8686,474.1772,62.02
NA,NA,-1,Unknown,Unknown,Unknown,Unknown,25.98,25.98,-0.2650,0.8684,476.9499,62.01
NA,NA,-1,Unknown,Unknown,Unknown,Unknown,26.08,26.08,-0.2631,0.8682,479.7217,62.00
NA,NA,-1,Unknown,Unknown,Unknown,Unknown,26.19,26.19,-0.2608,0.8681,483.0469,61.98
NA,NA,-1,Unknown,Unknown,Unknown,Unknown,26.30,26.30,-0.2588,0.8680,485.8174,61.97
NA,NA,-1,Unknown,Unknown,Unknown,Unknown,26.40,26.40,-0.2567,0.8680,488.5873,61.96
NA,NA,-1,Unknown,Unknown,Unknown,Unknown,26.51,26.51,-0.2541,0.8680,491.9103,61.94
NA,NA,-1,Unknown,Unknown,Unknown,Unknown,26.61,26.61,-0.2520,0.8680,494.6790,61.93
NA,NA,-1,Unknown,Unknown,Unknown,Unknown,26.71,26.71,-0.2498,0.8681,497.4500,62.01
NA,NA,-1,Unknown,Unknown,Unknown,Unknown,26.82,26.82,-0.2476,0.8686,500.2307,62.26
NA,NA,-1,Unknown,Unknown,Unknown,Unknown,26.92,26.92,-0.2453,0.8696,503.0296,62.71
NA,NA,-1,Unknown,Unknown,Unknown,Unknown,27.02,27.02,-0.2431,0.8732,505.8488,63.22
NA,NA,-1,Unknown,Unknown,Unknown,Unknown,27.12,27.12,-0.2403,0.8764,509.2588,63.83
NA,NA,-1,Unknown,Unknown,Unknown,Unknown,27.23,27.23,-0.2379,0.8743,512.1222,64.12
NA,NA,-1,Unknown,Unknown,Unknown,Unknown,27.34,27.34,-0.2355,0.8716,514.9909,64.23
NA,NA,-1,Unknown,Unknown,Unknown,Unknown,27.45,27.45,-0.2328,0.8689,518.4344,64.26
NA,NA,-1,Unknown,Unknown,Unknown,Unknown,27.56,27.56,-0.2305,0.8677,521.3047,64.25
NA,NA,-1,Unknown,Unknown,Unknown,Unknown,27.67,27.67,-0.2277,0.8673,524.7498,64.23
NA,NA,-1,Unknown,Unknown,Unknown,Unknown,27.77,27.77,-0.2255,0.8674,527.6207,64.22
NA,NA,-1,Unknown,Unknown,Unknown,Unknown,27.88,27.88,-0.2229,0.8678,531.0651,64.20
NA,NA,-1,Unknown,Unknown,Unknown,Unknown,27.99,27.99,-0.2207,0.8680,533.9346,64.18
NA,NA,-1,Unknown,Unknown,Unknown,Unknown,28.10,28.10,-0.2180,0.8681,537.3770,64.16
NA,NA,-1,Unknown,Unknown,Unknown,Unknown,28.21,28.21,-0.2159,0.8681,540.2451,64.15
NA,NA,-1,Unknown,Unknown,Unknown,Unknown,28.32,28.32,-0.2133,0.8681,543.6858,64.13
NA,NA,-1,Unknown,Unknown,Unknown,Unknown,28.43,28.43,-0.2111,0.8680,546.5523,64.12
NA,NA,-1,Unknown,Unknown,Unknown,Unknown,28.53,28.53,-0.2090,0.8680,549.4182,64.10
NA,NA,-1,Unknown,Unknown,Unknown,Unknown,28.63,28.63,-0.2069,0.8680,552.2835,64.09
NA,NA,-1,Unknown,Unknown,Unknown,Unknown,28.74,28.74,-0.2048,0.8680,555.1481,64.07
NA,NA,-1,Unknown,Unknown,Unknown,Unknown,28.84,28.84,-0.2022,0.8680,558.5848,64.06
NA,NA,-1,Unknown,Unknown,Unknown,Unknown,28.95,28.95,-0.2001,0.8680,561.4481,64.04
NA,NA,-1,Unknown,Unknown,Unknown,Unknown,29.05,29.05,-0.1980,0.8680,564.3107,64.03
NA,NA,-1,Unknown,Unknown,Unknown,Unknown,29.16,29.16,-0.1959,0.8680,567.1726,64.01
NA,NA,-1,Unknown,Unknown,Unknown,Unknown,29.26,29.26,-0.1934,0.8680,570.6061,64.00
NA,NA,-1,Unknown,Unknown,Unknown,Unknown,29.37,29.37,-0.1913,0.8680,573.4666,63.98
NA,NA,-1,Unknown,Unknown,Unknown,Unknown,29.47,29.47,-0.1891,0.8680,576.3265,63.97
NA,NA,-1,Unknown,Unknown,Unknown,Unknown,29.58,29.58,-0.1870,0.8680,579.1857,63.95
NA,NA,-1,Unknown,Unknown,Unknown,Unknown,29.68,29.68,-0.1845,0.8680,582.6160,63.94
NA,NA,-1,Unknown,Unknown,Unknown,Unknown,29.79,29.79,-0.1824,0.8680,585.4738,63.92
NA,NA,-1,Unknown,Unknown,Unknown,Unknown,29.89,29.89,-0.1803,0.8680,588.3310,63.91
NA,NA,-1,Unknown,Unknown,Unknown,Unknown,30.00,30.00,-0.1782,0.8680,591.1875,63.89
NA,NA,-1,Unknown,Unknown,Unknown,Unknown,30.11,30.11,-0.1757,0.8680,594.6145,63.88
NA,NA,-1,Unknown,Unknown,Unknown,Unknown,30.21,30.21,-0.1736,0.8680,597.4697,63.86
NA,NA,-1,Unknown,Unknown,Unknown,Unknown,30.33,30.33,-0.1710,0.8680,600.8950,63.84
NA,NA,-1,Unknown,Unknown,Unknown,Unknown,30.44,30.44,-0.1689,0.8680,603.7487,63.83
NA,NA,-1,Unknown,Unknown,Unknown,Unknown,30.54,30.54,-0.1664,0.8680,607.1723,63.81
NA,NA,-1,Unknown,Unknown,Unknown,Unknown,30.65,30.65,-0.1643,0.8680,610.0246,63.80
NA,NA,-1,Unknown,Unknown,Unknown,Unknown,30.75,30.75,-0.1621,0.8680,612.8762,63.78
NA,NA,-1,Unknown,Unknown,Unknown,Unknown,30.86,30.86,-0.1600,0.8680,615.7272,63.77
NA,NA,-1,Unknown,Unknown,Unknown,Unknown,30.97,30.97,-0.1575,0.8680,619.1476,63.75
NA,NA,-1,Unknown,Unknown,Unknown,Unknown,31.07,31.07,-0.1554,0.8680,621.9973,63.74
NA,NA,-1,Unknown,Unknown,Unknown,Unknown,31.18,31.18,-0.1528,0.8680,625.4160,63.72
NA,NA,-1,Unknown,Unknown,Unknown,Unknown,31.29,31.29,-0.1507,0.8680,628.2642,63.71
NA,NA,-1,Unknown,Unknown,Unknown,Unknown,31.40,31.40,-0.1486,0.8680,631.1117,63.69
NA,NA,-1,Unknown,Unknown,Unknown,Unknown,31.51,31.51,-0.1460,0.8680,634.5280,63.68
NA,NA,-1,Unknown,Unknown,Unknown,Unknown,31.61,31.61,-0.1439,0.8680,637.3741,63.66
NA,NA,-1,Unknown,Unknown,Unknown,Unknown,31.73,31.73,-0.1413,0.8680,640.7886,63.64
NA,NA,-1,Unknown,Unknown,Unknown,Unknown,31.84,31.84,-0.1388,0.8680,644.2023,63.63
NA,NA,-1,Unknown,Unknown,Unknown,Unknown,31.95,31.95,-0.1367,0.8680,647.0463,63.61
NA,NA,-1,Unknown,Unknown,Unknown,Unknown,32.06,32.06,-0.1345,0.8680,649.8896,63.60
NA,NA,-1,Unknown,Unknown,Unknown,Unknown,32.16,32.16,-0.1320,0.8680,653.3008,63.58
NA,NA,-1,Unknown,Unknown,Unknown,Unknown,32.27,32.27,-0.1298,0.8680,656.1427,63.57
NA,NA,-1,Unknown,Unknown,Unknown,Unknown,32.38,32.38,-0.1273,0.8680,659.5522,63.55
NA,NA,-1,Unknown,Unknown,Unknown,Unknown,32.49,32.49,-0.1251,0.8680,662.3927,63.54
NA,NA,-1,Unknown,Unknown,Unknown,Unknown,32.60,32.60,-0.1230,0.8680,665.2326,63.52
NA,NA,-1,Unknown,Unknown,Unknown,Unknown,32.70,32.70,-0.1204,0.8680,668.6396,63.50
NA,NA,-1,Unknown,Unknown,Unknown,Unknown,32.81,32.81,-0.1183,0.8680,671.4781,63.49
NA,NA,-1,Unknown,Unknown,Unknown,Unknown,32.92,32.92,-0.1136,0.8680,674.8835,63.47
NA,NA,-1,Unknown,Unknown,Unknown,Unknown,33.03,33.03,-0.0931,0.8680,677.7200,63.45
NA,NA,-1,Unknown,Unknown,Unknown,Unknown,33.13,33.13,-0.0767,0.8679,680.5558,63.43
NA,NA,-1,Unknown,Unknown,Unknown,Unknown,33.24,33.24,-0.0467,0.8679,683.9578,63.41
NA,NA,-1,Unknown,Unknown,Unknown,Unknown,33.34,33.34,-0.0006,0.8670,686.7917,63.38
NA,NA,-1,Unknown,Unknown,Unknown,Unknown,33.45,33.45,0.0504,0.8674,689.6238,63.36
NA,NA,-1,Unknown,Unknown,Unknown,Unknown,33.55,33.55,0.1089,0.8645,692.4553,63.35
NA,NA,-1,Unknown,Unknown,Unknown,Unknown,33.66,33.66,0.1567,0.8634,695.2854,63.30
NA,NA,-1,Unknown,Unknown,Unknown,Unknown,33.76,33.76,0.2082,0.8655,698.6794,63.27
NA,NA,-1,Unknown,Unknown,Unknown,Unknown,33.87,33.87,0.2560,0.8673,701.5073,63.26
NA,NA,-1,Unknown,Unknown,Unknown,Unknown,33.98,33.98,0.2916,0.8683,704.3347,63.24
NA,NA,-1,Unknown,Unknown,Unknown,Unknown,34.08,34.08,0.3168,0.8679,707.7267,63.22
NA,NA,-1,Unknown,Unknown,Unknown,Unknown,34.19,34.19,0.3253,0.8667,710.5518,63.19
NA,NA,-1,Unknown,Unknown,Unknown,Unknown,34.30,34.30,0.3235,0.8656,713.3763,63.17
NA,NA,-1,Unknown,Unknown,Unknown,Unknown,34.40,34.40,0.3058,0.8638,716.1993,63.15
NA,NA,-1,Unknown,Unknown,Unknown,Unknown,34.50,34.50,0.2756,0.8663,719.0220,63.13
NA,NA,-1,Unknown,Unknown,Unknown,Unknown,34.61,34.61,0.2292,0.8679,722.4076,63.11
NA,NA,-1,Unknown,Unknown,Unknown,Unknown,34.71,34.71,0.1856,0.8684,725.2280,63.10
NA,NA,-1,Unknown,Unknown,Unknown,Unknown,34.81,34.81,0.1407,0.8684,728.0479,63.08
NA,NA,-1,Unknown,Unknown,Unknown,Unknown,34.91,34.91,0.0900,0.8682,730.8669,63.07
NA,NA,-1,Unknown,Unknown,Unknown,Unknown,35.01,35.01,0.0381,0.8681,733.6852,63.05
NA,NA,-1,Unknown,Unknown,Unknown,Unknown,35.12,35.12,-0.0135,0.8680,736.5030,63.04
NA,NA,-1,Unknown,Unknown,Unknown,Unknown,35.22,35.22,-0.0668,0.8680,739.8834,63.02
NA,NA,-1,Unknown,Unknown,Unknown,Unknown,35.32,35.32,-0.1116,0.8680,742.6997,63.00
NA,NA,-1,Unknown,Unknown,Unknown,Unknown,35.42,35.42,-0.1520,0.8680,745.5154,62.99
NA,NA,-1,Unknown,Unknown,Unknown,Unknown,35.53,35.53,-0.1787,0.8680,748.3303,62.96
NA,NA,-1,Unknown,Unknown,Unknown,Unknown,35.64,35.64,-0.1953,0.8679,751.1441,62.94
NA,NA,-1,Unknown,Unknown,Unknown,Unknown,35.74,35.74,-0.2071,0.8678,753.9574,62.93
NA,NA,-1,Unknown,Unknown,Unknown,Unknown,35.84,35.84,-0.2076,0.8678,756.7699,62.91
NA,NA,-1,Unknown,Unknown,Unknown,Unknown,35.94,35.94,-0.2003,0.8662,760.1447,62.89
NA,NA,-1,Unknown,Unknown,Unknown,Unknown,36.04,36.04,-0.1829,0.8668,762.9551,62.87
NA,NA,-1,Unknown,Unknown,Unknown,Unknown,36.15,36.15,-0.1566,0.8676,765.7648,62.85
NA,NA,-1,Unknown,Unknown,Unknown,Unknown,36.25,36.25,-0.1295,0.8680,768.5739,62.84
NA,NA,-1,Unknown,Unknown,Unknown,Unknown,36.35,36.35,-0.0971,0.8682,771.3824,62.82
NA,NA,-1,Unknown,Unknown,Unknown,Unknown,36.46,36.46,-0.0613,0.8682,774.1902,62.81
NA,NA,-1,Unknown,Unknown,Unknown,Unknown,36.56,36.56,-0.0242,0.8681,776.9973,62.79
NA,NA,-1,Unknown,Unknown,Unknown,Unknown,36.67,36.67,0.0209,0.8681,780.3651,62.78
NA,NA,-1,Unknown,Unknown,Unknown,Unknown,36.77,36.77,0.0492,0.8680,783.1706,62.76
NA,NA,-1,Unknown,Unknown,Unknown,Unknown,36.87,36.87,0.0791,0.8680,785.9755,62.74
NA,NA,-1,Unknown,Unknown,Unknown,Unknown,36.98,36.98,0.1053,0.8680,788.7798,62.73
NA,NA,-1,Unknown,Unknown,Unknown,Unknown,37.08,37.08,0.1262,0.8680,791.5836,62.71
NA,NA,-1,Unknown,Unknown,Unknown,Unknown,37.18,37.18,0.1537,0.8680,794.9471,62.69
NA,NA,-1,Unknown,Unknown,Unknown,Unknown,37.29,37.29,0.1756,0.8680,797.7490,62.68
NA,NA,-1,Unknown,Unknown,Unknown,Unknown,37.39,37.39,0.1931,0.8680,800.5505,62.66
NA,NA,-1,Unknown,Unknown,Unknown,Unknown,37.49,37.49,0.2116,0.8680,803.3513,62.65
NA,NA,-1,Unknown,Unknown,Unknown,Unknown,37.60,37.60,0.2280,0.8680,806.1513,62.63
NA,NA,-1,Unknown,Unknown,Unknown,Unknown,37.70,37.70,0.2384,0.8680,808.9506,62.61
NA,NA,-1,Unknown,Unknown,Unknown,Unknown,37.80,37.80,0.2557,0.8680,812.3090,62.60
NA,NA,-1,Unknown,Unknown,Unknown,Unknown,37.90,37.90,0.2680,0.8680,815.1069,62.58
NA,NA,-1,Unknown,Unknown,Unknown,Unknown,38.01,38.01,0.2784,0.8680,817.9042,62.57
NA,NA,-1,Unknown,Unknown,Unknown,Unknown,38.11,38.11,0.2870,0.8680,820.7009,62.55
NA,NA,-1,Unknown,Unknown,Unknown,Unknown,38.22,38.22,0.2970,0.8680,823.4969,62.54
NA,NA,-1,Unknown,Unknown,Unknown,Unknown,38.32,38.32,0.3052,0.8680,826.8513,62.52
NA,NA,-1,Unknown,Unknown,Unknown,Unknown,38.42,38.42,0.3110,0.8680,829.6459,62.51
NA,NA,-1,Unknown,Unknown,Unknown,Unknown,38.53,38.53,0.3163,0.8680,832.4399,62.49
NA,NA,-1,Unknown,Unknown,Unknown,Unknown,38.63,38.63,0.3305,0.8680,835.2331,62.48
NA,NA,-1,Unknown,Unknown,Unknown,Unknown,38.74,38.74,0.3411,0.8680,838.0256,62.46
NA,NA,-1,Unknown,Unknown,Unknown,Unknown,38.84,38.84,0.3542,0.8680,840.8175,62.45
NA,NA,-1,Unknown,Unknown,Unknown,Unknown,38.95,38.95,0.3746,0.8680,844.1668,62.43
NA,NA,-1,Unknown,Unknown,Unknown,Unknown,39.05,39.05,0.3955,0.8680,846.9573,62.42
NA,NA,-1,Unknown,Unknown,Unknown,Unknown,39.16,39.16,0.4199,0.8680,849.7470,62.40
NA,NA,-1,Unknown,Unknown,Unknown,Unknown,39.26,39.26,0.4429,0.8680,852.5361,62.38
NA,NA,-1,Unknown,Unknown,Unknown,Unknown,39.36,39.36,0.4676,0.8680,855.8819,62.37
NA,NA,-1,Unknown,Unknown,Unknown,Unknown,39.47,39.47,0.4920,0.8680,858.6694,62.35
NA,NA,-1,Unknown,Unknown,Unknown,Unknown,39.57,39.57,0.5145,0.8680,861.4563,62.34
NA,NA,-1,Unknown,Unknown,Unknown,Unknown,39.68,39.68,0.5347,0.8680,864.2426,62.32
NA,NA,-1,Unknown,Unknown,Unknown,Unknown,39.78,39.78,0.5555,0.8680,867.5853,62.31
NA,NA,-1,Unknown,Unknown,Unknown,Unknown,39.89,39.89,0.5698,0.8680,870.3702,62.29
NA,NA,-1,Unknown,Unknown,Unknown,Unknown,39.99,39.99,0.5810,0.8680,873.1544,62.28
NA,NA,-1,Unknown,Unknown,Unknown,Unknown,40.09,40.09,0.5891,0.8680,875.9380,62.26
NA,NA,-1,Unknown,Unknown,Unknown,Unknown,40.20,40.20,0.5942,0.8680,878.7209,62.25
NA,NA,-1,Unknown,Unknown,Unknown,Unknown,40.30,40.30,0.5964,0.8680,882.0597,62.23
NA,NA,-1,Unknown,Unknown,Unknown,Unknown,40.41,40.41,0.5953,0.8680,884.8413,62.22
NA,NA,-1,Unknown,Unknown,Unknown,Unknown,40.51,40.51,0.5917,0.8680,887.6223,62.20
NA,NA,-1,Unknown,Unknown,Unknown,Unknown,40.62,40.62,0.5906,0.8680,890.9584,62.18
NA,NA,-1,Unknown,Unknown,Unknown,Unknown,40.72,40.72,0.5864,0.8680,893.7379,62.17
NA,NA,-1,Unknown,Unknown,Unknown,Unknown,40.83,40.83,0.5823,0.8680,896.5168,62.16
NA,NA,-1,Unknown,Unknown,Unknown,Unknown,40.93,40.93,0.5789,0.8680,899.2951,62.14
NA,NA,-1,Unknown,Unknown,Unknown,Unknown,41.04,41.04,0.5761,0.8680,902.0727,62.13
NA,NA,-1,Unknown,Unknown,Unknown,Unknown,41.14,41.14,0.5744,0.8680,904.8497,62.11
NA,NA,-1,Unknown,Unknown,Unknown,Unknown,41.24,41.24,0.5737,0.8680,908.1812,62.10
NA,NA,-1,Unknown,Unknown,Unknown,Unknown,41.35,41.35,0.5745,0.8680,910.9568,62.08
NA,NA,-1,Unknown,Unknown,Unknown,Unknown,41.45,41.45,0.5764,0.8680,913.7318,62.07
NA,NA,-1,Unknown,Unknown,Unknown,Unknown,41.55,41.55,0.5796,0.8680,916.5061,62.06
NA,NA,-1,Unknown,Unknown,Unknown,Unknown,41.66,41.66,0.5838,0.8680,919.2798,62.04
NA,NA,-1,Unknown,Unknown,Unknown,Unknown,41.76,41.76,0.5891,0.8680,922.0529,62.03
NA,NA,-1,Unknown,Unknown,Unknown,Unknown,41.86,41.86,0.5967,0.8680,925.3798,62.01
NA,NA,-1,Unknown,Unknown,Unknown,Unknown,41.97,41.97,0.6039,0.8680,928.1516,62.00
NA,NA,-1,Unknown,Unknown,Unknown,Unknown,42.07,42.07,0.6118,0.8680,930.9226,61.98
NA,NA,-1,Unknown,Unknown,Unknown,Unknown,42.18,42.18,0.6203,0.8680,933.6931,61.97
NA,NA,-1,Unknown,Unknown,Unknown,Unknown,42.28,42.28,0.6313,0.8680,937.0168,61.95
NA,NA,-1,Unknown,Unknown,Unknown,Unknown,42.39,42.39,0.6409,0.8680,939.7859,61.94
NA,NA,-1,Unknown,Unknown,Unknown,Unknown,42.49,42.49,0.6509,0.8680,942.5544,61.92
NA,NA,-1,Unknown,Unknown,Unknown,Unknown,42.60,42.60,0.6611,0.8680,945.3222,61.91
NA,NA,-1,Unknown,Unknown,Unknown,Unknown,42.70,42.70,0.6717,0.8680,948.0894,61.90
NA,NA,-1,Unknown,Unknown,Unknown,Unknown,42.81,42.81,0.6846,0.8680,951.4092,61.88
NA,NA,-1,Unknown,Unknown,Unknown,Unknown,42.92,42.92,0.6978,0.8680,954.7282,61.86
NA,NA,-1,Unknown,Unknown,Unknown,Unknown,43.03,43.03,0.7089,0.8680,957.4934,61.85
NA,NA,-1,Unknown,Unknown,Unknown,Unknown,43.13,43.13,0.7201,0.8680,960.2579,61.83
NA,NA,-1,Unknown,Unknown,Unknown,Unknown,43.24,43.24,0.7314,0.8680,963.0217,61.82
NA,NA,-1,Unknown,Unknown,Unknown,Unknown,43.35,43.35,0.7451,0.8680,966.3375,61.80
NA,NA,-1,Unknown,Unknown,Unknown,Unknown,43.45,43.45,0.7566,0.8680,969.1000,61.79
NA,NA,-1,Unknown,Unknown,Unknown,Unknown,43.56,43.56,0.7681,0.8680,971.8619,61.78
NA,NA,-1,Unknown,Unknown,Unknown,Unknown,43.66,43.66,0.7819,0.8680,975.1754,61.76
NA,NA,-1,Unknown,Unknown,Unknown,Unknown,43.77,43.77,0.7935,0.8680,977.9359,61.75
NA,NA,-1,Unknown,Unknown,Unknown,Unknown,43.88,43.88,0.8051,0.8680,980.6957,61.73
NA,NA,-1,Unknown,Unknown,Unknown,Unknown,43.98,43.98,0.8191,0.8680,984.0068,61.72
NA,NA,-1,Unknown,Unknown,Unknown,Unknown,44.09,44.09,0.8307,0.8680,986.7653,61.70
NA,NA,-1,Unknown,Unknown,Unknown,Unknown,44.19,44.19,0.8424,0.8680,989.5233,61.69
NA,NA,-1,Unknown,Unknown,Unknown,Unknown,44.30,44.30,0.8541,0.8680,992.2805,61.67
NA,NA,-1,Unknown,Unknown,Unknown,Unknown,44.40,44.40,0.8681,0.8680,995.5884,61.66
NA,NA,-1,Unknown,Unknown,Unknown,Unknown,44.51,44.51,0.8797,0.8680,998.3444,61.64
NA,NA,-1,Unknown,Unknown,Unknown,Unknown,44.61,44.61,0.8914,0.8680,1001.1000,61.63
NA,NA,-1,Unknown,Unknown,Unknown,Unknown,44.72,44.72,0.9055,0.8680,1004.4050,61.61
NA,NA,-1,Unknown,Unknown,Unknown,Unknown,44.83,44.83,0.9171,0.8680,1007.1590,61.60
NA,NA,-1,Unknown,Unknown,Unknown,Unknown,44.93,44.93,0.9288,0.8680,1009.9120,61.59
NA,NA,-1,Unknown,Unknown,Unknown,Unknown,45.03,45.03,0.9405,0.8680,1012.6650,61.57
NA,NA,-1,Unknown,Unknown,Unknown,Unknown,45.14,45.14,0.9522,0.8680,1015.4170,61.56
NA,NA,-1,Unknown,Unknown,Unknown,Unknown,45.24,45.24,0.9663,0.8680,1018.7190,61.54
NA,NA,-1,Unknown,Unknown,Unknown,Unknown,45.35,45.35,0.9780,0.8680,1021.4700,61.53
NA,NA,-1,Unknown,Unknown,Unknown,Unknown,45.45,45.45,0.9897,0.8680,1024.2200,61.51
NA,NA,-1,Unknown,Unknown,Unknown,Unknown,45.56,45.56,1.0014,0.8680,1026.9690,61.50
NA,NA,-1,Unknown,Unknown,Unknown,Unknown,45.66,45.66,1.0130,0.8680,1029.7180,61.49
NA,NA,-1,Unknown,Unknown,Unknown,Unknown,45.76,45.76,1.0271,0.8680,1033.0160,61.47
NA,NA,-1,Unknown,Unknown,Unknown,Unknown,45.87,45.87,1.0388,0.8680,1035.7640,61.46
NA,NA,-1,Unknown,Unknown,Unknown,Unknown,45.97,45.97,1.0505,0.8680,1038.5100,61.44
NA,NA,-1,Unknown,Unknown,Unknown,Unknown,46.08,46.08,1.0622,0.8680,1041.2570,61.43
NA,NA,-1,Unknown,Unknown,Unknown,Unknown,46.18,46.18,1.0762,0.8680,1044.5510,61.41
NA,NA,-1,Unknown,Unknown,Unknown,Unknown,46.29,46.29,1.0879,0.8680,1047.2960,61.40
NA,NA,-1,Unknown,Unknown,Unknown,Unknown,46.39,46.39,1.0996,0.8680,1050.0410,61.38
NA,NA,-1,Unknown,Unknown,Unknown,Unknown,46.50,46.50,1.1113,0.8680,1052.7840,61.37
NA,NA,-1,Unknown,Unknown,Unknown,Unknown,46.60,46.60,1.1253,0.8680,1056.0760,61.35
NA,NA,-1,Unknown,Unknown,Unknown,Unknown,46.71,46.71,1.1370,0.8680,1058.8180,61.34
NA,NA,-1,Unknown,Unknown,Unknown,Unknown,46.81,46.81,1.1487,0.8680,1061.5600,61.33
NA,NA,-1,Unknown,Unknown,Unknown,Unknown,46.91,46.91,1.1604,0.8680,1064.3010,61.31
NA,NA,-1,Unknown,Unknown,Unknown,Unknown,47.02,47.02,1.1720,0.8680,1067.0410,61.30
NA,NA,-1,Unknown,Unknown,Unknown,Unknown,47.12,47.12,1.1861,0.8680,1070.3290,61.28
NA,NA,-1,Unknown,Unknown,Unknown,Unknown,47.23,47.23,1.1977,0.8680,1073.0680,61.27
NA,NA,-1,Unknown,Unknown,Unknown,Unknown,47.33,47.33,1.2094,0.8680,1075.8070,61.25
NA,NA,-1,Unknown,Unknown,Unknown,Unknown,47.44,47.44,1.2211,0.8680,1078.5450,61.24
NA,NA,-1,Unknown,Unknown,Unknown,Unknown,47.54,47.54,1.2351,0.8680,1081.8290,61.22
NA,NA,-1,Unknown,Unknown,Unknown,Unknown,0.35,0.35,0.0022,0.8588,-0.0074,0.35
NA,NA,-1,Unknown,Unknown,Unknown,Unknown,0.46,0.46,0.0034,0.8693,-0.0089,0.18
NA,NA,-1,Unknown,Unknown,Unknown,Unknown,0.56,0.56,0.0039,0.8733,-0.0079,0.08
NA,NA,-1,Unknown,Unknown,Unknown,Unknown,0.66,0.66,0.0036,0.8723,-0.0054,0.10
NA,NA,-1,Unknown,Unknown,Unknown,Unknown,0.77,0.77,0.0029,0.8699,-0.0034,0.10
NA,NA,-1,Unknown,Unknown,Unknown,Unknown,0.87,0.87,0.0022,0.8677,-0.0019,0.07
NA,NA,-1,Unknown,Unknown,Unknown,Unknown,0.98,0.98,0.0015,0.8666,-0.0013,0.03
NA,NA,-1,Unknown,Unknown,Unknown,Unknown,1.08,1.08,0.0009,0.8663,-0.0013,0.02
NA,NA,-1,Unknown,Unknown,Unknown,Unknown,1.19,1.19,0.0006,0.8667,-0.0016,0.02
NA,NA,-1,Unknown,Unknown,Unknown,Unknown,1.29,1.29,0.0005,0.8671,-0.0020,0.02
NA,NA,-1,Unknown,Unknown,Unknown,Unknown,1.40,1.40,0.0005,0.8674,-0.0024,0.01
NA,NA,-1,Unknown,Unknown,Unknown,Unknown,1.50,1.50,0.0007,0.8676,-0.0026,0.01
NA,NA,-1,Unknown,Unknown,Unknown,Unknown,1.60,1.60,0.0009,0.8676,-0.0027,0.01
NA,NA,-1,Unknown,Unknown,Unknown,Unknown,1.70,1.70,0.0011,0.8675,-0.0026,0.01
NA,NA,-1,Unknown,Unknown,Unknown,Unknown,1.81,1.81,0.0012,0.8675,-0.0025,0.01
NA,NA,-1,Unknown,Unknown,Unknown,Unknown,1.92,1.92,0.0013,0.8674,-0.0025,0.00
NA,NA,-1,Unknown,Unknown,Unknown,Unknown,2.02,2.02,0.0013,0.8674,-0.0024,0.00
NA,NA,-1,Unknown,Unknown,Unknown,Unknown,2.14,2.14,0.0013,0.8674,-0.0024,0.00
NA,NA,-1,Unknown,Unknown,Unknown,Unknown,2.25,2.25,0.0012,0.8674,-0.0024,0.00
NA,NA,-1,Unknown,Unknown,Unknown,Unknown,2.35,2.35,0.0012,0.8674,-0.0024,0.00
NA,NA,-1,Unknown,Unknown,Unknown,Unknown,2.45,2.45,0.0012,0.8674,-0.0024,0.00
NA,NA,-1,Unknown,Unknown,Unknown,Unknown,2.56,2.56,0.0011,0.8674,-0.0024,0.00
NA,NA,-1,Unknown,Unknown,Unknown,Unknown,2.67,2.67,0.0011,0.8674,-0.0024,0.00
NA,NA,-1,Unknown,Unknown,Unknown,Unknown,2.77,2.77,0.0011,0.8674,-0.0024,0.00
NA,NA,-1,Unknown,Unknown,Unknown,Unknown,2.88,2.88,0.0011,0.8674,-0.0024,0.00
NA,NA,-1,Unknown,Unknown,Unknown,Unknown,2.98,2.98,0.0011,0.8674,-0.0024,0.00
NA,NA,-1,Unknown,Unknown,Unknown,Unknown,3.09,3.09,0.0011,0.8674,-0.0024,0.00
NA,NA,-1,Unknown,Unknown,Unknown,Unknown,3.19,3.19,0.0012,0.8674,-0.0024,0.00
NA,NA,-1,Unknown,Unknown,Unknown,Unknown,3.29,3.29,0.0012,0.8674,-0.0024,0.00
NA,NA,-1,Unknown,Unknown,Unknown,Unknown,3.40,3.40,0.0012,0.8674,-0.0024,0.00
NA,NA,-1,Unknown,Unknown,Unknown,Unknown,3.50,3.50,0.0012,0.8674,-0.0024,0.00
NA,NA,-1,Unknown,Unknown,Unknown,Unknown,3.60,3.60,0.0012,0.8674,-0.0024,0.00
NA,NA,-1,Unknown,Unknown,Unknown,Unknown,3.70,3.70,0.0012,0.8674,-0.0024,0.00
NA,NA,-1,Unknown,Unknown,Unknown,Unknown,3.80,3.80,0.0012,0.8674,-0.0024,0.00
NA,NA,-1,Unknown,Unknown,Unknown,Unknown,3.91,3.91,0.0011,0.8674,-0.0024,0.00
NA,NA,-1,Unknown,Unknown,Unknown,Unknown,4.01,4.01,0.0011,0.8674,-0.0024,0.00
NA,NA,-1,Unknown,Unknown,Unknown,Unknown,4.11,4.11,0.0011,0.8674,-0.0024,0.00
NA,NA,-1,Unknown,Unknown,Unknown,Unknown,4.22,4.22,0.0011,0.8674,-0.0024,0.00
NA,NA,-1,Unknown,Unknown,Unknown,Unknown,4.32,4.32,0.0011,0.8674,-0.0024,0.00
NA,NA,-1,Unknown,Unknown,Unknown,Unknown,4.42,4.42,0.0011,0.8674,-0.0024,0.00
NA,NA,-1,Unknown,Unknown,Unknown,Unknown,4.52,4.52,0.0011,0.8674,-0.0024,0.00
NA,NA,-1,Unknown,Unknown,Unknown,Unknown,4.63,4.63,0.0012,0.8674,-0.0024,0.00
NA,NA,-1,Unknown,Unknown,Unknown,Unknown,4.73,4.73,0.0012,0.8674,-0.0029,0.04
NA,NA,-1,Unknown,Unknown,Unknown,Unknown,4.84,4.84,0.0012,0.8675,0.0017,0.13
NA,NA,-1,Unknown,Unknown,Unknown,Unknown,4.94,4.94,0.0011,0.8682,0.0209,0.51
NA,NA,-1,Unknown,Unknown,Unknown,Unknown,5.04,5.04,0.0011,0.8697,0.0744,1.20
NA,NA,-1,Unknown,Unknown,Unknown,Unknown,5.15,5.15,0.0012,0.8700,0.1457,1.88
NA,NA,-1,Unknown,Unknown,Unknown,Unknown,5.25,5.25,0.0013,0.8698,0.2474,2.54
NA,NA,-1,Unknown,Unknown,Unknown,Unknown,5.35,5.35,0.0014,0.8700,0.3788,3.21
NA,NA,-1,Unknown,Unknown,Unknown,Unknown,5.46,5.46,0.0014,0.8700,0.5403,3.88
NA,NA,-1,Unknown,Unknown,Unknown,Unknown,5.56,5.56,0.0013,0.8701,0.7320,4.56
NA,NA,-1,Unknown,Unknown,Unknown,Unknown,5.66,5.66,0.0015,0.8702,1.0015,5.36
NA,NA,-1,Unknown,Unknown,Unknown,Unknown,5.77,5.77,0.0012,0.8968,1.2683,6.01
NA,NA,-1,Unknown,Unknown,Unknown,Unknown,5.87,5.87,0.0021,0.9201,1.5618,6.63
NA,NA,-1,Unknown,Unknown,Unknown,Unknown,5.98,5.98,0.0026,0.9057,1.8622,7.06
NA,NA,-1,Unknown,Unknown,Unknown,Unknown,6.08,6.08,0.0032,0.8481,2.2466,8.23
NA,NA,-1,Unknown,Unknown,Unknown,Unknown,6.18,6.18,0.0031,0.8446,2.6305,8.85
NA,NA,-1,Unknown,Unknown,Unknown,Unknown,6.28,6.28,0.0033,0.8576,3.0477,9.50
NA,NA,-1,Unknown,Unknown,Unknown,Unknown,6.39,6.39,0.0034,0.8709,3.4950,10.15
NA,NA,-1,Unknown,Unknown,Unknown,Unknown,6.49,6.49,0.0035,0.8697,3.9656,10.86
NA,NA,-1,Unknown,Unknown,Unknown,Unknown,6.60,6.60,0.0036,0.8714,4.4698,11.52
NA,NA,-1,Unknown,Unknown,Unknown,Unknown,6.70,6.70,0.0038,0.9032,4.9830,12.22
NA,NA,-1,Unknown,Unknown,Unknown,Unknown,6.80,6.80,0.0061,0.8848,5.6669,12.66
NA,NA,-1,Unknown,Unknown,Unknown,Unknown,6.91,6.91,0.0050,0.8676,6.2710,13.67
NA,NA,-1,Unknown,Unknown,Unknown,Unknown,7.01,7.01,0.0060,0.8711,6.9011,14.33
NA,NA,-1,Unknown,Unknown,Unknown,Unknown,7.12,7.12,0.0075,0.8684,7.5577,15.01
NA,NA,-1,Unknown,Unknown,Unknown,Unknown,7.22,7.22,0.0077,0.8711,8.2473,15.66
NA,NA,-1,Unknown,Unknown,Unknown,Unknown,7.32,7.32,0.0074,0.8713,9.1124,16.47
NA,NA,-1,Unknown,Unknown,Unknown,Unknown,7.43,7.43,0.0071,0.8700,9.8657,17.14
NA,NA,-1,Unknown,Unknown,Unknown,Unknown,7.53,7.53,0.0066,0.8702,10.6498,17.74
NA,NA,-1,Unknown,Unknown,Unknown,Unknown,7.63,7.63,0.0060,0.8713,11.4639,18.47
NA,NA,-1,Unknown,Unknown,Unknown,Unknown,7.73,7.73,0.0055,0.8705,12.3066,19.15
NA,NA,-1,Unknown,Unknown,Unknown,Unknown,7.84,7.84,0.0050,0.8691,13.1803,19.81
NA,NA,-1,Unknown,Unknown,Unknown,Unknown,7.94,7.94,0.0044,0.8704,14.2672,20.54
NA,NA,-1,Unknown,Unknown,Unknown,Unknown,8.05,8.05,0.0039,0.8717,15.2064,21.27
NA,NA,-1,Unknown,Unknown,Unknown,Unknown,8.15,8.15,0.0033,0.8703,16.1743,21.94
NA,NA,-1,Unknown,Unknown,Unknown,Unknown,8.26,8.26,0.0028,0.8708,17.1727,22.56
NA,NA,-1,Unknown,Unknown,Unknown,Unknown,8.36,8.36,0.0022,0.8727,18.2011,23.27
NA,NA,-1,Unknown,Unknown,Unknown,Unknown,8.46,8.46,0.0020,0.8711,19.4737,24.07
NA,NA,-1,Unknown,Unknown,Unknown,Unknown,8.56,8.56,0.0015,0.8709,20.5666,24.73
NA,NA,-1,Unknown,Unknown,Unknown,Unknown,8.67,8.67,0.0014,0.8736,21.6906,25.40
NA,NA,-1,Unknown,Unknown,Unknown,Unknown,8.77,8.77,0.0013,0.8698,22.8440,26.07
NA,NA,-1,Unknown,Unknown,Unknown,Unknown,8.88,8.88,0.0011,0.8723,24.0248,26.71
NA,NA,-1,Unknown,Unknown,Unknown,Unknown,8.98,8.98,0.0007,0.8721,25.4838,27.52
NA,NA,-1,Unknown,Unknown,Unknown,Unknown,9.09,9.09,0.0006,0.8686,26.7321,28.19
NA,NA,-1,Unknown,Unknown,Unknown,Unknown,9.19,9.19,0.0009,0.8727,28.0099,28.85
NA,NA,-1,Unknown,Unknown,Unknown,Unknown,9.30,9.30,0.0013,0.8712,29.3165,29.52
NA,NA,-1,Unknown,Unknown,Unknown,Unknown,9.40,9.40,0.0018,0.8706,30.9243,30.32
NA,NA,-1,Unknown,Unknown,Unknown,Unknown,9.50,9.50,0.0023,0.8744,32.2975,30.98
NA,NA,-1,Unknown,Unknown,Unknown,Unknown,9.61,9.61,0.0028,0.8709,33.7000,31.65
NA,NA,-1,Unknown,Unknown,Unknown,Unknown,9.71,9.71,0.0034,0.8736,35.1311,32.31
NA,NA,-1,Unknown,Unknown,Unknown,Unknown,9.81,9.81,0.0038,0.8689,36.5934,32.98
NA,NA,-1,Unknown,Unknown,Unknown,Unknown,9.92,9.92,0.0043,0.8733,38.0828,33.56
NA,NA,-1,Unknown,Unknown,Unknown,Unknown,10.02,10.02,0.0048,0.8740,39.9122,34.43
NA,NA,-1,Unknown,Unknown,Unknown,Unknown,10.12,10.12,0.0052,0.8716,41.4681,35.09
NA,NA,-1,Unknown,Unknown,Unknown,Unknown,10.23,10.23,0.0056,0.8716,43.0528,35.75
NA,NA,-1,Unknown,Unknown,Unknown,Unknown,10.33,10.33,0.0068,0.8708,44.6709,36.38
NA,NA,-1,Unknown,Unknown,Unknown,Unknown,10.43,10.43,0.0066,0.8725,46.3144,37.08
NA,NA,-1,Unknown,Unknown,Unknown,Unknown,10.53,10.53,0.0070,0.8694,47.9900,37.74
NA,NA,-1,Unknown,Unknown,Unknown,Unknown,10.64,10.64,0.0072,0.8751,49.6940,38.40
NA,NA,-1,Unknown,Unknown,Unknown,Unknown,10.74,10.74,0.0076,0.8699,51.4288,39.07
NA,NA,-1,Unknown,Unknown,Unknown,Unknown,10.84,10.84,0.0080,0.8736,53.1888,39.70
NA,NA,-1,Unknown,Unknown,Unknown,Unknown,10.94,10.94,0.0088,0.8723,55.3453,40.45
NA,NA,-1,Unknown,Unknown,Unknown,Unknown,11.04,11.04,0.0097,0.8726,57.1739,41.18
NA,NA,-1,Unknown,Unknown,Unknown,Unknown,11.15,11.15,0.0107,0.8714,59.0311,41.82
NA,NA,-1,Unknown,Unknown,Unknown,Unknown,11.26,11.26,0.0116,0.8750,60.9197,42.49
NA,NA,-1,Unknown,Unknown,Unknown,Unknown,11.36,11.36,0.0127,0.8722,62.8360,43.16
NA,NA,-1,Unknown,Unknown,Unknown,Unknown,11.46,11.46,0.0138,0.8731,65.1741,43.94
NA,NA,-1,Unknown,Unknown,Unknown,Unknown,11.56,11.56,0.0148,0.8722,67.1565,44.54
NA,NA,-1,Unknown,Unknown,Unknown,Unknown,11.67,11.67,0.0157,0.8728,69.1678,45.27
NA,NA,-1,Unknown,Unknown,Unknown,Unknown,11.77,11.77,0.0170,0.8715,71.2085,45.92
NA,NA,-1,Unknown,Unknown,Unknown,Unknown,11.88,11.88,0.0179,0.8757,73.2797,46.58
NA,NA,-1,Unknown,Unknown,Unknown,Unknown,11.98,11.98,0.0190,0.8697,75.3807,47.25
NA,NA,-1,Unknown,Unknown,Unknown,Unknown,12.08,12.08,0.0201,0.8746,77.9354,48.02
NA,NA,-1,Unknown,Unknown,Unknown,Unknown,12.19,12.19,0.0212,0.8701,80.1030,48.64
NA,NA,-1,Unknown,Unknown,Unknown,Unknown,12.29,12.29,0.0222,0.8741,82.2948,49.36
NA,NA,-1,Unknown,Unknown,Unknown,Unknown,12.40,12.40,0.0232,0.8701,84.5199,50.01
NA,NA,-1,Unknown,Unknown,Unknown,Unknown,12.50,12.50,0.0242,0.8762,87.2246,50.73
NA,NA,-1,Unknown,Unknown,Unknown,Unknown,12.61,12.61,0.0252,0.8720,89.5155,51.47
NA,NA,-1,Unknown,Unknown,Unknown,Unknown,12.72,12.72,0.0261,0.8701,91.8294,52.11
NA,NA,-1,Unknown,Unknown,Unknown,Unknown,12.82,12.82,0.0273,0.8701,94.6543,52.92
NA,NA,-1,Unknown,Unknown,Unknown,Unknown,12.92,12.92,0.0272,0.8761,97.0314,53.55
NA,NA,-1,Unknown,Unknown,Unknown,Unknown,13.03,13.03,0.0274,0.8717,99.4450,54.19
NA,NA,-1,Unknown,Unknown,Unknown,Unknown,13.14,13.14,0.0276,0.8775,102.3770,55.01
NA,NA,-1,Unknown,Unknown,Unknown,Unknown,13.25,13.25,0.0279,0.8730,104.8537,55.67
NA,NA,-1,Unknown,Unknown,Unknown,Unknown,13.36,13.36,0.0281,0.8732,107.3575,56.31
NA,NA,-1,Unknown,Unknown,Unknown,Unknown,13.46,13.46,0.0284,0.8738,110.4044,57.05
NA,NA,-1,Unknown,Unknown,Unknown,Unknown,13.56,13.56,0.0288,0.8735,112.9752,57.77
NA,NA,-1,Unknown,Unknown,Unknown,Unknown,13.66,13.66,0.0290,0.8762,115.5715,58.39
NA,NA,-1,Unknown,Unknown,Unknown,Unknown,13.77,13.77,0.0294,0.8730,118.2008,58.95
NA,NA,-1,Unknown,Unknown,Unknown,Unknown,13.88,13.88,0.0299,0.8679,120.8431,59.31
NA,NA,-1,Unknown,Unknown,Unknown,Unknown,13.98,13.98,0.0302,0.8724,124.0276,59.49
NA,NA,-1,Unknown,Unknown,Unknown,Unknown,14.09,14.09,0.0305,0.8716,126.6863,59.51
NA,NA,-1,Unknown,Unknown,Unknown,Unknown,14.19,14.19,0.0308,0.8697,129.3456,59.50
NA,NA,-1,Unknown,Unknown,Unknown,Unknown,14.29,14.29,0.0310,0.8682,132.0047,59.49
NA,NA,-1,Unknown,Unknown,Unknown,Unknown,14.41,14.41,0.0313,0.8675,135.1953,59.47
NA,NA,-1,Unknown,Unknown,Unknown,Unknown,14.52,14.52,0.0316,0.8675,137.8536,59.46
NA,NA,-1,Unknown,Unknown,Unknown,Unknown,14.62,14.62,0.0319,0.8678,140.5113,59.44
NA,NA,-1,Unknown,Unknown,Unknown,Unknown,14.73,14.73,0.0322,0.8680,143.6997,59.43
NA,NA,-1,Unknown,Unknown,Unknown,Unknown,0.35,0.35,0.0022,0.8588,-0.0074,0.35
NA,NA,-1,Unknown,Unknown,Unknown,Unknown,0.35,0.35,0.0022,0.8588,-0.0074,0.35
NA,NA,-1,Unknown,Unknown,Unknown,Unknown,0.46,0.46,0.0034,0.8693,-0.0089,0.18
NA,NA,-1,Unknown,Unknown,Unknown,Unknown,0.56,0.56,0.0039,0.8733,-0.0079,0.08
NA,NA,-1,Unknown,Unknown,Unknown,Unknown,0.66,0.66,0.0036,0.8723,-0.0054,0.10
NA,NA,-1,Unknown,Unknown,Unknown,Unknown,0.76,0.76,0.0029,0.8699,-0.0034,0.10
NA,NA,-1,Unknown,Unknown,Unknown,Unknown,0.87,0.87,0.0022,0.8677,-0.0019,0.07
NA,NA,-1,Unknown,Unknown,Unknown,Unknown,0.98,0.98,0.0015,0.8666,-0.0013,0.03
NA,NA,-1,Unknown,Unknown,Unknown,Unknown,1.08,1.08,0.0009,0.8663,-0.0013,0.02
NA,NA,-1,Unknown,Unknown,Unknown,Unknown,1.19,1.19,0.0006,0.8667,-0.0016,0.02
NA,NA,-1,Unknown,Unknown,Unknown,Unknown,1.30,1.30,0.0005,0.8671,-0.0020,0.02
NA,NA,-1,Unknown,Unknown,Unknown,Unknown,1.40,1.40,0.0005,0.8674,-0.0024,0.01
NA,NA,-1,Unknown,Unknown,Unknown,Unknown,1.50,1.50,0.0007,0.8676,-0.0026,0.01
NA,NA,-1,Unknown,Unknown,Unknown,Unknown,1.61,1.61,0.0009,0.8676,-0.0027,0.01
NA,NA,-1,Unknown,Unknown,Unknown,Unknown,1.72,1.72,0.0011,0.8675,-0.0026,0.01
NA,NA,-1,Unknown,Unknown,Unknown,Unknown,1.82,1.82,0.0013,0.8676,0.0021,0.12
NA,NA,-1,Unknown,Unknown,Unknown,Unknown,1.92,1.92,0.0013,0.8681,0.0188,0.44
NA,NA,-1,Unknown,Unknown,Unknown,Unknown,2.03,2.03,0.0014,0.8691,0.0574,0.98
NA,NA,-1,Unknown,Unknown,Unknown,Unknown,2.14,2.14,0.0014,0.8700,0.1216,1.69
NA,NA,-1,Unknown,Unknown,Unknown,Unknown,2.24,2.24,0.0014,0.8702,0.2369,2.48
NA,NA,-1,Unknown,Unknown,Unknown,Unknown,2.35,2.35,0.0015,0.8697,0.3658,3.15
NA,NA,-1,Unknown,Unknown,Unknown,Unknown,2.46,2.46,0.0016,0.8698,0.5249,3.83
NA,NA,-1,Unknown,Unknown,Unknown,Unknown,2.56,2.56,0.0018,0.8700,0.7548,4.62
NA,NA,-1,Unknown,Unknown,Unknown,Unknown,2.67,2.67,0.0016,0.8701,0.9798,5.29
NA,NA,-1,Unknown,Unknown,Unknown,Unknown,2.77,2.77,0.0018,0.8969,1.2436,5.95
NA,NA,-1,Unknown,Unknown,Unknown,Unknown,2.88,2.88,0.0022,0.9210,1.5344,6.58
NA,NA,-1,Unknown,Unknown,Unknown,Unknown,2.98,2.98,0.0025,0.9085,1.8323,7.00
NA,NA,-1,Unknown,Unknown,Unknown,Unknown,3.08,3.08,0.0027,0.8551,2.1425,7.94
NA,NA,-1,Unknown,Unknown,Unknown,Unknown,3.18,3.18,0.0037,0.8455,2.5947,8.79
NA,NA,-1,Unknown,Unknown,Unknown,Unknown,3.28,3.28,0.0037,0.8586,3.0095,9.44
NA,NA,-1,Unknown,Unknown,Unknown,Unknown,3.39,3.39,0.0039,0.8713,3.4537,10.08
NA,NA,-1,Unknown,Unknown,Unknown,Unknown,3.49,3.49,0.0044,0.8698,3.9215,10.80
NA,NA,-1,Unknown,Unknown,Unknown,Unknown,3.59,3.59,0.0044,0.8702,4.4225,11.50
NA,NA,-1,Unknown,Unknown,Unknown,Unknown,3.70,3.70,0.0039,0.9028,4.9328,12.15
NA,NA,-1,Unknown,Unknown,Unknown,Unknown,3.80,3.80,0.0044,0.8947,5.6148,12.73
NA,NA,-1,Unknown,Unknown,Unknown,Unknown,3.90,3.90,0.0046,0.8673,6.2148,13.65
NA,NA,-1,Unknown,Unknown,Unknown,Unknown,4.00,4.00,0.0056,0.8693,6.8418,14.27
NA,NA,-1,Unknown,Unknown,Unknown,Unknown,4.11,4.11,0.0062,0.8709,7.4968,14.88
NA,NA,-1,Unknown,Unknown,Unknown,Unknown,4.21,4.21,0.0065,0.8704,8.1832,15.61
NA,NA,-1,Unknown,Unknown,Unknown,Unknown,4.32,4.32,0.0064,0.8700,8.8982,16.28
NA,NA,-1,Unknown,Unknown,Unknown,Unknown,4.42,4.42,0.0066,0.8701,9.6438,16.87
NA,NA,-1,Unknown,Unknown,Unknown,Unknown,4.52,4.52,0.0070,0.8715,10.5784,17.74
NA,NA,-1,Unknown,Unknown,Unknown,Unknown,4.63,4.63,0.0074,0.8708,11.3882,18.42
NA,NA,-1,Unknown,Unknown,Unknown,Unknown,4.73,4.73,0.0069,0.8696,12.2290,19.09
NA,NA,-1,Unknown,Unknown,Unknown,Unknown,4.83,4.83,0.0070,0.8708,13.0998,19.71
NA,NA,-1,Unknown,Unknown,Unknown,Unknown,4.94,4.94,0.0088,0.8716,14.1836,20.54
NA,NA,-1,Unknown,Unknown,Unknown,Unknown,5.05,5.05,0.0092,0.8694,15.1198,21.22
NA,NA,-1,Unknown,Unknown,Unknown,Unknown,5.15,5.15,0.0092,0.8708,16.0842,21.88
NA,NA,-1,Unknown,Unknown,Unknown,Unknown,5.26,5.26,0.0095,0.8726,17.0808,22.54
NA,NA,-1,Unknown,Unknown,Unknown,Unknown,5.36,5.36,0.0101,0.8695,18.1064,23.21
NA,NA,-1,Unknown,Unknown,Unknown,Unknown,5.46,5.46,0.0111,0.8707,19.3748,24.01
NA,NA,-1,Unknown,Unknown,Unknown,Unknown,5.56,5.56,0.0129,0.8731,20.4655,24.64
NA,NA,-1,Unknown,Unknown,Unknown,Unknown,5.67,5.67,0.0126,0.8700,21.5873,25.34
NA,NA,-1,Unknown,Unknown,Unknown,Unknown,5.78,5.78,0.0136,0.8715,22.7354,26.01
NA,NA,-1,Unknown,Unknown,Unknown,Unknown,5.88,5.88,0.0148,0.8718,24.1538,26.79
NA,NA,-1,Unknown,Unknown,Unknown,Unknown,5.98,5.98,0.0157,0.8708,25.3723,27.46
NA,NA,-1,Unknown,Unknown,Unknown,Unknown,6.09,6.09,0.0166,0.8722,26.6153,28.06
NA,NA,-1,Unknown,Unknown,Unknown,Unknown,6.20,6.20,0.0174,0.8720,27.8905,28.80
NA,NA,-1,Unknown,Unknown,Unknown,Unknown,6.30,6.30,0.0184,0.8700,29.4603,29.59
NA,NA,-1,Unknown,Unknown,Unknown,Unknown,6.41,6.41,0.0194,0.8731,30.7986,30.21
NA,NA,-1,Unknown,Unknown,Unknown,Unknown,6.51,6.51,0.0200,0.8705,32.1713,30.92
NA,NA,-1,Unknown,Unknown,Unknown,Unknown,6.62,6.62,0.0212,0.8706,33.5688,31.59
NA,NA,-1,Unknown,Unknown,Unknown,Unknown,6.72,6.72,0.0224,0.8729,34.9962,32.22
NA,NA,-1,Unknown,Unknown,Unknown,Unknown,6.82,6.82,0.0237,0.8703,36.7524,32.97
NA,NA,-1,Unknown,Unknown,Unknown,Unknown,6.93,6.93,0.0248,0.8729,38.2457,33.71
NA,NA,-1,Unknown,Unknown,Unknown,Unknown,7.03,7.03,0.0260,0.8697,39.7705,34.36
NA,NA,-1,Unknown,Unknown,Unknown,Unknown,7.14,7.14,0.0271,0.8715,41.3232,35.03
NA,NA,-1,Unknown,Unknown,Unknown,Unknown,7.24,7.24,0.0288,0.8717,43.2258,35.83
NA,NA,-1,Unknown,Unknown,Unknown,Unknown,7.34,7.34,0.0305,0.8726,44.8454,36.42
NA,NA,-1,Unknown,Unknown,Unknown,Unknown,7.45,7.45,0.0322,0.8736,46.4932,37.15
NA,NA,-1,Unknown,Unknown,Unknown,Unknown,7.56,7.56,0.0340,0.8720,48.1705,37.80
NA,NA,-1,Unknown,Unknown,Unknown,Unknown,7.66,7.66,0.0366,0.8715,50.2220,38.60
NA,NA,-1,Unknown,Unknown,Unknown,Unknown,7.77,7.77,0.0389,0.8717,51.9684,39.26
NA,NA,-1,Unknown,Unknown,Unknown,Unknown,7.87,7.87,0.0413,0.8733,53.7380,39.93
NA,NA,-1,Unknown,Unknown,Unknown,Unknown,7.97,7.97,0.0436,0.8698,55.5411,40.58
NA,NA,-1,Unknown,Unknown,Unknown,Unknown,8.08,8.08,0.0464,0.8747,57.7410,41.31
NA,NA,-1,Unknown,Unknown,Unknown,Unknown,8.19,8.19,0.0489,0.8708,59.6107,42.04
NA,NA,-1,Unknown,Unknown,Unknown,Unknown,8.29,8.29,0.0512,0.8754,61.5054,42.70
NA,NA,-1,Unknown,Unknown,Unknown,Unknown,8.40,8.40,0.0534,0.8695,63.4325,43.37
NA,NA,-1,Unknown,Unknown,Unknown,Unknown,8.50,8.50,0.0561,0.8736,65.7797,44.14
NA,NA,-1,Unknown,Unknown,Unknown,Unknown,8.60,8.60,0.0602,0.8713,67.7724,44.75
NA,NA,-1,Unknown,Unknown,Unknown,Unknown,8.70,8.70,0.0595,0.8684,69.7913,45.49
NA,NA,-1,Unknown,Unknown,Unknown,Unknown,8.82,8.82,0.0642,0.8723,71.8431,46.10
NA,NA,-1,Unknown,Unknown,Unknown,Unknown,8.92,8.92,0.0660,0.8681,74.3416,46.93
NA,NA,-1,Unknown,Unknown,Unknown,Unknown,9.03,9.03,0.0702,0.8730,76.4552,47.58
NA,NA,-1,Unknown,Unknown,Unknown,Unknown,9.13,9.13,0.0745,0.8701,78.6005,48.22
NA,NA,-1,Unknown,Unknown,Unknown,Unknown,9.23,9.23,0.0793,0.8764,80.7729,48.90
NA,NA,-1,Unknown,Unknown,Unknown,Unknown,9.34,9.34,0.0843,0.8720,82.9767,49.56
NA,NA,-1,Unknown,Unknown,Unknown,Unknown,9.44,9.44,0.0893,0.8735,85.2067,50.20
NA,NA,-1,Unknown,Unknown,Unknown,Unknown,9.54,9.54,0.0944,0.8736,87.4720,50.88
NA,NA,-1,Unknown,Unknown,Unknown,Unknown,9.64,9.64,0.0995,0.8738,89.7612,51.54
NA,NA,-1,Unknown,Unknown,Unknown,Unknown,9.74,9.74,0.1045,0.8744,92.0815,52.15
NA,NA,-1,Unknown,Unknown,Unknown,Unknown,9.84,9.84,0.1097,0.8730,94.4330,52.82
NA,NA,-1,Unknown,Unknown,Unknown,Unknown,9.94,9.94,0.1154,0.8739,97.2901,53.60
NA,NA,-1,Unknown,Unknown,Unknown,Unknown,10.04,10.04,0.1203,0.8736,99.7071,54.30
NA,NA,-1,Unknown,Unknown,Unknown,Unknown,10.15,10.15,0.1247,0.8753,102.1483,54.94
NA,NA,-1,Unknown,Unknown,Unknown,Unknown,10.25,10.25,0.1293,0.8702,104.6245,55.58
NA,NA,-1,Unknown,Unknown,Unknown,Unknown,10.35,10.35,0.1338,0.8764,107.1258,56.26
NA,NA,-1,Unknown,Unknown,Unknown,Unknown,10.46,10.46,0.1383,0.8727,109.6582,56.89
NA,NA,-1,Unknown,Unknown,Unknown,Unknown,10.57,10.57,0.1437,0.8777,112.7279,57.46
NA,NA,-1,Unknown,Unknown,Unknown,Unknown,10.68,10.68,0.1482,0.8794,115.3029,57.72
NA,NA,-1,Unknown,Unknown,Unknown,Unknown,10.78,10.78,0.1527,0.8754,117.8847,57.81
NA,NA,-1,Unknown,Unknown,Unknown,Unknown,10.88,10.88,0.1581,0.8700,120.9837,57.82
NA,NA,-1,Unknown,Unknown,Unknown,Unknown,10.99,10.99,0.1626,0.8675,123.5667,57.81
NA,NA,-1,Unknown,Unknown,Unknown,Unknown,11.10,11.10,0.1671,0.8667,126.1498,57.79
NA,NA,-1,Unknown,Unknown,Unknown,Unknown,11.20,11.20,0.1725,0.8670,129.2495,57.78
NA,NA,-1,Unknown,Unknown,Unknown,Unknown,11.30,11.30,0.1771,0.8676,131.8320,57.76
NA,NA,-1,Unknown,Unknown,Unknown,Unknown,11.40,11.40,0.1816,0.8680,134.4140,57.75
NA,NA,-1,Unknown,Unknown,Unknown,Unknown,11.51,11.51,0.1862,0.8682,136.9953,57.74
NA,NA,-1,Unknown,Unknown,Unknown,Unknown,11.61,11.61,0.1908,0.8682,139.5757,57.71
NA,NA,-1,Unknown,Unknown,Unknown,Unknown,11.72,11.72,0.1955,0.8680,142.1525,57.63
NA,NA,-1,Unknown,Unknown,Unknown,Unknown,11.82,11.82,0.2010,0.8678,145.2424,57.59
NA,NA,-1,Unknown,Unknown,Unknown,Unknown,11.93,11.93,0.2056,0.8677,147.8167,57.57
NA,NA,-1,Unknown,Unknown,Unknown,Unknown,12.04,12.04,0.2103,0.8679,150.3904,57.56
NA,NA,-1,Unknown,Unknown,Unknown,Unknown,12.14,12.14,0.2159,0.8680,153.4778,57.54
NA,NA,-1,Unknown,Unknown,Unknown,Unknown,12.25,12.25,0.2206,0.8681,156.0498,57.53
NA,NA,-1,Unknown,Unknown,Unknown,Unknown,12.35,12.35,0.2252,0.8681,158.6213,57.52
NA,NA,-1,Unknown,Unknown,Unknown,Unknown,12.45,12.45,0.2299,0.8681,161.1922,57.50
NA,NA,-1,Unknown,Unknown,Unknown,Unknown,12.56,12.56,0.2346,0.8681,163.7624,57.49
NA,NA,-1,Unknown,Unknown,Unknown,Unknown,12.66,12.66,0.2402,0.8680,166.8462,57.49
NA,NA,-1,Unknown,Unknown,Unknown,Unknown,12.76,12.76,0.2450,0.8682,169.4196,57.60
NA,NA,-1,Unknown,Unknown,Unknown,Unknown,12.87,12.87,0.2497,0.8687,172.0025,57.81
NA,NA,-1,Unknown,Unknown,Unknown,Unknown,12.97,12.97,0.2544,0.8693,174.5907,57.91
NA,NA,-1,Unknown,Unknown,Unknown,Unknown,13.07,13.07,0.2592,0.8693,177.1790,57.93
NA,NA,-1,Unknown,Unknown,Unknown,Unknown,13.18,13.18,0.2649,0.8688,180.2848,57.93
NA,NA,-1,Unknown,Unknown,Unknown,Unknown,13.29,13.29,0.2696,0.8682,182.8730,57.91
NA,NA,-1,Unknown,Unknown,Unknown,Unknown,13.39,13.39,0.2743,0.8679,185.4612,57.90
NA,NA,-1,Unknown,Unknown,Unknown,Unknown,13.50,13.50,0.2800,0.8678,188.5667,57.89
NA,NA,-1,Unknown,Unknown,Unknown,Unknown,13.61,13.61,0.2847,0.8679,191.1564,57.94
NA,NA,-1,Unknown,Unknown,Unknown,Unknown,13.71,13.71,0.2895,0.8683,193.7482,57.97
NA,NA,-1,Unknown,Unknown,Unknown,Unknown,13.81,13.81,0.2942,0.8684,196.3396,57.97
NA,NA,-1,Unknown,Unknown,Unknown,Unknown,13.91,13.91,0.2989,0.8684,198.9304,57.96
NA,NA,-1,Unknown,Unknown,Unknown,Unknown,14.02,14.02,0.3037,0.8682,201.5208,57.95
NA,NA,-1,Unknown,Unknown,Unknown,Unknown,14.12,14.12,0.3084,0.8680,204.1108,57.94
NA,NA,-1,Unknown,Unknown,Unknown,Unknown,14.22,14.22,0.3141,0.8680,207.2182,57.92
NA,NA,-1,Unknown,Unknown,Unknown,Unknown,14.33,14.33,0.3188,0.8680,209.8071,57.91
NA,NA,-1,Unknown,Unknown,Unknown,Unknown,14.43,14.43,0.3235,0.8680,212.3954,57.89
NA,NA,-1,Unknown,Unknown,Unknown,Unknown,14.53,14.53,0.3282,0.8680,214.9832,57.88
NA,NA,-1,Unknown,Unknown,Unknown,Unknown,14.63,14.63,0.3329,0.8681,217.5703,57.87
NA,NA,-1,Unknown,Unknown,Unknown,Unknown,14.74,14.74,0.3376,0.8681,220.1568,57.85
NA,NA,-1,Unknown,Unknown,Unknown,Unknown,14.84,14.84,0.3433,0.8681,223.2604,57.86
NA,NA,-1,Unknown,Unknown,Unknown,Unknown,14.95,14.95,0.3480,0.8682,225.8484,57.89
NA,NA,-1,Unknown,Unknown,Unknown,Unknown,15.05,15.05,0.3527,0.8683,228.4362,57.89
NA,NA,-1,Unknown,Unknown,Unknown,Unknown,15.16,15.16,0.3574,0.8682,231.0234,57.88
NA,NA,-1,Unknown,Unknown,Unknown,Unknown,15.26,15.26,0.3631,0.8681,234.1275,57.86
NA,NA,-1,Unknown,Unknown,Unknown,Unknown,15.36,15.36,0.3678,0.8681,236.7136,57.85
NA,NA,-1,Unknown,Unknown,Unknown,Unknown,15.47,15.47,0.3725,0.8680,239.2993,57.84
NA,NA,-1,Unknown,Unknown,Unknown,Unknown,15.57,15.57,0.3772,0.8680,241.8844,57.82
NA,NA,-1,Unknown,Unknown,Unknown,Unknown,15.67,15.67,0.3819,0.8680,244.4689,57.81
NA,NA,-1,Unknown,Unknown,Unknown,Unknown,15.78,15.78,0.3866,0.8680,247.0529,57.80
NA,NA,-1,Unknown,Unknown,Unknown,Unknown,15.88,15.88,0.3923,0.8681,250.1553,57.85
NA,NA,-1,Unknown,Unknown,Unknown,Unknown,15.99,15.99,0.3970,0.8683,252.7429,57.88
NA,NA,-1,Unknown,Unknown,Unknown,Unknown,16.09,16.09,0.4017,0.8684,255.3300,57.88
NA,NA,-1,Unknown,Unknown,Unknown,Unknown,16.20,16.20,0.4064,0.8683,257.9170,57.88
NA,NA,-1,Unknown,Unknown,Unknown,Unknown,16.30,16.30,0.4121,0.8683,261.0257,57.97
NA,NA,-1,Unknown,Unknown,Unknown,Unknown,16.40,16.40,0.4168,0.8684,263.6179,57.99
NA,NA,-1,Unknown,Unknown,Unknown,Unknown,16.51,16.51,0.4215,0.8684,266.2096,57.98
NA,NA,-1,Unknown,Unknown,Unknown,Unknown,16.61,16.61,0.4262,0.8683,268.8010,57.97
NA,NA,-1,Unknown,Unknown,Unknown,Unknown,16.72,16.72,0.4310,0.8681,271.3919,57.96
NA,NA,-1,Unknown,Unknown,Unknown,Unknown,16.82,16.82,0.4366,0.8680,274.5006,57.94
NA,NA,-1,Unknown,Unknown,Unknown,Unknown,16.93,16.93,0.4413,0.8680,277.0905,57.93
NA,NA,-1,Unknown,Unknown,Unknown,Unknown,17.03,17.03,0.4461,0.8680,279.6799,57.92
NA,NA,-1,Unknown,Unknown,Unknown,Unknown,17.14,17.14,0.4508,0.8680,282.2687,57.90
NA,NA,-1,Unknown,Unknown,Unknown,Unknown,17.24,17.24,0.4555,0.8681,284.8569,57.89
NA,NA,-1,Unknown,Unknown,Unknown,Unknown,17.34,17.34,0.4611,0.8681,287.9620,57.88
NA,NA,-1,Unknown,Unknown,Unknown,Unknown,17.45,17.45,0.4658,0.8681,290.5490,57.87
NA,NA,-1,Unknown,Unknown,Unknown,Unknown,17.56,17.56,0.4705,0.8681,293.1381,57.94
NA,NA,-1,Unknown,Unknown,Unknown,Unknown,17.66,17.66,0.4762,0.8685,296.2522,58.06
NA,NA,-1,Unknown,Unknown,Unknown,Unknown,17.77,17.77,0.4809,0.8688,298.8481,58.08
NA,NA,-1,Unknown,Unknown,Unknown,Unknown,17.87,17.87,0.4857,0.8687,301.4435,58.07
NA,NA,-1,Unknown,Unknown,Unknown,Unknown,17.98,17.98,0.4904,0.8683,304.0386,58.06
NA,NA,-1,Unknown,Unknown,Unknown,Unknown,18.08,18.08,0.4960,0.8680,307.1532,58.08
NA,NA,-1,Unknown,Unknown,Unknown,Unknown,18.18,18.18,0.5008,0.8681,309.7532,58.18
NA,NA,-1,Unknown,Unknown,Unknown,Unknown,18.29,18.29,0.5055,0.8684,312.3558,58.21
NA,NA,-1,Unknown,Unknown,Unknown,Unknown,18.39,18.39,0.5102,0.8686,314.9579,58.22
NA,NA,-1,Unknown,Unknown,Unknown,Unknown,18.50,18.50,0.5159,0.8684,318.0800,58.22
NA,NA,-1,Unknown,Unknown,Unknown,Unknown,18.62,18.62,0.5206,0.8683,320.6854,58.31
NA,NA,-1,Unknown,Unknown,Unknown,Unknown,18.72,18.72,0.5263,0.8685,323.8172,58.39
NA,NA,-1,Unknown,Unknown,Unknown,Unknown,18.83,18.83,0.5310,0.8686,326.4270,58.39
NA,NA,-1,Unknown,Unknown,Unknown,Unknown,18.93,18.93,0.5358,0.8684,329.0368,58.40
NA,NA,-1,Unknown,Unknown,Unknown,Unknown,19.04,19.04,0.5405,0.8684,331.6509,58.53
NA,NA,-1,Unknown,Unknown,Unknown,Unknown,19.14,19.14,0.5462,0.8689,334.8052,58.92
NA,NA,-1,Unknown,Unknown,Unknown,Unknown,19.25,19.25,0.5510,0.8700,337.4523,59.28
NA,NA,-1,Unknown,Unknown,Unknown,Unknown,19.36,19.36,0.5558,0.8707,340.1093,59.51
NA,NA,-1,Unknown,Unknown,Unknown,Unknown,19.46,19.46,0.5615,0.8704,343.3015,59.59
NA,NA,-1,Unknown,Unknown,Unknown,Unknown,19.57,19.57,0.5663,0.8694,345.9652,59.68
NA,NA,-1,Unknown,Unknown,Unknown,Unknown,19.68,19.68,0.5711,0.8686,348.6339,59.74
NA,NA,-1,Unknown,Unknown,Unknown,Unknown,19.78,19.78,0.5769,0.8681,351.8376,59.74
NA,NA,-1,Unknown,Unknown,Unknown,Unknown,19.89,19.89,0.5816,0.8679,354.5074,59.73
NA,NA,-1,Unknown,Unknown,Unknown,Unknown,20.00,20.00,0.5864,0.8679,357.1768,59.72
NA,NA,-1,Unknown,Unknown,Unknown,Unknown,20.10,20.10,0.5921,0.8679,360.3796,59.70
NA,NA,-1,Unknown,Unknown,Unknown,Unknown,20.21,20.21,0.5968,0.8680,363.0481,59.68
NA,NA,-1,Unknown,Unknown,Unknown,Unknown,20.32,20.32,0.6015,0.8680,365.7159,59.67
NA,NA,-1,Unknown,Unknown,Unknown,Unknown,20.43,20.43,0.6072,0.8681,368.9164,59.66
NA,NA,-1,Unknown,Unknown,Unknown,Unknown,20.54,20.54,0.6129,0.8681,372.1161,59.64
NA,NA,-1,Unknown,Unknown,Unknown,Unknown,20.65,20.65,0.6176,0.8681,374.7819,59.63
NA,NA,-1,Unknown,Unknown,Unknown,Unknown,20.75,20.75,0.6222,0.8680,377.4470,59.61
NA,NA,-1,Unknown,Unknown,Unknown,Unknown,20.86,20.86,0.6269,0.8680,380.1116,59.60
NA,NA,-1,Unknown,Unknown,Unknown,Unknown,20.96,20.96,0.6316,0.8680,382.7755,59.59
NA,NA,-1,Unknown,Unknown,Unknown,Unknown,21.06,21.06,0.6363,0.8680,385.4388,59.57
NA,NA,-1,Unknown,Unknown,Unknown,Unknown,21.16,21.16,0.6419,0.8680,388.6341,59.56
NA,NA,-1,Unknown,Unknown,Unknown,Unknown,21.27,21.27,0.6466,0.8680,391.2961,59.54
NA,NA,-1,Unknown,Unknown,Unknown,Unknown,21.37,21.37,0.6513,0.8680,393.9575,59.53
NA,NA,-1,Unknown,Unknown,Unknown,Unknown,21.48,21.48,0.6560,0.8680,396.6183,59.52
NA,NA,-1,Unknown,Unknown,Unknown,Unknown,21.58,21.58,0.6616,0.8680,399.8106,59.50
NA,NA,-1,Unknown,Unknown,Unknown,Unknown,21.68,21.68,0.6662,0.8680,402.4701,59.49
NA,NA,-1,Unknown,Unknown,Unknown,Unknown,21.78,21.78,0.6709,0.8680,405.1290,59.47
NA,NA,-1,Unknown,Unknown,Unknown,Unknown,21.89,21.89,0.6756,0.8680,407.7873,59.46
NA,NA,-1,Unknown,Unknown,Unknown,Unknown,22.00,22.00,0.6803,0.8680,410.4450,59.45
NA,NA,-1,Unknown,Unknown,Unknown,Unknown,22.10,22.10,0.6849,0.8680,413.1022,59.43
NA,NA,-1,Unknown,Unknown,Unknown,Unknown,22.20,22.20,0.6896,0.8680,415.7587,59.42
NA,NA,-1,Unknown,Unknown,Unknown,Unknown,22.30,22.30,0.6943,0.8680,418.4146,59.41
NA,NA,-1,Unknown,Unknown,Unknown,Unknown,22.40,22.40,0.6999,0.8680,421.6010,59.39
NA,NA,-1,Unknown,Unknown,Unknown,Unknown,22.50,22.50,0.7046,0.8680,424.2556,59.38
NA,NA,-1,Unknown,Unknown,Unknown,Unknown,22.60,22.60,0.7092,0.8680,426.9096,59.36
NA,NA,-1,Unknown,Unknown,Unknown,Unknown,22.71,22.71,0.7139,0.8680,429.5630,59.35
NA,NA,-1,Unknown,Unknown,Unknown,Unknown,22.81,22.81,0.7186,0.8680,432.2159,59.34
NA,NA,-1,Unknown,Unknown,Unknown,Unknown,22.91,22.91,0.7233,0.8680,434.8681,59.32
NA,NA,-1,Unknown,Unknown,Unknown,Unknown,23.01,23.01,0.7279,0.8680,437.5197,59.31
NA,NA,-1,Unknown,Unknown,Unknown,Unknown,23.11,23.11,0.7326,0.8680,440.1707,59.30
NA,NA,-1,Unknown,Unknown,Unknown,Unknown,23.22,23.22,0.7382,0.8680,443.3512,59.28
NA,NA,-1,Unknown,Unknown,Unknown,Unknown,23.32,23.32,0.7429,0.8680,446.0009,59.27
NA,NA,-1,Unknown,Unknown,Unknown,Unknown,23.42,23.42,0.7476,0.8680,448.6501,59.25
NA,NA,-1,Unknown,Unknown,Unknown,Unknown,23.52,23.52,0.7523,0.8680,451.2986,59.24
NA,NA,-1,Unknown,Unknown,Unknown,Unknown,23.63,23.63,0.7570,0.8680,453.9466,59.23
NA,NA,-1,Unknown,Unknown,Unknown,Unknown,23.73,23.73,0.7616,0.8680,456.5939,59.21
NA,NA,-1,Unknown,Unknown,Unknown,Unknown,23.84,23.84,0.7663,0.8680,459.2407,59.20
NA,NA,-1,Unknown,Unknown,Unknown,Unknown,23.94,23.94,0.7710,0.8680,461.8868,59.19
NA,NA,-1,Unknown,Unknown,Unknown,Unknown,24.04,24.04,0.7757,0.8680,464.5324,59.17
NA,NA,-1,Unknown,Unknown,Unknown,Unknown,24.15,24.15,0.7813,0.8680,467.7063,59.16
NA,NA,-1,Unknown,Unknown,Unknown,Unknown,24.25,24.25,0.7860,0.8680,470.3505,59.15
NA,NA,-1,Unknown,Unknown,Unknown,Unknown,24.35,24.35,0.7907,0.8680,472.9942,59.13
NA,NA,-1,Unknown,Unknown,Unknown,Unknown,24.46,24.46,0.7963,0.8680,476.1658,59.12
NA,NA,-1,Unknown,Unknown,Unknown,Unknown,24.57,24.57,0.8010,0.8680,478.8081,59.10
NA,NA,-1,Unknown,Unknown,Unknown,Unknown,24.68,24.68,0.8056,0.8680,481.4499,59.09
NA,NA,-1,Unknown,Unknown,Unknown,Unknown,24.78,24.78,0.8103,0.8680,484.0910,59.08
NA,NA,-1,Unknown,Unknown,Unknown,Unknown,24.88,24.88,0.8150,0.8680,486.7316,59.06
NA,NA,-1,Unknown,Unknown,Unknown,Unknown,24.98,24.98,0.8206,0.8680,489.8995,59.05
NA,NA,-1,Unknown,Unknown,Unknown,Unknown,25.09,25.09,0.8253,0.8680,492.5388,59.03
NA,NA,-1,Unknown,Unknown,Unknown,Unknown,25.20,25.20,0.8300,0.8680,495.1774,59.02
NA,NA,-1,Unknown,Unknown,Unknown,Unknown,25.30,25.30,0.8356,0.8680,498.3430,59.00
NA,NA,-1,Unknown,Unknown,Unknown,Unknown,25.41,25.41,0.8388,0.8680,500.9804,58.99
NA,NA,-1,Unknown,Unknown,Unknown,Unknown,25.51,25.51,0.8213,0.8681,503.6164,58.96
NA,NA,-1,Unknown,Unknown,Unknown,Unknown,25.61,25.61,0.8002,0.8679,506.2511,58.94
NA,NA,-1,Unknown,Unknown,Unknown,Unknown,25.72,25.72,0.7756,0.8678,508.8854,58.92
NA,NA,-1,Unknown,Unknown,Unknown,Unknown,25.82,25.82,0.7300,0.8678,512.0453,58.90
NA,NA,-1,Unknown,Unknown,Unknown,Unknown,25.92,25.92,0.6811,0.8668,514.6782,58.88
NA,NA,-1,Unknown,Unknown,Unknown,Unknown,26.03,26.03,0.6181,0.8675,517.3090,58.87
NA,NA,-1,Unknown,Unknown,Unknown,Unknown,26.14,26.14,0.5466,0.8646,519.9391,58.85
NA,NA,-1,Unknown,Unknown,Unknown,Unknown,26.24,26.24,0.4601,0.8645,522.5681,58.83
NA,NA,-1,Unknown,Unknown,Unknown,Unknown,26.34,26.34,0.3635,0.8661,525.1957,58.82
NA,NA,-1,Unknown,Unknown,Unknown,Unknown,26.44,26.44,0.2532,0.8677,528.3481,58.79
NA,NA,-1,Unknown,Unknown,Unknown,Unknown,26.55,26.55,0.1658,0.8684,530.9741,58.77
NA,NA,-1,Unknown,Unknown,Unknown,Unknown,26.65,26.65,0.0713,0.8685,533.5992,58.76
NA,NA,-1,Unknown,Unknown,Unknown,Unknown,26.75,26.75,-0.0179,0.8683,536.2240,58.74
NA,NA,-1,Unknown,Unknown,Unknown,Unknown,26.86,26.86,-0.1008,0.8681,538.8483,58.73
NA,NA,-1,Unknown,Unknown,Unknown,Unknown,26.96,26.96,-0.1910,0.8680,541.9968,58.71
NA,NA,-1,Unknown,Unknown,Unknown,Unknown,27.07,27.07,-0.2581,0.8679,544.6199,58.69
NA,NA,-1,Unknown,Unknown,Unknown,Unknown,27.17,27.17,-0.3175,0.8679,547.2426,58.68
NA,NA,-1,Unknown,Unknown,Unknown,Unknown,27.28,27.28,-0.3693,0.8679,549.8647,58.66
NA,NA,-1,Unknown,Unknown,Unknown,Unknown,27.38,27.38,-0.4220,0.8679,553.0107,58.64
NA,NA,-1,Unknown,Unknown,Unknown,Unknown,27.49,27.49,-0.4585,0.8679,555.6316,58.63
NA,NA,-1,Unknown,Unknown,Unknown,Unknown,27.59,27.59,-0.4891,0.8680,558.2520,58.62
NA,NA,-1,Unknown,Unknown,Unknown,Unknown,27.70,27.70,-0.5145,0.8680,560.8718,58.60
NA,NA,-1,Unknown,Unknown,Unknown,Unknown,27.80,27.80,-0.5390,0.8680,564.0149,58.58
NA,NA,-1,Unknown,Unknown,Unknown,Unknown,27.91,27.91,-0.5514,0.8680,566.6334,58.57
NA,NA,-1,Unknown,Unknown,Unknown,Unknown,28.03,28.03,-0.5546,0.8680,569.7744,58.55
NA,NA,-1,Unknown,Unknown,Unknown,Unknown,28.13,28.13,-0.5550,0.8679,572.3914,58.53
NA,NA,-1,Unknown,Unknown,Unknown,Unknown,28.24,28.24,-0.5490,0.8680,575.0077,58.52
NA,NA,-1,Unknown,Unknown,Unknown,Unknown,28.35,28.35,-0.5357,0.8680,578.1464,58.50
NA,NA,-1,Unknown,Unknown,Unknown,Unknown,28.46,28.46,-0.5282,0.8680,580.7613,58.49
NA,NA,-1,Unknown,Unknown,Unknown,Unknown,28.56,28.56,-0.5095,0.8681,583.8983,58.47
NA,NA,-1,Unknown,Unknown,Unknown,Unknown,28.67,28.67,-0.4931,0.8681,586.5117,58.46
NA,NA,-1,Unknown,Unknown,Unknown,Unknown,28.78,28.78,-0.4765,0.8681,589.1246,58.44
NA,NA,-1,Unknown,Unknown,Unknown,Unknown,28.88,28.88,-0.4568,0.8681,592.2593,58.43
NA,NA,-1,Unknown,Unknown,Unknown,Unknown,28.99,28.99,-0.4412,0.8681,594.8709,58.42
NA,NA,-1,Unknown,Unknown,Unknown,Unknown,29.10,29.10,-0.4265,0.8680,597.4819,58.40
NA,NA,-1,Unknown,Unknown,Unknown,Unknown,29.21,29.21,-0.4105,0.8680,600.6143,58.39
NA,NA,-1,Unknown,Unknown,Unknown,Unknown,29.31,29.31,-0.3986,0.8680,603.2241,58.37
NA,NA,-1,Unknown,Unknown,Unknown,Unknown,29.43,29.43,-0.3862,0.8680,606.3549,58.36
NA,NA,-1,Unknown,Unknown,Unknown,Unknown,29.54,29.54,-0.3773,0.8680,608.9634,58.34
NA,NA,-1,Unknown,Unknown,Unknown,Unknown,29.64,29.64,-0.3682,0.8680,612.0927,58.33
NA,NA,-1,Unknown,Unknown,Unknown,Unknown,29.75,29.75,-0.3619,0.8680,614.6998,58.32
NA,NA,-1,Unknown,Unknown,Unknown,Unknown,29.86,29.86,-0.3565,0.8680,617.3064,58.30
NA,NA,-1,Unknown,Unknown,Unknown,Unknown,29.97,29.97,-0.3511,0.8680,620.4335,58.29
NA,NA,-1,Unknown,Unknown,Unknown,Unknown,30.08,30.08,-0.3474,0.8680,623.0388,58.27
NA,NA,-1,Unknown,Unknown,Unknown,Unknown,30.18,30.18,-0.3438,0.8680,626.1643,58.26
NA,NA,-1,Unknown,Unknown,Unknown,Unknown,30.29,30.29,-0.3412,0.8680,628.7682,58.24
NA,NA,-1,Unknown,Unknown,Unknown,Unknown,30.40,30.40,-0.3391,0.8680,631.3716,58.23
NA,NA,-1,Unknown,Unknown,Unknown,Unknown,30.51,30.51,-0.3370,0.8680,634.4949,58.22
NA,NA,-1,Unknown,Unknown,Unknown,Unknown,30.61,30.61,-0.3355,0.8680,637.0970,58.20
NA,NA,-1,Unknown,Unknown,Unknown,Unknown,30.72,30.72,-0.3340,0.8680,640.2188,58.19
NA,NA,-1,Unknown,Unknown,Unknown,Unknown,30.84,30.84,-0.3327,0.8680,643.3397,58.17
NA,NA,-1,Unknown,Unknown,Unknown,Unknown,30.95,30.95,-0.3317,0.8680,645.9398,58.16
NA,NA,-1,Unknown,Unknown,Unknown,Unknown,31.06,31.06,-0.3309,0.8680,648.5394,58.14
NA,NA,-1,Unknown,Unknown,Unknown,Unknown,31.16,31.16,-0.3301,0.8680,651.1383,58.13
NA,NA,-1,Unknown,Unknown,Unknown,Unknown,31.27,31.27,-0.3293,0.8680,654.2563,58.12
NA,NA,-1,Unknown,Unknown,Unknown,Unknown,31.37,31.37,-0.3286,0.8680,656.8539,58.10
NA,NA,-1,Unknown,Unknown,Unknown,Unknown,31.48,31.48,-0.3279,0.8680,659.9703,58.09
NA,NA,-1,Unknown,Unknown,Unknown,Unknown,31.59,31.59,-0.3273,0.8680,662.5667,58.07
NA,NA,-1,Unknown,Unknown,Unknown,Unknown,31.70,31.70,-0.3266,0.8680,665.6816,58.06
NA,NA,-1,Unknown,Unknown,Unknown,Unknown,31.81,31.81,-0.3261,0.8680,668.2767,58.05
NA,NA,-1,Unknown,Unknown,Unknown,Unknown,31.92,31.92,-0.3255,0.8680,670.8712,58.03
NA,NA,-1,Unknown,Unknown,Unknown,Unknown,32.02,32.02,-0.3249,0.8680,673.9839,58.02
NA,NA,-1,Unknown,Unknown,Unknown,Unknown,32.13,32.13,-0.3244,0.8680,676.5771,58.00
NA,NA,-1,Unknown,Unknown,Unknown,Unknown,32.23,32.23,-0.3239,0.8680,679.1697,57.99
NA,NA,-1,Unknown,Unknown,Unknown,Unknown,32.34,32.34,-0.3234,0.8680,681.7618,57.98
NA,NA,-1,Unknown,Unknown,Unknown,Unknown,32.44,32.44,-0.3228,0.8680,684.8715,57.96
NA,NA,-1,Unknown,Unknown,Unknown,Unknown,32.54,32.54,-0.3223,0.8680,687.4623,57.95
NA,NA,-1,Unknown,Unknown,Unknown,Unknown,32.65,32.65,-0.3218,0.8680,690.0525,57.94
NA,NA,-1,Unknown,Unknown,Unknown,Unknown,32.76,32.76,-0.3212,0.8680,693.1600,57.92
NA,NA,-1,Unknown,Unknown,Unknown,Unknown,32.86,32.86,-0.3207,0.8680,695.7489,57.91
NA,NA,-1,Unknown,Unknown,Unknown,Unknown,32.96,32.96,-0.3202,0.8680,698.3372,57.89
NA,NA,-1,Unknown,Unknown,Unknown,Unknown,33.07,33.07,-0.3197,0.8680,700.9250,57.88
NA,NA,-1,Unknown,Unknown,Unknown,Unknown,33.17,33.17,-0.3192,0.8680,703.5121,57.87
NA,NA,-1,Unknown,Unknown,Unknown,Unknown,33.27,33.27,-0.3187,0.8680,706.0988,57.86
NA,NA,-1,Unknown,Unknown,Unknown,Unknown,33.37,33.37,-0.3182,0.8680,708.6848,57.84
NA,NA,-1,Unknown,Unknown,Unknown,Unknown,33.47,33.47,-0.3177,0.8680,711.2702,57.83
NA,NA,-1,Unknown,Unknown,Unknown,Unknown,33.58,33.58,-0.3171,0.8680,714.3719,57.81
NA,NA,-1,Unknown,Unknown,Unknown,Unknown,33.68,33.68,-0.3166,0.8680,716.9561,57.80
NA,NA,-1,Unknown,Unknown,Unknown,Unknown,33.80,33.80,-0.3160,0.8680,720.0563,57.79
NA,NA,-1,Unknown,Unknown,Unknown,Unknown,33.91,33.91,-0.3155,0.8680,722.6392,57.77
NA,NA,-1,Unknown,Unknown,Unknown,Unknown,34.01,34.01,-0.3150,0.8680,725.2215,57.76
NA,NA,-1,Unknown,Unknown,Unknown,Unknown,34.11,34.11,-0.3145,0.8680,727.8032,57.75
NA,NA,-1,Unknown,Unknown,Unknown,Unknown,34.21,34.21,-0.3140,0.8680,730.3843,57.73
NA,NA,-1,Unknown,Unknown,Unknown,Unknown,34.31,34.31,-0.3135,0.8680,732.9649,57.72
NA,NA,-1,Unknown,Unknown,Unknown,Unknown,34.42,34.42,-0.3130,0.8680,735.5449,57.71
NA,NA,-1,Unknown,Unknown,Unknown,Unknown,34.52,34.52,-0.3125,0.8680,738.1243,57.69
NA,NA,-1,Unknown,Unknown,Unknown,Unknown,34.62,34.62,-0.3120,0.8680,740.7031,57.68
NA,NA,-1,Unknown,Unknown,Unknown,Unknown,34.72,34.72,-0.3114,0.8680,743.7969,57.67
NA,NA,-1,Unknown,Unknown,Unknown,Unknown,34.83,34.83,-0.3109,0.8680,746.3744,57.65
NA,NA,-1,Unknown,Unknown,Unknown,Unknown,34.93,34.93,-0.3103,0.8680,748.9514,57.64
NA,NA,-1,Unknown,Unknown,Unknown,Unknown,35.03,35.03,-0.3098,0.8680,751.5278,57.63
NA,NA,-1,Unknown,Unknown,Unknown,Unknown,35.14,35.14,-0.3093,0.8680,754.1036,57.61
NA,NA,-1,Unknown,Unknown,Unknown,Unknown,35.25,35.25,-0.3087,0.8680,757.1937,57.60
NA,NA,-1,Unknown,Unknown,Unknown,Unknown,35.38,35.38,-0.3081,0.8680,760.2831,57.58
NA,NA,-1,Unknown,Unknown,Unknown,Unknown,35.48,35.48,-0.3075,0.8680,762.8569,57.57
NA,NA,-1,Unknown,Unknown,Unknown,Unknown,35.58,35.58,-0.3070,0.8680,765.4302,57.56
NA,NA,-1,Unknown,Unknown,Unknown,Unknown,35.69,35.69,-0.3064,0.8680,768.5173,57.54
NA,NA,-1,Unknown,Unknown,Unknown,Unknown,35.80,35.80,-0.3057,0.8680,771.6036,57.53
NA,NA,-1,Unknown,Unknown,Unknown,Unknown,35.90,35.90,-0.3052,0.8680,774.1749,57.51
NA,NA,-1,Unknown,Unknown,Unknown,Unknown,36.01,36.01,-0.3047,0.8680,776.7456,57.50
NA,NA,-1,Unknown,Unknown,Unknown,Unknown,36.12,36.12,-0.3042,0.8680,779.3157,57.49
NA,NA,-1,Unknown,Unknown,Unknown,Unknown,36.23,36.23,-0.3035,0.8680,782.3992,57.47
NA,NA,-1,Unknown,Unknown,Unknown,Unknown,36.33,36.33,-0.3030,0.8680,784.9680,57.46
NA,NA,-1,Unknown,Unknown,Unknown,Unknown,36.44,36.44,-0.3023,0.8680,788.0499,57.44
NA,NA,-1,Unknown,Unknown,Unknown,Unknown,36.55,36.55,-0.3018,0.8680,790.6175,57.43
NA,NA,-1,Unknown,Unknown,Unknown,Unknown,36.66,36.66,-0.3013,0.8680,793.1845,57.42
NA,NA,-1,Unknown,Unknown,Unknown,Unknown,36.77,36.77,-0.3006,0.8680,796.2642,57.40
NA,NA,-1,Unknown,Unknown,Unknown,Unknown,36.88,36.88,-0.3001,0.8680,798.8299,57.39
NA,NA,-1,Unknown,Unknown,Unknown,Unknown,36.98,36.98,-0.2995,0.8680,801.3951,57.38
NA,NA,-1,Unknown,Unknown,Unknown,Unknown,37.10,37.10,-0.2989,0.8680,804.4725,57.36
NA,NA,-1,Unknown,Unknown,Unknown,Unknown,37.21,37.21,-0.2982,0.8680,807.5491,57.35
NA,NA,-1,Unknown,Unknown,Unknown,Unknown,37.31,37.31,-0.2977,0.8680,810.1123,57.33
NA,NA,-1,Unknown,Unknown,Unknown,Unknown,37.42,37.42,-0.2972,0.8680,812.6749,57.32
NA,NA,-1,Unknown,Unknown,Unknown,Unknown,37.52,37.52,-0.2966,0.8680,815.2370,57.31
NA,NA,-1,Unknown,Unknown,Unknown,Unknown,37.63,37.63,-0.2959,0.8680,818.3107,57.29
NA,NA,-1,Unknown,Unknown,Unknown,Unknown,37.74,37.74,-0.2954,0.8680,820.8715,57.28
NA,NA,-1,Unknown,Unknown,Unknown,Unknown,37.85,37.85,-0.2947,0.8680,823.9437,57.26
NA,NA,-1,Unknown,Unknown,Unknown,Unknown,37.95,37.95,-0.2942,0.8680,826.5032,57.25
NA,NA,-1,Unknown,Unknown,Unknown,Unknown,38.05,38.05,-0.2936,0.8680,829.0621,57.24
NA,NA,-1,Unknown,Unknown,Unknown,Unknown,38.16,38.16,-0.2931,0.8680,831.6205,57.22
NA,NA,-1,Unknown,Unknown,Unknown,Unknown,38.26,38.26,-0.2924,0.8680,834.6898,57.21
NA,NA,-1,Unknown,Unknown,Unknown,Unknown,38.37,38.37,-0.2918,0.8680,837.2469,57.20
NA,NA,-1,Unknown,Unknown,Unknown,Unknown,38.48,38.48,-0.2912,0.8680,840.3146,57.18
NA,NA,-1,Unknown,Unknown,Unknown,Unknown,38.60,38.60,-0.2906,0.8680,842.8705,57.17
NA,NA,-1,Unknown,Unknown,Unknown,Unknown,38.70,38.70,-0.2899,0.8680,845.9367,57.15
NA,NA,-1,Unknown,Unknown,Unknown,Unknown,38.81,38.81,-0.2894,0.8680,848.4913,57.14
NA,NA,-1,Unknown,Unknown,Unknown,Unknown,38.91,38.91,-0.2888,0.8680,851.0453,57.13
NA,NA,-1,Unknown,Unknown,Unknown,Unknown,39.02,39.02,-0.2882,0.8680,853.5987,57.11
NA,NA,-1,Unknown,Unknown,Unknown,Unknown,39.12,39.12,-0.2876,0.8680,856.6620,57.10
NA,NA,-1,Unknown,Unknown,Unknown,Unknown,39.23,39.23,-0.2870,0.8680,859.2142,57.09
NA,NA,-1,Unknown,Unknown,Unknown,Unknown,39.33,39.33,-0.2784,0.8681,861.7656,57.07
NA,NA,-1,Unknown,Unknown,Unknown,Unknown,39.44,39.44,-0.2303,0.8695,864.8242,56.98
NA,NA,-1,Unknown,Unknown,Unknown,Unknown,39.54,39.54,-0.1657,0.8686,867.3713,57.06
NA,NA,-1,Unknown,Unknown,Unknown,Unknown,39.65,39.65,-0.0792,0.8687,869.9288,57.38
NA,NA,-1,Unknown,Unknown,Unknown,Unknown,39.75,39.75,0.0130,0.8687,872.5078,57.87
NA,NA,-1,Unknown,Unknown,Unknown,Unknown,39.86,39.86,0.1030,0.8707,875.1146,58.45
NA,NA,-1,Unknown,Unknown,Unknown,Unknown,39.96,39.96,0.2253,0.8769,878.2661,59.14
NA,NA,-1,Unknown,Unknown,Unknown,Unknown,40.07,40.07,0.3249,0.8731,880.9208,59.57
NA,NA,-1,Unknown,Unknown,Unknown,Unknown,40.17,40.17,0.4189,0.8697,883.5872,59.81
NA,NA,-1,Unknown,Unknown,Unknown,Unknown,40.27,40.27,0.4966,0.8710,886.2581,59.87
NA,NA,-1,Unknown,Unknown,Unknown,Unknown,40.37,40.37,0.5612,0.8684,888.9313,59.87
NA,NA,-1,Unknown,Unknown,Unknown,Unknown,0.35,0.35,0.0022,0.8588,-0.0074,0.35
NA,NA,-1,Unknown,Unknown,Unknown,Unknown,0.46,0.46,0.0034,0.8693,-0.0089,0.18
NA,NA,-1,Unknown,Unknown,Unknown,Unknown,0.56,0.56,0.0039,0.8733,-0.0079,0.08
NA,NA,-1,Unknown,Unknown,Unknown,Unknown,0.66,0.66,0.0036,0.8723,-0.0054,0.10
NA,NA,-1,Unknown,Unknown,Unknown,Unknown,0.76,0.76,0.0029,0.8699,-0.0034,0.10
NA,NA,-1,Unknown,Unknown,Unknown,Unknown,0.87,0.87,0.0022,0.8677,-0.0019,0.07
NA,NA,-1,Unknown,Unknown,Unknown,Unknown,0.97,0.97,0.0015,0.8666,-0.0013,0.03
NA,NA,-1,Unknown,Unknown,Unknown,Unknown,1.07,1.07,0.0009,0.8663,-0.0012,0.02
NA,NA,-1,Unknown,Unknown,Unknown,Unknown,1.18,1.18,0.0006,0.8667,-0.0016,0.02
NA,NA,-1,Unknown,Unknown,Unknown,Unknown,1.29,1.29,0.0005,0.8671,-0.0020,0.02
NA,NA,-1,Unknown,Unknown,Unknown,Unknown,1.39,1.39,0.0005,0.8674,-0.0024,0.01
NA,NA,-1,Unknown,Unknown,Unknown,Unknown,1.50,1.50,0.0007,0.8676,-0.0026,0.01
NA,NA,-1,Unknown,Unknown,Unknown,Unknown,1.60,1.60,0.0009,0.8676,-0.0027,0.01
NA,NA,-1,Unknown,Unknown,Unknown,Unknown,1.70,1.70,0.0011,0.8675,-0.0026,0.01
NA,NA,-1,Unknown,Unknown,Unknown,Unknown,1.81,1.81,0.0012,0.8675,-0.0028,0.02
NA,NA,-1,Unknown,Unknown,Unknown,Unknown,1.91,1.91,0.0013,0.8676,0.0020,0.14
NA,NA,-1,Unknown,Unknown,Unknown,Unknown,2.01,2.01,0.0014,0.8681,0.0213,0.48
NA,NA,-1,Unknown,Unknown,Unknown,Unknown,2.12,2.12,0.0014,0.8694,0.0642,1.10
NA,NA,-1,Unknown,Unknown,Unknown,Unknown,2.22,2.22,0.0014,0.8698,0.1487,1.90
NA,NA,-1,Unknown,Unknown,Unknown,Unknown,2.33,2.33,0.0015,0.8696,0.2520,2.57
NA,NA,-1,Unknown,Unknown,Unknown,Unknown,2.44,2.44,0.0015,0.8701,0.3852,3.26
NA,NA,-1,Unknown,Unknown,Unknown,Unknown,2.54,2.54,0.0015,0.8698,0.5845,4.05
NA,NA,-1,Unknown,Unknown,Unknown,Unknown,2.65,2.65,0.0017,0.8700,0.7838,4.73
NA,NA,-1,Unknown,Unknown,Unknown,Unknown,2.76,2.76,0.0017,0.8699,1.0624,5.53
NA,NA,-1,Unknown,Unknown,Unknown,Unknown,2.86,2.86,0.0020,0.9072,1.3394,6.17
NA,NA,-1,Unknown,Unknown,Unknown,Unknown,2.97,2.97,0.0025,0.9215,1.6339,6.69
NA,NA,-1,Unknown,Unknown,Unknown,Unknown,3.07,3.07,0.0029,0.8884,1.9296,7.18
NA,NA,-1,Unknown,Unknown,Unknown,Unknown,3.18,3.18,0.0032,0.8445,2.2624,8.16
NA,NA,-1,Unknown,Unknown,Unknown,Unknown,3.28,3.28,0.0036,0.8480,2.7142,8.54
NA,NA,-1,Unknown,Unknown,Unknown,Unknown,3.48,3.48,0.0041,0.8652,3.4078,8.62
NA,NA,-1,Unknown,Unknown,Unknown,Unknown,3.81,3.81,0.0042,0.8691,4.7145,8.61
NA,NA,-1,Unknown,Unknown,Unknown,Unknown,3.91,3.91,0.0043,0.8989,5.0834,8.63
NA,NA,-1,Unknown,Unknown,Unknown,Unknown,4.02,4.02,0.0043,0.8972,5.4708,8.60
NA,NA,-1,Unknown,Unknown,Unknown,Unknown,4.12,4.12,0.0043,0.8637,5.8704,8.56
NA,NA,-1,Unknown,Unknown,Unknown,Unknown,4.22,4.22,0.0045,0.8574,6.3316,8.60
NA,NA,-1,Unknown,Unknown,Unknown,Unknown,4.32,4.32,0.0048,0.8610,6.7142,8.60
NA,NA,-1,Unknown,Unknown,Unknown,Unknown,4.43,4.43,0.0050,0.8650,7.0972,8.61
NA,NA,-1,Unknown,Unknown,Unknown,Unknown,4.53,4.53,0.0052,0.8677,7.4865,8.78
NA,NA,-1,Unknown,Unknown,Unknown,Unknown,4.64,4.64,0.0052,0.8693,7.8914,9.15
NA,NA,-1,Unknown,Unknown,Unknown,Unknown,4.74,4.74,0.0052,0.8704,8.4090,9.85
NA,NA,-1,Unknown,Unknown,Unknown,Unknown,4.85,4.85,0.0052,0.8698,8.8668,10.54
NA,NA,-1,Unknown,Unknown,Unknown,Unknown,4.96,4.96,0.0057,0.8704,9.3558,11.19
NA,NA,-1,Unknown,Unknown,Unknown,Unknown,5.06,5.06,0.0056,0.8701,9.9752,11.77
NA,NA,-1,Unknown,Unknown,Unknown,Unknown,5.16,5.16,0.0050,0.8697,10.5073,12.01
NA,NA,-1,Unknown,Unknown,Unknown,Unknown,5.27,5.27,0.0046,0.8695,11.0435,12.07
NA,NA,-1,Unknown,Unknown,Unknown,Unknown,5.37,5.37,0.0045,0.8689,11.5797,12.07
NA,NA,-1,Unknown,Unknown,Unknown,Unknown,5.48,5.48,0.0045,0.8682,12.1170,12.06
NA,NA,-1,Unknown,Unknown,Unknown,Unknown,5.58,5.58,0.0046,0.8677,12.6553,12.05
NA,NA,-1,Unknown,Unknown,Unknown,Unknown,5.68,5.68,0.0048,0.8677,13.3018,12.06
NA,NA,-1,Unknown,Unknown,Unknown,Unknown,5.79,5.79,0.0049,0.8680,13.8460,12.22
NA,NA,-1,Unknown,Unknown,Unknown,Unknown,5.89,5.89,0.0050,0.8689,14.4048,12.58
NA,NA,-1,Unknown,Unknown,Unknown,Unknown,6.00,6.00,0.0051,0.8704,14.9867,13.15
NA,NA,-1,Unknown,Unknown,Unknown,Unknown,6.10,6.10,0.0053,0.8717,15.5925,13.83
NA,NA,-1,Unknown,Unknown,Unknown,Unknown,6.20,6.20,0.0055,0.8700,16.3590,14.63
NA,NA,-1,Unknown,Unknown,Unknown,Unknown,6.32,6.32,0.0056,0.8695,17.0314,15.33
NA,NA,-1,Unknown,Unknown,Unknown,Unknown,6.43,6.43,0.0057,0.8700,17.8769,16.03
NA,NA,-1,Unknown,Unknown,Unknown,Unknown,6.53,6.53,0.0058,0.8710,18.6149,16.77
NA,NA,-1,Unknown,Unknown,Unknown,Unknown,6.64,6.64,0.0060,0.8702,19.3818,17.45
NA,NA,-1,Unknown,Unknown,Unknown,Unknown,6.74,6.74,0.0060,0.8714,20.3430,18.24
NA,NA,-1,Unknown,Unknown,Unknown,Unknown,6.85,6.85,0.0052,0.8694,21.1751,18.92
NA,NA,-1,Unknown,Unknown,Unknown,Unknown,6.95,6.95,0.0051,0.8720,22.0373,19.51
NA,NA,-1,Unknown,Unknown,Unknown,Unknown,7.06,7.06,0.0051,0.8718,22.9311,20.23
NA,NA,-1,Unknown,Unknown,Unknown,Unknown,7.16,7.16,0.0048,0.8698,24.0418,21.04
NA,NA,-1,Unknown,Unknown,Unknown,Unknown,7.27,7.27,0.0045,0.8715,24.9986,21.70
NA,NA,-1,Unknown,Unknown,Unknown,Unknown,7.37,7.37,0.0042,0.8729,25.9874,22.37
NA,NA,-1,Unknown,Unknown,Unknown,Unknown,7.47,7.47,0.0038,0.8698,27.0052,23.04
NA,NA,-1,Unknown,Unknown,Unknown,Unknown,7.58,7.58,0.0033,0.8715,28.0529,23.70
NA,NA,-1,Unknown,Unknown,Unknown,Unknown,7.68,7.68,0.0039,0.8704,29.1288,24.38
NA,NA,-1,Unknown,Unknown,Unknown,Unknown,7.78,7.78,0.0038,0.8708,30.4604,25.16
NA,NA,-1,Unknown,Unknown,Unknown,Unknown,7.89,7.89,0.0031,0.8735,31.6038,25.83
NA,NA,-1,Unknown,Unknown,Unknown,Unknown,7.99,7.99,0.0027,0.8707,32.7760,26.50
NA,NA,-1,Unknown,Unknown,Unknown,Unknown,8.10,8.10,0.0023,0.8715,33.9759,27.17
NA,NA,-1,Unknown,Unknown,Unknown,Unknown,8.20,8.20,0.0019,0.8728,35.4577,27.88
NA,NA,-1,Unknown,Unknown,Unknown,Unknown,8.31,8.31,0.0015,0.8716,36.7265,28.62
NA,NA,-1,Unknown,Unknown,Unknown,Unknown,8.41,8.41,0.0011,0.8713,38.0219,29.30
NA,NA,-1,Unknown,Unknown,Unknown,Unknown,8.51,8.51,0.0007,0.8706,39.3501,29.88
NA,NA,-1,Unknown,Unknown,Unknown,Unknown,8.62,8.62,0.0001,0.8726,40.7058,30.62
NA,NA,-1,Unknown,Unknown,Unknown,Unknown,8.72,8.72,-0.0010,0.8718,42.3718,31.42
NA,NA,-1,Unknown,Unknown,Unknown,Unknown,8.83,8.83,-0.0016,0.8714,43.7935,32.05
NA,NA,-1,Unknown,Unknown,Unknown,Unknown,8.93,8.93,-0.0022,0.8742,45.2450,32.74
NA,NA,-1,Unknown,Unknown,Unknown,Unknown,9.03,9.03,-0.0029,0.8706,46.7263,33.41
NA,NA,-1,Unknown,Unknown,Unknown,Unknown,9.13,9.13,-0.0035,0.8735,48.2345,34.04
NA,NA,-1,Unknown,Unknown,Unknown,Unknown,9.24,9.24,-0.0042,0.8715,49.7778,34.73
NA,NA,-1,Unknown,Unknown,Unknown,Unknown,9.34,9.34,-0.0051,0.8715,51.6635,35.52
NA,NA,-1,Unknown,Unknown,Unknown,Unknown,9.45,9.45,-0.0059,0.8723,53.2670,36.18
NA,NA,-1,Unknown,Unknown,Unknown,Unknown,9.55,9.55,-0.0067,0.8704,54.9035,36.78
NA,NA,-1,Unknown,Unknown,Unknown,Unknown,9.66,9.66,-0.0076,0.8732,56.5668,37.51
NA,NA,-1,Unknown,Unknown,Unknown,Unknown,9.76,9.76,-0.0087,0.8693,58.6047,38.30
NA,NA,-1,Unknown,Unknown,Unknown,Unknown,9.87,9.87,-0.0093,0.8739,60.3314,38.91
NA,NA,-1,Unknown,Unknown,Unknown,Unknown,9.97,9.97,-0.0106,0.8706,62.0936,39.63
NA,NA,-1,Unknown,Unknown,Unknown,Unknown,10.07,10.07,-0.0112,0.8718,63.8794,40.29
NA,NA,-1,Unknown,Unknown,Unknown,Unknown,10.18,10.18,-0.0119,0.8715,65.6977,40.92
NA,NA,-1,Unknown,Unknown,Unknown,Unknown,10.28,10.28,-0.0129,0.8724,67.9184,41.67
NA,NA,-1,Unknown,Unknown,Unknown,Unknown,10.38,10.38,-0.0138,0.8735,69.8013,42.40
NA,NA,-1,Unknown,Unknown,Unknown,Unknown,10.49,10.49,-0.0146,0.8729,71.7133,43.05
NA,NA,-1,Unknown,Unknown,Unknown,Unknown,10.59,10.59,-0.0155,0.8738,73.6555,43.71
NA,NA,-1,Unknown,Unknown,Unknown,Unknown,10.70,10.70,-0.0166,0.8726,75.6264,44.34
NA,NA,-1,Unknown,Unknown,Unknown,Unknown,10.80,10.80,-0.0180,0.8734,78.0268,44.99
NA,NA,-1,Unknown,Unknown,Unknown,Unknown,10.90,10.90,-0.0194,0.8767,80.0455,45.29
NA,NA,-1,Unknown,Unknown,Unknown,Unknown,11.01,11.01,-0.0207,0.8746,82.0724,45.40
NA,NA,-1,Unknown,Unknown,Unknown,Unknown,11.11,11.11,-0.0221,0.8711,84.1002,45.42
NA,NA,-1,Unknown,Unknown,Unknown,Unknown,11.22,11.22,-0.0235,0.8684,86.1283,45.41
NA,NA,-1,Unknown,Unknown,Unknown,Unknown,11.32,11.32,-0.0253,0.8671,88.5626,45.39
NA,NA,-1,Unknown,Unknown,Unknown,Unknown,11.43,11.43,-0.0268,0.8670,90.5913,45.38
NA,NA,-1,Unknown,Unknown,Unknown,Unknown,11.54,11.54,-0.0283,0.8675,92.6198,45.37
NA,NA,-1,Unknown,Unknown,Unknown,Unknown,11.65,11.65,-0.0301,0.8680,95.0533,45.36
NA,NA,-1,Unknown,Unknown,Unknown,Unknown,11.76,11.76,-0.0316,0.8682,97.0808,45.35
NA,NA,-1,Unknown,Unknown,Unknown,Unknown,11.86,11.86,-0.0331,0.8682,99.1076,45.34
NA,NA,-1,Unknown,Unknown,Unknown,Unknown,11.96,11.96,-0.0349,0.8682,101.5393,45.32
NA,NA,-1,Unknown,Unknown,Unknown,Unknown,12.06,12.06,-0.0363,0.8681,103.5651,45.31
NA,NA,-1,Unknown,Unknown,Unknown,Unknown,12.16,12.16,-0.0378,0.8681,105.5906,45.30
NA,NA,-1,Unknown,Unknown,Unknown,Unknown,12.27,12.27,-0.0392,0.8681,107.6155,45.29
NA,NA,-1,Unknown,Unknown,Unknown,Unknown,12.37,12.37,-0.0407,0.8681,109.6400,45.28
NA,NA,-1,Unknown,Unknown,Unknown,Unknown,12.47,12.47,-0.0421,0.8681,111.6641,45.27
NA,NA,-1,Unknown,Unknown,Unknown,Unknown,12.58,12.58,-0.0438,0.8681,114.0923,45.26
NA,NA,-1,Unknown,Unknown,Unknown,Unknown,12.68,12.68,-0.0453,0.8681,116.1154,45.25
NA,NA,-1,Unknown,Unknown,Unknown,Unknown,12.78,12.78,-0.0467,0.8681,118.1380,45.24
NA,NA,-1,Unknown,Unknown,Unknown,Unknown,12.89,12.89,-0.0481,0.8681,120.1604,45.25
NA,NA,-1,Unknown,Unknown,Unknown,Unknown,13.00,13.00,-0.0496,0.8682,122.1874,45.38
NA,NA,-1,Unknown,Unknown,Unknown,Unknown,13.10,13.10,-0.0510,0.8689,124.2275,45.71
NA,NA,-1,Unknown,Unknown,Unknown,Unknown,13.20,13.20,-0.0527,0.8704,126.7047,46.36
NA,NA,-1,Unknown,Unknown,Unknown,Unknown,13.30,13.30,-0.0543,0.8745,128.7910,47.00
NA,NA,-1,Unknown,Unknown,Unknown,Unknown,13.41,13.41,-0.0557,0.8704,130.9106,47.66
NA,NA,-1,Unknown,Unknown,Unknown,Unknown,13.52,13.52,-0.0570,0.8735,133.0575,48.32
NA,NA,-1,Unknown,Unknown,Unknown,Unknown,13.62,13.62,-0.0587,0.8701,135.6758,49.11
NA,NA,-1,Unknown,Unknown,Unknown,Unknown,13.73,13.73,-0.0599,0.8770,137.8876,49.77
NA,NA,-1,Unknown,Unknown,Unknown,Unknown,13.83,13.83,-0.0606,0.8724,140.1304,50.44
NA,NA,-1,Unknown,Unknown,Unknown,Unknown,13.94,13.94,-0.0604,0.8726,142.4000,51.09
NA,NA,-1,Unknown,Unknown,Unknown,Unknown,14.04,14.04,-0.0619,0.8743,144.7028,51.70
NA,NA,-1,Unknown,Unknown,Unknown,Unknown,14.14,14.14,-0.0629,0.8674,147.4925,52.22
NA,NA,-1,Unknown,Unknown,Unknown,Unknown,14.25,14.25,-0.0657,0.8705,149.8309,52.47
NA,NA,-1,Unknown,Unknown,Unknown,Unknown,14.35,14.35,-0.0653,0.8712,152.1840,52.78
NA,NA,-1,Unknown,Unknown,Unknown,Unknown,14.46,14.46,-0.0657,0.8711,154.5583,53.26
NA,NA,-1,Unknown,Unknown,Unknown,Unknown,14.56,14.56,-0.0656,0.8693,157.4361,53.98
NA,NA,-1,Unknown,Unknown,Unknown,Unknown,14.67,14.67,-0.0695,0.8721,159.8683,54.67
NA,NA,-1,Unknown,Unknown,Unknown,Unknown,14.78,14.78,-0.0689,0.8756,162.3281,55.26
NA,NA,-1,Unknown,Unknown,Unknown,Unknown,14.89,14.89,-0.0729,0.8697,165.3197,56.08
NA,NA,-1,Unknown,Unknown,Unknown,Unknown,14.99,14.99,-0.0711,0.8751,167.8417,56.68
NA,NA,-1,Unknown,Unknown,Unknown,Unknown,15.10,15.10,-0.0697,0.8728,170.3875,57.08
NA,NA,-1,Unknown,Unknown,Unknown,Unknown,15.20,15.20,-0.0711,0.8696,173.4576,57.32
NA,NA,-1,Unknown,Unknown,Unknown,Unknown,15.30,15.30,-0.0722,0.8685,176.0197,57.41
NA,NA,-1,Unknown,Unknown,Unknown,Unknown,15.41,15.41,-0.0729,0.8683,178.5900,57.61
NA,NA,-1,Unknown,Unknown,Unknown,Unknown,15.52,15.52,-0.0734,0.8688,181.1752,57.91
NA,NA,-1,Unknown,Unknown,Unknown,Unknown,15.62,15.62,-0.0737,0.8697,184.2910,58.15
NA,NA,-1,Unknown,Unknown,Unknown,Unknown,15.72,15.72,-0.0738,0.8698,186.8902,58.20
NA,NA,-1,Unknown,Unknown,Unknown,Unknown,15.83,15.83,-0.0738,0.8693,189.4910,58.26
NA,NA,-1,Unknown,Unknown,Unknown,Unknown,15.94,15.94,-0.0738,0.8688,192.1006,58.46
NA,NA,-1,Unknown,Unknown,Unknown,Unknown,16.05,16.05,-0.0737,0.8690,195.2477,58.73
NA,NA,-1,Unknown,Unknown,Unknown,Unknown,16.15,16.15,-0.0736,0.8694,197.8753,58.81
NA,NA,-1,Unknown,Unknown,Unknown,Unknown,16.26,16.26,-0.0735,0.8691,201.0288,58.84
NA,NA,-1,Unknown,Unknown,Unknown,Unknown,16.37,16.37,-0.0734,0.8687,203.6607,58.94
NA,NA,-1,Unknown,Unknown,Unknown,Unknown,16.48,16.48,-0.0734,0.8686,206.3025,59.14
NA,NA,-1,Unknown,Unknown,Unknown,Unknown,16.59,16.59,-0.0734,0.8690,209.4802,59.26
NA,NA,-1,Unknown,Unknown,Unknown,Unknown,16.70,16.70,-0.0733,0.8690,212.1286,59.28
NA,NA,-1,Unknown,Unknown,Unknown,Unknown,16.80,16.80,-0.0733,0.8686,215.3066,59.27
NA,NA,-1,Unknown,Unknown,Unknown,Unknown,16.91,16.91,-0.0734,0.8681,217.9550,59.25
NA,NA,-1,Unknown,Unknown,Unknown,Unknown,17.02,17.02,-0.0734,0.8678,221.1328,59.24
NA,NA,-1,Unknown,Unknown,Unknown,Unknown,17.12,17.12,-0.0735,0.8678,223.7812,59.25
NA,NA,-1,Unknown,Unknown,Unknown,Unknown,17.22,17.22,-0.0735,0.8681,226.4343,59.36
NA,NA,-1,Unknown,Unknown,Unknown,Unknown,17.33,17.33,-0.0736,0.8686,229.0907,59.42
NA,NA,-1,Unknown,Unknown,Unknown,Unknown,17.44,17.44,-0.0737,0.8687,231.7467,59.43
NA,NA,-1,Unknown,Unknown,Unknown,Unknown,17.54,17.54,-0.0738,0.8686,234.4023,59.42
NA,NA,-1,Unknown,Unknown,Unknown,Unknown,17.64,17.64,-0.0739,0.8683,237.0577,59.41
NA,NA,-1,Unknown,Unknown,Unknown,Unknown,17.74,17.74,-0.0740,0.8681,240.2472,59.50
NA,NA,-1,Unknown,Unknown,Unknown,Unknown,17.85,17.85,-0.0741,0.8685,242.9164,59.77
NA,NA,-1,Unknown,Unknown,Unknown,Unknown,17.96,17.96,-0.0742,0.8695,245.6002,60.09
NA,NA,-1,Unknown,Unknown,Unknown,Unknown,18.06,18.06,-0.0744,0.8703,248.2930,60.28
NA,NA,-1,Unknown,Unknown,Unknown,Unknown,18.17,18.17,-0.0745,0.8701,251.5267,60.35
NA,NA,-1,Unknown,Unknown,Unknown,Unknown,18.27,18.27,-0.0747,0.8692,254.2220,60.35
NA,NA,-1,Unknown,Unknown,Unknown,Unknown,18.38,18.38,-0.0749,0.8681,257.4571,60.33
NA,NA,-1,Unknown,Unknown,Unknown,Unknown,18.48,18.48,-0.0750,0.8677,260.1532,60.32
NA,NA,-1,Unknown,Unknown,Unknown,Unknown,18.60,18.60,-0.0752,0.8676,262.8491,60.30
NA,NA,-1,Unknown,Unknown,Unknown,Unknown,18.71,18.71,-0.0754,0.8678,266.0836,60.28
NA,NA,-1,Unknown,Unknown,Unknown,Unknown,18.81,18.81,-0.0756,0.8680,268.7782,60.27
NA,NA,-1,Unknown,Unknown,Unknown,Unknown,18.91,18.91,-0.0758,0.8681,271.4722,60.26
NA,NA,-1,Unknown,Unknown,Unknown,Unknown,19.02,19.02,-0.0760,0.8681,274.1655,60.24
NA,NA,-1,Unknown,Unknown,Unknown,Unknown,19.12,19.12,-0.0762,0.8681,276.8582,60.23
NA,NA,-1,Unknown,Unknown,Unknown,Unknown,19.22,19.22,-0.0764,0.8681,279.5504,60.22
NA,NA,-1,Unknown,Unknown,Unknown,Unknown,19.32,19.32,-0.0766,0.8680,282.2419,60.20
NA,NA,-1,Unknown,Unknown,Unknown,Unknown,19.42,19.42,-0.0768,0.8680,285.4709,60.19
NA,NA,-1,Unknown,Unknown,Unknown,Unknown,19.52,19.52,-0.0771,0.8680,288.1611,60.17
NA,NA,-1,Unknown,Unknown,Unknown,Unknown,19.63,19.63,-0.0773,0.8680,290.8506,60.16
NA,NA,-1,Unknown,Unknown,Unknown,Unknown,19.74,19.74,-0.0775,0.8680,293.5396,60.15
NA,NA,-1,Unknown,Unknown,Unknown,Unknown,19.84,19.84,-0.0777,0.8680,296.2280,60.13
NA,NA,-1,Unknown,Unknown,Unknown,Unknown,19.94,19.94,-0.0780,0.8680,299.4533,60.12
NA,NA,-1,Unknown,Unknown,Unknown,Unknown,20.04,20.04,-0.0782,0.8680,302.1403,60.10
NA,NA,-1,Unknown,Unknown,Unknown,Unknown,20.15,20.15,-0.0784,0.8680,304.8268,60.09
NA,NA,-1,Unknown,Unknown,Unknown,Unknown,20.25,20.25,-0.0786,0.8680,307.5126,60.08
NA,NA,-1,Unknown,Unknown,Unknown,Unknown,20.35,20.35,-0.0788,0.8680,310.1978,60.06
NA,NA,-1,Unknown,Unknown,Unknown,Unknown,20.45,20.45,-0.0790,0.8680,312.8825,60.05
NA,NA,-1,Unknown,Unknown,Unknown,Unknown,20.55,20.55,-0.0793,0.8680,315.5665,60.03
NA,NA,-1,Unknown,Unknown,Unknown,Unknown,20.66,20.66,-0.0795,0.8680,318.2499,60.02
NA,NA,-1,Unknown,Unknown,Unknown,Unknown,20.76,20.76,-0.0797,0.8680,320.9328,60.01
NA,NA,-1,Unknown,Unknown,Unknown,Unknown,20.86,20.86,-0.0799,0.8680,323.6150,59.99
NA,NA,-1,Unknown,Unknown,Unknown,Unknown,20.96,20.96,-0.0801,0.8680,326.8329,59.98
NA,NA,-1,Unknown,Unknown,Unknown,Unknown,21.06,21.06,-0.0803,0.8680,329.5138,59.96
NA,NA,-1,Unknown,Unknown,Unknown,Unknown,21.17,21.17,-0.0805,0.8680,332.1941,59.95
NA,NA,-1,Unknown,Unknown,Unknown,Unknown,21.28,21.28,-0.0807,0.8680,334.8737,59.94
NA,NA,-1,Unknown,Unknown,Unknown,Unknown,21.38,21.38,-0.0810,0.8680,338.0886,59.92
NA,NA,-1,Unknown,Unknown,Unknown,Unknown,21.48,21.48,-0.0812,0.8680,340.7670,59.91
NA,NA,-1,Unknown,Unknown,Unknown,Unknown,21.59,21.59,-0.0814,0.8680,343.4447,59.89
NA,NA,-1,Unknown,Unknown,Unknown,Unknown,21.70,21.70,-0.0816,0.8680,346.1219,59.88
NA,NA,-1,Unknown,Unknown,Unknown,Unknown,21.80,21.80,-0.0818,0.8680,349.3337,59.86
NA,NA,-1,Unknown,Unknown,Unknown,Unknown,21.91,21.91,-0.0820,0.8680,352.0096,59.85
NA,NA,-1,Unknown,Unknown,Unknown,Unknown,22.01,22.01,-0.0822,0.8680,354.6848,59.84
NA,NA,-1,Unknown,Unknown,Unknown,Unknown,22.11,22.11,-0.0824,0.8680,357.3594,59.82
NA,NA,-1,Unknown,Unknown,Unknown,Unknown,0.35,0.35,0.0022,0.8588,-0.0074,0.35
NA,NA,-1,Unknown,Unknown,Unknown,Unknown,0.51,0.51,0.0038,0.8724,-0.0085,0.10
NA,NA,-1,Unknown,Unknown,Unknown,Unknown,0.83,0.83,0.0025,0.8685,-0.0024,0.08
NA,NA,-1,Unknown,Unknown,Unknown,Unknown,0.93,0.93,0.0018,0.8669,-0.0015,0.05
NA,NA,-1,Unknown,Unknown,Unknown,Unknown,1.03,1.03,0.0011,0.8663,-0.0012,0.02
NA,NA,-1,Unknown,Unknown,Unknown,Unknown,1.14,1.14,0.0007,0.8665,-0.0015,0.02
NA,NA,-1,Unknown,Unknown,Unknown,Unknown,1.25,1.25,0.0005,0.8669,-0.0019,0.02
NA,NA,-1,Unknown,Unknown,Unknown,Unknown,1.36,1.36,0.0005,0.8673,-0.0023,0.02
NA,NA,-1,Unknown,Unknown,Unknown,Unknown,1.47,1.47,0.0007,0.8675,-0.0026,0.01
NA,NA,-1,Unknown,Unknown,Unknown,Unknown,1.57,1.57,0.0009,0.8676,-0.0027,0.01
NA,NA,-1,Unknown,Unknown,Unknown,Unknown,1.67,1.67,0.0010,0.8676,-0.0026,0.01
NA,NA,-1,Unknown,Unknown,Unknown,Unknown,1.79,1.79,0.0012,0.8675,-0.0026,0.01
NA,NA,-1,Unknown,Unknown,Unknown,Unknown,1.90,1.90,0.0013,0.8674,-0.0025,0.00
NA,NA,-1,Unknown,Unknown,Unknown,Unknown,2.01,2.01,0.0013,0.8674,-0.0024,0.00
NA,NA,-1,Unknown,Unknown,Unknown,Unknown,2.11,2.11,0.0013,0.8674,-0.0024,0.00
NA,NA,-1,Unknown,Unknown,Unknown,Unknown,2.21,2.21,0.0013,0.8674,-0.0024,0.00
NA,NA,-1,Unknown,Unknown,Unknown,Unknown,2.32,2.32,0.0012,0.8674,-0.0004,0.03
NA,NA,-1,Unknown,Unknown,Unknown,Unknown,2.43,2.43,0.0012,0.8678,0.0111,0.32
NA,NA,-1,Unknown,Unknown,Unknown,Unknown,2.53,2.53,0.0011,0.8686,0.0384,0.71
NA,NA,-1,Unknown,Unknown,Unknown,Unknown,2.63,2.63,0.0011,0.8705,0.0927,1.37
NA,NA,-1,Unknown,Unknown,Unknown,Unknown,2.74,2.74,0.0011,0.8697,0.1734,2.08
NA,NA,-1,Unknown,Unknown,Unknown,Unknown,2.85,2.85,0.0012,0.8701,0.3095,2.87
NA,NA,-1,Unknown,Unknown,Unknown,Unknown,2.96,2.96,0.0014,0.8699,0.4561,3.55
NA,NA,-1,Unknown,Unknown,Unknown,Unknown,3.06,3.06,0.0007,0.8698,0.6327,4.22
NA,NA,-1,Unknown,Unknown,Unknown,Unknown,3.16,3.16,0.0008,0.8702,0.8842,5.02
NA,NA,-1,Unknown,Unknown,Unknown,Unknown,3.27,3.27,0.0008,0.8701,1.1265,5.69
NA,NA,-1,Unknown,Unknown,Unknown,Unknown,3.38,3.38,0.0010,0.9116,1.4129,6.33
NA,NA,-1,Unknown,Unknown,Unknown,Unknown,3.48,3.48,0.0015,0.9190,1.7098,6.81
NA,NA,-1,Unknown,Unknown,Unknown,Unknown,3.59,3.59,0.0019,0.8641,2.0701,7.59
NA,NA,-1,Unknown,Unknown,Unknown,Unknown,3.69,3.69,0.0026,0.8432,2.4340,8.54
NA,NA,-1,Unknown,Unknown,Unknown,Unknown,3.79,3.79,0.0033,0.8529,2.8357,9.17
NA,NA,-1,Unknown,Unknown,Unknown,Unknown,3.89,3.89,0.0038,0.8674,3.2682,9.83
NA,NA,-1,Unknown,Unknown,Unknown,Unknown,4.00,4.00,0.0042,0.8686,3.7250,10.51
NA,NA,-1,Unknown,Unknown,Unknown,Unknown,4.10,4.10,0.0044,0.8705,4.3142,11.31
NA,NA,-1,Unknown,Unknown,Unknown,Unknown,4.20,4.20,0.0046,0.9021,4.8180,11.99
NA,NA,-1,Unknown,Unknown,Unknown,Unknown,4.31,4.31,0.0060,0.9048,5.3760,12.58
NA,NA,-1,Unknown,Unknown,Unknown,Unknown,4.41,4.41,0.0069,0.8645,5.9677,13.23
NA,NA,-1,Unknown,Unknown,Unknown,Unknown,4.51,4.51,0.0087,0.8686,6.5799,13.99
NA,NA,-1,Unknown,Unknown,Unknown,Unknown,4.61,4.61,0.0090,0.8710,7.2239,14.63
NA,NA,-1,Unknown,Unknown,Unknown,Unknown,4.71,4.71,0.0103,0.8697,7.8969,15.34
NA,NA,-1,Unknown,Unknown,Unknown,Unknown,4.81,4.81,0.0095,0.8698,8.6002,16.02
NA,NA,-1,Unknown,Unknown,Unknown,Unknown,4.92,4.92,0.0102,0.8711,9.3332,16.63
NA,NA,-1,Unknown,Unknown,Unknown,Unknown,5.02,5.02,0.0097,0.8703,10.0925,17.21
NA,NA,-1,Unknown,Unknown,Unknown,Unknown,5.12,5.12,0.0098,0.8704,10.8703,17.53
NA,NA,-1,Unknown,Unknown,Unknown,Unknown,5.22,5.22,0.0099,0.8701,11.8132,17.66
NA,NA,-1,Unknown,Unknown,Unknown,Unknown,5.32,5.32,0.0100,0.8693,12.5994,17.66
NA,NA,-1,Unknown,Unknown,Unknown,Unknown,5.42,5.42,0.0100,0.8683,13.3863,17.65
NA,NA,-1,Unknown,Unknown,Unknown,Unknown,5.54,5.54,0.0101,0.8677,14.1742,17.64
NA,NA,-1,Unknown,Unknown,Unknown,Unknown,5.64,5.64,0.0101,0.8676,15.1201,17.63
NA,NA,-1,Unknown,Unknown,Unknown,Unknown,5.74,5.74,0.0101,0.8678,15.9084,17.63
NA,NA,-1,Unknown,Unknown,Unknown,Unknown,5.85,5.85,0.0101,0.8680,16.6965,17.62
NA,NA,-1,Unknown,Unknown,Unknown,Unknown,5.95,5.95,0.0101,0.8681,17.4843,17.62
NA,NA,-1,Unknown,Unknown,Unknown,Unknown,6.05,6.05,0.0100,0.8682,18.2722,17.64
NA,NA,-1,Unknown,Unknown,Unknown,Unknown,6.15,6.15,0.0100,0.8684,19.0664,17.82
NA,NA,-1,Unknown,Unknown,Unknown,Unknown,6.26,6.26,0.0100,0.8691,19.8759,18.20
NA,NA,-1,Unknown,Unknown,Unknown,Unknown,6.36,6.36,0.0100,0.8705,20.7093,18.78
NA,NA,-1,Unknown,Unknown,Unknown,Unknown,6.46,6.46,0.0100,0.8722,21.5660,19.46
NA,NA,-1,Unknown,Unknown,Unknown,Unknown,6.56,6.56,0.0100,0.8703,22.6339,20.27
NA,NA,-1,Unknown,Unknown,Unknown,Unknown,6.67,6.67,0.0112,0.8700,23.5576,20.93
NA,NA,-1,Unknown,Unknown,Unknown,Unknown,6.78,6.78,0.0112,0.8704,24.5115,21.56
NA,NA,-1,Unknown,Unknown,Unknown,Unknown,6.88,6.88,0.0109,0.8701,25.4946,22.27
NA,NA,-1,Unknown,Unknown,Unknown,Unknown,6.98,6.98,0.0089,0.8704,26.7133,23.03
NA,NA,-1,Unknown,Unknown,Unknown,Unknown,7.09,7.09,0.0089,0.8698,27.7617,23.73
NA,NA,-1,Unknown,Unknown,Unknown,Unknown,7.19,7.19,0.0093,0.8712,28.8399,24.39
NA,NA,-1,Unknown,Unknown,Unknown,Unknown,7.30,7.30,0.0094,0.8703,29.9466,25.07
NA,NA,-1,Unknown,Unknown,Unknown,Unknown,7.40,7.40,0.0102,0.8708,31.0841,25.68
NA,NA,-1,Unknown,Unknown,Unknown,Unknown,7.50,7.50,0.0108,0.8720,32.2524,26.38
NA,NA,-1,Unknown,Unknown,Unknown,Unknown,7.60,7.60,0.0116,0.8710,33.6923,27.19
NA,NA,-1,Unknown,Unknown,Unknown,Unknown,7.71,7.71,0.0108,0.8715,34.9234,27.84
NA,NA,-1,Unknown,Unknown,Unknown,Unknown,7.81,7.81,0.0149,0.8695,36.1869,28.52
NA,NA,-1,Unknown,Unknown,Unknown,Unknown,7.92,7.92,0.0150,0.8714,37.4796,29.17
NA,NA,-1,Unknown,Unknown,Unknown,Unknown,8.02,8.02,0.0155,0.8694,39.0687,29.98
NA,NA,-1,Unknown,Unknown,Unknown,Unknown,8.13,8.13,0.0167,0.8734,40.4247,30.57
NA,NA,-1,Unknown,Unknown,Unknown,Unknown,8.23,8.23,0.0182,0.8705,41.8142,31.30
NA,NA,-1,Unknown,Unknown,Unknown,Unknown,8.34,8.34,0.0197,0.8704,43.2290,31.97
NA,NA,-1,Unknown,Unknown,Unknown,Unknown,8.44,8.44,0.0216,0.8727,44.9666,32.76
NA,NA,-1,Unknown,Unknown,Unknown,Unknown,8.55,8.55,0.0232,0.8704,46.4506,33.36
NA,NA,-1,Unknown,Unknown,Unknown,Unknown,8.65,8.65,0.0247,0.8730,47.9610,34.09
NA,NA,-1,Unknown,Unknown,Unknown,Unknown,8.76,8.76,0.0264,0.8698,49.5030,34.75
NA,NA,-1,Unknown,Unknown,Unknown,Unknown,8.86,8.86,0.0283,0.8717,51.3914,35.55
NA,NA,-1,Unknown,Unknown,Unknown,Unknown,8.97,8.97,0.0302,0.8717,52.9961,36.21
NA,NA,-1,Unknown,Unknown,Unknown,Unknown,9.07,9.07,0.0324,0.8727,54.6330,36.80
NA,NA,-1,Unknown,Unknown,Unknown,Unknown,9.18,9.18,0.0350,0.8748,56.6347,37.66
NA,NA,-1,Unknown,Unknown,Unknown,Unknown,9.28,9.28,0.0373,0.8714,58.3357,38.33
NA,NA,-1,Unknown,Unknown,Unknown,Unknown,9.39,9.39,0.0400,0.8716,60.0644,38.98
NA,NA,-1,Unknown,Unknown,Unknown,Unknown,9.49,9.49,0.0427,0.8717,61.8280,39.65
NA,NA,-1,Unknown,Unknown,Unknown,Unknown,9.60,9.60,0.0455,0.8734,63.6149,40.31
NA,NA,-1,Unknown,Unknown,Unknown,Unknown,9.70,9.70,0.0489,0.8689,65.8033,41.11
NA,NA,-1,Unknown,Unknown,Unknown,Unknown,9.81,9.81,0.0517,0.8747,67.6556,41.69
NA,NA,-1,Unknown,Unknown,Unknown,Unknown,9.91,9.91,0.0547,0.8709,69.5424,42.43
NA,NA,-1,Unknown,Unknown,Unknown,Unknown,10.02,10.02,0.0575,0.8755,71.4542,43.08
NA,NA,-1,Unknown,Unknown,Unknown,Unknown,10.12,10.12,0.0609,0.8723,73.7895,43.88
NA,NA,-1,Unknown,Unknown,Unknown,Unknown,10.23,10.23,0.0635,0.8737,75.7662,44.52
NA,NA,-1,Unknown,Unknown,Unknown,Unknown,10.34,10.34,0.0684,0.8699,78.1796,45.25
NA,NA,-1,Unknown,Unknown,Unknown,Unknown,10.44,10.44,0.0679,0.8694,80.2235,46.00
NA,NA,-1,Unknown,Unknown,Unknown,Unknown,10.54,10.54,0.0749,0.8728,82.2979,46.63
NA,NA,-1,Unknown,Unknown,Unknown,Unknown,10.65,10.65,0.0756,0.8682,84.4000,47.31
NA,NA,-1,Unknown,Unknown,Unknown,Unknown,10.76,10.76,0.0803,0.8730,86.5307,47.96
NA,NA,-1,Unknown,Unknown,Unknown,Unknown,10.86,10.86,0.0862,0.8691,89.1296,48.75
NA,NA,-1,Unknown,Unknown,Unknown,Unknown,10.96,10.96,0.0917,0.8755,91.3232,49.34
NA,NA,-1,Unknown,Unknown,Unknown,Unknown,11.07,11.07,0.0973,0.8715,93.5522,50.08
NA,NA,-1,Unknown,Unknown,Unknown,Unknown,11.18,11.18,0.1029,0.8737,95.8043,50.73
NA,NA,-1,Unknown,Unknown,Unknown,Unknown,11.28,11.28,0.1086,0.8719,98.0918,51.33
NA,NA,-1,Unknown,Unknown,Unknown,Unknown,11.38,11.38,0.1143,0.8753,100.4044,52.05
NA,NA,-1,Unknown,Unknown,Unknown,Unknown,11.49,11.49,0.1211,0.8724,103.2213,52.83
NA,NA,-1,Unknown,Unknown,Unknown,Unknown,11.59,11.59,0.1268,0.8757,105.5990,53.48
NA,NA,-1,Unknown,Unknown,Unknown,Unknown,11.70,11.70,0.1322,0.8727,108.0074,54.14
NA,NA,-1,Unknown,Unknown,Unknown,Unknown,11.80,11.80,0.1386,0.8762,110.9354,54.87
NA,NA,-1,Unknown,Unknown,Unknown,Unknown,11.91,11.91,0.1437,0.8745,113.4096,55.59
NA,NA,-1,Unknown,Unknown,Unknown,Unknown,12.01,12.01,0.1491,0.8714,115.9110,56.21
NA,NA,-1,Unknown,Unknown,Unknown,Unknown,12.11,12.11,0.1540,0.8768,118.4355,56.67
NA,NA,-1,Unknown,Unknown,Unknown,Unknown,12.21,12.21,0.1591,0.8758,120.9777,56.95
NA,NA,-1,Unknown,Unknown,Unknown,Unknown,12.31,12.31,0.1642,0.8726,123.5250,57.04
NA,NA,-1,Unknown,Unknown,Unknown,Unknown,12.41,12.41,0.1692,0.8697,126.0729,57.06
NA,NA,-1,Unknown,Unknown,Unknown,Unknown,12.52,12.52,0.1743,0.8678,128.6214,57.05
NA,NA,-1,Unknown,Unknown,Unknown,Unknown,12.62,12.62,0.1793,0.8671,131.1703,57.04
NA,NA,-1,Unknown,Unknown,Unknown,Unknown,12.72,12.72,0.1854,0.8672,134.2293,57.02
NA,NA,-1,Unknown,Unknown,Unknown,Unknown,12.82,12.82,0.1904,0.8676,136.7780,57.00
NA,NA,-1,Unknown,Unknown,Unknown,Unknown,12.93,12.93,0.1955,0.8680,139.3261,56.99
NA,NA,-1,Unknown,Unknown,Unknown,Unknown,13.03,13.03,0.2006,0.8681,141.8736,56.98
NA,NA,-1,Unknown,Unknown,Unknown,Unknown,13.13,13.13,0.2058,0.8682,144.4205,56.97
NA,NA,-1,Unknown,Unknown,Unknown,Unknown,13.24,13.24,0.2109,0.8681,146.9668,56.95
NA,NA,-1,Unknown,Unknown,Unknown,Unknown,13.35,13.35,0.2171,0.8681,150.0215,56.94
NA,NA,-1,Unknown,Unknown,Unknown,Unknown,13.45,13.45,0.2223,0.8680,152.5666,56.93
NA,NA,-1,Unknown,Unknown,Unknown,Unknown,13.55,13.55,0.2275,0.8681,155.1141,57.02
NA,NA,-1,Unknown,Unknown,Unknown,Unknown,13.66,13.66,0.2328,0.8686,157.6719,57.28
NA,NA,-1,Unknown,Unknown,Unknown,Unknown,13.76,13.76,0.2392,0.8699,160.7668,57.86
NA,NA,-1,Unknown,Unknown,Unknown,Unknown,13.87,13.87,0.2445,0.8764,163.3661,58.42
NA,NA,-1,Unknown,Unknown,Unknown,Unknown,13.97,13.97,0.2499,0.8765,165.9987,59.11
NA,NA,-1,Unknown,Unknown,Unknown,Unknown,14.08,14.08,0.2554,0.8728,168.6581,59.78
NA,NA,-1,Unknown,Unknown,Unknown,Unknown,14.19,14.19,0.2620,0.8752,171.8864,60.54
NA,NA,-1,Unknown,Unknown,Unknown,Unknown,14.29,14.29,0.2676,0.8701,174.6142,61.16
NA,NA,-1,Unknown,Unknown,Unknown,Unknown,14.40,14.40,0.2743,0.8761,177.9193,62.00
NA,NA,-1,Unknown,Unknown,Unknown,Unknown,14.51,14.51,0.2800,0.8705,180.7099,62.66
NA,NA,-1,Unknown,Unknown,Unknown,Unknown,14.61,14.61,0.2856,0.8782,183.5244,63.24
NA,NA,-1,Unknown,Unknown,Unknown,Unknown,14.73,14.73,0.2925,0.8741,186.9476,64.10
NA,NA,-1,Unknown,Unknown,Unknown,Unknown,14.83,14.83,0.2983,0.8744,189.8272,64.75
NA,NA,-1,Unknown,Unknown,Unknown,Unknown,14.93,14.93,0.3044,0.8765,192.7385,65.35
NA,NA,-1,Unknown,Unknown,Unknown,Unknown,15.04,15.04,0.3106,0.8705,195.6826,66.04
NA,NA,-1,Unknown,Unknown,Unknown,Unknown,15.14,15.14,0.3164,0.8716,199.2459,66.85
NA,NA,-1,Unknown,Unknown,Unknown,Unknown,15.25,15.25,0.3227,0.8710,202.2564,67.48
NA,NA,-1,Unknown,Unknown,Unknown,Unknown,15.36,15.36,0.3265,0.8739,205.2851,68.14
NA,NA,-1,Unknown,Unknown,Unknown,Unknown,15.47,15.47,0.3322,0.8710,208.9691,68.90
NA,NA,-1,Unknown,Unknown,Unknown,Unknown,15.57,15.57,0.3358,0.8785,212.0646,69.58
NA,NA,-1,Unknown,Unknown,Unknown,Unknown,15.67,15.67,0.3392,0.8747,215.1929,70.22
NA,NA,-1,Unknown,Unknown,Unknown,Unknown,15.77,15.77,0.3429,0.8726,218.3500,70.86
NA,NA,-1,Unknown,Unknown,Unknown,Unknown,15.88,15.88,0.3461,0.8770,221.5334,71.48
NA,NA,-1,Unknown,Unknown,Unknown,Unknown,15.99,15.99,0.3506,0.8709,225.3852,71.97
NA,NA,-1,Unknown,Unknown,Unknown,Unknown,16.09,16.09,0.3547,0.8665,228.6092,72.20
NA,NA,-1,Unknown,Unknown,Unknown,Unknown,16.19,16.19,0.3591,0.8662,231.8363,72.25
NA,NA,-1,Unknown,Unknown,Unknown,Unknown,16.30,16.30,0.3647,0.8670,235.7026,72.06
NA,NA,-1,Unknown,Unknown,Unknown,Unknown,16.42,16.42,0.3697,0.8669,238.9096,71.68
NA,NA,-1,Unknown,Unknown,Unknown,Unknown,16.52,16.52,0.3761,0.8643,242.7288,71.03
NA,NA,-1,Unknown,Unknown,Unknown,Unknown,16.62,16.62,0.3815,0.8587,245.8837,70.31
NA,NA,-1,Unknown,Unknown,Unknown,Unknown,16.73,16.73,0.3882,0.8586,249.0099,69.65
NA,NA,-1,Unknown,Unknown,Unknown,Unknown,16.83,16.83,0.3951,0.8583,252.1060,68.96
NA,NA,-1,Unknown,Unknown,Unknown,Unknown,16.94,16.94,0.4022,0.8586,255.1708,68.30
NA,NA,-1,Unknown,Unknown,Unknown,Unknown,17.04,17.04,0.4091,0.8584,258.2056,67.61
NA,NA,-1,Unknown,Unknown,Unknown,Unknown,17.14,17.14,0.4157,0.8592,261.2080,66.94
NA,NA,-1,Unknown,Unknown,Unknown,Unknown,17.24,17.24,0.4236,0.8586,264.7718,66.08
NA,NA,-1,Unknown,Unknown,Unknown,Unknown,17.35,17.35,0.4302,0.8593,267.7057,65.41
NA,NA,-1,Unknown,Unknown,Unknown,Unknown,17.45,17.45,0.4367,0.8590,270.6099,64.72
NA,NA,-1,Unknown,Unknown,Unknown,Unknown,17.56,17.56,0.4435,0.8606,273.4812,63.94
NA,NA,-1,Unknown,Unknown,Unknown,Unknown,17.66,17.66,0.4517,0.8591,276.8883,63.18
NA,NA,-1,Unknown,Unknown,Unknown,Unknown,17.76,17.76,0.4588,0.8607,279.6909,62.41
NA,NA,-1,Unknown,Unknown,Unknown,Unknown,17.87,17.87,0.4662,0.8604,282.4641,61.72
NA,NA,-1,Unknown,Unknown,Unknown,Unknown,17.97,17.97,0.4738,0.8602,285.2060,61.02
NA,NA,-1,Unknown,Unknown,Unknown,Unknown,18.07,18.07,0.4818,0.8600,287.9167,60.33
NA,NA,-1,Unknown,Unknown,Unknown,Unknown,18.18,18.18,0.4901,0.8598,290.5963,59.63
NA,NA,-1,Unknown,Unknown,Unknown,Unknown,18.29,18.29,0.5007,0.8601,293.7701,58.81
NA,NA,-1,Unknown,Unknown,Unknown,Unknown,18.39,18.39,0.5100,0.8590,296.3846,58.22
NA,NA,-1,Unknown,Unknown,Unknown,Unknown,18.50,18.50,0.5199,0.8599,298.9753,57.81
NA,NA,-1,Unknown,Unknown,Unknown,Unknown,18.60,18.60,0.5302,0.8588,301.5542,57.60
NA,NA,-1,Unknown,Unknown,Unknown,Unknown,18.70,18.70,0.5430,0.8554,304.6445,57.56
NA,NA,-1,Unknown,Unknown,Unknown,Unknown,18.81,18.81,0.5551,0.8536,307.2250,57.73
NA,NA,-1,Unknown,Unknown,Unknown,Unknown,18.91,18.91,0.5673,0.8604,309.8224,58.10
NA,NA,-1,Unknown,Unknown,Unknown,Unknown,19.01,19.01,0.5803,0.8680,312.4367,58.50
NA,NA,-1,Unknown,Unknown,Unknown,Unknown,19.11,19.11,0.5925,0.8757,315.0592,58.78
NA,NA,-1,Unknown,Unknown,Unknown,Unknown,19.21,19.21,0.6088,0.8741,317.6884,58.91
NA,NA,-1,Unknown,Unknown,Unknown,Unknown,19.31,19.31,0.6239,0.8710,320.3203,58.93
NA,NA,-1,Unknown,Unknown,Unknown,Unknown,19.42,19.42,0.6423,0.8681,323.4794,58.92
NA,NA,-1,Unknown,Unknown,Unknown,Unknown,19.52,19.52,0.6576,0.8671,326.1123,58.91
NA,NA,-1,Unknown,Unknown,Unknown,Unknown,19.62,19.62,0.6730,0.8671,328.7451,58.89
NA,NA,-1,Unknown,Unknown,Unknown,Unknown,19.73,19.73,0.6884,0.8675,331.3774,58.88
NA,NA,-1,Unknown,Unknown,Unknown,Unknown,19.83,19.83,0.7037,0.8679,334.0092,58.86
NA,NA,-1,Unknown,Unknown,Unknown,Unknown,19.93,19.93,0.7189,0.8681,336.6403,58.85
NA,NA,-1,Unknown,Unknown,Unknown,Unknown,20.04,20.04,0.7340,0.8682,339.2707,58.84
NA,NA,-1,Unknown,Unknown,Unknown,Unknown,20.14,20.14,0.7490,0.8681,341.9006,58.82
NA,NA,-1,Unknown,Unknown,Unknown,Unknown,20.24,20.24,0.7639,0.8681,344.5298,58.81
NA,NA,-1,Unknown,Unknown,Unknown,Unknown,20.34,20.34,0.7816,0.8680,347.6842,58.80
NA,NA,-1,Unknown,Unknown,Unknown,Unknown,20.44,20.44,0.7963,0.8680,350.3122,58.78
NA,NA,-1,Unknown,Unknown,Unknown,Unknown,20.55,20.55,0.8109,0.8680,352.9399,58.79
NA,NA,-1,Unknown,Unknown,Unknown,Unknown,20.65,20.65,0.8254,0.8681,355.5688,58.80
NA,NA,-1,Unknown,Unknown,Unknown,Unknown,20.76,20.76,0.8399,0.8682,358.1973,58.80
NA,NA,-1,Unknown,Unknown,Unknown,Unknown,20.86,20.86,0.8543,0.8682,360.8253,58.79
NA,NA,-1,Unknown,Unknown,Unknown,Unknown,20.96,20.96,0.8715,0.8681,363.9781,58.77
NA,NA,-1,Unknown,Unknown,Unknown,Unknown,21.07,21.07,0.8858,0.8680,366.6049,58.76
NA,NA,-1,Unknown,Unknown,Unknown,Unknown,21.17,21.17,0.9001,0.8680,369.2311,58.74
NA,NA,-1,Unknown,Unknown,Unknown,Unknown,21.28,21.28,0.9143,0.8680,371.8568,58.73
NA,NA,-1,Unknown,Unknown,Unknown,Unknown,21.38,21.38,0.9314,0.8680,375.0069,58.71
NA,NA,-1,Unknown,Unknown,Unknown,Unknown,21.49,21.49,0.9456,0.8680,377.6313,58.70
NA,NA,-1,Unknown,Unknown,Unknown,Unknown,21.59,21.59,0.9598,0.8680,380.2551,58.69
NA,NA,-1,Unknown,Unknown,Unknown,Unknown,21.70,21.70,0.9768,0.8681,383.4029,58.67
NA,NA,-1,Unknown,Unknown,Unknown,Unknown,21.81,21.81,0.9910,0.8680,386.0254,58.66
NA,NA,-1,Unknown,Unknown,Unknown,Unknown,21.92,21.92,1.0051,0.8680,388.6473,58.65
NA,NA,-1,Unknown,Unknown,Unknown,Unknown,22.02,22.02,1.0193,0.8680,391.2686,58.63
NA,NA,-1,Unknown,Unknown,Unknown,Unknown,22.12,22.12,1.0362,0.8680,394.4135,58.62
NA,NA,-1,Unknown,Unknown,Unknown,Unknown,22.22,22.22,1.0504,0.8680,397.0335,58.60
NA,NA,-1,Unknown,Unknown,Unknown,Unknown,22.32,22.32,1.0645,0.8680,399.6529,58.59
NA,NA,-1,Unknown,Unknown,Unknown,Unknown,22.42,22.42,1.0787,0.8680,402.2718,58.58
NA,NA,-1,Unknown,Unknown,Unknown,Unknown,0.35,0.35,0.0022,0.8588,-0.0074,0.35
NA,NA,-1,Unknown,Unknown,Unknown,Unknown,0.46,0.46,0.0036,0.8706,-0.0089,0.15
NA,NA,-1,Unknown,Unknown,Unknown,Unknown,0.57,0.57,0.0039,0.8735,-0.0076,0.08
NA,NA,-1,Unknown,Unknown,Unknown,Unknown,0.67,0.67,0.0036,0.8723,-0.0054,0.10
NA,NA,-1,Unknown,Unknown,Unknown,Unknown,0.77,0.77,0.0029,0.8699,-0.0034,0.10
NA,NA,-1,Unknown,Unknown,Unknown,Unknown,0.88,0.88,0.0022,0.8677,-0.0019,0.07
NA,NA,-1,Unknown,Unknown,Unknown,Unknown,0.98,0.98,0.0014,0.8667,0.0049,0.20
NA,NA,-1,Unknown,Unknown,Unknown,Unknown,1.09,1.09,0.0008,0.8672,0.0264,0.56
NA,NA,-1,Unknown,Unknown,Unknown,Unknown,1.19,1.19,0.0004,0.8688,0.0709,1.13
NA,NA,-1,Unknown,Unknown,Unknown,Unknown,1.30,1.30,-0.0004,0.8694,0.1572,1.94
NA,NA,-1,Unknown,Unknown,Unknown,Unknown,1.41,1.41,0.0004,0.8699,0.2620,2.61
NA,NA,-1,Unknown,Unknown,Unknown,Unknown,1.51,1.51,-0.0004,0.8699,0.3965,3.28
NA,NA,-1,Unknown,Unknown,Unknown,Unknown,1.62,1.62,0.0002,0.8700,0.5611,3.95
NA,NA,-1,Unknown,Unknown,Unknown,Unknown,1.72,1.72,-0.0004,0.8700,0.7556,4.62
NA,NA,-1,Unknown,Unknown,Unknown,Unknown,1.82,1.82,0.0000,0.8701,0.9802,5.29
NA,NA,-1,Unknown,Unknown,Unknown,Unknown,1.92,1.92,0.0007,0.9024,1.2998,6.07
NA,NA,-1,Unknown,Unknown,Unknown,Unknown,2.02,2.02,0.0012,0.9214,1.5938,6.64
NA,NA,-1,Unknown,Unknown,Unknown,Unknown,2.13,2.13,0.0020,0.8985,1.8906,7.10
NA,NA,-1,Unknown,Unknown,Unknown,Unknown,2.23,2.23,0.0025,0.8468,2.2141,8.19
NA,NA,-1,Unknown,Unknown,Unknown,Unknown,2.34,2.34,0.0027,0.8456,2.5933,8.78
NA,NA,-1,Unknown,Unknown,Unknown,Unknown,2.44,2.44,0.0038,0.8618,3.0942,9.56
NA,NA,-1,Unknown,Unknown,Unknown,Unknown,2.55,2.55,0.0043,0.8715,3.5415,10.14
NA,NA,-1,Unknown,Unknown,Unknown,Unknown,2.66,2.66,0.0047,0.8706,4.0171,10.92
NA,NA,-1,Unknown,Unknown,Unknown,Unknown,2.76,2.76,0.0051,0.8711,4.5223,11.53
NA,NA,-1,Unknown,Unknown,Unknown,Unknown,2.87,2.87,0.0064,0.9054,5.1522,12.39
NA,NA,-1,Unknown,Unknown,Unknown,Unknown,2.97,2.97,0.0081,0.8838,5.7291,12.81
NA,NA,-1,Unknown,Unknown,Unknown,Unknown,3.07,3.07,0.0095,0.8688,6.3346,13.73
NA,NA,-1,Unknown,Unknown,Unknown,Unknown,3.18,3.18,0.0113,0.8721,6.9674,14.39
NA,NA,-1,Unknown,Unknown,Unknown,Unknown,3.28,3.28,0.0126,0.8714,7.6279,15.07
NA,NA,-1,Unknown,Unknown,Unknown,Unknown,3.38,3.38,0.0146,0.8696,8.4608,15.88
NA,NA,-1,Unknown,Unknown,Unknown,Unknown,3.49,3.49,0.0145,0.8703,9.1875,16.50
NA,NA,-1,Unknown,Unknown,Unknown,Unknown,3.59,3.59,0.0157,0.8713,9.9453,17.20
NA,NA,-1,Unknown,Unknown,Unknown,Unknown,3.70,3.70,0.0185,0.8696,10.7307,17.84
NA,NA,-1,Unknown,Unknown,Unknown,Unknown,3.80,3.80,0.0191,0.8701,11.5480,18.53
NA,NA,-1,Unknown,Unknown,Unknown,Unknown,3.90,3.90,0.0190,0.8698,12.5673,19.34
NA,NA,-1,Unknown,Unknown,Unknown,Unknown,4.00,4.00,0.0198,0.8709,13.4481,20.01
NA,NA,-1,Unknown,Unknown,Unknown,Unknown,4.11,4.11,0.0206,0.8726,14.3608,20.67
NA,NA,-1,Unknown,Unknown,Unknown,Unknown,4.21,4.21,0.0214,0.8692,15.3029,21.34
NA,NA,-1,Unknown,Unknown,Unknown,Unknown,4.32,4.32,0.0223,0.8707,16.2725,22.00
NA,NA,-1,Unknown,Unknown,Unknown,Unknown,4.42,4.42,0.0233,0.8733,17.4789,22.80
NA,NA,-1,Unknown,Unknown,Unknown,Unknown,4.52,4.52,0.0236,0.8713,18.5150,23.47
NA,NA,-1,Unknown,Unknown,Unknown,Unknown,4.63,4.63,0.0244,0.8704,19.5810,24.14
NA,NA,-1,Unknown,Unknown,Unknown,Unknown,4.73,4.73,0.0251,0.8737,20.6782,24.79
NA,NA,-1,Unknown,Unknown,Unknown,Unknown,4.84,4.84,0.0260,0.8700,21.8047,25.47
NA,NA,-1,Unknown,Unknown,Unknown,Unknown,4.94,4.94,0.0269,0.8712,22.9583,26.13
NA,NA,-1,Unknown,Unknown,Unknown,Unknown,5.04,5.04,0.0280,0.8731,24.3843,26.85
NA,NA,-1,Unknown,Unknown,Unknown,Unknown,5.15,5.15,0.0289,0.8708,25.6074,27.59
NA,NA,-1,Unknown,Unknown,Unknown,Unknown,5.25,5.25,0.0299,0.8715,26.8558,28.26
NA,NA,-1,Unknown,Unknown,Unknown,Unknown,5.36,5.36,0.0308,0.8718,28.1368,28.84
NA,NA,-1,Unknown,Unknown,Unknown,Unknown,5.46,5.46,0.0319,0.8710,29.7144,29.71
NA,NA,-1,Unknown,Unknown,Unknown,Unknown,5.57,5.57,0.0329,0.8709,31.0584,30.38
NA,NA,-1,Unknown,Unknown,Unknown,Unknown,5.67,5.67,0.0339,0.8736,32.4336,31.04
NA,NA,-1,Unknown,Unknown,Unknown,Unknown,5.77,5.77,0.0347,0.8694,33.8389,31.71
NA,NA,-1,Unknown,Unknown,Unknown,Unknown,5.87,5.87,0.0365,0.8742,35.2729,32.33
NA,NA,-1,Unknown,Unknown,Unknown,Unknown,5.98,5.98,0.0363,0.8705,36.7388,33.03
NA,NA,-1,Unknown,Unknown,Unknown,Unknown,6.08,6.08,0.0377,0.8723,38.5326,33.83
NA,NA,-1,Unknown,Unknown,Unknown,Unknown,6.19,6.19,0.0389,0.8715,40.0616,34.47
NA,NA,-1,Unknown,Unknown,Unknown,Unknown,6.30,6.30,0.0399,0.8714,41.6232,35.15
NA,NA,-1,Unknown,Unknown,Unknown,Unknown,6.40,6.40,0.0412,0.8722,43.5315,35.95
NA,NA,-1,Unknown,Unknown,Unknown,Unknown,6.51,6.51,0.0423,0.8704,45.1546,36.56
NA,NA,-1,Unknown,Unknown,Unknown,Unknown,6.61,6.61,0.0434,0.8732,46.8017,37.03
NA,NA,-1,Unknown,Unknown,Unknown,Unknown,6.72,6.72,0.0444,0.8730,48.4649,37.31
NA,NA,-1,Unknown,Unknown,Unknown,Unknown,6.82,6.82,0.0457,0.8714,50.4801,37.76
NA,NA,-1,Unknown,Unknown,Unknown,Unknown,6.93,6.93,0.0468,0.8707,52.1789,38.11
NA,NA,-1,Unknown,Unknown,Unknown,Unknown,7.06,7.06,0.0480,0.8702,54.2287,38.31
NA,NA,-1,Unknown,Unknown,Unknown,Unknown,7.16,7.16,0.0490,0.8695,55.9383,38.32
NA,NA,-1,Unknown,Unknown,Unknown,Unknown,7.26,7.26,0.0502,0.8684,57.9907,38.31
NA,NA,-1,Unknown,Unknown,Unknown,Unknown,7.36,7.36,0.0512,0.8677,59.7019,38.30
NA,NA,-1,Unknown,Unknown,Unknown,Unknown,7.48,7.48,0.0522,0.8675,61.4135,38.29
NA,NA,-1,Unknown,Unknown,Unknown,Unknown,7.58,7.58,0.0534,0.8677,63.4671,38.27
NA,NA,-1,Unknown,Unknown,Unknown,Unknown,7.69,7.69,0.0543,0.8679,65.1780,38.26
NA,NA,-1,Unknown,Unknown,Unknown,Unknown,7.79,7.79,0.0553,0.8681,66.8885,38.26
NA,NA,-1,Unknown,Unknown,Unknown,Unknown,7.90,7.90,0.0563,0.8682,68.5998,38.30
NA,NA,-1,Unknown,Unknown,Unknown,Unknown,8.00,8.00,0.0575,0.8686,70.6651,38.59
NA,NA,-1,Unknown,Unknown,Unknown,Unknown,8.10,8.10,0.0585,0.8696,72.4062,39.05
NA,NA,-1,Unknown,Unknown,Unknown,Unknown,8.21,8.21,0.0594,0.8742,74.1686,39.60
NA,NA,-1,Unknown,Unknown,Unknown,Unknown,8.32,8.32,0.0605,0.8745,75.9605,40.34
NA,NA,-1,Unknown,Unknown,Unknown,Unknown,8.42,8.42,0.0616,0.8732,78.1476,41.14
NA,NA,-1,Unknown,Unknown,Unknown,Unknown,8.53,8.53,0.0627,0.8725,80.0032,41.79
NA,NA,-1,Unknown,Unknown,Unknown,Unknown,8.63,8.63,0.0639,0.8736,81.8890,42.44
NA,NA,-1,Unknown,Unknown,Unknown,Unknown,8.73,8.73,0.0649,0.8725,83.8036,43.09
NA,NA,-1,Unknown,Unknown,Unknown,Unknown,8.83,8.83,0.0658,0.8742,85.7486,43.76
NA,NA,-1,Unknown,Unknown,Unknown,Unknown,8.94,8.94,0.0666,0.8734,87.7161,44.24
NA,NA,-1,Unknown,Unknown,Unknown,Unknown,9.04,9.04,0.0674,0.8694,90.1019,44.59
NA,NA,-1,Unknown,Unknown,Unknown,Unknown,9.14,9.14,0.0681,0.8683,92.0958,44.67
NA,NA,-1,Unknown,Unknown,Unknown,Unknown,9.25,9.25,0.0687,0.8681,94.0928,44.77
NA,NA,-1,Unknown,Unknown,Unknown,Unknown,9.35,9.35,0.0693,0.8684,96.1014,45.04
NA,NA,-1,Unknown,Unknown,Unknown,Unknown,9.46,9.46,0.0699,0.8694,98.1302,45.51
NA,NA,-1,Unknown,Unknown,Unknown,Unknown,9.56,9.56,0.0706,0.8749,100.5932,46.22
NA,NA,-1,Unknown,Unknown,Unknown,Unknown,9.66,9.66,0.0712,0.8733,102.6790,46.85
NA,NA,-1,Unknown,Unknown,Unknown,Unknown,9.77,9.77,0.0719,0.8730,104.7910,47.49
NA,NA,-1,Unknown,Unknown,Unknown,Unknown,9.87,9.87,0.0725,0.8764,106.9242,47.87
NA,NA,-1,Unknown,Unknown,Unknown,Unknown,9.98,9.98,0.0731,0.8747,109.0697,48.07
NA,NA,-1,Unknown,Unknown,Unknown,Unknown,10.08,10.08,0.0738,0.8713,111.6565,48.38
NA,NA,-1,Unknown,Unknown,Unknown,Unknown,10.19,10.19,0.0744,0.8698,113.8321,48.82
NA,NA,-1,Unknown,Unknown,Unknown,Unknown,10.30,10.30,0.0751,0.8754,116.4719,49.47
NA,NA,-1,Unknown,Unknown,Unknown,Unknown,10.41,10.41,0.0757,0.8741,118.7050,50.19
NA,NA,-1,Unknown,Unknown,Unknown,Unknown,10.51,10.51,0.0763,0.8708,120.9631,50.76
NA,NA,-1,Unknown,Unknown,Unknown,Unknown,10.62,10.62,0.0768,0.8751,123.2415,51.15
NA,NA,-1,Unknown,Unknown,Unknown,Unknown,10.72,10.72,0.0774,0.8738,125.9922,51.35
NA,NA,-1,Unknown,Unknown,Unknown,Unknown,10.82,10.82,0.0779,0.8710,128.2867,51.38
NA,NA,-1,Unknown,Unknown,Unknown,Unknown,10.93,10.93,0.0784,0.8687,130.5813,51.38
NA,NA,-1,Unknown,Unknown,Unknown,Unknown,11.03,11.03,0.0789,0.8675,132.8764,51.36
NA,NA,-1,Unknown,Unknown,Unknown,Unknown,11.14,11.14,0.0793,0.8672,135.1717,51.35
NA,NA,-1,Unknown,Unknown,Unknown,Unknown,11.24,11.24,0.0797,0.8674,137.4669,51.34
NA,NA,-1,Unknown,Unknown,Unknown,Unknown,11.34,11.34,0.0801,0.8678,140.2204,51.32
NA,NA,-1,Unknown,Unknown,Unknown,Unknown,11.45,11.45,0.0804,0.8681,142.5153,51.34
NA,NA,-1,Unknown,Unknown,Unknown,Unknown,11.55,11.55,0.0808,0.8684,144.8162,51.51
NA,NA,-1,Unknown,Unknown,Unknown,Unknown,11.65,11.65,0.0811,0.8692,147.1318,51.88
NA,NA,-1,Unknown,Unknown,Unknown,Unknown,11.76,11.76,0.0814,0.8704,149.4700,52.43
NA,NA,-1,Unknown,Unknown,Unknown,Unknown,11.86,11.86,0.0817,0.8751,151.8262,53.02
NA,NA,-1,Unknown,Unknown,Unknown,Unknown,11.96,11.96,0.0821,0.8715,154.6895,53.57
NA,NA,-1,Unknown,Unknown,Unknown,Unknown,12.07,12.07,0.0825,0.8665,157.0920,53.85
NA,NA,-1,Unknown,Unknown,Unknown,Unknown,12.18,12.18,0.0828,0.8660,159.4996,53.92
NA,NA,-1,Unknown,Unknown,Unknown,Unknown,12.28,12.28,0.0830,0.8670,161.9078,53.93
NA,NA,-1,Unknown,Unknown,Unknown,Unknown,12.39,12.39,0.0833,0.8679,164.7984,53.92
NA,NA,-1,Unknown,Unknown,Unknown,Unknown,12.49,12.49,0.0835,0.8681,167.2076,53.90
NA,NA,-1,Unknown,Unknown,Unknown,Unknown,12.61,12.61,0.0838,0.8681,170.0985,53.88
NA,NA,-1,Unknown,Unknown,Unknown,Unknown,12.71,12.71,0.0840,0.8680,172.5070,53.87
NA,NA,-1,Unknown,Unknown,Unknown,Unknown,12.82,12.82,0.0841,0.8680,174.9149,53.86
NA,NA,-1,Unknown,Unknown,Unknown,Unknown,12.92,12.92,0.0843,0.8680,177.8037,53.84
NA,NA,-1,Unknown,Unknown,Unknown,Unknown,13.03,13.03,0.0845,0.8681,180.2104,53.83
NA,NA,-1,Unknown,Unknown,Unknown,Unknown,13.14,13.14,0.0847,0.8681,182.6165,53.82
NA,NA,-1,Unknown,Unknown,Unknown,Unknown,13.24,13.24,0.0849,0.8681,185.5032,53.80
NA,NA,-1,Unknown,Unknown,Unknown,Unknown,13.34,13.34,0.0850,0.8681,187.9081,53.79
NA,NA,-1,Unknown,Unknown,Unknown,Unknown,13.45,13.45,0.0852,0.8681,190.3125,53.78
NA,NA,-1,Unknown,Unknown,Unknown,Unknown,13.55,13.55,0.0853,0.8681,192.7169,53.79
NA,NA,-1,Unknown,Unknown,Unknown,Unknown,13.66,13.66,0.0855,0.8683,195.1264,53.94
NA,NA,-1,Unknown,Unknown,Unknown,Unknown,13.76,13.76,0.0857,0.8692,198.0365,54.37
NA,NA,-1,Unknown,Unknown,Unknown,Unknown,13.86,13.86,0.0858,0.8705,200.4865,54.93
NA,NA,-1,Unknown,Unknown,Unknown,Unknown,13.97,13.97,0.0860,0.8765,202.9537,55.55
NA,NA,-1,Unknown,Unknown,Unknown,Unknown,14.07,14.07,0.0861,0.8722,205.4566,56.19
NA,NA,-1,Unknown,Unknown,Unknown,Unknown,14.18,14.18,0.0862,0.8764,207.9850,56.83
NA,NA,-1,Unknown,Unknown,Unknown,Unknown,14.29,14.29,0.0864,0.8731,211.0494,57.36
NA,NA,-1,Unknown,Unknown,Unknown,Unknown,14.39,14.39,0.0865,0.8692,213.6209,57.59
NA,NA,-1,Unknown,Unknown,Unknown,Unknown,14.50,14.50,0.0866,0.8678,216.7110,57.66
NA,NA,-1,Unknown,Unknown,Unknown,Unknown,14.60,14.60,0.0867,0.8677,219.2871,57.69
NA,NA,-1,Unknown,Unknown,Unknown,Unknown,14.71,14.71,0.0867,0.8680,221.8692,57.83
NA,NA,-1,Unknown,Unknown,Unknown,Unknown,14.81,14.81,0.0866,0.8686,224.4629,58.07
NA,NA,-1,Unknown,Unknown,Unknown,Unknown,14.93,14.93,0.0866,0.8694,227.5837,58.20
NA,NA,-1,Unknown,Unknown,Unknown,Unknown,15.04,15.04,0.0865,0.8694,230.1849,58.23
NA,NA,-1,Unknown,Unknown,Unknown,Unknown,15.15,15.15,0.0864,0.8688,233.3088,58.31
NA,NA,-1,Unknown,Unknown,Unknown,Unknown,15.25,15.25,0.0862,0.8686,235.9220,58.52
NA,NA,-1,Unknown,Unknown,Unknown,Unknown,15.35,15.35,0.0861,0.8690,238.5447,58.69
NA,NA,-1,Unknown,Unknown,Unknown,Unknown,15.46,15.46,0.0859,0.8693,241.6944,58.75
NA,NA,-1,Unknown,Unknown,Unknown,Unknown,15.57,15.57,0.0857,0.8689,244.3190,58.75
NA,NA,-1,Unknown,Unknown,Unknown,Unknown,15.67,15.67,0.0856,0.8684,246.9437,58.74
NA,NA,-1,Unknown,Unknown,Unknown,Unknown,15.77,15.77,0.0854,0.8680,249.5685,58.72
NA,NA,-1,Unknown,Unknown,Unknown,Unknown,15.87,15.87,0.0852,0.8678,252.1931,58.71
NA,NA,-1,Unknown,Unknown,Unknown,Unknown,15.97,15.97,0.0850,0.8678,254.8173,58.69
NA,NA,-1,Unknown,Unknown,Unknown,Unknown,16.08,16.08,0.0847,0.8679,257.4409,58.68
NA,NA,-1,Unknown,Unknown,Unknown,Unknown,16.18,16.18,0.0845,0.8680,260.0638,58.67
NA,NA,-1,Unknown,Unknown,Unknown,Unknown,16.28,16.28,0.0843,0.8681,263.2105,58.65
NA,NA,-1,Unknown,Unknown,Unknown,Unknown,16.39,16.39,0.0840,0.8681,265.8321,58.64
NA,NA,-1,Unknown,Unknown,Unknown,Unknown,16.49,16.49,0.0838,0.8681,268.4536,58.65
NA,NA,-1,Unknown,Unknown,Unknown,Unknown,16.59,16.59,0.0836,0.8683,271.0798,58.77
NA,NA,-1,Unknown,Unknown,Unknown,Unknown,16.69,16.69,0.0833,0.8686,273.7106,58.85
NA,NA,-1,Unknown,Unknown,Unknown,Unknown,16.79,16.79,0.0831,0.8688,276.3415,58.86
NA,NA,-1,Unknown,Unknown,Unknown,Unknown,16.90,16.90,0.0828,0.8686,279.4979,58.86
NA,NA,-1,Unknown,Unknown,Unknown,Unknown,17.00,17.00,0.0826,0.8682,282.1281,58.85
NA,NA,-1,Unknown,Unknown,Unknown,Unknown,17.10,17.10,0.0823,0.8680,284.7580,58.83
NA,NA,-1,Unknown,Unknown,Unknown,Unknown,17.21,17.21,0.0821,0.8679,287.3875,58.82
NA,NA,-1,Unknown,Unknown,Unknown,Unknown,17.31,17.31,0.0818,0.8679,290.0165,58.80
NA,NA,-1,Unknown,Unknown,Unknown,Unknown,17.42,17.42,0.0816,0.8680,292.6449,58.79
NA,NA,-1,Unknown,Unknown,Unknown,Unknown,17.52,17.52,0.0813,0.8681,295.2740,58.82
NA,NA,-1,Unknown,Unknown,Unknown,Unknown,17.62,17.62,0.0810,0.8683,298.4323,58.87
NA,NA,-1,Unknown,Unknown,Unknown,Unknown,17.72,17.72,0.0808,0.8684,301.0641,58.87
NA,NA,-1,Unknown,Unknown,Unknown,Unknown,17.83,17.83,0.0805,0.8684,303.6954,58.87
NA,NA,-1,Unknown,Unknown,Unknown,Unknown,17.93,17.93,0.0803,0.8682,306.3262,58.85
NA,NA,-1,Unknown,Unknown,Unknown,Unknown,18.03,18.03,0.0800,0.8680,308.9567,58.84
NA,NA,-1,Unknown,Unknown,Unknown,Unknown,18.13,18.13,0.0798,0.8680,311.5872,58.85
NA,NA,-1,Unknown,Unknown,Unknown,Unknown,18.24,18.24,0.0795,0.8681,314.2204,58.90
NA,NA,-1,Unknown,Unknown,Unknown,Unknown,18.34,18.34,0.0792,0.8683,317.3807,58.91
NA,NA,-1,Unknown,Unknown,Unknown,Unknown,18.44,18.44,0.0789,0.8683,320.0135,58.90
NA,NA,-1,Unknown,Unknown,Unknown,Unknown,18.55,18.55,0.0787,0.8682,322.6460,58.89
NA,NA,-1,Unknown,Unknown,Unknown,Unknown,18.65,18.65,0.0784,0.8681,325.2780,58.88
NA,NA,-1,Unknown,Unknown,Unknown,Unknown,18.76,18.76,0.0782,0.8680,327.9096,58.86
NA,NA,-1,Unknown,Unknown,Unknown,Unknown,18.87,18.87,0.0778,0.8680,331.0668,58.85
NA,NA,-1,Unknown,Unknown,Unknown,Unknown,18.98,18.98,0.0776,0.8681,333.7002,58.94
NA,NA,-1,Unknown,Unknown,Unknown,Unknown,19.09,19.09,0.0773,0.8687,336.8720,59.18
NA,NA,-1,Unknown,Unknown,Unknown,Unknown,19.19,19.19,0.0770,0.8693,339.5216,59.28
NA,NA,-1,Unknown,Unknown,Unknown,Unknown,19.30,19.30,0.0767,0.8694,342.1713,59.31
NA,NA,-1,Unknown,Unknown,Unknown,Unknown,19.40,19.40,0.0764,0.8688,345.3508,59.30
NA,NA,-1,Unknown,Unknown,Unknown,Unknown,19.51,19.51,0.0761,0.8682,348.0006,59.30
NA,NA,-1,Unknown,Unknown,Unknown,Unknown,19.61,19.61,0.0759,0.8680,350.6539,59.39
NA,NA,-1,Unknown,Unknown,Unknown,Unknown,19.71,19.71,0.0756,0.8684,353.3174,59.62
NA,NA,-1,Unknown,Unknown,Unknown,Unknown,19.81,19.81,0.0753,0.8691,355.9889,59.78
NA,NA,-1,Unknown,Unknown,Unknown,Unknown,19.92,19.92,0.0750,0.8695,358.6617,59.82
NA,NA,-1,Unknown,Unknown,Unknown,Unknown,20.02,20.02,0.0746,0.8691,361.8690,59.83
NA,NA,-1,Unknown,Unknown,Unknown,Unknown,20.13,20.13,0.0743,0.8684,364.5419,59.81
NA,NA,-1,Unknown,Unknown,Unknown,Unknown,20.23,20.23,0.0740,0.8679,367.2148,59.80
NA,NA,-1,Unknown,Unknown,Unknown,Unknown,20.33,20.33,0.0737,0.8677,369.8875,59.78
NA,NA,-1,Unknown,Unknown,Unknown,Unknown,20.44,20.44,0.0734,0.8678,372.5598,59.77
NA,NA,-1,Unknown,Unknown,Unknown,Unknown,20.54,20.54,0.0730,0.8679,375.7656,59.75
NA,NA,-1,Unknown,Unknown,Unknown,Unknown,20.64,20.64,0.0727,0.8680,378.4365,59.74
NA,NA,-1,Unknown,Unknown,Unknown,Unknown,20.75,20.75,0.0723,0.8681,381.1068,59.73
NA,NA,-1,Unknown,Unknown,Unknown,Unknown,20.85,20.85,0.0720,0.8681,383.7764,59.71
NA,NA,-1,Unknown,Unknown,Unknown,Unknown,20.96,20.96,0.0716,0.8681,386.4454,59.70
NA,NA,-1,Unknown,Unknown,Unknown,Unknown,21.06,21.06,0.0712,0.8680,389.6474,59.68
NA,NA,-1,Unknown,Unknown,Unknown,Unknown,21.17,21.17,0.0709,0.8680,392.3152,59.67
NA,NA,-1,Unknown,Unknown,Unknown,Unknown,21.27,21.27,0.0705,0.8680,394.9823,59.66
NA,NA,-1,Unknown,Unknown,Unknown,Unknown,21.38,21.38,0.0702,0.8680,397.6488,59.64
NA,NA,-1,Unknown,Unknown,Unknown,Unknown,21.48,21.48,0.0697,0.8680,400.8478,59.63
NA,NA,-1,Unknown,Unknown,Unknown,Unknown,21.58,21.58,0.0694,0.8680,403.5130,59.61
NA,NA,-1,Unknown,Unknown,Unknown,Unknown,21.69,21.69,0.0690,0.8680,406.1776,59.60
NA,NA,-1,Unknown,Unknown,Unknown,Unknown,21.79,21.79,0.0687,0.8680,408.8416,59.59
NA,NA,-1,Unknown,Unknown,Unknown,Unknown,21.90,21.90,0.0683,0.8680,411.5049,59.57
NA,NA,-1,Unknown,Unknown,Unknown,Unknown,22.01,22.01,0.0679,0.8680,414.7002,59.56
NA,NA,-1,Unknown,Unknown,Unknown,Unknown,22.11,22.11,0.0676,0.8680,417.3623,59.54
NA,NA,-1,Unknown,Unknown,Unknown,Unknown,22.22,22.22,0.0672,0.8680,420.0238,59.53
NA,NA,-1,Unknown,Unknown,Unknown,Unknown,22.32,22.32,0.0668,0.8680,423.2168,59.51
NA,NA,-1,Unknown,Unknown,Unknown,Unknown,22.43,22.43,0.0665,0.8680,425.8769,59.50
NA,NA,-1,Unknown,Unknown,Unknown,Unknown,22.54,22.54,0.0661,0.8680,428.5365,59.49
NA,NA,-1,Unknown,Unknown,Unknown,Unknown,22.64,22.64,0.0657,0.8680,431.7271,59.47
NA,NA,-1,Unknown,Unknown,Unknown,Unknown,22.75,22.75,0.0654,0.8680,434.3854,59.46
NA,NA,-1,Unknown,Unknown,Unknown,Unknown,22.85,22.85,0.0650,0.8680,437.0431,59.44
NA,NA,-1,Unknown,Unknown,Unknown,Unknown,22.95,22.95,0.0647,0.8680,439.7001,59.43
NA,NA,-1,Unknown,Unknown,Unknown,Unknown,23.06,23.06,0.0643,0.8680,442.8878,59.42
NA,NA,-1,Unknown,Unknown,Unknown,Unknown,23.17,23.17,0.0640,0.8680,445.5435,59.40
NA,NA,-1,Unknown,Unknown,Unknown,Unknown,23.29,23.29,0.0636,0.8680,448.7296,59.39
NA,NA,-1,Unknown,Unknown,Unknown,Unknown,23.40,23.40,0.0633,0.8680,451.3840,59.37
NA,NA,-1,Unknown,Unknown,Unknown,Unknown,23.50,23.50,0.0629,0.8680,454.5686,59.36
NA,NA,-1,Unknown,Unknown,Unknown,Unknown,23.61,23.61,0.0625,0.8680,457.2217,59.34
NA,NA,-1,Unknown,Unknown,Unknown,Unknown,23.72,23.72,0.0622,0.8680,459.8742,59.33
NA,NA,-1,Unknown,Unknown,Unknown,Unknown,23.83,23.83,0.0618,0.8680,463.0564,59.31
NA,NA,-1,Unknown,Unknown,Unknown,Unknown,23.93,23.93,0.0615,0.8680,465.7076,59.30
NA,NA,-1,Unknown,Unknown,Unknown,Unknown,24.04,24.04,0.0612,0.8680,468.3582,59.29
NA,NA,-1,Unknown,Unknown,Unknown,Unknown,24.15,24.15,0.0608,0.8680,471.5382,59.27
NA,NA,-1,Unknown,Unknown,Unknown,Unknown,24.25,24.25,0.0605,0.8680,474.1875,59.26
NA,NA,-1,Unknown,Unknown,Unknown,Unknown,24.36,24.36,0.0602,0.8680,476.8362,59.24
NA,NA,-1,Unknown,Unknown,Unknown,Unknown,24.47,24.47,0.0598,0.8680,480.0138,59.23
NA,NA,-1,Unknown,Unknown,Unknown,Unknown,24.57,24.57,0.0595,0.8680,482.6612,59.22
NA,NA,-1,Unknown,Unknown,Unknown,Unknown,24.68,24.68,0.0592,0.8680,485.3080,59.20
NA,NA,-1,Unknown,Unknown,Unknown,Unknown,24.78,24.78,0.0588,0.8680,488.4834,59.19
NA,NA,-1,Unknown,Unknown,Unknown,Unknown,24.88,24.88,0.0585,0.8680,491.1289,59.17
NA,NA,-1,Unknown,Unknown,Unknown,Unknown,24.99,24.99,0.0582,0.8680,493.7738,59.16
NA,NA,-1,Unknown,Unknown,Unknown,Unknown,25.09,25.09,0.0579,0.8680,496.4181,59.15
NA,NA,-1,Unknown,Unknown,Unknown,Unknown,25.20,25.20,0.0576,0.8680,499.0618,59.13
NA,NA,-1,Unknown,Unknown,Unknown,Unknown,25.30,25.30,0.0573,0.8680,501.7049,59.12
NA,NA,-1,Unknown,Unknown,Unknown,Unknown,25.40,25.40,0.0570,0.8680,504.3474,59.11
NA,NA,-1,Unknown,Unknown,Unknown,Unknown,25.50,25.50,0.0567,0.8680,507.5176,59.09
NA,NA,-1,Unknown,Unknown,Unknown,Unknown,25.61,25.61,0.0564,0.8680,510.1588,59.08
NA,NA,-1,Unknown,Unknown,Unknown,Unknown,25.71,25.71,0.0561,0.8680,512.7994,59.06
NA,NA,-1,Unknown,Unknown,Unknown,Unknown,25.81,25.81,0.0558,0.8680,515.4395,59.05
NA,NA,-1,Unknown,Unknown,Unknown,Unknown,25.91,25.91,0.0555,0.8680,518.0789,59.04
NA,NA,-1,Unknown,Unknown,Unknown,Unknown,26.01,26.01,0.0552,0.8680,520.7177,59.02
NA,NA,-1,Unknown,Unknown,Unknown,Unknown,26.12,26.12,0.0549,0.8680,523.3560,59.01
NA,NA,-1,Unknown,Unknown,Unknown,Unknown,26.22,26.22,0.0546,0.8680,526.5211,58.99
NA,NA,-1,Unknown,Unknown,Unknown,Unknown,26.33,26.33,0.0543,0.8680,529.1580,58.98
NA,NA,-1,Unknown,Unknown,Unknown,Unknown,26.43,26.43,0.0540,0.8680,531.7943,58.97
NA,NA,-1,Unknown,Unknown,Unknown,Unknown,26.54,26.54,0.0537,0.8680,534.4301,58.95
NA,NA,-1,Unknown,Unknown,Unknown,Unknown,26.64,26.64,0.0534,0.8680,537.0652,58.94
NA,NA,-1,Unknown,Unknown,Unknown,Unknown,26.74,26.74,0.0532,0.8680,539.6998,58.93
NA,NA,-1,Unknown,Unknown,Unknown,Unknown,26.84,26.84,0.0528,0.8680,542.8605,58.91
NA,NA,-1,Unknown,Unknown,Unknown,Unknown,26.94,26.94,0.0526,0.8680,545.4938,58.90
NA,NA,-1,Unknown,Unknown,Unknown,Unknown,27.04,27.04,0.0523,0.8680,548.1265,58.89
NA,NA,-1,Unknown,Unknown,Unknown,Unknown,27.15,27.15,0.0520,0.8680,550.7585,58.87
NA,NA,-1,Unknown,Unknown,Unknown,Unknown,27.25,27.25,0.0518,0.8680,553.3900,58.86
NA,NA,-1,Unknown,Unknown,Unknown,Unknown,27.35,27.35,0.0515,0.8680,556.0209,58.85
NA,NA,-1,Unknown,Unknown,Unknown,Unknown,27.46,27.46,0.0512,0.8680,559.1772,58.83
NA,NA,-1,Unknown,Unknown,Unknown,Unknown,27.56,27.56,0.0509,0.8680,561.8068,58.82
NA,NA,-1,Unknown,Unknown,Unknown,Unknown,27.67,27.67,0.0506,0.8680,564.4359,58.80
NA,NA,-1,Unknown,Unknown,Unknown,Unknown,27.78,27.78,0.0504,0.8680,567.0643,58.79
NA,NA,-1,Unknown,Unknown,Unknown,Unknown,27.88,27.88,0.0501,0.8680,570.2176,58.77
NA,NA,-1,Unknown,Unknown,Unknown,Unknown,27.99,27.99,0.0498,0.8680,572.8447,58.76
NA,NA,-1,Unknown,Unknown,Unknown,Unknown,28.09,28.09,0.0496,0.8680,575.4713,58.75
NA,NA,-1,Unknown,Unknown,Unknown,Unknown,28.19,28.19,0.0493,0.8680,578.0972,58.74
NA,NA,-1,Unknown,Unknown,Unknown,Unknown,28.29,28.29,0.0491,0.8680,580.7225,58.72
NA,NA,-1,Unknown,Unknown,Unknown,Unknown,28.40,28.40,0.0488,0.8680,583.3473,58.71
NA,NA,-1,Unknown,Unknown,Unknown,Unknown,28.50,28.50,0.0486,0.8680,585.9714,58.70
NA,NA,-1,Unknown,Unknown,Unknown,Unknown,28.60,28.60,0.0483,0.8680,589.1197,58.68
NA,NA,-1,Unknown,Unknown,Unknown,Unknown,28.70,28.70,0.0480,0.8680,591.7426,58.67
NA,NA,-1,Unknown,Unknown,Unknown,Unknown,28.80,28.80,0.0478,0.8680,594.3648,58.65
NA,NA,-1,Unknown,Unknown,Unknown,Unknown,28.91,28.91,0.0475,0.8680,596.9865,58.64
NA,NA,-1,Unknown,Unknown,Unknown,Unknown,29.01,29.01,0.0473,0.8680,599.6076,58.63
NA,NA,-1,Unknown,Unknown,Unknown,Unknown,29.11,29.11,0.0470,0.8680,602.2281,58.61
NA,NA,-1,Unknown,Unknown,Unknown,Unknown,29.22,29.22,0.0468,0.8680,604.8480,58.60
NA,NA,-1,Unknown,Unknown,Unknown,Unknown,29.32,29.32,0.0465,0.8680,607.9911,58.58
NA,NA,-1,Unknown,Unknown,Unknown,Unknown,29.43,29.43,0.0463,0.8680,610.6097,58.57
NA,NA,-1,Unknown,Unknown,Unknown,Unknown,29.53,29.53,0.0460,0.8680,613.2278,58.56
NA,NA,-1,Unknown,Unknown,Unknown,Unknown,29.64,29.64,0.0458,0.8680,615.8452,58.55
NA,NA,-1,Unknown,Unknown,Unknown,Unknown,29.74,29.74,0.0455,0.8680,618.9854,58.53
NA,NA,-1,Unknown,Unknown,Unknown,Unknown,29.85,29.85,0.0453,0.8680,621.6016,58.52
NA,NA,-1,Unknown,Unknown,Unknown,Unknown,29.95,29.95,0.0451,0.8680,624.2171,58.50
NA,NA,-1,Unknown,Unknown,Unknown,Unknown,30.06,30.06,0.0449,0.8680,626.8321,58.49
NA,NA,-1,Unknown,Unknown,Unknown,Unknown,30.17,30.17,0.0446,0.8680,629.9693,58.47
NA,NA,-1,Unknown,Unknown,Unknown,Unknown,30.27,30.27,0.0444,0.8680,632.5830,58.46
NA,NA,-1,Unknown,Unknown,Unknown,Unknown,30.38,30.38,0.0441,0.8680,635.1961,58.45
NA,NA,-1,Unknown,Unknown,Unknown,Unknown,30.48,30.48,0.0439,0.8681,638.3336,58.52
NA,NA,-1,Unknown,Unknown,Unknown,Unknown,30.59,30.59,0.0437,0.8685,640.9578,58.76
NA,NA,-1,Unknown,Unknown,Unknown,Unknown,30.71,30.71,0.0434,0.8697,644.1272,59.18
NA,NA,-1,Unknown,Unknown,Unknown,Unknown,30.82,30.82,0.0432,0.8705,646.7803,59.41
NA,NA,-1,Unknown,Unknown,Unknown,Unknown,30.93,30.93,0.0429,0.8703,649.9676,59.49
NA,NA,-1,Unknown,Unknown,Unknown,Unknown,31.03,31.03,0.0427,0.8694,652.6243,59.49
NA,NA,-1,Unknown,Unknown,Unknown,Unknown,31.14,31.14,0.0424,0.8682,655.8135,59.50
NA,NA,-1,Unknown,Unknown,Unknown,Unknown,31.24,31.24,0.0421,0.8678,658.4761,59.60
NA,NA,-1,Unknown,Unknown,Unknown,Unknown,31.35,31.35,0.0419,0.8681,661.1431,59.66
NA,NA,-1,Unknown,Unknown,Unknown,Unknown,31.46,31.46,0.0415,0.8684,664.3434,59.66
NA,NA,-1,Unknown,Unknown,Unknown,Unknown,31.57,31.57,0.0413,0.8684,667.0098,59.66
NA,NA,-1,Unknown,Unknown,Unknown,Unknown,31.68,31.68,0.0410,0.8682,669.6758,59.64
NA,NA,-1,Unknown,Unknown,Unknown,Unknown,31.78,31.78,0.0406,0.8680,672.8746,59.63
NA,NA,-1,Unknown,Unknown,Unknown,Unknown,31.88,31.88,0.0403,0.8680,675.5397,59.61
NA,NA,-1,Unknown,Unknown,Unknown,Unknown,31.99,31.99,0.0400,0.8680,678.2043,59.60
NA,NA,-1,Unknown,Unknown,Unknown,Unknown,32.10,32.10,0.0397,0.8680,680.8683,59.59
NA,NA,-1,Unknown,Unknown,Unknown,Unknown,32.21,32.21,0.0393,0.8680,684.0643,59.57
NA,NA,-1,Unknown,Unknown,Unknown,Unknown,32.31,32.31,0.0390,0.8681,686.7269,59.56
NA,NA,-1,Unknown,Unknown,Unknown,Unknown,32.43,32.43,0.0386,0.8681,689.9213,59.54
NA,NA,-1,Unknown,Unknown,Unknown,Unknown,32.53,32.53,0.0383,0.8681,692.5826,59.53
NA,NA,-1,Unknown,Unknown,Unknown,Unknown,32.64,32.64,0.0379,0.8680,695.7754,59.51
NA,NA,-1,Unknown,Unknown,Unknown,Unknown,32.75,32.75,0.0376,0.8680,698.4354,59.50
NA,NA,-1,Unknown,Unknown,Unknown,Unknown,32.85,32.85,0.0373,0.8680,701.0948,59.48
NA,NA,-1,Unknown,Unknown,Unknown,Unknown,32.96,32.96,0.0369,0.8680,703.7537,59.47
NA,NA,-1,Unknown,Unknown,Unknown,Unknown,33.07,33.07,0.0365,0.8680,706.9434,59.45
NA,NA,-1,Unknown,Unknown,Unknown,Unknown,33.18,33.18,0.0362,0.8680,709.6009,59.44
NA,NA,-1,Unknown,Unknown,Unknown,Unknown,33.28,33.28,0.0358,0.8680,712.7891,59.43
NA,NA,-1,Unknown,Unknown,Unknown,Unknown,33.39,33.39,0.0355,0.8680,715.4453,59.41
NA,NA,-1,Unknown,Unknown,Unknown,Unknown,33.50,33.50,0.0352,0.8680,718.1008,59.40
NA,NA,-1,Unknown,Unknown,Unknown,Unknown,33.60,33.60,0.0348,0.8680,721.2867,59.38
NA,NA,-1,Unknown,Unknown,Unknown,Unknown,33.70,33.70,0.0344,0.8680,723.9410,59.37
NA,NA,-1,Unknown,Unknown,Unknown,Unknown,33.81,33.81,0.0341,0.8680,726.5947,59.36
NA,NA,-1,Unknown,Unknown,Unknown,Unknown,33.91,33.91,0.0338,0.8680,729.2477,59.34
NA,NA,-1,Unknown,Unknown,Unknown,Unknown,34.02,34.02,0.0334,0.8680,732.4306,59.33
NA,NA,-1,Unknown,Unknown,Unknown,Unknown,34.12,34.12,0.0331,0.8680,735.0824,59.31
NA,NA,-1,Unknown,Unknown,Unknown,Unknown,34.22,34.22,0.0328,0.8680,737.7336,59.30
NA,NA,-1,Unknown,Unknown,Unknown,Unknown,34.33,34.33,0.0325,0.8680,740.3842,59.29
NA,NA,-1,Unknown,Unknown,Unknown,Unknown,34.44,34.44,0.0321,0.8680,743.5640,59.27
NA,NA,-1,Unknown,Unknown,Unknown,Unknown,34.54,34.54,0.0318,0.8680,746.2133,59.26
NA,NA,-1,Unknown,Unknown,Unknown,Unknown,34.65,34.65,0.0315,0.8680,748.8619,59.24
NA,NA,-1,Unknown,Unknown,Unknown,Unknown,34.75,34.75,0.0312,0.8680,751.5100,59.23
NA,NA,-1,Unknown,Unknown,Unknown,Unknown,34.86,34.86,0.0308,0.8680,754.6869,59.21
NA,NA,-1,Unknown,Unknown,Unknown,Unknown,34.97,34.97,0.0305,0.8680,757.3337,59.20
NA,NA,-1,Unknown,Unknown,Unknown,Unknown,35.08,35.08,0.0301,0.8680,760.5090,59.19
NA,NA,-1,Unknown,Unknown,Unknown,Unknown,35.18,35.18,0.0298,0.8680,763.1545,59.17
NA,NA,-1,Unknown,Unknown,Unknown,Unknown,35.29,35.29,0.0295,0.8680,765.7993,59.16
NA,NA,-1,Unknown,Unknown,Unknown,Unknown,35.39,35.39,0.0292,0.8680,768.4435,59.15
NA,NA,-1,Unknown,Unknown,Unknown,Unknown,35.50,35.50,0.0289,0.8680,771.0872,59.13
NA,NA,-1,Unknown,Unknown,Unknown,Unknown,35.60,35.60,0.0286,0.8680,774.2589,59.12
NA,NA,-1,Unknown,Unknown,Unknown,Unknown,35.70,35.70,0.0283,0.8680,776.9012,59.10
NA,NA,-1,Unknown,Unknown,Unknown,Unknown,35.81,35.81,0.0280,0.8680,779.5430,59.09
NA,NA,-1,Unknown,Unknown,Unknown,Unknown,35.91,35.91,0.0277,0.8680,782.1841,59.08
NA,NA,-1,Unknown,Unknown,Unknown,Unknown,36.01,36.01,0.0274,0.8680,784.8247,59.06
NA,NA,-1,Unknown,Unknown,Unknown,Unknown,36.12,36.12,0.0271,0.8680,787.4647,59.05
NA,NA,-1,Unknown,Unknown,Unknown,Unknown,36.22,36.22,0.0268,0.8680,790.6319,59.03
NA,NA,-1,Unknown,Unknown,Unknown,Unknown,36.33,36.33,0.0265,0.8680,793.2676,58.80
NA,NA,-1,Unknown,Unknown,Unknown,Unknown,36.43,36.43,0.0262,0.8703,795.8256,56.84
NA,NA,-1,Unknown,Unknown,Unknown,Unknown,36.53,36.53,0.0259,0.8671,798.3497,56.33
NA,NA,-1,Unknown,Unknown,Unknown,Unknown,36.64,36.64,0.0256,0.8495,800.8643,55.43
NA,NA,-1,Unknown,Unknown,Unknown,Unknown,36.74,36.74,0.0248,0.8555,803.8084,54.79
NA,NA,-1,Unknown,Unknown,Unknown,Unknown,36.84,36.84,0.0242,0.8569,806.2535,54.68
NA,NA,-1,Unknown,Unknown,Unknown,Unknown,36.95,36.95,0.0237,0.8607,808.6992,54.62
NA,NA,-1,Unknown,Unknown,Unknown,Unknown,37.05,37.05,0.0232,0.8660,811.1437,54.59
NA,NA,-1,Unknown,Unknown,Unknown,Unknown,37.16,37.16,0.0228,0.8691,813.5861,54.58
NA,NA,-1,Unknown,Unknown,Unknown,Unknown,37.26,37.26,0.0225,0.8699,816.0236,54.34
NA,NA,-1,Unknown,Unknown,Unknown,Unknown,37.36,37.36,0.0221,0.8714,818.3794,52.32
NA,NA,-1,Unknown,Unknown,Unknown,Unknown,37.46,37.46,0.0215,0.8823,821.1198,50.43
NA,NA,-1,Unknown,Unknown,Unknown,Unknown,37.57,37.57,0.0206,0.8758,823.3463,49.33
NA,NA,-1,Unknown,Unknown,Unknown,Unknown,37.67,37.67,0.0192,0.8497,825.5454,48.33
NA,NA,-1,Unknown,Unknown,Unknown,Unknown,37.78,37.78,0.0173,0.8562,827.6599,46.66
NA,NA,-1,Unknown,Unknown,Unknown,Unknown,37.88,37.88,0.0148,0.8679,830.1068,45.56
NA,NA,-1,Unknown,Unknown,Unknown,Unknown,37.99,37.99,0.0124,0.8547,832.1370,44.76
NA,NA,-1,Unknown,Unknown,Unknown,Unknown,38.09,38.09,0.0092,0.8557,834.1273,44.46
NA,NA,-1,Unknown,Unknown,Unknown,Unknown,38.19,38.19,0.0056,0.8556,836.1129,44.39
NA,NA,-1,Unknown,Unknown,Unknown,Unknown,38.30,38.30,0.0006,0.8607,838.4965,44.36
NA,NA,-1,Unknown,Unknown,Unknown,Unknown,38.41,38.41,-0.0038,0.8659,840.4687,43.62
NA,NA,-1,Unknown,Unknown,Unknown,Unknown,38.52,38.52,-0.0076,0.8770,842.3477,41.68
NA,NA,-1,Unknown,Unknown,Unknown,Unknown,38.63,38.63,-0.0133,0.8842,844.5251,40.09
NA,NA,-1,Unknown,Unknown,Unknown,Unknown,38.73,38.73,-0.0188,0.8649,846.3073,39.30
NA,NA,-1,Unknown,Unknown,Unknown,Unknown,38.83,38.83,-0.0254,0.8514,848.0375,37.87
NA,NA,-1,Unknown,Unknown,Unknown,Unknown,38.93,38.93,-0.0332,0.8643,849.6885,36.62
NA,NA,-1,Unknown,Unknown,Unknown,Unknown,39.04,39.04,-0.0417,0.8616,851.3046,35.81
NA,NA,-1,Unknown,Unknown,Unknown,Unknown,39.14,39.14,-0.0513,0.8636,852.8686,34.47
NA,NA,-1,Unknown,Unknown,Unknown,Unknown,39.24,39.24,-0.0642,0.8627,854.6823,33.18
NA,NA,-1,Unknown,Unknown,Unknown,Unknown,39.35,39.35,-0.0762,0.8610,856.1401,32.18
NA,NA,-1,Unknown,Unknown,Unknown,Unknown,39.45,39.45,-0.0892,0.8633,857.5446,31.06
NA,NA,-1,Unknown,Unknown,Unknown,Unknown,39.55,39.55,-0.1033,0.8640,858.9018,29.84
NA,NA,-1,Unknown,Unknown,Unknown,Unknown,39.66,39.66,-0.1213,0.8627,860.4669,28.54
NA,NA,-1,Unknown,Unknown,Unknown,Unknown,39.76,39.76,-0.1372,0.8612,861.7167,27.53
NA,NA,-1,Unknown,Unknown,Unknown,Unknown,39.87,39.87,-0.1538,0.8639,862.9133,26.42
NA,NA,-1,Unknown,Unknown,Unknown,Unknown,39.97,39.97,-0.1710,0.8644,864.0629,25.19
NA,NA,-1,Unknown,Unknown,Unknown,Unknown,40.08,40.08,-0.1706,0.8614,865.3492,35.20
NA,NA,-1,Unknown,Unknown,Unknown,Unknown,40.19,40.19,-0.1447,0.8614,867.2554,35.47
NA,NA,-1,Unknown,Unknown,Unknown,Unknown,40.29,40.29,-0.1286,0.8614,868.8447,35.47
NA,NA,-1,Unknown,Unknown,Unknown,Unknown,40.39,40.39,-0.1126,0.8614,870.4337,35.46
NA,NA,-1,Unknown,Unknown,Unknown,Unknown,40.50,40.50,-0.0943,0.8614,872.0220,35.44
NA,NA,-1,Unknown,Unknown,Unknown,Unknown,40.60,40.60,-0.0718,0.8614,873.6092,35.42
NA,NA,-1,Unknown,Unknown,Unknown,Unknown,40.70,40.70,-0.0367,0.8614,875.5115,35.36
NA,NA,-1,Unknown,Unknown,Unknown,Unknown,40.80,40.80,0.0017,0.8614,877.0941,35.31
NA,NA,-1,Unknown,Unknown,Unknown,Unknown,40.91,40.91,0.0504,0.8615,878.6730,35.26
NA,NA,-1,Unknown,Unknown,Unknown,Unknown,41.02,41.02,0.1125,0.8637,880.2483,35.17
NA,NA,-1,Unknown,Unknown,Unknown,Unknown,41.12,41.12,0.1996,0.8636,882.1296,34.99
NA,NA,-1,Unknown,Unknown,Unknown,Unknown,41.23,41.23,0.2964,0.8680,883.6881,34.79
NA,NA,-1,Unknown,Unknown,Unknown,Unknown,41.34,41.34,0.4190,0.8785,885.2336,34.52
NA,NA,-1,Unknown,Unknown,Unknown,Unknown,41.44,41.44,0.5947,0.8881,887.0657,34.10
NA,NA,-1,Unknown,Unknown,Unknown,Unknown,41.57,41.57,0.8017,0.8780,888.8690,33.54
NA,NA,-1,Unknown,Unknown,Unknown,Unknown,41.68,41.68,0.9952,0.8769,890.4319,35.81
NA,NA,-1,Unknown,Unknown,Unknown,Unknown,41.78,41.78,1.2579,0.8757,892.3241,35.59
NA,NA,-1,Unknown,Unknown,Unknown,Unknown,41.90,41.90,1.5767,0.8733,894.1906,35.16
NA,NA,-1,Unknown,Unknown,Unknown,Unknown,42.01,42.01,1.8907,0.8645,895.7175,34.70
NA,NA,-1,Unknown,Unknown,Unknown,Unknown,42.11,42.11,2.2670,0.8789,897.1835,33.80
NA,NA,-1,Unknown,Unknown,Unknown,Unknown,42.22,42.22,2.6805,0.8857,898.6141,33.27
NA,NA,-1,Unknown,Unknown,Unknown,Unknown,42.32,42.32,3.1250,0.8813,900.0139,32.70
NA,NA,-1,Unknown,Unknown,Unknown,Unknown,42.43,42.43,3.6948,0.8628,901.6509,31.80
NA,NA,-1,Unknown,Unknown,Unknown,Unknown,42.53,42.53,4.2147,0.8772,902.9286,30.81
NA,NA,-1,Unknown,Unknown,Unknown,Unknown,42.64,42.64,4.7522,0.8793,904.1683,30.07
NA,NA,-1,Unknown,Unknown,Unknown,Unknown,42.74,42.74,5.4168,0.8636,905.6094,29.11
NA,NA,-1,Unknown,Unknown,Unknown,Unknown,42.85,42.85,5.9960,0.8714,906.7281,27.98
NA,NA,-1,Unknown,Unknown,Unknown,Unknown,42.96,42.96,6.5841,0.8716,907.8032,27.05
NA,NA,-1,Unknown,Unknown,Unknown,Unknown,43.06,43.06,7.2909,0.8661,909.0178,25.66
NA,NA,-1,Unknown,Unknown,Unknown,Unknown,43.16,43.16,7.8791,0.8644,909.9671,24.62
NA,NA,-1,Unknown,Unknown,Unknown,Unknown,43.27,43.27,8.4583,0.8655,910.8578,23.42
NA,NA,-1,Unknown,Unknown,Unknown,Unknown,43.39,43.39,9.1328,0.8654,911.8568,21.96
NA,NA,-1,Unknown,Unknown,Unknown,Unknown,0.35,0.35,0.0022,0.8588,-0.0074,0.35
NA,NA,-1,Unknown,Unknown,Unknown,Unknown,0.46,0.46,0.0034,0.8693,-0.0089,0.18
NA,NA,-1,Unknown,Unknown,Unknown,Unknown,0.57,0.57,0.0039,0.8735,-0.0076,0.08
NA,NA,-1,Unknown,Unknown,Unknown,Unknown,0.67,0.67,0.0036,0.8723,-0.0056,0.13
NA,NA,-1,Unknown,Unknown,Unknown,Unknown,0.77,0.77,0.0029,0.8701,0.0039,0.32
NA,NA,-1,Unknown,Unknown,Unknown,Unknown,0.88,0.88,0.0020,0.8687,0.0382,0.81
NA,NA,-1,Unknown,Unknown,Unknown,Unknown,0.99,0.99,0.0014,0.8699,0.0939,1.42
NA,NA,-1,Unknown,Unknown,Unknown,Unknown,1.09,1.09,0.0007,0.8697,0.1759,2.10
NA,NA,-1,Unknown,Unknown,Unknown,Unknown,1.19,1.19,0.0004,0.8699,0.2879,2.77
NA,NA,-1,Unknown,Unknown,Unknown,Unknown,1.30,1.30,0.0002,0.8699,0.4303,3.46
NA,NA,-1,Unknown,Unknown,Unknown,Unknown,1.42,1.42,0.0001,0.8700,0.6401,4.25
NA,NA,-1,Unknown,Unknown,Unknown,Unknown,1.52,1.52,0.0000,0.8703,0.8483,4.92
NA,NA,-1,Unknown,Unknown,Unknown,Unknown,1.63,1.63,0.0000,0.8701,1.1374,5.73
NA,NA,-1,Unknown,Unknown,Unknown,Unknown,1.73,1.73,0.0001,0.9120,1.4254,6.37
NA,NA,-1,Unknown,Unknown,Unknown,Unknown,1.84,1.84,0.0004,0.9195,1.7239,6.84
NA,NA,-1,Unknown,Unknown,Unknown,Unknown,1.94,1.94,0.0005,0.8764,2.0223,7.37
NA,NA,-1,Unknown,Unknown,Unknown,Unknown,2.04,2.04,0.0008,0.8421,2.3744,8.45
NA,NA,-1,Unknown,Unknown,Unknown,Unknown,2.14,2.14,0.0012,0.8501,2.7711,9.07
NA,NA,-1,Unknown,Unknown,Unknown,Unknown,2.24,2.24,0.0012,0.8645,3.1993,9.73
NA,NA,-1,Unknown,Unknown,Unknown,Unknown,2.35,2.35,0.0011,0.8702,3.7470,10.53
NA,NA,-1,Unknown,Unknown,Unknown,Unknown,2.45,2.45,0.0010,0.8697,4.2367,11.21
NA,NA,-1,Unknown,Unknown,Unknown,Unknown,2.55,2.55,0.0008,0.8703,4.7564,11.94
NA,NA,-1,Unknown,Unknown,Unknown,Unknown,2.66,2.66,0.0021,0.9047,5.4029,12.62
NA,NA,-1,Unknown,Unknown,Unknown,Unknown,2.77,2.77,0.0030,0.8666,5.9970,13.30
NA,NA,-1,Unknown,Unknown,Unknown,Unknown,2.87,2.87,0.0020,0.8685,6.6113,14.03
NA,NA,-1,Unknown,Unknown,Unknown,Unknown,2.98,2.98,0.0019,0.8717,7.2567,14.62
NA,NA,-1,Unknown,Unknown,Unknown,Unknown,3.09,3.09,0.0019,0.8700,8.0691,15.54
NA,NA,-1,Unknown,Unknown,Unknown,Unknown,3.20,3.20,0.0019,0.8709,8.7809,16.17
NA,NA,-1,Unknown,Unknown,Unknown,Unknown,3.30,3.30,0.0019,0.8694,9.5220,16.84
NA,NA,-1,Unknown,Unknown,Unknown,Unknown,3.40,3.40,0.0019,0.8694,10.4492,17.65
NA,NA,-1,Unknown,Unknown,Unknown,Unknown,3.51,3.51,0.0022,0.8721,11.2560,18.30
NA,NA,-1,Unknown,Unknown,Unknown,Unknown,3.61,3.61,0.0027,0.8711,12.0911,18.98
NA,NA,-1,Unknown,Unknown,Unknown,Unknown,3.71,3.71,0.0031,0.8690,12.9573,19.65
NA,NA,-1,Unknown,Unknown,Unknown,Unknown,3.82,3.82,0.0045,0.8719,13.8528,20.27
NA,NA,-1,Unknown,Unknown,Unknown,Unknown,3.92,3.92,0.0040,0.8722,14.9668,21.11
NA,NA,-1,Unknown,Unknown,Unknown,Unknown,4.03,4.03,0.0045,0.8705,15.9271,21.77
NA,NA,-1,Unknown,Unknown,Unknown,Unknown,4.13,4.13,0.0052,0.8708,16.9179,22.40
NA,NA,-1,Unknown,Unknown,Unknown,Unknown,4.23,4.23,0.0057,0.8725,17.9388,23.11
NA,NA,-1,Unknown,Unknown,Unknown,Unknown,4.34,4.34,0.0066,0.8691,18.9897,23.77
NA,NA,-1,Unknown,Unknown,Unknown,Unknown,4.44,4.44,0.0077,0.8718,20.0682,24.39
NA,NA,-1,Unknown,Unknown,Unknown,Unknown,4.54,4.54,0.0087,0.8736,21.4045,25.23
NA,NA,-1,Unknown,Unknown,Unknown,Unknown,4.65,4.65,0.0099,0.8698,22.5504,25.90
NA,NA,-1,Unknown,Unknown,Unknown,Unknown,4.75,4.75,0.0111,0.8723,23.7237,26.55
NA,NA,-1,Unknown,Unknown,Unknown,Unknown,4.85,4.85,0.0123,0.8734,24.9296,27.23
NA,NA,-1,Unknown,Unknown,Unknown,Unknown,4.96,4.96,0.0134,0.8705,26.1641,27.89
NA,NA,-1,Unknown,Unknown,Unknown,Unknown,5.06,5.06,0.0148,0.8721,27.6834,28.69
NA,NA,-1,Unknown,Unknown,Unknown,Unknown,5.17,5.17,0.0159,0.8714,28.9837,29.28
NA,NA,-1,Unknown,Unknown,Unknown,Unknown,5.27,5.27,0.0170,0.8707,30.3144,30.02
NA,NA,-1,Unknown,Unknown,Unknown,Unknown,5.37,5.37,0.0183,0.8739,31.6730,30.68
NA,NA,-1,Unknown,Unknown,Unknown,Unknown,5.47,5.47,0.0194,0.8687,33.0626,31.35
NA,NA,-1,Unknown,Unknown,Unknown,Unknown,5.58,5.58,0.0208,0.8731,34.4789,31.96
NA,NA,-1,Unknown,Unknown,Unknown,Unknown,5.68,5.68,0.0222,0.8726,36.2195,32.72
NA,NA,-1,Unknown,Unknown,Unknown,Unknown,5.79,5.79,0.0235,0.8715,37.7046,33.47
NA,NA,-1,Unknown,Unknown,Unknown,Unknown,5.89,5.89,0.0249,0.8720,39.2165,34.12
NA,NA,-1,Unknown,Unknown,Unknown,Unknown,5.99,5.99,0.0263,0.8702,40.7611,34.72
NA,NA,-1,Unknown,Unknown,Unknown,Unknown,6.09,6.09,0.0277,0.8731,42.3325,35.46
NA,NA,-1,Unknown,Unknown,Unknown,Unknown,6.20,6.20,0.0292,0.8699,43.9355,36.11
NA,NA,-1,Unknown,Unknown,Unknown,Unknown,6.30,6.30,0.0312,0.8736,45.8952,36.86
NA,NA,-1,Unknown,Unknown,Unknown,Unknown,6.41,6.41,0.0324,0.8704,47.5656,37.57
NA,NA,-1,Unknown,Unknown,Unknown,Unknown,6.51,6.51,0.0344,0.8715,49.2597,38.24
NA,NA,-1,Unknown,Unknown,Unknown,Unknown,6.61,6.61,0.0373,0.8700,50.9854,38.82
NA,NA,-1,Unknown,Unknown,Unknown,Unknown,6.72,6.72,0.0369,0.8702,53.0973,39.70
NA,NA,-1,Unknown,Unknown,Unknown,Unknown,6.82,6.82,0.0418,0.8716,54.8889,40.31
NA,NA,-1,Unknown,Unknown,Unknown,Unknown,6.93,6.93,0.0436,0.8743,56.7077,40.94
NA,NA,-1,Unknown,Unknown,Unknown,Unknown,7.03,7.03,0.0463,0.8721,58.5599,41.67
NA,NA,-1,Unknown,Unknown,Unknown,Unknown,7.14,7.14,0.0494,0.8701,60.4381,42.29
NA,NA,-1,Unknown,Unknown,Unknown,Unknown,7.24,7.24,0.0540,0.8711,62.7355,43.13
NA,NA,-1,Unknown,Unknown,Unknown,Unknown,7.34,7.34,0.0556,0.8703,64.6799,43.78
NA,NA,-1,Unknown,Unknown,Unknown,Unknown,7.45,7.45,0.0584,0.8734,66.6517,44.41
NA,NA,-1,Unknown,Unknown,Unknown,Unknown,7.55,7.55,0.0653,0.8709,68.6577,45.09
NA,NA,-1,Unknown,Unknown,Unknown,Unknown,7.66,7.66,0.0700,0.8743,70.6898,45.75
NA,NA,-1,Unknown,Unknown,Unknown,Unknown,7.76,7.76,0.0748,0.8705,72.7532,46.42
NA,NA,-1,Unknown,Unknown,Unknown,Unknown,7.86,7.86,0.0808,0.8763,75.2667,47.18
NA,NA,-1,Unknown,Unknown,Unknown,Unknown,7.97,7.97,0.0843,0.8725,77.3958,47.87
NA,NA,-1,Unknown,Unknown,Unknown,Unknown,8.07,8.07,0.0899,0.8725,79.5508,48.53
NA,NA,-1,Unknown,Unknown,Unknown,Unknown,8.17,8.17,0.0927,0.8738,81.7397,49.16
NA,NA,-1,Unknown,Unknown,Unknown,Unknown,8.27,8.27,0.0967,0.8724,83.9544,49.82
NA,NA,-1,Unknown,Unknown,Unknown,Unknown,8.37,8.37,0.1021,0.8744,86.2013,50.51
NA,NA,-1,Unknown,Unknown,Unknown,Unknown,8.47,8.47,0.1063,0.8722,88.4755,51.17
NA,NA,-1,Unknown,Unknown,Unknown,Unknown,8.57,8.57,0.1098,0.8752,90.7781,51.78
NA,NA,-1,Unknown,Unknown,Unknown,Unknown,8.68,8.68,0.1142,0.8707,93.1152,52.46
NA,NA,-1,Unknown,Unknown,Unknown,Unknown,8.78,8.78,0.1165,0.8703,95.4744,53.15
NA,NA,-1,Unknown,Unknown,Unknown,Unknown,8.89,8.89,0.1200,0.8737,98.3521,53.90
NA,NA,-1,Unknown,Unknown,Unknown,Unknown,8.99,8.99,0.1222,0.8751,100.7765,54.55
NA,NA,-1,Unknown,Unknown,Unknown,Unknown,9.09,9.09,0.1249,0.8705,103.2375,55.22
NA,NA,-1,Unknown,Unknown,Unknown,Unknown,9.20,9.20,0.1256,0.8697,105.7206,55.89
NA,NA,-1,Unknown,Unknown,Unknown,Unknown,9.30,9.30,0.1278,0.8729,108.2378,56.54
NA,NA,-1,Unknown,Unknown,Unknown,Unknown,9.40,9.40,0.1261,0.8746,110.7822,57.16
NA,NA,-1,Unknown,Unknown,Unknown,Unknown,9.50,9.50,0.1268,0.8725,113.8757,57.94
NA,NA,-1,Unknown,Unknown,Unknown,Unknown,9.61,9.61,0.1270,0.8746,116.4842,58.63
NA,NA,-1,Unknown,Unknown,Unknown,Unknown,9.71,9.71,0.1275,0.8706,119.1205,59.11
NA,NA,-1,Unknown,Unknown,Unknown,Unknown,9.82,9.82,0.1283,0.8662,121.7732,59.46
NA,NA,-1,Unknown,Unknown,Unknown,Unknown,9.92,9.92,0.1293,0.8666,124.9681,59.69
NA,NA,-1,Unknown,Unknown,Unknown,Unknown,10.03,10.03,0.1303,0.8681,127.6390,59.83
NA,NA,-1,Unknown,Unknown,Unknown,Unknown,10.14,10.14,0.1315,0.8690,130.3126,59.86
NA,NA,-1,Unknown,Unknown,Unknown,Unknown,10.24,10.24,0.1332,0.8689,133.5217,59.86
NA,NA,-1,Unknown,Unknown,Unknown,Unknown,10.35,10.35,0.1348,0.8684,136.1963,59.84
NA,NA,-1,Unknown,Unknown,Unknown,Unknown,10.45,10.45,0.1365,0.8680,138.8707,59.83
NA,NA,-1,Unknown,Unknown,Unknown,Unknown,10.57,10.57,0.1386,0.8678,142.0796,59.81
NA,NA,-1,Unknown,Unknown,Unknown,Unknown,10.67,10.67,0.1406,0.8679,144.7531,59.80
NA,NA,-1,Unknown,Unknown,Unknown,Unknown,10.77,10.77,0.1426,0.8680,147.4259,59.78
NA,NA,-1,Unknown,Unknown,Unknown,Unknown,10.88,10.88,0.1447,0.8680,150.0980,59.77
NA,NA,-1,Unknown,Unknown,Unknown,Unknown,10.98,10.98,0.1468,0.8681,152.7696,59.76
NA,NA,-1,Unknown,Unknown,Unknown,Unknown,11.09,11.09,0.1494,0.8681,155.9747,59.74
NA,NA,-1,Unknown,Unknown,Unknown,Unknown,11.20,11.20,0.1516,0.8681,158.6449,59.73
NA,NA,-1,Unknown,Unknown,Unknown,Unknown,11.30,11.30,0.1543,0.8680,161.8483,59.71
NA,NA,-1,Unknown,Unknown,Unknown,Unknown,11.40,11.40,0.1566,0.8680,164.5172,59.70
NA,NA,-1,Unknown,Unknown,Unknown,Unknown,11.51,11.51,0.1589,0.8680,167.1855,59.68
NA,NA,-1,Unknown,Unknown,Unknown,Unknown,11.62,11.62,0.1612,0.8680,169.8533,59.67
NA,NA,-1,Unknown,Unknown,Unknown,Unknown,11.72,11.72,0.1640,0.8680,173.0537,59.65
NA,NA,-1,Unknown,Unknown,Unknown,Unknown,11.82,11.82,0.1664,0.8680,175.7201,59.64
NA,NA,-1,Unknown,Unknown,Unknown,Unknown,11.93,11.93,0.1687,0.8680,178.3859,59.63
NA,NA,-1,Unknown,Unknown,Unknown,Unknown,12.04,12.04,0.1711,0.8680,181.0511,59.61
NA,NA,-1,Unknown,Unknown,Unknown,Unknown,12.15,12.15,0.1739,0.8680,184.2485,59.60
NA,NA,-1,Unknown,Unknown,Unknown,Unknown,12.26,12.26,0.1763,0.8680,186.9124,59.58
NA,NA,-1,Unknown,Unknown,Unknown,Unknown,12.36,12.36,0.1791,0.8680,190.1082,59.57
NA,NA,-1,Unknown,Unknown,Unknown,Unknown,12.47,12.47,0.1815,0.8680,192.7708,59.55
NA,NA,-1,Unknown,Unknown,Unknown,Unknown,12.58,12.58,0.1839,0.8680,195.4327,59.54
NA,NA,-1,Unknown,Unknown,Unknown,Unknown,12.68,12.68,0.1863,0.8680,198.0941,59.53
NA,NA,-1,Unknown,Unknown,Unknown,Unknown,12.78,12.78,0.1891,0.8680,201.2869,59.51
NA,NA,-1,Unknown,Unknown,Unknown,Unknown,12.88,12.88,0.1915,0.8680,203.9470,59.50
NA,NA,-1,Unknown,Unknown,Unknown,Unknown,13.00,13.00,0.1939,0.8680,206.6064,59.48
NA,NA,-1,Unknown,Unknown,Unknown,Unknown,0.35,0.35,0.0022,0.8588,-0.0074,0.35
NA,NA,-1,Unknown,Unknown,Unknown,Unknown,0.46,0.46,0.0034,0.8693,-0.0089,0.18
NA,NA,-1,Unknown,Unknown,Unknown,Unknown,0.57,0.57,0.0038,0.8734,-0.0074,0.15
NA,NA,-1,Unknown,Unknown,Unknown,Unknown,0.67,0.67,0.0036,0.8727,0.0058,0.42
NA,NA,-1,Unknown,Unknown,Unknown,Unknown,0.78,0.78,0.0029,0.8713,0.0415,0.93
NA,NA,-1,Unknown,Unknown,Unknown,Unknown,0.89,0.89,0.0016,0.8698,0.1182,1.74
NA,NA,-1,Unknown,Unknown,Unknown,Unknown,0.99,0.99,0.0006,0.8698,0.2144,2.42
NA,NA,-1,Unknown,Unknown,Unknown,Unknown,1.09,1.09,0.0003,0.8700,0.3397,3.08
NA,NA,-1,Unknown,Unknown,Unknown,Unknown,1.19,1.19,0.0002,0.8699,0.4954,3.75
NA,NA,-1,Unknown,Unknown,Unknown,Unknown,1.29,1.29,0.0002,0.8702,0.6812,4.42
NA,NA,-1,Unknown,Unknown,Unknown,Unknown,1.40,1.40,-0.0002,0.8700,0.8969,5.10
NA,NA,-1,Unknown,Unknown,Unknown,Unknown,1.50,1.50,-0.0002,0.8888,1.2038,5.90
NA,NA,-1,Unknown,Unknown,Unknown,Unknown,1.61,1.61,0.0000,0.9171,1.4912,6.54
NA,NA,-1,Unknown,Unknown,Unknown,Unknown,1.71,1.71,0.0001,0.9147,1.7921,6.97
NA,NA,-1,Unknown,Unknown,Unknown,Unknown,1.82,1.82,0.0002,0.8548,2.1653,8.01
NA,NA,-1,Unknown,Unknown,Unknown,Unknown,1.92,1.92,0.0007,0.8441,2.5412,8.72
NA,NA,-1,Unknown,Unknown,Unknown,Unknown,2.03,2.03,0.0009,0.8556,2.9526,9.37
NA,NA,-1,Unknown,Unknown,Unknown,Unknown,2.14,2.14,0.0013,0.8698,3.3940,10.03
NA,NA,-1,Unknown,Unknown,Unknown,Unknown,2.24,2.24,0.0014,0.8691,3.8585,10.72
NA,NA,-1,Unknown,Unknown,Unknown,Unknown,2.34,2.34,0.0016,0.8712,4.3570,11.43
NA,NA,-1,Unknown,Unknown,Unknown,Unknown,2.44,2.44,0.0018,0.9026,4.8637,12.09
NA,NA,-1,Unknown,Unknown,Unknown,Unknown,2.54,2.54,0.0021,0.9023,5.4254,12.58
NA,NA,-1,Unknown,Unknown,Unknown,Unknown,2.65,2.65,0.0015,0.8704,6.1397,13.56
NA,NA,-1,Unknown,Unknown,Unknown,Unknown,2.75,2.75,0.0007,0.8707,6.7615,14.24
NA,NA,-1,Unknown,Unknown,Unknown,Unknown,2.85,2.85,0.0001,0.8718,7.4150,14.87
NA,NA,-1,Unknown,Unknown,Unknown,Unknown,2.95,2.95,-0.0003,0.8705,8.0968,15.54
NA,NA,-1,Unknown,Unknown,Unknown,Unknown,3.06,3.06,-0.0007,0.8695,8.8092,16.22
NA,NA,-1,Unknown,Unknown,Unknown,Unknown,3.17,3.17,-0.0011,0.8720,9.7043,17.00
NA,NA,-1,Unknown,Unknown,Unknown,Unknown,3.28,3.28,-0.0014,0.8712,10.4809,17.68
NA,NA,-1,Unknown,Unknown,Unknown,Unknown,3.38,3.38,-0.0017,0.8704,11.4531,18.49
NA,NA,-1,Unknown,Unknown,Unknown,Unknown,3.49,3.49,-0.0019,0.8714,12.2967,19.06
NA,NA,-1,Unknown,Unknown,Unknown,Unknown,3.59,3.59,-0.0023,0.8716,13.1704,19.80
NA,NA,-1,Unknown,Unknown,Unknown,Unknown,3.70,3.70,-0.0027,0.8699,14.0731,20.48
NA,NA,-1,Unknown,Unknown,Unknown,Unknown,3.80,3.80,-0.0032,0.8713,15.1953,21.27
NA,NA,-1,Unknown,Unknown,Unknown,Unknown,3.91,3.91,-0.0039,0.8707,16.1641,21.94
NA,NA,-1,Unknown,Unknown,Unknown,Unknown,4.01,4.01,-0.0040,0.8703,17.1616,22.61
NA,NA,-1,Unknown,Unknown,Unknown,Unknown,4.12,4.12,-0.0041,0.8718,18.1909,23.26
NA,NA,-1,Unknown,Unknown,Unknown,Unknown,4.22,4.22,-0.0043,0.8706,19.4639,24.07
NA,NA,-1,Unknown,Unknown,Unknown,Unknown,4.33,4.33,-0.0044,0.8727,20.5570,24.73
NA,NA,-1,Unknown,Unknown,Unknown,Unknown,4.43,4.43,-0.0043,0.8705,21.6792,25.41
NA,NA,-1,Unknown,Unknown,Unknown,Unknown,4.53,4.53,-0.0055,0.8711,22.8325,26.02
NA,NA,-1,Unknown,Unknown,Unknown,Unknown,4.64,4.64,-0.0061,0.8732,24.0151,26.73
NA,NA,-1,Unknown,Unknown,Unknown,Unknown,4.74,4.74,-0.0069,0.8713,25.4732,27.53
NA,NA,-1,Unknown,Unknown,Unknown,Unknown,4.85,4.85,-0.0076,0.8719,26.7204,28.17
NA,NA,-1,Unknown,Unknown,Unknown,Unknown,4.95,4.95,-0.0084,0.8734,27.9987,28.85
NA,NA,-1,Unknown,Unknown,Unknown,Unknown,5.06,5.06,-0.0092,0.8708,29.3058,29.52
NA,NA,-1,Unknown,Unknown,Unknown,Unknown,5.16,5.16,-0.0096,0.8731,30.6423,30.18
NA,NA,-1,Unknown,Unknown,Unknown,Unknown,5.26,5.26,-0.0088,0.8699,32.2861,30.98
NA,NA,-1,Unknown,Unknown,Unknown,Unknown,5.36,5.36,-0.0114,0.8723,33.6873,31.59
NA,NA,-1,Unknown,Unknown,Unknown,Unknown,5.47,5.47,-0.0125,0.8717,35.1196,32.27
NA,NA,-1,Unknown,Unknown,Unknown,Unknown,5.57,5.57,-0.0130,0.8711,36.5814,32.90
NA,NA,-1,Unknown,Unknown,Unknown,Unknown,5.67,5.67,-0.0146,0.8729,38.0718,33.64
NA,NA,-1,Unknown,Unknown,Unknown,Unknown,5.77,5.77,-0.0160,0.8706,39.5930,34.29
NA,NA,-1,Unknown,Unknown,Unknown,Unknown,5.88,5.88,-0.0176,0.8723,41.1429,34.96
NA,NA,-1,Unknown,Unknown,Unknown,Unknown,5.98,5.98,-0.0192,0.8706,43.0422,35.75
NA,NA,-1,Unknown,Unknown,Unknown,Unknown,6.09,6.09,-0.0205,0.8732,44.6577,36.35
NA,NA,-1,Unknown,Unknown,Unknown,Unknown,6.19,6.19,-0.0216,0.8726,46.3035,37.07
NA,NA,-1,Unknown,Unknown,Unknown,Unknown,6.29,6.29,-0.0229,0.8725,47.9765,37.74
NA,NA,-1,Unknown,Unknown,Unknown,Unknown,6.40,6.40,-0.0239,0.8708,49.6811,38.37
NA,NA,-1,Unknown,Unknown,Unknown,Unknown,6.50,6.50,-0.0254,0.8733,51.7672,39.19
NA,NA,-1,Unknown,Unknown,Unknown,Unknown,6.60,6.60,-0.0267,0.8730,53.5344,39.86
NA,NA,-1,Unknown,Unknown,Unknown,Unknown,6.71,6.71,-0.0279,0.8724,55.3329,40.49
NA,NA,-1,Unknown,Unknown,Unknown,Unknown,6.81,6.81,-0.0291,0.8749,57.1622,41.17
NA,NA,-1,Unknown,Unknown,Unknown,Unknown,6.91,6.91,-0.0303,0.8728,59.0191,41.84
NA,NA,-1,Unknown,Unknown,Unknown,Unknown,7.02,7.02,-0.0316,0.8721,61.2868,42.63
NA,NA,-1,Unknown,Unknown,Unknown,Unknown,7.13,7.13,-0.0328,0.8733,63.2106,43.22
NA,NA,-1,Unknown,Unknown,Unknown,Unknown,7.23,7.23,-0.0331,0.8723,65.1626,43.92
NA,NA,-1,Unknown,Unknown,Unknown,Unknown,7.33,7.33,-0.0362,0.8733,67.1451,44.57
NA,NA,-1,Unknown,Unknown,Unknown,Unknown,7.44,7.44,-0.0361,0.8733,69.1554,45.27
NA,NA,-1,Unknown,Unknown,Unknown,Unknown,7.55,7.55,-0.0371,0.8726,71.6081,46.05
NA,NA,-1,Unknown,Unknown,Unknown,Unknown,7.65,7.65,-0.0381,0.8720,73.6828,46.69
NA,NA,-1,Unknown,Unknown,Unknown,Unknown,7.76,7.76,-0.0388,0.8724,75.7907,47.38
NA,NA,-1,Unknown,Unknown,Unknown,Unknown,7.86,7.86,-0.0396,0.8741,78.3548,48.17
NA,NA,-1,Unknown,Unknown,Unknown,Unknown,7.96,7.96,-0.0404,0.8725,80.5258,48.80
NA,NA,-1,Unknown,Unknown,Unknown,Unknown,8.06,8.06,-0.0412,0.8758,82.7261,49.49
NA,NA,-1,Unknown,Unknown,Unknown,Unknown,8.17,8.17,-0.0418,0.8741,84.9540,50.14
NA,NA,-1,Unknown,Unknown,Unknown,Unknown,8.27,8.27,-0.0424,0.8682,87.2151,50.80
NA,NA,-1,Unknown,Unknown,Unknown,Unknown,8.38,8.38,-0.0431,0.8765,89.5016,51.46
NA,NA,-1,Unknown,Unknown,Unknown,Unknown,8.48,8.48,-0.0437,0.8714,91.8204,52.12
NA,NA,-1,Unknown,Unknown,Unknown,Unknown,8.58,8.58,-0.0444,0.8733,94.1641,52.77
NA,NA,-1,Unknown,Unknown,Unknown,Unknown,8.68,8.68,-0.0454,0.8702,97.0222,53.54
NA,NA,-1,Unknown,Unknown,Unknown,Unknown,8.79,8.79,-0.0463,0.8767,99.4323,54.22
NA,NA,-1,Unknown,Unknown,Unknown,Unknown,8.89,8.89,-0.0471,0.8727,101.8738,54.87
NA,NA,-1,Unknown,Unknown,Unknown,Unknown,8.99,8.99,-0.0459,0.8685,104.3421,55.51
NA,NA,-1,Unknown,Unknown,Unknown,Unknown,9.09,9.09,-0.0505,0.8704,106.8436,56.21
NA,NA,-1,Unknown,Unknown,Unknown,Unknown,9.19,9.19,-0.0486,0.8711,109.3760,56.85
NA,NA,-1,Unknown,Unknown,Unknown,Unknown,9.29,9.29,-0.0492,0.8742,111.9300,57.50
NA,NA,-1,Unknown,Unknown,Unknown,Unknown,9.39,9.39,-0.0495,0.8708,114.5203,58.14
NA,NA,-1,Unknown,Unknown,Unknown,Unknown,9.49,9.49,-0.0497,0.8773,117.1358,58.82
NA,NA,-1,Unknown,Unknown,Unknown,Unknown,9.60,9.60,-0.0500,0.8732,119.7828,59.47
NA,NA,-1,Unknown,Unknown,Unknown,Unknown,9.70,9.70,-0.0503,0.8737,122.9952,60.26
NA,NA,-1,Unknown,Unknown,Unknown,Unknown,9.80,9.80,-0.0506,0.8754,125.7097,60.92
NA,NA,-1,Unknown,Unknown,Unknown,Unknown,9.90,9.90,-0.0509,0.8734,128.4491,61.58
NA,NA,-1,Unknown,Unknown,Unknown,Unknown,10.00,10.00,-0.0512,0.8770,131.2159,62.18
NA,NA,-1,Unknown,Unknown,Unknown,Unknown,10.11,10.11,-0.0515,0.8726,134.0191,62.89
NA,NA,-1,Unknown,Unknown,Unknown,Unknown,10.21,10.21,-0.0512,0.8719,136.8416,63.51
NA,NA,-1,Unknown,Unknown,Unknown,Unknown,10.31,10.31,-0.0516,0.8720,139.6971,64.02
NA,NA,-1,Unknown,Unknown,Unknown,Unknown,10.42,10.42,-0.0512,0.8716,142.5694,64.33
NA,NA,-1,Unknown,Unknown,Unknown,Unknown,10.52,10.52,-0.0502,0.8706,146.0232,64.47
NA,NA,-1,Unknown,Unknown,Unknown,Unknown,10.63,10.63,-0.0492,0.8694,148.8999,64.40
NA,NA,-1,Unknown,Unknown,Unknown,Unknown,10.74,10.74,-0.0478,0.8675,152.3391,64.05
NA,NA,-1,Unknown,Unknown,Unknown,Unknown,10.85,10.85,-0.0465,0.8658,155.1838,63.53
NA,NA,-1,Unknown,Unknown,Unknown,Unknown,10.95,10.95,-0.0460,0.8595,158.0063,62.92
NA,NA,-1,Unknown,Unknown,Unknown,Unknown,11.05,11.05,-0.0429,0.8605,160.7984,62.22
NA,NA,-1,Unknown,Unknown,Unknown,Unknown,11.16,11.16,-0.0401,0.8594,163.5663,61.66
NA,NA,-1,Unknown,Unknown,Unknown,Unknown,11.26,11.26,-0.0365,0.8598,166.8590,61.22
NA,NA,-1,Unknown,Unknown,Unknown,Unknown,11.36,11.36,-0.0333,0.8580,169.5922,61.06
NA,NA,-1,Unknown,Unknown,Unknown,Unknown,11.47,11.47,-0.0300,0.8553,172.3217,60.99
NA,NA,-1,Unknown,Unknown,Unknown,Unknown,11.57,11.57,-0.0270,0.8545,175.0490,60.95
NA,NA,-1,Unknown,Unknown,Unknown,Unknown,11.67,11.67,-0.0237,0.8605,177.7765,60.92
NA,NA,-1,Unknown,Unknown,Unknown,Unknown,11.77,11.77,-0.0205,0.8666,180.5021,60.91
NA,NA,-1,Unknown,Unknown,Unknown,Unknown,11.88,11.88,-0.0174,0.8697,183.2258,60.90
NA,NA,-1,Unknown,Unknown,Unknown,Unknown,11.98,11.98,-0.0138,0.8701,186.4925,60.89
NA,NA,-1,Unknown,Unknown,Unknown,Unknown,12.08,12.08,-0.0108,0.8693,189.2138,60.88
NA,NA,-1,Unknown,Unknown,Unknown,Unknown,12.18,12.18,-0.0078,0.8684,191.9347,60.86
NA,NA,-1,Unknown,Unknown,Unknown,Unknown,12.29,12.29,-0.0049,0.8679,194.6550,60.85
NA,NA,-1,Unknown,Unknown,Unknown,Unknown,12.41,12.41,-0.0013,0.8678,197.9186,60.83
NA,NA,-1,Unknown,Unknown,Unknown,Unknown,12.51,12.51,0.0017,0.8679,200.6377,60.82
NA,NA,-1,Unknown,Unknown,Unknown,Unknown,12.61,12.61,0.0048,0.8680,203.3562,60.80
NA,NA,-1,Unknown,Unknown,Unknown,Unknown,12.71,12.71,0.0079,0.8681,206.0741,60.79
NA,NA,-1,Unknown,Unknown,Unknown,Unknown,12.82,12.82,0.0110,0.8681,208.7913,60.78
NA,NA,-1,Unknown,Unknown,Unknown,Unknown,12.93,12.93,0.0148,0.8681,212.0537,60.85
NA,NA,-1,Unknown,Unknown,Unknown,Unknown,13.03,13.03,0.0180,0.8685,214.7820,61.09
NA,NA,-1,Unknown,Unknown,Unknown,Unknown,13.13,13.13,0.0212,0.8695,217.5279,61.53
NA,NA,-1,Unknown,Unknown,Unknown,Unknown,13.24,13.24,0.0244,0.8730,220.2947,62.05
NA,NA,-1,Unknown,Unknown,Unknown,Unknown,13.34,13.34,0.0277,0.8768,223.0866,62.74
NA,NA,-1,Unknown,Unknown,Unknown,Unknown,13.44,13.44,0.0318,0.8698,226.4794,63.54
NA,NA,-1,Unknown,Unknown,Unknown,Unknown,13.54,13.54,0.0352,0.8775,229.3312,64.14
NA,NA,-1,Unknown,Unknown,Unknown,Unknown,13.65,13.65,0.0387,0.8741,232.2213,64.84
NA,NA,-1,Unknown,Unknown,Unknown,Unknown,13.75,13.75,0.0421,0.8743,235.1337,65.47
NA,NA,-1,Unknown,Unknown,Unknown,Unknown,13.86,13.86,0.0455,0.8786,238.0746,65.97
NA,NA,-1,Unknown,Unknown,Unknown,Unknown,13.96,13.96,0.0489,0.8710,241.0317,66.30
NA,NA,-1,Unknown,Unknown,Unknown,Unknown,14.06,14.06,0.0524,0.8671,243.9994,66.45
NA,NA,-1,Unknown,Unknown,Unknown,Unknown,14.16,14.16,0.0567,0.8665,247.5627,66.48
NA,NA,-1,Unknown,Unknown,Unknown,Unknown,14.27,14.27,0.0602,0.8672,250.5326,66.48
NA,NA,-1,Unknown,Unknown,Unknown,Unknown,14.38,14.38,0.0637,0.8677,253.5030,66.46
NA,NA,-1,Unknown,Unknown,Unknown,Unknown,14.48,14.48,0.0673,0.8680,256.4732,66.44
NA,NA,-1,Unknown,Unknown,Unknown,Unknown,14.59,14.59,0.0715,0.8681,260.0370,66.42
NA,NA,-1,Unknown,Unknown,Unknown,Unknown,14.69,14.69,0.0750,0.8681,263.0060,66.41
NA,NA,-1,Unknown,Unknown,Unknown,Unknown,14.80,14.80,0.0786,0.8680,265.9744,66.39
NA,NA,-1,Unknown,Unknown,Unknown,Unknown,14.91,14.91,0.0829,0.8680,269.5355,66.38
NA,NA,-1,Unknown,Unknown,Unknown,Unknown,15.01,15.01,0.0865,0.8680,272.5023,66.36
NA,NA,-1,Unknown,Unknown,Unknown,Unknown,15.12,15.12,0.0901,0.8680,275.4685,66.35
NA,NA,-1,Unknown,Unknown,Unknown,Unknown,15.22,15.22,0.0938,0.8680,278.4340,66.33
NA,NA,-1,Unknown,Unknown,Unknown,Unknown,15.32,15.32,0.0982,0.8680,281.9917,66.31
NA,NA,-1,Unknown,Unknown,Unknown,Unknown,15.43,15.43,0.1019,0.8680,284.9557,66.30
NA,NA,-1,Unknown,Unknown,Unknown,Unknown,15.53,15.53,0.1056,0.8680,287.9192,66.28
NA,NA,-1,Unknown,Unknown,Unknown,Unknown,15.64,15.64,0.1094,0.8680,290.8819,66.27
NA,NA,-1,Unknown,Unknown,Unknown,Unknown,15.74,15.74,0.1131,0.8680,293.8439,66.25
NA,NA,-1,Unknown,Unknown,Unknown,Unknown,15.84,15.84,0.1176,0.8680,297.3975,66.24
NA,NA,-1,Unknown,Unknown,Unknown,Unknown,15.94,15.94,0.1214,0.8680,300.3581,66.22
NA,NA,-1,Unknown,Unknown,Unknown,Unknown,16.05,16.05,0.1252,0.8680,303.3180,66.21
NA,NA,-1,Unknown,Unknown,Unknown,Unknown,16.16,16.16,0.1298,0.8680,306.8690,66.19
NA,NA,-1,Unknown,Unknown,Unknown,Unknown,16.26,16.26,0.1336,0.8680,309.8274,66.17
NA,NA,-1,Unknown,Unknown,Unknown,Unknown,16.37,16.37,0.1374,0.8680,312.7852,66.16
NA,NA,-1,Unknown,Unknown,Unknown,Unknown,16.47,16.47,0.1412,0.8680,315.7423,66.14
NA,NA,-1,Unknown,Unknown,Unknown,Unknown,16.57,16.57,0.1450,0.8680,318.6988,66.13
NA,NA,-1,Unknown,Unknown,Unknown,Unknown,16.67,16.67,0.1488,0.8680,321.6546,66.11
NA,NA,-1,Unknown,Unknown,Unknown,Unknown,16.78,16.78,0.1527,0.8680,324.6097,66.10
NA,NA,-1,Unknown,Unknown,Unknown,Unknown,16.88,16.88,0.1565,0.8680,327.5641,66.08
NA,NA,-1,Unknown,Unknown,Unknown,Unknown,16.98,16.98,0.1611,0.8680,331.1086,66.07
NA,NA,-1,Unknown,Unknown,Unknown,Unknown,17.09,17.09,0.1649,0.8680,334.0616,66.05
NA,NA,-1,Unknown,Unknown,Unknown,Unknown,17.19,17.19,0.1688,0.8680,337.0140,66.04
NA,NA,-1,Unknown,Unknown,Unknown,Unknown,17.29,17.29,0.1726,0.8680,339.9656,66.02
NA,NA,-1,Unknown,Unknown,Unknown,Unknown,17.40,17.40,0.1765,0.8680,342.9167,66.01
NA,NA,-1,Unknown,Unknown,Unknown,Unknown,17.50,17.50,0.1803,0.8680,345.8670,65.99
NA,NA,-1,Unknown,Unknown,Unknown,Unknown,17.60,17.60,0.1849,0.8680,349.4065,65.97
NA,NA,-1,Unknown,Unknown,Unknown,Unknown,17.71,17.71,0.1888,0.8680,352.3554,65.96
NA,NA,-1,Unknown,Unknown,Unknown,Unknown,17.81,17.81,0.1926,0.8680,355.3037,65.94
NA,NA,-1,Unknown,Unknown,Unknown,Unknown,0.35,0.35,0.0022,0.8588,-0.0074,0.35
NA,NA,-1,Unknown,Unknown,Unknown,Unknown,0.46,0.46,0.0034,0.8693,-0.0089,0.18
NA,NA,-1,Unknown,Unknown,Unknown,Unknown,0.56,0.56,0.0039,0.8735,-0.0076,0.08
NA,NA,-1,Unknown,Unknown,Unknown,Unknown,0.66,0.66,0.0036,0.8723,-0.0054,0.10
NA,NA,-1,Unknown,Unknown,Unknown,Unknown,0.78,0.78,0.0029,0.8699,-0.0025,0.15
NA,NA,-1,Unknown,Unknown,Unknown,Unknown,0.88,0.88,0.0022,0.8679,0.0036,0.23
NA,NA,-1,Unknown,Unknown,Unknown,Unknown,0.98,0.98,0.0014,0.8675,0.0319,0.68
NA,NA,-1,Unknown,Unknown,Unknown,Unknown,1.09,1.09,0.0008,0.8687,0.0819,1.26
NA,NA,-1,Unknown,Unknown,Unknown,Unknown,1.19,1.19,0.0002,0.8696,0.1568,1.95
NA,NA,-1,Unknown,Unknown,Unknown,Unknown,1.29,1.29,0.0011,0.8699,0.2619,2.61
NA,NA,-1,Unknown,Unknown,Unknown,Unknown,1.40,1.40,0.0004,0.8699,0.3969,3.28
NA,NA,-1,Unknown,Unknown,Unknown,Unknown,1.50,1.50,0.0012,0.8701,0.5619,3.96
NA,NA,-1,Unknown,Unknown,Unknown,Unknown,1.60,1.60,0.0007,0.8700,0.7568,4.63
NA,NA,-1,Unknown,Unknown,Unknown,Unknown,1.70,1.70,0.0013,0.8700,0.9817,5.30
NA,NA,-1,Unknown,Unknown,Unknown,Unknown,1.80,1.80,0.0022,0.9024,1.3018,6.08
NA,NA,-1,Unknown,Unknown,Unknown,Unknown,1.90,1.90,0.0029,0.9214,1.5963,6.65
NA,NA,-1,Unknown,Unknown,Unknown,Unknown,2.00,2.00,0.0038,0.8985,1.8934,7.11
NA,NA,-1,Unknown,Unknown,Unknown,Unknown,2.11,2.11,0.0045,0.8468,2.2173,8.20
NA,NA,-1,Unknown,Unknown,Unknown,Unknown,2.22,2.22,0.0049,0.8456,2.5969,8.79
NA,NA,-1,Unknown,Unknown,Unknown,Unknown,2.32,2.32,0.0066,0.8616,3.0984,9.57
NA,NA,-1,Unknown,Unknown,Unknown,Unknown,2.43,2.43,0.0070,0.8715,3.5459,10.15
NA,NA,-1,Unknown,Unknown,Unknown,Unknown,2.53,2.53,0.0077,0.8703,4.0219,10.93
NA,NA,-1,Unknown,Unknown,Unknown,Unknown,2.64,2.64,0.0084,0.8716,4.5289,11.59
NA,NA,-1,Unknown,Unknown,Unknown,Unknown,2.74,2.74,0.0097,0.9032,5.0460,12.25
NA,NA,-1,Unknown,Unknown,Unknown,Unknown,2.84,2.84,0.0140,0.8833,5.7344,12.85
NA,NA,-1,Unknown,Unknown,Unknown,Unknown,2.95,2.95,0.0129,0.8673,6.3412,13.74
NA,NA,-1,Unknown,Unknown,Unknown,Unknown,3.06,3.06,0.0140,0.8705,7.1036,14.47
NA,NA,-1,Unknown,Unknown,Unknown,Unknown,3.17,3.17,0.0150,0.8720,7.7723,15.21
NA,NA,-1,Unknown,Unknown,Unknown,Unknown,3.27,3.27,0.0162,0.8705,8.4691,15.88
NA,NA,-1,Unknown,Unknown,Unknown,Unknown,3.38,3.38,0.0174,0.8705,9.1963,16.56
NA,NA,-1,Unknown,Unknown,Unknown,Unknown,3.48,3.48,0.0190,0.8712,10.1083,17.28
NA,NA,-1,Unknown,Unknown,Unknown,Unknown,3.59,3.59,0.0203,0.8714,10.9022,18.02
NA,NA,-1,Unknown,Unknown,Unknown,Unknown,3.69,3.69,0.0217,0.8694,11.7255,18.69
NA,NA,-1,Unknown,Unknown,Unknown,Unknown,3.80,3.80,0.0232,0.8711,12.5771,19.28
NA,NA,-1,Unknown,Unknown,Unknown,Unknown,3.90,3.90,0.0248,0.8716,13.4602,20.02
NA,NA,-1,Unknown,Unknown,Unknown,Unknown,4.00,4.00,0.0267,0.8709,14.5581,20.82
NA,NA,-1,Unknown,Unknown,Unknown,Unknown,4.11,4.11,0.0276,0.8697,15.5063,21.48
NA,NA,-1,Unknown,Unknown,Unknown,Unknown,4.21,4.21,0.0288,0.8723,16.4846,22.14
NA,NA,-1,Unknown,Unknown,Unknown,Unknown,4.32,4.32,0.0303,0.8708,17.4914,22.81
NA,NA,-1,Unknown,Unknown,Unknown,Unknown,4.42,4.42,0.0319,0.8705,18.5284,23.47
NA,NA,-1,Unknown,Unknown,Unknown,Unknown,4.52,4.52,0.0339,0.8735,19.8135,24.27
NA,NA,-1,Unknown,Unknown,Unknown,Unknown,4.63,4.63,0.0358,0.8714,20.9155,24.94
NA,NA,-1,Unknown,Unknown,Unknown,Unknown,4.73,4.73,0.0375,0.8706,22.0474,25.61
NA,NA,-1,Unknown,Unknown,Unknown,Unknown,4.83,4.83,0.0393,0.8739,23.2104,26.27
NA,NA,-1,Unknown,Unknown,Unknown,Unknown,4.93,4.93,0.0412,0.8702,24.4027,26.94
NA,NA,-1,Unknown,Unknown,Unknown,Unknown,5.04,5.04,0.0430,0.8715,25.6222,27.61
NA,NA,-1,Unknown,Unknown,Unknown,Unknown,5.14,5.14,0.0449,0.8739,26.8749,28.26
NA,NA,-1,Unknown,Unknown,Unknown,Unknown,5.24,5.24,0.0472,0.8710,28.4162,29.06
NA,NA,-1,Unknown,Unknown,Unknown,Unknown,5.35,5.35,0.0490,0.8708,29.7309,29.73
NA,NA,-1,Unknown,Unknown,Unknown,Unknown,5.45,5.45,0.0511,0.8728,31.0774,30.38
NA,NA,-1,Unknown,Unknown,Unknown,Unknown,5.56,5.56,0.0531,0.8701,32.4530,31.06
NA,NA,-1,Unknown,Unknown,Unknown,Unknown,5.66,5.66,0.0550,0.8741,33.8590,31.71
NA,NA,-1,Unknown,Unknown,Unknown,Unknown,5.76,5.76,0.0573,0.8704,35.5859,32.51
NA,NA,-1,Unknown,Unknown,Unknown,Unknown,5.87,5.87,0.0597,0.8719,37.0535,33.18
NA,NA,-1,Unknown,Unknown,Unknown,Unknown,5.97,5.97,0.0620,0.8718,38.5549,33.76
NA,NA,-1,Unknown,Unknown,Unknown,Unknown,6.07,6.07,0.0642,0.8719,40.0857,34.50
NA,NA,-1,Unknown,Unknown,Unknown,Unknown,6.18,6.18,0.0665,0.8716,41.6436,35.17
NA,NA,-1,Unknown,Unknown,Unknown,Unknown,6.28,6.28,0.0694,0.8710,43.5551,35.93
NA,NA,-1,Unknown,Unknown,Unknown,Unknown,6.39,6.39,0.0717,0.8746,45.1795,36.62
NA,NA,-1,Unknown,Unknown,Unknown,Unknown,6.49,6.49,0.0741,0.8713,46.8340,37.28
NA,NA,-1,Unknown,Unknown,Unknown,Unknown,6.60,6.60,0.0770,0.8715,48.5160,37.94
NA,NA,-1,Unknown,Unknown,Unknown,Unknown,6.70,6.70,0.0798,0.8716,50.2329,38.60
NA,NA,-1,Unknown,Unknown,Unknown,Unknown,6.80,6.80,0.0820,0.8685,52.3253,39.41
NA,NA,-1,Unknown,Unknown,Unknown,Unknown,6.91,6.91,0.0881,0.8720,54.1047,40.04
NA,NA,-1,Unknown,Unknown,Unknown,Unknown,7.01,7.01,0.0901,0.8729,55.9128,40.72
NA,NA,-1,Unknown,Unknown,Unknown,Unknown,7.11,7.11,0.0938,0.8729,57.7483,41.38
NA,NA,-1,Unknown,Unknown,Unknown,Unknown,7.21,7.21,0.0994,0.8707,59.6168,41.99
NA,NA,-1,Unknown,Unknown,Unknown,Unknown,7.32,7.32,0.1016,0.8693,61.8963,42.85
NA,NA,-1,Unknown,Unknown,Unknown,Unknown,7.43,7.43,0.1064,0.8709,63.8276,43.47
NA,NA,-1,Unknown,Unknown,Unknown,Unknown,7.53,7.53,0.1122,0.8734,65.7896,44.12
NA,NA,-1,Unknown,Unknown,Unknown,Unknown,7.64,7.64,0.1159,0.8728,67.7800,44.81
NA,NA,-1,Unknown,Unknown,Unknown,Unknown,7.74,7.74,0.1228,0.8730,69.8003,45.44
NA,NA,-1,Unknown,Unknown,Unknown,Unknown,7.84,7.84,0.1308,0.8717,72.2634,46.24
NA,NA,-1,Unknown,Unknown,Unknown,Unknown,7.94,7.94,0.1363,0.8744,74.3490,46.93
NA,NA,-1,Unknown,Unknown,Unknown,Unknown,8.05,8.05,0.1419,0.8738,76.4629,47.57
NA,NA,-1,Unknown,Unknown,Unknown,Unknown,8.15,8.15,0.1501,0.8701,78.6082,48.22
NA,NA,-1,Unknown,Unknown,Unknown,Unknown,8.26,8.26,0.1538,0.8742,80.7818,48.91
NA,NA,-1,Unknown,Unknown,Unknown,Unknown,8.36,8.36,0.1579,0.8711,83.4302,49.70
NA,NA,-1,Unknown,Unknown,Unknown,Unknown,8.46,8.46,0.1659,0.8743,85.6678,50.35
NA,NA,-1,Unknown,Unknown,Unknown,Unknown,8.57,8.57,0.1712,0.8691,87.9373,51.02
NA,NA,-1,Unknown,Unknown,Unknown,Unknown,8.68,8.68,0.1773,0.8752,90.6944,51.76
NA,NA,-1,Unknown,Unknown,Unknown,Unknown,8.78,8.78,0.1831,0.8707,93.0304,52.43
NA,NA,-1,Unknown,Unknown,Unknown,Unknown,8.88,8.88,0.1867,0.8703,95.3886,53.12
NA,NA,-1,Unknown,Unknown,Unknown,Unknown,8.98,8.98,0.1908,0.8705,97.7853,53.78
NA,NA,-1,Unknown,Unknown,Unknown,Unknown,9.08,9.08,0.1951,0.8761,100.2007,54.36
NA,NA,-1,Unknown,Unknown,Unknown,Unknown,9.19,9.19,0.1979,0.8719,102.6542,55.09
NA,NA,-1,Unknown,Unknown,Unknown,Unknown,9.29,9.29,0.2009,0.8703,105.1303,55.70
NA,NA,-1,Unknown,Unknown,Unknown,Unknown,9.40,9.40,0.2034,0.8685,107.6396,56.29
NA,NA,-1,Unknown,Unknown,Unknown,Unknown,9.50,9.50,0.2062,0.8723,110.1633,56.65
NA,NA,-1,Unknown,Unknown,Unknown,Unknown,9.61,9.61,0.2067,0.8712,113.2075,56.83
NA,NA,-1,Unknown,Unknown,Unknown,Unknown,9.71,9.71,0.2080,0.8697,115.7468,56.86
NA,NA,-1,Unknown,Unknown,Unknown,Unknown,9.82,9.82,0.2096,0.8684,118.2866,56.85
NA,NA,-1,Unknown,Unknown,Unknown,Unknown,9.92,9.92,0.2120,0.8676,121.3348,56.84
NA,NA,-1,Unknown,Unknown,Unknown,Unknown,10.03,10.03,0.2143,0.8675,123.8750,56.82
NA,NA,-1,Unknown,Unknown,Unknown,Unknown,10.14,10.14,0.2168,0.8677,126.4148,56.81
NA,NA,-1,Unknown,Unknown,Unknown,Unknown,10.24,10.24,0.2196,0.8679,128.9541,56.80
NA,NA,-1,Unknown,Unknown,Unknown,Unknown,10.34,10.34,0.2226,0.8681,131.4950,56.86
NA,NA,-1,Unknown,Unknown,Unknown,Unknown,10.45,10.45,0.2265,0.8687,134.5562,57.16
NA,NA,-1,Unknown,Unknown,Unknown,Unknown,10.56,10.56,0.2299,0.8698,137.1274,57.62
NA,NA,-1,Unknown,Unknown,Unknown,Unknown,10.67,10.67,0.2326,0.8737,140.2377,58.18
NA,NA,-1,Unknown,Unknown,Unknown,Unknown,10.77,10.77,0.2387,0.8686,142.8473,58.58
NA,NA,-1,Unknown,Unknown,Unknown,Unknown,10.89,10.89,0.2407,0.8671,145.9957,58.76
NA,NA,-1,Unknown,Unknown,Unknown,Unknown,11.00,11.00,0.2424,0.8675,148.6211,58.78
NA,NA,-1,Unknown,Unknown,Unknown,Unknown,11.10,11.10,0.2446,0.8680,151.7720,58.77
NA,NA,-1,Unknown,Unknown,Unknown,Unknown,11.21,11.21,0.2464,0.8681,154.3981,58.76
NA,NA,-1,Unknown,Unknown,Unknown,Unknown,11.32,11.32,0.2481,0.8680,157.0242,58.74
NA,NA,-1,Unknown,Unknown,Unknown,Unknown,11.42,11.42,0.2497,0.8680,159.6499,58.73
NA,NA,-1,Unknown,Unknown,Unknown,Unknown,11.52,11.52,0.2514,0.8680,162.8014,58.77
NA,NA,-1,Unknown,Unknown,Unknown,Unknown,11.63,11.63,0.2528,0.8683,165.4317,58.84
NA,NA,-1,Unknown,Unknown,Unknown,Unknown,11.73,11.73,0.2541,0.8685,168.0627,58.85
NA,NA,-1,Unknown,Unknown,Unknown,Unknown,11.84,11.84,0.2556,0.8685,171.2190,58.85
NA,NA,-1,Unknown,Unknown,Unknown,Unknown,11.95,11.95,0.2568,0.8683,173.8488,58.83
NA,NA,-1,Unknown,Unknown,Unknown,Unknown,12.06,12.06,0.2581,0.8680,177.0044,58.83
NA,NA,-1,Unknown,Unknown,Unknown,Unknown,12.17,12.17,0.2593,0.8681,179.6374,58.92
NA,NA,-1,Unknown,Unknown,Unknown,Unknown,12.28,12.28,0.2606,0.8684,182.8002,58.96
NA,NA,-1,Unknown,Unknown,Unknown,Unknown,12.39,12.39,0.2618,0.8685,185.4353,58.95
NA,NA,-1,Unknown,Unknown,Unknown,Unknown,12.50,12.50,0.2629,0.8684,188.0700,58.95
NA,NA,-1,Unknown,Unknown,Unknown,Unknown,12.60,12.60,0.2640,0.8682,190.7043,58.93
NA,NA,-1,Unknown,Unknown,Unknown,Unknown,12.71,12.71,0.2653,0.8680,193.8655,58.94
NA,NA,-1,Unknown,Unknown,Unknown,Unknown,12.81,12.81,0.2665,0.8681,196.5041,59.04
NA,NA,-1,Unknown,Unknown,Unknown,Unknown,12.92,12.92,0.2676,0.8685,199.1460,59.09
NA,NA,-1,Unknown,Unknown,Unknown,Unknown,13.02,13.02,0.2687,0.8687,201.7876,59.10
NA,NA,-1,Unknown,Unknown,Unknown,Unknown,13.12,13.12,0.2698,0.8685,204.4287,59.09
NA,NA,-1,Unknown,Unknown,Unknown,Unknown,13.22,13.22,0.2712,0.8682,207.5977,59.08
NA,NA,-1,Unknown,Unknown,Unknown,Unknown,13.33,13.33,0.2723,0.8680,210.2382,59.07
NA,NA,-1,Unknown,Unknown,Unknown,Unknown,13.44,13.44,0.2735,0.8679,212.8782,59.05
NA,NA,-1,Unknown,Unknown,Unknown,Unknown,13.55,13.55,0.2748,0.8679,216.0455,59.03
NA,NA,-1,Unknown,Unknown,Unknown,Unknown,13.65,13.65,0.2759,0.8680,218.6843,59.02
NA,NA,-1,Unknown,Unknown,Unknown,Unknown,13.75,13.75,0.2771,0.8680,221.3224,59.01
NA,NA,-1,Unknown,Unknown,Unknown,Unknown,13.86,13.86,0.2784,0.8681,224.4874,58.99
NA,NA,-1,Unknown,Unknown,Unknown,Unknown,13.96,13.96,0.2795,0.8681,227.1242,58.98
NA,NA,-1,Unknown,Unknown,Unknown,Unknown,14.07,14.07,0.2807,0.8681,229.7619,59.02
NA,NA,-1,Unknown,Unknown,Unknown,Unknown,14.18,14.18,0.2818,0.8684,232.4071,59.22
NA,NA,-1,Unknown,Unknown,Unknown,Unknown,14.28,14.28,0.2832,0.8694,235.6005,59.62
NA,NA,-1,Unknown,Unknown,Unknown,Unknown,14.38,14.38,0.2843,0.8703,238.2733,59.84
NA,NA,-1,Unknown,Unknown,Unknown,Unknown,14.49,14.49,0.2854,0.8703,240.9488,59.91
NA,NA,-1,Unknown,Unknown,Unknown,Unknown,14.59,14.59,0.2866,0.8696,243.6246,59.92
NA,NA,-1,Unknown,Unknown,Unknown,Unknown,14.70,14.70,0.2879,0.8684,246.8364,59.91
NA,NA,-1,Unknown,Unknown,Unknown,Unknown,14.80,14.80,0.2890,0.8678,249.5134,59.89
NA,NA,-1,Unknown,Unknown,Unknown,Unknown,14.91,14.91,0.2902,0.8676,252.1902,59.88
NA,NA,-1,Unknown,Unknown,Unknown,Unknown,15.02,15.02,0.2913,0.8677,254.8666,59.86
NA,NA,-1,Unknown,Unknown,Unknown,Unknown,15.13,15.13,0.2926,0.8679,258.0775,59.84
NA,NA,-1,Unknown,Unknown,Unknown,Unknown,15.23,15.23,0.2937,0.8681,260.7525,59.83
NA,NA,-1,Unknown,Unknown,Unknown,Unknown,15.33,15.33,0.2948,0.8681,263.4269,59.82
NA,NA,-1,Unknown,Unknown,Unknown,Unknown,15.44,15.44,0.2958,0.8681,266.1006,59.80
NA,NA,-1,Unknown,Unknown,Unknown,Unknown,15.54,15.54,0.2969,0.8681,268.7738,59.79
NA,NA,-1,Unknown,Unknown,Unknown,Unknown,15.64,15.64,0.2982,0.8680,271.9808,59.78
NA,NA,-1,Unknown,Unknown,Unknown,Unknown,15.74,15.74,0.2993,0.8680,274.6526,59.76
NA,NA,-1,Unknown,Unknown,Unknown,Unknown,15.85,15.85,0.3003,0.8680,277.3238,59.75
NA,NA,-1,Unknown,Unknown,Unknown,Unknown,15.95,15.95,0.3014,0.8680,279.9944,59.73
NA,NA,-1,Unknown,Unknown,Unknown,Unknown,16.05,16.05,0.3024,0.8680,282.6645,59.72
NA,NA,-1,Unknown,Unknown,Unknown,Unknown,16.15,16.15,0.3035,0.8681,285.3350,59.75
NA,NA,-1,Unknown,Unknown,Unknown,Unknown,16.25,16.25,0.3046,0.8683,288.0123,59.94
NA,NA,-1,Unknown,Unknown,Unknown,Unknown,16.36,16.36,0.3056,0.8691,290.7035,60.26
NA,NA,-1,Unknown,Unknown,Unknown,Unknown,16.46,16.46,0.3067,0.8701,293.4066,60.51
NA,NA,-1,Unknown,Unknown,Unknown,Unknown,16.56,16.56,0.3080,0.8703,296.6552,60.62
NA,NA,-1,Unknown,Unknown,Unknown,Unknown,16.67,16.67,0.3090,0.8696,299.3628,60.63
NA,NA,-1,Unknown,Unknown,Unknown,Unknown,16.77,16.77,0.3101,0.8686,302.0711,60.62
NA,NA,-1,Unknown,Unknown,Unknown,Unknown,16.87,16.87,0.3112,0.8679,304.7797,60.61
NA,NA,-1,Unknown,Unknown,Unknown,Unknown,16.97,16.97,0.3122,0.8676,307.4883,60.59
NA,NA,-1,Unknown,Unknown,Unknown,Unknown,17.07,17.07,0.3132,0.8676,310.1967,60.58
NA,NA,-1,Unknown,Unknown,Unknown,Unknown,17.18,17.18,0.3143,0.8678,312.9044,60.56
NA,NA,-1,Unknown,Unknown,Unknown,Unknown,17.28,17.28,0.3155,0.8680,316.1528,60.54
NA,NA,-1,Unknown,Unknown,Unknown,Unknown,17.38,17.38,0.3165,0.8681,318.8591,60.53
NA,NA,-1,Unknown,Unknown,Unknown,Unknown,17.50,17.50,0.3177,0.8681,322.1057,60.52
NA,NA,-1,Unknown,Unknown,Unknown,Unknown,17.60,17.60,0.3187,0.8681,324.8106,60.50
NA,NA,-1,Unknown,Unknown,Unknown,Unknown,17.71,17.71,0.3197,0.8681,327.5149,60.49
NA,NA,-1,Unknown,Unknown,Unknown,Unknown,17.81,17.81,0.3207,0.8680,330.2186,60.47
NA,NA,-1,Unknown,Unknown,Unknown,Unknown,17.92,17.92,0.3217,0.8680,332.9217,60.46
NA,NA,-1,Unknown,Unknown,Unknown,Unknown,18.02,18.02,0.3229,0.8680,336.1646,60.44
NA,NA,-1,Unknown,Unknown,Unknown,Unknown,18.13,18.13,0.3239,0.8680,338.8663,60.43
NA,NA,-1,Unknown,Unknown,Unknown,Unknown,18.24,18.24,0.3249,0.8680,341.5675,60.42
NA,NA,-1,Unknown,Unknown,Unknown,Unknown,18.34,18.34,0.3259,0.8680,344.2680,60.40
NA,NA,-1,Unknown,Unknown,Unknown,Unknown,18.44,18.44,0.3271,0.8680,347.5078,60.39
NA,NA,-1,Unknown,Unknown,Unknown,Unknown,18.55,18.55,0.3281,0.8680,350.2070,60.37
NA,NA,-1,Unknown,Unknown,Unknown,Unknown,18.65,18.65,0.3291,0.8680,352.9056,60.36
NA,NA,-1,Unknown,Unknown,Unknown,Unknown,18.76,18.76,0.3301,0.8680,355.6036,60.35
NA,NA,-1,Unknown,Unknown,Unknown,Unknown,18.86,18.86,0.3311,0.8680,358.3010,60.33
NA,NA,-1,Unknown,Unknown,Unknown,Unknown,18.96,18.96,0.3322,0.8680,361.5370,60.32
NA,NA,-1,Unknown,Unknown,Unknown,Unknown,19.06,19.06,0.3332,0.8680,364.2331,60.30
NA,NA,-1,Unknown,Unknown,Unknown,Unknown,19.16,19.16,0.3342,0.8680,366.9285,60.29
NA,NA,-1,Unknown,Unknown,Unknown,Unknown,19.27,19.27,0.3352,0.8680,369.6233,60.28
NA,NA,-1,Unknown,Unknown,Unknown,Unknown,19.37,19.37,0.3362,0.8680,372.3175,60.26
NA,NA,-1,Unknown,Unknown,Unknown,Unknown,19.48,19.48,0.3372,0.8680,375.0111,60.25
NA,NA,-1,Unknown,Unknown,Unknown,Unknown,19.58,19.58,0.3382,0.8680,377.7042,60.24
NA,NA,-1,Unknown,Unknown,Unknown,Unknown,19.68,19.68,0.3394,0.8680,380.9350,60.22
NA,NA,-1,Unknown,Unknown,Unknown,Unknown,19.79,19.79,0.3404,0.8680,383.6267,60.21
NA,NA,-1,Unknown,Unknown,Unknown,Unknown,19.89,19.89,0.3414,0.8680,386.3177,60.19
NA,NA,-1,Unknown,Unknown,Unknown,Unknown,20.00,20.00,0.3424,0.8680,389.0082,60.18
NA,NA,-1,Unknown,Unknown,Unknown,Unknown,20.10,20.10,0.3436,0.8680,392.2360,60.16
NA,NA,-1,Unknown,Unknown,Unknown,Unknown,20.20,20.20,0.3447,0.8680,394.9251,60.15
NA,NA,-1,Unknown,Unknown,Unknown,Unknown,20.31,20.31,0.3457,0.8680,397.6137,60.14
NA,NA,-1,Unknown,Unknown,Unknown,Unknown,20.41,20.41,0.3467,0.8680,400.3016,60.12
NA,NA,-1,Unknown,Unknown,Unknown,Unknown,20.52,20.52,0.3477,0.8680,402.9889,60.11
NA,NA,-1,Unknown,Unknown,Unknown,Unknown,20.62,20.62,0.3489,0.8680,406.2129,60.09
NA,NA,-1,Unknown,Unknown,Unknown,Unknown,20.73,20.73,0.3499,0.8680,408.8989,60.08
NA,NA,-1,Unknown,Unknown,Unknown,Unknown,20.83,20.83,0.3509,0.8680,411.5843,60.07
NA,NA,-1,Unknown,Unknown,Unknown,Unknown,20.94,20.94,0.3520,0.8680,414.2691,60.05
NA,NA,-1,Unknown,Unknown,Unknown,Unknown,21.04,21.04,0.3532,0.8680,417.4901,60.04
NA,NA,-1,Unknown,Unknown,Unknown,Unknown,21.15,21.15,0.3542,0.8680,420.1736,60.02
NA,NA,-1,Unknown,Unknown,Unknown,Unknown,21.25,21.25,0.3552,0.8680,422.8564,60.01
NA,NA,-1,Unknown,Unknown,Unknown,Unknown,21.36,21.36,0.3562,0.8680,425.5387,60.00
NA,NA,-1,Unknown,Unknown,Unknown,Unknown,21.46,21.46,0.3573,0.8680,428.2203,59.98
NA,NA,-1,Unknown,Unknown,Unknown,Unknown,21.57,21.57,0.3585,0.8680,431.4375,59.97
NA,NA,-1,Unknown,Unknown,Unknown,Unknown,21.67,21.67,0.3595,0.8680,434.1178,59.95
NA,NA,-1,Unknown,Unknown,Unknown,Unknown,21.78,21.78,0.3605,0.8680,436.7975,59.94
NA,NA,-1,Unknown,Unknown,Unknown,Unknown,21.88,21.88,0.3618,0.8680,440.0124,59.92
NA,NA,-1,Unknown,Unknown,Unknown,Unknown,21.99,21.99,0.3628,0.8680,442.6908,59.91
NA,NA,-1,Unknown,Unknown,Unknown,Unknown,22.09,22.09,0.3639,0.8680,445.3686,59.90
NA,NA,-1,Unknown,Unknown,Unknown,Unknown,22.20,22.20,0.3649,0.8680,448.0458,59.88
NA,NA,-1,Unknown,Unknown,Unknown,Unknown,22.31,22.31,0.3661,0.8680,451.2577,59.87
NA,NA,-1,Unknown,Unknown,Unknown,Unknown,22.41,22.41,0.3672,0.8680,453.9336,59.85
NA,NA,-1,Unknown,Unknown,Unknown,Unknown,22.51,22.51,0.3682,0.8680,456.6088,59.84
NA,NA,-1,Unknown,Unknown,Unknown,Unknown,22.61,22.61,0.3692,0.8680,459.2835,59.83
NA,NA,-1,Unknown,Unknown,Unknown,Unknown,22.72,22.72,0.3703,0.8680,461.9576,59.81
NA,NA,-1,Unknown,Unknown,Unknown,Unknown,22.82,22.82,0.3713,0.8680,464.6310,59.80
NA,NA,-1,Unknown,Unknown,Unknown,Unknown,22.92,22.92,0.3724,0.8680,467.3039,59.79
NA,NA,-1,Unknown,Unknown,Unknown,Unknown,23.03,23.03,0.3736,0.8680,470.5106,59.77
NA,NA,-1,Unknown,Unknown,Unknown,Unknown,23.13,23.13,0.3747,0.8680,473.1823,59.77
NA,NA,-1,Unknown,Unknown,Unknown,Unknown,23.25,23.25,0.3759,0.8682,476.3931,59.88
NA,NA,-1,Unknown,Unknown,Unknown,Unknown,23.36,23.36,0.3770,0.8686,479.0724,59.93
NA,NA,-1,Unknown,Unknown,Unknown,Unknown,23.46,23.46,0.3782,0.8687,482.2870,59.94
NA,NA,-1,Unknown,Unknown,Unknown,Unknown,23.57,23.57,0.3793,0.8684,484.9655,59.93
NA,NA,-1,Unknown,Unknown,Unknown,Unknown,23.68,23.68,0.3804,0.8682,487.6436,59.91
NA,NA,-1,Unknown,Unknown,Unknown,Unknown,23.78,23.78,0.3816,0.8680,490.8569,59.90
NA,NA,-1,Unknown,Unknown,Unknown,Unknown,23.89,23.89,0.3827,0.8679,493.5342,59.88
NA,NA,-1,Unknown,Unknown,Unknown,Unknown,24.00,24.00,0.3837,0.8679,496.2108,59.87
NA,NA,-1,Unknown,Unknown,Unknown,Unknown,24.11,24.11,0.3850,0.8680,499.4221,59.85
NA,NA,-1,Unknown,Unknown,Unknown,Unknown,24.22,24.22,0.3860,0.8681,502.0974,59.84
NA,NA,-1,Unknown,Unknown,Unknown,Unknown,24.32,24.32,0.3873,0.8681,505.3070,59.82
NA,NA,-1,Unknown,Unknown,Unknown,Unknown,24.42,24.42,0.3883,0.8681,507.9810,59.81
NA,NA,-1,Unknown,Unknown,Unknown,Unknown,24.53,24.53,0.3894,0.8680,510.6544,59.80
NA,NA,-1,Unknown,Unknown,Unknown,Unknown,24.63,24.63,0.3904,0.8680,513.3271,59.78
NA,NA,-1,Unknown,Unknown,Unknown,Unknown,24.74,24.74,0.3917,0.8680,516.5337,59.77
NA,NA,-1,Unknown,Unknown,Unknown,Unknown,24.84,24.84,0.3927,0.8680,519.2051,59.75
NA,NA,-1,Unknown,Unknown,Unknown,Unknown,24.95,24.95,0.3938,0.8680,521.8760,59.74
NA,NA,-1,Unknown,Unknown,Unknown,Unknown,25.05,25.05,0.3948,0.8680,524.5463,59.73
NA,NA,-1,Unknown,Unknown,Unknown,Unknown,25.16,25.16,0.3959,0.8680,527.2160,59.71
NA,NA,-1,Unknown,Unknown,Unknown,Unknown,25.26,25.26,0.3972,0.8680,530.4188,59.70
NA,NA,-1,Unknown,Unknown,Unknown,Unknown,25.36,25.36,0.3982,0.8680,533.0872,59.68
NA,NA,-1,Unknown,Unknown,Unknown,Unknown,25.46,25.46,0.3993,0.8680,535.7549,59.67
NA,NA,-1,Unknown,Unknown,Unknown,Unknown,25.56,25.56,0.4003,0.8680,538.4221,59.66
NA,NA,-1,Unknown,Unknown,Unknown,Unknown,25.66,25.66,0.4014,0.8680,541.0886,59.64
NA,NA,-1,Unknown,Unknown,Unknown,Unknown,25.77,25.77,0.4024,0.8680,543.7546,59.63
NA,NA,-1,Unknown,Unknown,Unknown,Unknown,25.88,25.88,0.4035,0.8680,546.4199,59.62
NA,NA,-1,Unknown,Unknown,Unknown,Unknown,25.98,25.98,0.4046,0.8680,549.0847,59.60
NA,NA,-1,Unknown,Unknown,Unknown,Unknown,26.09,26.09,0.4058,0.8680,552.2816,59.59
NA,NA,-1,Unknown,Unknown,Unknown,Unknown,26.20,26.20,0.4069,0.8680,554.9451,59.57
NA,NA,-1,Unknown,Unknown,Unknown,Unknown,26.30,26.30,0.4080,0.8680,557.6079,59.56
NA,NA,-1,Unknown,Unknown,Unknown,Unknown,26.40,26.40,0.4092,0.8680,560.8025,59.54
NA,NA,-1,Unknown,Unknown,Unknown,Unknown,26.50,26.50,0.4103,0.8680,563.4640,59.53
NA,NA,-1,Unknown,Unknown,Unknown,Unknown,26.60,26.60,0.4114,0.8680,566.1249,59.52
NA,NA,-1,Unknown,Unknown,Unknown,Unknown,26.70,26.70,0.4125,0.8680,568.7853,59.50
NA,NA,-1,Unknown,Unknown,Unknown,Unknown,26.81,26.81,0.4135,0.8680,571.4450,59.49
NA,NA,-1,Unknown,Unknown,Unknown,Unknown,26.92,26.92,0.4146,0.8680,574.1041,59.48
NA,NA,-1,Unknown,Unknown,Unknown,Unknown,27.02,27.02,0.4157,0.8680,576.7626,59.46
NA,NA,-1,Unknown,Unknown,Unknown,Unknown,27.13,27.13,0.4170,0.8680,579.9521,59.45
NA,NA,-1,Unknown,Unknown,Unknown,Unknown,27.23,27.23,0.4180,0.8680,582.6093,59.43
NA,NA,-1,Unknown,Unknown,Unknown,Unknown,27.33,27.33,0.4191,0.8680,585.2659,59.42
NA,NA,-1,Unknown,Unknown,Unknown,Unknown,27.44,27.44,0.4204,0.8680,588.4531,59.41
NA,NA,-1,Unknown,Unknown,Unknown,Unknown,27.55,27.55,0.4215,0.8680,591.1084,59.39
NA,NA,-1,Unknown,Unknown,Unknown,Unknown,27.65,27.65,0.4226,0.8680,593.7631,59.38
NA,NA,-1,Unknown,Unknown,Unknown,Unknown,27.75,27.75,0.4237,0.8680,596.4172,59.37
NA,NA,-1,Unknown,Unknown,Unknown,Unknown,27.85,27.85,0.4247,0.8680,599.0707,59.35
NA,NA,-1,Unknown,Unknown,Unknown,Unknown,27.96,27.96,0.4258,0.8680,601.7236,59.34
NA,NA,-1,Unknown,Unknown,Unknown,Unknown,28.07,28.07,0.4271,0.8680,604.9064,59.32
NA,NA,-1,Unknown,Unknown,Unknown,Unknown,28.17,28.17,0.4282,0.8680,607.5580,59.31
NA,NA,-1,Unknown,Unknown,Unknown,Unknown,28.28,28.28,0.4293,0.8680,610.2090,59.30
NA,NA,-1,Unknown,Unknown,Unknown,Unknown,28.38,28.38,0.4306,0.8680,613.3894,59.28
NA,NA,-1,Unknown,Unknown,Unknown,Unknown,28.48,28.48,0.4317,0.8680,616.0391,59.27
NA,NA,-1,Unknown,Unknown,Unknown,Unknown,28.59,28.59,0.4328,0.8680,618.6882,59.25
NA,NA,-1,Unknown,Unknown,Unknown,Unknown,28.70,28.70,0.4339,0.8680,621.3367,59.24
NA,NA,-1,Unknown,Unknown,Unknown,Unknown,28.80,28.80,0.4350,0.8680,623.9846,59.23
NA,NA,-1,Unknown,Unknown,Unknown,Unknown,28.90,28.90,0.4363,0.8680,627.1614,59.21
NA,NA,-1,Unknown,Unknown,Unknown,Unknown,29.00,29.00,0.4374,0.8680,629.8080,59.20
NA,NA,-1,Unknown,Unknown,Unknown,Unknown,29.11,29.11,0.4385,0.8680,632.4540,59.18
NA,NA,-1,Unknown,Unknown,Unknown,Unknown,29.21,29.21,0.4396,0.8680,635.0994,59.17
NA,NA,-1,Unknown,Unknown,Unknown,Unknown,29.32,29.32,0.4407,0.8680,637.7442,59.16
NA,NA,-1,Unknown,Unknown,Unknown,Unknown,29.42,29.42,0.4420,0.8681,640.9177,59.17
NA,NA,-1,Unknown,Unknown,Unknown,Unknown,29.53,29.53,0.4431,0.8682,643.5667,59.28
NA,NA,-1,Unknown,Unknown,Unknown,Unknown,29.63,29.63,0.4443,0.8686,646.2201,59.35
NA,NA,-1,Unknown,Unknown,Unknown,Unknown,29.75,29.75,0.4456,0.8688,649.4039,59.36
NA,NA,-1,Unknown,Unknown,Unknown,Unknown,29.85,29.85,0.4467,0.8686,652.0567,59.36
NA,NA,-1,Unknown,Unknown,Unknown,Unknown,29.96,29.96,0.4478,0.8682,654.7093,59.34
NA,NA,-1,Unknown,Unknown,Unknown,Unknown,30.06,30.06,0.4491,0.8680,657.8920,59.33
NA,NA,-1,Unknown,Unknown,Unknown,Unknown,30.17,30.17,0.4503,0.8679,660.5438,59.31
NA,NA,-1,Unknown,Unknown,Unknown,Unknown,30.27,30.27,0.4514,0.8679,663.1949,59.30
NA,NA,-1,Unknown,Unknown,Unknown,Unknown,30.38,30.38,0.4525,0.8680,665.8456,59.29
NA,NA,-1,Unknown,Unknown,Unknown,Unknown,30.48,30.48,0.4538,0.8680,669.0255,59.27
NA,NA,-1,Unknown,Unknown,Unknown,Unknown,30.59,30.59,0.4549,0.8681,671.6747,59.26
NA,NA,-1,Unknown,Unknown,Unknown,Unknown,30.69,30.69,0.4560,0.8681,674.3234,59.24
NA,NA,-1,Unknown,Unknown,Unknown,Unknown,30.80,30.80,0.4571,0.8681,676.9715,59.23
NA,NA,-1,Unknown,Unknown,Unknown,Unknown,30.90,30.90,0.4584,0.8680,680.1484,59.21
NA,NA,-1,Unknown,Unknown,Unknown,Unknown,31.01,31.01,0.4595,0.8680,682.7952,59.20
NA,NA,-1,Unknown,Unknown,Unknown,Unknown,31.12,31.12,0.4609,0.8680,685.9705,59.19
NA,NA,-1,Unknown,Unknown,Unknown,Unknown,31.23,31.23,0.4620,0.8680,688.6160,59.17
NA,NA,-1,Unknown,Unknown,Unknown,Unknown,31.34,31.34,0.4631,0.8680,691.2608,59.16
NA,NA,-1,Unknown,Unknown,Unknown,Unknown,31.44,31.44,0.4644,0.8680,694.4338,59.14
NA,NA,-1,Unknown,Unknown,Unknown,Unknown,31.55,31.55,0.4655,0.8680,697.0774,59.13
NA,NA,-1,Unknown,Unknown,Unknown,Unknown,31.65,31.65,0.4666,0.8680,699.7203,59.12
NA,NA,-1,Unknown,Unknown,Unknown,Unknown,31.76,31.76,0.4679,0.8680,702.8911,59.10
NA,NA,-1,Unknown,Unknown,Unknown,Unknown,31.87,31.87,0.4690,0.8680,705.5327,59.09
NA,NA,-1,Unknown,Unknown,Unknown,Unknown,31.97,31.97,0.4702,0.8680,708.1738,59.07
NA,NA,-1,Unknown,Unknown,Unknown,Unknown,32.08,32.08,0.4713,0.8680,710.8142,59.06
NA,NA,-1,Unknown,Unknown,Unknown,Unknown,32.18,32.18,0.4726,0.8680,713.9820,59.04
NA,NA,-1,Unknown,Unknown,Unknown,Unknown,32.29,32.29,0.4737,0.8680,716.6212,59.03
NA,NA,-1,Unknown,Unknown,Unknown,Unknown,32.40,32.40,0.4748,0.8680,719.2597,59.02
NA,NA,-1,Unknown,Unknown,Unknown,Unknown,32.51,32.51,0.4762,0.8681,722.4265,59.05
NA,NA,-1,Unknown,Unknown,Unknown,Unknown,32.62,32.62,0.4775,0.8683,725.5967,59.09
NA,NA,-1,Unknown,Unknown,Unknown,Unknown,32.73,32.73,0.4786,0.8684,728.2385,59.09
NA,NA,-1,Unknown,Unknown,Unknown,Unknown,32.84,32.84,0.4798,0.8683,730.8795,59.08
NA,NA,-1,Unknown,Unknown,Unknown,Unknown,32.94,32.94,0.4811,0.8681,734.0482,59.07
NA,NA,-1,Unknown,Unknown,Unknown,Unknown,33.05,33.05,0.4822,0.8680,736.6883,59.06
NA,NA,-1,Unknown,Unknown,Unknown,Unknown,33.15,33.15,0.4833,0.8680,739.3279,59.04
NA,NA,-1,Unknown,Unknown,Unknown,Unknown,33.26,33.26,0.4845,0.8680,741.9670,59.03
NA,NA,-1,Unknown,Unknown,Unknown,Unknown,33.36,33.36,0.4856,0.8680,744.6054,59.02
NA,NA,-1,Unknown,Unknown,Unknown,Unknown,33.46,33.46,0.4869,0.8680,747.7709,59.00
NA,NA,-1,Unknown,Unknown,Unknown,Unknown,33.57,33.57,0.4881,0.8681,750.4080,58.99
NA,NA,-1,Unknown,Unknown,Unknown,Unknown,33.68,33.68,0.4892,0.8681,753.0455,59.00
NA,NA,-1,Unknown,Unknown,Unknown,Unknown,33.78,33.78,0.4905,0.8681,756.2103,58.99
NA,NA,-1,Unknown,Unknown,Unknown,Unknown,33.89,33.89,0.4917,0.8681,758.8469,58.98
NA,NA,-1,Unknown,Unknown,Unknown,Unknown,34.00,34.00,0.4928,0.8681,761.4829,58.96
NA,NA,-1,Unknown,Unknown,Unknown,Unknown,34.11,34.11,0.4941,0.8680,764.6454,58.95
NA,NA,-1,Unknown,Unknown,Unknown,Unknown,34.22,34.22,0.4955,0.8680,767.8073,58.93
NA,NA,-1,Unknown,Unknown,Unknown,Unknown,34.33,34.33,0.4966,0.8680,770.4414,58.92
NA,NA,-1,Unknown,Unknown,Unknown,Unknown,34.43,34.43,0.4977,0.8680,773.0750,58.91
NA,NA,-1,Unknown,Unknown,Unknown,Unknown,34.54,34.54,0.4989,0.8680,775.7079,58.89
NA,NA,-1,Unknown,Unknown,Unknown,Unknown,34.65,34.65,0.5002,0.8681,778.8677,58.92
NA,NA,-1,Unknown,Unknown,Unknown,Unknown,34.76,34.76,0.5014,0.8683,781.5046,58.99
NA,NA,-1,Unknown,Unknown,Unknown,Unknown,34.87,34.87,0.5027,0.8685,784.6698,59.00
NA,NA,-1,Unknown,Unknown,Unknown,Unknown,34.97,34.97,0.5038,0.8684,787.3067,58.99
NA,NA,-1,Unknown,Unknown,Unknown,Unknown,35.08,35.08,0.5052,0.8682,790.4705,58.98
NA,NA,-1,Unknown,Unknown,Unknown,Unknown,35.19,35.19,0.5063,0.8680,793.1066,58.97
NA,NA,-1,Unknown,Unknown,Unknown,Unknown,35.29,35.29,0.5075,0.8680,795.7422,58.95
NA,NA,-1,Unknown,Unknown,Unknown,Unknown,35.40,35.40,0.5086,0.8680,798.3773,58.94
NA,NA,-1,Unknown,Unknown,Unknown,Unknown,35.50,35.50,0.5100,0.8680,801.5385,58.92
NA,NA,-1,Unknown,Unknown,Unknown,Unknown,35.61,35.61,0.5111,0.8680,804.1723,58.91
NA,NA,-1,Unknown,Unknown,Unknown,Unknown,35.72,35.72,0.5125,0.8681,807.3320,58.89
NA,NA,-1,Unknown,Unknown,Unknown,Unknown,35.83,35.83,0.5136,0.8681,809.9645,58.88
NA,NA,-1,Unknown,Unknown,Unknown,Unknown,35.95,35.95,0.5150,0.8681,813.1226,58.87
NA,NA,-1,Unknown,Unknown,Unknown,Unknown,36.06,36.06,0.5161,0.8680,815.7538,58.85
NA,NA,-1,Unknown,Unknown,Unknown,Unknown,36.16,36.16,0.5174,0.8680,818.9104,58.84
NA,NA,-1,Unknown,Unknown,Unknown,Unknown,36.27,36.27,0.5186,0.8680,821.5402,58.82
NA,NA,-1,Unknown,Unknown,Unknown,Unknown,36.37,36.37,0.5197,0.8680,824.1695,58.81
NA,NA,-1,Unknown,Unknown,Unknown,Unknown,36.48,36.48,0.5211,0.8680,827.3238,58.79
NA,NA,-1,Unknown,Unknown,Unknown,Unknown,36.59,36.59,0.5222,0.8680,829.9518,58.78
NA,NA,-1,Unknown,Unknown,Unknown,Unknown,36.69,36.69,0.5234,0.8680,832.5792,58.77
NA,NA,-1,Unknown,Unknown,Unknown,Unknown,36.79,36.79,0.5245,0.8680,835.2059,58.75
NA,NA,-1,Unknown,Unknown,Unknown,Unknown,36.90,36.90,0.5259,0.8680,838.3572,58.74
NA,NA,-1,Unknown,Unknown,Unknown,Unknown,37.00,37.00,0.5270,0.8680,840.9827,58.73
NA,NA,-1,Unknown,Unknown,Unknown,Unknown,37.11,37.11,0.5281,0.8680,843.6076,58.71
NA,NA,-1,Unknown,Unknown,Unknown,Unknown,37.22,37.22,0.5293,0.8680,846.2319,58.70
NA,NA,-1,Unknown,Unknown,Unknown,Unknown,37.33,37.33,0.5307,0.8680,849.3803,58.68
NA,NA,-1,Unknown,Unknown,Unknown,Unknown,37.44,37.44,0.5318,0.8680,852.0033,58.67
NA,NA,-1,Unknown,Unknown,Unknown,Unknown,37.55,37.55,0.5332,0.8680,855.1501,58.65
NA,NA,-1,Unknown,Unknown,Unknown,Unknown,37.66,37.66,0.5343,0.8681,857.7730,58.69
NA,NA,-1,Unknown,Unknown,Unknown,Unknown,37.77,37.77,0.5357,0.8683,860.9251,58.76
NA,NA,-1,Unknown,Unknown,Unknown,Unknown,37.88,37.88,0.5369,0.8685,863.5522,58.77
NA,NA,-1,Unknown,Unknown,Unknown,Unknown,37.99,37.99,0.5382,0.8684,866.7042,58.76
NA,NA,-1,Unknown,Unknown,Unknown,Unknown,38.10,38.10,0.5394,0.8682,869.3304,58.75
NA,NA,-1,Unknown,Unknown,Unknown,Unknown,38.20,38.20,0.5408,0.8680,872.4813,58.73
NA,NA,-1,Unknown,Unknown,Unknown,Unknown,38.31,38.31,0.5419,0.8680,875.1066,58.72
NA,NA,-1,Unknown,Unknown,Unknown,Unknown,38.42,38.42,0.5431,0.8680,877.7313,58.71
NA,NA,-1,Unknown,Unknown,Unknown,Unknown,38.53,38.53,0.5445,0.8681,880.8839,58.80
NA,NA,-1,Unknown,Unknown,Unknown,Unknown,38.64,38.64,0.5456,0.8685,883.5153,58.86
NA,NA,-1,Unknown,Unknown,Unknown,Unknown,38.75,38.75,0.5470,0.8686,886.6727,58.87
NA,NA,-1,Unknown,Unknown,Unknown,Unknown,38.85,38.85,0.5482,0.8685,889.3034,58.86
NA,NA,-1,Unknown,Unknown,Unknown,Unknown,38.96,38.96,0.5496,0.8682,892.4598,58.84
NA,NA,-1,Unknown,Unknown,Unknown,Unknown,39.07,39.07,0.5507,0.8680,895.0900,58.84
NA,NA,-1,Unknown,Unknown,Unknown,Unknown,39.17,39.17,0.5519,0.8680,897.7228,58.92
NA,NA,-1,Unknown,Unknown,Unknown,Unknown,39.27,39.27,0.5530,0.8685,900.3660,59.19
NA,NA,-1,Unknown,Unknown,Unknown,Unknown,39.38,39.38,0.5544,0.8699,903.5624,59.73
NA,NA,-1,Unknown,Unknown,Unknown,Unknown,39.49,39.49,0.5556,0.8721,906.2433,60.09
NA,NA,-1,Unknown,Unknown,Unknown,Unknown,39.59,39.59,0.5567,0.8735,908.9337,60.37
NA,NA,-1,Unknown,Unknown,Unknown,Unknown,39.70,39.70,0.5581,0.8712,912.1738,60.45
NA,NA,-1,Unknown,Unknown,Unknown,Unknown,39.81,39.81,0.5593,0.8691,914.8751,60.45
NA,NA,-1,Unknown,Unknown,Unknown,Unknown,39.92,39.92,0.5604,0.8678,917.5764,60.44
NA,NA,-1,Unknown,Unknown,Unknown,Unknown,40.02,40.02,0.5618,0.8674,920.8177,60.42
NA,NA,-1,Unknown,Unknown,Unknown,Unknown,40.12,40.12,0.5629,0.8676,923.5183,60.41
NA,NA,-1,Unknown,Unknown,Unknown,Unknown,40.23,40.23,0.5640,0.8678,926.2184,60.39
NA,NA,-1,Unknown,Unknown,Unknown,Unknown,40.33,40.33,0.5650,0.8680,928.9178,60.38
NA,NA,-1,Unknown,Unknown,Unknown,Unknown,40.44,40.44,0.5663,0.8681,932.1564,60.36
NA,NA,-1,Unknown,Unknown,Unknown,Unknown,40.54,40.54,0.5674,0.8681,934.8544,60.35
NA,NA,-1,Unknown,Unknown,Unknown,Unknown,40.65,40.65,0.5684,0.8681,937.5519,60.34
NA,NA,-1,Unknown,Unknown,Unknown,Unknown,40.75,40.75,0.5694,0.8681,940.2487,60.32
NA,NA,-1,Unknown,Unknown,Unknown,Unknown,40.86,40.86,0.5707,0.8680,943.4842,60.31
NA,NA,-1,Unknown,Unknown,Unknown,Unknown,40.97,40.97,0.5717,0.8680,946.1797,60.29
NA,NA,-1,Unknown,Unknown,Unknown,Unknown,41.08,41.08,0.5729,0.8680,949.4136,60.28
NA,NA,-1,Unknown,Unknown,Unknown,Unknown,41.19,41.19,0.5739,0.8680,952.1078,60.26
NA,NA,-1,Unknown,Unknown,Unknown,Unknown,41.30,41.30,0.5749,0.8680,954.8015,60.25
NA,NA,-1,Unknown,Unknown,Unknown,Unknown,41.42,41.42,0.5761,0.8680,958.0330,60.23
NA,NA,-1,Unknown,Unknown,Unknown,Unknown,41.52,41.52,0.5771,0.8680,960.7252,60.22
NA,NA,-1,Unknown,Unknown,Unknown,Unknown,41.63,41.63,0.5783,0.8680,963.9551,60.20
NA,NA,-1,Unknown,Unknown,Unknown,Unknown,41.74,41.74,0.5793,0.8680,966.6461,60.19
NA,NA,-1,Unknown,Unknown,Unknown,Unknown,41.85,41.85,0.5805,0.8680,969.8743,60.17
NA,NA,-1,Unknown,Unknown,Unknown,Unknown,41.96,41.96,0.5815,0.8680,972.5639,60.16
NA,NA,-1,Unknown,Unknown,Unknown,Unknown,42.06,42.06,0.5827,0.8680,975.7906,60.14
NA,NA,-1,Unknown,Unknown,Unknown,Unknown,42.17,42.17,0.5837,0.8680,978.4789,60.13
NA,NA,-1,Unknown,Unknown,Unknown,Unknown,42.28,42.28,0.5847,0.8680,981.1666,60.12
NA,NA,-1,Unknown,Unknown,Unknown,Unknown,42.38,42.38,0.5857,0.8680,983.8537,60.10
NA,NA,-1,Unknown,Unknown,Unknown,Unknown,42.48,42.48,0.5869,0.8680,987.0774,60.09
NA,NA,-1,Unknown,Unknown,Unknown,Unknown,42.59,42.59,0.5879,0.8680,989.7631,60.07
NA,NA,-1,Unknown,Unknown,Unknown,Unknown,42.69,42.69,0.5889,0.8680,992.4482,60.06
NA,NA,-1,Unknown,Unknown,Unknown,Unknown,42.79,42.79,0.5899,0.8680,995.1328,60.05
NA,NA,-1,Unknown,Unknown,Unknown,Unknown,42.89,42.89,0.5909,0.8680,997.8167,60.03
NA,NA,-1,Unknown,Unknown,Unknown,Unknown,42.99,42.99,0.5919,0.8680,1000.5000,60.02
NA,NA,-1,Unknown,Unknown,Unknown,Unknown,43.09,43.09,0.5929,0.8680,1003.1830,60.01
NA,NA,-1,Unknown,Unknown,Unknown,Unknown,43.19,43.19,0.5940,0.8680,1005.8650,59.99
NA,NA,-1,Unknown,Unknown,Unknown,Unknown,43.29,43.29,0.5950,0.8680,1008.5460,59.98
NA,NA,-1,Unknown,Unknown,Unknown,Unknown,43.40,43.40,0.5960,0.8680,1011.2270,59.96
NA,NA,-1,Unknown,Unknown,Unknown,Unknown,43.51,43.51,0.5972,0.8680,1014.4440,59.95
NA,NA,-1,Unknown,Unknown,Unknown,Unknown,43.61,43.61,0.5982,0.8680,1017.1230,59.94
NA,NA,-1,Unknown,Unknown,Unknown,Unknown,43.73,43.73,0.5994,0.8680,1020.3380,59.92
NA,NA,-1,Unknown,Unknown,Unknown,Unknown,43.83,43.83,0.6005,0.8680,1023.0160,59.91
NA,NA,-1,Unknown,Unknown,Unknown,Unknown,43.94,43.94,0.6017,0.8680,1026.2290,59.89
NA,NA,-1,Unknown,Unknown,Unknown,Unknown,44.05,44.05,0.6027,0.8680,1028.9060,59.88
NA,NA,-1,Unknown,Unknown,Unknown,Unknown,44.15,44.15,0.6037,0.8680,1031.5820,59.86
NA,NA,-1,Unknown,Unknown,Unknown,Unknown,44.26,44.26,0.6050,0.8680,1034.7930,59.85
NA,NA,-1,Unknown,Unknown,Unknown,Unknown,44.36,44.36,0.6060,0.8680,1037.4680,59.83
NA,NA,-1,Unknown,Unknown,Unknown,Unknown,44.47,44.47,0.6070,0.8680,1040.1430,59.82
NA,NA,-1,Unknown,Unknown,Unknown,Unknown,44.57,44.57,0.6081,0.8680,1042.8170,59.81
NA,NA,-1,Unknown,Unknown,Unknown,Unknown,44.67,44.67,0.6091,0.8680,1045.4900,59.79
NA,NA,-1,Unknown,Unknown,Unknown,Unknown,44.77,44.77,0.6101,0.8680,1048.1620,59.78
NA,NA,-1,Unknown,Unknown,Unknown,Unknown,44.88,44.88,0.6111,0.8680,1050.8340,59.77
NA,NA,-1,Unknown,Unknown,Unknown,Unknown,44.99,44.99,0.6124,0.8680,1054.0400,59.75
NA,NA,-1,Unknown,Unknown,Unknown,Unknown,45.09,45.09,0.6134,0.8680,1056.7110,59.74
NA,NA,-1,Unknown,Unknown,Unknown,Unknown,45.19,45.19,0.6145,0.8680,1059.3810,59.72
NA,NA,-1,Unknown,Unknown,Unknown,Unknown,45.30,45.30,0.6155,0.8680,1062.0500,59.71
NA,NA,-1,Unknown,Unknown,Unknown,Unknown,45.40,45.40,0.6168,0.8680,1065.2530,59.69
NA,NA,-1,Unknown,Unknown,Unknown,Unknown,45.50,45.50,0.6178,0.8680,1067.9210,59.68
NA,NA,-1,Unknown,Unknown,Unknown,Unknown,45.61,45.61,0.6188,0.8680,1070.5890,59.67
