ParticipantID,Block,TrialIndex,TrialType,Expectancy,SignalColor,MergeSide,TimeAbsolute,TimeRelative,X,Y,Z,SpeedMPH
,Night,0,Practice,Expected,Amber,Left,1.62,0.00,0.0000,0.9901,-0.0025,3.07
,Night,0,Practice,Expected,Amber,Left,1.62,0.00,0.0000,0.9901,-0.0025,3.07
,Night,0,Practice,Expected,Amber,Left,1.72,0.10,0.0000,0.8217,-0.0020,3.32
,Night,0,Practice,Expected,Amber,Left,1.83,0.20,0.0018,0.8559,-0.0067,0.39
,Night,0,Practice,Expected,Amber,Left,1.93,0.30,0.0032,0.8677,-0.0088,0.21
,Night,0,Practice,Expected,Amber,Left,2.03,0.41,0.0038,0.8729,-0.0083,0.08
,Night,0,Practice,Expected,Amber,Left,2.14,0.51,0.0037,0.8731,-0.0068,0.09
,Night,0,Practice,Expected,Amber,Left,2.24,0.61,0.0032,0.8711,0.0029,0.34
,Night,0,Practice,Expected,Amber,Left,2.34,0.72,0.0025,0.8694,0.0271,0.68
,Night,0,Practice,Expected,Amber,Left,2.44,0.82,0.0020,0.8692,0.0771,1.27
,Night,0,Practice,Expected,Amber,Left,2.54,0.92,0.0031,0.8698,0.1706,2.07
,Night,0,Practice,Expected,Amber,Left,2.65,1.03,0.0103,0.8697,0.2811,2.74
,Night,0,Practice,Expected,Amber,Left,2.76,1.13,0.0248,0.8699,0.4195,3.38
,Night,0,Practice,Expected,Amber,Left,2.86,1.24,0.0483,0.8697,0.5870,4.04
,Night,0,Practice,Expected,Amber,Left,2.96,1.34,0.0793,0.8699,0.7828,4.70
,Night,0,Practice,Expected,Amber,Left,3.06,1.44,0.1273,0.8701,1.0562,5.50
,Night,0,Practice,Expected,Amber,Left,3.16,1.54,0.1711,0.8702,1.3170,6.19
,Night,0,Practice,Expected,Amber,Left,3.26,1.64,0.2134,0.8701,1.6085,6.86
,Night,0,Practice,Expected,Amber,Left,3.37,1.74,0.2511,0.8701,1.9312,7.53
,Night,0,Practice,Expected,Amber,Left,3.47,1.85,0.2873,0.8701,2.2837,8.20
,Night,0,Practice,Expected,Amber,Left,3.57,1.95,0.3223,0.8697,2.6663,8.86
,Night,0,Practice,Expected,Amber,Left,3.68,2.05,0.3537,0.8703,3.0785,9.51
,Night,0,Practice,Expected,Amber,Left,3.78,2.16,0.3697,0.8696,3.5193,10.15
,Night,0,Practice,Expected,Amber,Left,3.88,2.26,0.3616,0.8685,4.0827,10.86
,Night,0,Practice,Expected,Amber,Left,3.98,2.36,0.3305,0.8693,4.5810,11.50
,Night,0,Practice,Expected,Amber,Left,4.09,2.46,0.2806,0.8668,5.1090,12.18
,Night,0,Practice,Expected,Amber,Left,4.19,2.57,0.2496,0.8664,5.6728,12.76
,Night,0,Practice,Expected,Amber,Left,4.29,2.67,0.2270,0.8728,6.2572,13.31
,Night,0,Practice,Expected,Amber,Left,4.40,2.77,0.2235,0.8658,6.8668,14.06
,Night,0,Practice,Expected,Amber,Left,4.50,2.88,0.2233,0.8691,7.5141,14.69
,Night,0,Practice,Expected,Amber,Left,4.60,2.98,0.2233,0.8705,8.1911,15.33
,Night,0,Practice,Expected,Amber,Left,4.70,3.08,0.2279,0.8722,9.0404,16.18
,Night,0,Practice,Expected,Amber,Left,4.81,3.18,0.2153,0.8690,9.7780,16.83
,Night,0,Practice,Expected,Amber,Left,4.91,3.29,0.1786,0.8694,10.5398,17.35
,Night,0,Practice,Expected,Amber,Left,5.02,3.39,0.1284,0.8702,11.3357,18.09
,Night,0,Practice,Expected,Amber,Left,5.12,3.50,0.0781,0.8717,12.3321,18.84
,Night,0,Practice,Expected,Amber,Left,5.23,3.60,0.0483,0.8701,13.1865,19.41
,Night,0,Practice,Expected,Amber,Left,5.33,3.71,0.0262,0.8699,14.0762,20.15
,Night,0,Practice,Expected,Amber,Left,5.44,3.82,-0.0103,0.8715,15.1807,20.82
,Night,0,Practice,Expected,Amber,Left,5.54,3.92,-0.0554,0.8688,16.1307,21.58
,Night,0,Practice,Expected,Amber,Left,5.64,4.02,-0.0876,0.8722,17.1131,22.21
,Night,0,Practice,Expected,Amber,Left,5.75,4.13,-0.1050,0.8691,18.1182,22.79
,Night,0,Practice,Expected,Amber,Left,5.86,4.23,-0.1230,0.8691,19.1583,23.50
,Night,0,Practice,Expected,Amber,Left,5.96,4.34,-0.1579,0.8718,20.4402,24.19
,Night,0,Practice,Expected,Amber,Left,6.07,4.44,-0.1915,0.8700,21.5438,24.89
,Night,0,Practice,Expected,Amber,Left,6.17,4.55,-0.2146,0.8711,22.6673,25.34
,Night,0,Practice,Expected,Amber,Left,6.27,4.65,-0.2462,0.8698,23.8071,25.63
,Night,0,Practice,Expected,Amber,Left,6.38,4.75,-0.2949,0.8683,24.9497,25.68
,Night,0,Practice,Expected,Amber,Left,6.48,4.86,-0.3268,0.8668,26.0942,25.66
,Night,0,Practice,Expected,Amber,Left,6.58,4.96,-0.3700,0.8667,27.4677,25.63
,Night,0,Practice,Expected,Amber,Left,6.69,5.07,-0.4332,0.8672,28.6104,25.58
,Night,0,Practice,Expected,Amber,Left,6.79,5.17,-0.4778,0.8675,29.7532,25.57
,Night,0,Practice,Expected,Amber,Left,6.90,5.27,-0.5259,0.8680,30.8953,25.56
,Night,0,Practice,Expected,Amber,Left,7.00,5.37,-0.5790,0.8682,32.0369,25.55
,Night,0,Practice,Expected,Amber,Left,7.10,5.48,-0.6401,0.8683,33.4063,25.55
,Night,0,Practice,Expected,Amber,Left,7.21,5.58,-0.6706,0.8682,34.5468,25.51
,Night,0,Practice,Expected,Amber,Left,7.31,5.69,-0.6973,0.8680,35.6863,25.50
,Night,0,Practice,Expected,Amber,Left,7.41,5.79,-0.7211,0.8678,36.8258,25.49
,Night,0,Practice,Expected,Amber,Left,7.52,5.89,-0.7276,0.8675,37.9650,25.47
,Night,0,Practice,Expected,Amber,Left,7.62,6.00,-0.7299,0.8674,39.1036,25.47
,Night,0,Practice,Expected,Amber,Left,7.72,6.10,-0.7237,0.8678,40.4694,25.46
,Night,0,Practice,Expected,Amber,Left,7.82,6.20,-0.7099,0.8680,41.6071,25.45
,Night,0,Practice,Expected,Amber,Left,7.93,6.31,-0.6818,0.8681,42.7439,25.44
,Night,0,Practice,Expected,Amber,Left,8.03,6.41,-0.6549,0.8680,43.8806,25.43
,Night,0,Practice,Expected,Amber,Left,8.14,6.51,-0.6230,0.8680,45.0169,25.43
,Night,0,Practice,Expected,Amber,Left,8.24,6.62,-0.5798,0.8681,46.3799,25.42
,Night,0,Practice,Expected,Amber,Left,8.35,6.72,-0.5298,0.8681,47.5146,25.40
,Night,0,Practice,Expected,Amber,Left,8.45,6.82,-0.4613,0.8669,48.6472,25.35
,Night,0,Practice,Expected,Amber,Left,8.55,6.93,-0.3855,0.8643,49.7773,25.36
,Night,0,Practice,Expected,Amber,Left,8.66,7.03,-0.2965,0.8656,50.9068,25.34
,Night,0,Practice,Expected,Amber,Left,8.76,7.14,-0.1721,0.8667,52.2595,25.32
,Night,0,Practice,Expected,Amber,Left,8.87,7.24,-0.0609,0.8657,53.3855,25.32
,Night,0,Practice,Expected,Amber,Left,8.97,7.34,0.0549,0.8664,54.5110,25.31
,Night,0,Practice,Expected,Amber,Left,9.07,7.45,0.1610,0.8674,55.6367,25.29
,Night,0,Practice,Expected,Amber,Left,9.18,7.56,0.2736,0.8681,56.7615,25.28
,Night,0,Practice,Expected,Amber,Left,9.28,7.66,0.3835,0.8684,57.8862,25.27
,Night,0,Practice,Expected,Amber,Left,9.38,7.76,0.5145,0.8683,59.2356,25.27
,Night,0,Practice,Expected,Amber,Left,9.48,7.86,0.6147,0.8682,60.3603,25.26
,Night,0,Practice,Expected,Amber,Left,9.58,7.96,0.7147,0.8681,61.4848,25.25
,Night,0,Practice,Expected,Amber,Left,9.68,8.06,0.7970,0.8680,62.6099,25.22
,Night,0,Practice,Expected,Amber,Left,9.79,8.16,0.8700,0.8648,63.7348,25.19
,Night,0,Practice,Expected,Amber,Left,9.89,8.26,0.9540,0.8638,64.8573,25.17
,Night,0,Practice,Expected,Amber,Left,9.99,8.37,1.0240,0.8655,65.9796,25.16
,Night,0,Practice,Expected,Amber,Left,10.10,8.47,1.0663,0.8672,67.1016,25.10
,Night,0,Practice,Expected,Amber,Left,10.20,8.57,1.1141,0.8660,68.2233,25.07
,Night,0,Practice,Expected,Amber,Left,10.30,8.68,1.1920,0.8660,69.5640,25.02
,Night,0,Practice,Expected,Amber,Left,10.41,8.78,1.2370,0.8669,70.6807,25.01
,Night,0,Practice,Expected,Amber,Left,10.51,8.89,1.2625,0.8677,71.7966,24.96
,Night,0,Practice,Expected,Amber,Left,10.61,8.99,1.3105,0.8680,72.9110,24.94
,Night,0,Practice,Expected,Amber,Left,10.71,9.09,1.3592,0.8681,74.0243,24.92
,Night,0,Practice,Expected,Amber,Left,10.81,9.19,1.3822,0.8681,75.1373,24.88
,Night,0,Practice,Expected,Amber,Left,10.92,9.30,1.3966,0.8639,76.4704,24.83
,Night,0,Practice,Expected,Amber,Left,11.02,9.40,1.4279,0.8621,77.5789,24.79
,Night,0,Practice,Expected,Amber,Left,11.13,9.51,1.4833,0.8682,78.6840,24.69
,Night,0,Practice,Expected,Amber,Left,11.24,9.61,1.5638,0.8764,79.7793,24.52
,Night,0,Practice,Expected,Amber,Left,11.34,9.72,1.6727,0.8643,80.8640,24.33
,Night,0,Practice,Expected,Amber,Left,11.45,9.82,1.9012,0.8791,82.1408,24.11
,Night,0,Practice,Expected,Amber,Left,11.55,9.92,2.1306,0.8769,83.1870,23.93
,Night,0,Practice,Expected,Amber,Left,11.65,10.03,2.3758,0.8584,84.2277,23.92
,Night,0,Practice,Expected,Amber,Left,11.76,10.13,2.6312,0.8557,85.2640,23.85
,Night,0,Practice,Expected,Amber,Left,11.86,10.23,2.8633,0.8623,86.3018,23.73
,Night,0,Practice,Expected,Amber,Left,11.96,10.34,3.1081,0.8708,87.5450,23.54
,Night,0,Practice,Expected,Amber,Left,12.06,10.44,3.2626,0.8689,88.5800,23.35
,Night,0,Practice,Expected,Amber,Left,12.17,10.54,3.3724,0.8689,89.6134,23.21
,Night,0,Practice,Expected,Amber,Left,12.27,10.65,3.4241,0.8712,90.6434,23.02
,Night,0,Practice,Expected,Amber,Left,12.38,10.75,3.4211,0.8670,91.6647,22.82
,Night,0,Practice,Expected,Amber,Left,12.48,10.86,3.3344,0.8753,92.8776,22.58
,Night,0,Practice,Expected,Amber,Left,12.59,10.96,3.2100,0.8702,93.8729,22.37
,Night,0,Practice,Expected,Amber,Left,12.69,11.07,3.0151,0.8731,94.8450,22.11
,Night,0,Practice,Expected,Amber,Left,12.80,11.17,2.7657,0.8797,95.7944,21.90
,Night,0,Practice,Expected,Amber,Left,12.90,11.28,2.4204,0.8667,96.9092,21.77
,Night,0,Practice,Expected,Amber,Left,13.01,11.38,2.1044,0.8598,97.8300,21.69
,Night,0,Practice,Expected,Amber,Left,13.11,11.49,1.7972,0.8612,98.7461,21.61
,Night,0,Practice,Expected,Amber,Left,13.21,11.59,1.5186,0.8687,99.6668,21.45
,Night,0,Practice,Expected,Amber,Left,13.31,11.69,1.2552,0.8655,100.5850,21.32
,Night,0,Practice,Expected,Amber,Left,13.42,11.79,1.0537,0.8747,101.5114,21.19
,Night,0,Practice,Expected,Amber,Left,13.52,11.89,0.8816,0.8710,102.4389,21.06
,Night,0,Practice,Expected,Amber,Left,13.62,12.00,0.7528,0.8710,103.5529,20.85
,Night,0,Practice,Expected,Amber,Left,13.73,12.11,0.7043,0.8692,104.4778,20.70
,Night,0,Practice,Expected,Amber,Left,13.83,12.21,0.7058,0.8665,105.3991,20.56
,Night,0,Practice,Expected,Amber,Left,13.94,12.31,0.7715,0.8712,106.3090,20.38
,Night,0,Practice,Expected,Amber,Left,14.04,12.42,0.8842,0.8708,107.2070,20.20
,Night,0,Practice,Expected,Amber,Left,14.14,12.52,1.0877,0.8673,108.2640,20.01
,Night,0,Practice,Expected,Amber,Left,14.25,12.63,1.3259,0.8752,109.1186,19.80
,Night,0,Practice,Expected,Amber,Left,14.35,12.73,1.6018,0.8732,109.9544,19.65
,Night,0,Practice,Expected,Amber,Left,14.45,12.83,1.9158,0.8620,110.7698,19.56
,Night,0,Practice,Expected,Amber,Left,14.56,12.93,2.2397,0.8600,111.5807,19.52
,Night,0,Practice,Expected,Amber,Left,14.66,13.03,2.5487,0.8637,112.3936,19.45
,Night,0,Practice,Expected,Amber,Left,14.77,13.14,2.8867,0.8708,113.3771,19.25
,Night,0,Practice,Expected,Amber,Left,14.87,13.25,3.1349,0.8678,114.1964,19.12
,Night,0,Practice,Expected,Amber,Left,14.97,13.35,3.3374,0.8683,115.0235,19.00
,Night,0,Practice,Expected,Amber,Left,15.08,13.45,3.4908,0.8715,115.8551,18.88
,Night,0,Practice,Expected,Amber,Left,15.18,13.56,3.6188,0.8714,116.8535,18.72
,Night,0,Practice,Expected,Amber,Left,15.28,13.66,3.6717,0.8713,117.6842,18.60
,Night,0,Practice,Expected,Amber,Left,15.39,13.76,3.6753,0.8714,118.5107,18.48
,Night,0,Practice,Expected,Amber,Left,15.49,13.87,3.6280,0.8661,119.3306,18.35
,Night,0,Practice,Expected,Amber,Left,15.59,13.97,3.5296,0.8684,120.1424,18.24
,Night,0,Practice,Expected,Amber,Left,15.69,14.07,3.3820,0.8672,120.9400,18.12
,Night,0,Practice,Expected,Amber,Left,15.80,14.17,3.2033,0.8670,121.7259,18.05
,Night,0,Practice,Expected,Amber,Left,15.90,14.28,2.9944,0.8641,122.6690,17.99
,Night,0,Practice,Expected,Amber,Left,16.01,14.38,2.8394,0.8680,123.4565,17.89
,Night,0,Practice,Expected,Amber,Left,16.11,14.49,2.7001,0.8671,124.2423,17.85
,Night,0,Practice,Expected,Amber,Left,16.22,14.59,2.5771,0.8681,125.0301,17.84
,Night,0,Practice,Expected,Amber,Left,16.32,14.70,2.4285,0.8685,125.9753,17.84
,Night,0,Practice,Expected,Amber,Left,16.42,14.80,2.3082,0.8685,126.7634,17.84
,Night,0,Practice,Expected,Amber,Left,16.53,14.90,2.1903,0.8683,127.5518,17.83
,Night,0,Practice,Expected,Amber,Left,16.64,15.01,2.0735,0.8682,128.3403,17.83
,Night,0,Practice,Expected,Amber,Left,16.74,15.11,1.9571,0.8681,129.1286,17.82
,Night,0,Practice,Expected,Amber,Left,16.84,15.22,1.8176,0.8681,130.0744,17.82
,Night,0,Practice,Expected,Amber,Left,16.95,15.33,1.7011,0.8681,130.8623,17.82
,Night,0,Practice,Expected,Amber,Left,17.05,15.43,1.5843,0.8681,131.6500,17.81
,Night,0,Practice,Expected,Amber,Left,17.16,15.53,1.4673,0.8681,132.4375,17.81
,Night,0,Practice,Expected,Amber,Left,17.26,15.64,1.3266,0.8681,133.3822,17.80
,Night,0,Practice,Expected,Amber,Left,17.36,15.74,1.2093,0.8681,134.1692,17.80
,Night,0,Practice,Expected,Amber,Left,17.47,15.84,1.0918,0.8681,134.9561,17.79
,Night,0,Practice,Expected,Amber,Left,17.57,15.95,0.9743,0.8681,135.7427,17.79
,Night,0,Practice,Expected,Amber,Left,17.67,16.05,0.8568,0.8681,136.5292,17.79
,Night,0,Practice,Expected,Amber,Left,17.77,16.15,0.7394,0.8681,137.3155,17.78
,Night,0,Practice,Expected,Amber,Left,17.88,16.25,0.6220,0.8681,138.1016,17.78
,Night,0,Practice,Expected,Amber,Left,17.98,16.35,0.5047,0.8681,138.8875,17.77
,Night,0,Practice,Expected,Amber,Left,18.08,16.46,0.3874,0.8681,139.6733,17.77
,Night,0,Practice,Expected,Amber,Left,18.18,16.56,0.2467,0.8681,140.6160,17.77
,Night,0,Practice,Expected,Amber,Left,18.28,16.66,0.1296,0.8681,141.4014,17.76
,Night,0,Practice,Expected,Amber,Left,18.38,16.76,0.0125,0.8681,142.1866,17.76
,Night,0,Practice,Expected,Amber,Left,18.48,16.86,-0.1046,0.8681,142.9717,17.75
,Night,0,Practice,Expected,Amber,Left,18.58,16.96,-0.2217,0.8681,143.7565,17.75
,Night,0,Practice,Expected,Amber,Left,18.68,17.06,-0.3387,0.8681,144.5412,17.75
,Night,0,Practice,Expected,Amber,Left,18.79,17.16,-0.4557,0.8681,145.3258,17.74
,Night,0,Practice,Expected,Amber,Left,18.89,17.27,-0.5727,0.8681,146.1101,17.74
,Night,0,Practice,Expected,Amber,Left,18.99,17.37,-0.6897,0.8681,146.8943,17.73
,Night,0,Practice,Expected,Amber,Left,19.10,17.47,-0.8066,0.8681,147.6783,17.73
,Night,0,Practice,Expected,Amber,Left,19.20,17.57,-0.9235,0.8681,148.4621,17.73
,Night,0,Practice,Expected,Amber,Left,19.30,17.68,-1.0404,0.8681,149.2457,17.72
,Night,0,Practice,Expected,Amber,Left,19.40,17.78,-1.1807,0.8681,150.1858,17.72
,Night,0,Practice,Expected,Amber,Left,19.50,17.88,-1.2975,0.8681,150.9691,17.71
,Night,0,Practice,Expected,Amber,Left,19.60,17.98,-1.4143,0.8681,151.7521,17.71
,Night,0,Practice,Expected,Amber,Left,19.71,18.08,-1.5311,0.8681,152.5350,17.70
,Night,0,Practice,Expected,Amber,Left,19.81,18.19,-1.6479,0.8681,153.3177,17.70
,Night,0,Practice,Expected,Amber,Left,19.91,18.29,-1.7646,0.8681,154.1003,17.70
,Night,0,Practice,Expected,Amber,Left,20.02,18.40,-1.9046,0.8681,155.0391,17.69
,Night,0,Practice,Expected,Amber,Left,20.12,18.50,-2.0213,0.8681,155.8213,17.69
,Night,0,Practice,Expected,Amber,Left,20.23,18.60,-2.1379,0.8681,156.6032,17.68
,Night,0,Practice,Expected,Amber,Left,20.33,18.71,-2.2546,0.8681,157.3850,17.68
,Night,0,Practice,Expected,Amber,Left,20.43,18.81,-2.3712,0.8681,158.1667,17.68
,Night,0,Practice,Expected,Amber,Left,20.53,18.91,-2.4877,0.8681,158.9481,17.67
,Night,0,Practice,Expected,Amber,Left,20.64,19.01,-2.6043,0.8681,159.7294,17.67
,Night,0,Practice,Expected,Amber,Left,20.74,19.12,-2.7441,0.8681,160.6667,17.66
,Night,0,Practice,Expected,Amber,Left,20.85,19.22,-2.8606,0.8681,161.4476,17.66
,Night,0,Practice,Expected,Amber,Left,20.95,19.32,-2.9770,0.8681,162.2283,17.66
,Night,0,Practice,Expected,Amber,Left,21.06,19.43,-3.0934,0.8681,163.0088,17.65
,Night,0,Practice,Expected,Amber,Left,21.16,19.54,-3.2098,0.8681,163.7892,17.65
,Night,0,Practice,Expected,Amber,Left,21.26,19.64,-3.3495,0.8681,164.7254,17.64
,Night,0,Practice,Expected,Amber,Left,21.37,19.74,-3.4658,0.8681,165.5053,17.64
,Night,0,Practice,Expected,Amber,Left,21.47,19.84,-3.5822,0.8681,166.2851,17.64
,Night,0,Practice,Expected,Amber,Left,21.57,19.95,-3.6984,0.8681,167.0648,17.63
,Night,0,Practice,Expected,Amber,Left,21.68,20.05,-3.8147,0.8681,167.8442,17.63
,Night,0,Practice,Expected,Amber,Left,21.79,20.16,-3.9542,0.8681,168.7793,17.62
,Night,0,Practice,Expected,Amber,Left,21.89,20.27,-4.0704,0.8681,169.5584,17.62
,Night,0,Practice,Expected,Amber,Left,21.99,20.37,-4.1866,0.8681,170.3372,17.61
,Night,0,Practice,Expected,Amber,Left,22.10,20.47,-4.3027,0.8681,171.1160,17.61
,Night,0,Practice,Expected,Amber,Left,22.20,20.58,-4.4421,0.8681,172.0502,17.61
,Night,0,Practice,Expected,Amber,Left,22.31,20.69,-4.5582,0.8681,172.8285,17.60
,Night,0,Practice,Expected,Amber,Left,22.42,20.79,-4.6743,0.8681,173.6066,17.60
,Night,0,Practice,Expected,Amber,Left,22.52,20.90,-4.8135,0.8681,174.5402,17.59
,Night,0,Practice,Expected,Amber,Left,22.62,21.00,-4.9295,0.8681,175.3180,17.59
,Night,0,Practice,Expected,Amber,Left,22.72,21.10,-5.0455,0.8681,176.0956,17.59
,Night,0,Practice,Expected,Amber,Left,22.83,21.21,-5.1615,0.8681,176.8730,17.58
,Night,0,Practice,Expected,Amber,Left,22.94,21.32,-5.3006,0.8681,177.8056,17.58
,Night,0,Practice,Expected,Amber,Left,23.05,21.43,-5.4165,0.8681,178.5827,17.57
,Night,0,Practice,Expected,Amber,Left,23.16,21.54,-5.5324,0.8681,179.3595,17.57
,Night,0,Practice,Expected,Amber,Left,23.27,21.64,-5.6714,0.8681,180.2915,17.56
,Night,0,Practice,Expected,Amber,Left,23.37,21.75,-5.7872,0.8681,181.0680,17.56
,Night,0,Practice,Expected,Amber,Left,23.48,21.85,-5.9030,0.8681,181.8443,17.56
,Night,0,Practice,Expected,Amber,Left,23.58,21.95,-6.0188,0.8681,182.6204,17.55
,Night,0,Practice,Expected,Amber,Left,23.69,22.07,-6.1577,0.8681,183.5515,17.55
,Night,0,Practice,Expected,Amber,Left,23.79,22.17,-6.2734,0.8681,184.3273,17.54
,Night,0,Practice,Expected,Amber,Left,23.90,22.28,-6.4122,0.8681,185.2579,17.54
,Night,0,Practice,Expected,Amber,Left,24.01,22.39,-6.5279,0.8681,186.0333,17.53
,Night,0,Practice,Expected,Amber,Left,24.11,22.49,-6.6435,0.8681,186.8084,17.53
,Night,0,Practice,Expected,Amber,Left,24.22,22.60,-6.7822,0.8681,187.7384,17.53
,Night,0,Practice,Expected,Amber,Left,24.34,22.71,-6.8978,0.8681,188.5132,17.52
,Night,0,Practice,Expected,Amber,Left,24.44,22.82,-7.0364,0.8681,189.4427,17.52
,Night,0,Practice,Expected,Amber,Left,24.55,22.92,-7.1519,0.8681,190.2171,17.51
,Night,0,Practice,Expected,Amber,Left,24.66,23.03,-7.2674,0.8681,190.9914,17.51
,Night,0,Practice,Expected,Amber,Left,24.76,23.13,-7.3829,0.8681,191.7654,17.51
,Night,0,Practice,Expected,Amber,Left,24.86,23.24,-7.5214,0.8681,192.6941,17.50
,Night,0,Practice,Expected,Amber,Left,25.23,23.60,-7.9367,0.8681,195.4785,17.49
,Night,0,Practice,Expected,Amber,Left,25.34,23.72,-8.0521,0.8681,196.2516,17.48
,Night,0,Practice,Expected,Amber,Left,25.48,23.86,-8.2365,0.8681,197.4881,17.48
,Night,0,Practice,Expected,Amber,Left,25.59,23.97,-8.3517,0.8681,198.2607,17.47
,Night,0,Practice,Expected,Amber,Left,25.70,24.07,-8.4670,0.8681,199.0331,17.47
,Night,0,Practice,Expected,Amber,Left,25.80,24.18,-8.5821,0.8681,199.8054,17.46
,Night,0,Practice,Expected,Amber,Left,25.91,24.28,-8.7203,0.8681,200.7318,17.46
,Night,0,Practice,Expected,Amber,Left,26.01,24.39,-8.8355,0.8681,201.5037,17.46
,Night,0,Practice,Expected,Amber,Left,26.11,24.49,-8.9506,0.8681,202.2754,17.45
,Night,0,Practice,Expected,Amber,Left,26.22,24.60,-9.0887,0.8681,203.2012,17.45
,Night,0,Practice,Expected,Amber,Left,26.33,24.70,-9.2037,0.8681,203.9725,17.44
,Night,0,Practice,Expected,Amber,Left,26.44,24.81,-9.3188,0.8681,204.7437,17.44
,Night,0,Practice,Expected,Amber,Left,26.56,24.93,-9.4567,0.8681,205.6688,17.43
,Night,0,Practice,Expected,Amber,Left,26.66,25.04,-9.5717,0.8681,206.4395,17.43
,Night,0,Practice,Expected,Amber,Left,26.76,25.14,-9.7096,0.8681,207.3642,17.43
,Night,0,Practice,Expected,Amber,Left,26.87,25.25,-9.8246,0.8681,208.1346,17.42
,Night,0,Practice,Expected,Amber,Left,26.98,25.36,-9.9624,0.8681,209.0588,17.42
,Night,0,Practice,Expected,Amber,Left,27.09,25.46,-10.0773,0.8681,209.8288,17.41
,Night,0,Practice,Expected,Amber,Left,27.19,25.57,-10.1921,0.8681,210.5986,17.41
,Night,0,Practice,Expected,Amber,Left,27.30,25.67,-10.3069,0.8681,211.3683,17.41
,Night,0,Practice,Expected,Amber,Left,27.41,25.78,-10.4446,0.8681,212.2916,17.40
,Night,0,Practice,Expected,Amber,Left,27.51,25.88,-10.5594,0.8681,213.0609,17.40
,Night,0,Practice,Expected,Amber,Left,27.61,25.99,-10.6741,0.8681,213.8300,17.39
,Night,0,Practice,Expected,Amber,Left,27.71,26.09,-10.7888,0.8681,214.5989,17.39
,Night,0,Practice,Expected,Amber,Left,27.82,26.20,-10.9264,0.8681,215.5214,17.38
,Night,0,Practice,Expected,Amber,Left,27.93,26.30,-11.0410,0.8681,216.2899,17.38
,Night,0,Practice,Expected,Amber,Left,28.03,26.40,-11.1556,0.8681,217.0583,17.38
,Night,0,Practice,Expected,Amber,Left,28.14,26.51,-11.2702,0.8681,217.8265,17.37
,Night,0,Practice,Expected,Amber,Left,28.24,26.62,-11.4077,0.8681,218.7481,17.37
,Night,0,Practice,Expected,Amber,Left,28.34,26.72,-11.5222,0.8681,219.5159,17.36
,Night,0,Practice,Expected,Amber,Left,28.45,26.82,-11.6367,0.8681,220.2836,17.36
,Night,0,Practice,Expected,Amber,Left,28.55,26.92,-11.7512,0.8681,221.0510,17.36
,Night,0,Practice,Expected,Amber,Left,28.65,27.03,-11.8656,0.8681,221.8183,17.35
,Night,0,Practice,Expected,Amber,Left,28.75,27.13,-11.9801,0.8681,222.5854,17.35
,Night,0,Practice,Expected,Amber,Left,28.86,27.23,-12.0945,0.8681,223.3524,17.34
,Night,0,Practice,Expected,Amber,Left,28.96,27.33,-12.2088,0.8681,224.1192,17.34
,Night,0,Practice,Expected,Amber,Left,29.06,27.44,-12.3460,0.8681,225.0391,17.34
,Night,0,Practice,Expected,Amber,Left,29.17,27.55,-12.4604,0.8681,225.8055,17.33
,Night,0,Practice,Expected,Amber,Left,29.27,27.65,-12.5746,0.8681,226.5717,17.33
,Night,0,Practice,Expected,Amber,Left,29.38,27.76,-12.6889,0.8681,227.3378,17.32
,Night,0,Practice,Expected,Amber,Left,29.48,27.86,-12.8260,0.8681,228.2568,17.32
,Night,0,Practice,Expected,Amber,Left,29.59,27.97,-12.9402,0.8681,229.0225,17.32
,Night,0,Practice,Expected,Amber,Left,29.69,28.07,-13.0544,0.8681,229.7880,17.31
,Night,0,Practice,Expected,Amber,Left,29.80,28.17,-13.1685,0.8681,230.5533,17.31
,Night,0,Practice,Expected,Amber,Left,29.90,28.28,-13.2827,0.8681,231.3185,17.30
,Night,0,Practice,Expected,Amber,Left,30.01,28.38,-13.4196,0.8681,232.2364,17.30
,Night,0,Practice,Expected,Amber,Left,30.11,28.48,-13.5337,0.8681,233.0012,17.30
,Night,0,Practice,Expected,Amber,Left,30.21,28.59,-13.6477,0.8681,233.7658,17.29
,Night,0,Practice,Expected,Amber,Left,30.31,28.69,-13.7617,0.8681,234.5303,17.29
,Night,0,Practice,Expected,Amber,Left,30.41,28.79,-13.8757,0.8681,235.2945,17.28
,Night,0,Practice,Expected,Amber,Left,30.53,28.90,-14.0125,0.8681,236.2114,17.28
,Night,0,Practice,Expected,Amber,Left,30.63,29.00,-14.1264,0.8681,236.9753,17.28
,Night,0,Practice,Expected,Amber,Left,30.75,29.13,-14.2631,0.8681,237.8917,17.27
,Night,0,Practice,Expected,Amber,Left,30.86,29.24,-14.3998,0.8681,238.8079,17.27
,Night,0,Practice,Expected,Amber,Left,30.97,29.34,-14.5136,0.8681,239.5712,17.26
,Night,0,Practice,Expected,Amber,Left,31.07,29.45,-14.6275,0.8681,240.3344,17.26
,Night,0,Practice,Expected,Amber,Left,31.17,29.55,-14.7413,0.8681,241.0973,17.25
,Night,0,Practice,Expected,Amber,Left,31.28,29.66,-14.8778,0.8681,242.0126,17.25
,Night,0,Practice,Expected,Amber,Left,31.38,29.76,-14.9915,0.8681,242.7752,17.25
,Night,0,Practice,Expected,Amber,Left,31.49,29.87,-15.1053,0.8681,243.5376,17.24
,Night,0,Practice,Expected,Amber,Left,31.60,29.97,-15.2189,0.8681,244.2999,17.24
,Night,0,Practice,Expected,Amber,Left,31.70,30.07,-15.3326,0.8681,245.0619,17.23
,Night,0,Practice,Expected,Amber,Left,31.81,30.18,-15.4690,0.8681,245.9762,17.23
,Night,0,Practice,Expected,Amber,Left,31.91,30.29,-15.5826,0.8681,246.7379,17.23
,Night,0,Practice,Expected,Amber,Left,32.01,30.39,-15.6962,0.8681,247.4994,17.22
,Night,0,Practice,Expected,Amber,Left,32.11,30.49,-15.8097,0.8681,248.2607,17.22
,Night,0,Practice,Expected,Amber,Left,32.22,30.60,-15.9460,0.8681,249.1741,17.21
,Night,0,Practice,Expected,Amber,Left,32.33,30.70,-16.0595,0.8681,249.9351,17.21
,Night,0,Practice,Expected,Amber,Left,32.44,30.82,-16.1957,0.8681,250.8480,17.20
,Night,0,Practice,Expected,Amber,Left,32.56,30.93,-16.3091,0.8681,251.6086,17.20
,Night,0,Practice,Expected,Amber,Left,32.68,31.06,-16.4679,0.8681,252.6731,17.20
,Night,0,Practice,Expected,Amber,Left,32.80,31.17,-16.5813,0.8681,253.4333,17.19
,Night,0,Practice,Expected,Amber,Left,32.93,31.31,-16.7400,0.8681,254.4973,17.19
,Night,0,Practice,Expected,Amber,Left,33.08,31.46,-16.9213,0.8681,255.7128,17.18
,Night,0,Practice,Expected,Amber,Left,33.21,31.59,-17.0572,0.8681,256.6242,17.18
,Night,0,Practice,Expected,Amber,Left,33.32,31.70,-17.1705,0.8681,257.3835,17.17
,Night,0,Practice,Expected,Amber,Left,33.42,31.80,-17.3063,0.8681,258.2944,17.17
,Night,0,Practice,Expected,Amber,Left,33.53,31.91,-17.4195,0.8681,259.0533,17.16
,Night,0,Practice,Expected,Amber,Left,33.64,32.01,-17.5327,0.8681,259.8121,17.16
,Night,0,Practice,Expected,Amber,Left,33.74,32.11,-17.6458,0.8681,260.5707,17.16
,Night,0,Practice,Expected,Amber,Left,33.85,32.23,-17.7816,0.8681,261.4807,17.15
,Night,0,Practice,Expected,Amber,Left,33.96,32.34,-17.9173,0.8681,262.3905,17.15
,Night,0,Practice,Expected,Amber,Left,34.07,32.44,-18.0304,0.8681,263.1485,17.14
,Night,0,Practice,Expected,Amber,Left,34.18,32.56,-18.1434,0.8681,263.9063,17.14
,Night,0,Practice,Expected,Amber,Left,34.29,32.67,-18.2790,0.8681,264.8155,17.13
,Night,0,Practice,Expected,Amber,Left,34.39,32.77,-18.3920,0.8681,265.5730,17.13
,Night,0,Practice,Expected,Amber,Left,34.49,32.87,-18.5049,0.8681,266.3302,17.13
,Night,0,Practice,Expected,Amber,Left,34.59,32.97,-18.6178,0.8681,267.0873,17.12
,Night,0,Practice,Expected,Amber,Left,34.70,33.07,-18.7307,0.8681,267.8443,17.12
,Night,0,Practice,Expected,Amber,Left,34.81,33.18,-18.8662,0.8681,268.7524,17.11
,Night,0,Practice,Expected,Amber,Left,34.91,33.28,-18.9790,0.8681,269.5089,17.11
,Night,0,Practice,Expected,Amber,Left,35.01,33.39,-19.0919,0.8681,270.2654,17.11
,Night,0,Practice,Expected,Amber,Left,35.12,33.49,-19.2047,0.8681,271.0216,17.10
,Night,0,Practice,Expected,Amber,Left,35.22,33.60,-19.3400,0.8681,271.9288,17.10
,Night,0,Practice,Expected,Amber,Left,35.33,33.71,-19.4527,0.8681,272.6847,17.09
,Night,0,Practice,Expected,Amber,Left,35.44,33.81,-19.5654,0.8681,273.4403,17.09
,Night,0,Practice,Expected,Amber,Left,35.54,33.92,-19.6781,0.8681,274.1959,17.09
,Night,0,Practice,Expected,Amber,Left,35.65,34.02,-19.8133,0.8681,275.1023,17.08
,Night,0,Practice,Expected,Amber,Left,35.75,34.13,-19.9259,0.8681,275.8574,17.08
,Night,0,Practice,Expected,Amber,Left,35.87,34.24,-20.0611,0.8681,276.7633,17.07
,Night,0,Practice,Expected,Amber,Left,35.98,34.36,-20.1961,0.8681,277.6690,17.07
,Night,0,Practice,Expected,Amber,Left,36.09,34.46,-20.3087,0.8681,278.4236,17.06
,Night,0,Practice,Expected,Amber,Left,36.19,34.57,-20.4212,0.8681,279.1779,17.06
,Night,0,Practice,Expected,Amber,Left,36.29,34.67,-20.5337,0.8681,279.9322,17.06
,Night,0,Practice,Expected,Amber,Left,36.40,34.77,-20.6462,0.8681,280.6862,17.05
,Night,0,Practice,Expected,Amber,Left,36.51,34.88,-20.7811,0.8681,281.5908,17.05
,Night,0,Practice,Expected,Amber,Left,36.61,34.99,-20.8935,0.8681,282.3445,17.04
,Night,0,Practice,Expected,Amber,Left,36.72,35.10,-21.0059,0.8681,283.0980,17.04
,Night,0,Practice,Expected,Amber,Left,36.83,35.20,-21.1407,0.8681,284.0020,17.04
,Night,0,Practice,Expected,Amber,Left,36.94,35.31,-21.2531,0.8681,284.7551,17.03
,Night,0,Practice,Expected,Amber,Left,37.05,35.43,-21.3878,0.8681,285.6586,17.03
,Night,0,Practice,Expected,Amber,Left,37.16,35.54,-21.5226,0.8681,286.5619,17.02
,Night,0,Practice,Expected,Amber,Left,37.26,35.64,-21.6348,0.8681,287.3144,17.02
,Night,0,Practice,Expected,Amber,Left,37.37,35.74,-21.7470,0.8681,288.0668,17.02
,Night,0,Practice,Expected,Amber,Left,37.47,35.85,-21.8592,0.8681,288.8190,17.01
,Night,0,Practice,Expected,Amber,Left,37.58,35.95,-21.9714,0.8681,289.5710,17.01
,Night,0,Practice,Expected,Amber,Left,37.69,36.06,-22.1060,0.8681,290.4733,17.00
,Night,0,Practice,Expected,Amber,Left,37.80,36.17,-22.2181,0.8681,291.2250,17.00
,Night,0,Practice,Expected,Amber,Left,37.90,36.28,-22.3526,0.8681,292.1268,16.99
,Night,0,Practice,Expected,Amber,Left,38.01,36.39,-22.4646,0.8681,292.8781,16.99
,Night,0,Practice,Expected,Amber,Left,38.11,36.49,-22.5767,0.8681,293.6292,16.99
,Night,0,Practice,Expected,Amber,Left,38.22,36.60,-22.6887,0.8681,294.3802,16.98
,Night,0,Practice,Expected,Amber,Left,38.32,36.70,-22.8231,0.8681,295.2811,16.98
,Night,0,Practice,Expected,Amber,Left,38.43,36.80,-22.9350,0.8681,296.0317,16.97
,Night,0,Practice,Expected,Amber,Left,38.54,36.92,-23.0693,0.8681,296.9322,16.97
,Night,0,Practice,Expected,Amber,Left,38.65,37.02,-23.1812,0.8681,297.6824,16.97
,Night,0,Practice,Expected,Amber,Left,38.75,37.13,-23.2931,0.8681,298.4325,16.96
,Night,0,Practice,Expected,Amber,Left,38.86,37.24,-23.4273,0.8681,299.3323,16.96
,Night,0,Practice,Expected,Amber,Left,38.96,37.34,-23.5391,0.8681,300.0820,16.95
,Night,0,Practice,Expected,Amber,Left,39.06,37.44,-23.6509,0.8681,300.8315,16.95
,Night,0,Practice,Expected,Amber,Left,39.17,37.54,-23.7627,0.8681,301.5809,16.95
,Night,0,Practice,Expected,Amber,Left,39.28,37.65,-23.8744,0.8681,302.3300,16.94
,Night,0,Practice,Expected,Amber,Left,39.39,37.76,-24.0085,0.8681,303.2288,16.94
,Night,0,Practice,Expected,Amber,Left,39.50,37.87,-24.1202,0.8681,303.9776,16.93
,Night,0,Practice,Expected,Amber,Left,39.61,37.98,-24.2541,0.8681,304.8760,16.93
,Night,0,Practice,Expected,Amber,Left,39.71,38.08,-24.3658,0.8681,305.6244,16.93
,Night,0,Practice,Expected,Amber,Left,39.82,38.19,-24.4774,0.8681,306.3727,16.92
,Night,0,Practice,Expected,Amber,Left,39.92,38.29,-24.5890,0.8681,307.1207,16.92
,Night,0,Practice,Expected,Amber,Left,40.03,38.40,-24.7228,0.8681,308.0182,16.91
,Night,0,Practice,Expected,Amber,Left,40.13,38.50,-24.8343,0.8681,308.7660,16.91
,Night,0,Practice,Expected,Amber,Left,40.24,38.61,-24.9458,0.8681,309.5135,16.91
,Night,0,Practice,Expected,Amber,Left,40.35,38.72,-25.0796,0.8681,310.4104,16.90
,Night,0,Practice,Expected,Amber,Left,40.45,38.83,-25.1911,0.8681,311.1576,16.90
,Night,0,Practice,Expected,Amber,Left,40.56,38.93,-25.3025,0.8681,311.9046,16.89
,Night,0,Practice,Expected,Amber,Left,40.66,39.04,-25.4361,0.8681,312.8008,16.89
,Night,0,Practice,Expected,Amber,Left,40.76,39.14,-25.5475,0.8681,313.5474,16.89
,Night,0,Practice,Expected,Amber,Left,40.88,39.25,-25.6588,0.8681,314.2939,16.88
,Night,0,Practice,Expected,Amber,Left,40.98,39.36,-25.7924,0.8681,315.1895,16.88
,Night,0,Practice,Expected,Amber,Left,41.09,39.46,-25.9037,0.8681,315.9355,16.87
,Night,0,Practice,Expected,Amber,Left,41.19,39.57,-26.0150,0.8681,316.6815,16.87
,Night,0,Practice,Expected,Amber,Left,41.31,39.69,-26.1484,0.8681,317.5764,16.86
,Night,0,Practice,Expected,Amber,Left,41.41,39.79,-26.2596,0.8681,318.3220,16.86
,Night,0,Practice,Expected,Amber,Left,41.52,39.90,-26.3930,0.8681,319.2165,16.86
,Night,0,Practice,Expected,Amber,Left,41.63,40.00,-26.5042,0.8681,319.9617,16.85
,Night,0,Practice,Expected,Amber,Left,41.74,40.11,-26.6153,0.8681,320.7067,16.85
,Night,0,Practice,Expected,Amber,Left,41.85,40.22,-26.7486,0.8681,321.6005,16.84
,Night,0,Practice,Expected,Amber,Left,41.96,40.33,-26.8597,0.8681,322.3452,16.84
,Night,0,Practice,Expected,Amber,Left,42.06,40.43,-26.9707,0.8681,323.0897,16.84
,Night,0,Practice,Expected,Amber,Left,42.16,40.53,-27.0818,0.8681,323.8340,16.83
,Night,0,Practice,Expected,Amber,Left,42.26,40.64,-27.2149,0.8681,324.7270,16.83
,Night,0,Practice,Expected,Amber,Left,42.36,40.74,-27.3259,0.8681,325.4710,16.82
,Night,0,Practice,Expected,Amber,Left,42.47,40.84,-27.4368,0.8681,326.2148,16.82
,Night,0,Practice,Expected,Amber,Left,42.57,40.94,-27.5478,0.8681,326.9584,16.82
,Night,0,Practice,Expected,Amber,Left,42.67,41.05,-27.6586,0.8681,327.7019,16.81
,Night,0,Practice,Expected,Amber,Left,42.77,41.15,-27.7695,0.8681,328.4452,16.81
,Night,0,Practice,Expected,Amber,Left,42.87,41.25,-27.8803,0.8681,329.1883,16.81
,Night,0,Practice,Expected,Amber,Left,42.99,41.36,-28.0133,0.8681,330.0798,16.80
,Night,0,Practice,Expected,Amber,Left,43.09,41.47,-28.1241,0.8681,330.8226,16.80
,Night,0,Practice,Expected,Amber,Left,43.19,41.57,-28.2348,0.8681,331.5652,16.79
,Night,0,Practice,Expected,Amber,Left,43.30,41.68,-28.3677,0.8681,332.4561,16.79
,Night,0,Practice,Expected,Amber,Left,43.41,41.79,-28.4784,0.8681,333.1983,16.79
,Night,0,Practice,Expected,Amber,Left,43.51,41.89,-28.5891,0.8681,333.9404,16.78
,Night,0,Practice,Expected,Amber,Left,43.62,42.00,-28.7219,0.8681,334.8306,16.78
,Night,0,Practice,Expected,Amber,Left,43.73,42.11,-28.8325,0.8681,335.5723,16.77
,Night,0,Practice,Expected,Amber,Left,43.84,42.21,-28.9431,0.8681,336.3138,16.77
,Night,0,Practice,Expected,Amber,Left,43.94,42.31,-29.0537,0.8681,337.0552,16.77
,Night,0,Practice,Expected,Amber,Left,44.04,42.41,-29.1642,0.8681,337.7964,16.76
,Night,0,Practice,Expected,Amber,Left,44.15,42.53,-29.2968,0.8681,338.6856,16.76
,Night,0,Practice,Expected,Amber,Left,44.25,42.63,-29.4073,0.8681,339.4264,16.75
,Night,0,Practice,Expected,Amber,Left,44.36,42.73,-29.5178,0.8681,340.1671,16.75
,Night,0,Practice,Expected,Amber,Left,44.46,42.84,-29.6503,0.8681,341.0556,16.75
,Night,0,Practice,Expected,Amber,Left,44.57,42.94,-29.7607,0.8681,341.7959,16.74
,Night,0,Practice,Expected,Amber,Left,44.68,43.05,-29.8711,0.8681,342.5360,16.74
,Night,0,Practice,Expected,Amber,Left,44.78,43.16,-29.9815,0.8681,343.2760,16.73
,Night,0,Practice,Expected,Amber,Left,44.89,43.27,-30.1139,0.8681,344.1637,16.73
,Night,0,Practice,Expected,Amber,Left,45.00,43.38,-30.2463,0.8681,345.0512,16.72
,Night,0,Practice,Expected,Amber,Left,45.10,43.48,-30.3565,0.8681,345.7906,16.72
,Night,0,Practice,Expected,Amber,Left,45.21,43.59,-30.4668,0.8681,346.5298,16.72
,Night,0,Practice,Expected,Amber,Left,45.32,43.70,-30.5991,0.8681,347.4167,16.71
,Night,0,Practice,Expected,Amber,Left,45.43,43.80,-30.7093,0.8681,348.1555,16.71
,Night,0,Practice,Expected,Amber,Left,45.54,43.92,-30.8415,0.8681,349.0419,16.70
,Night,0,Practice,Expected,Amber,Left,45.68,44.05,-30.9736,0.8681,349.9281,16.70
,Night,0,Practice,Expected,Amber,Left,45.79,44.16,-31.1058,0.8681,350.8140,16.70
,Night,0,Practice,Expected,Amber,Left,45.90,44.28,-31.2159,0.8681,351.5521,16.69
,Night,0,Practice,Expected,Amber,Left,46.01,44.39,-31.3479,0.8681,352.4376,16.69
,Night,0,Practice,Expected,Amber,Left,46.12,44.50,-31.4800,0.8681,353.3229,16.68
,Night,0,Practice,Expected,Amber,Left,46.24,44.61,-31.5900,0.8681,354.0604,16.68
,Night,0,Practice,Expected,Amber,Left,46.34,44.72,-31.6999,0.8681,354.7978,16.68
,Night,0,Practice,Expected,Amber,Left,46.45,44.83,-31.8319,0.8681,355.6824,16.67
,Night,0,Practice,Expected,Amber,Left,46.60,44.98,-32.0077,0.8681,356.8615,16.66
,Night,0,Practice,Expected,Amber,Left,46.71,45.08,-32.1176,0.8681,357.5982,16.66
,Night,0,Practice,Expected,Amber,Left,46.81,45.19,-32.2275,0.8681,358.3348,16.66
,Night,0,Practice,Expected,Amber,Left,46.92,45.30,-32.3593,0.8681,359.2185,16.65
,Night,0,Practice,Expected,Amber,Left,47.03,45.40,-32.4691,0.8681,359.9547,16.65
,Night,0,Practice,Expected,Amber,Left,47.13,45.51,-32.5788,0.8681,360.6907,16.65
,Night,0,Practice,Expected,Amber,Left,47.23,45.61,-32.6886,0.8681,361.4266,16.64
,Night,0,Practice,Expected,Amber,Left,47.34,45.72,-32.7983,0.8681,362.1623,16.64
,Night,0,Practice,Expected,Amber,Left,47.45,45.82,-32.9300,0.8681,363.0449,16.63
,Night,0,Practice,Expected,Amber,Left,47.55,45.92,-33.0396,0.8681,363.7803,16.63
,Night,0,Practice,Expected,Amber,Left,47.66,46.03,-33.1493,0.8681,364.5154,16.63
,Night,0,Practice,Expected,Amber,Left,47.76,46.14,-33.2808,0.8681,365.3974,16.62
,Night,0,Practice,Expected,Amber,Left,47.86,46.24,-33.3904,0.8681,366.1322,16.62
,Night,0,Practice,Expected,Amber,Left,47.97,46.34,-33.5000,0.8681,366.8669,16.61
,Night,0,Practice,Expected,Amber,Left,48.08,46.45,-33.6095,0.8681,367.6013,16.61
,Night,0,Practice,Expected,Amber,Left,48.18,46.56,-33.7410,0.8681,368.4825,16.61
,Night,0,Practice,Expected,Amber,Left,48.29,46.67,-33.8504,0.8681,369.2166,16.60
,Night,0,Practice,Expected,Amber,Left,48.40,46.78,-33.9818,0.8681,370.0974,16.60
,Night,0,Practice,Expected,Amber,Left,48.52,46.90,-34.0912,0.8681,370.8311,16.59
,Night,0,Practice,Expected,Amber,Left,48.63,47.01,-34.2225,0.8681,371.7114,16.59
,Night,0,Practice,Expected,Amber,Left,48.74,47.11,-34.3319,0.8681,372.4448,16.59
,Night,0,Practice,Expected,Amber,Left,48.84,47.22,-34.4631,0.8681,373.3246,16.58
,Night,0,Practice,Expected,Amber,Left,48.94,47.32,-34.5725,0.8681,374.0577,16.58
,Night,0,Practice,Expected,Amber,Left,49.06,47.43,-34.6818,0.8681,374.7905,16.57
,Night,0,Practice,Expected,Amber,Left,49.16,47.54,-34.8129,0.8681,375.6697,16.57
,Night,0,Practice,Expected,Amber,Left,49.27,47.64,-34.9221,0.8681,376.4023,16.57
,Night,0,Practice,Expected,Amber,Left,49.37,47.74,-35.0314,0.8681,377.1346,16.56
,Night,0,Practice,Expected,Amber,Left,49.48,47.85,-35.1406,0.8681,377.8668,16.56
,Night,0,Practice,Expected,Amber,Left,49.58,47.96,-35.2716,0.8681,378.7451,16.55
,Night,0,Practice,Expected,Amber,Left,49.68,48.06,-35.3807,0.8681,379.4770,16.55
,Night,0,Practice,Expected,Amber,Left,49.79,48.17,-35.4898,0.8681,380.2086,16.55
,Night,0,Practice,Expected,Amber,Left,49.90,48.27,-35.5989,0.8681,380.9401,16.54
,Night,0,Practice,Expected,Amber,Left,50.00,48.37,-35.7080,0.8681,381.6714,16.54
,Night,0,Practice,Expected,Amber,Left,50.10,48.48,-35.8388,0.8681,382.5487,16.53
,Night,0,Practice,Expected,Amber,Left,50.20,48.58,-35.9479,0.8681,383.2797,16.53
,Night,0,Practice,Expected,Amber,Left,50.30,48.68,-36.0569,0.8681,384.0105,16.53
,Night,0,Practice,Expected,Amber,Left,50.40,48.78,-36.1658,0.8681,384.7411,16.52
,Night,0,Practice,Expected,Amber,Left,50.52,48.90,-36.2748,0.8681,385.4716,16.52
,Night,0,Practice,Expected,Amber,Left,50.63,49.01,-36.4055,0.8681,386.3479,16.51
,Night,0,Practice,Expected,Amber,Left,50.73,49.11,-36.5144,0.8681,387.0780,16.51
,Night,0,Practice,Expected,Amber,Left,50.84,49.22,-36.6450,0.8681,387.9539,16.51
,Night,0,Practice,Expected,Amber,Left,50.95,49.33,-36.7538,0.8681,388.6836,16.50
,Night,0,Practice,Expected,Amber,Left,51.06,49.44,-36.8626,0.8681,389.4132,16.50
,Night,0,Practice,Expected,Amber,Left,51.16,49.54,-36.9714,0.8681,390.1426,16.50
,Night,0,Practice,Expected,Amber,Left,51.26,49.64,-37.0802,0.8681,390.8719,16.49
,Night,0,Practice,Expected,Amber,Left,51.36,49.74,-37.1889,0.8681,391.6010,16.49
,Night,0,Practice,Expected,Amber,Left,51.46,49.84,-37.3194,0.8681,392.4756,16.48
,Night,0,Practice,Expected,Amber,Left,51.56,49.94,-37.4281,0.8681,393.2043,16.48
,Night,0,Practice,Expected,Amber,Left,51.67,50.05,-37.5367,0.8681,393.9329,16.48
,Night,0,Practice,Expected,Amber,Left,51.77,50.15,-37.6453,0.8681,394.6613,16.47
,Night,0,Practice,Expected,Amber,Left,51.88,50.26,-37.7757,0.8681,395.5352,16.47
,Night,0,Practice,Expected,Amber,Left,51.98,50.36,-37.8843,0.8681,396.2632,16.46
,Night,0,Practice,Expected,Amber,Left,52.09,50.46,-37.9928,0.8681,396.9911,16.46
,Night,0,Practice,Expected,Amber,Left,52.19,50.57,-38.1013,0.8681,397.7188,16.46
,Night,0,Practice,Expected,Amber,Left,52.29,50.67,-38.2098,0.8681,398.4463,16.45
,Night,0,Practice,Expected,Amber,Left,52.40,50.77,-38.3183,0.8681,399.1736,16.45
,Night,0,Practice,Expected,Amber,Left,52.50,50.87,-38.4268,0.8681,399.9008,16.45
,Night,0,Practice,Expected,Amber,Left,52.60,50.98,-38.5569,0.8681,400.7733,16.44
,Night,0,Practice,Expected,Amber,Left,52.70,51.08,-38.6653,0.8681,401.5001,16.44
,Night,0,Practice,Expected,Amber,Left,52.81,51.18,-38.7737,0.8681,402.2268,16.43
,Night,0,Practice,Expected,Amber,Left,52.91,51.29,-38.8820,0.8681,402.9533,16.43
,Night,0,Practice,Expected,Amber,Left,53.01,51.39,-38.9904,0.8681,403.6797,16.43
,Night,0,Practice,Expected,Amber,Left,53.11,51.49,-39.0987,0.8681,404.4059,16.42
,Night,0,Practice,Expected,Amber,Left,53.22,51.59,-39.2070,0.8681,405.1319,16.42
,Night,0,Practice,Expected,Amber,Left,53.32,51.70,-39.3369,0.8681,406.0029,16.41
,Night,0,Practice,Expected,Amber,Left,53.42,51.80,-39.4451,0.8681,406.7286,16.41
,Night,0,Practice,Expected,Amber,Left,53.53,51.90,-39.5533,0.8681,407.4541,16.41
,Night,0,Practice,Expected,Amber,Left,53.63,52.01,-39.6615,0.8681,408.1794,16.40
,Night,0,Practice,Expected,Amber,Left,53.74,52.12,-39.7913,0.8681,409.0497,16.40
,Night,0,Practice,Expected,Amber,Left,53.84,52.22,-39.8994,0.8681,409.7746,16.40
,Night,0,Practice,Expected,Amber,Left,53.94,52.32,-40.0075,0.8681,410.4995,16.39
,Night,0,Practice,Expected,Amber,Left,54.05,52.43,-40.1156,0.8681,411.2241,16.39
,Night,0,Practice,Expected,Amber,Left,54.16,52.53,-40.2236,0.8681,411.9486,16.38
,Night,0,Practice,Expected,Amber,Left,54.26,52.64,-40.3532,0.8681,412.8178,16.38
,Night,0,Practice,Expected,Amber,Left,54.37,52.74,-40.4612,0.8681,413.5420,16.38
,Night,0,Practice,Expected,Amber,Left,54.47,52.85,-40.5692,0.8681,414.2659,16.37
,Night,0,Practice,Expected,Amber,Left,54.58,52.95,-40.6772,0.8681,414.9897,16.37
,Night,0,Practice,Expected,Amber,Left,54.68,53.06,-40.7851,0.8681,415.7134,16.37
,Night,0,Practice,Expected,Amber,Left,54.78,53.16,-40.9146,0.8681,416.5816,16.36
,Night,0,Practice,Expected,Amber,Left,54.88,53.26,-41.0224,0.8681,417.3049,16.36
,Night,0,Practice,Expected,Amber,Left,54.99,53.37,-41.1303,0.8681,418.0280,16.35
,Night,0,Practice,Expected,Amber,Left,55.10,53.48,-41.2597,0.8681,418.8955,16.35
,Night,0,Practice,Expected,Amber,Left,55.21,53.59,-41.3675,0.8681,419.6183,16.35
,Night,0,Practice,Expected,Amber,Left,55.31,53.69,-41.4752,0.8681,420.3409,16.34
,Night,0,Practice,Expected,Amber,Left,55.42,53.79,-41.5830,0.8681,421.0634,16.34
,Night,0,Practice,Expected,Amber,Left,55.52,53.90,-41.7122,0.8681,421.9301,16.33
,Night,0,Practice,Expected,Amber,Left,55.63,54.01,-41.8199,0.8681,422.6522,16.33
,Night,0,Practice,Expected,Amber,Left,55.73,54.11,-41.9276,0.8681,423.3741,16.33
,Night,0,Practice,Expected,Amber,Left,55.84,54.21,-42.0352,0.8681,424.0959,16.32
,Night,0,Practice,Expected,Amber,Left,55.94,54.32,-42.1644,0.8681,424.9618,16.32
,Night,0,Practice,Expected,Amber,Left,56.04,54.42,-42.2720,0.8681,425.6832,16.31
,Night,0,Practice,Expected,Amber,Left,56.15,54.52,-42.3795,0.8681,426.4044,16.31
,Night,0,Practice,Expected,Amber,Left,56.25,54.63,-42.4871,0.8681,427.1255,16.31
,Night,0,Practice,Expected,Amber,Left,56.36,54.73,-42.5946,0.8681,427.8464,16.30
,Night,0,Practice,Expected,Amber,Left,56.46,54.83,-42.7021,0.8681,428.5672,16.30
,Night,0,Practice,Expected,Amber,Left,56.56,54.94,-42.8311,0.8681,429.4319,16.30
,Night,0,Practice,Expected,Amber,Left,56.67,55.05,-42.9385,0.8681,430.1523,16.29
,Night,0,Practice,Expected,Amber,Left,56.78,55.15,-43.0459,0.8681,430.8725,16.29
,Night,0,Practice,Expected,Amber,Left,56.88,55.26,-43.1748,0.8681,431.7366,16.28
,Night,0,Practice,Expected,Amber,Left,56.98,55.36,-43.2821,0.8681,432.4565,16.28
,Night,0,Practice,Expected,Amber,Left,57.08,55.46,-43.3895,0.8681,433.1762,16.28
,Night,0,Practice,Expected,Amber,Left,57.19,55.56,-43.4968,0.8681,433.8957,16.27
,Night,0,Practice,Expected,Amber,Left,57.30,55.68,-43.6255,0.8681,434.7590,16.27
,Night,0,Practice,Expected,Amber,Left,57.41,55.79,-43.7328,0.8681,435.4782,16.26
,Night,0,Practice,Expected,Amber,Left,57.52,55.89,-43.8400,0.8681,436.1972,16.26
,Night,0,Practice,Expected,Amber,Left,57.62,56.00,-43.9687,0.8681,437.0599,16.26
,Night,0,Practice,Expected,Amber,Left,57.72,56.10,-44.0759,0.8681,437.7786,16.25
,Night,0,Practice,Expected,Amber,Left,57.83,56.21,-44.1830,0.8681,438.4971,16.25
,Night,0,Practice,Expected,Amber,Left,57.94,56.32,-44.3116,0.8681,439.3591,16.24
,Night,0,Practice,Expected,Amber,Left,58.04,56.42,-44.4187,0.8681,440.0772,16.24
,Night,0,Practice,Expected,Amber,Left,58.15,56.53,-44.5258,0.8681,440.7953,16.24
,Night,0,Practice,Expected,Amber,Left,58.25,56.63,-44.6328,0.8681,441.5131,16.23
,Night,0,Practice,Expected,Amber,Left,58.36,56.74,-44.7399,0.8681,442.2308,16.23
,Night,0,Practice,Expected,Amber,Left,58.47,56.84,-44.8683,0.8681,443.0918,16.23
,Night,0,Practice,Expected,Amber,Left,58.57,56.94,-44.9752,0.8681,443.8091,16.22
,Night,0,Practice,Expected,Amber,Left,58.67,57.05,-45.0822,0.8681,444.5263,16.22
,Night,0,Practice,Expected,Amber,Left,58.77,57.15,-45.1891,0.8681,445.2433,16.21
,Night,0,Practice,Expected,Amber,Left,58.87,57.25,-45.2960,0.8681,445.9601,16.21
,Night,0,Practice,Expected,Amber,Left,58.98,57.36,-45.4029,0.8681,446.6768,16.21
,Night,0,Practice,Expected,Amber,Left,59.08,57.46,-45.5312,0.8681,447.5366,16.20
,Night,0,Practice,Expected,Amber,Left,59.18,57.56,-45.6380,0.8681,448.2529,16.20
,Night,0,Practice,Expected,Amber,Left,59.29,57.67,-45.7448,0.8681,448.9691,16.20
,Night,0,Practice,Expected,Amber,Left,59.40,57.78,-45.8516,0.8681,449.6851,16.19
,Night,0,Practice,Expected,Amber,Left,59.51,57.88,-45.9797,0.8681,450.5441,16.19
,Night,0,Practice,Expected,Amber,Left,59.61,57.99,-46.0864,0.8681,451.2598,16.18
,Night,0,Practice,Expected,Amber,Left,59.72,58.10,-46.2145,0.8681,452.1183,16.18
,Night,0,Practice,Expected,Amber,Left,59.83,58.21,-46.3211,0.8681,452.8336,16.18
,Night,0,Practice,Expected,Amber,Left,59.93,58.31,-46.4278,0.8681,453.5487,16.17
,Night,0,Practice,Expected,Amber,Left,60.04,58.42,-46.5344,0.8681,454.2637,16.17
,Night,0,Practice,Expected,Amber,Left,60.14,58.52,-46.6410,0.8681,454.9785,16.17
,Night,0,Practice,Expected,Amber,Left,60.24,58.62,-46.7689,0.8681,455.8361,16.16
,Night,0,Practice,Expected,Amber,Left,60.34,58.72,-46.8755,0.8681,456.5505,16.16
,Night,0,Practice,Expected,Amber,Left,60.45,58.83,-46.9820,0.8681,457.2648,16.15
,Night,0,Practice,Expected,Amber,Left,60.55,58.93,-47.0885,0.8681,457.9790,16.15
,Night,0,Practice,Expected,Amber,Left,60.66,59.04,-47.1950,0.8681,458.6930,16.15
,Night,0,Practice,Expected,Amber,Left,60.76,59.14,-47.3014,0.8681,459.4068,16.14
,Night,0,Practice,Expected,Amber,Left,60.86,59.24,-47.4291,0.8681,460.2631,16.14
,Night,0,Practice,Expected,Amber,Left,60.97,59.34,-47.5355,0.8681,460.9766,16.13
,Night,0,Practice,Expected,Amber,Left,61.10,59.47,-47.6632,0.8681,461.8325,16.13
,Night,0,Practice,Expected,Amber,Left,61.20,59.58,-47.7908,0.8681,462.6882,16.13
,Night,0,Practice,Expected,Amber,Left,61.31,59.68,-47.8971,0.8681,463.4012,16.12
,Night,0,Practice,Expected,Amber,Left,61.41,59.79,-48.0034,0.8681,464.1139,16.12
,Night,0,Practice,Expected,Amber,Left,61.51,59.89,-48.1097,0.8681,464.8265,16.12
,Night,0,Practice,Expected,Amber,Left,61.62,59.99,-48.2160,0.8681,465.5389,16.11
,Night,0,Practice,Expected,Amber,Left,61.72,60.09,-48.3222,0.8681,466.2512,16.11
,Night,0,Practice,Expected,Amber,Left,61.82,60.20,-48.4496,0.8681,467.1057,16.10
,Night,0,Practice,Expected,Amber,Left,61.93,60.31,-48.5585,0.8603,467.8139,16.12
,Night,0,Practice,Expected,Amber,Left,62.03,60.41,-48.6603,0.8030,468.5042,16.26
,Night,0,Practice,Expected,Amber,Left,62.13,60.51,-48.7576,0.6857,469.1753,16.52
,Night,0,Practice,Expected,Amber,Left,62.24,60.61,-48.8516,0.5066,469.8290,16.90
,Night,0,Practice,Expected,Amber,Left,62.34,60.71,-48.9466,0.2677,470.4656,17.42
,Night,0,Practice,Expected,Amber,Left,62.44,60.82,-49.0402,-0.0279,471.0872,18.06
,Night,0,Practice,Expected,Amber,Left,62.54,60.92,-49.1382,-0.3874,471.7021,19.02
,Night,0,Practice,Expected,Amber,Left,62.64,61.02,-49.2591,-0.9249,472.4500,20.52
,Night,0,Practice,Expected,Amber,Left,62.74,61.12,-49.3610,-1.4666,473.0861,21.94
,Night,0,Practice,Expected,Amber,Left,62.85,61.23,-49.4641,-2.0956,473.7357,23.48
,Night,0,Practice,Expected,Amber,Left,62.95,61.33,-49.5682,-2.8143,474.3999,25.11
,Night,0,Practice,Expected,Amber,Left,63.06,61.43,-49.6736,-3.6250,475.0800,26.83
,Night,0,Practice,Expected,Amber,Left,63.16,61.54,-49.7800,-4.5302,475.7762,28.61
,Night,0,Practice,Expected,Amber,Left,63.26,61.64,-49.9092,-5.7446,476.6335,30.81
,Night,0,Practice,Expected,Amber,Left,63.37,61.74,-50.0180,-6.8663,477.3658,32.70
,Night,0,Practice,Expected,Amber,Left,63.47,61.85,-50.1276,-8.0902,478.1137,34.63
,Night,0,Practice,Expected,Amber,Left,63.57,61.95,-50.2381,-9.4185,478.8763,36.58
,Night,0,Practice,Expected,Amber,Left,63.67,62.05,-50.3493,-10.8532,479.6525,38.56
,Night,0,Practice,Expected,Amber,Left,63.78,62.15,-50.4610,-12.3960,480.4407,40.56
,Night,0,Practice,Expected,Amber,Left,63.88,62.26,-50.5731,-14.0485,481.2393,42.58
,Night,0,Practice,Expected,Amber,Left,63.98,62.36,-50.7080,-16.1780,482.2087,45.03
,Night,0,Practice,Expected,Amber,Left,64.08,62.46,-50.8205,-18.0757,483.0235,47.08
,Night,0,Practice,Expected,Amber,Left,64.18,62.56,-50.9329,-20.0860,483.8424,49.15
,Night,0,Practice,Expected,Amber,Left,64.29,62.66,-51.0451,-22.2092,484.6633,51.23
,Night,0,Practice,Expected,Amber,Left,64.39,62.77,-51.1570,-24.4453,485.4840,53.31
,Night,0,Practice,Expected,Amber,Left,64.49,62.87,-51.2684,-26.7939,486.3026,55.41
,Night,0,Practice,Expected,Amber,Left,64.60,62.97,-51.3792,-29.2545,487.1172,57.51
,Night,0,Practice,Expected,Amber,Left,64.70,63.08,-51.5113,-32.3539,488.0867,60.04
,Night,0,Practice,Expected,Amber,Left,64.80,63.18,-51.6205,-35.0576,488.8860,62.16
,Night,0,Practice,Expected,Amber,Left,64.91,63.28,-51.7289,-37.8698,489.6761,64.28
,Night,0,Practice,Expected,Amber,Left,65.01,63.39,-51.8364,-40.7891,490.4555,66.41
,Night,0,Practice,Expected,Amber,Left,65.11,63.49,-51.9430,-43.8140,491.2235,68.54
,Night,0,Practice,Expected,Amber,Left,65.21,63.59,-52.0486,-46.9426,491.9791,70.67
,Night,0,Practice,Expected,Amber,Left,65.32,63.69,-52.1534,-50.1733,492.7219,72.81
,Night,0,Practice,Expected,Amber,Left,65.42,63.80,-52.2779,-54.1823,493.5959,75.38
,Night,0,Practice,Expected,Amber,Left,65.53,63.90,-52.3807,-57.6313,494.3097,77.52
,Night,0,Practice,Expected,Amber,Left,65.63,64.01,-52.4828,-61.1767,495.0106,79.67
,Night,0,Practice,Expected,Amber,Left,65.73,64.11,-52.5841,-64.8169,495.6991,81.82
,Night,0,Practice,Expected,Amber,Left,65.83,64.21,-52.6847,-68.5504,496.3757,83.97
,Night,0,Practice,Expected,Amber,Left,65.93,64.31,-52.7848,-72.3756,497.0414,86.13
,Night,0,Practice,Expected,Amber,Left,66.03,64.41,-52.8844,-76.2913,497.6971,88.28
,Night,0,Practice,Expected,Amber,Left,66.13,64.51,-52.9837,-80.2964,498.3440,90.44
,Night,0,Practice,Expected,Amber,Left,66.23,64.61,-53.0827,-84.3899,498.9834,92.60
,Night,0,Practice,Expected,Amber,Left,66.34,64.71,-53.1815,-88.5710,499.6165,94.76
,Night,0,Practice,Expected,Amber,Left,66.44,64.82,-53.2802,-92.8391,500.2449,96.92
,Night,0,Practice,Expected,Amber,Left,66.54,64.92,-53.3988,-98.0753,500.9947,99.52
,Night,0,Practice,Expected,Amber,Left,66.65,65.03,-53.4978,-102.5338,501.6178,101.69
,Night,0,Practice,Expected,Amber,Left,66.75,65.13,-53.5971,-107.0787,502.2408,103.85
,Night,0,Practice,Expected,Amber,Left,66.85,65.23,-53.6967,-111.7103,502.8651,106.02
,Night,0,Practice,Expected,Amber,Left,66.96,65.33,-53.7968,-116.4289,503.4923,108.19
,Night,0,Practice,Expected,Amber,Left,67.06,65.44,-53.9175,-122.2068,504.2503,110.80
,Night,0,Practice,Expected,Amber,Left,67.17,65.55,-54.0187,-127.1188,504.8879,112.97
,Night,0,Practice,Expected,Amber,Left,67.27,65.65,-54.1206,-132.1201,505.5321,115.14
,Night,0,Practice,Expected,Amber,Left,67.38,65.75,-54.2231,-137.2115,506.1839,117.31
,Night,0,Practice,Expected,Amber,Left,67.48,65.86,-54.3471,-143.4417,506.9770,119.92
,Night,0,Practice,Expected,Amber,Left,67.59,65.96,-54.4512,-148.7352,507.6480,122.10
,Night,0,Practice,Expected,Amber,Left,67.70,66.08,-54.5560,-154.1224,508.3286,124.27
,Night,0,Practice,Expected,Amber,Left,67.80,66.18,-54.6827,-160.7124,509.1586,126.88
,Night,0,Practice,Expected,Amber,Left,67.91,66.29,-54.7890,-166.3100,509.8615,129.06
,Night,0,Practice,Expected,Amber,Left,68.02,66.39,-54.8961,-172.0053,510.5746,131.24
,Night,0,Practice,Expected,Amber,Left,68.12,66.50,-55.0037,-177.7993,511.2979,133.42
,Night,0,Practice,Expected,Amber,Left,68.23,66.61,-55.1337,-184.8842,512.1791,136.03
,Night,0,Practice,Expected,Amber,Left,68.33,66.71,-55.2426,-190.8995,512.9238,138.21
,Night,0,Practice,Expected,Amber,Left,68.44,66.82,-55.3740,-198.2531,513.8291,140.82
,Night,0,Practice,Expected,Amber,Left,68.54,66.92,-55.4839,-204.4948,514.5926,143.00
,Night,0,Practice,Expected,Amber,Left,68.65,67.03,-55.5941,-210.8407,515.3635,145.18
,Night,0,Practice,Expected,Amber,Left,68.75,67.13,-55.7046,-217.2916,516.1411,147.37
,Night,0,Practice,Expected,Amber,Left,68.86,67.23,-55.8153,-223.8481,516.9244,149.55
,Night,0,Practice,Expected,Amber,Left,68.96,67.34,-55.9483,-231.8560,517.8707,152.17
,Night,0,Practice,Expected,Amber,Left,69.07,67.45,-56.0592,-238.6465,518.6633,154.35
,Night,0,Practice,Expected,Amber,Left,69.17,67.55,-56.1700,-245.5439,519.4587,156.53
,Night,0,Practice,Expected,Amber,Left,69.28,67.65,-56.2808,-252.5482,520.2557,158.71
,Night,0,Practice,Expected,Amber,Left,69.38,67.75,-56.3914,-259.6597,521.0535,160.90
,Night,0,Practice,Expected,Amber,Left,69.48,67.86,-56.5018,-266.8781,521.8510,163.08
,Night,0,Practice,Expected,Amber,Left,69.58,67.96,-56.6339,-275.6812,522.8062,165.70
,Night,0,Practice,Expected,Amber,Left,69.68,68.06,-56.7436,-283.1342,523.5997,167.88
,Night,0,Practice,Expected,Amber,Left,69.79,68.17,-56.8529,-290.6934,524.3901,170.07
,Night,0,Practice,Expected,Amber,Left,69.90,68.27,-56.9618,-298.3582,525.1765,172.25
,Night,0,Practice,Expected,Amber,Left,70.00,68.37,-57.0702,-306.1281,525.9582,174.44
,Night,0,Practice,Expected,Amber,Left,70.10,68.48,-57.1997,-315.5898,526.8892,177.06
,Night,0,Practice,Expected,Amber,Left,70.20,68.58,-57.3070,-323.5887,527.6583,179.24
,Night,0,Practice,Expected,Amber,Left,70.31,68.69,-57.4138,-331.6906,528.4209,181.43
,Night,0,Practice,Expected,Amber,Left,70.41,68.79,-57.5200,-339.8947,529.1766,183.62
,Night,0,Practice,Expected,Amber,Left,70.52,68.89,-57.6257,-348.2002,529.9249,185.80
,Night,0,Practice,Expected,Amber,Left,70.62,69.00,-57.7309,-356.6064,530.6658,187.99
,Night,0,Practice,Expected,Amber,Left,70.73,69.10,-57.8564,-366.8256,531.5449,190.61
,Night,0,Practice,Expected,Amber,Left,70.83,69.21,-57.9604,-375.4505,532.2689,192.80
,Night,0,Practice,Expected,Amber,Left,70.93,69.31,-58.0639,-384.1735,532.9852,194.99
,Night,0,Practice,Expected,Amber,Left,71.04,69.42,-58.1875,-394.7694,533.8348,197.61
,Night,0,Practice,Expected,Amber,Left,71.14,69.52,-58.2900,-403.7055,534.5349,199.80
,Night,0,Practice,Expected,Amber,Left,71.25,69.63,-58.3921,-412.7374,535.2277,201.98
,Night,0,Practice,Expected,Amber,Left,71.35,69.73,-58.4938,-421.8643,535.9139,204.17
,Night,0,Practice,Expected,Amber,Left,71.46,69.83,-58.5953,-431.0858,536.5938,206.36
,Night,0,Practice,Expected,Amber,Left,71.56,69.93,-58.6964,-440.4011,537.2678,208.55
,Night,0,Practice,Expected,Amber,Left,71.67,70.04,-58.8175,-451.7028,538.0695,211.17
,Night,0,Practice,Expected,Amber,Left,71.77,70.14,-58.9181,-461.2230,538.7323,213.36
,Night,0,Practice,Expected,Amber,Left,71.87,70.25,-59.0187,-470.8358,539.3909,215.55
,Night,0,Practice,Expected,Amber,Left,71.97,70.35,-59.1191,-480.5406,540.0460,217.74
,Night,0,Practice,Expected,Amber,Left,72.08,70.45,-59.2195,-490.3375,540.6981,219.92
,Night,0,Practice,Expected,Amber,Left,72.18,70.55,-59.3198,-500.2260,541.3478,222.11
,Night,0,Practice,Expected,Amber,Left,72.28,70.66,-59.4404,-512.2131,542.1253,224.74
,Night,0,Practice,Expected,Amber,Left,72.39,70.76,-59.5409,-522.3031,542.7721,226.93
,Night,0,Practice,Expected,Amber,Left,72.49,70.86,-59.6415,-532.4846,543.4186,229.12
,Night,0,Practice,Expected,Amber,Left,72.59,70.97,-59.7423,-542.7576,544.0654,231.31
,Night,0,Practice,Expected,Amber,Left,72.70,71.07,-59.8433,-553.1224,544.7130,233.50
,Night,0,Practice,Expected,Amber,Left,72.80,71.18,-59.9446,-563.5792,545.3621,235.68
,Night,0,Practice,Expected,Amber,Left,72.90,71.28,-60.0664,-576.2487,546.1436,238.31
,Night,0,Practice,Expected,Amber,Left,73.01,71.39,-60.1683,-586.9084,546.7977,240.50
,Night,0,Practice,Expected,Amber,Left,73.11,71.49,-60.2705,-597.6608,547.4550,242.69
,Night,0,Practice,Expected,Amber,Left,73.23,71.61,-60.3935,-610.6866,548.2483,245.32
,Night,0,Practice,Expected,Amber,Left,73.34,71.72,-60.4965,-621.6444,548.9138,247.51
,Night,0,Practice,Expected,Amber,Left,73.44,71.82,-60.6205,-634.9177,549.7181,250.14
,Night,0,Practice,Expected,Amber,Left,73.55,71.93,-60.7243,-646.0828,550.3935,252.33
,Night,0,Practice,Expected,Amber,Left,73.66,72.03,-60.8285,-657.3428,551.0739,254.52
,Night,0,Practice,Expected,Amber,Left,73.76,72.14,-60.9331,-668.6984,551.7593,256.71
,Night,0,Practice,Expected,Amber,Left,73.86,72.24,-61.0591,-682.4517,552.5890,259.33
,Night,0,Practice,Expected,Amber,Left,73.97,72.35,-61.1645,-694.0190,553.2863,261.52
,Night,0,Practice,Expected,Amber,Left,74.07,72.45,-61.2703,-705.6832,553.9891,263.71
,Night,0,Practice,Expected,Amber,Left,74.18,72.55,-61.3765,-717.4449,554.6975,265.90
,Night,0,Practice,Expected,Amber,Left,74.28,72.65,-61.4830,-729.3047,555.4114,268.09
,Night,0,Practice,Expected,Amber,Left,74.39,72.76,-61.6113,-743.6664,556.2751,270.72
,Night,0,Practice,Expected,Amber,Left,74.49,72.87,-61.7186,-755.7433,557.0008,272.91
,Night,0,Practice,Expected,Amber,Left,74.59,72.97,-61.8261,-767.9197,557.7316,275.10
,Night,0,Practice,Expected,Amber,Left,74.69,73.07,-61.9340,-780.1959,558.4674,277.29
,Night,0,Practice,Expected,Amber,Left,74.80,73.17,-62.0421,-792.5724,559.2080,279.49
,Night,0,Practice,Expected,Amber,Left,74.90,73.28,-62.1721,-807.5569,560.1026,282.11
,Night,0,Practice,Expected,Amber,Left,75.00,73.38,-62.2807,-820.1551,560.8528,284.31
,Night,0,Practice,Expected,Amber,Left,75.11,73.49,-62.3895,-832.8546,561.6069,286.50
,Night,0,Practice,Expected,Amber,Left,75.23,73.61,-62.5202,-848.2281,562.5165,289.13
,Night,0,Practice,Expected,Amber,Left,75.34,73.72,-62.6511,-863.7484,563.4307,291.75
,Night,0,Practice,Expected,Amber,Left,75.45,73.83,-62.7603,-876.7943,564.1957,293.95
,Night,0,Practice,Expected,Amber,Left,75.56,73.94,-62.8914,-892.5843,565.1169,296.57
,Night,0,Practice,Expected,Amber,Left,75.66,74.04,-63.0006,-905.8553,565.8867,298.77
,Night,0,Practice,Expected,Amber,Left,75.77,74.14,-63.1099,-919.2290,566.6582,300.96
,Night,0,Practice,Expected,Amber,Left,75.87,74.25,-63.2192,-932.7052,567.4309,303.15
,Night,0,Practice,Expected,Amber,Left,75.98,74.36,-63.3284,-946.2841,568.2045,305.34
,Night,0,Practice,Expected,Amber,Left,76.09,74.46,-63.4593,-962.7144,569.1335,307.97
,Night,0,Practice,Expected,Amber,Left,76.19,74.57,-63.5684,-976.5191,569.9078,310.16
,Night,0,Practice,Expected,Amber,Left,76.30,74.67,-63.6773,-990.4264,570.6818,312.35
,Night,0,Practice,Expected,Amber,Left,76.40,74.78,-63.7860,-1004.4360,571.4552,314.54
,Night,0,Practice,Expected,Amber,Left,76.50,74.88,-63.9164,-1021.3830,572.3820,317.17
,Night,0,Practice,Expected,Amber,Left,76.61,74.98,-64.0247,-1035.6180,573.1530,319.36
,Night,0,Practice,Expected,Amber,Left,76.71,75.08,-64.1330,-1049.9550,573.9223,321.56
,Night,0,Practice,Expected,Amber,Left,76.81,75.18,-64.2410,-1064.3940,574.6898,323.75
,Night,0,Practice,Expected,Amber,Left,76.92,75.29,-64.3488,-1078.9350,575.4551,325.94
,Night,0,Practice,Expected,Amber,Left,77.02,75.40,-64.4778,-1096.5180,576.3702,328.57
,Night,0,Practice,Expected,Amber,Left,77.13,75.50,-64.5851,-1111.2820,577.1300,330.76
,Night,0,Practice,Expected,Amber,Left,77.23,75.61,-64.6921,-1126.1470,577.8869,332.95
,Night,0,Practice,Expected,Amber,Left,77.34,75.71,-64.7988,-1141.1120,578.6407,335.15
,Night,0,Practice,Expected,Amber,Left,77.44,75.82,-64.9266,-1159.2040,579.5412,337.78
,Night,0,Practice,Expected,Amber,Left,77.55,75.93,-65.0328,-1174.3910,580.2878,339.97
,Night,0,Practice,Expected,Amber,Left,77.66,76.03,-65.1387,-1189.6770,581.0311,342.16
,Night,0,Practice,Expected,Amber,Left,77.76,76.13,-65.2444,-1205.0630,581.7707,344.35
,Night,0,Practice,Expected,Amber,Left,77.86,76.24,-65.3708,-1223.6570,582.6535,346.98
,Night,0,Practice,Expected,Amber,Left,77.96,76.34,-65.4759,-1239.2620,583.3851,349.17
,Night,0,Practice,Expected,Amber,Left,78.07,76.45,-65.5807,-1254.9650,584.1130,351.37
,Night,0,Practice,Expected,Amber,Left,78.17,76.55,-65.6853,-1270.7670,584.8373,353.56
,Night,0,Practice,Expected,Amber,Left,78.28,76.65,-65.7896,-1286.6670,585.5579,355.75
,Night,0,Practice,Expected,Amber,Left,78.38,76.76,-65.9145,-1305.8760,586.4177,358.38
,Night,0,Practice,Expected,Amber,Left,78.48,76.86,-66.0183,-1321.9910,587.1302,360.57
,Night,0,Practice,Expected,Amber,Left,78.59,76.97,-66.1220,-1338.2040,587.8394,362.77
,Night,0,Practice,Expected,Amber,Left,78.69,77.07,-66.2254,-1354.5140,588.5450,364.96
,Night,0,Practice,Expected,Amber,Left,78.79,77.17,-66.3286,-1370.9210,589.2473,367.15
,Night,0,Practice,Expected,Amber,Left,78.90,77.28,-66.4522,-1390.7370,590.0859,369.78
,Night,0,Practice,Expected,Amber,Left,79.00,77.38,-66.5551,-1407.3570,590.7813,371.97
,Night,0,Practice,Expected,Amber,Left,79.10,77.48,-66.6578,-1424.0730,591.4738,374.17
,Night,0,Practice,Expected,Amber,Left,79.21,77.58,-66.7604,-1440.8850,592.1635,376.36
,Night,0,Practice,Expected,Amber,Left,79.31,77.69,-66.8628,-1457.7930,592.8506,378.55
,Night,0,Practice,Expected,Amber,Left,79.41,77.79,-66.9652,-1474.7970,593.5353,380.74
,Night,0,Practice,Expected,Amber,Left,79.52,77.89,-67.0674,-1491.8970,594.2177,382.93
,Night,0,Practice,Expected,Amber,Left,79.62,78.00,-67.1696,-1509.0930,594.8980,385.13
,Night,0,Practice,Expected,Amber,Left,79.72,78.10,-67.2921,-1529.8530,595.7119,387.76
,Night,0,Practice,Expected,Amber,Left,79.82,78.20,-67.3942,-1547.2590,596.3882,389.95
,Night,0,Practice,Expected,Amber,Left,79.93,78.30,-67.4962,-1564.7600,597.0632,392.14
,Night,0,Practice,Expected,Amber,Left,80.03,78.41,-67.5982,-1582.3560,597.7368,394.34
,Night,0,Practice,Expected,Amber,Left,80.14,78.51,-67.7002,-1600.0470,598.4093,396.53
,Night,0,Practice,Expected,Amber,Left,80.24,78.62,-67.8022,-1617.8340,599.0809,398.72
,Night,0,Practice,Expected,Amber,Left,80.34,78.72,-67.9246,-1639.3030,599.8859,401.35
,Night,0,Practice,Expected,Amber,Left,80.44,78.82,-68.0267,-1657.2990,600.5563,403.54
,Night,0,Practice,Expected,Amber,Left,80.55,78.92,-68.1288,-1675.3900,601.2263,405.74
,Night,0,Practice,Expected,Amber,Left,80.65,79.02,-68.2310,-1693.5770,601.8962,407.93
,Night,0,Practice,Expected,Amber,Left,80.75,79.13,-68.3332,-1711.8580,602.5663,410.12
,Night,0,Practice,Expected,Amber,Left,80.86,79.23,-68.4356,-1730.2350,603.2365,412.32
,Night,0,Practice,Expected,Amber,Left,80.96,79.33,-68.5380,-1748.7070,603.9072,414.51
,Night,0,Practice,Expected,Amber,Left,81.06,79.43,-68.6405,-1767.2740,604.5786,416.70
,Night,0,Practice,Expected,Amber,Left,81.16,79.53,-68.7431,-1785.9370,605.2505,418.89
,Night,0,Practice,Expected,Amber,Left,81.26,79.64,-68.8459,-1804.6950,605.9235,421.09
,Night,0,Practice,Expected,Amber,Left,81.36,79.74,-68.9693,-1827.3320,606.7324,423.72
,Night,0,Practice,Expected,Amber,Left,81.46,79.84,-69.0724,-1846.3010,607.4078,425.91
,Night,0,Practice,Expected,Amber,Left,81.57,79.95,-69.1755,-1865.3650,608.0846,428.10
,Night,0,Practice,Expected,Amber,Left,81.67,80.05,-69.2788,-1884.5260,608.7628,430.30
,Night,0,Practice,Expected,Amber,Left,81.78,80.15,-69.3823,-1903.7820,609.4426,432.49
,Night,0,Practice,Expected,Amber,Left,81.88,80.26,-69.4859,-1923.1350,610.1241,434.68
,Night,0,Practice,Expected,Amber,Left,81.98,80.36,-69.6104,-1946.4850,610.9442,437.31
,Night,0,Practice,Expected,Amber,Left,82.09,80.46,-69.7144,-1966.0500,611.6296,439.51
,Night,0,Practice,Expected,Amber,Left,82.19,80.57,-69.8185,-1985.7110,612.3170,441.70
,Night,0,Practice,Expected,Amber,Left,82.29,80.67,-69.9228,-2005.4690,613.0065,443.89
,Night,0,Practice,Expected,Amber,Left,82.40,80.77,-70.0272,-2025.3230,613.6979,446.09
,Night,0,Practice,Expected,Amber,Left,82.50,80.88,-70.1319,-2045.2750,614.3915,448.28
,Night,0,Practice,Expected,Amber,Left,82.60,80.98,-70.2366,-2065.3230,615.0873,450.47
,Night,0,Practice,Expected,Amber,Left,82.70,81.08,-70.3416,-2085.4690,615.7853,452.66
,Night,0,Practice,Expected,Amber,Left,82.80,81.18,-70.4677,-2109.7730,616.6258,455.30
,Night,0,Practice,Expected,Amber,Left,82.91,81.28,-70.5730,-2130.1330,617.3287,457.49
,Night,0,Practice,Expected,Amber,Left,83.01,81.39,-70.6784,-2150.5910,618.0338,459.68
,Night,0,Practice,Expected,Amber,Left,83.12,81.49,-70.7840,-2171.1460,618.7411,461.87
,Night,0,Practice,Expected,Amber,Left,83.22,81.59,-70.8897,-2191.7990,619.4507,464.07
,Night,0,Practice,Expected,Amber,Left,83.32,81.70,-71.0168,-2216.7130,620.3052,466.70
,Night,0,Practice,Expected,Amber,Left,83.42,81.80,-71.1229,-2237.5820,621.0197,468.89
,Night,0,Practice,Expected,Amber,Left,83.53,81.90,-71.2291,-2258.5490,621.7364,471.09
,Night,0,Practice,Expected,Amber,Left,83.63,82.01,-71.3354,-2279.6150,622.4552,473.28
,Night,0,Practice,Expected,Amber,Left,83.73,82.11,-71.4419,-2300.7790,623.1761,475.47
,Night,0,Practice,Expected,Amber,Left,83.84,82.21,-71.5484,-2322.0420,623.8991,477.67
,Night,0,Practice,Expected,Amber,Left,83.96,82.33,-71.6765,-2347.6880,624.7693,480.30
,Night,0,Practice,Expected,Amber,Left,84.06,82.44,-71.8047,-2373.4760,625.6423,482.93
,Night,0,Practice,Expected,Amber,Left,84.17,82.55,-71.9116,-2395.0750,626.3719,485.12
,Night,0,Practice,Expected,Amber,Left,84.28,82.65,-72.0186,-2416.7720,627.1033,487.32
,Night,0,Practice,Expected,Amber,Left,84.38,82.76,-72.1472,-2442.9410,627.9832,489.95
,Night,0,Practice,Expected,Amber,Left,84.49,82.87,-72.2544,-2464.8570,628.7183,492.14
,Night,0,Practice,Expected,Amber,Left,84.59,82.97,-72.3617,-2486.8720,629.4550,494.33
,Night,0,Practice,Expected,Amber,Left,84.70,83.08,-72.4691,-2508.9870,630.1932,496.53
,Night,0,Practice,Expected,Amber,Left,84.80,83.18,-72.5980,-2535.6560,631.0809,499.16
,Night,0,Practice,Expected,Amber,Left,84.91,83.28,-72.7055,-2557.9890,631.8221,501.35
,Night,0,Practice,Expected,Amber,Left,85.01,83.38,-72.8131,-2580.4220,632.5646,503.55
,Night,0,Practice,Expected,Amber,Left,85.11,83.49,-72.9206,-2602.9540,633.3082,505.74
,Night,0,Practice,Expected,Amber,Left,85.21,83.59,-73.0283,-2625.5860,634.0529,507.93
,Night,0,Practice,Expected,Amber,Left,85.31,83.69,-73.1359,-2648.3180,634.7986,510.12
,Night,0,Practice,Expected,Amber,Left,85.42,83.80,-73.2436,-2671.1490,635.5451,512.32
,Night,0,Practice,Expected,Amber,Left,85.52,83.90,-73.3728,-2698.6790,636.4421,514.95
,Night,0,Practice,Expected,Amber,Left,85.63,84.00,-73.4805,-2721.7300,637.1903,517.14
,Night,0,Practice,Expected,Amber,Left,85.74,84.11,-73.5882,-2744.8800,637.9391,519.34
,Night,0,Practice,Expected,Amber,Left,85.84,84.21,-73.6959,-2768.1310,638.6885,521.53
,Night,0,Practice,Expected,Amber,Left,85.94,84.32,-73.8251,-2796.1620,639.5884,524.16
,Night,0,Practice,Expected,Amber,Left,86.04,84.42,-73.9328,-2819.6320,640.3386,526.36
,Night,0,Practice,Expected,Amber,Left,86.15,84.52,-74.0404,-2843.2020,641.0892,528.55
,Night,0,Practice,Expected,Amber,Left,86.25,84.62,-74.1481,-2866.8710,641.8399,530.74
,Night,0,Practice,Expected,Amber,Left,86.36,84.74,-74.2557,-2890.6400,642.5907,532.94
,Night,0,Practice,Expected,Amber,Left,86.46,84.84,-74.3847,-2919.2950,643.4918,535.57
,Night,0,Practice,Expected,Amber,Left,86.56,84.94,-74.4922,-2943.2830,644.2425,537.76
,Night,0,Practice,Expected,Amber,Left,86.67,85.04,-74.5997,-2967.3710,644.9932,539.95
,Night,0,Practice,Expected,Amber,Left,86.77,85.15,-74.7071,-2991.5590,645.7436,542.15
,Night,0,Practice,Expected,Amber,Left,86.87,85.25,-74.8145,-3015.8460,646.4937,544.34
,Night,0,Practice,Expected,Amber,Left,86.98,85.36,-74.9432,-3045.1230,647.3934,546.97
,Night,0,Practice,Expected,Amber,Left,87.09,85.47,-75.0504,-3069.6290,648.1428,549.17
,Night,0,Practice,Expected,Amber,Left,87.20,85.57,-75.1576,-3094.2350,648.8915,551.36
,Night,0,Practice,Expected,Amber,Left,87.30,85.67,-75.2647,-3118.9410,649.6398,553.55
,Night,0,Practice,Expected,Amber,Left,87.40,85.78,-75.3931,-3148.7190,650.5370,556.19
,Night,0,Practice,Expected,Amber,Left,87.51,85.88,-75.5001,-3173.6430,651.2839,558.38
,Night,0,Practice,Expected,Amber,Left,87.61,85.99,-75.6069,-3198.6670,652.0300,560.57
,Night,0,Practice,Expected,Amber,Left,87.72,86.10,-75.7137,-3223.7900,652.7754,562.77
,Night,0,Practice,Expected,Amber,Left,87.83,86.20,-75.8418,-3254.0690,653.6688,565.40
,Night,0,Practice,Expected,Amber,Left,87.93,86.31,-75.9484,-3279.4100,654.4124,567.59
,Night,0,Practice,Expected,Amber,Left,88.03,86.41,-76.0549,-3304.8510,655.1550,569.79
,Night,0,Practice,Expected,Amber,Left,88.14,86.52,-76.1826,-3335.5100,656.0450,572.42
,Night,0,Practice,Expected,Amber,Left,88.25,86.62,-76.2890,-3361.1680,656.7856,574.61
,Night,0,Practice,Expected,Amber,Left,88.35,86.73,-76.3953,-3386.9260,657.5251,576.81
,Night,0,Practice,Expected,Amber,Left,88.46,86.83,-76.5014,-3412.7820,658.2637,579.00
,Night,0,Practice,Expected,Amber,Left,88.56,86.93,-76.6075,-3438.7380,659.0011,581.19
,Night,0,Practice,Expected,Amber,Left,88.66,87.04,-76.7347,-3470.0140,659.8846,583.82
,Night,0,Practice,Expected,Amber,Left,88.76,87.14,-76.8406,-3496.1870,660.6198,586.02
,Night,0,Practice,Expected,Amber,Left,88.87,87.24,-76.9464,-3522.4590,661.3537,588.21
,Night,0,Practice,Expected,Amber,Left,88.97,87.35,-77.0522,-3548.8290,662.0865,590.41
,Night,0,Practice,Expected,Amber,Left,89.08,87.45,-77.1578,-3575.2980,662.8182,592.60
,Night,0,Practice,Expected,Amber,Left,89.18,87.56,-77.2844,-3607.1900,663.6946,595.23
,Night,0,Practice,Expected,Amber,Left,89.28,87.66,-77.3899,-3633.8760,664.4238,597.42
,Night,0,Practice,Expected,Amber,Left,89.39,87.76,-77.4953,-3660.6600,665.1517,599.62
,Night,0,Practice,Expected,Amber,Left,89.49,87.87,-77.6006,-3687.5420,665.8785,601.81
,Night,0,Practice,Expected,Amber,Left,89.59,87.97,-77.7058,-3714.5230,666.6042,604.01
,Night,0,Practice,Expected,Amber,Left,89.70,88.07,-77.8109,-3741.6020,667.3286,606.20
,Night,0,Practice,Expected,Amber,Left,89.80,88.17,-77.9159,-3768.7790,668.0519,608.39
,Night,0,Practice,Expected,Amber,Left,89.90,88.28,-78.0419,-3801.5220,668.9184,611.03
,Night,0,Practice,Expected,Amber,Left,90.01,88.38,-78.1468,-3828.9150,669.6392,613.22
,Night,0,Practice,Expected,Amber,Left,90.11,88.48,-78.2516,-3856.4060,670.3588,615.41
,Night,0,Practice,Expected,Amber,Left,90.21,88.58,-78.3563,-3883.9960,671.0773,617.61
,Night,0,Practice,Expected,Amber,Left,90.31,88.69,-78.4610,-3911.6830,671.7947,619.80
,Night,0,Practice,Expected,Amber,Left,90.42,88.79,-78.5656,-3939.4690,672.5110,621.99
,Night,0,Practice,Expected,Amber,Left,90.52,88.90,-78.6701,-3967.3530,673.2263,624.19
,Night,0,Practice,Expected,Amber,Left,90.62,89.00,-78.7746,-3995.3330,673.9404,626.38
,Night,0,Practice,Expected,Amber,Left,90.72,89.10,-78.8999,-4029.0410,674.7961,629.01
,Night,0,Practice,Expected,Amber,Left,90.83,89.20,-79.0042,-4057.2370,675.5079,631.21
,Night,0,Practice,Expected,Amber,Left,90.93,89.31,-79.1085,-4085.5310,676.2189,633.40
,Night,0,Practice,Expected,Amber,Left,91.03,89.41,-79.2127,-4113.9220,676.9288,635.59
,Night,0,Practice,Expected,Amber,Left,91.14,89.52,-79.3169,-4142.4130,677.6378,637.79
,Night,0,Practice,Expected,Amber,Left,91.24,89.62,-79.4419,-4176.7300,678.4874,640.42
,Night,0,Practice,Expected,Amber,Left,91.35,89.72,-79.5459,-4205.4350,679.1943,642.61
,Night,0,Practice,Expected,Amber,Left,91.45,89.83,-79.6499,-4234.2370,679.9005,644.81
,Night,0,Practice,Expected,Amber,Left,91.55,89.93,-79.7539,-4263.1360,680.6057,647.00
,Night,0,Practice,Expected,Amber,Left,91.65,90.03,-79.8579,-4292.1330,681.3101,649.20
,Night,0,Practice,Expected,Amber,Left,91.76,90.13,-79.9618,-4321.2290,682.0138,651.39
,Night,0,Practice,Expected,Amber,Left,91.86,90.24,-80.0656,-4350.4220,682.7167,653.58
,Night,0,Practice,Expected,Amber,Left,91.96,90.34,-80.1902,-4385.5820,683.5592,656.22
,Night,0,Practice,Expected,Amber,Left,92.06,90.44,-80.2940,-4414.9880,684.2605,658.41
,Night,0,Practice,Expected,Amber,Left,92.17,90.54,-80.3978,-4444.4910,684.9612,660.60
,Night,0,Practice,Expected,Amber,Left,92.27,90.65,-80.5015,-4474.0940,685.6612,662.80
,Night,0,Practice,Expected,Amber,Left,92.37,90.75,-80.6052,-4503.7940,686.3606,664.99
,Night,0,Practice,Expected,Amber,Left,92.48,90.85,-80.7089,-4533.5900,687.0594,667.18
,Night,0,Practice,Expected,Amber,Left,92.58,90.96,-80.8333,-4569.4750,687.8973,669.82
,Night,0,Practice,Expected,Amber,Left,92.68,91.06,-80.9370,-4599.4850,688.5950,672.01
,Night,0,Practice,Expected,Amber,Left,92.79,91.16,-81.0406,-4629.5940,689.2921,674.20
,Night,0,Practice,Expected,Amber,Left,92.89,91.27,-81.1442,-4659.8000,689.9888,676.40
,Night,0,Practice,Expected,Amber,Left,93.00,91.37,-81.2479,-4690.1030,690.6852,678.59
,Night,0,Practice,Expected,Amber,Left,93.10,91.48,-81.3515,-4720.5030,691.3810,680.79
,Night,0,Practice,Expected,Amber,Left,93.20,91.58,-81.4758,-4757.1110,692.2157,683.42
,Night,0,Practice,Expected,Amber,Left,93.31,91.68,-81.5794,-4787.7260,692.9108,685.61
,Night,0,Practice,Expected,Amber,Left,93.41,91.79,-81.6830,-4818.4380,693.6057,687.81
,Night,0,Practice,Expected,Amber,Left,93.51,91.89,-81.7866,-4849.2480,694.3002,690.00
,Night,0,Practice,Expected,Amber,Left,93.62,92.00,-81.9109,-4886.3480,695.1334,692.63
,Night,0,Practice,Expected,Amber,Left,93.73,92.10,-82.0145,-4917.3700,695.8275,694.83
,Night,0,Practice,Expected,Amber,Left,93.83,92.21,-82.1181,-4948.4900,696.5214,697.02
,Night,0,Practice,Expected,Amber,Left,93.94,92.31,-82.2217,-4979.7090,697.2150,699.21
,Night,0,Practice,Expected,Amber,Left,94.04,92.41,-82.3253,-5011.0250,697.9086,701.41
,Night,0,Practice,Expected,Amber,Left,94.14,92.52,-82.4497,-5048.7320,698.7408,704.04
,Night,0,Practice,Expected,Amber,Left,94.24,92.62,-82.5533,-5080.2610,699.4342,706.23
,Night,0,Practice,Expected,Amber,Left,94.34,92.72,-82.6570,-5111.8870,700.1276,708.43
,Night,0,Practice,Expected,Amber,Left,94.45,92.83,-82.7607,-5143.6120,700.8209,710.62
,Night,0,Practice,Expected,Amber,Left,94.56,92.93,-82.8644,-5175.4340,701.5142,712.82
,Night,0,Practice,Expected,Amber,Left,94.67,93.04,-82.9888,-5213.7490,702.3462,715.45
,Night,0,Practice,Expected,Amber,Left,94.77,93.15,-83.0925,-5245.7840,703.0396,717.64
,Night,0,Practice,Expected,Amber,Left,94.88,93.26,-83.2170,-5284.3540,703.8717,720.27
,Night,0,Practice,Expected,Amber,Left,94.99,93.37,-83.3208,-5316.6050,704.5653,722.47
,Night,0,Practice,Expected,Amber,Left,95.10,93.47,-83.4246,-5348.9530,705.2590,724.66
,Night,0,Practice,Expected,Amber,Left,95.20,93.57,-83.5285,-5381.3980,705.9528,726.86
,Night,0,Practice,Expected,Amber,Left,95.30,93.68,-83.6531,-5420.4600,706.7856,729.49
,Night,0,Practice,Expected,Amber,Left,95.41,93.78,-83.7570,-5453.1190,707.4797,731.68
,Night,0,Practice,Expected,Amber,Left,95.52,93.89,-83.8609,-5485.8760,708.1741,733.88
,Night,0,Practice,Expected,Amber,Left,95.62,94.00,-83.9856,-5525.3130,709.0076,736.51
,Night,0,Practice,Expected,Amber,Left,95.73,94.11,-84.0896,-5558.2850,709.7025,738.70
,Night,0,Practice,Expected,Amber,Left,95.83,94.21,-84.1936,-5591.3540,710.3976,740.90
,Night,0,Practice,Expected,Amber,Left,95.94,94.31,-84.2976,-5624.5200,711.0930,743.09
,Night,0,Practice,Expected,Amber,Left,96.04,94.42,-84.4225,-5664.4470,711.9277,745.72
,Night,0,Practice,Expected,Amber,Left,96.14,94.52,-84.5266,-5697.8290,712.6237,747.92
,Night,0,Practice,Expected,Amber,Left,96.24,94.62,-84.6307,-5731.3080,713.3200,750.11
,Night,0,Practice,Expected,Amber,Left,96.35,94.73,-84.7349,-5764.8830,714.0166,752.31
,Night,0,Practice,Expected,Amber,Left,96.45,94.83,-84.8391,-5798.5570,714.7136,754.50
,Night,0,Practice,Expected,Amber,Left,96.56,94.94,-84.9642,-5839.0920,715.5503,757.13
,Night,0,Practice,Expected,Amber,Left,96.67,95.04,-85.0684,-5872.9810,716.2480,759.33
,Night,0,Practice,Expected,Amber,Left,96.77,95.15,-85.1727,-5906.9680,716.9461,761.52
,Night,0,Practice,Expected,Amber,Left,96.87,95.25,-85.2771,-5941.0520,717.6445,763.71
,Night,0,Practice,Expected,Amber,Left,96.98,95.35,-85.3814,-5975.2320,718.3433,765.91
,Night,0,Practice,Expected,Amber,Left,97.08,95.45,-85.4858,-6009.5110,719.0425,768.10
,Night,0,Practice,Expected,Amber,Left,97.18,95.56,-85.6112,-6050.7740,719.8821,770.73
,Night,0,Practice,Expected,Amber,Left,97.28,95.66,-85.7157,-6085.2690,720.5822,772.93
,Night,0,Practice,Expected,Amber,Left,97.39,95.76,-85.8202,-6119.8610,721.2827,775.12
,Night,0,Practice,Expected,Amber,Left,97.49,95.87,-85.9247,-6154.5500,721.9836,777.32
,Night,0,Practice,Expected,Amber,Left,97.59,95.97,-86.0293,-6189.3370,722.6849,779.51
,Night,0,Practice,Expected,Amber,Left,97.70,96.07,-86.1340,-6224.2210,723.3867,781.70
,Night,0,Practice,Expected,Amber,Left,97.80,96.18,-86.2386,-6259.2050,724.0889,783.90
,Night,0,Practice,Expected,Amber,Left,97.90,96.28,-86.3642,-6301.3130,724.9321,786.53
,Night,0,Practice,Expected,Amber,Left,98.01,96.38,-86.4690,-6336.5110,725.6353,788.72
,Night,0,Practice,Expected,Amber,Left,98.11,96.49,-86.5738,-6371.8070,726.3389,790.92
,Night,0,Practice,Expected,Amber,Left,98.22,96.59,-86.6786,-6407.1990,727.0430,793.11
,Night,0,Practice,Expected,Amber,Left,98.32,96.69,-86.7834,-6442.6910,727.7475,795.31
,Night,0,Practice,Expected,Amber,Left,98.42,96.80,-86.8883,-6478.2810,728.4525,797.50
,Night,0,Practice,Expected,Amber,Left,98.52,96.90,-87.0142,-6521.1180,729.2990,800.13
,Night,0,Practice,Expected,Amber,Left,98.63,97.01,-87.1191,-6556.9220,730.0049,802.33
,Night,0,Practice,Expected,Amber,Left,98.73,97.11,-87.2241,-6592.8240,730.7114,804.52
,Night,0,Practice,Expected,Amber,Left,98.83,97.21,-87.3291,-6628.8250,731.4182,806.71
,Night,0,Practice,Expected,Amber,Left,98.94,97.31,-87.4341,-6664.9240,732.1255,808.91
,Night,0,Practice,Expected,Amber,Left,99.04,97.42,-87.5602,-6708.3720,732.9749,811.54
,Night,0,Practice,Expected,Amber,Left,99.14,97.52,-87.6653,-6744.6860,733.6832,813.74
,Night,0,Practice,Expected,Amber,Left,99.25,97.62,-87.7705,-6781.0970,734.3919,815.93
,Night,0,Practice,Expected,Amber,Left,99.35,97.73,-87.8757,-6817.6070,735.1011,818.12
,Night,0,Practice,Expected,Amber,Left,99.45,97.83,-87.9809,-6854.2160,735.8107,820.32
,Night,0,Practice,Expected,Amber,Left,99.56,97.93,-88.0861,-6890.9220,736.5208,822.51
,Night,0,Practice,Expected,Amber,Left,99.66,98.04,-88.1914,-6927.7270,737.2313,824.71
,Night,0,Practice,Expected,Amber,Left,99.76,98.14,-88.3177,-6972.0210,738.0845,827.34
,Night,0,Practice,Expected,Amber,Left,99.87,98.24,-88.4231,-7009.0400,738.7960,829.53
,Night,0,Practice,Expected,Amber,Left,99.98,98.35,-88.5284,-7046.1580,739.5079,831.73
,Night,0,Practice,Expected,Amber,Left,100.08,98.46,-88.6549,-7090.8300,740.3627,834.36
,Night,0,Practice,Expected,Amber,Left,100.19,98.56,-88.7603,-7128.1640,741.0756,836.55
,Night,0,Practice,Expected,Amber,Left,100.29,98.67,-88.8658,-7165.5950,741.7888,838.75
,Night,0,Practice,Expected,Amber,Left,100.39,98.77,-88.9712,-7203.1250,742.5024,840.94
,Night,0,Practice,Expected,Amber,Left,100.50,98.88,-89.0767,-7240.7520,743.2165,843.13
,Night,0,Practice,Expected,Amber,Left,100.61,98.98,-89.2034,-7286.0370,744.0739,845.77
,Night,0,Practice,Expected,Amber,Left,100.71,99.09,-89.3089,-7323.8810,744.7888,847.96
,Night,0,Practice,Expected,Amber,Left,100.82,99.20,-89.4356,-7369.4230,745.6473,850.59
,Night,0,Practice,Expected,Amber,Left,100.93,99.30,-89.5412,-7407.4820,746.3630,852.79
,Night,0,Practice,Expected,Amber,Left,101.03,99.40,-89.6468,-7445.6400,747.0792,854.98
,Night,0,Practice,Expected,Amber,Left,101.15,99.53,-89.7736,-7491.5610,747.9391,857.62
,Night,0,Practice,Expected,Amber,Left,101.25,99.63,-89.8793,-7529.9350,748.6561,859.81
,Night,0,Practice,Expected,Amber,Left,101.36,99.74,-89.9850,-7568.4080,749.3734,862.00
,Night,0,Practice,Expected,Amber,Left,101.46,99.84,-90.0907,-7606.9780,750.0911,864.20
,Night,0,Practice,Expected,Amber,Left,101.56,99.94,-90.2176,-7653.3910,750.9528,866.83
,Night,0,Practice,Expected,Amber,Left,101.67,100.04,-90.3233,-7692.1790,751.6713,869.02
,Night,0,Practice,Expected,Amber,Left,101.77,100.15,-90.4291,-7731.0640,752.3901,871.22
,Night,0,Practice,Expected,Amber,Left,101.88,100.25,-90.5349,-7770.0470,753.1092,873.41
,Night,0,Practice,Expected,Amber,Left,101.98,100.36,-90.6619,-7816.9560,753.9725,876.05
,Night,0,Practice,Expected,Amber,Left,102.09,100.47,-90.7677,-7856.1550,754.6924,878.24
,Night,0,Practice,Expected,Amber,Left,102.19,100.57,-90.8735,-7895.4530,755.4125,880.43
,Night,0,Practice,Expected,Amber,Left,102.30,100.67,-90.9794,-7934.8500,756.1329,882.63
,Night,0,Practice,Expected,Amber,Left,102.40,100.77,-91.0853,-7974.3440,756.8536,884.82
,Night,0,Practice,Expected,Amber,Left,102.50,100.88,-91.2124,-8021.8660,757.7189,887.45
,Night,0,Practice,Expected,Amber,Left,102.61,100.98,-91.3183,-8061.5760,758.4402,889.65
,Night,0,Practice,Expected,Amber,Left,102.71,101.09,-91.4242,-8101.3840,759.1619,891.84
,Night,0,Practice,Expected,Amber,Left,102.82,101.19,-91.5301,-8141.2920,759.8837,894.04
,Night,0,Practice,Expected,Amber,Left,102.92,101.30,-91.6573,-8189.3100,760.7504,896.67
,Night,0,Practice,Expected,Amber,Left,103.02,101.40,-91.7632,-8229.4330,761.4728,898.86
,Night,0,Practice,Expected,Amber,Left,103.13,101.51,-91.8692,-8269.6530,762.1955,901.06
,Night,0,Practice,Expected,Amber,Left,103.23,101.61,-91.9752,-8309.9730,762.9185,903.25
,Night,0,Practice,Expected,Amber,Left,103.33,101.71,-92.0812,-8350.3890,763.6416,905.45
,Night,0,Practice,Expected,Amber,Left,103.44,101.81,-92.1872,-8390.9030,764.3651,907.64
,Night,0,Practice,Expected,Amber,Left,103.54,101.91,-92.2932,-8431.5190,765.0886,909.83
,Night,0,Practice,Expected,Amber,Left,103.64,102.02,-92.3992,-8472.2330,765.8125,912.03
,Night,0,Practice,Expected,Amber,Left,103.74,102.12,-92.5265,-8521.2200,766.6813,914.66
,Night,0,Practice,Expected,Amber,Left,103.85,102.22,-92.6325,-8562.1500,767.4056,916.85
,Night,0,Practice,Expected,Amber,Left,103.95,102.32,-92.7386,-8603.1790,768.1301,919.05
,Night,0,Practice,Expected,Amber,Left,104.05,102.43,-92.8446,-8644.3050,768.8548,921.24
,Night,0,Practice,Expected,Amber,Left,104.15,102.53,-92.9507,-8685.5280,769.5796,923.44
,Night,0,Practice,Expected,Amber,Left,104.25,102.63,-93.0568,-8726.8500,770.3046,925.63
,Night,0,Practice,Expected,Amber,Left,104.36,102.73,-93.1628,-8768.2700,771.0298,927.82
,Night,0,Practice,Expected,Amber,Left,104.46,102.84,-93.2689,-8809.7870,771.7551,930.02
,Night,0,Practice,Expected,Amber,Left,104.56,102.94,-93.3962,-8859.7370,772.6258,932.65
,Night,0,Practice,Expected,Amber,Left,104.67,103.04,-93.5023,-8901.4740,773.3514,934.85
,Night,0,Practice,Expected,Amber,Left,104.77,103.15,-93.6084,-8943.3100,774.0773,937.04
,Night,0,Practice,Expected,Amber,Left,104.87,103.25,-93.7145,-8985.2430,774.8032,939.23
,Night,0,Practice,Expected,Amber,Left,104.97,103.35,-93.8206,-9027.2740,775.5293,941.43
,Night,0,Practice,Expected,Amber,Left,105.08,103.45,-93.9267,-9069.4040,776.2556,943.62
,Night,0,Practice,Expected,Amber,Left,105.18,103.55,-94.0328,-9111.6310,776.9819,945.82
,Night,0,Practice,Expected,Amber,Left,105.28,103.66,-94.1601,-9162.4330,777.8536,948.45
,Night,0,Practice,Expected,Amber,Left,105.38,103.76,-94.2663,-9204.8750,778.5802,950.64
,Night,0,Practice,Expected,Amber,Left,105.49,103.87,-94.3724,-9247.4160,779.3069,952.84
,Night,0,Practice,Expected,Amber,Left,105.60,103.98,-94.4997,-9298.5940,780.1790,955.47
,Night,0,Practice,Expected,Amber,Left,105.70,104.08,-94.6058,-9341.3500,780.9059,957.66
,Night,0,Practice,Expected,Amber,Left,105.80,104.18,-94.7119,-9384.2090,781.6329,959.86
,Night,0,Practice,Expected,Amber,Left,105.91,104.29,-94.8181,-9427.1650,782.3599,962.05
,Night,0,Practice,Expected,Amber,Left,106.02,104.39,-94.9242,-9470.2200,783.0870,964.25
,Night,0,Practice,Expected,Amber,Left,106.12,104.49,-95.0303,-9513.3710,783.8142,966.44
,Night,0,Practice,Expected,Amber,Left,106.22,104.60,-95.1576,-9565.2830,784.6870,969.07
,Night,0,Practice,Expected,Amber,Left,106.33,104.71,-95.2637,-9608.6500,785.4142,971.27
,Night,0,Practice,Expected,Amber,Left,106.43,104.81,-95.3698,-9652.1160,786.1417,973.46
,Night,0,Practice,Expected,Amber,Left,106.54,104.92,-95.4759,-9695.6800,786.8691,975.66
,Night,0,Practice,Expected,Amber,Left,106.65,105.02,-95.6033,-9748.0840,787.7421,978.29
,Night,0,Practice,Expected,Amber,Left,106.75,105.13,-95.7094,-9791.8630,788.4696,980.48
,Night,0,Practice,Expected,Amber,Left,106.85,105.23,-95.8155,-9835.7420,789.1971,982.68
,Night,0,Practice,Expected,Amber,Left,106.97,105.34,-95.9428,-9888.5290,790.0703,985.31
,Night,0,Practice,Expected,Amber,Left,107.07,105.45,-96.0489,-9932.6260,790.7979,987.50
,Night,0,Practice,Expected,Amber,Left,107.18,105.55,-96.1550,-9976.8200,791.5255,989.70
,Night,0,Practice,Expected,Amber,Left,107.28,105.66,-96.2823,-10029.9800,792.3987,992.33
,Night,0,Practice,Expected,Amber,Left,107.39,105.76,-96.3883,-10074.3900,793.1264,994.53
,Night,0,Practice,Expected,Amber,Left,107.49,105.87,-96.4944,-10118.9000,793.8541,996.72
,Night,0,Practice,Expected,Amber,Left,107.60,105.97,-96.6005,-10163.5100,794.5818,998.91
,Night,0,Practice,Expected,Amber,Left,107.71,106.08,-96.7278,-10217.1600,795.4551,1001.55
,Night,0,Practice,Expected,Amber,Left,107.81,106.19,-96.8338,-10261.9800,796.1828,1003.74
,Night,0,Practice,Expected,Amber,Left,107.91,106.29,-96.9399,-10306.9000,796.9105,1005.94
,Night,0,Practice,Expected,Amber,Left,108.02,106.39,-97.0459,-10351.9200,797.6382,1008.13
,Night,0,Practice,Expected,Amber,Left,108.12,106.50,-97.1520,-10397.0400,798.3658,1010.32
,Night,0,Practice,Expected,Amber,Left,108.22,106.60,-97.2792,-10451.3200,799.2390,1012.96
,Night,0,Practice,Expected,Amber,Left,108.32,106.70,-97.3853,-10496.6500,799.9667,1015.15
,Night,0,Practice,Expected,Amber,Left,108.43,106.80,-97.4913,-10542.0800,800.6943,1017.34
,Night,0,Practice,Expected,Amber,Left,108.53,106.91,-97.5973,-10587.6100,801.4219,1019.54
,Night,0,Practice,Expected,Amber,Left,108.64,107.01,-97.7034,-10633.2400,802.1495,1021.73
,Night,0,Practice,Expected,Amber,Left,108.74,107.11,-97.8094,-10678.9700,802.8770,1023.93
,Night,0,Practice,Expected,Amber,Left,108.84,107.21,-97.9154,-10724.7900,803.6045,1026.12
,Night,0,Practice,Expected,Amber,Left,108.94,107.32,-98.0214,-10770.7100,804.3320,1028.32
,Night,0,Practice,Expected,Amber,Left,109.04,107.42,-98.1486,-10825.9500,805.2049,1030.95
,Night,0,Practice,Expected,Amber,Left,109.15,107.52,-98.2546,-10872.0900,805.9323,1033.14
,Night,0,Practice,Expected,Amber,Left,109.25,107.62,-98.3605,-10918.3300,806.6596,1035.34
,Night,0,Practice,Expected,Amber,Left,109.35,107.73,-98.4665,-10964.6700,807.3869,1037.53
,Night,0,Practice,Expected,Amber,Left,109.46,107.84,-98.5725,-11011.1000,808.1141,1039.73
,Night,0,Practice,Expected,Amber,Left,109.57,107.94,-98.6996,-11066.9600,808.9868,1042.36
,Night,0,Practice,Expected,Amber,Left,109.67,108.05,-98.8056,-11113.6100,809.7139,1044.55
,Night,0,Practice,Expected,Amber,Left,109.78,108.15,-98.9115,-11160.3500,810.4410,1046.75
,Night,0,Practice,Expected,Amber,Left,109.89,108.27,-99.0386,-11216.5800,811.3134,1049.38
,Night,0,Practice,Expected,Amber,Left,110.00,108.37,-99.1446,-11263.5400,812.0403,1051.57
,Night,0,Practice,Expected,Amber,Left,110.10,108.48,-99.2717,-11320.0300,812.9126,1054.21
,Night,0,Practice,Expected,Amber,Left,110.21,108.58,-99.3776,-11367.2100,813.6394,1056.40
,Night,0,Practice,Expected,Amber,Left,110.31,108.69,-99.4835,-11414.4900,814.3661,1058.59
,Night,0,Practice,Expected,Amber,Left,110.42,108.80,-99.6105,-11471.3600,815.2382,1061.23
,Night,0,Practice,Expected,Amber,Left,110.53,108.90,-99.7164,-11518.8600,815.9648,1063.42
,Night,0,Practice,Expected,Amber,Left,110.63,109.00,-99.8223,-11566.4500,816.6913,1065.62
,Night,0,Practice,Expected,Amber,Left,110.73,109.11,-99.9282,-11614.1400,817.4178,1067.81
,Night,0,Practice,Expected,Amber,Left,110.84,109.22,-100.0340,-11661.9300,818.1442,1070.00
,Night,0,Practice,Expected,Amber,Left,110.95,109.32,-100.1611,-11719.4100,819.0157,1072.64
,Night,0,Practice,Expected,Amber,Left,111.05,109.43,-100.2669,-11767.4200,819.7419,1074.83
,Night,0,Practice,Expected,Amber,Left,111.15,109.53,-100.3728,-11815.5200,820.4681,1077.03
,Night,0,Practice,Expected,Amber,Left,111.26,109.63,-100.4786,-11863.7200,821.1942,1079.22
,Night,0,Practice,Expected,Amber,Left,111.42,109.79,-100.6479,-11941.0500,822.3557,1082.73
,Night,0,Practice,Expected,Amber,Left,111.52,109.90,-100.7749,-11999.2100,823.2267,1085.36
,Night,0,Practice,Expected,Amber,Left,111.62,110.00,-100.8807,-12047.7900,823.9525,1087.56
,Night,0,Practice,Expected,Amber,Left,111.72,110.10,-100.9865,-12096.4700,824.6782,1089.75
,Night,0,Practice,Expected,Amber,Left,111.83,110.21,-101.0922,-12145.2400,825.4038,1091.95
,Night,0,Practice,Expected,Amber,Left,111.94,110.32,-101.2192,-12203.8900,826.2744,1094.58
,Night,0,Practice,Expected,Amber,Left,112.05,110.43,-101.3250,-12252.8800,826.9998,1096.77
,Night,0,Practice,Expected,Amber,Left,112.16,110.53,-101.4307,-12301.9700,827.7252,1098.97
,Night,0,Practice,Expected,Amber,Left,112.26,110.63,-101.5365,-12351.1500,828.4504,1101.16
,Night,0,Practice,Expected,Amber,Left,112.36,110.74,-101.6422,-12400.4300,829.1755,1103.36
,Night,0,Practice,Expected,Amber,Left,112.47,110.84,-101.7691,-12459.7000,830.0456,1105.99
,Night,0,Practice,Expected,Amber,Left,112.57,110.94,-101.8748,-12509.2100,830.7706,1108.18
,Night,0,Practice,Expected,Amber,Left,112.67,111.05,-101.9805,-12558.8000,831.4954,1110.38
,Night,0,Practice,Expected,Amber,Left,112.78,111.15,-102.0863,-12608.5000,832.2202,1112.57
,Night,0,Practice,Expected,Amber,Left,112.88,111.26,-102.1920,-12658.2900,832.9449,1114.77
,Night,0,Practice,Expected,Amber,Left,112.98,111.36,-102.3188,-12718.1800,833.8145,1117.40
,Night,0,Practice,Expected,Amber,Left,113.08,111.46,-102.4245,-12768.1800,834.5389,1119.59
,Night,0,Practice,Expected,Amber,Left,113.20,111.57,-102.5302,-12818.2900,835.2634,1121.79
,Night,0,Practice,Expected,Amber,Left,113.30,111.68,-102.6570,-12878.5500,836.1325,1124.42
,Night,0,Practice,Expected,Amber,Left,113.41,111.78,-102.7626,-12928.8700,836.8568,1126.61
,Night,0,Practice,Expected,Amber,Left,113.52,111.89,-102.8683,-12979.2900,837.5808,1128.81
,Night,0,Practice,Expected,Amber,Left,113.62,111.99,-102.9739,-13029.8200,838.3049,1131.00
,Night,0,Practice,Expected,Amber,Left,113.72,112.10,-103.0796,-13080.4400,839.0288,1133.20
,Night,0,Practice,Expected,Amber,Left,113.82,112.20,-103.2063,-13141.3100,839.8974,1135.83
,Night,0,Practice,Expected,Amber,Left,113.93,112.30,-103.3120,-13192.1400,840.6211,1138.02
,Night,0,Practice,Expected,Amber,Left,114.03,112.40,-103.4176,-13243.0800,841.3448,1140.22
,Night,0,Practice,Expected,Amber,Left,114.13,112.50,-103.5232,-13294.1100,842.0683,1142.41
,Night,0,Practice,Expected,Amber,Left,114.23,112.61,-103.6288,-13345.2300,842.7917,1144.61
,Night,0,Practice,Expected,Amber,Left,114.35,112.73,-103.7555,-13406.7200,843.6598,1147.24
,Night,0,Practice,Expected,Amber,Left,114.45,112.83,-103.8611,-13458.0600,844.3831,1149.43
,Night,0,Practice,Expected,Amber,Left,114.56,112.94,-103.9878,-13519.8000,845.2508,1152.07
,Night,0,Practice,Expected,Amber,Left,114.67,113.05,-104.0933,-13571.3600,845.9739,1154.26
,Night,0,Practice,Expected,Amber,Left,114.78,113.15,-104.1989,-13623.0300,846.6968,1156.46
,Night,0,Practice,Expected,Amber,Left,114.88,113.26,-104.3256,-13685.1500,847.5643,1159.09
,Night,0,Practice,Expected,Amber,Left,114.99,113.36,-104.4311,-13737.0200,848.2870,1161.28
,Night,0,Practice,Expected,Amber,Left,115.09,113.47,-104.5367,-13789.0000,849.0097,1163.48
,Night,0,Practice,Expected,Amber,Left,115.20,113.58,-104.6422,-13841.0700,849.7323,1165.67
,Night,0,Practice,Expected,Amber,Left,115.30,113.68,-104.7477,-13893.2300,850.4548,1167.87
,Night,0,Practice,Expected,Amber,Left,115.40,113.78,-104.8744,-13955.9600,851.3217,1170.50
,Night,0,Practice,Expected,Amber,Left,115.51,113.88,-104.9799,-14008.3500,852.0439,1172.70
,Night,0,Practice,Expected,Amber,Left,115.61,113.99,-105.0854,-14060.8300,852.7661,1174.89
,Night,0,Practice,Expected,Amber,Left,115.71,114.09,-105.1909,-14113.4200,853.4883,1177.09
,Night,0,Practice,Expected,Amber,Left,115.82,114.20,-105.3175,-14176.6400,854.3547,1179.72
,Night,0,Practice,Expected,Amber,Left,115.93,114.31,-105.4229,-14229.4400,855.0766,1181.91
,Night,0,Practice,Expected,Amber,Left,116.03,114.41,-105.5284,-14282.3400,855.7985,1184.11
,Night,0,Practice,Expected,Amber,Left,116.13,114.51,-105.6339,-14335.3300,856.5202,1186.30
,Night,0,Practice,Expected,Amber,Left,116.23,114.61,-105.7394,-14388.4200,857.2418,1188.50
,Night,0,Practice,Expected,Amber,Left,116.34,114.72,-105.8659,-14452.2600,858.1077,1191.13
,Night,0,Practice,Expected,Amber,Left,116.45,114.83,-105.9714,-14505.5700,858.8292,1193.33
,Night,0,Practice,Expected,Amber,Left,116.55,114.93,-106.0768,-14558.9700,859.5506,1195.52
,Night,0,Practice,Expected,Amber,Left,116.66,115.04,-106.1823,-14612.4800,860.2719,1197.71
,Night,0,Practice,Expected,Amber,Left,116.77,115.14,-106.3088,-14676.8100,861.1373,1200.35
,Night,0,Practice,Expected,Amber,Left,116.87,115.24,-106.4142,-14730.5400,861.8585,1202.54
,Night,0,Practice,Expected,Amber,Left,116.97,115.35,-106.5196,-14784.3600,862.5795,1204.74
,Night,0,Practice,Expected,Amber,Left,117.08,115.46,-106.6461,-14849.0700,863.4446,1207.37
,Night,0,Practice,Expected,Amber,Left,117.18,115.56,-106.7515,-14903.1000,864.1655,1209.56
,Night,0,Practice,Expected,Amber,Left,117.30,115.68,-106.8780,-14968.0700,865.0304,1212.20
,Night,0,Practice,Expected,Amber,Left,117.41,115.78,-106.9834,-15022.3200,865.7510,1214.39
,Night,0,Practice,Expected,Amber,Left,117.51,115.89,-107.0888,-15076.6700,866.4716,1216.59
,Night,0,Practice,Expected,Amber,Left,117.62,115.99,-107.1942,-15131.1100,867.1921,1218.78
,Night,0,Practice,Expected,Amber,Left,117.72,116.09,-107.2996,-15185.6500,867.9126,1220.98
,Night,0,Practice,Expected,Amber,Left,117.82,116.19,-107.4050,-15240.3000,868.6329,1223.17
,Night,0,Practice,Expected,Amber,Left,117.92,116.30,-107.5314,-15306.0000,869.4973,1225.80
,Night,0,Practice,Expected,Amber,Left,118.03,116.40,-107.6368,-15360.8600,870.2175,1228.00
,Night,0,Practice,Expected,Amber,Left,118.13,116.50,-107.7421,-15415.8200,870.9376,1230.19
,Night,0,Practice,Expected,Amber,Left,118.24,116.61,-107.8475,-15470.8700,871.6576,1232.39
,Night,0,Practice,Expected,Amber,Left,118.35,116.72,-107.9739,-15537.0700,872.5215,1235.02
,Night,0,Practice,Expected,Amber,Left,118.45,116.82,-108.0792,-15592.3400,873.2414,1237.22
,Night,0,Practice,Expected,Amber,Left,118.56,116.93,-108.1846,-15647.7100,873.9612,1239.41
,Night,0,Practice,Expected,Amber,Left,118.66,117.03,-108.2899,-15703.1700,874.6809,1241.61
,Night,0,Practice,Expected,Amber,Left,118.76,117.14,-108.4163,-15769.8600,875.5445,1244.24
,Night,0,Practice,Expected,Amber,Left,118.87,117.25,-108.5216,-15825.5400,876.2640,1246.43
,Night,0,Practice,Expected,Amber,Left,118.98,117.35,-108.6270,-15881.3200,876.9835,1248.63
,Night,0,Practice,Expected,Amber,Left,119.08,117.45,-108.7323,-15937.2000,877.7029,1250.82
,Night,0,Practice,Expected,Amber,Left,119.18,117.56,-108.8586,-16004.3900,878.5662,1253.46
,Night,0,Practice,Expected,Amber,Left,119.29,117.67,-108.9639,-16060.4800,879.2854,1255.65
,Night,0,Practice,Expected,Amber,Left,119.39,117.77,-109.0692,-16116.6800,880.0046,1257.85
,Night,0,Practice,Expected,Amber,Left,119.50,117.87,-109.1745,-16172.9700,880.7238,1260.04
,Night,0,Practice,Expected,Amber,Left,119.60,117.97,-109.2798,-16229.3500,881.4428,1262.23
,Night,0,Practice,Expected,Amber,Left,119.70,118.08,-109.3851,-16285.8400,882.1618,1264.43
,Night,0,Practice,Expected,Amber,Left,119.80,118.18,-109.5115,-16353.7500,883.0245,1267.06
,Night,0,Practice,Expected,Amber,Left,119.90,118.28,-109.6167,-16410.4600,883.7433,1269.26
,Night,0,Practice,Expected,Amber,Left,120.01,118.39,-109.7220,-16467.2600,884.4622,1271.45
,Night,0,Practice,Expected,Amber,Left,120.12,118.49,-109.8273,-16524.1600,885.1808,1273.65
,Night,0,Practice,Expected,Amber,Left,120.22,118.60,-109.9536,-16592.5700,886.0432,1276.28
,Night,0,Practice,Expected,Amber,Left,120.33,118.71,-110.0589,-16649.6800,886.7618,1278.47
,Night,0,Practice,Expected,Amber,Left,120.43,118.81,-110.1641,-16706.9000,887.4803,1280.67
,Night,0,Practice,Expected,Amber,Left,120.54,118.91,-110.2694,-16764.2100,888.1988,1282.86
,Night,0,Practice,Expected,Amber,Left,120.64,119.02,-110.3957,-16833.1100,889.0609,1285.50
,Night,0,Practice,Expected,Amber,Left,120.74,119.12,-110.5009,-16890.6300,889.7792,1287.69
,Night,0,Practice,Expected,Amber,Left,120.85,119.23,-110.6062,-16948.2600,890.4974,1289.89
,Night,0,Practice,Expected,Amber,Left,120.96,119.33,-110.7114,-17005.9800,891.2156,1292.08
,Night,0,Practice,Expected,Amber,Left,121.06,119.44,-110.8166,-17063.7900,891.9338,1294.28
,Night,0,Practice,Expected,Amber,Left,121.16,119.54,-110.9429,-17133.3100,892.7955,1296.91
,Night,0,Practice,Expected,Amber,Left,121.26,119.64,-111.0481,-17191.3400,893.5135,1299.10
,Night,0,Practice,Expected,Amber,Left,121.37,119.75,-111.1534,-17249.4700,894.2315,1301.30
,Night,0,Practice,Expected,Amber,Left,121.47,119.85,-111.2586,-17307.7000,894.9494,1303.49
,Night,0,Practice,Expected,Amber,Left,121.58,119.96,-111.3849,-17377.7200,895.8109,1306.13
,Night,0,Practice,Expected,Amber,Left,121.68,120.06,-111.4901,-17436.1700,896.5286,1308.32
,Night,0,Practice,Expected,Amber,Left,121.79,120.17,-111.5953,-17494.7200,897.2463,1310.52
,Night,0,Practice,Expected,Amber,Left,121.89,120.27,-111.7005,-17553.3700,897.9641,1312.71
,Night,0,Practice,Expected,Amber,Left,122.00,120.37,-111.8057,-17612.1200,898.6817,1314.90
,Night,0,Practice,Expected,Amber,Left,122.10,120.48,-111.9319,-17682.7400,899.5428,1317.54
,Night,0,Practice,Expected,Amber,Left,122.20,120.58,-112.0371,-17741.7000,900.2603,1319.73
,Night,0,Practice,Expected,Amber,Left,122.31,120.68,-112.1423,-17800.7600,900.9778,1321.93
,Night,0,Practice,Expected,Amber,Left,122.41,120.79,-112.2475,-17859.9200,901.6952,1324.12
,Night,0,Practice,Expected,Amber,Left,122.51,120.89,-112.3527,-17919.1700,902.4125,1326.32
,Night,0,Practice,Expected,Amber,Left,122.61,120.99,-112.4579,-17978.5200,903.1299,1328.51
,Night,0,Practice,Expected,Amber,Left,122.71,121.09,-112.5631,-18037.9700,903.8472,1330.71
,Night,0,Practice,Expected,Amber,Left,122.82,121.20,-112.6683,-18097.5200,904.5644,1332.90
,Night,0,Practice,Expected,Amber,Left,122.92,121.30,-112.7945,-18169.1000,905.4250,1335.53
,Night,0,Practice,Expected,Amber,Left,123.03,121.40,-112.8997,-18228.8600,906.1422,1337.73
,Night,0,Practice,Expected,Amber,Left,123.13,121.51,-113.0049,-18288.7200,906.8592,1339.92
,Night,0,Practice,Expected,Amber,Left,123.23,121.61,-113.1100,-18348.6800,907.5762,1342.12
,Night,0,Practice,Expected,Amber,Left,123.33,121.71,-113.2152,-18408.7300,908.2933,1344.31
,Night,0,Practice,Expected,Amber,Left,123.44,121.81,-113.3204,-18468.8800,909.0102,1346.51
,Night,0,Practice,Expected,Amber,Left,123.54,121.92,-113.4466,-18541.2000,909.8705,1349.14
,Night,0,Practice,Expected,Amber,Left,123.65,122.02,-113.5517,-18601.5700,910.5873,1351.33
,Night,0,Practice,Expected,Amber,Left,123.75,122.13,-113.6569,-18662.0400,911.3041,1353.53
,Night,0,Practice,Expected,Amber,Left,123.85,122.23,-113.7621,-18722.6200,912.0209,1355.72
,Night,0,Practice,Expected,Amber,Left,123.95,122.33,-113.8672,-18783.2900,912.7377,1357.92
,Night,0,Practice,Expected,Amber,Left,124.06,122.43,-113.9724,-18844.0500,913.4543,1360.11
,Night,0,Practice,Expected,Amber,Left,124.16,122.54,-114.0775,-18904.9200,914.1710,1362.31
,Night,0,Practice,Expected,Amber,Left,124.26,122.64,-114.2037,-18978.0800,915.0309,1364.94
,Night,0,Practice,Expected,Amber,Left,124.36,122.74,-114.3089,-19039.1600,915.7475,1367.14
,Night,0,Practice,Expected,Amber,Left,124.46,122.84,-114.4140,-19100.3400,916.4641,1369.33
,Night,0,Practice,Expected,Amber,Left,124.56,122.94,-114.5192,-19161.6100,917.1805,1371.52
,Night,0,Practice,Expected,Amber,Left,124.67,123.05,-114.6243,-19222.9900,917.8970,1373.72
,Night,0,Practice,Expected,Amber,Left,124.77,123.15,-114.7294,-19284.4600,918.6135,1375.91
,Night,0,Practice,Expected,Amber,Left,124.88,123.25,-114.8346,-19346.0200,919.3298,1378.11
,Night,0,Practice,Expected,Amber,Left,124.98,123.36,-114.9607,-19420.0300,920.1895,1380.74
,Night,0,Practice,Expected,Amber,Left,125.08,123.46,-115.0659,-19481.8200,920.9058,1382.94
,Night,0,Practice,Expected,Amber,Left,125.19,123.57,-115.1710,-19543.7000,921.6220,1385.13
,Night,0,Practice,Expected,Amber,Left,125.30,123.67,-115.2762,-19605.6700,922.3383,1387.33
,Night,0,Practice,Expected,Amber,Left,125.40,123.78,-115.4023,-19680.1800,923.1978,1389.96
,Night,0,Practice,Expected,Amber,Left,125.50,123.88,-115.5074,-19742.3700,923.9139,1392.15
,Night,0,Practice,Expected,Amber,Left,125.60,123.98,-115.6126,-19804.6600,924.6301,1394.35
,Night,0,Practice,Expected,Amber,Left,125.71,124.08,-115.7177,-19867.0500,925.3461,1396.54
,Night,0,Practice,Expected,Amber,Left,125.81,124.19,-115.8228,-19929.5400,926.0623,1398.74
,Night,0,Practice,Expected,Amber,Left,125.92,124.29,-115.9279,-19992.1300,926.7783,1400.93
,Night,0,Practice,Expected,Amber,Left,126.03,124.41,-116.0541,-20067.3800,927.6375,1403.57
,Night,0,Practice,Expected,Amber,Left,126.13,124.51,-116.1592,-20130.1800,928.3535,1405.76
,Night,0,Practice,Expected,Amber,Left,126.24,124.62,-116.2854,-20205.6800,929.2126,1408.39
,Night,0,Practice,Expected,Amber,Left,126.36,124.73,-116.3905,-20268.7000,929.9285,1410.59
,Night,0,Practice,Expected,Amber,Left,126.46,124.84,-116.4956,-20331.8200,930.6444,1412.78
,Night,0,Practice,Expected,Amber,Left,126.56,124.94,-116.6217,-20407.7000,931.5035,1415.42
,Night,0,Practice,Expected,Amber,Left,126.67,125.04,-116.7269,-20471.0300,932.2193,1417.61
,Night,0,Practice,Expected,Amber,Left,126.77,125.15,-116.8320,-20534.4600,932.9351,1419.81
,Night,0,Practice,Expected,Amber,Left,126.87,125.25,-116.9371,-20597.9900,933.6509,1422.00
,Night,0,Practice,Expected,Amber,Left,126.98,125.35,-117.0422,-20661.6200,934.3666,1424.20
,Night,0,Practice,Expected,Amber,Left,127.08,125.46,-117.1683,-20738.1000,935.2255,1426.83
,Night,0,Practice,Expected,Amber,Left,127.19,125.56,-117.2734,-20801.9400,935.9412,1429.02
,Night,0,Practice,Expected,Amber,Left,127.30,125.68,-117.3996,-20878.6800,936.8000,1431.66
,Night,0,Practice,Expected,Amber,Left,127.40,125.78,-117.5047,-20942.7400,937.5157,1433.85
,Night,0,Practice,Expected,Amber,Left,127.50,125.88,-117.6098,-21006.8900,938.2313,1436.05
,Night,0,Practice,Expected,Amber,Left,127.61,125.98,-117.7149,-21071.1500,938.9469,1438.24
,Night,0,Practice,Expected,Amber,Left,127.72,126.09,-117.8200,-21135.5000,939.6625,1440.44
,Night,0,Practice,Expected,Amber,Left,127.82,126.20,-117.9461,-21212.8500,940.5211,1443.07
,Night,0,Practice,Expected,Amber,Left,127.93,126.30,-118.0512,-21277.4200,941.2366,1445.26
,Night,0,Practice,Expected,Amber,Left,128.03,126.41,-118.1563,-21342.0900,941.9521,1447.46
,Night,0,Practice,Expected,Amber,Left,128.14,126.52,-118.2824,-21419.8300,942.8107,1450.09
,Night,0,Practice,Expected,Amber,Left,128.25,126.63,-118.3875,-21484.7200,943.5262,1452.29
,Night,0,Practice,Expected,Amber,Left,128.36,126.74,-118.5137,-21562.7100,944.3847,1454.92
,Night,0,Practice,Expected,Amber,Left,128.46,126.84,-118.6188,-21627.8100,945.1002,1457.11
,Night,0,Practice,Expected,Amber,Left,128.57,126.94,-118.7239,-21693.0100,945.8156,1459.31
,Night,0,Practice,Expected,Amber,Left,128.67,127.05,-118.8289,-21758.3100,946.5309,1461.50
,Night,0,Practice,Expected,Amber,Left,128.77,127.15,-118.9341,-21823.7000,947.2463,1463.70
,Night,0,Practice,Expected,Amber,Left,128.88,127.25,-119.0391,-21889.2000,947.9616,1465.89
,Night,0,Practice,Expected,Amber,Left,128.98,127.36,-119.1653,-21967.9100,948.8200,1468.53
,Night,0,Practice,Expected,Amber,Left,129.08,127.46,-119.2704,-22033.6200,949.5353,1470.72
,Night,0,Practice,Expected,Amber,Left,129.20,127.57,-119.3755,-22099.4300,950.2506,1472.92
,Night,0,Practice,Expected,Amber,Left,129.30,127.68,-119.5016,-22178.5200,951.1089,1475.55
,Night,0,Practice,Expected,Amber,Left,129.41,127.78,-119.6067,-22244.5400,951.8242,1477.74
,Night,0,Practice,Expected,Amber,Left,129.51,127.89,-119.7117,-22310.6600,952.5394,1479.94
,Night,0,Practice,Expected,Amber,Left,129.62,127.99,-119.8168,-22376.8700,953.2546,1482.13
,Night,0,Practice,Expected,Amber,Left,129.72,128.10,-119.9430,-22456.4600,954.1129,1484.77
,Night,0,Practice,Expected,Amber,Left,129.82,128.20,-120.0480,-22522.8900,954.8281,1486.96
,Night,0,Practice,Expected,Amber,Left,129.93,128.30,-120.1531,-22589.4200,955.5432,1489.16
,Night,0,Practice,Expected,Amber,Left,130.03,128.41,-120.2582,-22656.0500,956.2584,1491.35
,Night,0,Practice,Expected,Amber,Left,130.13,128.51,-120.3633,-22722.7800,956.9735,1493.55
,Night,0,Practice,Expected,Amber,Left,130.24,128.61,-120.4684,-22789.6100,957.6887,1495.74
,Night,0,Practice,Expected,Amber,Left,130.34,128.72,-120.5735,-22856.5400,958.4037,1497.93
,Night,0,Practice,Expected,Amber,Left,130.44,128.82,-120.6996,-22936.9800,959.2619,1500.57
,Night,0,Practice,Expected,Amber,Left,130.54,128.92,-120.8047,-23004.1200,959.9770,1502.76
,Night,0,Practice,Expected,Amber,Left,130.65,129.02,-120.9098,-23071.3600,960.6921,1504.96
,Night,0,Practice,Expected,Amber,Left,130.75,129.13,-121.0149,-23138.7000,961.4071,1507.15
,Night,0,Practice,Expected,Amber,Left,130.85,129.23,-121.1200,-23206.1300,962.1221,1509.35
,Night,0,Practice,Expected,Amber,Left,130.95,129.33,-121.2251,-23273.6700,962.8372,1511.54
,Night,0,Practice,Expected,Amber,Left,131.06,129.43,-121.3301,-23341.3000,963.5522,1513.74
,Night,0,Practice,Expected,Amber,Left,131.16,129.53,-121.4352,-23409.0300,964.2672,1515.93
,Night,0,Practice,Expected,Amber,Left,131.26,129.63,-121.5403,-23476.8500,964.9822,1518.12
,Night,0,Practice,Expected,Amber,Left,131.36,129.74,-121.6664,-23558.3700,965.8402,1520.76
,Night,0,Practice,Expected,Amber,Left,131.46,129.84,-121.7715,-23626.4100,966.5552,1522.95
,Night,0,Practice,Expected,Amber,Left,131.57,129.94,-121.8766,-23694.5500,967.2701,1525.15
,Night,0,Practice,Expected,Amber,Left,131.67,130.05,-121.9817,-23762.7900,967.9851,1527.34
,Night,0,Practice,Expected,Amber,Left,131.78,130.15,-122.0868,-23831.1200,968.7001,1529.54
,Night,0,Practice,Expected,Amber,Left,131.88,130.25,-122.1919,-23899.5500,969.4150,1531.73
,Night,0,Practice,Expected,Amber,Left,131.98,130.36,-122.3180,-23981.8000,970.2729,1534.37
,Night,0,Practice,Expected,Amber,Left,132.09,130.46,-122.4230,-24050.4400,970.9879,1536.56
,Night,0,Practice,Expected,Amber,Left,132.19,130.57,-122.5281,-24119.1900,971.7028,1538.75
,Night,0,Practice,Expected,Amber,Left,132.29,130.67,-122.6332,-24188.0400,972.4177,1540.95
,Night,0,Practice,Expected,Amber,Left,132.39,130.77,-122.7383,-24256.9900,973.1326,1543.14
,Night,0,Practice,Expected,Amber,Left,132.49,130.87,-122.8434,-24326.0400,973.8474,1545.34
,Night,0,Practice,Expected,Amber,Left,132.59,130.97,-122.9485,-24395.1800,974.5623,1547.53
,Night,0,Practice,Expected,Amber,Left,132.70,131.07,-123.0536,-24464.4200,975.2772,1549.73
,Night,0,Practice,Expected,Amber,Left,132.80,131.17,-123.1587,-24533.7600,975.9920,1551.92
,Night,0,Practice,Expected,Amber,Left,132.90,131.27,-123.2637,-24603.2000,976.7069,1554.12
,Night,0,Practice,Expected,Amber,Left,133.00,131.38,-123.3898,-24686.6500,977.5647,1556.75
,Night,0,Practice,Expected,Amber,Left,133.11,131.48,-123.4949,-24756.3000,978.2795,1558.94
,Night,0,Practice,Expected,Amber,Left,133.21,131.59,-123.6000,-24826.0500,978.9944,1561.14
,Night,0,Practice,Expected,Amber,Left,133.32,131.69,-123.7051,-24895.9000,979.7092,1563.33
,Night,0,Practice,Expected,Amber,Left,133.42,131.79,-123.8102,-24965.8400,980.4240,1565.53
,Night,0,Practice,Expected,Amber,Left,133.52,131.89,-123.9153,-25035.8900,981.1389,1567.72
,Night,0,Practice,Expected,Amber,Left,133.62,132.00,-124.0204,-25106.0300,981.8536,1569.92
,Night,0,Practice,Expected,Amber,Left,133.72,132.10,-124.1465,-25190.3200,982.7114,1572.55
,Night,0,Practice,Expected,Amber,Left,133.82,132.20,-124.2516,-25260.6800,983.4262,1574.75
,Night,0,Practice,Expected,Amber,Left,133.93,132.31,-124.3566,-25331.1300,984.1410,1576.94
,Night,0,Practice,Expected,Amber,Left,134.04,132.42,-124.4827,-25415.8000,984.9987,1579.57
,Night,0,Practice,Expected,Amber,Left,134.14,132.52,-124.5878,-25486.4700,985.7135,1581.77
,Night,0,Practice,Expected,Amber,Left,134.25,132.63,-124.6929,-25557.2300,986.4283,1583.96
,Night,0,Practice,Expected,Amber,Left,134.35,132.73,-124.7980,-25628.1100,987.1431,1586.16
,Night,0,Practice,Expected,Amber,Left,134.45,132.83,-124.9031,-25699.0800,987.8578,1588.35
,Night,0,Practice,Expected,Amber,Left,134.56,132.94,-125.0292,-25784.3700,988.7155,1590.99
,Night,0,Practice,Expected,Amber,Left,134.67,133.04,-125.1343,-25855.5500,989.4303,1593.18
,Night,0,Practice,Expected,Amber,Left,134.77,133.15,-125.2394,-25926.8300,990.1450,1595.38
,Night,0,Practice,Expected,Amber,Left,134.88,133.25,-125.3445,-25998.2100,990.8598,1597.57
,Night,0,Practice,Expected,Amber,Left,134.98,133.36,-125.4706,-26084.0000,991.7175,1600.20
,Night,0,Practice,Expected,Amber,Left,135.09,133.46,-125.5757,-26155.5900,992.4322,1602.40
,Night,0,Practice,Expected,Amber,Left,135.19,133.57,-125.6808,-26227.2900,993.1470,1604.59
,Night,0,Practice,Expected,Amber,Left,135.29,133.67,-125.7859,-26299.0700,993.8617,1606.79
,Night,0,Practice,Expected,Amber,Left,135.39,133.77,-125.8909,-26370.9600,994.5764,1608.98
,Night,0,Practice,Expected,Amber,Left,135.50,133.87,-125.9960,-26442.9500,995.2911,1611.18
,Night,0,Practice,Expected,Amber,Left,135.60,133.98,-126.1221,-26529.4600,996.1488,1613.81
,Night,0,Practice,Expected,Amber,Left,135.71,134.08,-126.2272,-26601.6600,996.8635,1616.01
,Night,0,Practice,Expected,Amber,Left,135.82,134.19,-126.3323,-26673.9600,997.5782,1618.20
,Night,0,Practice,Expected,Amber,Left,135.92,134.30,-126.4584,-26760.8400,998.4359,1620.83
,Night,0,Practice,Expected,Amber,Left,136.03,134.40,-126.5635,-26833.3500,999.1506,1623.03
,Night,0,Practice,Expected,Amber,Left,136.13,134.51,-126.6686,-26905.9600,999.8654,1625.22
,Night,0,Practice,Expected,Amber,Left,136.25,134.62,-126.7947,-26993.2200,1000.7230,1627.86
,Night,0,Practice,Expected,Amber,Left,136.35,134.72,-126.8998,-27066.0500,1001.4380,1630.05
,Night,0,Practice,Expected,Amber,Left,136.45,134.82,-127.0049,-27138.9800,1002.1520,1632.25
,Night,0,Practice,Expected,Amber,Left,136.55,134.93,-127.1100,-27212.0100,1002.8670,1634.44
,Night,0,Practice,Expected,Amber,Left,136.65,135.03,-127.2151,-27285.1400,1003.5820,1636.64
,Night,0,Practice,Expected,Amber,Left,136.76,135.14,-127.3202,-27358.3600,1004.2970,1638.83
,Night,0,Practice,Expected,Amber,Left,136.86,135.24,-127.4463,-27446.3600,1005.1540,1641.46
,Night,0,Practice,Expected,Amber,Left,136.96,135.34,-127.5514,-27519.8000,1005.8690,1643.66
,Night,0,Practice,Expected,Amber,Left,137.07,135.45,-127.6565,-27593.3400,1006.5840,1645.85
,Night,0,Practice,Expected,Amber,Left,137.17,135.55,-127.7616,-27666.9700,1007.2980,1648.05
,Night,0,Practice,Expected,Amber,Left,137.27,135.65,-127.8667,-27740.7100,1008.0130,1650.24
,Night,0,Practice,Expected,Amber,Left,137.38,135.75,-127.9718,-27814.5400,1008.7280,1652.44
,Night,0,Practice,Expected,Amber,Left,137.49,135.86,-128.0979,-27903.2600,1009.5850,1655.07
,Night,0,Practice,Expected,Amber,Left,137.59,135.97,-128.2030,-27977.3100,1010.3000,1657.26
,Night,0,Practice,Expected,Amber,Left,137.69,136.07,-128.3080,-28051.4500,1011.0150,1659.46
,Night,0,Practice,Expected,Amber,Left,137.80,136.17,-128.4131,-28125.6900,1011.7290,1661.65
,Night,0,Practice,Expected,Amber,Left,137.90,136.28,-128.5391,-28214.9100,1012.5870,1664.29
,Night,0,Practice,Expected,Amber,Left,138.01,136.38,-128.6442,-28289.3600,1013.3020,1666.48
,Night,0,Practice,Expected,Amber,Left,138.11,136.49,-128.7493,-28363.9100,1014.0160,1668.68
,Night,0,Practice,Expected,Amber,Left,138.22,136.60,-128.8543,-28438.5600,1014.7310,1670.87
,Night,0,Practice,Expected,Amber,Left,138.32,136.70,-128.9804,-28528.2800,1015.5890,1673.51
,Night,0,Practice,Expected,Amber,Left,138.43,136.80,-129.0855,-28603.1400,1016.3040,1675.70
,Night,0,Practice,Expected,Amber,Left,138.53,136.90,-129.1905,-28678.1100,1017.0180,1677.89
,Night,0,Practice,Expected,Amber,Left,138.63,137.01,-129.2956,-28753.1800,1017.7330,1680.09
,Night,0,Practice,Expected,Amber,Left,138.74,137.11,-129.4007,-28828.3400,1018.4480,1682.28
,Night,0,Practice,Expected,Amber,Left,138.84,137.22,-129.5267,-28918.6700,1019.3050,1684.92
,Night,0,Practice,Expected,Amber,Left,138.95,137.33,-129.6318,-28994.0600,1020.0200,1687.11
,Night,0,Practice,Expected,Amber,Left,139.05,137.43,-129.7369,-29069.5400,1020.7350,1689.31
,Night,0,Practice,Expected,Amber,Left,139.16,137.53,-129.8419,-29145.1200,1021.4490,1691.50
,Night,0,Practice,Expected,Amber,Left,139.26,137.64,-129.9680,-29235.9400,1022.3070,1694.14
,Night,0,Practice,Expected,Amber,Left,139.36,137.74,-130.0731,-29311.7300,1023.0220,1696.33
,Night,0,Practice,Expected,Amber,Left,139.47,137.85,-130.1781,-29387.6200,1023.7370,1698.52
,Night,0,Practice,Expected,Amber,Left,139.57,137.95,-130.2832,-29463.6100,1024.4510,1700.72
,Night,0,Practice,Expected,Amber,Left,139.68,138.05,-130.3883,-29539.7000,1025.1660,1702.91
,Night,0,Practice,Expected,Amber,Left,139.78,138.16,-130.5144,-29631.1300,1026.0230,1705.55
,Night,0,Practice,Expected,Amber,Left,139.88,138.26,-130.6194,-29707.4300,1026.7370,1707.74
,Night,0,Practice,Expected,Amber,Left,139.99,138.37,-130.7245,-29783.8300,1027.4520,1709.94
,Night,0,Practice,Expected,Amber,Left,140.09,138.47,-130.8296,-29860.3200,1028.1660,1712.13
,Night,0,Practice,Expected,Amber,Left,140.20,138.57,-130.9346,-29936.9200,1028.8810,1714.33
,Night,0,Practice,Expected,Amber,Left,140.30,138.68,-131.0607,-30028.9600,1029.7380,1716.96
,Night,0,Practice,Expected,Amber,Left,140.40,138.78,-131.1658,-30105.7700,1030.4520,1719.15
,Night,0,Practice,Expected,Amber,Left,140.51,138.88,-131.2709,-30182.6700,1031.1670,1721.35
,Night,0,Practice,Expected,Amber,Left,140.61,138.99,-131.3759,-30259.6800,1031.8810,1723.54
,Night,0,Practice,Expected,Amber,Left,140.71,139.09,-131.4810,-30336.7900,1032.5960,1725.74
,Night,0,Practice,Expected,Amber,Left,140.82,139.20,-131.5861,-30413.9900,1033.3100,1727.93
,Night,0,Practice,Expected,Amber,Left,140.93,139.30,-131.7122,-30506.7700,1034.1670,1730.57
,Night,0,Practice,Expected,Amber,Left,141.04,139.41,-131.8172,-30584.2000,1034.8820,1732.76
,Night,0,Practice,Expected,Amber,Left,141.14,139.52,-131.9433,-30677.2300,1035.7390,1735.39
,Night,0,Practice,Expected,Amber,Left,141.24,139.62,-132.0484,-30754.8700,1036.4540,1737.59
,Night,0,Practice,Expected,Amber,Left,141.35,139.72,-132.1535,-30832.6100,1037.1680,1739.78
,Night,0,Practice,Expected,Amber,Left,141.45,139.83,-132.2586,-30910.4400,1037.8820,1741.98
,Night,0,Practice,Expected,Amber,Left,141.56,139.93,-132.3636,-30988.3700,1038.5970,1744.17
,Night,0,Practice,Expected,Amber,Left,141.67,140.04,-132.4897,-31082.0200,1039.4540,1746.81
,Night,0,Practice,Expected,Amber,Left,141.77,140.15,-132.5948,-31160.1700,1040.1690,1749.00
,Night,0,Practice,Expected,Amber,Left,141.88,140.25,-132.6999,-31238.4100,1040.8830,1751.20
,Night,0,Practice,Expected,Amber,Left,141.99,140.37,-132.8260,-31332.4300,1041.7400,1753.83
,Night,0,Practice,Expected,Amber,Left,142.10,140.48,-132.9310,-31410.8900,1042.4550,1756.02
,Night,0,Practice,Expected,Amber,Left,142.21,140.59,-133.0571,-31505.1700,1043.3120,1758.66
,Night,0,Practice,Expected,Amber,Left,142.31,140.69,-133.1622,-31583.8400,1044.0270,1760.85
,Night,0,Practice,Expected,Amber,Left,142.42,140.80,-133.2883,-31678.3800,1044.8840,1763.49
,Night,0,Practice,Expected,Amber,Left,142.53,140.91,-133.3934,-31757.2700,1045.5990,1765.68
,Night,0,Practice,Expected,Amber,Left,142.64,141.01,-133.4985,-31836.2500,1046.3130,1767.88
,Night,0,Practice,Expected,Amber,Left,142.74,141.12,-133.6246,-31931.1700,1047.1710,1770.51
,Night,0,Practice,Expected,Amber,Left,142.85,141.23,-133.7297,-32010.3700,1047.8850,1772.70
,Night,0,Practice,Expected,Amber,Left,142.95,141.33,-133.8347,-32089.6800,1048.5990,1774.90
,Night,0,Practice,Expected,Amber,Left,143.06,141.44,-133.9608,-32184.9800,1049.4570,1777.53
,Night,0,Practice,Expected,Amber,Left,143.17,141.55,-134.0659,-32264.5000,1050.1710,1779.73
,Night,0,Practice,Expected,Amber,Left,143.28,141.65,-134.1710,-32344.1200,1050.8860,1781.92
,Night,0,Practice,Expected,Amber,Left,143.38,141.76,-134.2761,-32423.8400,1051.6000,1784.12
,Night,0,Practice,Expected,Amber,Left,143.48,141.86,-134.4022,-32519.6300,1052.4580,1786.75
,Night,0,Practice,Expected,Amber,Left,143.59,141.97,-134.5073,-32599.5700,1053.1720,1788.94
,Night,0,Practice,Expected,Amber,Left,143.69,142.07,-134.6124,-32679.6000,1053.8870,1791.14
,Night,0,Practice,Expected,Amber,Left,143.80,142.17,-134.7175,-32759.7200,1054.6010,1793.33
,Night,0,Practice,Expected,Amber,Left,143.91,142.28,-134.8436,-32856.0100,1055.4590,1795.97
,Night,0,Practice,Expected,Amber,Left,144.01,142.39,-134.9487,-32936.3600,1056.1730,1798.16
,Night,0,Practice,Expected,Amber,Left,144.11,142.49,-135.0537,-33016.8200,1056.8880,1800.36
,Night,0,Practice,Expected,Amber,Left,144.22,142.60,-135.1588,-33097.3600,1057.6020,1802.55
,Night,0,Practice,Expected,Amber,Left,144.34,142.71,-135.2849,-33194.1500,1058.4600,1805.18
,Night,0,Practice,Expected,Amber,Left,144.44,142.82,-135.4110,-33291.0800,1059.3170,1807.82
,Night,0,Practice,Expected,Amber,Left,144.54,142.92,-135.5161,-33371.9600,1060.0320,1810.01
,Night,0,Practice,Expected,Amber,Left,144.65,143.02,-135.6212,-33452.9300,1060.7460,1812.21
,Night,0,Practice,Expected,Amber,Left,144.75,143.12,-135.7263,-33534.0100,1061.4610,1814.40
,Night,0,Practice,Expected,Amber,Left,144.85,143.23,-135.8314,-33615.1800,1062.1760,1816.60
,Night,0,Practice,Expected,Amber,Left,144.95,143.33,-135.9365,-33696.4500,1062.8900,1818.79
,Night,0,Practice,Expected,Amber,Left,145.05,143.43,-136.0416,-33777.8200,1063.6050,1820.99
,Night,0,Practice,Expected,Amber,Left,145.16,143.53,-136.1467,-33859.2900,1064.3190,1823.18
,Night,0,Practice,Expected,Amber,Left,145.26,143.64,-136.2518,-33940.8500,1065.0340,1825.38
,Night,0,Practice,Expected,Amber,Left,145.36,143.74,-136.3779,-34038.8600,1065.8910,1828.01
,Night,0,Practice,Expected,Amber,Left,145.46,143.84,-136.4830,-34120.6400,1066.6060,1830.20
,Night,0,Practice,Expected,Amber,Left,145.57,143.95,-136.5881,-34202.5100,1067.3200,1832.40
,Night,0,Practice,Expected,Amber,Left,145.67,144.05,-136.6932,-34284.4900,1068.0350,1834.59
,Night,0,Practice,Expected,Amber,Left,145.77,144.15,-136.7983,-34366.5600,1068.7500,1836.79
,Night,0,Practice,Expected,Amber,Left,145.88,144.25,-136.9034,-34448.7300,1069.4640,1838.98
,Night,0,Practice,Expected,Amber,Left,145.98,144.35,-137.0085,-34531.0000,1070.1790,1841.18
,Night,0,Practice,Expected,Amber,Left,146.08,144.46,-137.1136,-34613.3600,1070.8930,1843.37
,Night,0,Practice,Expected,Amber,Left,146.18,144.56,-137.2397,-34712.3200,1071.7510,1846.01
,Night,0,Practice,Expected,Amber,Left,146.28,144.66,-137.3448,-34794.9100,1072.4660,1848.20
,Night,0,Practice,Expected,Amber,Left,146.39,144.76,-137.4499,-34877.5800,1073.1800,1850.39
,Night,0,Practice,Expected,Amber,Left,146.49,144.87,-137.5550,-34960.3600,1073.8950,1852.59
,Night,0,Practice,Expected,Amber,Left,146.59,144.97,-137.6601,-35043.2300,1074.6090,1854.78
,Night,0,Practice,Expected,Amber,Left,146.70,145.07,-137.7652,-35126.2000,1075.3240,1856.98
,Night,0,Practice,Expected,Amber,Left,146.80,145.17,-137.8703,-35209.2700,1076.0390,1859.17
,Night,0,Practice,Expected,Amber,Left,146.90,145.27,-137.9754,-35292.4300,1076.7530,1861.37
,Night,0,Practice,Expected,Amber,Left,147.00,145.38,-138.1015,-35392.3600,1077.6110,1864.00
,Night,0,Practice,Expected,Amber,Left,147.10,145.48,-138.2066,-35475.7400,1078.3260,1866.20
,Night,0,Practice,Expected,Amber,Left,147.21,145.59,-138.3117,-35559.2100,1079.0400,1868.39
,Night,0,Practice,Expected,Amber,Left,147.32,145.70,-138.4378,-35659.5200,1079.8980,1871.02
,Night,0,Practice,Expected,Amber,Left,147.43,145.80,-138.5429,-35743.2100,1080.6130,1873.22
,Night,0,Practice,Expected,Amber,Left,147.53,145.91,-138.6480,-35827.0000,1081.3270,1875.41
,Night,0,Practice,Expected,Amber,Left,147.65,146.02,-138.7741,-35927.6800,1082.1850,1878.05
,Night,0,Practice,Expected,Amber,Left,147.75,146.13,-138.8793,-36011.6800,1082.8990,1880.24
,Night,0,Practice,Expected,Amber,Left,147.85,146.23,-138.9844,-36095.7900,1083.6140,1882.44
,Night,0,Practice,Expected,Amber,Left,147.96,146.33,-139.0895,-36179.9800,1084.3290,1884.63
,Night,0,Practice,Expected,Amber,Left,148.06,146.44,-139.1946,-36264.2800,1085.0430,1886.83
,Night,0,Practice,Expected,Amber,Left,148.16,146.54,-139.3207,-36365.5800,1085.9010,1889.46
,Night,0,Practice,Expected,Amber,Left,148.26,146.64,-139.4258,-36450.1100,1086.6160,1891.65
,Night,0,Practice,Expected,Amber,Left,148.36,146.74,-139.5309,-36534.7400,1087.3310,1893.85
,Night,0,Practice,Expected,Amber,Left,148.47,146.85,-139.6360,-36619.4700,1088.0450,1896.04
,Night,0,Practice,Expected,Amber,Left,148.57,146.95,-139.7411,-36704.3000,1088.7600,1898.24
,Night,0,Practice,Expected,Amber,Left,148.67,147.05,-139.8462,-36789.2200,1089.4750,1900.43
,Night,0,Practice,Expected,Amber,Left,148.78,147.15,-139.9513,-36874.2400,1090.1890,1902.63
,Night,0,Practice,Expected,Amber,Left,148.88,147.26,-140.0775,-36976.3900,1091.0470,1905.26
,Night,0,Practice,Expected,Amber,Left,148.98,147.36,-140.1826,-37061.6300,1091.7620,1907.46
,Night,0,Practice,Expected,Amber,Left,149.09,147.46,-140.2877,-37146.9600,1092.4760,1909.65
,Night,0,Practice,Expected,Amber,Left,149.19,147.56,-140.3928,-37232.3900,1093.1910,1911.85
,Night,0,Practice,Expected,Amber,Left,149.29,147.67,-140.4979,-37317.9200,1093.9060,1914.04
,Night,0,Practice,Expected,Amber,Left,149.40,147.77,-140.6030,-37403.5400,1094.6210,1916.23
,Night,0,Practice,Expected,Amber,Left,149.50,147.88,-140.7292,-37506.4300,1095.4780,1918.87
,Night,0,Practice,Expected,Amber,Left,149.61,147.98,-140.8343,-37592.2700,1096.1930,1921.06
,Night,0,Practice,Expected,Amber,Left,149.71,148.09,-140.9394,-37678.2000,1096.9080,1923.26
,Night,0,Practice,Expected,Amber,Left,149.82,148.19,-141.0445,-37764.2400,1097.6230,1925.45
,Night,0,Practice,Expected,Amber,Left,149.92,148.30,-141.1706,-37867.6100,1098.4800,1928.09
,Night,0,Practice,Expected,Amber,Left,150.02,148.40,-141.2758,-37953.8600,1099.1950,1930.28
,Night,0,Practice,Expected,Amber,Left,150.13,148.51,-141.3809,-38040.2100,1099.9100,1932.48
,Night,0,Practice,Expected,Amber,Left,150.23,148.61,-141.4860,-38126.6600,1100.6250,1934.67
,Night,0,Practice,Expected,Amber,Left,150.34,148.71,-141.5911,-38213.2000,1101.3390,1936.86
,Night,0,Practice,Expected,Amber,Left,150.44,148.82,-141.7172,-38317.1800,1102.1970,1939.50
,Night,0,Practice,Expected,Amber,Left,150.55,148.92,-141.8224,-38403.9400,1102.9120,1941.69
,Night,0,Practice,Expected,Amber,Left,150.65,149.03,-141.9275,-38490.8000,1103.6270,1943.89
,Night,0,Practice,Expected,Amber,Left,150.76,149.13,-142.0326,-38577.7500,1104.3420,1946.08
,Night,0,Practice,Expected,Amber,Left,150.86,149.23,-142.1377,-38664.8000,1105.0560,1948.28
,Night,0,Practice,Expected,Amber,Left,150.96,149.33,-142.2428,-38751.9500,1105.7710,1950.47
,Night,0,Practice,Expected,Amber,Left,151.06,149.43,-142.3479,-38839.2000,1106.4860,1952.67
,Night,0,Practice,Expected,Amber,Left,151.16,149.54,-142.4741,-38944.0200,1107.3440,1955.30
,Night,0,Practice,Expected,Amber,Left,151.26,149.64,-142.5792,-39031.4800,1108.0590,1957.49
,Night,0,Practice,Expected,Amber,Left,151.37,149.74,-142.6843,-39119.0500,1108.7740,1959.69
,Night,0,Practice,Expected,Amber,Left,151.47,149.85,-142.7895,-39206.7000,1109.4880,1961.88
,Night,0,Practice,Expected,Amber,Left,151.58,149.95,-142.8946,-39294.4600,1110.2030,1964.08
,Night,0,Practice,Expected,Amber,Left,151.68,150.06,-143.0207,-39399.8900,1111.0610,1966.71
,Night,0,Practice,Expected,Amber,Left,151.79,150.16,-143.1258,-39487.8600,1111.7760,1968.91
,Night,0,Practice,Expected,Amber,Left,151.89,150.27,-143.2310,-39575.9300,1112.4910,1971.10
,Night,0,Practice,Expected,Amber,Left,152.00,150.37,-143.3361,-39664.0900,1113.2060,1973.30
,Night,0,Practice,Expected,Amber,Left,152.10,150.47,-143.4412,-39752.3600,1113.9200,1975.49
,Night,0,Practice,Expected,Amber,Left,152.20,150.58,-143.5463,-39840.7100,1114.6350,1977.69
,Night,0,Practice,Expected,Amber,Left,152.30,150.68,-143.6725,-39946.8800,1115.4930,1980.32
,Night,0,Practice,Expected,Amber,Left,152.40,150.78,-143.7776,-40035.4600,1116.2080,1982.51
,Night,0,Practice,Expected,Amber,Left,152.51,150.89,-143.8827,-40124.1500,1116.9230,1984.71
,Night,0,Practice,Expected,Amber,Left,152.61,150.99,-143.9879,-40212.9400,1117.6380,1986.90
,Night,0,Practice,Expected,Amber,Left,152.72,151.09,-144.0930,-40301.8300,1118.3530,1989.10
,Night,0,Practice,Expected,Amber,Left,152.82,151.20,-144.2191,-40408.6200,1119.2100,1991.73
,Night,0,Practice,Expected,Amber,Left,152.92,151.30,-144.3242,-40497.7200,1119.9250,1993.93
,Night,0,Practice,Expected,Amber,Left,153.02,151.40,-144.4294,-40586.9300,1120.6400,1996.12
,Night,0,Practice,Expected,Amber,Left,153.12,151.50,-144.5345,-40676.2200,1121.3550,1998.32
,Night,0,Practice,Expected,Amber,Left,153.23,151.60,-144.6396,-40765.6200,1122.0700,2000.51
,Night,0,Practice,Expected,Amber,Left,153.33,151.71,-144.7448,-40855.1100,1122.7850,2002.71
,Night,0,Practice,Expected,Amber,Left,153.43,151.81,-144.8499,-40944.7000,1123.5000,2004.90
,Night,0,Practice,Expected,Amber,Left,153.54,151.91,-144.9550,-41034.3900,1124.2150,2007.09
,Night,0,Practice,Expected,Amber,Left,153.64,152.02,-145.0812,-41142.1400,1125.0730,2009.73
,Night,0,Practice,Expected,Amber,Left,153.75,152.12,-145.1863,-41232.0500,1125.7880,2011.92
,Night,0,Practice,Expected,Amber,Left,153.86,152.24,-145.3125,-41340.0600,1126.6460,2014.56
,Night,0,Practice,Expected,Amber,Left,153.96,152.34,-145.4176,-41430.1800,1127.3600,2016.75
,Night,0,Practice,Expected,Amber,Left,154.07,152.44,-145.5227,-41520.3900,1128.0750,2018.95
,Night,0,Practice,Expected,Amber,Left,154.17,152.55,-145.6279,-41610.7100,1128.7900,2021.14
,Night,0,Practice,Expected,Amber,Left,154.27,152.65,-145.7330,-41701.1200,1129.5050,2023.34
,Night,0,Practice,Expected,Amber,Left,154.37,152.75,-145.8381,-41791.6300,1130.2200,2025.53
,Night,0,Practice,Expected,Amber,Left,154.48,152.86,-145.9433,-41882.2300,1130.9350,2027.72
,Night,0,Practice,Expected,Amber,Left,154.58,152.96,-146.0694,-41991.0900,1131.7930,2030.36
,Night,0,Practice,Expected,Amber,Left,154.69,153.06,-146.1745,-42081.9100,1132.5080,2032.55
,Night,0,Practice,Expected,Amber,Left,154.79,153.17,-146.2797,-42172.8200,1133.2230,2034.75
,Night,0,Practice,Expected,Amber,Left,154.90,153.27,-146.3848,-42263.8400,1133.9380,2036.94
,Night,0,Practice,Expected,Amber,Left,155.00,153.38,-146.4899,-42354.9600,1134.6530,2039.14
,Night,0,Practice,Expected,Amber,Left,155.10,153.48,-146.6161,-42464.4200,1135.5110,2041.77
,Night,0,Practice,Expected,Amber,Left,155.20,153.58,-146.7212,-42555.7500,1136.2260,2043.97
,Night,0,Practice,Expected,Amber,Left,155.31,153.68,-146.8264,-42647.1800,1136.9410,2046.16
,Night,0,Practice,Expected,Amber,Left,155.41,153.79,-146.9315,-42738.7000,1137.6560,2048.35
,Night,0,Practice,Expected,Amber,Left,155.51,153.89,-147.0366,-42830.3200,1138.3710,2050.55
,Night,0,Practice,Expected,Amber,Left,155.62,154.00,-147.1418,-42922.0400,1139.0860,2052.74
,Night,0,Practice,Expected,Amber,Left,155.73,154.10,-147.2679,-43032.2300,1139.9440,2055.38
,Night,0,Practice,Expected,Amber,Left,155.83,154.20,-147.3731,-43124.1700,1140.6590,2057.57
,Night,0,Practice,Expected,Amber,Left,155.93,154.30,-147.4782,-43216.2000,1141.3740,2059.77
,Night,0,Practice,Expected,Amber,Left,156.03,154.41,-147.5834,-43308.3300,1142.0890,2061.96
,Night,0,Practice,Expected,Amber,Left,156.13,154.51,-147.6885,-43400.5500,1142.8040,2064.16
,Night,0,Practice,Expected,Amber,Left,156.23,154.61,-147.7936,-43492.8800,1143.5190,2066.35
,Night,0,Practice,Expected,Amber,Left,156.34,154.71,-147.8988,-43585.3000,1144.2340,2068.55
,Night,0,Practice,Expected,Amber,Left,156.44,154.82,-148.0039,-43677.8200,1144.9490,2070.74
