ParticipantID,Block,TrialIndex,TrialType,Expectancy,SignalColor,MergeSide,TimeAbsolute,TimeRelative,X,Y,Z,SpeedMPH
,Night,0,Practice,Unexpected,Amber,Left,1.54,0.00,0.0000,1.0411,-0.0025,2.19
,Night,0,Practice,Unexpected,Amber,Left,1.64,0.10,0.0000,0.8842,-0.0025,4.39
,Night,0,Practice,Unexpected,Amber,Left,1.75,0.20,0.0010,0.8497,-0.0049,0.44
,Night,0,Practice,Unexpected,Amber,Left,1.85,0.31,0.0028,0.8638,-0.0084,0.28
,Night,0,Practice,Unexpected,Amber,Left,1.95,0.41,0.0037,0.8716,-0.0086,0.12
,Night,0,Practice,Unexpected,Amber,Left,2.05,0.51,0.0038,0.8735,-0.0066,0.15
,Night,0,Practice,Unexpected,Amber,Left,2.16,0.62,0.0035,0.8724,0.0096,0.48
,Night,0,Practice,Unexpected,Amber,Left,2.27,0.73,0.0043,0.8707,0.0606,1.16
,Night,0,Practice,Unexpected,Amber,Left,2.37,0.83,0.0073,0.8694,0.1315,1.86
,Night,0,Practice,Unexpected,Amber,Left,2.47,0.93,0.0154,0.8699,0.2310,2.49
,Night,0,Practice,Unexpected,Amber,Left,2.58,1.03,0.0321,0.8698,0.3596,3.17
,Night,0,Practice,Unexpected,Amber,Left,2.68,1.14,0.0609,0.8698,0.5518,3.96
,Night,0,Practice,Unexpected,Amber,Left,2.79,1.24,0.0928,0.8702,0.7434,4.61
,Night,0,Practice,Unexpected,Amber,Left,2.89,1.35,0.1289,0.8701,0.9643,5.26
,Night,0,Practice,Unexpected,Amber,Left,2.99,1.45,0.1513,0.8693,1.2137,5.89
,Night,0,Practice,Unexpected,Amber,Left,3.09,1.55,0.1595,0.8690,1.4934,6.53
,Night,0,Practice,Unexpected,Amber,Left,3.20,1.66,0.1487,0.8686,1.8651,7.27
,Night,0,Practice,Unexpected,Amber,Left,3.31,1.76,0.1224,0.8683,2.2046,7.89
,Night,0,Practice,Unexpected,Amber,Left,3.41,1.87,0.0961,0.8684,2.5759,8.55
,Night,0,Practice,Unexpected,Amber,Left,3.51,1.97,0.0829,0.8708,2.9747,9.13
,Night,0,Practice,Unexpected,Amber,Left,3.61,2.07,0.0902,0.8685,3.3966,9.76
,Night,0,Practice,Unexpected,Amber,Left,3.71,2.17,0.1245,0.8676,3.8451,10.34
,Night,0,Practice,Unexpected,Amber,Left,3.82,2.27,0.1823,0.8670,4.3176,10.94
,Night,0,Practice,Unexpected,Amber,Left,3.92,2.38,0.2594,0.8691,4.8210,11.64
,Night,0,Practice,Unexpected,Amber,Left,4.02,2.48,0.3252,0.8693,5.3589,12.26
,Night,0,Practice,Unexpected,Amber,Left,4.12,2.58,0.4040,0.8712,6.0349,12.98
,Night,0,Practice,Unexpected,Amber,Left,4.23,2.69,0.4749,0.8695,6.6338,13.73
,Night,0,Practice,Unexpected,Amber,Left,4.33,2.79,0.5412,0.8711,7.2608,14.41
,Night,0,Practice,Unexpected,Amber,Left,4.43,2.89,0.6117,0.8699,7.9172,15.04
,Night,0,Practice,Unexpected,Amber,Left,4.54,3.00,0.6907,0.8707,8.6014,15.71
,Night,0,Practice,Unexpected,Amber,Left,4.64,3.10,0.7827,0.8714,9.4631,16.49
,Night,0,Practice,Unexpected,Amber,Left,4.75,3.20,0.8641,0.8708,10.2139,17.11
,Night,0,Practice,Unexpected,Amber,Left,4.85,3.31,0.9411,0.8703,10.9932,17.81
,Night,0,Practice,Unexpected,Amber,Left,4.96,3.41,1.0220,0.8705,11.8036,18.46
,Night,0,Practice,Unexpected,Amber,Left,5.06,3.52,1.1016,0.8696,12.6429,19.13
,Night,0,Practice,Unexpected,Amber,Left,5.16,3.62,1.2016,0.8697,13.6877,19.93
,Night,0,Practice,Unexpected,Amber,Left,5.26,3.72,1.2825,0.8693,14.5905,20.58
,Night,0,Practice,Unexpected,Amber,Left,5.37,3.83,1.3761,0.8726,15.5245,21.24
,Night,0,Practice,Unexpected,Amber,Left,5.47,3.93,1.4867,0.8792,16.4793,21.74
,Night,0,Practice,Unexpected,Amber,Left,5.57,4.03,1.6311,0.8664,17.4451,22.16
,Night,0,Practice,Unexpected,Amber,Left,5.68,4.14,1.8216,0.8683,18.4272,22.49
,Night,0,Practice,Unexpected,Amber,Left,5.78,4.24,2.0764,0.8698,19.6488,23.60
,Night,0,Practice,Unexpected,Amber,Left,5.88,4.34,2.2931,0.8726,20.6991,24.16
,Night,0,Practice,Unexpected,Amber,Left,5.99,4.44,2.4843,0.8707,21.7735,24.71
,Night,0,Practice,Unexpected,Amber,Left,6.09,4.55,2.6413,0.8698,22.8715,25.02
,Night,0,Practice,Unexpected,Amber,Left,6.19,4.65,2.7576,0.8691,23.9932,25.41
,Night,0,Practice,Unexpected,Amber,Left,6.29,4.75,2.8200,0.8689,25.1321,25.74
,Night,0,Practice,Unexpected,Amber,Left,6.39,4.85,2.8215,0.8707,26.2847,25.87
,Night,0,Practice,Unexpected,Amber,Left,6.50,4.96,2.7702,0.8665,27.4444,26.22
,Night,0,Practice,Unexpected,Amber,Left,6.60,5.06,2.6602,0.8708,28.8894,27.36
,Night,0,Practice,Unexpected,Amber,Left,6.70,5.16,2.5521,0.8668,30.1376,28.36
,Night,0,Practice,Unexpected,Amber,Left,6.80,5.26,2.4572,0.8774,31.4197,28.95
,Night,0,Practice,Unexpected,Amber,Left,6.91,5.37,2.4012,0.8724,32.7111,29.15
,Night,0,Practice,Unexpected,Amber,Left,7.01,5.47,2.3719,0.8640,34.0138,29.31
,Night,0,Practice,Unexpected,Amber,Left,7.11,5.57,2.3661,0.8640,35.3344,29.55
,Night,0,Practice,Unexpected,Amber,Left,7.21,5.67,2.3522,0.8662,36.6533,29.48
,Night,0,Practice,Unexpected,Amber,Left,7.31,5.77,2.3204,0.8678,37.9676,29.41
,Night,0,Practice,Unexpected,Amber,Left,7.41,5.87,2.2879,0.8682,39.2813,29.40
,Night,0,Practice,Unexpected,Amber,Left,7.52,5.98,2.2379,0.8666,40.5940,29.35
,Night,0,Practice,Unexpected,Amber,Left,7.62,6.08,2.1606,0.8674,41.9028,29.34
,Night,0,Practice,Unexpected,Amber,Left,7.72,6.18,2.0610,0.8656,43.4721,29.30
,Night,0,Practice,Unexpected,Amber,Left,7.82,6.28,1.9747,0.8663,44.7784,29.29
,Night,0,Practice,Unexpected,Amber,Left,7.93,6.39,1.8788,0.8673,46.0838,29.27
,Night,0,Practice,Unexpected,Amber,Left,8.03,6.49,1.8043,0.8680,47.3895,29.23
,Night,0,Practice,Unexpected,Amber,Left,8.13,6.59,1.7528,0.8695,48.6935,29.15
,Night,0,Practice,Unexpected,Amber,Left,8.24,6.70,1.7032,0.8640,49.9940,29.14
,Night,0,Practice,Unexpected,Amber,Left,8.34,6.80,1.6306,0.8665,51.5541,29.07
,Night,0,Practice,Unexpected,Amber,Left,8.44,6.90,1.5566,0.8706,52.8505,29.02
,Night,0,Practice,Unexpected,Amber,Left,8.55,7.01,1.5098,0.8714,54.1459,28.99
,Night,0,Practice,Unexpected,Amber,Left,8.65,7.11,1.4868,0.8713,55.4381,28.91
,Night,0,Practice,Unexpected,Amber,Left,8.75,7.21,1.4625,0.8695,56.7297,28.88
,Night,0,Practice,Unexpected,Amber,Left,8.86,7.32,1.4301,0.8676,58.0206,28.85
,Night,0,Practice,Unexpected,Amber,Left,8.96,7.42,1.3617,0.8692,59.5644,28.73
,Night,0,Practice,Unexpected,Amber,Left,9.06,7.52,1.3056,0.8633,60.8447,28.70
,Night,0,Practice,Unexpected,Amber,Left,9.17,7.63,1.2629,0.8611,62.1249,28.64
,Night,0,Practice,Unexpected,Amber,Left,9.27,7.73,1.2414,0.8693,63.4042,28.54
,Night,0,Practice,Unexpected,Amber,Left,9.37,7.83,1.2238,0.8628,64.6783,28.53
,Night,0,Practice,Unexpected,Amber,Left,9.47,7.93,1.2231,0.8628,65.9532,28.52
,Night,0,Practice,Unexpected,Amber,Left,9.57,8.03,1.2311,0.8651,67.2279,28.52
,Night,0,Practice,Unexpected,Amber,Left,9.67,8.13,1.2477,0.8673,68.5023,28.51
,Night,0,Practice,Unexpected,Amber,Left,9.78,8.24,1.2579,0.8684,69.7762,28.48
,Night,0,Practice,Unexpected,Amber,Left,9.89,8.35,1.2442,0.8686,71.3016,28.41
,Night,0,Practice,Unexpected,Amber,Left,9.99,8.45,1.2577,0.8682,72.5713,28.39
,Night,0,Practice,Unexpected,Amber,Left,10.09,8.55,1.2932,0.8680,73.8382,28.32
,Night,0,Practice,Unexpected,Amber,Left,10.20,8.65,1.3273,0.8656,75.1030,28.27
,Night,0,Practice,Unexpected,Amber,Left,10.30,8.76,1.3412,0.8627,76.3650,28.22
,Night,0,Practice,Unexpected,Amber,Left,10.40,8.86,1.3416,0.8698,77.8751,28.11
,Night,0,Practice,Unexpected,Amber,Left,10.50,8.96,1.3562,0.8674,79.1313,28.09
,Night,0,Practice,Unexpected,Amber,Left,10.60,9.06,1.3916,0.8685,80.3845,28.00
,Night,0,Practice,Unexpected,Amber,Left,10.71,9.17,1.4051,0.8702,81.6374,27.98
,Night,0,Practice,Unexpected,Amber,Left,10.81,9.27,1.3988,0.8702,82.8862,27.92
,Night,0,Practice,Unexpected,Amber,Left,10.91,9.37,1.3755,0.8680,84.1299,27.80
,Night,0,Practice,Unexpected,Amber,Left,11.02,9.48,1.3559,0.8659,85.3706,27.78
,Night,0,Practice,Unexpected,Amber,Left,11.12,9.58,1.3341,0.8662,86.8581,27.72
,Night,0,Practice,Unexpected,Amber,Left,11.22,9.68,1.2824,0.8671,88.0956,27.68
,Night,0,Practice,Unexpected,Amber,Left,11.33,9.79,1.2102,0.8675,89.3282,27.56
,Night,0,Practice,Unexpected,Amber,Left,11.43,9.89,1.1178,0.8648,90.5547,27.49
,Night,0,Practice,Unexpected,Amber,Left,11.53,9.99,1.0255,0.8615,91.7792,27.46
,Night,0,Practice,Unexpected,Amber,Left,11.63,10.09,0.9052,0.8633,92.9998,27.44
,Night,0,Practice,Unexpected,Amber,Left,11.74,10.20,0.7629,0.8690,94.2158,27.35
,Night,0,Practice,Unexpected,Amber,Left,11.84,10.30,0.6070,0.8655,95.4255,27.30
,Night,0,Practice,Unexpected,Amber,Left,11.94,10.40,0.4282,0.8645,96.8773,27.25
,Night,0,Practice,Unexpected,Amber,Left,12.05,10.50,0.2650,0.8659,98.0846,27.24
,Night,0,Practice,Unexpected,Amber,Left,12.15,10.61,0.1175,0.8674,99.2931,27.22
,Night,0,Practice,Unexpected,Amber,Left,12.25,10.71,-0.0519,0.8682,100.4977,27.19
,Night,0,Practice,Unexpected,Amber,Left,12.35,10.81,-0.2390,0.8679,101.6970,27.13
,Night,0,Practice,Unexpected,Amber,Left,12.46,10.91,-0.4013,0.8664,102.8991,27.11
,Night,0,Practice,Unexpected,Amber,Left,12.56,11.02,-0.5756,0.8668,104.0980,27.10
,Night,0,Practice,Unexpected,Amber,Left,12.66,11.12,-0.8068,0.8675,105.5317,27.07
,Night,0,Practice,Unexpected,Amber,Left,12.77,11.23,-0.9850,0.8679,106.7282,27.05
,Night,0,Practice,Unexpected,Amber,Left,12.87,11.33,-1.1856,0.8682,107.9203,27.03
,Night,0,Practice,Unexpected,Amber,Left,12.97,11.43,-1.3760,0.8696,109.1140,27.01
,Night,0,Practice,Unexpected,Amber,Left,13.07,11.53,-1.5678,0.8689,110.3057,27.01
,Night,0,Practice,Unexpected,Amber,Left,13.17,11.63,-1.7815,0.8682,111.4927,26.98
,Night,0,Practice,Unexpected,Amber,Left,13.28,11.74,-1.9783,0.8686,112.6817,26.97
,Night,0,Practice,Unexpected,Amber,Left,13.38,11.84,-2.1932,0.8681,113.8676,26.94
,Night,0,Practice,Unexpected,Amber,Left,13.48,11.94,-2.4554,0.8677,115.2879,26.92
,Night,0,Practice,Unexpected,Amber,Left,13.59,12.05,-2.6719,0.8678,116.4713,26.90
,Night,0,Practice,Unexpected,Amber,Left,13.69,12.15,-2.9103,0.8679,117.6492,26.88
,Night,0,Practice,Unexpected,Amber,Left,13.79,12.25,-3.1331,0.8679,118.8295,26.86
,Night,0,Practice,Unexpected,Amber,Left,13.89,12.35,-3.3742,0.8680,120.0055,26.84
,Night,0,Practice,Unexpected,Amber,Left,14.00,12.46,-3.6143,0.8680,121.1809,26.83
,Night,0,Practice,Unexpected,Amber,Left,14.10,12.56,-3.8516,0.8680,122.3562,26.82
,Night,0,Practice,Unexpected,Amber,Left,14.20,12.66,-4.1513,0.8680,123.7625,26.80
,Night,0,Practice,Unexpected,Amber,Left,14.31,12.77,-4.3900,0.8680,124.9360,26.78
,Night,0,Practice,Unexpected,Amber,Left,14.41,12.87,-4.6520,0.8681,126.1035,26.75
,Night,0,Practice,Unexpected,Amber,Left,14.51,12.97,-4.8981,0.8679,127.2735,26.74
,Night,0,Practice,Unexpected,Amber,Left,14.61,13.07,-5.1532,0.8680,128.4410,26.72
,Night,0,Practice,Unexpected,Amber,Left,14.71,13.17,-5.4145,0.8680,129.6063,26.71
,Night,0,Practice,Unexpected,Amber,Left,14.82,13.27,-5.6666,0.8680,130.7731,26.70
,Night,0,Practice,Unexpected,Amber,Left,14.92,13.38,-5.9334,0.8680,131.9357,26.68
,Night,0,Practice,Unexpected,Amber,Left,15.02,13.48,-6.2390,0.8680,133.3334,26.66
,Night,0,Practice,Unexpected,Amber,Left,15.12,13.58,-6.5076,0.8680,134.4941,26.64
,Night,0,Practice,Unexpected,Amber,Left,15.23,13.69,-6.7533,0.8695,135.6594,26.61
,Night,0,Practice,Unexpected,Amber,Left,15.33,13.79,-6.9752,0.8681,136.8256,26.52
,Night,0,Practice,Unexpected,Amber,Left,15.44,13.90,-7.1625,0.8710,137.9898,26.34
,Night,0,Practice,Unexpected,Amber,Left,15.54,14.00,-7.3035,0.8714,139.1510,26.12
,Night,0,Practice,Unexpected,Amber,Left,15.64,14.10,-7.3926,0.8736,140.5409,25.87
,Night,0,Practice,Unexpected,Amber,Left,15.74,14.20,-7.4158,0.8672,141.6905,25.65
,Night,0,Practice,Unexpected,Amber,Left,15.85,14.30,-7.3566,0.8808,142.8272,25.42
,Night,0,Practice,Unexpected,Amber,Left,15.95,14.41,-7.2546,0.8867,143.9535,25.18
,Night,0,Practice,Unexpected,Amber,Left,16.05,14.51,-7.0966,0.8814,145.0573,24.94
,Night,0,Practice,Unexpected,Amber,Left,16.16,14.62,-6.8851,0.8740,146.1430,24.66
,Night,0,Practice,Unexpected,Amber,Left,16.26,14.72,-6.6130,0.8687,147.2022,24.38
,Night,0,Practice,Unexpected,Amber,Left,16.36,14.82,-6.2029,0.8711,148.4311,24.03
,Night,0,Practice,Unexpected,Amber,Left,16.47,14.93,-5.8093,0.8668,149.4218,23.77
,Night,0,Practice,Unexpected,Amber,Left,16.57,15.03,-5.3501,0.8756,150.3698,23.49
,Night,0,Practice,Unexpected,Amber,Left,16.68,15.13,-4.8508,0.8757,151.2834,23.23
,Night,0,Practice,Unexpected,Amber,Left,16.78,15.24,-4.3114,0.8697,152.1623,22.98
,Night,0,Practice,Unexpected,Amber,Left,16.88,15.34,-3.5919,0.8763,153.1466,22.65
,Night,0,Practice,Unexpected,Amber,Left,16.99,15.44,-2.9522,0.8790,153.9222,22.42
,Night,0,Practice,Unexpected,Amber,Left,17.09,15.55,-2.2803,0.8726,154.6545,22.18
,Night,0,Practice,Unexpected,Amber,Left,17.19,15.65,-1.5698,0.8708,155.3350,21.93
,Night,0,Practice,Unexpected,Amber,Left,17.30,15.76,-0.8221,0.8752,155.9576,21.71
,Night,0,Practice,Unexpected,Amber,Left,17.40,15.86,-0.0524,0.8701,156.5382,21.50
,Night,0,Practice,Unexpected,Amber,Left,17.50,15.96,0.9091,0.8679,157.1572,21.25
,Night,0,Practice,Unexpected,Amber,Left,17.61,16.07,1.7372,0.8713,157.6071,21.04
,Night,0,Practice,Unexpected,Amber,Left,17.71,16.17,2.5807,0.8685,158.0089,20.83
,Night,0,Practice,Unexpected,Amber,Left,17.82,16.28,3.4406,0.8671,158.3509,20.69
,Night,0,Practice,Unexpected,Amber,Left,17.92,16.38,4.4967,0.8690,158.6859,20.68
,Night,0,Practice,Unexpected,Amber,Left,18.02,16.48,5.3998,0.8694,158.9069,20.90
,Night,0,Practice,Unexpected,Amber,Left,18.12,16.58,6.3261,0.8705,159.0712,21.22
,Night,0,Practice,Unexpected,Amber,Left,18.23,16.69,7.2716,0.8685,159.1833,21.39
,Night,0,Practice,Unexpected,Amber,Left,18.33,16.79,8.2343,0.8723,159.2283,21.69
,Night,0,Practice,Unexpected,Amber,Left,18.43,16.89,9.2063,0.8718,159.2182,21.83
,Night,0,Practice,Unexpected,Amber,Left,18.53,16.99,10.1804,0.8678,159.1457,21.99
,Night,0,Practice,Unexpected,Amber,Left,18.64,17.10,11.1557,0.8686,159.0059,22.09
,Night,0,Practice,Unexpected,Amber,Left,18.74,17.20,12.1223,0.8710,158.7966,22.22
,Night,0,Practice,Unexpected,Amber,Left,18.84,17.30,13.2656,0.8759,158.4592,22.30
,Night,0,Practice,Unexpected,Amber,Left,18.94,17.40,14.1989,0.8791,158.1104,22.35
,Night,0,Practice,Unexpected,Amber,Left,19.05,17.51,15.1078,0.8807,157.7016,22.37
,Night,0,Practice,Unexpected,Amber,Left,19.15,17.61,15.9900,0.8823,157.2351,22.37
,Night,0,Practice,Unexpected,Amber,Left,19.25,17.71,16.8384,0.8825,156.7132,22.35
,Night,0,Practice,Unexpected,Amber,Left,19.35,17.81,17.6502,0.8826,156.1390,22.29
,Night,0,Practice,Unexpected,Amber,Left,19.45,17.91,18.4219,0.8822,155.5162,22.20
,Night,0,Practice,Unexpected,Amber,Left,19.56,18.01,19.1494,0.8790,154.8499,22.08
,Night,0,Practice,Unexpected,Amber,Left,19.66,18.12,19.8329,0.8713,154.1457,21.94
,Night,0,Practice,Unexpected,Amber,Left,19.76,18.22,20.5767,0.8726,153.2450,21.78
,Night,0,Practice,Unexpected,Amber,Left,19.87,18.32,21.1367,0.8743,152.4598,21.58
,Night,0,Practice,Unexpected,Amber,Left,19.97,18.43,21.6533,0.8654,151.6541,21.35
,Night,0,Practice,Unexpected,Amber,Left,20.07,18.53,22.0903,0.8779,150.8208,21.09
,Night,0,Practice,Unexpected,Amber,Left,20.17,18.63,22.4798,0.8810,149.9772,20.79
,Night,0,Practice,Unexpected,Amber,Left,20.27,18.73,22.8268,0.8710,149.1265,20.44
,Night,0,Practice,Unexpected,Amber,Left,20.37,18.83,23.1047,0.8705,148.2742,19.94
,Night,0,Practice,Unexpected,Amber,Left,20.48,18.94,23.3115,0.8797,147.4292,19.47
,Night,0,Practice,Unexpected,Amber,Left,20.58,19.04,23.5047,0.8734,146.4270,18.82
,Night,0,Practice,Unexpected,Amber,Left,20.68,19.14,23.6069,0.8670,145.6129,18.02
,Night,0,Practice,Unexpected,Amber,Left,20.78,19.24,23.6372,0.8793,144.8391,17.32
,Night,0,Practice,Unexpected,Amber,Left,20.89,19.35,23.6334,0.8785,144.0909,16.56
,Night,0,Practice,Unexpected,Amber,Left,20.99,19.45,23.5971,0.8651,143.3715,15.72
,Night,0,Practice,Unexpected,Amber,Left,21.09,19.55,23.5119,0.8695,142.7156,14.59
,Night,0,Practice,Unexpected,Amber,Left,21.19,19.65,23.4017,0.8655,142.1027,13.57
,Night,0,Practice,Unexpected,Amber,Left,21.29,19.75,23.2657,0.8675,141.5509,12.46
,Night,0,Practice,Unexpected,Amber,Left,21.40,19.86,23.1134,0.8679,141.0546,11.27
,Night,0,Practice,Unexpected,Amber,Left,21.50,19.96,22.9169,0.8678,140.5367,9.83
,Night,0,Practice,Unexpected,Amber,Left,21.61,20.07,22.7503,0.8674,140.1713,8.59
,Night,0,Practice,Unexpected,Amber,Left,21.71,20.17,22.5914,0.8674,139.8664,7.28
,Night,0,Practice,Unexpected,Amber,Left,21.81,20.27,22.4505,0.8670,139.6203,5.93
,Night,0,Practice,Unexpected,Amber,Left,21.91,20.37,22.3243,0.8672,139.4271,4.82
,Night,0,Practice,Unexpected,Amber,Left,22.02,20.47,22.2096,0.8670,139.2812,3.81
,Night,0,Practice,Unexpected,Amber,Left,22.12,20.58,22.1102,0.8672,139.1807,2.83
,Night,0,Practice,Unexpected,Amber,Left,22.22,20.68,22.0136,0.8671,139.1180,1.76
,Night,0,Practice,Unexpected,Amber,Left,22.32,20.78,21.9549,0.8674,139.1126,1.16
,Night,0,Practice,Unexpected,Amber,Left,22.43,20.89,21.9133,0.8673,139.1495,1.45
,Night,0,Practice,Unexpected,Amber,Left,22.53,20.99,21.8637,0.8685,139.2280,2.30
,Night,0,Practice,Unexpected,Amber,Left,22.63,21.09,21.7987,0.8712,139.3456,3.25
,Night,0,Practice,Unexpected,Amber,Left,22.73,21.19,21.7146,0.8691,139.4930,4.23
,Night,0,Practice,Unexpected,Amber,Left,22.83,21.29,21.6025,0.8704,139.6755,5.18
,Night,0,Practice,Unexpected,Amber,Left,22.94,21.40,21.4594,0.8702,139.8901,6.15
,Night,0,Practice,Unexpected,Amber,Left,23.04,21.50,21.2878,0.8705,140.1370,7.11
,Night,0,Practice,Unexpected,Amber,Left,23.14,21.60,21.0390,0.8705,140.4734,8.28
,Night,0,Practice,Unexpected,Amber,Left,23.25,21.71,20.7924,0.8701,140.7846,9.27
,Night,0,Practice,Unexpected,Amber,Left,23.35,21.81,20.5099,0.8706,141.1217,10.24
,Night,0,Practice,Unexpected,Amber,Left,23.45,21.91,20.1851,0.8701,141.4812,11.25
,Night,0,Practice,Unexpected,Amber,Left,23.55,22.01,19.8177,0.8708,141.8602,12.20
,Night,0,Practice,Unexpected,Amber,Left,23.65,22.11,19.4000,0.8685,142.2534,13.30
,Night,0,Practice,Unexpected,Amber,Left,23.76,22.21,18.9359,0.8707,142.6614,14.22
,Night,0,Practice,Unexpected,Amber,Left,23.86,22.32,18.4182,0.8687,143.0726,15.23
,Night,0,Practice,Unexpected,Amber,Left,23.96,22.42,17.7238,0.8694,143.5684,16.40
,Night,0,Practice,Unexpected,Amber,Left,24.06,22.52,17.0872,0.8683,143.9743,17.40
,Night,0,Practice,Unexpected,Amber,Left,24.17,22.63,16.3914,0.8675,144.3648,18.24
,Night,0,Practice,Unexpected,Amber,Left,24.27,22.73,15.6363,0.8682,144.7329,19.16
,Night,0,Practice,Unexpected,Amber,Left,24.37,22.83,14.8238,0.8705,145.0696,19.99
,Night,0,Practice,Unexpected,Amber,Left,24.48,22.94,13.9609,0.8700,145.3695,20.79
,Night,0,Practice,Unexpected,Amber,Left,24.58,23.04,13.0487,0.8713,145.6214,21.54
,Night,0,Practice,Unexpected,Amber,Left,24.68,23.14,12.0932,0.8736,145.8202,22.09
,Night,0,Practice,Unexpected,Amber,Left,24.78,23.24,10.9043,0.8674,145.9912,22.68
,Night,0,Practice,Unexpected,Amber,Left,24.89,23.35,9.8776,0.8772,146.0489,23.28
,Night,0,Practice,Unexpected,Amber,Left,24.99,23.45,8.8290,0.8815,146.0497,23.72
,Night,0,Practice,Unexpected,Amber,Left,25.09,23.55,7.7686,0.8760,145.9949,23.88
,Night,0,Practice,Unexpected,Amber,Left,25.20,23.66,6.7130,0.8669,145.8824,23.76
,Night,0,Practice,Unexpected,Amber,Left,25.30,23.76,5.4764,0.8733,145.6483,23.52
,Night,0,Practice,Unexpected,Amber,Left,25.40,23.86,4.4651,0.8735,145.3967,23.29
,Night,0,Practice,Unexpected,Amber,Left,25.50,23.96,3.4905,0.8665,145.0992,22.69
,Night,0,Practice,Unexpected,Amber,Left,25.61,24.07,2.5632,0.8673,144.7609,21.94
,Night,0,Practice,Unexpected,Amber,Left,25.71,24.17,1.6879,0.8707,144.3881,21.12
,Night,0,Practice,Unexpected,Amber,Left,25.82,24.28,0.8673,0.8751,143.9854,20.39
,Night,0,Practice,Unexpected,Amber,Left,25.92,24.38,0.0852,0.8649,143.5617,19.55
,Night,0,Practice,Unexpected,Amber,Left,26.02,24.48,-0.7557,0.8675,143.0290,18.26
,Night,0,Practice,Unexpected,Amber,Left,26.13,24.58,-1.3898,0.8672,142.5772,17.10
,Night,0,Practice,Unexpected,Amber,Left,26.23,24.69,-1.6049,0.9301,142.2745,8.38
,Night,0,Practice,Unexpected,Amber,Left,26.33,24.79,-1.7748,0.9422,141.9635,7.93
,Night,0,Practice,Unexpected,Amber,Left,26.43,24.89,-1.9123,0.9254,141.6404,7.63
,Night,0,Practice,Unexpected,Amber,Left,26.54,25.00,-2.0233,0.8963,141.3144,7.49
,Night,0,Practice,Unexpected,Amber,Left,26.64,25.10,-2.1020,0.8568,140.9718,7.88
,Night,0,Practice,Unexpected,Amber,Left,26.74,25.20,-2.1103,0.8593,140.5123,8.85
,Night,0,Practice,Unexpected,Amber,Left,26.84,25.30,-2.0805,0.8711,140.1033,9.28
,Night,0,Practice,Unexpected,Amber,Left,26.95,25.41,-2.0297,0.8663,139.6884,9.55
,Night,0,Practice,Unexpected,Amber,Left,27.06,25.51,-1.9522,0.8671,139.2612,9.82
,Night,0,Practice,Unexpected,Amber,Left,27.16,25.62,-1.8555,0.8695,138.8220,10.23
,Night,0,Practice,Unexpected,Amber,Left,27.26,25.72,-1.7433,0.8671,138.3595,10.89
,Night,0,Practice,Unexpected,Amber,Left,27.36,25.82,-1.6140,0.8744,137.7500,11.96
,Night,0,Practice,Unexpected,Amber,Left,27.47,25.93,-1.5187,0.8707,137.2063,12.80
,Night,0,Practice,Unexpected,Amber,Left,27.57,26.03,-1.4500,0.8695,136.6092,13.95
,Night,0,Practice,Unexpected,Amber,Left,27.68,26.14,-1.4174,0.8696,135.8362,14.85
,Night,0,Practice,Unexpected,Amber,Left,27.79,26.25,-1.4017,0.8645,135.1451,15.91
,Night,0,Practice,Unexpected,Amber,Left,27.89,26.35,-1.3816,0.8747,134.4050,16.70
,Night,0,Practice,Unexpected,Amber,Left,28.00,26.45,-1.3500,0.8691,133.6491,17.24
,Night,0,Practice,Unexpected,Amber,Left,28.10,26.56,-1.2750,0.8683,132.8714,17.79
,Night,0,Practice,Unexpected,Amber,Left,28.20,26.66,-1.1735,0.8667,132.0786,18.14
,Night,0,Practice,Unexpected,Amber,Left,28.30,26.76,-1.0102,0.8656,131.0925,18.97
,Night,0,Practice,Unexpected,Amber,Left,28.41,26.87,-0.8787,0.8730,130.2272,19.81
,Night,0,Practice,Unexpected,Amber,Left,28.51,26.97,-0.7628,0.8784,129.3317,20.54
,Night,0,Practice,Unexpected,Amber,Left,28.61,27.07,-0.6822,0.8723,128.4011,21.33
,Night,0,Practice,Unexpected,Amber,Left,28.72,27.17,-0.6405,0.8680,127.4413,21.75
,Night,0,Practice,Unexpected,Amber,Left,28.82,27.28,-0.6418,0.8654,126.4579,22.27
,Night,0,Practice,Unexpected,Amber,Left,28.92,27.38,-0.6444,0.8717,125.2118,23.48
,Night,0,Practice,Unexpected,Amber,Left,29.03,27.49,-0.6451,0.8695,124.1531,24.06
,Night,0,Practice,Unexpected,Amber,Left,29.13,27.59,-0.6470,0.8645,123.0584,24.79
,Night,0,Practice,Unexpected,Amber,Left,29.24,27.69,-0.6642,0.8720,121.9341,25.35
,Night,0,Practice,Unexpected,Amber,Left,29.34,27.80,-0.7224,0.8685,120.5628,25.92
,Night,0,Practice,Unexpected,Amber,Left,29.44,27.90,-0.7854,0.8644,119.3852,26.67
,Night,0,Practice,Unexpected,Amber,Left,29.54,28.00,-0.8361,0.8690,118.1728,27.27
,Night,0,Practice,Unexpected,Amber,Left,29.65,28.11,-0.8679,0.8734,116.9440,27.73
,Night,0,Practice,Unexpected,Amber,Left,29.75,28.21,-0.9006,0.8635,115.6858,28.51
,Night,0,Practice,Unexpected,Amber,Left,29.86,28.31,-0.9509,0.8688,114.3935,29.11
,Night,0,Practice,Unexpected,Amber,Left,29.96,28.42,-1.0164,0.8693,113.0847,29.66
,Night,0,Practice,Unexpected,Amber,Left,30.06,28.52,-1.0829,0.8701,111.4638,30.47
,Night,0,Practice,Unexpected,Amber,Left,30.17,28.63,-1.1190,0.8716,110.0911,30.96
,Night,0,Practice,Unexpected,Amber,Left,30.27,28.73,-1.1510,0.8665,108.6866,31.72
,Night,0,Practice,Unexpected,Amber,Left,30.38,28.84,-1.2048,0.8721,107.2513,32.32
,Night,0,Practice,Unexpected,Amber,Left,30.48,28.94,-1.2811,0.8709,105.8023,32.73
,Night,0,Practice,Unexpected,Amber,Left,30.58,29.04,-1.3758,0.8631,104.3269,33.47
,Night,0,Practice,Unexpected,Amber,Left,30.68,29.14,-1.4586,0.8658,102.8086,34.11
,Night,0,Practice,Unexpected,Amber,Left,30.78,29.24,-1.5370,0.8777,100.9644,34.65
,Night,0,Practice,Unexpected,Amber,Left,30.88,29.34,-1.5834,0.8664,99.4064,35.26
,Night,0,Practice,Unexpected,Amber,Left,30.99,29.45,-1.6445,0.8671,97.8052,36.02
,Night,0,Practice,Unexpected,Amber,Left,31.09,29.55,-1.7218,0.8733,96.1850,36.51
,Night,0,Practice,Unexpected,Amber,Left,31.19,29.65,-1.7861,0.8686,94.5317,37.27
,Night,0,Practice,Unexpected,Amber,Left,31.29,29.75,-1.8361,0.8728,92.8505,37.80
,Night,0,Practice,Unexpected,Amber,Left,31.40,29.86,-1.8548,0.8692,91.1559,38.23
,Night,0,Practice,Unexpected,Amber,Left,31.50,29.96,-1.8333,0.8681,89.4429,38.39
,Night,0,Practice,Unexpected,Amber,Left,31.60,30.06,-1.7311,0.8684,87.3758,38.67
,Night,0,Practice,Unexpected,Amber,Left,31.70,30.16,-1.5725,0.8738,85.6497,38.87
,Night,0,Practice,Unexpected,Amber,Left,31.81,30.27,-1.3743,0.8669,83.9177,39.09
,Night,0,Practice,Unexpected,Amber,Left,31.91,30.37,-1.1204,0.8723,82.1522,40.24
,Night,0,Practice,Unexpected,Amber,Left,32.01,30.47,-0.8306,0.8744,80.3610,40.85
,Night,0,Practice,Unexpected,Amber,Left,32.12,30.57,-0.5393,0.8640,78.5274,41.73
,Night,0,Practice,Unexpected,Amber,Left,32.22,30.68,-0.2735,0.8766,76.6712,42.22
,Night,0,Practice,Unexpected,Amber,Left,32.32,30.78,-0.0428,0.8743,74.7979,42.42
,Night,0,Practice,Unexpected,Amber,Left,32.42,30.88,0.2151,0.8613,72.5158,43.12
,Night,0,Practice,Unexpected,Amber,Left,32.52,30.98,0.3916,0.8689,70.5930,43.22
,Night,0,Practice,Unexpected,Amber,Left,32.62,31.08,0.5857,0.8684,68.6748,43.07
,Night,0,Practice,Unexpected,Amber,Left,32.72,31.18,0.8160,0.8722,66.7674,42.85
,Night,0,Practice,Unexpected,Amber,Left,32.83,31.29,1.0610,0.8681,64.8726,42.70
,Night,0,Practice,Unexpected,Amber,Left,32.93,31.39,1.3238,0.8613,62.9821,42.69
,Night,0,Practice,Unexpected,Amber,Left,33.04,31.50,1.6012,0.8626,61.0968,42.62
,Night,0,Practice,Unexpected,Amber,Left,33.14,31.60,1.9164,0.8731,59.2200,42.53
,Night,0,Practice,Unexpected,Amber,Left,33.24,31.70,2.2644,0.8674,57.3548,42.38
,Night,0,Practice,Unexpected,Amber,Left,33.34,31.80,2.7619,0.8713,55.1471,42.08
,Night,0,Practice,Unexpected,Amber,Left,33.45,31.91,3.2062,0.8635,53.3210,42.03
,Night,0,Practice,Unexpected,Amber,Left,33.55,32.01,3.6589,0.8636,51.4993,41.96
,Night,0,Practice,Unexpected,Amber,Left,33.65,32.11,4.1023,0.8656,49.6800,41.88
,Night,0,Practice,Unexpected,Amber,Left,33.75,32.21,4.5905,0.8693,47.8734,41.81
,Night,0,Practice,Unexpected,Amber,Left,33.86,32.32,5.0881,0.8669,46.0740,41.71
,Night,0,Practice,Unexpected,Amber,Left,33.96,32.42,5.5815,0.8677,44.2760,41.69
,Night,0,Practice,Unexpected,Amber,Left,34.06,32.52,6.1375,0.8703,42.1133,41.58
,Night,0,Practice,Unexpected,Amber,Left,34.17,32.63,6.5765,0.8680,40.3134,41.40
,Night,0,Practice,Unexpected,Amber,Left,34.27,32.73,6.9639,0.8741,38.5083,41.16
,Night,0,Practice,Unexpected,Amber,Left,34.37,32.83,7.2925,0.8732,36.7070,40.93
,Night,0,Practice,Unexpected,Amber,Left,34.48,32.94,7.5730,0.8673,34.9072,40.65
,Night,0,Practice,Unexpected,Amber,Left,34.58,33.04,7.7663,0.8847,33.1115,40.33
,Night,0,Practice,Unexpected,Amber,Left,34.68,33.14,7.9295,0.8955,30.9687,39.96
,Night,0,Practice,Unexpected,Amber,Left,34.78,33.24,8.0050,0.8998,29.1952,39.63
,Night,0,Practice,Unexpected,Amber,Left,34.89,33.35,8.0251,0.9006,27.4351,39.29
,Night,0,Practice,Unexpected,Amber,Left,34.99,33.45,7.9907,0.8981,25.6902,38.93
,Night,0,Practice,Unexpected,Amber,Left,35.09,33.55,7.9032,0.8915,23.9622,38.58
,Night,0,Practice,Unexpected,Amber,Left,35.19,33.65,7.7641,0.8797,22.2525,38.23
,Night,0,Practice,Unexpected,Amber,Left,35.30,33.76,7.5721,0.8677,20.5605,37.88
,Night,0,Practice,Unexpected,Amber,Left,35.40,33.86,7.2886,0.8812,18.9043,37.55
,Night,0,Practice,Unexpected,Amber,Left,35.50,33.96,6.9023,0.8812,16.9402,37.19
,Night,0,Practice,Unexpected,Amber,Left,35.60,34.06,6.5433,0.8669,15.3260,36.92
,Night,0,Practice,Unexpected,Amber,Left,35.71,34.16,6.1025,0.8752,13.7457,36.55
,Night,0,Practice,Unexpected,Amber,Left,35.81,34.27,5.6249,0.8744,12.1892,36.37
,Night,0,Practice,Unexpected,Amber,Left,35.91,34.37,5.0990,0.8677,10.6531,36.37
,Night,0,Practice,Unexpected,Amber,Left,36.02,34.48,4.5019,0.8753,9.1384,36.47
,Night,0,Practice,Unexpected,Amber,Left,36.12,34.58,3.8536,0.8764,7.6426,36.52
,Night,0,Practice,Unexpected,Amber,Left,36.22,34.68,3.0060,0.8711,5.8765,36.56
,Night,0,Practice,Unexpected,Amber,Left,36.33,34.79,2.2284,0.8729,4.4374,36.72
,Night,0,Practice,Unexpected,Amber,Left,36.43,34.89,1.3818,0.8862,3.0347,36.71
,Night,0,Practice,Unexpected,Amber,Left,36.53,34.99,0.4839,0.8976,1.6664,36.68
,Night,0,Practice,Unexpected,Amber,Left,36.63,35.09,-0.4626,0.9073,0.3344,36.62
,Night,0,Practice,Unexpected,Amber,Left,36.74,35.20,-1.4549,0.9154,-0.9596,36.55
,Night,0,Practice,Unexpected,Amber,Left,36.84,35.30,-2.7017,0.9226,-2.4604,36.43
,Night,0,Practice,Unexpected,Amber,Left,36.94,35.40,-3.7835,0.9259,-3.6669,36.31
,Night,0,Practice,Unexpected,Amber,Left,37.05,35.51,-4.9005,0.9254,-4.8335,36.17
,Night,0,Practice,Unexpected,Amber,Left,37.15,35.61,-6.0492,0.9194,-5.9611,36.01
,Night,0,Practice,Unexpected,Amber,Left,37.25,35.71,-7.2264,0.9058,-7.0507,35.83
,Night,0,Practice,Unexpected,Amber,Left,37.35,35.81,-8.4297,0.8826,-8.1030,35.61
,Night,0,Practice,Unexpected,Amber,Left,37.46,35.92,-9.6635,0.8618,-9.1032,35.32
,Night,0,Practice,Unexpected,Amber,Left,37.56,36.02,-10.9404,0.8841,-9.9989,34.99
,Night,0,Practice,Unexpected,Amber,Left,37.66,36.12,-12.4909,0.8961,-11.0167,34.58
,Night,0,Practice,Unexpected,Amber,Left,37.76,36.22,-13.7953,0.8935,-11.8194,34.19
,Night,0,Practice,Unexpected,Amber,Left,37.87,36.33,-15.1092,0.8796,-12.5796,33.74
,Night,0,Practice,Unexpected,Amber,Left,37.97,36.43,-16.4304,0.8597,-13.2899,33.13
,Night,0,Practice,Unexpected,Amber,Left,38.08,36.54,-17.7463,0.8782,-13.8918,32.42
,Night,0,Practice,Unexpected,Amber,Left,38.18,36.64,-19.0561,0.8861,-14.4472,31.79
,Night,0,Practice,Unexpected,Amber,Left,38.28,36.74,-20.6176,0.8804,-15.0572,30.95
,Night,0,Practice,Unexpected,Amber,Left,38.38,36.84,-21.9072,0.8631,-15.5178,30.17
,Night,0,Practice,Unexpected,Amber,Left,38.49,36.95,-23.1512,0.8764,-15.8918,28.93
,Night,0,Practice,Unexpected,Amber,Left,38.59,37.05,-24.3637,0.8853,-16.2191,28.00
,Night,0,Practice,Unexpected,Amber,Left,38.69,37.15,-25.5490,0.8832,-16.5122,27.00
,Night,0,Practice,Unexpected,Amber,Left,38.79,37.25,-26.7039,0.8700,-16.7726,25.94
,Night,0,Practice,Unexpected,Amber,Left,38.90,37.35,-27.8006,0.8669,-16.9917,24.36
,Night,0,Practice,Unexpected,Amber,Left,39.00,37.46,-28.8330,0.8708,-17.1802,23.20
,Night,0,Practice,Unexpected,Amber,Left,39.10,37.56,-30.0107,0.8656,-17.3876,21.51
,Night,0,Practice,Unexpected,Amber,Left,39.20,37.66,-30.9208,0.8658,-17.5499,20.26
,Night,0,Practice,Unexpected,Amber,Left,39.30,37.76,-31.7697,0.8666,-17.7065,18.86
,Night,0,Practice,Unexpected,Amber,Left,39.40,37.86,-32.5576,0.8675,-17.8680,17.59
,Night,0,Practice,Unexpected,Amber,Left,39.51,37.97,-33.2852,0.8697,-18.0434,16.24
,Night,0,Practice,Unexpected,Amber,Left,39.62,38.08,-33.9590,0.8672,-18.2396,15.32
,Night,0,Practice,Unexpected,Amber,Left,39.72,38.18,-34.5777,0.8671,-18.4601,14.32
,Night,0,Practice,Unexpected,Amber,Left,39.82,38.28,-35.1536,0.8670,-18.6957,13.61
,Night,0,Practice,Unexpected,Amber,Left,39.92,38.38,-35.7939,0.8666,-18.9896,12.80
,Night,0,Practice,Unexpected,Amber,Left,40.02,38.48,-36.2831,0.8706,-19.2072,11.77
,Night,0,Practice,Unexpected,Amber,Left,40.12,38.58,-36.7472,0.8762,-19.3990,10.86
,Night,0,Practice,Unexpected,Amber,Left,40.23,38.69,-37.1836,0.8705,-19.5538,9.88
,Night,0,Practice,Unexpected,Amber,Left,40.33,38.79,-37.5788,0.8687,-19.6719,8.75
,Night,0,Practice,Unexpected,Amber,Left,40.43,38.89,-37.9295,0.8688,-19.7662,7.77
,Night,0,Practice,Unexpected,Amber,Left,40.53,38.99,-38.2367,0.8702,-19.8452,6.81
,Night,0,Practice,Unexpected,Amber,Left,40.63,39.09,-38.5054,0.8699,-19.9179,5.82
,Night,0,Practice,Unexpected,Amber,Left,40.74,39.20,-38.7277,0.8700,-19.9886,4.81
,Night,0,Practice,Unexpected,Amber,Left,40.84,39.30,-38.9366,0.8698,-20.0615,3.64
,Night,0,Practice,Unexpected,Amber,Left,40.94,39.40,-39.0655,0.8701,-20.1077,2.67
,Night,0,Practice,Unexpected,Amber,Left,41.05,39.50,-39.1544,0.8699,-20.1399,1.73
,Night,0,Practice,Unexpected,Amber,Left,41.15,39.61,-39.2030,0.8699,-20.1581,0.79
,Night,0,Practice,Unexpected,Amber,Left,41.26,39.71,-39.2116,0.8699,-20.1625,0.14
,Night,0,Practice,Unexpected,Amber,Left,41.36,39.81,-39.1796,0.8699,-20.1556,1.11
,Night,0,Practice,Unexpected,Amber,Left,41.46,39.92,-39.1069,0.8697,-20.1409,2.00
,Night,0,Practice,Unexpected,Amber,Left,41.56,40.02,-38.9683,0.8698,-20.1194,3.04
,Night,0,Practice,Unexpected,Amber,Left,41.66,40.12,-38.8110,0.8701,-20.1013,3.87
,Night,0,Practice,Unexpected,Amber,Left,41.76,40.22,-38.6164,0.8696,-20.0887,4.69
,Night,0,Practice,Unexpected,Amber,Left,41.87,40.33,-38.3845,0.8699,-20.0734,5.57
,Night,0,Practice,Unexpected,Amber,Left,41.97,40.43,-38.1123,0.8703,-20.0396,6.52
,Night,0,Practice,Unexpected,Amber,Left,42.07,40.53,-37.8001,0.8701,-19.9799,7.50
,Night,0,Practice,Unexpected,Amber,Left,42.18,40.64,-37.4515,0.8702,-19.8943,8.43
,Night,0,Practice,Unexpected,Amber,Left,42.28,40.74,-37.0657,0.8696,-19.7767,9.44
,Night,0,Practice,Unexpected,Amber,Left,42.38,40.84,-36.6387,0.8700,-19.6372,10.44
,Night,0,Practice,Unexpected,Amber,Left,42.48,40.94,-36.0731,0.8709,-19.4439,11.61
,Night,0,Practice,Unexpected,Amber,Left,42.58,41.04,-35.5637,0.8703,-19.2600,12.52
,Night,0,Practice,Unexpected,Amber,Left,42.69,41.15,-35.0238,0.8699,-19.0428,13.40
,Night,0,Practice,Unexpected,Amber,Left,42.79,41.25,-34.4576,0.8693,-18.7818,14.42
,Night,0,Practice,Unexpected,Amber,Left,42.89,41.35,-33.8538,0.8691,-18.4746,15.60
,Night,0,Practice,Unexpected,Amber,Left,43.00,41.46,-33.2076,0.8716,-18.1252,16.82
,Night,0,Practice,Unexpected,Amber,Left,43.10,41.56,-32.3914,0.8703,-17.6644,17.85
,Night,0,Practice,Unexpected,Amber,Left,43.21,41.67,-31.6840,0.8692,-17.2595,18.56
,Night,0,Practice,Unexpected,Amber,Left,43.31,41.77,-30.9464,0.8714,-16.8378,19.24
,Night,0,Practice,Unexpected,Amber,Left,43.41,41.87,-30.1803,0.8710,-16.3983,20.04
,Night,0,Practice,Unexpected,Amber,Left,43.52,41.98,-29.3869,0.8691,-15.9406,20.80
,Night,0,Practice,Unexpected,Amber,Left,43.62,42.08,-28.3976,0.8710,-15.3676,21.71
,Night,0,Practice,Unexpected,Amber,Left,43.72,42.18,-27.5424,0.8697,-14.8689,22.46
,Night,0,Practice,Unexpected,Amber,Left,43.83,42.29,-26.6600,0.8698,-14.3493,23.13
,Night,0,Practice,Unexpected,Amber,Left,43.93,42.39,-25.7487,0.8706,-13.8093,24.02
,Night,0,Practice,Unexpected,Amber,Left,44.03,42.49,-24.8090,0.8707,-13.2511,24.74
,Night,0,Practice,Unexpected,Amber,Left,44.13,42.59,-23.8414,0.8729,-12.6711,25.50
,Night,0,Practice,Unexpected,Amber,Left,44.23,42.69,-22.8420,0.8707,-12.0717,26.40
,Night,0,Practice,Unexpected,Amber,Left,44.34,42.80,-21.8165,0.8702,-11.4491,27.15
,Night,0,Practice,Unexpected,Amber,Left,44.44,42.90,-20.5457,0.8719,-10.6687,28.25
,Night,0,Practice,Unexpected,Amber,Left,44.57,43.03,-19.2337,0.8715,-9.8555,29.25
,Night,0,Practice,Unexpected,Amber,Left,44.67,43.13,-18.1119,0.8707,-9.1500,29.93
,Night,0,Practice,Unexpected,Amber,Left,44.77,43.23,-16.9807,0.8700,-8.4254,30.13
,Night,0,Practice,Unexpected,Amber,Left,44.87,43.33,-15.8523,0.8692,-7.6957,30.14
,Night,0,Practice,Unexpected,Amber,Left,44.98,43.43,-14.7267,0.8684,-6.9611,30.13
,Night,0,Practice,Unexpected,Amber,Left,45.08,43.54,-13.3791,0.8676,-6.0728,30.11
,Night,0,Practice,Unexpected,Amber,Left,45.19,43.65,-12.2590,0.8675,-5.3275,30.10
,Night,0,Practice,Unexpected,Amber,Left,45.29,43.75,-11.1413,0.8676,-4.5786,30.09
,Night,0,Practice,Unexpected,Amber,Left,45.40,43.85,-10.0260,0.8679,-3.8269,30.08
,Night,0,Practice,Unexpected,Amber,Left,45.50,43.96,-8.9126,0.8681,-3.0729,30.07
,Night,0,Practice,Unexpected,Amber,Left,45.60,44.06,-7.8006,0.8685,-2.3174,30.07
,Night,0,Practice,Unexpected,Amber,Left,45.70,44.16,-6.4677,0.8683,-1.4096,30.06
,Night,0,Practice,Unexpected,Amber,Left,45.80,44.26,-5.3582,0.8686,-0.6524,30.06
,Night,0,Practice,Unexpected,Amber,Left,45.90,44.36,-4.2482,0.8687,0.1047,30.04
,Night,0,Practice,Unexpected,Amber,Left,46.01,44.47,-3.1393,0.8683,0.8622,30.04
,Night,0,Practice,Unexpected,Amber,Left,46.11,44.57,-2.0306,0.8681,1.6194,30.03
,Night,0,Practice,Unexpected,Amber,Left,46.22,44.68,-0.9220,0.8683,2.3761,30.03
,Night,0,Practice,Unexpected,Amber,Left,46.32,44.78,0.4082,0.8681,3.2841,30.02
,Night,0,Practice,Unexpected,Amber,Left,46.42,44.88,1.5166,0.8680,4.0402,30.01
,Night,0,Practice,Unexpected,Amber,Left,46.54,44.99,2.6248,0.8680,4.7961,30.00
,Night,0,Practice,Unexpected,Amber,Left,46.64,45.10,3.7328,0.8681,5.5516,30.00
,Night,0,Practice,Unexpected,Amber,Left,46.74,45.20,4.8406,0.8681,6.3069,29.99
,Night,0,Practice,Unexpected,Amber,Left,46.84,45.30,6.1697,0.8681,7.2130,29.98
,Night,0,Practice,Unexpected,Amber,Left,46.94,45.40,7.2771,0.8685,7.9679,29.98
,Night,0,Practice,Unexpected,Amber,Left,47.04,45.50,8.3842,0.8687,8.7227,29.97
,Night,0,Practice,Unexpected,Amber,Left,47.15,45.61,9.4910,0.8688,9.4764,29.96
,Night,0,Practice,Unexpected,Amber,Left,47.25,45.71,10.5974,0.8683,10.2313,29.95
,Night,0,Practice,Unexpected,Amber,Left,47.35,45.81,11.7037,0.8683,10.9855,29.95
,Night,0,Practice,Unexpected,Amber,Left,47.46,45.92,13.0311,0.8680,11.8903,29.94
,Night,0,Practice,Unexpected,Amber,Left,47.57,46.03,14.1369,0.8680,12.6442,29.93
,Night,0,Practice,Unexpected,Amber,Left,47.68,46.14,15.2424,0.8680,13.3978,29.93
,Night,0,Practice,Unexpected,Amber,Left,47.78,46.24,16.5686,0.8681,14.3020,29.92
,Night,0,Practice,Unexpected,Amber,Left,47.89,46.35,17.6736,0.8681,15.0554,29.91
,Night,0,Practice,Unexpected,Amber,Left,48.00,46.46,18.7782,0.8681,15.8085,29.91
,Night,0,Practice,Unexpected,Amber,Left,48.11,46.57,20.1035,0.8681,16.7121,29.90
,Night,0,Practice,Unexpected,Amber,Left,48.21,46.67,21.2077,0.8681,17.4648,29.89
,Night,0,Practice,Unexpected,Amber,Left,48.31,46.77,22.3116,0.8681,18.2175,29.88
,Night,0,Practice,Unexpected,Amber,Left,48.42,46.88,23.4152,0.8681,18.9699,29.88
,Night,0,Practice,Unexpected,Amber,Left,48.52,46.98,24.5186,0.8681,19.7222,29.87
,Night,0,Practice,Unexpected,Amber,Left,48.62,47.08,25.8424,0.8681,20.6246,29.86
,Night,0,Practice,Unexpected,Amber,Left,48.72,47.18,26.9453,0.8681,21.3765,29.86
,Night,0,Practice,Unexpected,Amber,Left,48.83,47.29,28.0479,0.8681,22.1282,29.85
,Night,0,Practice,Unexpected,Amber,Left,48.93,47.39,29.1502,0.8681,22.8798,29.84
,Night,0,Practice,Unexpected,Amber,Left,49.04,47.49,30.2524,0.8681,23.6312,29.84
,Night,0,Practice,Unexpected,Amber,Left,49.14,47.60,31.5746,0.8681,24.5326,29.83
,Night,0,Practice,Unexpected,Amber,Left,49.24,47.70,32.6762,0.8681,25.2836,29.82
,Night,0,Practice,Unexpected,Amber,Left,49.35,47.81,33.7775,0.8681,26.0344,29.81
,Night,0,Practice,Unexpected,Amber,Left,49.46,47.92,35.0987,0.8681,26.9352,29.81
,Night,0,Practice,Unexpected,Amber,Left,49.57,48.02,36.1995,0.8681,27.6857,29.80
,Night,0,Practice,Unexpected,Amber,Left,49.68,48.14,37.5201,0.8681,28.5860,29.79
,Night,0,Practice,Unexpected,Amber,Left,49.78,48.24,38.6204,0.8681,29.3361,29.78
,Night,0,Practice,Unexpected,Amber,Left,49.89,48.35,39.7204,0.8681,30.0860,29.78
,Night,0,Practice,Unexpected,Amber,Left,50.32,48.78,44.3376,0.8681,33.2339,29.75
,Night,0,Practice,Unexpected,Amber,Left,50.43,48.89,45.6449,0.8681,34.1477,29.72
,Night,0,Practice,Unexpected,Amber,Left,50.53,48.99,46.7196,0.8673,34.9262,29.64
,Night,0,Practice,Unexpected,Amber,Left,50.64,49.10,47.9728,0.8685,35.8936,29.42
,Night,0,Practice,Unexpected,Amber,Left,50.75,49.21,48.9702,0.8708,36.7388,29.20
,Night,0,Practice,Unexpected,Amber,Left,50.86,49.32,49.9296,0.8680,37.6155,28.97
,Night,0,Practice,Unexpected,Amber,Left,50.96,49.42,50.8353,0.8715,38.5308,28.75
,Night,0,Practice,Unexpected,Amber,Left,51.06,49.52,51.8598,0.8703,39.6687,28.43
,Night,0,Practice,Unexpected,Amber,Left,51.17,49.63,52.6510,0.8735,40.6534,28.17
,Night,0,Practice,Unexpected,Amber,Left,51.28,49.74,53.3910,0.8701,41.6618,27.90
,Night,0,Practice,Unexpected,Amber,Left,51.38,49.84,54.0704,0.8684,42.6985,27.69
,Night,0,Practice,Unexpected,Amber,Left,51.49,49.94,54.8093,0.8671,43.9800,27.56
,Night,0,Practice,Unexpected,Amber,Left,51.59,50.05,55.3539,0.8742,45.0853,27.59
,Night,0,Practice,Unexpected,Amber,Left,51.69,50.15,55.8398,0.8792,46.2171,27.60
,Night,0,Practice,Unexpected,Amber,Left,51.80,50.25,56.2662,0.8832,47.3721,27.59
,Night,0,Practice,Unexpected,Amber,Left,51.90,50.36,56.6318,0.8862,48.5464,27.56
,Night,0,Practice,Unexpected,Amber,Left,52.00,50.46,56.9902,0.8882,49.9753,27.50
,Night,0,Practice,Unexpected,Amber,Left,52.11,50.57,57.2219,0.8878,51.1777,27.42
,Night,0,Practice,Unexpected,Amber,Left,52.21,50.67,57.3939,0.8847,52.3863,27.32
,Night,0,Practice,Unexpected,Amber,Left,52.31,50.77,57.5087,0.8770,53.5978,27.21
,Night,0,Practice,Unexpected,Amber,Left,52.41,50.87,57.5643,0.8667,54.8088,27.11
,Night,0,Practice,Unexpected,Amber,Left,52.51,50.97,57.5230,0.8843,56.0113,26.99
,Night,0,Practice,Unexpected,Amber,Left,52.61,51.07,57.4228,0.8979,57.2035,26.87
,Night,0,Practice,Unexpected,Amber,Left,52.72,51.17,57.2664,0.9072,58.3841,26.76
,Night,0,Practice,Unexpected,Amber,Left,52.82,51.28,57.0086,0.9114,59.7815,26.58
,Night,0,Practice,Unexpected,Amber,Left,52.92,51.38,56.7375,0.9087,60.9264,26.38
,Night,0,Practice,Unexpected,Amber,Left,53.03,51.49,56.4176,0.8995,62.0496,26.10
,Night,0,Practice,Unexpected,Amber,Left,53.13,51.59,56.0536,0.8810,63.1492,25.74
,Night,0,Practice,Unexpected,Amber,Left,53.23,51.69,55.6385,0.8630,64.2128,25.24
,Night,0,Practice,Unexpected,Amber,Left,53.34,51.80,55.1532,0.8791,65.1971,24.65
,Night,0,Practice,Unexpected,Amber,Left,53.44,51.90,54.5375,0.8825,66.3264,23.84
,Night,0,Practice,Unexpected,Amber,Left,53.54,52.00,54.0057,0.8696,67.2269,23.04
,Night,0,Practice,Unexpected,Amber,Left,53.65,52.10,53.4620,0.8673,68.0590,21.81
,Night,0,Practice,Unexpected,Amber,Left,53.75,52.21,52.9180,0.8686,68.8273,20.83
,Night,0,Practice,Unexpected,Amber,Left,53.85,52.31,52.3839,0.8665,69.5443,19.54
,Night,0,Practice,Unexpected,Amber,Left,53.95,52.41,51.8698,0.8662,70.2046,18.31
,Night,0,Practice,Unexpected,Amber,Left,54.05,52.51,51.3842,0.8665,70.8143,17.02
,Night,0,Practice,Unexpected,Amber,Left,54.15,52.61,50.9340,0.8668,71.3791,15.72
,Night,0,Practice,Unexpected,Amber,Left,54.26,52.72,50.5256,0.8668,71.9051,14.46
,Night,0,Practice,Unexpected,Amber,Left,54.36,52.82,50.1648,0.8674,72.3986,13.25
,Night,0,Practice,Unexpected,Amber,Left,54.46,52.92,49.8549,0.8677,72.8671,12.16
,Night,0,Practice,Unexpected,Amber,Left,54.56,53.02,49.5563,0.8679,73.4063,11.05
,Night,0,Practice,Unexpected,Amber,Left,54.66,53.12,49.3667,0.8669,73.8447,10.41
,Night,0,Practice,Unexpected,Amber,Left,54.77,53.23,49.2199,0.8671,74.2752,9.98
,Night,0,Practice,Unexpected,Amber,Left,54.87,53.33,49.1102,0.8669,74.7004,9.69
,Night,0,Practice,Unexpected,Amber,Left,54.97,53.43,49.0232,0.8675,75.1081,9.15
,Night,0,Practice,Unexpected,Amber,Left,55.08,53.54,48.9450,0.8687,75.4864,8.51
,Night,0,Practice,Unexpected,Amber,Left,55.18,53.64,48.8597,0.8692,75.9044,7.66
,Night,0,Practice,Unexpected,Amber,Left,55.29,53.75,48.7895,0.8695,76.2209,6.95
,Night,0,Practice,Unexpected,Amber,Left,55.39,53.85,48.7212,0.8691,76.5050,6.24
,Night,0,Practice,Unexpected,Amber,Left,55.49,53.95,48.6558,0.8692,76.7569,5.54
,Night,0,Practice,Unexpected,Amber,Left,55.59,54.05,48.5936,0.8691,76.9786,4.97
,Night,0,Practice,Unexpected,Amber,Left,55.70,54.16,48.5209,0.8689,77.2217,4.55
,Night,0,Practice,Unexpected,Amber,Left,55.80,54.26,48.4634,0.8688,77.4071,4.19
,Night,0,Practice,Unexpected,Amber,Left,55.91,54.37,48.4085,0.8686,77.5773,3.91
,Night,0,Practice,Unexpected,Amber,Left,56.01,54.47,48.3518,0.8680,77.7449,3.89
,Night,0,Practice,Unexpected,Amber,Left,56.11,54.57,48.2919,0.8675,77.9112,3.90
,Night,0,Practice,Unexpected,Amber,Left,56.21,54.67,48.2275,0.8671,78.0750,3.90
,Night,0,Practice,Unexpected,Amber,Left,56.32,54.77,48.1638,0.8669,78.2377,3.89
,Night,0,Practice,Unexpected,Amber,Left,56.42,54.88,48.0992,0.8670,78.3978,3.83
,Night,0,Practice,Unexpected,Amber,Left,56.52,54.98,48.0366,0.8676,78.5483,3.58
,Night,0,Practice,Unexpected,Amber,Left,56.62,55.08,47.9699,0.8689,78.7047,3.00
,Night,0,Practice,Unexpected,Amber,Left,56.73,55.19,47.9262,0.8695,78.8114,2.33
,Night,0,Practice,Unexpected,Amber,Left,56.83,55.29,47.8915,0.8699,78.8891,1.65
,Night,0,Practice,Unexpected,Amber,Left,56.93,55.39,47.8693,0.8699,78.9399,0.99
,Night,0,Practice,Unexpected,Amber,Left,57.04,55.49,47.8599,0.8700,78.9646,0.31
,Night,0,Practice,Unexpected,Amber,Left,57.14,55.60,47.8662,0.8699,78.9582,0.53
,Night,0,Practice,Unexpected,Amber,Left,57.24,55.70,47.8842,0.8697,78.9223,1.17
,Night,0,Practice,Unexpected,Amber,Left,57.34,55.80,47.9157,0.8698,78.8591,1.84
,Night,0,Practice,Unexpected,Amber,Left,57.45,55.91,47.9582,0.8698,78.7683,2.51
,Night,0,Practice,Unexpected,Amber,Left,57.55,56.01,48.0130,0.8699,78.6506,3.17
,Night,0,Practice,Unexpected,Amber,Left,57.66,56.11,48.0772,0.8700,78.5044,3.84
,Night,0,Practice,Unexpected,Amber,Left,57.76,56.21,48.1522,0.8700,78.3324,4.42
,Night,0,Practice,Unexpected,Amber,Left,57.86,56.32,48.2528,0.8700,78.0999,4.92
,Night,0,Practice,Unexpected,Amber,Left,57.96,56.42,48.3404,0.8696,77.8842,5.45
,Night,0,Practice,Unexpected,Amber,Left,58.06,56.52,48.4341,0.8697,77.6412,6.09
,Night,0,Practice,Unexpected,Amber,Left,58.17,56.63,48.5317,0.8695,77.3677,6.76
,Night,0,Practice,Unexpected,Amber,Left,58.27,56.73,48.6330,0.8698,77.0649,7.41
,Night,0,Practice,Unexpected,Amber,Left,58.37,56.83,48.7351,0.8698,76.7311,8.07
,Night,0,Practice,Unexpected,Amber,Left,58.47,56.93,48.8374,0.8696,76.3676,8.72
,Night,0,Practice,Unexpected,Amber,Left,58.57,57.03,48.9369,0.8695,75.9725,9.38
,Night,0,Practice,Unexpected,Amber,Left,58.68,57.13,49.0322,0.8693,75.5485,9.96
,Night,0,Practice,Unexpected,Amber,Left,58.78,57.24,49.1182,0.8685,75.1011,10.37
,Night,0,Practice,Unexpected,Amber,Left,58.88,57.34,49.2051,0.8677,74.5462,10.58
,Night,0,Practice,Unexpected,Amber,Left,58.98,57.44,49.2619,0.8667,74.0792,10.57
,Night,0,Practice,Unexpected,Amber,Left,59.08,57.54,49.3064,0.8670,73.6098,10.54
,Night,0,Practice,Unexpected,Amber,Left,59.18,57.64,49.3314,0.8668,73.1405,10.52
,Night,0,Practice,Unexpected,Amber,Left,59.29,57.75,49.3392,0.8670,72.6713,10.50
,Night,0,Practice,Unexpected,Amber,Left,59.39,57.85,49.3299,0.8670,72.2032,10.48
,Night,0,Practice,Unexpected,Amber,Left,59.49,57.95,49.3051,0.8670,71.7364,10.46
,Night,0,Practice,Unexpected,Amber,Left,59.60,58.06,49.2638,0.8670,71.2717,10.44
,Night,0,Practice,Unexpected,Amber,Left,59.70,58.16,49.1936,0.8668,70.7173,10.42
,Night,0,Practice,Unexpected,Amber,Left,59.81,58.26,49.1181,0.8667,70.2588,10.40
,Night,0,Practice,Unexpected,Amber,Left,59.91,58.37,49.0278,0.8669,69.8034,10.38
,Night,0,Practice,Unexpected,Amber,Left,60.01,58.47,48.9223,0.8669,69.3524,10.37
,Night,0,Practice,Unexpected,Amber,Left,60.12,58.58,48.8017,0.8669,68.9060,10.35
,Night,0,Practice,Unexpected,Amber,Left,60.22,58.68,48.6664,0.8669,68.4645,10.33
,Night,0,Practice,Unexpected,Amber,Left,60.32,58.78,48.4855,0.8670,67.9421,10.31
,Night,0,Practice,Unexpected,Amber,Left,60.42,58.88,48.3191,0.8668,67.5133,10.29
,Night,0,Practice,Unexpected,Amber,Left,60.53,58.99,48.1386,0.8667,67.0912,10.27
,Night,0,Practice,Unexpected,Amber,Left,60.63,59.09,47.9447,0.8670,66.6757,10.26
,Night,0,Practice,Unexpected,Amber,Left,60.74,59.19,47.7371,0.8669,66.2679,10.24
,Night,0,Practice,Unexpected,Amber,Left,60.84,59.30,47.4710,0.8668,65.7886,10.22
,Night,0,Practice,Unexpected,Amber,Left,60.94,59.40,47.2348,0.8670,65.3986,10.20
,Night,0,Practice,Unexpected,Amber,Left,61.04,59.50,46.9860,0.8669,65.0160,10.26
,Night,0,Practice,Unexpected,Amber,Left,61.15,59.61,46.7201,0.8672,64.6354,10.51
,Night,0,Practice,Unexpected,Amber,Left,61.25,59.71,46.4320,0.8673,64.2503,10.95
,Night,0,Practice,Unexpected,Amber,Left,61.35,59.81,46.1137,0.8693,63.8553,11.59
,Night,0,Practice,Unexpected,Amber,Left,61.45,59.91,45.7669,0.8677,63.4511,12.18
,Night,0,Practice,Unexpected,Amber,Left,61.55,60.01,45.3802,0.8686,63.0387,12.89
,Night,0,Practice,Unexpected,Amber,Left,61.66,60.12,44.9644,0.8672,62.6205,13.48
,Night,0,Practice,Unexpected,Amber,Left,61.76,60.22,44.4128,0.8682,62.1149,14.26
,Night,0,Practice,Unexpected,Amber,Left,61.87,60.32,43.9114,0.8657,61.6958,14.93
,Night,0,Practice,Unexpected,Amber,Left,61.97,60.43,43.3747,0.8680,61.2773,15.41
,Night,0,Practice,Unexpected,Amber,Left,62.07,60.53,42.7935,0.8678,60.8725,16.09
,Night,0,Practice,Unexpected,Amber,Left,62.18,60.63,42.1696,0.8686,60.4810,16.76
,Night,0,Practice,Unexpected,Amber,Left,62.28,60.74,41.5059,0.8675,60.1058,17.30
,Night,0,Practice,Unexpected,Amber,Left,62.38,60.84,40.7984,0.8694,59.7543,17.97
,Night,0,Practice,Unexpected,Amber,Left,62.48,60.94,39.8987,0.8694,59.3653,18.66
,Night,0,Practice,Unexpected,Amber,Left,62.58,61.04,39.1072,0.8678,59.0730,19.11
,Night,0,Practice,Unexpected,Amber,Left,62.68,61.14,38.2765,0.8682,58.8200,19.70
,Night,0,Practice,Unexpected,Amber,Left,62.79,61.24,37.4117,0.8679,58.6051,20.12
,Night,0,Practice,Unexpected,Amber,Left,62.89,61.35,36.5163,0.8672,58.4354,20.54
,Night,0,Practice,Unexpected,Amber,Left,63.00,61.46,35.5934,0.8678,58.3156,20.93
,Night,0,Practice,Unexpected,Amber,Left,63.10,61.56,34.6464,0.8725,58.2542,21.37
,Night,0,Practice,Unexpected,Amber,Left,63.20,61.66,33.4942,0.8683,58.2450,21.72
,Night,0,Practice,Unexpected,Amber,Left,63.31,61.77,32.5214,0.8703,58.3078,21.89
,Night,0,Practice,Unexpected,Amber,Left,63.42,61.87,31.5478,0.8719,58.4351,22.13
,Night,0,Practice,Unexpected,Amber,Left,63.52,61.98,30.5761,0.8783,58.6298,22.26
,Night,0,Practice,Unexpected,Amber,Left,63.62,62.08,29.4234,0.8816,58.9426,22.36
,Night,0,Practice,Unexpected,Amber,Left,63.73,62.18,28.4811,0.8831,59.2714,22.41
,Night,0,Practice,Unexpected,Amber,Left,63.83,62.29,27.5592,0.8847,59.6603,22.45
,Night,0,Practice,Unexpected,Amber,Left,63.93,62.39,26.6648,0.8852,60.1081,22.45
,Night,0,Practice,Unexpected,Amber,Left,64.03,62.49,25.7725,0.8659,60.5855,22.73
,Night,0,Practice,Unexpected,Amber,Left,64.14,62.60,24.8893,0.8652,61.1299,23.55
,Night,0,Practice,Unexpected,Amber,Left,64.24,62.70,24.0032,0.8712,61.7233,24.01
,Night,0,Practice,Unexpected,Amber,Left,64.34,62.80,23.0974,0.8643,62.3406,24.79
,Night,0,Practice,Unexpected,Amber,Left,64.44,62.90,22.1456,0.8764,62.9742,25.87
,Night,0,Practice,Unexpected,Amber,Left,64.54,63.00,20.9379,0.8869,63.7314,27.18
,Night,0,Practice,Unexpected,Amber,Left,64.64,63.10,19.8652,0.8844,64.3691,28.40
,Night,0,Practice,Unexpected,Amber,Left,64.74,63.20,18.7371,0.8765,65.0122,29.51
,Night,0,Practice,Unexpected,Amber,Left,64.84,63.30,17.5600,0.8643,65.6611,30.45
,Night,0,Practice,Unexpected,Amber,Left,64.95,63.40,16.3587,0.8725,66.3392,31.11
,Night,0,Practice,Unexpected,Amber,Left,65.05,63.51,15.1622,0.8661,67.0606,31.59
,Night,0,Practice,Unexpected,Amber,Left,65.15,63.61,13.9689,0.8698,67.8214,31.87
,Night,0,Practice,Unexpected,Amber,Left,65.25,63.71,12.8025,0.8732,68.6410,31.98
,Night,0,Practice,Unexpected,Amber,Left,65.35,63.81,11.6664,0.8721,69.5093,32.05
,Night,0,Practice,Unexpected,Amber,Left,65.46,63.92,10.5700,0.8692,70.4278,32.01
,Night,0,Practice,Unexpected,Amber,Left,65.56,64.02,9.5234,0.8722,71.3977,31.99
,Night,0,Practice,Unexpected,Amber,Left,65.66,64.12,8.5315,0.8824,72.4124,31.67
,Night,0,Practice,Unexpected,Amber,Left,65.76,64.22,7.5926,0.8882,73.4526,31.26
,Night,0,Practice,Unexpected,Amber,Left,65.86,64.32,6.5398,0.8929,74.7320,30.76
,Night,0,Practice,Unexpected,Amber,Left,65.97,64.43,5.7264,0.8961,75.8231,30.36
,Night,0,Practice,Unexpected,Amber,Left,66.07,64.53,4.9704,0.8979,76.9327,29.94
,Night,0,Practice,Unexpected,Amber,Left,66.17,64.63,4.2665,0.8943,78.0544,29.49
,Night,0,Practice,Unexpected,Amber,Left,66.28,64.74,3.6077,0.8807,79.1830,29.04
,Night,0,Practice,Unexpected,Amber,Left,66.38,64.84,2.9979,0.8612,80.3180,28.64
,Night,0,Practice,Unexpected,Amber,Left,66.48,64.94,2.3941,0.8847,81.7105,28.17
,Night,0,Practice,Unexpected,Amber,Left,66.58,65.04,1.9462,0.8958,82.8697,27.68
,Night,0,Practice,Unexpected,Amber,Left,66.68,65.14,1.5470,0.8988,84.0259,27.21
,Night,0,Practice,Unexpected,Amber,Left,66.79,65.24,1.1976,0.8945,85.1785,26.76
,Night,0,Practice,Unexpected,Amber,Left,66.89,65.34,0.8992,0.8834,86.3271,26.35
,Night,0,Practice,Unexpected,Amber,Left,66.99,65.45,0.6509,0.8637,87.4710,26.00
,Night,0,Practice,Unexpected,Amber,Left,67.09,65.55,0.4889,0.8737,88.6293,26.13
,Night,0,Practice,Unexpected,Amber,Left,67.20,65.66,0.3573,0.8658,89.7835,25.89
,Night,0,Practice,Unexpected,Amber,Left,67.33,65.79,0.2665,0.8687,91.4051,25.87
,Night,0,Practice,Unexpected,Amber,Left,67.43,65.89,0.2557,0.8686,92.5576,25.73
,Night,0,Practice,Unexpected,Amber,Left,67.53,65.99,0.2955,0.8680,93.7017,25.57
,Night,0,Practice,Unexpected,Amber,Left,67.64,66.10,0.3752,0.8681,94.8402,25.52
,Night,0,Practice,Unexpected,Amber,Left,67.75,66.21,0.5202,0.8667,96.1984,25.44
,Night,0,Practice,Unexpected,Amber,Left,67.85,66.31,0.7050,0.8732,97.3130,25.22
,Night,0,Practice,Unexpected,Amber,Left,67.96,66.42,0.9306,0.8684,98.4112,25.01
,Night,0,Practice,Unexpected,Amber,Left,68.06,66.52,1.2923,0.8806,99.6904,24.73
,Night,0,Practice,Unexpected,Amber,Left,68.17,66.62,1.6008,0.8637,100.7509,24.71
,Night,0,Practice,Unexpected,Amber,Left,68.27,66.73,1.9315,0.8531,101.8015,24.61
,Night,0,Practice,Unexpected,Amber,Left,68.37,66.83,2.2409,0.8584,102.8542,24.48
,Night,0,Practice,Unexpected,Amber,Left,68.48,66.93,2.5166,0.8754,103.9087,24.30
,Night,0,Practice,Unexpected,Amber,Left,68.58,67.04,2.8159,0.8662,105.1715,24.13
,Night,0,Practice,Unexpected,Amber,Left,68.68,67.14,2.9948,0.8715,106.2293,23.96
,Night,0,Practice,Unexpected,Amber,Left,68.78,67.24,3.1236,0.8689,107.2865,23.77
,Night,0,Practice,Unexpected,Amber,Left,68.89,67.35,3.1916,0.8701,108.3409,23.57
,Night,0,Practice,Unexpected,Amber,Left,68.99,67.45,3.2005,0.8704,109.3871,23.36
,Night,0,Practice,Unexpected,Amber,Left,69.10,67.56,3.1552,0.8696,110.4224,23.17
,Night,0,Practice,Unexpected,Amber,Left,69.20,67.66,3.0704,0.8644,111.6612,23.11
,Night,0,Practice,Unexpected,Amber,Left,69.31,67.77,2.9995,0.8643,112.6896,23.03
,Night,0,Practice,Unexpected,Amber,Left,69.41,67.87,2.9565,0.8658,113.7142,22.88
,Night,0,Practice,Unexpected,Amber,Left,69.51,67.97,2.9331,0.8708,114.7344,22.72
,Night,0,Practice,Unexpected,Amber,Left,69.62,68.08,2.9488,0.8675,115.7440,22.58
,Night,0,Practice,Unexpected,Amber,Left,69.72,68.18,3.0312,0.8683,116.9467,22.41
,Night,0,Practice,Unexpected,Amber,Left,69.82,68.28,3.1615,0.8706,117.9357,22.31
,Night,0,Practice,Unexpected,Amber,Left,69.93,68.39,3.3251,0.8631,118.9249,22.62
,Night,0,Practice,Unexpected,Amber,Left,70.03,68.49,3.5012,0.8645,119.9357,23.06
,Night,0,Practice,Unexpected,Amber,Left,70.14,68.60,3.6697,0.8707,120.9723,23.61
,Night,0,Practice,Unexpected,Amber,Left,70.24,68.70,3.8396,0.8744,122.2397,24.12
,Night,0,Practice,Unexpected,Amber,Left,70.35,68.80,3.9466,0.8671,123.3163,24.49
,Night,0,Practice,Unexpected,Amber,Left,70.45,68.91,3.9972,0.8731,124.4191,24.79
,Night,0,Practice,Unexpected,Amber,Left,70.55,69.01,3.9991,0.8715,125.5320,25.10
,Night,0,Practice,Unexpected,Amber,Left,70.65,69.11,3.9289,0.8820,126.6573,25.33
,Night,0,Practice,Unexpected,Amber,Left,70.76,69.22,3.8128,0.8800,127.7862,25.53
,Night,0,Practice,Unexpected,Amber,Left,70.86,69.32,3.6128,0.8644,129.1498,25.96
,Night,0,Practice,Unexpected,Amber,Left,70.97,69.43,3.3443,0.8808,130.2891,26.32
,Night,0,Practice,Unexpected,Amber,Left,71.07,69.53,3.0276,0.8873,131.4245,26.50
,Night,0,Practice,Unexpected,Amber,Left,71.17,69.63,2.6733,0.8761,132.5599,26.72
,Night,0,Practice,Unexpected,Amber,Left,71.28,69.74,2.2640,0.8657,133.6946,27.29
,Night,0,Practice,Unexpected,Amber,Left,71.38,69.84,1.6856,0.8698,135.0625,27.88
,Night,0,Practice,Unexpected,Amber,Left,71.49,69.95,1.1513,0.8700,136.2119,28.79
,Night,0,Practice,Unexpected,Amber,Left,71.59,70.05,0.5750,0.8707,137.3822,29.53
,Night,0,Practice,Unexpected,Amber,Left,71.70,70.16,-0.0433,0.8689,138.5831,30.61
,Night,0,Practice,Unexpected,Amber,Left,71.80,70.26,-0.8262,0.8750,140.0812,31.89
,Night,0,Practice,Unexpected,Amber,Left,71.91,70.37,-1.4914,0.8701,141.3712,32.98
,Night,0,Practice,Unexpected,Amber,Left,72.01,70.47,-1.7936,0.9037,142.2707,12.84
,Night,0,Practice,Unexpected,Amber,Left,72.12,70.57,-1.7516,0.9584,142.7292,11.83
,Night,0,Practice,Unexpected,Amber,Left,72.22,70.68,-1.6991,1.0854,143.1203,10.53
,Night,0,Practice,Unexpected,Amber,Left,72.32,70.78,-1.7563,1.2000,143.5899,8.44
,Night,0,Practice,Unexpected,Amber,Left,72.43,70.89,-1.6087,1.2079,143.8366,8.12
,Night,0,Practice,Unexpected,Amber,Left,72.53,70.99,-1.4489,1.1635,144.0817,7.57
,Night,0,Practice,Unexpected,Amber,Left,72.64,71.09,-1.3659,1.1413,144.3388,7.13
,Night,0,Practice,Unexpected,Amber,Left,72.74,71.20,-1.3672,1.1582,144.5811,6.37
,Night,0,Practice,Unexpected,Amber,Left,72.84,71.30,-1.3936,1.1722,144.8083,5.50
,Night,0,Practice,Unexpected,Amber,Left,72.94,71.40,-1.3483,1.1797,145.0376,4.82
,Night,0,Practice,Unexpected,Amber,Left,73.04,71.50,-1.3061,1.1890,145.2167,4.50
,Night,0,Practice,Unexpected,Amber,Left,73.14,71.60,-1.2710,1.1970,145.3857,4.00
,Night,0,Practice,Unexpected,Amber,Left,73.25,71.71,-1.2351,1.1985,145.5395,3.73
,Night,0,Practice,Unexpected,Amber,Left,73.35,71.81,-1.2063,1.2094,145.6799,2.82
,Night,0,Practice,Unexpected,Amber,Left,73.45,71.91,-1.1621,1.2108,145.8040,2.37
,Night,0,Practice,Unexpected,Amber,Left,73.55,72.01,-1.1206,1.1999,145.9121,2.57
,Night,0,Practice,Unexpected,Amber,Left,73.66,72.12,-1.0828,1.2090,146.0056,1.93
,Night,0,Practice,Unexpected,Amber,Left,73.76,72.22,-1.0303,1.2125,146.0964,1.43
,Night,0,Practice,Unexpected,Amber,Left,73.86,72.32,-0.9744,1.2064,146.1561,1.52
,Night,0,Practice,Unexpected,Amber,Left,73.96,72.42,-0.9359,1.2040,146.2063,1.19
,Night,0,Practice,Unexpected,Amber,Left,74.06,72.52,-0.8820,1.2034,146.2494,1.14
,Night,0,Practice,Unexpected,Amber,Left,74.17,72.63,-0.8355,1.1842,146.2846,1.42
,Night,0,Practice,Unexpected,Amber,Left,74.27,72.73,-0.7900,1.1916,146.3118,1.10
,Night,0,Practice,Unexpected,Amber,Left,74.37,72.83,-0.7437,1.1763,146.3413,1.39
,Night,0,Practice,Unexpected,Amber,Left,74.47,72.93,-0.6940,1.1620,146.3579,1.20
,Night,0,Practice,Unexpected,Amber,Left,74.57,73.03,-0.6519,1.1592,146.3694,1.20
,Night,0,Practice,Unexpected,Amber,Left,74.68,73.14,-0.6066,1.1480,146.3824,1.33
,Night,0,Practice,Unexpected,Amber,Left,74.78,73.24,-0.5671,1.1334,146.3760,1.39
,Night,0,Practice,Unexpected,Amber,Left,74.88,73.34,-0.5210,1.1121,146.3796,1.20
,Night,0,Practice,Unexpected,Amber,Left,74.98,73.44,-0.4803,1.0976,146.3689,1.00
,Night,0,Practice,Unexpected,Amber,Left,75.08,73.54,-0.4555,1.1064,146.3533,0.61
,Night,0,Practice,Unexpected,Amber,Left,75.19,73.65,-0.4404,1.0978,146.3476,0.67
,Night,0,Practice,Unexpected,Amber,Left,75.29,73.75,-0.4342,1.1095,146.3542,0.47
,Night,0,Practice,Unexpected,Amber,Left,75.40,73.86,-0.4246,1.0876,146.3643,0.92
,Night,0,Practice,Unexpected,Amber,Left,75.50,73.96,-0.4124,1.0934,146.3785,0.46
,Night,0,Practice,Unexpected,Amber,Left,75.61,74.07,-0.3993,1.1005,146.3855,0.36
,Night,0,Practice,Unexpected,Amber,Left,75.71,74.17,-0.3882,1.0793,146.3876,1.11
,Night,0,Practice,Unexpected,Amber,Left,75.81,74.27,-0.3722,1.0047,146.3924,2.41
,Night,0,Practice,Unexpected,Amber,Left,75.92,74.37,-0.3566,0.8693,146.3953,3.09
,Night,0,Practice,Unexpected,Amber,Left,76.02,74.47,-0.3845,0.8440,146.4241,0.90
,Night,0,Practice,Unexpected,Amber,Left,76.12,74.58,-0.4203,0.8531,146.4377,1.31
,Night,0,Practice,Unexpected,Amber,Left,76.22,74.68,-0.4662,0.8576,146.4613,1.65
,Night,0,Practice,Unexpected,Amber,Left,76.32,74.78,-0.5195,0.8630,146.5065,1.70
,Night,0,Practice,Unexpected,Amber,Left,76.43,74.89,-0.5660,0.8632,146.5461,1.68
,Night,0,Practice,Unexpected,Amber,Left,76.53,74.99,-0.6097,0.8629,146.5826,1.40
,Night,0,Practice,Unexpected,Amber,Left,76.63,75.09,-0.6319,0.8652,146.6026,0.64
,Night,0,Practice,Unexpected,Amber,Left,76.73,75.19,-0.6313,0.8649,146.6042,0.23
,Night,0,Practice,Unexpected,Amber,Left,76.84,75.30,-0.6070,0.8631,146.5932,0.96
,Night,0,Practice,Unexpected,Amber,Left,76.94,75.40,-0.5356,0.8640,146.5634,1.80
,Night,0,Practice,Unexpected,Amber,Left,77.05,75.51,-0.4450,0.8644,146.5266,2.45
,Night,0,Practice,Unexpected,Amber,Left,77.15,75.61,-0.3261,0.8641,146.4796,3.12
,Night,0,Practice,Unexpected,Amber,Left,77.25,75.71,-0.1803,0.8643,146.4213,3.78
,Night,0,Practice,Unexpected,Amber,Left,77.36,75.81,-0.0081,0.8646,146.3481,4.46
,Night,0,Practice,Unexpected,Amber,Left,77.46,75.92,0.2242,0.8649,146.2278,5.22
,Night,0,Practice,Unexpected,Amber,Left,77.57,76.03,0.4371,0.8656,146.0958,5.86
,Night,0,Practice,Unexpected,Amber,Left,77.67,76.13,0.6668,0.8648,145.9384,6.52
,Night,0,Practice,Unexpected,Amber,Left,77.77,76.23,0.9150,0.8655,145.7554,7.14
,Night,0,Practice,Unexpected,Amber,Left,77.88,76.33,1.1851,0.8648,145.5526,7.80
,Night,0,Practice,Unexpected,Amber,Left,77.98,76.44,1.4827,0.8645,145.3354,8.46
,Night,0,Practice,Unexpected,Amber,Left,78.08,76.54,1.8783,0.8648,145.0710,9.27
,Night,0,Practice,Unexpected,Amber,Left,78.19,76.64,2.2487,0.8659,144.8552,9.89
,Night,0,Practice,Unexpected,Amber,Left,78.29,76.75,2.6552,0.8654,144.6412,10.57
,Night,0,Practice,Unexpected,Amber,Left,78.39,76.85,3.0917,0.8645,144.4124,11.22
,Night,0,Practice,Unexpected,Amber,Left,78.49,76.95,3.5478,0.8656,144.1675,11.78
,Night,0,Practice,Unexpected,Amber,Left,78.59,77.05,4.0235,0.8677,143.9051,12.42
,Night,0,Practice,Unexpected,Amber,Left,78.70,77.16,4.5232,0.8665,143.6358,12.74
,Night,0,Practice,Unexpected,Amber,Left,78.80,77.26,5.1237,0.8685,143.3301,12.59
,Night,0,Practice,Unexpected,Amber,Left,78.90,77.36,5.6209,0.8690,143.0990,12.25
,Night,0,Practice,Unexpected,Amber,Left,79.01,77.47,6.1125,0.8717,142.9046,11.56
,Night,0,Practice,Unexpected,Amber,Left,79.11,77.57,6.5931,0.8666,142.7528,11.08
,Night,0,Practice,Unexpected,Amber,Left,79.21,77.67,7.0507,0.8683,142.6555,10.13
,Night,0,Practice,Unexpected,Amber,Left,79.31,77.77,7.4769,0.8680,142.5914,9.36
,Night,0,Practice,Unexpected,Amber,Left,79.42,77.88,7.8696,0.8682,142.5476,8.61
,Night,0,Practice,Unexpected,Amber,Left,79.52,77.98,8.2261,0.8694,142.5125,7.83
,Night,0,Practice,Unexpected,Amber,Left,79.62,78.08,8.6144,0.8694,142.4783,6.83
,Night,0,Practice,Unexpected,Amber,Left,79.73,78.18,8.8995,0.8694,142.4465,6.13
,Night,0,Practice,Unexpected,Amber,Left,79.83,78.29,9.1536,0.8692,142.4138,5.44
,Night,0,Practice,Unexpected,Amber,Left,79.93,78.39,9.3763,0.8696,142.3812,4.76
,Night,0,Practice,Unexpected,Amber,Left,80.04,78.50,9.5680,0.8694,142.3490,4.07
,Night,0,Practice,Unexpected,Amber,Left,80.14,78.60,9.7294,0.8696,142.3201,3.39
,Night,0,Practice,Unexpected,Amber,Left,80.24,78.70,9.8829,0.8698,142.2907,2.58
,Night,0,Practice,Unexpected,Amber,Left,80.35,78.81,9.9780,0.8698,142.2710,1.89
,Night,0,Practice,Unexpected,Amber,Left,80.46,78.91,10.0434,0.8697,142.2580,1.24
,Night,0,Practice,Unexpected,Amber,Left,80.56,79.02,10.0799,0.8726,142.2522,0.56
,Night,0,Practice,Unexpected,Amber,Left,80.66,79.12,10.0855,0.8748,142.2556,0.27
,Night,0,Practice,Unexpected,Amber,Left,80.76,79.22,10.0580,0.8744,142.2675,0.93
,Night,0,Practice,Unexpected,Amber,Left,80.87,79.33,10.0025,0.8709,142.2849,1.59
,Night,0,Practice,Unexpected,Amber,Left,80.97,79.43,9.9164,0.8671,142.3073,2.26
,Night,0,Practice,Unexpected,Amber,Left,81.07,79.53,9.7999,0.8702,142.3359,2.91
,Night,0,Practice,Unexpected,Amber,Left,81.17,79.63,9.6561,0.8700,142.3709,3.58
,Night,0,Practice,Unexpected,Amber,Left,81.27,79.73,9.4823,0.8698,142.4104,4.24
,Night,0,Practice,Unexpected,Amber,Left,81.37,79.83,9.2790,0.8706,142.4533,4.90
,Night,0,Practice,Unexpected,Amber,Left,81.48,79.94,9.0468,0.8697,142.4991,5.57
,Night,0,Practice,Unexpected,Amber,Left,81.58,80.04,8.7282,0.8702,142.5566,6.36
,Night,0,Practice,Unexpected,Amber,Left,81.69,80.15,8.4295,0.8698,142.6030,7.03
,Night,0,Practice,Unexpected,Amber,Left,81.79,80.25,8.1015,0.8701,142.6480,7.67
,Night,0,Practice,Unexpected,Amber,Left,81.89,80.35,7.7429,0.8698,142.6878,8.34
,Night,0,Practice,Unexpected,Amber,Left,82.00,80.46,7.3550,0.8696,142.7220,8.99
,Night,0,Practice,Unexpected,Amber,Left,82.10,80.56,6.8498,0.8694,142.7512,9.76
,Night,0,Practice,Unexpected,Amber,Left,82.21,80.66,6.3960,0.8691,142.7627,10.42
,Night,0,Practice,Unexpected,Amber,Left,82.31,80.77,5.9149,0.8716,142.7628,11.08
,Night,0,Practice,Unexpected,Amber,Left,82.41,80.87,5.4030,0.8670,142.7427,11.76
,Night,0,Practice,Unexpected,Amber,Left,82.52,80.97,4.8648,0.8696,142.7054,12.34
,Night,0,Practice,Unexpected,Amber,Left,82.62,81.08,4.2997,0.8694,142.6435,12.98
,Night,0,Practice,Unexpected,Amber,Left,82.72,81.18,3.5893,0.8680,142.5333,13.79
,Night,0,Practice,Unexpected,Amber,Left,82.82,81.28,2.9733,0.8688,142.4096,14.28
,Night,0,Practice,Unexpected,Amber,Left,82.93,81.39,2.3457,0.8676,142.2582,14.55
,Night,0,Practice,Unexpected,Amber,Left,83.03,81.49,1.7182,0.8675,142.0746,14.66
,Night,0,Practice,Unexpected,Amber,Left,83.13,81.59,1.1001,0.8660,141.8610,14.63
,Night,0,Practice,Unexpected,Amber,Left,83.24,81.70,0.4928,0.8678,141.6253,14.56
,Night,0,Practice,Unexpected,Amber,Left,83.34,81.80,-0.2169,0.8687,141.3040,14.52
,Night,0,Practice,Unexpected,Amber,Left,83.44,81.90,-0.7916,0.8680,141.0058,14.48
,Night,0,Practice,Unexpected,Amber,Left,83.55,82.01,-1.3505,0.8671,140.6833,14.44
,Night,0,Practice,Unexpected,Amber,Left,83.65,82.11,-1.8895,0.8676,140.3319,14.38
,Night,0,Practice,Unexpected,Amber,Left,83.75,82.21,-2.4140,0.8672,139.9593,14.45
,Night,0,Practice,Unexpected,Amber,Left,83.86,82.32,-2.9250,0.8675,139.5545,14.75
,Night,0,Practice,Unexpected,Amber,Left,83.96,82.42,-3.5297,0.8667,139.0198,15.35
,Night,0,Practice,Unexpected,Amber,Left,84.07,82.53,-4.0309,0.8684,138.5322,15.96
,Night,0,Practice,Unexpected,Amber,Left,84.17,82.63,-4.5268,0.8678,138.0000,16.50
,Night,0,Practice,Unexpected,Amber,Left,84.27,82.73,-5.0129,0.8672,137.4236,17.11
,Night,0,Practice,Unexpected,Amber,Left,84.38,82.84,-5.4862,0.8686,136.8014,17.72
,Night,0,Practice,Unexpected,Amber,Left,84.48,82.94,-5.9434,0.8693,136.1361,18.24
,Night,0,Practice,Unexpected,Amber,Left,84.58,83.04,-6.3810,0.8718,135.4274,18.81
,Night,0,Practice,Unexpected,Amber,Left,84.68,83.14,-6.7890,0.8679,134.6768,19.36
,Night,0,Practice,Unexpected,Amber,Left,84.78,83.24,-7.2434,0.8682,133.7242,19.98
,Night,0,Practice,Unexpected,Amber,Left,84.88,83.34,-7.5818,0.8683,132.8863,20.46
,Night,0,Practice,Unexpected,Amber,Left,84.99,83.45,-7.8776,0.8743,132.0105,21.03
,Night,0,Practice,Unexpected,Amber,Left,85.09,83.55,-8.1339,0.8721,131.0995,21.24
,Night,0,Practice,Unexpected,Amber,Left,85.19,83.65,-8.3411,0.8701,130.1638,21.67
,Night,0,Practice,Unexpected,Amber,Left,85.29,83.75,-8.5038,0.8651,129.2009,22.14
,Night,0,Practice,Unexpected,Amber,Left,85.39,83.85,-8.6544,0.8714,128.1814,23.30
,Night,0,Practice,Unexpected,Amber,Left,85.50,83.96,-8.8018,0.8706,127.1264,24.14
,Night,0,Practice,Unexpected,Amber,Left,85.60,84.06,-8.9738,0.8724,126.0499,24.61
,Night,0,Practice,Unexpected,Amber,Left,85.70,84.16,-9.2177,0.8671,124.7402,25.10
,Night,0,Practice,Unexpected,Amber,Left,85.81,84.27,-9.4351,0.8674,123.6364,25.23
,Night,0,Practice,Unexpected,Amber,Left,85.92,84.38,-9.6531,0.8678,122.5300,25.22
,Night,0,Practice,Unexpected,Amber,Left,86.02,84.48,-9.8576,0.8691,121.4230,25.17
,Night,0,Practice,Unexpected,Amber,Left,86.12,84.58,-10.0688,0.8709,120.0925,25.00
,Night,0,Practice,Unexpected,Amber,Left,86.23,84.69,-10.2175,0.8671,118.9905,24.83
,Night,0,Practice,Unexpected,Amber,Left,86.33,84.79,-10.3095,0.8671,117.8912,24.64
,Night,0,Practice,Unexpected,Amber,Left,86.43,84.89,-10.3441,0.8725,116.7969,24.44
,Night,0,Practice,Unexpected,Amber,Left,86.54,84.99,-10.3288,0.8670,115.7121,24.23
,Night,0,Practice,Unexpected,Amber,Left,86.64,85.10,-10.2470,0.8759,114.6378,24.02
,Night,0,Practice,Unexpected,Amber,Left,86.74,85.20,-10.0845,0.8718,113.3698,23.75
,Night,0,Practice,Unexpected,Amber,Left,86.85,85.31,-9.8810,0.8700,112.3368,23.49
,Night,0,Practice,Unexpected,Amber,Left,86.95,85.41,-9.6151,0.8737,111.3286,23.25
,Night,0,Practice,Unexpected,Amber,Left,87.05,85.51,-9.2993,0.8701,110.3476,22.99
,Night,0,Practice,Unexpected,Amber,Left,87.15,85.61,-8.9282,0.8684,109.3978,22.71
,Night,0,Practice,Unexpected,Amber,Left,87.26,85.72,-8.4960,0.8756,108.4892,22.45
,Night,0,Practice,Unexpected,Amber,Left,87.36,85.82,-7.9490,0.8615,107.4178,22.41
,Night,0,Practice,Unexpected,Amber,Left,87.46,85.92,-7.4791,0.8592,106.5358,22.33
,Night,0,Practice,Unexpected,Amber,Left,87.57,86.03,-7.0304,0.8623,105.6481,22.21
,Night,0,Practice,Unexpected,Amber,Left,87.67,86.13,-6.6073,0.8729,104.7528,22.04
,Night,0,Practice,Unexpected,Amber,Left,87.78,86.24,-6.2088,0.8675,103.8566,21.91
,Night,0,Practice,Unexpected,Amber,Left,87.88,86.34,-5.8648,0.8673,102.9454,21.77
,Night,0,Practice,Unexpected,Amber,Left,87.98,86.44,-5.5191,0.8674,101.8378,21.57
,Night,0,Practice,Unexpected,Amber,Left,88.09,86.54,-5.2899,0.8674,100.9063,21.42
,Night,0,Practice,Unexpected,Amber,Left,88.19,86.65,-5.1201,0.8685,99.9707,21.24
,Night,0,Practice,Unexpected,Amber,Left,88.29,86.75,-5.0028,0.8688,99.0342,21.06
,Night,0,Practice,Unexpected,Amber,Left,88.39,86.85,-4.9475,0.8709,98.1020,20.87
,Night,0,Practice,Unexpected,Amber,Left,88.49,86.95,-4.9423,0.8678,97.1739,20.67
,Night,0,Practice,Unexpected,Amber,Left,88.59,87.05,-4.9981,0.8665,96.2573,20.51
,Night,0,Practice,Unexpected,Amber,Left,88.70,87.15,-5.1137,0.8703,95.3540,20.32
,Night,0,Practice,Unexpected,Amber,Left,88.80,87.26,-5.2678,0.8674,94.4657,20.20
,Night,0,Practice,Unexpected,Amber,Left,88.90,87.36,-5.4634,0.8636,93.4027,20.13
,Night,0,Practice,Unexpected,Amber,Left,89.01,87.46,-5.6087,0.8644,92.5171,20.03
,Night,0,Practice,Unexpected,Amber,Left,89.11,87.57,-5.7296,0.8722,91.6315,19.87
,Night,0,Practice,Unexpected,Amber,Left,89.21,87.67,-5.8252,0.8662,90.7526,19.75
,Night,0,Practice,Unexpected,Amber,Left,89.32,87.77,-5.8658,0.8678,89.8762,19.61
,Night,0,Practice,Unexpected,Amber,Left,89.42,87.88,-5.8652,0.8681,89.0026,19.50
,Night,0,Practice,Unexpected,Amber,Left,89.52,87.98,-5.8144,0.8681,88.1377,19.36
,Night,0,Practice,Unexpected,Amber,Left,89.62,88.08,-5.6932,0.8703,87.1116,19.23
,Night,0,Practice,Unexpected,Amber,Left,89.72,88.18,-5.5366,0.8693,86.2719,19.06
,Night,0,Practice,Unexpected,Amber,Left,89.83,88.29,-5.3379,0.8675,85.4462,18.96
,Night,0,Practice,Unexpected,Amber,Left,89.94,88.40,-5.0860,0.8681,84.6427,18.81
,Night,0,Practice,Unexpected,Amber,Left,90.04,88.50,-4.7870,0.8699,83.8617,18.67
,Night,0,Practice,Unexpected,Amber,Left,90.14,88.60,-4.4404,0.8714,83.1076,18.51
,Night,0,Practice,Unexpected,Amber,Left,90.24,88.70,-4.0604,0.8696,82.3777,18.40
,Night,0,Practice,Unexpected,Amber,Left,90.35,88.80,-3.5919,0.8557,81.5098,18.38
,Night,0,Practice,Unexpected,Amber,Left,90.45,88.91,-3.2111,0.8577,80.7844,18.31
,Night,0,Practice,Unexpected,Amber,Left,90.55,89.01,-2.8508,0.8699,80.0511,18.19
,Night,0,Practice,Unexpected,Amber,Left,90.66,89.12,-2.5126,0.8680,79.3167,18.04
,Night,0,Practice,Unexpected,Amber,Left,90.76,89.22,-2.1678,0.8697,78.4192,17.90
,Night,0,Practice,Unexpected,Amber,Left,90.87,89.32,-1.9262,0.8673,77.6609,17.80
,Night,0,Practice,Unexpected,Amber,Left,90.97,89.43,-1.7256,0.8669,76.8943,17.70
,Night,0,Practice,Unexpected,Amber,Left,91.08,89.54,-1.5705,0.8673,76.1212,17.60
,Night,0,Practice,Unexpected,Amber,Left,91.18,89.64,-1.4406,0.8666,75.1910,17.49
,Night,0,Practice,Unexpected,Amber,Left,91.29,89.75,-1.3841,0.8662,74.4144,17.39
,Night,0,Practice,Unexpected,Amber,Left,91.39,89.85,-1.3628,0.8678,73.6404,17.30
,Night,0,Practice,Unexpected,Amber,Left,91.49,89.95,-1.3914,0.8679,72.8706,17.21
,Night,0,Practice,Unexpected,Amber,Left,91.60,90.06,-1.4553,0.8687,72.1071,17.13
,Night,0,Practice,Unexpected,Amber,Left,91.70,90.16,-1.5580,0.8708,71.1967,17.06
,Night,0,Practice,Unexpected,Amber,Left,91.80,90.26,-1.6294,0.8688,70.4399,17.00
,Night,0,Practice,Unexpected,Amber,Left,91.90,90.36,-1.6828,0.8678,69.6846,16.89
,Night,0,Practice,Unexpected,Amber,Left,92.01,90.46,-1.7073,0.8744,68.9374,16.74
,Night,0,Practice,Unexpected,Amber,Left,92.11,90.57,-1.6923,0.8712,68.1938,16.58
,Night,0,Practice,Unexpected,Amber,Left,92.21,90.67,-1.6340,0.8697,67.4567,16.47
,Night,0,Practice,Unexpected,Amber,Left,92.31,90.77,-1.5361,0.8680,66.7288,16.42
,Night,0,Practice,Unexpected,Amber,Left,92.42,90.88,-1.3986,0.8679,66.0111,16.35
,Night,0,Practice,Unexpected,Amber,Left,92.52,90.98,-1.1874,0.8675,65.1639,16.26
,Night,0,Practice,Unexpected,Amber,Left,92.63,91.09,-1.0164,0.8630,64.4591,16.23
,Night,0,Practice,Unexpected,Amber,Left,92.73,91.19,-0.8607,0.8637,63.7531,16.15
,Night,0,Practice,Unexpected,Amber,Left,92.83,91.29,-0.7180,0.8668,63.0473,16.04
,Night,0,Practice,Unexpected,Amber,Left,92.94,91.40,-0.6166,0.8689,62.3431,15.89
,Night,0,Practice,Unexpected,Amber,Left,93.04,91.50,-0.5497,0.8674,61.4981,15.76
,Night,0,Practice,Unexpected,Amber,Left,93.14,91.60,-0.5360,0.8683,60.7969,15.69
,Night,0,Practice,Unexpected,Amber,Left,93.25,91.71,-0.5542,0.8678,60.0980,15.63
,Night,0,Practice,Unexpected,Amber,Left,93.35,91.81,-0.6097,0.8671,59.4050,15.54
,Night,0,Practice,Unexpected,Amber,Left,93.45,91.91,-0.6994,0.8675,58.7170,15.51
,Night,0,Practice,Unexpected,Amber,Left,93.56,92.01,-0.8254,0.8679,58.0388,15.43
,Night,0,Practice,Unexpected,Amber,Left,93.66,92.12,-0.9686,0.8650,57.2253,15.38
,Night,0,Practice,Unexpected,Amber,Left,93.76,92.22,-1.0714,0.8668,56.5475,15.31
,Night,0,Practice,Unexpected,Amber,Left,93.87,92.32,-1.1562,0.8668,55.8730,15.19
,Night,0,Practice,Unexpected,Amber,Left,93.97,92.43,-1.2013,0.8663,55.1994,15.04
,Night,0,Practice,Unexpected,Amber,Left,94.07,92.53,-1.2050,0.8669,54.5304,14.95
,Night,0,Practice,Unexpected,Amber,Left,94.17,92.63,-1.1766,0.8663,53.8653,14.88
,Night,0,Practice,Unexpected,Amber,Left,94.28,92.74,-1.1131,0.8674,53.2049,14.83
,Night,0,Practice,Unexpected,Amber,Left,94.38,92.84,-0.9974,0.8680,52.4212,14.76
,Night,0,Practice,Unexpected,Amber,Left,94.48,92.94,-0.8682,0.8681,51.7753,14.73
,Night,0,Practice,Unexpected,Amber,Left,94.58,93.04,-0.7312,0.8651,51.1344,14.68
,Night,0,Practice,Unexpected,Amber,Left,94.69,93.15,-0.6164,0.8644,50.4915,14.61
,Night,0,Practice,Unexpected,Amber,Left,94.79,93.25,-0.5157,0.8693,49.8485,14.49
,Night,0,Practice,Unexpected,Amber,Left,94.90,93.36,-0.4496,0.8667,49.2086,14.35
,Night,0,Practice,Unexpected,Amber,Left,95.00,93.46,-0.4278,0.8686,48.4438,14.23
,Night,0,Practice,Unexpected,Amber,Left,95.11,93.57,-0.4438,0.8686,47.8105,14.17
,Night,0,Practice,Unexpected,Amber,Left,95.21,93.67,-0.4899,0.8679,47.1806,14.12
,Night,0,Practice,Unexpected,Amber,Left,95.31,93.77,-0.5678,0.8670,46.5561,14.07
,Night,0,Practice,Unexpected,Amber,Left,95.42,93.88,-0.6703,0.8670,45.9369,14.04
,Night,0,Practice,Unexpected,Amber,Left,95.52,93.98,-0.8322,0.8676,45.2039,13.99
,Night,0,Practice,Unexpected,Amber,Left,95.63,94.09,-0.9988,0.8674,44.6029,13.94
,Night,0,Practice,Unexpected,Amber,Left,95.73,94.19,-1.1741,0.8671,44.0067,13.90
,Night,0,Practice,Unexpected,Amber,Left,95.84,94.30,-1.3287,0.8674,43.4071,13.84
,Night,0,Practice,Unexpected,Amber,Left,95.94,94.40,-1.4714,0.8675,42.8071,13.75
,Night,0,Practice,Unexpected,Amber,Left,96.04,94.50,-1.5960,0.8682,42.0864,13.57
,Night,0,Practice,Unexpected,Amber,Left,96.14,94.60,-1.6564,0.8679,41.4857,13.48
,Night,0,Practice,Unexpected,Amber,Left,96.25,94.71,-1.6834,0.8681,40.8859,13.43
,Night,0,Practice,Unexpected,Amber,Left,96.35,94.81,-1.6858,0.8673,40.2872,13.40
,Night,0,Practice,Unexpected,Amber,Left,96.45,94.91,-1.6604,0.8674,39.6905,13.36
,Night,0,Practice,Unexpected,Amber,Left,96.56,95.02,-1.6103,0.8698,39.0959,13.33
,Night,0,Practice,Unexpected,Amber,Left,96.66,95.12,-1.5338,0.8691,38.5077,13.30
,Night,0,Practice,Unexpected,Amber,Left,96.76,95.22,-1.4105,0.8684,37.8067,13.25
,Night,0,Practice,Unexpected,Amber,Left,96.86,95.32,-1.2818,0.8673,37.2305,13.22
,Night,0,Practice,Unexpected,Amber,Left,96.97,95.43,-1.1269,0.8674,36.6618,13.18
,Night,0,Practice,Unexpected,Amber,Left,97.07,95.53,-0.9490,0.8674,36.1012,13.15
,Night,0,Practice,Unexpected,Amber,Left,97.18,95.63,-0.7456,0.8674,35.5512,13.11
,Night,0,Practice,Unexpected,Amber,Left,97.28,95.74,-0.4737,0.8667,34.9046,13.08
,Night,0,Practice,Unexpected,Amber,Left,97.38,95.84,-0.2241,0.8681,34.3771,13.05
,Night,0,Practice,Unexpected,Amber,Left,97.49,95.95,0.0488,0.8687,33.8629,13.01
,Night,0,Practice,Unexpected,Amber,Left,97.59,96.05,0.3398,0.8661,33.3605,12.98
,Night,0,Practice,Unexpected,Amber,Left,97.70,96.16,0.6522,0.8664,32.8733,12.96
,Night,0,Practice,Unexpected,Amber,Left,97.80,96.26,1.0519,0.8671,32.3059,12.92
,Night,0,Practice,Unexpected,Amber,Left,97.90,96.36,1.4061,0.8681,31.8512,12.89
,Night,0,Practice,Unexpected,Amber,Left,98.01,96.47,1.7789,0.8670,31.4139,12.86
,Night,0,Practice,Unexpected,Amber,Left,98.11,96.57,2.1664,0.8661,30.9902,12.84
,Night,0,Practice,Unexpected,Amber,Left,98.21,96.67,2.5734,0.8686,30.5877,12.80
,Night,0,Practice,Unexpected,Amber,Left,98.32,96.78,2.9912,0.8668,30.1978,12.79
,Night,0,Practice,Unexpected,Amber,Left,98.42,96.88,3.4251,0.8666,29.8289,12.75
,Night,0,Practice,Unexpected,Amber,Left,98.52,96.98,3.8721,0.8681,29.4772,12.71
,Night,0,Practice,Unexpected,Amber,Left,98.62,97.08,4.4264,0.8677,29.0828,12.68
,Night,0,Practice,Unexpected,Amber,Left,98.73,97.19,4.9029,0.8686,28.7778,12.65
,Night,0,Practice,Unexpected,Amber,Left,98.83,97.29,5.3871,0.8668,28.4898,12.60
,Night,0,Practice,Unexpected,Amber,Left,98.93,97.39,5.8844,0.8667,28.2255,12.60
,Night,0,Practice,Unexpected,Amber,Left,99.03,97.49,6.3904,0.8705,27.9806,12.56
,Night,0,Practice,Unexpected,Amber,Left,99.14,97.60,6.9027,0.8654,27.7556,12.53
,Night,0,Practice,Unexpected,Amber,Left,99.24,97.70,7.5301,0.8679,27.5164,12.51
,Night,0,Practice,Unexpected,Amber,Left,99.34,97.80,8.0593,0.8679,27.3408,12.47
,Night,0,Practice,Unexpected,Amber,Left,99.45,97.91,8.5938,0.8676,27.1862,12.45
,Night,0,Practice,Unexpected,Amber,Left,99.55,98.01,9.1330,0.8669,27.0550,12.41
,Night,0,Practice,Unexpected,Amber,Left,99.65,98.11,9.6762,0.8667,26.9452,12.39
,Night,0,Practice,Unexpected,Amber,Left,99.76,98.21,10.2219,0.8680,26.8589,12.36
,Night,0,Practice,Unexpected,Amber,Left,99.86,98.32,10.7687,0.8672,26.7933,12.33
,Night,0,Practice,Unexpected,Amber,Left,99.96,98.42,11.3189,0.8665,26.7400,12.36
,Night,0,Practice,Unexpected,Amber,Left,100.06,98.52,11.9796,0.8674,26.6778,12.39
,Night,0,Practice,Unexpected,Amber,Left,100.16,98.62,12.5301,0.8681,26.6221,12.39
,Night,0,Practice,Unexpected,Amber,Left,100.27,98.73,13.0813,0.8684,26.5754,12.38
,Night,0,Practice,Unexpected,Amber,Left,100.37,98.83,13.6325,0.8683,26.5455,12.34
,Night,0,Practice,Unexpected,Amber,Left,100.47,98.93,14.1822,0.8679,26.5339,12.24
,Night,0,Practice,Unexpected,Amber,Left,100.58,99.04,14.7265,0.8694,26.5492,12.17
,Night,0,Practice,Unexpected,Amber,Left,100.68,99.14,15.3746,0.8668,26.6031,12.12
,Night,0,Practice,Unexpected,Amber,Left,100.78,99.24,15.9113,0.8670,26.6728,12.09
,Night,0,Practice,Unexpected,Amber,Left,100.88,99.34,16.4423,0.8666,26.7664,12.07
,Night,0,Practice,Unexpected,Amber,Left,100.99,99.45,16.9687,0.8669,26.8773,12.04
,Night,0,Practice,Unexpected,Amber,Left,101.09,99.55,17.4889,0.8684,27.0129,12.01
,Night,0,Practice,Unexpected,Amber,Left,101.20,99.66,18.0028,0.8673,27.1652,12.00
,Night,0,Practice,Unexpected,Amber,Left,101.30,99.76,18.5085,0.8660,27.3391,11.98
,Night,0,Practice,Unexpected,Amber,Left,101.40,99.86,19.1055,0.8667,27.5720,11.95
,Night,0,Practice,Unexpected,Amber,Left,101.51,99.97,19.5938,0.8668,27.7844,11.92
,Night,0,Practice,Unexpected,Amber,Left,101.61,100.07,20.0719,0.8677,28.0184,11.90
,Night,0,Practice,Unexpected,Amber,Left,101.71,100.17,20.5456,0.8665,28.2593,11.93
,Night,0,Practice,Unexpected,Amber,Left,101.82,100.27,21.0204,0.8664,28.5018,11.94
,Night,0,Practice,Unexpected,Amber,Left,101.92,100.38,21.4984,0.8672,28.7397,11.94
,Night,0,Practice,Unexpected,Amber,Left,102.02,100.48,21.9778,0.8680,28.9740,11.93
,Night,0,Practice,Unexpected,Amber,Left,102.12,100.58,22.5543,0.8683,29.2521,11.93
,Night,0,Practice,Unexpected,Amber,Left,102.23,100.69,23.0359,0.8683,29.4808,11.92
,Night,0,Practice,Unexpected,Amber,Left,102.33,100.79,23.5186,0.8682,29.7070,11.92
,Night,0,Practice,Unexpected,Amber,Left,102.43,100.89,24.0019,0.8681,29.9313,11.92
,Night,0,Practice,Unexpected,Amber,Left,102.54,101.00,24.4857,0.8681,30.1543,11.92
,Night,0,Practice,Unexpected,Amber,Left,102.64,101.10,24.9697,0.8681,30.3767,11.91
,Night,0,Practice,Unexpected,Amber,Left,102.74,101.20,25.5504,0.8681,30.6434,11.91
,Night,0,Practice,Unexpected,Amber,Left,102.84,101.30,26.0341,0.8681,30.8659,11.91
,Night,0,Practice,Unexpected,Amber,Left,102.95,101.41,26.5172,0.8681,31.0893,11.91
,Night,0,Practice,Unexpected,Amber,Left,103.05,101.51,26.9953,0.8681,31.3221,11.89
,Night,0,Practice,Unexpected,Amber,Left,103.15,101.61,27.4635,0.8680,31.5701,11.84
,Night,0,Practice,Unexpected,Amber,Left,103.25,101.71,27.9206,0.8674,31.8317,11.73
,Night,0,Practice,Unexpected,Amber,Left,103.36,101.82,28.3552,0.8672,32.1208,11.65
,Night,0,Practice,Unexpected,Amber,Left,103.46,101.92,28.8549,0.8673,32.4934,11.61
,Night,0,Practice,Unexpected,Amber,Left,103.57,102.03,29.2568,0.8671,32.8210,11.59
,Night,0,Practice,Unexpected,Amber,Left,103.67,102.13,29.6442,0.8667,33.1637,11.57
,Night,0,Practice,Unexpected,Amber,Left,103.77,102.23,30.0166,0.8664,33.5209,11.56
,Night,0,Practice,Unexpected,Amber,Left,103.87,102.33,30.3769,0.8674,33.8894,11.53
,Night,0,Practice,Unexpected,Amber,Left,103.98,102.44,30.7204,0.8685,34.2727,11.51
,Night,0,Practice,Unexpected,Amber,Left,104.08,102.54,31.1139,0.8684,34.7466,11.48
,Night,0,Practice,Unexpected,Amber,Left,104.18,102.64,31.4253,0.8678,35.1535,11.47
,Night,0,Practice,Unexpected,Amber,Left,104.28,102.74,31.7202,0.8670,35.5714,11.44
,Night,0,Practice,Unexpected,Amber,Left,104.39,102.85,31.9997,0.8667,35.9989,11.42
,Night,0,Practice,Unexpected,Amber,Left,104.49,102.95,32.2610,0.8663,36.4362,11.41
,Night,0,Practice,Unexpected,Amber,Left,104.60,103.06,32.5080,0.8671,36.8811,11.38
,Night,0,Practice,Unexpected,Amber,Left,104.70,103.16,32.7358,0.8680,37.3355,11.36
,Night,0,Practice,Unexpected,Amber,Left,104.80,103.26,32.9883,0.8679,37.8888,11.34
,Night,0,Practice,Unexpected,Amber,Left,104.91,103.37,33.1792,0.8672,38.3572,11.32
,Night,0,Practice,Unexpected,Amber,Left,105.01,103.47,33.3529,0.8668,38.8316,11.30
,Night,0,Practice,Unexpected,Amber,Left,105.11,103.57,33.5069,0.8662,39.3114,11.29
,Night,0,Practice,Unexpected,Amber,Left,105.21,103.67,33.6442,0.8683,39.7959,11.26
,Night,0,Practice,Unexpected,Amber,Left,105.32,103.78,33.7656,0.8668,40.2836,11.24
,Night,0,Practice,Unexpected,Amber,Left,105.42,103.88,33.8876,0.8670,40.8729,11.22
,Night,0,Practice,Unexpected,Amber,Left,105.52,103.98,33.9699,0.8669,41.3664,11.20
,Night,0,Practice,Unexpected,Amber,Left,105.62,104.08,34.0349,0.8670,41.8617,11.17
,Night,0,Practice,Unexpected,Amber,Left,105.73,104.19,34.0814,0.8669,42.3580,11.15
,Night,0,Practice,Unexpected,Amber,Left,105.83,104.29,34.1108,0.8669,42.8547,11.13
,Night,0,Practice,Unexpected,Amber,Left,105.93,104.39,34.1215,0.8669,43.3510,11.11
,Night,0,Practice,Unexpected,Amber,Left,106.04,104.50,34.1152,0.8669,43.8466,11.09
,Night,0,Practice,Unexpected,Amber,Left,106.14,104.60,34.0833,0.8670,44.4390,11.06
,Night,0,Practice,Unexpected,Amber,Left,106.24,104.70,34.0380,0.8671,44.9304,11.04
,Night,0,Practice,Unexpected,Amber,Left,106.35,104.81,33.9745,0.8667,45.4187,11.02
,Night,0,Practice,Unexpected,Amber,Left,106.45,104.91,33.8945,0.8669,45.9037,11.00
,Night,0,Practice,Unexpected,Amber,Left,106.56,105.02,33.7966,0.8668,46.3844,10.97
,Night,0,Practice,Unexpected,Amber,Left,106.66,105.12,33.6844,0.8671,46.8614,10.97
,Night,0,Practice,Unexpected,Amber,Left,106.76,105.22,33.5441,0.8675,47.4335,11.00
,Night,0,Practice,Unexpected,Amber,Left,106.86,105.32,33.4302,0.8676,47.9116,11.01
,Night,0,Practice,Unexpected,Amber,Left,106.97,105.43,33.3225,0.8676,48.3911,11.00
,Night,0,Practice,Unexpected,Amber,Left,107.07,105.53,33.2170,0.8676,48.8709,10.99
,Night,0,Practice,Unexpected,Amber,Left,107.17,105.63,33.1142,0.8674,49.3512,10.99
,Night,0,Practice,Unexpected,Amber,Left,107.28,105.74,33.0142,0.8673,49.8320,10.98
,Night,0,Practice,Unexpected,Amber,Left,107.38,105.84,32.9166,0.8673,50.3132,10.98
,Night,0,Practice,Unexpected,Amber,Left,107.48,105.94,32.8019,0.8673,50.8910,10.98
,Night,0,Practice,Unexpected,Amber,Left,107.58,106.04,32.7074,0.8674,51.3725,10.98
,Night,0,Practice,Unexpected,Amber,Left,107.68,106.14,32.6135,0.8674,51.8541,10.97
,Night,0,Practice,Unexpected,Amber,Left,107.78,106.24,32.5196,0.8674,52.3355,10.97
,Night,0,Practice,Unexpected,Amber,Left,107.89,106.35,32.4255,0.8674,52.8168,10.97
,Night,0,Practice,Unexpected,Amber,Left,107.99,106.45,32.3309,0.8674,53.2979,10.97
,Night,0,Practice,Unexpected,Amber,Left,108.09,106.55,32.2360,0.8674,53.7788,10.96
,Night,0,Practice,Unexpected,Amber,Left,108.20,106.66,32.1407,0.8674,54.2595,10.96
,Night,0,Practice,Unexpected,Amber,Left,108.30,106.76,32.0451,0.8674,54.7400,10.96
,Night,0,Practice,Unexpected,Amber,Left,108.40,106.86,31.9301,0.8674,55.3165,10.96
,Night,0,Practice,Unexpected,Amber,Left,108.50,106.96,31.8342,0.8674,55.7967,10.95
,Night,0,Practice,Unexpected,Amber,Left,108.60,107.06,31.7383,0.8674,56.2768,10.95
,Night,0,Practice,Unexpected,Amber,Left,108.71,107.17,31.6424,0.8674,56.7568,10.95
,Night,0,Practice,Unexpected,Amber,Left,108.81,107.27,31.5465,0.8674,57.2367,10.95
,Night,0,Practice,Unexpected,Amber,Left,108.91,107.37,31.4508,0.8674,57.7166,10.94
,Night,0,Practice,Unexpected,Amber,Left,109.02,107.48,31.3551,0.8674,58.1963,10.94
,Night,0,Practice,Unexpected,Amber,Left,109.12,107.58,31.2404,0.8674,58.7718,10.94
,Night,0,Practice,Unexpected,Amber,Left,109.22,107.68,31.1449,0.8674,59.2513,10.94
,Night,0,Practice,Unexpected,Amber,Left,109.33,107.79,31.0444,0.8674,59.7296,10.93
,Night,0,Practice,Unexpected,Amber,Left,109.43,107.89,30.9305,0.8673,60.2035,10.89
,Night,0,Practice,Unexpected,Amber,Left,109.53,107.99,30.8005,0.8674,60.6715,10.82
,Night,0,Practice,Unexpected,Amber,Left,109.63,108.09,30.6521,0.8670,61.1284,10.73
,Night,0,Practice,Unexpected,Amber,Left,109.73,108.19,30.4804,0.8670,61.5747,10.69
,Night,0,Practice,Unexpected,Amber,Left,109.84,108.30,30.2898,0.8667,62.0111,10.66
,Night,0,Practice,Unexpected,Amber,Left,109.94,108.40,30.0396,0.8670,62.5237,10.63
,Night,0,Practice,Unexpected,Amber,Left,110.05,108.50,29.8139,0.8669,62.9435,10.72
,Night,0,Practice,Unexpected,Amber,Left,110.15,108.61,29.5711,0.8670,63.3656,11.04
,Night,0,Practice,Unexpected,Amber,Left,110.25,108.71,29.3144,0.8693,63.8057,11.55
,Night,0,Practice,Unexpected,Amber,Left,110.35,108.81,29.0591,0.8723,64.2805,12.18
,Night,0,Practice,Unexpected,Amber,Left,110.46,108.92,28.8036,0.8704,64.7714,12.66
,Night,0,Practice,Unexpected,Amber,Left,110.56,109.02,28.5282,0.8711,65.4146,13.44
,Night,0,Practice,Unexpected,Amber,Left,110.66,109.12,28.3150,0.8681,65.9868,14.02
,Night,0,Practice,Unexpected,Amber,Left,110.77,109.23,28.1279,0.8681,66.5987,14.58
,Night,0,Practice,Unexpected,Amber,Left,110.87,109.33,27.9251,0.8642,67.2413,15.24
,Night,0,Practice,Unexpected,Amber,Left,110.97,109.43,27.7017,0.8743,67.9029,15.82
,Night,0,Practice,Unexpected,Amber,Left,111.07,109.53,27.4486,0.8713,68.5717,16.25
,Night,0,Practice,Unexpected,Amber,Left,111.17,109.63,27.1568,0.8667,69.2445,16.60
,Night,0,Practice,Unexpected,Amber,Left,111.28,109.74,26.8129,0.8680,69.9207,17.24
,Night,0,Practice,Unexpected,Amber,Left,111.38,109.84,26.4310,0.8689,70.6086,17.90
,Night,0,Practice,Unexpected,Amber,Left,111.48,109.94,25.9597,0.8738,71.4873,18.75
,Night,0,Practice,Unexpected,Amber,Left,111.58,110.04,25.5804,0.8690,72.2450,19.28
,Night,0,Practice,Unexpected,Amber,Left,111.69,110.15,25.2250,0.8683,73.0364,19.65
,Night,0,Practice,Unexpected,Amber,Left,111.79,110.25,24.8934,0.8685,73.8628,20.09
,Night,0,Practice,Unexpected,Amber,Left,111.89,110.35,24.5438,0.8683,74.7304,21.04
,Night,0,Practice,Unexpected,Amber,Left,111.99,110.45,24.1841,0.8727,75.6149,21.57
,Night,0,Practice,Unexpected,Amber,Left,112.10,110.56,23.7831,0.8702,76.5028,22.11
,Night,0,Practice,Unexpected,Amber,Left,112.20,110.66,23.2470,0.8691,77.5720,22.50
,Night,0,Practice,Unexpected,Amber,Left,112.30,110.76,22.7442,0.8728,78.4561,23.01
,Night,0,Practice,Unexpected,Amber,Left,112.41,110.87,22.1942,0.8701,79.3299,23.20
,Night,0,Practice,Unexpected,Amber,Left,112.51,110.97,21.5888,0.8672,80.1822,23.51
,Night,0,Practice,Unexpected,Amber,Left,112.61,111.07,20.9315,0.8672,81.0232,24.13
,Night,0,Practice,Unexpected,Amber,Left,112.72,111.17,20.2313,0.8724,81.8973,25.30
,Night,0,Practice,Unexpected,Amber,Left,112.82,111.28,19.5063,0.8715,82.7930,26.07
,Night,0,Practice,Unexpected,Amber,Left,112.92,111.38,18.6557,0.8680,83.9147,26.59
,Night,0,Practice,Unexpected,Amber,Left,113.02,111.48,17.9657,0.8667,84.8902,26.83
,Night,0,Practice,Unexpected,Amber,Left,113.13,111.59,17.3104,0.8666,85.9080,27.18
,Night,0,Practice,Unexpected,Amber,Left,113.23,111.69,16.6903,0.8678,86.9709,27.82
,Night,0,Practice,Unexpected,Amber,Left,113.34,111.80,16.0969,0.8686,88.0803,28.47
,Night,0,Practice,Unexpected,Amber,Left,113.44,111.90,15.5231,0.8680,89.2372,29.19
,Night,0,Practice,Unexpected,Amber,Left,113.54,112.00,14.8550,0.8688,90.6866,30.13
,Night,0,Practice,Unexpected,Amber,Left,113.64,112.10,14.3122,0.8671,91.9397,30.84
,Night,0,Practice,Unexpected,Amber,Left,113.75,112.21,13.7750,0.8719,93.2309,31.51
,Night,0,Practice,Unexpected,Amber,Left,113.85,112.31,13.2563,0.8684,94.5537,32.06
,Night,0,Practice,Unexpected,Amber,Left,113.95,112.41,12.7597,0.8666,95.9143,32.69
,Night,0,Practice,Unexpected,Amber,Left,114.06,112.52,12.2619,0.8686,97.3131,33.42
,Night,0,Practice,Unexpected,Amber,Left,114.16,112.62,11.6653,0.8697,99.0326,34.17
,Night,0,Practice,Unexpected,Amber,Left,114.26,112.72,11.1722,0.8710,100.5016,34.87
,Night,0,Practice,Unexpected,Amber,Left,114.37,112.83,10.6738,0.8706,101.9991,35.57
,Night,0,Practice,Unexpected,Amber,Left,114.47,112.93,10.1589,0.8715,103.5186,36.18
,Night,0,Practice,Unexpected,Amber,Left,114.57,113.03,9.6132,0.8688,105.0535,36.79
,Night,0,Practice,Unexpected,Amber,Left,114.68,113.13,9.0474,0.8698,106.6167,37.47
,Night,0,Practice,Unexpected,Amber,Left,114.78,113.24,8.4596,0.8699,108.2045,38.12
,Night,0,Practice,Unexpected,Amber,Left,114.88,113.34,7.7234,0.8713,110.1386,38.91
,Night,0,Practice,Unexpected,Amber,Left,114.99,113.45,7.0746,0.8710,111.7680,39.49
,Night,0,Practice,Unexpected,Amber,Left,115.09,113.55,6.3830,0.8677,113.4003,39.96
,Night,0,Practice,Unexpected,Amber,Left,115.19,113.65,5.6461,0.8688,115.0349,40.18
,Night,0,Practice,Unexpected,Amber,Left,115.30,113.75,4.8542,0.8692,116.6545,40.42
,Night,0,Practice,Unexpected,Amber,Left,115.40,113.86,4.0140,0.8706,118.2762,41.26
,Night,0,Practice,Unexpected,Amber,Left,115.50,113.96,2.9486,0.8682,120.2410,41.91
,Night,0,Practice,Unexpected,Amber,Left,115.60,114.06,2.0504,0.8633,121.9125,42.51
,Night,0,Practice,Unexpected,Amber,Left,115.71,114.17,1.1871,0.8739,123.5997,42.53
,Night,0,Practice,Unexpected,Amber,Left,115.81,114.27,0.3470,0.8750,125.2982,42.32
,Night,0,Practice,Unexpected,Amber,Left,115.92,114.38,-0.4413,0.8675,127.0071,41.94
,Night,0,Practice,Unexpected,Amber,Left,116.02,114.48,-1.1388,0.8855,128.7288,41.41
,Night,0,Practice,Unexpected,Amber,Left,116.12,114.58,-1.9001,0.8989,130.7869,40.65
,Night,0,Practice,Unexpected,Amber,Left,116.23,114.68,-2.4715,0.9046,132.4898,39.97
,Night,0,Practice,Unexpected,Amber,Left,116.33,114.79,-2.9880,0.9050,134.1791,39.28
,Night,0,Practice,Unexpected,Amber,Left,116.43,114.89,-3.4520,0.8993,135.8531,38.59
,Night,0,Practice,Unexpected,Amber,Left,116.53,114.99,-3.8669,0.8849,137.5102,37.93
,Night,0,Practice,Unexpected,Amber,Left,116.64,115.10,-4.2296,0.8657,139.1471,37.03
,Night,0,Practice,Unexpected,Amber,Left,116.74,115.20,-4.3970,1.0798,139.9359,10.39
,Night,0,Practice,Unexpected,Amber,Left,116.84,115.30,-4.4719,1.3658,140.1761,8.17
,Night,0,Practice,Unexpected,Amber,Left,116.95,115.41,-4.5445,1.4952,140.3763,7.11
,Night,0,Practice,Unexpected,Amber,Left,117.05,115.51,-4.6130,1.6028,140.5784,6.20
,Night,0,Practice,Unexpected,Amber,Left,117.16,115.62,-4.7236,1.7132,140.8927,6.53
,Night,0,Practice,Unexpected,Amber,Left,117.26,115.72,-4.8680,1.7137,141.1406,5.78
,Night,0,Practice,Unexpected,Amber,Left,117.36,115.82,-4.9661,1.6676,141.3415,4.82
,Night,0,Practice,Unexpected,Amber,Left,117.47,115.93,-5.0464,1.6901,141.5614,4.86
,Night,0,Practice,Unexpected,Amber,Left,117.57,116.03,-5.0471,1.7757,141.7653,3.43
,Night,0,Practice,Unexpected,Amber,Left,117.67,116.13,-5.0181,1.8772,141.8972,2.13
,Night,0,Practice,Unexpected,Amber,Left,117.77,116.23,-5.0171,1.9157,141.9683,1.41
,Night,0,Practice,Unexpected,Amber,Left,117.88,116.34,-5.0682,2.0178,141.9707,2.14
,Night,0,Practice,Unexpected,Amber,Left,117.98,116.44,-4.9149,1.9822,141.9991,2.11
,Night,0,Practice,Unexpected,Amber,Left,118.08,116.54,-4.7869,1.9742,141.9357,2.54
,Night,0,Practice,Unexpected,Amber,Left,118.18,116.64,-4.6537,1.9717,141.8529,2.93
,Night,0,Practice,Unexpected,Amber,Left,118.29,116.75,-4.5119,1.9685,141.7391,3.42
,Night,0,Practice,Unexpected,Amber,Left,118.39,116.85,-4.3622,1.9676,141.6081,3.67
,Night,0,Practice,Unexpected,Amber,Left,118.49,116.95,-4.2173,1.9532,141.4540,3.89
,Night,0,Practice,Unexpected,Amber,Left,118.59,117.05,-4.0784,1.9024,141.2617,4.29
,Night,0,Practice,Unexpected,Amber,Left,118.69,117.15,-3.9514,1.8156,141.0300,4.81
,Night,0,Practice,Unexpected,Amber,Left,118.80,117.25,-3.8408,1.6924,140.7781,5.37
,Night,0,Practice,Unexpected,Amber,Left,118.90,117.36,-3.7480,1.5287,140.5224,5.94
,Night,0,Practice,Unexpected,Amber,Left,119.00,117.46,-3.6597,1.2710,140.2201,6.68
,Night,0,Practice,Unexpected,Amber,Left,119.11,117.57,-3.6048,0.9990,139.9717,7.41
,Night,0,Practice,Unexpected,Amber,Left,119.21,117.67,-3.5600,0.8443,139.7835,3.20
,Night,0,Practice,Unexpected,Amber,Left,119.31,117.77,-3.5626,0.8673,139.6514,3.10
,Night,0,Practice,Unexpected,Amber,Left,119.41,117.87,-3.5930,0.8740,139.5172,3.05
,Night,0,Practice,Unexpected,Amber,Left,119.52,117.98,-3.6431,0.8620,139.3924,3.02
,Night,0,Practice,Unexpected,Amber,Left,119.62,118.08,-3.7035,0.8594,139.2722,3.01
,Night,0,Practice,Unexpected,Amber,Left,119.72,118.18,-3.7644,0.8616,139.1523,3.01
,Night,0,Practice,Unexpected,Amber,Left,119.82,118.28,-3.8366,0.8655,139.0083,3.01
,Night,0,Practice,Unexpected,Amber,Left,119.92,118.38,-3.8956,0.8675,138.8878,3.00
,Night,0,Practice,Unexpected,Amber,Left,120.03,118.49,-3.9534,0.8683,138.7668,3.00
,Night,0,Practice,Unexpected,Amber,Left,120.13,118.59,-4.0100,0.8683,138.6452,3.00
,Night,0,Practice,Unexpected,Amber,Left,120.23,118.69,-4.0657,0.8679,138.5232,3.00
,Night,0,Practice,Unexpected,Amber,Left,120.33,118.79,-4.1208,0.8676,138.4009,3.00
,Night,0,Practice,Unexpected,Amber,Left,120.43,118.89,-4.1757,0.8674,138.2785,3.00
,Night,0,Practice,Unexpected,Amber,Left,120.54,119.00,-4.2305,0.8673,138.1562,3.00
,Night,0,Practice,Unexpected,Amber,Left,120.64,119.10,-4.2854,0.8673,138.0340,3.00
,Night,0,Practice,Unexpected,Amber,Left,120.74,119.20,-4.3516,0.8674,137.8875,3.00
,Night,0,Practice,Unexpected,Amber,Left,120.84,119.30,-4.4071,0.8674,137.7655,3.00
,Night,0,Practice,Unexpected,Amber,Left,120.94,119.40,-4.4627,0.8674,137.6438,3.00
,Night,0,Practice,Unexpected,Amber,Left,121.04,119.50,-4.5185,0.8674,137.5221,2.99
,Night,0,Practice,Unexpected,Amber,Left,121.15,119.60,-4.5744,0.8674,137.4005,2.99
,Night,0,Practice,Unexpected,Amber,Left,121.25,119.71,-4.6304,0.8674,137.2789,2.99
,Night,0,Practice,Unexpected,Amber,Left,121.35,119.81,-4.6863,0.8674,137.1574,2.99
,Night,0,Practice,Unexpected,Amber,Left,121.45,119.91,-4.7421,0.8674,137.0359,2.99
,Night,0,Practice,Unexpected,Amber,Left,121.56,120.01,-4.7979,0.8674,136.9144,2.99
,Night,0,Practice,Unexpected,Amber,Left,121.66,120.12,-4.8536,0.8674,136.7928,2.99
,Night,0,Practice,Unexpected,Amber,Left,121.76,120.22,-4.9093,0.8674,136.6713,2.99
,Night,0,Practice,Unexpected,Amber,Left,121.86,120.32,-4.9649,0.8674,136.5497,2.99
,Night,0,Practice,Unexpected,Amber,Left,121.96,120.42,-5.0316,0.8674,136.4039,2.99
,Night,0,Practice,Unexpected,Amber,Left,122.06,120.52,-5.0872,0.8674,136.2825,2.99
,Night,0,Practice,Unexpected,Amber,Left,122.17,120.63,-5.1427,0.8674,136.1611,2.99
,Night,0,Practice,Unexpected,Amber,Left,122.27,120.73,-5.1983,0.8674,136.0397,2.99
,Night,0,Practice,Unexpected,Amber,Left,122.37,120.83,-5.2538,0.8674,135.9183,2.99
,Night,0,Practice,Unexpected,Amber,Left,122.48,120.94,-5.3094,0.8674,135.7970,2.98
,Night,0,Practice,Unexpected,Amber,Left,122.58,121.04,-5.3761,0.8674,135.6514,2.98
,Night,0,Practice,Unexpected,Amber,Left,122.68,121.14,-5.4316,0.8674,135.5302,2.98
,Night,0,Practice,Unexpected,Amber,Left,122.79,121.24,-5.4871,0.8674,135.4089,2.98
,Night,0,Practice,Unexpected,Amber,Left,122.89,121.35,-5.5426,0.8674,135.2877,2.98
,Night,0,Practice,Unexpected,Amber,Left,122.99,121.45,-5.5981,0.8674,135.1665,2.98
,Night,0,Practice,Unexpected,Amber,Left,123.09,121.55,-5.6536,0.8674,135.0454,2.98
,Night,0,Practice,Unexpected,Amber,Left,123.19,121.65,-5.7091,0.8674,134.9242,2.98
,Night,0,Practice,Unexpected,Amber,Left,123.30,121.76,-5.7646,0.8674,134.8031,2.98
,Night,0,Practice,Unexpected,Amber,Left,123.40,121.86,-5.8311,0.8674,134.6578,2.98
,Night,0,Practice,Unexpected,Amber,Left,123.50,121.96,-5.8865,0.8674,134.5368,2.98
,Night,0,Practice,Unexpected,Amber,Left,123.61,122.07,-5.9419,0.8674,134.4158,2.98
,Night,0,Practice,Unexpected,Amber,Left,123.71,122.17,-5.9973,0.8674,134.2948,2.98
,Night,0,Practice,Unexpected,Amber,Left,123.82,122.28,-6.0527,0.8674,134.1738,2.98
,Night,0,Practice,Unexpected,Amber,Left,123.92,122.38,-6.1192,0.8674,134.0287,2.98
,Night,0,Practice,Unexpected,Amber,Left,124.02,122.48,-6.1746,0.8674,133.9078,2.97
,Night,0,Practice,Unexpected,Amber,Left,124.13,122.59,-6.2299,0.8674,133.7869,2.97
,Night,0,Practice,Unexpected,Amber,Left,124.23,122.69,-6.2852,0.8674,133.6661,2.97
,Night,0,Practice,Unexpected,Amber,Left,124.34,122.80,-6.3406,0.8674,133.5452,2.97
,Night,0,Practice,Unexpected,Amber,Left,124.44,122.90,-6.3959,0.8674,133.4245,2.97
,Night,0,Practice,Unexpected,Amber,Left,124.54,123.00,-6.4623,0.8674,133.2795,2.97
,Night,0,Practice,Unexpected,Amber,Left,124.65,123.11,-6.5175,0.8674,133.1588,2.97
,Night,0,Practice,Unexpected,Amber,Left,124.75,123.21,-6.5728,0.8674,133.0381,2.97
,Night,0,Practice,Unexpected,Amber,Left,124.85,123.31,-6.6281,0.8674,132.9174,2.97
,Night,0,Practice,Unexpected,Amber,Left,124.96,123.42,-6.6833,0.8674,132.7968,2.97
,Night,0,Practice,Unexpected,Amber,Left,125.06,123.52,-6.7496,0.8674,132.6520,2.97
,Night,0,Practice,Unexpected,Amber,Left,125.17,123.63,-6.8048,0.8674,132.5314,2.97
,Night,0,Practice,Unexpected,Amber,Left,125.27,123.73,-6.8600,0.8674,132.4108,2.97
,Night,0,Practice,Unexpected,Amber,Left,125.37,123.83,-6.9152,0.8674,132.2903,2.97
,Night,0,Practice,Unexpected,Amber,Left,125.48,123.94,-6.9704,0.8674,132.1698,2.96
,Night,0,Practice,Unexpected,Amber,Left,125.58,124.04,-7.0366,0.8674,132.0252,2.96
,Night,0,Practice,Unexpected,Amber,Left,125.69,124.15,-7.0918,0.8674,131.9047,2.96
,Night,0,Practice,Unexpected,Amber,Left,125.79,124.25,-7.1469,0.8674,131.7843,2.96
,Night,0,Practice,Unexpected,Amber,Left,125.89,124.35,-7.2021,0.8674,131.6639,2.96
,Night,0,Practice,Unexpected,Amber,Left,125.99,124.45,-7.2572,0.8674,131.5435,2.96
,Night,0,Practice,Unexpected,Amber,Left,126.10,124.56,-7.3123,0.8674,131.4232,2.96
,Night,0,Practice,Unexpected,Amber,Left,126.20,124.66,-7.3784,0.8674,131.2788,2.96
,Night,0,Practice,Unexpected,Amber,Left,126.31,124.76,-7.4335,0.8674,131.1585,2.96
,Night,0,Practice,Unexpected,Amber,Left,126.41,124.87,-7.4886,0.8674,131.0383,2.96
,Night,0,Practice,Unexpected,Amber,Left,126.52,124.98,-7.5436,0.8674,130.9180,2.96
,Night,0,Practice,Unexpected,Amber,Left,126.62,125.08,-7.5987,0.8674,130.7978,2.96
,Night,0,Practice,Unexpected,Amber,Left,126.72,125.18,-7.6537,0.8674,130.6777,2.96
,Night,0,Practice,Unexpected,Amber,Left,126.82,125.28,-7.7197,0.8674,130.5335,2.96
,Night,0,Practice,Unexpected,Amber,Left,126.93,125.39,-7.7747,0.8674,130.4134,2.95
,Night,0,Practice,Unexpected,Amber,Left,127.03,125.49,-7.8297,0.8674,130.2933,2.95
,Night,0,Practice,Unexpected,Amber,Left,127.14,125.60,-7.8847,0.8674,130.1732,2.95
,Night,0,Practice,Unexpected,Amber,Left,127.24,125.70,-7.9507,0.8674,130.0292,2.95
,Night,0,Practice,Unexpected,Amber,Left,127.34,125.80,-8.0056,0.8674,129.9092,2.95
,Night,0,Practice,Unexpected,Amber,Left,127.45,125.91,-8.0606,0.8674,129.7892,2.95
,Night,0,Practice,Unexpected,Amber,Left,127.55,126.01,-8.1155,0.8674,129.6693,2.95
,Night,0,Practice,Unexpected,Amber,Left,127.66,126.12,-8.1704,0.8674,129.5493,2.95
,Night,0,Practice,Unexpected,Amber,Left,127.76,126.22,-8.2363,0.8674,129.4055,2.95
,Night,0,Practice,Unexpected,Amber,Left,127.86,126.32,-8.2912,0.8674,129.2856,2.95
,Night,0,Practice,Unexpected,Amber,Left,127.97,126.43,-8.3468,0.8689,129.1654,2.94
,Night,0,Practice,Unexpected,Amber,Left,128.07,126.53,-8.4025,0.8699,129.0456,2.95
,Night,0,Practice,Unexpected,Amber,Left,128.18,126.64,-8.4581,0.8702,128.9261,2.95
,Night,0,Practice,Unexpected,Amber,Left,128.28,126.74,-8.5133,0.8696,128.8068,2.95
,Night,0,Practice,Unexpected,Amber,Left,128.38,126.84,-8.5784,0.8675,128.6637,2.95
,Night,0,Practice,Unexpected,Amber,Left,128.49,126.95,-8.6326,0.8669,128.5439,2.95
,Night,0,Practice,Unexpected,Amber,Left,128.59,127.05,-8.6868,0.8669,128.4240,2.94
,Night,0,Practice,Unexpected,Amber,Left,128.69,127.15,-8.7411,0.8671,128.3040,2.94
,Night,0,Practice,Unexpected,Amber,Left,128.80,127.26,-8.7954,0.8673,128.1841,2.94
,Night,0,Practice,Unexpected,Amber,Left,128.90,127.36,-8.8609,0.8675,128.0405,2.94
,Night,0,Practice,Unexpected,Amber,Left,129.01,127.47,-8.9155,0.8675,127.9209,2.94
,Night,0,Practice,Unexpected,Amber,Left,129.11,127.57,-8.9703,0.8675,127.8014,2.94
,Night,0,Practice,Unexpected,Amber,Left,129.22,127.67,-9.0251,0.8674,127.6819,2.94
,Night,0,Practice,Unexpected,Amber,Left,129.32,127.78,-9.0799,0.8674,127.5625,2.94
,Night,0,Practice,Unexpected,Amber,Left,129.42,127.88,-9.1457,0.8674,127.4192,2.94
,Night,0,Practice,Unexpected,Amber,Left,129.52,127.98,-9.2005,0.8674,127.2999,2.94
,Night,0,Practice,Unexpected,Amber,Left,129.63,128.09,-9.2552,0.8674,127.1805,2.94
,Night,0,Practice,Unexpected,Amber,Left,129.73,128.19,-9.3099,0.8674,127.0612,2.94
,Night,0,Practice,Unexpected,Amber,Left,129.84,128.30,-9.3646,0.8674,126.9419,2.94
,Night,0,Practice,Unexpected,Amber,Left,129.94,128.40,-9.4301,0.8674,126.7987,2.93
,Night,0,Practice,Unexpected,Amber,Left,130.04,128.50,-9.4847,0.8674,126.6794,2.93
,Night,0,Practice,Unexpected,Amber,Left,130.15,128.61,-9.5393,0.8674,126.5601,2.93
,Night,0,Practice,Unexpected,Amber,Left,130.25,128.71,-9.5939,0.8674,126.4409,2.93
,Night,0,Practice,Unexpected,Amber,Left,130.36,128.82,-9.6484,0.8674,126.3217,2.93
,Night,0,Practice,Unexpected,Amber,Left,130.46,128.92,-9.7139,0.8674,126.1787,2.93
,Night,0,Practice,Unexpected,Amber,Left,130.56,129.02,-9.7685,0.8674,126.0596,2.93
,Night,0,Practice,Unexpected,Amber,Left,130.66,129.12,-9.8230,0.8683,125.9408,2.93
,Night,0,Practice,Unexpected,Amber,Left,130.77,129.23,-9.8781,0.8701,125.8225,2.93
,Night,0,Practice,Unexpected,Amber,Left,130.88,129.34,-9.9332,0.8709,125.7040,2.93
,Night,0,Practice,Unexpected,Amber,Left,130.98,129.44,-9.9884,0.8710,125.5853,2.93
,Night,0,Practice,Unexpected,Amber,Left,131.08,129.54,-10.0541,0.8686,125.4418,2.92
,Night,0,Practice,Unexpected,Amber,Left,131.18,129.64,-10.1082,0.8671,125.3222,2.93
,Night,0,Practice,Unexpected,Amber,Left,131.29,129.75,-10.1621,0.8666,125.2029,2.93
,Night,0,Practice,Unexpected,Amber,Left,131.39,129.85,-10.2160,0.8667,125.0837,2.93
,Night,0,Practice,Unexpected,Amber,Left,131.50,129.95,-10.2699,0.8670,124.9647,2.93
,Night,0,Practice,Unexpected,Amber,Left,131.60,130.06,-10.3348,0.8674,124.8220,2.92
,Night,0,Practice,Unexpected,Amber,Left,131.71,130.16,-10.3891,0.8675,124.7031,2.92
,Night,0,Practice,Unexpected,Amber,Left,131.81,130.27,-10.4435,0.8675,124.5843,2.92
,Night,0,Practice,Unexpected,Amber,Left,131.91,130.37,-10.4979,0.8675,124.4656,2.92
,Night,0,Practice,Unexpected,Amber,Left,132.02,130.47,-10.5524,0.8674,124.3469,2.92
,Night,0,Practice,Unexpected,Amber,Left,132.12,130.57,-10.6069,0.8674,124.2282,2.92
,Night,0,Practice,Unexpected,Amber,Left,132.22,130.68,-10.6723,0.8674,124.0858,2.92
,Night,0,Practice,Unexpected,Amber,Left,132.32,130.78,-10.7267,0.8674,123.9672,2.92
,Night,0,Practice,Unexpected,Amber,Left,132.43,130.89,-10.7811,0.8674,123.8486,2.92
,Night,0,Practice,Unexpected,Amber,Left,132.53,130.99,-10.8354,0.8674,123.7300,2.92
,Night,0,Practice,Unexpected,Amber,Left,132.64,131.10,-10.8897,0.8674,123.6114,2.92
,Night,0,Practice,Unexpected,Amber,Left,132.74,131.20,-10.9440,0.8674,123.4928,2.92
,Night,0,Practice,Unexpected,Amber,Left,132.84,131.30,-11.0091,0.8674,123.3506,2.92
,Night,0,Practice,Unexpected,Amber,Left,132.95,131.41,-11.0633,0.8674,123.2321,2.92
,Night,0,Practice,Unexpected,Amber,Left,133.05,131.51,-11.1176,0.8674,123.1136,2.91
,Night,0,Practice,Unexpected,Amber,Left,133.15,131.61,-11.1718,0.8674,122.9951,2.91
,Night,0,Practice,Unexpected,Amber,Left,133.26,131.72,-11.2260,0.8674,122.8767,2.91
,Night,0,Practice,Unexpected,Amber,Left,133.36,131.82,-11.2911,0.8674,122.7347,2.91
,Night,0,Practice,Unexpected,Amber,Left,133.46,131.92,-11.3453,0.8674,122.6163,2.91
,Night,0,Practice,Unexpected,Amber,Left,133.57,132.03,-11.3995,0.8674,122.4980,2.91
,Night,0,Practice,Unexpected,Amber,Left,133.67,132.13,-11.4536,0.8674,122.3797,2.91
,Night,0,Practice,Unexpected,Amber,Left,133.78,132.23,-11.5078,0.8674,122.2614,2.91
,Night,0,Practice,Unexpected,Amber,Left,133.88,132.34,-11.5620,0.8674,122.1431,2.91
,Night,0,Practice,Unexpected,Amber,Left,133.98,132.44,-11.6269,0.8674,122.0013,2.91
,Night,0,Practice,Unexpected,Amber,Left,134.08,132.54,-11.6811,0.8674,121.8831,2.91
,Night,0,Practice,Unexpected,Amber,Left,134.18,132.64,-11.7352,0.8674,121.7649,2.91
,Night,0,Practice,Unexpected,Amber,Left,134.28,132.74,-11.7893,0.8674,121.6468,2.91
,Night,0,Practice,Unexpected,Amber,Left,134.39,132.84,-11.8434,0.8674,121.5286,2.91
,Night,0,Practice,Unexpected,Amber,Left,134.49,132.95,-11.8974,0.8674,121.4105,2.91
,Night,0,Practice,Unexpected,Amber,Left,134.59,133.05,-11.9515,0.8674,121.2925,2.90
,Night,0,Practice,Unexpected,Amber,Left,134.69,133.15,-12.0055,0.8674,121.1744,2.90
,Night,0,Practice,Unexpected,Amber,Left,134.80,133.26,-12.0596,0.8674,121.0564,2.90
,Night,0,Practice,Unexpected,Amber,Left,134.90,133.36,-12.1244,0.8674,120.9149,2.90
,Night,0,Practice,Unexpected,Amber,Left,135.00,133.46,-12.1784,0.8674,120.7969,2.90
,Night,0,Practice,Unexpected,Amber,Left,135.11,133.57,-12.2324,0.8674,120.6790,2.90
,Night,0,Practice,Unexpected,Amber,Left,135.21,133.67,-12.2864,0.8674,120.5611,2.90
,Night,0,Practice,Unexpected,Amber,Left,135.31,133.77,-12.3404,0.8674,120.4432,2.90
,Night,0,Practice,Unexpected,Amber,Left,135.41,133.87,-12.3944,0.8674,120.3254,2.90
,Night,0,Practice,Unexpected,Amber,Left,135.52,133.97,-12.4483,0.8674,120.2076,2.90
,Night,0,Practice,Unexpected,Amber,Left,135.62,134.07,-12.5022,0.8674,120.0898,2.90
,Night,0,Practice,Unexpected,Amber,Left,135.72,134.18,-12.5562,0.8674,119.9720,2.90
,Night,0,Practice,Unexpected,Amber,Left,135.82,134.28,-12.6209,0.8674,119.8307,2.90
,Night,0,Practice,Unexpected,Amber,Left,135.93,134.39,-12.6748,0.8674,119.7130,2.90
,Night,0,Practice,Unexpected,Amber,Left,136.03,134.49,-12.7287,0.8674,119.5953,2.90
,Night,0,Practice,Unexpected,Amber,Left,136.13,134.59,-12.7825,0.8674,119.4777,2.89
,Night,0,Practice,Unexpected,Amber,Left,136.23,134.69,-12.8364,0.8674,119.3601,2.89
,Night,0,Practice,Unexpected,Amber,Left,136.33,134.79,-12.8902,0.8674,119.2424,2.89
,Night,0,Practice,Unexpected,Amber,Left,136.44,134.89,-12.9441,0.8674,119.1249,2.89
,Night,0,Practice,Unexpected,Amber,Left,136.54,135.00,-12.9979,0.8674,119.0073,2.89
,Night,0,Practice,Unexpected,Amber,Left,136.64,135.10,-13.0625,0.8674,118.8663,2.89
,Night,0,Practice,Unexpected,Amber,Left,136.75,135.21,-13.1163,0.8674,118.7488,2.89
,Night,0,Practice,Unexpected,Amber,Left,136.85,135.31,-13.1701,0.8674,118.6314,2.89
,Night,0,Practice,Unexpected,Amber,Left,136.96,135.41,-13.2239,0.8674,118.5139,2.89
,Night,0,Practice,Unexpected,Amber,Left,137.06,135.52,-13.2884,0.8674,118.3730,2.89
,Night,0,Practice,Unexpected,Amber,Left,137.16,135.62,-13.3421,0.8674,118.2557,2.89
,Night,0,Practice,Unexpected,Amber,Left,137.26,135.72,-13.3959,0.8674,118.1383,2.89
,Night,0,Practice,Unexpected,Amber,Left,137.37,135.83,-13.4496,0.8674,118.0210,2.89
,Night,0,Practice,Unexpected,Amber,Left,137.47,135.93,-13.5033,0.8674,117.9037,2.89
,Night,0,Practice,Unexpected,Amber,Left,137.58,136.04,-13.5570,0.8674,117.7864,2.89
,Night,0,Practice,Unexpected,Amber,Left,137.68,136.14,-13.6107,0.8674,117.6692,2.88
,Night,0,Practice,Unexpected,Amber,Left,137.78,136.24,-13.6751,0.8674,117.5285,2.88
,Night,0,Practice,Unexpected,Amber,Left,137.89,136.35,-13.7288,0.8674,117.4113,2.88
,Night,0,Practice,Unexpected,Amber,Left,137.99,136.45,-13.7824,0.8674,117.2942,2.88
,Night,0,Practice,Unexpected,Amber,Left,138.09,136.55,-13.8361,0.8674,117.1770,2.88
,Night,0,Practice,Unexpected,Amber,Left,138.19,136.65,-13.8897,0.8674,117.0599,2.88
,Night,0,Practice,Unexpected,Amber,Left,138.29,136.75,-13.9433,0.8674,116.9428,2.88
,Night,0,Practice,Unexpected,Amber,Left,138.40,136.85,-13.9969,0.8674,116.8258,2.88
,Night,0,Practice,Unexpected,Amber,Left,138.50,136.96,-14.0612,0.8674,116.6853,2.88
